Time Stamp,ID,Extended,Dir,Bus,LEN,D1,D2,D3,D4,D5,D6,D7,D8
23338621,00000118,false,Rx,1,4,00,43,00,00,00,00,00,00,
23348372,00000118,false,Rx,1,4,00,44,00,00,00,00,00,00,
23358623,00000118,false,Rx,1,4,00,45,00,00,00,00,00,00,
23368370,00000118,false,Rx,1,4,00,46,00,00,00,00,00,00,
23378621,00000118,false,Rx,1,4,00,47,00,00,00,00,00,00,
23388378,00000118,false,Rx,1,4,00,48,00,00,00,00,00,00,
23398621,00000118,false,Rx,1,4,00,49,00,00,00,00,00,00,
23408375,00000118,false,Rx,1,4,00,4A,00,00,00,00,00,00,
23418697,00000118,false,Rx,1,4,00,4B,00,00,00,00,00,00,
23428117,00000118,false,Rx,1,4,00,4C,00,00,00,00,00,00,
23438630,00000118,false,Rx,1,4,00,4D,00,00,00,00,00,00,
23448122,00000118,false,Rx,1,4,00,4E,00,00,00,00,00,00,
109622,00000118,false,Rx,1,4,00,4F,00,00,00,00,00,00,
119110,00000118,false,Rx,1,4,00,40,00,00,00,00,00,00,
129623,00000118,false,Rx,1,4,00,41,00,00,00,00,00,00,
139079,00000118,false,Rx,1,4,00,42,00,00,00,00,00,00,
149627,00000118,false,Rx,1,4,00,43,00,00,00,00,00,00,
159060,00000118,false,Rx,1,4,00,44,00,00,00,00,00,00,
169622,00000118,false,Rx,1,4,00,45,00,00,00,00,00,00,
179045,00000118,false,Rx,1,4,00,46,00,00,00,00,00,00,
189622,00000118,false,Rx,1,4,00,47,00,00,00,00,00,00,
199050,00000118,false,Rx,1,4,00,48,00,00,00,00,00,00,
209374,00000118,false,Rx,1,4,00,49,00,00,00,00,00,00,
219042,00000118,false,Rx,1,4,00,4A,00,00,00,00,00,00,
229370,00000118,false,Rx,1,4,00,4B,00,00,00,00,00,00,
239007,00000118,false,Rx,1,4,00,4C,00,00,00,00,00,00,
249374,00000118,false,Rx,1,4,00,4D,00,00,00,00,00,00,
258991,00000118,false,Rx,1,4,00,4E,00,00,00,00,00,00,
269621,00000118,false,Rx,1,4,00,4F,00,00,00,00,00,00,
278980,00000118,false,Rx,1,4,00,40,00,00,00,00,00,00,
289371,00000118,false,Rx,1,4,00,41,00,00,00,00,00,00,
298983,00000118,false,Rx,1,4,00,42,00,00,00,00,00,00,
309369,00000118,false,Rx,1,4,00,43,00,00,00,00,00,00,
318976,00000118,false,Rx,1,4,00,44,00,00,00,00,00,00,
329463,00000118,false,Rx,1,4,00,45,00,00,00,00,00,00,
330015,17F0000F,true,Rx,1,8,00,0F,00,00,00,00,00,80,
342657,00000118,false,Rx,1,4,00,46,00,00,00,00,00,00,
350422,00000118,false,Rx,1,4,00,47,00,00,00,00,00,00,
358948,00000118,false,Rx,1,4,00,48,00,00,00,00,00,00,
369299,00000118,false,Rx,1,4,00,49,00,00,00,00,00,00,
378947,00000118,false,Rx,1,4,00,4A,00,00,00,00,00,00,
389251,00000118,false,Rx,1,4,00,4B,00,00,00,00,00,00,
398935,00000118,false,Rx,1,4,00,4C,00,00,00,00,00,00,
409234,00000118,false,Rx,1,4,00,4D,00,00,00,00,00,00,
418880,00000118,false,Rx,1,4,00,4E,00,00,00,00,00,00,
429239,00000118,false,Rx,1,4,00,4F,00,00,00,00,00,00,
438868,00000118,false,Rx,1,4,00,40,00,00,00,00,00,00,
449234,00000118,false,Rx,1,4,00,41,00,00,00,00,00,00,
458854,00000118,false,Rx,1,4,00,42,00,00,00,00,00,00,
469230,00000118,false,Rx,1,4,00,43,00,00,00,00,00,00,
479258,00000118,false,Rx,1,4,00,44,00,00,00,00,00,00,
489578,00000118,false,Rx,1,4,00,45,00,00,00,00,00,00,
499240,00000118,false,Rx,1,4,00,46,00,00,00,00,00,00,
509565,00000118,false,Rx,1,4,00,47,00,00,00,00,00,00,
519208,00000118,false,Rx,1,4,00,48,00,00,00,00,00,00,
529569,00000118,false,Rx,1,4,00,49,00,00,00,00,00,00,
539198,00000118,false,Rx,1,4,00,4A,00,00,00,00,00,00,
549558,00000118,false,Rx,1,4,00,4B,00,00,00,00,00,00,
559186,00000118,false,Rx,1,4,00,4C,00,00,00,00,00,00,
569559,00000118,false,Rx,1,4,00,4D,00,00,00,00,00,00,
579589,00000118,false,Rx,1,4,00,4E,00,00,00,00,00,00,
589910,00000118,false,Rx,1,4,00,4F,00,00,00,00,00,00,
599576,00000118,false,Rx,1,4,00,40,00,00,00,00,00,00,
609898,00000118,false,Rx,1,4,00,41,00,00,00,00,00,00,
619541,00000118,false,Rx,1,4,00,42,00,00,00,00,00,00,
629899,00000118,false,Rx,1,4,00,43,00,00,00,00,00,00,
639532,00000118,false,Rx,1,4,00,44,00,00,00,00,00,00,
649887,00000118,false,Rx,1,4,00,45,00,00,00,00,00,00,
659513,00000118,false,Rx,1,4,00,46,00,00,00,00,00,00,
669891,00000118,false,Rx,1,4,00,47,00,00,00,00,00,00,
679936,00000118,false,Rx,1,4,00,48,00,00,00,00,00,00,
690240,00000118,false,Rx,1,4,00,49,00,00,00,00,00,00,
699906,00000118,false,Rx,1,4,00,4A,00,00,00,00,00,00,
710228,00000118,false,Rx,1,4,00,4B,00,00,00,00,00,00,
719873,00000118,false,Rx,1,4,00,4C,00,00,00,00,00,00,
730231,00000118,false,Rx,1,4,00,4D,00,00,00,00,00,00,
739858,00000118,false,Rx,1,4,00,4E,00,00,00,00,00,00,
750216,00000118,false,Rx,1,4,00,4F,00,00,00,00,00,00,
759847,00000118,false,Rx,1,4,00,40,00,00,00,00,00,00,
770373,00000118,false,Rx,1,4,00,41,00,00,00,00,00,00,
779848,00000118,false,Rx,1,4,00,42,00,00,00,00,00,00,
790170,00000118,false,Rx,1,4,00,43,00,00,00,00,00,00,
799834,00000118,false,Rx,1,4,00,44,00,00,00,00,00,00,
810156,00000118,false,Rx,1,4,00,45,00,00,00,00,00,00,
820053,00000118,false,Rx,1,4,00,46,00,00,00,00,00,00,
830203,00000118,false,Rx,1,4,00,47,00,00,00,00,00,00,
830548,17F0000F,true,Rx,1,8,00,0F,00,00,00,00,00,80,
842663,00000118,false,Rx,1,4,00,48,00,00,00,00,00,00,
850597,00000118,false,Rx,1,4,00,49,00,00,00,00,00,00,
860383,00000118,false,Rx,1,4,00,4A,00,00,00,00,00,00,
870663,00000118,false,Rx,1,4,00,4B,00,00,00,00,00,00,
880162,00000118,false,Rx,1,4,00,4C,00,00,00,00,00,00,
890499,00000118,false,Rx,1,4,00,4D,00,00,00,00,00,00,
900166,00000118,false,Rx,1,4,00,4E,00,00,00,00,00,00,
910487,00000118,false,Rx,1,4,00,4F,00,00,00,00,00,00,
920134,00000118,false,Rx,1,4,00,40,00,00,00,00,00,00,
930493,00000118,false,Rx,1,4,00,41,00,00,00,00,00,00,
940118,00000118,false,Rx,1,4,00,42,00,00,00,00,00,00,
950478,00000118,false,Rx,1,4,00,43,00,00,00,00,00,00,
960119,00000118,false,Rx,1,4,00,44,00,00,00,00,00,00,
970480,00000118,false,Rx,1,4,00,45,00,00,00,00,00,00,
980108,00000118,false,Rx,1,4,00,46,00,00,00,00,00,00,
990432,00000118,false,Rx,1,4,00,47,00,00,00,00,00,00,
1000094,00000118,false,Rx,1,4,00,48,00,00,00,00,00,00,
1010417,00000118,false,Rx,1,4,00,49,00,00,00,00,00,00,
1020064,00000118,false,Rx,1,4,00,4A,00,00,00,00,00,00,
1030425,00000118,false,Rx,1,4,00,4B,00,00,00,00,00,00,
1040052,00000118,false,Rx,1,4,00,4C,00,00,00,00,00,00,
1050407,00000118,false,Rx,1,4,00,4D,00,00,00,00,00,00,
1060034,00000118,false,Rx,1,4,00,4E,00,00,00,00,00,00,
1070416,00000118,false,Rx,1,4,00,4F,00,00,00,00,00,00,
1080443,00000118,false,Rx,1,4,00,40,00,00,00,00,00,00,
1090762,00000118,false,Rx,1,4,00,41,00,00,00,00,00,00,
1100426,00000118,false,Rx,1,4,00,42,00,00,00,00,00,00,
1110748,00000118,false,Rx,1,4,00,43,00,00,00,00,00,00,
1120393,00000118,false,Rx,1,4,00,44,00,00,00,00,00,00,
1130752,00000118,false,Rx,1,4,00,45,00,00,00,00,00,00,
1140377,00000118,false,Rx,1,4,00,46,00,00,00,00,00,00,
1150739,00000118,false,Rx,1,4,00,47,00,00,00,00,00,00,
1160364,00000118,false,Rx,1,4,00,48,00,00,00,00,00,00,
1170763,00000118,false,Rx,1,4,00,49,00,00,00,00,00,00,
1180354,00000118,false,Rx,1,4,00,4A,00,00,00,00,00,00,
1190694,00000118,false,Rx,1,4,00,4B,00,00,00,00,00,00,
1200359,00000118,false,Rx,1,4,00,4C,00,00,00,00,00,00,
1210679,00000118,false,Rx,1,4,00,4D,00,00,00,00,00,00,
1220372,00000118,false,Rx,1,4,00,4E,00,00,00,00,00,00,
1230684,00000118,false,Rx,1,4,00,4F,00,00,00,00,00,00,
1240313,00000118,false,Rx,1,4,00,40,00,00,00,00,00,00,
1250672,00000118,false,Rx,1,4,00,41,00,00,00,00,00,00,
1260297,00000118,false,Rx,1,4,00,42,00,00,00,00,00,00,
1270692,00000118,false,Rx,1,4,00,43,00,00,00,00,00,00,
1280283,00000118,false,Rx,1,4,00,44,00,00,00,00,00,00,
1290622,00000118,false,Rx,1,4,00,45,00,00,00,00,00,00,
1300285,00000118,false,Rx,1,4,00,46,00,00,00,00,00,00,
1310609,00000118,false,Rx,1,4,00,47,00,00,00,00,00,00,
1320531,00000118,false,Rx,1,4,00,48,00,00,00,00,00,00,
1330570,00000118,false,Rx,1,4,00,49,00,00,00,00,00,00,
1330834,17F0000F,true,Rx,1,8,00,0F,00,00,00,00,00,80,
1340452,00000118,false,Rx,1,4,00,4A,00,00,00,00,00,00,
1350620,00000118,false,Rx,1,4,00,4B,00,00,00,00,00,00,
1360374,00000118,false,Rx,1,4,00,4C,00,00,00,00,00,00,
1370609,00000118,false,Rx,1,4,00,4D,00,00,00,00,00,00,
1380364,00000118,false,Rx,1,4,00,4E,00,00,00,00,00,00,
1390554,00000118,false,Rx,1,4,00,4F,00,00,00,00,00,00,
1400374,00000118,false,Rx,1,4,00,40,00,00,00,00,00,00,
1410541,00000118,false,Rx,1,4,00,41,00,00,00,00,00,00,
1420365,00000118,false,Rx,1,4,00,42,00,00,00,00,00,00,
1430545,00000118,false,Rx,1,4,00,43,00,00,00,00,00,00,
1440364,00000118,false,Rx,1,4,00,44,00,00,00,00,00,00,
1450530,00000118,false,Rx,1,4,00,45,00,00,00,00,00,00,
1460365,00000118,false,Rx,1,4,00,46,00,00,00,00,00,00,
1470534,00000118,false,Rx,1,4,00,47,00,00,00,00,00,00,
1480366,00000118,false,Rx,1,4,00,48,00,00,00,00,00,00,
1490483,00000118,false,Rx,1,4,00,49,00,00,00,00,00,00,
1500373,00000118,false,Rx,1,4,00,4A,00,00,00,00,00,00,
1510473,00000118,false,Rx,1,4,00,4B,00,00,00,00,00,00,
1520117,00000118,false,Rx,1,4,00,4C,00,00,00,00,00,00,
1530476,00000118,false,Rx,1,4,00,4D,00,00,00,00,00,00,
1540103,00000118,false,Rx,1,4,00,4E,00,00,00,00,00,00,
1550461,00000118,false,Rx,1,4,00,4F,00,00,00,00,00,00,
1560090,00000118,false,Rx,1,4,00,40,00,00,00,00,00,00,
1570466,00000118,false,Rx,1,4,00,41,00,00,00,00,00,00,
1580099,00000118,false,Rx,1,4,00,42,00,00,00,00,00,00,
1590414,00000118,false,Rx,1,4,00,43,00,00,00,00,00,00,
1600079,00000118,false,Rx,1,4,00,44,00,00,00,00,00,00,
1610401,00000118,false,Rx,1,4,00,45,00,00,00,00,00,00,
1620045,00000118,false,Rx,1,4,00,46,00,00,00,00,00,00,
1630407,00000118,false,Rx,1,4,00,47,00,00,00,00,00,00,
1640030,00000118,false,Rx,1,4,00,48,00,00,00,00,00,00,
1650392,00000118,false,Rx,1,4,00,49,00,00,00,00,00,00,
1660022,00000118,false,Rx,1,4,00,4A,00,00,00,00,00,00,
1670396,00000118,false,Rx,1,4,00,4B,00,00,00,00,00,00,
1680032,00000118,false,Rx,1,4,00,4C,00,00,00,00,00,00,
1690345,00000118,false,Rx,1,4,00,4D,00,00,00,00,00,00,
1700011,00000118,false,Rx,1,4,00,4E,00,00,00,00,00,00,
1710331,00000118,false,Rx,1,4,00,4F,00,00,00,00,00,00,
1719981,00000118,false,Rx,1,4,00,40,00,00,00,00,00,00,
1730338,00000118,false,Rx,1,4,00,41,00,00,00,00,00,00,
1739964,00000118,false,Rx,1,4,00,42,00,00,00,00,00,00,
1750322,00000118,false,Rx,1,4,00,43,00,00,00,00,00,00,
1759952,00000118,false,Rx,1,4,00,44,00,00,00,00,00,00,
1770369,00000118,false,Rx,1,4,00,45,00,00,00,00,00,00,
1780373,00000118,false,Rx,1,4,00,46,00,00,00,00,00,00,
1790674,00000118,false,Rx,1,4,00,47,00,00,00,00,00,00,
1800362,00000118,false,Rx,1,4,00,48,00,00,00,00,00,00,
1810662,00000118,false,Rx,1,4,00,49,00,00,00,00,00,00,
1820478,00000118,false,Rx,1,4,00,4A,00,00,00,00,00,00,
1830693,00000118,false,Rx,1,4,00,4B,00,00,00,00,00,00,
1830990,17F0000F,true,Rx,1,8,00,0F,00,00,00,00,00,80,
1840466,00000118,false,Rx,1,4,00,4C,00,00,00,00,00,00,
1850669,00000118,false,Rx,1,4,00,4D,00,00,00,00,00,00,
1860376,00000118,false,Rx,1,4,00,4E,00,00,00,00,00,00,
1870766,00000118,false,Rx,1,4,00,4F,00,00,00,00,00,00,
1880510,00000118,false,Rx,1,4,00,40,00,00,00,00,00,00,
1890612,00000118,false,Rx,1,4,00,41,00,00,00,00,00,00,
1900362,00000118,false,Rx,1,4,00,42,00,00,00,00,00,00,
1910593,00000118,false,Rx,1,4,00,43,00,00,00,00,00,00,
1920366,00000118,false,Rx,1,4,00,44,00,00,00,00,00,00,
1930597,00000118,false,Rx,1,4,00,45,00,00,00,00,00,00,
1940361,00000118,false,Rx,1,4,00,46,00,00,00,00,00,00,
1950583,00000118,false,Rx,1,4,00,47,00,00,00,00,00,00,
1960363,00000118,false,Rx,1,4,00,48,00,00,00,00,00,00,
1970606,00000118,false,Rx,1,4,00,49,00,00,00,00,00,00,
1980366,00000118,false,Rx,1,4,00,4A,00,00,00,00,00,00,
1990540,00000118,false,Rx,1,4,00,4B,00,00,00,00,00,00,
2000369,00000118,false,Rx,1,4,00,4C,00,00,00,00,00,00,
2010523,00000118,false,Rx,1,4,00,4D,00,00,00,00,00,00,
2020377,00000118,false,Rx,1,4,00,4E,00,00,00,00,00,00,
2030528,00000118,false,Rx,1,4,00,4F,00,00,00,00,00,00,
2040368,00000118,false,Rx,1,4,00,40,00,00,00,00,00,00,
2050516,00000118,false,Rx,1,4,00,41,00,00,00,00,00,00,
2060366,00000118,false,Rx,1,4,00,42,00,00,00,00,00,00,
2070519,00000118,false,Rx,1,4,00,43,00,00,00,00,00,00,
2080367,00000118,false,Rx,1,4,00,44,00,00,00,00,00,00,
2090471,00000118,false,Rx,1,4,00,45,00,00,00,00,00,00,
2100132,00000118,false,Rx,1,4,00,46,00,00,00,00,00,00,
2110453,00000118,false,Rx,1,4,00,47,00,00,00,00,00,00,
2120097,00000118,false,Rx,1,4,00,48,00,00,00,00,00,00,
2130459,00000118,false,Rx,1,4,00,49,00,00,00,00,00,00,
2140088,00000118,false,Rx,1,4,00,4A,00,00,00,00,00,00,
2150446,00000118,false,Rx,1,4,00,4B,00,00,00,00,00,00,
2160074,00000118,false,Rx,1,4,00,4C,00,00,00,00,00,00,
2170449,00000118,false,Rx,1,4,00,4D,00,00,00,00,00,00,
2180077,00000118,false,Rx,1,4,00,4E,00,00,00,00,00,00,
2190398,00000118,false,Rx,1,4,00,4F,00,00,00,00,00,00,
2200065,00000118,false,Rx,1,4,00,40,00,00,00,00,00,00,
2210389,00000118,false,Rx,1,4,00,41,00,00,00,00,00,00,
2220031,00000118,false,Rx,1,4,00,42,00,00,00,00,00,00,
2230390,00000118,false,Rx,1,4,00,43,00,00,00,00,00,00,
2240019,00000118,false,Rx,1,4,00,44,00,00,00,00,00,00,
2250376,00000118,false,Rx,1,4,00,45,00,00,00,00,00,00,
2260001,00000118,false,Rx,1,4,00,46,00,00,00,00,00,00,
2270379,00000118,false,Rx,1,4,00,47,00,00,00,00,00,00,
2280006,00000118,false,Rx,1,4,00,48,00,00,00,00,00,00,
2290328,00000118,false,Rx,1,4,00,49,00,00,00,00,00,00,
2299996,00000118,false,Rx,1,4,00,4A,00,00,00,00,00,00,
2310317,00000118,false,Rx,1,4,00,4B,00,00,00,00,00,00,
2319971,00000118,false,Rx,1,4,00,4C,00,00,00,00,00,00,
2330343,00000118,false,Rx,1,4,00,4D,00,00,00,00,00,00,
2330615,17F0000F,true,Rx,1,8,00,0F,00,00,00,00,00,80,
2339884,00000118,false,Rx,1,4,00,4E,00,00,00,00,00,00,
2350331,00000118,false,Rx,1,4,00,4F,00,00,00,00,00,00,
2359953,00000118,false,Rx,1,4,00,40,00,00,00,00,00,00,
2370311,00000118,false,Rx,1,4,00,41,00,00,00,00,00,00,
2380337,00000118,false,Rx,1,4,00,42,00,00,00,00,00,00,
2390659,00000118,false,Rx,1,4,00,43,00,00,00,00,00,00,
2400329,00000118,false,Rx,1,4,00,44,00,00,00,00,00,00,
2410649,00000118,false,Rx,1,4,00,45,00,00,00,00,00,00,
2420289,00000118,false,Rx,1,4,00,46,00,00,00,00,00,00,
2430650,00000118,false,Rx,1,4,00,47,00,00,00,00,00,00,
2440276,00000118,false,Rx,1,4,00,48,00,00,00,00,00,00,
2450636,00000118,false,Rx,1,4,00,49,00,00,00,00,00,00,
2460266,00000118,false,Rx,1,4,00,4A,00,00,00,00,00,00,
2470642,00000118,false,Rx,1,4,00,4B,00,00,00,00,00,00,
2480670,00000118,false,Rx,1,4,00,4C,00,00,00,00,00,00,
2490989,00000118,false,Rx,1,4,00,4D,00,00,00,00,00,00,
2500660,00000118,false,Rx,1,4,00,4E,00,00,00,00,00,00,
2510976,00000118,false,Rx,1,4,00,4F,00,00,00,00,00,00,
2520623,00000118,false,Rx,1,4,00,40,00,00,00,00,00,00,
2530983,00000118,false,Rx,1,4,00,41,00,00,00,00,00,00,
2540606,00000118,false,Rx,1,4,00,42,00,00,00,00,00,00,
2550966,00000118,false,Rx,1,4,00,43,00,00,00,00,00,00,
2560594,00000118,false,Rx,1,4,00,44,00,00,00,00,00,00,
2571029,00000118,false,Rx,1,4,00,45,00,00,00,00,00,00,
2580997,00000118,false,Rx,1,4,00,46,00,00,00,00,00,00,
2591370,00000118,false,Rx,1,4,00,47,00,00,00,00,00,00,
2600990,00000118,false,Rx,1,4,00,48,00,00,00,00,00,00,
2611370,00000118,false,Rx,1,4,00,49,00,00,00,00,00,00,
2620959,00000118,false,Rx,1,4,00,4A,00,00,00,00,00,00,
2631379,00000118,false,Rx,1,4,00,4B,00,00,00,00,00,00,
2640951,00000118,false,Rx,1,4,00,4C,00,00,00,00,00,00,
2651369,00000118,false,Rx,1,4,00,4D,00,00,00,00,00,00,
2660943,00000118,false,Rx,1,4,00,4E,00,00,00,00,00,00,
2671370,00000118,false,Rx,1,4,00,4F,00,00,00,00,00,00,
2680951,00000118,false,Rx,1,4,00,40,00,00,00,00,00,00,
2691373,00000118,false,Rx,1,4,00,41,00,00,00,00,00,00,
2700934,00000118,false,Rx,1,4,00,42,00,00,00,00,00,00,
2711374,00000118,false,Rx,1,4,00,43,00,00,00,00,00,00,
2720883,00000118,false,Rx,1,4,00,44,00,00,00,00,00,00,
2731370,00000118,false,Rx,1,4,00,45,00,00,00,00,00,00,
2740867,00000118,false,Rx,1,4,00,46,00,00,00,00,00,00,
2751370,00000118,false,Rx,1,4,00,47,00,00,00,00,00,00,
2760853,00000118,false,Rx,1,4,00,48,00,00,00,00,00,00,
2771369,00000118,false,Rx,1,4,00,49,00,00,00,00,00,00,
2780861,00000118,false,Rx,1,4,00,4A,00,00,00,00,00,00,
2791372,00000118,false,Rx,1,4,00,4B,00,00,00,00,00,00,
2800848,00000118,false,Rx,1,4,00,4C,00,00,00,00,00,00,
2811373,00000118,false,Rx,1,4,00,4D,00,00,00,00,00,00,
2820838,00000118,false,Rx,1,4,00,4E,00,00,00,00,00,00,
2831413,00000118,false,Rx,1,4,00,4F,00,00,00,00,00,00,
2832002,17F0000F,true,Rx,1,8,00,0F,00,00,00,00,00,80,
2841561,00000118,false,Rx,1,4,00,40,00,00,00,00,00,00,
2851643,00000118,false,Rx,1,4,00,41,00,00,00,00,00,00,
2861341,00000118,false,Rx,1,4,00,42,00,00,00,00,00,00,
2871662,00000118,false,Rx,1,4,00,43,00,00,00,00,00,00,
2881879,00000118,false,Rx,1,4,00,44,00,00,00,00,00,00,
2892368,00000118,false,Rx,1,4,00,45,00,00,00,00,00,00,
2902119,00000118,false,Rx,1,4,00,46,00,00,00,00,00,00,
2912431,00000118,false,Rx,1,4,00,47,00,00,00,00,00,00,
2922245,00000118,false,Rx,1,4,00,48,00,00,00,00,00,00,
2932385,00000118,false,Rx,1,4,00,49,00,00,00,00,00,00,
2942124,00000118,false,Rx,1,4,00,4A,00,00,00,00,00,00,
2952228,00000118,false,Rx,1,4,00,4B,00,00,00,00,00,00,
2962125,00000118,false,Rx,1,4,00,4C,00,00,00,00,00,00,
2972858,00000118,false,Rx,1,4,00,4D,00,00,00,00,00,00,
2982375,00000118,false,Rx,1,4,00,4E,00,00,00,00,00,00,
2992616,00000118,false,Rx,1,4,00,4F,00,00,00,00,00,00,
3002366,00000118,false,Rx,1,4,00,40,00,00,00,00,00,00,
3012617,00000118,false,Rx,1,4,00,41,00,00,00,00,00,00,
3022366,00000118,false,Rx,1,4,00,42,00,00,00,00,00,00,
3032613,00000118,false,Rx,1,4,00,43,00,00,00,00,00,00,
3042364,00000118,false,Rx,1,4,00,44,00,00,00,00,00,00,
3052609,00000118,false,Rx,1,4,00,45,00,00,00,00,00,00,
3062865,00000118,false,Rx,1,4,00,46,00,00,00,00,00,00,
3073363,00000118,false,Rx,1,4,00,47,00,00,00,00,00,00,
3083123,00000118,false,Rx,1,4,00,48,00,00,00,00,00,00,
3093849,00000118,false,Rx,1,4,00,49,00,00,00,00,00,00,
3103476,00000118,false,Rx,1,4,00,4A,00,00,00,00,00,00,
3113874,00000118,false,Rx,1,4,00,4B,00,00,00,00,00,00,
3123461,00000118,false,Rx,1,4,00,4C,00,00,00,00,00,00,
3133857,00000118,false,Rx,1,4,00,4D,00,00,00,00,00,00,
3143445,00000118,false,Rx,1,4,00,4E,00,00,00,00,00,00,
3153853,00000118,false,Rx,1,4,00,4F,00,00,00,00,00,00,
3163452,00000118,false,Rx,1,4,00,40,00,00,00,00,00,00,
3173849,00000118,false,Rx,1,4,00,41,00,00,00,00,00,00,
3183437,00000118,false,Rx,1,4,00,42,00,00,00,00,00,00,
3193845,00000118,false,Rx,1,4,00,43,00,00,00,00,00,00,
3203403,00000118,false,Rx,1,4,00,44,00,00,00,00,00,00,
3213663,00000118,false,Rx,1,4,00,45,00,00,00,00,00,00,
3223389,00000118,false,Rx,1,4,00,46,00,00,00,00,00,00,
3233845,00000118,false,Rx,1,4,00,47,00,00,00,00,00,00,
3243374,00000118,false,Rx,1,4,00,48,00,00,00,00,00,00,
3253604,00000118,false,Rx,1,4,00,49,00,00,00,00,00,00,
3263382,00000118,false,Rx,1,4,00,4A,00,00,00,00,00,00,
3273851,00000118,false,Rx,1,4,00,4B,00,00,00,00,00,00,
3283369,00000118,false,Rx,1,4,00,4C,00,00,00,00,00,00,
3293608,00000118,false,Rx,1,4,00,4D,00,00,00,00,00,00,
3303371,00000118,false,Rx,1,4,00,4E,00,00,00,00,00,00,
3313608,00000118,false,Rx,1,4,00,4F,00,00,00,00,00,00,
3323366,00000118,false,Rx,1,4,00,40,00,00,00,00,00,00,
3333974,00000118,false,Rx,1,4,00,41,00,00,00,00,00,00,
3341097,17F0000F,true,Rx,1,8,00,0F,00,00,00,00,00,80,
3344304,00000118,false,Rx,1,4,00,42,00,00,00,00,00,00,
3354416,00000118,false,Rx,1,4,00,43,00,00,00,00,00,00,
3364100,00000118,false,Rx,1,4,00,44,00,00,00,00,00,00,
3374394,00000118,false,Rx,1,4,00,45,00,00,00,00,00,00,
3384090,00000118,false,Rx,1,4,00,46,00,00,00,00,00,00,
3394345,00000118,false,Rx,1,4,00,47,00,00,00,00,00,00,
3404087,00000118,false,Rx,1,4,00,48,00,00,00,00,00,00,
3414313,00000118,false,Rx,1,4,00,49,00,00,00,00,00,00,
3424105,00000118,false,Rx,1,4,00,4A,00,00,00,00,00,00,
3434301,00000118,false,Rx,1,4,00,4B,00,00,00,00,00,00,
3444099,00000118,false,Rx,1,4,00,4C,00,00,00,00,00,00,
3454302,00000118,false,Rx,1,4,00,4D,00,00,00,00,00,00,
3464098,00000118,false,Rx,1,4,00,4E,00,00,00,00,00,00,
3474342,00000118,false,Rx,1,4,00,4F,00,00,00,00,00,00,
3484094,00000118,false,Rx,1,4,00,40,00,00,00,00,00,00,
3494296,00000118,false,Rx,1,4,00,41,00,00,00,00,00,00,
3504096,00000118,false,Rx,1,4,00,42,00,00,00,00,00,00,
3514276,00000118,false,Rx,1,4,00,43,00,00,00,00,00,00,
3524100,00000118,false,Rx,1,4,00,44,00,00,00,00,00,00,
3534247,00000118,false,Rx,1,4,00,45,00,00,00,00,00,00,
3544087,00000118,false,Rx,1,4,00,46,00,00,00,00,00,00,
3554252,00000118,false,Rx,1,4,00,47,00,00,00,00,00,00,
3564086,00000118,false,Rx,1,4,00,48,00,00,00,00,00,00,
3574274,00000118,false,Rx,1,4,00,49,00,00,00,00,00,00,
3584090,00000118,false,Rx,1,4,00,4A,00,00,00,00,00,00,
3594228,00000118,false,Rx,1,4,00,4B,00,00,00,00,00,00,
3604093,00000118,false,Rx,1,4,00,4C,00,00,00,00,00,00,
3614192,00000118,false,Rx,1,4,00,4D,00,00,00,00,00,00,
3624100,00000118,false,Rx,1,4,00,4E,00,00,00,00,00,00,
3634178,00000118,false,Rx,1,4,00,4F,00,00,00,00,00,00,
3644093,00000118,false,Rx,1,4,00,40,00,00,00,00,00,00,
3654185,00000118,false,Rx,1,4,00,41,00,00,00,00,00,00,
3663857,00000118,false,Rx,1,4,00,42,00,00,00,00,00,00,
3674205,00000118,false,Rx,1,4,00,43,00,00,00,00,00,00,
3684339,00000118,false,Rx,1,4,00,44,00,00,00,00,00,00,
3694536,00000118,false,Rx,1,4,00,45,00,00,00,00,00,00,
3704340,00000118,false,Rx,1,4,00,46,00,00,00,00,00,00,
3714503,00000118,false,Rx,1,4,00,47,00,00,00,00,00,00,
3724333,00000118,false,Rx,1,4,00,48,00,00,00,00,00,00,
3734489,00000118,false,Rx,1,4,00,49,00,00,00,00,00,00,
3744344,00000118,false,Rx,1,4,00,4A,00,00,00,00,00,00,
3754496,00000118,false,Rx,1,4,00,4B,00,00,00,00,00,00,
3764352,00000118,false,Rx,1,4,00,4C,00,00,00,00,00,00,
3774516,00000118,false,Rx,1,4,00,4D,00,00,00,00,00,00,
3784343,00000118,false,Rx,1,4,00,4E,00,00,00,00,00,00,
3794466,00000118,false,Rx,1,4,00,4F,00,00,00,00,00,00,
3804342,00000118,false,Rx,1,4,00,40,00,00,00,00,00,00,
3814437,00000118,false,Rx,1,4,00,41,00,00,00,00,00,00,
3824384,00000118,false,Rx,1,4,00,42,00,00,00,00,00,00,
3838952,00000118,false,Rx,1,4,00,43,00,00,00,00,00,00,
3838970,17F0000F,true,Rx,1,8,00,0F,00,00,00,00,00,80,
3844371,00000118,false,Rx,1,4,00,44,00,00,00,00,00,00,
3854450,00000118,false,Rx,1,4,00,45,00,00,00,00,00,00,
3864240,00000118,false,Rx,1,4,00,46,00,00,00,00,00,00,
3874864,00000118,false,Rx,1,4,00,47,00,00,00,00,00,00,
3884950,00000118,false,Rx,1,4,00,48,00,00,00,00,00,00,
3895159,00000118,false,Rx,1,4,00,49,00,00,00,00,00,00,
3904951,00000118,false,Rx,1,4,00,4A,00,00,00,00,00,00,
3915140,00000118,false,Rx,1,4,00,4B,00,00,00,00,00,00,
3924961,00000118,false,Rx,1,4,00,4C,00,00,00,00,00,00,
3935512,00000118,false,Rx,1,4,00,4D,00,00,00,00,00,00,
3946039,00000118,false,Rx,1,4,00,4E,00,00,00,00,00,00,
3956501,00000118,false,Rx,1,4,00,4F,00,00,00,00,00,00,
3966102,00000118,false,Rx,1,4,00,40,00,00,00,00,00,00,
3976340,00000118,false,Rx,1,4,00,41,00,00,00,00,00,00,
3986077,00000118,false,Rx,1,4,00,42,00,00,00,00,00,00,
3996288,00000118,false,Rx,1,4,00,43,00,00,00,00,00,00,
4006064,00000118,false,Rx,1,4,00,44,00,00,00,00,00,00,
4016257,00000118,false,Rx,1,4,00,45,00,00,00,00,00,00,
4026066,00000118,false,Rx,1,4,00,46,00,00,00,00,00,00,
4036644,00000118,false,Rx,1,4,00,47,00,00,00,00,00,00,
4046453,00000118,false,Rx,1,4,00,48,00,00,00,00,00,00,
4057029,00000118,false,Rx,1,4,00,49,00,00,00,00,00,00,
4066873,00000118,false,Rx,1,4,00,4A,00,00,00,00,00,00,
4077072,00000118,false,Rx,1,4,00,4B,00,00,00,00,00,00,
4086810,00000118,false,Rx,1,4,00,4C,00,00,00,00,00,00,
4097019,00000118,false,Rx,1,4,00,4D,00,00,00,00,00,00,
4106794,00000118,false,Rx,1,4,00,4E,00,00,00,00,00,00,
4116986,00000118,false,Rx,1,4,00,4F,00,00,00,00,00,00,
4126802,00000118,false,Rx,1,4,00,40,00,00,00,00,00,00,
4137377,00000118,false,Rx,1,4,00,41,00,00,00,00,00,00,
4147188,00000118,false,Rx,1,4,00,42,00,00,00,00,00,00,
4157758,00000118,false,Rx,1,4,00,43,00,00,00,00,00,00,
4167607,00000118,false,Rx,1,4,00,44,00,00,00,00,00,00,
4177798,00000118,false,Rx,1,4,00,45,00,00,00,00,00,00,
4187536,00000118,false,Rx,1,4,00,46,00,00,00,00,00,00,
4197748,00000118,false,Rx,1,4,00,47,00,00,00,00,00,00,
4207525,00000118,false,Rx,1,4,00,48,00,00,00,00,00,00,
4217716,00000118,false,Rx,1,4,00,49,00,00,00,00,00,00,
4227531,00000118,false,Rx,1,4,00,4A,00,00,00,00,00,00,
4238105,00000118,false,Rx,1,4,00,4B,00,00,00,00,00,00,
4247936,00000118,false,Rx,1,4,00,4C,00,00,00,00,00,00,
4258488,00000118,false,Rx,1,4,00,4D,00,00,00,00,00,00,
4268372,00000118,false,Rx,1,4,00,4E,00,00,00,00,00,00,
4278893,00000118,false,Rx,1,4,00,4F,00,00,00,00,00,00,
4288671,00000118,false,Rx,1,4,00,40,00,00,00,00,00,00,
4298880,00000118,false,Rx,1,4,00,41,00,00,00,00,00,00,
4308654,00000118,false,Rx,1,4,00,42,00,00,00,00,00,00,
4318864,00000118,false,Rx,1,4,00,43,00,00,00,00,00,00,
4328674,00000118,false,Rx,1,4,00,44,00,00,00,00,00,00,
4338849,00000118,false,Rx,1,4,00,45,00,00,00,00,00,00,
4339136,17F0000F,true,Rx,1,8,00,0F,00,00,00,00,00,80,
4349097,00000118,false,Rx,1,4,00,46,00,00,00,00,00,00,
4359619,00000118,false,Rx,1,4,00,47,00,00,00,00,00,00,
4363884,00000200,false,Rx,0,7,1F,C0,00,10,00,03,01,00,
4369463,00000118,false,Rx,1,4,00,48,00,00,00,00,00,00,
4379603,00000118,false,Rx,1,4,00,49,00,00,00,00,00,00,
4389400,00000118,false,Rx,1,4,00,4A,00,00,00,00,00,00,
4399611,00000118,false,Rx,1,4,00,4B,00,00,00,00,00,00,
4409387,00000118,false,Rx,1,4,00,4C,00,00,00,00,00,00,
4419595,00000118,false,Rx,1,4,00,4D,00,00,00,00,00,00,
4429370,00000118,false,Rx,1,4,00,4E,00,00,00,00,00,00,
4439563,00000118,false,Rx,1,4,00,4F,00,00,00,00,00,00,
4441313,00000200,false,Rx,0,7,1F,C0,00,10,00,03,01,00,
4449382,00000118,false,Rx,1,4,00,40,00,00,00,00,00,00,
4459952,00000118,false,Rx,1,4,00,41,00,00,00,00,00,00,
4469795,00000118,false,Rx,1,4,00,42,00,00,00,00,00,00,
4479950,00000118,false,Rx,1,4,00,43,00,00,00,00,00,00,
4489728,00000118,false,Rx,1,4,00,44,00,00,00,00,00,00,
4499950,00000118,false,Rx,1,4,00,45,00,00,00,00,00,00,
4509712,00000118,false,Rx,1,4,00,46,00,00,00,00,00,00,
4519011,00000200,false,Rx,0,7,1F,C0,00,10,00,03,01,00,
4519956,00000118,false,Rx,1,4,00,47,00,00,00,00,00,00,
4529698,00000118,false,Rx,1,4,00,48,00,00,00,00,00,00,
4539892,00000118,false,Rx,1,4,00,49,00,00,00,00,00,00,
4549713,00000118,false,Rx,1,4,00,4A,00,00,00,00,00,00,
4560279,00000118,false,Rx,1,4,00,4B,00,00,00,00,00,00,
4570132,00000118,false,Rx,1,4,00,4C,00,00,00,00,00,00,
4580264,00000118,false,Rx,1,4,00,4D,00,00,00,00,00,00,
4590058,00000118,false,Rx,1,4,00,4E,00,00,00,00,00,00,
4595851,00000200,false,Rx,0,7,1F,C0,00,10,00,03,01,00,
4600270,00000118,false,Rx,1,4,00,4F,00,00,00,00,00,00,
4610046,00000118,false,Rx,1,4,00,40,00,00,00,00,00,00,
4620257,00000118,false,Rx,1,4,00,41,00,00,00,00,00,00,
4630031,00000118,false,Rx,1,4,00,42,00,00,00,00,00,00,
4640223,00000118,false,Rx,1,4,00,43,00,00,00,00,00,00,
4650038,00000118,false,Rx,1,4,00,44,00,00,00,00,00,00,
4660610,00000118,false,Rx,1,4,00,45,00,00,00,00,00,00,
4670454,00000118,false,Rx,1,4,00,46,00,00,00,00,00,00,
4672871,00000200,false,Rx,0,7,1F,C0,00,10,00,03,01,00,
4680594,00000118,false,Rx,1,4,00,47,00,00,00,00,00,00,
4690387,00000118,false,Rx,1,4,00,48,00,00,00,00,00,00,
4700601,00000118,false,Rx,1,4,00,49,00,00,00,00,00,00,
4710377,00000118,false,Rx,1,4,00,4A,00,00,00,00,00,00,
4720587,00000118,false,Rx,1,4,00,4B,00,00,00,00,00,00,
4730363,00000118,false,Rx,1,4,00,4C,00,00,00,00,00,00,
4740553,00000118,false,Rx,1,4,00,4D,00,00,00,00,00,00,
4749700,00000200,false,Rx,0,7,1F,C0,00,10,00,03,01,00,
4750365,00000118,false,Rx,1,4,00,4E,00,00,00,00,00,00,
4760951,00000118,false,Rx,1,4,00,4F,00,00,00,00,00,00,
4770789,00000118,false,Rx,1,4,00,40,00,00,00,00,00,00,
4780947,00000118,false,Rx,1,4,00,41,00,00,00,00,00,00,
4790718,00000118,false,Rx,1,4,00,42,00,00,00,00,00,00,
4800951,00000118,false,Rx,1,4,00,43,00,00,00,00,00,00,
4810705,00000118,false,Rx,1,4,00,44,00,00,00,00,00,00,
4820979,00000118,false,Rx,1,4,00,45,00,00,00,00,00,00,
4826706,00000200,false,Rx,0,7,1F,C0,00,10,00,03,01,00,
4830742,00000118,false,Rx,1,4,00,46,00,00,00,00,00,00,
4840888,00000118,false,Rx,1,4,00,47,00,00,00,00,00,00,
4841183,17F0000F,true,Rx,1,8,00,0F,00,00,00,00,00,80,
4851152,00000118,false,Rx,1,4,00,48,00,00,00,00,00,00,
4861793,00000118,false,Rx,1,4,00,49,00,00,00,00,00,00,
4871642,00000118,false,Rx,1,4,00,4A,00,00,00,00,00,00,
4881875,00000118,false,Rx,1,4,00,4B,00,00,00,00,00,00,
4891634,00000118,false,Rx,1,4,00,4C,00,00,00,00,00,00,
4901875,00000118,false,Rx,1,4,00,4D,00,00,00,00,00,00,
4903643,00000200,false,Rx,0,7,1F,C0,00,10,00,03,01,00,
4911632,00000118,false,Rx,1,4,00,4E,00,00,00,00,00,00,
4921876,00000118,false,Rx,1,4,00,4F,00,00,00,00,00,00,
4931634,00000118,false,Rx,1,4,00,40,00,00,00,00,00,00,
4941631,00000118,false,Rx,1,4,00,41,00,00,00,00,00,00,
4951977,00000118,false,Rx,1,4,00,42,00,00,00,00,00,00,
4962618,00000118,false,Rx,1,4,00,43,00,00,00,00,00,00,
4972856,00000118,false,Rx,1,4,00,44,00,00,00,00,00,00,
4980601,00000200,false,Rx,0,7,1F,C0,00,10,00,03,01,00,
4982935,00000118,false,Rx,1,4,00,45,00,00,00,00,00,00,
4992986,00000118,false,Rx,1,4,00,46,00,00,00,00,00,00,
5003378,00000118,false,Rx,1,4,00,47,00,00,00,00,00,00,
5012962,00000118,false,Rx,1,4,00,48,00,00,00,00,00,00,
5023363,00000118,false,Rx,1,4,00,49,00,00,00,00,00,00,
5032953,00000118,false,Rx,1,4,00,4A,00,00,00,00,00,00,
5043369,00000118,false,Rx,1,4,00,4B,00,00,00,00,00,00,
5052960,00000118,false,Rx,1,4,00,4C,00,00,00,00,00,00,
5057430,00000200,false,Rx,0,7,1F,C0,00,10,00,03,01,00,
5063618,00000118,false,Rx,1,4,00,4D,00,00,00,00,00,00,
5073360,00000118,false,Rx,1,4,00,4E,00,00,00,00,00,00,
5083606,00000118,false,Rx,1,4,00,4F,00,00,00,00,00,00,
5093374,00000118,false,Rx,1,4,00,40,00,00,00,00,00,00,
5103608,00000118,false,Rx,1,4,00,41,00,00,00,00,00,00,
5113278,00000118,false,Rx,1,4,00,42,00,00,00,00,00,00,
5123604,00000118,false,Rx,1,4,00,43,00,00,00,00,00,00,
5133264,00000118,false,Rx,1,4,00,44,00,00,00,00,00,00,
5143607,00000118,false,Rx,1,4,00,45,00,00,00,00,00,00,
5144357,00000710,false,Rx,0,8,02,10,03,55,55,55,55,55,
5153283,00000118,false,Rx,1,4,00,46,00,00,00,00,00,00,
5164095,00000118,false,Rx,1,4,00,47,00,00,00,00,00,00,
5173688,00000118,false,Rx,1,4,00,48,00,00,00,00,00,00,
5184094,00000118,false,Rx,1,4,00,49,00,00,00,00,00,00,
5193642,00000118,false,Rx,1,4,00,4A,00,00,00,00,00,00,
5203852,00000118,false,Rx,1,4,00,4B,00,00,00,00,00,00,
5213609,00000118,false,Rx,1,4,00,4C,00,00,00,00,00,00,
5223855,00000118,false,Rx,1,4,00,4D,00,00,00,00,00,00,
5233593,00000118,false,Rx,1,4,00,4E,00,00,00,00,00,00,
5243852,00000118,false,Rx,1,4,00,4F,00,00,00,00,00,00,
5253600,00000118,false,Rx,1,4,00,40,00,00,00,00,00,00,
5263859,00000118,false,Rx,1,4,00,41,00,00,00,00,00,00,
5273622,00000118,false,Rx,1,4,00,42,00,00,00,00,00,00,
5283849,00000118,false,Rx,1,4,00,43,00,00,00,00,00,00,
5293551,00000118,false,Rx,1,4,00,44,00,00,00,00,00,00,
5303849,00000118,false,Rx,1,4,00,45,00,00,00,00,00,00,
5313536,00000118,false,Rx,1,4,00,46,00,00,00,00,00,00,
5323850,00000118,false,Rx,1,4,00,47,00,00,00,00,00,00,
5333541,00000118,false,Rx,1,4,00,48,00,00,00,00,00,00,
5344156,00000118,false,Rx,1,4,00,49,00,00,00,00,00,00,
5351207,17F0000F,true,Rx,1,8,00,0F,00,00,00,00,00,80,
5354490,00000118,false,Rx,1,4,00,4A,00,00,00,00,00,00,
5364644,00000118,false,Rx,1,4,00,4B,00,00,00,00,00,00,
5374348,00000118,false,Rx,1,4,00,4C,00,00,00,00,00,00,
5384561,00000118,false,Rx,1,4,00,4D,00,00,00,00,00,00,
5394346,00000118,false,Rx,1,4,00,4E,00,00,00,00,00,00,
5404548,00000118,false,Rx,1,4,00,4F,00,00,00,00,00,00,
5407611,00000200,false,Rx,0,7,0A,C0,00,10,00,03,01,00,
5414439,00000118,false,Rx,1,4,00,40,00,00,00,00,00,00,
5424517,00000118,false,Rx,1,4,00,41,00,00,00,00,00,00,
5434332,00000118,false,Rx,1,4,00,42,00,00,00,00,00,00,
5444502,00000118,false,Rx,1,4,00,43,00,00,00,00,00,00,
5454336,00000118,false,Rx,1,4,00,44,00,00,00,00,00,00,
5464514,00000118,false,Rx,1,4,00,45,00,00,00,00,00,00,
5474335,00000118,false,Rx,1,4,00,46,00,00,00,00,00,00,
5484493,00000118,false,Rx,1,4,00,47,00,00,00,00,00,00,
5484971,00000200,false,Rx,0,7,0A,C0,00,10,00,03,01,00,
5494329,00000118,false,Rx,1,4,00,48,00,00,00,00,00,00,
5504478,00000118,false,Rx,1,4,00,49,00,00,00,00,00,00,
5514335,00000118,false,Rx,1,4,00,4A,00,00,00,00,00,00,
5524447,00000118,false,Rx,1,4,00,4B,00,00,00,00,00,00,
5534339,00000118,false,Rx,1,4,00,4C,00,00,00,00,00,00,
5544432,00000118,false,Rx,1,4,00,4D,00,00,00,00,00,00,
5554340,00000118,false,Rx,1,4,00,4E,00,00,00,00,00,00,
5561874,00000200,false,Rx,0,7,0A,C0,00,10,00,03,01,00,
5564437,00000118,false,Rx,1,4,00,4F,00,00,00,00,00,00,
5574352,00000118,false,Rx,1,4,00,40,00,00,00,00,00,00,
5584425,00000118,false,Rx,1,4,00,41,00,00,00,00,00,00,
5594348,00000118,false,Rx,1,4,00,42,00,00,00,00,00,00,
5604409,00000118,false,Rx,1,4,00,43,00,00,00,00,00,00,
5614339,00000118,false,Rx,1,4,00,44,00,00,00,00,00,00,
5624377,00000118,false,Rx,1,4,00,45,00,00,00,00,00,00,
5634340,00000118,false,Rx,1,4,00,46,00,00,00,00,00,00,
5638855,00000200,false,Rx,0,7,0A,C0,00,10,00,03,01,00,
5644362,00000118,false,Rx,1,4,00,47,00,00,00,00,00,00,
5654088,00000118,false,Rx,1,4,00,48,00,00,00,00,00,00,
5664367,00000118,false,Rx,1,4,00,49,00,00,00,00,00,00,
5674347,00000118,false,Rx,1,4,00,4A,00,00,00,00,00,00,
5684357,00000118,false,Rx,1,4,00,4B,00,00,00,00,00,00,
5694098,00000118,false,Rx,1,4,00,4C,00,00,00,00,00,00,
5704340,00000118,false,Rx,1,4,00,4D,00,00,00,00,00,00,
5714098,00000118,false,Rx,1,4,00,4E,00,00,00,00,00,00,
5715716,00000200,false,Rx,0,7,0A,C0,00,10,00,03,01,00,
5724307,00000118,false,Rx,1,4,00,4F,00,00,00,00,00,00,
5734092,00000118,false,Rx,1,4,00,40,00,00,00,00,00,00,
5744295,00000118,false,Rx,1,4,00,41,00,00,00,00,00,00,
5754088,00000118,false,Rx,1,4,00,42,00,00,00,00,00,00,
5764298,00000118,false,Rx,1,4,00,43,00,00,00,00,00,00,
5774093,00000118,false,Rx,1,4,00,44,00,00,00,00,00,00,
5784285,00000118,false,Rx,1,4,00,45,00,00,00,00,00,00,
5792601,00000200,false,Rx,0,7,0A,C0,00,10,00,03,01,00,
5794109,00000118,false,Rx,1,4,00,46,00,00,00,00,00,00,
5804290,00000118,false,Rx,1,4,00,47,00,00,00,00,00,00,
5814086,00000118,false,Rx,1,4,00,48,00,00,00,00,00,00,
5824461,00000118,false,Rx,1,4,00,49,00,00,00,00,00,00,
5839003,00000118,false,Rx,1,4,00,4A,00,00,00,00,00,00,
5844272,00000118,false,Rx,1,4,00,4B,00,00,00,00,00,00,
5845050,17F0000F,true,Rx,1,8,00,0F,00,00,00,00,00,80,
5854140,00000118,false,Rx,1,4,00,4C,00,00,00,00,00,00,
5864525,00000118,false,Rx,1,4,00,4D,00,00,00,00,00,00,
5869480,00000200,false,Rx,0,7,0A,C0,00,10,00,03,01,00,
5874117,00000118,false,Rx,1,4,00,4E,00,00,00,00,00,00,
5884327,00000118,false,Rx,1,4,00,4F,00,00,00,00,00,00,
5893950,00000118,false,Rx,1,4,00,40,00,00,00,00,00,00,
5904309,00000118,false,Rx,1,4,00,41,00,00,00,00,00,00,
5913904,00000118,false,Rx,1,4,00,42,00,00,00,00,00,00,
5924312,00000118,false,Rx,1,4,00,43,00,00,00,00,00,00,
5933889,00000118,false,Rx,1,4,00,44,00,00,00,00,00,00,
5944314,00000118,false,Rx,1,4,00,45,00,00,00,00,00,00,
5946486,00000200,false,Rx,0,7,0A,C0,00,10,00,03,01,00,
5953890,00000118,false,Rx,1,4,00,46,00,00,00,00,00,00,
5964305,00000118,false,Rx,1,4,00,47,00,00,00,00,00,00,
5973913,00000118,false,Rx,1,4,00,48,00,00,00,00,00,00,
5984334,00000118,false,Rx,1,4,00,49,00,00,00,00,00,00,
5993867,00000118,false,Rx,1,4,00,4A,00,00,00,00,00,00,
6004323,00000118,false,Rx,1,4,00,4B,00,00,00,00,00,00,
6013834,00000118,false,Rx,1,4,00,4C,00,00,00,00,00,00,
6023366,00000200,false,Rx,0,7,0A,C0,00,10,00,03,01,00,
6024341,00000118,false,Rx,1,4,00,4D,00,00,00,00,00,00,
6033819,00000118,false,Rx,1,4,00,4E,00,00,00,00,00,00,
6044330,00000118,false,Rx,1,4,00,4F,00,00,00,00,00,00,
6053825,00000118,false,Rx,1,4,00,40,00,00,00,00,00,00,
6064315,00000118,false,Rx,1,4,00,41,00,00,00,00,00,00,
6073846,00000118,false,Rx,1,4,00,42,00,00,00,00,00,00,
6084062,00000118,false,Rx,1,4,00,43,00,00,00,00,00,00,
6093795,00000118,false,Rx,1,4,00,44,00,00,00,00,00,00,
6100273,00000200,false,Rx,0,7,0A,C0,00,10,00,03,01,00,
6104076,00000118,false,Rx,1,4,00,45,00,00,00,00,00,00,
6113761,00000118,false,Rx,1,4,00,46,00,00,00,00,00,00,
6124051,00000118,false,Rx,1,4,00,47,00,00,00,00,00,00,
6133748,00000118,false,Rx,1,4,00,48,00,00,00,00,00,00,
6144068,00000118,false,Rx,1,4,00,49,00,00,00,00,00,00,
6153757,00000118,false,Rx,1,4,00,4A,00,00,00,00,00,00,
6164069,00000118,false,Rx,1,4,00,4B,00,00,00,00,00,00,
6173778,00000118,false,Rx,1,4,00,4C,00,00,00,00,00,00,
6184143,00000118,false,Rx,1,4,00,4D,00,00,00,00,00,00,
6193726,00000118,false,Rx,1,4,00,4E,00,00,00,00,00,00,
6204072,00000118,false,Rx,1,4,00,4F,00,00,00,00,00,00,
6213697,00000118,false,Rx,1,4,00,40,00,00,00,00,00,00,
6224065,00000118,false,Rx,1,4,00,41,00,00,00,00,00,00,
6233680,00000118,false,Rx,1,4,00,42,00,00,00,00,00,00,
6244070,00000118,false,Rx,1,4,00,43,00,00,00,00,00,00,
6253686,00000118,false,Rx,1,4,00,44,00,00,00,00,00,00,
6264070,00000118,false,Rx,1,4,00,45,00,00,00,00,00,00,
6273705,00000118,false,Rx,1,4,00,46,00,00,00,00,00,00,
6284070,00000118,false,Rx,1,4,00,47,00,00,00,00,00,00,
6293658,00000118,false,Rx,1,4,00,48,00,00,00,00,00,00,
6304072,00000118,false,Rx,1,4,00,49,00,00,00,00,00,00,
6313627,00000118,false,Rx,1,4,00,4A,00,00,00,00,00,00,
6323911,00000118,false,Rx,1,4,00,4B,00,00,00,00,00,00,
6339318,00000118,false,Rx,1,4,00,4C,00,00,00,00,00,00,
6344300,00000118,false,Rx,1,4,00,4D,00,00,00,00,00,00,
6344418,17F0000F,true,Rx,1,8,00,0F,00,00,00,00,00,80,
6353682,00000118,false,Rx,1,4,00,4E,00,00,00,00,00,00,
6363858,00000118,false,Rx,1,4,00,4F,00,00,00,00,00,00,
6373852,00000118,false,Rx,1,4,00,40,00,00,00,00,00,00,
6383850,00000118,false,Rx,1,4,00,41,00,00,00,00,00,00,
6393623,00000118,false,Rx,1,4,00,42,00,00,00,00,00,00,
6403847,00000118,false,Rx,1,4,00,43,00,00,00,00,00,00,
6413604,00000118,false,Rx,1,4,00,44,00,00,00,00,00,00,
6423848,00000118,false,Rx,1,4,00,45,00,00,00,00,00,00,
6433608,00000118,false,Rx,1,4,00,46,00,00,00,00,00,00,
6443844,00000118,false,Rx,1,4,00,47,00,00,00,00,00,00,
6453602,00000118,false,Rx,1,4,00,48,00,00,00,00,00,00,
6463856,00000118,false,Rx,1,4,00,49,00,00,00,00,00,00,
6473605,00000118,false,Rx,1,4,00,4A,00,00,00,00,00,00,
6484344,00000118,false,Rx,1,4,00,4B,00,00,00,00,00,00,
6493963,00000118,false,Rx,1,4,00,4C,00,00,00,00,00,00,
6504586,00000118,false,Rx,1,4,00,4D,00,00,00,00,00,00,
6514303,00000118,false,Rx,1,4,00,4E,00,00,00,00,00,00,
6524576,00000118,false,Rx,1,4,00,4F,00,00,00,00,00,00,
6524621,0000071D,false,Rx,0,8,02,10,03,55,55,55,55,55,
6534292,00000118,false,Rx,1,4,00,40,00,00,00,00,00,00,
6544576,00000118,false,Rx,1,4,00,41,00,00,00,00,00,00,
6554275,00000118,false,Rx,1,4,00,42,00,00,00,00,00,00,
6564573,00000118,false,Rx,1,4,00,43,00,00,00,00,00,00,
6574318,00000118,false,Rx,1,4,00,44,00,00,00,00,00,00,
6584572,00000118,false,Rx,1,4,00,45,00,00,00,00,00,00,
6594269,00000118,false,Rx,1,4,00,46,00,00,00,00,00,00,
6604568,00000118,false,Rx,1,4,00,47,00,00,00,00,00,00,
6614231,00000118,false,Rx,1,4,00,48,00,00,00,00,00,00,
6624577,00000118,false,Rx,1,4,00,49,00,00,00,00,00,00,
6634223,00000118,false,Rx,1,4,00,4A,00,00,00,00,00,00,
6644581,00000118,false,Rx,1,4,00,4B,00,00,00,00,00,00,
6654209,00000118,false,Rx,1,4,00,4C,00,00,00,00,00,00,
6664603,00000118,false,Rx,1,4,00,4D,00,00,00,00,00,00,
6674245,00000118,false,Rx,1,4,00,4E,00,00,00,00,00,00,
6685066,00000118,false,Rx,1,4,00,4F,00,00,00,00,00,00,
6694581,00000118,false,Rx,1,4,00,40,00,00,00,00,00,00,
6705066,00000118,false,Rx,1,4,00,41,00,00,00,00,00,00,
6714546,00000118,false,Rx,1,4,00,42,00,00,00,00,00,00,
6725049,00000118,false,Rx,1,4,00,43,00,00,00,00,00,00,
6734532,00000118,false,Rx,1,4,00,44,00,00,00,00,00,00,
6744820,00000118,false,Rx,1,4,00,45,00,00,00,00,00,00,
6754515,00000118,false,Rx,1,4,00,46,00,00,00,00,00,00,
6764806,00000118,false,Rx,1,4,00,47,00,00,00,00,00,00,
6774556,00000118,false,Rx,1,4,00,48,00,00,00,00,00,00,
6784816,00000118,false,Rx,1,4,00,49,00,00,00,00,00,00,
6788099,0000070F,false,Rx,0,8,02,10,03,55,55,55,55,55,
6794536,00000118,false,Rx,1,4,00,4A,00,00,00,00,00,00,
6805319,00000118,false,Rx,1,4,00,4B,00,00,00,00,00,00,
6807281,00000779,false,Rx,1,8,06,50,03,00,32,01,F4,AA,
6814888,00000118,false,Rx,1,4,00,4C,00,00,00,00,00,00,
6825215,00000118,false,Rx,1,4,00,4D,00,00,00,00,00,00,
6837117,00000118,false,Rx,1,4,00,4E,00,00,00,00,00,00,
6845689,00000118,false,Rx,1,4,00,4F,00,00,00,00,00,00,
6845723,17F0000F,true,Rx,1,8,00,0F,00,00,00,00,00,80,
6855232,00000118,false,Rx,1,4,00,40,00,00,00,00,00,00,
6865643,00000118,false,Rx,1,4,00,41,00,00,00,00,00,00,
6867533,0000070F,false,Rx,0,8,03,22,F1,9E,55,55,55,55,
6875275,00000118,false,Rx,1,4,00,42,00,00,00,00,00,00,
6885538,00000118,false,Rx,1,4,00,43,00,00,00,00,00,00,
6895202,00000118,false,Rx,1,4,00,44,00,00,00,00,00,00,
6896506,00000779,false,Rx,1,8,10,1C,62,F1,9E,45,56,5F,
6902185,0000070F,false,Rx,0,8,30,00,01,55,55,55,55,55,
6905553,00000118,false,Rx,1,4,00,45,00,00,00,00,00,00,
6907691,00000779,false,Rx,1,8,21,41,6C,6C,57,68,65,65,
6915174,00000118,false,Rx,1,4,00,46,00,00,00,00,00,00,
6916477,00000779,false,Rx,1,8,22,6C,43,6F,6E,74,72,48,
6925950,00000118,false,Rx,1,4,00,47,00,00,00,00,00,00,
6928192,00000779,false,Rx,1,8,23,41,31,56,57,33,37,58,
6935561,00000118,false,Rx,1,4,00,48,00,00,00,00,00,00,
6936863,00000779,false,Rx,1,8,24,00,AA,AA,AA,AA,AA,AA,
6946322,00000118,false,Rx,1,4,00,49,00,00,00,00,00,00,
6956347,00000118,false,Rx,1,4,00,4A,00,00,00,00,00,00,
6966869,00000118,false,Rx,1,4,00,4B,00,00,00,00,00,00,
6976363,00000118,false,Rx,1,4,00,4C,00,00,00,00,00,00,
6986667,00000118,false,Rx,1,4,00,4D,00,00,00,00,00,00,
6996331,00000118,false,Rx,1,4,00,4E,00,00,00,00,00,00,
7006660,00000118,false,Rx,1,4,00,4F,00,00,00,00,00,00,
7016375,00000118,false,Rx,1,4,00,40,00,00,00,00,00,00,
7026688,00000118,false,Rx,1,4,00,41,00,00,00,00,00,00,
7037088,00000118,false,Rx,1,4,00,42,00,00,00,00,00,00,
7046651,00000118,false,Rx,1,4,00,43,00,00,00,00,00,00,
7056281,00000118,false,Rx,1,4,00,44,00,00,00,00,00,00,
7066874,00000118,false,Rx,1,4,00,45,00,00,00,00,00,00,
7076290,00000118,false,Rx,1,4,00,46,00,00,00,00,00,00,
7086598,00000118,false,Rx,1,4,00,47,00,00,00,00,00,00,
7096260,00000118,false,Rx,1,4,00,48,00,00,00,00,00,00,
7097440,0000070F,false,Rx,0,8,03,22,F1,A2,55,55,55,55,
7106622,00000118,false,Rx,1,4,00,49,00,00,00,00,00,00,
7116374,00000118,false,Rx,1,4,00,4A,00,00,00,00,00,00,
7126590,00000118,false,Rx,1,4,00,4B,00,00,00,00,00,00,
7128945,00000779,false,Rx,1,8,10,09,62,F1,A2,30,30,32,
7134047,0000070F,false,Rx,0,8,30,00,01,55,55,55,55,55,
7136245,00000118,false,Rx,1,4,00,4C,00,00,00,00,00,00,
7137689,00000779,false,Rx,1,8,21,30,31,33,AA,AA,AA,AA,
7146583,00000118,false,Rx,1,4,00,4D,00,00,00,00,00,00,
7156603,00000118,false,Rx,1,4,00,4E,00,00,00,00,00,00,
7167110,00000118,false,Rx,1,4,00,4F,00,00,00,00,00,00,
7176626,00000118,false,Rx,1,4,00,40,00,00,00,00,00,00,
7186949,00000118,false,Rx,1,4,00,41,00,00,00,00,00,00,
7193068,000007E0,false,Rx,0,8,02,09,02,00,00,00,00,00,
7196593,00000118,false,Rx,1,4,00,42,00,00,00,00,00,00,
7206939,00000118,false,Rx,1,4,00,43,00,00,00,00,00,00,
7216579,00000118,false,Rx,1,4,00,44,00,00,00,00,00,00,
7226900,00000118,false,Rx,1,4,00,45,00,00,00,00,00,00,
7236544,00000118,false,Rx,1,4,00,46,00,00,00,00,00,00,
7246905,00000118,false,Rx,1,4,00,47,00,00,00,00,00,00,
7256531,00000118,false,Rx,1,4,00,48,00,00,00,00,00,00,
7267115,00000118,false,Rx,1,4,00,49,00,00,00,00,00,00,
7276555,00000118,false,Rx,1,4,00,4A,00,00,00,00,00,00,
7286859,00000118,false,Rx,1,4,00,4B,00,00,00,00,00,00,
7296525,00000118,false,Rx,1,4,00,4C,00,00,00,00,00,00,
7306845,00000118,false,Rx,1,4,00,4D,00,00,00,00,00,00,
7316491,00000118,false,Rx,1,4,00,4E,00,00,00,00,00,00,
7326895,00000118,false,Rx,1,4,00,4F,00,00,00,00,00,00,
7337728,00000118,false,Rx,1,4,00,40,00,00,00,00,00,00,
7346889,00000118,false,Rx,1,4,00,41,00,00,00,00,00,00,
7347134,17F0000F,true,Rx,1,8,00,0F,00,00,00,00,00,80,
7356872,00000118,false,Rx,1,4,00,42,00,00,00,00,00,00,
7367363,00000118,false,Rx,1,4,00,43,00,00,00,00,00,00,
7376884,00000118,false,Rx,1,4,00,44,00,00,00,00,00,00,
7387377,00000118,false,Rx,1,4,00,45,00,00,00,00,00,00,
7396852,00000118,false,Rx,1,4,00,46,00,00,00,00,00,00,
7407378,00000118,false,Rx,1,4,00,47,00,00,00,00,00,00,
7416851,00000118,false,Rx,1,4,00,48,00,00,00,00,00,00,
7427378,00000118,false,Rx,1,4,00,49,00,00,00,00,00,00,
7436809,00000118,false,Rx,1,4,00,4A,00,00,00,00,00,00,
7447378,00000118,false,Rx,1,4,00,4B,00,00,00,00,00,00,
7456795,00000118,false,Rx,1,4,00,4C,00,00,00,00,00,00,
7467357,00000118,false,Rx,1,4,00,4D,00,00,00,00,00,00,
7476814,00000118,false,Rx,1,4,00,4E,00,00,00,00,00,00,
7487119,00000118,false,Rx,1,4,00,4F,00,00,00,00,00,00,
7496786,00000118,false,Rx,1,4,00,40,00,00,00,00,00,00,
7507106,00000118,false,Rx,1,4,00,41,00,00,00,00,00,00,
7516777,00000118,false,Rx,1,4,00,42,00,00,00,00,00,00,
7527092,00000118,false,Rx,1,4,00,43,00,00,00,00,00,00,
7536737,00000118,false,Rx,1,4,00,44,00,00,00,00,00,00,
7547097,00000118,false,Rx,1,4,00,45,00,00,00,00,00,00,
7556722,00000118,false,Rx,1,4,00,46,00,00,00,00,00,00,
7567107,00000118,false,Rx,1,4,00,47,00,00,00,00,00,00,
7576744,00000118,false,Rx,1,4,00,48,00,00,00,00,00,00,
7587049,00000118,false,Rx,1,4,00,49,00,00,00,00,00,00,
7596716,00000118,false,Rx,1,4,00,4A,00,00,00,00,00,00,
7607042,00000118,false,Rx,1,4,00,4B,00,00,00,00,00,00,
7616704,00000118,false,Rx,1,4,00,4C,00,00,00,00,00,00,
7627023,00000118,false,Rx,1,4,00,4D,00,00,00,00,00,00,
7636668,00000118,false,Rx,1,4,00,4E,00,00,00,00,00,00,
7647027,00000118,false,Rx,1,4,00,4F,00,00,00,00,00,00,
7656656,00000118,false,Rx,1,4,00,40,00,00,00,00,00,00,
7667116,00000118,false,Rx,1,4,00,41,00,00,00,00,00,00,
7676675,00000118,false,Rx,1,4,00,42,00,00,00,00,00,00,
7686980,00000118,false,Rx,1,4,00,43,00,00,00,00,00,00,
7695159,00000700,false,Rx,0,8,02,3E,80,55,55,55,55,55,
7696667,00000118,false,Rx,1,4,00,44,00,00,00,00,00,00,
7706966,00000118,false,Rx,1,4,00,45,00,00,00,00,00,00,
7716629,00000118,false,Rx,1,4,00,46,00,00,00,00,00,00,
7726956,00000118,false,Rx,1,4,00,47,00,00,00,00,00,00,
7736597,00000118,false,Rx,1,4,00,48,00,00,00,00,00,00,
7746960,00000118,false,Rx,1,4,00,49,00,00,00,00,00,00,
7748440,000007DF,false,Rx,0,8,02,09,02,00,00,00,00,00,
7756586,00000118,false,Rx,1,4,00,4A,00,00,00,00,00,00,
7767117,00000118,false,Rx,1,4,00,4B,00,00,00,00,00,00,
7776608,00000118,false,Rx,1,4,00,4C,00,00,00,00,00,00,
7786911,00000118,false,Rx,1,4,00,4D,00,00,00,00,00,00,
7796575,00000118,false,Rx,1,4,00,4E,00,00,00,00,00,00,
7806898,00000118,false,Rx,1,4,00,4F,00,00,00,00,00,00,
7816563,00000118,false,Rx,1,4,00,40,00,00,00,00,00,00,
7827341,00000118,false,Rx,1,4,00,41,00,00,00,00,00,00,
7836574,00000118,false,Rx,1,4,00,42,00,00,00,00,00,00,
7846955,00000118,false,Rx,1,4,00,43,00,00,00,00,00,00,
7847099,17F0000F,true,Rx,1,8,00,0F,00,00,00,00,00,80,
7857037,00000118,false,Rx,1,4,00,44,00,00,00,00,00,00,
7867870,00000118,false,Rx,1,4,00,45,00,00,00,00,00,00,
7877629,00000118,false,Rx,1,4,00,46,00,00,00,00,00,00,
7887630,00000118,false,Rx,1,4,00,47,00,00,00,00,00,00,
7897384,00000118,false,Rx,1,4,00,48,00,00,00,00,00,00,
7907632,00000118,false,Rx,1,4,00,49,00,00,00,00,00,00,
7917380,00000118,false,Rx,1,4,00,4A,00,00,00,00,00,00,
7927641,00000118,false,Rx,1,4,00,4B,00,00,00,00,00,00,
7937382,00000118,false,Rx,1,4,00,4C,00,00,00,00,00,00,
7947632,00000118,false,Rx,1,4,00,4D,00,00,00,00,00,00,
7957391,00000118,false,Rx,1,4,00,4E,00,00,00,00,00,00,
7968108,00000118,false,Rx,1,4,00,4F,00,00,00,00,00,00,
7977878,00000118,false,Rx,1,4,00,40,00,00,00,00,00,00,
7988362,00000118,false,Rx,1,4,00,41,00,00,00,00,00,00,
7998124,00000118,false,Rx,1,4,00,42,00,00,00,00,00,00,
8008361,00000118,false,Rx,1,4,00,43,00,00,00,00,00,00,
8018122,00000118,false,Rx,1,4,00,44,00,00,00,00,00,00,
8028382,00000118,false,Rx,1,4,00,45,00,00,00,00,00,00,
8038124,00000118,false,Rx,1,4,00,46,00,00,00,00,00,00,
8048357,00000118,false,Rx,1,4,00,47,00,00,00,00,00,00,
8058120,00000118,false,Rx,1,4,00,48,00,00,00,00,00,00,
8068374,00000118,false,Rx,1,4,00,49,00,00,00,00,00,00,
8078134,00000118,false,Rx,1,4,00,4A,00,00,00,00,00,00,
8088865,00000118,false,Rx,1,4,00,4B,00,00,00,00,00,00,
8098612,00000118,false,Rx,1,4,00,4C,00,00,00,00,00,00,
8108869,00000118,false,Rx,1,4,00,4D,00,00,00,00,00,00,
8118618,00000118,false,Rx,1,4,00,4E,00,00,00,00,00,00,
8128860,00000118,false,Rx,1,4,00,4F,00,00,00,00,00,00,
8138614,00000118,false,Rx,1,4,00,40,00,00,00,00,00,00,
8148613,00000118,false,Rx,1,4,00,41,00,00,00,00,00,00,
8158620,00000118,false,Rx,1,4,00,42,00,00,00,00,00,00,
8168613,00000118,false,Rx,1,4,00,43,00,00,00,00,00,00,
8178611,00000118,false,Rx,1,4,00,44,00,00,00,00,00,00,
8189097,00000118,false,Rx,1,4,00,45,00,00,00,00,00,00,
8199149,00000118,false,Rx,1,4,00,46,00,00,00,00,00,00,
8209579,00000118,false,Rx,1,4,00,47,00,00,00,00,00,00,
8219117,00000118,false,Rx,1,4,00,48,00,00,00,00,00,00,
8229589,00000118,false,Rx,1,4,00,49,00,00,00,00,00,00,
8239109,00000118,false,Rx,1,4,00,4A,00,00,00,00,00,00,
8249348,00000118,false,Rx,1,4,00,4B,00,00,00,00,00,00,
8259113,00000118,false,Rx,1,4,00,4C,00,00,00,00,00,00,
8269343,00000118,false,Rx,1,4,00,4D,00,00,00,00,00,00,
8279114,00000118,false,Rx,1,4,00,4E,00,00,00,00,00,00,
8289828,00000118,false,Rx,1,4,00,4F,00,00,00,00,00,00,
8299484,00000118,false,Rx,1,4,00,40,00,00,00,00,00,00,
8301498,0000070F,false,Rx,0,8,03,22,F1,90,55,55,55,55,
8309829,00000118,false,Rx,1,4,00,41,00,00,00,00,00,00,
8319450,00000118,false,Rx,1,4,00,42,00,00,00,00,00,00,
8320749,00000779,false,Rx,1,8,03,7F,22,31,AA,AA,AA,AA,
8329892,00000118,false,Rx,1,4,00,43,00,00,00,00,00,00,
8344731,00000118,false,Rx,1,4,00,44,00,00,00,00,00,00,
8350549,00000118,false,Rx,1,4,00,45,00,00,00,00,00,00,
8350765,17F0000F,true,Rx,1,8,00,0F,00,00,00,00,00,80,
8359850,00000118,false,Rx,1,4,00,46,00,00,00,00,00,00,
8370305,00000118,false,Rx,1,4,00,47,00,00,00,00,00,00,
8379824,00000118,false,Rx,1,4,00,48,00,00,00,00,00,00,
8390072,00000118,false,Rx,1,4,00,49,00,00,00,00,00,00,
8399796,00000118,false,Rx,1,4,00,4A,00,00,00,00,00,00,
8410072,00000118,false,Rx,1,4,00,4B,00,00,00,00,00,00,
8419763,00000118,false,Rx,1,4,00,4C,00,00,00,00,00,00,
8430073,00000118,false,Rx,1,4,00,4D,00,00,00,00,00,00,
8439753,00000118,false,Rx,1,4,00,4E,00,00,00,00,00,00,
8450068,00000118,false,Rx,1,4,00,4F,00,00,00,00,00,00,
8459755,00000118,false,Rx,1,4,00,40,00,00,00,00,00,00,
8470075,00000118,false,Rx,1,4,00,41,00,00,00,00,00,00,
8479757,00000118,false,Rx,1,4,00,42,00,00,00,00,00,00,
8481056,0000070F,false,Rx,0,8,03,22,F1,87,55,55,55,55,
8490071,00000118,false,Rx,1,4,00,43,00,00,00,00,00,00,
8499724,00000118,false,Rx,1,4,00,44,00,00,00,00,00,00,
8510390,00000118,false,Rx,1,4,00,45,00,00,00,00,00,00,
8512516,00000779,false,Rx,1,8,10,0E,62,F1,87,30,43,51,
8517629,0000070F,false,Rx,0,8,30,00,01,55,55,55,55,55,
8520096,00000118,false,Rx,1,4,00,46,00,00,00,00,00,00,
8521400,00000779,false,Rx,1,8,21,39,30,37,35,35,34,44,
8530404,00000118,false,Rx,1,4,00,47,00,00,00,00,00,00,
8532525,00000779,false,Rx,1,8,22,20,AA,AA,AA,AA,AA,AA,
8540068,00000118,false,Rx,1,4,00,48,00,00,00,00,00,00,
8550586,00000118,false,Rx,1,4,00,49,00,00,00,00,00,00,
8560064,00000118,false,Rx,1,4,00,4A,00,00,00,00,00,00,
8570562,00000118,false,Rx,1,4,00,4B,00,00,00,00,00,00,
8580090,00000118,false,Rx,1,4,00,4C,00,00,00,00,00,00,
8590337,00000118,false,Rx,1,4,00,4D,00,00,00,00,00,00,
8600036,00000118,false,Rx,1,4,00,4E,00,00,00,00,00,00,
8610321,00000118,false,Rx,1,4,00,4F,00,00,00,00,00,00,
8620005,00000118,false,Rx,1,4,00,40,00,00,00,00,00,00,
8630332,00000118,false,Rx,1,4,00,41,00,00,00,00,00,00,
8639991,00000118,false,Rx,1,4,00,42,00,00,00,00,00,00,
8650315,00000118,false,Rx,1,4,00,43,00,00,00,00,00,00,
8659993,00000118,false,Rx,1,4,00,44,00,00,00,00,00,00,
8670313,00000118,false,Rx,1,4,00,45,00,00,00,00,00,00,
8680016,00000118,false,Rx,1,4,00,46,00,00,00,00,00,00,
8690304,00000118,false,Rx,1,4,00,47,00,00,00,00,00,00,
8694151,0000070F,false,Rx,0,8,03,22,F1,89,55,55,55,55,
8699987,00000118,false,Rx,1,4,00,48,00,00,00,00,00,00,
8710318,00000118,false,Rx,1,4,00,49,00,00,00,00,00,00,
8719950,00000118,false,Rx,1,4,00,4A,00,00,00,00,00,00,
8721234,00000779,false,Rx,1,8,07,62,F1,89,37,30,38,32,
8730316,00000118,false,Rx,1,4,00,4B,00,00,00,00,00,00,
8739940,00000118,false,Rx,1,4,00,4C,00,00,00,00,00,00,
8750337,00000118,false,Rx,1,4,00,4D,00,00,00,00,00,00,
8759950,00000118,false,Rx,1,4,00,4E,00,00,00,00,00,00,
8770313,00000118,false,Rx,1,4,00,4F,00,00,00,00,00,00,
8779952,00000118,false,Rx,1,4,00,40,00,00,00,00,00,00,
8790319,00000118,false,Rx,1,4,00,41,00,00,00,00,00,00,
8799935,00000118,false,Rx,1,4,00,42,00,00,00,00,00,00,
8810311,00000118,false,Rx,1,4,00,43,00,00,00,00,00,00,
8819907,00000118,false,Rx,1,4,00,44,00,00,00,00,00,00,
8830227,00000118,false,Rx,1,4,00,45,00,00,00,00,00,00,
8839719,00000118,false,Rx,1,4,00,46,00,00,00,00,00,00,
8850406,00000118,false,Rx,1,4,00,47,00,00,00,00,00,00,
8850996,17F0000F,true,Rx,1,8,00,0F,00,00,00,00,00,80,
8859906,00000118,false,Rx,1,4,00,48,00,00,00,00,00,00,
8870355,00000118,false,Rx,1,4,00,49,00,00,00,00,00,00,
8880360,00000118,false,Rx,1,4,00,4A,00,00,00,00,00,00,
8881718,0000070F,false,Rx,0,8,03,22,F1,91,55,55,55,55,
8890608,00000118,false,Rx,1,4,00,4B,00,00,00,00,00,00,
8900361,00000118,false,Rx,1,4,00,4C,00,00,00,00,00,00,
8910612,00000118,false,Rx,1,4,00,4D,00,00,00,00,00,00,
8912653,00000779,false,Rx,1,8,10,0E,62,F1,91,30,43,51,
8918062,0000070F,false,Rx,0,8,30,00,01,55,55,55,55,55,
8920379,00000118,false,Rx,1,4,00,4E,00,00,00,00,00,00,
8921685,00000779,false,Rx,1,8,21,35,32,35,31,33,30,20,
8930599,00000118,false,Rx,1,4,00,4F,00,00,00,00,00,00,
8932664,00000779,false,Rx,1,8,22,20,AA,AA,AA,AA,AA,AA,
8940359,00000118,false,Rx,1,4,00,40,00,00,00,00,00,00,
8950626,00000118,false,Rx,1,4,00,41,00,00,00,00,00,00,
8960122,00000118,false,Rx,1,4,00,42,00,00,00,00,00,00,
8970611,00000118,false,Rx,1,4,00,43,00,00,00,00,00,00,
8980602,00000118,false,Rx,1,4,00,44,00,00,00,00,00,00,
8990875,00000118,false,Rx,1,4,00,45,00,00,00,00,00,00,
9000608,00000118,false,Rx,1,4,00,46,00,00,00,00,00,00,
9010861,00000118,false,Rx,1,4,00,47,00,00,00,00,00,00,
9020604,00000118,false,Rx,1,4,00,48,00,00,00,00,00,00,
9030866,00000118,false,Rx,1,4,00,49,00,00,00,00,00,00,
9040606,00000118,false,Rx,1,4,00,4A,00,00,00,00,00,00,
9050867,00000118,false,Rx,1,4,00,4B,00,00,00,00,00,00,
9060610,00000118,false,Rx,1,4,00,4C,00,00,00,00,00,00,
9070866,00000118,false,Rx,1,4,00,4D,00,00,00,00,00,00,
9080883,00000118,false,Rx,1,4,00,4E,00,00,00,00,00,00,
9091205,00000118,false,Rx,1,4,00,4F,00,00,00,00,00,00,
9093420,0000070F,false,Rx,0,8,03,22,F1,A3,55,55,55,55,
9100877,00000118,false,Rx,1,4,00,40,00,00,00,00,00,00,
9111191,00000118,false,Rx,1,4,00,41,00,00,00,00,00,00,
9120855,00000118,false,Rx,1,4,00,42,00,00,00,00,00,00,
9122164,00000779,false,Rx,1,8,06,62,F1,A3,48,35,32,AA,
9131205,00000118,false,Rx,1,4,00,43,00,00,00,00,00,00,
9140846,00000118,false,Rx,1,4,00,44,00,00,00,00,00,00,
9151185,00000118,false,Rx,1,4,00,45,00,00,00,00,00,00,
9160862,00000118,false,Rx,1,4,00,46,00,00,00,00,00,00,
9171185,00000118,false,Rx,1,4,00,47,00,00,00,00,00,00,
9180851,00000118,false,Rx,1,4,00,48,00,00,00,00,00,00,
9191135,00000118,false,Rx,1,4,00,49,00,00,00,00,00,00,
9200853,00000118,false,Rx,1,4,00,4A,00,00,00,00,00,00,
9211123,00000118,false,Rx,1,4,00,4B,00,00,00,00,00,00,
9220852,00000118,false,Rx,1,4,00,4C,00,00,00,00,00,00,
9231127,00000118,false,Rx,1,4,00,4D,00,00,00,00,00,00,
9240856,00000118,false,Rx,1,4,00,4E,00,00,00,00,00,00,
9251113,00000118,false,Rx,1,4,00,4F,00,00,00,00,00,00,
9260855,00000118,false,Rx,1,4,00,40,00,00,00,00,00,00,
9271117,00000118,false,Rx,1,4,00,41,00,00,00,00,00,00,
9280855,00000118,false,Rx,1,4,00,42,00,00,00,00,00,00,
9283222,0000070F,false,Rx,0,8,03,22,F1,A5,55,55,55,55,
9291089,00000118,false,Rx,1,4,00,43,00,00,00,00,00,00,
9300847,00000118,false,Rx,1,4,00,44,00,00,00,00,00,00,
9311051,00000118,false,Rx,1,4,00,45,00,00,00,00,00,00,
9313176,00000779,false,Rx,1,8,10,09,62,F1,A5,00,06,A6,
9318709,0000070F,false,Rx,0,8,30,00,01,55,55,55,55,55,
9320872,00000118,false,Rx,1,4,00,46,00,00,00,00,00,00,
9322150,00000779,false,Rx,1,8,21,2D,1E,D6,AA,AA,AA,AA,
9331085,00000118,false,Rx,1,4,00,47,00,00,00,00,00,00,
9346586,00000118,false,Rx,1,4,00,48,00,00,00,00,00,00,
9351439,00000118,false,Rx,1,4,00,49,00,00,00,00,00,00,
9351663,17F0000F,true,Rx,1,8,00,0F,00,00,00,00,00,80,
9361196,00000118,false,Rx,1,4,00,4A,00,00,00,00,00,00,
9371820,00000118,false,Rx,1,4,00,4B,00,00,00,00,00,00,
9381514,00000118,false,Rx,1,4,00,4C,00,00,00,00,00,00,
9391821,00000118,false,Rx,1,4,00,4D,00,00,00,00,00,00,
9401499,00000118,false,Rx,1,4,00,4E,00,00,00,00,00,00,
9411807,00000118,false,Rx,1,4,00,4F,00,00,00,00,00,00,
9421469,00000118,false,Rx,1,4,00,40,00,00,00,00,00,00,
9431815,00000118,false,Rx,1,4,00,41,00,00,00,00,00,00,
9434841,0000070F,false,Rx,0,8,03,22,F1,DF,55,55,55,55,
9441477,00000118,false,Rx,1,4,00,42,00,00,00,00,00,00,
9451813,00000118,false,Rx,1,4,00,43,00,00,00,00,00,00,
9461478,00000118,false,Rx,1,4,00,44,00,00,00,00,00,00,
9462778,00000779,false,Rx,1,8,04,62,F1,DF,40,AA,AA,AA,
9471814,00000118,false,Rx,1,4,00,45,00,00,00,00,00,00,
9481441,00000118,false,Rx,1,4,00,46,00,00,00,00,00,00,
9491821,00000118,false,Rx,1,4,00,47,00,00,00,00,00,00,
9501444,00000118,false,Rx,1,4,00,48,00,00,00,00,00,00,
9511822,00000118,false,Rx,1,4,00,49,00,00,00,00,00,00,
9521418,00000118,false,Rx,1,4,00,4A,00,00,00,00,00,00,
9531822,00000118,false,Rx,1,4,00,4B,00,00,00,00,00,00,
9541403,00000118,false,Rx,1,4,00,4C,00,00,00,00,00,00,
9551838,00000118,false,Rx,1,4,00,4D,00,00,00,00,00,00,
9561405,00000118,false,Rx,1,4,00,4E,00,00,00,00,00,00,
9571822,00000118,false,Rx,1,4,00,4F,00,00,00,00,00,00,
9581394,00000118,false,Rx,1,4,00,40,00,00,00,00,00,00,
9591820,00000118,false,Rx,1,4,00,41,00,00,00,00,00,00,
9601378,00000118,false,Rx,1,4,00,42,00,00,00,00,00,00,
9611814,00000118,false,Rx,1,4,00,43,00,00,00,00,00,00,
9621345,00000118,false,Rx,1,4,00,44,00,00,00,00,00,00,
9622977,0000070F,false,Rx,0,8,03,22,F1,A0,55,55,55,55,
9631812,00000118,false,Rx,1,4,00,45,00,00,00,00,00,00,
9641330,00000118,false,Rx,1,4,00,46,00,00,00,00,00,00,
9642631,00000779,false,Rx,1,8,10,0E,62,F1,A0,76,31,32,
9647448,0000070F,false,Rx,0,8,30,00,01,55,55,55,55,55,
9651805,00000118,false,Rx,1,4,00,47,00,00,00,00,00,00,
9653717,00000779,false,Rx,1,8,21,36,30,78,30,31,35,47,
9661342,00000118,false,Rx,1,4,00,48,00,00,00,00,00,00,
9662641,00000779,false,Rx,1,8,22,30,AA,AA,AA,AA,AA,AA,
9672064,00000118,false,Rx,1,4,00,49,00,00,00,00,00,00,
9681707,00000118,false,Rx,1,4,00,4A,00,00,00,00,00,00,
9692066,00000118,false,Rx,1,4,00,4B,00,00,00,00,00,00,
9701691,00000118,false,Rx,1,4,00,4C,00,00,00,00,00,00,
9712067,00000118,false,Rx,1,4,00,4D,00,00,00,00,00,00,
9721656,00000118,false,Rx,1,4,00,4E,00,00,00,00,00,00,
9732053,00000118,false,Rx,1,4,00,4F,00,00,00,00,00,00,
9741646,00000118,false,Rx,1,4,00,40,00,00,00,00,00,00,
9752068,00000118,false,Rx,1,4,00,41,00,00,00,00,00,00,
9761647,00000118,false,Rx,1,4,00,42,00,00,00,00,00,00,
9772061,00000118,false,Rx,1,4,00,43,00,00,00,00,00,00,
9781634,00000118,false,Rx,1,4,00,44,00,00,00,00,00,00,
9792056,00000118,false,Rx,1,4,00,45,00,00,00,00,00,00,
9801618,00000118,false,Rx,1,4,00,46,00,00,00,00,00,00,
9812058,00000118,false,Rx,1,4,00,47,00,00,00,00,00,00,
9821605,00000118,false,Rx,1,4,00,48,00,00,00,00,00,00,
9823771,0000070F,false,Rx,0,8,03,22,F1,A1,55,55,55,55,
9837230,00000118,false,Rx,1,4,00,49,00,00,00,00,00,00,
9841723,00000118,false,Rx,1,4,00,4A,00,00,00,00,00,00,
9843838,00000779,false,Rx,1,8,07,62,F1,A1,30,30,30,30,
9851938,00000118,false,Rx,1,4,00,4B,00,00,00,00,00,00,
9852202,17F0000F,true,Rx,1,8,00,0F,00,00,00,00,00,80,
9861586,00000118,false,Rx,1,4,00,4C,00,00,00,00,00,00,
9871998,00000118,false,Rx,1,4,00,4D,00,00,00,00,00,00,
9881602,00000118,false,Rx,1,4,00,4E,00,00,00,00,00,00,
9891849,00000118,false,Rx,1,4,00,4F,00,00,00,00,00,00,
9901578,00000118,false,Rx,1,4,00,40,00,00,00,00,00,00,
9911818,00000118,false,Rx,1,4,00,41,00,00,00,00,00,00,
9921587,00000118,false,Rx,1,4,00,42,00,00,00,00,00,00,
9931803,00000118,false,Rx,1,4,00,43,00,00,00,00,00,00,
9941578,00000118,false,Rx,1,4,00,44,00,00,00,00,00,00,
9951814,00000118,false,Rx,1,4,00,45,00,00,00,00,00,00,
9961587,00000118,false,Rx,1,4,00,46,00,00,00,00,00,00,
9971833,00000118,false,Rx,1,4,00,47,00,00,00,00,00,00,
9981581,00000118,false,Rx,1,4,00,48,00,00,00,00,00,00,
9991779,00000118,false,Rx,1,4,00,49,00,00,00,00,00,00,
10001573,00000118,false,Rx,1,4,00,4A,00,00,00,00,00,00,
10011750,00000118,false,Rx,1,4,00,4B,00,00,00,00,00,00,
10021579,00000118,false,Rx,1,4,00,4C,00,00,00,00,00,00,
10030628,0000070F,false,Rx,0,8,03,22,F1,97,55,55,55,55,
10031758,00000118,false,Rx,1,4,00,4D,00,00,00,00,00,00,
10041578,00000118,false,Rx,1,4,00,4E,00,00,00,00,00,00,
10042784,00000779,false,Rx,1,8,10,10,62,F1,97,48,61,6C,
10048053,0000070F,false,Rx,0,8,30,00,01,55,55,55,55,55,
10051765,00000118,false,Rx,1,4,00,4F,00,00,00,00,00,00,
10053884,00000779,false,Rx,1,8,21,64,65,78,34,4D,6F,74,
10061572,00000118,false,Rx,1,4,00,40,00,00,00,00,00,00,
10062706,00000779,false,Rx,1,8,22,69,6F,6E,AA,AA,AA,AA,
10071771,00000118,false,Rx,1,4,00,41,00,00,00,00,00,00,
10081584,00000118,false,Rx,1,4,00,42,00,00,00,00,00,00,
10091711,00000118,false,Rx,1,4,00,43,00,00,00,00,00,00,
10101576,00000118,false,Rx,1,4,00,44,00,00,00,00,00,00,
10111677,00000118,false,Rx,1,4,00,45,00,00,00,00,00,00,
10121582,00000118,false,Rx,1,4,00,46,00,00,00,00,00,00,
10131663,00000118,false,Rx,1,4,00,47,00,00,00,00,00,00,
10141348,00000118,false,Rx,1,4,00,48,00,00,00,00,00,00,
10151668,00000118,false,Rx,1,4,00,49,00,00,00,00,00,00,
10161334,00000118,false,Rx,1,4,00,4A,00,00,00,00,00,00,
10171693,00000118,false,Rx,1,4,00,4B,00,00,00,00,00,00,
10181819,00000118,false,Rx,1,4,00,4C,00,00,00,00,00,00,
10192022,00000118,false,Rx,1,4,00,4D,00,00,00,00,00,00,
10201820,00000118,false,Rx,1,4,00,4E,00,00,00,00,00,00,
10212011,00000118,false,Rx,1,4,00,4F,00,00,00,00,00,00,
10221819,00000118,false,Rx,1,4,00,40,00,00,00,00,00,00,
10231997,00000118,false,Rx,1,4,00,41,00,00,00,00,00,00,
10241825,00000118,false,Rx,1,4,00,42,00,00,00,00,00,00,
10252000,00000118,false,Rx,1,4,00,43,00,00,00,00,00,00,
10253138,0000070F,false,Rx,0,8,03,22,06,01,55,55,55,55,
10261818,00000118,false,Rx,1,4,00,44,00,00,00,00,00,00,
10272021,00000118,false,Rx,1,4,00,45,00,00,00,00,00,00,
10274144,00000779,false,Rx,1,8,03,7F,22,31,AA,AA,AA,AA,
10282314,00000118,false,Rx,1,4,00,46,00,00,00,00,00,00,
10292352,00000118,false,Rx,1,4,00,47,00,00,00,00,00,00,
10302059,00000118,false,Rx,1,4,00,48,00,00,00,00,00,00,
10312319,00000118,false,Rx,1,4,00,49,00,00,00,00,00,00,
10322062,00000118,false,Rx,1,4,00,4A,00,00,00,00,00,00,
10332358,00000118,false,Rx,1,4,00,4B,00,00,00,00,00,00,
10342767,00000118,false,Rx,1,4,00,4C,00,00,00,00,00,00,
10352423,00000118,false,Rx,1,4,00,4D,00,00,00,00,00,00,
10353087,17F0000F,true,Rx,1,8,00,0F,00,00,00,00,00,80,
10361999,00000118,false,Rx,1,4,00,4E,00,00,00,00,00,00,
10372382,00000118,false,Rx,1,4,00,4F,00,00,00,00,00,00,
10379973,0000070F,false,Rx,0,8,03,22,06,00,55,55,55,55,
10381995,00000118,false,Rx,1,4,00,40,00,00,00,00,00,00,
10392380,00000118,false,Rx,1,4,00,41,00,00,00,00,00,00,
10394430,00000779,false,Rx,1,8,05,62,06,00,00,01,AA,AA,
10401975,00000118,false,Rx,1,4,00,42,00,00,00,00,00,00,
10412391,00000118,false,Rx,1,4,00,43,00,00,00,00,00,00,
10421953,00000118,false,Rx,1,4,00,44,00,00,00,00,00,00,
10432371,00000118,false,Rx,1,4,00,45,00,00,00,00,00,00,
10441936,00000118,false,Rx,1,4,00,46,00,00,00,00,00,00,
10452369,00000118,false,Rx,1,4,00,47,00,00,00,00,00,00,
10461903,00000118,false,Rx,1,4,00,48,00,00,00,00,00,00,
10472370,00000118,false,Rx,1,4,00,49,00,00,00,00,00,00,
10481899,00000118,false,Rx,1,4,00,4A,00,00,00,00,00,00,
10492379,00000118,false,Rx,1,4,00,4B,00,00,00,00,00,00,
10501897,00000118,false,Rx,1,4,00,4C,00,00,00,00,00,00,
10512371,00000118,false,Rx,1,4,00,4D,00,00,00,00,00,00,
10521882,00000118,false,Rx,1,4,00,4E,00,00,00,00,00,00,
10532371,00000118,false,Rx,1,4,00,4F,00,00,00,00,00,00,
10541852,00000118,false,Rx,1,4,00,40,00,00,00,00,00,00,
10552373,00000118,false,Rx,1,4,00,41,00,00,00,00,00,00,
10561836,00000118,false,Rx,1,4,00,42,00,00,00,00,00,00,
10572371,00000118,false,Rx,1,4,00,43,00,00,00,00,00,00,
10581826,00000118,false,Rx,1,4,00,44,00,00,00,00,00,00,
10592374,00000118,false,Rx,1,4,00,45,00,00,00,00,00,00,
10601826,00000118,false,Rx,1,4,00,46,00,00,00,00,00,00,
10612370,00000118,false,Rx,1,4,00,47,00,00,00,00,00,00,
10621811,00000118,false,Rx,1,4,00,48,00,00,00,00,00,00,
10632369,00000118,false,Rx,1,4,00,49,00,00,00,00,00,00,
10641783,00000118,false,Rx,1,4,00,4A,00,00,00,00,00,00,
10652372,00000118,false,Rx,1,4,00,4B,00,00,00,00,00,00,
10661769,00000118,false,Rx,1,4,00,4C,00,00,00,00,00,00,
10672377,00000118,false,Rx,1,4,00,4D,00,00,00,00,00,00,
10681753,00000118,false,Rx,1,4,00,4E,00,00,00,00,00,00,
10692095,00000118,false,Rx,1,4,00,4F,00,00,00,00,00,00,
10701760,00000118,false,Rx,1,4,00,40,00,00,00,00,00,00,
10712080,00000118,false,Rx,1,4,00,41,00,00,00,00,00,00,
10721743,00000118,false,Rx,1,4,00,42,00,00,00,00,00,00,
10732065,00000118,false,Rx,1,4,00,43,00,00,00,00,00,00,
10741711,00000118,false,Rx,1,4,00,44,00,00,00,00,00,00,
10752070,00000118,false,Rx,1,4,00,45,00,00,00,00,00,00,
10761696,00000118,false,Rx,1,4,00,46,00,00,00,00,00,00,
10772091,00000118,false,Rx,1,4,00,47,00,00,00,00,00,00,
10781680,00000118,false,Rx,1,4,00,48,00,00,00,00,00,00,
10792028,00000118,false,Rx,1,4,00,49,00,00,00,00,00,00,
10801690,00000118,false,Rx,1,4,00,4A,00,00,00,00,00,00,
10812012,00000118,false,Rx,1,4,00,4B,00,00,00,00,00,00,
10821691,00000118,false,Rx,1,4,00,4C,00,00,00,00,00,00,
10838111,00000118,false,Rx,1,4,00,4D,00,00,00,00,00,00,
10841859,00000118,false,Rx,1,4,00,4E,00,00,00,00,00,00,
10852002,00000118,false,Rx,1,4,00,4F,00,00,00,00,00,00,
10852280,17F0000F,true,Rx,1,8,00,0F,00,00,00,00,00,80,
10861831,00000118,false,Rx,1,4,00,40,00,00,00,00,00,00,
10872060,00000118,false,Rx,1,4,00,41,00,00,00,00,00,00,
10881670,00000118,false,Rx,1,4,00,42,00,00,00,00,00,00,
10891909,00000118,false,Rx,1,4,00,43,00,00,00,00,00,00,
10901680,00000118,false,Rx,1,4,00,44,00,00,00,00,00,00,
10902756,00000700,false,Rx,0,8,02,3E,80,55,55,55,55,55,
10911905,00000118,false,Rx,1,4,00,45,00,00,00,00,00,00,
10921843,00000118,false,Rx,1,4,00,46,00,00,00,00,00,00,
10931889,00000118,false,Rx,1,4,00,47,00,00,00,00,00,00,
10941625,00000118,false,Rx,1,4,00,48,00,00,00,00,00,00,
10951878,00000118,false,Rx,1,4,00,49,00,00,00,00,00,00,
10961616,00000118,false,Rx,1,4,00,4A,00,00,00,00,00,00,
10971901,00000118,false,Rx,1,4,00,4B,00,00,00,00,00,00,
10981602,00000118,false,Rx,1,4,00,4C,00,00,00,00,00,00,
10991829,00000118,false,Rx,1,4,00,4D,00,00,00,00,00,00,
11001607,00000118,false,Rx,1,4,00,4E,00,00,00,00,00,00,
11011815,00000118,false,Rx,1,4,00,4F,00,00,00,00,00,00,
11021579,00000118,false,Rx,1,4,00,40,00,00,00,00,00,00,
11031822,00000118,false,Rx,1,4,00,41,00,00,00,00,00,00,
11041582,00000118,false,Rx,1,4,00,42,00,00,00,00,00,00,
11051806,00000118,false,Rx,1,4,00,43,00,00,00,00,00,00,
11061585,00000118,false,Rx,1,4,00,44,00,00,00,00,00,00,
11071829,00000118,false,Rx,1,4,00,45,00,00,00,00,00,00,
11081622,00000118,false,Rx,1,4,00,46,00,00,00,00,00,00,
11091817,00000118,false,Rx,1,4,00,47,00,00,00,00,00,00,
11101576,00000118,false,Rx,1,4,00,48,00,00,00,00,00,00,
11111765,00000118,false,Rx,1,4,00,49,00,00,00,00,00,00,
11121590,00000118,false,Rx,1,4,00,4A,00,00,00,00,00,00,
11131752,00000118,false,Rx,1,4,00,4B,00,00,00,00,00,00,
11141594,00000118,false,Rx,1,4,00,4C,00,00,00,00,00,00,
11151756,00000118,false,Rx,1,4,00,4D,00,00,00,00,00,00,
11161585,00000118,false,Rx,1,4,00,4E,00,00,00,00,00,00,
11171777,00000118,false,Rx,1,4,00,4F,00,00,00,00,00,00,
11181581,00000118,false,Rx,1,4,00,40,00,00,00,00,00,00,
11191711,00000118,false,Rx,1,4,00,41,00,00,00,00,00,00,
11201591,00000118,false,Rx,1,4,00,42,00,00,00,00,00,00,
11211694,00000118,false,Rx,1,4,00,43,00,00,00,00,00,00,
11221588,00000118,false,Rx,1,4,00,44,00,00,00,00,00,00,
11231701,00000118,false,Rx,1,4,00,45,00,00,00,00,00,00,
11241601,00000118,false,Rx,1,4,00,46,00,00,00,00,00,00,
11251686,00000118,false,Rx,1,4,00,47,00,00,00,00,00,00,
11261586,00000118,false,Rx,1,4,00,48,00,00,00,00,00,00,
11271707,00000118,false,Rx,1,4,00,49,00,00,00,00,00,00,
11281578,00000118,false,Rx,1,4,00,4A,00,00,00,00,00,00,
11291642,00000118,false,Rx,1,4,00,4B,00,00,00,00,00,00,
11301590,00000118,false,Rx,1,4,00,4C,00,00,00,00,00,00,
11311627,00000118,false,Rx,1,4,00,4D,00,00,00,00,00,00,
11321582,00000118,false,Rx,1,4,00,4E,00,00,00,00,00,00,
11331668,00000118,false,Rx,1,4,00,4F,00,00,00,00,00,00,
11341401,00000118,false,Rx,1,4,00,40,00,00,00,00,00,00,
11352118,00000118,false,Rx,1,4,00,41,00,00,00,00,00,00,
11352211,17F0000F,true,Rx,1,8,00,0F,00,00,00,00,00,80,
11361399,00000118,false,Rx,1,4,00,42,00,00,00,00,00,00,
11371877,00000118,false,Rx,1,4,00,43,00,00,00,00,00,00,
11381380,00000118,false,Rx,1,4,00,44,00,00,00,00,00,00,
11391629,00000118,false,Rx,1,4,00,45,00,00,00,00,00,00,
11401378,00000118,false,Rx,1,4,00,46,00,00,00,00,00,00,
11411652,00000118,false,Rx,1,4,00,47,00,00,00,00,00,00,
11421378,00000118,false,Rx,1,4,00,48,00,00,00,00,00,00,
11431629,00000118,false,Rx,1,4,00,49,00,00,00,00,00,00,
11441382,00000118,false,Rx,1,4,00,4A,00,00,00,00,00,00,
11451630,00000118,false,Rx,1,4,00,4B,00,00,00,00,00,00,
11461382,00000118,false,Rx,1,4,00,4C,00,00,00,00,00,00,
11471638,00000118,false,Rx,1,4,00,4D,00,00,00,00,00,00,
11481379,00000118,false,Rx,1,4,00,4E,00,00,00,00,00,00,
11491629,00000118,false,Rx,1,4,00,4F,00,00,00,00,00,00,
11501381,00000118,false,Rx,1,4,00,40,00,00,00,00,00,00,
11511642,00000118,false,Rx,1,4,00,41,00,00,00,00,00,00,
11521379,00000118,false,Rx,1,4,00,42,00,00,00,00,00,00,
11531629,00000118,false,Rx,1,4,00,43,00,00,00,00,00,00,
11541379,00000118,false,Rx,1,4,00,44,00,00,00,00,00,00,
11551630,00000118,false,Rx,1,4,00,45,00,00,00,00,00,00,
11561377,00000118,false,Rx,1,4,00,46,00,00,00,00,00,00,
11571631,00000118,false,Rx,1,4,00,47,00,00,00,00,00,00,
11581631,00000118,false,Rx,1,4,00,48,00,00,00,00,00,00,
11591873,00000118,false,Rx,1,4,00,49,00,00,00,00,00,00,
11601640,00000118,false,Rx,1,4,00,4A,00,00,00,00,00,00,
11611881,00000118,false,Rx,1,4,00,4B,00,00,00,00,00,00,
11621634,00000118,false,Rx,1,4,00,4C,00,00,00,00,00,00,
11631875,00000118,false,Rx,1,4,00,4D,00,00,00,00,00,00,
11641632,00000118,false,Rx,1,4,00,4E,00,00,00,00,00,00,
11651879,00000118,false,Rx,1,4,00,4F,00,00,00,00,00,00,
11661634,00000118,false,Rx,1,4,00,40,00,00,00,00,00,00,
11671876,00000118,false,Rx,1,4,00,41,00,00,00,00,00,00,
11681878,00000118,false,Rx,1,4,00,42,00,00,00,00,00,00,
11692364,00000118,false,Rx,1,4,00,43,00,00,00,00,00,00,
11701880,00000118,false,Rx,1,4,00,44,00,00,00,00,00,00,
11712208,00000118,false,Rx,1,4,00,45,00,00,00,00,00,00,
11721878,00000118,false,Rx,1,4,00,46,00,00,00,00,00,00,
11732374,00000118,false,Rx,1,4,00,47,00,00,00,00,00,00,
11741872,00000118,false,Rx,1,4,00,48,00,00,00,00,00,00,
11752361,00000118,false,Rx,1,4,00,49,00,00,00,00,00,00,
11761878,00000118,false,Rx,1,4,00,4A,00,00,00,00,00,00,
11772365,00000118,false,Rx,1,4,00,4B,00,00,00,00,00,00,
11781877,00000118,false,Rx,1,4,00,4C,00,00,00,00,00,00,
11792362,00000118,false,Rx,1,4,00,4D,00,00,00,00,00,00,
11801877,00000118,false,Rx,1,4,00,4E,00,00,00,00,00,00,
11812123,00000118,false,Rx,1,4,00,4F,00,00,00,00,00,00,
11821965,00000118,false,Rx,1,4,00,40,00,00,00,00,00,00,
11838197,00000118,false,Rx,1,4,00,41,00,00,00,00,00,00,
11842026,00000118,false,Rx,1,4,00,42,00,00,00,00,00,00,
11852203,00000118,false,Rx,1,4,00,43,00,00,00,00,00,00,
11852683,17F0000F,true,Rx,1,8,00,0F,00,00,00,00,00,80,
11862333,00000118,false,Rx,1,4,00,44,00,00,00,00,00,00,
11872609,00000118,false,Rx,1,4,00,45,00,00,00,00,00,00,
11882333,00000118,false,Rx,1,4,00,46,00,00,00,00,00,00,
11892615,00000118,false,Rx,1,4,00,47,00,00,00,00,00,00,
11902357,00000118,false,Rx,1,4,00,48,00,00,00,00,00,00,
11912612,00000118,false,Rx,1,4,00,49,00,00,00,00,00,00,
11922357,00000118,false,Rx,1,4,00,4A,00,00,00,00,00,00,
11932612,00000118,false,Rx,1,4,00,4B,00,00,00,00,00,00,
11942574,00000118,false,Rx,1,4,00,4C,00,00,00,00,00,00,
11952824,00000118,false,Rx,1,4,00,4D,00,00,00,00,00,00,
11963080,00000118,false,Rx,1,4,00,4E,00,00,00,00,00,00,
11963154,00000700,false,Rx,0,8,02,3E,80,55,55,55,55,55,
11973179,00000118,false,Rx,1,4,00,4F,00,00,00,00,00,00,
11983059,00000118,false,Rx,1,4,00,40,00,00,00,00,00,00,
11993111,00000118,false,Rx,1,4,00,41,00,00,00,00,00,00,
12003059,00000118,false,Rx,1,4,00,42,00,00,00,00,00,00,
12013095,00000118,false,Rx,1,4,00,43,00,00,00,00,00,00,
12023080,00000118,false,Rx,1,4,00,44,00,00,00,00,00,00,
12033100,00000118,false,Rx,1,4,00,45,00,00,00,00,00,00,
12043313,00000118,false,Rx,1,4,00,46,00,00,00,00,00,00,
12053486,00000118,false,Rx,1,4,00,47,00,00,00,00,00,00,
12063664,00000118,false,Rx,1,4,00,48,00,00,00,00,00,00,
12073908,00000118,false,Rx,1,4,00,49,00,00,00,00,00,00,
12083655,00000118,false,Rx,1,4,00,4A,00,00,00,00,00,00,
12088450,0000070F,false,Rx,0,8,03,22,06,07,55,55,55,55,
12093866,00000118,false,Rx,1,4,00,4B,00,00,00,00,00,00,
12103660,00000118,false,Rx,1,4,00,4C,00,00,00,00,00,00,
12104961,00000779,false,Rx,1,8,03,7F,22,31,AA,AA,AA,AA,
12113836,00000118,false,Rx,1,4,00,4D,00,00,00,00,00,00,
12123628,00000118,false,Rx,1,4,00,4E,00,00,00,00,00,00,
12133829,00000118,false,Rx,1,4,00,4F,00,00,00,00,00,00,
12144013,00000118,false,Rx,1,4,00,40,00,00,00,00,00,00,
12154217,00000118,false,Rx,1,4,00,41,00,00,00,00,00,00,
12164397,00000118,false,Rx,1,4,00,42,00,00,00,00,00,00,
12174637,00000118,false,Rx,1,4,00,43,00,00,00,00,00,00,
12184383,00000118,false,Rx,1,4,00,44,00,00,00,00,00,00,
12194568,00000118,false,Rx,1,4,00,45,00,00,00,00,00,00,
12204386,00000118,false,Rx,1,4,00,46,00,00,00,00,00,00,
12214955,00000118,false,Rx,1,4,00,47,00,00,00,00,00,00,
12224776,00000118,false,Rx,1,4,00,48,00,00,00,00,00,00,
12235341,00000118,false,Rx,1,4,00,49,00,00,00,00,00,00,
12245143,00000118,false,Rx,1,4,00,4A,00,00,00,00,00,00,
12255349,00000118,false,Rx,1,4,00,4B,00,00,00,00,00,00,
12265528,00000118,false,Rx,1,4,00,4C,00,00,00,00,00,00,
12275766,00000118,false,Rx,1,4,00,4D,00,00,00,00,00,00,
12285511,00000118,false,Rx,1,4,00,4E,00,00,00,00,00,00,
12295699,00000118,false,Rx,1,4,00,4F,00,00,00,00,00,00,
12305520,00000118,false,Rx,1,4,00,40,00,00,00,00,00,00,
12316086,00000118,false,Rx,1,4,00,41,00,00,00,00,00,00,
12321449,0000070F,false,Rx,0,8,03,22,06,06,55,55,55,55,
12325983,00000118,false,Rx,1,4,00,42,00,00,00,00,00,00,
12338606,00000118,false,Rx,1,4,00,43,00,00,00,00,00,00,
12338621,00000779,false,Rx,1,8,03,7F,22,31,AA,AA,AA,AA,
12345959,00000118,false,Rx,1,4,00,44,00,00,00,00,00,00,
12356112,00000118,false,Rx,1,4,00,45,00,00,00,00,00,00,
12356371,17F0000F,true,Rx,1,8,00,0F,00,00,00,00,00,80,
12366392,00000118,false,Rx,1,4,00,46,00,00,00,00,00,00,
12376896,00000118,false,Rx,1,4,00,47,00,00,00,00,00,00,
12386640,00000118,false,Rx,1,4,00,48,00,00,00,00,00,00,
12396847,00000118,false,Rx,1,4,00,49,00,00,00,00,00,00,
12407029,00000118,false,Rx,1,4,00,4A,00,00,00,00,00,00,
12417215,00000118,false,Rx,1,4,00,4B,00,00,00,00,00,00,
12427034,00000118,false,Rx,1,4,00,4C,00,00,00,00,00,00,
12437612,00000118,false,Rx,1,4,00,4D,00,00,00,00,00,00,
12447418,00000118,false,Rx,1,4,00,4E,00,00,00,00,00,00,
12457586,00000118,false,Rx,1,4,00,4F,00,00,00,00,00,00,
12467614,00000118,false,Rx,1,4,00,40,00,00,00,00,00,00,
12477628,00000118,false,Rx,1,4,00,41,00,00,00,00,00,00,
12487373,00000118,false,Rx,1,4,00,42,00,00,00,00,00,00,
12497577,00000118,false,Rx,1,4,00,43,00,00,00,00,00,00,
12507759,00000118,false,Rx,1,4,00,44,00,00,00,00,00,00,
12517950,00000118,false,Rx,1,4,00,45,00,00,00,00,00,00,
12527761,00000118,false,Rx,1,4,00,46,00,00,00,00,00,00,
12538334,00000118,false,Rx,1,4,00,47,00,00,00,00,00,00,
12548149,00000118,false,Rx,1,4,00,48,00,00,00,00,00,00,
12555271,0000070F,false,Rx,0,8,03,22,06,08,55,55,55,55,
12558342,00000118,false,Rx,1,4,00,49,00,00,00,00,00,00,
12568153,00000118,false,Rx,1,4,00,4A,00,00,00,00,00,00,
12569453,00000779,false,Rx,1,8,03,7F,22,31,AA,AA,AA,AA,
12578734,00000118,false,Rx,1,4,00,4B,00,00,00,00,00,00,
12588903,00000118,false,Rx,1,4,00,4C,00,00,00,00,00,00,
12599107,00000118,false,Rx,1,4,00,4D,00,00,00,00,00,00,
12609287,00000118,false,Rx,1,4,00,4E,00,00,00,00,00,00,
12619474,00000118,false,Rx,1,4,00,4F,00,00,00,00,00,00,
12629295,00000118,false,Rx,1,4,00,40,00,00,00,00,00,00,
12639870,00000118,false,Rx,1,4,00,41,00,00,00,00,00,00,
12649680,00000118,false,Rx,1,4,00,42,00,00,00,00,00,00,
12659846,00000118,false,Rx,1,4,00,43,00,00,00,00,00,00,
12669681,00000118,false,Rx,1,4,00,44,00,00,00,00,00,00,
12680251,00000118,false,Rx,1,4,00,45,00,00,00,00,00,00,
12690429,00000118,false,Rx,1,4,00,46,00,00,00,00,00,00,
12700636,00000118,false,Rx,1,4,00,47,00,00,00,00,00,00,
12710815,00000118,false,Rx,1,4,00,48,00,00,00,00,00,00,
12721003,00000118,false,Rx,1,4,00,49,00,00,00,00,00,00,
12730823,00000118,false,Rx,1,4,00,4A,00,00,00,00,00,00,
12741393,00000118,false,Rx,1,4,00,4B,00,00,00,00,00,00,
12751381,00000118,false,Rx,1,4,00,4C,00,00,00,00,00,00,
12761379,00000118,false,Rx,1,4,00,4D,00,00,00,00,00,00,
12771380,00000118,false,Rx,1,4,00,4E,00,00,00,00,00,00,
12781876,00000118,false,Rx,1,4,00,4F,00,00,00,00,00,00,
12786624,0000070F,false,Rx,0,8,03,22,06,1C,55,55,55,55,
12792121,00000118,false,Rx,1,4,00,40,00,00,00,00,00,00,
12802365,00000118,false,Rx,1,4,00,41,00,00,00,00,00,00,
12804290,00000779,false,Rx,1,8,03,7F,22,31,AA,AA,AA,AA,
12812367,00000118,false,Rx,1,4,00,42,00,00,00,00,00,00,
12822608,00000118,false,Rx,1,4,00,43,00,00,00,00,00,00,
12832467,00000118,false,Rx,1,4,00,44,00,00,00,00,00,00,
12845468,00000118,false,Rx,1,4,00,45,00,00,00,00,00,00,
12853373,00000118,false,Rx,1,4,00,46,00,00,00,00,00,00,
12863017,00000118,false,Rx,1,4,00,47,00,00,00,00,00,00,
12863289,17F0000F,true,Rx,1,8,00,0F,00,00,00,00,00,80,
12872745,00000118,false,Rx,1,4,00,48,00,00,00,00,00,00,
12882910,00000118,false,Rx,1,4,00,49,00,00,00,00,00,00,
12893092,00000118,false,Rx,1,4,00,4A,00,00,00,00,00,00,
12903298,00000118,false,Rx,1,4,00,4B,00,00,00,00,00,00,
12913477,00000118,false,Rx,1,4,00,4C,00,00,00,00,00,00,
12923681,00000118,false,Rx,1,4,00,4D,00,00,00,00,00,00,
12933862,00000118,false,Rx,1,4,00,4E,00,00,00,00,00,00,
12944066,00000118,false,Rx,1,4,00,4F,00,00,00,00,00,00,
12953874,00000118,false,Rx,1,4,00,40,00,00,00,00,00,00,
12964110,00000118,false,Rx,1,4,00,41,00,00,00,00,00,00,
12973888,00000118,false,Rx,1,4,00,42,00,00,00,00,00,00,
12984020,00000118,false,Rx,1,4,00,43,00,00,00,00,00,00,
12993820,00000118,false,Rx,1,4,00,44,00,00,00,00,00,00,
13004025,00000118,false,Rx,1,4,00,45,00,00,00,00,00,00,
13014205,00000118,false,Rx,1,4,00,46,00,00,00,00,00,00,
13024411,00000118,false,Rx,1,4,00,47,00,00,00,00,00,00,
13034590,00000118,false,Rx,1,4,00,48,00,00,00,00,00,00,
13044788,00000118,false,Rx,1,4,00,49,00,00,00,00,00,00,
13054600,00000118,false,Rx,1,4,00,4A,00,00,00,00,00,00,
13064767,00000118,false,Rx,1,4,00,4B,00,00,00,00,00,00,
13074619,00000118,false,Rx,1,4,00,4C,00,00,00,00,00,00,
13084751,00000118,false,Rx,1,4,00,4D,00,00,00,00,00,00,
13094550,00000118,false,Rx,1,4,00,4E,00,00,00,00,00,00,
13104755,00000118,false,Rx,1,4,00,4F,00,00,00,00,00,00,
13114951,00000118,false,Rx,1,4,00,40,00,00,00,00,00,00,
13125379,00000118,false,Rx,1,4,00,41,00,00,00,00,00,00,
13135380,00000118,false,Rx,1,4,00,42,00,00,00,00,00,00,
13145633,00000118,false,Rx,1,4,00,43,00,00,00,00,00,00,
13155381,00000118,false,Rx,1,4,00,44,00,00,00,00,00,00,
13165629,00000118,false,Rx,1,4,00,45,00,00,00,00,00,00,
13175377,00000118,false,Rx,1,4,00,46,00,00,00,00,00,00,
13185629,00000118,false,Rx,1,4,00,47,00,00,00,00,00,00,
13195377,00000118,false,Rx,1,4,00,48,00,00,00,00,00,00,
13205629,00000118,false,Rx,1,4,00,49,00,00,00,00,00,00,
13215880,00000118,false,Rx,1,4,00,4A,00,00,00,00,00,00,
13219551,00000700,false,Rx,0,8,02,3E,80,55,55,55,55,55,
13226124,00000118,false,Rx,1,4,00,4B,00,00,00,00,00,00,
13235641,00000118,false,Rx,1,4,00,4C,00,00,00,00,00,00,
13245875,00000118,false,Rx,1,4,00,4D,00,00,00,00,00,00,
13255886,00000118,false,Rx,1,4,00,4E,00,00,00,00,00,00,
13265875,00000118,false,Rx,1,4,00,4F,00,00,00,00,00,00,
13275877,00000118,false,Rx,1,4,00,40,00,00,00,00,00,00,
13286365,00000118,false,Rx,1,4,00,41,00,00,00,00,00,00,
13296123,00000118,false,Rx,1,4,00,42,00,00,00,00,00,00,
13306361,00000118,false,Rx,1,4,00,43,00,00,00,00,00,00,
13316611,00000118,false,Rx,1,4,00,44,00,00,00,00,00,00,
13326671,00000118,false,Rx,1,4,00,45,00,00,00,00,00,00,
13340210,00000118,false,Rx,1,4,00,46,00,00,00,00,00,00,
13346988,00000118,false,Rx,1,4,00,47,00,00,00,00,00,00,
13356326,00000118,false,Rx,1,4,00,48,00,00,00,00,00,00,
13366657,00000118,false,Rx,1,4,00,49,00,00,00,00,00,00,
13367183,17F0000F,true,Rx,1,8,00,0F,00,00,00,00,00,80,
13376343,00000118,false,Rx,1,4,00,4A,00,00,00,00,00,00,
13386617,00000118,false,Rx,1,4,00,4B,00,00,00,00,00,00,
13396269,00000118,false,Rx,1,4,00,4C,00,00,00,00,00,00,
13406620,00000118,false,Rx,1,4,00,4D,00,00,00,00,00,00,
13416252,00000118,false,Rx,1,4,00,4E,00,00,00,00,00,00,
13426606,00000118,false,Rx,1,4,00,4F,00,00,00,00,00,00,
13436241,00000118,false,Rx,1,4,00,40,00,00,00,00,00,00,
13446575,00000118,false,Rx,1,4,00,41,00,00,00,00,00,00,
13456253,00000118,false,Rx,1,4,00,42,00,00,00,00,00,00,
13466635,00000118,false,Rx,1,4,00,43,00,00,00,00,00,00,
13476264,00000118,false,Rx,1,4,00,44,00,00,00,00,00,00,
13486545,00000118,false,Rx,1,4,00,45,00,00,00,00,00,00,
13488958,0000070F,false,Rx,0,8,03,19,02,AE,55,55,55,55,
13496219,00000118,false,Rx,1,4,00,46,00,00,00,00,00,00,
13506550,00000118,false,Rx,1,4,00,47,00,00,00,00,00,00,
13508681,00000779,false,Rx,1,8,10,2B,59,02,19,00,41,1A,
13514220,0000070F,false,Rx,0,8,30,00,02,55,55,55,55,55,
13516209,00000118,false,Rx,1,4,00,48,00,00,00,00,00,00,
13517522,00000779,false,Rx,1,8,21,08,00,41,0C,08,00,41,
13526545,00000118,false,Rx,1,4,00,49,00,00,00,00,00,00,
13528676,00000779,false,Rx,1,8,22,0D,08,00,41,0E,08,00,
13536180,00000118,false,Rx,1,4,00,4A,00,00,00,00,00,00,
13537483,00000779,false,Rx,1,8,23,41,0F,08,00,44,3C,08,
13546913,00000118,false,Rx,1,4,00,4B,00,00,00,00,00,00,
13549043,00000779,false,Rx,1,8,24,00,44,3D,08,00,44,3E,
13556592,00000118,false,Rx,1,4,00,4C,00,00,00,00,00,00,
13557892,00000779,false,Rx,1,8,25,08,00,44,41,08,00,41,
13567120,00000118,false,Rx,1,4,00,4D,00,00,00,00,00,00,
13569018,00000779,false,Rx,1,8,26,57,08,AA,AA,AA,AA,AA,
13576606,00000118,false,Rx,1,4,00,4E,00,00,00,00,00,00,
13586875,00000118,false,Rx,1,4,00,4F,00,00,00,00,00,00,
13596528,00000118,false,Rx,1,4,00,40,00,00,00,00,00,00,
13606883,00000118,false,Rx,1,4,00,41,00,00,00,00,00,00,
13616513,00000118,false,Rx,1,4,00,42,00,00,00,00,00,00,
13626867,00000118,false,Rx,1,4,00,43,00,00,00,00,00,00,
13636499,00000118,false,Rx,1,4,00,44,00,00,00,00,00,00,
13646834,00000118,false,Rx,1,4,00,45,00,00,00,00,00,00,
13656504,00000118,false,Rx,1,4,00,46,00,00,00,00,00,00,
13666870,00000118,false,Rx,1,4,00,47,00,00,00,00,00,00,
13676524,00000118,false,Rx,1,4,00,48,00,00,00,00,00,00,
13676770,0000070F,false,Rx,0,8,06,19,06,00,41,1A,FF,55,
13686831,00000118,false,Rx,1,4,00,49,00,00,00,00,00,00,
13696459,00000118,false,Rx,1,4,00,4A,00,00,00,00,00,00,
13697769,00000779,false,Rx,1,8,10,1C,59,06,00,41,1A,08,
13706821,00000118,false,Rx,1,4,00,4B,00,00,00,00,00,00,
13716445,00000118,false,Rx,1,4,00,4C,00,00,00,00,00,00,
13726798,00000118,false,Rx,1,4,00,4D,00,00,00,00,00,00,
13730597,0000070F,false,Rx,0,8,30,00,01,55,55,55,55,55,
13736448,00000118,false,Rx,1,4,00,4E,00,00,00,00,00,00,
13737757,00000779,false,Rx,1,8,21,01,01,01,02,58,02,58,
13746774,00000118,false,Rx,1,4,00,4F,00,00,00,00,00,00,
13748897,00000779,false,Rx,1,8,22,4D,00,00,68,57,87,E0,
13756445,00000118,false,Rx,1,4,00,40,00,00,00,00,00,00,
13757754,00000779,false,Rx,1,8,23,70,4C,00,00,06,32,0F,
13766870,00000118,false,Rx,1,4,00,41,00,00,00,00,00,00,
13768874,00000779,false,Rx,1,8,24,90,AA,AA,AA,AA,AA,AA,
13776465,00000118,false,Rx,1,4,00,42,00,00,00,00,00,00,
13786736,00000118,false,Rx,1,4,00,43,00,00,00,00,00,00,
13796389,00000118,false,Rx,1,4,00,44,00,00,00,00,00,00,
13806741,00000118,false,Rx,1,4,00,45,00,00,00,00,00,00,
13816373,00000118,false,Rx,1,4,00,46,00,00,00,00,00,00,
13827366,00000118,false,Rx,1,4,00,47,00,00,00,00,00,00,
13841936,00000118,false,Rx,1,4,00,48,00,00,00,00,00,00,
13846712,00000118,false,Rx,1,4,00,49,00,00,00,00,00,00,
13856387,00000118,false,Rx,1,4,00,4A,00,00,00,00,00,00,
13866955,00000118,false,Rx,1,4,00,4B,00,00,00,00,00,00,
13867461,17F0000F,true,Rx,1,8,00,0F,00,00,00,00,00,80,
13876400,00000118,false,Rx,1,4,00,4C,00,00,00,00,00,00,
13880429,0000070F,false,Rx,0,8,06,19,06,00,41,0C,FF,55,
13886691,00000118,false,Rx,1,4,00,4D,00,00,00,00,00,00,
13896318,00000118,false,Rx,1,4,00,4E,00,00,00,00,00,00,
13897628,00000779,false,Rx,1,8,10,1C,59,06,00,41,0C,08,
13906681,00000118,false,Rx,1,4,00,4F,00,00,00,00,00,00,
13916308,00000118,false,Rx,1,4,00,40,00,00,00,00,00,00,
13926661,00000118,false,Rx,1,4,00,41,00,00,00,00,00,00,
13934225,0000070F,false,Rx,0,8,30,00,01,55,55,55,55,55,
13936310,00000118,false,Rx,1,4,00,42,00,00,00,00,00,00,
13937617,00000779,false,Rx,1,8,21,01,06,01,02,58,02,58,
13946633,00000118,false,Rx,1,4,00,43,00,00,00,00,00,00,
13948757,00000779,false,Rx,1,8,22,4D,00,00,68,57,87,E0,
13956306,00000118,false,Rx,1,4,00,44,00,00,00,00,00,00,
13957619,00000779,false,Rx,1,8,23,70,4B,00,00,FF,FF,FF,
13966636,00000118,false,Rx,1,4,00,45,00,00,00,00,00,00,
13968736,00000779,false,Rx,1,8,24,90,AA,AA,AA,AA,AA,AA,
13976327,00000118,false,Rx,1,4,00,46,00,00,00,00,00,00,
13986598,00000118,false,Rx,1,4,00,47,00,00,00,00,00,00,
13996248,00000118,false,Rx,1,4,00,48,00,00,00,00,00,00,
14006603,00000118,false,Rx,1,4,00,49,00,00,00,00,00,00,
14016237,00000118,false,Rx,1,4,00,4A,00,00,00,00,00,00,
14026591,00000118,false,Rx,1,4,00,4B,00,00,00,00,00,00,
14036225,00000118,false,Rx,1,4,00,4C,00,00,00,00,00,00,
14046556,00000118,false,Rx,1,4,00,4D,00,00,00,00,00,00,
14056226,00000118,false,Rx,1,4,00,4E,00,00,00,00,00,00,
14066630,00000118,false,Rx,1,4,00,4F,00,00,00,00,00,00,
14076251,00000118,false,Rx,1,4,00,40,00,00,00,00,00,00,
14078497,0000070F,false,Rx,0,8,06,19,06,00,41,0D,FF,55,
14086554,00000118,false,Rx,1,4,00,41,00,00,00,00,00,00,
14096180,00000118,false,Rx,1,4,00,42,00,00,00,00,00,00,
14097489,00000779,false,Rx,1,8,10,1C,59,06,00,41,0D,08,
14106543,00000118,false,Rx,1,4,00,43,00,00,00,00,00,00,
14116166,00000118,false,Rx,1,4,00,44,00,00,00,00,00,00,
14126519,00000118,false,Rx,1,4,00,45,00,00,00,00,00,00,
14132057,0000070F,false,Rx,0,8,30,00,01,55,55,55,55,55,
14136169,00000118,false,Rx,1,4,00,46,00,00,00,00,00,00,
14137480,00000779,false,Rx,1,8,21,01,06,08,02,58,02,58,
14146494,00000118,false,Rx,1,4,00,47,00,00,00,00,00,00,
14148623,00000779,false,Rx,1,8,22,4D,00,00,68,57,87,E0,
14156176,00000118,false,Rx,1,4,00,48,00,00,00,00,00,00,
14157478,00000779,false,Rx,1,8,23,70,4F,00,00,FF,FF,FF,
14166632,00000118,false,Rx,1,4,00,49,00,00,00,00,00,00,
14168603,00000779,false,Rx,1,8,24,8F,AA,AA,AA,AA,AA,AA,
14176189,00000118,false,Rx,1,4,00,4A,00,00,00,00,00,00,
14186461,00000118,false,Rx,1,4,00,4B,00,00,00,00,00,00,
14196115,00000118,false,Rx,1,4,00,4C,00,00,00,00,00,00,
14206465,00000118,false,Rx,1,4,00,4D,00,00,00,00,00,00,
14216096,00000118,false,Rx,1,4,00,4E,00,00,00,00,00,00,
14226451,00000118,false,Rx,1,4,00,4F,00,00,00,00,00,00,
14236084,00000118,false,Rx,1,4,00,40,00,00,00,00,00,00,
14246420,00000118,false,Rx,1,4,00,41,00,00,00,00,00,00,
14256088,00000118,false,Rx,1,4,00,42,00,00,00,00,00,00,
14266633,00000118,false,Rx,1,4,00,43,00,00,00,00,00,00,
14276123,00000118,false,Rx,1,4,00,44,00,00,00,00,00,00,
14276617,0000070F,false,Rx,0,8,06,19,06,00,41,0E,FF,55,
14286414,00000118,false,Rx,1,4,00,45,00,00,00,00,00,00,
14296041,00000118,false,Rx,1,4,00,46,00,00,00,00,00,00,
14297351,00000779,false,Rx,1,8,10,1C,59,06,00,41,0E,08,
14306403,00000118,false,Rx,1,4,00,47,00,00,00,00,00,00,
14316025,00000118,false,Rx,1,4,00,48,00,00,00,00,00,00,
14326325,00000118,false,Rx,1,4,00,49,00,00,00,00,00,00,
14329952,0000070F,false,Rx,0,8,30,00,01,55,55,55,55,55,
14338279,00000118,false,Rx,1,4,00,4A,00,00,00,00,00,00,
14338294,00000779,false,Rx,1,8,21,01,06,17,02,58,02,58,
14346797,00000118,false,Rx,1,4,00,4B,00,00,00,00,00,00,
14349161,00000779,false,Rx,1,8,22,4D,00,00,68,57,87,E0,
14356440,00000118,false,Rx,1,4,00,4C,00,00,00,00,00,00,
14357719,00000779,false,Rx,1,8,23,70,4D,00,00,FF,FF,FF,
14367382,00000118,false,Rx,1,4,00,4D,00,00,00,00,00,00,
14367914,17F0000F,true,Rx,1,8,00,0F,00,00,00,00,00,80,
14369456,00000779,false,Rx,1,8,24,90,AA,AA,AA,AA,AA,AA,
14376853,00000118,false,Rx,1,4,00,4E,00,00,00,00,00,00,
14387119,00000118,false,Rx,1,4,00,4F,00,00,00,00,00,00,
14396793,00000118,false,Rx,1,4,00,40,00,00,00,00,00,00,
14407110,00000118,false,Rx,1,4,00,41,00,00,00,00,00,00,
14416776,00000118,false,Rx,1,4,00,42,00,00,00,00,00,00,
14427092,00000118,false,Rx,1,4,00,43,00,00,00,00,00,00,
14436744,00000118,false,Rx,1,4,00,44,00,00,00,00,00,00,
14447098,00000118,false,Rx,1,4,00,45,00,00,00,00,00,00,
14456728,00000118,false,Rx,1,4,00,46,00,00,00,00,00,00,
14467118,00000118,false,Rx,1,4,00,47,00,00,00,00,00,00,
14476750,00000118,false,Rx,1,4,00,48,00,00,00,00,00,00,
14478962,0000070F,false,Rx,0,8,06,19,06,00,41,0F,FF,55,
14487077,00000118,false,Rx,1,4,00,49,00,00,00,00,00,00,
14496722,00000118,false,Rx,1,4,00,4A,00,00,00,00,00,00,
14498030,00000779,false,Rx,1,8,10,1C,59,06,00,41,0F,08,
14507047,00000118,false,Rx,1,4,00,4B,00,00,00,00,00,00,
14516710,00000118,false,Rx,1,4,00,4C,00,00,00,00,00,00,
14527022,00000118,false,Rx,1,4,00,4D,00,00,00,00,00,00,
14532533,0000070F,false,Rx,0,8,30,00,01,55,55,55,55,55,
14536694,00000118,false,Rx,1,4,00,4E,00,00,00,00,00,00,
14538003,00000779,false,Rx,1,8,21,01,06,19,02,58,02,58,
14547036,00000118,false,Rx,1,4,00,4F,00,00,00,00,00,00,
14549160,00000779,false,Rx,1,8,22,4D,00,00,68,57,87,E0,
14556670,00000118,false,Rx,1,4,00,40,00,00,00,00,00,00,
14557983,00000779,false,Rx,1,8,23,70,4C,00,00,FF,FF,FF,
14567607,00000118,false,Rx,1,4,00,41,00,00,00,00,00,00,
14569683,00000779,false,Rx,1,8,24,90,AA,AA,AA,AA,AA,AA,
14577092,00000118,false,Rx,1,4,00,42,00,00,00,00,00,00,
14587386,00000118,false,Rx,1,4,00,43,00,00,00,00,00,00,
14597052,00000118,false,Rx,1,4,00,44,00,00,00,00,00,00,
14607366,00000118,false,Rx,1,4,00,45,00,00,00,00,00,00,
14617035,00000118,false,Rx,1,4,00,46,00,00,00,00,00,00,
14627352,00000118,false,Rx,1,4,00,47,00,00,00,00,00,00,
14637003,00000118,false,Rx,1,4,00,48,00,00,00,00,00,00,
14647358,00000118,false,Rx,1,4,00,49,00,00,00,00,00,00,
14656993,00000118,false,Rx,1,4,00,4A,00,00,00,00,00,00,
14667373,00000118,false,Rx,1,4,00,4B,00,00,00,00,00,00,
14677014,00000118,false,Rx,1,4,00,4C,00,00,00,00,00,00,
14679486,0000070F,false,Rx,0,8,06,19,06,00,44,3C,FF,55,
14687337,00000118,false,Rx,1,4,00,4D,00,00,00,00,00,00,
14696983,00000118,false,Rx,1,4,00,4E,00,00,00,00,00,00,
14698288,00000779,false,Rx,1,8,10,1C,59,06,00,44,3C,08,
14707305,00000118,false,Rx,1,4,00,4F,00,00,00,00,00,00,
14716969,00000118,false,Rx,1,4,00,40,00,00,00,00,00,00,
14727286,00000118,false,Rx,1,4,00,41,00,00,00,00,00,00,
14733295,0000070F,false,Rx,0,8,30,00,01,55,55,55,55,55,
14736953,00000118,false,Rx,1,4,00,42,00,00,00,00,00,00,
14738264,00000779,false,Rx,1,8,21,01,06,0A,02,58,02,58,
14747295,00000118,false,Rx,1,4,00,43,00,00,00,00,00,00,
14749442,00000779,false,Rx,1,8,22,4D,00,00,68,57,87,E0,
14756948,00000118,false,Rx,1,4,00,44,00,00,00,00,00,00,
14758244,00000779,false,Rx,1,8,23,70,4E,00,00,FF,FF,FF,
14767849,00000118,false,Rx,1,4,00,45,00,00,00,00,00,00,
14769948,00000779,false,Rx,1,8,24,90,AA,AA,AA,AA,AA,AA,
14777333,00000118,false,Rx,1,4,00,46,00,00,00,00,00,00,
14787643,00000118,false,Rx,1,4,00,47,00,00,00,00,00,00,
14797310,00000118,false,Rx,1,4,00,48,00,00,00,00,00,00,
14807627,00000118,false,Rx,1,4,00,49,00,00,00,00,00,00,
14817301,00000118,false,Rx,1,4,00,4A,00,00,00,00,00,00,
14827820,00000118,false,Rx,1,4,00,4B,00,00,00,00,00,00,
14837292,00000118,false,Rx,1,4,00,4C,00,00,00,00,00,00,
14847595,00000118,false,Rx,1,4,00,4D,00,00,00,00,00,00,
14857365,00000118,false,Rx,1,4,00,4E,00,00,00,00,00,00,
14867641,00000118,false,Rx,1,4,00,4F,00,00,00,00,00,00,
14868161,17F0000F,true,Rx,1,8,00,0F,00,00,00,00,00,80,
14877376,00000118,false,Rx,1,4,00,40,00,00,00,00,00,00,
14880413,0000070F,false,Rx,0,8,06,19,06,00,44,3D,FF,55,
14887623,00000118,false,Rx,1,4,00,41,00,00,00,00,00,00,
14897378,00000118,false,Rx,1,4,00,42,00,00,00,00,00,00,
14898583,00000779,false,Rx,1,8,10,1C,59,06,00,44,3D,08,
14907610,00000118,false,Rx,1,4,00,43,00,00,00,00,00,00,
14917267,00000118,false,Rx,1,4,00,44,00,00,00,00,00,00,
14927603,00000118,false,Rx,1,4,00,45,00,00,00,00,00,00,
14934319,0000070F,false,Rx,0,8,30,00,01,55,55,55,55,55,
14937686,00000118,false,Rx,1,4,00,46,00,00,00,00,00,00,
14938992,00000779,false,Rx,1,8,21,01,06,16,02,58,02,58,
14948086,00000118,false,Rx,1,4,00,47,00,00,00,00,00,00,
14950010,00000779,false,Rx,1,8,22,4D,00,00,68,57,87,E0,
14957662,00000118,false,Rx,1,4,00,48,00,00,00,00,00,00,
14958978,00000779,false,Rx,1,8,23,70,4D,00,00,FF,FF,FF,
14968820,00000118,false,Rx,1,4,00,49,00,00,00,00,00,00,
14970803,00000779,false,Rx,1,8,24,90,AA,AA,AA,AA,AA,AA,
14978471,00000118,false,Rx,1,4,00,4A,00,00,00,00,00,00,
14988686,00000118,false,Rx,1,4,00,4B,00,00,00,00,00,00,
14998399,00000118,false,Rx,1,4,00,4C,00,00,00,00,00,00,
15008670,00000118,false,Rx,1,4,00,4D,00,00,00,00,00,00,
15018357,00000118,false,Rx,1,4,00,4E,00,00,00,00,00,00,
15028676,00000118,false,Rx,1,4,00,4F,00,00,00,00,00,00,
15038346,00000118,false,Rx,1,4,00,40,00,00,00,00,00,00,
15048835,00000118,false,Rx,1,4,00,41,00,00,00,00,00,00,
15058348,00000118,false,Rx,1,4,00,42,00,00,00,00,00,00,
15068814,00000118,false,Rx,1,4,00,43,00,00,00,00,00,00,
15078394,00000118,false,Rx,1,4,00,44,00,00,00,00,00,00,
15079976,0000070F,false,Rx,0,8,06,19,06,00,44,3E,FF,55,
15089056,00000118,false,Rx,1,4,00,45,00,00,00,00,00,00,
15098703,00000118,false,Rx,1,4,00,46,00,00,00,00,00,00,
15100011,00000779,false,Rx,1,8,10,1C,59,06,00,44,3E,08,
15109026,00000118,false,Rx,1,4,00,47,00,00,00,00,00,00,
15118668,00000118,false,Rx,1,4,00,48,00,00,00,00,00,00,
15129022,00000118,false,Rx,1,4,00,49,00,00,00,00,00,00,
15133938,0000070F,false,Rx,0,8,30,00,01,55,55,55,55,55,
15138676,00000118,false,Rx,1,4,00,4A,00,00,00,00,00,00,
15139986,00000779,false,Rx,1,8,21,01,06,19,02,58,02,58,
15149000,00000118,false,Rx,1,4,00,4B,00,00,00,00,00,00,
15151123,00000779,false,Rx,1,8,22,4D,00,00,68,57,87,E0,
15158671,00000118,false,Rx,1,4,00,4C,00,00,00,00,00,00,
15159981,00000779,false,Rx,1,8,23,70,4D,00,00,FF,FF,FF,
15169075,00000118,false,Rx,1,4,00,4D,00,00,00,00,00,00,
15171061,00000779,false,Rx,1,8,24,90,AA,AA,AA,AA,AA,AA,
15178730,00000118,false,Rx,1,4,00,4E,00,00,00,00,00,00,
15188962,00000118,false,Rx,1,4,00,4F,00,00,00,00,00,00,
15198637,00000118,false,Rx,1,4,00,40,00,00,00,00,00,00,
15208952,00000118,false,Rx,1,4,00,41,00,00,00,00,00,00,
15218601,00000118,false,Rx,1,4,00,42,00,00,00,00,00,00,
15228953,00000118,false,Rx,1,4,00,43,00,00,00,00,00,00,
15238587,00000118,false,Rx,1,4,00,44,00,00,00,00,00,00,
15248940,00000118,false,Rx,1,4,00,45,00,00,00,00,00,00,
15258590,00000118,false,Rx,1,4,00,46,00,00,00,00,00,00,
15269073,00000118,false,Rx,1,4,00,47,00,00,00,00,00,00,
15278650,00000118,false,Rx,1,4,00,48,00,00,00,00,00,00,
15280209,0000070F,false,Rx,0,8,06,19,06,00,44,41,FF,55,
15289318,00000118,false,Rx,1,4,00,49,00,00,00,00,00,00,
15298967,00000118,false,Rx,1,4,00,4A,00,00,00,00,00,00,
15300272,00000779,false,Rx,1,8,10,1C,59,06,00,44,41,08,
15309290,00000118,false,Rx,1,4,00,4B,00,00,00,00,00,00,
15318950,00000118,false,Rx,1,4,00,4C,00,00,00,00,00,00,
15329321,00000118,false,Rx,1,4,00,4D,00,00,00,00,00,00,
15334273,0000070F,false,Rx,0,8,30,00,01,55,55,55,55,55,
15343339,00000118,false,Rx,1,4,00,4E,00,00,00,00,00,00,
15343359,00000779,false,Rx,1,8,21,01,06,11,02,58,02,58,
15349381,00000118,false,Rx,1,4,00,4F,00,00,00,00,00,00,
15351432,00000779,false,Rx,1,8,22,4D,00,00,68,57,87,E0,
15358965,00000118,false,Rx,1,4,00,40,00,00,00,00,00,00,
15360242,00000779,false,Rx,1,8,23,70,4D,00,00,FF,FF,FF,
15369319,00000118,false,Rx,1,4,00,41,00,00,00,00,00,00,
15369851,17F0000F,true,Rx,1,8,00,0F,00,00,00,00,00,80,
15371361,00000779,false,Rx,1,8,24,90,AA,AA,AA,AA,AA,AA,
15378980,00000118,false,Rx,1,4,00,42,00,00,00,00,00,00,
15389222,00000118,false,Rx,1,4,00,43,00,00,00,00,00,00,
15399021,00000118,false,Rx,1,4,00,44,00,00,00,00,00,00,
15409216,00000118,false,Rx,1,4,00,45,00,00,00,00,00,00,
15418859,00000118,false,Rx,1,4,00,46,00,00,00,00,00,00,
15429215,00000118,false,Rx,1,4,00,47,00,00,00,00,00,00,
15438845,00000118,false,Rx,1,4,00,48,00,00,00,00,00,00,
15449201,00000118,false,Rx,1,4,00,49,00,00,00,00,00,00,
15458835,00000118,false,Rx,1,4,00,4A,00,00,00,00,00,00,
15469328,00000118,false,Rx,1,4,00,4B,00,00,00,00,00,00,
15478897,00000118,false,Rx,1,4,00,4C,00,00,00,00,00,00,
15479590,0000070F,false,Rx,0,8,06,19,06,00,41,57,FF,55,
15489178,00000118,false,Rx,1,4,00,4D,00,00,00,00,00,00,
15498824,00000118,false,Rx,1,4,00,4E,00,00,00,00,00,00,
15500137,00000779,false,Rx,1,8,10,1C,59,06,00,41,57,08,
15509155,00000118,false,Rx,1,4,00,4F,00,00,00,00,00,00,
15518793,00000118,false,Rx,1,4,00,40,00,00,00,00,00,00,
15529147,00000118,false,Rx,1,4,00,41,00,00,00,00,00,00,
15533420,0000070F,false,Rx,0,8,30,00,01,55,55,55,55,55,
15538797,00000118,false,Rx,1,4,00,42,00,00,00,00,00,00,
15540103,00000779,false,Rx,1,8,21,01,06,01,02,58,02,58,
15549139,00000118,false,Rx,1,4,00,43,00,00,00,00,00,00,
15551268,00000779,false,Rx,1,8,22,4D,00,00,68,57,87,E0,
15558771,00000118,false,Rx,1,4,00,44,00,00,00,00,00,00,
15560087,00000779,false,Rx,1,8,23,70,4B,00,00,FF,FF,FF,
15569544,00000118,false,Rx,1,4,00,45,00,00,00,00,00,00,
15571626,00000779,false,Rx,1,8,24,8F,AA,AA,AA,AA,AA,AA,
15579213,00000118,false,Rx,1,4,00,46,00,00,00,00,00,00,
15589483,00000118,false,Rx,1,4,00,47,00,00,00,00,00,00,
15599153,00000118,false,Rx,1,4,00,48,00,00,00,00,00,00,
15609474,00000118,false,Rx,1,4,00,49,00,00,00,00,00,00,
15619123,00000118,false,Rx,1,4,00,4A,00,00,00,00,00,00,
15629477,00000118,false,Rx,1,4,00,4B,00,00,00,00,00,00,
15639111,00000118,false,Rx,1,4,00,4C,00,00,00,00,00,00,
15649461,00000118,false,Rx,1,4,00,4D,00,00,00,00,00,00,
15659094,00000118,false,Rx,1,4,00,4E,00,00,00,00,00,00,
15669570,00000118,false,Rx,1,4,00,4F,00,00,00,00,00,00,
15679158,00000118,false,Rx,1,4,00,40,00,00,00,00,00,00,
15689416,00000118,false,Rx,1,4,00,41,00,00,00,00,00,00,
15699086,00000118,false,Rx,1,4,00,42,00,00,00,00,00,00,
15709402,00000118,false,Rx,1,4,00,43,00,00,00,00,00,00,
15719052,00000118,false,Rx,1,4,00,44,00,00,00,00,00,00,
15729406,00000118,false,Rx,1,4,00,45,00,00,00,00,00,00,
15739037,00000118,false,Rx,1,4,00,46,00,00,00,00,00,00,
15749392,00000118,false,Rx,1,4,00,47,00,00,00,00,00,00,
15759024,00000118,false,Rx,1,4,00,48,00,00,00,00,00,00,
15769539,00000118,false,Rx,1,4,00,49,00,00,00,00,00,00,
15779087,00000118,false,Rx,1,4,00,4A,00,00,00,00,00,00,
15789348,00000118,false,Rx,1,4,00,4B,00,00,00,00,00,00,
15793338,00000700,false,Rx,0,8,02,3E,80,55,55,55,55,55,
15799040,00000118,false,Rx,1,4,00,4C,00,00,00,00,00,00,
15809334,00000118,false,Rx,1,4,00,4D,00,00,00,00,00,00,
15818983,00000118,false,Rx,1,4,00,4E,00,00,00,00,00,00,
15829376,00000118,false,Rx,1,4,00,4F,00,00,00,00,00,00,
15841658,00000118,false,Rx,1,4,00,40,00,00,00,00,00,00,
15849772,00000118,false,Rx,1,4,00,41,00,00,00,00,00,00,
15859359,00000118,false,Rx,1,4,00,42,00,00,00,00,00,00,
15869822,00000118,false,Rx,1,4,00,43,00,00,00,00,00,00,
15870111,17F0000F,true,Rx,1,8,00,0F,00,00,00,00,00,80,
15879766,00000118,false,Rx,1,4,00,44,00,00,00,00,00,00,
15890075,00000118,false,Rx,1,4,00,45,00,00,00,00,00,00,
15899743,00000118,false,Rx,1,4,00,46,00,00,00,00,00,00,
15910079,00000118,false,Rx,1,4,00,47,00,00,00,00,00,00,
15919714,00000118,false,Rx,1,4,00,48,00,00,00,00,00,00,
15930067,00000118,false,Rx,1,4,00,49,00,00,00,00,00,00,
15939701,00000118,false,Rx,1,4,00,4A,00,00,00,00,00,00,
15950055,00000118,false,Rx,1,4,00,4B,00,00,00,00,00,00,
15959687,00000118,false,Rx,1,4,00,4C,00,00,00,00,00,00,
15970054,00000118,false,Rx,1,4,00,4D,00,00,00,00,00,00,
15979689,00000118,false,Rx,1,4,00,4E,00,00,00,00,00,00,
15990005,00000118,false,Rx,1,4,00,4F,00,00,00,00,00,00,
15999679,00000118,false,Rx,1,4,00,40,00,00,00,00,00,00,
16009994,00000118,false,Rx,1,4,00,41,00,00,00,00,00,00,
16019650,00000118,false,Rx,1,4,00,42,00,00,00,00,00,00,
16030000,00000118,false,Rx,1,4,00,43,00,00,00,00,00,00,
16039630,00000118,false,Rx,1,4,00,44,00,00,00,00,00,00,
16049983,00000118,false,Rx,1,4,00,45,00,00,00,00,00,00,
16059613,00000118,false,Rx,1,4,00,46,00,00,00,00,00,00,
16069986,00000118,false,Rx,1,4,00,47,00,00,00,00,00,00,
16080022,00000118,false,Rx,1,4,00,48,00,00,00,00,00,00,
16090336,00000118,false,Rx,1,4,00,49,00,00,00,00,00,00,
16100009,00000118,false,Rx,1,4,00,4A,00,00,00,00,00,00,
16110324,00000118,false,Rx,1,4,00,4B,00,00,00,00,00,00,
16119979,00000118,false,Rx,1,4,00,4C,00,00,00,00,00,00,
16130327,00000118,false,Rx,1,4,00,4D,00,00,00,00,00,00,
16139960,00000118,false,Rx,1,4,00,4E,00,00,00,00,00,00,
16150312,00000118,false,Rx,1,4,00,4F,00,00,00,00,00,00,
16159952,00000118,false,Rx,1,4,00,40,00,00,00,00,00,00,
16170318,00000118,false,Rx,1,4,00,41,00,00,00,00,00,00,
16180351,00000118,false,Rx,1,4,00,42,00,00,00,00,00,00,
16190666,00000118,false,Rx,1,4,00,43,00,00,00,00,00,00,
16193651,00000700,false,Rx,0,8,02,3E,80,55,55,55,55,55,
16200359,00000118,false,Rx,1,4,00,44,00,00,00,00,00,00,
16210653,00000118,false,Rx,1,4,00,45,00,00,00,00,00,00,
16220306,00000118,false,Rx,1,4,00,46,00,00,00,00,00,00,
16230657,00000118,false,Rx,1,4,00,47,00,00,00,00,00,00,
16240289,00000118,false,Rx,1,4,00,48,00,00,00,00,00,00,
16250643,00000118,false,Rx,1,4,00,49,00,00,00,00,00,00,
16260279,00000118,false,Rx,1,4,00,4A,00,00,00,00,00,00,
16270649,00000118,false,Rx,1,4,00,4B,00,00,00,00,00,00,
16280683,00000118,false,Rx,1,4,00,4C,00,00,00,00,00,00,
16290995,00000118,false,Rx,1,4,00,4D,00,00,00,00,00,00,
16300667,00000118,false,Rx,1,4,00,4E,00,00,00,00,00,00,
16310984,00000118,false,Rx,1,4,00,4F,00,00,00,00,00,00,
16320638,00000118,false,Rx,1,4,00,40,00,00,00,00,00,00,
16331047,00000118,false,Rx,1,4,00,41,00,00,00,00,00,00,
16345257,00000118,false,Rx,1,4,00,42,00,00,00,00,00,00,
16351003,00000118,false,Rx,1,4,00,43,00,00,00,00,00,00,
16360630,00000118,false,Rx,1,4,00,44,00,00,00,00,00,00,
16370978,00000118,false,Rx,1,4,00,45,00,00,00,00,00,00,
16371270,17F0000F,true,Rx,1,8,00,0F,00,00,00,00,00,80,
16380616,00000118,false,Rx,1,4,00,46,00,00,00,00,00,00,
16390946,00000118,false,Rx,1,4,00,47,00,00,00,00,00,00,
16400596,00000118,false,Rx,1,4,00,48,00,00,00,00,00,00,
16410913,00000118,false,Rx,1,4,00,49,00,00,00,00,00,00,
16420568,00000118,false,Rx,1,4,00,4A,00,00,00,00,00,00,
16430955,00000118,false,Rx,1,4,00,4B,00,00,00,00,00,00,
16440553,00000118,false,Rx,1,4,00,4C,00,00,00,00,00,00,
16450905,00000118,false,Rx,1,4,00,4D,00,00,00,00,00,00,
16460537,00000118,false,Rx,1,4,00,4E,00,00,00,00,00,00,
16470906,00000118,false,Rx,1,4,00,4F,00,00,00,00,00,00,
16480545,00000118,false,Rx,1,4,00,40,00,00,00,00,00,00,
16490860,00000118,false,Rx,1,4,00,41,00,00,00,00,00,00,
16500529,00000118,false,Rx,1,4,00,42,00,00,00,00,00,00,
16510844,00000118,false,Rx,1,4,00,43,00,00,00,00,00,00,
16520496,00000118,false,Rx,1,4,00,44,00,00,00,00,00,00,
16530857,00000118,false,Rx,1,4,00,45,00,00,00,00,00,00,
16540480,00000118,false,Rx,1,4,00,46,00,00,00,00,00,00,
16550836,00000118,false,Rx,1,4,00,47,00,00,00,00,00,00,
16560466,00000118,false,Rx,1,4,00,48,00,00,00,00,00,00,
16570838,00000118,false,Rx,1,4,00,49,00,00,00,00,00,00,
16577051,00000700,false,Rx,0,8,02,3E,80,55,55,55,55,55,
16580497,00000118,false,Rx,1,4,00,4A,00,00,00,00,00,00,
16590790,00000118,false,Rx,1,4,00,4B,00,00,00,00,00,00,
16600461,00000118,false,Rx,1,4,00,4C,00,00,00,00,00,00,
16610774,00000118,false,Rx,1,4,00,4D,00,00,00,00,00,00,
16620427,00000118,false,Rx,1,4,00,4E,00,00,00,00,00,00,
16630785,00000118,false,Rx,1,4,00,4F,00,00,00,00,00,00,
16640414,00000118,false,Rx,1,4,00,40,00,00,00,00,00,00,
16650768,00000118,false,Rx,1,4,00,41,00,00,00,00,00,00,
16660399,00000118,false,Rx,1,4,00,42,00,00,00,00,00,00,
16670768,00000118,false,Rx,1,4,00,43,00,00,00,00,00,00,
16680403,00000118,false,Rx,1,4,00,44,00,00,00,00,00,00,
16690718,00000118,false,Rx,1,4,00,45,00,00,00,00,00,00,
16700387,00000118,false,Rx,1,4,00,46,00,00,00,00,00,00,
16710704,00000118,false,Rx,1,4,00,47,00,00,00,00,00,00,
16720355,00000118,false,Rx,1,4,00,48,00,00,00,00,00,00,
16730712,00000118,false,Rx,1,4,00,49,00,00,00,00,00,00,
16740345,00000118,false,Rx,1,4,00,4A,00,00,00,00,00,00,
16750707,00000118,false,Rx,1,4,00,4B,00,00,00,00,00,00,
16760333,00000118,false,Rx,1,4,00,4C,00,00,00,00,00,00,
16770699,00000118,false,Rx,1,4,00,4D,00,00,00,00,00,00,
16780744,00000118,false,Rx,1,4,00,4E,00,00,00,00,00,00,
16791049,00000118,false,Rx,1,4,00,4F,00,00,00,00,00,00,
16800721,00000118,false,Rx,1,4,00,40,00,00,00,00,00,00,
16811038,00000118,false,Rx,1,4,00,41,00,00,00,00,00,00,
16820688,00000118,false,Rx,1,4,00,42,00,00,00,00,00,00,
16831000,00000118,false,Rx,1,4,00,43,00,00,00,00,00,00,
16841041,00000118,false,Rx,1,4,00,44,00,00,00,00,00,00,
16851410,00000118,false,Rx,1,4,00,45,00,00,00,00,00,00,
16861128,00000118,false,Rx,1,4,00,46,00,00,00,00,00,00,
16871627,00000118,false,Rx,1,4,00,47,00,00,00,00,00,00,
16872157,17F0000F,true,Rx,1,8,00,0F,00,00,00,00,00,80,
16881070,00000118,false,Rx,1,4,00,48,00,00,00,00,00,00,
16891621,00000118,false,Rx,1,4,00,49,00,00,00,00,00,00,
16901051,00000118,false,Rx,1,4,00,4A,00,00,00,00,00,00,
16911377,00000118,false,Rx,1,4,00,4B,00,00,00,00,00,00,
16921019,00000118,false,Rx,1,4,00,4C,00,00,00,00,00,00,
16931374,00000118,false,Rx,1,4,00,4D,00,00,00,00,00,00,
16941021,00000118,false,Rx,1,4,00,4E,00,00,00,00,00,00,
16951494,00000118,false,Rx,1,4,00,4F,00,00,00,00,00,00,
16960992,00000118,false,Rx,1,4,00,40,00,00,00,00,00,00,
16971374,00000118,false,Rx,1,4,00,41,00,00,00,00,00,00,
16980996,00000118,false,Rx,1,4,00,42,00,00,00,00,00,00,
16991370,00000118,false,Rx,1,4,00,43,00,00,00,00,00,00,
16995537,0000070F,false,Rx,0,8,04,14,FF,FF,FF,55,55,55,
17001005,00000118,false,Rx,1,4,00,44,00,00,00,00,00,00,
17011378,00000118,false,Rx,1,4,00,45,00,00,00,00,00,00,
17013416,00000779,false,Rx,1,8,01,54,AA,AA,AA,AA,AA,AA,
17020958,00000118,false,Rx,1,4,00,46,00,00,00,00,00,00,
17031866,00000118,false,Rx,1,4,00,47,00,00,00,00,00,00,
17041375,00000118,false,Rx,1,4,00,48,00,00,00,00,00,00,
17051868,00000118,false,Rx,1,4,00,49,00,00,00,00,00,00,
17061374,00000118,false,Rx,1,4,00,4A,00,00,00,00,00,00,
17071697,00000118,false,Rx,1,4,00,4B,00,00,00,00,00,00,
17081375,00000118,false,Rx,1,4,00,4C,00,00,00,00,00,00,
17091867,00000118,false,Rx,1,4,00,4D,00,00,00,00,00,00,
17101372,00000118,false,Rx,1,4,00,4E,00,00,00,00,00,00,
17111871,00000118,false,Rx,1,4,00,4F,00,00,00,00,00,00,
17121374,00000118,false,Rx,1,4,00,40,00,00,00,00,00,00,
17131873,00000118,false,Rx,1,4,00,41,00,00,00,00,00,00,
17141387,00000118,false,Rx,1,4,00,42,00,00,00,00,00,00,
17151621,00000118,false,Rx,1,4,00,43,00,00,00,00,00,00,
17161372,00000118,false,Rx,1,4,00,44,00,00,00,00,00,00,
17171625,00000118,false,Rx,1,4,00,45,00,00,00,00,00,00,
17181369,00000118,false,Rx,1,4,00,46,00,00,00,00,00,00,
17191622,00000118,false,Rx,1,4,00,47,00,00,00,00,00,00,
17201370,00000118,false,Rx,1,4,00,48,00,00,00,00,00,00,
17211622,00000118,false,Rx,1,4,00,49,00,00,00,00,00,00,
17221373,00000118,false,Rx,1,4,00,4A,00,00,00,00,00,00,
17231625,00000118,false,Rx,1,4,00,4B,00,00,00,00,00,00,
17241374,00000118,false,Rx,1,4,00,4C,00,00,00,00,00,00,
17251623,00000118,false,Rx,1,4,00,4D,00,00,00,00,00,00,
17261372,00000118,false,Rx,1,4,00,4E,00,00,00,00,00,00,
17271632,00000118,false,Rx,1,4,00,4F,00,00,00,00,00,00,
17281374,00000118,false,Rx,1,4,00,40,00,00,00,00,00,00,
17291624,00000118,false,Rx,1,4,00,41,00,00,00,00,00,00,
17301371,00000118,false,Rx,1,4,00,42,00,00,00,00,00,00,
17311622,00000118,false,Rx,1,4,00,43,00,00,00,00,00,00,
17321187,00000118,false,Rx,1,4,00,44,00,00,00,00,00,00,
17338063,00000118,false,Rx,1,4,00,45,00,00,00,00,00,00,
17341155,00000118,false,Rx,1,4,00,46,00,00,00,00,00,00,
17351664,00000118,false,Rx,1,4,00,47,00,00,00,00,00,00,
17361111,00000118,false,Rx,1,4,00,48,00,00,00,00,00,00,
17371643,00000118,false,Rx,1,4,00,49,00,00,00,00,00,00,
17372170,17F0000F,true,Rx,1,8,00,0F,00,00,00,00,00,80,
17381125,00000118,false,Rx,1,4,00,4A,00,00,00,00,00,00,
17391624,00000118,false,Rx,1,4,00,4B,00,00,00,00,00,00,
17392852,0000070F,false,Rx,0,8,03,19,02,AE,55,55,55,55,
17401128,00000118,false,Rx,1,4,00,4C,00,00,00,00,00,00,
17411622,00000118,false,Rx,1,4,00,4D,00,00,00,00,00,00,
17413537,00000779,false,Rx,1,8,03,59,02,19,AA,AA,AA,AA,
17421082,00000118,false,Rx,1,4,00,4E,00,00,00,00,00,00,
17431867,00000118,false,Rx,1,4,00,4F,00,00,00,00,00,00,
17441626,00000118,false,Rx,1,4,00,40,00,00,00,00,00,00,
17451890,00000118,false,Rx,1,4,00,41,00,00,00,00,00,00,
17461624,00000118,false,Rx,1,4,00,42,00,00,00,00,00,00,
17471870,00000118,false,Rx,1,4,00,43,00,00,00,00,00,00,
17481878,00000118,false,Rx,1,4,00,44,00,00,00,00,00,00,
17492357,00000118,false,Rx,1,4,00,45,00,00,00,00,00,00,
17501870,00000118,false,Rx,1,4,00,46,00,00,00,00,00,00,
17512355,00000118,false,Rx,1,4,00,47,00,00,00,00,00,00,
17521865,00000118,false,Rx,1,4,00,48,00,00,00,00,00,00,
17532361,00000118,false,Rx,1,4,00,49,00,00,00,00,00,00,
17541868,00000118,false,Rx,1,4,00,4A,00,00,00,00,00,00,
17552360,00000118,false,Rx,1,4,00,4B,00,00,00,00,00,00,
17561869,00000118,false,Rx,1,4,00,4C,00,00,00,00,00,00,
17572362,00000118,false,Rx,1,4,00,4D,00,00,00,00,00,00,
17582363,00000118,false,Rx,1,4,00,4E,00,00,00,00,00,00,
17592602,00000118,false,Rx,1,4,00,4F,00,00,00,00,00,00,
17602365,00000118,false,Rx,1,4,00,40,00,00,00,00,00,00,
17612618,00000118,false,Rx,1,4,00,41,00,00,00,00,00,00,
17622113,00000118,false,Rx,1,4,00,42,00,00,00,00,00,00,
17632600,00000118,false,Rx,1,4,00,43,00,00,00,00,00,00,
17642113,00000118,false,Rx,1,4,00,44,00,00,00,00,00,00,
17652608,00000118,false,Rx,1,4,00,45,00,00,00,00,00,00,
17662113,00000118,false,Rx,1,4,00,46,00,00,00,00,00,00,
17672603,00000118,false,Rx,1,4,00,47,00,00,00,00,00,00,
17682112,00000118,false,Rx,1,4,00,48,00,00,00,00,00,00,
17692609,00000118,false,Rx,1,4,00,49,00,00,00,00,00,00,
17702112,00000118,false,Rx,1,4,00,4A,00,00,00,00,00,00,
17712606,00000118,false,Rx,1,4,00,4B,00,00,00,00,00,00,
17722116,00000118,false,Rx,1,4,00,4C,00,00,00,00,00,00,
17732602,00000118,false,Rx,1,4,00,4D,00,00,00,00,00,00,
17742125,00000118,false,Rx,1,4,00,4E,00,00,00,00,00,00,
17752602,00000118,false,Rx,1,4,00,4F,00,00,00,00,00,00,
17762120,00000118,false,Rx,1,4,00,40,00,00,00,00,00,00,
17772613,00000118,false,Rx,1,4,00,41,00,00,00,00,00,00,
17782112,00000118,false,Rx,1,4,00,42,00,00,00,00,00,00,
17792355,00000118,false,Rx,1,4,00,43,00,00,00,00,00,00,
17802112,00000118,false,Rx,1,4,00,44,00,00,00,00,00,00,
17812357,00000118,false,Rx,1,4,00,45,00,00,00,00,00,00,
17822112,00000118,false,Rx,1,4,00,46,00,00,00,00,00,00,
17823844,00000700,false,Rx,0,8,02,3E,80,55,55,55,55,55,
17832600,00000118,false,Rx,1,4,00,47,00,00,00,00,00,00,
17844480,00000118,false,Rx,1,4,00,48,00,00,00,00,00,00,
17852381,00000118,false,Rx,1,4,00,49,00,00,00,00,00,00,
17862064,00000118,false,Rx,1,4,00,4A,00,00,00,00,00,00,
17872387,00000118,false,Rx,1,4,00,4B,00,00,00,00,00,00,
17872676,17F0000F,true,Rx,1,8,00,0F,00,00,00,00,00,00,
17881979,00000118,false,Rx,1,4,00,4C,00,00,00,00,00,00,
17892285,00000118,false,Rx,1,4,00,4D,00,00,00,00,00,00,
17901960,00000118,false,Rx,1,4,00,4E,00,00,00,00,00,00,
17912273,00000118,false,Rx,1,4,00,4F,00,00,00,00,00,00,
17921943,00000118,false,Rx,1,4,00,40,00,00,00,00,00,00,
17932278,00000118,false,Rx,1,4,00,41,00,00,00,00,00,00,
17941909,00000118,false,Rx,1,4,00,42,00,00,00,00,00,00,
17952266,00000118,false,Rx,1,4,00,43,00,00,00,00,00,00,
17961911,00000118,false,Rx,1,4,00,44,00,00,00,00,00,00,
17972371,00000118,false,Rx,1,4,00,45,00,00,00,00,00,00,
17981897,00000118,false,Rx,1,4,00,46,00,00,00,00,00,00,
17992214,00000118,false,Rx,1,4,00,47,00,00,00,00,00,00,
18001883,00000118,false,Rx,1,4,00,48,00,00,00,00,00,00,
18012200,00000118,false,Rx,1,4,00,49,00,00,00,00,00,00,
18021855,00000118,false,Rx,1,4,00,4A,00,00,00,00,00,00,
18032207,00000118,false,Rx,1,4,00,4B,00,00,00,00,00,00,
18041840,00000118,false,Rx,1,4,00,4C,00,00,00,00,00,00,
18052193,00000118,false,Rx,1,4,00,4D,00,00,00,00,00,00,
18061830,00000118,false,Rx,1,4,00,4E,00,00,00,00,00,00,
18072370,00000118,false,Rx,1,4,00,4F,00,00,00,00,00,00,
18082237,00000118,false,Rx,1,4,00,40,00,00,00,00,00,00,
18092546,00000118,false,Rx,1,4,00,41,00,00,00,00,00,00,
18102216,00000118,false,Rx,1,4,00,42,00,00,00,00,00,00,
18112531,00000118,false,Rx,1,4,00,43,00,00,00,00,00,00,
18122373,00000118,false,Rx,1,4,00,44,00,00,00,00,00,00,
18132537,00000118,false,Rx,1,4,00,45,00,00,00,00,00,00,
18142168,00000118,false,Rx,1,4,00,46,00,00,00,00,00,00,
18152521,00000118,false,Rx,1,4,00,47,00,00,00,00,00,00,
18162153,00000118,false,Rx,1,4,00,48,00,00,00,00,00,00,
18172526,00000118,false,Rx,1,4,00,49,00,00,00,00,00,00,
18182563,00000118,false,Rx,1,4,00,4A,00,00,00,00,00,00,
18192876,00000118,false,Rx,1,4,00,4B,00,00,00,00,00,00,
18202613,00000118,false,Rx,1,4,00,4C,00,00,00,00,00,00,
18212861,00000118,false,Rx,1,4,00,4D,00,00,00,00,00,00,
18219633,00000700,false,Rx,0,8,02,3E,80,55,55,55,55,55,
18222555,00000118,false,Rx,1,4,00,4E,00,00,00,00,00,00,
18232848,00000118,false,Rx,1,4,00,4F,00,00,00,00,00,00,
18242501,00000118,false,Rx,1,4,00,40,00,00,00,00,00,00,
18252854,00000118,false,Rx,1,4,00,41,00,00,00,00,00,00,
18262485,00000118,false,Rx,1,4,00,42,00,00,00,00,00,00,
18272876,00000118,false,Rx,1,4,00,43,00,00,00,00,00,00,
18282471,00000118,false,Rx,1,4,00,44,00,00,00,00,00,00,
18292807,00000118,false,Rx,1,4,00,45,00,00,00,00,00,00,
18302474,00000118,false,Rx,1,4,00,46,00,00,00,00,00,00,
18312791,00000118,false,Rx,1,4,00,47,00,00,00,00,00,00,
18322462,00000118,false,Rx,1,4,00,48,00,00,00,00,00,00,
18338377,00000118,false,Rx,1,4,00,49,00,00,00,00,00,00,
18342936,00000118,false,Rx,1,4,00,4A,00,00,00,00,00,00,
18353131,00000118,false,Rx,1,4,00,4B,00,00,00,00,00,00,
18363291,00000118,false,Rx,1,4,00,4C,00,00,00,00,00,00,
18373540,00000118,false,Rx,1,4,00,4D,00,00,00,00,00,00,
18373825,17F0000F,true,Rx,1,8,00,0F,00,00,00,00,00,00,
18383285,00000118,false,Rx,1,4,00,4E,00,00,00,00,00,00,
18393861,00000118,false,Rx,1,4,00,4F,00,00,00,00,00,00,
18403684,00000118,false,Rx,1,4,00,40,00,00,00,00,00,00,
18414249,00000118,false,Rx,1,4,00,41,00,00,00,00,00,00,
18424065,00000118,false,Rx,1,4,00,42,00,00,00,00,00,00,
18434633,00000118,false,Rx,1,4,00,43,00,00,00,00,00,00,
18444432,00000118,false,Rx,1,4,00,44,00,00,00,00,00,00,
18454638,00000118,false,Rx,1,4,00,45,00,00,00,00,00,00,
18464817,00000118,false,Rx,1,4,00,46,00,00,00,00,00,00,
18475066,00000118,false,Rx,1,4,00,47,00,00,00,00,00,00,
18484804,00000118,false,Rx,1,4,00,48,00,00,00,00,00,00,
18494991,00000118,false,Rx,1,4,00,49,00,00,00,00,00,00,
18504811,00000118,false,Rx,1,4,00,4A,00,00,00,00,00,00,
18515379,00000118,false,Rx,1,4,00,4B,00,00,00,00,00,00,
18525198,00000118,false,Rx,1,4,00,4C,00,00,00,00,00,00,
18535763,00000118,false,Rx,1,4,00,4D,00,00,00,00,00,00,
18545563,00000118,false,Rx,1,4,00,4E,00,00,00,00,00,00,
18555769,00000118,false,Rx,1,4,00,4F,00,00,00,00,00,00,
18565952,00000118,false,Rx,1,4,00,40,00,00,00,00,00,00,
18576200,00000118,false,Rx,1,4,00,41,00,00,00,00,00,00,
18585953,00000118,false,Rx,1,4,00,42,00,00,00,00,00,00,
18596122,00000118,false,Rx,1,4,00,43,00,00,00,00,00,00,
18605950,00000118,false,Rx,1,4,00,44,00,00,00,00,00,00,
18616506,00000118,false,Rx,1,4,00,45,00,00,00,00,00,00,
18626322,00000118,false,Rx,1,4,00,46,00,00,00,00,00,00,
18633841,00000700,false,Rx,0,8,02,3E,80,55,55,55,55,55,
18636931,00000118,false,Rx,1,4,00,47,00,00,00,00,00,00,
18646690,00000118,false,Rx,1,4,00,48,00,00,00,00,00,00,
18656898,00000118,false,Rx,1,4,00,49,00,00,00,00,00,00,
18667125,00000118,false,Rx,1,4,00,4A,00,00,00,00,00,00,
18677325,00000118,false,Rx,1,4,00,4B,00,00,00,00,00,00,
18687067,00000118,false,Rx,1,4,00,4C,00,00,00,00,00,00,
18697370,00000118,false,Rx,1,4,00,4D,00,00,00,00,00,00,
18707069,00000118,false,Rx,1,4,00,4E,00,00,00,00,00,00,
18717637,00000118,false,Rx,1,4,00,4F,00,00,00,00,00,00,
18727457,00000118,false,Rx,1,4,00,40,00,00,00,00,00,00,
18738024,00000118,false,Rx,1,4,00,41,00,00,00,00,00,00,
18747840,00000118,false,Rx,1,4,00,42,00,00,00,00,00,00,
18758630,00000118,false,Rx,1,4,00,43,00,00,00,00,00,00,
18768386,00000118,false,Rx,1,4,00,44,00,00,00,00,00,00,
18778880,00000118,false,Rx,1,4,00,45,00,00,00,00,00,00,
18789120,00000118,false,Rx,1,4,00,46,00,00,00,00,00,00,
18799362,00000118,false,Rx,1,4,00,47,00,00,00,00,00,00,
18809611,00000118,false,Rx,1,4,00,48,00,00,00,00,00,00,
18819616,00000118,false,Rx,1,4,00,49,00,00,00,00,00,00,
18829484,00000118,false,Rx,1,4,00,4A,00,00,00,00,00,00,
18842469,00000118,false,Rx,1,4,00,4B,00,00,00,00,00,00,
18849823,00000118,false,Rx,1,4,00,4C,00,00,00,00,00,00,
18860390,00000118,false,Rx,1,4,00,4D,00,00,00,00,00,00,
18870295,00000118,false,Rx,1,4,00,4E,00,00,00,00,00,00,
18880369,00000118,false,Rx,1,4,00,4F,00,00,00,00,00,00,
18880638,17F0000F,true,Rx,1,8,00,0F,00,00,00,00,00,00,
18890533,00000118,false,Rx,1,4,00,40,00,00,00,00,00,00,
18901129,00000118,false,Rx,1,4,00,41,00,00,00,00,00,00,
18911312,00000118,false,Rx,1,4,00,42,00,00,00,00,00,00,
18921496,00000118,false,Rx,1,4,00,43,00,00,00,00,00,00,
18931314,00000118,false,Rx,1,4,00,44,00,00,00,00,00,00,
18941881,00000118,false,Rx,1,4,00,45,00,00,00,00,00,00,
18951700,00000118,false,Rx,1,4,00,46,00,00,00,00,00,00,
18962380,00000118,false,Rx,1,4,00,47,00,00,00,00,00,00,
18972100,00000118,false,Rx,1,4,00,48,00,00,00,00,00,00,
18982887,00000118,false,Rx,1,4,00,49,00,00,00,00,00,00,
18992877,00000118,false,Rx,1,4,00,4A,00,00,00,00,00,00,
19003129,00000118,false,Rx,1,4,00,4B,00,00,00,00,00,00,
19013366,00000118,false,Rx,1,4,00,4C,00,00,00,00,00,00,
19023609,00000118,false,Rx,1,4,00,4D,00,00,00,00,00,00,
19033370,00000118,false,Rx,1,4,00,4E,00,00,00,00,00,00,
19037366,00000700,false,Rx,0,8,02,3E,80,55,55,55,55,55,
19043854,00000118,false,Rx,1,4,00,4F,00,00,00,00,00,00,
19053624,00000118,false,Rx,1,4,00,40,00,00,00,00,00,00,
19063863,00000118,false,Rx,1,4,00,41,00,00,00,00,00,00,
19073616,00000118,false,Rx,1,4,00,42,00,00,00,00,00,00,
19083860,00000118,false,Rx,1,4,00,43,00,00,00,00,00,00,
19093984,00000118,false,Rx,1,4,00,44,00,00,00,00,00,00,
19104361,00000118,false,Rx,1,4,00,45,00,00,00,00,00,00,
19114365,00000118,false,Rx,1,4,00,46,00,00,00,00,00,00,
19124611,00000118,false,Rx,1,4,00,47,00,00,00,00,00,00,
19134333,00000118,false,Rx,1,4,00,48,00,00,00,00,00,00,
19144615,00000118,false,Rx,1,4,00,49,00,00,00,00,00,00,
19154752,00000118,false,Rx,1,4,00,4A,00,00,00,00,00,00,
19165092,00000118,false,Rx,1,4,00,4B,00,00,00,00,00,00,
19175164,00000118,false,Rx,1,4,00,4C,00,00,00,00,00,00,
19185595,00000118,false,Rx,1,4,00,4D,00,00,00,00,00,00,
19195074,00000118,false,Rx,1,4,00,4E,00,00,00,00,00,00,
19205591,00000118,false,Rx,1,4,00,4F,00,00,00,00,00,00,
19215063,00000118,false,Rx,1,4,00,40,00,00,00,00,00,00,
19225343,00000118,false,Rx,1,4,00,41,00,00,00,00,00,00,
19235046,00000118,false,Rx,1,4,00,42,00,00,00,00,00,00,
19245344,00000118,false,Rx,1,4,00,43,00,00,00,00,00,00,
19255051,00000118,false,Rx,1,4,00,44,00,00,00,00,00,00,
19265337,00000118,false,Rx,1,4,00,45,00,00,00,00,00,00,
19275072,00000118,false,Rx,1,4,00,46,00,00,00,00,00,00,
19285340,00000118,false,Rx,1,4,00,47,00,00,00,00,00,00,
19295008,00000118,false,Rx,1,4,00,48,00,00,00,00,00,00,
19305335,00000118,false,Rx,1,4,00,49,00,00,00,00,00,00,
19315333,00000118,false,Rx,1,4,00,4A,00,00,00,00,00,00,
19325267,00000118,false,Rx,1,4,00,4B,00,00,00,00,00,00,
19334905,00000118,false,Rx,1,4,00,4C,00,00,00,00,00,00,
19345936,00000118,false,Rx,1,4,00,4D,00,00,00,00,00,00,
19355373,00000118,false,Rx,1,4,00,4E,00,00,00,00,00,00,
19365854,00000118,false,Rx,1,4,00,4F,00,00,00,00,00,00,
19375383,00000118,false,Rx,1,4,00,40,00,00,00,00,00,00,
19385865,00000118,false,Rx,1,4,00,41,00,00,00,00,00,00,
19386161,17F0000F,true,Rx,1,8,00,0F,00,00,00,00,00,00,
19395391,00000118,false,Rx,1,4,00,42,00,00,00,00,00,00,
19405859,00000118,false,Rx,1,4,00,43,00,00,00,00,00,00,
19413229,00000700,false,Rx,0,8,02,3E,80,55,55,55,55,55,
19415388,00000118,false,Rx,1,4,00,44,00,00,00,00,00,00,
19425861,00000118,false,Rx,1,4,00,45,00,00,00,00,00,00,
19435362,00000118,false,Rx,1,4,00,46,00,00,00,00,00,00,
19445863,00000118,false,Rx,1,4,00,47,00,00,00,00,00,00,
19455366,00000118,false,Rx,1,4,00,48,00,00,00,00,00,00,
19465617,00000118,false,Rx,1,4,00,49,00,00,00,00,00,00,
19475360,00000118,false,Rx,1,4,00,4A,00,00,00,00,00,00,
19485615,00000118,false,Rx,1,4,00,4B,00,00,00,00,00,00,
19495369,00000118,false,Rx,1,4,00,4C,00,00,00,00,00,00,
19505609,00000118,false,Rx,1,4,00,4D,00,00,00,00,00,00,
19515370,00000118,false,Rx,1,4,00,4E,00,00,00,00,00,00,
19525613,00000118,false,Rx,1,4,00,4F,00,00,00,00,00,00,
19535373,00000118,false,Rx,1,4,00,40,00,00,00,00,00,00,
19545618,00000118,false,Rx,1,4,00,41,00,00,00,00,00,00,
19555361,00000118,false,Rx,1,4,00,42,00,00,00,00,00,00,
19565693,00000118,false,Rx,1,4,00,43,00,00,00,00,00,00,
19575368,00000118,false,Rx,1,4,00,44,00,00,00,00,00,00,
19585610,00000118,false,Rx,1,4,00,45,00,00,00,00,00,00,
19595363,00000118,false,Rx,1,4,00,46,00,00,00,00,00,00,
19605614,00000118,false,Rx,1,4,00,47,00,00,00,00,00,00,
19615122,00000118,false,Rx,1,4,00,48,00,00,00,00,00,00,
19625616,00000118,false,Rx,1,4,00,49,00,00,00,00,00,00,
19635120,00000118,false,Rx,1,4,00,4A,00,00,00,00,00,00,
19645613,00000118,false,Rx,1,4,00,4B,00,00,00,00,00,00,
19655124,00000118,false,Rx,1,4,00,4C,00,00,00,00,00,00,
19665610,00000118,false,Rx,1,4,00,4D,00,00,00,00,00,00,
19675124,00000118,false,Rx,1,4,00,4E,00,00,00,00,00,00,
19685613,00000118,false,Rx,1,4,00,4F,00,00,00,00,00,00,
19695127,00000118,false,Rx,1,4,00,40,00,00,00,00,00,00,
19705629,00000118,false,Rx,1,4,00,41,00,00,00,00,00,00,
19715120,00000118,false,Rx,1,4,00,42,00,00,00,00,00,00,
19725609,00000118,false,Rx,1,4,00,43,00,00,00,00,00,00,
19735119,00000118,false,Rx,1,4,00,44,00,00,00,00,00,00,
19745611,00000118,false,Rx,1,4,00,45,00,00,00,00,00,00,
19755120,00000118,false,Rx,1,4,00,46,00,00,00,00,00,00,
19765611,00000118,false,Rx,1,4,00,47,00,00,00,00,00,00,
19775119,00000118,false,Rx,1,4,00,48,00,00,00,00,00,00,
19785370,00000118,false,Rx,1,4,00,49,00,00,00,00,00,00,
19795119,00000118,false,Rx,1,4,00,4A,00,00,00,00,00,00,
19805366,00000118,false,Rx,1,4,00,4B,00,00,00,00,00,00,
19815122,00000118,false,Rx,1,4,00,4C,00,00,00,00,00,00,
19825424,00000118,false,Rx,1,4,00,4D,00,00,00,00,00,00,
19840701,00000118,false,Rx,1,4,00,4E,00,00,00,00,00,00,
19845338,00000118,false,Rx,1,4,00,4F,00,00,00,00,00,00,
19855020,00000118,false,Rx,1,4,00,40,00,00,00,00,00,00,
19863993,00000700,false,Rx,0,8,02,3E,80,55,55,55,55,55,
19865406,00000118,false,Rx,1,4,00,41,00,00,00,00,00,00,
19875054,00000118,false,Rx,1,4,00,42,00,00,00,00,00,00,
19885298,00000118,false,Rx,1,4,00,43,00,00,00,00,00,00,
19885594,17F0000F,true,Rx,1,8,00,0F,00,00,00,00,00,00,
19894977,00000118,false,Rx,1,4,00,44,00,00,00,00,00,00,
19905296,00000118,false,Rx,1,4,00,45,00,00,00,00,00,00,
19914950,00000118,false,Rx,1,4,00,46,00,00,00,00,00,00,
19925290,00000118,false,Rx,1,4,00,47,00,00,00,00,00,00,
19934940,00000118,false,Rx,1,4,00,48,00,00,00,00,00,00,
19945275,00000118,false,Rx,1,4,00,49,00,00,00,00,00,00,
19954911,00000118,false,Rx,1,4,00,4A,00,00,00,00,00,00,
19965246,00000118,false,Rx,1,4,00,4B,00,00,00,00,00,00,
19974952,00000118,false,Rx,1,4,00,4C,00,00,00,00,00,00,
19985229,00000118,false,Rx,1,4,00,4D,00,00,00,00,00,00,
19994899,00000118,false,Rx,1,4,00,4E,00,00,00,00,00,00,
20005224,00000118,false,Rx,1,4,00,4F,00,00,00,00,00,00,
20014874,00000118,false,Rx,1,4,00,40,00,00,00,00,00,00,
20025223,00000118,false,Rx,1,4,00,41,00,00,00,00,00,00,
20034854,00000118,false,Rx,1,4,00,42,00,00,00,00,00,00,
20045206,00000118,false,Rx,1,4,00,43,00,00,00,00,00,00,
20054839,00000118,false,Rx,1,4,00,44,00,00,00,00,00,00,
20065173,00000118,false,Rx,1,4,00,45,00,00,00,00,00,00,
20074879,00000118,false,Rx,1,4,00,46,00,00,00,00,00,00,
20085160,00000118,false,Rx,1,4,00,47,00,00,00,00,00,00,
20094829,00000118,false,Rx,1,4,00,48,00,00,00,00,00,00,
20105147,00000118,false,Rx,1,4,00,49,00,00,00,00,00,00,
20114803,00000118,false,Rx,1,4,00,4A,00,00,00,00,00,00,
20125152,00000118,false,Rx,1,4,00,4B,00,00,00,00,00,00,
20134785,00000118,false,Rx,1,4,00,4C,00,00,00,00,00,00,
20145138,00000118,false,Rx,1,4,00,4D,00,00,00,00,00,00,
20154771,00000118,false,Rx,1,4,00,4E,00,00,00,00,00,00,
20165105,00000118,false,Rx,1,4,00,4F,00,00,00,00,00,00,
20174812,00000118,false,Rx,1,4,00,40,00,00,00,00,00,00,
20185092,00000118,false,Rx,1,4,00,41,00,00,00,00,00,00,
20194761,00000118,false,Rx,1,4,00,42,00,00,00,00,00,00,
20205079,00000118,false,Rx,1,4,00,43,00,00,00,00,00,00,
20214730,00000118,false,Rx,1,4,00,44,00,00,00,00,00,00,
20225083,00000118,false,Rx,1,4,00,45,00,00,00,00,00,00,
20234712,00000118,false,Rx,1,4,00,46,00,00,00,00,00,00,
20241281,00000700,false,Rx,0,8,02,3E,80,55,55,55,55,55,
20245090,00000118,false,Rx,1,4,00,47,00,00,00,00,00,00,
20254700,00000118,false,Rx,1,4,00,48,00,00,00,00,00,00,
20265036,00000118,false,Rx,1,4,00,49,00,00,00,00,00,00,
20274742,00000118,false,Rx,1,4,00,4A,00,00,00,00,00,00,
20285022,00000118,false,Rx,1,4,00,4B,00,00,00,00,00,00,
20294693,00000118,false,Rx,1,4,00,4C,00,00,00,00,00,00,
20305007,00000118,false,Rx,1,4,00,4D,00,00,00,00,00,00,
20314661,00000118,false,Rx,1,4,00,4E,00,00,00,00,00,00,
20325063,00000118,false,Rx,1,4,00,4F,00,00,00,00,00,00,
20339592,00000118,false,Rx,1,4,00,40,00,00,00,00,00,00,
20344999,00000118,false,Rx,1,4,00,41,00,00,00,00,00,00,
20354670,00000118,false,Rx,1,4,00,42,00,00,00,00,00,00,
20364969,00000118,false,Rx,1,4,00,43,00,00,00,00,00,00,
20374674,00000118,false,Rx,1,4,00,44,00,00,00,00,00,00,
20384952,00000118,false,Rx,1,4,00,45,00,00,00,00,00,00,
20385249,17F0000F,true,Rx,1,8,00,0F,00,00,00,00,00,00,
20394626,00000118,false,Rx,1,4,00,46,00,00,00,00,00,00,
20404950,00000118,false,Rx,1,4,00,47,00,00,00,00,00,00,
20414608,00000118,false,Rx,1,4,00,48,00,00,00,00,00,00,
20424954,00000118,false,Rx,1,4,00,49,00,00,00,00,00,00,
20434578,00000118,false,Rx,1,4,00,4A,00,00,00,00,00,00,
20444913,00000118,false,Rx,1,4,00,4B,00,00,00,00,00,00,
20454582,00000118,false,Rx,1,4,00,4C,00,00,00,00,00,00,
20464896,00000118,false,Rx,1,4,00,4D,00,00,00,00,00,00,
20474601,00000118,false,Rx,1,4,00,4E,00,00,00,00,00,00,
20484882,00000118,false,Rx,1,4,00,4F,00,00,00,00,00,00,
20494554,00000118,false,Rx,1,4,00,40,00,00,00,00,00,00,
20504870,00000118,false,Rx,1,4,00,41,00,00,00,00,00,00,
20514519,00000118,false,Rx,1,4,00,42,00,00,00,00,00,00,
20524879,00000118,false,Rx,1,4,00,43,00,00,00,00,00,00,
20534506,00000118,false,Rx,1,4,00,44,00,00,00,00,00,00,
20544842,00000118,false,Rx,1,4,00,45,00,00,00,00,00,00,
20554509,00000118,false,Rx,1,4,00,46,00,00,00,00,00,00,
20564826,00000118,false,Rx,1,4,00,47,00,00,00,00,00,00,
20574531,00000118,false,Rx,1,4,00,48,00,00,00,00,00,00,
20584813,00000118,false,Rx,1,4,00,49,00,00,00,00,00,00,
20594485,00000118,false,Rx,1,4,00,4A,00,00,00,00,00,00,
20604800,00000118,false,Rx,1,4,00,4B,00,00,00,00,00,00,
20614452,00000118,false,Rx,1,4,00,4C,00,00,00,00,00,00,
20624807,00000118,false,Rx,1,4,00,4D,00,00,00,00,00,00,
20634435,00000118,false,Rx,1,4,00,4E,00,00,00,00,00,00,
20643461,00000700,false,Rx,0,8,02,3E,80,55,55,55,55,55,
20644836,00000118,false,Rx,1,4,00,4F,00,00,00,00,00,00,
20654466,00000118,false,Rx,1,4,00,40,00,00,00,00,00,00,
20664758,00000118,false,Rx,1,4,00,41,00,00,00,00,00,00,
20674463,00000118,false,Rx,1,4,00,42,00,00,00,00,00,00,
20684744,00000118,false,Rx,1,4,00,43,00,00,00,00,00,00,
20694414,00000118,false,Rx,1,4,00,44,00,00,00,00,00,00,
20704711,00000118,false,Rx,1,4,00,45,00,00,00,00,00,00,
20714396,00000118,false,Rx,1,4,00,46,00,00,00,00,00,00,
20724719,00000118,false,Rx,1,4,00,47,00,00,00,00,00,00,
20734382,00000118,false,Rx,1,4,00,48,00,00,00,00,00,00,
20744833,00000118,false,Rx,1,4,00,49,00,00,00,00,00,00,
20754392,00000118,false,Rx,1,4,00,4A,00,00,00,00,00,00,
20764673,00000118,false,Rx,1,4,00,4B,00,00,00,00,00,00,
20774414,00000118,false,Rx,1,4,00,4C,00,00,00,00,00,00,
20784656,00000118,false,Rx,1,4,00,4D,00,00,00,00,00,00,
20794362,00000118,false,Rx,1,4,00,4E,00,00,00,00,00,00,
20804641,00000118,false,Rx,1,4,00,4F,00,00,00,00,00,00,
20814331,00000118,false,Rx,1,4,00,40,00,00,00,00,00,00,
20824670,00000118,false,Rx,1,4,00,41,00,00,00,00,00,00,
20834333,00000118,false,Rx,1,4,00,42,00,00,00,00,00,00,
20844612,00000118,false,Rx,1,4,00,43,00,00,00,00,00,00,
20854393,00000118,false,Rx,1,4,00,44,00,00,00,00,00,00,
20865110,00000118,false,Rx,1,4,00,45,00,00,00,00,00,00,
20874776,00000118,false,Rx,1,4,00,46,00,00,00,00,00,00,
20885096,00000118,false,Rx,1,4,00,47,00,00,00,00,00,00,
20885627,17F0000F,true,Rx,1,8,00,0F,00,00,00,00,00,00,
20894737,00000118,false,Rx,1,4,00,48,00,00,00,00,00,00,
20905581,00000118,false,Rx,1,4,00,49,00,00,00,00,00,00,
20915081,00000118,false,Rx,1,4,00,4A,00,00,00,00,00,00,
20925594,00000118,false,Rx,1,4,00,4B,00,00,00,00,00,00,
20935074,00000118,false,Rx,1,4,00,4C,00,00,00,00,00,00,
20945339,00000118,false,Rx,1,4,00,4D,00,00,00,00,00,00,
20955070,00000118,false,Rx,1,4,00,4E,00,00,00,00,00,00,
20965343,00000118,false,Rx,1,4,00,4F,00,00,00,00,00,00,
20975096,00000118,false,Rx,1,4,00,40,00,00,00,00,00,00,
20985346,00000118,false,Rx,1,4,00,41,00,00,00,00,00,00,
20995042,00000118,false,Rx,1,4,00,42,00,00,00,00,00,00,
21005338,00000118,false,Rx,1,4,00,43,00,00,00,00,00,00,
21015009,00000118,false,Rx,1,4,00,44,00,00,00,00,00,00,
21025329,00000118,false,Rx,1,4,00,45,00,00,00,00,00,00,
21034997,00000118,false,Rx,1,4,00,46,00,00,00,00,00,00,
21040407,00000700,false,Rx,0,8,02,3E,80,55,55,55,55,55,
21045336,00000118,false,Rx,1,4,00,47,00,00,00,00,00,00,
21054999,00000118,false,Rx,1,4,00,48,00,00,00,00,00,00,
21065332,00000118,false,Rx,1,4,00,49,00,00,00,00,00,00,
21075029,00000118,false,Rx,1,4,00,4A,00,00,00,00,00,00,
21085332,00000118,false,Rx,1,4,00,4B,00,00,00,00,00,00,
21094975,00000118,false,Rx,1,4,00,4C,00,00,00,00,00,00,
21105329,00000118,false,Rx,1,4,00,4D,00,00,00,00,00,00,
21114950,00000118,false,Rx,1,4,00,4E,00,00,00,00,00,00,
21125337,00000118,false,Rx,1,4,00,4F,00,00,00,00,00,00,
21134947,00000118,false,Rx,1,4,00,40,00,00,00,00,00,00,
21145342,00000118,false,Rx,1,4,00,41,00,00,00,00,00,00,
21154949,00000118,false,Rx,1,4,00,42,00,00,00,00,00,00,
21165335,00000118,false,Rx,1,4,00,43,00,00,00,00,00,00,
21174956,00000118,false,Rx,1,4,00,44,00,00,00,00,00,00,
21185359,00000118,false,Rx,1,4,00,45,00,00,00,00,00,00,
21194901,00000118,false,Rx,1,4,00,46,00,00,00,00,00,00,
21205338,00000118,false,Rx,1,4,00,47,00,00,00,00,00,00,
21214868,00000118,false,Rx,1,4,00,48,00,00,00,00,00,00,
21225340,00000118,false,Rx,1,4,00,49,00,00,00,00,00,00,
21234859,00000118,false,Rx,1,4,00,4A,00,00,00,00,00,00,
21245338,00000118,false,Rx,1,4,00,4B,00,00,00,00,00,00,
21254863,00000118,false,Rx,1,4,00,4C,00,00,00,00,00,00,
21265337,00000118,false,Rx,1,4,00,4D,00,00,00,00,00,00,
21274886,00000118,false,Rx,1,4,00,4E,00,00,00,00,00,00,
21285094,00000118,false,Rx,1,4,00,4F,00,00,00,00,00,00,
21294835,00000118,false,Rx,1,4,00,40,00,00,00,00,00,00,
21305097,00000118,false,Rx,1,4,00,41,00,00,00,00,00,00,
21314801,00000118,false,Rx,1,4,00,42,00,00,00,00,00,00,
21325075,00000118,false,Rx,1,4,00,43,00,00,00,00,00,00,
21338683,00000118,false,Rx,1,4,00,44,00,00,00,00,00,00,
21345630,00000118,false,Rx,1,4,00,45,00,00,00,00,00,00,
21355141,00000118,false,Rx,1,4,00,46,00,00,00,00,00,00,
21365537,00000118,false,Rx,1,4,00,47,00,00,00,00,00,00,
21375173,00000118,false,Rx,1,4,00,48,00,00,00,00,00,00,
21385437,00000118,false,Rx,1,4,00,49,00,00,00,00,00,00,
21385728,17F0000F,true,Rx,1,8,00,0F,00,00,00,00,00,00,
21395135,00000118,false,Rx,1,4,00,4A,00,00,00,00,00,00,
21405419,00000118,false,Rx,1,4,00,4B,00,00,00,00,00,00,
21415096,00000118,false,Rx,1,4,00,4C,00,00,00,00,00,00,
21419084,00000700,false,Rx,0,8,02,3E,80,55,55,55,55,55,
21425443,00000118,false,Rx,1,4,00,4D,00,00,00,00,00,00,
21435081,00000118,false,Rx,1,4,00,4E,00,00,00,00,00,00,
21445420,00000118,false,Rx,1,4,00,4F,00,00,00,00,00,00,
21455068,00000118,false,Rx,1,4,00,40,00,00,00,00,00,00,
21465377,00000118,false,Rx,1,4,00,41,00,00,00,00,00,00,
21475106,00000118,false,Rx,1,4,00,42,00,00,00,00,00,00,
21485361,00000118,false,Rx,1,4,00,43,00,00,00,00,00,00,
21495057,00000118,false,Rx,1,4,00,44,00,00,00,00,00,00,
21505349,00000118,false,Rx,1,4,00,45,00,00,00,00,00,00,
21515022,00000118,false,Rx,1,4,00,46,00,00,00,00,00,00,
21525353,00000118,false,Rx,1,4,00,47,00,00,00,00,00,00,
21535008,00000118,false,Rx,1,4,00,48,00,00,00,00,00,00,
21545344,00000118,false,Rx,1,4,00,49,00,00,00,00,00,00,
21554998,00000118,false,Rx,1,4,00,4A,00,00,00,00,00,00,
21565309,00000118,false,Rx,1,4,00,4B,00,00,00,00,00,00,
21575041,00000118,false,Rx,1,4,00,4C,00,00,00,00,00,00,
21585292,00000118,false,Rx,1,4,00,4D,00,00,00,00,00,00,
21594987,00000118,false,Rx,1,4,00,4E,00,00,00,00,00,00,
21605278,00000118,false,Rx,1,4,00,4F,00,00,00,00,00,00,
21614961,00000118,false,Rx,1,4,00,40,00,00,00,00,00,00,
21625284,00000118,false,Rx,1,4,00,41,00,00,00,00,00,00,
21634950,00000118,false,Rx,1,4,00,42,00,00,00,00,00,00,
21645301,00000118,false,Rx,1,4,00,43,00,00,00,00,00,00,
21654947,00000118,false,Rx,1,4,00,44,00,00,00,00,00,00,
21665237,00000118,false,Rx,1,4,00,45,00,00,00,00,00,00,
21674966,00000118,false,Rx,1,4,00,46,00,00,00,00,00,00,
21685222,00000118,false,Rx,1,4,00,47,00,00,00,00,00,00,
21694935,00000118,false,Rx,1,4,00,48,00,00,00,00,00,00,
21705208,00000118,false,Rx,1,4,00,49,00,00,00,00,00,00,
21714888,00000118,false,Rx,1,4,00,4A,00,00,00,00,00,00,
21725216,00000118,false,Rx,1,4,00,4B,00,00,00,00,00,00,
21734873,00000118,false,Rx,1,4,00,4C,00,00,00,00,00,00,
21745200,00000118,false,Rx,1,4,00,4D,00,00,00,00,00,00,
21754860,00000118,false,Rx,1,4,00,4E,00,00,00,00,00,00,
21765166,00000118,false,Rx,1,4,00,4F,00,00,00,00,00,00,
21774899,00000118,false,Rx,1,4,00,40,00,00,00,00,00,00,
21785160,00000118,false,Rx,1,4,00,41,00,00,00,00,00,00,
21794850,00000118,false,Rx,1,4,00,42,00,00,00,00,00,00,
21805138,00000118,false,Rx,1,4,00,43,00,00,00,00,00,00,
21814816,00000118,false,Rx,1,4,00,44,00,00,00,00,00,00,
21825194,00000118,false,Rx,1,4,00,45,00,00,00,00,00,00,
21832567,00000700,false,Rx,0,8,02,3E,80,55,55,55,55,55,
21834824,00000118,false,Rx,1,4,00,46,00,00,00,00,00,00,
21845085,00000118,false,Rx,1,4,00,47,00,00,00,00,00,00,
21854973,00000118,false,Rx,1,4,00,48,00,00,00,00,00,00,
21865513,00000118,false,Rx,1,4,00,49,00,00,00,00,00,00,
21875305,00000118,false,Rx,1,4,00,4A,00,00,00,00,00,00,
21885412,00000118,false,Rx,1,4,00,4B,00,00,00,00,00,00,
21885708,17F0000F,true,Rx,1,8,00,0F,00,00,00,00,00,00,
21895244,00000118,false,Rx,1,4,00,4C,00,00,00,00,00,00,
21905815,00000118,false,Rx,1,4,00,4D,00,00,00,00,00,00,
21915620,00000118,false,Rx,1,4,00,4E,00,00,00,00,00,00,
21925799,00000118,false,Rx,1,4,00,4F,00,00,00,00,00,00,
21935608,00000118,false,Rx,1,4,00,40,00,00,00,00,00,00,
21945769,00000118,false,Rx,1,4,00,41,00,00,00,00,00,00,
21955628,00000118,false,Rx,1,4,00,42,00,00,00,00,00,00,
21966370,00000118,false,Rx,1,4,00,43,00,00,00,00,00,00,
21976031,00000118,false,Rx,1,4,00,44,00,00,00,00,00,00,
21986361,00000118,false,Rx,1,4,00,45,00,00,00,00,00,00,
21995966,00000118,false,Rx,1,4,00,46,00,00,00,00,00,00,
22006362,00000118,false,Rx,1,4,00,47,00,00,00,00,00,00,
22015950,00000118,false,Rx,1,4,00,48,00,00,00,00,00,00,
22026129,00000118,false,Rx,1,4,00,49,00,00,00,00,00,00,
22035950,00000118,false,Rx,1,4,00,4A,00,00,00,00,00,00,
22036381,0000070F,false,Rx,0,8,03,22,02,8D,55,55,55,55,
22046123,00000118,false,Rx,1,4,00,4B,00,00,00,00,00,00,
22055954,00000118,false,Rx,1,4,00,4C,00,00,00,00,00,00,
22057241,00000779,false,Rx,1,8,05,62,02,8D,52,00,AA,AA,
22066096,00000118,false,Rx,1,4,00,4D,00,00,00,00,00,00,
22075962,00000118,false,Rx,1,4,00,4E,00,00,00,00,00,00,
22086069,00000118,false,Rx,1,4,00,4F,00,00,00,00,00,00,
22095897,00000118,false,Rx,1,4,00,40,00,00,00,00,00,00,
22106078,00000118,false,Rx,1,4,00,41,00,00,00,00,00,00,
22115881,00000118,false,Rx,1,4,00,42,00,00,00,00,00,00,
22126062,00000118,false,Rx,1,4,00,43,00,00,00,00,00,00,
22135866,00000118,false,Rx,1,4,00,44,00,00,00,00,00,00,
22146029,00000118,false,Rx,1,4,00,45,00,00,00,00,00,00,
22155873,00000118,false,Rx,1,4,00,46,00,00,00,00,00,00,
22166617,00000118,false,Rx,1,4,00,47,00,00,00,00,00,00,
22176290,00000118,false,Rx,1,4,00,48,00,00,00,00,00,00,
22186606,00000118,false,Rx,1,4,00,49,00,00,00,00,00,00,
22196374,00000118,false,Rx,1,4,00,4A,00,00,00,00,00,00,
22206611,00000118,false,Rx,1,4,00,4B,00,00,00,00,00,00,
22216213,00000118,false,Rx,1,4,00,4C,00,00,00,00,00,00,
22226609,00000118,false,Rx,1,4,00,4D,00,00,00,00,00,00,
22236196,00000118,false,Rx,1,4,00,4E,00,00,00,00,00,00,
22246364,00000118,false,Rx,1,4,00,4F,00,00,00,00,00,00,
22256206,00000118,false,Rx,1,4,00,40,00,00,00,00,00,00,
22266860,00000118,false,Rx,1,4,00,41,00,00,00,00,00,00,
22276605,00000118,false,Rx,1,4,00,42,00,00,00,00,00,00,
22286855,00000118,false,Rx,1,4,00,43,00,00,00,00,00,00,
22296537,00000118,false,Rx,1,4,00,44,00,00,00,00,00,00,
22306851,00000118,false,Rx,1,4,00,45,00,00,00,00,00,00,
22316521,00000118,false,Rx,1,4,00,46,00,00,00,00,00,00,
22326871,00000118,false,Rx,1,4,00,47,00,00,00,00,00,00,
22336538,00000118,false,Rx,1,4,00,48,00,00,00,00,00,00,
22347555,00000118,false,Rx,1,4,00,49,00,00,00,00,00,00,
22355185,0000070F,false,Rx,0,8,03,22,02,8D,55,55,55,55,
22357239,00000118,false,Rx,1,4,00,4A,00,00,00,00,00,00,
22366698,00000118,false,Rx,1,4,00,4B,00,00,00,00,00,00,
22368873,00000779,false,Rx,1,8,05,62,02,8D,52,00,AA,AA,
22376985,00000118,false,Rx,1,4,00,4C,00,00,00,00,00,00,
22387061,00000118,false,Rx,1,4,00,4D,00,00,00,00,00,00,
22387604,17F0000F,true,Rx,1,8,00,0F,00,00,00,00,00,00,
22396892,00000118,false,Rx,1,4,00,4E,00,00,00,00,00,00,
22407630,00000118,false,Rx,1,4,00,4F,00,00,00,00,00,00,
22417383,00000118,false,Rx,1,4,00,40,00,00,00,00,00,00,
22427632,00000118,false,Rx,1,4,00,41,00,00,00,00,00,00,
22437378,00000118,false,Rx,1,4,00,42,00,00,00,00,00,00,
22447630,00000118,false,Rx,1,4,00,43,00,00,00,00,00,00,
22457378,00000118,false,Rx,1,4,00,44,00,00,00,00,00,00,
22467888,00000118,false,Rx,1,4,00,45,00,00,00,00,00,00,
22477886,00000118,false,Rx,1,4,00,46,00,00,00,00,00,00,
22488364,00000118,false,Rx,1,4,00,47,00,00,00,00,00,00,
22498120,00000118,false,Rx,1,4,00,48,00,00,00,00,00,00,
22508364,00000118,false,Rx,1,4,00,49,00,00,00,00,00,00,
22518124,00000118,false,Rx,1,4,00,4A,00,00,00,00,00,00,
22528370,00000118,false,Rx,1,4,00,4B,00,00,00,00,00,00,
22538120,00000118,false,Rx,1,4,00,4C,00,00,00,00,00,00,
22548362,00000118,false,Rx,1,4,00,4D,00,00,00,00,00,00,
22558122,00000118,false,Rx,1,4,00,4E,00,00,00,00,00,00,
22568372,00000118,false,Rx,1,4,00,4F,00,00,00,00,00,00,
22578125,00000118,false,Rx,1,4,00,40,00,00,00,00,00,00,
22588613,00000118,false,Rx,1,4,00,41,00,00,00,00,00,00,
22598372,00000118,false,Rx,1,4,00,42,00,00,00,00,00,00,
22608623,00000118,false,Rx,1,4,00,43,00,00,00,00,00,00,
22618361,00000118,false,Rx,1,4,00,44,00,00,00,00,00,00,
22628609,00000118,false,Rx,1,4,00,45,00,00,00,00,00,00,
22638360,00000118,false,Rx,1,4,00,46,00,00,00,00,00,00,
22648611,00000118,false,Rx,1,4,00,47,00,00,00,00,00,00,
22658361,00000118,false,Rx,1,4,00,48,00,00,00,00,00,00,
22668612,00000118,false,Rx,1,4,00,49,00,00,00,00,00,00,
22672082,0000070F,false,Rx,0,8,03,22,02,8D,55,55,55,55,
22678370,00000118,false,Rx,1,4,00,4A,00,00,00,00,00,00,
22688618,00000118,false,Rx,1,4,00,4B,00,00,00,00,00,00,
22690665,00000779,false,Rx,1,8,05,62,02,8D,52,00,AA,AA,
22698360,00000118,false,Rx,1,4,00,4C,00,00,00,00,00,00,
22708612,00000118,false,Rx,1,4,00,4D,00,00,00,00,00,00,
22718365,00000118,false,Rx,1,4,00,4E,00,00,00,00,00,00,
22728610,00000118,false,Rx,1,4,00,4F,00,00,00,00,00,00,
22738381,00000118,false,Rx,1,4,00,40,00,00,00,00,00,00,
22748614,00000118,false,Rx,1,4,00,41,00,00,00,00,00,00,
22758373,00000118,false,Rx,1,4,00,42,00,00,00,00,00,00,
22768859,00000118,false,Rx,1,4,00,43,00,00,00,00,00,00,
22778860,00000118,false,Rx,1,4,00,44,00,00,00,00,00,00,
22789182,00000118,false,Rx,1,4,00,45,00,00,00,00,00,00,
22799004,00000118,false,Rx,1,4,00,46,00,00,00,00,00,00,
22809185,00000118,false,Rx,1,4,00,47,00,00,00,00,00,00,
22818990,00000118,false,Rx,1,4,00,48,00,00,00,00,00,00,
22829178,00000118,false,Rx,1,4,00,49,00,00,00,00,00,00,
22839297,00000118,false,Rx,1,4,00,4A,00,00,00,00,00,00,
22849426,00000118,false,Rx,1,4,00,4B,00,00,00,00,00,00,
22858894,00000118,false,Rx,1,4,00,4C,00,00,00,00,00,00,
22869378,00000118,false,Rx,1,4,00,4D,00,00,00,00,00,00,
22878952,00000118,false,Rx,1,4,00,4E,00,00,00,00,00,00,
22889378,00000118,false,Rx,1,4,00,4F,00,00,00,00,00,00,
22889961,17F0000F,true,Rx,1,8,00,0F,00,00,00,00,00,00,
22898891,00000118,false,Rx,1,4,00,40,00,00,00,00,00,00,
22909383,00000118,false,Rx,1,4,00,41,00,00,00,00,00,00,
22918866,00000118,false,Rx,1,4,00,42,00,00,00,00,00,00,
22929378,00000118,false,Rx,1,4,00,43,00,00,00,00,00,00,
22938835,00000118,false,Rx,1,4,00,44,00,00,00,00,00,00,
22949378,00000118,false,Rx,1,4,00,45,00,00,00,00,00,00,
22958822,00000118,false,Rx,1,4,00,46,00,00,00,00,00,00,
22969378,00000118,false,Rx,1,4,00,47,00,00,00,00,00,00,
22978813,00000118,false,Rx,1,4,00,48,00,00,00,00,00,00,
22989118,00000118,false,Rx,1,4,00,49,00,00,00,00,00,00,
22998813,00000118,false,Rx,1,4,00,4A,00,00,00,00,00,00,
23003987,0000070F,false,Rx,0,8,03,22,02,8D,55,55,55,55,
23009128,00000118,false,Rx,1,4,00,4B,00,00,00,00,00,00,
23018800,00000118,false,Rx,1,4,00,4C,00,00,00,00,00,00,
23020185,00000779,false,Rx,1,8,05,62,02,8D,52,00,AA,AA,
23029099,00000118,false,Rx,1,4,00,4D,00,00,00,00,00,00,
23038765,00000118,false,Rx,1,4,00,4E,00,00,00,00,00,00,
23049093,00000118,false,Rx,1,4,00,4F,00,00,00,00,00,00,
23058753,00000118,false,Rx,1,4,00,40,00,00,00,00,00,00,
23069116,00000118,false,Rx,1,4,00,41,00,00,00,00,00,00,
23078745,00000118,false,Rx,1,4,00,42,00,00,00,00,00,00,
23089054,00000118,false,Rx,1,4,00,43,00,00,00,00,00,00,
23098742,00000118,false,Rx,1,4,00,44,00,00,00,00,00,00,
23109032,00000118,false,Rx,1,4,00,45,00,00,00,00,00,00,
23118726,00000118,false,Rx,1,4,00,46,00,00,00,00,00,00,
23129019,00000118,false,Rx,1,4,00,47,00,00,00,00,00,00,
23138693,00000118,false,Rx,1,4,00,48,00,00,00,00,00,00,
23149024,00000118,false,Rx,1,4,00,49,00,00,00,00,00,00,
23158683,00000118,false,Rx,1,4,00,4A,00,00,00,00,00,00,
23169046,00000118,false,Rx,1,4,00,4B,00,00,00,00,00,00,
23179071,00000118,false,Rx,1,4,00,4C,00,00,00,00,00,00,
23189382,00000118,false,Rx,1,4,00,4D,00,00,00,00,00,00,
23199072,00000118,false,Rx,1,4,00,4E,00,00,00,00,00,00,
23209379,00000118,false,Rx,1,4,00,4F,00,00,00,00,00,00,
23219060,00000118,false,Rx,1,4,00,40,00,00,00,00,00,00,
23229378,00000118,false,Rx,1,4,00,41,00,00,00,00,00,00,
23239031,00000118,false,Rx,1,4,00,42,00,00,00,00,00,00,
23249377,00000118,false,Rx,1,4,00,43,00,00,00,00,00,00,
23259013,00000118,false,Rx,1,4,00,44,00,00,00,00,00,00,
23269376,00000118,false,Rx,1,4,00,45,00,00,00,00,00,00,
23278996,00000118,false,Rx,1,4,00,46,00,00,00,00,00,00,
23289381,00000118,false,Rx,1,4,00,47,00,00,00,00,00,00,
23299000,00000118,false,Rx,1,4,00,48,00,00,00,00,00,00,
23309385,00000118,false,Rx,1,4,00,49,00,00,00,00,00,00,
23318990,00000118,false,Rx,1,4,00,4A,00,00,00,00,00,00,
23321892,0000070F,false,Rx,0,8,03,22,02,8D,55,55,55,55,
23329443,00000118,false,Rx,1,4,00,4B,00,00,00,00,00,00,
23340648,00000118,false,Rx,1,4,00,4C,00,00,00,00,00,00,
23340667,00000779,false,Rx,1,8,05,62,02,8D,52,00,AA,AA,
23349344,00000118,false,Rx,1,4,00,4D,00,00,00,00,00,00,
23358959,00000118,false,Rx,1,4,00,4E,00,00,00,00,00,00,
23369306,00000118,false,Rx,1,4,00,4F,00,00,00,00,00,00,
23378950,00000118,false,Rx,1,4,00,40,00,00,00,00,00,00,
23389258,00000118,false,Rx,1,4,00,41,00,00,00,00,00,00,
23389537,17F0000F,true,Rx,1,8,00,0F,00,00,00,00,00,00,
23398950,00000118,false,Rx,1,4,00,42,00,00,00,00,00,00,
23409224,00000118,false,Rx,1,4,00,43,00,00,00,00,00,00,
23418939,00000118,false,Rx,1,4,00,44,00,00,00,00,00,00,
23429210,00000118,false,Rx,1,4,00,45,00,00,00,00,00,00,
23438886,00000118,false,Rx,1,4,00,46,00,00,00,00,00,00,
23449215,00000118,false,Rx,1,4,00,47,00,00,00,00,00,00,
23458871,00000118,false,Rx,1,4,00,48,00,00,00,00,00,00,
23469237,00000118,false,Rx,1,4,00,49,00,00,00,00,00,00,
23478861,00000118,false,Rx,1,4,00,4A,00,00,00,00,00,00,
23489181,00000118,false,Rx,1,4,00,4B,00,00,00,00,00,00,
23498866,00000118,false,Rx,1,4,00,4C,00,00,00,00,00,00,
23509156,00000118,false,Rx,1,4,00,4D,00,00,00,00,00,00,
23518850,00000118,false,Rx,1,4,00,4E,00,00,00,00,00,00,
23529141,00000118,false,Rx,1,4,00,4F,00,00,00,00,00,00,
23538819,00000118,false,Rx,1,4,00,40,00,00,00,00,00,00,
23549147,00000118,false,Rx,1,4,00,41,00,00,00,00,00,00,
23558803,00000118,false,Rx,1,4,00,42,00,00,00,00,00,00,
23569166,00000118,false,Rx,1,4,00,43,00,00,00,00,00,00,
23578789,00000118,false,Rx,1,4,00,44,00,00,00,00,00,00,
23589101,00000118,false,Rx,1,4,00,45,00,00,00,00,00,00,
23598798,00000118,false,Rx,1,4,00,46,00,00,00,00,00,00,
23609085,00000118,false,Rx,1,4,00,47,00,00,00,00,00,00,
23618779,00000118,false,Rx,1,4,00,48,00,00,00,00,00,00,
23629070,00000118,false,Rx,1,4,00,49,00,00,00,00,00,00,
23638750,00000118,false,Rx,1,4,00,4A,00,00,00,00,00,00,
23638967,0000070F,false,Rx,0,8,03,22,02,8D,55,55,55,55,
23649102,00000118,false,Rx,1,4,00,4B,00,00,00,00,00,00,
23658736,00000118,false,Rx,1,4,00,4C,00,00,00,00,00,00,
23660034,00000779,false,Rx,1,8,05,62,02,8D,52,00,AA,AA,
23669109,00000118,false,Rx,1,4,00,4D,00,00,00,00,00,00,
23678719,00000118,false,Rx,1,4,00,4E,00,00,00,00,00,00,
23689029,00000118,false,Rx,1,4,00,4F,00,00,00,00,00,00,
23698729,00000118,false,Rx,1,4,00,40,00,00,00,00,00,00,
23709018,00000118,false,Rx,1,4,00,41,00,00,00,00,00,00,
23718711,00000118,false,Rx,1,4,00,42,00,00,00,00,00,00,
23729002,00000118,false,Rx,1,4,00,43,00,00,00,00,00,00,
23738679,00000118,false,Rx,1,4,00,44,00,00,00,00,00,00,
23749007,00000118,false,Rx,1,4,00,45,00,00,00,00,00,00,
23758663,00000118,false,Rx,1,4,00,46,00,00,00,00,00,00,
23769029,00000118,false,Rx,1,4,00,47,00,00,00,00,00,00,
23779049,00000118,false,Rx,1,4,00,48,00,00,00,00,00,00,
23789360,00000118,false,Rx,1,4,00,49,00,00,00,00,00,00,
23799059,00000118,false,Rx,1,4,00,4A,00,00,00,00,00,00,
23809348,00000118,false,Rx,1,4,00,4B,00,00,00,00,00,00,
23819043,00000118,false,Rx,1,4,00,4C,00,00,00,00,00,00,
23829436,00000118,false,Rx,1,4,00,4D,00,00,00,00,00,00,
23841118,00000118,false,Rx,1,4,00,4E,00,00,00,00,00,00,
23849384,00000118,false,Rx,1,4,00,4F,00,00,00,00,00,00,
23859000,00000118,false,Rx,1,4,00,40,00,00,00,00,00,00,
23869452,00000118,false,Rx,1,4,00,41,00,00,00,00,00,00,
23878981,00000118,false,Rx,1,4,00,42,00,00,00,00,00,00,
23889297,00000118,false,Rx,1,4,00,43,00,00,00,00,00,00,
23889587,17F0000F,true,Rx,1,8,00,0F,00,00,00,00,00,00,
23899012,00000118,false,Rx,1,4,00,44,00,00,00,00,00,00,
23909280,00000118,false,Rx,1,4,00,45,00,00,00,00,00,00,
23918970,00000118,false,Rx,1,4,00,46,00,00,00,00,00,00,
23929262,00000118,false,Rx,1,4,00,47,00,00,00,00,00,00,
23938950,00000118,false,Rx,1,4,00,48,00,00,00,00,00,00,
23949268,00000118,false,Rx,1,4,00,49,00,00,00,00,00,00,
23958946,00000118,false,Rx,1,4,00,4A,00,00,00,00,00,00,
23969291,00000118,false,Rx,1,4,00,4B,00,00,00,00,00,00,
23972564,0000070F,false,Rx,0,8,03,22,02,8D,55,55,55,55,
23978950,00000118,false,Rx,1,4,00,4C,00,00,00,00,00,00,
23989221,00000118,false,Rx,1,4,00,4D,00,00,00,00,00,00,
23991443,00000779,false,Rx,1,8,05,62,02,8D,52,00,AA,AA,
23998949,00000118,false,Rx,1,4,00,4E,00,00,00,00,00,00,
24009213,00000118,false,Rx,1,4,00,4F,00,00,00,00,00,00,
24018904,00000118,false,Rx,1,4,00,40,00,00,00,00,00,00,
24029195,00000118,false,Rx,1,4,00,41,00,00,00,00,00,00,
24038869,00000118,false,Rx,1,4,00,42,00,00,00,00,00,00,
24049198,00000118,false,Rx,1,4,00,43,00,00,00,00,00,00,
24058855,00000118,false,Rx,1,4,00,44,00,00,00,00,00,00,
24069219,00000118,false,Rx,1,4,00,45,00,00,00,00,00,00,
24078845,00000118,false,Rx,1,4,00,46,00,00,00,00,00,00,
24089151,00000118,false,Rx,1,4,00,47,00,00,00,00,00,00,
24098844,00000118,false,Rx,1,4,00,48,00,00,00,00,00,00,
24109139,00000118,false,Rx,1,4,00,49,00,00,00,00,00,00,
24118857,00000118,false,Rx,1,4,00,4A,00,00,00,00,00,00,
24129128,00000118,false,Rx,1,4,00,4B,00,00,00,00,00,00,
24138802,00000118,false,Rx,1,4,00,4C,00,00,00,00,00,00,
24149128,00000118,false,Rx,1,4,00,4D,00,00,00,00,00,00,
24158787,00000118,false,Rx,1,4,00,4E,00,00,00,00,00,00,
24169151,00000118,false,Rx,1,4,00,4F,00,00,00,00,00,00,
24178773,00000118,false,Rx,1,4,00,40,00,00,00,00,00,00,
24189083,00000118,false,Rx,1,4,00,41,00,00,00,00,00,00,
24198777,00000118,false,Rx,1,4,00,42,00,00,00,00,00,00,
24209071,00000118,false,Rx,1,4,00,43,00,00,00,00,00,00,
24218763,00000118,false,Rx,1,4,00,44,00,00,00,00,00,00,
24229054,00000118,false,Rx,1,4,00,45,00,00,00,00,00,00,
24238729,00000118,false,Rx,1,4,00,46,00,00,00,00,00,00,
24249059,00000118,false,Rx,1,4,00,47,00,00,00,00,00,00,
24258713,00000118,false,Rx,1,4,00,48,00,00,00,00,00,00,
24269079,00000118,false,Rx,1,4,00,49,00,00,00,00,00,00,
24278704,00000118,false,Rx,1,4,00,4A,00,00,00,00,00,00,
24289013,00000118,false,Rx,1,4,00,4B,00,00,00,00,00,00,
24289859,0000070F,false,Rx,0,8,03,22,02,8D,55,55,55,55,
24298733,00000118,false,Rx,1,4,00,4C,00,00,00,00,00,00,
24309002,00000118,false,Rx,1,4,00,4D,00,00,00,00,00,00,
24311117,00000779,false,Rx,1,8,05,62,02,8D,52,00,AA,AA,
24318706,00000118,false,Rx,1,4,00,4E,00,00,00,00,00,00,
24329123,00000118,false,Rx,1,4,00,4F,00,00,00,00,00,00,
24340188,00000118,false,Rx,1,4,00,40,00,00,00,00,00,00,
24349039,00000118,false,Rx,1,4,00,41,00,00,00,00,00,00,
24358653,00000118,false,Rx,1,4,00,42,00,00,00,00,00,00,
24369012,00000118,false,Rx,1,4,00,43,00,00,00,00,00,00,
24378633,00000118,false,Rx,1,4,00,44,00,00,00,00,00,00,
24388956,00000118,false,Rx,1,4,00,45,00,00,00,00,00,00,
24389239,17F0000F,true,Rx,1,8,00,0F,00,00,00,00,00,00,
24398643,00000118,false,Rx,1,4,00,46,00,00,00,00,00,00,
24408973,00000118,false,Rx,1,4,00,47,00,00,00,00,00,00,
24418624,00000118,false,Rx,1,4,00,48,00,00,00,00,00,00,
24428934,00000118,false,Rx,1,4,00,49,00,00,00,00,00,00,
24438593,00000118,false,Rx,1,4,00,4A,00,00,00,00,00,00,
24448940,00000118,false,Rx,1,4,00,4B,00,00,00,00,00,00,
24458580,00000118,false,Rx,1,4,00,4C,00,00,00,00,00,00,
24468950,00000118,false,Rx,1,4,00,4D,00,00,00,00,00,00,
24478562,00000118,false,Rx,1,4,00,4E,00,00,00,00,00,00,
24488874,00000118,false,Rx,1,4,00,4F,00,00,00,00,00,00,
24498572,00000118,false,Rx,1,4,00,40,00,00,00,00,00,00,
24508861,00000118,false,Rx,1,4,00,41,00,00,00,00,00,00,
24518559,00000118,false,Rx,1,4,00,42,00,00,00,00,00,00,
24528847,00000118,false,Rx,1,4,00,43,00,00,00,00,00,00,
24538521,00000118,false,Rx,1,4,00,44,00,00,00,00,00,00,
24548851,00000118,false,Rx,1,4,00,45,00,00,00,00,00,00,
24558506,00000118,false,Rx,1,4,00,46,00,00,00,00,00,00,
24568872,00000118,false,Rx,1,4,00,47,00,00,00,00,00,00,
24578494,00000118,false,Rx,1,4,00,48,00,00,00,00,00,00,
24588803,00000118,false,Rx,1,4,00,49,00,00,00,00,00,00,
24598500,00000118,false,Rx,1,4,00,4A,00,00,00,00,00,00,
24607974,0000070F,false,Rx,0,8,03,22,02,8D,55,55,55,55,
24608817,00000118,false,Rx,1,4,00,4B,00,00,00,00,00,00,
24618468,00000118,false,Rx,1,4,00,4C,00,00,00,00,00,00,
24619768,00000779,false,Rx,1,8,05,62,02,8D,52,00,AA,AA,
24628807,00000118,false,Rx,1,4,00,4D,00,00,00,00,00,00,
24638452,00000118,false,Rx,1,4,00,4E,00,00,00,00,00,00,
24648780,00000118,false,Rx,1,4,00,4F,00,00,00,00,00,00,
24658441,00000118,false,Rx,1,4,00,40,00,00,00,00,00,00,
24668805,00000118,false,Rx,1,4,00,41,00,00,00,00,00,00,
24678424,00000118,false,Rx,1,4,00,42,00,00,00,00,00,00,
24688734,00000118,false,Rx,1,4,00,43,00,00,00,00,00,00,
24698430,00000118,false,Rx,1,4,00,44,00,00,00,00,00,00,
24708719,00000118,false,Rx,1,4,00,45,00,00,00,00,00,00,
24718397,00000118,false,Rx,1,4,00,46,00,00,00,00,00,00,
24728724,00000118,false,Rx,1,4,00,47,00,00,00,00,00,00,
24738382,00000118,false,Rx,1,4,00,48,00,00,00,00,00,00,
24748711,00000118,false,Rx,1,4,00,49,00,00,00,00,00,00,
24758371,00000118,false,Rx,1,4,00,4A,00,00,00,00,00,00,
24768735,00000118,false,Rx,1,4,00,4B,00,00,00,00,00,00,
24778358,00000118,false,Rx,1,4,00,4C,00,00,00,00,00,00,
24788665,00000118,false,Rx,1,4,00,4D,00,00,00,00,00,00,
24798359,00000118,false,Rx,1,4,00,4E,00,00,00,00,00,00,
24808651,00000118,false,Rx,1,4,00,4F,00,00,00,00,00,00,
24818374,00000118,false,Rx,1,4,00,40,00,00,00,00,00,00,
24828711,00000118,false,Rx,1,4,00,41,00,00,00,00,00,00,
24843151,00000118,false,Rx,1,4,00,42,00,00,00,00,00,00,
24848659,00000118,false,Rx,1,4,00,43,00,00,00,00,00,00,
24858320,00000118,false,Rx,1,4,00,44,00,00,00,00,00,00,
24868814,00000118,false,Rx,1,4,00,45,00,00,00,00,00,00,
24878338,00000118,false,Rx,1,4,00,46,00,00,00,00,00,00,
24888602,00000118,false,Rx,1,4,00,47,00,00,00,00,00,00,
24888892,17F0000F,true,Rx,1,8,00,0F,00,00,00,00,00,00,
24898296,00000118,false,Rx,1,4,00,48,00,00,00,00,00,00,
24908587,00000118,false,Rx,1,4,00,49,00,00,00,00,00,00,
24918259,00000118,false,Rx,1,4,00,4A,00,00,00,00,00,00,
24924357,0000070F,false,Rx,0,8,03,22,2B,F1,55,55,55,55,
24928616,00000118,false,Rx,1,4,00,4B,00,00,00,00,00,00,
24938246,00000118,false,Rx,1,4,00,4C,00,00,00,00,00,00,
24939542,00000779,false,Rx,1,8,05,62,2B,F1,85,63,AA,AA,
24948584,00000118,false,Rx,1,4,00,4D,00,00,00,00,00,00,
24958233,00000118,false,Rx,1,4,00,4E,00,00,00,00,00,00,
24968547,00000118,false,Rx,1,4,00,4F,00,00,00,00,00,00,
24978272,00000118,false,Rx,1,4,00,40,00,00,00,00,00,00,
24988527,00000118,false,Rx,1,4,00,41,00,00,00,00,00,00,
24998221,00000118,false,Rx,1,4,00,42,00,00,00,00,00,00,
25008510,00000118,false,Rx,1,4,00,43,00,00,00,00,00,00,
25018188,00000118,false,Rx,1,4,00,44,00,00,00,00,00,00,
25028520,00000118,false,Rx,1,4,00,45,00,00,00,00,00,00,
25038172,00000118,false,Rx,1,4,00,46,00,00,00,00,00,00,
25048502,00000118,false,Rx,1,4,00,47,00,00,00,00,00,00,
25058158,00000118,false,Rx,1,4,00,48,00,00,00,00,00,00,
25068546,00000118,false,Rx,1,4,00,49,00,00,00,00,00,00,
25078206,00000118,false,Rx,1,4,00,4A,00,00,00,00,00,00,
25088459,00000118,false,Rx,1,4,00,4B,00,00,00,00,00,00,
25098153,00000118,false,Rx,1,4,00,4C,00,00,00,00,00,00,
25108443,00000118,false,Rx,1,4,00,4D,00,00,00,00,00,00,
25118120,00000118,false,Rx,1,4,00,4E,00,00,00,00,00,00,
25128450,00000118,false,Rx,1,4,00,4F,00,00,00,00,00,00,
25138108,00000118,false,Rx,1,4,00,40,00,00,00,00,00,00,
25148436,00000118,false,Rx,1,4,00,41,00,00,00,00,00,00,
25158092,00000118,false,Rx,1,4,00,42,00,00,00,00,00,00,
25168563,00000118,false,Rx,1,4,00,43,00,00,00,00,00,00,
25178132,00000118,false,Rx,1,4,00,44,00,00,00,00,00,00,
25188387,00000118,false,Rx,1,4,00,45,00,00,00,00,00,00,
25198081,00000118,false,Rx,1,4,00,46,00,00,00,00,00,00,
25208373,00000118,false,Rx,1,4,00,47,00,00,00,00,00,00,
25218047,00000118,false,Rx,1,4,00,48,00,00,00,00,00,00,
25228379,00000118,false,Rx,1,4,00,49,00,00,00,00,00,00,
25238038,00000118,false,Rx,1,4,00,4A,00,00,00,00,00,00,
25240480,0000070F,false,Rx,0,8,03,22,02,8D,55,55,55,55,
25248390,00000118,false,Rx,1,4,00,4B,00,00,00,00,00,00,
25258024,00000118,false,Rx,1,4,00,4C,00,00,00,00,00,00,
25259322,00000779,false,Rx,1,8,05,62,02,8D,52,00,AA,AA,
25268535,00000118,false,Rx,1,4,00,4D,00,00,00,00,00,00,
25278061,00000118,false,Rx,1,4,00,4E,00,00,00,00,00,00,
25288317,00000118,false,Rx,1,4,00,4F,00,00,00,00,00,00,
25298015,00000118,false,Rx,1,4,00,40,00,00,00,00,00,00,
25308305,00000118,false,Rx,1,4,00,41,00,00,00,00,00,00,
25317981,00000118,false,Rx,1,4,00,42,00,00,00,00,00,00,
25328313,00000118,false,Rx,1,4,00,43,00,00,00,00,00,00,
25339450,00000118,false,Rx,1,4,00,44,00,00,00,00,00,00,
25348342,00000118,false,Rx,1,4,00,45,00,00,00,00,00,00,
25357954,00000118,false,Rx,1,4,00,46,00,00,00,00,00,00,
25368298,00000118,false,Rx,1,4,00,47,00,00,00,00,00,00,
25377960,00000118,false,Rx,1,4,00,48,00,00,00,00,00,00,
25388258,00000118,false,Rx,1,4,00,49,00,00,00,00,00,00,
25388545,17F0000F,true,Rx,1,8,00,0F,00,00,00,00,00,00,
25397952,00000118,false,Rx,1,4,00,4A,00,00,00,00,00,00,
25408237,00000118,false,Rx,1,4,00,4B,00,00,00,00,00,00,
25417912,00000118,false,Rx,1,4,00,4C,00,00,00,00,00,00,
25428238,00000118,false,Rx,1,4,00,4D,00,00,00,00,00,00,
25437942,00000118,false,Rx,1,4,00,4E,00,00,00,00,00,00,
25448227,00000118,false,Rx,1,4,00,4F,00,00,00,00,00,00,
25457885,00000118,false,Rx,1,4,00,40,00,00,00,00,00,00,
25468229,00000118,false,Rx,1,4,00,41,00,00,00,00,00,00,
25477888,00000118,false,Rx,1,4,00,42,00,00,00,00,00,00,
25488179,00000118,false,Rx,1,4,00,43,00,00,00,00,00,00,
25497873,00000118,false,Rx,1,4,00,44,00,00,00,00,00,00,
25508164,00000118,false,Rx,1,4,00,45,00,00,00,00,00,00,
25517838,00000118,false,Rx,1,4,00,46,00,00,00,00,00,00,
25528170,00000118,false,Rx,1,4,00,47,00,00,00,00,00,00,
25537833,00000118,false,Rx,1,4,00,48,00,00,00,00,00,00,
25548155,00000118,false,Rx,1,4,00,49,00,00,00,00,00,00,
25556161,0000070F,false,Rx,0,8,03,22,2B,F1,55,55,55,55,
25557839,00000118,false,Rx,1,4,00,4A,00,00,00,00,00,00,
25568159,00000118,false,Rx,1,4,00,4B,00,00,00,00,00,00,
25570443,00000779,false,Rx,1,8,05,62,2B,F1,85,63,AA,AA,
25577831,00000118,false,Rx,1,4,00,4C,00,00,00,00,00,00,
25588108,00000118,false,Rx,1,4,00,4D,00,00,00,00,00,00,
25597804,00000118,false,Rx,1,4,00,4E,00,00,00,00,00,00,
25608096,00000118,false,Rx,1,4,00,4F,00,00,00,00,00,00,
25617773,00000118,false,Rx,1,4,00,40,00,00,00,00,00,00,
25628101,00000118,false,Rx,1,4,00,41,00,00,00,00,00,00,
25637759,00000118,false,Rx,1,4,00,42,00,00,00,00,00,00,
25648090,00000118,false,Rx,1,4,00,43,00,00,00,00,00,00,
25657744,00000118,false,Rx,1,4,00,44,00,00,00,00,00,00,
25668088,00000118,false,Rx,1,4,00,45,00,00,00,00,00,00,
25677747,00000118,false,Rx,1,4,00,46,00,00,00,00,00,00,
25688040,00000118,false,Rx,1,4,00,47,00,00,00,00,00,00,
25697732,00000118,false,Rx,1,4,00,48,00,00,00,00,00,00,
25708025,00000118,false,Rx,1,4,00,49,00,00,00,00,00,00,
25717704,00000118,false,Rx,1,4,00,4A,00,00,00,00,00,00,
25728033,00000118,false,Rx,1,4,00,4B,00,00,00,00,00,00,
25737689,00000118,false,Rx,1,4,00,4C,00,00,00,00,00,00,
25748018,00000118,false,Rx,1,4,00,4D,00,00,00,00,00,00,
25757674,00000118,false,Rx,1,4,00,4E,00,00,00,00,00,00,
25768018,00000118,false,Rx,1,4,00,4F,00,00,00,00,00,00,
25777680,00000118,false,Rx,1,4,00,40,00,00,00,00,00,00,
25787972,00000118,false,Rx,1,4,00,41,00,00,00,00,00,00,
25797666,00000118,false,Rx,1,4,00,42,00,00,00,00,00,00,
25807960,00000118,false,Rx,1,4,00,43,00,00,00,00,00,00,
25817633,00000118,false,Rx,1,4,00,44,00,00,00,00,00,00,
25828013,00000118,false,Rx,1,4,00,45,00,00,00,00,00,00,
25841175,00000118,false,Rx,1,4,00,46,00,00,00,00,00,00,
25849063,00000118,false,Rx,1,4,00,47,00,00,00,00,00,00,
25857613,00000118,false,Rx,1,4,00,48,00,00,00,00,00,00,
25868041,00000118,false,Rx,1,4,00,49,00,00,00,00,00,00,
25874477,0000070F,false,Rx,0,8,03,22,02,8D,55,55,55,55,
25877635,00000118,false,Rx,1,4,00,4A,00,00,00,00,00,00,
25887905,00000118,false,Rx,1,4,00,4B,00,00,00,00,00,00,
25888198,17F0000F,true,Rx,1,8,00,0F,00,00,00,00,00,00,
25890035,00000779,false,Rx,1,8,05,62,02,8D,52,00,AA,AA,
25897617,00000118,false,Rx,1,4,00,4C,00,00,00,00,00,00,
25907887,00000118,false,Rx,1,4,00,4D,00,00,00,00,00,00,
25917563,00000118,false,Rx,1,4,00,4E,00,00,00,00,00,00,
25927891,00000118,false,Rx,1,4,00,4F,00,00,00,00,00,00,
25937550,00000118,false,Rx,1,4,00,40,00,00,00,00,00,00,
25947898,00000118,false,Rx,1,4,00,41,00,00,00,00,00,00,
25957535,00000118,false,Rx,1,4,00,42,00,00,00,00,00,00,
25967880,00000118,false,Rx,1,4,00,43,00,00,00,00,00,00,
25977540,00000118,false,Rx,1,4,00,44,00,00,00,00,00,00,
25987831,00000118,false,Rx,1,4,00,45,00,00,00,00,00,00,
25997524,00000118,false,Rx,1,4,00,46,00,00,00,00,00,00,
26007817,00000118,false,Rx,1,4,00,47,00,00,00,00,00,00,
26017492,00000118,false,Rx,1,4,00,48,00,00,00,00,00,00,
26027821,00000118,false,Rx,1,4,00,49,00,00,00,00,00,00,
26037480,00000118,false,Rx,1,4,00,4A,00,00,00,00,00,00,
26047812,00000118,false,Rx,1,4,00,4B,00,00,00,00,00,00,
26057468,00000118,false,Rx,1,4,00,4C,00,00,00,00,00,00,
26067850,00000118,false,Rx,1,4,00,4D,00,00,00,00,00,00,
26077490,00000118,false,Rx,1,4,00,4E,00,00,00,00,00,00,
26087761,00000118,false,Rx,1,4,00,4F,00,00,00,00,00,00,
26097459,00000118,false,Rx,1,4,00,40,00,00,00,00,00,00,
26107750,00000118,false,Rx,1,4,00,41,00,00,00,00,00,00,
26117423,00000118,false,Rx,1,4,00,42,00,00,00,00,00,00,
26127753,00000118,false,Rx,1,4,00,43,00,00,00,00,00,00,
26137411,00000118,false,Rx,1,4,00,44,00,00,00,00,00,00,
26147738,00000118,false,Rx,1,4,00,45,00,00,00,00,00,00,
26157398,00000118,false,Rx,1,4,00,46,00,00,00,00,00,00,
26167862,00000118,false,Rx,1,4,00,47,00,00,00,00,00,00,
26177419,00000118,false,Rx,1,4,00,48,00,00,00,00,00,00,
26187692,00000118,false,Rx,1,4,00,49,00,00,00,00,00,00,
26190045,0000070F,false,Rx,0,8,03,22,2B,F1,55,55,55,55,
26197414,00000118,false,Rx,1,4,00,4A,00,00,00,00,00,00,
26207680,00000118,false,Rx,1,4,00,4B,00,00,00,00,00,00,
26209794,00000779,false,Rx,1,8,05,62,2B,F1,85,63,AA,AA,
26217368,00000118,false,Rx,1,4,00,4C,00,00,00,00,00,00,
26227682,00000118,false,Rx,1,4,00,4D,00,00,00,00,00,00,
26237341,00000118,false,Rx,1,4,00,4E,00,00,00,00,00,00,
26247668,00000118,false,Rx,1,4,00,4F,00,00,00,00,00,00,
26257331,00000118,false,Rx,1,4,00,40,00,00,00,00,00,00,
26267860,00000118,false,Rx,1,4,00,41,00,00,00,00,00,00,
26277350,00000118,false,Rx,1,4,00,42,00,00,00,00,00,00,
26287621,00000118,false,Rx,1,4,00,43,00,00,00,00,00,00,
26297318,00000118,false,Rx,1,4,00,44,00,00,00,00,00,00,
26307608,00000118,false,Rx,1,4,00,45,00,00,00,00,00,00,
26317283,00000118,false,Rx,1,4,00,46,00,00,00,00,00,00,
26327656,00000118,false,Rx,1,4,00,47,00,00,00,00,00,00,
26343997,00000118,false,Rx,1,4,00,48,00,00,00,00,00,00,
26347656,00000118,false,Rx,1,4,00,49,00,00,00,00,00,00,
26357356,00000118,false,Rx,1,4,00,4A,00,00,00,00,00,00,
26367606,00000118,false,Rx,1,4,00,4B,00,00,00,00,00,00,
26377318,00000118,false,Rx,1,4,00,4C,00,00,00,00,00,00,
26387589,00000118,false,Rx,1,4,00,4D,00,00,00,00,00,00,
26387885,17F0000F,true,Rx,1,8,00,0F,00,00,00,00,00,00,
26397273,00000118,false,Rx,1,4,00,4E,00,00,00,00,00,00,
26407594,00000118,false,Rx,1,4,00,4F,00,00,00,00,00,00,
26417235,00000118,false,Rx,1,4,00,40,00,00,00,00,00,00,
26427595,00000118,false,Rx,1,4,00,41,00,00,00,00,00,00,
26437219,00000118,false,Rx,1,4,00,42,00,00,00,00,00,00,
26447586,00000118,false,Rx,1,4,00,43,00,00,00,00,00,00,
26457658,00000118,false,Rx,1,4,00,44,00,00,00,00,00,00,
26468083,00000118,false,Rx,1,4,00,45,00,00,00,00,00,00,
26477626,00000118,false,Rx,1,4,00,46,00,00,00,00,00,00,
26487882,00000118,false,Rx,1,4,00,47,00,00,00,00,00,00,
26497577,00000118,false,Rx,1,4,00,48,00,00,00,00,00,00,
26507349,0000070F,false,Rx,0,8,03,22,02,8D,55,55,55,55,
26507870,00000118,false,Rx,1,4,00,49,00,00,00,00,00,00,
26517572,00000118,false,Rx,1,4,00,4A,00,00,00,00,00,00,
26527877,00000118,false,Rx,1,4,00,4B,00,00,00,00,00,00,
26529995,00000779,false,Rx,1,8,05,62,02,8D,52,00,AA,AA,
26537545,00000118,false,Rx,1,4,00,4C,00,00,00,00,00,00,
26547842,00000118,false,Rx,1,4,00,4D,00,00,00,00,00,00,
26557536,00000118,false,Rx,1,4,00,4E,00,00,00,00,00,00,
26567832,00000118,false,Rx,1,4,00,4F,00,00,00,00,00,00,
26577560,00000118,false,Rx,1,4,00,40,00,00,00,00,00,00,
26587816,00000118,false,Rx,1,4,00,41,00,00,00,00,00,00,
26597509,00000118,false,Rx,1,4,00,42,00,00,00,00,00,00,
26607799,00000118,false,Rx,1,4,00,43,00,00,00,00,00,00,
26617475,00000118,false,Rx,1,4,00,44,00,00,00,00,00,00,
26627804,00000118,false,Rx,1,4,00,45,00,00,00,00,00,00,
26637460,00000118,false,Rx,1,4,00,46,00,00,00,00,00,00,
26647840,00000118,false,Rx,1,4,00,47,00,00,00,00,00,00,
26657465,00000118,false,Rx,1,4,00,48,00,00,00,00,00,00,
26667824,00000118,false,Rx,1,4,00,49,00,00,00,00,00,00,
26677491,00000118,false,Rx,1,4,00,4A,00,00,00,00,00,00,
26687727,00000118,false,Rx,1,4,00,4B,00,00,00,00,00,00,
26697860,00000118,false,Rx,1,4,00,4C,00,00,00,00,00,00,
26708130,00000118,false,Rx,1,4,00,4D,00,00,00,00,00,00,
26717806,00000118,false,Rx,1,4,00,4E,00,00,00,00,00,00,
26728134,00000118,false,Rx,1,4,00,4F,00,00,00,00,00,00,
26737794,00000118,false,Rx,1,4,00,40,00,00,00,00,00,00,
26748122,00000118,false,Rx,1,4,00,41,00,00,00,00,00,00,
26757778,00000118,false,Rx,1,4,00,42,00,00,00,00,00,00,
26768324,00000118,false,Rx,1,4,00,43,00,00,00,00,00,00,
26777818,00000118,false,Rx,1,4,00,44,00,00,00,00,00,00,
26788074,00000118,false,Rx,1,4,00,45,00,00,00,00,00,00,
26797769,00000118,false,Rx,1,4,00,46,00,00,00,00,00,00,
26808060,00000118,false,Rx,1,4,00,47,00,00,00,00,00,00,
26817735,00000118,false,Rx,1,4,00,48,00,00,00,00,00,00,
26819396,0000070F,false,Rx,0,8,03,22,2B,F1,55,55,55,55,
26828106,00000118,false,Rx,1,4,00,49,00,00,00,00,00,00,
26837743,00000118,false,Rx,1,4,00,4A,00,00,00,00,00,00,
26839035,00000779,false,Rx,1,8,05,62,2B,F1,85,63,AA,AA,
26852233,00000118,false,Rx,1,4,00,4B,00,00,00,00,00,00,
26858219,00000118,false,Rx,1,4,00,4C,00,00,00,00,00,00,
26868910,00000118,false,Rx,1,4,00,4D,00,00,00,00,00,00,
26878573,00000118,false,Rx,1,4,00,4E,00,00,00,00,00,00,
26888754,00000118,false,Rx,1,4,00,4F,00,00,00,00,00,00,
26889045,17F0000F,true,Rx,1,8,00,0F,00,00,00,00,00,00,
26898565,00000118,false,Rx,1,4,00,40,00,00,00,00,00,00,
26909136,00000118,false,Rx,1,4,00,41,00,00,00,00,00,00,
26918950,00000118,false,Rx,1,4,00,42,00,00,00,00,00,00,
26929106,00000118,false,Rx,1,4,00,43,00,00,00,00,00,00,
26938952,00000118,false,Rx,1,4,00,44,00,00,00,00,00,00,
26949487,00000118,false,Rx,1,4,00,45,00,00,00,00,00,00,
26959330,00000118,false,Rx,1,4,00,46,00,00,00,00,00,00,
26969955,00000118,false,Rx,1,4,00,47,00,00,00,00,00,00,
26979698,00000118,false,Rx,1,4,00,48,00,00,00,00,00,00,
26989878,00000118,false,Rx,1,4,00,49,00,00,00,00,00,00,
26999686,00000118,false,Rx,1,4,00,4A,00,00,00,00,00,00,
27009866,00000118,false,Rx,1,4,00,4B,00,00,00,00,00,00,
27019673,00000118,false,Rx,1,4,00,4C,00,00,00,00,00,00,
27029831,00000118,false,Rx,1,4,00,4D,00,00,00,00,00,00,
27039676,00000118,false,Rx,1,4,00,4E,00,00,00,00,00,00,
27050219,00000118,false,Rx,1,4,00,4F,00,00,00,00,00,00,
27060063,00000118,false,Rx,1,4,00,40,00,00,00,00,00,00,
27070640,00000118,false,Rx,1,4,00,41,00,00,00,00,00,00,
27080431,00000118,false,Rx,1,4,00,42,00,00,00,00,00,00,
27090608,00000118,false,Rx,1,4,00,43,00,00,00,00,00,00,
27100415,00000118,false,Rx,1,4,00,44,00,00,00,00,00,00,
27110594,00000118,false,Rx,1,4,00,45,00,00,00,00,00,00,
27120399,00000118,false,Rx,1,4,00,46,00,00,00,00,00,00,
27130581,00000118,false,Rx,1,4,00,47,00,00,00,00,00,00,
27140385,00000118,false,Rx,1,4,00,48,00,00,00,00,00,00,
27142137,0000070F,false,Rx,0,8,03,22,02,8D,55,55,55,55,
27150573,00000118,false,Rx,1,4,00,49,00,00,00,00,00,00,
27160394,00000118,false,Rx,1,4,00,4A,00,00,00,00,00,00,
27161691,00000779,false,Rx,1,8,05,62,02,8D,52,00,AA,AA,
27170582,00000118,false,Rx,1,4,00,4B,00,00,00,00,00,00,
27180385,00000118,false,Rx,1,4,00,4C,00,00,00,00,00,00,
27190538,00000118,false,Rx,1,4,00,4D,00,00,00,00,00,00,
27200345,00000118,false,Rx,1,4,00,4E,00,00,00,00,00,00,
27210525,00000118,false,Rx,1,4,00,4F,00,00,00,00,00,00,
27220333,00000118,false,Rx,1,4,00,40,00,00,00,00,00,00,
27230495,00000118,false,Rx,1,4,00,41,00,00,00,00,00,00,
27240337,00000118,false,Rx,1,4,00,42,00,00,00,00,00,00,
27250878,00000118,false,Rx,1,4,00,43,00,00,00,00,00,00,
27260721,00000118,false,Rx,1,4,00,44,00,00,00,00,00,00,
27271299,00000118,false,Rx,1,4,00,45,00,00,00,00,00,00,
27281507,00000118,false,Rx,1,4,00,46,00,00,00,00,00,00,
27292050,00000118,false,Rx,1,4,00,47,00,00,00,00,00,00,
27301871,00000118,false,Rx,1,4,00,48,00,00,00,00,00,00,
27312055,00000118,false,Rx,1,4,00,49,00,00,00,00,00,00,
27321862,00000118,false,Rx,1,4,00,4A,00,00,00,00,00,00,
27332153,00000118,false,Rx,1,4,00,4B,00,00,00,00,00,00,
27343402,00000118,false,Rx,1,4,00,4C,00,00,00,00,00,00,
27352121,00000118,false,Rx,1,4,00,4D,00,00,00,00,00,00,
27361779,00000118,false,Rx,1,4,00,4E,00,00,00,00,00,00,
27372121,00000118,false,Rx,1,4,00,4F,00,00,00,00,00,00,
27381766,00000118,false,Rx,1,4,00,40,00,00,00,00,00,00,
27392068,00000118,false,Rx,1,4,00,41,00,00,00,00,00,00,
27392351,17F0000F,true,Rx,1,8,00,0F,00,00,00,00,00,00,
27401758,00000118,false,Rx,1,4,00,42,00,00,00,00,00,00,
27412042,00000118,false,Rx,1,4,00,43,00,00,00,00,00,00,
27421737,00000118,false,Rx,1,4,00,44,00,00,00,00,00,00,
27432027,00000118,false,Rx,1,4,00,45,00,00,00,00,00,00,
27441702,00000118,false,Rx,1,4,00,46,00,00,00,00,00,00,
27452031,00000118,false,Rx,1,4,00,47,00,00,00,00,00,00,
27461687,00000118,false,Rx,1,4,00,48,00,00,00,00,00,00,
27471060,0000070F,false,Rx,0,8,03,22,2B,F1,55,55,55,55,
27472076,00000118,false,Rx,1,4,00,49,00,00,00,00,00,00,
27482489,00000118,false,Rx,1,4,00,4A,00,00,00,00,00,00,
27483772,00000779,false,Rx,1,8,05,62,2B,F1,AD,63,AA,AA,
27492801,00000118,false,Rx,1,4,00,4B,00,00,00,00,00,00,
27502482,00000118,false,Rx,1,4,00,4C,00,00,00,00,00,00,
27512770,00000118,false,Rx,1,4,00,4D,00,00,00,00,00,00,
27522466,00000118,false,Rx,1,4,00,4E,00,00,00,00,00,00,
27532757,00000118,false,Rx,1,4,00,4F,00,00,00,00,00,00,
27542435,00000118,false,Rx,1,4,00,40,00,00,00,00,00,00,
27552762,00000118,false,Rx,1,4,00,41,00,00,00,00,00,00,
27562418,00000118,false,Rx,1,4,00,42,00,00,00,00,00,00,
27572783,00000118,false,Rx,1,4,00,43,00,00,00,00,00,00,
27582412,00000118,false,Rx,1,4,00,44,00,00,00,00,00,00,
27592718,00000118,false,Rx,1,4,00,45,00,00,00,00,00,00,
27602407,00000118,false,Rx,1,4,00,46,00,00,00,00,00,00,
27612700,00000118,false,Rx,1,4,00,47,00,00,00,00,00,00,
27622394,00000118,false,Rx,1,4,00,48,00,00,00,00,00,00,
27632687,00000118,false,Rx,1,4,00,49,00,00,00,00,00,00,
27642365,00000118,false,Rx,1,4,00,4A,00,00,00,00,00,00,
27652694,00000118,false,Rx,1,4,00,4B,00,00,00,00,00,00,
27662351,00000118,false,Rx,1,4,00,4C,00,00,00,00,00,00,
27672713,00000118,false,Rx,1,4,00,4D,00,00,00,00,00,00,
27682735,00000118,false,Rx,1,4,00,4E,00,00,00,00,00,00,
27693048,00000118,false,Rx,1,4,00,4F,00,00,00,00,00,00,
27702742,00000118,false,Rx,1,4,00,40,00,00,00,00,00,00,
27713032,00000118,false,Rx,1,4,00,41,00,00,00,00,00,00,
27722726,00000118,false,Rx,1,4,00,42,00,00,00,00,00,00,
27733017,00000118,false,Rx,1,4,00,43,00,00,00,00,00,00,
27742693,00000118,false,Rx,1,4,00,44,00,00,00,00,00,00,
27753022,00000118,false,Rx,1,4,00,45,00,00,00,00,00,00,
27762678,00000118,false,Rx,1,4,00,46,00,00,00,00,00,00,
27773042,00000118,false,Rx,1,4,00,47,00,00,00,00,00,00,
27782665,00000118,false,Rx,1,4,00,48,00,00,00,00,00,00,
27786035,0000070F,false,Rx,0,8,03,22,02,8D,55,55,55,55,
27793002,00000118,false,Rx,1,4,00,49,00,00,00,00,00,00,
27802672,00000118,false,Rx,1,4,00,4A,00,00,00,00,00,00,
27803974,00000779,false,Rx,1,8,05,62,02,8D,52,00,AA,AA,
27812974,00000118,false,Rx,1,4,00,4B,00,00,00,00,00,00,
27822704,00000118,false,Rx,1,4,00,4C,00,00,00,00,00,00,
27839087,00000118,false,Rx,1,4,00,4D,00,00,00,00,00,00,
27842868,00000118,false,Rx,1,4,00,4E,00,00,00,00,00,00,
27853112,00000118,false,Rx,1,4,00,4F,00,00,00,00,00,00,
27862769,00000118,false,Rx,1,4,00,40,00,00,00,00,00,00,
27872993,00000118,false,Rx,1,4,00,41,00,00,00,00,00,00,
27882652,00000118,false,Rx,1,4,00,42,00,00,00,00,00,00,
27892862,00000118,false,Rx,1,4,00,43,00,00,00,00,00,00,
27893146,17F0000F,true,Rx,1,8,00,0F,00,00,00,00,00,00,
27902670,00000118,false,Rx,1,4,00,44,00,00,00,00,00,00,
27913234,00000118,false,Rx,1,4,00,45,00,00,00,00,00,00,
27923058,00000118,false,Rx,1,4,00,46,00,00,00,00,00,00,
27933604,00000118,false,Rx,1,4,00,47,00,00,00,00,00,00,
27943426,00000118,false,Rx,1,4,00,48,00,00,00,00,00,00,
27953614,00000118,false,Rx,1,4,00,49,00,00,00,00,00,00,
27963415,00000118,false,Rx,1,4,00,4A,00,00,00,00,00,00,
27973631,00000118,false,Rx,1,4,00,4B,00,00,00,00,00,00,
27983402,00000118,false,Rx,1,4,00,4C,00,00,00,00,00,00,
27993595,00000118,false,Rx,1,4,00,4D,00,00,00,00,00,00,
28003406,00000118,false,Rx,1,4,00,4E,00,00,00,00,00,00,
28013950,00000118,false,Rx,1,4,00,4F,00,00,00,00,00,00,
28023792,00000118,false,Rx,1,4,00,40,00,00,00,00,00,00,
28034335,00000118,false,Rx,1,4,00,41,00,00,00,00,00,00,
28044158,00000118,false,Rx,1,4,00,42,00,00,00,00,00,00,
28054337,00000118,false,Rx,1,4,00,43,00,00,00,00,00,00,
28064144,00000118,false,Rx,1,4,00,44,00,00,00,00,00,00,
28074359,00000118,false,Rx,1,4,00,45,00,00,00,00,00,00,
28084128,00000118,false,Rx,1,4,00,46,00,00,00,00,00,00,
28094291,00000118,false,Rx,1,4,00,47,00,00,00,00,00,00,
28102646,0000070F,false,Rx,0,8,03,22,2B,F1,55,55,55,55,
28104157,00000118,false,Rx,1,4,00,48,00,00,00,00,00,00,
28114278,00000118,false,Rx,1,4,00,49,00,00,00,00,00,00,
28116395,00000779,false,Rx,1,8,05,62,2B,F1,AD,63,AA,AA,
28124134,00000118,false,Rx,1,4,00,4A,00,00,00,00,00,00,
28134265,00000118,false,Rx,1,4,00,4B,00,00,00,00,00,00,
28144091,00000118,false,Rx,1,4,00,4C,00,00,00,00,00,00,
28154268,00000118,false,Rx,1,4,00,4D,00,00,00,00,00,00,
28164073,00000118,false,Rx,1,4,00,4E,00,00,00,00,00,00,
28174289,00000118,false,Rx,1,4,00,4F,00,00,00,00,00,00,
28184063,00000118,false,Rx,1,4,00,40,00,00,00,00,00,00,
28194224,00000118,false,Rx,1,4,00,41,00,00,00,00,00,00,
28204070,00000118,false,Rx,1,4,00,42,00,00,00,00,00,00,
28214608,00000118,false,Rx,1,4,00,43,00,00,00,00,00,00,
28224451,00000118,false,Rx,1,4,00,44,00,00,00,00,00,00,
28234994,00000118,false,Rx,1,4,00,45,00,00,00,00,00,00,
28244817,00000118,false,Rx,1,4,00,46,00,00,00,00,00,00,
28254999,00000118,false,Rx,1,4,00,47,00,00,00,00,00,00,
28264802,00000118,false,Rx,1,4,00,48,00,00,00,00,00,00,
28275020,00000118,false,Rx,1,4,00,49,00,00,00,00,00,00,
28284793,00000118,false,Rx,1,4,00,4A,00,00,00,00,00,00,
28294958,00000118,false,Rx,1,4,00,4B,00,00,00,00,00,00,
28304799,00000118,false,Rx,1,4,00,4C,00,00,00,00,00,00,
28315337,00000118,false,Rx,1,4,00,4D,00,00,00,00,00,00,
28325204,00000118,false,Rx,1,4,00,4E,00,00,00,00,00,00,
28341153,00000118,false,Rx,1,4,00,4F,00,00,00,00,00,00,
28345569,00000118,false,Rx,1,4,00,40,00,00,00,00,00,00,
28355752,00000118,false,Rx,1,4,00,41,00,00,00,00,00,00,
28365535,00000118,false,Rx,1,4,00,42,00,00,00,00,00,00,
28375749,00000118,false,Rx,1,4,00,43,00,00,00,00,00,00,
28385519,00000118,false,Rx,1,4,00,44,00,00,00,00,00,00,
28395703,00000118,false,Rx,1,4,00,45,00,00,00,00,00,00,
28395997,17F0000F,true,Rx,1,8,00,0F,00,00,00,00,00,00,
28405522,00000118,false,Rx,1,4,00,46,00,00,00,00,00,00,
28416069,00000118,false,Rx,1,4,00,47,00,00,00,00,00,00,
28422673,0000070F,false,Rx,0,8,03,22,02,8D,55,55,55,55,
28425950,00000118,false,Rx,1,4,00,48,00,00,00,00,00,00,
28436053,00000118,false,Rx,1,4,00,49,00,00,00,00,00,00,
28438175,00000779,false,Rx,1,8,05,62,02,8D,52,00,AA,AA,
28445910,00000118,false,Rx,1,4,00,4A,00,00,00,00,00,00,
28456041,00000118,false,Rx,1,4,00,4B,00,00,00,00,00,00,
28465866,00000118,false,Rx,1,4,00,4C,00,00,00,00,00,00,
28476078,00000118,false,Rx,1,4,00,4D,00,00,00,00,00,00,
28485850,00000118,false,Rx,1,4,00,4E,00,00,00,00,00,00,
28496031,00000118,false,Rx,1,4,00,4F,00,00,00,00,00,00,
28505902,00000118,false,Rx,1,4,00,40,00,00,00,00,00,00,
28516004,00000118,false,Rx,1,4,00,41,00,00,00,00,00,00,
28525842,00000118,false,Rx,1,4,00,42,00,00,00,00,00,00,
28536384,00000118,false,Rx,1,4,00,43,00,00,00,00,00,00,
28546227,00000118,false,Rx,1,4,00,44,00,00,00,00,00,00,
28556769,00000118,false,Rx,1,4,00,45,00,00,00,00,00,00,
28566628,00000118,false,Rx,1,4,00,46,00,00,00,00,00,00,
28576811,00000118,false,Rx,1,4,00,47,00,00,00,00,00,00,
28586579,00000118,false,Rx,1,4,00,48,00,00,00,00,00,00,
28596761,00000118,false,Rx,1,4,00,49,00,00,00,00,00,00,
28606568,00000118,false,Rx,1,4,00,4A,00,00,00,00,00,00,
28616732,00000118,false,Rx,1,4,00,4B,00,00,00,00,00,00,
28626574,00000118,false,Rx,1,4,00,4C,00,00,00,00,00,00,
28637114,00000118,false,Rx,1,4,00,4D,00,00,00,00,00,00,
28646961,00000118,false,Rx,1,4,00,4E,00,00,00,00,00,00,
28657500,00000118,false,Rx,1,4,00,4F,00,00,00,00,00,00,
28667375,00000118,false,Rx,1,4,00,40,00,00,00,00,00,00,
28677541,00000118,false,Rx,1,4,00,41,00,00,00,00,00,00,
28687310,00000118,false,Rx,1,4,00,42,00,00,00,00,00,00,
28697490,00000118,false,Rx,1,4,00,43,00,00,00,00,00,00,
28707296,00000118,false,Rx,1,4,00,44,00,00,00,00,00,00,
28717460,00000118,false,Rx,1,4,00,45,00,00,00,00,00,00,
28727299,00000118,false,Rx,1,4,00,46,00,00,00,00,00,00,
28737843,00000118,false,Rx,1,4,00,47,00,00,00,00,00,00,
28738985,0000070F,false,Rx,0,8,03,22,2B,F1,55,55,55,55,
28747710,00000118,false,Rx,1,4,00,48,00,00,00,00,00,00,
28757829,00000118,false,Rx,1,4,00,49,00,00,00,00,00,00,
28759950,00000779,false,Rx,1,8,05,62,2B,F1,AD,63,AA,AA,
28767858,00000118,false,Rx,1,4,00,4A,00,00,00,00,00,00,
28777856,00000118,false,Rx,1,4,00,4B,00,00,00,00,00,00,
28787642,00000118,false,Rx,1,4,00,4C,00,00,00,00,00,00,
28797820,00000118,false,Rx,1,4,00,4D,00,00,00,00,00,00,
28807626,00000118,false,Rx,1,4,00,4E,00,00,00,00,00,00,
28817790,00000118,false,Rx,1,4,00,4F,00,00,00,00,00,00,
28827683,00000118,false,Rx,1,4,00,40,00,00,00,00,00,00,
28840141,00000118,false,Rx,1,4,00,41,00,00,00,00,00,00,
28848067,00000118,false,Rx,1,4,00,42,00,00,00,00,00,00,
28858564,00000118,false,Rx,1,4,00,43,00,00,00,00,00,00,
28868510,00000118,false,Rx,1,4,00,44,00,00,00,00,00,00,
28878565,00000118,false,Rx,1,4,00,45,00,00,00,00,00,00,
28888414,00000118,false,Rx,1,4,00,46,00,00,00,00,00,00,
28898555,00000118,false,Rx,1,4,00,47,00,00,00,00,00,00,
28898848,17F0000F,true,Rx,1,8,00,0F,00,00,00,00,00,00,
28908367,00000118,false,Rx,1,4,00,48,00,00,00,00,00,00,
28918950,00000118,false,Rx,1,4,00,49,00,00,00,00,00,00,
28928764,00000118,false,Rx,1,4,00,4A,00,00,00,00,00,00,
28939304,00000118,false,Rx,1,4,00,4B,00,00,00,00,00,00,
28949151,00000118,false,Rx,1,4,00,4C,00,00,00,00,00,00,
28959691,00000118,false,Rx,1,4,00,4D,00,00,00,00,00,00,
28969553,00000118,false,Rx,1,4,00,4E,00,00,00,00,00,00,
28980094,00000118,false,Rx,1,4,00,4F,00,00,00,00,00,00,
28989901,00000118,false,Rx,1,4,00,40,00,00,00,00,00,00,
29000083,00000118,false,Rx,1,4,00,41,00,00,00,00,00,00,
29009885,00000118,false,Rx,1,4,00,42,00,00,00,00,00,00,
29020050,00000118,false,Rx,1,4,00,43,00,00,00,00,00,00,
29029892,00000118,false,Rx,1,4,00,44,00,00,00,00,00,00,
29040432,00000118,false,Rx,1,4,00,45,00,00,00,00,00,00,
29050275,00000118,false,Rx,1,4,00,46,00,00,00,00,00,00,
29054326,0000070F,false,Rx,0,8,03,22,02,8D,55,55,55,55,
29060842,00000118,false,Rx,1,4,00,47,00,00,00,00,00,00,
29070698,00000118,false,Rx,1,4,00,48,00,00,00,00,00,00,
29072012,00000779,false,Rx,1,8,05,62,02,8D,52,00,AA,AA,
29080816,00000118,false,Rx,1,4,00,49,00,00,00,00,00,00,
29090632,00000118,false,Rx,1,4,00,4A,00,00,00,00,00,00,
29100811,00000118,false,Rx,1,4,00,4B,00,00,00,00,00,00,
29110618,00000118,false,Rx,1,4,00,4C,00,00,00,00,00,00,
29120798,00000118,false,Rx,1,4,00,4D,00,00,00,00,00,00,
29130601,00000118,false,Rx,1,4,00,4E,00,00,00,00,00,00,
29140762,00000118,false,Rx,1,4,00,4F,00,00,00,00,00,00,
29150609,00000118,false,Rx,1,4,00,40,00,00,00,00,00,00,
29161379,00000118,false,Rx,1,4,00,41,00,00,00,00,00,00,
29171033,00000118,false,Rx,1,4,00,42,00,00,00,00,00,00,
29181377,00000118,false,Rx,1,4,00,43,00,00,00,00,00,00,
29190960,00000118,false,Rx,1,4,00,44,00,00,00,00,00,00,
29201371,00000118,false,Rx,1,4,00,45,00,00,00,00,00,00,
29210951,00000118,false,Rx,1,4,00,46,00,00,00,00,00,00,
29221126,00000118,false,Rx,1,4,00,47,00,00,00,00,00,00,
29230949,00000118,false,Rx,1,4,00,48,00,00,00,00,00,00,
29241093,00000118,false,Rx,1,4,00,49,00,00,00,00,00,00,
29250951,00000118,false,Rx,1,4,00,4A,00,00,00,00,00,00,
29261624,00000118,false,Rx,1,4,00,4B,00,00,00,00,00,00,
29271376,00000118,false,Rx,1,4,00,4C,00,00,00,00,00,00,
29281623,00000118,false,Rx,1,4,00,4D,00,00,00,00,00,00,
29291371,00000118,false,Rx,1,4,00,4E,00,00,00,00,00,00,
29301642,00000118,false,Rx,1,4,00,4F,00,00,00,00,00,00,
29311378,00000118,false,Rx,1,4,00,40,00,00,00,00,00,00,
29322419,00000118,false,Rx,1,4,00,41,00,00,00,00,00,00,
29331500,00000118,false,Rx,1,4,00,42,00,00,00,00,00,00,
29341674,00000118,false,Rx,1,4,00,43,00,00,00,00,00,00,
29351413,00000118,false,Rx,1,4,00,44,00,00,00,00,00,00,
29361906,00000118,false,Rx,1,4,00,45,00,00,00,00,00,00,
29370116,0000070F,false,Rx,0,8,03,22,2B,F1,55,55,55,55,
29371882,00000118,false,Rx,1,4,00,46,00,00,00,00,00,00,
29381868,00000118,false,Rx,1,4,00,47,00,00,00,00,00,00,
29383913,00000779,false,Rx,1,8,05,62,2B,F1,AD,63,AA,AA,
29392124,00000118,false,Rx,1,4,00,48,00,00,00,00,00,00,
29402356,00000118,false,Rx,1,4,00,49,00,00,00,00,00,00,
29402893,17F0000F,true,Rx,1,8,00,0F,00,00,00,00,00,00,
29412122,00000118,false,Rx,1,4,00,4A,00,00,00,00,00,00,
29422602,00000118,false,Rx,1,4,00,4B,00,00,00,00,00,00,
29432629,00000118,false,Rx,1,4,00,4C,00,00,00,00,00,00,
29442596,00000118,false,Rx,1,4,00,4D,00,00,00,00,00,00,
29452614,00000118,false,Rx,1,4,00,4E,00,00,00,00,00,00,
29462608,00000118,false,Rx,1,4,00,4F,00,00,00,00,00,00,
29472604,00000118,false,Rx,1,4,00,40,00,00,00,00,00,00,
29482947,00000118,false,Rx,1,4,00,41,00,00,00,00,00,00,
29492850,00000118,false,Rx,1,4,00,42,00,00,00,00,00,00,
29502949,00000118,false,Rx,1,4,00,43,00,00,00,00,00,00,
29512858,00000118,false,Rx,1,4,00,44,00,00,00,00,00,00,
29522935,00000118,false,Rx,1,4,00,45,00,00,00,00,00,00,
29532858,00000118,false,Rx,1,4,00,46,00,00,00,00,00,00,
29542883,00000118,false,Rx,1,4,00,47,00,00,00,00,00,00,
29552855,00000118,false,Rx,1,4,00,48,00,00,00,00,00,00,
29562869,00000118,false,Rx,1,4,00,49,00,00,00,00,00,00,
29572953,00000118,false,Rx,1,4,00,4A,00,00,00,00,00,00,
29583365,00000118,false,Rx,1,4,00,4B,00,00,00,00,00,00,
29593081,00000118,false,Rx,1,4,00,4C,00,00,00,00,00,00,
29603365,00000118,false,Rx,1,4,00,4D,00,00,00,00,00,00,
29613065,00000118,false,Rx,1,4,00,4E,00,00,00,00,00,00,
29623363,00000118,false,Rx,1,4,00,4F,00,00,00,00,00,00,
29633057,00000118,false,Rx,1,4,00,40,00,00,00,00,00,00,
29643364,00000118,false,Rx,1,4,00,41,00,00,00,00,00,00,
29653057,00000118,false,Rx,1,4,00,42,00,00,00,00,00,00,
29663847,00000118,false,Rx,1,4,00,43,00,00,00,00,00,00,
29673459,00000118,false,Rx,1,4,00,44,00,00,00,00,00,00,
29683607,00000118,false,Rx,1,4,00,45,00,00,00,00,00,00,
29693391,00000118,false,Rx,1,4,00,46,00,00,00,00,00,00,
29693606,0000070F,false,Rx,0,8,03,22,02,8D,55,55,55,55,
29703855,00000118,false,Rx,1,4,00,47,00,00,00,00,00,00,
29713377,00000118,false,Rx,1,4,00,48,00,00,00,00,00,00,
29714678,00000779,false,Rx,1,8,05,62,02,8D,52,00,AA,AA,
29723612,00000118,false,Rx,1,4,00,49,00,00,00,00,00,00,
29733426,00000118,false,Rx,1,4,00,4A,00,00,00,00,00,00,
29743609,00000118,false,Rx,1,4,00,4B,00,00,00,00,00,00,
29753372,00000118,false,Rx,1,4,00,4C,00,00,00,00,00,00,
29763613,00000118,false,Rx,1,4,00,4D,00,00,00,00,00,00,
29773391,00000118,false,Rx,1,4,00,4E,00,00,00,00,00,00,
29784090,00000118,false,Rx,1,4,00,4F,00,00,00,00,00,00,
29793726,00000118,false,Rx,1,4,00,40,00,00,00,00,00,00,
29804090,00000118,false,Rx,1,4,00,41,00,00,00,00,00,00,
29814109,00000118,false,Rx,1,4,00,42,00,00,00,00,00,00,
29824383,00000118,false,Rx,1,4,00,43,00,00,00,00,00,00,
29840503,00000118,false,Rx,1,4,00,44,00,00,00,00,00,00,
29844378,00000118,false,Rx,1,4,00,45,00,00,00,00,00,00,
29854497,00000118,false,Rx,1,4,00,46,00,00,00,00,00,00,
29864991,00000118,false,Rx,1,4,00,47,00,00,00,00,00,00,
29874502,00000118,false,Rx,1,4,00,48,00,00,00,00,00,00,
29884703,00000118,false,Rx,1,4,00,49,00,00,00,00,00,00,
29894819,00000118,false,Rx,1,4,00,4A,00,00,00,00,00,00,
29905129,00000118,false,Rx,1,4,00,4B,00,00,00,00,00,00,
29905423,17F0000F,true,Rx,1,8,00,0F,00,00,00,00,00,00,
29914792,00000118,false,Rx,1,4,00,4C,00,00,00,00,00,00,
29925112,00000118,false,Rx,1,4,00,4D,00,00,00,00,00,00,
29934769,00000118,false,Rx,1,4,00,4E,00,00,00,00,00,00,
29945090,00000118,false,Rx,1,4,00,4F,00,00,00,00,00,00,
29954775,00000118,false,Rx,1,4,00,40,00,00,00,00,00,00,
29965067,00000118,false,Rx,1,4,00,41,00,00,00,00,00,00,
29974794,00000118,false,Rx,1,4,00,42,00,00,00,00,00,00,
29985049,00000118,false,Rx,1,4,00,43,00,00,00,00,00,00,
29994727,00000118,false,Rx,1,4,00,44,00,00,00,00,00,00,
30005055,00000118,false,Rx,1,4,00,45,00,00,00,00,00,00,
30014711,00000118,false,Rx,1,4,00,46,00,00,00,00,00,00,
30019996,0000070F,false,Rx,0,8,03,22,2B,F1,55,55,55,55,
30025066,00000118,false,Rx,1,4,00,47,00,00,00,00,00,00,
30034696,00000118,false,Rx,1,4,00,48,00,00,00,00,00,00,
30035997,00000779,false,Rx,1,8,05,62,2B,F1,AD,63,AA,AA,
30045023,00000118,false,Rx,1,4,00,49,00,00,00,00,00,00,
30054707,00000118,false,Rx,1,4,00,4A,00,00,00,00,00,00,
30064996,00000118,false,Rx,1,4,00,4B,00,00,00,00,00,00,
30074728,00000118,false,Rx,1,4,00,4C,00,00,00,00,00,00,
30084979,00000118,false,Rx,1,4,00,4D,00,00,00,00,00,00,
30094658,00000118,false,Rx,1,4,00,4E,00,00,00,00,00,00,
30104986,00000118,false,Rx,1,4,00,4F,00,00,00,00,00,00,
30114644,00000118,false,Rx,1,4,00,40,00,00,00,00,00,00,
30124972,00000118,false,Rx,1,4,00,41,00,00,00,00,00,00,
30134628,00000118,false,Rx,1,4,00,42,00,00,00,00,00,00,
30144955,00000118,false,Rx,1,4,00,43,00,00,00,00,00,00,
30154635,00000118,false,Rx,1,4,00,44,00,00,00,00,00,00,
30164944,00000118,false,Rx,1,4,00,45,00,00,00,00,00,00,
30174653,00000118,false,Rx,1,4,00,46,00,00,00,00,00,00,
30184911,00000118,false,Rx,1,4,00,47,00,00,00,00,00,00,
30194585,00000118,false,Rx,1,4,00,48,00,00,00,00,00,00,
30204937,00000118,false,Rx,1,4,00,49,00,00,00,00,00,00,
30214576,00000118,false,Rx,1,4,00,4A,00,00,00,00,00,00,
30224904,00000118,false,Rx,1,4,00,4B,00,00,00,00,00,00,
30234562,00000118,false,Rx,1,4,00,4C,00,00,00,00,00,00,
30244868,00000118,false,Rx,1,4,00,4D,00,00,00,00,00,00,
30254567,00000118,false,Rx,1,4,00,4E,00,00,00,00,00,00,
30264855,00000118,false,Rx,1,4,00,4F,00,00,00,00,00,00,
30274588,00000118,false,Rx,1,4,00,40,00,00,00,00,00,00,
30284842,00000118,false,Rx,1,4,00,41,00,00,00,00,00,00,
30294519,00000118,false,Rx,1,4,00,42,00,00,00,00,00,00,
30304847,00000118,false,Rx,1,4,00,43,00,00,00,00,00,00,
30314503,00000118,false,Rx,1,4,00,44,00,00,00,00,00,00,
30324856,00000118,false,Rx,1,4,00,45,00,00,00,00,00,00,
30338768,0000070F,false,Rx,0,8,03,22,02,8D,55,55,55,55,
30338800,00000118,false,Rx,1,4,00,46,00,00,00,00,00,00,
30344841,00000118,false,Rx,1,4,00,47,00,00,00,00,00,00,
30354515,00000118,false,Rx,1,4,00,48,00,00,00,00,00,00,
30355796,00000779,false,Rx,1,8,05,62,02,8D,52,00,AA,AA,
30364796,00000118,false,Rx,1,4,00,49,00,00,00,00,00,00,
30374518,00000118,false,Rx,1,4,00,4A,00,00,00,00,00,00,
30384774,00000118,false,Rx,1,4,00,4B,00,00,00,00,00,00,
30394451,00000118,false,Rx,1,4,00,4C,00,00,00,00,00,00,
30404777,00000118,false,Rx,1,4,00,4D,00,00,00,00,00,00,
30405073,17F0000F,true,Rx,1,8,00,0F,00,00,00,00,00,00,
30414442,00000118,false,Rx,1,4,00,4E,00,00,00,00,00,00,
30424761,00000118,false,Rx,1,4,00,4F,00,00,00,00,00,00,
30434422,00000118,false,Rx,1,4,00,40,00,00,00,00,00,00,
30444714,00000118,false,Rx,1,4,00,41,00,00,00,00,00,00,
30454456,00000118,false,Rx,1,4,00,42,00,00,00,00,00,00,
30464697,00000118,false,Rx,1,4,00,43,00,00,00,00,00,00,
30474465,00000118,false,Rx,1,4,00,44,00,00,00,00,00,00,
30484683,00000118,false,Rx,1,4,00,45,00,00,00,00,00,00,
30494394,00000118,false,Rx,1,4,00,46,00,00,00,00,00,00,
30504688,00000118,false,Rx,1,4,00,47,00,00,00,00,00,00,
30514380,00000118,false,Rx,1,4,00,48,00,00,00,00,00,00,
30524675,00000118,false,Rx,1,4,00,49,00,00,00,00,00,00,
30534372,00000118,false,Rx,1,4,00,4A,00,00,00,00,00,00,
30544644,00000118,false,Rx,1,4,00,4B,00,00,00,00,00,00,
30554781,00000118,false,Rx,1,4,00,4C,00,00,00,00,00,00,
30565046,00000118,false,Rx,1,4,00,4D,00,00,00,00,00,00,
30574778,00000118,false,Rx,1,4,00,4E,00,00,00,00,00,00,
30585031,00000118,false,Rx,1,4,00,4F,00,00,00,00,00,00,
30594712,00000118,false,Rx,1,4,00,40,00,00,00,00,00,00,
30605040,00000118,false,Rx,1,4,00,41,00,00,00,00,00,00,
30614694,00000118,false,Rx,1,4,00,42,00,00,00,00,00,00,
30625022,00000118,false,Rx,1,4,00,43,00,00,00,00,00,00,
30634681,00000118,false,Rx,1,4,00,44,00,00,00,00,00,00,
30644991,00000118,false,Rx,1,4,00,45,00,00,00,00,00,00,
30653490,0000070F,false,Rx,0,8,03,22,2B,F1,55,55,55,55,
30654710,00000118,false,Rx,1,4,00,46,00,00,00,00,00,00,
30664982,00000118,false,Rx,1,4,00,47,00,00,00,00,00,00,
30667193,00000779,false,Rx,1,8,05,62,2B,F1,AD,63,AA,AA,
30674716,00000118,false,Rx,1,4,00,48,00,00,00,00,00,00,
30684962,00000118,false,Rx,1,4,00,49,00,00,00,00,00,00,
30694642,00000118,false,Rx,1,4,00,4A,00,00,00,00,00,00,
30704970,00000118,false,Rx,1,4,00,4B,00,00,00,00,00,00,
30714628,00000118,false,Rx,1,4,00,4C,00,00,00,00,00,00,
30724953,00000118,false,Rx,1,4,00,4D,00,00,00,00,00,00,
30734611,00000118,false,Rx,1,4,00,4E,00,00,00,00,00,00,
30744941,00000118,false,Rx,1,4,00,4F,00,00,00,00,00,00,
30754619,00000118,false,Rx,1,4,00,40,00,00,00,00,00,00,
30764913,00000118,false,Rx,1,4,00,41,00,00,00,00,00,00,
30774637,00000118,false,Rx,1,4,00,42,00,00,00,00,00,00,
30784894,00000118,false,Rx,1,4,00,43,00,00,00,00,00,00,
30794570,00000118,false,Rx,1,4,00,44,00,00,00,00,00,00,
30804898,00000118,false,Rx,1,4,00,45,00,00,00,00,00,00,
30814557,00000118,false,Rx,1,4,00,46,00,00,00,00,00,00,
30824883,00000118,false,Rx,1,4,00,47,00,00,00,00,00,00,
30834558,00000118,false,Rx,1,4,00,48,00,00,00,00,00,00,
30844802,00000118,false,Rx,1,4,00,49,00,00,00,00,00,00,
30854552,00000118,false,Rx,1,4,00,4A,00,00,00,00,00,00,
30864956,00000118,false,Rx,1,4,00,4B,00,00,00,00,00,00,
30874973,00000118,false,Rx,1,4,00,4C,00,00,00,00,00,00,
30885242,00000118,false,Rx,1,4,00,4D,00,00,00,00,00,00,
30894904,00000118,false,Rx,1,4,00,4E,00,00,00,00,00,00,
30905371,00000118,false,Rx,1,4,00,4F,00,00,00,00,00,00,
30905668,17F0000F,true,Rx,1,8,00,0F,00,00,00,00,00,00,
30914932,00000118,false,Rx,1,4,00,40,00,00,00,00,00,00,
30925199,00000118,false,Rx,1,4,00,41,00,00,00,00,00,00,
30934894,00000118,false,Rx,1,4,00,42,00,00,00,00,00,00,
30945182,00000118,false,Rx,1,4,00,43,00,00,00,00,00,00,
30954859,00000118,false,Rx,1,4,00,44,00,00,00,00,00,00,
30965196,00000118,false,Rx,1,4,00,45,00,00,00,00,00,00,
30971213,0000070F,false,Rx,0,8,03,22,2B,E4,55,55,55,55,
30974903,00000118,false,Rx,1,4,00,46,00,00,00,00,00,00,
30985572,00000118,false,Rx,1,4,00,47,00,00,00,00,00,00,
30987695,00000779,false,Rx,1,8,05,62,2B,E4,0D,63,AA,AA,
30995366,00000118,false,Rx,1,4,00,48,00,00,00,00,00,00,
31005539,00000118,false,Rx,1,4,00,49,00,00,00,00,00,00,
31015368,00000118,false,Rx,1,4,00,4A,00,00,00,00,00,00,
31025527,00000118,false,Rx,1,4,00,4B,00,00,00,00,00,00,
31035365,00000118,false,Rx,1,4,00,4C,00,00,00,00,00,00,
31045512,00000118,false,Rx,1,4,00,4D,00,00,00,00,00,00,
31055366,00000118,false,Rx,1,4,00,4E,00,00,00,00,00,00,
31065518,00000118,false,Rx,1,4,00,4F,00,00,00,00,00,00,
31075367,00000118,false,Rx,1,4,00,40,00,00,00,00,00,00,
31085505,00000118,false,Rx,1,4,00,41,00,00,00,00,00,00,
31095366,00000118,false,Rx,1,4,00,42,00,00,00,00,00,00,
31105471,00000118,false,Rx,1,4,00,43,00,00,00,00,00,00,
31115362,00000118,false,Rx,1,4,00,44,00,00,00,00,00,00,
31125455,00000118,false,Rx,1,4,00,45,00,00,00,00,00,00,
31135359,00000118,false,Rx,1,4,00,46,00,00,00,00,00,00,
31145442,00000118,false,Rx,1,4,00,47,00,00,00,00,00,00,
31155116,00000118,false,Rx,1,4,00,48,00,00,00,00,00,00,
31165446,00000118,false,Rx,1,4,00,49,00,00,00,00,00,00,
31175374,00000118,false,Rx,1,4,00,4A,00,00,00,00,00,00,
31185435,00000118,false,Rx,1,4,00,4B,00,00,00,00,00,00,
31195092,00000118,false,Rx,1,4,00,4C,00,00,00,00,00,00,
31205399,00000118,false,Rx,1,4,00,4D,00,00,00,00,00,00,
31215096,00000118,false,Rx,1,4,00,4E,00,00,00,00,00,00,
31225387,00000118,false,Rx,1,4,00,4F,00,00,00,00,00,00,
31235083,00000118,false,Rx,1,4,00,40,00,00,00,00,00,00,
31245375,00000118,false,Rx,1,4,00,41,00,00,00,00,00,00,
31255049,00000118,false,Rx,1,4,00,42,00,00,00,00,00,00,
31265377,00000118,false,Rx,1,4,00,43,00,00,00,00,00,00,
31275072,00000118,false,Rx,1,4,00,44,00,00,00,00,00,00,
31285364,00000118,false,Rx,1,4,00,45,00,00,00,00,00,00,
31288573,0000070F,false,Rx,0,8,03,22,02,8D,55,55,55,55,
31295045,00000118,false,Rx,1,4,00,46,00,00,00,00,00,00,
31305370,00000118,false,Rx,1,4,00,47,00,00,00,00,00,00,
31307450,00000779,false,Rx,1,8,05,62,02,8D,52,00,AA,AA,
31315035,00000118,false,Rx,1,4,00,48,00,00,00,00,00,00,
31325344,00000118,false,Rx,1,4,00,49,00,00,00,00,00,00,
31339613,00000118,false,Rx,1,4,00,4A,00,00,00,00,00,00,
31345421,00000118,false,Rx,1,4,00,4B,00,00,00,00,00,00,
31355002,00000118,false,Rx,1,4,00,4C,00,00,00,00,00,00,
31365289,00000118,false,Rx,1,4,00,4D,00,00,00,00,00,00,
31375025,00000118,false,Rx,1,4,00,4E,00,00,00,00,00,00,
31385274,00000118,false,Rx,1,4,00,4F,00,00,00,00,00,00,
31394973,00000118,false,Rx,1,4,00,40,00,00,00,00,00,00,
31405271,00000118,false,Rx,1,4,00,41,00,00,00,00,00,00,
31405559,17F0000F,true,Rx,1,8,00,0F,00,00,00,00,00,00,
31414951,00000118,false,Rx,1,4,00,42,00,00,00,00,00,00,
31425265,00000118,false,Rx,1,4,00,43,00,00,00,00,00,00,
31434943,00000118,false,Rx,1,4,00,44,00,00,00,00,00,00,
31445252,00000118,false,Rx,1,4,00,45,00,00,00,00,00,00,
31454908,00000118,false,Rx,1,4,00,46,00,00,00,00,00,00,
31465222,00000118,false,Rx,1,4,00,47,00,00,00,00,00,00,
31474958,00000118,false,Rx,1,4,00,48,00,00,00,00,00,00,
31485208,00000118,false,Rx,1,4,00,49,00,00,00,00,00,00,
31494903,00000118,false,Rx,1,4,00,4A,00,00,00,00,00,00,
31505193,00000118,false,Rx,1,4,00,4B,00,00,00,00,00,00,
31514870,00000118,false,Rx,1,4,00,4C,00,00,00,00,00,00,
31525196,00000118,false,Rx,1,4,00,4D,00,00,00,00,00,00,
31534854,00000118,false,Rx,1,4,00,4E,00,00,00,00,00,00,
31545183,00000118,false,Rx,1,4,00,4F,00,00,00,00,00,00,
31554843,00000118,false,Rx,1,4,00,40,00,00,00,00,00,00,
31565153,00000118,false,Rx,1,4,00,41,00,00,00,00,00,00,
31574882,00000118,false,Rx,1,4,00,42,00,00,00,00,00,00,
31585140,00000118,false,Rx,1,4,00,43,00,00,00,00,00,00,
31594831,00000118,false,Rx,1,4,00,44,00,00,00,00,00,00,
31603579,0000070F,false,Rx,0,8,03,22,2B,F1,55,55,55,55,
31605146,00000118,false,Rx,1,4,00,45,00,00,00,00,00,00,
31614796,00000118,false,Rx,1,4,00,46,00,00,00,00,00,00,
31616098,00000779,false,Rx,1,8,05,62,2B,F1,AD,63,AA,AA,
31625138,00000118,false,Rx,1,4,00,47,00,00,00,00,00,00,
31634783,00000118,false,Rx,1,4,00,48,00,00,00,00,00,00,
31645113,00000118,false,Rx,1,4,00,49,00,00,00,00,00,00,
31654774,00000118,false,Rx,1,4,00,4A,00,00,00,00,00,00,
31665082,00000118,false,Rx,1,4,00,4B,00,00,00,00,00,00,
31674814,00000118,false,Rx,1,4,00,4C,00,00,00,00,00,00,
31685065,00000118,false,Rx,1,4,00,4D,00,00,00,00,00,00,
31694763,00000118,false,Rx,1,4,00,4E,00,00,00,00,00,00,
31705053,00000118,false,Rx,1,4,00,4F,00,00,00,00,00,00,
31714731,00000118,false,Rx,1,4,00,40,00,00,00,00,00,00,
31725059,00000118,false,Rx,1,4,00,41,00,00,00,00,00,00,
31734716,00000118,false,Rx,1,4,00,42,00,00,00,00,00,00,
31745044,00000118,false,Rx,1,4,00,43,00,00,00,00,00,00,
31754701,00000118,false,Rx,1,4,00,44,00,00,00,00,00,00,
31765010,00000118,false,Rx,1,4,00,45,00,00,00,00,00,00,
31774739,00000118,false,Rx,1,4,00,46,00,00,00,00,00,00,
31784999,00000118,false,Rx,1,4,00,47,00,00,00,00,00,00,
31794690,00000118,false,Rx,1,4,00,48,00,00,00,00,00,00,
31804983,00000118,false,Rx,1,4,00,49,00,00,00,00,00,00,
31814662,00000118,false,Rx,1,4,00,4A,00,00,00,00,00,00,
31825010,00000118,false,Rx,1,4,00,4B,00,00,00,00,00,00,
31841406,00000118,false,Rx,1,4,00,4C,00,00,00,00,00,00,
31845140,00000118,false,Rx,1,4,00,4D,00,00,00,00,00,00,
31854691,00000118,false,Rx,1,4,00,4E,00,00,00,00,00,00,
31865106,00000118,false,Rx,1,4,00,4F,00,00,00,00,00,00,
31874715,00000118,false,Rx,1,4,00,40,00,00,00,00,00,00,
31885179,00000118,false,Rx,1,4,00,41,00,00,00,00,00,00,
31894662,00000118,false,Rx,1,4,00,42,00,00,00,00,00,00,
31905089,00000118,false,Rx,1,4,00,43,00,00,00,00,00,00,
31905623,17F0000F,true,Rx,1,8,00,0F,00,00,00,00,00,00,
31914635,00000118,false,Rx,1,4,00,44,00,00,00,00,00,00,
31921530,0000070F,false,Rx,0,8,03,22,2B,E4,55,55,55,55,
31925068,00000118,false,Rx,1,4,00,45,00,00,00,00,00,00,
31934611,00000118,false,Rx,1,4,00,46,00,00,00,00,00,00,
31935933,00000779,false,Rx,1,8,05,62,2B,E4,0D,63,AA,AA,
31945060,00000118,false,Rx,1,4,00,47,00,00,00,00,00,00,
31954616,00000118,false,Rx,1,4,00,48,00,00,00,00,00,00,
31965058,00000118,false,Rx,1,4,00,49,00,00,00,00,00,00,
31974643,00000118,false,Rx,1,4,00,4A,00,00,00,00,00,00,
31984822,00000118,false,Rx,1,4,00,4B,00,00,00,00,00,00,
31994605,00000118,false,Rx,1,4,00,4C,00,00,00,00,00,00,
32004812,00000118,false,Rx,1,4,00,4D,00,00,00,00,00,00,
32014558,00000118,false,Rx,1,4,00,4E,00,00,00,00,00,00,
32024816,00000118,false,Rx,1,4,00,4F,00,00,00,00,00,00,
32034545,00000118,false,Rx,1,4,00,40,00,00,00,00,00,00,
32044821,00000118,false,Rx,1,4,00,41,00,00,00,00,00,00,
32054549,00000118,false,Rx,1,4,00,42,00,00,00,00,00,00,
32064824,00000118,false,Rx,1,4,00,43,00,00,00,00,00,00,
32074571,00000118,false,Rx,1,4,00,44,00,00,00,00,00,00,
32084809,00000118,false,Rx,1,4,00,45,00,00,00,00,00,00,
32094523,00000118,false,Rx,1,4,00,46,00,00,00,00,00,00,
32104808,00000118,false,Rx,1,4,00,47,00,00,00,00,00,00,
32114486,00000118,false,Rx,1,4,00,48,00,00,00,00,00,00,
32124808,00000118,false,Rx,1,4,00,49,00,00,00,00,00,00,
32134476,00000118,false,Rx,1,4,00,4A,00,00,00,00,00,00,
32144819,00000118,false,Rx,1,4,00,4B,00,00,00,00,00,00,
32154501,00000118,false,Rx,1,4,00,4C,00,00,00,00,00,00,
32164809,00000118,false,Rx,1,4,00,4D,00,00,00,00,00,00,
32174520,00000118,false,Rx,1,4,00,4E,00,00,00,00,00,00,
32184828,00000118,false,Rx,1,4,00,4F,00,00,00,00,00,00,
32194474,00000118,false,Rx,1,4,00,40,00,00,00,00,00,00,
32204828,00000118,false,Rx,1,4,00,41,00,00,00,00,00,00,
32214437,00000118,false,Rx,1,4,00,42,00,00,00,00,00,00,
32224825,00000118,false,Rx,1,4,00,43,00,00,00,00,00,00,
32234423,00000118,false,Rx,1,4,00,44,00,00,00,00,00,00,
32238997,0000070F,false,Rx,0,8,03,22,02,8D,55,55,55,55,
32244811,00000118,false,Rx,1,4,00,45,00,00,00,00,00,00,
32254427,00000118,false,Rx,1,4,00,46,00,00,00,00,00,00,
32255728,00000779,false,Rx,1,8,05,62,02,8D,52,00,AA,AA,
32264824,00000118,false,Rx,1,4,00,47,00,00,00,00,00,00,
32274449,00000118,false,Rx,1,4,00,48,00,00,00,00,00,00,
32285059,00000118,false,Rx,1,4,00,49,00,00,00,00,00,00,
32295186,00000118,false,Rx,1,4,00,4A,00,00,00,00,00,00,
32305419,00000118,false,Rx,1,4,00,4B,00,00,00,00,00,00,
32315131,00000118,false,Rx,1,4,00,4C,00,00,00,00,00,00,
32325500,00000118,false,Rx,1,4,00,4D,00,00,00,00,00,00,
32335135,00000118,false,Rx,1,4,00,4E,00,00,00,00,00,00,
32345540,00000118,false,Rx,1,4,00,4F,00,00,00,00,00,00,
32355198,00000118,false,Rx,1,4,00,40,00,00,00,00,00,00,
32365853,00000118,false,Rx,1,4,00,41,00,00,00,00,00,00,
32375579,00000118,false,Rx,1,4,00,42,00,00,00,00,00,00,
32385849,00000118,false,Rx,1,4,00,43,00,00,00,00,00,00,
32395511,00000118,false,Rx,1,4,00,44,00,00,00,00,00,00,
32406344,00000118,false,Rx,1,4,00,45,00,00,00,00,00,00,
32406867,17F0000F,true,Rx,1,8,00,0F,00,00,00,00,00,00,
32415883,00000118,false,Rx,1,4,00,46,00,00,00,00,00,00,
32426330,00000118,false,Rx,1,4,00,47,00,00,00,00,00,00,
32435862,00000118,false,Rx,1,4,00,48,00,00,00,00,00,00,
32446336,00000118,false,Rx,1,4,00,49,00,00,00,00,00,00,
32456272,00000118,false,Rx,1,4,00,4A,00,00,00,00,00,00,
32466594,00000118,false,Rx,1,4,00,4B,00,00,00,00,00,00,
32476674,00000118,false,Rx,1,4,00,4C,00,00,00,00,00,00,
32486908,00000118,false,Rx,1,4,00,4D,00,00,00,00,00,00,
32496605,00000118,false,Rx,1,4,00,4E,00,00,00,00,00,00,
32506902,00000118,false,Rx,1,4,00,4F,00,00,00,00,00,00,
32516573,00000118,false,Rx,1,4,00,40,00,00,00,00,00,00,
32526901,00000118,false,Rx,1,4,00,41,00,00,00,00,00,00,
32536556,00000118,false,Rx,1,4,00,42,00,00,00,00,00,00,
32546867,00000118,false,Rx,1,4,00,43,00,00,00,00,00,00,
32556481,0000070F,false,Rx,0,8,03,22,2B,F1,55,55,55,55,
32556562,00000118,false,Rx,1,4,00,44,00,00,00,00,00,00,
32566876,00000118,false,Rx,1,4,00,45,00,00,00,00,00,00,
32576585,00000118,false,Rx,1,4,00,46,00,00,00,00,00,00,
32577881,00000779,false,Rx,1,8,05,62,2B,F1,AD,63,AA,AA,
32586849,00000118,false,Rx,1,4,00,47,00,00,00,00,00,00,
32596531,00000118,false,Rx,1,4,00,48,00,00,00,00,00,00,
32606828,00000118,false,Rx,1,4,00,49,00,00,00,00,00,00,
32616505,00000118,false,Rx,1,4,00,4A,00,00,00,00,00,00,
32626832,00000118,false,Rx,1,4,00,4B,00,00,00,00,00,00,
32636489,00000118,false,Rx,1,4,00,4C,00,00,00,00,00,00,
32646836,00000118,false,Rx,1,4,00,4D,00,00,00,00,00,00,
32656494,00000118,false,Rx,1,4,00,4E,00,00,00,00,00,00,
32666784,00000118,false,Rx,1,4,00,4F,00,00,00,00,00,00,
32676515,00000118,false,Rx,1,4,00,40,00,00,00,00,00,00,
32686771,00000118,false,Rx,1,4,00,41,00,00,00,00,00,00,
32696464,00000118,false,Rx,1,4,00,42,00,00,00,00,00,00,
32706757,00000118,false,Rx,1,4,00,43,00,00,00,00,00,00,
32716431,00000118,false,Rx,1,4,00,44,00,00,00,00,00,00,
32726760,00000118,false,Rx,1,4,00,45,00,00,00,00,00,00,
32736416,00000118,false,Rx,1,4,00,46,00,00,00,00,00,00,
32746841,00000118,false,Rx,1,4,00,47,00,00,00,00,00,00,
32756837,00000118,false,Rx,1,4,00,48,00,00,00,00,00,00,
32767112,00000118,false,Rx,1,4,00,49,00,00,00,00,00,00,
32776847,00000118,false,Rx,1,4,00,4A,00,00,00,00,00,00,
32787101,00000118,false,Rx,1,4,00,4B,00,00,00,00,00,00,
32796797,00000118,false,Rx,1,4,00,4C,00,00,00,00,00,00,
32807088,00000118,false,Rx,1,4,00,4D,00,00,00,00,00,00,
32816761,00000118,false,Rx,1,4,00,4E,00,00,00,00,00,00,
32827123,00000118,false,Rx,1,4,00,4F,00,00,00,00,00,00,
32840881,00000118,false,Rx,1,4,00,40,00,00,00,00,00,00,
32847078,00000118,false,Rx,1,4,00,41,00,00,00,00,00,00,
32856771,00000118,false,Rx,1,4,00,42,00,00,00,00,00,00,
32867138,00000118,false,Rx,1,4,00,43,00,00,00,00,00,00,
32874937,0000070F,false,Rx,0,8,03,22,2B,E4,55,55,55,55,
32876798,00000118,false,Rx,1,4,00,44,00,00,00,00,00,00,
32887030,00000118,false,Rx,1,4,00,45,00,00,00,00,00,00,
32889151,00000779,false,Rx,1,8,05,62,2B,E4,0D,63,AA,AA,
32896759,00000118,false,Rx,1,4,00,46,00,00,00,00,00,00,
32907019,00000118,false,Rx,1,4,00,47,00,00,00,00,00,00,
32907380,17F0000F,true,Rx,1,8,00,0F,00,00,00,00,00,00,
32916701,00000118,false,Rx,1,4,00,48,00,00,00,00,00,00,
32927024,00000118,false,Rx,1,4,00,49,00,00,00,00,00,00,
32936680,00000118,false,Rx,1,4,00,4A,00,00,00,00,00,00,
32946989,00000118,false,Rx,1,4,00,4B,00,00,00,00,00,00,
32956685,00000118,false,Rx,1,4,00,4C,00,00,00,00,00,00,
32966973,00000118,false,Rx,1,4,00,4D,00,00,00,00,00,00,
32976705,00000118,false,Rx,1,4,00,4E,00,00,00,00,00,00,
32986961,00000118,false,Rx,1,4,00,4F,00,00,00,00,00,00,
32996658,00000118,false,Rx,1,4,00,40,00,00,00,00,00,00,
33006952,00000118,false,Rx,1,4,00,41,00,00,00,00,00,00,
33016626,00000118,false,Rx,1,4,00,42,00,00,00,00,00,00,
33026955,00000118,false,Rx,1,4,00,43,00,00,00,00,00,00,
33036610,00000118,false,Rx,1,4,00,44,00,00,00,00,00,00,
33046937,00000118,false,Rx,1,4,00,45,00,00,00,00,00,00,
33056611,00000118,false,Rx,1,4,00,46,00,00,00,00,00,00,
33066904,00000118,false,Rx,1,4,00,47,00,00,00,00,00,00,
33076635,00000118,false,Rx,1,4,00,48,00,00,00,00,00,00,
33086892,00000118,false,Rx,1,4,00,49,00,00,00,00,00,00,
33096587,00000118,false,Rx,1,4,00,4A,00,00,00,00,00,00,
33106878,00000118,false,Rx,1,4,00,4B,00,00,00,00,00,00,
33116557,00000118,false,Rx,1,4,00,4C,00,00,00,00,00,00,
33126882,00000118,false,Rx,1,4,00,4D,00,00,00,00,00,00,
33136539,00000118,false,Rx,1,4,00,4E,00,00,00,00,00,00,
33146848,00000118,false,Rx,1,4,00,4F,00,00,00,00,00,00,
33156547,00000118,false,Rx,1,4,00,40,00,00,00,00,00,00,
33166838,00000118,false,Rx,1,4,00,41,00,00,00,00,00,00,
33176566,00000118,false,Rx,1,4,00,42,00,00,00,00,00,00,
33186821,00000118,false,Rx,1,4,00,43,00,00,00,00,00,00,
33192419,0000070F,false,Rx,0,8,03,22,02,8D,55,55,55,55,
33196542,00000118,false,Rx,1,4,00,44,00,00,00,00,00,00,
33206806,00000118,false,Rx,1,4,00,45,00,00,00,00,00,00,
33208944,00000779,false,Rx,1,8,05,62,02,8D,52,00,AA,AA,
33216495,00000118,false,Rx,1,4,00,46,00,00,00,00,00,00,
33226811,00000118,false,Rx,1,4,00,47,00,00,00,00,00,00,
33236467,00000118,false,Rx,1,4,00,48,00,00,00,00,00,00,
33246837,00000118,false,Rx,1,4,00,49,00,00,00,00,00,00,
33256477,00000118,false,Rx,1,4,00,4A,00,00,00,00,00,00,
33266767,00000118,false,Rx,1,4,00,4B,00,00,00,00,00,00,
33276498,00000118,false,Rx,1,4,00,4C,00,00,00,00,00,00,
33286750,00000118,false,Rx,1,4,00,4D,00,00,00,00,00,00,
33296447,00000118,false,Rx,1,4,00,4E,00,00,00,00,00,00,
33306738,00000118,false,Rx,1,4,00,4F,00,00,00,00,00,00,
33316417,00000118,false,Rx,1,4,00,40,00,00,00,00,00,00,
33326748,00000118,false,Rx,1,4,00,41,00,00,00,00,00,00,
33342320,00000118,false,Rx,1,4,00,42,00,00,00,00,00,00,
33346890,00000118,false,Rx,1,4,00,43,00,00,00,00,00,00,
33356842,00000118,false,Rx,1,4,00,44,00,00,00,00,00,00,
33367095,00000118,false,Rx,1,4,00,45,00,00,00,00,00,00,
33376824,00000118,false,Rx,1,4,00,46,00,00,00,00,00,00,
33387081,00000118,false,Rx,1,4,00,47,00,00,00,00,00,00,
33396775,00000118,false,Rx,1,4,00,48,00,00,00,00,00,00,
33407069,00000118,false,Rx,1,4,00,49,00,00,00,00,00,00,
33407364,17F0000F,true,Rx,1,8,00,0F,00,00,00,00,00,00,
33416753,00000118,false,Rx,1,4,00,4A,00,00,00,00,00,00,
33427090,00000118,false,Rx,1,4,00,4B,00,00,00,00,00,00,
33436732,00000118,false,Rx,1,4,00,4C,00,00,00,00,00,00,
33447039,00000118,false,Rx,1,4,00,4D,00,00,00,00,00,00,
33456736,00000118,false,Rx,1,4,00,4E,00,00,00,00,00,00,
33467031,00000118,false,Rx,1,4,00,4F,00,00,00,00,00,00,
33476758,00000118,false,Rx,1,4,00,40,00,00,00,00,00,00,
33487015,00000118,false,Rx,1,4,00,41,00,00,00,00,00,00,
33496707,00000118,false,Rx,1,4,00,42,00,00,00,00,00,00,
33506997,00000118,false,Rx,1,4,00,43,00,00,00,00,00,00,
33511258,0000070F,false,Rx,0,8,03,22,2B,F1,55,55,55,55,
33516699,00000118,false,Rx,1,4,00,44,00,00,00,00,00,00,
33527010,00000118,false,Rx,1,4,00,45,00,00,00,00,00,00,
33529122,00000779,false,Rx,1,8,05,62,2B,F1,AD,63,AA,AA,
33536669,00000118,false,Rx,1,4,00,46,00,00,00,00,00,00,
33546969,00000118,false,Rx,1,4,00,47,00,00,00,00,00,00,
33556663,00000118,false,Rx,1,4,00,48,00,00,00,00,00,00,
33566955,00000118,false,Rx,1,4,00,49,00,00,00,00,00,00,
33576694,00000118,false,Rx,1,4,00,4A,00,00,00,00,00,00,
33586950,00000118,false,Rx,1,4,00,4B,00,00,00,00,00,00,
33596641,00000118,false,Rx,1,4,00,4C,00,00,00,00,00,00,
33606948,00000118,false,Rx,1,4,00,4D,00,00,00,00,00,00,
33616604,00000118,false,Rx,1,4,00,4E,00,00,00,00,00,00,
33626956,00000118,false,Rx,1,4,00,4F,00,00,00,00,00,00,
33636594,00000118,false,Rx,1,4,00,40,00,00,00,00,00,00,
33646914,00000118,false,Rx,1,4,00,41,00,00,00,00,00,00,
33656596,00000118,false,Rx,1,4,00,42,00,00,00,00,00,00,
33666896,00000118,false,Rx,1,4,00,43,00,00,00,00,00,00,
33676617,00000118,false,Rx,1,4,00,44,00,00,00,00,00,00,
33686873,00000118,false,Rx,1,4,00,45,00,00,00,00,00,00,
33696566,00000118,false,Rx,1,4,00,46,00,00,00,00,00,00,
33706858,00000118,false,Rx,1,4,00,47,00,00,00,00,00,00,
33716533,00000118,false,Rx,1,4,00,48,00,00,00,00,00,00,
33726867,00000118,false,Rx,1,4,00,49,00,00,00,00,00,00,
33736523,00000118,false,Rx,1,4,00,4A,00,00,00,00,00,00,
33746842,00000118,false,Rx,1,4,00,4B,00,00,00,00,00,00,
33756529,00000118,false,Rx,1,4,00,4C,00,00,00,00,00,00,
33766818,00000118,false,Rx,1,4,00,4D,00,00,00,00,00,00,
33776549,00000118,false,Rx,1,4,00,4E,00,00,00,00,00,00,
33786803,00000118,false,Rx,1,4,00,4F,00,00,00,00,00,00,
33796502,00000118,false,Rx,1,4,00,40,00,00,00,00,00,00,
33806792,00000118,false,Rx,1,4,00,41,00,00,00,00,00,00,
33816465,00000118,false,Rx,1,4,00,42,00,00,00,00,00,00,
33817998,0000070F,false,Rx,0,8,03,22,2B,E4,55,55,55,55,
33826780,00000118,false,Rx,1,4,00,43,00,00,00,00,00,00,
33839598,00000118,false,Rx,1,4,00,44,00,00,00,00,00,00,
33839614,00000779,false,Rx,1,8,05,62,2B,E4,0D,63,AA,AA,
33847205,00000118,false,Rx,1,4,00,45,00,00,00,00,00,00,
33856856,00000118,false,Rx,1,4,00,46,00,00,00,00,00,00,
33867400,00000118,false,Rx,1,4,00,47,00,00,00,00,00,00,
33876877,00000118,false,Rx,1,4,00,48,00,00,00,00,00,00,
33887133,00000118,false,Rx,1,4,00,49,00,00,00,00,00,00,
33896831,00000118,false,Rx,1,4,00,4A,00,00,00,00,00,00,
33907125,00000118,false,Rx,1,4,00,4B,00,00,00,00,00,00,
33907419,17F0000F,true,Rx,1,8,00,0F,00,00,00,00,00,00,
33916805,00000118,false,Rx,1,4,00,4C,00,00,00,00,00,00,
33927124,00000118,false,Rx,1,4,00,4D,00,00,00,00,00,00,
33936797,00000118,false,Rx,1,4,00,4E,00,00,00,00,00,00,
33947114,00000118,false,Rx,1,4,00,4F,00,00,00,00,00,00,
33956771,00000118,false,Rx,1,4,00,40,00,00,00,00,00,00,
33967081,00000118,false,Rx,1,4,00,41,00,00,00,00,00,00,
33976809,00000118,false,Rx,1,4,00,42,00,00,00,00,00,00,
33987063,00000118,false,Rx,1,4,00,43,00,00,00,00,00,00,
33996760,00000118,false,Rx,1,4,00,44,00,00,00,00,00,00,
34007076,00000118,false,Rx,1,4,00,45,00,00,00,00,00,00,
34016726,00000118,false,Rx,1,4,00,46,00,00,00,00,00,00,
34027054,00000118,false,Rx,1,4,00,47,00,00,00,00,00,00,
34036720,00000118,false,Rx,1,4,00,48,00,00,00,00,00,00,
34047041,00000118,false,Rx,1,4,00,49,00,00,00,00,00,00,
34056700,00000118,false,Rx,1,4,00,4A,00,00,00,00,00,00,
34067013,00000118,false,Rx,1,4,00,4B,00,00,00,00,00,00,
34076743,00000118,false,Rx,1,4,00,4C,00,00,00,00,00,00,
34086994,00000118,false,Rx,1,4,00,4D,00,00,00,00,00,00,
34096691,00000118,false,Rx,1,4,00,4E,00,00,00,00,00,00,
34106979,00000118,false,Rx,1,4,00,4F,00,00,00,00,00,00,
34116659,00000118,false,Rx,1,4,00,40,00,00,00,00,00,00,
34126987,00000118,false,Rx,1,4,00,41,00,00,00,00,00,00,
34136643,00000118,false,Rx,1,4,00,42,00,00,00,00,00,00,
34144013,0000070F,false,Rx,0,8,03,22,02,8D,55,55,55,55,
34146996,00000118,false,Rx,1,4,00,43,00,00,00,00,00,00,
34156629,00000118,false,Rx,1,4,00,44,00,00,00,00,00,00,
34157948,00000779,false,Rx,1,8,05,62,02,8D,52,00,AA,AA,
34166952,00000118,false,Rx,1,4,00,45,00,00,00,00,00,00,
34176668,00000118,false,Rx,1,4,00,46,00,00,00,00,00,00,
34186943,00000118,false,Rx,1,4,00,47,00,00,00,00,00,00,
34196619,00000118,false,Rx,1,4,00,48,00,00,00,00,00,00,
34206911,00000118,false,Rx,1,4,00,49,00,00,00,00,00,00,
34216589,00000118,false,Rx,1,4,00,4A,00,00,00,00,00,00,
34226937,00000118,false,Rx,1,4,00,4B,00,00,00,00,00,00,
34236575,00000118,false,Rx,1,4,00,4C,00,00,00,00,00,00,
34246905,00000118,false,Rx,1,4,00,4D,00,00,00,00,00,00,
34256561,00000118,false,Rx,1,4,00,4E,00,00,00,00,00,00,
34266869,00000118,false,Rx,1,4,00,4F,00,00,00,00,00,00,
34276602,00000118,false,Rx,1,4,00,40,00,00,00,00,00,00,
34286857,00000118,false,Rx,1,4,00,41,00,00,00,00,00,00,
34296550,00000118,false,Rx,1,4,00,42,00,00,00,00,00,00,
34306840,00000118,false,Rx,1,4,00,43,00,00,00,00,00,00,
34316517,00000118,false,Rx,1,4,00,44,00,00,00,00,00,00,
34326885,00000118,false,Rx,1,4,00,45,00,00,00,00,00,00,
34343275,00000118,false,Rx,1,4,00,46,00,00,00,00,00,00,
34346964,00000118,false,Rx,1,4,00,47,00,00,00,00,00,00,
34356587,00000118,false,Rx,1,4,00,48,00,00,00,00,00,00,
34366798,00000118,false,Rx,1,4,00,49,00,00,00,00,00,00,
34376532,00000118,false,Rx,1,4,00,4A,00,00,00,00,00,00,
34386787,00000118,false,Rx,1,4,00,4B,00,00,00,00,00,00,
34396483,00000118,false,Rx,1,4,00,4C,00,00,00,00,00,00,
34406775,00000118,false,Rx,1,4,00,4D,00,00,00,00,00,00,
34407068,17F0000F,true,Rx,1,8,00,0F,00,00,00,00,00,00,
34416456,00000118,false,Rx,1,4,00,4E,00,00,00,00,00,00,
34426776,00000118,false,Rx,1,4,00,4F,00,00,00,00,00,00,
34436436,00000118,false,Rx,1,4,00,40,00,00,00,00,00,00,
34444487,0000070F,false,Rx,0,8,03,22,2B,F1,55,55,55,55,
34446955,00000118,false,Rx,1,4,00,41,00,00,00,00,00,00,
34456458,00000118,false,Rx,1,4,00,42,00,00,00,00,00,00,
34457755,00000779,false,Rx,1,8,05,62,2B,F1,AD,63,AA,AA,
34466724,00000118,false,Rx,1,4,00,43,00,00,00,00,00,00,
34476479,00000118,false,Rx,1,4,00,44,00,00,00,00,00,00,
34486697,00000118,false,Rx,1,4,00,45,00,00,00,00,00,00,
34496827,00000118,false,Rx,1,4,00,46,00,00,00,00,00,00,
34507102,00000118,false,Rx,1,4,00,47,00,00,00,00,00,00,
34516776,00000118,false,Rx,1,4,00,48,00,00,00,00,00,00,
34527106,00000118,false,Rx,1,4,00,49,00,00,00,00,00,00,
34536766,00000118,false,Rx,1,4,00,4A,00,00,00,00,00,00,
34547100,00000118,false,Rx,1,4,00,4B,00,00,00,00,00,00,
34556752,00000118,false,Rx,1,4,00,4C,00,00,00,00,00,00,
34567061,00000118,false,Rx,1,4,00,4D,00,00,00,00,00,00,
34576791,00000118,false,Rx,1,4,00,4E,00,00,00,00,00,00,
34587046,00000118,false,Rx,1,4,00,4F,00,00,00,00,00,00,
34596743,00000118,false,Rx,1,4,00,40,00,00,00,00,00,00,
34607035,00000118,false,Rx,1,4,00,41,00,00,00,00,00,00,
34616708,00000118,false,Rx,1,4,00,42,00,00,00,00,00,00,
34627037,00000118,false,Rx,1,4,00,43,00,00,00,00,00,00,
34636695,00000118,false,Rx,1,4,00,44,00,00,00,00,00,00,
34647004,00000118,false,Rx,1,4,00,45,00,00,00,00,00,00,
34656705,00000118,false,Rx,1,4,00,46,00,00,00,00,00,00,
34666990,00000118,false,Rx,1,4,00,47,00,00,00,00,00,00,
34676719,00000118,false,Rx,1,4,00,48,00,00,00,00,00,00,
34686976,00000118,false,Rx,1,4,00,49,00,00,00,00,00,00,
34696674,00000118,false,Rx,1,4,00,4A,00,00,00,00,00,00,
34706965,00000118,false,Rx,1,4,00,4B,00,00,00,00,00,00,
34716641,00000118,false,Rx,1,4,00,4C,00,00,00,00,00,00,
34726967,00000118,false,Rx,1,4,00,4D,00,00,00,00,00,00,
34736625,00000118,false,Rx,1,4,00,4E,00,00,00,00,00,00,
34746950,00000118,false,Rx,1,4,00,4F,00,00,00,00,00,00,
34756632,00000118,false,Rx,1,4,00,40,00,00,00,00,00,00,
34762166,0000070F,false,Rx,0,8,03,22,2B,E4,55,55,55,55,
34766950,00000118,false,Rx,1,4,00,41,00,00,00,00,00,00,
34776652,00000118,false,Rx,1,4,00,42,00,00,00,00,00,00,
34777952,00000779,false,Rx,1,8,05,62,2B,E4,0D,63,AA,AA,
34786937,00000118,false,Rx,1,4,00,43,00,00,00,00,00,00,
34796602,00000118,false,Rx,1,4,00,44,00,00,00,00,00,00,
34806892,00000118,false,Rx,1,4,00,45,00,00,00,00,00,00,
34816568,00000118,false,Rx,1,4,00,46,00,00,00,00,00,00,
34826955,00000118,false,Rx,1,4,00,47,00,00,00,00,00,00,
34843428,00000118,false,Rx,1,4,00,48,00,00,00,00,00,00,
34846880,00000118,false,Rx,1,4,00,49,00,00,00,00,00,00,
34856641,00000118,false,Rx,1,4,00,4A,00,00,00,00,00,00,
34867102,00000118,false,Rx,1,4,00,4B,00,00,00,00,00,00,
34876640,00000118,false,Rx,1,4,00,4C,00,00,00,00,00,00,
34886855,00000118,false,Rx,1,4,00,4D,00,00,00,00,00,00,
34896590,00000118,false,Rx,1,4,00,4E,00,00,00,00,00,00,
34906862,00000118,false,Rx,1,4,00,4F,00,00,00,00,00,00,
34907384,17F0000F,true,Rx,1,8,00,0F,00,00,00,00,00,00,
34916566,00000118,false,Rx,1,4,00,40,00,00,00,00,00,00,
34926854,00000118,false,Rx,1,4,00,41,00,00,00,00,00,00,
34936950,00000118,false,Rx,1,4,00,42,00,00,00,00,00,00,
34947335,00000118,false,Rx,1,4,00,43,00,00,00,00,00,00,
34957354,00000118,false,Rx,1,4,00,44,00,00,00,00,00,00,
34967589,00000118,false,Rx,1,4,00,45,00,00,00,00,00,00,
34977328,00000118,false,Rx,1,4,00,46,00,00,00,00,00,00,
34987585,00000118,false,Rx,1,4,00,47,00,00,00,00,00,00,
34997277,00000118,false,Rx,1,4,00,48,00,00,00,00,00,00,
35007580,00000118,false,Rx,1,4,00,49,00,00,00,00,00,00,
35017250,00000118,false,Rx,1,4,00,4A,00,00,00,00,00,00,
35027586,00000118,false,Rx,1,4,00,4B,00,00,00,00,00,00,
35037236,00000118,false,Rx,1,4,00,4C,00,00,00,00,00,00,
35047591,00000118,false,Rx,1,4,00,4D,00,00,00,00,00,00,
35057641,00000118,false,Rx,1,4,00,4E,00,00,00,00,00,00,
35068086,00000118,false,Rx,1,4,00,4F,00,00,00,00,00,00,
35077399,0000070F,false,Rx,0,8,03,22,02,8D,55,55,55,55,
35077825,00000118,false,Rx,1,4,00,40,00,00,00,00,00,00,
35087943,00000118,false,Rx,1,4,00,41,00,00,00,00,00,00,
35097593,00000118,false,Rx,1,4,00,42,00,00,00,00,00,00,
35098892,00000779,false,Rx,1,8,05,62,02,8D,52,00,AA,AA,
35107894,00000118,false,Rx,1,4,00,43,00,00,00,00,00,00,
35117559,00000118,false,Rx,1,4,00,44,00,00,00,00,00,00,
35127888,00000118,false,Rx,1,4,00,45,00,00,00,00,00,00,
35137543,00000118,false,Rx,1,4,00,46,00,00,00,00,00,00,
35147855,00000118,false,Rx,1,4,00,47,00,00,00,00,00,00,
35157549,00000118,false,Rx,1,4,00,48,00,00,00,00,00,00,
35168087,00000118,false,Rx,1,4,00,49,00,00,00,00,00,00,
35177574,00000118,false,Rx,1,4,00,4A,00,00,00,00,00,00,
35187885,00000118,false,Rx,1,4,00,4B,00,00,00,00,00,00,
35197552,00000118,false,Rx,1,4,00,4C,00,00,00,00,00,00,
35207814,00000118,false,Rx,1,4,00,4D,00,00,00,00,00,00,
35217489,00000118,false,Rx,1,4,00,4E,00,00,00,00,00,00,
35227818,00000118,false,Rx,1,4,00,4F,00,00,00,00,00,00,
35237477,00000118,false,Rx,1,4,00,40,00,00,00,00,00,00,
35247834,00000118,false,Rx,1,4,00,41,00,00,00,00,00,00,
35257482,00000118,false,Rx,1,4,00,42,00,00,00,00,00,00,
35267838,00000118,false,Rx,1,4,00,43,00,00,00,00,00,00,
35277503,00000118,false,Rx,1,4,00,44,00,00,00,00,00,00,
35287757,00000118,false,Rx,1,4,00,45,00,00,00,00,00,00,
35297452,00000118,false,Rx,1,4,00,46,00,00,00,00,00,00,
35307744,00000118,false,Rx,1,4,00,47,00,00,00,00,00,00,
35317449,00000118,false,Rx,1,4,00,48,00,00,00,00,00,00,
35330901,00000118,false,Rx,1,4,00,49,00,00,00,00,00,00,
35337517,00000118,false,Rx,1,4,00,4A,00,00,00,00,00,00,
35348064,00000118,false,Rx,1,4,00,4B,00,00,00,00,00,00,
35357867,00000118,false,Rx,1,4,00,4C,00,00,00,00,00,00,
35368238,00000118,false,Rx,1,4,00,4D,00,00,00,00,00,00,
35377888,00000118,false,Rx,1,4,00,4E,00,00,00,00,00,00,
35388432,00000118,false,Rx,1,4,00,4F,00,00,00,00,00,00,
35398240,00000118,false,Rx,1,4,00,40,00,00,00,00,00,00,
35408412,00000118,false,Rx,1,4,00,41,00,00,00,00,00,00,
35408698,17F0000F,true,Rx,1,8,00,0F,00,00,00,00,00,00,
35409517,0000070F,false,Rx,0,8,03,22,2B,F1,55,55,55,55,
35418276,00000118,false,Rx,1,4,00,42,00,00,00,00,00,00,
35428385,00000118,false,Rx,1,4,00,43,00,00,00,00,00,00,
35430512,00000779,false,Rx,1,8,05,62,2B,F1,AD,63,AA,AA,
35438241,00000118,false,Rx,1,4,00,44,00,00,00,00,00,00,
35448372,00000118,false,Rx,1,4,00,45,00,00,00,00,00,00,
35458369,00000118,false,Rx,1,4,00,46,00,00,00,00,00,00,
35468408,00000118,false,Rx,1,4,00,47,00,00,00,00,00,00,
35478220,00000118,false,Rx,1,4,00,48,00,00,00,00,00,00,
35488763,00000118,false,Rx,1,4,00,49,00,00,00,00,00,00,
35498570,00000118,false,Rx,1,4,00,4A,00,00,00,00,00,00,
35508754,00000118,false,Rx,1,4,00,4B,00,00,00,00,00,00,
35518556,00000118,false,Rx,1,4,00,4C,00,00,00,00,00,00,
35528714,00000118,false,Rx,1,4,00,4D,00,00,00,00,00,00,
35538560,00000118,false,Rx,1,4,00,4E,00,00,00,00,00,00,
35549102,00000118,false,Rx,1,4,00,4F,00,00,00,00,00,00,
35558950,00000118,false,Rx,1,4,00,40,00,00,00,00,00,00,
35569526,00000118,false,Rx,1,4,00,41,00,00,00,00,00,00,
35579721,00000118,false,Rx,1,4,00,42,00,00,00,00,00,00,
35589891,00000118,false,Rx,1,4,00,43,00,00,00,00,00,00,
35599697,00000118,false,Rx,1,4,00,44,00,00,00,00,00,00,
35609877,00000118,false,Rx,1,4,00,45,00,00,00,00,00,00,
35619681,00000118,false,Rx,1,4,00,46,00,00,00,00,00,00,
35629845,00000118,false,Rx,1,4,00,47,00,00,00,00,00,00,
35639688,00000118,false,Rx,1,4,00,48,00,00,00,00,00,00,
35650231,00000118,false,Rx,1,4,00,49,00,00,00,00,00,00,
35660076,00000118,false,Rx,1,4,00,4A,00,00,00,00,00,00,
35670654,00000118,false,Rx,1,4,00,4B,00,00,00,00,00,00,
35680844,00000118,false,Rx,1,4,00,4C,00,00,00,00,00,00,
35691022,00000118,false,Rx,1,4,00,4D,00,00,00,00,00,00,
35700827,00000118,false,Rx,1,4,00,4E,00,00,00,00,00,00,
35711007,00000118,false,Rx,1,4,00,4F,00,00,00,00,00,00,
35720816,00000118,false,Rx,1,4,00,40,00,00,00,00,00,00,
35727585,0000070F,false,Rx,0,8,03,22,2B,E4,55,55,55,55,
35731001,00000118,false,Rx,1,4,00,41,00,00,00,00,00,00,
35740819,00000118,false,Rx,1,4,00,42,00,00,00,00,00,00,
35742119,00000779,false,Rx,1,8,05,62,2B,E4,0D,63,AA,AA,
35750973,00000118,false,Rx,1,4,00,43,00,00,00,00,00,00,
35760804,00000118,false,Rx,1,4,00,44,00,00,00,00,00,00,
35771381,00000118,false,Rx,1,4,00,45,00,00,00,00,00,00,
35781172,00000118,false,Rx,1,4,00,46,00,00,00,00,00,00,
35791351,00000118,false,Rx,1,4,00,47,00,00,00,00,00,00,
35801156,00000118,false,Rx,1,4,00,48,00,00,00,00,00,00,
35811337,00000118,false,Rx,1,4,00,49,00,00,00,00,00,00,
35821194,00000118,false,Rx,1,4,00,4A,00,00,00,00,00,00,
35831364,00000118,false,Rx,1,4,00,4B,00,00,00,00,00,00,
35841068,00000118,false,Rx,1,4,00,4C,00,00,00,00,00,00,
35851644,00000118,false,Rx,1,4,00,4D,00,00,00,00,00,00,
35861128,00000118,false,Rx,1,4,00,4E,00,00,00,00,00,00,
35871476,00000118,false,Rx,1,4,00,4F,00,00,00,00,00,00,
35881043,00000118,false,Rx,1,4,00,40,00,00,00,00,00,00,
35891339,00000118,false,Rx,1,4,00,41,00,00,00,00,00,00,
35901033,00000118,false,Rx,1,4,00,42,00,00,00,00,00,00,
35911336,00000118,false,Rx,1,4,00,43,00,00,00,00,00,00,
35911620,17F0000F,true,Rx,1,8,00,0F,00,00,00,00,00,00,
35921026,00000118,false,Rx,1,4,00,44,00,00,00,00,00,00,
35931309,00000118,false,Rx,1,4,00,45,00,00,00,00,00,00,
35940984,00000118,false,Rx,1,4,00,46,00,00,00,00,00,00,
35951319,00000118,false,Rx,1,4,00,47,00,00,00,00,00,00,
35960971,00000118,false,Rx,1,4,00,48,00,00,00,00,00,00,
35971335,00000118,false,Rx,1,4,00,49,00,00,00,00,00,00,
35980967,00000118,false,Rx,1,4,00,4A,00,00,00,00,00,00,
35991274,00000118,false,Rx,1,4,00,4B,00,00,00,00,00,00,
36000965,00000118,false,Rx,1,4,00,4C,00,00,00,00,00,00,
36011254,00000118,false,Rx,1,4,00,4D,00,00,00,00,00,00,
36020952,00000118,false,Rx,1,4,00,4E,00,00,00,00,00,00,
36031238,00000118,false,Rx,1,4,00,4F,00,00,00,00,00,00,
36040936,00000118,false,Rx,1,4,00,40,00,00,00,00,00,00,
36043193,0000070F,false,Rx,0,8,03,22,02,8D,55,55,55,55,
36051271,00000118,false,Rx,1,4,00,41,00,00,00,00,00,00,
36060901,00000118,false,Rx,1,4,00,42,00,00,00,00,00,00,
36062423,00000779,false,Rx,1,8,05,62,02,8D,52,00,AA,AA,
36071280,00000118,false,Rx,1,4,00,43,00,00,00,00,00,00,
36080888,00000118,false,Rx,1,4,00,44,00,00,00,00,00,00,
36091201,00000118,false,Rx,1,4,00,45,00,00,00,00,00,00,
36100891,00000118,false,Rx,1,4,00,46,00,00,00,00,00,00,
36111184,00000118,false,Rx,1,4,00,47,00,00,00,00,00,00,
36120877,00000118,false,Rx,1,4,00,48,00,00,00,00,00,00,
36131169,00000118,false,Rx,1,4,00,49,00,00,00,00,00,00,
36140847,00000118,false,Rx,1,4,00,4A,00,00,00,00,00,00,
36151176,00000118,false,Rx,1,4,00,4B,00,00,00,00,00,00,
36160835,00000118,false,Rx,1,4,00,4C,00,00,00,00,00,00,
36171196,00000118,false,Rx,1,4,00,4D,00,00,00,00,00,00,
36180818,00000118,false,Rx,1,4,00,4E,00,00,00,00,00,00,
36191127,00000118,false,Rx,1,4,00,4F,00,00,00,00,00,00,
36200826,00000118,false,Rx,1,4,00,40,00,00,00,00,00,00,
36211119,00000118,false,Rx,1,4,00,41,00,00,00,00,00,00,
36220809,00000118,false,Rx,1,4,00,42,00,00,00,00,00,00,
36231124,00000118,false,Rx,1,4,00,43,00,00,00,00,00,00,
36240777,00000118,false,Rx,1,4,00,44,00,00,00,00,00,00,
36251105,00000118,false,Rx,1,4,00,45,00,00,00,00,00,00,
36260760,00000118,false,Rx,1,4,00,46,00,00,00,00,00,00,
36271127,00000118,false,Rx,1,4,00,47,00,00,00,00,00,00,
36280748,00000118,false,Rx,1,4,00,48,00,00,00,00,00,00,
36291071,00000118,false,Rx,1,4,00,49,00,00,00,00,00,00,
36300755,00000118,false,Rx,1,4,00,4A,00,00,00,00,00,00,
36311045,00000118,false,Rx,1,4,00,4B,00,00,00,00,00,00,
36321523,00000118,false,Rx,1,4,00,4C,00,00,00,00,00,00,
36331057,00000118,false,Rx,1,4,00,4D,00,00,00,00,00,00,
36340698,00000118,false,Rx,1,4,00,4E,00,00,00,00,00,00,
36351048,00000118,false,Rx,1,4,00,4F,00,00,00,00,00,00,
36352659,0000070F,false,Rx,0,8,03,22,2B,F1,55,55,55,55,
36360914,00000118,false,Rx,1,4,00,40,00,00,00,00,00,00,
36371463,00000118,false,Rx,1,4,00,41,00,00,00,00,00,00,
36373577,00000779,false,Rx,1,8,05,62,2B,F1,AD,63,AA,AA,
36381090,00000118,false,Rx,1,4,00,42,00,00,00,00,00,00,
36391396,00000118,false,Rx,1,4,00,43,00,00,00,00,00,00,
36401083,00000118,false,Rx,1,4,00,44,00,00,00,00,00,00,
36411381,00000118,false,Rx,1,4,00,45,00,00,00,00,00,00,
36411670,17F0000F,true,Rx,1,8,00,0F,00,00,00,00,00,00,
36421077,00000118,false,Rx,1,4,00,46,00,00,00,00,00,00,
36431362,00000118,false,Rx,1,4,00,47,00,00,00,00,00,00,
36441034,00000118,false,Rx,1,4,00,48,00,00,00,00,00,00,
36451364,00000118,false,Rx,1,4,00,49,00,00,00,00,00,00,
36461025,00000118,false,Rx,1,4,00,4A,00,00,00,00,00,00,
36471387,00000118,false,Rx,1,4,00,4B,00,00,00,00,00,00,
36481010,00000118,false,Rx,1,4,00,4C,00,00,00,00,00,00,
36491335,00000118,false,Rx,1,4,00,4D,00,00,00,00,00,00,
36501014,00000118,false,Rx,1,4,00,4E,00,00,00,00,00,00,
36511304,00000118,false,Rx,1,4,00,4F,00,00,00,00,00,00,
36521006,00000118,false,Rx,1,4,00,40,00,00,00,00,00,00,
36531294,00000118,false,Rx,1,4,00,41,00,00,00,00,00,00,
36540967,00000118,false,Rx,1,4,00,42,00,00,00,00,00,00,
36551296,00000118,false,Rx,1,4,00,43,00,00,00,00,00,00,
36560953,00000118,false,Rx,1,4,00,44,00,00,00,00,00,00,
36571320,00000118,false,Rx,1,4,00,45,00,00,00,00,00,00,
36580953,00000118,false,Rx,1,4,00,46,00,00,00,00,00,00,
36591248,00000118,false,Rx,1,4,00,47,00,00,00,00,00,00,
36600952,00000118,false,Rx,1,4,00,48,00,00,00,00,00,00,
36611234,00000118,false,Rx,1,4,00,49,00,00,00,00,00,00,
36620950,00000118,false,Rx,1,4,00,4A,00,00,00,00,00,00,
36631222,00000118,false,Rx,1,4,00,4B,00,00,00,00,00,00,
36640879,00000118,false,Rx,1,4,00,4C,00,00,00,00,00,00,
36651226,00000118,false,Rx,1,4,00,4D,00,00,00,00,00,00,
36660865,00000118,false,Rx,1,4,00,4E,00,00,00,00,00,00,
36662076,0000070F,false,Rx,0,8,03,22,2B,E4,55,55,55,55,
36671273,00000118,false,Rx,1,4,00,4F,00,00,00,00,00,00,
36680862,00000118,false,Rx,1,4,00,40,00,00,00,00,00,00,
36682149,00000779,false,Rx,1,8,05,62,2B,E4,0D,63,AA,AA,
36691192,00000118,false,Rx,1,4,00,41,00,00,00,00,00,00,
36700862,00000118,false,Rx,1,4,00,42,00,00,00,00,00,00,
36711165,00000118,false,Rx,1,4,00,43,00,00,00,00,00,00,
36720865,00000118,false,Rx,1,4,00,44,00,00,00,00,00,00,
36731151,00000118,false,Rx,1,4,00,45,00,00,00,00,00,00,
36740858,00000118,false,Rx,1,4,00,46,00,00,00,00,00,00,
36751154,00000118,false,Rx,1,4,00,47,00,00,00,00,00,00,
36760860,00000118,false,Rx,1,4,00,48,00,00,00,00,00,00,
36771178,00000118,false,Rx,1,4,00,49,00,00,00,00,00,00,
36780857,00000118,false,Rx,1,4,00,4A,00,00,00,00,00,00,
36791109,00000118,false,Rx,1,4,00,4B,00,00,00,00,00,00,
36800965,00000118,false,Rx,1,4,00,4C,00,00,00,00,00,00,
36811096,00000118,false,Rx,1,4,00,4D,00,00,00,00,00,00,
36821859,00000118,false,Rx,1,4,00,4E,00,00,00,00,00,00,
36831241,00000118,false,Rx,1,4,00,4F,00,00,00,00,00,00,
36840948,00000118,false,Rx,1,4,00,40,00,00,00,00,00,00,
36851111,00000118,false,Rx,1,4,00,41,00,00,00,00,00,00,
36860909,00000118,false,Rx,1,4,00,42,00,00,00,00,00,00,
36871378,00000118,false,Rx,1,4,00,43,00,00,00,00,00,00,
36880729,00000118,false,Rx,1,4,00,44,00,00,00,00,00,00,
36891041,00000118,false,Rx,1,4,00,45,00,00,00,00,00,00,
36900824,00000118,false,Rx,1,4,00,46,00,00,00,00,00,00,
36911041,00000118,false,Rx,1,4,00,47,00,00,00,00,00,00,
36911567,17F0000F,true,Rx,1,8,00,0F,00,00,00,00,00,00,
36920730,00000118,false,Rx,1,4,00,48,00,00,00,00,00,00,
36931010,00000118,false,Rx,1,4,00,49,00,00,00,00,00,00,
36940690,00000118,false,Rx,1,4,00,4A,00,00,00,00,00,00,
36951064,00000118,false,Rx,1,4,00,4B,00,00,00,00,00,00,
36960676,00000118,false,Rx,1,4,00,4C,00,00,00,00,00,00,
36971039,00000118,false,Rx,1,4,00,4D,00,00,00,00,00,00,
36977900,0000070F,false,Rx,0,8,03,22,02,8D,55,55,55,55,
36980684,00000118,false,Rx,1,4,00,4E,00,00,00,00,00,00,
36990969,00000118,false,Rx,1,4,00,4F,00,00,00,00,00,00,
36993098,00000779,false,Rx,1,8,05,62,02,8D,53,00,AA,AA,
37000679,00000118,false,Rx,1,4,00,40,00,00,00,00,00,00,
37010970,00000118,false,Rx,1,4,00,41,00,00,00,00,00,00,
37020650,00000118,false,Rx,1,4,00,42,00,00,00,00,00,00,
37030951,00000118,false,Rx,1,4,00,43,00,00,00,00,00,00,
37040618,00000118,false,Rx,1,4,00,44,00,00,00,00,00,00,
37050951,00000118,false,Rx,1,4,00,45,00,00,00,00,00,00,
37060602,00000118,false,Rx,1,4,00,46,00,00,00,00,00,00,
37071018,00000118,false,Rx,1,4,00,47,00,00,00,00,00,00,
37080587,00000118,false,Rx,1,4,00,48,00,00,00,00,00,00,
37090898,00000118,false,Rx,1,4,00,49,00,00,00,00,00,00,
37100596,00000118,false,Rx,1,4,00,4A,00,00,00,00,00,00,
37110893,00000118,false,Rx,1,4,00,4B,00,00,00,00,00,00,
37120582,00000118,false,Rx,1,4,00,4C,00,00,00,00,00,00,
37130870,00000118,false,Rx,1,4,00,4D,00,00,00,00,00,00,
37140548,00000118,false,Rx,1,4,00,4E,00,00,00,00,00,00,
37150876,00000118,false,Rx,1,4,00,4F,00,00,00,00,00,00,
37160536,00000118,false,Rx,1,4,00,40,00,00,00,00,00,00,
37170899,00000118,false,Rx,1,4,00,41,00,00,00,00,00,00,
37180521,00000118,false,Rx,1,4,00,42,00,00,00,00,00,00,
37190829,00000118,false,Rx,1,4,00,43,00,00,00,00,00,00,
37200525,00000118,false,Rx,1,4,00,44,00,00,00,00,00,00,
37210817,00000118,false,Rx,1,4,00,45,00,00,00,00,00,00,
37220508,00000118,false,Rx,1,4,00,46,00,00,00,00,00,00,
37230800,00000118,false,Rx,1,4,00,47,00,00,00,00,00,00,
37240476,00000118,false,Rx,1,4,00,48,00,00,00,00,00,00,
37250806,00000118,false,Rx,1,4,00,49,00,00,00,00,00,00,
37260484,00000118,false,Rx,1,4,00,4A,00,00,00,00,00,00,
37270830,00000118,false,Rx,1,4,00,4B,00,00,00,00,00,00,
37280469,00000118,false,Rx,1,4,00,4C,00,00,00,00,00,00,
37290780,00000118,false,Rx,1,4,00,4D,00,00,00,00,00,00,
37295409,0000070F,false,Rx,0,8,03,22,2B,F1,55,55,55,55,
37300479,00000118,false,Rx,1,4,00,4E,00,00,00,00,00,00,
37311591,00000118,false,Rx,1,4,00,4F,00,00,00,00,00,00,
37312889,00000779,false,Rx,1,8,05,62,2B,F1,AD,63,AA,AA,
37320472,00000118,false,Rx,1,4,00,40,00,00,00,00,00,00,
37330667,00000118,false,Rx,1,4,00,41,00,00,00,00,00,00,
37340548,00000118,false,Rx,1,4,00,42,00,00,00,00,00,00,
37351043,00000118,false,Rx,1,4,00,43,00,00,00,00,00,00,
37360885,00000118,false,Rx,1,4,00,44,00,00,00,00,00,00,
37371629,00000118,false,Rx,1,4,00,45,00,00,00,00,00,00,
37381385,00000118,false,Rx,1,4,00,46,00,00,00,00,00,00,
37391658,00000118,false,Rx,1,4,00,47,00,00,00,00,00,00,
37401376,00000118,false,Rx,1,4,00,48,00,00,00,00,00,00,
37411640,00000118,false,Rx,1,4,00,49,00,00,00,00,00,00,
37412177,17F0000F,true,Rx,1,8,00,0F,00,00,00,00,00,00,
37421397,00000118,false,Rx,1,4,00,4A,00,00,00,00,00,00,
37431876,00000118,false,Rx,1,4,00,4B,00,00,00,00,00,00,
37441636,00000118,false,Rx,1,4,00,4C,00,00,00,00,00,00,
37451873,00000118,false,Rx,1,4,00,4D,00,00,00,00,00,00,
37461631,00000118,false,Rx,1,4,00,4E,00,00,00,00,00,00,
37471874,00000118,false,Rx,1,4,00,4F,00,00,00,00,00,00,
37482123,00000118,false,Rx,1,4,00,40,00,00,00,00,00,00,
37492403,00000118,false,Rx,1,4,00,41,00,00,00,00,00,00,
37502123,00000118,false,Rx,1,4,00,42,00,00,00,00,00,00,
37512376,00000118,false,Rx,1,4,00,43,00,00,00,00,00,00,
37522136,00000118,false,Rx,1,4,00,44,00,00,00,00,00,00,
37532118,00000118,false,Rx,1,4,00,45,00,00,00,00,00,00,
37542117,00000118,false,Rx,1,4,00,46,00,00,00,00,00,00,
37552118,00000118,false,Rx,1,4,00,47,00,00,00,00,00,00,
37561967,00000118,false,Rx,1,4,00,48,00,00,00,00,00,00,
37572122,00000118,false,Rx,1,4,00,49,00,00,00,00,00,00,
37582124,00000118,false,Rx,1,4,00,4A,00,00,00,00,00,00,
37592121,00000118,false,Rx,1,4,00,4B,00,00,00,00,00,00,
37600519,0000070F,false,Rx,0,8,03,22,2B,E4,55,55,55,55,
37601906,00000118,false,Rx,1,4,00,4C,00,00,00,00,00,00,
37612116,00000118,false,Rx,1,4,00,4D,00,00,00,00,00,00,
37614281,00000779,false,Rx,1,8,05,62,2B,E4,0D,63,AA,AA,
37621887,00000118,false,Rx,1,4,00,4E,00,00,00,00,00,00,
37632120,00000118,false,Rx,1,4,00,4F,00,00,00,00,00,00,
37641888,00000118,false,Rx,1,4,00,40,00,00,00,00,00,00,
37652124,00000118,false,Rx,1,4,00,41,00,00,00,00,00,00,
37661878,00000118,false,Rx,1,4,00,42,00,00,00,00,00,00,
37672123,00000118,false,Rx,1,4,00,43,00,00,00,00,00,00,
37682370,00000118,false,Rx,1,4,00,44,00,00,00,00,00,00,
37692603,00000118,false,Rx,1,4,00,45,00,00,00,00,00,00,
37702359,00000118,false,Rx,1,4,00,46,00,00,00,00,00,00,
37712607,00000118,false,Rx,1,4,00,47,00,00,00,00,00,00,
37722370,00000118,false,Rx,1,4,00,48,00,00,00,00,00,00,
37732609,00000118,false,Rx,1,4,00,49,00,00,00,00,00,00,
37742367,00000118,false,Rx,1,4,00,4A,00,00,00,00,00,00,
37752859,00000118,false,Rx,1,4,00,4B,00,00,00,00,00,00,
37762620,00000118,false,Rx,1,4,00,4C,00,00,00,00,00,00,
37772855,00000118,false,Rx,1,4,00,4D,00,00,00,00,00,00,
37782613,00000118,false,Rx,1,4,00,4E,00,00,00,00,00,00,
37792865,00000118,false,Rx,1,4,00,4F,00,00,00,00,00,00,
37802614,00000118,false,Rx,1,4,00,40,00,00,00,00,00,00,
37812865,00000118,false,Rx,1,4,00,41,00,00,00,00,00,00,
37822653,00000118,false,Rx,1,4,00,42,00,00,00,00,00,00,
37832825,00000118,false,Rx,1,4,00,43,00,00,00,00,00,00,
37842650,00000118,false,Rx,1,4,00,44,00,00,00,00,00,00,
37853090,00000118,false,Rx,1,4,00,45,00,00,00,00,00,00,
37862541,00000118,false,Rx,1,4,00,46,00,00,00,00,00,00,
37872852,00000118,false,Rx,1,4,00,47,00,00,00,00,00,00,
37882611,00000118,false,Rx,1,4,00,48,00,00,00,00,00,00,
37892854,00000118,false,Rx,1,4,00,49,00,00,00,00,00,00,
37902619,00000118,false,Rx,1,4,00,4A,00,00,00,00,00,00,
37912869,00000118,false,Rx,1,4,00,4B,00,00,00,00,00,00,
37913164,17F0000F,true,Rx,1,8,00,0F,00,00,00,00,00,00,
37916703,0000070F,false,Rx,0,8,03,22,02,8D,55,55,55,55,
37922621,00000118,false,Rx,1,4,00,4C,00,00,00,00,00,00,
37932878,00000118,false,Rx,1,4,00,4D,00,00,00,00,00,00,
37934829,00000779,false,Rx,1,8,05,62,02,8D,53,00,AA,AA,
37942365,00000118,false,Rx,1,4,00,4E,00,00,00,00,00,00,
37952724,00000118,false,Rx,1,4,00,4F,00,00,00,00,00,00,
37962367,00000118,false,Rx,1,4,00,40,00,00,00,00,00,00,
37972864,00000118,false,Rx,1,4,00,41,00,00,00,00,00,00,
37982861,00000118,false,Rx,1,4,00,42,00,00,00,00,00,00,
37993118,00000118,false,Rx,1,4,00,43,00,00,00,00,00,00,
38002867,00000118,false,Rx,1,4,00,44,00,00,00,00,00,00,
38013051,00000118,false,Rx,1,4,00,45,00,00,00,00,00,00,
38022855,00000118,false,Rx,1,4,00,46,00,00,00,00,00,00,
38033044,00000118,false,Rx,1,4,00,47,00,00,00,00,00,00,
38042860,00000118,false,Rx,1,4,00,48,00,00,00,00,00,00,
38053041,00000118,false,Rx,1,4,00,49,00,00,00,00,00,00,
38062865,00000118,false,Rx,1,4,00,4A,00,00,00,00,00,00,
38073065,00000118,false,Rx,1,4,00,4B,00,00,00,00,00,00,
38082866,00000118,false,Rx,1,4,00,4C,00,00,00,00,00,00,
38093097,00000118,false,Rx,1,4,00,4D,00,00,00,00,00,00,
38102863,00000118,false,Rx,1,4,00,4E,00,00,00,00,00,00,
38112981,00000118,false,Rx,1,4,00,4F,00,00,00,00,00,00,
38122862,00000118,false,Rx,1,4,00,40,00,00,00,00,00,00,
38132974,00000118,false,Rx,1,4,00,41,00,00,00,00,00,00,
38142614,00000118,false,Rx,1,4,00,42,00,00,00,00,00,00,
38152971,00000118,false,Rx,1,4,00,43,00,00,00,00,00,00,
38162618,00000118,false,Rx,1,4,00,44,00,00,00,00,00,00,
38172992,00000118,false,Rx,1,4,00,45,00,00,00,00,00,00,
38182606,00000118,false,Rx,1,4,00,46,00,00,00,00,00,00,
38193110,00000118,false,Rx,1,4,00,47,00,00,00,00,00,00,
38202613,00000118,false,Rx,1,4,00,48,00,00,00,00,00,00,
38212910,00000118,false,Rx,1,4,00,49,00,00,00,00,00,00,
38222613,00000118,false,Rx,1,4,00,4A,00,00,00,00,00,00,
38232900,0000070F,false,Rx,0,8,03,22,2B,F1,55,55,55,55,
38232971,00000118,false,Rx,1,4,00,4B,00,00,00,00,00,00,
38242623,00000118,false,Rx,1,4,00,4C,00,00,00,00,00,00,
38252902,00000118,false,Rx,1,4,00,4D,00,00,00,00,00,00,
38255023,00000779,false,Rx,1,8,05,62,2B,F1,DF,63,AA,AA,
38262614,00000118,false,Rx,1,4,00,4E,00,00,00,00,00,00,
38272940,00000118,false,Rx,1,4,00,4F,00,00,00,00,00,00,
38282615,00000118,false,Rx,1,4,00,40,00,00,00,00,00,00,
38292864,00000118,false,Rx,1,4,00,41,00,00,00,00,00,00,
38302615,00000118,false,Rx,1,4,00,42,00,00,00,00,00,00,
38312867,00000118,false,Rx,1,4,00,43,00,00,00,00,00,00,
38322460,00000118,false,Rx,1,4,00,44,00,00,00,00,00,00,
38333027,00000118,false,Rx,1,4,00,45,00,00,00,00,00,00,
38343087,00000118,false,Rx,1,4,00,46,00,00,00,00,00,00,
38353043,00000118,false,Rx,1,4,00,47,00,00,00,00,00,00,
38362654,00000118,false,Rx,1,4,00,48,00,00,00,00,00,00,
38372880,00000118,false,Rx,1,4,00,49,00,00,00,00,00,00,
38382633,00000118,false,Rx,1,4,00,4A,00,00,00,00,00,00,
38392875,00000118,false,Rx,1,4,00,4B,00,00,00,00,00,00,
38402633,00000118,false,Rx,1,4,00,4C,00,00,00,00,00,00,
38412886,00000118,false,Rx,1,4,00,4D,00,00,00,00,00,00,
38413416,17F0000F,true,Rx,1,8,00,0F,00,00,00,00,00,00,
38422630,00000118,false,Rx,1,4,00,4E,00,00,00,00,00,00,
38432881,00000118,false,Rx,1,4,00,4F,00,00,00,00,00,00,
38442655,00000118,false,Rx,1,4,00,40,00,00,00,00,00,00,
38452878,00000118,false,Rx,1,4,00,41,00,00,00,00,00,00,
38462637,00000118,false,Rx,1,4,00,42,00,00,00,00,00,00,
38472875,00000118,false,Rx,1,4,00,43,00,00,00,00,00,00,
38482632,00000118,false,Rx,1,4,00,44,00,00,00,00,00,00,
38492877,00000118,false,Rx,1,4,00,45,00,00,00,00,00,00,
38502629,00000118,false,Rx,1,4,00,46,00,00,00,00,00,00,
38512877,00000118,false,Rx,1,4,00,47,00,00,00,00,00,00,
38522630,00000118,false,Rx,1,4,00,48,00,00,00,00,00,00,
38532879,00000118,false,Rx,1,4,00,49,00,00,00,00,00,00,
38542386,00000118,false,Rx,1,4,00,4A,00,00,00,00,00,00,
38552659,0000070F,false,Rx,0,8,03,22,2B,E4,55,55,55,55,
38552876,00000118,false,Rx,1,4,00,4B,00,00,00,00,00,00,
38562390,00000118,false,Rx,1,4,00,4C,00,00,00,00,00,00,
38572876,00000118,false,Rx,1,4,00,4D,00,00,00,00,00,00,
38574830,00000779,false,Rx,1,8,05,62,2B,E4,0D,63,AA,AA,
38582378,00000118,false,Rx,1,4,00,4E,00,00,00,00,00,00,
38592873,00000118,false,Rx,1,4,00,4F,00,00,00,00,00,00,
38602380,00000118,false,Rx,1,4,00,40,00,00,00,00,00,00,
38612633,00000118,false,Rx,1,4,00,41,00,00,00,00,00,00,
38622378,00000118,false,Rx,1,4,00,42,00,00,00,00,00,00,
38632629,00000118,false,Rx,1,4,00,43,00,00,00,00,00,00,
38642380,00000118,false,Rx,1,4,00,44,00,00,00,00,00,00,
38652635,00000118,false,Rx,1,4,00,45,00,00,00,00,00,00,
38662378,00000118,false,Rx,1,4,00,46,00,00,00,00,00,00,
38672875,00000118,false,Rx,1,4,00,47,00,00,00,00,00,00,
38682876,00000118,false,Rx,1,4,00,48,00,00,00,00,00,00,
38693126,00000118,false,Rx,1,4,00,49,00,00,00,00,00,00,
38702878,00000118,false,Rx,1,4,00,4A,00,00,00,00,00,00,
38713121,00000118,false,Rx,1,4,00,4B,00,00,00,00,00,00,
38722636,00000118,false,Rx,1,4,00,4C,00,00,00,00,00,00,
38733115,00000118,false,Rx,1,4,00,4D,00,00,00,00,00,00,
38742632,00000118,false,Rx,1,4,00,4E,00,00,00,00,00,00,
38753123,00000118,false,Rx,1,4,00,4F,00,00,00,00,00,00,
38762634,00000118,false,Rx,1,4,00,40,00,00,00,00,00,00,
38773124,00000118,false,Rx,1,4,00,41,00,00,00,00,00,00,
38782631,00000118,false,Rx,1,4,00,42,00,00,00,00,00,00,
38793124,00000118,false,Rx,1,4,00,43,00,00,00,00,00,00,
38802631,00000118,false,Rx,1,4,00,44,00,00,00,00,00,00,
38813118,00000118,false,Rx,1,4,00,45,00,00,00,00,00,00,
38822650,00000118,false,Rx,1,4,00,46,00,00,00,00,00,00,
38832949,00000118,false,Rx,1,4,00,47,00,00,00,00,00,00,
38842679,00000118,false,Rx,1,4,00,48,00,00,00,00,00,00,
38853123,00000118,false,Rx,1,4,00,49,00,00,00,00,00,00,
38862634,00000118,false,Rx,1,4,00,4A,00,00,00,00,00,00,
38869218,0000070F,false,Rx,0,8,03,22,02,8D,55,55,55,55,
38873121,00000118,false,Rx,1,4,00,4B,00,00,00,00,00,00,
38882634,00000118,false,Rx,1,4,00,4C,00,00,00,00,00,00,
38883846,00000779,false,Rx,1,8,05,62,02,8D,53,00,AA,AA,
38892878,00000118,false,Rx,1,4,00,4D,00,00,00,00,00,00,
38902640,00000118,false,Rx,1,4,00,4E,00,00,00,00,00,00,
38912894,00000118,false,Rx,1,4,00,4F,00,00,00,00,00,00,
38913424,17F0000F,true,Rx,1,8,00,0F,00,00,00,00,00,00,
38922636,00000118,false,Rx,1,4,00,40,00,00,00,00,00,00,
38932876,00000118,false,Rx,1,4,00,41,00,00,00,00,00,00,
38942631,00000118,false,Rx,1,4,00,42,00,00,00,00,00,00,
38952912,00000118,false,Rx,1,4,00,43,00,00,00,00,00,00,
38962637,00000118,false,Rx,1,4,00,44,00,00,00,00,00,00,
38972878,00000118,false,Rx,1,4,00,45,00,00,00,00,00,00,
38982629,00000118,false,Rx,1,4,00,46,00,00,00,00,00,00,
38992875,00000118,false,Rx,1,4,00,47,00,00,00,00,00,00,
39002629,00000118,false,Rx,1,4,00,48,00,00,00,00,00,00,
39012880,00000118,false,Rx,1,4,00,49,00,00,00,00,00,00,
39022641,00000118,false,Rx,1,4,00,4A,00,00,00,00,00,00,
39032875,00000118,false,Rx,1,4,00,4B,00,00,00,00,00,00,
39042633,00000118,false,Rx,1,4,00,4C,00,00,00,00,00,00,
39052890,00000118,false,Rx,1,4,00,4D,00,00,00,00,00,00,
39062637,00000118,false,Rx,1,4,00,4E,00,00,00,00,00,00,
39072882,00000118,false,Rx,1,4,00,4F,00,00,00,00,00,00,
39082382,00000118,false,Rx,1,4,00,40,00,00,00,00,00,00,
39092875,00000118,false,Rx,1,4,00,41,00,00,00,00,00,00,
39102632,00000118,false,Rx,1,4,00,42,00,00,00,00,00,00,
39112875,00000118,false,Rx,1,4,00,43,00,00,00,00,00,00,
39122380,00000118,false,Rx,1,4,00,44,00,00,00,00,00,00,
39132875,00000118,false,Rx,1,4,00,45,00,00,00,00,00,00,
39142378,00000118,false,Rx,1,4,00,46,00,00,00,00,00,00,
39152882,00000118,false,Rx,1,4,00,47,00,00,00,00,00,00,
39162380,00000118,false,Rx,1,4,00,48,00,00,00,00,00,00,
39172880,00000118,false,Rx,1,4,00,49,00,00,00,00,00,00,
39182381,00000118,false,Rx,1,4,00,4A,00,00,00,00,00,00,
39188136,0000070F,false,Rx,0,8,03,22,2B,F1,55,55,55,55,
39192876,00000118,false,Rx,1,4,00,4B,00,00,00,00,00,00,
39202381,00000118,false,Rx,1,4,00,4C,00,00,00,00,00,00,
39203844,00000779,false,Rx,1,8,05,62,2B,F1,DF,63,AA,AA,
39212630,00000118,false,Rx,1,4,00,4D,00,00,00,00,00,00,
39222379,00000118,false,Rx,1,4,00,4E,00,00,00,00,00,00,
39232630,00000118,false,Rx,1,4,00,4F,00,00,00,00,00,00,
39242397,00000118,false,Rx,1,4,00,40,00,00,00,00,00,00,
39252632,00000118,false,Rx,1,4,00,41,00,00,00,00,00,00,
39262381,00000118,false,Rx,1,4,00,42,00,00,00,00,00,00,
39272631,00000118,false,Rx,1,4,00,43,00,00,00,00,00,00,
39282640,00000118,false,Rx,1,4,00,44,00,00,00,00,00,00,
39293117,00000118,false,Rx,1,4,00,45,00,00,00,00,00,00,
39302628,00000118,false,Rx,1,4,00,46,00,00,00,00,00,00,
39313118,00000118,false,Rx,1,4,00,47,00,00,00,00,00,00,
39322696,00000118,false,Rx,1,4,00,48,00,00,00,00,00,00,
39333012,00000118,false,Rx,1,4,00,49,00,00,00,00,00,00,
39345629,00000118,false,Rx,1,4,00,4A,00,00,00,00,00,00,
39353039,00000118,false,Rx,1,4,00,4B,00,00,00,00,00,00,
39362631,00000118,false,Rx,1,4,00,4C,00,00,00,00,00,00,
39372960,00000118,false,Rx,1,4,00,4D,00,00,00,00,00,00,
39382585,00000118,false,Rx,1,4,00,4E,00,00,00,00,00,00,
39392876,00000118,false,Rx,1,4,00,4F,00,00,00,00,00,00,
39402575,00000118,false,Rx,1,4,00,40,00,00,00,00,00,00,
39412869,00000118,false,Rx,1,4,00,41,00,00,00,00,00,00,
39413160,17F0000F,true,Rx,1,8,00,0F,00,00,00,00,00,00,
39422546,00000118,false,Rx,1,4,00,42,00,00,00,00,00,00,
39432868,00000118,false,Rx,1,4,00,43,00,00,00,00,00,00,
39442525,00000118,false,Rx,1,4,00,44,00,00,00,00,00,00,
39452852,00000118,false,Rx,1,4,00,45,00,00,00,00,00,00,
39462522,00000118,false,Rx,1,4,00,46,00,00,00,00,00,00,
39472863,00000118,false,Rx,1,4,00,47,00,00,00,00,00,00,
39482514,00000118,false,Rx,1,4,00,48,00,00,00,00,00,00,
39492805,00000118,false,Rx,1,4,00,49,00,00,00,00,00,00,
39502286,0000070F,false,Rx,0,8,03,22,2B,E4,55,55,55,55,
39502709,00000118,false,Rx,1,4,00,4A,00,00,00,00,00,00,
39512818,00000118,false,Rx,1,4,00,4B,00,00,00,00,00,00,
39522470,00000118,false,Rx,1,4,00,4C,00,00,00,00,00,00,
39523769,00000779,false,Rx,1,8,05,62,2B,E4,0D,63,AA,AA,
39532809,00000118,false,Rx,1,4,00,4D,00,00,00,00,00,00,
39542454,00000118,false,Rx,1,4,00,4E,00,00,00,00,00,00,
39552782,00000118,false,Rx,1,4,00,4F,00,00,00,00,00,00,
39562441,00000118,false,Rx,1,4,00,40,00,00,00,00,00,00,
39572789,00000118,false,Rx,1,4,00,41,00,00,00,00,00,00,
39582444,00000118,false,Rx,1,4,00,42,00,00,00,00,00,00,
39592735,00000118,false,Rx,1,4,00,43,00,00,00,00,00,00,
39602430,00000118,false,Rx,1,4,00,44,00,00,00,00,00,00,
39612722,00000118,false,Rx,1,4,00,45,00,00,00,00,00,00,
39622396,00000118,false,Rx,1,4,00,46,00,00,00,00,00,00,
39632725,00000118,false,Rx,1,4,00,47,00,00,00,00,00,00,
39642380,00000118,false,Rx,1,4,00,48,00,00,00,00,00,00,
39652710,00000118,false,Rx,1,4,00,49,00,00,00,00,00,00,
39662370,00000118,false,Rx,1,4,00,4A,00,00,00,00,00,00,
39672718,00000118,false,Rx,1,4,00,4B,00,00,00,00,00,00,
39682376,00000118,false,Rx,1,4,00,4C,00,00,00,00,00,00,
39692664,00000118,false,Rx,1,4,00,4D,00,00,00,00,00,00,
39702359,00000118,false,Rx,1,4,00,4E,00,00,00,00,00,00,
39712650,00000118,false,Rx,1,4,00,4F,00,00,00,00,00,00,
39722328,00000118,false,Rx,1,4,00,40,00,00,00,00,00,00,
39732656,00000118,false,Rx,1,4,00,41,00,00,00,00,00,00,
39742312,00000118,false,Rx,1,4,00,42,00,00,00,00,00,00,
39752639,00000118,false,Rx,1,4,00,43,00,00,00,00,00,00,
39762297,00000118,false,Rx,1,4,00,44,00,00,00,00,00,00,
39772642,00000118,false,Rx,1,4,00,45,00,00,00,00,00,00,
39782300,00000118,false,Rx,1,4,00,46,00,00,00,00,00,00,
39792593,00000118,false,Rx,1,4,00,47,00,00,00,00,00,00,
39802286,00000118,false,Rx,1,4,00,48,00,00,00,00,00,00,
39812579,00000118,false,Rx,1,4,00,49,00,00,00,00,00,00,
39818475,0000070F,false,Rx,0,8,03,22,02,8D,55,55,55,55,
39822325,00000118,false,Rx,1,4,00,4A,00,00,00,00,00,00,
39839358,00000118,false,Rx,1,4,00,4B,00,00,00,00,00,00,
39839374,00000779,false,Rx,1,8,05,62,02,8D,53,00,AA,AA,
39842417,00000118,false,Rx,1,4,00,4C,00,00,00,00,00,00,
39852589,00000118,false,Rx,1,4,00,4D,00,00,00,00,00,00,
39862283,00000118,false,Rx,1,4,00,4E,00,00,00,00,00,00,
39872623,00000118,false,Rx,1,4,00,4F,00,00,00,00,00,00,
39882348,00000118,false,Rx,1,4,00,40,00,00,00,00,00,00,
39892486,00000118,false,Rx,1,4,00,41,00,00,00,00,00,00,
39902345,00000118,false,Rx,1,4,00,42,00,00,00,00,00,00,
39912482,00000118,false,Rx,1,4,00,43,00,00,00,00,00,00,
39912768,17F0000F,true,Rx,1,8,00,0F,00,00,00,00,00,00,
39922340,00000118,false,Rx,1,4,00,44,00,00,00,00,00,00,
39932476,00000118,false,Rx,1,4,00,45,00,00,00,00,00,00,
39942344,00000118,false,Rx,1,4,00,46,00,00,00,00,00,00,
39952467,00000118,false,Rx,1,4,00,47,00,00,00,00,00,00,
39962339,00000118,false,Rx,1,4,00,48,00,00,00,00,00,00,
39972463,00000118,false,Rx,1,4,00,49,00,00,00,00,00,00,
39982354,00000118,false,Rx,1,4,00,4A,00,00,00,00,00,00,
39992416,00000118,false,Rx,1,4,00,4B,00,00,00,00,00,00,
40002605,00000118,false,Rx,1,4,00,4C,00,00,00,00,00,00,
40012780,00000118,false,Rx,1,4,00,4D,00,00,00,00,00,00,
40022589,00000118,false,Rx,1,4,00,4E,00,00,00,00,00,00,
40032785,00000118,false,Rx,1,4,00,4F,00,00,00,00,00,00,
40042974,00000118,false,Rx,1,4,00,40,00,00,00,00,00,00,
40053154,00000118,false,Rx,1,4,00,41,00,00,00,00,00,00,
40062959,00000118,false,Rx,1,4,00,42,00,00,00,00,00,00,
40073157,00000118,false,Rx,1,4,00,43,00,00,00,00,00,00,
40082966,00000118,false,Rx,1,4,00,44,00,00,00,00,00,00,
40093505,00000118,false,Rx,1,4,00,45,00,00,00,00,00,00,
40103345,00000118,false,Rx,1,4,00,46,00,00,00,00,00,00,
40113890,00000118,false,Rx,1,4,00,47,00,00,00,00,00,00,
40123712,00000118,false,Rx,1,4,00,48,00,00,00,00,00,00,
40133895,00000118,false,Rx,1,4,00,49,00,00,00,00,00,00,
40137262,0000070F,false,Rx,0,8,03,22,2B,F1,55,55,55,55,
40143726,00000118,false,Rx,1,4,00,4A,00,00,00,00,00,00,
40153882,00000118,false,Rx,1,4,00,4B,00,00,00,00,00,00,
40156001,00000779,false,Rx,1,8,05,62,2B,F1,11,64,AA,AA,
40163698,00000118,false,Rx,1,4,00,4C,00,00,00,00,00,00,
40173882,00000118,false,Rx,1,4,00,4D,00,00,00,00,00,00,
40184093,00000118,false,Rx,1,4,00,4E,00,00,00,00,00,00,
40194633,00000118,false,Rx,1,4,00,4F,00,00,00,00,00,00,
40204481,00000118,false,Rx,1,4,00,40,00,00,00,00,00,00,
40215019,00000118,false,Rx,1,4,00,41,00,00,00,00,00,00,
40224862,00000118,false,Rx,1,4,00,42,00,00,00,00,00,00,
40235404,00000118,false,Rx,1,4,00,43,00,00,00,00,00,00,
40245228,00000118,false,Rx,1,4,00,44,00,00,00,00,00,00,
40255407,00000118,false,Rx,1,4,00,45,00,00,00,00,00,00,
40265211,00000118,false,Rx,1,4,00,46,00,00,00,00,00,00,
40275430,00000118,false,Rx,1,4,00,47,00,00,00,00,00,00,
40285199,00000118,false,Rx,1,4,00,48,00,00,00,00,00,00,
40295360,00000118,false,Rx,1,4,00,49,00,00,00,00,00,00,
40305205,00000118,false,Rx,1,4,00,4A,00,00,00,00,00,00,
40315749,00000118,false,Rx,1,4,00,4B,00,00,00,00,00,00,
40325607,00000118,false,Rx,1,4,00,4C,00,00,00,00,00,00,
40340976,00000118,false,Rx,1,4,00,4D,00,00,00,00,00,00,
40345968,00000118,false,Rx,1,4,00,4E,00,00,00,00,00,00,
40356158,00000118,false,Rx,1,4,00,4F,00,00,00,00,00,00,
40365954,00000118,false,Rx,1,4,00,40,00,00,00,00,00,00,
40376159,00000118,false,Rx,1,4,00,41,00,00,00,00,00,00,
40385960,00000118,false,Rx,1,4,00,42,00,00,00,00,00,00,
40396088,00000118,false,Rx,1,4,00,43,00,00,00,00,00,00,
40405951,00000118,false,Rx,1,4,00,44,00,00,00,00,00,00,
40416081,00000118,false,Rx,1,4,00,45,00,00,00,00,00,00,
40416371,17F0000F,true,Rx,1,8,00,0F,00,00,00,00,00,00,
40425943,00000118,false,Rx,1,4,00,46,00,00,00,00,00,00,
40436459,00000118,false,Rx,1,4,00,47,00,00,00,00,00,00,
40446282,00000118,false,Rx,1,4,00,48,00,00,00,00,00,00,
40454419,0000070F,false,Rx,0,8,03,22,2B,E4,55,55,55,55,
40456489,00000118,false,Rx,1,4,00,49,00,00,00,00,00,00,
40466672,00000118,false,Rx,1,4,00,4A,00,00,00,00,00,00,
40468195,00000779,false,Rx,1,8,05,62,2B,E4,0D,63,AA,AA,
40476897,00000118,false,Rx,1,4,00,4B,00,00,00,00,00,00,
40486675,00000118,false,Rx,1,4,00,4C,00,00,00,00,00,00,
40496817,00000118,false,Rx,1,4,00,4D,00,00,00,00,00,00,
40506661,00000118,false,Rx,1,4,00,4E,00,00,00,00,00,00,
40517202,00000118,false,Rx,1,4,00,4F,00,00,00,00,00,00,
40527048,00000118,false,Rx,1,4,00,40,00,00,00,00,00,00,
40537590,00000118,false,Rx,1,4,00,41,00,00,00,00,00,00,
40547412,00000118,false,Rx,1,4,00,42,00,00,00,00,00,00,
40557592,00000118,false,Rx,1,4,00,43,00,00,00,00,00,00,
40567629,00000118,false,Rx,1,4,00,44,00,00,00,00,00,00,
40577615,00000118,false,Rx,1,4,00,45,00,00,00,00,00,00,
40587382,00000118,false,Rx,1,4,00,46,00,00,00,00,00,00,
40597548,00000118,false,Rx,1,4,00,47,00,00,00,00,00,00,
40607387,00000118,false,Rx,1,4,00,48,00,00,00,00,00,00,
40617949,00000118,false,Rx,1,4,00,49,00,00,00,00,00,00,
40627775,00000118,false,Rx,1,4,00,4A,00,00,00,00,00,00,
40638318,00000118,false,Rx,1,4,00,4B,00,00,00,00,00,00,
40648142,00000118,false,Rx,1,4,00,4C,00,00,00,00,00,00,
40658319,00000118,false,Rx,1,4,00,4D,00,00,00,00,00,00,
40668126,00000118,false,Rx,1,4,00,4E,00,00,00,00,00,00,
40678340,00000118,false,Rx,1,4,00,4F,00,00,00,00,00,00,
40688114,00000118,false,Rx,1,4,00,40,00,00,00,00,00,00,
40698276,00000118,false,Rx,1,4,00,41,00,00,00,00,00,00,
40708116,00000118,false,Rx,1,4,00,42,00,00,00,00,00,00,
40718658,00000118,false,Rx,1,4,00,43,00,00,00,00,00,00,
40728501,00000118,false,Rx,1,4,00,44,00,00,00,00,00,00,
40739044,00000118,false,Rx,1,4,00,45,00,00,00,00,00,00,
40748865,00000118,false,Rx,1,4,00,46,00,00,00,00,00,00,
40757621,0000070F,false,Rx,0,8,03,22,02,8D,55,55,55,55,
40759072,00000118,false,Rx,1,4,00,47,00,00,00,00,00,00,
40769286,00000118,false,Rx,1,4,00,48,00,00,00,00,00,00,
40770591,00000779,false,Rx,1,8,05,62,02,8D,54,00,AA,AA,
40779843,00000118,false,Rx,1,4,00,49,00,00,00,00,00,00,
40789639,00000118,false,Rx,1,4,00,4A,00,00,00,00,00,00,
40799804,00000118,false,Rx,1,4,00,4B,00,00,00,00,00,00,
40809645,00000118,false,Rx,1,4,00,4C,00,00,00,00,00,00,
40820184,00000118,false,Rx,1,4,00,4D,00,00,00,00,00,00,
40830071,00000118,false,Rx,1,4,00,4E,00,00,00,00,00,00,
40846358,00000118,false,Rx,1,4,00,4F,00,00,00,00,00,00,
40850376,00000118,false,Rx,1,4,00,40,00,00,00,00,00,00,
40860634,00000118,false,Rx,1,4,00,41,00,00,00,00,00,00,
40870568,00000118,false,Rx,1,4,00,42,00,00,00,00,00,00,
40880616,00000118,false,Rx,1,4,00,43,00,00,00,00,00,00,
40890335,00000118,false,Rx,1,4,00,44,00,00,00,00,00,00,
40900589,00000118,false,Rx,1,4,00,45,00,00,00,00,00,00,
40910749,00000118,false,Rx,1,4,00,46,00,00,00,00,00,00,
40920943,00000118,false,Rx,1,4,00,47,00,00,00,00,00,00,
40921210,17F0000F,true,Rx,1,8,00,0F,00,00,00,00,00,00,
40930764,00000118,false,Rx,1,4,00,48,00,00,00,00,00,00,
40941299,00000118,false,Rx,1,4,00,49,00,00,00,00,00,00,
40951147,00000118,false,Rx,1,4,00,4A,00,00,00,00,00,00,
40961688,00000118,false,Rx,1,4,00,4B,00,00,00,00,00,00,
40971548,00000118,false,Rx,1,4,00,4C,00,00,00,00,00,00,
40982088,00000118,false,Rx,1,4,00,4D,00,00,00,00,00,00,
40991894,00000118,false,Rx,1,4,00,4E,00,00,00,00,00,00,
41002076,00000118,false,Rx,1,4,00,4F,00,00,00,00,00,00,
41011885,00000118,false,Rx,1,4,00,40,00,00,00,00,00,00,
41022042,00000118,false,Rx,1,4,00,41,00,00,00,00,00,00,
41031884,00000118,false,Rx,1,4,00,42,00,00,00,00,00,00,
41042426,00000118,false,Rx,1,4,00,43,00,00,00,00,00,00,
41052269,00000118,false,Rx,1,4,00,44,00,00,00,00,00,00,
41062811,00000118,false,Rx,1,4,00,45,00,00,00,00,00,00,
41072672,00000118,false,Rx,1,4,00,46,00,00,00,00,00,00,
41075858,0000070F,false,Rx,0,8,03,22,2B,F1,55,55,55,55,
41083242,00000118,false,Rx,1,4,00,47,00,00,00,00,00,00,
41093420,00000118,false,Rx,1,4,00,48,00,00,00,00,00,00,
41094721,00000779,false,Rx,1,8,05,62,2B,F1,43,64,AA,AA,
41103614,00000118,false,Rx,1,4,00,49,00,00,00,00,00,00,
41113408,00000118,false,Rx,1,4,00,4A,00,00,00,00,00,00,
41123569,00000118,false,Rx,1,4,00,4B,00,00,00,00,00,00,
41133414,00000118,false,Rx,1,4,00,4C,00,00,00,00,00,00,
41143953,00000118,false,Rx,1,4,00,4D,00,00,00,00,00,00,
41153796,00000118,false,Rx,1,4,00,4E,00,00,00,00,00,00,
41164338,00000118,false,Rx,1,4,00,4F,00,00,00,00,00,00,
41174201,00000118,false,Rx,1,4,00,40,00,00,00,00,00,00,
41184744,00000118,false,Rx,1,4,00,41,00,00,00,00,00,00,
41194548,00000118,false,Rx,1,4,00,42,00,00,00,00,00,00,
41204728,00000118,false,Rx,1,4,00,43,00,00,00,00,00,00,
41214533,00000118,false,Rx,1,4,00,44,00,00,00,00,00,00,
41224696,00000118,false,Rx,1,4,00,45,00,00,00,00,00,00,
41234536,00000118,false,Rx,1,4,00,46,00,00,00,00,00,00,
41245080,00000118,false,Rx,1,4,00,47,00,00,00,00,00,00,
41254940,00000118,false,Rx,1,4,00,48,00,00,00,00,00,00,
41265465,00000118,false,Rx,1,4,00,49,00,00,00,00,00,00,
41275376,00000118,false,Rx,1,4,00,4A,00,00,00,00,00,00,
41285873,00000118,false,Rx,1,4,00,4B,00,00,00,00,00,00,
41295677,00000118,false,Rx,1,4,00,4C,00,00,00,00,00,00,
41305855,00000118,false,Rx,1,4,00,4D,00,00,00,00,00,00,
41315661,00000118,false,Rx,1,4,00,4E,00,00,00,00,00,00,
41325890,00000118,false,Rx,1,4,00,4F,00,00,00,00,00,00,
41338509,00000118,false,Rx,1,4,00,40,00,00,00,00,00,00,
41345972,00000118,false,Rx,1,4,00,41,00,00,00,00,00,00,
41355563,00000118,false,Rx,1,4,00,42,00,00,00,00,00,00,
41365868,00000118,false,Rx,1,4,00,43,00,00,00,00,00,00,
41375598,00000118,false,Rx,1,4,00,44,00,00,00,00,00,00,
41385852,00000118,false,Rx,1,4,00,45,00,00,00,00,00,00,
41394460,0000070F,false,Rx,0,8,03,22,2B,E4,55,55,55,55,
41395572,00000118,false,Rx,1,4,00,46,00,00,00,00,00,00,
41405841,00000118,false,Rx,1,4,00,47,00,00,00,00,00,00,
41407981,00000779,false,Rx,1,8,05,62,2B,E4,0D,63,AA,AA,
41415528,00000118,false,Rx,1,4,00,48,00,00,00,00,00,00,
41425855,00000118,false,Rx,1,4,00,49,00,00,00,00,00,00,
41426140,17F0000F,true,Rx,1,8,00,0F,00,00,00,00,00,00,
41435510,00000118,false,Rx,1,4,00,4A,00,00,00,00,00,00,
41445831,00000118,false,Rx,1,4,00,4B,00,00,00,00,00,00,
41455491,00000118,false,Rx,1,4,00,4C,00,00,00,00,00,00,
41465796,00000118,false,Rx,1,4,00,4D,00,00,00,00,00,00,
41475525,00000118,false,Rx,1,4,00,4E,00,00,00,00,00,00,
41485782,00000118,false,Rx,1,4,00,4F,00,00,00,00,00,00,
41495478,00000118,false,Rx,1,4,00,40,00,00,00,00,00,00,
41505769,00000118,false,Rx,1,4,00,41,00,00,00,00,00,00,
41515449,00000118,false,Rx,1,4,00,42,00,00,00,00,00,00,
41525773,00000118,false,Rx,1,4,00,43,00,00,00,00,00,00,
41535430,00000118,false,Rx,1,4,00,44,00,00,00,00,00,00,
41545757,00000118,false,Rx,1,4,00,45,00,00,00,00,00,00,
41555413,00000118,false,Rx,1,4,00,46,00,00,00,00,00,00,
41565724,00000118,false,Rx,1,4,00,47,00,00,00,00,00,00,
41575455,00000118,false,Rx,1,4,00,48,00,00,00,00,00,00,
41585709,00000118,false,Rx,1,4,00,49,00,00,00,00,00,00,
41595407,00000118,false,Rx,1,4,00,4A,00,00,00,00,00,00,
41605698,00000118,false,Rx,1,4,00,4B,00,00,00,00,00,00,
41615377,00000118,false,Rx,1,4,00,4C,00,00,00,00,00,00,
41625699,00000118,false,Rx,1,4,00,4D,00,00,00,00,00,00,
41635356,00000118,false,Rx,1,4,00,4E,00,00,00,00,00,00,
41645685,00000118,false,Rx,1,4,00,4F,00,00,00,00,00,00,
41655344,00000118,false,Rx,1,4,00,40,00,00,00,00,00,00,
41665655,00000118,false,Rx,1,4,00,41,00,00,00,00,00,00,
41675382,00000118,false,Rx,1,4,00,42,00,00,00,00,00,00,
41685638,00000118,false,Rx,1,4,00,43,00,00,00,00,00,00,
41695192,0000070F,false,Rx,0,8,03,22,02,8D,55,55,55,55,
41695333,00000118,false,Rx,1,4,00,44,00,00,00,00,00,00,
41705648,00000118,false,Rx,1,4,00,45,00,00,00,00,00,00,
41715298,00000118,false,Rx,1,4,00,46,00,00,00,00,00,00,
41716603,00000779,false,Rx,1,8,05,62,02,8D,54,00,AA,AA,
41725639,00000118,false,Rx,1,4,00,47,00,00,00,00,00,00,
41735282,00000118,false,Rx,1,4,00,48,00,00,00,00,00,00,
41745613,00000118,false,Rx,1,4,00,49,00,00,00,00,00,00,
41755272,00000118,false,Rx,1,4,00,4A,00,00,00,00,00,00,
41765581,00000118,false,Rx,1,4,00,4B,00,00,00,00,00,00,
41775313,00000118,false,Rx,1,4,00,4C,00,00,00,00,00,00,
41785565,00000118,false,Rx,1,4,00,4D,00,00,00,00,00,00,
41795262,00000118,false,Rx,1,4,00,4E,00,00,00,00,00,00,
41805550,00000118,false,Rx,1,4,00,4F,00,00,00,00,00,00,
41815230,00000118,false,Rx,1,4,00,40,00,00,00,00,00,00,
41826417,00000118,false,Rx,1,4,00,41,00,00,00,00,00,00,
41835294,00000118,false,Rx,1,4,00,42,00,00,00,00,00,00,
41845454,00000118,false,Rx,1,4,00,43,00,00,00,00,00,00,
41855388,00000118,false,Rx,1,4,00,44,00,00,00,00,00,00,
41865623,00000118,false,Rx,1,4,00,45,00,00,00,00,00,00,
41875359,00000118,false,Rx,1,4,00,46,00,00,00,00,00,00,
41885859,00000118,false,Rx,1,4,00,47,00,00,00,00,00,00,
41895851,00000118,false,Rx,1,4,00,48,00,00,00,00,00,00,
41905861,00000118,false,Rx,1,4,00,49,00,00,00,00,00,00,
41915621,00000118,false,Rx,1,4,00,4A,00,00,00,00,00,00,
41925877,00000118,false,Rx,1,4,00,4B,00,00,00,00,00,00,
41926160,17F0000F,true,Rx,1,8,00,0F,00,00,00,00,00,00,
41936023,00000118,false,Rx,1,4,00,4C,00,00,00,00,00,00,
41946609,00000118,false,Rx,1,4,00,4D,00,00,00,00,00,00,
41956402,00000118,false,Rx,1,4,00,4E,00,00,00,00,00,00,
41966618,00000118,false,Rx,1,4,00,4F,00,00,00,00,00,00,
41976423,00000118,false,Rx,1,4,00,40,00,00,00,00,00,00,
41986613,00000118,false,Rx,1,4,00,41,00,00,00,00,00,00,
41996373,00000118,false,Rx,1,4,00,42,00,00,00,00,00,00,
42006611,00000118,false,Rx,1,4,00,43,00,00,00,00,00,00,
42013460,0000070F,false,Rx,0,8,03,22,2B,F1,55,55,55,55,
42016762,00000118,false,Rx,1,4,00,44,00,00,00,00,00,00,
42027096,00000118,false,Rx,1,4,00,45,00,00,00,00,00,00,
42029076,00000779,false,Rx,1,8,05,62,2B,F1,43,64,AA,AA,
42037133,00000118,false,Rx,1,4,00,46,00,00,00,00,00,00,
42047583,00000118,false,Rx,1,4,00,47,00,00,00,00,00,00,
42057508,00000118,false,Rx,1,4,00,48,00,00,00,00,00,00,
42067824,00000118,false,Rx,1,4,00,49,00,00,00,00,00,00,
42077494,00000118,false,Rx,1,4,00,4A,00,00,00,00,00,00,
42087749,00000118,false,Rx,1,4,00,4B,00,00,00,00,00,00,
42097445,00000118,false,Rx,1,4,00,4C,00,00,00,00,00,00,
42107733,00000118,false,Rx,1,4,00,4D,00,00,00,00,00,00,
42117409,00000118,false,Rx,1,4,00,4E,00,00,00,00,00,00,
42127742,00000118,false,Rx,1,4,00,4F,00,00,00,00,00,00,
42137396,00000118,false,Rx,1,4,00,40,00,00,00,00,00,00,
42147837,00000118,false,Rx,1,4,00,41,00,00,00,00,00,00,
42157417,00000118,false,Rx,1,4,00,42,00,00,00,00,00,00,
42167835,00000118,false,Rx,1,4,00,43,00,00,00,00,00,00,
42177837,00000118,false,Rx,1,4,00,44,00,00,00,00,00,00,
42188076,00000118,false,Rx,1,4,00,45,00,00,00,00,00,00,
42197768,00000118,false,Rx,1,4,00,46,00,00,00,00,00,00,
42208062,00000118,false,Rx,1,4,00,47,00,00,00,00,00,00,
42217734,00000118,false,Rx,1,4,00,48,00,00,00,00,00,00,
42228067,00000118,false,Rx,1,4,00,49,00,00,00,00,00,00,
42237724,00000118,false,Rx,1,4,00,4A,00,00,00,00,00,00,
42248032,00000118,false,Rx,1,4,00,4B,00,00,00,00,00,00,
42257728,00000118,false,Rx,1,4,00,4C,00,00,00,00,00,00,
42268079,00000118,false,Rx,1,4,00,4D,00,00,00,00,00,00,
42277748,00000118,false,Rx,1,4,00,4E,00,00,00,00,00,00,
42288003,00000118,false,Rx,1,4,00,4F,00,00,00,00,00,00,
42297700,00000118,false,Rx,1,4,00,40,00,00,00,00,00,00,
42307990,00000118,false,Rx,1,4,00,41,00,00,00,00,00,00,
42317752,00000118,false,Rx,1,4,00,42,00,00,00,00,00,00,
42326120,0000070F,false,Rx,0,8,03,22,2B,E4,55,55,55,55,
42328157,00000118,false,Rx,1,4,00,43,00,00,00,00,00,00,
42337958,00000118,false,Rx,1,4,00,44,00,00,00,00,00,00,
42339486,00000779,false,Rx,1,8,05,62,2B,E4,0D,63,AA,AA,
42348652,00000118,false,Rx,1,4,00,45,00,00,00,00,00,00,
42358037,00000118,false,Rx,1,4,00,46,00,00,00,00,00,00,
42368373,00000118,false,Rx,1,4,00,47,00,00,00,00,00,00,
42378072,00000118,false,Rx,1,4,00,48,00,00,00,00,00,00,
42388369,00000118,false,Rx,1,4,00,49,00,00,00,00,00,00,
42398026,00000118,false,Rx,1,4,00,4A,00,00,00,00,00,00,
42408381,00000118,false,Rx,1,4,00,4B,00,00,00,00,00,00,
42418002,00000118,false,Rx,1,4,00,4C,00,00,00,00,00,00,
42428370,00000118,false,Rx,1,4,00,4D,00,00,00,00,00,00,
42428913,17F0000F,true,Rx,1,8,00,0F,00,00,00,00,00,00,
42438014,00000118,false,Rx,1,4,00,4E,00,00,00,00,00,00,
42448371,00000118,false,Rx,1,4,00,4F,00,00,00,00,00,00,
42457966,00000118,false,Rx,1,4,00,40,00,00,00,00,00,00,
42468362,00000118,false,Rx,1,4,00,41,00,00,00,00,00,00,
42478003,00000118,false,Rx,1,4,00,42,00,00,00,00,00,00,
42488370,00000118,false,Rx,1,4,00,43,00,00,00,00,00,00,
42497952,00000118,false,Rx,1,4,00,44,00,00,00,00,00,00,
42508372,00000118,false,Rx,1,4,00,45,00,00,00,00,00,00,
42517937,00000118,false,Rx,1,4,00,46,00,00,00,00,00,00,
42528369,00000118,false,Rx,1,4,00,47,00,00,00,00,00,00,
42537913,00000118,false,Rx,1,4,00,48,00,00,00,00,00,00,
42548368,00000118,false,Rx,1,4,00,49,00,00,00,00,00,00,
42557892,00000118,false,Rx,1,4,00,4A,00,00,00,00,00,00,
42568359,00000118,false,Rx,1,4,00,4B,00,00,00,00,00,00,
42577952,00000118,false,Rx,1,4,00,4C,00,00,00,00,00,00,
42588369,00000118,false,Rx,1,4,00,4D,00,00,00,00,00,00,
42597879,00000118,false,Rx,1,4,00,4E,00,00,00,00,00,00,
42608370,00000118,false,Rx,1,4,00,4F,00,00,00,00,00,00,
42617849,00000118,false,Rx,1,4,00,40,00,00,00,00,00,00,
42628372,00000118,false,Rx,1,4,00,41,00,00,00,00,00,00,
42637836,00000118,false,Rx,1,4,00,42,00,00,00,00,00,00,
42641117,0000070F,false,Rx,0,8,03,22,02,8D,55,55,55,55,
42648369,00000118,false,Rx,1,4,00,43,00,00,00,00,00,00,
42657818,00000118,false,Rx,1,4,00,44,00,00,00,00,00,00,
42659186,00000779,false,Rx,1,8,05,62,02,8D,55,00,AA,AA,
42668365,00000118,false,Rx,1,4,00,45,00,00,00,00,00,00,
42677856,00000118,false,Rx,1,4,00,46,00,00,00,00,00,00,
42688112,00000118,false,Rx,1,4,00,47,00,00,00,00,00,00,
42697806,00000118,false,Rx,1,4,00,48,00,00,00,00,00,00,
42708098,00000118,false,Rx,1,4,00,49,00,00,00,00,00,00,
42717775,00000118,false,Rx,1,4,00,4A,00,00,00,00,00,00,
42728105,00000118,false,Rx,1,4,00,4B,00,00,00,00,00,00,
42737850,00000118,false,Rx,1,4,00,4C,00,00,00,00,00,00,
42748090,00000118,false,Rx,1,4,00,4D,00,00,00,00,00,00,
42757745,00000118,false,Rx,1,4,00,4E,00,00,00,00,00,00,
42768109,00000118,false,Rx,1,4,00,4F,00,00,00,00,00,00,
42777786,00000118,false,Rx,1,4,00,40,00,00,00,00,00,00,
42788042,00000118,false,Rx,1,4,00,41,00,00,00,00,00,00,
42797735,00000118,false,Rx,1,4,00,42,00,00,00,00,00,00,
42808025,00000118,false,Rx,1,4,00,43,00,00,00,00,00,00,
42817702,00000118,false,Rx,1,4,00,44,00,00,00,00,00,00,
42828085,00000118,false,Rx,1,4,00,45,00,00,00,00,00,00,
42839705,00000118,false,Rx,1,4,00,46,00,00,00,00,00,00,
42848067,00000118,false,Rx,1,4,00,47,00,00,00,00,00,00,
42857674,00000118,false,Rx,1,4,00,48,00,00,00,00,00,00,
42868137,00000118,false,Rx,1,4,00,49,00,00,00,00,00,00,
42877714,00000118,false,Rx,1,4,00,4A,00,00,00,00,00,00,
42887969,00000118,false,Rx,1,4,00,4B,00,00,00,00,00,00,
42897664,00000118,false,Rx,1,4,00,4C,00,00,00,00,00,00,
42907955,00000118,false,Rx,1,4,00,4D,00,00,00,00,00,00,
42917658,00000118,false,Rx,1,4,00,4E,00,00,00,00,00,00,
42927959,00000118,false,Rx,1,4,00,4F,00,00,00,00,00,00,
42928253,17F0000F,true,Rx,1,8,00,0F,00,00,00,00,00,00,
42937625,00000118,false,Rx,1,4,00,40,00,00,00,00,00,00,
42947961,00000118,false,Rx,1,4,00,41,00,00,00,00,00,00,
42957605,00000118,false,Rx,1,4,00,42,00,00,00,00,00,00,
42968119,00000118,false,Rx,1,4,00,43,00,00,00,00,00,00,
42977640,00000118,false,Rx,1,4,00,44,00,00,00,00,00,00,
42985952,0000070F,false,Rx,0,8,03,22,2B,F1,55,55,55,55,
42987938,00000118,false,Rx,1,4,00,45,00,00,00,00,00,00,
42997588,00000118,false,Rx,1,4,00,46,00,00,00,00,00,00,
42998889,00000779,false,Rx,1,8,05,62,2B,F1,75,64,AA,AA,
43007890,00000118,false,Rx,1,4,00,47,00,00,00,00,00,00,
43017555,00000118,false,Rx,1,4,00,48,00,00,00,00,00,00,
43027884,00000118,false,Rx,1,4,00,49,00,00,00,00,00,00,
43037544,00000118,false,Rx,1,4,00,4A,00,00,00,00,00,00,
43047874,00000118,false,Rx,1,4,00,4B,00,00,00,00,00,00,
43057530,00000118,false,Rx,1,4,00,4C,00,00,00,00,00,00,
43067873,00000118,false,Rx,1,4,00,4D,00,00,00,00,00,00,
43077567,00000118,false,Rx,1,4,00,4E,00,00,00,00,00,00,
43087822,00000118,false,Rx,1,4,00,4F,00,00,00,00,00,00,
43097519,00000118,false,Rx,1,4,00,40,00,00,00,00,00,00,
43107809,00000118,false,Rx,1,4,00,41,00,00,00,00,00,00,
43117484,00000118,false,Rx,1,4,00,42,00,00,00,00,00,00,
43127812,00000118,false,Rx,1,4,00,43,00,00,00,00,00,00,
43137470,00000118,false,Rx,1,4,00,44,00,00,00,00,00,00,
43147836,00000118,false,Rx,1,4,00,45,00,00,00,00,00,00,
43157455,00000118,false,Rx,1,4,00,46,00,00,00,00,00,00,
43167874,00000118,false,Rx,1,4,00,47,00,00,00,00,00,00,
43177493,00000118,false,Rx,1,4,00,48,00,00,00,00,00,00,
43187749,00000118,false,Rx,1,4,00,49,00,00,00,00,00,00,
43197447,00000118,false,Rx,1,4,00,4A,00,00,00,00,00,00,
43207737,00000118,false,Rx,1,4,00,4B,00,00,00,00,00,00,
43217413,00000118,false,Rx,1,4,00,4C,00,00,00,00,00,00,
43227739,00000118,false,Rx,1,4,00,4D,00,00,00,00,00,00,
43237397,00000118,false,Rx,1,4,00,4E,00,00,00,00,00,00,
43247725,00000118,false,Rx,1,4,00,4F,00,00,00,00,00,00,
43257385,00000118,false,Rx,1,4,00,40,00,00,00,00,00,00,
43267868,00000118,false,Rx,1,4,00,41,00,00,00,00,00,00,
43277422,00000118,false,Rx,1,4,00,42,00,00,00,00,00,00,
43287676,00000118,false,Rx,1,4,00,43,00,00,00,00,00,00,
43288944,0000070F,false,Rx,0,8,03,22,2B,E4,55,55,55,55,
43297397,00000118,false,Rx,1,4,00,44,00,00,00,00,00,00,
43307663,00000118,false,Rx,1,4,00,45,00,00,00,00,00,00,
43309950,00000779,false,Rx,1,8,05,62,2B,E4,0D,63,AA,AA,
43317349,00000118,false,Rx,1,4,00,46,00,00,00,00,00,00,
43327716,00000118,false,Rx,1,4,00,47,00,00,00,00,00,00,
43341934,00000118,false,Rx,1,4,00,48,00,00,00,00,00,00,
43348452,00000118,false,Rx,1,4,00,49,00,00,00,00,00,00,
43357327,00000118,false,Rx,1,4,00,4A,00,00,00,00,00,00,
43367644,00000118,false,Rx,1,4,00,4B,00,00,00,00,00,00,
43377351,00000118,false,Rx,1,4,00,4C,00,00,00,00,00,00,
43387624,00000118,false,Rx,1,4,00,4D,00,00,00,00,00,00,
43397309,00000118,false,Rx,1,4,00,4E,00,00,00,00,00,00,
43407590,00000118,false,Rx,1,4,00,4F,00,00,00,00,00,00,
43417269,00000118,false,Rx,1,4,00,40,00,00,00,00,00,00,
43427600,00000118,false,Rx,1,4,00,41,00,00,00,00,00,00,
43427892,17F0000F,true,Rx,1,8,00,0F,00,00,00,00,00,00,
43437259,00000118,false,Rx,1,4,00,42,00,00,00,00,00,00,
43447579,00000118,false,Rx,1,4,00,43,00,00,00,00,00,00,
43457250,00000118,false,Rx,1,4,00,44,00,00,00,00,00,00,
43467644,00000118,false,Rx,1,4,00,45,00,00,00,00,00,00,
43477275,00000118,false,Rx,1,4,00,46,00,00,00,00,00,00,
43487532,00000118,false,Rx,1,4,00,47,00,00,00,00,00,00,
43497224,00000118,false,Rx,1,4,00,48,00,00,00,00,00,00,
43507516,00000118,false,Rx,1,4,00,49,00,00,00,00,00,00,
43517194,00000118,false,Rx,1,4,00,4A,00,00,00,00,00,00,
43527524,00000118,false,Rx,1,4,00,4B,00,00,00,00,00,00,
43537180,00000118,false,Rx,1,4,00,4C,00,00,00,00,00,00,
43547506,00000118,false,Rx,1,4,00,4D,00,00,00,00,00,00,
43557167,00000118,false,Rx,1,4,00,4E,00,00,00,00,00,00,
43567643,00000118,false,Rx,1,4,00,4F,00,00,00,00,00,00,
43577212,00000118,false,Rx,1,4,00,40,00,00,00,00,00,00,
43587459,00000118,false,Rx,1,4,00,41,00,00,00,00,00,00,
43597155,00000118,false,Rx,1,4,00,42,00,00,00,00,00,00,
43605870,0000070F,false,Rx,0,8,03,22,02,8D,55,55,55,55,
43607469,00000118,false,Rx,1,4,00,43,00,00,00,00,00,00,
43617121,00000118,false,Rx,1,4,00,44,00,00,00,00,00,00,
43618421,00000779,false,Rx,1,8,05,62,02,8D,55,00,AA,AA,
43627460,00000118,false,Rx,1,4,00,45,00,00,00,00,00,00,
43637103,00000118,false,Rx,1,4,00,46,00,00,00,00,00,00,
43647432,00000118,false,Rx,1,4,00,47,00,00,00,00,00,00,
43657090,00000118,false,Rx,1,4,00,48,00,00,00,00,00,00,
43667638,00000118,false,Rx,1,4,00,49,00,00,00,00,00,00,
43677133,00000118,false,Rx,1,4,00,4A,00,00,00,00,00,00,
43687388,00000118,false,Rx,1,4,00,4B,00,00,00,00,00,00,
43697083,00000118,false,Rx,1,4,00,4C,00,00,00,00,00,00,
43707370,00000118,false,Rx,1,4,00,4D,00,00,00,00,00,00,
43717047,00000118,false,Rx,1,4,00,4E,00,00,00,00,00,00,
43727374,00000118,false,Rx,1,4,00,4F,00,00,00,00,00,00,
43737036,00000118,false,Rx,1,4,00,40,00,00,00,00,00,00,
43747362,00000118,false,Rx,1,4,00,41,00,00,00,00,00,00,
43757019,00000118,false,Rx,1,4,00,42,00,00,00,00,00,00,
43767374,00000118,false,Rx,1,4,00,43,00,00,00,00,00,00,
43777058,00000118,false,Rx,1,4,00,44,00,00,00,00,00,00,
43787313,00000118,false,Rx,1,4,00,45,00,00,00,00,00,00,
43797006,00000118,false,Rx,1,4,00,46,00,00,00,00,00,00,
43807297,00000118,false,Rx,1,4,00,47,00,00,00,00,00,00,
43816973,00000118,false,Rx,1,4,00,48,00,00,00,00,00,00,
43827361,00000118,false,Rx,1,4,00,49,00,00,00,00,00,00,
43841912,00000118,false,Rx,1,4,00,4A,00,00,00,00,00,00,
43847308,00000118,false,Rx,1,4,00,4B,00,00,00,00,00,00,
43856972,00000118,false,Rx,1,4,00,4C,00,00,00,00,00,00,
43867399,00000118,false,Rx,1,4,00,4D,00,00,00,00,00,00,
43876985,00000118,false,Rx,1,4,00,4E,00,00,00,00,00,00,
43887240,00000118,false,Rx,1,4,00,4F,00,00,00,00,00,00,
43896950,00000118,false,Rx,1,4,00,40,00,00,00,00,00,00,
43907236,00000118,false,Rx,1,4,00,41,00,00,00,00,00,00,
43916903,00000118,false,Rx,1,4,00,42,00,00,00,00,00,00,
43920834,0000070F,false,Rx,0,8,03,22,2B,F1,55,55,55,55,
43927256,00000118,false,Rx,1,4,00,43,00,00,00,00,00,00,
43927550,17F0000F,true,Rx,1,8,00,0F,00,00,00,00,00,00,
43936894,00000118,false,Rx,1,4,00,44,00,00,00,00,00,00,
43938194,00000779,false,Rx,1,8,05,62,2B,F1,D9,64,AA,AA,
43947225,00000118,false,Rx,1,4,00,45,00,00,00,00,00,00,
43956879,00000118,false,Rx,1,4,00,46,00,00,00,00,00,00,
43967395,00000118,false,Rx,1,4,00,47,00,00,00,00,00,00,
43976934,00000118,false,Rx,1,4,00,48,00,00,00,00,00,00,
43987167,00000118,false,Rx,1,4,00,49,00,00,00,00,00,00,
43996865,00000118,false,Rx,1,4,00,4A,00,00,00,00,00,00,
44007154,00000118,false,Rx,1,4,00,4B,00,00,00,00,00,00,
44016831,00000118,false,Rx,1,4,00,4C,00,00,00,00,00,00,
44027156,00000118,false,Rx,1,4,00,4D,00,00,00,00,00,00,
44036814,00000118,false,Rx,1,4,00,4E,00,00,00,00,00,00,
44047143,00000118,false,Rx,1,4,00,4F,00,00,00,00,00,00,
44056802,00000118,false,Rx,1,4,00,40,00,00,00,00,00,00,
44067109,00000118,false,Rx,1,4,00,41,00,00,00,00,00,00,
44076841,00000118,false,Rx,1,4,00,42,00,00,00,00,00,00,
44087094,00000118,false,Rx,1,4,00,43,00,00,00,00,00,00,
44096789,00000118,false,Rx,1,4,00,44,00,00,00,00,00,00,
44107079,00000118,false,Rx,1,4,00,45,00,00,00,00,00,00,
44116754,00000118,false,Rx,1,4,00,46,00,00,00,00,00,00,
44127084,00000118,false,Rx,1,4,00,47,00,00,00,00,00,00,
44136739,00000118,false,Rx,1,4,00,48,00,00,00,00,00,00,
44147069,00000118,false,Rx,1,4,00,49,00,00,00,00,00,00,
44156728,00000118,false,Rx,1,4,00,4A,00,00,00,00,00,00,
44167040,00000118,false,Rx,1,4,00,4B,00,00,00,00,00,00,
44176771,00000118,false,Rx,1,4,00,4C,00,00,00,00,00,00,
44187020,00000118,false,Rx,1,4,00,4D,00,00,00,00,00,00,
44196716,00000118,false,Rx,1,4,00,4E,00,00,00,00,00,00,
44207007,00000118,false,Rx,1,4,00,4F,00,00,00,00,00,00,
44216685,00000118,false,Rx,1,4,00,40,00,00,00,00,00,00,
44227012,00000118,false,Rx,1,4,00,41,00,00,00,00,00,00,
44236668,00000118,false,Rx,1,4,00,42,00,00,00,00,00,00,
44237186,0000070F,false,Rx,0,8,03,22,2B,E4,55,55,55,55,
44247020,00000118,false,Rx,1,4,00,43,00,00,00,00,00,00,
44256653,00000118,false,Rx,1,4,00,44,00,00,00,00,00,00,
44257954,00000779,false,Rx,1,8,05,62,2B,E4,0D,63,AA,AA,
44266975,00000118,false,Rx,1,4,00,45,00,00,00,00,00,00,
44276692,00000118,false,Rx,1,4,00,46,00,00,00,00,00,00,
44286952,00000118,false,Rx,1,4,00,47,00,00,00,00,00,00,
44296641,00000118,false,Rx,1,4,00,48,00,00,00,00,00,00,
44306950,00000118,false,Rx,1,4,00,49,00,00,00,00,00,00,
44316612,00000118,false,Rx,1,4,00,4A,00,00,00,00,00,00,
44326973,00000118,false,Rx,1,4,00,4B,00,00,00,00,00,00,
44343405,00000118,false,Rx,1,4,00,4C,00,00,00,00,00,00,
44347109,00000118,false,Rx,1,4,00,4D,00,00,00,00,00,00,
44357074,00000118,false,Rx,1,4,00,4E,00,00,00,00,00,00,
44366892,00000118,false,Rx,1,4,00,4F,00,00,00,00,00,00,
44376637,00000118,false,Rx,1,4,00,40,00,00,00,00,00,00,
44386881,00000118,false,Rx,1,4,00,41,00,00,00,00,00,00,
44396571,00000118,false,Rx,1,4,00,42,00,00,00,00,00,00,
44406860,00000118,false,Rx,1,4,00,43,00,00,00,00,00,00,
44416538,00000118,false,Rx,1,4,00,44,00,00,00,00,00,00,
44426875,00000118,false,Rx,1,4,00,45,00,00,00,00,00,00,
44427161,17F0000F,true,Rx,1,8,00,0F,00,00,00,00,00,00,
44436527,00000118,false,Rx,1,4,00,46,00,00,00,00,00,00,
44446833,00000118,false,Rx,1,4,00,47,00,00,00,00,00,00,
44456525,00000118,false,Rx,1,4,00,48,00,00,00,00,00,00,
44466816,00000118,false,Rx,1,4,00,49,00,00,00,00,00,00,
44476549,00000118,false,Rx,1,4,00,4A,00,00,00,00,00,00,
44486814,00000118,false,Rx,1,4,00,4B,00,00,00,00,00,00,
44496481,00000118,false,Rx,1,4,00,4C,00,00,00,00,00,00,
44506806,00000118,false,Rx,1,4,00,4D,00,00,00,00,00,00,
44516464,00000118,false,Rx,1,4,00,4E,00,00,00,00,00,00,
44526792,00000118,false,Rx,1,4,00,4F,00,00,00,00,00,00,
44536451,00000118,false,Rx,1,4,00,40,00,00,00,00,00,00,
44546837,00000118,false,Rx,1,4,00,41,00,00,00,00,00,00,
44552889,0000070F,false,Rx,0,8,03,22,02,8D,55,55,55,55,
44556478,00000118,false,Rx,1,4,00,42,00,00,00,00,00,00,
44566742,00000118,false,Rx,1,4,00,43,00,00,00,00,00,00,
44568950,00000779,false,Rx,1,8,05,62,02,8D,56,00,AA,AA,
44576486,00000118,false,Rx,1,4,00,44,00,00,00,00,00,00,
44586716,00000118,false,Rx,1,4,00,45,00,00,00,00,00,00,
44596421,00000118,false,Rx,1,4,00,46,00,00,00,00,00,00,
44606716,00000118,false,Rx,1,4,00,47,00,00,00,00,00,00,
44616406,00000118,false,Rx,1,4,00,48,00,00,00,00,00,00,
44626700,00000118,false,Rx,1,4,00,49,00,00,00,00,00,00,
44636396,00000118,false,Rx,1,4,00,4A,00,00,00,00,00,00,
44646831,00000118,false,Rx,1,4,00,4B,00,00,00,00,00,00,
44656399,00000118,false,Rx,1,4,00,4C,00,00,00,00,00,00,
44666652,00000118,false,Rx,1,4,00,4D,00,00,00,00,00,00,
44676419,00000118,false,Rx,1,4,00,4E,00,00,00,00,00,00,
44686640,00000118,false,Rx,1,4,00,4F,00,00,00,00,00,00,
44696373,00000118,false,Rx,1,4,00,40,00,00,00,00,00,00,
44706644,00000118,false,Rx,1,4,00,41,00,00,00,00,00,00,
44716336,00000118,false,Rx,1,4,00,42,00,00,00,00,00,00,
44726627,00000118,false,Rx,1,4,00,43,00,00,00,00,00,00,
44736321,00000118,false,Rx,1,4,00,44,00,00,00,00,00,00,
44746594,00000118,false,Rx,1,4,00,45,00,00,00,00,00,00,
44756322,00000118,false,Rx,1,4,00,46,00,00,00,00,00,00,
44766587,00000118,false,Rx,1,4,00,47,00,00,00,00,00,00,
44776344,00000118,false,Rx,1,4,00,48,00,00,00,00,00,00,
44786586,00000118,false,Rx,1,4,00,49,00,00,00,00,00,00,
44796375,00000118,false,Rx,1,4,00,4A,00,00,00,00,00,00,
44806584,00000118,false,Rx,1,4,00,4B,00,00,00,00,00,00,
44816264,00000118,false,Rx,1,4,00,4C,00,00,00,00,00,00,
44826554,00000118,false,Rx,1,4,00,4D,00,00,00,00,00,00,
44839329,00000118,false,Rx,1,4,00,4E,00,00,00,00,00,00,
44846588,00000118,false,Rx,1,4,00,4F,00,00,00,00,00,00,
44856238,00000118,false,Rx,1,4,00,40,00,00,00,00,00,00,
44866617,00000118,false,Rx,1,4,00,41,00,00,00,00,00,00,
44868578,0000070F,false,Rx,0,8,03,22,2B,F1,55,55,55,55,
44876279,00000118,false,Rx,1,4,00,42,00,00,00,00,00,00,
44886510,00000118,false,Rx,1,4,00,43,00,00,00,00,00,00,
44888650,00000779,false,Rx,1,8,05,62,2B,F1,0B,65,AA,AA,
44896375,00000118,false,Rx,1,4,00,44,00,00,00,00,00,00,
44906515,00000118,false,Rx,1,4,00,45,00,00,00,00,00,00,
44916170,00000118,false,Rx,1,4,00,46,00,00,00,00,00,00,
44926513,00000118,false,Rx,1,4,00,47,00,00,00,00,00,00,
44926795,17F0000F,true,Rx,1,8,00,0F,00,00,00,00,00,00,
44936161,00000118,false,Rx,1,4,00,48,00,00,00,00,00,00,
44946464,00000118,false,Rx,1,4,00,49,00,00,00,00,00,00,
44956168,00000118,false,Rx,1,4,00,4A,00,00,00,00,00,00,
44966453,00000118,false,Rx,1,4,00,4B,00,00,00,00,00,00,
44976185,00000118,false,Rx,1,4,00,4C,00,00,00,00,00,00,
44986436,00000118,false,Rx,1,4,00,4D,00,00,00,00,00,00,
44996135,00000118,false,Rx,1,4,00,4E,00,00,00,00,00,00,
45006441,00000118,false,Rx,1,4,00,4F,00,00,00,00,00,00,
45016099,00000118,false,Rx,1,4,00,40,00,00,00,00,00,00,
45026427,00000118,false,Rx,1,4,00,41,00,00,00,00,00,00,
45036083,00000118,false,Rx,1,4,00,42,00,00,00,00,00,00,
45046392,00000118,false,Rx,1,4,00,43,00,00,00,00,00,00,
45056086,00000118,false,Rx,1,4,00,44,00,00,00,00,00,00,
45066378,00000118,false,Rx,1,4,00,45,00,00,00,00,00,00,
45076112,00000118,false,Rx,1,4,00,46,00,00,00,00,00,00,
45086362,00000118,false,Rx,1,4,00,47,00,00,00,00,00,00,
45096038,00000118,false,Rx,1,4,00,48,00,00,00,00,00,00,
45106369,00000118,false,Rx,1,4,00,49,00,00,00,00,00,00,
45116027,00000118,false,Rx,1,4,00,4A,00,00,00,00,00,00,
45126354,00000118,false,Rx,1,4,00,4B,00,00,00,00,00,00,
45136011,00000118,false,Rx,1,4,00,4C,00,00,00,00,00,00,
45146370,00000118,false,Rx,1,4,00,4D,00,00,00,00,00,00,
45156014,00000118,false,Rx,1,4,00,4E,00,00,00,00,00,00,
45166304,00000118,false,Rx,1,4,00,4F,00,00,00,00,00,00,
45176038,00000118,false,Rx,1,4,00,40,00,00,00,00,00,00,
45186291,00000118,false,Rx,1,4,00,41,00,00,00,00,00,00,
45188234,0000070F,false,Rx,0,8,03,22,2B,E4,55,55,55,55,
45195991,00000118,false,Rx,1,4,00,42,00,00,00,00,00,00,
45206293,00000118,false,Rx,1,4,00,43,00,00,00,00,00,00,
45208416,00000779,false,Rx,1,8,05,62,2B,E4,0D,63,AA,AA,
45215963,00000118,false,Rx,1,4,00,44,00,00,00,00,00,00,
45226280,00000118,false,Rx,1,4,00,45,00,00,00,00,00,00,
45235950,00000118,false,Rx,1,4,00,46,00,00,00,00,00,00,
45246376,00000118,false,Rx,1,4,00,47,00,00,00,00,00,00,
45255950,00000118,false,Rx,1,4,00,48,00,00,00,00,00,00,
45266231,00000118,false,Rx,1,4,00,49,00,00,00,00,00,00,
45275966,00000118,false,Rx,1,4,00,4A,00,00,00,00,00,00,
45286218,00000118,false,Rx,1,4,00,4B,00,00,00,00,00,00,
45295894,00000118,false,Rx,1,4,00,4C,00,00,00,00,00,00,
45306221,00000118,false,Rx,1,4,00,4D,00,00,00,00,00,00,
45315878,00000118,false,Rx,1,4,00,4E,00,00,00,00,00,00,
45326251,00000118,false,Rx,1,4,00,4F,00,00,00,00,00,00,
45339685,00000118,false,Rx,1,4,00,40,00,00,00,00,00,00,
45346827,00000118,false,Rx,1,4,00,41,00,00,00,00,00,00,
45355880,00000118,false,Rx,1,4,00,42,00,00,00,00,00,00,
45366159,00000118,false,Rx,1,4,00,43,00,00,00,00,00,00,
45375888,00000118,false,Rx,1,4,00,44,00,00,00,00,00,00,
45386143,00000118,false,Rx,1,4,00,45,00,00,00,00,00,00,
45395817,00000118,false,Rx,1,4,00,46,00,00,00,00,00,00,
45406156,00000118,false,Rx,1,4,00,47,00,00,00,00,00,00,
45415807,00000118,false,Rx,1,4,00,48,00,00,00,00,00,00,
45426137,00000118,false,Rx,1,4,00,49,00,00,00,00,00,00,
45426429,17F0000F,true,Rx,1,8,00,0F,00,00,00,00,00,00,
45435800,00000118,false,Rx,1,4,00,4A,00,00,00,00,00,00,
45446101,00000118,false,Rx,1,4,00,4B,00,00,00,00,00,00,
45455800,00000118,false,Rx,1,4,00,4C,00,00,00,00,00,00,
45466083,00000118,false,Rx,1,4,00,4D,00,00,00,00,00,00,
45475815,00000118,false,Rx,1,4,00,4E,00,00,00,00,00,00,
45486069,00000118,false,Rx,1,4,00,4F,00,00,00,00,00,00,
45495748,00000118,false,Rx,1,4,00,40,00,00,00,00,00,00,
45505903,0000070F,false,Rx,0,8,03,22,02,8D,55,55,55,55,
45506078,00000118,false,Rx,1,4,00,41,00,00,00,00,00,00,
45515755,00000118,false,Rx,1,4,00,42,00,00,00,00,00,00,
45526060,00000118,false,Rx,1,4,00,43,00,00,00,00,00,00,
45528179,00000779,false,Rx,1,8,05,62,02,8D,56,00,AA,AA,
45535727,00000118,false,Rx,1,4,00,44,00,00,00,00,00,00,
45546025,00000118,false,Rx,1,4,00,45,00,00,00,00,00,00,
45555719,00000118,false,Rx,1,4,00,46,00,00,00,00,00,00,
45566010,00000118,false,Rx,1,4,00,47,00,00,00,00,00,00,
45575741,00000118,false,Rx,1,4,00,48,00,00,00,00,00,00,
45585997,00000118,false,Rx,1,4,00,49,00,00,00,00,00,00,
45595674,00000118,false,Rx,1,4,00,4A,00,00,00,00,00,00,
45606008,00000118,false,Rx,1,4,00,4B,00,00,00,00,00,00,
45615662,00000118,false,Rx,1,4,00,4C,00,00,00,00,00,00,
45625985,00000118,false,Rx,1,4,00,4D,00,00,00,00,00,00,
45635643,00000118,false,Rx,1,4,00,4E,00,00,00,00,00,00,
45645952,00000118,false,Rx,1,4,00,4F,00,00,00,00,00,00,
45655653,00000118,false,Rx,1,4,00,40,00,00,00,00,00,00,
45665951,00000118,false,Rx,1,4,00,41,00,00,00,00,00,00,
45675669,00000118,false,Rx,1,4,00,42,00,00,00,00,00,00,
45685941,00000118,false,Rx,1,4,00,43,00,00,00,00,00,00,
45695600,00000118,false,Rx,1,4,00,44,00,00,00,00,00,00,
45705945,00000118,false,Rx,1,4,00,45,00,00,00,00,00,00,
45715584,00000118,false,Rx,1,4,00,46,00,00,00,00,00,00,
45725913,00000118,false,Rx,1,4,00,47,00,00,00,00,00,00,
45735568,00000118,false,Rx,1,4,00,48,00,00,00,00,00,00,
45745878,00000118,false,Rx,1,4,00,49,00,00,00,00,00,00,
45755576,00000118,false,Rx,1,4,00,4A,00,00,00,00,00,00,
45765865,00000118,false,Rx,1,4,00,4B,00,00,00,00,00,00,
45775598,00000118,false,Rx,1,4,00,4C,00,00,00,00,00,00,
45785848,00000118,false,Rx,1,4,00,4D,00,00,00,00,00,00,
45795526,00000118,false,Rx,1,4,00,4E,00,00,00,00,00,00,
45805853,00000118,false,Rx,1,4,00,4F,00,00,00,00,00,00,
45815514,00000118,false,Rx,1,4,00,40,00,00,00,00,00,00,
45823603,0000070F,false,Rx,0,8,03,22,2B,F1,55,55,55,55,
45825897,00000118,false,Rx,1,4,00,41,00,00,00,00,00,00,
45839764,00000118,false,Rx,1,4,00,42,00,00,00,00,00,00,
45839781,00000779,false,Rx,1,8,05,62,2B,F1,33,65,AA,AA,
45846374,00000118,false,Rx,1,4,00,43,00,00,00,00,00,00,
45855516,00000118,false,Rx,1,4,00,44,00,00,00,00,00,00,
45865882,00000118,false,Rx,1,4,00,45,00,00,00,00,00,00,
45875520,00000118,false,Rx,1,4,00,46,00,00,00,00,00,00,
45885775,00000118,false,Rx,1,4,00,47,00,00,00,00,00,00,
45895450,00000118,false,Rx,1,4,00,48,00,00,00,00,00,00,
45905780,00000118,false,Rx,1,4,00,49,00,00,00,00,00,00,
45915455,00000118,false,Rx,1,4,00,4A,00,00,00,00,00,00,
45925778,00000118,false,Rx,1,4,00,4B,00,00,00,00,00,00,
45926065,17F0000F,true,Rx,1,8,00,0F,00,00,00,00,00,00,
45935431,00000118,false,Rx,1,4,00,4C,00,00,00,00,00,00,
45945732,00000118,false,Rx,1,4,00,4D,00,00,00,00,00,00,
45955435,00000118,false,Rx,1,4,00,4E,00,00,00,00,00,00,
45965717,00000118,false,Rx,1,4,00,4F,00,00,00,00,00,00,
45975450,00000118,false,Rx,1,4,00,40,00,00,00,00,00,00,
45985704,00000118,false,Rx,1,4,00,41,00,00,00,00,00,00,
45995379,00000118,false,Rx,1,4,00,42,00,00,00,00,00,00,
46005707,00000118,false,Rx,1,4,00,43,00,00,00,00,00,00,
46015374,00000118,false,Rx,1,4,00,44,00,00,00,00,00,00,
46025697,00000118,false,Rx,1,4,00,45,00,00,00,00,00,00,
46035347,00000118,false,Rx,1,4,00,46,00,00,00,00,00,00,
46045658,00000118,false,Rx,1,4,00,47,00,00,00,00,00,00,
46055351,00000118,false,Rx,1,4,00,48,00,00,00,00,00,00,
46065643,00000118,false,Rx,1,4,00,49,00,00,00,00,00,00,
46075377,00000118,false,Rx,1,4,00,4A,00,00,00,00,00,00,
46085631,00000118,false,Rx,1,4,00,4B,00,00,00,00,00,00,
46095307,00000118,false,Rx,1,4,00,4C,00,00,00,00,00,00,
46105632,00000118,false,Rx,1,4,00,4D,00,00,00,00,00,00,
46115290,00000118,false,Rx,1,4,00,4E,00,00,00,00,00,00,
46125621,00000118,false,Rx,1,4,00,4F,00,00,00,00,00,00,
46135278,00000118,false,Rx,1,4,00,40,00,00,00,00,00,00,
46140219,0000070F,false,Rx,0,8,03,22,2B,E4,55,55,55,55,
46145611,00000118,false,Rx,1,4,00,41,00,00,00,00,00,00,
46155279,00000118,false,Rx,1,4,00,42,00,00,00,00,00,00,
46156580,00000779,false,Rx,1,8,05,62,2B,E4,0D,63,AA,AA,
46165582,00000118,false,Rx,1,4,00,43,00,00,00,00,00,00,
46175301,00000118,false,Rx,1,4,00,44,00,00,00,00,00,00,
46185556,00000118,false,Rx,1,4,00,45,00,00,00,00,00,00,
46195230,00000118,false,Rx,1,4,00,46,00,00,00,00,00,00,
46205562,00000118,false,Rx,1,4,00,47,00,00,00,00,00,00,
46215215,00000118,false,Rx,1,4,00,48,00,00,00,00,00,00,
46225545,00000118,false,Rx,1,4,00,49,00,00,00,00,00,00,
46235204,00000118,false,Rx,1,4,00,4A,00,00,00,00,00,00,
46245512,00000118,false,Rx,1,4,00,4B,00,00,00,00,00,00,
46255208,00000118,false,Rx,1,4,00,4C,00,00,00,00,00,00,
46265497,00000118,false,Rx,1,4,00,4D,00,00,00,00,00,00,
46275226,00000118,false,Rx,1,4,00,4E,00,00,00,00,00,00,
46285481,00000118,false,Rx,1,4,00,4F,00,00,00,00,00,00,
46295161,00000118,false,Rx,1,4,00,40,00,00,00,00,00,00,
46305488,00000118,false,Rx,1,4,00,41,00,00,00,00,00,00,
46315142,00000118,false,Rx,1,4,00,42,00,00,00,00,00,00,
46325472,00000118,false,Rx,1,4,00,43,00,00,00,00,00,00,
46335176,00000118,false,Rx,1,4,00,44,00,00,00,00,00,00,
46349182,00000118,false,Rx,1,4,00,45,00,00,00,00,00,00,
46355220,00000118,false,Rx,1,4,00,46,00,00,00,00,00,00,
46365767,00000118,false,Rx,1,4,00,47,00,00,00,00,00,00,
46375607,00000118,false,Rx,1,4,00,48,00,00,00,00,00,00,
46386153,00000118,false,Rx,1,4,00,49,00,00,00,00,00,00,
46395961,00000118,false,Rx,1,4,00,4A,00,00,00,00,00,00,
46406139,00000118,false,Rx,1,4,00,4B,00,00,00,00,00,00,
46415951,00000118,false,Rx,1,4,00,4C,00,00,00,00,00,00,
46426241,00000118,false,Rx,1,4,00,4D,00,00,00,00,00,00,
46426648,17F0000F,true,Rx,1,8,00,0F,00,00,00,00,00,00,
46435962,00000118,false,Rx,1,4,00,4E,00,00,00,00,00,00,
46446488,00000118,false,Rx,1,4,00,4F,00,00,00,00,00,00,
46456334,00000118,false,Rx,1,4,00,40,00,00,00,00,00,00,
46456440,0000070F,false,Rx,0,8,03,22,02,8D,55,55,55,55,
46466899,00000118,false,Rx,1,4,00,41,00,00,00,00,00,00,
46476752,00000118,false,Rx,1,4,00,42,00,00,00,00,00,00,
46478055,00000779,false,Rx,1,8,05,62,02,8D,57,00,AA,AA,
46486870,00000118,false,Rx,1,4,00,43,00,00,00,00,00,00,
46496683,00000118,false,Rx,1,4,00,44,00,00,00,00,00,00,
46506862,00000118,false,Rx,1,4,00,45,00,00,00,00,00,00,
46516666,00000118,false,Rx,1,4,00,46,00,00,00,00,00,00,
46526857,00000118,false,Rx,1,4,00,47,00,00,00,00,00,00,
46536656,00000118,false,Rx,1,4,00,48,00,00,00,00,00,00,
46546815,00000118,false,Rx,1,4,00,49,00,00,00,00,00,00,
46556661,00000118,false,Rx,1,4,00,4A,00,00,00,00,00,00,
46567375,00000118,false,Rx,1,4,00,4B,00,00,00,00,00,00,
46577080,00000118,false,Rx,1,4,00,4C,00,00,00,00,00,00,
46587187,00000118,false,Rx,1,4,00,4D,00,00,00,00,00,00,
46597010,00000118,false,Rx,1,4,00,4E,00,00,00,00,00,00,
46607189,00000118,false,Rx,1,4,00,4F,00,00,00,00,00,00,
46616996,00000118,false,Rx,1,4,00,40,00,00,00,00,00,00,
46627177,00000118,false,Rx,1,4,00,41,00,00,00,00,00,00,
46636986,00000118,false,Rx,1,4,00,42,00,00,00,00,00,00,
46647141,00000118,false,Rx,1,4,00,43,00,00,00,00,00,00,
46656984,00000118,false,Rx,1,4,00,44,00,00,00,00,00,00,
46667629,00000118,false,Rx,1,4,00,45,00,00,00,00,00,00,
46677402,00000118,false,Rx,1,4,00,46,00,00,00,00,00,00,
46687511,00000118,false,Rx,1,4,00,47,00,00,00,00,00,00,
46697333,00000118,false,Rx,1,4,00,48,00,00,00,00,00,00,
46707515,00000118,false,Rx,1,4,00,49,00,00,00,00,00,00,
46717322,00000118,false,Rx,1,4,00,4A,00,00,00,00,00,00,
46727503,00000118,false,Rx,1,4,00,4B,00,00,00,00,00,00,
46737307,00000118,false,Rx,1,4,00,4C,00,00,00,00,00,00,
46747468,00000118,false,Rx,1,4,00,4D,00,00,00,00,00,00,
46757311,00000118,false,Rx,1,4,00,4E,00,00,00,00,00,00,
46767867,00000118,false,Rx,1,4,00,4F,00,00,00,00,00,00,
46772605,0000070F,false,Rx,0,8,03,22,2B,F1,55,55,55,55,
46777755,00000118,false,Rx,1,4,00,40,00,00,00,00,00,00,
46787840,00000118,false,Rx,1,4,00,41,00,00,00,00,00,00,
46790177,00000779,false,Rx,1,8,05,62,2B,F1,97,65,AA,AA,
46797672,00000118,false,Rx,1,4,00,42,00,00,00,00,00,00,
46807841,00000118,false,Rx,1,4,00,43,00,00,00,00,00,00,
46817646,00000118,false,Rx,1,4,00,44,00,00,00,00,00,00,
46827964,00000118,false,Rx,1,4,00,45,00,00,00,00,00,00,
46840142,00000118,false,Rx,1,4,00,46,00,00,00,00,00,00,
46847937,00000118,false,Rx,1,4,00,47,00,00,00,00,00,00,
46857559,00000118,false,Rx,1,4,00,48,00,00,00,00,00,00,
46868120,00000118,false,Rx,1,4,00,49,00,00,00,00,00,00,
46877566,00000118,false,Rx,1,4,00,4A,00,00,00,00,00,00,
46887839,00000118,false,Rx,1,4,00,4B,00,00,00,00,00,00,
46897535,00000118,false,Rx,1,4,00,4C,00,00,00,00,00,00,
46907823,00000118,false,Rx,1,4,00,4D,00,00,00,00,00,00,
46917498,00000118,false,Rx,1,4,00,4E,00,00,00,00,00,00,
46927861,00000118,false,Rx,1,4,00,4F,00,00,00,00,00,00,
46928124,17F0000F,true,Rx,1,8,00,0F,00,00,00,00,00,00,
46937585,00000118,false,Rx,1,4,00,40,00,00,00,00,00,00,
46947816,00000118,false,Rx,1,4,00,41,00,00,00,00,00,00,
46957471,00000118,false,Rx,1,4,00,42,00,00,00,00,00,00,
46967871,00000118,false,Rx,1,4,00,43,00,00,00,00,00,00,
46977489,00000118,false,Rx,1,4,00,44,00,00,00,00,00,00,
46987764,00000118,false,Rx,1,4,00,45,00,00,00,00,00,00,
46997457,00000118,false,Rx,1,4,00,46,00,00,00,00,00,00,
47007749,00000118,false,Rx,1,4,00,47,00,00,00,00,00,00,
47017423,00000118,false,Rx,1,4,00,48,00,00,00,00,00,00,
47027752,00000118,false,Rx,1,4,00,49,00,00,00,00,00,00,
47037411,00000118,false,Rx,1,4,00,4A,00,00,00,00,00,00,
47047742,00000118,false,Rx,1,4,00,4B,00,00,00,00,00,00,
47057397,00000118,false,Rx,1,4,00,4C,00,00,00,00,00,00,
47067870,00000118,false,Rx,1,4,00,4D,00,00,00,00,00,00,
47077418,00000118,false,Rx,1,4,00,4E,00,00,00,00,00,00,
47087689,00000118,false,Rx,1,4,00,4F,00,00,00,00,00,00,
47089112,0000070F,false,Rx,0,8,03,22,2B,E4,55,55,55,55,
47097411,00000118,false,Rx,1,4,00,40,00,00,00,00,00,00,
47107677,00000118,false,Rx,1,4,00,41,00,00,00,00,00,00,
47109795,00000779,false,Rx,1,8,05,62,2B,E4,0D,63,AA,AA,
47117371,00000118,false,Rx,1,4,00,42,00,00,00,00,00,00,
47127679,00000118,false,Rx,1,4,00,43,00,00,00,00,00,00,
47137336,00000118,false,Rx,1,4,00,44,00,00,00,00,00,00,
47147663,00000118,false,Rx,1,4,00,45,00,00,00,00,00,00,
47157320,00000118,false,Rx,1,4,00,46,00,00,00,00,00,00,
47167877,00000118,false,Rx,1,4,00,47,00,00,00,00,00,00,
47177340,00000118,false,Rx,1,4,00,48,00,00,00,00,00,00,
47187616,00000118,false,Rx,1,4,00,49,00,00,00,00,00,00,
47197314,00000118,false,Rx,1,4,00,4A,00,00,00,00,00,00,
47207603,00000118,false,Rx,1,4,00,4B,00,00,00,00,00,00,
47217373,00000118,false,Rx,1,4,00,4C,00,00,00,00,00,00,
47227605,00000118,false,Rx,1,4,00,4D,00,00,00,00,00,00,
47237262,00000118,false,Rx,1,4,00,4E,00,00,00,00,00,00,
47247590,00000118,false,Rx,1,4,00,4F,00,00,00,00,00,00,
47257250,00000118,false,Rx,1,4,00,40,00,00,00,00,00,00,
47267627,00000118,false,Rx,1,4,00,41,00,00,00,00,00,00,
47277287,00000118,false,Rx,1,4,00,42,00,00,00,00,00,00,
47287541,00000118,false,Rx,1,4,00,43,00,00,00,00,00,00,
47297237,00000118,false,Rx,1,4,00,44,00,00,00,00,00,00,
47307526,00000118,false,Rx,1,4,00,45,00,00,00,00,00,00,
47317370,00000118,false,Rx,1,4,00,46,00,00,00,00,00,00,
47327594,00000118,false,Rx,1,4,00,47,00,00,00,00,00,00,
47339086,00000118,false,Rx,1,4,00,48,00,00,00,00,00,00,
47347566,00000118,false,Rx,1,4,00,49,00,00,00,00,00,00,
47357182,00000118,false,Rx,1,4,00,4A,00,00,00,00,00,00,
47367630,00000118,false,Rx,1,4,00,4B,00,00,00,00,00,00,
47377214,00000118,false,Rx,1,4,00,4C,00,00,00,00,00,00,
47387468,00000118,false,Rx,1,4,00,4D,00,00,00,00,00,00,
47397162,00000118,false,Rx,1,4,00,4E,00,00,00,00,00,00,
47406714,0000070F,false,Rx,0,8,03,22,02,8D,55,55,55,55,
47407477,00000118,false,Rx,1,4,00,4F,00,00,00,00,00,00,
47417132,00000118,false,Rx,1,4,00,40,00,00,00,00,00,00,
47418431,00000779,false,Rx,1,8,05,62,02,8D,58,00,AA,AA,
47427471,00000118,false,Rx,1,4,00,41,00,00,00,00,00,00,
47427767,17F0000F,true,Rx,1,8,00,0F,00,00,00,00,00,00,
47437127,00000118,false,Rx,1,4,00,42,00,00,00,00,00,00,
47447442,00000118,false,Rx,1,4,00,43,00,00,00,00,00,00,
47457114,00000118,false,Rx,1,4,00,44,00,00,00,00,00,00,
47467618,00000118,false,Rx,1,4,00,45,00,00,00,00,00,00,
47477137,00000118,false,Rx,1,4,00,46,00,00,00,00,00,00,
47487393,00000118,false,Rx,1,4,00,47,00,00,00,00,00,00,
47497087,00000118,false,Rx,1,4,00,48,00,00,00,00,00,00,
47507379,00000118,false,Rx,1,4,00,49,00,00,00,00,00,00,
47517058,00000118,false,Rx,1,4,00,4A,00,00,00,00,00,00,
47527386,00000118,false,Rx,1,4,00,4B,00,00,00,00,00,00,
47537043,00000118,false,Rx,1,4,00,4C,00,00,00,00,00,00,
47547368,00000118,false,Rx,1,4,00,4D,00,00,00,00,00,00,
47557028,00000118,false,Rx,1,4,00,4E,00,00,00,00,00,00,
47567370,00000118,false,Rx,1,4,00,4F,00,00,00,00,00,00,
47577066,00000118,false,Rx,1,4,00,40,00,00,00,00,00,00,
47587322,00000118,false,Rx,1,4,00,41,00,00,00,00,00,00,
47597014,00000118,false,Rx,1,4,00,42,00,00,00,00,00,00,
47607304,00000118,false,Rx,1,4,00,43,00,00,00,00,00,00,
47616982,00000118,false,Rx,1,4,00,44,00,00,00,00,00,00,
47627310,00000118,false,Rx,1,4,00,45,00,00,00,00,00,00,
47636965,00000118,false,Rx,1,4,00,46,00,00,00,00,00,00,
47647293,00000118,false,Rx,1,4,00,47,00,00,00,00,00,00,
47656957,00000118,false,Rx,1,4,00,48,00,00,00,00,00,00,
47667370,00000118,false,Rx,1,4,00,49,00,00,00,00,00,00,
47676993,00000118,false,Rx,1,4,00,4A,00,00,00,00,00,00,
47687246,00000118,false,Rx,1,4,00,4B,00,00,00,00,00,00,
47696950,00000118,false,Rx,1,4,00,4C,00,00,00,00,00,00,
47707231,00000118,false,Rx,1,4,00,4D,00,00,00,00,00,00,
47716907,00000118,false,Rx,1,4,00,4E,00,00,00,00,00,00,
47726706,0000070F,false,Rx,0,8,03,22,2B,F1,55,55,55,55,
47727235,00000118,false,Rx,1,4,00,4F,00,00,00,00,00,00,
47736938,00000118,false,Rx,1,4,00,40,00,00,00,00,00,00,
47747222,00000118,false,Rx,1,4,00,41,00,00,00,00,00,00,
47749344,00000779,false,Rx,1,8,05,62,2B,F1,FB,65,AA,AA,
47756891,00000118,false,Rx,1,4,00,42,00,00,00,00,00,00,
47767370,00000118,false,Rx,1,4,00,43,00,00,00,00,00,00,
47776935,00000118,false,Rx,1,4,00,44,00,00,00,00,00,00,
47787172,00000118,false,Rx,1,4,00,45,00,00,00,00,00,00,
47796864,00000118,false,Rx,1,4,00,46,00,00,00,00,00,00,
47807158,00000118,false,Rx,1,4,00,47,00,00,00,00,00,00,
47816831,00000118,false,Rx,1,4,00,48,00,00,00,00,00,00,
47827177,00000118,false,Rx,1,4,00,49,00,00,00,00,00,00,
47836897,00000118,false,Rx,1,4,00,4A,00,00,00,00,00,00,
47847572,00000118,false,Rx,1,4,00,4B,00,00,00,00,00,00,
47856936,00000118,false,Rx,1,4,00,4C,00,00,00,00,00,00,
47867659,00000118,false,Rx,1,4,00,4D,00,00,00,00,00,00,
47877316,00000118,false,Rx,1,4,00,4E,00,00,00,00,00,00,
47887423,00000118,false,Rx,1,4,00,4F,00,00,00,00,00,00,
47897249,00000118,false,Rx,1,4,00,40,00,00,00,00,00,00,
47907429,00000118,false,Rx,1,4,00,41,00,00,00,00,00,00,
47917234,00000118,false,Rx,1,4,00,42,00,00,00,00,00,00,
47927413,00000118,false,Rx,1,4,00,43,00,00,00,00,00,00,
47927709,17F0000F,true,Rx,1,8,00,0F,00,00,00,00,00,00,
47937231,00000118,false,Rx,1,4,00,44,00,00,00,00,00,00,
47947379,00000118,false,Rx,1,4,00,45,00,00,00,00,00,00,
47957220,00000118,false,Rx,1,4,00,46,00,00,00,00,00,00,
47967888,00000118,false,Rx,1,4,00,47,00,00,00,00,00,00,
47977641,00000118,false,Rx,1,4,00,48,00,00,00,00,00,00,
47987748,00000118,false,Rx,1,4,00,49,00,00,00,00,00,00,
47997574,00000118,false,Rx,1,4,00,4A,00,00,00,00,00,00,
48007756,00000118,false,Rx,1,4,00,4B,00,00,00,00,00,00,
48017560,00000118,false,Rx,1,4,00,4C,00,00,00,00,00,00,
48027737,00000118,false,Rx,1,4,00,4D,00,00,00,00,00,00,
48037543,00000118,false,Rx,1,4,00,4E,00,00,00,00,00,00,
48041376,0000070F,false,Rx,0,8,03,22,2B,E4,55,55,55,55,
48047728,00000118,false,Rx,1,4,00,4F,00,00,00,00,00,00,
48057550,00000118,false,Rx,1,4,00,40,00,00,00,00,00,00,
48058847,00000779,false,Rx,1,8,05,62,2B,E4,0D,63,AA,AA,
48067887,00000118,false,Rx,1,4,00,41,00,00,00,00,00,00,
48077569,00000118,false,Rx,1,4,00,42,00,00,00,00,00,00,
48087674,00000118,false,Rx,1,4,00,43,00,00,00,00,00,00,
48097499,00000118,false,Rx,1,4,00,44,00,00,00,00,00,00,
48107679,00000118,false,Rx,1,4,00,45,00,00,00,00,00,00,
48117481,00000118,false,Rx,1,4,00,46,00,00,00,00,00,00,
48127664,00000118,false,Rx,1,4,00,47,00,00,00,00,00,00,
48137467,00000118,false,Rx,1,4,00,48,00,00,00,00,00,00,
48147630,00000118,false,Rx,1,4,00,49,00,00,00,00,00,00,
48157476,00000118,false,Rx,1,4,00,4A,00,00,00,00,00,00,
48168125,00000118,false,Rx,1,4,00,4B,00,00,00,00,00,00,
48177895,00000118,false,Rx,1,4,00,4C,00,00,00,00,00,00,
48188000,00000118,false,Rx,1,4,00,4D,00,00,00,00,00,00,
48197824,00000118,false,Rx,1,4,00,4E,00,00,00,00,00,00,
48208007,00000118,false,Rx,1,4,00,4F,00,00,00,00,00,00,
48217812,00000118,false,Rx,1,4,00,40,00,00,00,00,00,00,
48227992,00000118,false,Rx,1,4,00,41,00,00,00,00,00,00,
48237795,00000118,false,Rx,1,4,00,42,00,00,00,00,00,00,
48247956,00000118,false,Rx,1,4,00,43,00,00,00,00,00,00,
48257799,00000118,false,Rx,1,4,00,44,00,00,00,00,00,00,
48268397,00000118,false,Rx,1,4,00,45,00,00,00,00,00,00,
48278218,00000118,false,Rx,1,4,00,46,00,00,00,00,00,00,
48288326,00000118,false,Rx,1,4,00,47,00,00,00,00,00,00,
48298147,00000118,false,Rx,1,4,00,48,00,00,00,00,00,00,
48308330,00000118,false,Rx,1,4,00,49,00,00,00,00,00,00,
48318185,00000118,false,Rx,1,4,00,4A,00,00,00,00,00,00,
48333850,00000118,false,Rx,1,4,00,4B,00,00,00,00,00,00,
48338336,00000118,false,Rx,1,4,00,4C,00,00,00,00,00,00,
48348342,00000118,false,Rx,1,4,00,4D,00,00,00,00,00,00,
48358107,00000118,false,Rx,1,4,00,4E,00,00,00,00,00,00,
48359415,0000070F,false,Rx,0,8,03,22,02,8D,55,55,55,55,
48368369,00000118,false,Rx,1,4,00,4F,00,00,00,00,00,00,
48378318,00000118,false,Rx,1,4,00,40,00,00,00,00,00,00,
48379390,00000779,false,Rx,1,8,05,62,02,8D,59,00,AA,AA,
48388321,00000118,false,Rx,1,4,00,41,00,00,00,00,00,00,
48398073,00000118,false,Rx,1,4,00,42,00,00,00,00,00,00,
48408274,00000118,false,Rx,1,4,00,43,00,00,00,00,00,00,
48418481,00000118,false,Rx,1,4,00,44,00,00,00,00,00,00,
48428635,00000118,false,Rx,1,4,00,45,00,00,00,00,00,00,
48428963,17F0000F,true,Rx,1,8,00,0F,00,00,00,00,00,00,
48438573,00000118,false,Rx,1,4,00,46,00,00,00,00,00,00,
48448644,00000118,false,Rx,1,4,00,47,00,00,00,00,00,00,
48458829,00000118,false,Rx,1,4,00,48,00,00,00,00,00,00,
48469045,00000118,false,Rx,1,4,00,49,00,00,00,00,00,00,
48478828,00000118,false,Rx,1,4,00,4A,00,00,00,00,00,00,
48488998,00000118,false,Rx,1,4,00,4B,00,00,00,00,00,00,
48498805,00000118,false,Rx,1,4,00,4C,00,00,00,00,00,00,
48508961,00000118,false,Rx,1,4,00,4D,00,00,00,00,00,00,
48518803,00000118,false,Rx,1,4,00,4E,00,00,00,00,00,00,
48529347,00000118,false,Rx,1,4,00,4F,00,00,00,00,00,00,
48539192,00000118,false,Rx,1,4,00,40,00,00,00,00,00,00,
48549733,00000118,false,Rx,1,4,00,41,00,00,00,00,00,00,
48559555,00000118,false,Rx,1,4,00,42,00,00,00,00,00,00,
48569773,00000118,false,Rx,1,4,00,43,00,00,00,00,00,00,
48579544,00000118,false,Rx,1,4,00,44,00,00,00,00,00,00,
48589720,00000118,false,Rx,1,4,00,45,00,00,00,00,00,00,
48599523,00000118,false,Rx,1,4,00,46,00,00,00,00,00,00,
48609687,00000118,false,Rx,1,4,00,47,00,00,00,00,00,00,
48619527,00000118,false,Rx,1,4,00,48,00,00,00,00,00,00,
48630072,00000118,false,Rx,1,4,00,49,00,00,00,00,00,00,
48639936,00000118,false,Rx,1,4,00,4A,00,00,00,00,00,00,
48650458,00000118,false,Rx,1,4,00,4B,00,00,00,00,00,00,
48660284,00000118,false,Rx,1,4,00,4C,00,00,00,00,00,00,
48670496,00000118,false,Rx,1,4,00,4D,00,00,00,00,00,00,
48680267,00000118,false,Rx,1,4,00,4E,00,00,00,00,00,00,
48690379,0000070F,false,Rx,0,8,03,22,2B,F1,55,55,55,55,
48690446,00000118,false,Rx,1,4,00,4F,00,00,00,00,00,00,
48700278,00000118,false,Rx,1,4,00,40,00,00,00,00,00,00,
48710413,00000118,false,Rx,1,4,00,41,00,00,00,00,00,00,
48712530,00000779,false,Rx,1,8,05,62,2B,F1,5F,66,AA,AA,
48720265,00000118,false,Rx,1,4,00,42,00,00,00,00,00,00,
48730398,00000118,false,Rx,1,4,00,43,00,00,00,00,00,00,
48740240,00000118,false,Rx,1,4,00,44,00,00,00,00,00,00,
48750782,00000118,false,Rx,1,4,00,45,00,00,00,00,00,00,
48760604,00000118,false,Rx,1,4,00,46,00,00,00,00,00,00,
48770822,00000118,false,Rx,1,4,00,47,00,00,00,00,00,00,
48780589,00000118,false,Rx,1,4,00,48,00,00,00,00,00,00,
48790773,00000118,false,Rx,1,4,00,49,00,00,00,00,00,00,
48800578,00000118,false,Rx,1,4,00,4A,00,00,00,00,00,00,
48810739,00000118,false,Rx,1,4,00,4B,00,00,00,00,00,00,
48821104,00000118,false,Rx,1,4,00,4C,00,00,00,00,00,00,
48831148,00000118,false,Rx,1,4,00,4D,00,00,00,00,00,00,
48840893,00000118,false,Rx,1,4,00,4E,00,00,00,00,00,00,
48851218,00000118,false,Rx,1,4,00,4F,00,00,00,00,00,00,
48860866,00000118,false,Rx,1,4,00,40,00,00,00,00,00,00,
48871313,00000118,false,Rx,1,4,00,41,00,00,00,00,00,00,
48880843,00000118,false,Rx,1,4,00,42,00,00,00,00,00,00,
48891382,00000118,false,Rx,1,4,00,43,00,00,00,00,00,00,
48900847,00000118,false,Rx,1,4,00,44,00,00,00,00,00,00,
48911136,00000118,false,Rx,1,4,00,45,00,00,00,00,00,00,
48920831,00000118,false,Rx,1,4,00,46,00,00,00,00,00,00,
48931135,00000118,false,Rx,1,4,00,47,00,00,00,00,00,00,
48931418,17F0000F,true,Rx,1,8,00,0F,00,00,00,00,00,00,
48940803,00000118,false,Rx,1,4,00,48,00,00,00,00,00,00,
48951129,00000118,false,Rx,1,4,00,49,00,00,00,00,00,00,
48960785,00000118,false,Rx,1,4,00,4A,00,00,00,00,00,00,
48971151,00000118,false,Rx,1,4,00,4B,00,00,00,00,00,00,
48981366,00000118,false,Rx,1,4,00,4C,00,00,00,00,00,00,
48991487,00000118,false,Rx,1,4,00,4D,00,00,00,00,00,00,
49001367,00000118,false,Rx,1,4,00,4E,00,00,00,00,00,00,
49006314,0000070F,false,Rx,0,8,03,22,2B,E4,55,55,55,55,
49011487,00000118,false,Rx,1,4,00,4F,00,00,00,00,00,00,
49021368,00000118,false,Rx,1,4,00,40,00,00,00,00,00,00,
49022567,00000779,false,Rx,1,8,05,62,2B,E4,0D,63,AA,AA,
49031460,00000118,false,Rx,1,4,00,41,00,00,00,00,00,00,
49041124,00000118,false,Rx,1,4,00,42,00,00,00,00,00,00,
49051451,00000118,false,Rx,1,4,00,43,00,00,00,00,00,00,
49061108,00000118,false,Rx,1,4,00,44,00,00,00,00,00,00,
49071474,00000118,false,Rx,1,4,00,45,00,00,00,00,00,00,
49081091,00000118,false,Rx,1,4,00,46,00,00,00,00,00,00,
49091406,00000118,false,Rx,1,4,00,47,00,00,00,00,00,00,
49101097,00000118,false,Rx,1,4,00,48,00,00,00,00,00,00,
49111388,00000118,false,Rx,1,4,00,49,00,00,00,00,00,00,
49121085,00000118,false,Rx,1,4,00,4A,00,00,00,00,00,00,
49131374,00000118,false,Rx,1,4,00,4B,00,00,00,00,00,00,
49141051,00000118,false,Rx,1,4,00,4C,00,00,00,00,00,00,
49151377,00000118,false,Rx,1,4,00,4D,00,00,00,00,00,00,
49161035,00000118,false,Rx,1,4,00,4E,00,00,00,00,00,00,
49171399,00000118,false,Rx,1,4,00,4F,00,00,00,00,00,00,
49181021,00000118,false,Rx,1,4,00,40,00,00,00,00,00,00,
49191380,00000118,false,Rx,1,4,00,41,00,00,00,00,00,00,
49201028,00000118,false,Rx,1,4,00,42,00,00,00,00,00,00,
49211312,00000118,false,Rx,1,4,00,43,00,00,00,00,00,00,
49221007,00000118,false,Rx,1,4,00,44,00,00,00,00,00,00,
49231299,00000118,false,Rx,1,4,00,45,00,00,00,00,00,00,
49240972,00000118,false,Rx,1,4,00,46,00,00,00,00,00,00,
49251301,00000118,false,Rx,1,4,00,47,00,00,00,00,00,00,
49260957,00000118,false,Rx,1,4,00,48,00,00,00,00,00,00,
49271324,00000118,false,Rx,1,4,00,49,00,00,00,00,00,00,
49280951,00000118,false,Rx,1,4,00,4A,00,00,00,00,00,00,
49291371,00000118,false,Rx,1,4,00,4B,00,00,00,00,00,00,
49300952,00000118,false,Rx,1,4,00,4C,00,00,00,00,00,00,
49311238,00000118,false,Rx,1,4,00,4D,00,00,00,00,00,00,
49320951,00000118,false,Rx,1,4,00,4E,00,00,00,00,00,00,
49323815,0000070F,false,Rx,0,8,03,22,02,8D,55,55,55,55,
49331271,00000118,false,Rx,1,4,00,4F,00,00,00,00,00,00,
49341155,00000118,false,Rx,1,4,00,40,00,00,00,00,00,00,
49342175,00000779,false,Rx,1,8,05,62,02,8D,5A,00,AA,AA,
49351423,00000118,false,Rx,1,4,00,41,00,00,00,00,00,00,
49360885,00000118,false,Rx,1,4,00,42,00,00,00,00,00,00,
49371377,00000118,false,Rx,1,4,00,43,00,00,00,00,00,00,
49380869,00000118,false,Rx,1,4,00,44,00,00,00,00,00,00,
49391376,00000118,false,Rx,1,4,00,45,00,00,00,00,00,00,
49400879,00000118,false,Rx,1,4,00,46,00,00,00,00,00,00,
49411381,00000118,false,Rx,1,4,00,47,00,00,00,00,00,00,
49420857,00000118,false,Rx,1,4,00,48,00,00,00,00,00,00,
49431378,00000118,false,Rx,1,4,00,49,00,00,00,00,00,00,
49431961,17F0000F,true,Rx,1,8,00,0F,00,00,00,00,00,00,
49440843,00000118,false,Rx,1,4,00,4A,00,00,00,00,00,00,
49451388,00000118,false,Rx,1,4,00,4B,00,00,00,00,00,00,
49460813,00000118,false,Rx,1,4,00,4C,00,00,00,00,00,00,
49471378,00000118,false,Rx,1,4,00,4D,00,00,00,00,00,00,
49480795,00000118,false,Rx,1,4,00,4E,00,00,00,00,00,00,
49491105,00000118,false,Rx,1,4,00,4F,00,00,00,00,00,00,
49500816,00000118,false,Rx,1,4,00,40,00,00,00,00,00,00,
49511090,00000118,false,Rx,1,4,00,41,00,00,00,00,00,00,
49520784,00000118,false,Rx,1,4,00,42,00,00,00,00,00,00,
49531074,00000118,false,Rx,1,4,00,43,00,00,00,00,00,00,
49540751,00000118,false,Rx,1,4,00,44,00,00,00,00,00,00,
49551077,00000118,false,Rx,1,4,00,45,00,00,00,00,00,00,
49560733,00000118,false,Rx,1,4,00,46,00,00,00,00,00,00,
49571098,00000118,false,Rx,1,4,00,47,00,00,00,00,00,00,
49580727,00000118,false,Rx,1,4,00,48,00,00,00,00,00,00,
49591032,00000118,false,Rx,1,4,00,49,00,00,00,00,00,00,
49600729,00000118,false,Rx,1,4,00,4A,00,00,00,00,00,00,
49611020,00000118,false,Rx,1,4,00,4B,00,00,00,00,00,00,
49620713,00000118,false,Rx,1,4,00,4C,00,00,00,00,00,00,
49631000,00000118,false,Rx,1,4,00,4D,00,00,00,00,00,00,
49640676,00000118,false,Rx,1,4,00,4E,00,00,00,00,00,00,
49641169,0000070F,false,Rx,0,8,03,22,2B,F1,55,55,55,55,
49651028,00000118,false,Rx,1,4,00,4F,00,00,00,00,00,00,
49660663,00000118,false,Rx,1,4,00,40,00,00,00,00,00,00,
49662194,00000779,false,Rx,1,8,05,62,2B,F1,91,66,AA,AA,
49671037,00000118,false,Rx,1,4,00,41,00,00,00,00,00,00,
49680646,00000118,false,Rx,1,4,00,42,00,00,00,00,00,00,
49690956,00000118,false,Rx,1,4,00,43,00,00,00,00,00,00,
49700649,00000118,false,Rx,1,4,00,44,00,00,00,00,00,00,
49710954,00000118,false,Rx,1,4,00,45,00,00,00,00,00,00,
49720633,00000118,false,Rx,1,4,00,46,00,00,00,00,00,00,
49730945,00000118,false,Rx,1,4,00,47,00,00,00,00,00,00,
49740598,00000118,false,Rx,1,4,00,48,00,00,00,00,00,00,
49750948,00000118,false,Rx,1,4,00,49,00,00,00,00,00,00,
49760588,00000118,false,Rx,1,4,00,4A,00,00,00,00,00,00,
49770953,00000118,false,Rx,1,4,00,4B,00,00,00,00,00,00,
49780572,00000118,false,Rx,1,4,00,4C,00,00,00,00,00,00,
49790881,00000118,false,Rx,1,4,00,4D,00,00,00,00,00,00,
49800575,00000118,false,Rx,1,4,00,4E,00,00,00,00,00,00,
49810867,00000118,false,Rx,1,4,00,4F,00,00,00,00,00,00,
49820563,00000118,false,Rx,1,4,00,40,00,00,00,00,00,00,
49830896,00000118,false,Rx,1,4,00,41,00,00,00,00,00,00,
49842990,00000118,false,Rx,1,4,00,42,00,00,00,00,00,00,
49850904,00000118,false,Rx,1,4,00,43,00,00,00,00,00,00,
49860614,00000118,false,Rx,1,4,00,44,00,00,00,00,00,00,
49870966,00000118,false,Rx,1,4,00,45,00,00,00,00,00,00,
49880494,00000118,false,Rx,1,4,00,46,00,00,00,00,00,00,
49890805,00000118,false,Rx,1,4,00,47,00,00,00,00,00,00,
49900499,00000118,false,Rx,1,4,00,48,00,00,00,00,00,00,
49910802,00000118,false,Rx,1,4,00,49,00,00,00,00,00,00,
49920468,00000118,false,Rx,1,4,00,4A,00,00,00,00,00,00,
49930799,00000118,false,Rx,1,4,00,4B,00,00,00,00,00,00,
49931093,17F0000F,true,Rx,1,8,00,0F,00,00,00,00,00,00,
49940468,00000118,false,Rx,1,4,00,4C,00,00,00,00,00,00,
49950779,00000118,false,Rx,1,4,00,4D,00,00,00,00,00,00,
49960437,00000118,false,Rx,1,4,00,4E,00,00,00,00,00,00,
49970800,00000118,false,Rx,1,4,00,4F,00,00,00,00,00,00,
49977728,0000070F,false,Rx,0,8,03,22,2B,E4,55,55,55,55,
49980448,00000118,false,Rx,1,4,00,40,00,00,00,00,00,00,
49990733,00000118,false,Rx,1,4,00,41,00,00,00,00,00,00,
49992850,00000779,false,Rx,1,8,05,62,2B,E4,0D,63,AA,AA,
50000438,00000118,false,Rx,1,4,00,42,00,00,00,00,00,00,
50010737,00000118,false,Rx,1,4,00,43,00,00,00,00,00,00,
50020391,00000118,false,Rx,1,4,00,44,00,00,00,00,00,00,
50030722,00000118,false,Rx,1,4,00,45,00,00,00,00,00,00,
50040375,00000118,false,Rx,1,4,00,46,00,00,00,00,00,00,
50050706,00000118,false,Rx,1,4,00,47,00,00,00,00,00,00,
50060361,00000118,false,Rx,1,4,00,48,00,00,00,00,00,00,
50070725,00000118,false,Rx,1,4,00,49,00,00,00,00,00,00,
50080352,00000118,false,Rx,1,4,00,4A,00,00,00,00,00,00,
50090658,00000118,false,Rx,1,4,00,4B,00,00,00,00,00,00,
50100354,00000118,false,Rx,1,4,00,4C,00,00,00,00,00,00,
50110641,00000118,false,Rx,1,4,00,4D,00,00,00,00,00,00,
50120373,00000118,false,Rx,1,4,00,4E,00,00,00,00,00,00,
50130644,00000118,false,Rx,1,4,00,4F,00,00,00,00,00,00,
50140304,00000118,false,Rx,1,4,00,40,00,00,00,00,00,00,
50150632,00000118,false,Rx,1,4,00,41,00,00,00,00,00,00,
50160287,00000118,false,Rx,1,4,00,42,00,00,00,00,00,00,
50170649,00000118,false,Rx,1,4,00,43,00,00,00,00,00,00,
50180273,00000118,false,Rx,1,4,00,44,00,00,00,00,00,00,
50190581,00000118,false,Rx,1,4,00,45,00,00,00,00,00,00,
50200274,00000118,false,Rx,1,4,00,46,00,00,00,00,00,00,
50210568,00000118,false,Rx,1,4,00,47,00,00,00,00,00,00,
50220380,00000118,false,Rx,1,4,00,48,00,00,00,00,00,00,
50230569,00000118,false,Rx,1,4,00,49,00,00,00,00,00,00,
50240228,00000118,false,Rx,1,4,00,4A,00,00,00,00,00,00,
50250557,00000118,false,Rx,1,4,00,4B,00,00,00,00,00,00,
50260214,00000118,false,Rx,1,4,00,4C,00,00,00,00,00,00,
50270556,00000118,false,Rx,1,4,00,4D,00,00,00,00,00,00,
50280215,00000118,false,Rx,1,4,00,4E,00,00,00,00,00,00,
50290506,00000118,false,Rx,1,4,00,4F,00,00,00,00,00,00,
50291745,0000070F,false,Rx,0,8,03,22,02,8D,55,55,55,55,
50300228,00000118,false,Rx,1,4,00,40,00,00,00,00,00,00,
50310494,00000118,false,Rx,1,4,00,41,00,00,00,00,00,00,
50312618,00000779,false,Rx,1,8,05,62,02,8D,5A,00,AA,AA,
50320374,00000118,false,Rx,1,4,00,42,00,00,00,00,00,00,
50330597,00000118,false,Rx,1,4,00,43,00,00,00,00,00,00,
50341650,00000118,false,Rx,1,4,00,44,00,00,00,00,00,00,
50350521,00000118,false,Rx,1,4,00,45,00,00,00,00,00,00,
50360153,00000118,false,Rx,1,4,00,46,00,00,00,00,00,00,
50370482,00000118,false,Rx,1,4,00,47,00,00,00,00,00,00,
50380139,00000118,false,Rx,1,4,00,48,00,00,00,00,00,00,
50390430,00000118,false,Rx,1,4,00,49,00,00,00,00,00,00,
50400129,00000118,false,Rx,1,4,00,4A,00,00,00,00,00,00,
50410419,00000118,false,Rx,1,4,00,4B,00,00,00,00,00,00,
50420113,00000118,false,Rx,1,4,00,4C,00,00,00,00,00,00,
50430421,00000118,false,Rx,1,4,00,4D,00,00,00,00,00,00,
50430717,17F0000F,true,Rx,1,8,00,0F,00,00,00,00,00,00,
50440091,00000118,false,Rx,1,4,00,4E,00,00,00,00,00,00,
50450405,00000118,false,Rx,1,4,00,4F,00,00,00,00,00,00,
50460067,00000118,false,Rx,1,4,00,40,00,00,00,00,00,00,
50470409,00000118,false,Rx,1,4,00,41,00,00,00,00,00,00,
50480067,00000118,false,Rx,1,4,00,42,00,00,00,00,00,00,
50490357,00000118,false,Rx,1,4,00,43,00,00,00,00,00,00,
50500052,00000118,false,Rx,1,4,00,44,00,00,00,00,00,00,
50510341,00000118,false,Rx,1,4,00,45,00,00,00,00,00,00,
50520016,00000118,false,Rx,1,4,00,46,00,00,00,00,00,00,
50530355,00000118,false,Rx,1,4,00,47,00,00,00,00,00,00,
50540000,00000118,false,Rx,1,4,00,48,00,00,00,00,00,00,
50550330,00000118,false,Rx,1,4,00,49,00,00,00,00,00,00,
50559990,00000118,false,Rx,1,4,00,4A,00,00,00,00,00,00,
50570371,00000118,false,Rx,1,4,00,4B,00,00,00,00,00,00,
50579995,00000118,false,Rx,1,4,00,4C,00,00,00,00,00,00,
50590282,00000118,false,Rx,1,4,00,4D,00,00,00,00,00,00,
50599976,00000118,false,Rx,1,4,00,4E,00,00,00,00,00,00,
50607780,0000070F,false,Rx,0,8,03,22,2B,F1,55,55,55,55,
50610291,00000118,false,Rx,1,4,00,4F,00,00,00,00,00,00,
50619950,00000118,false,Rx,1,4,00,40,00,00,00,00,00,00,
50621240,00000779,false,Rx,1,8,05,62,2B,F1,EB,66,AA,AA,
50630288,00000118,false,Rx,1,4,00,41,00,00,00,00,00,00,
50639947,00000118,false,Rx,1,4,00,42,00,00,00,00,00,00,
50650256,00000118,false,Rx,1,4,00,43,00,00,00,00,00,00,
50659914,00000118,false,Rx,1,4,00,44,00,00,00,00,00,00,
50670369,00000118,false,Rx,1,4,00,45,00,00,00,00,00,00,
50679931,00000118,false,Rx,1,4,00,46,00,00,00,00,00,00,
50690206,00000118,false,Rx,1,4,00,47,00,00,00,00,00,00,
50699899,00000118,false,Rx,1,4,00,48,00,00,00,00,00,00,
50710196,00000118,false,Rx,1,4,00,49,00,00,00,00,00,00,
50719870,00000118,false,Rx,1,4,00,4A,00,00,00,00,00,00,
50730198,00000118,false,Rx,1,4,00,4B,00,00,00,00,00,00,
50739854,00000118,false,Rx,1,4,00,4C,00,00,00,00,00,00,
50750181,00000118,false,Rx,1,4,00,4D,00,00,00,00,00,00,
50759837,00000118,false,Rx,1,4,00,4E,00,00,00,00,00,00,
50770377,00000118,false,Rx,1,4,00,4F,00,00,00,00,00,00,
50779843,00000118,false,Rx,1,4,00,40,00,00,00,00,00,00,
50790133,00000118,false,Rx,1,4,00,41,00,00,00,00,00,00,
50799828,00000118,false,Rx,1,4,00,42,00,00,00,00,00,00,
50810116,00000118,false,Rx,1,4,00,43,00,00,00,00,00,00,
50819794,00000118,false,Rx,1,4,00,44,00,00,00,00,00,00,
50830096,00000118,false,Rx,1,4,00,45,00,00,00,00,00,00,
50839842,00000118,false,Rx,1,4,00,46,00,00,00,00,00,00,
50850184,00000118,false,Rx,1,4,00,47,00,00,00,00,00,00,
50859886,00000118,false,Rx,1,4,00,48,00,00,00,00,00,00,
50870360,00000118,false,Rx,1,4,00,49,00,00,00,00,00,00,
50879878,00000118,false,Rx,1,4,00,4A,00,00,00,00,00,00,
50890119,00000118,false,Rx,1,4,00,4B,00,00,00,00,00,00,
50899879,00000118,false,Rx,1,4,00,4C,00,00,00,00,00,00,
50910121,00000118,false,Rx,1,4,00,4D,00,00,00,00,00,00,
50919877,00000118,false,Rx,1,4,00,4E,00,00,00,00,00,00,
50923895,0000070F,false,Rx,0,8,03,22,2B,E4,55,55,55,55,
50930120,00000118,false,Rx,1,4,00,4F,00,00,00,00,00,00,
50930663,17F0000F,true,Rx,1,8,00,0F,00,00,00,00,00,00,
50939914,00000118,false,Rx,1,4,00,40,00,00,00,00,00,00,
50941106,00000779,false,Rx,1,8,05,62,2B,E4,0D,63,AA,AA,
50950118,00000118,false,Rx,1,4,00,41,00,00,00,00,00,00,
50959650,00000118,false,Rx,1,4,00,42,00,00,00,00,00,00,
50970128,00000118,false,Rx,1,4,00,43,00,00,00,00,00,00,
50979878,00000118,false,Rx,1,4,00,44,00,00,00,00,00,00,
50990121,00000118,false,Rx,1,4,00,45,00,00,00,00,00,00,
50999876,00000118,false,Rx,1,4,00,46,00,00,00,00,00,00,
51010125,00000118,false,Rx,1,4,00,47,00,00,00,00,00,00,
51019632,00000118,false,Rx,1,4,00,48,00,00,00,00,00,00,
51030153,00000118,false,Rx,1,4,00,49,00,00,00,00,00,00,
51039650,00000118,false,Rx,1,4,00,4A,00,00,00,00,00,00,
51050119,00000118,false,Rx,1,4,00,4B,00,00,00,00,00,00,
51059634,00000118,false,Rx,1,4,00,4C,00,00,00,00,00,00,
51070127,00000118,false,Rx,1,4,00,4D,00,00,00,00,00,00,
51079632,00000118,false,Rx,1,4,00,4E,00,00,00,00,00,00,
51090120,00000118,false,Rx,1,4,00,4F,00,00,00,00,00,00,
51099641,00000118,false,Rx,1,4,00,40,00,00,00,00,00,00,
51110118,00000118,false,Rx,1,4,00,41,00,00,00,00,00,00,
51119631,00000118,false,Rx,1,4,00,42,00,00,00,00,00,00,
51130121,00000118,false,Rx,1,4,00,43,00,00,00,00,00,00,
51139636,00000118,false,Rx,1,4,00,44,00,00,00,00,00,00,
51150121,00000118,false,Rx,1,4,00,45,00,00,00,00,00,00,
51159630,00000118,false,Rx,1,4,00,46,00,00,00,00,00,00,
51170125,00000118,false,Rx,1,4,00,47,00,00,00,00,00,00,
51179630,00000118,false,Rx,1,4,00,48,00,00,00,00,00,00,
51189874,00000118,false,Rx,1,4,00,49,00,00,00,00,00,00,
51199634,00000118,false,Rx,1,4,00,4A,00,00,00,00,00,00,
51209878,00000118,false,Rx,1,4,00,4B,00,00,00,00,00,00,
51219633,00000118,false,Rx,1,4,00,4C,00,00,00,00,00,00,
51229884,00000118,false,Rx,1,4,00,4D,00,00,00,00,00,00,
51239636,00000118,false,Rx,1,4,00,4E,00,00,00,00,00,00,
51241688,0000070F,false,Rx,0,8,03,22,02,8D,55,55,55,55,
51249873,00000118,false,Rx,1,4,00,4F,00,00,00,00,00,00,
51259634,00000118,false,Rx,1,4,00,40,00,00,00,00,00,00,
51260846,00000779,false,Rx,1,8,05,62,02,8D,5B,00,AA,AA,
51269873,00000118,false,Rx,1,4,00,41,00,00,00,00,00,00,
51279632,00000118,false,Rx,1,4,00,42,00,00,00,00,00,00,
51289873,00000118,false,Rx,1,4,00,43,00,00,00,00,00,00,
51299630,00000118,false,Rx,1,4,00,44,00,00,00,00,00,00,
51309874,00000118,false,Rx,1,4,00,45,00,00,00,00,00,00,
51319629,00000118,false,Rx,1,4,00,46,00,00,00,00,00,00,
51329975,00000118,false,Rx,1,4,00,47,00,00,00,00,00,00,
51339638,00000118,false,Rx,1,4,00,48,00,00,00,00,00,00,
51349937,00000118,false,Rx,1,4,00,49,00,00,00,00,00,00,
51359636,00000118,false,Rx,1,4,00,4A,00,00,00,00,00,00,
51369879,00000118,false,Rx,1,4,00,4B,00,00,00,00,00,00,
51379633,00000118,false,Rx,1,4,00,4C,00,00,00,00,00,00,
51389879,00000118,false,Rx,1,4,00,4D,00,00,00,00,00,00,
51399380,00000118,false,Rx,1,4,00,4E,00,00,00,00,00,00,
51409873,00000118,false,Rx,1,4,00,4F,00,00,00,00,00,00,
51419382,00000118,false,Rx,1,4,00,40,00,00,00,00,00,00,
51429881,00000118,false,Rx,1,4,00,41,00,00,00,00,00,00,
51430418,17F0000F,true,Rx,1,8,00,0F,00,00,00,00,00,00,
51439424,00000118,false,Rx,1,4,00,42,00,00,00,00,00,00,
51449734,00000118,false,Rx,1,4,00,43,00,00,00,00,00,00,
51459397,00000118,false,Rx,1,4,00,44,00,00,00,00,00,00,
51469899,00000118,false,Rx,1,4,00,45,00,00,00,00,00,00,
51479382,00000118,false,Rx,1,4,00,46,00,00,00,00,00,00,
51489630,00000118,false,Rx,1,4,00,47,00,00,00,00,00,00,
51499377,00000118,false,Rx,1,4,00,48,00,00,00,00,00,00,
51509630,00000118,false,Rx,1,4,00,49,00,00,00,00,00,00,
51519384,00000118,false,Rx,1,4,00,4A,00,00,00,00,00,00,
51529630,00000118,false,Rx,1,4,00,4B,00,00,00,00,00,00,
51539382,00000118,false,Rx,1,4,00,4C,00,00,00,00,00,00,
51549635,00000118,false,Rx,1,4,00,4D,00,00,00,00,00,00,
51559380,00000118,false,Rx,1,4,00,4E,00,00,00,00,00,00,
51559806,0000070F,false,Rx,0,8,03,22,2B,F1,55,55,55,55,
51569630,00000118,false,Rx,1,4,00,4F,00,00,00,00,00,00,
51579382,00000118,false,Rx,1,4,00,40,00,00,00,00,00,00,
51580593,00000779,false,Rx,1,8,05,62,2B,F1,1D,67,AA,AA,
51589631,00000118,false,Rx,1,4,00,41,00,00,00,00,00,00,
51599386,00000118,false,Rx,1,4,00,42,00,00,00,00,00,00,
51609630,00000118,false,Rx,1,4,00,43,00,00,00,00,00,00,
51619382,00000118,false,Rx,1,4,00,44,00,00,00,00,00,00,
51629630,00000118,false,Rx,1,4,00,45,00,00,00,00,00,00,
51639377,00000118,false,Rx,1,4,00,46,00,00,00,00,00,00,
51649639,00000118,false,Rx,1,4,00,47,00,00,00,00,00,00,
51659378,00000118,false,Rx,1,4,00,48,00,00,00,00,00,00,
51669632,00000118,false,Rx,1,4,00,49,00,00,00,00,00,00,
51679381,00000118,false,Rx,1,4,00,4A,00,00,00,00,00,00,
51689631,00000118,false,Rx,1,4,00,4B,00,00,00,00,00,00,
51699382,00000118,false,Rx,1,4,00,4C,00,00,00,00,00,00,
51709629,00000118,false,Rx,1,4,00,4D,00,00,00,00,00,00,
51719116,00000118,false,Rx,1,4,00,4E,00,00,00,00,00,00,
51729638,00000118,false,Rx,1,4,00,4F,00,00,00,00,00,00,
51739104,00000118,false,Rx,1,4,00,40,00,00,00,00,00,00,
51749633,00000118,false,Rx,1,4,00,41,00,00,00,00,00,00,
51759086,00000118,false,Rx,1,4,00,42,00,00,00,00,00,00,
51769630,00000118,false,Rx,1,4,00,43,00,00,00,00,00,00,
51779091,00000118,false,Rx,1,4,00,44,00,00,00,00,00,00,
51789380,00000118,false,Rx,1,4,00,45,00,00,00,00,00,00,
51799072,00000118,false,Rx,1,4,00,46,00,00,00,00,00,00,
51809378,00000118,false,Rx,1,4,00,47,00,00,00,00,00,00,
51819042,00000118,false,Rx,1,4,00,48,00,00,00,00,00,00,
51829434,00000118,false,Rx,1,4,00,49,00,00,00,00,00,00,
51841752,00000118,false,Rx,1,4,00,4A,00,00,00,00,00,00,
51849405,00000118,false,Rx,1,4,00,4B,00,00,00,00,00,00,
51859014,00000118,false,Rx,1,4,00,4C,00,00,00,00,00,00,
51869455,00000118,false,Rx,1,4,00,4D,00,00,00,00,00,00,
51874399,0000070F,false,Rx,0,8,03,22,2B,E4,55,55,55,55,
51879038,00000118,false,Rx,1,4,00,4E,00,00,00,00,00,00,
51889305,00000118,false,Rx,1,4,00,4F,00,00,00,00,00,00,
51891435,00000779,false,Rx,1,8,05,62,2B,E4,0D,63,AA,AA,
51899013,00000118,false,Rx,1,4,00,40,00,00,00,00,00,00,
51909291,00000118,false,Rx,1,4,00,41,00,00,00,00,00,00,
51918967,00000118,false,Rx,1,4,00,42,00,00,00,00,00,00,
51929294,00000118,false,Rx,1,4,00,43,00,00,00,00,00,00,
51929591,17F0000F,true,Rx,1,8,00,0F,00,00,00,00,00,00,
51938976,00000118,false,Rx,1,4,00,44,00,00,00,00,00,00,
51949279,00000118,false,Rx,1,4,00,45,00,00,00,00,00,00,
51958967,00000118,false,Rx,1,4,00,46,00,00,00,00,00,00,
51969280,00000118,false,Rx,1,4,00,47,00,00,00,00,00,00,
51978950,00000118,false,Rx,1,4,00,48,00,00,00,00,00,00,
51989228,00000118,false,Rx,1,4,00,49,00,00,00,00,00,00,
51998944,00000118,false,Rx,1,4,00,4A,00,00,00,00,00,00,
52009216,00000118,false,Rx,1,4,00,4B,00,00,00,00,00,00,
52018892,00000118,false,Rx,1,4,00,4C,00,00,00,00,00,00,
52029219,00000118,false,Rx,1,4,00,4D,00,00,00,00,00,00,
52038876,00000118,false,Rx,1,4,00,4E,00,00,00,00,00,00,
52049203,00000118,false,Rx,1,4,00,4F,00,00,00,00,00,00,
52058864,00000118,false,Rx,1,4,00,40,00,00,00,00,00,00,
52069206,00000118,false,Rx,1,4,00,41,00,00,00,00,00,00,
52078867,00000118,false,Rx,1,4,00,42,00,00,00,00,00,00,
52089154,00000118,false,Rx,1,4,00,43,00,00,00,00,00,00,
52098848,00000118,false,Rx,1,4,00,44,00,00,00,00,00,00,
52109139,00000118,false,Rx,1,4,00,45,00,00,00,00,00,00,
52118814,00000118,false,Rx,1,4,00,46,00,00,00,00,00,00,
52129142,00000118,false,Rx,1,4,00,47,00,00,00,00,00,00,
52138798,00000118,false,Rx,1,4,00,48,00,00,00,00,00,00,
52149127,00000118,false,Rx,1,4,00,49,00,00,00,00,00,00,
52158787,00000118,false,Rx,1,4,00,4A,00,00,00,00,00,00,
52169133,00000118,false,Rx,1,4,00,4B,00,00,00,00,00,00,
52178790,00000118,false,Rx,1,4,00,4C,00,00,00,00,00,00,
52188951,0000070F,false,Rx,0,8,03,22,02,8D,55,55,55,55,
52189078,00000118,false,Rx,1,4,00,4D,00,00,00,00,00,00,
52198798,00000118,false,Rx,1,4,00,4E,00,00,00,00,00,00,
52209069,00000118,false,Rx,1,4,00,4F,00,00,00,00,00,00,
52211192,00000779,false,Rx,1,8,05,62,02,8D,5B,00,AA,AA,
52218753,00000118,false,Rx,1,4,00,40,00,00,00,00,00,00,
52229068,00000118,false,Rx,1,4,00,41,00,00,00,00,00,00,
52238725,00000118,false,Rx,1,4,00,42,00,00,00,00,00,00,
52249052,00000118,false,Rx,1,4,00,43,00,00,00,00,00,00,
52258709,00000118,false,Rx,1,4,00,44,00,00,00,00,00,00,
52269054,00000118,false,Rx,1,4,00,45,00,00,00,00,00,00,
52278711,00000118,false,Rx,1,4,00,46,00,00,00,00,00,00,
52289017,00000118,false,Rx,1,4,00,47,00,00,00,00,00,00,
52298696,00000118,false,Rx,1,4,00,48,00,00,00,00,00,00,
52308987,00000118,false,Rx,1,4,00,49,00,00,00,00,00,00,
52318666,00000118,false,Rx,1,4,00,4A,00,00,00,00,00,00,
52329060,00000118,false,Rx,1,4,00,4B,00,00,00,00,00,00,
52341202,00000118,false,Rx,1,4,00,4C,00,00,00,00,00,00,
52349328,00000118,false,Rx,1,4,00,4D,00,00,00,00,00,00,
52358660,00000118,false,Rx,1,4,00,4E,00,00,00,00,00,00,
52368985,00000118,false,Rx,1,4,00,4F,00,00,00,00,00,00,
52378640,00000118,false,Rx,1,4,00,40,00,00,00,00,00,00,
52388948,00000118,false,Rx,1,4,00,41,00,00,00,00,00,00,
52398623,00000118,false,Rx,1,4,00,42,00,00,00,00,00,00,
52408936,00000118,false,Rx,1,4,00,43,00,00,00,00,00,00,
52418587,00000118,false,Rx,1,4,00,44,00,00,00,00,00,00,
52428935,00000118,false,Rx,1,4,00,45,00,00,00,00,00,00,
52429212,17F0000F,true,Rx,1,8,00,0F,00,00,00,00,00,00,
52438589,00000118,false,Rx,1,4,00,46,00,00,00,00,00,00,
52448901,00000118,false,Rx,1,4,00,47,00,00,00,00,00,00,
52458559,00000118,false,Rx,1,4,00,48,00,00,00,00,00,00,
52468906,00000118,false,Rx,1,4,00,49,00,00,00,00,00,00,
52478566,00000118,false,Rx,1,4,00,4A,00,00,00,00,00,00,
52488854,00000118,false,Rx,1,4,00,4B,00,00,00,00,00,00,
52498548,00000118,false,Rx,1,4,00,4C,00,00,00,00,00,00,
52506357,0000070F,false,Rx,0,8,03,22,2B,F1,55,55,55,55,
52508860,00000118,false,Rx,1,4,00,4D,00,00,00,00,00,00,
52518513,00000118,false,Rx,1,4,00,4E,00,00,00,00,00,00,
52519815,00000779,false,Rx,1,8,05,62,2B,F1,4F,67,AA,AA,
52528851,00000118,false,Rx,1,4,00,4F,00,00,00,00,00,00,
52538500,00000118,false,Rx,1,4,00,40,00,00,00,00,00,00,
52548827,00000118,false,Rx,1,4,00,41,00,00,00,00,00,00,
52558482,00000118,false,Rx,1,4,00,42,00,00,00,00,00,00,
52568858,00000118,false,Rx,1,4,00,43,00,00,00,00,00,00,
52578507,00000118,false,Rx,1,4,00,44,00,00,00,00,00,00,
52588776,00000118,false,Rx,1,4,00,45,00,00,00,00,00,00,
52598469,00000118,false,Rx,1,4,00,46,00,00,00,00,00,00,
52608762,00000118,false,Rx,1,4,00,47,00,00,00,00,00,00,
52618435,00000118,false,Rx,1,4,00,48,00,00,00,00,00,00,
52628765,00000118,false,Rx,1,4,00,49,00,00,00,00,00,00,
52638424,00000118,false,Rx,1,4,00,4A,00,00,00,00,00,00,
52648751,00000118,false,Rx,1,4,00,4B,00,00,00,00,00,00,
52658408,00000118,false,Rx,1,4,00,4C,00,00,00,00,00,00,
52668855,00000118,false,Rx,1,4,00,4D,00,00,00,00,00,00,
52678432,00000118,false,Rx,1,4,00,4E,00,00,00,00,00,00,
52688702,00000118,false,Rx,1,4,00,4F,00,00,00,00,00,00,
52698399,00000118,false,Rx,1,4,00,40,00,00,00,00,00,00,
52708687,00000118,false,Rx,1,4,00,41,00,00,00,00,00,00,
52718362,00000118,false,Rx,1,4,00,42,00,00,00,00,00,00,
52728689,00000118,false,Rx,1,4,00,43,00,00,00,00,00,00,
52738347,00000118,false,Rx,1,4,00,44,00,00,00,00,00,00,
52748674,00000118,false,Rx,1,4,00,45,00,00,00,00,00,00,
52758329,00000118,false,Rx,1,4,00,46,00,00,00,00,00,00,
52768855,00000118,false,Rx,1,4,00,47,00,00,00,00,00,00,
52778354,00000118,false,Rx,1,4,00,48,00,00,00,00,00,00,
52788624,00000118,false,Rx,1,4,00,49,00,00,00,00,00,00,
52798322,00000118,false,Rx,1,4,00,4A,00,00,00,00,00,00,
52808612,00000118,false,Rx,1,4,00,4B,00,00,00,00,00,00,
52818317,00000118,false,Rx,1,4,00,4C,00,00,00,00,00,00,
52823106,0000070F,false,Rx,0,8,03,22,2B,E4,55,55,55,55,
52828568,00000118,false,Rx,1,4,00,4D,00,00,00,00,00,00,
52838645,00000118,false,Rx,1,4,00,4E,00,00,00,00,00,00,
52840073,00000779,false,Rx,1,8,05,62,2B,E4,0D,63,AA,AA,
52849018,00000118,false,Rx,1,4,00,4F,00,00,00,00,00,00,
52858886,00000118,false,Rx,1,4,00,40,00,00,00,00,00,00,
52869133,00000118,false,Rx,1,4,00,41,00,00,00,00,00,00,
52878896,00000118,false,Rx,1,4,00,42,00,00,00,00,00,00,
52889122,00000118,false,Rx,1,4,00,43,00,00,00,00,00,00,
52898631,00000118,false,Rx,1,4,00,44,00,00,00,00,00,00,
52909123,00000118,false,Rx,1,4,00,45,00,00,00,00,00,00,
52918629,00000118,false,Rx,1,4,00,46,00,00,00,00,00,00,
52929126,00000118,false,Rx,1,4,00,47,00,00,00,00,00,00,
52929661,17F0000F,true,Rx,1,8,00,0F,00,00,00,00,00,00,
52938654,00000118,false,Rx,1,4,00,48,00,00,00,00,00,00,
52949129,00000118,false,Rx,1,4,00,49,00,00,00,00,00,00,
52958650,00000118,false,Rx,1,4,00,4A,00,00,00,00,00,00,
52969124,00000118,false,Rx,1,4,00,4B,00,00,00,00,00,00,
52978646,00000118,false,Rx,1,4,00,4C,00,00,00,00,00,00,
52988880,00000118,false,Rx,1,4,00,4D,00,00,00,00,00,00,
52998631,00000118,false,Rx,1,4,00,4E,00,00,00,00,00,00,
53008874,00000118,false,Rx,1,4,00,4F,00,00,00,00,00,00,
53018633,00000118,false,Rx,1,4,00,40,00,00,00,00,00,00,
53028878,00000118,false,Rx,1,4,00,41,00,00,00,00,00,00,
53038631,00000118,false,Rx,1,4,00,42,00,00,00,00,00,00,
53048872,00000118,false,Rx,1,4,00,43,00,00,00,00,00,00,
53058640,00000118,false,Rx,1,4,00,44,00,00,00,00,00,00,
53068858,00000118,false,Rx,1,4,00,45,00,00,00,00,00,00,
53078629,00000118,false,Rx,1,4,00,46,00,00,00,00,00,00,
53088883,00000118,false,Rx,1,4,00,47,00,00,00,00,00,00,
53098629,00000118,false,Rx,1,4,00,48,00,00,00,00,00,00,
53108881,00000118,false,Rx,1,4,00,49,00,00,00,00,00,00,
53118634,00000118,false,Rx,1,4,00,4A,00,00,00,00,00,00,
53128875,00000118,false,Rx,1,4,00,4B,00,00,00,00,00,00,
53138634,00000118,false,Rx,1,4,00,4C,00,00,00,00,00,00,
53140289,0000070F,false,Rx,0,8,03,22,02,8D,55,55,55,55,
53148875,00000118,false,Rx,1,4,00,4D,00,00,00,00,00,00,
53158632,00000118,false,Rx,1,4,00,4E,00,00,00,00,00,00,
53159835,00000779,false,Rx,1,8,05,62,02,8D,5C,00,AA,AA,
53168855,00000118,false,Rx,1,4,00,4F,00,00,00,00,00,00,
53178633,00000118,false,Rx,1,4,00,40,00,00,00,00,00,00,
53188889,00000118,false,Rx,1,4,00,41,00,00,00,00,00,00,
53198631,00000118,false,Rx,1,4,00,42,00,00,00,00,00,00,
53208875,00000118,false,Rx,1,4,00,43,00,00,00,00,00,00,
53218632,00000118,false,Rx,1,4,00,44,00,00,00,00,00,00,
53228875,00000118,false,Rx,1,4,00,45,00,00,00,00,00,00,
53238377,00000118,false,Rx,1,4,00,46,00,00,00,00,00,00,
53248876,00000118,false,Rx,1,4,00,47,00,00,00,00,00,00,
53258377,00000118,false,Rx,1,4,00,48,00,00,00,00,00,00,
53268870,00000118,false,Rx,1,4,00,49,00,00,00,00,00,00,
53278381,00000118,false,Rx,1,4,00,4A,00,00,00,00,00,00,
53288879,00000118,false,Rx,1,4,00,4B,00,00,00,00,00,00,
53298380,00000118,false,Rx,1,4,00,4C,00,00,00,00,00,00,
53308631,00000118,false,Rx,1,4,00,4D,00,00,00,00,00,00,
53318386,00000118,false,Rx,1,4,00,4E,00,00,00,00,00,00,
53328858,00000118,false,Rx,1,4,00,4F,00,00,00,00,00,00,
53341203,00000118,false,Rx,1,4,00,40,00,00,00,00,00,00,
53348671,00000118,false,Rx,1,4,00,41,00,00,00,00,00,00,
53358281,00000118,false,Rx,1,4,00,42,00,00,00,00,00,00,
53368628,00000118,false,Rx,1,4,00,43,00,00,00,00,00,00,
53378315,00000118,false,Rx,1,4,00,44,00,00,00,00,00,00,
53388584,00000118,false,Rx,1,4,00,45,00,00,00,00,00,00,
53398267,00000118,false,Rx,1,4,00,46,00,00,00,00,00,00,
53408557,00000118,false,Rx,1,4,00,47,00,00,00,00,00,00,
53418229,00000118,false,Rx,1,4,00,48,00,00,00,00,00,00,
53428559,00000118,false,Rx,1,4,00,49,00,00,00,00,00,00,
53428855,17F0000F,true,Rx,1,8,00,0F,00,00,00,00,00,00,
53438225,00000118,false,Rx,1,4,00,4A,00,00,00,00,00,00,
53448555,00000118,false,Rx,1,4,00,4B,00,00,00,00,00,00,
53458202,00000118,false,Rx,1,4,00,4C,00,00,00,00,00,00,
53468610,00000118,false,Rx,1,4,00,4D,00,00,00,00,00,00,
53478240,00000118,false,Rx,1,4,00,4E,00,00,00,00,00,00,
53478987,0000070F,false,Rx,0,8,03,22,2B,F1,55,55,55,55,
53488518,00000118,false,Rx,1,4,00,4F,00,00,00,00,00,00,
53498197,00000118,false,Rx,1,4,00,40,00,00,00,00,00,00,
53499489,00000779,false,Rx,1,8,05,62,2B,F1,B3,67,AA,AA,
53508494,00000118,false,Rx,1,4,00,41,00,00,00,00,00,00,
53518155,00000118,false,Rx,1,4,00,42,00,00,00,00,00,00,
53528483,00000118,false,Rx,1,4,00,43,00,00,00,00,00,00,
53538140,00000118,false,Rx,1,4,00,44,00,00,00,00,00,00,
53548467,00000118,false,Rx,1,4,00,45,00,00,00,00,00,00,
53558122,00000118,false,Rx,1,4,00,46,00,00,00,00,00,00,
53568613,00000118,false,Rx,1,4,00,47,00,00,00,00,00,00,
53578164,00000118,false,Rx,1,4,00,48,00,00,00,00,00,00,
53588417,00000118,false,Rx,1,4,00,49,00,00,00,00,00,00,
53598117,00000118,false,Rx,1,4,00,4A,00,00,00,00,00,00,
53608405,00000118,false,Rx,1,4,00,4B,00,00,00,00,00,00,
53618080,00000118,false,Rx,1,4,00,4C,00,00,00,00,00,00,
53628406,00000118,false,Rx,1,4,00,4D,00,00,00,00,00,00,
53638064,00000118,false,Rx,1,4,00,4E,00,00,00,00,00,00,
53648391,00000118,false,Rx,1,4,00,4F,00,00,00,00,00,00,
53658051,00000118,false,Rx,1,4,00,40,00,00,00,00,00,00,
53668371,00000118,false,Rx,1,4,00,41,00,00,00,00,00,00,
53678088,00000118,false,Rx,1,4,00,42,00,00,00,00,00,00,
53688342,00000118,false,Rx,1,4,00,43,00,00,00,00,00,00,
53698038,00000118,false,Rx,1,4,00,44,00,00,00,00,00,00,
53708326,00000118,false,Rx,1,4,00,45,00,00,00,00,00,00,
53718002,00000118,false,Rx,1,4,00,46,00,00,00,00,00,00,
53728330,00000118,false,Rx,1,4,00,47,00,00,00,00,00,00,
53737985,00000118,false,Rx,1,4,00,48,00,00,00,00,00,00,
53748315,00000118,false,Rx,1,4,00,49,00,00,00,00,00,00,
53757975,00000118,false,Rx,1,4,00,4A,00,00,00,00,00,00,
53768359,00000118,false,Rx,1,4,00,4B,00,00,00,00,00,00,
53778013,00000118,false,Rx,1,4,00,4C,00,00,00,00,00,00,
53788090,0000070F,false,Rx,0,8,03,22,2B,E4,55,55,55,55,
53788265,00000118,false,Rx,1,4,00,4D,00,00,00,00,00,00,
53797986,00000118,false,Rx,1,4,00,4E,00,00,00,00,00,00,
53808251,00000118,false,Rx,1,4,00,4F,00,00,00,00,00,00,
53810376,00000779,false,Rx,1,8,05,62,2B,E4,0D,63,AA,AA,
53817950,00000118,false,Rx,1,4,00,40,00,00,00,00,00,00,
53828286,00000118,false,Rx,1,4,00,41,00,00,00,00,00,00,
53837953,00000118,false,Rx,1,4,00,42,00,00,00,00,00,00,
53848174,00000118,false,Rx,1,4,00,43,00,00,00,00,00,00,
53857997,00000118,false,Rx,1,4,00,44,00,00,00,00,00,00,
53868867,00000118,false,Rx,1,4,00,45,00,00,00,00,00,00,
53878750,00000118,false,Rx,1,4,00,46,00,00,00,00,00,00,
53888988,00000118,false,Rx,1,4,00,47,00,00,00,00,00,00,
53898682,00000118,false,Rx,1,4,00,48,00,00,00,00,00,00,
53908977,00000118,false,Rx,1,4,00,49,00,00,00,00,00,00,
53918657,00000118,false,Rx,1,4,00,4A,00,00,00,00,00,00,
53928980,00000118,false,Rx,1,4,00,4B,00,00,00,00,00,00,
53929276,17F0000F,true,Rx,1,8,00,0F,00,00,00,00,00,00,
53938643,00000118,false,Rx,1,4,00,4C,00,00,00,00,00,00,
53948962,00000118,false,Rx,1,4,00,4D,00,00,00,00,00,00,
53958638,00000118,false,Rx,1,4,00,4E,00,00,00,00,00,00,
53969101,00000118,false,Rx,1,4,00,4F,00,00,00,00,00,00,
53978660,00000118,false,Rx,1,4,00,40,00,00,00,00,00,00,
53988934,00000118,false,Rx,1,4,00,41,00,00,00,00,00,00,
53998607,00000118,false,Rx,1,4,00,42,00,00,00,00,00,00,
54008908,00000118,false,Rx,1,4,00,43,00,00,00,00,00,00,
54018576,00000118,false,Rx,1,4,00,44,00,00,00,00,00,00,
54028902,00000118,false,Rx,1,4,00,45,00,00,00,00,00,00,
54038555,00000118,false,Rx,1,4,00,46,00,00,00,00,00,00,
54048867,00000118,false,Rx,1,4,00,47,00,00,00,00,00,00,
54058561,00000118,false,Rx,1,4,00,48,00,00,00,00,00,00,
54069076,00000118,false,Rx,1,4,00,49,00,00,00,00,00,00,
54078585,00000118,false,Rx,1,4,00,4A,00,00,00,00,00,00,
54088839,00000118,false,Rx,1,4,00,4B,00,00,00,00,00,00,
54098533,00000118,false,Rx,1,4,00,4C,00,00,00,00,00,00,
54107592,0000070F,false,Rx,0,8,03,22,02,8D,55,55,55,55,
54108823,00000118,false,Rx,1,4,00,4D,00,00,00,00,00,00,
54118532,00000118,false,Rx,1,4,00,4E,00,00,00,00,00,00,
54128826,00000118,false,Rx,1,4,00,4F,00,00,00,00,00,00,
54130960,00000779,false,Rx,1,8,05,62,02,8D,5D,00,AA,AA,
54138496,00000118,false,Rx,1,4,00,40,00,00,00,00,00,00,
54148836,00000118,false,Rx,1,4,00,41,00,00,00,00,00,00,
54158485,00000118,false,Rx,1,4,00,42,00,00,00,00,00,00,
54168836,00000118,false,Rx,1,4,00,43,00,00,00,00,00,00,
54178506,00000118,false,Rx,1,4,00,44,00,00,00,00,00,00,
54188760,00000118,false,Rx,1,4,00,45,00,00,00,00,00,00,
54198453,00000118,false,Rx,1,4,00,46,00,00,00,00,00,00,
54208731,00000118,false,Rx,1,4,00,47,00,00,00,00,00,00,
54218436,00000118,false,Rx,1,4,00,48,00,00,00,00,00,00,
54228749,00000118,false,Rx,1,4,00,49,00,00,00,00,00,00,
54238407,00000118,false,Rx,1,4,00,4A,00,00,00,00,00,00,
54248839,00000118,false,Rx,1,4,00,4B,00,00,00,00,00,00,
54258429,00000118,false,Rx,1,4,00,4C,00,00,00,00,00,00,
54268854,00000118,false,Rx,1,4,00,4D,00,00,00,00,00,00,
54278448,00000118,false,Rx,1,4,00,4E,00,00,00,00,00,00,
54288665,00000118,false,Rx,1,4,00,4F,00,00,00,00,00,00,
54298398,00000118,false,Rx,1,4,00,40,00,00,00,00,00,00,
54308653,00000118,false,Rx,1,4,00,41,00,00,00,00,00,00,
54318408,00000118,false,Rx,1,4,00,42,00,00,00,00,00,00,
54328599,00000118,false,Rx,1,4,00,43,00,00,00,00,00,00,
54338401,00000118,false,Rx,1,4,00,44,00,00,00,00,00,00,
54348676,00000118,false,Rx,1,4,00,45,00,00,00,00,00,00,
54358366,00000118,false,Rx,1,4,00,46,00,00,00,00,00,00,
54368871,00000118,false,Rx,1,4,00,47,00,00,00,00,00,00,
54378362,00000118,false,Rx,1,4,00,48,00,00,00,00,00,00,
54388627,00000118,false,Rx,1,4,00,49,00,00,00,00,00,00,
54398368,00000118,false,Rx,1,4,00,4A,00,00,00,00,00,00,
54408594,00000118,false,Rx,1,4,00,4B,00,00,00,00,00,00,
54418371,00000118,false,Rx,1,4,00,4C,00,00,00,00,00,00,
54428577,00000118,false,Rx,1,4,00,4D,00,00,00,00,00,00,
54428873,17F0000F,true,Rx,1,8,00,0F,00,00,00,00,00,00,
54438365,00000118,false,Rx,1,4,00,4E,00,00,00,00,00,00,
54438791,0000070F,false,Rx,0,8,03,22,2B,F1,55,55,55,55,
54448618,00000118,false,Rx,1,4,00,4F,00,00,00,00,00,00,
54458368,00000118,false,Rx,1,4,00,40,00,00,00,00,00,00,
54459565,00000779,false,Rx,1,8,05,62,2B,F1,E5,67,AA,AA,
54468626,00000118,false,Rx,1,4,00,41,00,00,00,00,00,00,
54478372,00000118,false,Rx,1,4,00,42,00,00,00,00,00,00,
54488530,00000118,false,Rx,1,4,00,43,00,00,00,00,00,00,
54498367,00000118,false,Rx,1,4,00,44,00,00,00,00,00,00,
54508516,00000118,false,Rx,1,4,00,45,00,00,00,00,00,00,
54518373,00000118,false,Rx,1,4,00,46,00,00,00,00,00,00,
54528501,00000118,false,Rx,1,4,00,47,00,00,00,00,00,00,
54538365,00000118,false,Rx,1,4,00,48,00,00,00,00,00,00,
54548505,00000118,false,Rx,1,4,00,49,00,00,00,00,00,00,
54558367,00000118,false,Rx,1,4,00,4A,00,00,00,00,00,00,
54568699,00000118,false,Rx,1,4,00,4B,00,00,00,00,00,00,
54578367,00000118,false,Rx,1,4,00,4C,00,00,00,00,00,00,
54588454,00000118,false,Rx,1,4,00,4D,00,00,00,00,00,00,
54598370,00000118,false,Rx,1,4,00,4E,00,00,00,00,00,00,
54608439,00000118,false,Rx,1,4,00,4F,00,00,00,00,00,00,
54618374,00000118,false,Rx,1,4,00,40,00,00,00,00,00,00,
54628426,00000118,false,Rx,1,4,00,41,00,00,00,00,00,00,
54638100,00000118,false,Rx,1,4,00,42,00,00,00,00,00,00,
54648426,00000118,false,Rx,1,4,00,43,00,00,00,00,00,00,
54658085,00000118,false,Rx,1,4,00,44,00,00,00,00,00,00,
54668612,00000118,false,Rx,1,4,00,45,00,00,00,00,00,00,
54678103,00000118,false,Rx,1,4,00,46,00,00,00,00,00,00,
54688377,00000118,false,Rx,1,4,00,47,00,00,00,00,00,00,
54698070,00000118,false,Rx,1,4,00,48,00,00,00,00,00,00,
54708363,00000118,false,Rx,1,4,00,49,00,00,00,00,00,00,
54718060,00000118,false,Rx,1,4,00,4A,00,00,00,00,00,00,
54728352,00000118,false,Rx,1,4,00,4B,00,00,00,00,00,00,
54738029,00000118,false,Rx,1,4,00,4C,00,00,00,00,00,00,
54748351,00000118,false,Rx,1,4,00,4D,00,00,00,00,00,00,
54758009,00000118,false,Rx,1,4,00,4E,00,00,00,00,00,00,
54768355,00000118,false,Rx,1,4,00,4F,00,00,00,00,00,00,
54770451,0000070F,false,Rx,0,8,03,22,2B,E4,55,55,55,55,
54778054,00000118,false,Rx,1,4,00,40,00,00,00,00,00,00,
54788721,00000118,false,Rx,1,4,00,41,00,00,00,00,00,00,
54790848,00000779,false,Rx,1,8,05,62,2B,E4,0D,63,AA,AA,
54798612,00000118,false,Rx,1,4,00,42,00,00,00,00,00,00,
54808687,00000118,false,Rx,1,4,00,43,00,00,00,00,00,00,
54818615,00000118,false,Rx,1,4,00,44,00,00,00,00,00,00,
54828672,00000118,false,Rx,1,4,00,45,00,00,00,00,00,00,
54838394,00000118,false,Rx,1,4,00,46,00,00,00,00,00,00,
54848628,00000118,false,Rx,1,4,00,47,00,00,00,00,00,00,
54858663,00000118,false,Rx,1,4,00,48,00,00,00,00,00,00,
54869128,00000118,false,Rx,1,4,00,49,00,00,00,00,00,00,
54878889,00000118,false,Rx,1,4,00,4A,00,00,00,00,00,00,
54889367,00000118,false,Rx,1,4,00,4B,00,00,00,00,00,00,
54899364,00000118,false,Rx,1,4,00,4C,00,00,00,00,00,00,
54909365,00000118,false,Rx,1,4,00,4D,00,00,00,00,00,00,
54919366,00000118,false,Rx,1,4,00,4E,00,00,00,00,00,00,
54929373,00000118,false,Rx,1,4,00,4F,00,00,00,00,00,00,
54929904,17F0000F,true,Rx,1,8,00,0F,00,00,00,00,00,00,
54939369,00000118,false,Rx,1,4,00,40,00,00,00,00,00,00,
54949393,00000118,false,Rx,1,4,00,41,00,00,00,00,00,00,
54959133,00000118,false,Rx,1,4,00,42,00,00,00,00,00,00,
54969367,00000118,false,Rx,1,4,00,43,00,00,00,00,00,00,
54979134,00000118,false,Rx,1,4,00,44,00,00,00,00,00,00,
54989863,00000118,false,Rx,1,4,00,45,00,00,00,00,00,00,
54999610,00000118,false,Rx,1,4,00,46,00,00,00,00,00,00,
55009862,00000118,false,Rx,1,4,00,47,00,00,00,00,00,00,
55019611,00000118,false,Rx,1,4,00,48,00,00,00,00,00,00,
55029887,00000118,false,Rx,1,4,00,49,00,00,00,00,00,00,
55039620,00000118,false,Rx,1,4,00,4A,00,00,00,00,00,00,
55049854,00000118,false,Rx,1,4,00,4B,00,00,00,00,00,00,
55059615,00000118,false,Rx,1,4,00,4C,00,00,00,00,00,00,
55070097,00000118,false,Rx,1,4,00,4D,00,00,00,00,00,00,
55079871,00000118,false,Rx,1,4,00,4E,00,00,00,00,00,00,
55086493,0000070F,false,Rx,0,8,03,22,02,8D,55,55,55,55,
55090609,00000118,false,Rx,1,4,00,4F,00,00,00,00,00,00,
55100373,00000118,false,Rx,1,4,00,40,00,00,00,00,00,00,
55101520,00000779,false,Rx,1,8,05,62,02,8D,5D,00,AA,AA,
55110611,00000118,false,Rx,1,4,00,41,00,00,00,00,00,00,
55120205,00000118,false,Rx,1,4,00,42,00,00,00,00,00,00,
55130617,00000118,false,Rx,1,4,00,43,00,00,00,00,00,00,
55140192,00000118,false,Rx,1,4,00,44,00,00,00,00,00,00,
55150365,00000118,false,Rx,1,4,00,45,00,00,00,00,00,00,
55160190,00000118,false,Rx,1,4,00,46,00,00,00,00,00,00,
55170847,00000118,false,Rx,1,4,00,47,00,00,00,00,00,00,
55180974,00000118,false,Rx,1,4,00,48,00,00,00,00,00,00,
55191583,00000118,false,Rx,1,4,00,49,00,00,00,00,00,00,
55201306,00000118,false,Rx,1,4,00,4A,00,00,00,00,00,00,
55211581,00000118,false,Rx,1,4,00,4B,00,00,00,00,00,00,
55221673,00000118,false,Rx,1,4,00,4C,00,00,00,00,00,00,
55232024,00000118,false,Rx,1,4,00,4D,00,00,00,00,00,00,
55241641,00000118,false,Rx,1,4,00,4E,00,00,00,00,00,00,
55251951,00000118,false,Rx,1,4,00,4F,00,00,00,00,00,00,
55261642,00000118,false,Rx,1,4,00,40,00,00,00,00,00,00,
55272065,00000118,false,Rx,1,4,00,41,00,00,00,00,00,00,
55281664,00000118,false,Rx,1,4,00,42,00,00,00,00,00,00,
55291934,00000118,false,Rx,1,4,00,43,00,00,00,00,00,00,
55301609,00000118,false,Rx,1,4,00,44,00,00,00,00,00,00,
55311900,00000118,false,Rx,1,4,00,45,00,00,00,00,00,00,
55321576,00000118,false,Rx,1,4,00,46,00,00,00,00,00,00,
55331872,00000118,false,Rx,1,4,00,47,00,00,00,00,00,00,
55342500,00000118,false,Rx,1,4,00,48,00,00,00,00,00,00,
55352124,00000118,false,Rx,1,4,00,49,00,00,00,00,00,00,
55361548,00000118,false,Rx,1,4,00,4A,00,00,00,00,00,00,
55371890,00000118,false,Rx,1,4,00,4B,00,00,00,00,00,00,
55381550,00000118,false,Rx,1,4,00,4C,00,00,00,00,00,00,
55391837,00000118,false,Rx,1,4,00,4D,00,00,00,00,00,00,
55400531,0000070F,false,Rx,0,8,03,22,2B,F1,55,55,55,55,
55401557,00000118,false,Rx,1,4,00,4E,00,00,00,00,00,00,
55411824,00000118,false,Rx,1,4,00,4F,00,00,00,00,00,00,
55413950,00000779,false,Rx,1,8,05,62,2B,F1,17,68,AA,AA,
55421513,00000118,false,Rx,1,4,00,40,00,00,00,00,00,00,
55431829,00000118,false,Rx,1,4,00,41,00,00,00,00,00,00,
55432125,17F0000F,true,Rx,1,8,00,0F,00,00,00,00,00,00,
55441514,00000118,false,Rx,1,4,00,42,00,00,00,00,00,00,
55451815,00000118,false,Rx,1,4,00,43,00,00,00,00,00,00,
55461470,00000118,false,Rx,1,4,00,44,00,00,00,00,00,00,
55471812,00000118,false,Rx,1,4,00,45,00,00,00,00,00,00,
55481469,00000118,false,Rx,1,4,00,46,00,00,00,00,00,00,
55491760,00000118,false,Rx,1,4,00,47,00,00,00,00,00,00,
55501453,00000118,false,Rx,1,4,00,48,00,00,00,00,00,00,
55511748,00000118,false,Rx,1,4,00,49,00,00,00,00,00,00,
55521424,00000118,false,Rx,1,4,00,4A,00,00,00,00,00,00,
55531752,00000118,false,Rx,1,4,00,4B,00,00,00,00,00,00,
55541428,00000118,false,Rx,1,4,00,4C,00,00,00,00,00,00,
55551733,00000118,false,Rx,1,4,00,4D,00,00,00,00,00,00,
55561391,00000118,false,Rx,1,4,00,4E,00,00,00,00,00,00,
55571734,00000118,false,Rx,1,4,00,4F,00,00,00,00,00,00,
55581398,00000118,false,Rx,1,4,00,40,00,00,00,00,00,00,
55591686,00000118,false,Rx,1,4,00,41,00,00,00,00,00,00,
55601378,00000118,false,Rx,1,4,00,42,00,00,00,00,00,00,
55611668,00000118,false,Rx,1,4,00,43,00,00,00,00,00,00,
55621346,00000118,false,Rx,1,4,00,44,00,00,00,00,00,00,
55631673,00000118,false,Rx,1,4,00,45,00,00,00,00,00,00,
55641327,00000118,false,Rx,1,4,00,46,00,00,00,00,00,00,
55651661,00000118,false,Rx,1,4,00,47,00,00,00,00,00,00,
55661313,00000118,false,Rx,1,4,00,48,00,00,00,00,00,00,
55671658,00000118,false,Rx,1,4,00,49,00,00,00,00,00,00,
55681319,00000118,false,Rx,1,4,00,4A,00,00,00,00,00,00,
55691608,00000118,false,Rx,1,4,00,4B,00,00,00,00,00,00,
55701305,00000118,false,Rx,1,4,00,4C,00,00,00,00,00,00,
55711593,00000118,false,Rx,1,4,00,4D,00,00,00,00,00,00,
55721268,00000118,false,Rx,1,4,00,4E,00,00,00,00,00,00,
55723279,0000070F,false,Rx,0,8,03,22,2B,E4,55,55,55,55,
55731620,00000118,false,Rx,1,4,00,4F,00,00,00,00,00,00,
55741255,00000118,false,Rx,1,4,00,40,00,00,00,00,00,00,
55742710,00000779,false,Rx,1,8,05,62,2B,E4,0D,63,AA,AA,
55751595,00000118,false,Rx,1,4,00,41,00,00,00,00,00,00,
55761237,00000118,false,Rx,1,4,00,42,00,00,00,00,00,00,
55771580,00000118,false,Rx,1,4,00,43,00,00,00,00,00,00,
55781241,00000118,false,Rx,1,4,00,44,00,00,00,00,00,00,
55791530,00000118,false,Rx,1,4,00,45,00,00,00,00,00,00,
55801223,00000118,false,Rx,1,4,00,46,00,00,00,00,00,00,
55811514,00000118,false,Rx,1,4,00,47,00,00,00,00,00,00,
55821238,00000118,false,Rx,1,4,00,48,00,00,00,00,00,00,
55836860,00000118,false,Rx,1,4,00,49,00,00,00,00,00,00,
55841364,00000118,false,Rx,1,4,00,4A,00,00,00,00,00,00,
55851491,00000118,false,Rx,1,4,00,4B,00,00,00,00,00,00,
55861718,00000118,false,Rx,1,4,00,4C,00,00,00,00,00,00,
55871953,00000118,false,Rx,1,4,00,4D,00,00,00,00,00,00,
55881618,00000118,false,Rx,1,4,00,4E,00,00,00,00,00,00,
55891798,00000118,false,Rx,1,4,00,4F,00,00,00,00,00,00,
55901605,00000118,false,Rx,1,4,00,40,00,00,00,00,00,00,
55911765,00000118,false,Rx,1,4,00,41,00,00,00,00,00,00,
55921606,00000118,false,Rx,1,4,00,42,00,00,00,00,00,00,
55931747,00000118,false,Rx,1,4,00,43,00,00,00,00,00,00,
55932044,17F0000F,true,Rx,1,8,00,0F,00,00,00,00,00,00,
55941578,00000118,false,Rx,1,4,00,44,00,00,00,00,00,00,
55951770,00000118,false,Rx,1,4,00,45,00,00,00,00,00,00,
55961556,00000118,false,Rx,1,4,00,46,00,00,00,00,00,00,
55971772,00000118,false,Rx,1,4,00,47,00,00,00,00,00,00,
55981539,00000118,false,Rx,1,4,00,48,00,00,00,00,00,00,
55991720,00000118,false,Rx,1,4,00,49,00,00,00,00,00,00,
56001528,00000118,false,Rx,1,4,00,4A,00,00,00,00,00,00,
56011688,00000118,false,Rx,1,4,00,4B,00,00,00,00,00,00,
56021531,00000118,false,Rx,1,4,00,4C,00,00,00,00,00,00,
56032071,00000118,false,Rx,1,4,00,4D,00,00,00,00,00,00,
56038231,0000070F,false,Rx,0,8,03,22,02,8D,55,55,55,55,
56041937,00000118,false,Rx,1,4,00,4E,00,00,00,00,00,00,
56052077,00000118,false,Rx,1,4,00,4F,00,00,00,00,00,00,
56054192,00000779,false,Rx,1,8,05,62,02,8D,5E,00,AA,AA,
56061892,00000118,false,Rx,1,4,00,40,00,00,00,00,00,00,
56072096,00000118,false,Rx,1,4,00,41,00,00,00,00,00,00,
56081864,00000118,false,Rx,1,4,00,42,00,00,00,00,00,00,
56092042,00000118,false,Rx,1,4,00,43,00,00,00,00,00,00,
56101848,00000118,false,Rx,1,4,00,44,00,00,00,00,00,00,
56112008,00000118,false,Rx,1,4,00,45,00,00,00,00,00,00,
56121849,00000118,false,Rx,1,4,00,46,00,00,00,00,00,00,
56132392,00000118,false,Rx,1,4,00,47,00,00,00,00,00,00,
56142233,00000118,false,Rx,1,4,00,48,00,00,00,00,00,00,
56152778,00000118,false,Rx,1,4,00,49,00,00,00,00,00,00,
56162608,00000118,false,Rx,1,4,00,4A,00,00,00,00,00,00,
56172819,00000118,false,Rx,1,4,00,4B,00,00,00,00,00,00,
56182588,00000118,false,Rx,1,4,00,4C,00,00,00,00,00,00,
56192766,00000118,false,Rx,1,4,00,4D,00,00,00,00,00,00,
56202605,00000118,false,Rx,1,4,00,4E,00,00,00,00,00,00,
56212731,00000118,false,Rx,1,4,00,4F,00,00,00,00,00,00,
56222577,00000118,false,Rx,1,4,00,40,00,00,00,00,00,00,
56233117,00000118,false,Rx,1,4,00,41,00,00,00,00,00,00,
56242961,00000118,false,Rx,1,4,00,42,00,00,00,00,00,00,
56253498,00000118,false,Rx,1,4,00,43,00,00,00,00,00,00,
56263327,00000118,false,Rx,1,4,00,44,00,00,00,00,00,00,
56273537,00000118,false,Rx,1,4,00,45,00,00,00,00,00,00,
56283305,00000118,false,Rx,1,4,00,46,00,00,00,00,00,00,
56293487,00000118,false,Rx,1,4,00,47,00,00,00,00,00,00,
56303289,00000118,false,Rx,1,4,00,48,00,00,00,00,00,00,
56313452,00000118,false,Rx,1,4,00,49,00,00,00,00,00,00,
56323297,00000118,false,Rx,1,4,00,4A,00,00,00,00,00,00,
56333888,00000118,false,Rx,1,4,00,4B,00,00,00,00,00,00,
56348043,00000118,false,Rx,1,4,00,4C,00,00,00,00,00,00,
56354582,0000070F,false,Rx,0,8,03,22,2B,F1,55,55,55,55,
56354773,00000118,false,Rx,1,4,00,4D,00,00,00,00,00,00,
56363611,00000118,false,Rx,1,4,00,4E,00,00,00,00,00,00,
56373934,00000118,false,Rx,1,4,00,4F,00,00,00,00,00,00,
56376034,00000779,false,Rx,1,8,05,62,2B,F1,49,68,AA,AA,
56383588,00000118,false,Rx,1,4,00,40,00,00,00,00,00,00,
56393866,00000118,false,Rx,1,4,00,41,00,00,00,00,00,00,
56403558,00000118,false,Rx,1,4,00,42,00,00,00,00,00,00,
56413848,00000118,false,Rx,1,4,00,43,00,00,00,00,00,00,
56423525,00000118,false,Rx,1,4,00,44,00,00,00,00,00,00,
56433852,00000118,false,Rx,1,4,00,45,00,00,00,00,00,00,
56434148,17F0000F,true,Rx,1,8,00,0F,00,00,00,00,00,00,
56443514,00000118,false,Rx,1,4,00,46,00,00,00,00,00,00,
56453843,00000118,false,Rx,1,4,00,47,00,00,00,00,00,00,
56463502,00000118,false,Rx,1,4,00,48,00,00,00,00,00,00,
56473839,00000118,false,Rx,1,4,00,49,00,00,00,00,00,00,
56483500,00000118,false,Rx,1,4,00,4A,00,00,00,00,00,00,
56493789,00000118,false,Rx,1,4,00,4B,00,00,00,00,00,00,
56503485,00000118,false,Rx,1,4,00,4C,00,00,00,00,00,00,
56514013,00000118,false,Rx,1,4,00,4D,00,00,00,00,00,00,
56523447,00000118,false,Rx,1,4,00,4E,00,00,00,00,00,00,
56533774,00000118,false,Rx,1,4,00,4F,00,00,00,00,00,00,
56543435,00000118,false,Rx,1,4,00,40,00,00,00,00,00,00,
56553764,00000118,false,Rx,1,4,00,41,00,00,00,00,00,00,
56563421,00000118,false,Rx,1,4,00,42,00,00,00,00,00,00,
56573759,00000118,false,Rx,1,4,00,43,00,00,00,00,00,00,
56583421,00000118,false,Rx,1,4,00,44,00,00,00,00,00,00,
56593709,00000118,false,Rx,1,4,00,45,00,00,00,00,00,00,
56603403,00000118,false,Rx,1,4,00,46,00,00,00,00,00,00,
56613694,00000118,false,Rx,1,4,00,47,00,00,00,00,00,00,
56623367,00000118,false,Rx,1,4,00,48,00,00,00,00,00,00,
56633696,00000118,false,Rx,1,4,00,49,00,00,00,00,00,00,
56643355,00000118,false,Rx,1,4,00,4A,00,00,00,00,00,00,
56653683,00000118,false,Rx,1,4,00,4B,00,00,00,00,00,00,
56663341,00000118,false,Rx,1,4,00,4C,00,00,00,00,00,00,
56667702,0000070F,false,Rx,0,8,03,22,2B,E4,55,55,55,55,
56673707,00000118,false,Rx,1,4,00,4D,00,00,00,00,00,00,
56683342,00000118,false,Rx,1,4,00,4E,00,00,00,00,00,00,
56684641,00000779,false,Rx,1,8,05,62,2B,E4,0D,63,AA,AA,
56693643,00000118,false,Rx,1,4,00,4F,00,00,00,00,00,00,
56703328,00000118,false,Rx,1,4,00,40,00,00,00,00,00,00,
56713617,00000118,false,Rx,1,4,00,41,00,00,00,00,00,00,
56723293,00000118,false,Rx,1,4,00,42,00,00,00,00,00,00,
56733620,00000118,false,Rx,1,4,00,43,00,00,00,00,00,00,
56743276,00000118,false,Rx,1,4,00,44,00,00,00,00,00,00,
56753603,00000118,false,Rx,1,4,00,45,00,00,00,00,00,00,
56763260,00000118,false,Rx,1,4,00,46,00,00,00,00,00,00,
56773605,00000118,false,Rx,1,4,00,47,00,00,00,00,00,00,
56783261,00000118,false,Rx,1,4,00,48,00,00,00,00,00,00,
56793554,00000118,false,Rx,1,4,00,49,00,00,00,00,00,00,
56803251,00000118,false,Rx,1,4,00,4A,00,00,00,00,00,00,
56813540,00000118,false,Rx,1,4,00,4B,00,00,00,00,00,00,
56823263,00000118,false,Rx,1,4,00,4C,00,00,00,00,00,00,
56839585,00000118,false,Rx,1,4,00,4D,00,00,00,00,00,00,
56843304,00000118,false,Rx,1,4,00,4E,00,00,00,00,00,00,
56853511,00000118,false,Rx,1,4,00,4F,00,00,00,00,00,00,
56863481,00000118,false,Rx,1,4,00,40,00,00,00,00,00,00,
56873956,00000118,false,Rx,1,4,00,41,00,00,00,00,00,00,
56883624,00000118,false,Rx,1,4,00,42,00,00,00,00,00,00,
56893839,00000118,false,Rx,1,4,00,43,00,00,00,00,00,00,
56904027,00000118,false,Rx,1,4,00,44,00,00,00,00,00,00,
56914186,00000118,false,Rx,1,4,00,45,00,00,00,00,00,00,
56924027,00000118,false,Rx,1,4,00,46,00,00,00,00,00,00,
56934570,00000118,false,Rx,1,4,00,47,00,00,00,00,00,00,
56934866,17F0000F,true,Rx,1,8,00,0F,00,00,00,00,00,00,
56944454,00000118,false,Rx,1,4,00,48,00,00,00,00,00,00,
56954962,00000118,false,Rx,1,4,00,49,00,00,00,00,00,00,
56964780,00000118,false,Rx,1,4,00,4A,00,00,00,00,00,00,
56975091,00000118,false,Rx,1,4,00,4B,00,00,00,00,00,00,
56984764,00000118,false,Rx,1,4,00,4C,00,00,00,00,00,00,
56986872,0000070F,false,Rx,0,8,03,22,02,8D,55,55,55,55,
56994966,00000118,false,Rx,1,4,00,4D,00,00,00,00,00,00,
57005146,00000118,false,Rx,1,4,00,4E,00,00,00,00,00,00,
57006449,00000779,false,Rx,1,8,05,62,02,8D,5F,00,AA,AA,
57015317,00000118,false,Rx,1,4,00,4F,00,00,00,00,00,00,
57025551,00000118,false,Rx,1,4,00,40,00,00,00,00,00,00,
57036092,00000118,false,Rx,1,4,00,41,00,00,00,00,00,00,
57045950,00000118,false,Rx,1,4,00,42,00,00,00,00,00,00,
57056475,00000118,false,Rx,1,4,00,43,00,00,00,00,00,00,
57066300,00000118,false,Rx,1,4,00,44,00,00,00,00,00,00,
57076522,00000118,false,Rx,1,4,00,45,00,00,00,00,00,00,
57086281,00000118,false,Rx,1,4,00,46,00,00,00,00,00,00,
57096462,00000118,false,Rx,1,4,00,47,00,00,00,00,00,00,
57106266,00000118,false,Rx,1,4,00,48,00,00,00,00,00,00,
57116429,00000118,false,Rx,1,4,00,49,00,00,00,00,00,00,
57126274,00000118,false,Rx,1,4,00,4A,00,00,00,00,00,00,
57136815,00000118,false,Rx,1,4,00,4B,00,00,00,00,00,00,
57146658,00000118,false,Rx,1,4,00,4C,00,00,00,00,00,00,
57157196,00000118,false,Rx,1,4,00,4D,00,00,00,00,00,00,
57167021,00000118,false,Rx,1,4,00,4E,00,00,00,00,00,00,
57177235,00000118,false,Rx,1,4,00,4F,00,00,00,00,00,00,
57187008,00000118,false,Rx,1,4,00,40,00,00,00,00,00,00,
57197186,00000118,false,Rx,1,4,00,41,00,00,00,00,00,00,
57206988,00000118,false,Rx,1,4,00,42,00,00,00,00,00,00,
57217369,00000118,false,Rx,1,4,00,43,00,00,00,00,00,00,
57226993,00000118,false,Rx,1,4,00,44,00,00,00,00,00,00,
57237533,00000118,false,Rx,1,4,00,45,00,00,00,00,00,00,
57247374,00000118,false,Rx,1,4,00,46,00,00,00,00,00,00,
57257937,00000118,false,Rx,1,4,00,47,00,00,00,00,00,00,
57267870,00000118,false,Rx,1,4,00,48,00,00,00,00,00,00,
57278337,00000118,false,Rx,1,4,00,49,00,00,00,00,00,00,
57288130,00000118,false,Rx,1,4,00,4A,00,00,00,00,00,00,
57298308,00000118,false,Rx,1,4,00,4B,00,00,00,00,00,00,
57303713,0000070F,false,Rx,0,8,03,22,2B,F1,55,55,55,55,
57308136,00000118,false,Rx,1,4,00,4C,00,00,00,00,00,00,
57318289,00000118,false,Rx,1,4,00,4D,00,00,00,00,00,00,
57320596,00000779,false,Rx,1,8,05,62,2B,F1,A3,68,AA,AA,
57328132,00000118,false,Rx,1,4,00,4E,00,00,00,00,00,00,
57338260,00000118,false,Rx,1,4,00,4F,00,00,00,00,00,00,
57348140,00000118,false,Rx,1,4,00,40,00,00,00,00,00,00,
57358650,00000118,false,Rx,1,4,00,41,00,00,00,00,00,00,
57368629,00000118,false,Rx,1,4,00,42,00,00,00,00,00,00,
57379059,00000118,false,Rx,1,4,00,43,00,00,00,00,00,00,
57388858,00000118,false,Rx,1,4,00,44,00,00,00,00,00,00,
57399026,00000118,false,Rx,1,4,00,45,00,00,00,00,00,00,
57408830,00000118,false,Rx,1,4,00,46,00,00,00,00,00,00,
57419013,00000118,false,Rx,1,4,00,47,00,00,00,00,00,00,
57428814,00000118,false,Rx,1,4,00,48,00,00,00,00,00,00,
57438977,00000118,false,Rx,1,4,00,49,00,00,00,00,00,00,
57439274,17F0000F,true,Rx,1,8,00,0F,00,00,00,00,00,00,
57448842,00000118,false,Rx,1,4,00,4A,00,00,00,00,00,00,
57459362,00000118,false,Rx,1,4,00,4B,00,00,00,00,00,00,
57469241,00000118,false,Rx,1,4,00,4C,00,00,00,00,00,00,
57479344,00000118,false,Rx,1,4,00,4D,00,00,00,00,00,00,
57489182,00000118,false,Rx,1,4,00,4E,00,00,00,00,00,00,
57499348,00000118,false,Rx,1,4,00,4F,00,00,00,00,00,00,
57509154,00000118,false,Rx,1,4,00,40,00,00,00,00,00,00,
57519335,00000118,false,Rx,1,4,00,41,00,00,00,00,00,00,
57529138,00000118,false,Rx,1,4,00,42,00,00,00,00,00,00,
57539298,00000118,false,Rx,1,4,00,43,00,00,00,00,00,00,
57549140,00000118,false,Rx,1,4,00,44,00,00,00,00,00,00,
57559682,00000118,false,Rx,1,4,00,45,00,00,00,00,00,00,
57569564,00000118,false,Rx,1,4,00,46,00,00,00,00,00,00,
57579667,00000118,false,Rx,1,4,00,47,00,00,00,00,00,00,
57589493,00000118,false,Rx,1,4,00,48,00,00,00,00,00,00,
57599670,00000118,false,Rx,1,4,00,49,00,00,00,00,00,00,
57609476,00000118,false,Rx,1,4,00,4A,00,00,00,00,00,00,
57618503,0000070F,false,Rx,0,8,03,22,2B,E4,55,55,55,55,
57619679,00000118,false,Rx,1,4,00,4B,00,00,00,00,00,00,
57629859,00000118,false,Rx,1,4,00,4C,00,00,00,00,00,00,
57631180,00000779,false,Rx,1,8,05,62,2B,E4,0D,63,AA,AA,
57640034,00000118,false,Rx,1,4,00,4D,00,00,00,00,00,00,
57649861,00000118,false,Rx,1,4,00,4E,00,00,00,00,00,00,
57660621,00000118,false,Rx,1,4,00,4F,00,00,00,00,00,00,
57670374,00000118,false,Rx,1,4,00,40,00,00,00,00,00,00,
57680623,00000118,false,Rx,1,4,00,41,00,00,00,00,00,00,
57690374,00000118,false,Rx,1,4,00,42,00,00,00,00,00,00,
57700621,00000118,false,Rx,1,4,00,43,00,00,00,00,00,00,
57710371,00000118,false,Rx,1,4,00,44,00,00,00,00,00,00,
57720623,00000118,false,Rx,1,4,00,45,00,00,00,00,00,00,
57730369,00000118,false,Rx,1,4,00,46,00,00,00,00,00,00,
57740368,00000118,false,Rx,1,4,00,47,00,00,00,00,00,00,
57750370,00000118,false,Rx,1,4,00,48,00,00,00,00,00,00,
57760869,00000118,false,Rx,1,4,00,49,00,00,00,00,00,00,
57770642,00000118,false,Rx,1,4,00,4A,00,00,00,00,00,00,
57780877,00000118,false,Rx,1,4,00,4B,00,00,00,00,00,00,
57790626,00000118,false,Rx,1,4,00,4C,00,00,00,00,00,00,
57800871,00000118,false,Rx,1,4,00,4D,00,00,00,00,00,00,
57810624,00000118,false,Rx,1,4,00,4E,00,00,00,00,00,00,
57821873,00000118,false,Rx,1,4,00,4F,00,00,00,00,00,00,
57830569,00000118,false,Rx,1,4,00,40,00,00,00,00,00,00,
57840881,00000118,false,Rx,1,4,00,41,00,00,00,00,00,00,
57850690,00000118,false,Rx,1,4,00,42,00,00,00,00,00,00,
57861108,00000118,false,Rx,1,4,00,43,00,00,00,00,00,00,
57871114,00000118,false,Rx,1,4,00,44,00,00,00,00,00,00,
57881604,00000118,false,Rx,1,4,00,45,00,00,00,00,00,00,
57891355,00000118,false,Rx,1,4,00,46,00,00,00,00,00,00,
57901497,00000118,false,Rx,1,4,00,47,00,00,00,00,00,00,
57911362,00000118,false,Rx,1,4,00,48,00,00,00,00,00,00,
57921614,00000118,false,Rx,1,4,00,49,00,00,00,00,00,00,
57931365,00000118,false,Rx,1,4,00,4A,00,00,00,00,00,00,
57934792,0000070F,false,Rx,0,8,03,22,02,8D,55,55,55,55,
57941600,00000118,false,Rx,1,4,00,4B,00,00,00,00,00,00,
57942141,17F0000F,true,Rx,1,8,00,0F,00,00,00,00,00,00,
57951386,00000118,false,Rx,1,4,00,4C,00,00,00,00,00,00,
57952534,00000779,false,Rx,1,8,05,62,02,8D,5F,00,AA,AA,
57961603,00000118,false,Rx,1,4,00,4D,00,00,00,00,00,00,
57971855,00000118,false,Rx,1,4,00,4E,00,00,00,00,00,00,
57981844,00000118,false,Rx,1,4,00,4F,00,00,00,00,00,00,
57991605,00000118,false,Rx,1,4,00,40,00,00,00,00,00,00,
58001861,00000118,false,Rx,1,4,00,41,00,00,00,00,00,00,
58011612,00000118,false,Rx,1,4,00,42,00,00,00,00,00,00,
58021843,00000118,false,Rx,1,4,00,43,00,00,00,00,00,00,
58031605,00000118,false,Rx,1,4,00,44,00,00,00,00,00,00,
58041863,00000118,false,Rx,1,4,00,45,00,00,00,00,00,00,
58051600,00000118,false,Rx,1,4,00,46,00,00,00,00,00,00,
58061854,00000118,false,Rx,1,4,00,47,00,00,00,00,00,00,
58071610,00000118,false,Rx,1,4,00,48,00,00,00,00,00,00,
58082071,00000118,false,Rx,1,4,00,49,00,00,00,00,00,00,
58091898,00000118,false,Rx,1,4,00,4A,00,00,00,00,00,00,
58102084,00000118,false,Rx,1,4,00,4B,00,00,00,00,00,00,
58111863,00000118,false,Rx,1,4,00,4C,00,00,00,00,00,00,
58122060,00000118,false,Rx,1,4,00,4D,00,00,00,00,00,00,
58131855,00000118,false,Rx,1,4,00,4E,00,00,00,00,00,00,
58142030,00000118,false,Rx,1,4,00,4F,00,00,00,00,00,00,
58151852,00000118,false,Rx,1,4,00,40,00,00,00,00,00,00,
58162011,00000118,false,Rx,1,4,00,41,00,00,00,00,00,00,
58167252,0000030B,true,Rx,1,8,10,20,02,00,0C,00,00,24,
58171864,00000118,false,Rx,1,4,00,42,00,00,00,00,00,00,
58181994,00000118,false,Rx,1,4,00,43,00,00,00,00,00,00,
58191854,00000118,false,Rx,1,4,00,44,00,00,00,00,00,00,
58201998,00000118,false,Rx,1,4,00,45,00,00,00,00,00,00,
58211856,00000118,false,Rx,1,4,00,46,00,00,00,00,00,00,
58221981,00000118,false,Rx,1,4,00,47,00,00,00,00,00,00,
58231850,00000118,false,Rx,1,4,00,48,00,00,00,00,00,00,
58241951,00000118,false,Rx,1,4,00,49,00,00,00,00,00,00,
58251538,0000070F,false,Rx,0,8,03,22,2B,F1,55,55,55,55,
58251859,00000118,false,Rx,1,4,00,4A,00,00,00,00,00,00,
58261957,00000118,false,Rx,1,4,00,4B,00,00,00,00,00,00,
58271854,00000118,false,Rx,1,4,00,4C,00,00,00,00,00,00,
58273087,00000779,false,Rx,1,8,05,62,2B,F1,D5,68,AA,AA,
58282363,00000118,false,Rx,1,4,00,4D,00,00,00,00,00,00,
58292372,00000118,false,Rx,1,4,00,4E,00,00,00,00,00,00,
58302367,00000118,false,Rx,1,4,00,4F,00,00,00,00,00,00,
58312127,00000118,false,Rx,1,4,00,40,00,00,00,00,00,00,
58322349,00000118,false,Rx,1,4,00,41,00,00,00,00,00,00,
58336673,00000118,false,Rx,1,4,00,42,00,00,00,00,00,00,
58342396,00000118,false,Rx,1,4,00,43,00,00,00,00,00,00,
58352055,00000118,false,Rx,1,4,00,44,00,00,00,00,00,00,
58362326,00000118,false,Rx,1,4,00,45,00,00,00,00,00,00,
58372054,00000118,false,Rx,1,4,00,46,00,00,00,00,00,00,
58382309,00000118,false,Rx,1,4,00,47,00,00,00,00,00,00,
58391983,00000118,false,Rx,1,4,00,48,00,00,00,00,00,00,
58402315,00000118,false,Rx,1,4,00,49,00,00,00,00,00,00,
58411979,00000118,false,Rx,1,4,00,4A,00,00,00,00,00,00,
58422299,00000118,false,Rx,1,4,00,4B,00,00,00,00,00,00,
58431956,00000118,false,Rx,1,4,00,4C,00,00,00,00,00,00,
58442369,00000118,false,Rx,1,4,00,4D,00,00,00,00,00,00,
58442665,17F0000F,true,Rx,1,8,00,0F,00,00,00,00,00,00,
58451976,00000118,false,Rx,1,4,00,4E,00,00,00,00,00,00,
58462249,00000118,false,Rx,1,4,00,4F,00,00,00,00,00,00,
58471979,00000118,false,Rx,1,4,00,40,00,00,00,00,00,00,
58482232,00000118,false,Rx,1,4,00,41,00,00,00,00,00,00,
58491906,00000118,false,Rx,1,4,00,42,00,00,00,00,00,00,
58502235,00000118,false,Rx,1,4,00,43,00,00,00,00,00,00,
58511904,00000118,false,Rx,1,4,00,44,00,00,00,00,00,00,
58522220,00000118,false,Rx,1,4,00,45,00,00,00,00,00,00,
58531873,00000118,false,Rx,1,4,00,46,00,00,00,00,00,00,
58542369,00000118,false,Rx,1,4,00,47,00,00,00,00,00,00,
58551877,00000118,false,Rx,1,4,00,48,00,00,00,00,00,00,
58562169,00000118,false,Rx,1,4,00,49,00,00,00,00,00,00,
58569417,0000070F,false,Rx,0,8,03,22,2B,E4,55,55,55,55,
58571944,00000118,false,Rx,1,4,00,4A,00,00,00,00,00,00,
58582153,00000118,false,Rx,1,4,00,4B,00,00,00,00,00,00,
58584272,00000779,false,Rx,1,8,05,62,2B,E4,0D,63,AA,AA,
58591842,00000118,false,Rx,1,4,00,4C,00,00,00,00,00,00,
58602155,00000118,false,Rx,1,4,00,4D,00,00,00,00,00,00,
58611818,00000118,false,Rx,1,4,00,4E,00,00,00,00,00,00,
58622141,00000118,false,Rx,1,4,00,4F,00,00,00,00,00,00,
58631799,00000118,false,Rx,1,4,00,40,00,00,00,00,00,00,
58642106,00000118,false,Rx,1,4,00,41,00,00,00,00,00,00,
58651799,00000118,false,Rx,1,4,00,42,00,00,00,00,00,00,
58662089,00000118,false,Rx,1,4,00,43,00,00,00,00,00,00,
58671819,00000118,false,Rx,1,4,00,44,00,00,00,00,00,00,
58682073,00000118,false,Rx,1,4,00,45,00,00,00,00,00,00,
58691748,00000118,false,Rx,1,4,00,46,00,00,00,00,00,00,
58702076,00000118,false,Rx,1,4,00,47,00,00,00,00,00,00,
58711732,00000118,false,Rx,1,4,00,48,00,00,00,00,00,00,
58722062,00000118,false,Rx,1,4,00,49,00,00,00,00,00,00,
58731721,00000118,false,Rx,1,4,00,4A,00,00,00,00,00,00,
58742029,00000118,false,Rx,1,4,00,4B,00,00,00,00,00,00,
58751724,00000118,false,Rx,1,4,00,4C,00,00,00,00,00,00,
58762011,00000118,false,Rx,1,4,00,4D,00,00,00,00,00,00,
58771740,00000118,false,Rx,1,4,00,4E,00,00,00,00,00,00,
58781996,00000118,false,Rx,1,4,00,4F,00,00,00,00,00,00,
58791672,00000118,false,Rx,1,4,00,40,00,00,00,00,00,00,
58802000,00000118,false,Rx,1,4,00,41,00,00,00,00,00,00,
58811656,00000118,false,Rx,1,4,00,42,00,00,00,00,00,00,
58821984,00000118,false,Rx,1,4,00,43,00,00,00,00,00,00,
58831661,00000118,false,Rx,1,4,00,44,00,00,00,00,00,00,
58841816,00000118,false,Rx,1,4,00,45,00,00,00,00,00,00,
58851943,00000118,false,Rx,1,4,00,46,00,00,00,00,00,00,
58862536,00000118,false,Rx,1,4,00,47,00,00,00,00,00,00,
58872362,00000118,false,Rx,1,4,00,48,00,00,00,00,00,00,
58882357,00000118,false,Rx,1,4,00,49,00,00,00,00,00,00,
58887663,0000070F,false,Rx,0,8,03,22,02,8D,55,55,55,55,
58892121,00000118,false,Rx,1,4,00,4A,00,00,00,00,00,00,
58902368,00000118,false,Rx,1,4,00,4B,00,00,00,00,00,00,
58904418,00000779,false,Rx,1,8,05,62,02,8D,60,00,AA,AA,
58912129,00000118,false,Rx,1,4,00,4C,00,00,00,00,00,00,
58922376,00000118,false,Rx,1,4,00,4D,00,00,00,00,00,00,
58932120,00000118,false,Rx,1,4,00,4E,00,00,00,00,00,00,
58942364,00000118,false,Rx,1,4,00,4F,00,00,00,00,00,00,
58942902,17F0000F,true,Rx,1,8,00,0F,00,00,00,00,00,00,
58952285,00000118,false,Rx,1,4,00,40,00,00,00,00,00,00,
58962367,00000118,false,Rx,1,4,00,41,00,00,00,00,00,00,
58972124,00000118,false,Rx,1,4,00,42,00,00,00,00,00,00,
58982369,00000118,false,Rx,1,4,00,43,00,00,00,00,00,00,
58992118,00000118,false,Rx,1,4,00,44,00,00,00,00,00,00,
59002364,00000118,false,Rx,1,4,00,45,00,00,00,00,00,00,
59012119,00000118,false,Rx,1,4,00,46,00,00,00,00,00,00,
59022380,00000118,false,Rx,1,4,00,47,00,00,00,00,00,00,
59032124,00000118,false,Rx,1,4,00,48,00,00,00,00,00,00,
59042126,00000118,false,Rx,1,4,00,49,00,00,00,00,00,00,
59052151,00000118,false,Rx,1,4,00,4A,00,00,00,00,00,00,
59062126,00000118,false,Rx,1,4,00,4B,00,00,00,00,00,00,
59072127,00000118,false,Rx,1,4,00,4C,00,00,00,00,00,00,
59082609,00000118,false,Rx,1,4,00,4D,00,00,00,00,00,00,
59092366,00000118,false,Rx,1,4,00,4E,00,00,00,00,00,00,
59102610,00000118,false,Rx,1,4,00,4F,00,00,00,00,00,00,
59112366,00000118,false,Rx,1,4,00,40,00,00,00,00,00,00,
59122617,00000118,false,Rx,1,4,00,41,00,00,00,00,00,00,
59132370,00000118,false,Rx,1,4,00,42,00,00,00,00,00,00,
59142616,00000118,false,Rx,1,4,00,43,00,00,00,00,00,00,
59152358,00000118,false,Rx,1,4,00,44,00,00,00,00,00,00,
59162860,00000118,false,Rx,1,4,00,45,00,00,00,00,00,00,
59172875,00000118,false,Rx,1,4,00,46,00,00,00,00,00,00,
59182858,00000118,false,Rx,1,4,00,47,00,00,00,00,00,00,
59192615,00000118,false,Rx,1,4,00,48,00,00,00,00,00,00,
59202857,00000118,false,Rx,1,4,00,49,00,00,00,00,00,00,
59206956,0000070F,false,Rx,0,8,03,22,2B,F1,55,55,55,55,
59212624,00000118,false,Rx,1,4,00,4A,00,00,00,00,00,00,
59222864,00000118,false,Rx,1,4,00,4B,00,00,00,00,00,00,
59224908,00000779,false,Rx,1,8,05,62,2B,F1,39,69,AA,AA,
59232611,00000118,false,Rx,1,4,00,4C,00,00,00,00,00,00,
59242859,00000118,false,Rx,1,4,00,4D,00,00,00,00,00,00,
59252610,00000118,false,Rx,1,4,00,4E,00,00,00,00,00,00,
59262860,00000118,false,Rx,1,4,00,4F,00,00,00,00,00,00,
59272615,00000118,false,Rx,1,4,00,40,00,00,00,00,00,00,
59283126,00000118,false,Rx,1,4,00,41,00,00,00,00,00,00,
59292952,00000118,false,Rx,1,4,00,42,00,00,00,00,00,00,
59303128,00000118,false,Rx,1,4,00,43,00,00,00,00,00,00,
59312951,00000118,false,Rx,1,4,00,44,00,00,00,00,00,00,
59323597,00000118,false,Rx,1,4,00,45,00,00,00,00,00,00,
59338644,00000118,false,Rx,1,4,00,46,00,00,00,00,00,00,
59343195,00000118,false,Rx,1,4,00,47,00,00,00,00,00,00,
59353019,00000118,false,Rx,1,4,00,48,00,00,00,00,00,00,
59363323,00000118,false,Rx,1,4,00,49,00,00,00,00,00,00,
59372872,00000118,false,Rx,1,4,00,4A,00,00,00,00,00,00,
59383323,00000118,false,Rx,1,4,00,4B,00,00,00,00,00,00,
59392856,00000118,false,Rx,1,4,00,4C,00,00,00,00,00,00,
59403320,00000118,false,Rx,1,4,00,4D,00,00,00,00,00,00,
59412857,00000118,false,Rx,1,4,00,4E,00,00,00,00,00,00,
59423321,00000118,false,Rx,1,4,00,4F,00,00,00,00,00,00,
59432908,00000118,false,Rx,1,4,00,40,00,00,00,00,00,00,
59443075,00000118,false,Rx,1,4,00,41,00,00,00,00,00,00,
59443611,17F0000F,true,Rx,1,8,00,0F,00,00,00,00,00,00,
59452860,00000118,false,Rx,1,4,00,42,00,00,00,00,00,00,
59463080,00000118,false,Rx,1,4,00,43,00,00,00,00,00,00,
59472850,00000118,false,Rx,1,4,00,44,00,00,00,00,00,00,
59483070,00000118,false,Rx,1,4,00,45,00,00,00,00,00,00,
59492864,00000118,false,Rx,1,4,00,46,00,00,00,00,00,00,
59503067,00000118,false,Rx,1,4,00,47,00,00,00,00,00,00,
59512864,00000118,false,Rx,1,4,00,48,00,00,00,00,00,00,
59523074,00000118,false,Rx,1,4,00,49,00,00,00,00,00,00,
59524659,0000070F,false,Rx,0,8,03,22,2B,E4,55,55,55,55,
59532820,00000118,false,Rx,1,4,00,4A,00,00,00,00,00,00,
59543075,00000118,false,Rx,1,4,00,4B,00,00,00,00,00,00,
59545114,00000779,false,Rx,1,8,05,62,2B,E4,0D,63,AA,AA,
59552859,00000118,false,Rx,1,4,00,4C,00,00,00,00,00,00,
59563065,00000118,false,Rx,1,4,00,4D,00,00,00,00,00,00,
59572860,00000118,false,Rx,1,4,00,4E,00,00,00,00,00,00,
59583063,00000118,false,Rx,1,4,00,4F,00,00,00,00,00,00,
59592856,00000118,false,Rx,1,4,00,40,00,00,00,00,00,00,
59603074,00000118,false,Rx,1,4,00,41,00,00,00,00,00,00,
59612858,00000118,false,Rx,1,4,00,42,00,00,00,00,00,00,
59623067,00000118,false,Rx,1,4,00,43,00,00,00,00,00,00,
59632604,00000118,false,Rx,1,4,00,44,00,00,00,00,00,00,
59643075,00000118,false,Rx,1,4,00,45,00,00,00,00,00,00,
59652615,00000118,false,Rx,1,4,00,46,00,00,00,00,00,00,
59663066,00000118,false,Rx,1,4,00,47,00,00,00,00,00,00,
59672863,00000118,false,Rx,1,4,00,48,00,00,00,00,00,00,
59683072,00000118,false,Rx,1,4,00,49,00,00,00,00,00,00,
59692632,00000118,false,Rx,1,4,00,4A,00,00,00,00,00,00,
59703071,00000118,false,Rx,1,4,00,4B,00,00,00,00,00,00,
59712612,00000118,false,Rx,1,4,00,4C,00,00,00,00,00,00,
59723065,00000118,false,Rx,1,4,00,4D,00,00,00,00,00,00,
59732613,00000118,false,Rx,1,4,00,4E,00,00,00,00,00,00,
59742824,00000118,false,Rx,1,4,00,4F,00,00,00,00,00,00,
59752611,00000118,false,Rx,1,4,00,40,00,00,00,00,00,00,
59762820,00000118,false,Rx,1,4,00,41,00,00,00,00,00,00,
59772612,00000118,false,Rx,1,4,00,42,00,00,00,00,00,00,
59782819,00000118,false,Rx,1,4,00,43,00,00,00,00,00,00,
59792602,00000118,false,Rx,1,4,00,44,00,00,00,00,00,00,
59802817,00000118,false,Rx,1,4,00,45,00,00,00,00,00,00,
59812613,00000118,false,Rx,1,4,00,46,00,00,00,00,00,00,
59822822,00000118,false,Rx,1,4,00,47,00,00,00,00,00,00,
59832614,00000118,false,Rx,1,4,00,48,00,00,00,00,00,00,
59844600,0000070F,false,Rx,0,8,03,22,02,8D,55,55,55,55,
59844638,00000118,false,Rx,1,4,00,49,00,00,00,00,00,00,
59852583,00000118,false,Rx,1,4,00,4A,00,00,00,00,00,00,
59862776,00000118,false,Rx,1,4,00,4B,00,00,00,00,00,00,
59864951,00000779,false,Rx,1,8,05,62,02,8D,61,00,AA,AA,
59872538,00000118,false,Rx,1,4,00,4C,00,00,00,00,00,00,
59882668,00000118,false,Rx,1,4,00,4D,00,00,00,00,00,00,
59892473,00000118,false,Rx,1,4,00,4E,00,00,00,00,00,00,
59902653,00000118,false,Rx,1,4,00,4F,00,00,00,00,00,00,
59912459,00000118,false,Rx,1,4,00,40,00,00,00,00,00,00,
59922638,00000118,false,Rx,1,4,00,41,00,00,00,00,00,00,
59932440,00000118,false,Rx,1,4,00,42,00,00,00,00,00,00,
59942616,00000118,false,Rx,1,4,00,43,00,00,00,00,00,00,
59942898,17F0000F,true,Rx,1,8,00,0F,00,00,00,00,00,00,
59952464,00000118,false,Rx,1,4,00,44,00,00,00,00,00,00,
59962996,00000118,false,Rx,1,4,00,45,00,00,00,00,00,00,
59972861,00000118,false,Rx,1,4,00,46,00,00,00,00,00,00,
59982969,00000118,false,Rx,1,4,00,47,00,00,00,00,00,00,
59992791,00000118,false,Rx,1,4,00,48,00,00,00,00,00,00,
60002972,00000118,false,Rx,1,4,00,49,00,00,00,00,00,00,
60012779,00000118,false,Rx,1,4,00,4A,00,00,00,00,00,00,
60022962,00000118,false,Rx,1,4,00,4B,00,00,00,00,00,00,
60032763,00000118,false,Rx,1,4,00,4C,00,00,00,00,00,00,
60042941,00000118,false,Rx,1,4,00,4D,00,00,00,00,00,00,
60052773,00000118,false,Rx,1,4,00,4E,00,00,00,00,00,00,
60062905,00000118,false,Rx,1,4,00,4F,00,00,00,00,00,00,
60072785,00000118,false,Rx,1,4,00,40,00,00,00,00,00,00,
60082892,00000118,false,Rx,1,4,00,41,00,00,00,00,00,00,
60092712,00000118,false,Rx,1,4,00,42,00,00,00,00,00,00,
60102892,00000118,false,Rx,1,4,00,43,00,00,00,00,00,00,
60112697,00000118,false,Rx,1,4,00,44,00,00,00,00,00,00,
60122877,00000118,false,Rx,1,4,00,45,00,00,00,00,00,00,
60132679,00000118,false,Rx,1,4,00,46,00,00,00,00,00,00,
60142843,00000118,false,Rx,1,4,00,47,00,00,00,00,00,00,
60152686,00000118,false,Rx,1,4,00,48,00,00,00,00,00,00,
60163226,00000118,false,Rx,1,4,00,49,00,00,00,00,00,00,
60173105,00000118,false,Rx,1,4,00,4A,00,00,00,00,00,00,
60178629,0000070F,false,Rx,0,8,03,22,2B,F1,55,55,55,55,
60183236,00000118,false,Rx,1,4,00,4B,00,00,00,00,00,00,
60193035,00000118,false,Rx,1,4,00,4C,00,00,00,00,00,00,
60194453,00000779,false,Rx,1,8,05,62,2B,F1,9D,69,AA,AA,
60203226,00000118,false,Rx,1,4,00,4D,00,00,00,00,00,00,
60213017,00000118,false,Rx,1,4,00,4E,00,00,00,00,00,00,
60223196,00000118,false,Rx,1,4,00,4F,00,00,00,00,00,00,
60233004,00000118,false,Rx,1,4,00,40,00,00,00,00,00,00,
60243165,00000118,false,Rx,1,4,00,41,00,00,00,00,00,00,
60253007,00000118,false,Rx,1,4,00,42,00,00,00,00,00,00,
60263546,00000118,false,Rx,1,4,00,43,00,00,00,00,00,00,
60273425,00000118,false,Rx,1,4,00,44,00,00,00,00,00,00,
60283530,00000118,false,Rx,1,4,00,45,00,00,00,00,00,00,
60293351,00000118,false,Rx,1,4,00,46,00,00,00,00,00,00,
60303534,00000118,false,Rx,1,4,00,47,00,00,00,00,00,00,
60313335,00000118,false,Rx,1,4,00,48,00,00,00,00,00,00,
60323563,00000118,false,Rx,1,4,00,49,00,00,00,00,00,00,
60333289,00000118,false,Rx,1,4,00,4A,00,00,00,00,00,00,
60343558,00000118,false,Rx,1,4,00,4B,00,00,00,00,00,00,
60353366,00000118,false,Rx,1,4,00,4C,00,00,00,00,00,00,
60364095,00000118,false,Rx,1,4,00,4D,00,00,00,00,00,00,
60373727,00000118,false,Rx,1,4,00,4E,00,00,00,00,00,00,
60384339,00000118,false,Rx,1,4,00,4F,00,00,00,00,00,00,
60394039,00000118,false,Rx,1,4,00,40,00,00,00,00,00,00,
60404337,00000118,false,Rx,1,4,00,41,00,00,00,00,00,00,
60414020,00000118,false,Rx,1,4,00,42,00,00,00,00,00,00,
60424335,00000118,false,Rx,1,4,00,43,00,00,00,00,00,00,
60434024,00000118,false,Rx,1,4,00,44,00,00,00,00,00,00,
60444657,00000118,false,Rx,1,4,00,45,00,00,00,00,00,00,
60444970,17F0000F,true,Rx,1,8,00,0F,00,00,00,00,00,00,
60454492,00000118,false,Rx,1,4,00,46,00,00,00,00,00,00,
60464648,00000118,false,Rx,1,4,00,47,00,00,00,00,00,00,
60474405,00000118,false,Rx,1,4,00,48,00,00,00,00,00,00,
60484627,00000118,false,Rx,1,4,00,49,00,00,00,00,00,00,
60494340,00000118,false,Rx,1,4,00,4A,00,00,00,00,00,00,
60494978,0000070F,false,Rx,0,8,03,22,2B,E4,55,55,55,55,
60504656,00000118,false,Rx,1,4,00,4B,00,00,00,00,00,00,
60514323,00000118,false,Rx,1,4,00,4C,00,00,00,00,00,00,
60515621,00000779,false,Rx,1,8,05,62,2B,E4,0D,63,AA,AA,
60524845,00000118,false,Rx,1,4,00,4D,00,00,00,00,00,00,
60534325,00000118,false,Rx,1,4,00,4E,00,00,00,00,00,00,
60544577,00000118,false,Rx,1,4,00,4F,00,00,00,00,00,00,
60554309,00000118,false,Rx,1,4,00,40,00,00,00,00,00,00,
60564595,00000118,false,Rx,1,4,00,41,00,00,00,00,00,00,
60574327,00000118,false,Rx,1,4,00,42,00,00,00,00,00,00,
60584580,00000118,false,Rx,1,4,00,43,00,00,00,00,00,00,
60594258,00000118,false,Rx,1,4,00,44,00,00,00,00,00,00,
60604577,00000118,false,Rx,1,4,00,45,00,00,00,00,00,00,
60614239,00000118,false,Rx,1,4,00,46,00,00,00,00,00,00,
60624583,00000118,false,Rx,1,4,00,47,00,00,00,00,00,00,
60634242,00000118,false,Rx,1,4,00,48,00,00,00,00,00,00,
60644585,00000118,false,Rx,1,4,00,49,00,00,00,00,00,00,
60654230,00000118,false,Rx,1,4,00,4A,00,00,00,00,00,00,
60664596,00000118,false,Rx,1,4,00,4B,00,00,00,00,00,00,
60674270,00000118,false,Rx,1,4,00,4C,00,00,00,00,00,00,
60684585,00000118,false,Rx,1,4,00,4D,00,00,00,00,00,00,
60694197,00000118,false,Rx,1,4,00,4E,00,00,00,00,00,00,
60704590,00000118,false,Rx,1,4,00,4F,00,00,00,00,00,00,
60714184,00000118,false,Rx,1,4,00,40,00,00,00,00,00,00,
60724589,00000118,false,Rx,1,4,00,41,00,00,00,00,00,00,
60734185,00000118,false,Rx,1,4,00,42,00,00,00,00,00,00,
60744590,00000118,false,Rx,1,4,00,43,00,00,00,00,00,00,
60754169,00000118,false,Rx,1,4,00,44,00,00,00,00,00,00,
60764586,00000118,false,Rx,1,4,00,45,00,00,00,00,00,00,
60774586,00000118,false,Rx,1,4,00,46,00,00,00,00,00,00,
60784803,00000118,false,Rx,1,4,00,47,00,00,00,00,00,00,
60794478,00000118,false,Rx,1,4,00,48,00,00,00,00,00,00,
60804808,00000118,false,Rx,1,4,00,49,00,00,00,00,00,00,
60810380,0000070F,false,Rx,0,8,03,22,02,8D,55,55,55,55,
60814489,00000118,false,Rx,1,4,00,4A,00,00,00,00,00,00,
60824887,00000118,false,Rx,1,4,00,4B,00,00,00,00,00,00,
60826895,00000779,false,Rx,1,8,05,62,02,8D,62,00,AA,AA,
60834567,00000118,false,Rx,1,4,00,4C,00,00,00,00,00,00,
60844572,00000118,false,Rx,1,4,00,4D,00,00,00,00,00,00,
60854573,00000118,false,Rx,1,4,00,4E,00,00,00,00,00,00,
60864870,00000118,false,Rx,1,4,00,4F,00,00,00,00,00,00,
60874637,00000118,false,Rx,1,4,00,40,00,00,00,00,00,00,
60885115,00000118,false,Rx,1,4,00,41,00,00,00,00,00,00,
60894867,00000118,false,Rx,1,4,00,42,00,00,00,00,00,00,
60905112,00000118,false,Rx,1,4,00,43,00,00,00,00,00,00,
60914873,00000118,false,Rx,1,4,00,44,00,00,00,00,00,00,
60925109,00000118,false,Rx,1,4,00,45,00,00,00,00,00,00,
60934865,00000118,false,Rx,1,4,00,46,00,00,00,00,00,00,
60945112,00000118,false,Rx,1,4,00,47,00,00,00,00,00,00,
60945644,17F0000F,true,Rx,1,8,00,0F,00,00,00,00,00,00,
60954968,00000118,false,Rx,1,4,00,48,00,00,00,00,00,00,
60965119,00000118,false,Rx,1,4,00,49,00,00,00,00,00,00,
60974883,00000118,false,Rx,1,4,00,4A,00,00,00,00,00,00,
60985615,00000118,false,Rx,1,4,00,4B,00,00,00,00,00,00,
60995364,00000118,false,Rx,1,4,00,4C,00,00,00,00,00,00,
61005603,00000118,false,Rx,1,4,00,4D,00,00,00,00,00,00,
61015357,00000118,false,Rx,1,4,00,4E,00,00,00,00,00,00,
61025357,00000118,false,Rx,1,4,00,4F,00,00,00,00,00,00,
61035361,00000118,false,Rx,1,4,00,40,00,00,00,00,00,00,
61045354,00000118,false,Rx,1,4,00,41,00,00,00,00,00,00,
61055358,00000118,false,Rx,1,4,00,42,00,00,00,00,00,00,
61065357,00000118,false,Rx,1,4,00,43,00,00,00,00,00,00,
61075365,00000118,false,Rx,1,4,00,44,00,00,00,00,00,00,
61085843,00000118,false,Rx,1,4,00,45,00,00,00,00,00,00,
61095603,00000118,false,Rx,1,4,00,46,00,00,00,00,00,00,
61105855,00000118,false,Rx,1,4,00,47,00,00,00,00,00,00,
61115602,00000118,false,Rx,1,4,00,48,00,00,00,00,00,00,
61125855,00000118,false,Rx,1,4,00,49,00,00,00,00,00,00,
61127823,0000070F,false,Rx,0,8,03,22,2B,F1,55,55,55,55,
61135612,00000118,false,Rx,1,4,00,4A,00,00,00,00,00,00,
61145864,00000118,false,Rx,1,4,00,4B,00,00,00,00,00,00,
61147757,00000779,false,Rx,1,8,05,62,2B,F1,CF,69,AA,AA,
61155612,00000118,false,Rx,1,4,00,4C,00,00,00,00,00,00,
61165848,00000118,false,Rx,1,4,00,4D,00,00,00,00,00,00,
61175606,00000118,false,Rx,1,4,00,4E,00,00,00,00,00,00,
61185848,00000118,false,Rx,1,4,00,4F,00,00,00,00,00,00,
61195607,00000118,false,Rx,1,4,00,40,00,00,00,00,00,00,
61205846,00000118,false,Rx,1,4,00,41,00,00,00,00,00,00,
61215603,00000118,false,Rx,1,4,00,42,00,00,00,00,00,00,
61225603,00000118,false,Rx,1,4,00,43,00,00,00,00,00,00,
61235611,00000118,false,Rx,1,4,00,44,00,00,00,00,00,00,
61245597,00000118,false,Rx,1,4,00,45,00,00,00,00,00,00,
61255602,00000118,false,Rx,1,4,00,46,00,00,00,00,00,00,
61265614,00000118,false,Rx,1,4,00,47,00,00,00,00,00,00,
61275600,00000118,false,Rx,1,4,00,48,00,00,00,00,00,00,
61285947,00000118,false,Rx,1,4,00,49,00,00,00,00,00,00,
61295853,00000118,false,Rx,1,4,00,4A,00,00,00,00,00,00,
61305950,00000118,false,Rx,1,4,00,4B,00,00,00,00,00,00,
61315859,00000118,false,Rx,1,4,00,4C,00,00,00,00,00,00,
61326050,00000118,false,Rx,1,4,00,4D,00,00,00,00,00,00,
61338811,00000118,false,Rx,1,4,00,4E,00,00,00,00,00,00,
61345976,00000118,false,Rx,1,4,00,4F,00,00,00,00,00,00,
61355673,00000118,false,Rx,1,4,00,40,00,00,00,00,00,00,
61365950,00000118,false,Rx,1,4,00,41,00,00,00,00,00,00,
61375678,00000118,false,Rx,1,4,00,42,00,00,00,00,00,00,
61385944,00000118,false,Rx,1,4,00,43,00,00,00,00,00,00,
61395598,00000118,false,Rx,1,4,00,44,00,00,00,00,00,00,
61405947,00000118,false,Rx,1,4,00,45,00,00,00,00,00,00,
61415582,00000118,false,Rx,1,4,00,46,00,00,00,00,00,00,
61425909,00000118,false,Rx,1,4,00,47,00,00,00,00,00,00,
61435565,00000118,false,Rx,1,4,00,48,00,00,00,00,00,00,
61445154,0000070F,false,Rx,0,8,03,22,2B,E4,55,55,55,55,
61445898,00000118,false,Rx,1,4,00,49,00,00,00,00,00,00,
61446197,17F0000F,true,Rx,1,8,00,0F,00,00,00,00,00,00,
61455580,00000118,false,Rx,1,4,00,4A,00,00,00,00,00,00,
61456885,00000779,false,Rx,1,8,05,62,2B,E4,0D,63,AA,AA,
61465874,00000118,false,Rx,1,4,00,4B,00,00,00,00,00,00,
61475591,00000118,false,Rx,1,4,00,4C,00,00,00,00,00,00,
61485851,00000118,false,Rx,1,4,00,4D,00,00,00,00,00,00,
61495518,00000118,false,Rx,1,4,00,4E,00,00,00,00,00,00,
61505845,00000118,false,Rx,1,4,00,4F,00,00,00,00,00,00,
61515506,00000118,false,Rx,1,4,00,40,00,00,00,00,00,00,
61525833,00000118,false,Rx,1,4,00,41,00,00,00,00,00,00,
61535487,00000118,false,Rx,1,4,00,42,00,00,00,00,00,00,
61545795,00000118,false,Rx,1,4,00,43,00,00,00,00,00,00,
61555489,00000118,false,Rx,1,4,00,44,00,00,00,00,00,00,
61565778,00000118,false,Rx,1,4,00,45,00,00,00,00,00,00,
61575507,00000118,false,Rx,1,4,00,46,00,00,00,00,00,00,
61585768,00000118,false,Rx,1,4,00,47,00,00,00,00,00,00,
61595436,00000118,false,Rx,1,4,00,48,00,00,00,00,00,00,
61605766,00000118,false,Rx,1,4,00,49,00,00,00,00,00,00,
61615424,00000118,false,Rx,1,4,00,4A,00,00,00,00,00,00,
61625752,00000118,false,Rx,1,4,00,4B,00,00,00,00,00,00,
61635408,00000118,false,Rx,1,4,00,4C,00,00,00,00,00,00,
61645715,00000118,false,Rx,1,4,00,4D,00,00,00,00,00,00,
61655408,00000118,false,Rx,1,4,00,4E,00,00,00,00,00,00,
61665697,00000118,false,Rx,1,4,00,4F,00,00,00,00,00,00,
61675431,00000118,false,Rx,1,4,00,40,00,00,00,00,00,00,
61685686,00000118,false,Rx,1,4,00,41,00,00,00,00,00,00,
61695358,00000118,false,Rx,1,4,00,42,00,00,00,00,00,00,
61705686,00000118,false,Rx,1,4,00,43,00,00,00,00,00,00,
61715343,00000118,false,Rx,1,4,00,44,00,00,00,00,00,00,
61725669,00000118,false,Rx,1,4,00,45,00,00,00,00,00,00,
61735323,00000118,false,Rx,1,4,00,46,00,00,00,00,00,00,
61745635,00000118,false,Rx,1,4,00,47,00,00,00,00,00,00,
61755326,00000118,false,Rx,1,4,00,48,00,00,00,00,00,00,
61762779,0000070F,false,Rx,0,8,03,22,02,8D,55,55,55,55,
61765643,00000118,false,Rx,1,4,00,49,00,00,00,00,00,00,
61775350,00000118,false,Rx,1,4,00,4A,00,00,00,00,00,00,
61776648,00000779,false,Rx,1,8,05,62,02,8D,63,00,AA,AA,
61785618,00000118,false,Rx,1,4,00,4B,00,00,00,00,00,00,
61795280,00000118,false,Rx,1,4,00,4C,00,00,00,00,00,00,
61805605,00000118,false,Rx,1,4,00,4D,00,00,00,00,00,00,
61815262,00000118,false,Rx,1,4,00,4E,00,00,00,00,00,00,
61825635,00000118,false,Rx,1,4,00,4F,00,00,00,00,00,00,
61839547,00000118,false,Rx,1,4,00,40,00,00,00,00,00,00,
61845604,00000118,false,Rx,1,4,00,41,00,00,00,00,00,00,
61855255,00000118,false,Rx,1,4,00,42,00,00,00,00,00,00,
61865630,00000118,false,Rx,1,4,00,43,00,00,00,00,00,00,
61875269,00000118,false,Rx,1,4,00,44,00,00,00,00,00,00,
61885521,00000118,false,Rx,1,4,00,45,00,00,00,00,00,00,
61895205,00000118,false,Rx,1,4,00,46,00,00,00,00,00,00,
61905525,00000118,false,Rx,1,4,00,47,00,00,00,00,00,00,
61915179,00000118,false,Rx,1,4,00,48,00,00,00,00,00,00,
61925509,00000118,false,Rx,1,4,00,49,00,00,00,00,00,00,
61935168,00000118,false,Rx,1,4,00,4A,00,00,00,00,00,00,
61945475,00000118,false,Rx,1,4,00,4B,00,00,00,00,00,00,
61945771,17F0000F,true,Rx,1,8,00,0F,00,00,00,00,00,00,
61955180,00000118,false,Rx,1,4,00,4C,00,00,00,00,00,00,
61965462,00000118,false,Rx,1,4,00,4D,00,00,00,00,00,00,
61975187,00000118,false,Rx,1,4,00,4E,00,00,00,00,00,00,
61985441,00000118,false,Rx,1,4,00,4F,00,00,00,00,00,00,
61995130,00000118,false,Rx,1,4,00,40,00,00,00,00,00,00,
62005449,00000118,false,Rx,1,4,00,41,00,00,00,00,00,00,
62015101,00000118,false,Rx,1,4,00,42,00,00,00,00,00,00,
62025428,00000118,false,Rx,1,4,00,43,00,00,00,00,00,00,
62035085,00000118,false,Rx,1,4,00,44,00,00,00,00,00,00,
62045392,00000118,false,Rx,1,4,00,45,00,00,00,00,00,00,
62055085,00000118,false,Rx,1,4,00,46,00,00,00,00,00,00,
62065377,00000118,false,Rx,1,4,00,47,00,00,00,00,00,00,
62075107,00000118,false,Rx,1,4,00,48,00,00,00,00,00,00,
62076874,0000070F,false,Rx,0,8,03,22,2B,F1,55,55,55,55,
62085387,00000118,false,Rx,1,4,00,49,00,00,00,00,00,00,
62095045,00000118,false,Rx,1,4,00,4A,00,00,00,00,00,00,
62096335,00000779,false,Rx,1,8,05,62,2B,F1,29,6A,AA,AA,
62105377,00000118,false,Rx,1,4,00,4B,00,00,00,00,00,00,
62115022,00000118,false,Rx,1,4,00,4C,00,00,00,00,00,00,
62125348,00000118,false,Rx,1,4,00,4D,00,00,00,00,00,00,
62135005,00000118,false,Rx,1,4,00,4E,00,00,00,00,00,00,
62145313,00000118,false,Rx,1,4,00,4F,00,00,00,00,00,00,
62155010,00000118,false,Rx,1,4,00,40,00,00,00,00,00,00,
62165300,00000118,false,Rx,1,4,00,41,00,00,00,00,00,00,
62175028,00000118,false,Rx,1,4,00,42,00,00,00,00,00,00,
62185281,00000118,false,Rx,1,4,00,43,00,00,00,00,00,00,
62194957,00000118,false,Rx,1,4,00,44,00,00,00,00,00,00,
62205288,00000118,false,Rx,1,4,00,45,00,00,00,00,00,00,
62214950,00000118,false,Rx,1,4,00,46,00,00,00,00,00,00,
62225266,00000118,false,Rx,1,4,00,47,00,00,00,00,00,00,
62234943,00000118,false,Rx,1,4,00,48,00,00,00,00,00,00,
62245233,00000118,false,Rx,1,4,00,49,00,00,00,00,00,00,
62254948,00000118,false,Rx,1,4,00,4A,00,00,00,00,00,00,
62265217,00000118,false,Rx,1,4,00,4B,00,00,00,00,00,00,
62274952,00000118,false,Rx,1,4,00,4C,00,00,00,00,00,00,
62285201,00000118,false,Rx,1,4,00,4D,00,00,00,00,00,00,
62294876,00000118,false,Rx,1,4,00,4E,00,00,00,00,00,00,
62305206,00000118,false,Rx,1,4,00,4F,00,00,00,00,00,00,
62314863,00000118,false,Rx,1,4,00,40,00,00,00,00,00,00,
62325267,00000118,false,Rx,1,4,00,41,00,00,00,00,00,00,
62337406,00000118,false,Rx,1,4,00,42,00,00,00,00,00,00,
62345190,00000118,false,Rx,1,4,00,43,00,00,00,00,00,00,
62354849,00000118,false,Rx,1,4,00,44,00,00,00,00,00,00,
62365155,00000118,false,Rx,1,4,00,45,00,00,00,00,00,00,
62374845,00000118,false,Rx,1,4,00,46,00,00,00,00,00,00,
62385119,00000118,false,Rx,1,4,00,47,00,00,00,00,00,00,
62394813,00000118,false,Rx,1,4,00,48,00,00,00,00,00,00,
62405109,00000118,false,Rx,1,4,00,49,00,00,00,00,00,00,
62408255,0000070F,false,Rx,0,8,03,22,2B,E4,55,55,55,55,
62414827,00000118,false,Rx,1,4,00,4A,00,00,00,00,00,00,
62425090,00000118,false,Rx,1,4,00,4B,00,00,00,00,00,00,
62427207,00000779,false,Rx,1,8,05,62,2B,E4,0D,63,AA,AA,
62434778,00000118,false,Rx,1,4,00,4C,00,00,00,00,00,00,
62445092,00000118,false,Rx,1,4,00,4D,00,00,00,00,00,00,
62445388,17F0000F,true,Rx,1,8,00,0F,00,00,00,00,00,00,
62454755,00000118,false,Rx,1,4,00,4E,00,00,00,00,00,00,
62465084,00000118,false,Rx,1,4,00,4F,00,00,00,00,00,00,
62474770,00000118,false,Rx,1,4,00,40,00,00,00,00,00,00,
62485041,00000118,false,Rx,1,4,00,41,00,00,00,00,00,00,
62494735,00000118,false,Rx,1,4,00,42,00,00,00,00,00,00,
62505031,00000118,false,Rx,1,4,00,43,00,00,00,00,00,00,
62514719,00000118,false,Rx,1,4,00,44,00,00,00,00,00,00,
62525007,00000118,false,Rx,1,4,00,45,00,00,00,00,00,00,
62534682,00000118,false,Rx,1,4,00,46,00,00,00,00,00,00,
62545010,00000118,false,Rx,1,4,00,47,00,00,00,00,00,00,
62554666,00000118,false,Rx,1,4,00,48,00,00,00,00,00,00,
62564994,00000118,false,Rx,1,4,00,49,00,00,00,00,00,00,
62574690,00000118,false,Rx,1,4,00,4A,00,00,00,00,00,00,
62584963,00000118,false,Rx,1,4,00,4B,00,00,00,00,00,00,
62594657,00000118,false,Rx,1,4,00,4C,00,00,00,00,00,00,
62604952,00000118,false,Rx,1,4,00,4D,00,00,00,00,00,00,
62614638,00000118,false,Rx,1,4,00,4E,00,00,00,00,00,00,
62624947,00000118,false,Rx,1,4,00,4F,00,00,00,00,00,00,
62634605,00000118,false,Rx,1,4,00,40,00,00,00,00,00,00,
62644949,00000118,false,Rx,1,4,00,41,00,00,00,00,00,00,
62654587,00000118,false,Rx,1,4,00,42,00,00,00,00,00,00,
62664913,00000118,false,Rx,1,4,00,43,00,00,00,00,00,00,
62674606,00000118,false,Rx,1,4,00,44,00,00,00,00,00,00,
62684878,00000118,false,Rx,1,4,00,45,00,00,00,00,00,00,
62694572,00000118,false,Rx,1,4,00,46,00,00,00,00,00,00,
62704863,00000118,false,Rx,1,4,00,47,00,00,00,00,00,00,
62714557,00000118,false,Rx,1,4,00,48,00,00,00,00,00,00,
62724730,0000070F,false,Rx,0,8,03,22,02,8D,55,55,55,55,
62724847,00000118,false,Rx,1,4,00,49,00,00,00,00,00,00,
62734549,00000118,false,Rx,1,4,00,4A,00,00,00,00,00,00,
62744851,00000118,false,Rx,1,4,00,4B,00,00,00,00,00,00,
62746974,00000779,false,Rx,1,8,05,62,02,8D,64,00,AA,AA,
62754519,00000118,false,Rx,1,4,00,4C,00,00,00,00,00,00,
62764834,00000118,false,Rx,1,4,00,4D,00,00,00,00,00,00,
62774525,00000118,false,Rx,1,4,00,4E,00,00,00,00,00,00,
62784799,00000118,false,Rx,1,4,00,4F,00,00,00,00,00,00,
62794496,00000118,false,Rx,1,4,00,40,00,00,00,00,00,00,
62804785,00000118,false,Rx,1,4,00,41,00,00,00,00,00,00,
62814461,00000118,false,Rx,1,4,00,42,00,00,00,00,00,00,
62824822,00000118,false,Rx,1,4,00,43,00,00,00,00,00,00,
62838487,00000118,false,Rx,1,4,00,44,00,00,00,00,00,00,
62845668,00000118,false,Rx,1,4,00,45,00,00,00,00,00,00,
62854439,00000118,false,Rx,1,4,00,46,00,00,00,00,00,00,
62864977,00000118,false,Rx,1,4,00,47,00,00,00,00,00,00,
62874499,00000118,false,Rx,1,4,00,48,00,00,00,00,00,00,
62884718,00000118,false,Rx,1,4,00,49,00,00,00,00,00,00,
62894415,00000118,false,Rx,1,4,00,4A,00,00,00,00,00,00,
62904703,00000118,false,Rx,1,4,00,4B,00,00,00,00,00,00,
62914389,00000118,false,Rx,1,4,00,4C,00,00,00,00,00,00,
62924708,00000118,false,Rx,1,4,00,4D,00,00,00,00,00,00,
62934362,00000118,false,Rx,1,4,00,4E,00,00,00,00,00,00,
62944689,00000118,false,Rx,1,4,00,4F,00,00,00,00,00,00,
62944985,17F0000F,true,Rx,1,8,00,0F,00,00,00,00,00,00,
62954354,00000118,false,Rx,1,4,00,40,00,00,00,00,00,00,
62964665,00000118,false,Rx,1,4,00,41,00,00,00,00,00,00,
62974384,00000118,false,Rx,1,4,00,42,00,00,00,00,00,00,
62984638,00000118,false,Rx,1,4,00,43,00,00,00,00,00,00,
62994332,00000118,false,Rx,1,4,00,44,00,00,00,00,00,00,
63004624,00000118,false,Rx,1,4,00,45,00,00,00,00,00,00,
63014304,00000118,false,Rx,1,4,00,46,00,00,00,00,00,00,
63024627,00000118,false,Rx,1,4,00,47,00,00,00,00,00,00,
63034279,00000118,false,Rx,1,4,00,48,00,00,00,00,00,00,
63044608,00000118,false,Rx,1,4,00,49,00,00,00,00,00,00,
63047140,0000070F,false,Rx,0,8,03,22,2B,F1,55,55,55,55,
63054291,00000118,false,Rx,1,4,00,4A,00,00,00,00,00,00,
63064575,00000118,false,Rx,1,4,00,4B,00,00,00,00,00,00,
63066691,00000779,false,Rx,1,8,05,62,2B,F1,8D,6A,AA,AA,
63074320,00000118,false,Rx,1,4,00,4C,00,00,00,00,00,00,
63084559,00000118,false,Rx,1,4,00,4D,00,00,00,00,00,00,
63094252,00000118,false,Rx,1,4,00,4E,00,00,00,00,00,00,
63104541,00000118,false,Rx,1,4,00,4F,00,00,00,00,00,00,
63114218,00000118,false,Rx,1,4,00,40,00,00,00,00,00,00,
63124545,00000118,false,Rx,1,4,00,41,00,00,00,00,00,00,
63134200,00000118,false,Rx,1,4,00,42,00,00,00,00,00,00,
63144527,00000118,false,Rx,1,4,00,43,00,00,00,00,00,00,
63154185,00000118,false,Rx,1,4,00,44,00,00,00,00,00,00,
63164493,00000118,false,Rx,1,4,00,45,00,00,00,00,00,00,
63174222,00000118,false,Rx,1,4,00,46,00,00,00,00,00,00,
63184477,00000118,false,Rx,1,4,00,47,00,00,00,00,00,00,
63194169,00000118,false,Rx,1,4,00,48,00,00,00,00,00,00,
63204459,00000118,false,Rx,1,4,00,49,00,00,00,00,00,00,
63214136,00000118,false,Rx,1,4,00,4A,00,00,00,00,00,00,
63224465,00000118,false,Rx,1,4,00,4B,00,00,00,00,00,00,
63234123,00000118,false,Rx,1,4,00,4C,00,00,00,00,00,00,
63244447,00000118,false,Rx,1,4,00,4D,00,00,00,00,00,00,
63254103,00000118,false,Rx,1,4,00,4E,00,00,00,00,00,00,
63264412,00000118,false,Rx,1,4,00,4F,00,00,00,00,00,00,
63274145,00000118,false,Rx,1,4,00,40,00,00,00,00,00,00,
63284399,00000118,false,Rx,1,4,00,41,00,00,00,00,00,00,
63294090,00000118,false,Rx,1,4,00,42,00,00,00,00,00,00,
63304379,00000118,false,Rx,1,4,00,43,00,00,00,00,00,00,
63314056,00000118,false,Rx,1,4,00,44,00,00,00,00,00,00,
63324425,00000118,false,Rx,1,4,00,45,00,00,00,00,00,00,
63336719,00000118,false,Rx,1,4,00,46,00,00,00,00,00,00,
63344409,00000118,false,Rx,1,4,00,47,00,00,00,00,00,00,
63354024,00000118,false,Rx,1,4,00,48,00,00,00,00,00,00,
63364331,00000118,false,Rx,1,4,00,49,00,00,00,00,00,00,
63374062,00000118,false,Rx,1,4,00,4A,00,00,00,00,00,00,
63374241,0000070F,false,Rx,0,8,03,22,2B,E4,55,55,55,55,
63384343,00000118,false,Rx,1,4,00,4B,00,00,00,00,00,00,
63394012,00000118,false,Rx,1,4,00,4C,00,00,00,00,00,00,
63395309,00000779,false,Rx,1,8,05,62,2B,E4,0D,63,AA,AA,
63404312,00000118,false,Rx,1,4,00,4D,00,00,00,00,00,00,
63413976,00000118,false,Rx,1,4,00,4E,00,00,00,00,00,00,
63424373,00000118,false,Rx,1,4,00,4F,00,00,00,00,00,00,
63433962,00000118,false,Rx,1,4,00,40,00,00,00,00,00,00,
63444289,00000118,false,Rx,1,4,00,41,00,00,00,00,00,00,
63444585,17F0000F,true,Rx,1,8,00,0F,00,00,00,00,00,00,
63453954,00000118,false,Rx,1,4,00,42,00,00,00,00,00,00,
63464260,00000118,false,Rx,1,4,00,43,00,00,00,00,00,00,
63473981,00000118,false,Rx,1,4,00,44,00,00,00,00,00,00,
63484233,00000118,false,Rx,1,4,00,45,00,00,00,00,00,00,
63493946,00000118,false,Rx,1,4,00,46,00,00,00,00,00,00,
63504219,00000118,false,Rx,1,4,00,47,00,00,00,00,00,00,
63513892,00000118,false,Rx,1,4,00,48,00,00,00,00,00,00,
63524222,00000118,false,Rx,1,4,00,49,00,00,00,00,00,00,
63533888,00000118,false,Rx,1,4,00,4A,00,00,00,00,00,00,
63544208,00000118,false,Rx,1,4,00,4B,00,00,00,00,00,00,
63553864,00000118,false,Rx,1,4,00,4C,00,00,00,00,00,00,
63564170,00000118,false,Rx,1,4,00,4D,00,00,00,00,00,00,
63573903,00000118,false,Rx,1,4,00,4E,00,00,00,00,00,00,
63584154,00000118,false,Rx,1,4,00,4F,00,00,00,00,00,00,
63593849,00000118,false,Rx,1,4,00,40,00,00,00,00,00,00,
63604140,00000118,false,Rx,1,4,00,41,00,00,00,00,00,00,
63613814,00000118,false,Rx,1,4,00,42,00,00,00,00,00,00,
63624141,00000118,false,Rx,1,4,00,43,00,00,00,00,00,00,
63633804,00000118,false,Rx,1,4,00,44,00,00,00,00,00,00,
63644125,00000118,false,Rx,1,4,00,45,00,00,00,00,00,00,
63653780,00000118,false,Rx,1,4,00,46,00,00,00,00,00,00,
63664089,00000118,false,Rx,1,4,00,47,00,00,00,00,00,00,
63673816,00000118,false,Rx,1,4,00,48,00,00,00,00,00,00,
63684073,00000118,false,Rx,1,4,00,49,00,00,00,00,00,00,
63693771,00000118,false,Rx,1,4,00,4A,00,00,00,00,00,00,
63704059,00000118,false,Rx,1,4,00,4B,00,00,00,00,00,00,
63704618,0000070F,false,Rx,0,8,03,22,02,8D,55,55,55,55,
63713759,00000118,false,Rx,1,4,00,4C,00,00,00,00,00,00,
63724060,00000118,false,Rx,1,4,00,4D,00,00,00,00,00,00,
63726180,00000779,false,Rx,1,8,05,62,02,8D,64,00,AA,AA,
63733730,00000118,false,Rx,1,4,00,4E,00,00,00,00,00,00,
63744044,00000118,false,Rx,1,4,00,4F,00,00,00,00,00,00,
63753703,00000118,false,Rx,1,4,00,40,00,00,00,00,00,00,
63764011,00000118,false,Rx,1,4,00,41,00,00,00,00,00,00,
63773739,00000118,false,Rx,1,4,00,42,00,00,00,00,00,00,
63783993,00000118,false,Rx,1,4,00,43,00,00,00,00,00,00,
63793689,00000118,false,Rx,1,4,00,44,00,00,00,00,00,00,
63803977,00000118,false,Rx,1,4,00,45,00,00,00,00,00,00,
63813650,00000118,false,Rx,1,4,00,46,00,00,00,00,00,00,
63824030,00000118,false,Rx,1,4,00,47,00,00,00,00,00,00,
63833673,00000118,false,Rx,1,4,00,48,00,00,00,00,00,00,
63843897,00000118,false,Rx,1,4,00,49,00,00,00,00,00,00,
63853732,00000118,false,Rx,1,4,00,4A,00,00,00,00,00,00,
63864004,00000118,false,Rx,1,4,00,4B,00,00,00,00,00,00,
63873717,00000118,false,Rx,1,4,00,4C,00,00,00,00,00,00,
63884335,00000118,false,Rx,1,4,00,4D,00,00,00,00,00,00,
63894045,00000118,false,Rx,1,4,00,4E,00,00,00,00,00,00,
63904340,00000118,false,Rx,1,4,00,4F,00,00,00,00,00,00,
63914010,00000118,false,Rx,1,4,00,40,00,00,00,00,00,00,
63924346,00000118,false,Rx,1,4,00,41,00,00,00,00,00,00,
63933992,00000118,false,Rx,1,4,00,42,00,00,00,00,00,00,
63944352,00000118,false,Rx,1,4,00,43,00,00,00,00,00,00,
63944883,17F0000F,true,Rx,1,8,00,0F,00,00,00,00,00,00,
63954005,00000118,false,Rx,1,4,00,44,00,00,00,00,00,00,
63964349,00000118,false,Rx,1,4,00,45,00,00,00,00,00,00,
63974012,00000118,false,Rx,1,4,00,46,00,00,00,00,00,00,
63984339,00000118,false,Rx,1,4,00,47,00,00,00,00,00,00,
63993961,00000118,false,Rx,1,4,00,48,00,00,00,00,00,00,
64004334,00000118,false,Rx,1,4,00,49,00,00,00,00,00,00,
64014332,00000118,false,Rx,1,4,00,4A,00,00,00,00,00,00,
64022211,0000070F,false,Rx,0,8,03,22,2B,F1,55,55,55,55,
64024626,00000118,false,Rx,1,4,00,4B,00,00,00,00,00,00,
64034295,00000118,false,Rx,1,4,00,4C,00,00,00,00,00,00,
64035592,00000779,false,Rx,1,8,05,62,2B,F1,BF,6A,AA,AA,
64044597,00000118,false,Rx,1,4,00,4D,00,00,00,00,00,00,
64054296,00000118,false,Rx,1,4,00,4E,00,00,00,00,00,00,
64064629,00000118,false,Rx,1,4,00,4F,00,00,00,00,00,00,
64074316,00000118,false,Rx,1,4,00,40,00,00,00,00,00,00,
64084583,00000118,false,Rx,1,4,00,41,00,00,00,00,00,00,
64094263,00000118,false,Rx,1,4,00,42,00,00,00,00,00,00,
64104582,00000118,false,Rx,1,4,00,43,00,00,00,00,00,00,
64114228,00000118,false,Rx,1,4,00,44,00,00,00,00,00,00,
64124630,00000118,false,Rx,1,4,00,45,00,00,00,00,00,00,
64134228,00000118,false,Rx,1,4,00,46,00,00,00,00,00,00,
64144601,00000118,false,Rx,1,4,00,47,00,00,00,00,00,00,
64154632,00000118,false,Rx,1,4,00,48,00,00,00,00,00,00,
64164884,00000118,false,Rx,1,4,00,49,00,00,00,00,00,00,
64174617,00000118,false,Rx,1,4,00,4A,00,00,00,00,00,00,
64184871,00000118,false,Rx,1,4,00,4B,00,00,00,00,00,00,
64194566,00000118,false,Rx,1,4,00,4C,00,00,00,00,00,00,
64204853,00000118,false,Rx,1,4,00,4D,00,00,00,00,00,00,
64214529,00000118,false,Rx,1,4,00,4E,00,00,00,00,00,00,
64224856,00000118,false,Rx,1,4,00,4F,00,00,00,00,00,00,
64234514,00000118,false,Rx,1,4,00,40,00,00,00,00,00,00,
64244835,00000118,false,Rx,1,4,00,41,00,00,00,00,00,00,
64254515,00000118,false,Rx,1,4,00,42,00,00,00,00,00,00,
64264804,00000118,false,Rx,1,4,00,43,00,00,00,00,00,00,
64274534,00000118,false,Rx,1,4,00,44,00,00,00,00,00,00,
64284788,00000118,false,Rx,1,4,00,45,00,00,00,00,00,00,
64294481,00000118,false,Rx,1,4,00,46,00,00,00,00,00,00,
64304772,00000118,false,Rx,1,4,00,47,00,00,00,00,00,00,
64314446,00000118,false,Rx,1,4,00,48,00,00,00,00,00,00,
64325522,00000118,false,Rx,1,4,00,49,00,00,00,00,00,00,
64340090,0000070F,false,Rx,0,8,03,22,2B,E4,55,55,55,55,
64340125,00000118,false,Rx,1,4,00,4A,00,00,00,00,00,00,
64344895,00000118,false,Rx,1,4,00,4B,00,00,00,00,00,00,
64354475,00000118,false,Rx,1,4,00,4C,00,00,00,00,00,00,
64355752,00000779,false,Rx,1,8,05,62,2B,E4,0D,63,AA,AA,
64364718,00000118,false,Rx,1,4,00,4D,00,00,00,00,00,00,
64374471,00000118,false,Rx,1,4,00,4E,00,00,00,00,00,00,
64384691,00000118,false,Rx,1,4,00,4F,00,00,00,00,00,00,
64394421,00000118,false,Rx,1,4,00,40,00,00,00,00,00,00,
64404677,00000118,false,Rx,1,4,00,41,00,00,00,00,00,00,
64414385,00000118,false,Rx,1,4,00,42,00,00,00,00,00,00,
64424676,00000118,false,Rx,1,4,00,43,00,00,00,00,00,00,
64434368,00000118,false,Rx,1,4,00,44,00,00,00,00,00,00,
64444833,00000118,false,Rx,1,4,00,45,00,00,00,00,00,00,
64445129,17F0000F,true,Rx,1,8,00,0F,00,00,00,00,00,00,
64454385,00000118,false,Rx,1,4,00,46,00,00,00,00,00,00,
64464632,00000118,false,Rx,1,4,00,47,00,00,00,00,00,00,
64474388,00000118,false,Rx,1,4,00,48,00,00,00,00,00,00,
64484609,00000118,false,Rx,1,4,00,49,00,00,00,00,00,00,
64494342,00000118,false,Rx,1,4,00,4A,00,00,00,00,00,00,
64504595,00000118,false,Rx,1,4,00,4B,00,00,00,00,00,00,
64514306,00000118,false,Rx,1,4,00,4C,00,00,00,00,00,00,
64524595,00000118,false,Rx,1,4,00,4D,00,00,00,00,00,00,
64534289,00000118,false,Rx,1,4,00,4E,00,00,00,00,00,00,
64544590,00000118,false,Rx,1,4,00,4F,00,00,00,00,00,00,
64554303,00000118,false,Rx,1,4,00,40,00,00,00,00,00,00,
64564588,00000118,false,Rx,1,4,00,41,00,00,00,00,00,00,
64574311,00000118,false,Rx,1,4,00,42,00,00,00,00,00,00,
64584591,00000118,false,Rx,1,4,00,43,00,00,00,00,00,00,
64594258,00000118,false,Rx,1,4,00,44,00,00,00,00,00,00,
64604587,00000118,false,Rx,1,4,00,45,00,00,00,00,00,00,
64614221,00000118,false,Rx,1,4,00,46,00,00,00,00,00,00,
64624590,00000118,false,Rx,1,4,00,47,00,00,00,00,00,00,
64634205,00000118,false,Rx,1,4,00,48,00,00,00,00,00,00,
64644584,00000118,false,Rx,1,4,00,49,00,00,00,00,00,00,
64654635,00000118,false,Rx,1,4,00,4A,00,00,00,00,00,00,
64658883,0000070F,false,Rx,0,8,03,22,02,8D,55,55,55,55,
64664907,00000118,false,Rx,1,4,00,4B,00,00,00,00,00,00,
64674613,00000118,false,Rx,1,4,00,4C,00,00,00,00,00,00,
64675911,00000779,false,Rx,1,8,05,62,02,8D,65,00,AA,AA,
64684875,00000118,false,Rx,1,4,00,4D,00,00,00,00,00,00,
64694560,00000118,false,Rx,1,4,00,4E,00,00,00,00,00,00,
64704850,00000118,false,Rx,1,4,00,4F,00,00,00,00,00,00,
64714528,00000118,false,Rx,1,4,00,40,00,00,00,00,00,00,
64724855,00000118,false,Rx,1,4,00,41,00,00,00,00,00,00,
64734508,00000118,false,Rx,1,4,00,42,00,00,00,00,00,00,
64744840,00000118,false,Rx,1,4,00,43,00,00,00,00,00,00,
64754516,00000118,false,Rx,1,4,00,44,00,00,00,00,00,00,
64764803,00000118,false,Rx,1,4,00,45,00,00,00,00,00,00,
64774529,00000118,false,Rx,1,4,00,46,00,00,00,00,00,00,
64784784,00000118,false,Rx,1,4,00,47,00,00,00,00,00,00,
64794477,00000118,false,Rx,1,4,00,48,00,00,00,00,00,00,
64804768,00000118,false,Rx,1,4,00,49,00,00,00,00,00,00,
64814446,00000118,false,Rx,1,4,00,4A,00,00,00,00,00,00,
64824773,00000118,false,Rx,1,4,00,4B,00,00,00,00,00,00,
64834523,00000118,false,Rx,1,4,00,4C,00,00,00,00,00,00,
64847296,00000118,false,Rx,1,4,00,4D,00,00,00,00,00,00,
64854545,00000118,false,Rx,1,4,00,4E,00,00,00,00,00,00,
64864771,00000118,false,Rx,1,4,00,4F,00,00,00,00,00,00,
64874507,00000118,false,Rx,1,4,00,40,00,00,00,00,00,00,
64885050,00000118,false,Rx,1,4,00,41,00,00,00,00,00,00,
64894853,00000118,false,Rx,1,4,00,42,00,00,00,00,00,00,
64905033,00000118,false,Rx,1,4,00,43,00,00,00,00,00,00,
64914837,00000118,false,Rx,1,4,00,44,00,00,00,00,00,00,
64924997,00000118,false,Rx,1,4,00,45,00,00,00,00,00,00,
64934836,00000118,false,Rx,1,4,00,46,00,00,00,00,00,00,
64944981,00000118,false,Rx,1,4,00,47,00,00,00,00,00,00,
64945277,17F0000F,true,Rx,1,8,00,0F,00,00,00,00,00,00,
64954832,00000118,false,Rx,1,4,00,48,00,00,00,00,00,00,
64965402,00000118,false,Rx,1,4,00,49,00,00,00,00,00,00,
64975378,00000118,false,Rx,1,4,00,4A,00,00,00,00,00,00,
64975572,0000070F,false,Rx,0,8,03,22,2B,F1,55,55,55,55,
64985794,00000118,false,Rx,1,4,00,4B,00,00,00,00,00,00,
64995973,00000118,false,Rx,1,4,00,4C,00,00,00,00,00,00,
64997453,00000779,false,Rx,1,8,05,62,2B,F1,23,6B,AA,AA,
65006162,00000118,false,Rx,1,4,00,4D,00,00,00,00,00,00,
65015955,00000118,false,Rx,1,4,00,4E,00,00,00,00,00,00,
65026134,00000118,false,Rx,1,4,00,4F,00,00,00,00,00,00,
65035950,00000118,false,Rx,1,4,00,40,00,00,00,00,00,00,
65046101,00000118,false,Rx,1,4,00,41,00,00,00,00,00,00,
65055951,00000118,false,Rx,1,4,00,42,00,00,00,00,00,00,
65066488,00000118,false,Rx,1,4,00,43,00,00,00,00,00,00,
65076360,00000118,false,Rx,1,4,00,44,00,00,00,00,00,00,
65086468,00000118,false,Rx,1,4,00,45,00,00,00,00,00,00,
65096288,00000118,false,Rx,1,4,00,46,00,00,00,00,00,00,
65106470,00000118,false,Rx,1,4,00,47,00,00,00,00,00,00,
65116272,00000118,false,Rx,1,4,00,48,00,00,00,00,00,00,
65126453,00000118,false,Rx,1,4,00,49,00,00,00,00,00,00,
65136259,00000118,false,Rx,1,4,00,4A,00,00,00,00,00,00,
65146420,00000118,false,Rx,1,4,00,4B,00,00,00,00,00,00,
65156263,00000118,false,Rx,1,4,00,4C,00,00,00,00,00,00,
65166806,00000118,false,Rx,1,4,00,4D,00,00,00,00,00,00,
65176681,00000118,false,Rx,1,4,00,4E,00,00,00,00,00,00,
65186786,00000118,false,Rx,1,4,00,4F,00,00,00,00,00,00,
65196612,00000118,false,Rx,1,4,00,40,00,00,00,00,00,00,
65206791,00000118,false,Rx,1,4,00,41,00,00,00,00,00,00,
65216593,00000118,false,Rx,1,4,00,42,00,00,00,00,00,00,
65226773,00000118,false,Rx,1,4,00,43,00,00,00,00,00,00,
65236577,00000118,false,Rx,1,4,00,44,00,00,00,00,00,00,
65246737,00000118,false,Rx,1,4,00,45,00,00,00,00,00,00,
65256577,00000118,false,Rx,1,4,00,46,00,00,00,00,00,00,
65267120,00000118,false,Rx,1,4,00,47,00,00,00,00,00,00,
65276999,00000118,false,Rx,1,4,00,48,00,00,00,00,00,00,
65287104,00000118,false,Rx,1,4,00,49,00,00,00,00,00,00,
65295993,0000070F,false,Rx,0,8,03,22,2B,E4,55,55,55,55,
65296972,00000118,false,Rx,1,4,00,4A,00,00,00,00,00,00,
65307109,00000118,false,Rx,1,4,00,4B,00,00,00,00,00,00,
65309421,00000779,false,Rx,1,8,05,62,2B,E4,0D,63,AA,AA,
65316945,00000118,false,Rx,1,4,00,4C,00,00,00,00,00,00,
65327122,00000118,false,Rx,1,4,00,4D,00,00,00,00,00,00,
65338477,00000118,false,Rx,1,4,00,4E,00,00,00,00,00,00,
65347191,00000118,false,Rx,1,4,00,4F,00,00,00,00,00,00,
65356811,00000118,false,Rx,1,4,00,40,00,00,00,00,00,00,
65367141,00000118,false,Rx,1,4,00,41,00,00,00,00,00,00,
65376832,00000118,false,Rx,1,4,00,42,00,00,00,00,00,00,
65387098,00000118,false,Rx,1,4,00,43,00,00,00,00,00,00,
65396792,00000118,false,Rx,1,4,00,44,00,00,00,00,00,00,
65407081,00000118,false,Rx,1,4,00,45,00,00,00,00,00,00,
65416776,00000118,false,Rx,1,4,00,46,00,00,00,00,00,00,
65427064,00000118,false,Rx,1,4,00,47,00,00,00,00,00,00,
65436740,00000118,false,Rx,1,4,00,48,00,00,00,00,00,00,
65447067,00000118,false,Rx,1,4,00,49,00,00,00,00,00,00,
65447364,17F0000F,true,Rx,1,8,00,0F,00,00,00,00,00,00,
65456735,00000118,false,Rx,1,4,00,4A,00,00,00,00,00,00,
65467063,00000118,false,Rx,1,4,00,4B,00,00,00,00,00,00,
65476753,00000118,false,Rx,1,4,00,4C,00,00,00,00,00,00,
65487018,00000118,false,Rx,1,4,00,4D,00,00,00,00,00,00,
65496712,00000118,false,Rx,1,4,00,4E,00,00,00,00,00,00,
65507001,00000118,false,Rx,1,4,00,4F,00,00,00,00,00,00,
65516698,00000118,false,Rx,1,4,00,40,00,00,00,00,00,00,
65526987,00000118,false,Rx,1,4,00,41,00,00,00,00,00,00,
65536660,00000118,false,Rx,1,4,00,42,00,00,00,00,00,00,
65546988,00000118,false,Rx,1,4,00,43,00,00,00,00,00,00,
65556643,00000118,false,Rx,1,4,00,44,00,00,00,00,00,00,
65566973,00000118,false,Rx,1,4,00,45,00,00,00,00,00,00,
65576668,00000118,false,Rx,1,4,00,46,00,00,00,00,00,00,
65586950,00000118,false,Rx,1,4,00,47,00,00,00,00,00,00,
65596629,00000118,false,Rx,1,4,00,48,00,00,00,00,00,00,
65606939,00000118,false,Rx,1,4,00,49,00,00,00,00,00,00,
65610521,0000070F,false,Rx,0,8,03,22,02,8D,55,55,55,55,
65616640,00000118,false,Rx,1,4,00,4A,00,00,00,00,00,00,
65626905,00000118,false,Rx,1,4,00,4B,00,00,00,00,00,00,
65629180,00000779,false,Rx,1,8,05,62,02,8D,66,00,AA,AA,
65636593,00000118,false,Rx,1,4,00,4C,00,00,00,00,00,00,
65646906,00000118,false,Rx,1,4,00,4D,00,00,00,00,00,00,
65656564,00000118,false,Rx,1,4,00,4E,00,00,00,00,00,00,
65666890,00000118,false,Rx,1,4,00,4F,00,00,00,00,00,00,
65676586,00000118,false,Rx,1,4,00,40,00,00,00,00,00,00,
65686859,00000118,false,Rx,1,4,00,41,00,00,00,00,00,00,
65696551,00000118,false,Rx,1,4,00,42,00,00,00,00,00,00,
65706840,00000118,false,Rx,1,4,00,43,00,00,00,00,00,00,
65716535,00000118,false,Rx,1,4,00,44,00,00,00,00,00,00,
65726823,00000118,false,Rx,1,4,00,45,00,00,00,00,00,00,
65736497,00000118,false,Rx,1,4,00,46,00,00,00,00,00,00,
65746826,00000118,false,Rx,1,4,00,47,00,00,00,00,00,00,
65756480,00000118,false,Rx,1,4,00,48,00,00,00,00,00,00,
65766810,00000118,false,Rx,1,4,00,49,00,00,00,00,00,00,
65776505,00000118,false,Rx,1,4,00,4A,00,00,00,00,00,00,
65786779,00000118,false,Rx,1,4,00,4B,00,00,00,00,00,00,
65796472,00000118,false,Rx,1,4,00,4C,00,00,00,00,00,00,
65806759,00000118,false,Rx,1,4,00,4D,00,00,00,00,00,00,
65816454,00000118,false,Rx,1,4,00,4E,00,00,00,00,00,00,
65826792,00000118,false,Rx,1,4,00,4F,00,00,00,00,00,00,
65840949,00000118,false,Rx,1,4,00,40,00,00,00,00,00,00,
65846764,00000118,false,Rx,1,4,00,41,00,00,00,00,00,00,
65856420,00000118,false,Rx,1,4,00,42,00,00,00,00,00,00,
65866801,00000118,false,Rx,1,4,00,43,00,00,00,00,00,00,
65876439,00000118,false,Rx,1,4,00,44,00,00,00,00,00,00,
65886698,00000118,false,Rx,1,4,00,45,00,00,00,00,00,00,
65896388,00000118,false,Rx,1,4,00,46,00,00,00,00,00,00,
65906682,00000118,false,Rx,1,4,00,47,00,00,00,00,00,00,
65916351,00000118,false,Rx,1,4,00,48,00,00,00,00,00,00,
65926680,00000118,false,Rx,1,4,00,49,00,00,00,00,00,00,
65928631,0000070F,false,Rx,0,8,03,22,2B,F1,55,55,55,55,
65936363,00000118,false,Rx,1,4,00,4A,00,00,00,00,00,00,
65946667,00000118,false,Rx,1,4,00,4B,00,00,00,00,00,00,
65946972,17F0000F,true,Rx,1,8,00,0F,00,00,00,00,00,00,
65948795,00000779,false,Rx,1,8,05,62,2B,F1,55,6B,AA,AA,
65956343,00000118,false,Rx,1,4,00,4C,00,00,00,00,00,00,
65966638,00000118,false,Rx,1,4,00,4D,00,00,00,00,00,00,
65976361,00000118,false,Rx,1,4,00,4E,00,00,00,00,00,00,
65986622,00000118,false,Rx,1,4,00,4F,00,00,00,00,00,00,
65996311,00000118,false,Rx,1,4,00,40,00,00,00,00,00,00,
66006600,00000118,false,Rx,1,4,00,41,00,00,00,00,00,00,
66016272,00000118,false,Rx,1,4,00,42,00,00,00,00,00,00,
66026600,00000118,false,Rx,1,4,00,43,00,00,00,00,00,00,
66036257,00000118,false,Rx,1,4,00,44,00,00,00,00,00,00,
66046584,00000118,false,Rx,1,4,00,45,00,00,00,00,00,00,
66056239,00000118,false,Rx,1,4,00,46,00,00,00,00,00,00,
66066548,00000118,false,Rx,1,4,00,47,00,00,00,00,00,00,
66076278,00000118,false,Rx,1,4,00,48,00,00,00,00,00,00,
66086534,00000118,false,Rx,1,4,00,49,00,00,00,00,00,00,
66096235,00000118,false,Rx,1,4,00,4A,00,00,00,00,00,00,
66106518,00000118,false,Rx,1,4,00,4B,00,00,00,00,00,00,
66116193,00000118,false,Rx,1,4,00,4C,00,00,00,00,00,00,
66126520,00000118,false,Rx,1,4,00,4D,00,00,00,00,00,00,
66136176,00000118,false,Rx,1,4,00,4E,00,00,00,00,00,00,
66146502,00000118,false,Rx,1,4,00,4F,00,00,00,00,00,00,
66156161,00000118,false,Rx,1,4,00,40,00,00,00,00,00,00,
66166470,00000118,false,Rx,1,4,00,41,00,00,00,00,00,00,
66176197,00000118,false,Rx,1,4,00,42,00,00,00,00,00,00,
66186451,00000118,false,Rx,1,4,00,43,00,00,00,00,00,00,
66196148,00000118,false,Rx,1,4,00,44,00,00,00,00,00,00,
66206438,00000118,false,Rx,1,4,00,45,00,00,00,00,00,00,
66216108,00000118,false,Rx,1,4,00,46,00,00,00,00,00,00,
66226438,00000118,false,Rx,1,4,00,47,00,00,00,00,00,00,
66236093,00000118,false,Rx,1,4,00,48,00,00,00,00,00,00,
66242270,0000070F,false,Rx,0,8,03,22,2B,E4,55,55,55,55,
66246447,00000118,false,Rx,1,4,00,49,00,00,00,00,00,00,
66256081,00000118,false,Rx,1,4,00,4A,00,00,00,00,00,00,
66257378,00000779,false,Rx,1,8,05,62,2B,E4,0D,63,AA,AA,
66266400,00000118,false,Rx,1,4,00,4B,00,00,00,00,00,00,
66276119,00000118,false,Rx,1,4,00,4C,00,00,00,00,00,00,
66286370,00000118,false,Rx,1,4,00,4D,00,00,00,00,00,00,
66296067,00000118,false,Rx,1,4,00,4E,00,00,00,00,00,00,
66306355,00000118,false,Rx,1,4,00,4F,00,00,00,00,00,00,
66316032,00000118,false,Rx,1,4,00,40,00,00,00,00,00,00,
66326375,00000118,false,Rx,1,4,00,41,00,00,00,00,00,00,
66337649,00000118,false,Rx,1,4,00,42,00,00,00,00,00,00,
66346391,00000118,false,Rx,1,4,00,43,00,00,00,00,00,00,
66356002,00000118,false,Rx,1,4,00,44,00,00,00,00,00,00,
66366308,00000118,false,Rx,1,4,00,45,00,00,00,00,00,00,
66376034,00000118,false,Rx,1,4,00,46,00,00,00,00,00,00,
66386289,00000118,false,Rx,1,4,00,47,00,00,00,00,00,00,
66395997,00000118,false,Rx,1,4,00,48,00,00,00,00,00,00,
66406275,00000118,false,Rx,1,4,00,49,00,00,00,00,00,00,
66415951,00000118,false,Rx,1,4,00,4A,00,00,00,00,00,00,
66426279,00000118,false,Rx,1,4,00,4B,00,00,00,00,00,00,
66435950,00000118,false,Rx,1,4,00,4C,00,00,00,00,00,00,
66446265,00000118,false,Rx,1,4,00,4D,00,00,00,00,00,00,
66446560,17F0000F,true,Rx,1,8,00,0F,00,00,00,00,00,00,
66455944,00000118,false,Rx,1,4,00,4E,00,00,00,00,00,00,
66466237,00000118,false,Rx,1,4,00,4F,00,00,00,00,00,00,
66475962,00000118,false,Rx,1,4,00,40,00,00,00,00,00,00,
66486211,00000118,false,Rx,1,4,00,41,00,00,00,00,00,00,
66495942,00000118,false,Rx,1,4,00,42,00,00,00,00,00,00,
66506195,00000118,false,Rx,1,4,00,43,00,00,00,00,00,00,
66515869,00000118,false,Rx,1,4,00,44,00,00,00,00,00,00,
66526194,00000118,false,Rx,1,4,00,45,00,00,00,00,00,00,
66535850,00000118,false,Rx,1,4,00,46,00,00,00,00,00,00,
66546179,00000118,false,Rx,1,4,00,47,00,00,00,00,00,00,
66555835,00000118,false,Rx,1,4,00,48,00,00,00,00,00,00,
66559672,0000070F,false,Rx,0,8,03,22,02,8D,55,55,55,55,
66566169,00000118,false,Rx,1,4,00,49,00,00,00,00,00,00,
66575880,00000118,false,Rx,1,4,00,4A,00,00,00,00,00,00,
66577174,00000779,false,Rx,1,8,05,62,02,8D,66,00,AA,AA,
66586142,00000118,false,Rx,1,4,00,4B,00,00,00,00,00,00,
66595825,00000118,false,Rx,1,4,00,4C,00,00,00,00,00,00,
66606118,00000118,false,Rx,1,4,00,4D,00,00,00,00,00,00,
66615788,00000118,false,Rx,1,4,00,4E,00,00,00,00,00,00,
66626114,00000118,false,Rx,1,4,00,4F,00,00,00,00,00,00,
66635774,00000118,false,Rx,1,4,00,40,00,00,00,00,00,00,
66646101,00000118,false,Rx,1,4,00,41,00,00,00,00,00,00,
66655755,00000118,false,Rx,1,4,00,42,00,00,00,00,00,00,
66666064,00000118,false,Rx,1,4,00,43,00,00,00,00,00,00,
66675793,00000118,false,Rx,1,4,00,44,00,00,00,00,00,00,
66686047,00000118,false,Rx,1,4,00,45,00,00,00,00,00,00,
66695741,00000118,false,Rx,1,4,00,46,00,00,00,00,00,00,
66706034,00000118,false,Rx,1,4,00,47,00,00,00,00,00,00,
66715705,00000118,false,Rx,1,4,00,48,00,00,00,00,00,00,
66726033,00000118,false,Rx,1,4,00,49,00,00,00,00,00,00,
66735693,00000118,false,Rx,1,4,00,4A,00,00,00,00,00,00,
66746020,00000118,false,Rx,1,4,00,4B,00,00,00,00,00,00,
66755676,00000118,false,Rx,1,4,00,4C,00,00,00,00,00,00,
66765983,00000118,false,Rx,1,4,00,4D,00,00,00,00,00,00,
66775713,00000118,false,Rx,1,4,00,4E,00,00,00,00,00,00,
66785966,00000118,false,Rx,1,4,00,4F,00,00,00,00,00,00,
66795664,00000118,false,Rx,1,4,00,40,00,00,00,00,00,00,
66805956,00000118,false,Rx,1,4,00,41,00,00,00,00,00,00,
66815627,00000118,false,Rx,1,4,00,42,00,00,00,00,00,00,
66825997,00000118,false,Rx,1,4,00,43,00,00,00,00,00,00,
66842330,00000118,false,Rx,1,4,00,44,00,00,00,00,00,00,
66846083,00000118,false,Rx,1,4,00,45,00,00,00,00,00,00,
66855686,00000118,false,Rx,1,4,00,46,00,00,00,00,00,00,
66866104,00000118,false,Rx,1,4,00,47,00,00,00,00,00,00,
66875586,0000070F,false,Rx,0,8,03,22,2B,F1,55,55,55,55,
66875686,00000118,false,Rx,1,4,00,48,00,00,00,00,00,00,
66886335,00000118,false,Rx,1,4,00,49,00,00,00,00,00,00,
66896020,00000118,false,Rx,1,4,00,4A,00,00,00,00,00,00,
66897319,00000779,false,Rx,1,8,05,62,2B,F1,87,6B,AA,AA,
66906365,00000118,false,Rx,1,4,00,4B,00,00,00,00,00,00,
66915987,00000118,false,Rx,1,4,00,4C,00,00,00,00,00,00,
66926335,00000118,false,Rx,1,4,00,4D,00,00,00,00,00,00,
66935967,00000118,false,Rx,1,4,00,4E,00,00,00,00,00,00,
66946338,00000118,false,Rx,1,4,00,4F,00,00,00,00,00,00,
66946876,17F0000F,true,Rx,1,8,00,0F,00,00,00,00,00,00,
66955980,00000118,false,Rx,1,4,00,40,00,00,00,00,00,00,
66966368,00000118,false,Rx,1,4,00,41,00,00,00,00,00,00,
66975994,00000118,false,Rx,1,4,00,42,00,00,00,00,00,00,
66986347,00000118,false,Rx,1,4,00,43,00,00,00,00,00,00,
66995950,00000118,false,Rx,1,4,00,44,00,00,00,00,00,00,
67006340,00000118,false,Rx,1,4,00,45,00,00,00,00,00,00,
67015907,00000118,false,Rx,1,4,00,46,00,00,00,00,00,00,
67026330,00000118,false,Rx,1,4,00,47,00,00,00,00,00,00,
67035885,00000118,false,Rx,1,4,00,48,00,00,00,00,00,00,
67046335,00000118,false,Rx,1,4,00,49,00,00,00,00,00,00,
67055889,00000118,false,Rx,1,4,00,4A,00,00,00,00,00,00,
67066340,00000118,false,Rx,1,4,00,4B,00,00,00,00,00,00,
67075914,00000118,false,Rx,1,4,00,4C,00,00,00,00,00,00,
67086087,00000118,false,Rx,1,4,00,4D,00,00,00,00,00,00,
67095856,00000118,false,Rx,1,4,00,4E,00,00,00,00,00,00,
67106085,00000118,false,Rx,1,4,00,4F,00,00,00,00,00,00,
67115824,00000118,false,Rx,1,4,00,40,00,00,00,00,00,00,
67126095,00000118,false,Rx,1,4,00,41,00,00,00,00,00,00,
67135804,00000118,false,Rx,1,4,00,42,00,00,00,00,00,00,
67146095,00000118,false,Rx,1,4,00,43,00,00,00,00,00,00,
67155808,00000118,false,Rx,1,4,00,44,00,00,00,00,00,00,
67166091,00000118,false,Rx,1,4,00,45,00,00,00,00,00,00,
67175826,00000118,false,Rx,1,4,00,46,00,00,00,00,00,00,
67186099,00000118,false,Rx,1,4,00,47,00,00,00,00,00,00,
67195793,00000118,false,Rx,1,4,00,48,00,00,00,00,00,00,
67206092,00000118,false,Rx,1,4,00,49,00,00,00,00,00,00,
67210364,0000070F,false,Rx,0,8,03,22,2B,E4,55,55,55,55,
67215784,00000118,false,Rx,1,4,00,4A,00,00,00,00,00,00,
67226091,00000118,false,Rx,1,4,00,4B,00,00,00,00,00,00,
67228100,00000779,false,Rx,1,8,05,62,2B,E4,0D,63,AA,AA,
67235756,00000118,false,Rx,1,4,00,4C,00,00,00,00,00,00,
67246088,00000118,false,Rx,1,4,00,4D,00,00,00,00,00,00,
67255745,00000118,false,Rx,1,4,00,4E,00,00,00,00,00,00,
67266091,00000118,false,Rx,1,4,00,4F,00,00,00,00,00,00,
67275770,00000118,false,Rx,1,4,00,40,00,00,00,00,00,00,
67286342,00000118,false,Rx,1,4,00,41,00,00,00,00,00,00,
67296494,00000118,false,Rx,1,4,00,42,00,00,00,00,00,00,
67306727,00000118,false,Rx,1,4,00,43,00,00,00,00,00,00,
67316438,00000118,false,Rx,1,4,00,44,00,00,00,00,00,00,
67326754,00000118,false,Rx,1,4,00,45,00,00,00,00,00,00,
67340980,00000118,false,Rx,1,4,00,46,00,00,00,00,00,00,
67346868,00000118,false,Rx,1,4,00,47,00,00,00,00,00,00,
67356442,00000118,false,Rx,1,4,00,48,00,00,00,00,00,00,
67366683,00000118,false,Rx,1,4,00,49,00,00,00,00,00,00,
67376447,00000118,false,Rx,1,4,00,4A,00,00,00,00,00,00,
67386665,00000118,false,Rx,1,4,00,4B,00,00,00,00,00,00,
67396396,00000118,false,Rx,1,4,00,4C,00,00,00,00,00,00,
67406646,00000118,false,Rx,1,4,00,4D,00,00,00,00,00,00,
67416492,00000118,false,Rx,1,4,00,4E,00,00,00,00,00,00,
67426654,00000118,false,Rx,1,4,00,4F,00,00,00,00,00,00,
67436345,00000118,false,Rx,1,4,00,40,00,00,00,00,00,00,
67446844,00000118,false,Rx,1,4,00,41,00,00,00,00,00,00,
67447140,17F0000F,true,Rx,1,8,00,0F,00,00,00,00,00,00,
67456352,00000118,false,Rx,1,4,00,42,00,00,00,00,00,00,
67466598,00000118,false,Rx,1,4,00,43,00,00,00,00,00,00,
67476372,00000118,false,Rx,1,4,00,44,00,00,00,00,00,00,
67486600,00000118,false,Rx,1,4,00,45,00,00,00,00,00,00,
67496319,00000118,false,Rx,1,4,00,46,00,00,00,00,00,00,
67506616,00000118,false,Rx,1,4,00,47,00,00,00,00,00,00,
67516298,00000118,false,Rx,1,4,00,48,00,00,00,00,00,00,
67526590,00000118,false,Rx,1,4,00,49,00,00,00,00,00,00,
67526715,0000070F,false,Rx,0,8,03,22,02,8D,55,55,55,55,
67536288,00000118,false,Rx,1,4,00,4A,00,00,00,00,00,00,
67546585,00000118,false,Rx,1,4,00,4B,00,00,00,00,00,00,
67548651,00000779,false,Rx,1,8,05,62,02,8D,67,00,AA,AA,
67556276,00000118,false,Rx,1,4,00,4C,00,00,00,00,00,00,
67566579,00000118,false,Rx,1,4,00,4D,00,00,00,00,00,00,
67576286,00000118,false,Rx,1,4,00,4E,00,00,00,00,00,00,
67586585,00000118,false,Rx,1,4,00,4F,00,00,00,00,00,00,
67596234,00000118,false,Rx,1,4,00,40,00,00,00,00,00,00,
67606589,00000118,false,Rx,1,4,00,41,00,00,00,00,00,00,
67616215,00000118,false,Rx,1,4,00,42,00,00,00,00,00,00,
67626609,00000118,false,Rx,1,4,00,43,00,00,00,00,00,00,
67636199,00000118,false,Rx,1,4,00,44,00,00,00,00,00,00,
67646588,00000118,false,Rx,1,4,00,45,00,00,00,00,00,00,
67656205,00000118,false,Rx,1,4,00,46,00,00,00,00,00,00,
67666573,00000118,false,Rx,1,4,00,47,00,00,00,00,00,00,
67676220,00000118,false,Rx,1,4,00,48,00,00,00,00,00,00,
67686582,00000118,false,Rx,1,4,00,49,00,00,00,00,00,00,
67696172,00000118,false,Rx,1,4,00,4A,00,00,00,00,00,00,
67706588,00000118,false,Rx,1,4,00,4B,00,00,00,00,00,00,
67716137,00000118,false,Rx,1,4,00,4C,00,00,00,00,00,00,
67726583,00000118,false,Rx,1,4,00,4D,00,00,00,00,00,00,
67736119,00000118,false,Rx,1,4,00,4E,00,00,00,00,00,00,
67746584,00000118,false,Rx,1,4,00,4F,00,00,00,00,00,00,
67756123,00000118,false,Rx,1,4,00,40,00,00,00,00,00,00,
67766340,00000118,false,Rx,1,4,00,41,00,00,00,00,00,00,
67776140,00000118,false,Rx,1,4,00,42,00,00,00,00,00,00,
67786339,00000118,false,Rx,1,4,00,43,00,00,00,00,00,00,
67796090,00000118,false,Rx,1,4,00,44,00,00,00,00,00,00,
67806335,00000118,false,Rx,1,4,00,45,00,00,00,00,00,00,
67816052,00000118,false,Rx,1,4,00,46,00,00,00,00,00,00,
67826383,00000118,false,Rx,1,4,00,47,00,00,00,00,00,00,
67838743,00000118,false,Rx,1,4,00,48,00,00,00,00,00,00,
67845810,0000070F,false,Rx,0,8,03,22,2B,F1,55,55,55,55,
67846313,00000118,false,Rx,1,4,00,49,00,00,00,00,00,00,
67856043,00000118,false,Rx,1,4,00,4A,00,00,00,00,00,00,
67866384,00000118,false,Rx,1,4,00,4B,00,00,00,00,00,00,
67868701,00000779,false,Rx,1,8,05,62,2B,F1,AF,6B,AA,AA,
67876034,00000118,false,Rx,1,4,00,4C,00,00,00,00,00,00,
67886276,00000118,false,Rx,1,4,00,4D,00,00,00,00,00,00,
67895952,00000118,false,Rx,1,4,00,4E,00,00,00,00,00,00,
67906279,00000118,false,Rx,1,4,00,4F,00,00,00,00,00,00,
67915950,00000118,false,Rx,1,4,00,40,00,00,00,00,00,00,
67926266,00000118,false,Rx,1,4,00,41,00,00,00,00,00,00,
67935952,00000118,false,Rx,1,4,00,42,00,00,00,00,00,00,
67946376,00000118,false,Rx,1,4,00,43,00,00,00,00,00,00,
67946670,17F0000F,true,Rx,1,8,00,0F,00,00,00,00,00,00,
67955951,00000118,false,Rx,1,4,00,44,00,00,00,00,00,00,
67966212,00000118,false,Rx,1,4,00,45,00,00,00,00,00,00,
67975953,00000118,false,Rx,1,4,00,46,00,00,00,00,00,00,
67986196,00000118,false,Rx,1,4,00,47,00,00,00,00,00,00,
67995870,00000118,false,Rx,1,4,00,48,00,00,00,00,00,00,
68006200,00000118,false,Rx,1,4,00,49,00,00,00,00,00,00,
68015857,00000118,false,Rx,1,4,00,4A,00,00,00,00,00,00,
68026183,00000118,false,Rx,1,4,00,4B,00,00,00,00,00,00,
68035860,00000118,false,Rx,1,4,00,4C,00,00,00,00,00,00,
68046377,00000118,false,Rx,1,4,00,4D,00,00,00,00,00,00,
68055841,00000118,false,Rx,1,4,00,4E,00,00,00,00,00,00,
68066131,00000118,false,Rx,1,4,00,4F,00,00,00,00,00,00,
68075863,00000118,false,Rx,1,4,00,40,00,00,00,00,00,00,
68086117,00000118,false,Rx,1,4,00,41,00,00,00,00,00,00,
68095790,00000118,false,Rx,1,4,00,42,00,00,00,00,00,00,
68106116,00000118,false,Rx,1,4,00,43,00,00,00,00,00,00,
68115775,00000118,false,Rx,1,4,00,44,00,00,00,00,00,00,
68126101,00000118,false,Rx,1,4,00,45,00,00,00,00,00,00,
68135761,00000118,false,Rx,1,4,00,46,00,00,00,00,00,00,
68146066,00000118,false,Rx,1,4,00,47,00,00,00,00,00,00,
68155759,00000118,false,Rx,1,4,00,48,00,00,00,00,00,00,
68163989,0000070F,false,Rx,0,8,03,22,2B,E4,55,55,55,55,
68166074,00000118,false,Rx,1,4,00,49,00,00,00,00,00,00,
68175782,00000118,false,Rx,1,4,00,4A,00,00,00,00,00,00,
68177080,00000779,false,Rx,1,8,05,62,2B,E4,0D,63,AA,AA,
68186048,00000118,false,Rx,1,4,00,4B,00,00,00,00,00,00,
68195710,00000118,false,Rx,1,4,00,4C,00,00,00,00,00,00,
68206039,00000118,false,Rx,1,4,00,4D,00,00,00,00,00,00,
68215693,00000118,false,Rx,1,4,00,4E,00,00,00,00,00,00,
68226020,00000118,false,Rx,1,4,00,4F,00,00,00,00,00,00,
68235680,00000118,false,Rx,1,4,00,40,00,00,00,00,00,00,
68245989,00000118,false,Rx,1,4,00,41,00,00,00,00,00,00,
68255680,00000118,false,Rx,1,4,00,42,00,00,00,00,00,00,
68265968,00000118,false,Rx,1,4,00,43,00,00,00,00,00,00,
68275699,00000118,false,Rx,1,4,00,44,00,00,00,00,00,00,
68285952,00000118,false,Rx,1,4,00,45,00,00,00,00,00,00,
68295626,00000118,false,Rx,1,4,00,46,00,00,00,00,00,00,
68305955,00000118,false,Rx,1,4,00,47,00,00,00,00,00,00,
68315609,00000118,false,Rx,1,4,00,48,00,00,00,00,00,00,
68325998,00000118,false,Rx,1,4,00,49,00,00,00,00,00,00,
68338387,00000118,false,Rx,1,4,00,4A,00,00,00,00,00,00,
68345974,00000118,false,Rx,1,4,00,4B,00,00,00,00,00,00,
68355604,00000118,false,Rx,1,4,00,4C,00,00,00,00,00,00,
68365889,00000118,false,Rx,1,4,00,4D,00,00,00,00,00,00,
68375618,00000118,false,Rx,1,4,00,4E,00,00,00,00,00,00,
68385871,00000118,false,Rx,1,4,00,4F,00,00,00,00,00,00,
68395549,00000118,false,Rx,1,4,00,40,00,00,00,00,00,00,
68405877,00000118,false,Rx,1,4,00,41,00,00,00,00,00,00,
68415531,00000118,false,Rx,1,4,00,42,00,00,00,00,00,00,
68425858,00000118,false,Rx,1,4,00,43,00,00,00,00,00,00,
68435514,00000118,false,Rx,1,4,00,44,00,00,00,00,00,00,
68445831,00000118,false,Rx,1,4,00,45,00,00,00,00,00,00,
68446119,17F0000F,true,Rx,1,8,00,0F,00,00,00,00,00,00,
68455524,00000118,false,Rx,1,4,00,46,00,00,00,00,00,00,
68465805,00000118,false,Rx,1,4,00,47,00,00,00,00,00,00,
68475543,00000118,false,Rx,1,4,00,48,00,00,00,00,00,00,
68480780,0000070F,false,Rx,0,8,03,22,02,8D,55,55,55,55,
68485814,00000118,false,Rx,1,4,00,49,00,00,00,00,00,00,
68495469,00000118,false,Rx,1,4,00,4A,00,00,00,00,00,00,
68496770,00000779,false,Rx,1,8,05,62,02,8D,68,00,AA,AA,
68505808,00000118,false,Rx,1,4,00,4B,00,00,00,00,00,00,
68515472,00000118,false,Rx,1,4,00,4C,00,00,00,00,00,00,
68525787,00000118,false,Rx,1,4,00,4D,00,00,00,00,00,00,
68535433,00000118,false,Rx,1,4,00,4E,00,00,00,00,00,00,
68545746,00000118,false,Rx,1,4,00,4F,00,00,00,00,00,00,
68555439,00000118,false,Rx,1,4,00,40,00,00,00,00,00,00,
68565727,00000118,false,Rx,1,4,00,41,00,00,00,00,00,00,
68575458,00000118,false,Rx,1,4,00,42,00,00,00,00,00,00,
68585709,00000118,false,Rx,1,4,00,43,00,00,00,00,00,00,
68595384,00000118,false,Rx,1,4,00,44,00,00,00,00,00,00,
68605711,00000118,false,Rx,1,4,00,45,00,00,00,00,00,00,
68615366,00000118,false,Rx,1,4,00,46,00,00,00,00,00,00,
68625697,00000118,false,Rx,1,4,00,47,00,00,00,00,00,00,
68635350,00000118,false,Rx,1,4,00,48,00,00,00,00,00,00,
68645663,00000118,false,Rx,1,4,00,49,00,00,00,00,00,00,
68655359,00000118,false,Rx,1,4,00,4A,00,00,00,00,00,00,
68665649,00000118,false,Rx,1,4,00,4B,00,00,00,00,00,00,
68675376,00000118,false,Rx,1,4,00,4C,00,00,00,00,00,00,
68685628,00000118,false,Rx,1,4,00,4D,00,00,00,00,00,00,
68695303,00000118,false,Rx,1,4,00,4E,00,00,00,00,00,00,
68705632,00000118,false,Rx,1,4,00,4F,00,00,00,00,00,00,
68715291,00000118,false,Rx,1,4,00,40,00,00,00,00,00,00,
68725616,00000118,false,Rx,1,4,00,41,00,00,00,00,00,00,
68735271,00000118,false,Rx,1,4,00,42,00,00,00,00,00,00,
68745580,00000118,false,Rx,1,4,00,43,00,00,00,00,00,00,
68755278,00000118,false,Rx,1,4,00,44,00,00,00,00,00,00,
68765567,00000118,false,Rx,1,4,00,45,00,00,00,00,00,00,
68775291,00000118,false,Rx,1,4,00,46,00,00,00,00,00,00,
68785547,00000118,false,Rx,1,4,00,47,00,00,00,00,00,00,
68795222,00000118,false,Rx,1,4,00,48,00,00,00,00,00,00,
68799774,0000070F,false,Rx,0,8,03,22,2B,F1,55,55,55,55,
68805575,00000118,false,Rx,1,4,00,49,00,00,00,00,00,00,
68815209,00000118,false,Rx,1,4,00,4A,00,00,00,00,00,00,
68816505,00000779,false,Rx,1,8,05,62,2B,F1,E1,6B,AA,AA,
68825996,00000118,false,Rx,1,4,00,4B,00,00,00,00,00,00,
68840542,00000118,false,Rx,1,4,00,4C,00,00,00,00,00,00,
68845517,00000118,false,Rx,1,4,00,4D,00,00,00,00,00,00,
68855216,00000118,false,Rx,1,4,00,4E,00,00,00,00,00,00,
68865573,00000118,false,Rx,1,4,00,4F,00,00,00,00,00,00,
68875214,00000118,false,Rx,1,4,00,40,00,00,00,00,00,00,
68885468,00000118,false,Rx,1,4,00,41,00,00,00,00,00,00,
68895142,00000118,false,Rx,1,4,00,42,00,00,00,00,00,00,
68905470,00000118,false,Rx,1,4,00,43,00,00,00,00,00,00,
68915125,00000118,false,Rx,1,4,00,44,00,00,00,00,00,00,
68925452,00000118,false,Rx,1,4,00,45,00,00,00,00,00,00,
68935107,00000118,false,Rx,1,4,00,46,00,00,00,00,00,00,
68945417,00000118,false,Rx,1,4,00,47,00,00,00,00,00,00,
68945714,17F0000F,true,Rx,1,8,00,0F,00,00,00,00,00,00,
68955128,00000118,false,Rx,1,4,00,48,00,00,00,00,00,00,
68965402,00000118,false,Rx,1,4,00,49,00,00,00,00,00,00,
68975148,00000118,false,Rx,1,4,00,4A,00,00,00,00,00,00,
68985388,00000118,false,Rx,1,4,00,4B,00,00,00,00,00,00,
68995062,00000118,false,Rx,1,4,00,4C,00,00,00,00,00,00,
69005389,00000118,false,Rx,1,4,00,4D,00,00,00,00,00,00,
69015047,00000118,false,Rx,1,4,00,4E,00,00,00,00,00,00,
69025372,00000118,false,Rx,1,4,00,4F,00,00,00,00,00,00,
69035031,00000118,false,Rx,1,4,00,40,00,00,00,00,00,00,
69045340,00000118,false,Rx,1,4,00,41,00,00,00,00,00,00,
69055041,00000118,false,Rx,1,4,00,42,00,00,00,00,00,00,
69065324,00000118,false,Rx,1,4,00,43,00,00,00,00,00,00,
69075057,00000118,false,Rx,1,4,00,44,00,00,00,00,00,00,
69085305,00000118,false,Rx,1,4,00,45,00,00,00,00,00,00,
69094978,00000118,false,Rx,1,4,00,46,00,00,00,00,00,00,
69105307,00000118,false,Rx,1,4,00,47,00,00,00,00,00,00,
69114961,00000118,false,Rx,1,4,00,48,00,00,00,00,00,00,
69117456,0000070F,false,Rx,0,8,03,22,2B,E4,55,55,55,55,
69125316,00000118,false,Rx,1,4,00,49,00,00,00,00,00,00,
69134952,00000118,false,Rx,1,4,00,4A,00,00,00,00,00,00,
69136249,00000779,false,Rx,1,8,05,62,2B,E4,0D,63,AA,AA,
69145268,00000118,false,Rx,1,4,00,4B,00,00,00,00,00,00,
69154952,00000118,false,Rx,1,4,00,4C,00,00,00,00,00,00,
69165242,00000118,false,Rx,1,4,00,4D,00,00,00,00,00,00,
69174972,00000118,false,Rx,1,4,00,4E,00,00,00,00,00,00,
69185224,00000118,false,Rx,1,4,00,4F,00,00,00,00,00,00,
69194901,00000118,false,Rx,1,4,00,40,00,00,00,00,00,00,
69205228,00000118,false,Rx,1,4,00,41,00,00,00,00,00,00,
69214883,00000118,false,Rx,1,4,00,42,00,00,00,00,00,00,
69225209,00000118,false,Rx,1,4,00,43,00,00,00,00,00,00,
69234867,00000118,false,Rx,1,4,00,44,00,00,00,00,00,00,
69245176,00000118,false,Rx,1,4,00,45,00,00,00,00,00,00,
69254867,00000118,false,Rx,1,4,00,46,00,00,00,00,00,00,
69265158,00000118,false,Rx,1,4,00,47,00,00,00,00,00,00,
69274888,00000118,false,Rx,1,4,00,48,00,00,00,00,00,00,
69285142,00000118,false,Rx,1,4,00,49,00,00,00,00,00,00,
69294819,00000118,false,Rx,1,4,00,4A,00,00,00,00,00,00,
69305146,00000118,false,Rx,1,4,00,4B,00,00,00,00,00,00,
69314803,00000118,false,Rx,1,4,00,4C,00,00,00,00,00,00,
69325089,00000118,false,Rx,1,4,00,4D,00,00,00,00,00,00,
69337859,00000118,false,Rx,1,4,00,4E,00,00,00,00,00,00,
69345190,00000118,false,Rx,1,4,00,4F,00,00,00,00,00,00,
69354798,00000118,false,Rx,1,4,00,40,00,00,00,00,00,00,
69365090,00000118,false,Rx,1,4,00,41,00,00,00,00,00,00,
69374811,00000118,false,Rx,1,4,00,42,00,00,00,00,00,00,
69385060,00000118,false,Rx,1,4,00,43,00,00,00,00,00,00,
69394738,00000118,false,Rx,1,4,00,44,00,00,00,00,00,00,
69405064,00000118,false,Rx,1,4,00,45,00,00,00,00,00,00,
69414720,00000118,false,Rx,1,4,00,46,00,00,00,00,00,00,
69425048,00000118,false,Rx,1,4,00,47,00,00,00,00,00,00,
69431327,0000070F,false,Rx,0,8,03,22,02,8D,55,55,55,55,
69434728,00000118,false,Rx,1,4,00,48,00,00,00,00,00,00,
69445013,00000118,false,Rx,1,4,00,49,00,00,00,00,00,00,
69445310,17F0000F,true,Rx,1,8,00,0F,00,00,00,00,00,00,
69447153,00000779,false,Rx,1,8,05,62,02,8D,68,00,AA,AA,
69454729,00000118,false,Rx,1,4,00,4A,00,00,00,00,00,00,
69465001,00000118,false,Rx,1,4,00,4B,00,00,00,00,00,00,
69474745,00000118,false,Rx,1,4,00,4C,00,00,00,00,00,00,
69484981,00000118,false,Rx,1,4,00,4D,00,00,00,00,00,00,
69494656,00000118,false,Rx,1,4,00,4E,00,00,00,00,00,00,
69504982,00000118,false,Rx,1,4,00,4F,00,00,00,00,00,00,
69514644,00000118,false,Rx,1,4,00,40,00,00,00,00,00,00,
69524969,00000118,false,Rx,1,4,00,41,00,00,00,00,00,00,
69534622,00000118,false,Rx,1,4,00,42,00,00,00,00,00,00,
69544951,00000118,false,Rx,1,4,00,43,00,00,00,00,00,00,
69554637,00000118,false,Rx,1,4,00,44,00,00,00,00,00,00,
69564943,00000118,false,Rx,1,4,00,45,00,00,00,00,00,00,
69574648,00000118,false,Rx,1,4,00,46,00,00,00,00,00,00,
69584900,00000118,false,Rx,1,4,00,47,00,00,00,00,00,00,
69594572,00000118,false,Rx,1,4,00,48,00,00,00,00,00,00,
69604901,00000118,false,Rx,1,4,00,49,00,00,00,00,00,00,
69614562,00000118,false,Rx,1,4,00,4A,00,00,00,00,00,00,
69624888,00000118,false,Rx,1,4,00,4B,00,00,00,00,00,00,
69634545,00000118,false,Rx,1,4,00,4C,00,00,00,00,00,00,
69644850,00000118,false,Rx,1,4,00,4D,00,00,00,00,00,00,
69654546,00000118,false,Rx,1,4,00,4E,00,00,00,00,00,00,
69664834,00000118,false,Rx,1,4,00,4F,00,00,00,00,00,00,
69674570,00000118,false,Rx,1,4,00,40,00,00,00,00,00,00,
69684821,00000118,false,Rx,1,4,00,41,00,00,00,00,00,00,
69694493,00000118,false,Rx,1,4,00,42,00,00,00,00,00,00,
69704821,00000118,false,Rx,1,4,00,43,00,00,00,00,00,00,
69714477,00000118,false,Rx,1,4,00,44,00,00,00,00,00,00,
69724805,00000118,false,Rx,1,4,00,45,00,00,00,00,00,00,
69734458,00000118,false,Rx,1,4,00,46,00,00,00,00,00,00,
69744768,00000118,false,Rx,1,4,00,47,00,00,00,00,00,00,
69746619,0000070F,false,Rx,0,8,03,22,2B,F1,55,55,55,55,
69754486,00000118,false,Rx,1,4,00,48,00,00,00,00,00,00,
69764752,00000118,false,Rx,1,4,00,49,00,00,00,00,00,00,
69766879,00000779,false,Rx,1,8,05,62,2B,F1,13,6C,AA,AA,
69774498,00000118,false,Rx,1,4,00,4A,00,00,00,00,00,00,
69784738,00000118,false,Rx,1,4,00,4B,00,00,00,00,00,00,
69794415,00000118,false,Rx,1,4,00,4C,00,00,00,00,00,00,
69804739,00000118,false,Rx,1,4,00,4D,00,00,00,00,00,00,
69814396,00000118,false,Rx,1,4,00,4E,00,00,00,00,00,00,
69825082,00000118,false,Rx,1,4,00,4F,00,00,00,00,00,00,
69839610,00000118,false,Rx,1,4,00,40,00,00,00,00,00,00,
69844706,00000118,false,Rx,1,4,00,41,00,00,00,00,00,00,
69854400,00000118,false,Rx,1,4,00,42,00,00,00,00,00,00,
69864749,00000118,false,Rx,1,4,00,43,00,00,00,00,00,00,
69874458,00000118,false,Rx,1,4,00,44,00,00,00,00,00,00,
69884662,00000118,false,Rx,1,4,00,45,00,00,00,00,00,00,
69894330,00000118,false,Rx,1,4,00,46,00,00,00,00,00,00,
69904659,00000118,false,Rx,1,4,00,47,00,00,00,00,00,00,
69914313,00000118,false,Rx,1,4,00,48,00,00,00,00,00,00,
69924626,00000118,false,Rx,1,4,00,49,00,00,00,00,00,00,
69934319,00000118,false,Rx,1,4,00,4A,00,00,00,00,00,00,
69944610,00000118,false,Rx,1,4,00,4B,00,00,00,00,00,00,
69944906,17F0000F,true,Rx,1,8,00,0F,00,00,00,00,00,00,
69954311,00000118,false,Rx,1,4,00,4C,00,00,00,00,00,00,
69964593,00000118,false,Rx,1,4,00,4D,00,00,00,00,00,00,
69974323,00000118,false,Rx,1,4,00,4E,00,00,00,00,00,00,
69984588,00000118,false,Rx,1,4,00,4F,00,00,00,00,00,00,
69994252,00000118,false,Rx,1,4,00,40,00,00,00,00,00,00,
70004581,00000118,false,Rx,1,4,00,41,00,00,00,00,00,00,
70014234,00000118,false,Rx,1,4,00,42,00,00,00,00,00,00,
70024567,00000118,false,Rx,1,4,00,43,00,00,00,00,00,00,
70034236,00000118,false,Rx,1,4,00,44,00,00,00,00,00,00,
70044527,00000118,false,Rx,1,4,00,45,00,00,00,00,00,00,
70054219,00000118,false,Rx,1,4,00,46,00,00,00,00,00,00,
70063008,0000070F,false,Rx,0,8,03,22,2B,E4,55,55,55,55,
70064540,00000118,false,Rx,1,4,00,47,00,00,00,00,00,00,
70074261,00000118,false,Rx,1,4,00,48,00,00,00,00,00,00,
70084499,00000118,false,Rx,1,4,00,49,00,00,00,00,00,00,
70086616,00000779,false,Rx,1,8,05,62,2B,E4,0D,63,AA,AA,
70094182,00000118,false,Rx,1,4,00,4A,00,00,00,00,00,00,
70104498,00000118,false,Rx,1,4,00,4B,00,00,00,00,00,00,
70114154,00000118,false,Rx,1,4,00,4C,00,00,00,00,00,00,
70124558,00000118,false,Rx,1,4,00,4D,00,00,00,00,00,00,
70134174,00000118,false,Rx,1,4,00,4E,00,00,00,00,00,00,
70144427,00000118,false,Rx,1,4,00,4F,00,00,00,00,00,00,
70154160,00000118,false,Rx,1,4,00,40,00,00,00,00,00,00,
70164413,00000118,false,Rx,1,4,00,41,00,00,00,00,00,00,
70174175,00000118,false,Rx,1,4,00,42,00,00,00,00,00,00,
70184397,00000118,false,Rx,1,4,00,43,00,00,00,00,00,00,
70194105,00000118,false,Rx,1,4,00,44,00,00,00,00,00,00,
70204401,00000118,false,Rx,1,4,00,45,00,00,00,00,00,00,
70214086,00000118,false,Rx,1,4,00,46,00,00,00,00,00,00,
70224570,00000118,false,Rx,1,4,00,47,00,00,00,00,00,00,
70234091,00000118,false,Rx,1,4,00,48,00,00,00,00,00,00,
70244346,00000118,false,Rx,1,4,00,49,00,00,00,00,00,00,
70254078,00000118,false,Rx,1,4,00,4A,00,00,00,00,00,00,
70264332,00000118,false,Rx,1,4,00,4B,00,00,00,00,00,00,
70274096,00000118,false,Rx,1,4,00,4C,00,00,00,00,00,00,
70284315,00000118,false,Rx,1,4,00,4D,00,00,00,00,00,00,
70294025,00000118,false,Rx,1,4,00,4E,00,00,00,00,00,00,
70304315,00000118,false,Rx,1,4,00,4F,00,00,00,00,00,00,
70314010,00000118,false,Rx,1,4,00,40,00,00,00,00,00,00,
70324284,00000118,false,Rx,1,4,00,41,00,00,00,00,00,00,
70336879,00000118,false,Rx,1,4,00,42,00,00,00,00,00,00,
70344333,00000118,false,Rx,1,4,00,43,00,00,00,00,00,00,
70353980,00000118,false,Rx,1,4,00,44,00,00,00,00,00,00,
70364267,00000118,false,Rx,1,4,00,45,00,00,00,00,00,00,
70373993,00000118,false,Rx,1,4,00,46,00,00,00,00,00,00,
70384250,00000118,false,Rx,1,4,00,47,00,00,00,00,00,00,
70393950,00000118,false,Rx,1,4,00,48,00,00,00,00,00,00,
70394663,0000070F,false,Rx,0,8,03,22,02,8D,55,55,55,55,
70404279,00000118,false,Rx,1,4,00,49,00,00,00,00,00,00,
70413911,00000118,false,Rx,1,4,00,4A,00,00,00,00,00,00,
70415209,00000779,false,Rx,1,8,05,62,02,8D,69,00,AA,AA,
70424249,00000118,false,Rx,1,4,00,4B,00,00,00,00,00,00,
70433895,00000118,false,Rx,1,4,00,4C,00,00,00,00,00,00,
70444202,00000118,false,Rx,1,4,00,4D,00,00,00,00,00,00,
70444498,17F0000F,true,Rx,1,8,00,0F,00,00,00,00,00,00,
70453905,00000118,false,Rx,1,4,00,4E,00,00,00,00,00,00,
70464185,00000118,false,Rx,1,4,00,4F,00,00,00,00,00,00,
70473947,00000118,false,Rx,1,4,00,40,00,00,00,00,00,00,
70484171,00000118,false,Rx,1,4,00,41,00,00,00,00,00,00,
70493853,00000118,false,Rx,1,4,00,42,00,00,00,00,00,00,
70504173,00000118,false,Rx,1,4,00,43,00,00,00,00,00,00,
70513828,00000118,false,Rx,1,4,00,44,00,00,00,00,00,00,
70524156,00000118,false,Rx,1,4,00,45,00,00,00,00,00,00,
70533810,00000118,false,Rx,1,4,00,46,00,00,00,00,00,00,
70544121,00000118,false,Rx,1,4,00,47,00,00,00,00,00,00,
70553813,00000118,false,Rx,1,4,00,48,00,00,00,00,00,00,
70564104,00000118,false,Rx,1,4,00,49,00,00,00,00,00,00,
70573838,00000118,false,Rx,1,4,00,4A,00,00,00,00,00,00,
70584091,00000118,false,Rx,1,4,00,4B,00,00,00,00,00,00,
70593769,00000118,false,Rx,1,4,00,4C,00,00,00,00,00,00,
70604089,00000118,false,Rx,1,4,00,4D,00,00,00,00,00,00,
70613748,00000118,false,Rx,1,4,00,4E,00,00,00,00,00,00,
70624075,00000118,false,Rx,1,4,00,4F,00,00,00,00,00,00,
70633733,00000118,false,Rx,1,4,00,40,00,00,00,00,00,00,
70644040,00000118,false,Rx,1,4,00,41,00,00,00,00,00,00,
70653733,00000118,false,Rx,1,4,00,42,00,00,00,00,00,00,
70664023,00000118,false,Rx,1,4,00,43,00,00,00,00,00,00,
70673752,00000118,false,Rx,1,4,00,44,00,00,00,00,00,00,
70684006,00000118,false,Rx,1,4,00,45,00,00,00,00,00,00,
70693682,00000118,false,Rx,1,4,00,46,00,00,00,00,00,00,
70704011,00000118,false,Rx,1,4,00,47,00,00,00,00,00,00,
70713669,0000070F,false,Rx,0,8,03,22,2B,F1,55,55,55,55,
70713698,00000118,false,Rx,1,4,00,48,00,00,00,00,00,00,
70724016,00000118,false,Rx,1,4,00,49,00,00,00,00,00,00,
70733651,00000118,false,Rx,1,4,00,4A,00,00,00,00,00,00,
70734952,00000779,false,Rx,1,8,05,62,2B,F1,77,6C,AA,AA,
70743970,00000118,false,Rx,1,4,00,4B,00,00,00,00,00,00,
70753653,00000118,false,Rx,1,4,00,4C,00,00,00,00,00,00,
70763950,00000118,false,Rx,1,4,00,4D,00,00,00,00,00,00,
70773672,00000118,false,Rx,1,4,00,4E,00,00,00,00,00,00,
70783943,00000118,false,Rx,1,4,00,4F,00,00,00,00,00,00,
70793603,00000118,false,Rx,1,4,00,40,00,00,00,00,00,00,
70803951,00000118,false,Rx,1,4,00,41,00,00,00,00,00,00,
70813584,00000118,false,Rx,1,4,00,42,00,00,00,00,00,00,
70824030,00000118,false,Rx,1,4,00,43,00,00,00,00,00,00,
70833596,00000118,false,Rx,1,4,00,44,00,00,00,00,00,00,
70843707,00000118,false,Rx,1,4,00,45,00,00,00,00,00,00,
70853839,00000118,false,Rx,1,4,00,46,00,00,00,00,00,00,
70863878,00000118,false,Rx,1,4,00,47,00,00,00,00,00,00,
70873874,00000118,false,Rx,1,4,00,48,00,00,00,00,00,00,
70884376,00000118,false,Rx,1,4,00,49,00,00,00,00,00,00,
70894129,00000118,false,Rx,1,4,00,4A,00,00,00,00,00,00,
70904368,00000118,false,Rx,1,4,00,4B,00,00,00,00,00,00,
70914129,00000118,false,Rx,1,4,00,4C,00,00,00,00,00,00,
70924362,00000118,false,Rx,1,4,00,4D,00,00,00,00,00,00,
70934123,00000118,false,Rx,1,4,00,4E,00,00,00,00,00,00,
70944122,00000118,false,Rx,1,4,00,4F,00,00,00,00,00,00,
70944660,17F0000F,true,Rx,1,8,00,0F,00,00,00,00,00,00,
70954132,00000118,false,Rx,1,4,00,40,00,00,00,00,00,00,
70964127,00000118,false,Rx,1,4,00,41,00,00,00,00,00,00,
70974199,00000118,false,Rx,1,4,00,42,00,00,00,00,00,00,
70984125,00000118,false,Rx,1,4,00,43,00,00,00,00,00,00,
70994120,00000118,false,Rx,1,4,00,44,00,00,00,00,00,00,
71004130,00000118,false,Rx,1,4,00,45,00,00,00,00,00,00,
71013883,00000118,false,Rx,1,4,00,46,00,00,00,00,00,00,
71024121,00000118,false,Rx,1,4,00,47,00,00,00,00,00,00,
71028745,0000070F,false,Rx,0,8,03,22,2B,E4,55,55,55,55,
71034120,00000118,false,Rx,1,4,00,48,00,00,00,00,00,00,
71044119,00000118,false,Rx,1,4,00,49,00,00,00,00,00,00,
71046163,00000779,false,Rx,1,8,05,62,2B,E4,0D,63,AA,AA,
71053881,00000118,false,Rx,1,4,00,4A,00,00,00,00,00,00,
71064118,00000118,false,Rx,1,4,00,4B,00,00,00,00,00,00,
71074131,00000118,false,Rx,1,4,00,4C,00,00,00,00,00,00,
71084120,00000118,false,Rx,1,4,00,4D,00,00,00,00,00,00,
71093877,00000118,false,Rx,1,4,00,4E,00,00,00,00,00,00,
71104125,00000118,false,Rx,1,4,00,4F,00,00,00,00,00,00,
71113885,00000118,false,Rx,1,4,00,40,00,00,00,00,00,00,
71124126,00000118,false,Rx,1,4,00,41,00,00,00,00,00,00,
71133881,00000118,false,Rx,1,4,00,42,00,00,00,00,00,00,
71144125,00000118,false,Rx,1,4,00,43,00,00,00,00,00,00,
71153876,00000118,false,Rx,1,4,00,44,00,00,00,00,00,00,
71164359,00000118,false,Rx,1,4,00,45,00,00,00,00,00,00,
71174367,00000118,false,Rx,1,4,00,46,00,00,00,00,00,00,
71184853,00000118,false,Rx,1,4,00,47,00,00,00,00,00,00,
71194610,00000118,false,Rx,1,4,00,48,00,00,00,00,00,00,
71204857,00000118,false,Rx,1,4,00,49,00,00,00,00,00,00,
71214622,00000118,false,Rx,1,4,00,4A,00,00,00,00,00,00,
71224848,00000118,false,Rx,1,4,00,4B,00,00,00,00,00,00,
71234615,00000118,false,Rx,1,4,00,4C,00,00,00,00,00,00,
71244863,00000118,false,Rx,1,4,00,4D,00,00,00,00,00,00,
71254612,00000118,false,Rx,1,4,00,4E,00,00,00,00,00,00,
71264862,00000118,false,Rx,1,4,00,4F,00,00,00,00,00,00,
71274623,00000118,false,Rx,1,4,00,40,00,00,00,00,00,00,
71284870,00000118,false,Rx,1,4,00,41,00,00,00,00,00,00,
71294619,00000118,false,Rx,1,4,00,42,00,00,00,00,00,00,
71304857,00000118,false,Rx,1,4,00,43,00,00,00,00,00,00,
71314611,00000118,false,Rx,1,4,00,44,00,00,00,00,00,00,
71324648,00000118,false,Rx,1,4,00,45,00,00,00,00,00,00,
71334676,00000118,false,Rx,1,4,00,46,00,00,00,00,00,00,
71342228,0000070F,false,Rx,0,8,03,22,02,8D,55,55,55,55,
71344696,00000118,false,Rx,1,4,00,47,00,00,00,00,00,00,
71354486,00000118,false,Rx,1,4,00,48,00,00,00,00,00,00,
71355719,00000779,false,Rx,1,8,05,62,02,8D,6A,00,AA,AA,
71364610,00000118,false,Rx,1,4,00,49,00,00,00,00,00,00,
71374621,00000118,false,Rx,1,4,00,4A,00,00,00,00,00,00,
71384603,00000118,false,Rx,1,4,00,4B,00,00,00,00,00,00,
71394367,00000118,false,Rx,1,4,00,4C,00,00,00,00,00,00,
71404614,00000118,false,Rx,1,4,00,4D,00,00,00,00,00,00,
71414376,00000118,false,Rx,1,4,00,4E,00,00,00,00,00,00,
71424614,00000118,false,Rx,1,4,00,4F,00,00,00,00,00,00,
71434373,00000118,false,Rx,1,4,00,40,00,00,00,00,00,00,
71444623,00000118,false,Rx,1,4,00,41,00,00,00,00,00,00,
71445163,17F0000F,true,Rx,1,8,00,0F,00,00,00,00,00,00,
71454374,00000118,false,Rx,1,4,00,42,00,00,00,00,00,00,
71464607,00000118,false,Rx,1,4,00,43,00,00,00,00,00,00,
71474366,00000118,false,Rx,1,4,00,44,00,00,00,00,00,00,
71484888,00000118,false,Rx,1,4,00,45,00,00,00,00,00,00,
71494861,00000118,false,Rx,1,4,00,46,00,00,00,00,00,00,
71504884,00000118,false,Rx,1,4,00,47,00,00,00,00,00,00,
71514865,00000118,false,Rx,1,4,00,48,00,00,00,00,00,00,
71524867,00000118,false,Rx,1,4,00,49,00,00,00,00,00,00,
71534866,00000118,false,Rx,1,4,00,4A,00,00,00,00,00,00,
71544849,00000118,false,Rx,1,4,00,4B,00,00,00,00,00,00,
71554865,00000118,false,Rx,1,4,00,4C,00,00,00,00,00,00,
71565362,00000118,false,Rx,1,4,00,4D,00,00,00,00,00,00,
71575097,00000118,false,Rx,1,4,00,4E,00,00,00,00,00,00,
71585373,00000118,false,Rx,1,4,00,4F,00,00,00,00,00,00,
71595036,00000118,false,Rx,1,4,00,40,00,00,00,00,00,00,
71605392,00000118,false,Rx,1,4,00,41,00,00,00,00,00,00,
71615014,00000118,false,Rx,1,4,00,42,00,00,00,00,00,00,
71625401,00000118,false,Rx,1,4,00,43,00,00,00,00,00,00,
71634991,00000118,false,Rx,1,4,00,44,00,00,00,00,00,00,
71645359,00000118,false,Rx,1,4,00,45,00,00,00,00,00,00,
71648402,0000070F,false,Rx,0,8,03,22,2B,F1,55,55,55,55,
71655016,00000118,false,Rx,1,4,00,46,00,00,00,00,00,00,
71665361,00000118,false,Rx,1,4,00,47,00,00,00,00,00,00,
71667457,00000779,false,Rx,1,8,05,62,2B,F1,A9,6C,AA,AA,
71675022,00000118,false,Rx,1,4,00,48,00,00,00,00,00,00,
71685119,00000118,false,Rx,1,4,00,49,00,00,00,00,00,00,
71694950,00000118,false,Rx,1,4,00,4A,00,00,00,00,00,00,
71705124,00000118,false,Rx,1,4,00,4B,00,00,00,00,00,00,
71714947,00000118,false,Rx,1,4,00,4C,00,00,00,00,00,00,
71725110,00000118,false,Rx,1,4,00,4D,00,00,00,00,00,00,
71734910,00000118,false,Rx,1,4,00,4E,00,00,00,00,00,00,
71745071,00000118,false,Rx,1,4,00,4F,00,00,00,00,00,00,
71754931,00000118,false,Rx,1,4,00,40,00,00,00,00,00,00,
71765610,00000118,false,Rx,1,4,00,41,00,00,00,00,00,00,
71775331,00000118,false,Rx,1,4,00,42,00,00,00,00,00,00,
71785608,00000118,false,Rx,1,4,00,43,00,00,00,00,00,00,
71795260,00000118,false,Rx,1,4,00,44,00,00,00,00,00,00,
71805608,00000118,false,Rx,1,4,00,45,00,00,00,00,00,00,
71815242,00000118,false,Rx,1,4,00,46,00,00,00,00,00,00,
71825614,00000118,false,Rx,1,4,00,47,00,00,00,00,00,00,
71835384,00000118,false,Rx,1,4,00,48,00,00,00,00,00,00,
71847969,00000118,false,Rx,1,4,00,49,00,00,00,00,00,00,
71855505,00000118,false,Rx,1,4,00,4A,00,00,00,00,00,00,
71865871,00000118,false,Rx,1,4,00,4B,00,00,00,00,00,00,
71875652,00000118,false,Rx,1,4,00,4C,00,00,00,00,00,00,
71885756,00000118,false,Rx,1,4,00,4D,00,00,00,00,00,00,
71895579,00000118,false,Rx,1,4,00,4E,00,00,00,00,00,00,
71905757,00000118,false,Rx,1,4,00,4F,00,00,00,00,00,00,
71915565,00000118,false,Rx,1,4,00,40,00,00,00,00,00,00,
71925753,00000118,false,Rx,1,4,00,41,00,00,00,00,00,00,
71935549,00000118,false,Rx,1,4,00,42,00,00,00,00,00,00,
71945707,00000118,false,Rx,1,4,00,43,00,00,00,00,00,00,
71946003,17F0000F,true,Rx,1,8,00,0F,00,00,00,00,00,00,
71955557,00000118,false,Rx,1,4,00,44,00,00,00,00,00,00,
71965180,0000070F,false,Rx,0,8,03,22,2B,E4,55,55,55,55,
71966114,00000118,false,Rx,1,4,00,45,00,00,00,00,00,00,
71975965,00000118,false,Rx,1,4,00,46,00,00,00,00,00,00,
71977274,00000779,false,Rx,1,8,05,62,2B,E4,0D,63,AA,AA,
71986084,00000118,false,Rx,1,4,00,47,00,00,00,00,00,00,
71995895,00000118,false,Rx,1,4,00,48,00,00,00,00,00,00,
72006077,00000118,false,Rx,1,4,00,49,00,00,00,00,00,00,
72015884,00000118,false,Rx,1,4,00,4A,00,00,00,00,00,00,
72026071,00000118,false,Rx,1,4,00,4B,00,00,00,00,00,00,
72035868,00000118,false,Rx,1,4,00,4C,00,00,00,00,00,00,
72046026,00000118,false,Rx,1,4,00,4D,00,00,00,00,00,00,
72055867,00000118,false,Rx,1,4,00,4E,00,00,00,00,00,00,
72066409,00000118,false,Rx,1,4,00,4F,00,00,00,00,00,00,
72076289,00000118,false,Rx,1,4,00,40,00,00,00,00,00,00,
72086395,00000118,false,Rx,1,4,00,41,00,00,00,00,00,00,
72096216,00000118,false,Rx,1,4,00,42,00,00,00,00,00,00,
72106395,00000118,false,Rx,1,4,00,43,00,00,00,00,00,00,
72116198,00000118,false,Rx,1,4,00,44,00,00,00,00,00,00,
72126378,00000118,false,Rx,1,4,00,45,00,00,00,00,00,00,
72136183,00000118,false,Rx,1,4,00,46,00,00,00,00,00,00,
72146343,00000118,false,Rx,1,4,00,47,00,00,00,00,00,00,
72156184,00000118,false,Rx,1,4,00,48,00,00,00,00,00,00,
72166726,00000118,false,Rx,1,4,00,49,00,00,00,00,00,00,
72176606,00000118,false,Rx,1,4,00,4A,00,00,00,00,00,00,
72186712,00000118,false,Rx,1,4,00,4B,00,00,00,00,00,00,
72196535,00000118,false,Rx,1,4,00,4C,00,00,00,00,00,00,
72206716,00000118,false,Rx,1,4,00,4D,00,00,00,00,00,00,
72216517,00000118,false,Rx,1,4,00,4E,00,00,00,00,00,00,
72226697,00000118,false,Rx,1,4,00,4F,00,00,00,00,00,00,
72236506,00000118,false,Rx,1,4,00,40,00,00,00,00,00,00,
72246664,00000118,false,Rx,1,4,00,41,00,00,00,00,00,00,
72256505,00000118,false,Rx,1,4,00,42,00,00,00,00,00,00,
72267045,00000118,false,Rx,1,4,00,43,00,00,00,00,00,00,
72276941,00000118,false,Rx,1,4,00,44,00,00,00,00,00,00,
72281670,0000070F,false,Rx,0,8,03,22,02,8D,55,55,55,55,
72287054,00000118,false,Rx,1,4,00,45,00,00,00,00,00,00,
72296851,00000118,false,Rx,1,4,00,46,00,00,00,00,00,00,
72298154,00000779,false,Rx,1,8,05,62,02,8D,6A,00,AA,AA,
72307042,00000118,false,Rx,1,4,00,47,00,00,00,00,00,00,
72316835,00000118,false,Rx,1,4,00,48,00,00,00,00,00,00,
72327049,00000118,false,Rx,1,4,00,49,00,00,00,00,00,00,
72338472,00000118,false,Rx,1,4,00,4A,00,00,00,00,00,00,
72347124,00000118,false,Rx,1,4,00,4B,00,00,00,00,00,00,
72356735,00000118,false,Rx,1,4,00,4C,00,00,00,00,00,00,
72367057,00000118,false,Rx,1,4,00,4D,00,00,00,00,00,00,
72376749,00000118,false,Rx,1,4,00,4E,00,00,00,00,00,00,
72387021,00000118,false,Rx,1,4,00,4F,00,00,00,00,00,00,
72396719,00000118,false,Rx,1,4,00,40,00,00,00,00,00,00,
72407009,00000118,false,Rx,1,4,00,41,00,00,00,00,00,00,
72416700,00000118,false,Rx,1,4,00,42,00,00,00,00,00,00,
72426989,00000118,false,Rx,1,4,00,43,00,00,00,00,00,00,
72436686,00000118,false,Rx,1,4,00,44,00,00,00,00,00,00,
72446992,00000118,false,Rx,1,4,00,45,00,00,00,00,00,00,
72447287,17F0000F,true,Rx,1,8,00,0F,00,00,00,00,00,00,
72456654,00000118,false,Rx,1,4,00,46,00,00,00,00,00,00,
72466976,00000118,false,Rx,1,4,00,47,00,00,00,00,00,00,
72476680,00000118,false,Rx,1,4,00,48,00,00,00,00,00,00,
72486950,00000118,false,Rx,1,4,00,49,00,00,00,00,00,00,
72496636,00000118,false,Rx,1,4,00,4A,00,00,00,00,00,00,
72506944,00000118,false,Rx,1,4,00,4B,00,00,00,00,00,00,
72516621,00000118,false,Rx,1,4,00,4C,00,00,00,00,00,00,
72526907,00000118,false,Rx,1,4,00,4D,00,00,00,00,00,00,
72536592,00000118,false,Rx,1,4,00,4E,00,00,00,00,00,00,
72546931,00000118,false,Rx,1,4,00,4F,00,00,00,00,00,00,
72556568,00000118,false,Rx,1,4,00,40,00,00,00,00,00,00,
72566895,00000118,false,Rx,1,4,00,41,00,00,00,00,00,00,
72576586,00000118,false,Rx,1,4,00,42,00,00,00,00,00,00,
72586859,00000118,false,Rx,1,4,00,43,00,00,00,00,00,00,
72596554,00000118,false,Rx,1,4,00,44,00,00,00,00,00,00,
72606844,00000118,false,Rx,1,4,00,45,00,00,00,00,00,00,
72616045,0000070F,false,Rx,0,8,03,22,2B,F1,55,55,55,55,
72616607,00000118,false,Rx,1,4,00,46,00,00,00,00,00,00,
72626869,00000118,false,Rx,1,4,00,47,00,00,00,00,00,00,
72636499,00000118,false,Rx,1,4,00,48,00,00,00,00,00,00,
72637800,00000779,false,Rx,1,8,05,62,2B,F1,DB,6C,AA,AA,
72646843,00000118,false,Rx,1,4,00,49,00,00,00,00,00,00,
72656488,00000118,false,Rx,1,4,00,4A,00,00,00,00,00,00,
72666815,00000118,false,Rx,1,4,00,4B,00,00,00,00,00,00,
72676507,00000118,false,Rx,1,4,00,4C,00,00,00,00,00,00,
72686777,00000118,false,Rx,1,4,00,4D,00,00,00,00,00,00,
72696472,00000118,false,Rx,1,4,00,4E,00,00,00,00,00,00,
72706762,00000118,false,Rx,1,4,00,4F,00,00,00,00,00,00,
72716440,00000118,false,Rx,1,4,00,40,00,00,00,00,00,00,
72726765,00000118,false,Rx,1,4,00,41,00,00,00,00,00,00,
72736421,00000118,false,Rx,1,4,00,42,00,00,00,00,00,00,
72746747,00000118,false,Rx,1,4,00,43,00,00,00,00,00,00,
72756405,00000118,false,Rx,1,4,00,44,00,00,00,00,00,00,
72766732,00000118,false,Rx,1,4,00,45,00,00,00,00,00,00,
72776421,00000118,false,Rx,1,4,00,46,00,00,00,00,00,00,
72786696,00000118,false,Rx,1,4,00,47,00,00,00,00,00,00,
72796390,00000118,false,Rx,1,4,00,48,00,00,00,00,00,00,
72806679,00000118,false,Rx,1,4,00,49,00,00,00,00,00,00,
72816373,00000118,false,Rx,1,4,00,4A,00,00,00,00,00,00,
72827275,00000118,false,Rx,1,4,00,4B,00,00,00,00,00,00,
72841831,00000118,false,Rx,1,4,00,4C,00,00,00,00,00,00,
72846685,00000118,false,Rx,1,4,00,4D,00,00,00,00,00,00,
72856343,00000118,false,Rx,1,4,00,4E,00,00,00,00,00,00,
72866721,00000118,false,Rx,1,4,00,4F,00,00,00,00,00,00,
72876363,00000118,false,Rx,1,4,00,40,00,00,00,00,00,00,
72886617,00000118,false,Rx,1,4,00,41,00,00,00,00,00,00,
72896310,00000118,false,Rx,1,4,00,42,00,00,00,00,00,00,
72906599,00000118,false,Rx,1,4,00,43,00,00,00,00,00,00,
72916274,00000118,false,Rx,1,4,00,44,00,00,00,00,00,00,
72926600,00000118,false,Rx,1,4,00,45,00,00,00,00,00,00,
72931474,0000070F,false,Rx,0,8,03,22,2B,E4,55,55,55,55,
72936281,00000118,false,Rx,1,4,00,46,00,00,00,00,00,00,
72946569,00000118,false,Rx,1,4,00,47,00,00,00,00,00,00,
72946863,17F0000F,true,Rx,1,8,00,0F,00,00,00,00,00,00,
72948699,00000779,false,Rx,1,8,05,62,2B,E4,0D,63,AA,AA,
72956281,00000118,false,Rx,1,4,00,48,00,00,00,00,00,00,
72966551,00000118,false,Rx,1,4,00,49,00,00,00,00,00,00,
72976300,00000118,false,Rx,1,4,00,4A,00,00,00,00,00,00,
72986542,00000118,false,Rx,1,4,00,4B,00,00,00,00,00,00,
72996231,00000118,false,Rx,1,4,00,4C,00,00,00,00,00,00,
73006518,00000118,false,Rx,1,4,00,4D,00,00,00,00,00,00,
73016192,00000118,false,Rx,1,4,00,4E,00,00,00,00,00,00,
73026519,00000118,false,Rx,1,4,00,4F,00,00,00,00,00,00,
73036180,00000118,false,Rx,1,4,00,40,00,00,00,00,00,00,
73046563,00000118,false,Rx,1,4,00,41,00,00,00,00,00,00,
73056187,00000118,false,Rx,1,4,00,42,00,00,00,00,00,00,
73066450,00000118,false,Rx,1,4,00,43,00,00,00,00,00,00,
73076219,00000118,false,Rx,1,4,00,44,00,00,00,00,00,00,
73086434,00000118,false,Rx,1,4,00,45,00,00,00,00,00,00,
73096163,00000118,false,Rx,1,4,00,46,00,00,00,00,00,00,
73106418,00000118,false,Rx,1,4,00,47,00,00,00,00,00,00,
73116127,00000118,false,Rx,1,4,00,48,00,00,00,00,00,00,
73126421,00000118,false,Rx,1,4,00,49,00,00,00,00,00,00,
73136115,00000118,false,Rx,1,4,00,4A,00,00,00,00,00,00,
73146574,00000118,false,Rx,1,4,00,4B,00,00,00,00,00,00,
73156121,00000118,false,Rx,1,4,00,4C,00,00,00,00,00,00,
73166370,00000118,false,Rx,1,4,00,4D,00,00,00,00,00,00,
73176136,00000118,false,Rx,1,4,00,4E,00,00,00,00,00,00,
73186353,00000118,false,Rx,1,4,00,4F,00,00,00,00,00,00,
73196086,00000118,false,Rx,1,4,00,40,00,00,00,00,00,00,
73206339,00000118,false,Rx,1,4,00,41,00,00,00,00,00,00,
73216048,00000118,false,Rx,1,4,00,42,00,00,00,00,00,00,
73226339,00000118,false,Rx,1,4,00,43,00,00,00,00,00,00,
73236032,00000118,false,Rx,1,4,00,44,00,00,00,00,00,00,
73246305,00000118,false,Rx,1,4,00,45,00,00,00,00,00,00,
73248414,0000070F,false,Rx,0,8,03,22,02,8D,55,55,55,55,
73256058,00000118,false,Rx,1,4,00,46,00,00,00,00,00,00,
73266706,00000118,false,Rx,1,4,00,47,00,00,00,00,00,00,
73268953,00000779,false,Rx,1,8,05,62,02,8D,6A,00,AA,AA,
73276444,00000118,false,Rx,1,4,00,48,00,00,00,00,00,00,
73286689,00000118,false,Rx,1,4,00,49,00,00,00,00,00,00,
73296386,00000118,false,Rx,1,4,00,4A,00,00,00,00,00,00,
73306675,00000118,false,Rx,1,4,00,4B,00,00,00,00,00,00,
73316351,00000118,false,Rx,1,4,00,4C,00,00,00,00,00,00,
73326693,00000118,false,Rx,1,4,00,4D,00,00,00,00,00,00,
73336361,00000118,false,Rx,1,4,00,4E,00,00,00,00,00,00,
73346688,00000118,false,Rx,1,4,00,4F,00,00,00,00,00,00,
73357056,00000118,false,Rx,1,4,00,40,00,00,00,00,00,00,
73367414,00000118,false,Rx,1,4,00,41,00,00,00,00,00,00,
73377228,00000118,false,Rx,1,4,00,42,00,00,00,00,00,00,
73387334,00000118,false,Rx,1,4,00,43,00,00,00,00,00,00,
73397157,00000118,false,Rx,1,4,00,44,00,00,00,00,00,00,
73407336,00000118,false,Rx,1,4,00,45,00,00,00,00,00,00,
73417138,00000118,false,Rx,1,4,00,46,00,00,00,00,00,00,
73427320,00000118,false,Rx,1,4,00,47,00,00,00,00,00,00,
73437123,00000118,false,Rx,1,4,00,48,00,00,00,00,00,00,
73447284,00000118,false,Rx,1,4,00,49,00,00,00,00,00,00,
73447580,17F0000F,true,Rx,1,8,00,0F,00,00,00,00,00,00,
73457138,00000118,false,Rx,1,4,00,4A,00,00,00,00,00,00,
73467880,00000118,false,Rx,1,4,00,4B,00,00,00,00,00,00,
73477548,00000118,false,Rx,1,4,00,4C,00,00,00,00,00,00,
73487657,00000118,false,Rx,1,4,00,4D,00,00,00,00,00,00,
73497476,00000118,false,Rx,1,4,00,4E,00,00,00,00,00,00,
73507655,00000118,false,Rx,1,4,00,4F,00,00,00,00,00,00,
73517462,00000118,false,Rx,1,4,00,40,00,00,00,00,00,00,
73527641,00000118,false,Rx,1,4,00,41,00,00,00,00,00,00,
73537444,00000118,false,Rx,1,4,00,42,00,00,00,00,00,00,
73547604,00000118,false,Rx,1,4,00,43,00,00,00,00,00,00,
73557447,00000118,false,Rx,1,4,00,44,00,00,00,00,00,00,
73568126,00000118,false,Rx,1,4,00,45,00,00,00,00,00,00,
73577864,00000118,false,Rx,1,4,00,46,00,00,00,00,00,00,
73578422,0000070F,false,Rx,0,8,03,22,2B,F1,55,55,55,55,
73587995,00000118,false,Rx,1,4,00,47,00,00,00,00,00,00,
73597792,00000118,false,Rx,1,4,00,48,00,00,00,00,00,00,
73599091,00000779,false,Rx,1,8,05,62,2B,F1,0D,6D,AA,AA,
73607984,00000118,false,Rx,1,4,00,49,00,00,00,00,00,00,
73617780,00000118,false,Rx,1,4,00,4A,00,00,00,00,00,00,
73627964,00000118,false,Rx,1,4,00,4B,00,00,00,00,00,00,
73637763,00000118,false,Rx,1,4,00,4C,00,00,00,00,00,00,
73647942,00000118,false,Rx,1,4,00,4D,00,00,00,00,00,00,
73657765,00000118,false,Rx,1,4,00,4E,00,00,00,00,00,00,
73668373,00000118,false,Rx,1,4,00,4F,00,00,00,00,00,00,
73678186,00000118,false,Rx,1,4,00,40,00,00,00,00,00,00,
73688366,00000118,false,Rx,1,4,00,41,00,00,00,00,00,00,
73698113,00000118,false,Rx,1,4,00,42,00,00,00,00,00,00,
73708363,00000118,false,Rx,1,4,00,43,00,00,00,00,00,00,
73718097,00000118,false,Rx,1,4,00,44,00,00,00,00,00,00,
73728363,00000118,false,Rx,1,4,00,45,00,00,00,00,00,00,
73738077,00000118,false,Rx,1,4,00,46,00,00,00,00,00,00,
73748363,00000118,false,Rx,1,4,00,47,00,00,00,00,00,00,
73758081,00000118,false,Rx,1,4,00,48,00,00,00,00,00,00,
73768861,00000118,false,Rx,1,4,00,49,00,00,00,00,00,00,
73778488,00000118,false,Rx,1,4,00,4A,00,00,00,00,00,00,
73788858,00000118,false,Rx,1,4,00,4B,00,00,00,00,00,00,
73798414,00000118,false,Rx,1,4,00,4C,00,00,00,00,00,00,
73808851,00000118,false,Rx,1,4,00,4D,00,00,00,00,00,00,
73818796,00000118,false,Rx,1,4,00,4E,00,00,00,00,00,00,
73829023,00000118,false,Rx,1,4,00,4F,00,00,00,00,00,00,
73840883,00000118,false,Rx,1,4,00,40,00,00,00,00,00,00,
73849237,00000118,false,Rx,1,4,00,41,00,00,00,00,00,00,
73858717,00000118,false,Rx,1,4,00,42,00,00,00,00,00,00,
73869181,00000118,false,Rx,1,4,00,43,00,00,00,00,00,00,
73878710,00000118,false,Rx,1,4,00,44,00,00,00,00,00,00,
73889001,00000118,false,Rx,1,4,00,45,00,00,00,00,00,00,
73898692,00000118,false,Rx,1,4,00,46,00,00,00,00,00,00,
73909001,00000118,false,Rx,1,4,00,47,00,00,00,00,00,00,
73912446,0000070F,false,Rx,0,8,03,22,2B,E4,55,55,55,55,
73918683,00000118,false,Rx,1,4,00,48,00,00,00,00,00,00,
73928986,00000118,false,Rx,1,4,00,49,00,00,00,00,00,00,
73931107,00000779,false,Rx,1,8,05,62,2B,E4,0D,63,AA,AA,
73938656,00000118,false,Rx,1,4,00,4A,00,00,00,00,00,00,
73948973,00000118,false,Rx,1,4,00,4B,00,00,00,00,00,00,
73949269,17F0000F,true,Rx,1,8,00,0F,00,00,00,00,00,00,
73958640,00000118,false,Rx,1,4,00,4C,00,00,00,00,00,00,
73968971,00000118,false,Rx,1,4,00,4D,00,00,00,00,00,00,
73978632,00000118,false,Rx,1,4,00,4E,00,00,00,00,00,00,
73988948,00000118,false,Rx,1,4,00,4F,00,00,00,00,00,00,
73998614,00000118,false,Rx,1,4,00,40,00,00,00,00,00,00,
74008904,00000118,false,Rx,1,4,00,41,00,00,00,00,00,00,
74018577,00000118,false,Rx,1,4,00,42,00,00,00,00,00,00,
74028904,00000118,false,Rx,1,4,00,43,00,00,00,00,00,00,
74038562,00000118,false,Rx,1,4,00,44,00,00,00,00,00,00,
74048888,00000118,false,Rx,1,4,00,45,00,00,00,00,00,00,
74058544,00000118,false,Rx,1,4,00,46,00,00,00,00,00,00,
74068889,00000118,false,Rx,1,4,00,47,00,00,00,00,00,00,
74078553,00000118,false,Rx,1,4,00,48,00,00,00,00,00,00,
74088838,00000118,false,Rx,1,4,00,49,00,00,00,00,00,00,
74098515,00000118,false,Rx,1,4,00,4A,00,00,00,00,00,00,
74108841,00000118,false,Rx,1,4,00,4B,00,00,00,00,00,00,
74118498,00000118,false,Rx,1,4,00,4C,00,00,00,00,00,00,
74128823,00000118,false,Rx,1,4,00,4D,00,00,00,00,00,00,
74138481,00000118,false,Rx,1,4,00,4E,00,00,00,00,00,00,
74148808,00000118,false,Rx,1,4,00,4F,00,00,00,00,00,00,
74158466,00000118,false,Rx,1,4,00,40,00,00,00,00,00,00,
74168866,00000118,false,Rx,1,4,00,41,00,00,00,00,00,00,
74178492,00000118,false,Rx,1,4,00,42,00,00,00,00,00,00,
74188757,00000118,false,Rx,1,4,00,43,00,00,00,00,00,00,
74198432,00000118,false,Rx,1,4,00,44,00,00,00,00,00,00,
74208760,00000118,false,Rx,1,4,00,45,00,00,00,00,00,00,
74218414,00000118,false,Rx,1,4,00,46,00,00,00,00,00,00,
74228743,00000118,false,Rx,1,4,00,47,00,00,00,00,00,00,
74230954,0000070F,false,Rx,0,8,03,22,02,8D,55,55,55,55,
74238421,00000118,false,Rx,1,4,00,48,00,00,00,00,00,00,
74248726,00000118,false,Rx,1,4,00,49,00,00,00,00,00,00,
74250848,00000779,false,Rx,1,8,05,62,02,8D,6B,00,AA,AA,
74258396,00000118,false,Rx,1,4,00,4A,00,00,00,00,00,00,
74268865,00000118,false,Rx,1,4,00,4B,00,00,00,00,00,00,
74278408,00000118,false,Rx,1,4,00,4C,00,00,00,00,00,00,
74288677,00000118,false,Rx,1,4,00,4D,00,00,00,00,00,00,
74298371,00000118,false,Rx,1,4,00,4E,00,00,00,00,00,00,
74308677,00000118,false,Rx,1,4,00,4F,00,00,00,00,00,00,
74318337,00000118,false,Rx,1,4,00,40,00,00,00,00,00,00,
74328640,00000118,false,Rx,1,4,00,41,00,00,00,00,00,00,
74338228,00000118,false,Rx,1,4,00,42,00,00,00,00,00,00,
74348670,00000118,false,Rx,1,4,00,43,00,00,00,00,00,00,
74358385,00000118,false,Rx,1,4,00,44,00,00,00,00,00,00,
74368847,00000118,false,Rx,1,4,00,45,00,00,00,00,00,00,
74378355,00000118,false,Rx,1,4,00,46,00,00,00,00,00,00,
74388616,00000118,false,Rx,1,4,00,47,00,00,00,00,00,00,
74398356,00000118,false,Rx,1,4,00,48,00,00,00,00,00,00,
74408600,00000118,false,Rx,1,4,00,49,00,00,00,00,00,00,
74418358,00000118,false,Rx,1,4,00,4A,00,00,00,00,00,00,
74428604,00000118,false,Rx,1,4,00,4B,00,00,00,00,00,00,
74438365,00000118,false,Rx,1,4,00,4C,00,00,00,00,00,00,
74448596,00000118,false,Rx,1,4,00,4D,00,00,00,00,00,00,
74449138,17F0000F,true,Rx,1,8,00,0F,00,00,00,00,00,00,
74458358,00000118,false,Rx,1,4,00,4E,00,00,00,00,00,00,
74468615,00000118,false,Rx,1,4,00,4F,00,00,00,00,00,00,
74478357,00000118,false,Rx,1,4,00,40,00,00,00,00,00,00,
74488641,00000118,false,Rx,1,4,00,41,00,00,00,00,00,00,
74498358,00000118,false,Rx,1,4,00,42,00,00,00,00,00,00,
74508614,00000118,false,Rx,1,4,00,43,00,00,00,00,00,00,
74518363,00000118,false,Rx,1,4,00,44,00,00,00,00,00,00,
74528600,00000118,false,Rx,1,4,00,45,00,00,00,00,00,00,
74538354,00000118,false,Rx,1,4,00,46,00,00,00,00,00,00,
74548604,00000118,false,Rx,1,4,00,47,00,00,00,00,00,00,
74550896,0000070F,false,Rx,0,8,03,22,2B,F1,55,55,55,55,
74558357,00000118,false,Rx,1,4,00,48,00,00,00,00,00,00,
74568599,00000118,false,Rx,1,4,00,49,00,00,00,00,00,00,
74570798,00000779,false,Rx,1,8,05,62,2B,F1,35,6D,AA,AA,
74578360,00000118,false,Rx,1,4,00,4A,00,00,00,00,00,00,
74588614,00000118,false,Rx,1,4,00,4B,00,00,00,00,00,00,
74598129,00000118,false,Rx,1,4,00,4C,00,00,00,00,00,00,
74608599,00000118,false,Rx,1,4,00,4D,00,00,00,00,00,00,
74618115,00000118,false,Rx,1,4,00,4E,00,00,00,00,00,00,
74628604,00000118,false,Rx,1,4,00,4F,00,00,00,00,00,00,
74638116,00000118,false,Rx,1,4,00,40,00,00,00,00,00,00,
74648610,00000118,false,Rx,1,4,00,41,00,00,00,00,00,00,
74658113,00000118,false,Rx,1,4,00,42,00,00,00,00,00,00,
74668618,00000118,false,Rx,1,4,00,43,00,00,00,00,00,00,
74678119,00000118,false,Rx,1,4,00,44,00,00,00,00,00,00,
74688430,00000118,false,Rx,1,4,00,45,00,00,00,00,00,00,
74698118,00000118,false,Rx,1,4,00,46,00,00,00,00,00,00,
74708354,00000118,false,Rx,1,4,00,47,00,00,00,00,00,00,
74718114,00000118,false,Rx,1,4,00,48,00,00,00,00,00,00,
74728362,00000118,false,Rx,1,4,00,49,00,00,00,00,00,00,
74738117,00000118,false,Rx,1,4,00,4A,00,00,00,00,00,00,
74748358,00000118,false,Rx,1,4,00,4B,00,00,00,00,00,00,
74758120,00000118,false,Rx,1,4,00,4C,00,00,00,00,00,00,
74768354,00000118,false,Rx,1,4,00,4D,00,00,00,00,00,00,
74778115,00000118,false,Rx,1,4,00,4E,00,00,00,00,00,00,
74788352,00000118,false,Rx,1,4,00,4F,00,00,00,00,00,00,
74798120,00000118,false,Rx,1,4,00,40,00,00,00,00,00,00,
74808363,00000118,false,Rx,1,4,00,41,00,00,00,00,00,00,
74818112,00000118,false,Rx,1,4,00,42,00,00,00,00,00,00,
74828359,00000118,false,Rx,1,4,00,43,00,00,00,00,00,00,
74844765,00000118,false,Rx,1,4,00,44,00,00,00,00,00,00,
74848340,00000118,false,Rx,1,4,00,45,00,00,00,00,00,00,
74858148,00000118,false,Rx,1,4,00,46,00,00,00,00,00,00,
74868779,0000070F,false,Rx,0,8,03,22,2B,E4,55,55,55,55,
74868846,00000118,false,Rx,1,4,00,47,00,00,00,00,00,00,
74878604,00000118,false,Rx,1,4,00,48,00,00,00,00,00,00,
74888599,00000118,false,Rx,1,4,00,49,00,00,00,00,00,00,
74890633,00000779,false,Rx,1,8,05,62,2B,E4,0D,63,AA,AA,
74898366,00000118,false,Rx,1,4,00,4A,00,00,00,00,00,00,
74908604,00000118,false,Rx,1,4,00,4B,00,00,00,00,00,00,
74918373,00000118,false,Rx,1,4,00,4C,00,00,00,00,00,00,
74928597,00000118,false,Rx,1,4,00,4D,00,00,00,00,00,00,
74938355,00000118,false,Rx,1,4,00,4E,00,00,00,00,00,00,
74948609,00000118,false,Rx,1,4,00,4F,00,00,00,00,00,00,
74949151,17F0000F,true,Rx,1,8,00,0F,00,00,00,00,00,00,
74958369,00000118,false,Rx,1,4,00,40,00,00,00,00,00,00,
74968609,00000118,false,Rx,1,4,00,41,00,00,00,00,00,00,
74978359,00000118,false,Rx,1,4,00,42,00,00,00,00,00,00,
74988902,00000118,false,Rx,1,4,00,43,00,00,00,00,00,00,
74998873,00000118,false,Rx,1,4,00,44,00,00,00,00,00,00,
75008849,00000118,false,Rx,1,4,00,45,00,00,00,00,00,00,
75018849,00000118,false,Rx,1,4,00,46,00,00,00,00,00,00,
75028847,00000118,false,Rx,1,4,00,47,00,00,00,00,00,00,
75038604,00000118,false,Rx,1,4,00,48,00,00,00,00,00,00,
75048843,00000118,false,Rx,1,4,00,49,00,00,00,00,00,00,
75058849,00000118,false,Rx,1,4,00,4A,00,00,00,00,00,00,
75068853,00000118,false,Rx,1,4,00,4B,00,00,00,00,00,00,
75078866,00000118,false,Rx,1,4,00,4C,00,00,00,00,00,00,
75089331,00000118,false,Rx,1,4,00,4D,00,00,00,00,00,00,
75099109,00000118,false,Rx,1,4,00,4E,00,00,00,00,00,00,
75109343,00000118,false,Rx,1,4,00,4F,00,00,00,00,00,00,
75118961,00000118,false,Rx,1,4,00,40,00,00,00,00,00,00,
75129337,00000118,false,Rx,1,4,00,41,00,00,00,00,00,00,
75138950,00000118,false,Rx,1,4,00,42,00,00,00,00,00,00,
75149101,00000118,false,Rx,1,4,00,43,00,00,00,00,00,00,
75158950,00000118,false,Rx,1,4,00,44,00,00,00,00,00,00,
75169570,00000118,false,Rx,1,4,00,45,00,00,00,00,00,00,
75179344,00000118,false,Rx,1,4,00,46,00,00,00,00,00,00,
75186268,0000070F,false,Rx,0,8,03,22,02,8D,55,55,55,55,
75190069,00000118,false,Rx,1,4,00,47,00,00,00,00,00,00,
75199673,00000118,false,Rx,1,4,00,48,00,00,00,00,00,00,
75200978,00000779,false,Rx,1,8,05,62,02,8D,6C,00,AA,AA,
75210051,00000118,false,Rx,1,4,00,49,00,00,00,00,00,00,
75219642,00000118,false,Rx,1,4,00,4A,00,00,00,00,00,00,
75230055,00000118,false,Rx,1,4,00,4B,00,00,00,00,00,00,
75239625,00000118,false,Rx,1,4,00,4C,00,00,00,00,00,00,
75250059,00000118,false,Rx,1,4,00,4D,00,00,00,00,00,00,
75260026,00000118,false,Rx,1,4,00,4E,00,00,00,00,00,00,
75270325,00000118,false,Rx,1,4,00,4F,00,00,00,00,00,00,
75280027,00000118,false,Rx,1,4,00,40,00,00,00,00,00,00,
75290312,00000118,false,Rx,1,4,00,41,00,00,00,00,00,00,
75299974,00000118,false,Rx,1,4,00,42,00,00,00,00,00,00,
75310335,00000118,false,Rx,1,4,00,43,00,00,00,00,00,00,
75320365,00000118,false,Rx,1,4,00,44,00,00,00,00,00,00,
75330636,00000118,false,Rx,1,4,00,45,00,00,00,00,00,00,
75340217,00000118,false,Rx,1,4,00,46,00,00,00,00,00,00,
75350890,00000118,false,Rx,1,4,00,47,00,00,00,00,00,00,
75360374,00000118,false,Rx,1,4,00,48,00,00,00,00,00,00,
75370852,00000118,false,Rx,1,4,00,49,00,00,00,00,00,00,
75380367,00000118,false,Rx,1,4,00,4A,00,00,00,00,00,00,
75390612,00000118,false,Rx,1,4,00,4B,00,00,00,00,00,00,
75400371,00000118,false,Rx,1,4,00,4C,00,00,00,00,00,00,
75410624,00000118,false,Rx,1,4,00,4D,00,00,00,00,00,00,
75420363,00000118,false,Rx,1,4,00,4E,00,00,00,00,00,00,
75430614,00000118,false,Rx,1,4,00,4F,00,00,00,00,00,00,
75440367,00000118,false,Rx,1,4,00,40,00,00,00,00,00,00,
75450616,00000118,false,Rx,1,4,00,41,00,00,00,00,00,00,
75451156,17F0000F,true,Rx,1,8,00,0F,00,00,00,00,00,00,
75460368,00000118,false,Rx,1,4,00,42,00,00,00,00,00,00,
75470627,00000118,false,Rx,1,4,00,43,00,00,00,00,00,00,
75480371,00000118,false,Rx,1,4,00,44,00,00,00,00,00,00,
75490627,00000118,false,Rx,1,4,00,45,00,00,00,00,00,00,
75500360,00000118,false,Rx,1,4,00,46,00,00,00,00,00,00,
75502347,0000070F,false,Rx,0,8,03,22,2B,F1,55,55,55,55,
75510621,00000118,false,Rx,1,4,00,47,00,00,00,00,00,00,
75520122,00000118,false,Rx,1,4,00,48,00,00,00,00,00,00,
75521421,00000779,false,Rx,1,8,05,62,2B,F1,67,6D,AA,AA,
75530608,00000118,false,Rx,1,4,00,49,00,00,00,00,00,00,
75540124,00000118,false,Rx,1,4,00,4A,00,00,00,00,00,00,
75550613,00000118,false,Rx,1,4,00,4B,00,00,00,00,00,00,
75560128,00000118,false,Rx,1,4,00,4C,00,00,00,00,00,00,
75570608,00000118,false,Rx,1,4,00,4D,00,00,00,00,00,00,
75580121,00000118,false,Rx,1,4,00,4E,00,00,00,00,00,00,
75590633,00000118,false,Rx,1,4,00,4F,00,00,00,00,00,00,
75600131,00000118,false,Rx,1,4,00,40,00,00,00,00,00,00,
75610633,00000118,false,Rx,1,4,00,41,00,00,00,00,00,00,
75620119,00000118,false,Rx,1,4,00,42,00,00,00,00,00,00,
75630621,00000118,false,Rx,1,4,00,43,00,00,00,00,00,00,
75640176,00000118,false,Rx,1,4,00,44,00,00,00,00,00,00,
75650627,00000118,false,Rx,1,4,00,45,00,00,00,00,00,00,
75660117,00000118,false,Rx,1,4,00,46,00,00,00,00,00,00,
75670613,00000118,false,Rx,1,4,00,47,00,00,00,00,00,00,
75680122,00000118,false,Rx,1,4,00,48,00,00,00,00,00,00,
75690363,00000118,false,Rx,1,4,00,49,00,00,00,00,00,00,
75700124,00000118,false,Rx,1,4,00,4A,00,00,00,00,00,00,
75710555,00000118,false,Rx,1,4,00,4B,00,00,00,00,00,00,
75720134,00000118,false,Rx,1,4,00,4C,00,00,00,00,00,00,
75730363,00000118,false,Rx,1,4,00,4D,00,00,00,00,00,00,
75740122,00000118,false,Rx,1,4,00,4E,00,00,00,00,00,00,
75750362,00000118,false,Rx,1,4,00,4F,00,00,00,00,00,00,
75760123,00000118,false,Rx,1,4,00,40,00,00,00,00,00,00,
75770371,00000118,false,Rx,1,4,00,41,00,00,00,00,00,00,
75780120,00000118,false,Rx,1,4,00,42,00,00,00,00,00,00,
75790369,00000118,false,Rx,1,4,00,43,00,00,00,00,00,00,
75800125,00000118,false,Rx,1,4,00,44,00,00,00,00,00,00,
75810366,00000118,false,Rx,1,4,00,45,00,00,00,00,00,00,
75819884,00000118,false,Rx,1,4,00,46,00,00,00,00,00,00,
75830266,00000118,false,Rx,1,4,00,47,00,00,00,00,00,00,
75833180,0000070F,false,Rx,0,8,03,22,2B,E4,55,55,55,55,
75841027,00000118,false,Rx,1,4,00,48,00,00,00,00,00,00,
75850557,00000118,false,Rx,1,4,00,49,00,00,00,00,00,00,
75852487,00000779,false,Rx,1,8,05,62,2B,E4,0D,63,AA,AA,
75859898,00000118,false,Rx,1,4,00,4A,00,00,00,00,00,00,
75870318,00000118,false,Rx,1,4,00,4B,00,00,00,00,00,00,
75879886,00000118,false,Rx,1,4,00,4C,00,00,00,00,00,00,
75890175,00000118,false,Rx,1,4,00,4D,00,00,00,00,00,00,
75899870,00000118,false,Rx,1,4,00,4E,00,00,00,00,00,00,
75910158,00000118,false,Rx,1,4,00,4F,00,00,00,00,00,00,
75919865,00000118,false,Rx,1,4,00,40,00,00,00,00,00,00,
75930162,00000118,false,Rx,1,4,00,41,00,00,00,00,00,00,
75939818,00000118,false,Rx,1,4,00,42,00,00,00,00,00,00,
75950147,00000118,false,Rx,1,4,00,43,00,00,00,00,00,00,
75950441,17F0000F,true,Rx,1,8,00,0F,00,00,00,00,00,00,
75959808,00000118,false,Rx,1,4,00,44,00,00,00,00,00,00,
75970144,00000118,false,Rx,1,4,00,45,00,00,00,00,00,00,
75979802,00000118,false,Rx,1,4,00,46,00,00,00,00,00,00,
75990099,00000118,false,Rx,1,4,00,47,00,00,00,00,00,00,
75999785,00000118,false,Rx,1,4,00,48,00,00,00,00,00,00,
76010079,00000118,false,Rx,1,4,00,49,00,00,00,00,00,00,
76019775,00000118,false,Rx,1,4,00,4A,00,00,00,00,00,00,
76030083,00000118,false,Rx,1,4,00,4B,00,00,00,00,00,00,
76039738,00000118,false,Rx,1,4,00,4C,00,00,00,00,00,00,
76050064,00000118,false,Rx,1,4,00,4D,00,00,00,00,00,00,
76059720,00000118,false,Rx,1,4,00,4E,00,00,00,00,00,00,
76070065,00000118,false,Rx,1,4,00,4F,00,00,00,00,00,00,
76079726,00000118,false,Rx,1,4,00,40,00,00,00,00,00,00,
76090013,00000118,false,Rx,1,4,00,41,00,00,00,00,00,00,
76099706,00000118,false,Rx,1,4,00,42,00,00,00,00,00,00,
76109997,00000118,false,Rx,1,4,00,43,00,00,00,00,00,00,
76119672,00000118,false,Rx,1,4,00,44,00,00,00,00,00,00,
76130003,00000118,false,Rx,1,4,00,45,00,00,00,00,00,00,
76139654,00000118,false,Rx,1,4,00,46,00,00,00,00,00,00,
76149982,00000118,false,Rx,1,4,00,47,00,00,00,00,00,00,
76152968,0000070F,false,Rx,0,8,03,22,02,8D,55,55,55,55,
76159662,00000118,false,Rx,1,4,00,48,00,00,00,00,00,00,
76169982,00000118,false,Rx,1,4,00,49,00,00,00,00,00,00,
76172201,00000779,false,Rx,1,8,05,62,02,8D,6C,00,AA,AA,
76179654,00000118,false,Rx,1,4,00,4A,00,00,00,00,00,00,
76189950,00000118,false,Rx,1,4,00,4B,00,00,00,00,00,00,
76199628,00000118,false,Rx,1,4,00,4C,00,00,00,00,00,00,
76209938,00000118,false,Rx,1,4,00,4D,00,00,00,00,00,00,
76219590,00000118,false,Rx,1,4,00,4E,00,00,00,00,00,00,
76229937,00000118,false,Rx,1,4,00,4F,00,00,00,00,00,00,
76239577,00000118,false,Rx,1,4,00,40,00,00,00,00,00,00,
76249903,00000118,false,Rx,1,4,00,41,00,00,00,00,00,00,
76259559,00000118,false,Rx,1,4,00,42,00,00,00,00,00,00,
76269900,00000118,false,Rx,1,4,00,43,00,00,00,00,00,00,
76279561,00000118,false,Rx,1,4,00,44,00,00,00,00,00,00,
76289850,00000118,false,Rx,1,4,00,45,00,00,00,00,00,00,
76299543,00000118,false,Rx,1,4,00,46,00,00,00,00,00,00,
76309833,00000118,false,Rx,1,4,00,47,00,00,00,00,00,00,
76320265,00000118,false,Rx,1,4,00,48,00,00,00,00,00,00,
76329867,00000118,false,Rx,1,4,00,49,00,00,00,00,00,00,
76339496,00000118,false,Rx,1,4,00,4A,00,00,00,00,00,00,
76349849,00000118,false,Rx,1,4,00,4B,00,00,00,00,00,00,
76359480,00000118,false,Rx,1,4,00,4C,00,00,00,00,00,00,
76369820,00000118,false,Rx,1,4,00,4D,00,00,00,00,00,00,
76379480,00000118,false,Rx,1,4,00,4E,00,00,00,00,00,00,
76389769,00000118,false,Rx,1,4,00,4F,00,00,00,00,00,00,
76399466,00000118,false,Rx,1,4,00,40,00,00,00,00,00,00,
76409755,00000118,false,Rx,1,4,00,41,00,00,00,00,00,00,
76419429,00000118,false,Rx,1,4,00,42,00,00,00,00,00,00,
76429780,00000118,false,Rx,1,4,00,43,00,00,00,00,00,00,
76439412,00000118,false,Rx,1,4,00,44,00,00,00,00,00,00,
76449740,00000118,false,Rx,1,4,00,45,00,00,00,00,00,00,
76450037,17F0000F,true,Rx,1,8,00,0F,00,00,00,00,00,00,
76459401,00000118,false,Rx,1,4,00,46,00,00,00,00,00,00,
76468526,0000070F,false,Rx,0,8,03,22,2B,F1,55,55,55,55,
76469763,00000118,false,Rx,1,4,00,47,00,00,00,00,00,00,
76479797,00000118,false,Rx,1,4,00,48,00,00,00,00,00,00,
76481097,00000779,false,Rx,1,8,05,62,2B,F1,99,6D,AA,AA,
76490106,00000118,false,Rx,1,4,00,49,00,00,00,00,00,00,
76499784,00000118,false,Rx,1,4,00,4A,00,00,00,00,00,00,
76510076,00000118,false,Rx,1,4,00,4B,00,00,00,00,00,00,
76519767,00000118,false,Rx,1,4,00,4C,00,00,00,00,00,00,
76530218,00000118,false,Rx,1,4,00,4D,00,00,00,00,00,00,
76539736,00000118,false,Rx,1,4,00,4E,00,00,00,00,00,00,
76550070,00000118,false,Rx,1,4,00,4F,00,00,00,00,00,00,
76559716,00000118,false,Rx,1,4,00,40,00,00,00,00,00,00,
76570064,00000118,false,Rx,1,4,00,41,00,00,00,00,00,00,
76579718,00000118,false,Rx,1,4,00,42,00,00,00,00,00,00,
76590007,00000118,false,Rx,1,4,00,43,00,00,00,00,00,00,
76599701,00000118,false,Rx,1,4,00,44,00,00,00,00,00,00,
76609990,00000118,false,Rx,1,4,00,45,00,00,00,00,00,00,
76619664,00000118,false,Rx,1,4,00,46,00,00,00,00,00,00,
76629993,00000118,false,Rx,1,4,00,47,00,00,00,00,00,00,
76639651,00000118,false,Rx,1,4,00,48,00,00,00,00,00,00,
76649976,00000118,false,Rx,1,4,00,49,00,00,00,00,00,00,
76659636,00000118,false,Rx,1,4,00,4A,00,00,00,00,00,00,
76669978,00000118,false,Rx,1,4,00,4B,00,00,00,00,00,00,
76679639,00000118,false,Rx,1,4,00,4C,00,00,00,00,00,00,
76689945,00000118,false,Rx,1,4,00,4D,00,00,00,00,00,00,
76699621,00000118,false,Rx,1,4,00,4E,00,00,00,00,00,00,
76709910,00000118,false,Rx,1,4,00,4F,00,00,00,00,00,00,
76719588,00000118,false,Rx,1,4,00,40,00,00,00,00,00,00,
76729932,00000118,false,Rx,1,4,00,41,00,00,00,00,00,00,
76739572,00000118,false,Rx,1,4,00,42,00,00,00,00,00,00,
76749895,00000118,false,Rx,1,4,00,43,00,00,00,00,00,00,
76759553,00000118,false,Rx,1,4,00,44,00,00,00,00,00,00,
76769895,00000118,false,Rx,1,4,00,45,00,00,00,00,00,00,
76779554,00000118,false,Rx,1,4,00,46,00,00,00,00,00,00,
76786719,0000070F,false,Rx,0,8,03,22,2B,E4,55,55,55,55,
76789869,00000118,false,Rx,1,4,00,47,00,00,00,00,00,00,
76799538,00000118,false,Rx,1,4,00,48,00,00,00,00,00,00,
76800838,00000779,false,Rx,1,8,05,62,2B,E4,0D,63,AA,AA,
76809839,00000118,false,Rx,1,4,00,49,00,00,00,00,00,00,
76819505,00000118,false,Rx,1,4,00,4A,00,00,00,00,00,00,
76829883,00000118,false,Rx,1,4,00,4B,00,00,00,00,00,00,
76841040,00000118,false,Rx,1,4,00,4C,00,00,00,00,00,00,
76849818,00000118,false,Rx,1,4,00,4D,00,00,00,00,00,00,
76859492,00000118,false,Rx,1,4,00,4E,00,00,00,00,00,00,
76869906,00000118,false,Rx,1,4,00,4F,00,00,00,00,00,00,
76879475,00000118,false,Rx,1,4,00,40,00,00,00,00,00,00,
76889766,00000118,false,Rx,1,4,00,41,00,00,00,00,00,00,
76899440,00000118,false,Rx,1,4,00,42,00,00,00,00,00,00,
76909768,00000118,false,Rx,1,4,00,43,00,00,00,00,00,00,
76919422,00000118,false,Rx,1,4,00,44,00,00,00,00,00,00,
76929750,00000118,false,Rx,1,4,00,45,00,00,00,00,00,00,
76939404,00000118,false,Rx,1,4,00,46,00,00,00,00,00,00,
76949739,00000118,false,Rx,1,4,00,47,00,00,00,00,00,00,
76950029,17F0000F,true,Rx,1,8,00,0F,00,00,00,00,00,00,
76959397,00000118,false,Rx,1,4,00,48,00,00,00,00,00,00,
76969734,00000118,false,Rx,1,4,00,49,00,00,00,00,00,00,
76979394,00000118,false,Rx,1,4,00,4A,00,00,00,00,00,00,
76989700,00000118,false,Rx,1,4,00,4B,00,00,00,00,00,00,
76999376,00000118,false,Rx,1,4,00,4C,00,00,00,00,00,00,
77009686,00000118,false,Rx,1,4,00,4D,00,00,00,00,00,00,
77019342,00000118,false,Rx,1,4,00,4E,00,00,00,00,00,00,
77029668,00000118,false,Rx,1,4,00,4F,00,00,00,00,00,00,
77039327,00000118,false,Rx,1,4,00,40,00,00,00,00,00,00,
77049660,00000118,false,Rx,1,4,00,41,00,00,00,00,00,00,
77059311,00000118,false,Rx,1,4,00,42,00,00,00,00,00,00,
77069653,00000118,false,Rx,1,4,00,43,00,00,00,00,00,00,
77079312,00000118,false,Rx,1,4,00,44,00,00,00,00,00,00,
77089605,00000118,false,Rx,1,4,00,45,00,00,00,00,00,00,
77099369,00000118,false,Rx,1,4,00,46,00,00,00,00,00,00,
77103595,0000070F,false,Rx,0,8,03,22,02,8D,55,55,55,55,
77109628,00000118,false,Rx,1,4,00,47,00,00,00,00,00,00,
77119258,00000118,false,Rx,1,4,00,48,00,00,00,00,00,00,
77120560,00000779,false,Rx,1,8,05,62,02,8D,6D,00,AA,AA,
77129599,00000118,false,Rx,1,4,00,49,00,00,00,00,00,00,
77139247,00000118,false,Rx,1,4,00,4A,00,00,00,00,00,00,
77149555,00000118,false,Rx,1,4,00,4B,00,00,00,00,00,00,
77159248,00000118,false,Rx,1,4,00,4C,00,00,00,00,00,00,
77169571,00000118,false,Rx,1,4,00,4D,00,00,00,00,00,00,
77179230,00000118,false,Rx,1,4,00,4E,00,00,00,00,00,00,
77189519,00000118,false,Rx,1,4,00,4F,00,00,00,00,00,00,
77199373,00000118,false,Rx,1,4,00,40,00,00,00,00,00,00,
77209524,00000118,false,Rx,1,4,00,41,00,00,00,00,00,00,
77219180,00000118,false,Rx,1,4,00,42,00,00,00,00,00,00,
77229506,00000118,false,Rx,1,4,00,43,00,00,00,00,00,00,
77239162,00000118,false,Rx,1,4,00,44,00,00,00,00,00,00,
77249473,00000118,false,Rx,1,4,00,45,00,00,00,00,00,00,
77259164,00000118,false,Rx,1,4,00,46,00,00,00,00,00,00,
77269491,00000118,false,Rx,1,4,00,47,00,00,00,00,00,00,
77279148,00000118,false,Rx,1,4,00,48,00,00,00,00,00,00,
77289439,00000118,false,Rx,1,4,00,49,00,00,00,00,00,00,
77299115,00000118,false,Rx,1,4,00,4A,00,00,00,00,00,00,
77309443,00000118,false,Rx,1,4,00,4B,00,00,00,00,00,00,
77319099,00000118,false,Rx,1,4,00,4C,00,00,00,00,00,00,
77329485,00000118,false,Rx,1,4,00,4D,00,00,00,00,00,00,
77341472,00000118,false,Rx,1,4,00,4E,00,00,00,00,00,00,
77349644,00000118,false,Rx,1,4,00,4F,00,00,00,00,00,00,
77359091,00000118,false,Rx,1,4,00,40,00,00,00,00,00,00,
77369412,00000118,false,Rx,1,4,00,41,00,00,00,00,00,00,
77379068,00000118,false,Rx,1,4,00,42,00,00,00,00,00,00,
77389358,00000118,false,Rx,1,4,00,43,00,00,00,00,00,00,
77399033,00000118,false,Rx,1,4,00,44,00,00,00,00,00,00,
77409363,00000118,false,Rx,1,4,00,45,00,00,00,00,00,00,
77419014,00000118,false,Rx,1,4,00,46,00,00,00,00,00,00,
77419256,0000070F,false,Rx,0,8,03,22,2B,F1,55,55,55,55,
77429367,00000118,false,Rx,1,4,00,47,00,00,00,00,00,00,
77438998,00000118,false,Rx,1,4,00,48,00,00,00,00,00,00,
77440299,00000779,false,Rx,1,8,05,62,2B,F1,CB,6D,AA,AA,
77449370,00000118,false,Rx,1,4,00,49,00,00,00,00,00,00,
77449667,17F0000F,true,Rx,1,8,00,0F,00,00,00,00,00,00,
77459017,00000118,false,Rx,1,4,00,4A,00,00,00,00,00,00,
77469331,00000118,false,Rx,1,4,00,4B,00,00,00,00,00,00,
77478988,00000118,false,Rx,1,4,00,4C,00,00,00,00,00,00,
77489288,00000118,false,Rx,1,4,00,4D,00,00,00,00,00,00,
77498952,00000118,false,Rx,1,4,00,4E,00,00,00,00,00,00,
77509280,00000118,false,Rx,1,4,00,4F,00,00,00,00,00,00,
77518950,00000118,false,Rx,1,4,00,40,00,00,00,00,00,00,
77529265,00000118,false,Rx,1,4,00,41,00,00,00,00,00,00,
77538938,00000118,false,Rx,1,4,00,42,00,00,00,00,00,00,
77549377,00000118,false,Rx,1,4,00,43,00,00,00,00,00,00,
77558962,00000118,false,Rx,1,4,00,44,00,00,00,00,00,00,
77569249,00000118,false,Rx,1,4,00,45,00,00,00,00,00,00,
77578905,00000118,false,Rx,1,4,00,46,00,00,00,00,00,00,
77589196,00000118,false,Rx,1,4,00,47,00,00,00,00,00,00,
77598868,00000118,false,Rx,1,4,00,48,00,00,00,00,00,00,
77609199,00000118,false,Rx,1,4,00,49,00,00,00,00,00,00,
77618858,00000118,false,Rx,1,4,00,4A,00,00,00,00,00,00,
77629184,00000118,false,Rx,1,4,00,4B,00,00,00,00,00,00,
77638840,00000118,false,Rx,1,4,00,4C,00,00,00,00,00,00,
77649370,00000118,false,Rx,1,4,00,4D,00,00,00,00,00,00,
77658843,00000118,false,Rx,1,4,00,4E,00,00,00,00,00,00,
77669165,00000118,false,Rx,1,4,00,4F,00,00,00,00,00,00,
77678827,00000118,false,Rx,1,4,00,40,00,00,00,00,00,00,
77689115,00000118,false,Rx,1,4,00,41,00,00,00,00,00,00,
77698790,00000118,false,Rx,1,4,00,42,00,00,00,00,00,00,
77709116,00000118,false,Rx,1,4,00,43,00,00,00,00,00,00,
77718774,00000118,false,Rx,1,4,00,44,00,00,00,00,00,00,
77729101,00000118,false,Rx,1,4,00,45,00,00,00,00,00,00,
77738756,00000118,false,Rx,1,4,00,46,00,00,00,00,00,00,
77749066,00000118,false,Rx,1,4,00,47,00,00,00,00,00,00,
77752640,0000070F,false,Rx,0,8,03,22,2B,E4,55,55,55,55,
77758783,00000118,false,Rx,1,4,00,48,00,00,00,00,00,00,
77769088,00000118,false,Rx,1,4,00,49,00,00,00,00,00,00,
77771436,00000779,false,Rx,1,8,05,62,2B,E4,0D,63,AA,AA,
77778758,00000118,false,Rx,1,4,00,4A,00,00,00,00,00,00,
77789036,00000118,false,Rx,1,4,00,4B,00,00,00,00,00,00,
77798711,00000118,false,Rx,1,4,00,4C,00,00,00,00,00,00,
77809035,00000118,false,Rx,1,4,00,4D,00,00,00,00,00,00,
77818692,00000118,false,Rx,1,4,00,4E,00,00,00,00,00,00,
77829063,00000118,false,Rx,1,4,00,4F,00,00,00,00,00,00,
77842887,00000118,false,Rx,1,4,00,40,00,00,00,00,00,00,
77849005,00000118,false,Rx,1,4,00,41,00,00,00,00,00,00,
77858697,00000118,false,Rx,1,4,00,42,00,00,00,00,00,00,
77869105,00000118,false,Rx,1,4,00,43,00,00,00,00,00,00,
77878664,00000118,false,Rx,1,4,00,44,00,00,00,00,00,00,
77888952,00000118,false,Rx,1,4,00,45,00,00,00,00,00,00,
77898626,00000118,false,Rx,1,4,00,46,00,00,00,00,00,00,
77908960,00000118,false,Rx,1,4,00,47,00,00,00,00,00,00,
77918609,00000118,false,Rx,1,4,00,48,00,00,00,00,00,00,
77928950,00000118,false,Rx,1,4,00,49,00,00,00,00,00,00,
77938596,00000118,false,Rx,1,4,00,4A,00,00,00,00,00,00,
77948905,00000118,false,Rx,1,4,00,4B,00,00,00,00,00,00,
77949202,17F0000F,true,Rx,1,8,00,0F,00,00,00,00,00,00,
77958608,00000118,false,Rx,1,4,00,4C,00,00,00,00,00,00,
77969046,00000118,false,Rx,1,4,00,4D,00,00,00,00,00,00,
77978606,00000118,false,Rx,1,4,00,4E,00,00,00,00,00,00,
77988885,00000118,false,Rx,1,4,00,4F,00,00,00,00,00,00,
77998549,00000118,false,Rx,1,4,00,40,00,00,00,00,00,00,
78008876,00000118,false,Rx,1,4,00,41,00,00,00,00,00,00,
78018529,00000118,false,Rx,1,4,00,42,00,00,00,00,00,00,
78028858,00000118,false,Rx,1,4,00,43,00,00,00,00,00,00,
78038513,00000118,false,Rx,1,4,00,44,00,00,00,00,00,00,
78048821,00000118,false,Rx,1,4,00,45,00,00,00,00,00,00,
78058514,00000118,false,Rx,1,4,00,46,00,00,00,00,00,00,
78069049,00000118,false,Rx,1,4,00,47,00,00,00,00,00,00,
78069477,0000070F,false,Rx,0,8,03,22,02,8D,55,55,55,55,
78078543,00000118,false,Rx,1,4,00,48,00,00,00,00,00,00,
78089189,00000118,false,Rx,1,4,00,49,00,00,00,00,00,00,
78091308,00000779,false,Rx,1,8,05,62,02,8D,6D,00,AA,AA,
78098879,00000118,false,Rx,1,4,00,4A,00,00,00,00,00,00,
78109195,00000118,false,Rx,1,4,00,4B,00,00,00,00,00,00,
78118851,00000118,false,Rx,1,4,00,4C,00,00,00,00,00,00,
78129175,00000118,false,Rx,1,4,00,4D,00,00,00,00,00,00,
78138833,00000118,false,Rx,1,4,00,4E,00,00,00,00,00,00,
78149371,00000118,false,Rx,1,4,00,4F,00,00,00,00,00,00,
78158838,00000118,false,Rx,1,4,00,40,00,00,00,00,00,00,
78169161,00000118,false,Rx,1,4,00,41,00,00,00,00,00,00,
78178819,00000118,false,Rx,1,4,00,42,00,00,00,00,00,00,
78189108,00000118,false,Rx,1,4,00,43,00,00,00,00,00,00,
78198783,00000118,false,Rx,1,4,00,44,00,00,00,00,00,00,
78209112,00000118,false,Rx,1,4,00,45,00,00,00,00,00,00,
78218766,00000118,false,Rx,1,4,00,46,00,00,00,00,00,00,
78229094,00000118,false,Rx,1,4,00,47,00,00,00,00,00,00,
78238749,00000118,false,Rx,1,4,00,48,00,00,00,00,00,00,
78249058,00000118,false,Rx,1,4,00,49,00,00,00,00,00,00,
78258756,00000118,false,Rx,1,4,00,4A,00,00,00,00,00,00,
78269080,00000118,false,Rx,1,4,00,4B,00,00,00,00,00,00,
78278743,00000118,false,Rx,1,4,00,4C,00,00,00,00,00,00,
78289027,00000118,false,Rx,1,4,00,4D,00,00,00,00,00,00,
78298703,00000118,false,Rx,1,4,00,4E,00,00,00,00,00,00,
78309029,00000118,false,Rx,1,4,00,4F,00,00,00,00,00,00,
78318688,00000118,false,Rx,1,4,00,40,00,00,00,00,00,00,
78328970,00000118,false,Rx,1,4,00,41,00,00,00,00,00,00,
78338673,00000118,false,Rx,1,4,00,42,00,00,00,00,00,00,
78349187,00000118,false,Rx,1,4,00,43,00,00,00,00,00,00,
78358640,00000118,false,Rx,1,4,00,44,00,00,00,00,00,00,
78369124,00000118,false,Rx,1,4,00,45,00,00,00,00,00,00,
78378647,00000118,false,Rx,1,4,00,46,00,00,00,00,00,00,
78383251,0000070F,false,Rx,0,8,03,22,2B,F1,55,55,55,55,
78389118,00000118,false,Rx,1,4,00,47,00,00,00,00,00,00,
78398631,00000118,false,Rx,1,4,00,48,00,00,00,00,00,00,
78400078,00000779,false,Rx,1,8,05,62,2B,F1,FD,6D,AA,AA,
78409129,00000118,false,Rx,1,4,00,49,00,00,00,00,00,00,
78418634,00000118,false,Rx,1,4,00,4A,00,00,00,00,00,00,
78429121,00000118,false,Rx,1,4,00,4B,00,00,00,00,00,00,
78438634,00000118,false,Rx,1,4,00,4C,00,00,00,00,00,00,
78449124,00000118,false,Rx,1,4,00,4D,00,00,00,00,00,00,
78449661,17F0000F,true,Rx,1,8,00,0F,00,00,00,00,00,00,
78458631,00000118,false,Rx,1,4,00,4E,00,00,00,00,00,00,
78469113,00000118,false,Rx,1,4,00,4F,00,00,00,00,00,00,
78478641,00000118,false,Rx,1,4,00,40,00,00,00,00,00,00,
78488894,00000118,false,Rx,1,4,00,41,00,00,00,00,00,00,
78498641,00000118,false,Rx,1,4,00,42,00,00,00,00,00,00,
78508876,00000118,false,Rx,1,4,00,43,00,00,00,00,00,00,
78518631,00000118,false,Rx,1,4,00,44,00,00,00,00,00,00,
78528880,00000118,false,Rx,1,4,00,45,00,00,00,00,00,00,
78538630,00000118,false,Rx,1,4,00,46,00,00,00,00,00,00,
78548873,00000118,false,Rx,1,4,00,47,00,00,00,00,00,00,
78558629,00000118,false,Rx,1,4,00,48,00,00,00,00,00,00,
78568855,00000118,false,Rx,1,4,00,49,00,00,00,00,00,00,
78578643,00000118,false,Rx,1,4,00,4A,00,00,00,00,00,00,
78588876,00000118,false,Rx,1,4,00,4B,00,00,00,00,00,00,
78598634,00000118,false,Rx,1,4,00,4C,00,00,00,00,00,00,
78608875,00000118,false,Rx,1,4,00,4D,00,00,00,00,00,00,
78618631,00000118,false,Rx,1,4,00,4E,00,00,00,00,00,00,
78628882,00000118,false,Rx,1,4,00,4F,00,00,00,00,00,00,
78638633,00000118,false,Rx,1,4,00,40,00,00,00,00,00,00,
78648899,00000118,false,Rx,1,4,00,41,00,00,00,00,00,00,
78658637,00000118,false,Rx,1,4,00,42,00,00,00,00,00,00,
78668862,00000118,false,Rx,1,4,00,43,00,00,00,00,00,00,
78678631,00000118,false,Rx,1,4,00,44,00,00,00,00,00,00,
78688882,00000118,false,Rx,1,4,00,45,00,00,00,00,00,00,
78698630,00000118,false,Rx,1,4,00,46,00,00,00,00,00,00,
78700795,0000070F,false,Rx,0,8,03,22,2B,E4,55,55,55,55,
78708873,00000118,false,Rx,1,4,00,47,00,00,00,00,00,00,
78718379,00000118,false,Rx,1,4,00,48,00,00,00,00,00,00,
78719834,00000779,false,Rx,1,8,05,62,2B,E4,0D,63,AA,AA,
78728876,00000118,false,Rx,1,4,00,49,00,00,00,00,00,00,
78738381,00000118,false,Rx,1,4,00,4A,00,00,00,00,00,00,
78748875,00000118,false,Rx,1,4,00,4B,00,00,00,00,00,00,
78758388,00000118,false,Rx,1,4,00,4C,00,00,00,00,00,00,
78768851,00000118,false,Rx,1,4,00,4D,00,00,00,00,00,00,
78778379,00000118,false,Rx,1,4,00,4E,00,00,00,00,00,00,
78788630,00000118,false,Rx,1,4,00,4F,00,00,00,00,00,00,
78798381,00000118,false,Rx,1,4,00,40,00,00,00,00,00,00,
78808631,00000118,false,Rx,1,4,00,41,00,00,00,00,00,00,
78818380,00000118,false,Rx,1,4,00,42,00,00,00,00,00,00,
78828752,00000118,false,Rx,1,4,00,43,00,00,00,00,00,00,
78841213,00000118,false,Rx,1,4,00,44,00,00,00,00,00,00,
78848641,00000118,false,Rx,1,4,00,45,00,00,00,00,00,00,
78858249,00000118,false,Rx,1,4,00,46,00,00,00,00,00,00,
78868882,00000118,false,Rx,1,4,00,47,00,00,00,00,00,00,
78878266,00000118,false,Rx,1,4,00,48,00,00,00,00,00,00,
78888569,00000118,false,Rx,1,4,00,49,00,00,00,00,00,00,
78898235,00000118,false,Rx,1,4,00,4A,00,00,00,00,00,00,
78908526,00000118,false,Rx,1,4,00,4B,00,00,00,00,00,00,
78918375,00000118,false,Rx,1,4,00,4C,00,00,00,00,00,00,
78928525,00000118,false,Rx,1,4,00,4D,00,00,00,00,00,00,
78938182,00000118,false,Rx,1,4,00,4E,00,00,00,00,00,00,
78948510,00000118,false,Rx,1,4,00,4F,00,00,00,00,00,00,
78948807,17F0000F,true,Rx,1,8,00,0F,00,00,00,00,00,00,
78958175,00000118,false,Rx,1,4,00,40,00,00,00,00,00,00,
78968615,00000118,false,Rx,1,4,00,41,00,00,00,00,00,00,
78978204,00000118,false,Rx,1,4,00,42,00,00,00,00,00,00,
78988480,00000118,false,Rx,1,4,00,43,00,00,00,00,00,00,
78998157,00000118,false,Rx,1,4,00,44,00,00,00,00,00,00,
79008441,00000118,false,Rx,1,4,00,45,00,00,00,00,00,00,
79017645,0000070F,false,Rx,0,8,03,22,02,8D,55,55,55,55,
79018115,00000118,false,Rx,1,4,00,46,00,00,00,00,00,00,
79028469,00000118,false,Rx,1,4,00,47,00,00,00,00,00,00,
79038100,00000118,false,Rx,1,4,00,48,00,00,00,00,00,00,
79039401,00000779,false,Rx,1,8,05,62,02,8D,6E,00,AA,AA,
79048440,00000118,false,Rx,1,4,00,49,00,00,00,00,00,00,
79058087,00000118,false,Rx,1,4,00,4A,00,00,00,00,00,00,
79068614,00000118,false,Rx,1,4,00,4B,00,00,00,00,00,00,
79078125,00000118,false,Rx,1,4,00,4C,00,00,00,00,00,00,
79088377,00000118,false,Rx,1,4,00,4D,00,00,00,00,00,00,
79098081,00000118,false,Rx,1,4,00,4E,00,00,00,00,00,00,
79108361,00000118,false,Rx,1,4,00,4F,00,00,00,00,00,00,
79118038,00000118,false,Rx,1,4,00,40,00,00,00,00,00,00,
79128366,00000118,false,Rx,1,4,00,41,00,00,00,00,00,00,
79138019,00000118,false,Rx,1,4,00,42,00,00,00,00,00,00,
79148348,00000118,false,Rx,1,4,00,43,00,00,00,00,00,00,
79158004,00000118,false,Rx,1,4,00,44,00,00,00,00,00,00,
79168364,00000118,false,Rx,1,4,00,45,00,00,00,00,00,00,
79178040,00000118,false,Rx,1,4,00,46,00,00,00,00,00,00,
79188295,00000118,false,Rx,1,4,00,47,00,00,00,00,00,00,
79197989,00000118,false,Rx,1,4,00,48,00,00,00,00,00,00,
79208279,00000118,false,Rx,1,4,00,49,00,00,00,00,00,00,
79217960,00000118,false,Rx,1,4,00,4A,00,00,00,00,00,00,
79228285,00000118,false,Rx,1,4,00,4B,00,00,00,00,00,00,
79237950,00000118,false,Rx,1,4,00,4C,00,00,00,00,00,00,
79248267,00000118,false,Rx,1,4,00,4D,00,00,00,00,00,00,
79257941,00000118,false,Rx,1,4,00,4E,00,00,00,00,00,00,
79268366,00000118,false,Rx,1,4,00,4F,00,00,00,00,00,00,
79277962,00000118,false,Rx,1,4,00,40,00,00,00,00,00,00,
79288217,00000118,false,Rx,1,4,00,41,00,00,00,00,00,00,
79297911,00000118,false,Rx,1,4,00,42,00,00,00,00,00,00,
79308199,00000118,false,Rx,1,4,00,43,00,00,00,00,00,00,
79317874,00000118,false,Rx,1,4,00,44,00,00,00,00,00,00,
79328237,00000118,false,Rx,1,4,00,45,00,00,00,00,00,00,
79339430,00000118,false,Rx,1,4,00,46,00,00,00,00,00,00,
79341555,0000070F,false,Rx,0,8,03,22,2B,F1,55,55,55,55,
79348257,00000118,false,Rx,1,4,00,47,00,00,00,00,00,00,
79357841,00000118,false,Rx,1,4,00,48,00,00,00,00,00,00,
79359142,00000779,false,Rx,1,8,05,62,2B,F1,61,6E,AA,AA,
79368377,00000118,false,Rx,1,4,00,49,00,00,00,00,00,00,
79377881,00000118,false,Rx,1,4,00,4A,00,00,00,00,00,00,
79388135,00000118,false,Rx,1,4,00,4B,00,00,00,00,00,00,
79397851,00000118,false,Rx,1,4,00,4C,00,00,00,00,00,00,
79408123,00000118,false,Rx,1,4,00,4D,00,00,00,00,00,00,
79417793,00000118,false,Rx,1,4,00,4E,00,00,00,00,00,00,
79428119,00000118,false,Rx,1,4,00,4F,00,00,00,00,00,00,
79437779,00000118,false,Rx,1,4,00,40,00,00,00,00,00,00,
79448106,00000118,false,Rx,1,4,00,41,00,00,00,00,00,00,
79448402,17F0000F,true,Rx,1,8,00,0F,00,00,00,00,00,00,
79457769,00000118,false,Rx,1,4,00,42,00,00,00,00,00,00,
79468115,00000118,false,Rx,1,4,00,43,00,00,00,00,00,00,
79477797,00000118,false,Rx,1,4,00,44,00,00,00,00,00,00,
79488051,00000118,false,Rx,1,4,00,45,00,00,00,00,00,00,
79497748,00000118,false,Rx,1,4,00,46,00,00,00,00,00,00,
79508047,00000118,false,Rx,1,4,00,47,00,00,00,00,00,00,
79517711,00000118,false,Rx,1,4,00,48,00,00,00,00,00,00,
79528037,00000118,false,Rx,1,4,00,49,00,00,00,00,00,00,
79537697,00000118,false,Rx,1,4,00,4A,00,00,00,00,00,00,
79548023,00000118,false,Rx,1,4,00,4B,00,00,00,00,00,00,
79557681,00000118,false,Rx,1,4,00,4C,00,00,00,00,00,00,
79568123,00000118,false,Rx,1,4,00,4D,00,00,00,00,00,00,
79577717,00000118,false,Rx,1,4,00,4E,00,00,00,00,00,00,
79587971,00000118,false,Rx,1,4,00,4F,00,00,00,00,00,00,
79597668,00000118,false,Rx,1,4,00,40,00,00,00,00,00,00,
79607958,00000118,false,Rx,1,4,00,41,00,00,00,00,00,00,
79617629,00000118,false,Rx,1,4,00,42,00,00,00,00,00,00,
79627961,00000118,false,Rx,1,4,00,43,00,00,00,00,00,00,
79637613,00000118,false,Rx,1,4,00,44,00,00,00,00,00,00,
79647972,00000118,false,Rx,1,4,00,45,00,00,00,00,00,00,
79655778,0000070F,false,Rx,0,8,03,22,2B,E4,55,55,55,55,
79657620,00000118,false,Rx,1,4,00,46,00,00,00,00,00,00,
79668119,00000118,false,Rx,1,4,00,47,00,00,00,00,00,00,
79670027,00000779,false,Rx,1,8,05,62,2B,E4,0D,63,AA,AA,
79677645,00000118,false,Rx,1,4,00,48,00,00,00,00,00,00,
79687889,00000118,false,Rx,1,4,00,49,00,00,00,00,00,00,
79697589,00000118,false,Rx,1,4,00,4A,00,00,00,00,00,00,
79707881,00000118,false,Rx,1,4,00,4B,00,00,00,00,00,00,
79717555,00000118,false,Rx,1,4,00,4C,00,00,00,00,00,00,
79727876,00000118,false,Rx,1,4,00,4D,00,00,00,00,00,00,
79737532,00000118,false,Rx,1,4,00,4E,00,00,00,00,00,00,
79747859,00000118,false,Rx,1,4,00,4F,00,00,00,00,00,00,
79757518,00000118,false,Rx,1,4,00,40,00,00,00,00,00,00,
79767874,00000118,false,Rx,1,4,00,41,00,00,00,00,00,00,
79777553,00000118,false,Rx,1,4,00,42,00,00,00,00,00,00,
79787807,00000118,false,Rx,1,4,00,43,00,00,00,00,00,00,
79797502,00000118,false,Rx,1,4,00,44,00,00,00,00,00,00,
79807795,00000118,false,Rx,1,4,00,45,00,00,00,00,00,00,
79817466,00000118,false,Rx,1,4,00,46,00,00,00,00,00,00,
79827882,00000118,false,Rx,1,4,00,47,00,00,00,00,00,00,
79840230,00000118,false,Rx,1,4,00,48,00,00,00,00,00,00,
79847827,00000118,false,Rx,1,4,00,49,00,00,00,00,00,00,
79857439,00000118,false,Rx,1,4,00,4A,00,00,00,00,00,00,
79867893,00000118,false,Rx,1,4,00,4B,00,00,00,00,00,00,
79877476,00000118,false,Rx,1,4,00,4C,00,00,00,00,00,00,
79887726,00000118,false,Rx,1,4,00,4D,00,00,00,00,00,00,
79897422,00000118,false,Rx,1,4,00,4E,00,00,00,00,00,00,
79907712,00000118,false,Rx,1,4,00,4F,00,00,00,00,00,00,
79917395,00000118,false,Rx,1,4,00,40,00,00,00,00,00,00,
79927715,00000118,false,Rx,1,4,00,41,00,00,00,00,00,00,
79937370,00000118,false,Rx,1,4,00,42,00,00,00,00,00,00,
79947697,00000118,false,Rx,1,4,00,43,00,00,00,00,00,00,
79947994,17F0000F,true,Rx,1,8,00,0F,00,00,00,00,00,00,
79957362,00000118,false,Rx,1,4,00,44,00,00,00,00,00,00,
79967876,00000118,false,Rx,1,4,00,45,00,00,00,00,00,00,
79970656,0000070F,false,Rx,0,8,03,22,02,8D,55,55,55,55,
79977414,00000118,false,Rx,1,4,00,46,00,00,00,00,00,00,
79987645,00000118,false,Rx,1,4,00,47,00,00,00,00,00,00,
79989765,00000779,false,Rx,1,8,05,62,02,8D,6F,00,AA,AA,
79997356,00000118,false,Rx,1,4,00,48,00,00,00,00,00,00,
80007629,00000118,false,Rx,1,4,00,49,00,00,00,00,00,00,
80017314,00000118,false,Rx,1,4,00,4A,00,00,00,00,00,00,
80027634,00000118,false,Rx,1,4,00,4B,00,00,00,00,00,00,
80037290,00000118,false,Rx,1,4,00,4C,00,00,00,00,00,00,
80047616,00000118,false,Rx,1,4,00,4D,00,00,00,00,00,00,
80057272,00000118,false,Rx,1,4,00,4E,00,00,00,00,00,00,
80067642,00000118,false,Rx,1,4,00,4F,00,00,00,00,00,00,
80077314,00000118,false,Rx,1,4,00,40,00,00,00,00,00,00,
80087565,00000118,false,Rx,1,4,00,41,00,00,00,00,00,00,
80097259,00000118,false,Rx,1,4,00,42,00,00,00,00,00,00,
80107548,00000118,false,Rx,1,4,00,43,00,00,00,00,00,00,
80117227,00000118,false,Rx,1,4,00,44,00,00,00,00,00,00,
80127550,00000118,false,Rx,1,4,00,45,00,00,00,00,00,00,
80137205,00000118,false,Rx,1,4,00,46,00,00,00,00,00,00,
80147534,00000118,false,Rx,1,4,00,47,00,00,00,00,00,00,
80157190,00000118,false,Rx,1,4,00,48,00,00,00,00,00,00,
80167631,00000118,false,Rx,1,4,00,49,00,00,00,00,00,00,
80177231,00000118,false,Rx,1,4,00,4A,00,00,00,00,00,00,
80187485,00000118,false,Rx,1,4,00,4B,00,00,00,00,00,00,
80197178,00000118,false,Rx,1,4,00,4C,00,00,00,00,00,00,
80207468,00000118,false,Rx,1,4,00,4D,00,00,00,00,00,00,
80217143,00000118,false,Rx,1,4,00,4E,00,00,00,00,00,00,
80227471,00000118,false,Rx,1,4,00,4F,00,00,00,00,00,00,
80237128,00000118,false,Rx,1,4,00,40,00,00,00,00,00,00,
80247454,00000118,false,Rx,1,4,00,41,00,00,00,00,00,00,
80257109,00000118,false,Rx,1,4,00,42,00,00,00,00,00,00,
80267627,00000118,false,Rx,1,4,00,43,00,00,00,00,00,00,
80277148,00000118,false,Rx,1,4,00,44,00,00,00,00,00,00,
80287401,00000118,false,Rx,1,4,00,45,00,00,00,00,00,00,
80297094,00000118,false,Rx,1,4,00,46,00,00,00,00,00,00,
80300520,0000070F,false,Rx,0,8,03,22,2B,F1,55,55,55,55,
80307409,00000118,false,Rx,1,4,00,47,00,00,00,00,00,00,
80317059,00000118,false,Rx,1,4,00,48,00,00,00,00,00,00,
80318518,00000779,false,Rx,1,8,05,62,2B,F1,93,6E,AA,AA,
80327614,00000118,false,Rx,1,4,00,49,00,00,00,00,00,00,
80337104,00000118,false,Rx,1,4,00,4A,00,00,00,00,00,00,
80347706,00000118,false,Rx,1,4,00,4B,00,00,00,00,00,00,
80357145,00000118,false,Rx,1,4,00,4C,00,00,00,00,00,00,
80367887,00000118,false,Rx,1,4,00,4D,00,00,00,00,00,00,
80377540,00000118,false,Rx,1,4,00,4E,00,00,00,00,00,00,
80387645,00000118,false,Rx,1,4,00,4F,00,00,00,00,00,00,
80397472,00000118,false,Rx,1,4,00,40,00,00,00,00,00,00,
80407651,00000118,false,Rx,1,4,00,41,00,00,00,00,00,00,
80417453,00000118,false,Rx,1,4,00,42,00,00,00,00,00,00,
80427640,00000118,false,Rx,1,4,00,43,00,00,00,00,00,00,
80437437,00000118,false,Rx,1,4,00,44,00,00,00,00,00,00,
80447596,00000118,false,Rx,1,4,00,45,00,00,00,00,00,00,
80447892,17F0000F,true,Rx,1,8,00,0F,00,00,00,00,00,00,
80457445,00000118,false,Rx,1,4,00,46,00,00,00,00,00,00,
80468119,00000118,false,Rx,1,4,00,47,00,00,00,00,00,00,
80477856,00000118,false,Rx,1,4,00,48,00,00,00,00,00,00,
80487965,00000118,false,Rx,1,4,00,49,00,00,00,00,00,00,
80497799,00000118,false,Rx,1,4,00,4A,00,00,00,00,00,00,
80508022,00000118,false,Rx,1,4,00,4B,00,00,00,00,00,00,
80517774,00000118,false,Rx,1,4,00,4C,00,00,00,00,00,00,
80527959,00000118,false,Rx,1,4,00,4D,00,00,00,00,00,00,
80537756,00000118,false,Rx,1,4,00,4E,00,00,00,00,00,00,
80547936,00000118,false,Rx,1,4,00,4F,00,00,00,00,00,00,
80557759,00000118,false,Rx,1,4,00,40,00,00,00,00,00,00,
80568360,00000118,false,Rx,1,4,00,41,00,00,00,00,00,00,
80578178,00000118,false,Rx,1,4,00,42,00,00,00,00,00,00,
80588367,00000118,false,Rx,1,4,00,43,00,00,00,00,00,00,
80598107,00000118,false,Rx,1,4,00,44,00,00,00,00,00,00,
80608360,00000118,false,Rx,1,4,00,45,00,00,00,00,00,00,
80618089,00000118,false,Rx,1,4,00,46,00,00,00,00,00,00,
80619040,0000070F,false,Rx,0,8,03,22,2B,E4,55,55,55,55,
80628366,00000118,false,Rx,1,4,00,47,00,00,00,00,00,00,
80638471,00000118,false,Rx,1,4,00,48,00,00,00,00,00,00,
80639772,00000779,false,Rx,1,8,05,62,2B,E4,0D,63,AA,AA,
80648846,00000118,false,Rx,1,4,00,49,00,00,00,00,00,00,
80658461,00000118,false,Rx,1,4,00,4A,00,00,00,00,00,00,
80668868,00000118,false,Rx,1,4,00,4B,00,00,00,00,00,00,
80678480,00000118,false,Rx,1,4,00,4C,00,00,00,00,00,00,
80688845,00000118,false,Rx,1,4,00,4D,00,00,00,00,00,00,
80698407,00000118,false,Rx,1,4,00,4E,00,00,00,00,00,00,
80708844,00000118,false,Rx,1,4,00,4F,00,00,00,00,00,00,
80718392,00000118,false,Rx,1,4,00,40,00,00,00,00,00,00,
80728619,00000118,false,Rx,1,4,00,41,00,00,00,00,00,00,
80738375,00000118,false,Rx,1,4,00,42,00,00,00,00,00,00,
80748619,00000118,false,Rx,1,4,00,43,00,00,00,00,00,00,
80758376,00000118,false,Rx,1,4,00,44,00,00,00,00,00,00,
80768601,00000118,false,Rx,1,4,00,45,00,00,00,00,00,00,
80778394,00000118,false,Rx,1,4,00,46,00,00,00,00,00,00,
80788614,00000118,false,Rx,1,4,00,47,00,00,00,00,00,00,
80798368,00000118,false,Rx,1,4,00,48,00,00,00,00,00,00,
80808605,00000118,false,Rx,1,4,00,49,00,00,00,00,00,00,
80818310,00000118,false,Rx,1,4,00,4A,00,00,00,00,00,00,
80828637,00000118,false,Rx,1,4,00,4B,00,00,00,00,00,00,
80838333,00000118,false,Rx,1,4,00,4C,00,00,00,00,00,00,
80848660,00000118,false,Rx,1,4,00,4D,00,00,00,00,00,00,
80858335,00000118,false,Rx,1,4,00,4E,00,00,00,00,00,00,
80869109,00000118,false,Rx,1,4,00,4F,00,00,00,00,00,00,
80878698,00000118,false,Rx,1,4,00,40,00,00,00,00,00,00,
80889341,00000118,false,Rx,1,4,00,41,00,00,00,00,00,00,
80899443,00000118,false,Rx,1,4,00,42,00,00,00,00,00,00,
80909679,00000118,false,Rx,1,4,00,43,00,00,00,00,00,00,
80919387,00000118,false,Rx,1,4,00,44,00,00,00,00,00,00,
80929680,00000118,false,Rx,1,4,00,45,00,00,00,00,00,00,
80934248,0000070F,false,Rx,0,8,03,22,02,8D,55,55,55,55,
80939400,00000118,false,Rx,1,4,00,46,00,00,00,00,00,00,
80949838,00000118,false,Rx,1,4,00,47,00,00,00,00,00,00,
80950134,17F0000F,true,Rx,1,8,00,0F,00,00,00,00,00,00,
80951784,00000779,false,Rx,1,8,05,62,02,8D,6F,00,AA,AA,
80959391,00000118,false,Rx,1,4,00,48,00,00,00,00,00,00,
80969823,00000118,false,Rx,1,4,00,49,00,00,00,00,00,00,
80979399,00000118,false,Rx,1,4,00,4A,00,00,00,00,00,00,
80989614,00000118,false,Rx,1,4,00,4B,00,00,00,00,00,00,
80999357,00000118,false,Rx,1,4,00,4C,00,00,00,00,00,00,
81009596,00000118,false,Rx,1,4,00,4D,00,00,00,00,00,00,
81019307,00000118,false,Rx,1,4,00,4E,00,00,00,00,00,00,
81029599,00000118,false,Rx,1,4,00,4F,00,00,00,00,00,00,
81039300,00000118,false,Rx,1,4,00,40,00,00,00,00,00,00,
81049587,00000118,false,Rx,1,4,00,41,00,00,00,00,00,00,
81059293,00000118,false,Rx,1,4,00,42,00,00,00,00,00,00,
81069603,00000118,false,Rx,1,4,00,43,00,00,00,00,00,00,
81079316,00000118,false,Rx,1,4,00,44,00,00,00,00,00,00,
81089582,00000118,false,Rx,1,4,00,45,00,00,00,00,00,00,
81099257,00000118,false,Rx,1,4,00,46,00,00,00,00,00,00,
81109587,00000118,false,Rx,1,4,00,47,00,00,00,00,00,00,
81119224,00000118,false,Rx,1,4,00,48,00,00,00,00,00,00,
81129584,00000118,false,Rx,1,4,00,49,00,00,00,00,00,00,
81139220,00000118,false,Rx,1,4,00,4A,00,00,00,00,00,00,
81149586,00000118,false,Rx,1,4,00,4B,00,00,00,00,00,00,
81159234,00000118,false,Rx,1,4,00,4C,00,00,00,00,00,00,
81169578,00000118,false,Rx,1,4,00,4D,00,00,00,00,00,00,
81179232,00000118,false,Rx,1,4,00,4E,00,00,00,00,00,00,
81189584,00000118,false,Rx,1,4,00,4F,00,00,00,00,00,00,
81199201,00000118,false,Rx,1,4,00,40,00,00,00,00,00,00,
81209589,00000118,false,Rx,1,4,00,41,00,00,00,00,00,00,
81219164,00000118,false,Rx,1,4,00,42,00,00,00,00,00,00,
81229598,00000118,false,Rx,1,4,00,43,00,00,00,00,00,00,
81239147,00000118,false,Rx,1,4,00,44,00,00,00,00,00,00,
81249599,00000118,false,Rx,1,4,00,45,00,00,00,00,00,00,
81251758,0000070F,false,Rx,0,8,03,22,2B,F1,55,55,55,55,
81259172,00000118,false,Rx,1,4,00,46,00,00,00,00,00,00,
81269589,00000118,false,Rx,1,4,00,47,00,00,00,00,00,00,
81271498,00000779,false,Rx,1,8,05,62,2B,F1,ED,6E,AA,AA,
81279162,00000118,false,Rx,1,4,00,48,00,00,00,00,00,00,
81289581,00000118,false,Rx,1,4,00,49,00,00,00,00,00,00,
81299119,00000118,false,Rx,1,4,00,4A,00,00,00,00,00,00,
81309334,00000118,false,Rx,1,4,00,4B,00,00,00,00,00,00,
81319083,00000118,false,Rx,1,4,00,4C,00,00,00,00,00,00,
81329384,00000118,false,Rx,1,4,00,4D,00,00,00,00,00,00,
81343732,00000118,false,Rx,1,4,00,4E,00,00,00,00,00,00,
81349943,00000118,false,Rx,1,4,00,4F,00,00,00,00,00,00,
81359078,00000118,false,Rx,1,4,00,40,00,00,00,00,00,00,
81369365,00000118,false,Rx,1,4,00,41,00,00,00,00,00,00,
81379071,00000118,false,Rx,1,4,00,42,00,00,00,00,00,00,
81389337,00000118,false,Rx,1,4,00,43,00,00,00,00,00,00,
81399037,00000118,false,Rx,1,4,00,44,00,00,00,00,00,00,
81409343,00000118,false,Rx,1,4,00,45,00,00,00,00,00,00,
81418999,00000118,false,Rx,1,4,00,46,00,00,00,00,00,00,
81429345,00000118,false,Rx,1,4,00,47,00,00,00,00,00,00,
81438983,00000118,false,Rx,1,4,00,48,00,00,00,00,00,00,
81449348,00000118,false,Rx,1,4,00,49,00,00,00,00,00,00,
81449880,17F0000F,true,Rx,1,8,00,0F,00,00,00,00,00,00,
81459400,00000118,false,Rx,1,4,00,4A,00,00,00,00,00,00,
81469823,00000118,false,Rx,1,4,00,4B,00,00,00,00,00,00,
81479392,00000118,false,Rx,1,4,00,4C,00,00,00,00,00,00,
81489599,00000118,false,Rx,1,4,00,4D,00,00,00,00,00,00,
81499337,00000118,false,Rx,1,4,00,4E,00,00,00,00,00,00,
81509587,00000118,false,Rx,1,4,00,4F,00,00,00,00,00,00,
81519300,00000118,false,Rx,1,4,00,40,00,00,00,00,00,00,
81529588,00000118,false,Rx,1,4,00,41,00,00,00,00,00,00,
81539284,00000118,false,Rx,1,4,00,42,00,00,00,00,00,00,
81549604,00000118,false,Rx,1,4,00,43,00,00,00,00,00,00,
81559289,00000118,false,Rx,1,4,00,44,00,00,00,00,00,00,
81569583,00000118,false,Rx,1,4,00,45,00,00,00,00,00,00,
81579306,00000118,false,Rx,1,4,00,46,00,00,00,00,00,00,
81587211,0000070F,false,Rx,0,8,03,22,2B,E4,55,55,55,55,
81589597,00000118,false,Rx,1,4,00,47,00,00,00,00,00,00,
81599251,00000118,false,Rx,1,4,00,48,00,00,00,00,00,00,
81600553,00000779,false,Rx,1,8,05,62,2B,E4,0D,63,AA,AA,
81609578,00000118,false,Rx,1,4,00,49,00,00,00,00,00,00,
81619219,00000118,false,Rx,1,4,00,4A,00,00,00,00,00,00,
81629584,00000118,false,Rx,1,4,00,4B,00,00,00,00,00,00,
81639204,00000118,false,Rx,1,4,00,4C,00,00,00,00,00,00,
81649578,00000118,false,Rx,1,4,00,4D,00,00,00,00,00,00,
81659227,00000118,false,Rx,1,4,00,4E,00,00,00,00,00,00,
81669583,00000118,false,Rx,1,4,00,4F,00,00,00,00,00,00,
81679228,00000118,false,Rx,1,4,00,40,00,00,00,00,00,00,
81689587,00000118,false,Rx,1,4,00,41,00,00,00,00,00,00,
81699192,00000118,false,Rx,1,4,00,42,00,00,00,00,00,00,
81709591,00000118,false,Rx,1,4,00,43,00,00,00,00,00,00,
81719157,00000118,false,Rx,1,4,00,44,00,00,00,00,00,00,
81729580,00000118,false,Rx,1,4,00,45,00,00,00,00,00,00,
81739138,00000118,false,Rx,1,4,00,46,00,00,00,00,00,00,
81749586,00000118,false,Rx,1,4,00,47,00,00,00,00,00,00,
81759143,00000118,false,Rx,1,4,00,48,00,00,00,00,00,00,
81769579,00000118,false,Rx,1,4,00,49,00,00,00,00,00,00,
81779148,00000118,false,Rx,1,4,00,4A,00,00,00,00,00,00,
81789339,00000118,false,Rx,1,4,00,4B,00,00,00,00,00,00,
81799112,00000118,false,Rx,1,4,00,4C,00,00,00,00,00,00,
81809333,00000118,false,Rx,1,4,00,4D,00,00,00,00,00,00,
81819075,00000118,false,Rx,1,4,00,4E,00,00,00,00,00,00,
81829388,00000118,false,Rx,1,4,00,4F,00,00,00,00,00,00,
81839083,00000118,false,Rx,1,4,00,40,00,00,00,00,00,00,
81849286,00000118,false,Rx,1,4,00,41,00,00,00,00,00,00,
81859120,00000118,false,Rx,1,4,00,42,00,00,00,00,00,00,
81869833,00000118,false,Rx,1,4,00,43,00,00,00,00,00,00,
81879481,00000118,false,Rx,1,4,00,44,00,00,00,00,00,00,
81890098,00000118,false,Rx,1,4,00,45,00,00,00,00,00,00,
81899826,00000118,false,Rx,1,4,00,46,00,00,00,00,00,00,
81902378,0000070F,false,Rx,0,8,03,22,02,8D,55,55,55,55,
81910084,00000118,false,Rx,1,4,00,47,00,00,00,00,00,00,
81919794,00000118,false,Rx,1,4,00,48,00,00,00,00,00,00,
81921097,00000779,false,Rx,1,8,05,62,02,8D,70,00,AA,AA,
81930090,00000118,false,Rx,1,4,00,49,00,00,00,00,00,00,
81939778,00000118,false,Rx,1,4,00,4A,00,00,00,00,00,00,
81950093,00000118,false,Rx,1,4,00,4B,00,00,00,00,00,00,
81950627,17F0000F,true,Rx,1,8,00,0F,00,00,00,00,00,00,
81959816,00000118,false,Rx,1,4,00,4C,00,00,00,00,00,00,
81970555,00000118,false,Rx,1,4,00,4D,00,00,00,00,00,00,
81980182,00000118,false,Rx,1,4,00,4E,00,00,00,00,00,00,
81990583,00000118,false,Rx,1,4,00,4F,00,00,00,00,00,00,
82000153,00000118,false,Rx,1,4,00,40,00,00,00,00,00,00,
82010587,00000118,false,Rx,1,4,00,41,00,00,00,00,00,00,
82020111,00000118,false,Rx,1,4,00,42,00,00,00,00,00,00,
82030590,00000118,false,Rx,1,4,00,43,00,00,00,00,00,00,
82040094,00000118,false,Rx,1,4,00,44,00,00,00,00,00,00,
82050336,00000118,false,Rx,1,4,00,45,00,00,00,00,00,00,
82060508,00000118,false,Rx,1,4,00,46,00,00,00,00,00,00,
82070816,00000118,false,Rx,1,4,00,47,00,00,00,00,00,00,
82080479,00000118,false,Rx,1,4,00,48,00,00,00,00,00,00,
82090708,00000118,false,Rx,1,4,00,49,00,00,00,00,00,00,
82100447,00000118,false,Rx,1,4,00,4A,00,00,00,00,00,00,
82110694,00000118,false,Rx,1,4,00,4B,00,00,00,00,00,00,
82120412,00000118,false,Rx,1,4,00,4C,00,00,00,00,00,00,
82130695,00000118,false,Rx,1,4,00,4D,00,00,00,00,00,00,
82140392,00000118,false,Rx,1,4,00,4E,00,00,00,00,00,00,
82150846,00000118,false,Rx,1,4,00,4F,00,00,00,00,00,00,
82160397,00000118,false,Rx,1,4,00,40,00,00,00,00,00,00,
82170817,00000118,false,Rx,1,4,00,41,00,00,00,00,00,00,
82180400,00000118,false,Rx,1,4,00,42,00,00,00,00,00,00,
82190627,00000118,false,Rx,1,4,00,43,00,00,00,00,00,00,
82200364,00000118,false,Rx,1,4,00,44,00,00,00,00,00,00,
82210616,00000118,false,Rx,1,4,00,45,00,00,00,00,00,00,
82218034,0000070F,false,Rx,0,8,03,22,2B,F1,55,55,55,55,
82220350,00000118,false,Rx,1,4,00,46,00,00,00,00,00,00,
82230613,00000118,false,Rx,1,4,00,47,00,00,00,00,00,00,
82232738,00000779,false,Rx,1,8,05,62,2B,F1,1F,6F,AA,AA,
82240321,00000118,false,Rx,1,4,00,48,00,00,00,00,00,00,
82250580,00000118,false,Rx,1,4,00,49,00,00,00,00,00,00,
82260316,00000118,false,Rx,1,4,00,4A,00,00,00,00,00,00,
82270803,00000118,false,Rx,1,4,00,4B,00,00,00,00,00,00,
82280320,00000118,false,Rx,1,4,00,4C,00,00,00,00,00,00,
82290576,00000118,false,Rx,1,4,00,4D,00,00,00,00,00,00,
82300283,00000118,false,Rx,1,4,00,4E,00,00,00,00,00,00,
82310580,00000118,false,Rx,1,4,00,4F,00,00,00,00,00,00,
82320249,00000118,false,Rx,1,4,00,40,00,00,00,00,00,00,
82330482,00000118,false,Rx,1,4,00,41,00,00,00,00,00,00,
82340334,00000118,false,Rx,1,4,00,42,00,00,00,00,00,00,
82350837,00000118,false,Rx,1,4,00,43,00,00,00,00,00,00,
82360377,00000118,false,Rx,1,4,00,44,00,00,00,00,00,00,
82370630,00000118,false,Rx,1,4,00,45,00,00,00,00,00,00,
82380370,00000118,false,Rx,1,4,00,46,00,00,00,00,00,00,
82390604,00000118,false,Rx,1,4,00,47,00,00,00,00,00,00,
82400359,00000118,false,Rx,1,4,00,48,00,00,00,00,00,00,
82410622,00000118,false,Rx,1,4,00,49,00,00,00,00,00,00,
82420368,00000118,false,Rx,1,4,00,4A,00,00,00,00,00,00,
82430610,00000118,false,Rx,1,4,00,4B,00,00,00,00,00,00,
82440124,00000118,false,Rx,1,4,00,4C,00,00,00,00,00,00,
82450611,00000118,false,Rx,1,4,00,4D,00,00,00,00,00,00,
82451150,17F0000F,true,Rx,1,8,00,0F,00,00,00,00,00,00,
82460128,00000118,false,Rx,1,4,00,4E,00,00,00,00,00,00,
82470602,00000118,false,Rx,1,4,00,4F,00,00,00,00,00,00,
82480128,00000118,false,Rx,1,4,00,40,00,00,00,00,00,00,
82490616,00000118,false,Rx,1,4,00,41,00,00,00,00,00,00,
82500140,00000118,false,Rx,1,4,00,42,00,00,00,00,00,00,
82510614,00000118,false,Rx,1,4,00,43,00,00,00,00,00,00,
82520120,00000118,false,Rx,1,4,00,44,00,00,00,00,00,00,
82530370,00000118,false,Rx,1,4,00,45,00,00,00,00,00,00,
82533659,0000070F,false,Rx,0,8,03,22,2B,E4,55,55,55,55,
82540131,00000118,false,Rx,1,4,00,46,00,00,00,00,00,00,
82550851,00000118,false,Rx,1,4,00,47,00,00,00,00,00,00,
82552888,00000779,false,Rx,1,8,05,62,2B,E4,0D,63,AA,AA,
82560610,00000118,false,Rx,1,4,00,48,00,00,00,00,00,00,
82570858,00000118,false,Rx,1,4,00,49,00,00,00,00,00,00,
82580382,00000118,false,Rx,1,4,00,4A,00,00,00,00,00,00,
82590854,00000118,false,Rx,1,4,00,4B,00,00,00,00,00,00,
82600613,00000118,false,Rx,1,4,00,4C,00,00,00,00,00,00,
82610857,00000118,false,Rx,1,4,00,4D,00,00,00,00,00,00,
82620369,00000118,false,Rx,1,4,00,4E,00,00,00,00,00,00,
82630847,00000118,false,Rx,1,4,00,4F,00,00,00,00,00,00,
82640367,00000118,false,Rx,1,4,00,40,00,00,00,00,00,00,
82650866,00000118,false,Rx,1,4,00,41,00,00,00,00,00,00,
82660365,00000118,false,Rx,1,4,00,42,00,00,00,00,00,00,
82670872,00000118,false,Rx,1,4,00,43,00,00,00,00,00,00,
82680368,00000118,false,Rx,1,4,00,44,00,00,00,00,00,00,
82690868,00000118,false,Rx,1,4,00,45,00,00,00,00,00,00,
82700368,00000118,false,Rx,1,4,00,46,00,00,00,00,00,00,
82710852,00000118,false,Rx,1,4,00,47,00,00,00,00,00,00,
82720360,00000118,false,Rx,1,4,00,48,00,00,00,00,00,00,
82730607,00000118,false,Rx,1,4,00,49,00,00,00,00,00,00,
82740368,00000118,false,Rx,1,4,00,4A,00,00,00,00,00,00,
82750612,00000118,false,Rx,1,4,00,4B,00,00,00,00,00,00,
82760369,00000118,false,Rx,1,4,00,4C,00,00,00,00,00,00,
82770859,00000118,false,Rx,1,4,00,4D,00,00,00,00,00,00,
82780372,00000118,false,Rx,1,4,00,4E,00,00,00,00,00,00,
82790600,00000118,false,Rx,1,4,00,4F,00,00,00,00,00,00,
82800371,00000118,false,Rx,1,4,00,40,00,00,00,00,00,00,
82810617,00000118,false,Rx,1,4,00,41,00,00,00,00,00,00,
82820366,00000118,false,Rx,1,4,00,42,00,00,00,00,00,00,
82830571,00000118,false,Rx,1,4,00,43,00,00,00,00,00,00,
82840488,00000118,false,Rx,1,4,00,44,00,00,00,00,00,00,
82850658,00000118,false,Rx,1,4,00,45,00,00,00,00,00,00,
82860409,00000118,false,Rx,1,4,00,46,00,00,00,00,00,00,
82864714,0000070F,false,Rx,0,8,03,22,02,8D,55,55,55,55,
82870875,00000118,false,Rx,1,4,00,47,00,00,00,00,00,00,
82880379,00000118,false,Rx,1,4,00,48,00,00,00,00,00,00,
82881584,00000779,false,Rx,1,8,05,62,02,8D,71,00,AA,AA,
82890634,00000118,false,Rx,1,4,00,49,00,00,00,00,00,00,
82900381,00000118,false,Rx,1,4,00,4A,00,00,00,00,00,00,
82910633,00000118,false,Rx,1,4,00,4B,00,00,00,00,00,00,
82920380,00000118,false,Rx,1,4,00,4C,00,00,00,00,00,00,
82930629,00000118,false,Rx,1,4,00,4D,00,00,00,00,00,00,
82940124,00000118,false,Rx,1,4,00,4E,00,00,00,00,00,00,
82950633,00000118,false,Rx,1,4,00,4F,00,00,00,00,00,00,
82951172,17F0000F,true,Rx,1,8,00,0F,00,00,00,00,00,00,
82960115,00000118,false,Rx,1,4,00,40,00,00,00,00,00,00,
82970639,00000118,false,Rx,1,4,00,41,00,00,00,00,00,00,
82980091,00000118,false,Rx,1,4,00,42,00,00,00,00,00,00,
82990642,00000118,false,Rx,1,4,00,43,00,00,00,00,00,00,
83000142,00000118,false,Rx,1,4,00,44,00,00,00,00,00,00,
83010378,00000118,false,Rx,1,4,00,45,00,00,00,00,00,00,
83020076,00000118,false,Rx,1,4,00,46,00,00,00,00,00,00,
83030377,00000118,false,Rx,1,4,00,47,00,00,00,00,00,00,
83040040,00000118,false,Rx,1,4,00,48,00,00,00,00,00,00,
83050377,00000118,false,Rx,1,4,00,49,00,00,00,00,00,00,
83060028,00000118,false,Rx,1,4,00,4A,00,00,00,00,00,00,
83070387,00000118,false,Rx,1,4,00,4B,00,00,00,00,00,00,
83080011,00000118,false,Rx,1,4,00,4C,00,00,00,00,00,00,
83090386,00000118,false,Rx,1,4,00,4D,00,00,00,00,00,00,
83100013,00000118,false,Rx,1,4,00,4E,00,00,00,00,00,00,
83110378,00000118,false,Rx,1,4,00,4F,00,00,00,00,00,00,
83119997,00000118,false,Rx,1,4,00,40,00,00,00,00,00,00,
83130379,00000118,false,Rx,1,4,00,41,00,00,00,00,00,00,
83139960,00000118,false,Rx,1,4,00,42,00,00,00,00,00,00,
83150378,00000118,false,Rx,1,4,00,43,00,00,00,00,00,00,
83159951,00000118,false,Rx,1,4,00,44,00,00,00,00,00,00,
83170380,00000118,false,Rx,1,4,00,45,00,00,00,00,00,00,
83179944,00000118,false,Rx,1,4,00,46,00,00,00,00,00,00,
83182423,0000070F,false,Rx,0,8,03,22,2B,F1,55,55,55,55,
83190378,00000118,false,Rx,1,4,00,47,00,00,00,00,00,00,
83199948,00000118,false,Rx,1,4,00,48,00,00,00,00,00,00,
83201452,00000779,false,Rx,1,8,05,62,2B,F1,51,6F,AA,AA,
83210378,00000118,false,Rx,1,4,00,49,00,00,00,00,00,00,
83219936,00000118,false,Rx,1,4,00,4A,00,00,00,00,00,00,
83230387,00000118,false,Rx,1,4,00,4B,00,00,00,00,00,00,
83239882,00000118,false,Rx,1,4,00,4C,00,00,00,00,00,00,
83250377,00000118,false,Rx,1,4,00,4D,00,00,00,00,00,00,
83259862,00000118,false,Rx,1,4,00,4E,00,00,00,00,00,00,
83270379,00000118,false,Rx,1,4,00,4F,00,00,00,00,00,00,
83279848,00000118,false,Rx,1,4,00,40,00,00,00,00,00,00,
83290381,00000118,false,Rx,1,4,00,41,00,00,00,00,00,00,
83299849,00000118,false,Rx,1,4,00,42,00,00,00,00,00,00,
83310130,00000118,false,Rx,1,4,00,43,00,00,00,00,00,00,
83319833,00000118,false,Rx,1,4,00,44,00,00,00,00,00,00,
83330155,00000118,false,Rx,1,4,00,45,00,00,00,00,00,00,
83341134,00000118,false,Rx,1,4,00,46,00,00,00,00,00,00,
83350330,00000118,false,Rx,1,4,00,47,00,00,00,00,00,00,
83359795,00000118,false,Rx,1,4,00,48,00,00,00,00,00,00,
83370138,00000118,false,Rx,1,4,00,49,00,00,00,00,00,00,
83379767,00000118,false,Rx,1,4,00,4A,00,00,00,00,00,00,
83390069,00000118,false,Rx,1,4,00,4B,00,00,00,00,00,00,
83399778,00000118,false,Rx,1,4,00,4C,00,00,00,00,00,00,
83410054,00000118,false,Rx,1,4,00,4D,00,00,00,00,00,00,
83419751,00000118,false,Rx,1,4,00,4E,00,00,00,00,00,00,
83430036,00000118,false,Rx,1,4,00,4F,00,00,00,00,00,00,
83439717,00000118,false,Rx,1,4,00,40,00,00,00,00,00,00,
83450040,00000118,false,Rx,1,4,00,41,00,00,00,00,00,00,
83450336,17F0000F,true,Rx,1,8,00,0F,00,00,00,00,00,00,
83459706,00000118,false,Rx,1,4,00,42,00,00,00,00,00,00,
83470056,00000118,false,Rx,1,4,00,43,00,00,00,00,00,00,
83479684,00000118,false,Rx,1,4,00,44,00,00,00,00,00,00,
83489986,00000118,false,Rx,1,4,00,45,00,00,00,00,00,00,
83497596,0000070F,false,Rx,0,8,03,22,2B,E4,55,55,55,55,
83499707,00000118,false,Rx,1,4,00,46,00,00,00,00,00,00,
83509979,00000118,false,Rx,1,4,00,47,00,00,00,00,00,00,
83512197,00000779,false,Rx,1,8,05,62,2B,E4,0D,63,AA,AA,
83519678,00000118,false,Rx,1,4,00,48,00,00,00,00,00,00,
83529952,00000118,false,Rx,1,4,00,49,00,00,00,00,00,00,
83539637,00000118,false,Rx,1,4,00,4A,00,00,00,00,00,00,
83549962,00000118,false,Rx,1,4,00,4B,00,00,00,00,00,00,
83559619,00000118,false,Rx,1,4,00,4C,00,00,00,00,00,00,
83569975,00000118,false,Rx,1,4,00,4D,00,00,00,00,00,00,
83579601,00000118,false,Rx,1,4,00,4E,00,00,00,00,00,00,
83589905,00000118,false,Rx,1,4,00,4F,00,00,00,00,00,00,
83599621,00000118,false,Rx,1,4,00,40,00,00,00,00,00,00,
83609889,00000118,false,Rx,1,4,00,41,00,00,00,00,00,00,
83619588,00000118,false,Rx,1,4,00,42,00,00,00,00,00,00,
83629871,00000118,false,Rx,1,4,00,43,00,00,00,00,00,00,
83639553,00000118,false,Rx,1,4,00,44,00,00,00,00,00,00,
83649873,00000118,false,Rx,1,4,00,45,00,00,00,00,00,00,
83659534,00000118,false,Rx,1,4,00,46,00,00,00,00,00,00,
83669892,00000118,false,Rx,1,4,00,47,00,00,00,00,00,00,
83679521,00000118,false,Rx,1,4,00,48,00,00,00,00,00,00,
83689850,00000118,false,Rx,1,4,00,49,00,00,00,00,00,00,
83699539,00000118,false,Rx,1,4,00,4A,00,00,00,00,00,00,
83709807,00000118,false,Rx,1,4,00,4B,00,00,00,00,00,00,
83719508,00000118,false,Rx,1,4,00,4C,00,00,00,00,00,00,
83729789,00000118,false,Rx,1,4,00,4D,00,00,00,00,00,00,
83739470,00000118,false,Rx,1,4,00,4E,00,00,00,00,00,00,
83749793,00000118,false,Rx,1,4,00,4F,00,00,00,00,00,00,
83759457,00000118,false,Rx,1,4,00,40,00,00,00,00,00,00,
83769813,00000118,false,Rx,1,4,00,41,00,00,00,00,00,00,
83779439,00000118,false,Rx,1,4,00,42,00,00,00,00,00,00,
83789740,00000118,false,Rx,1,4,00,43,00,00,00,00,00,00,
83799442,00000118,false,Rx,1,4,00,44,00,00,00,00,00,00,
83809731,00000118,false,Rx,1,4,00,45,00,00,00,00,00,00,
83815631,0000070F,false,Rx,0,8,03,22,02,8D,55,55,55,55,
83819462,00000118,false,Rx,1,4,00,46,00,00,00,00,00,00,
83829657,00000118,false,Rx,1,4,00,47,00,00,00,00,00,00,
83837718,00000779,false,Rx,1,8,05,62,02,8D,72,00,AA,AA,
83839435,00000118,false,Rx,1,4,00,48,00,00,00,00,00,00,
83849730,00000118,false,Rx,1,4,00,49,00,00,00,00,00,00,
83859377,00000118,false,Rx,1,4,00,4A,00,00,00,00,00,00,
83869863,00000118,false,Rx,1,4,00,4B,00,00,00,00,00,00,
83879412,00000118,false,Rx,1,4,00,4C,00,00,00,00,00,00,
83889659,00000118,false,Rx,1,4,00,4D,00,00,00,00,00,00,
83899359,00000118,false,Rx,1,4,00,4E,00,00,00,00,00,00,
83909655,00000118,false,Rx,1,4,00,4F,00,00,00,00,00,00,
83919345,00000118,false,Rx,1,4,00,40,00,00,00,00,00,00,
83929630,00000118,false,Rx,1,4,00,41,00,00,00,00,00,00,
83939308,00000118,false,Rx,1,4,00,42,00,00,00,00,00,00,
83949629,00000118,false,Rx,1,4,00,43,00,00,00,00,00,00,
83949955,17F0000F,true,Rx,1,8,00,0F,00,00,00,00,00,00,
83959301,00000118,false,Rx,1,4,00,44,00,00,00,00,00,00,
83969606,00000118,false,Rx,1,4,00,45,00,00,00,00,00,00,
83979326,00000118,false,Rx,1,4,00,46,00,00,00,00,00,00,
83989576,00000118,false,Rx,1,4,00,47,00,00,00,00,00,00,
83999276,00000118,false,Rx,1,4,00,48,00,00,00,00,00,00,
84009577,00000118,false,Rx,1,4,00,49,00,00,00,00,00,00,
84019244,00000118,false,Rx,1,4,00,4A,00,00,00,00,00,00,
84029567,00000118,false,Rx,1,4,00,4B,00,00,00,00,00,00,
84039228,00000118,false,Rx,1,4,00,4C,00,00,00,00,00,00,
84049549,00000118,false,Rx,1,4,00,4D,00,00,00,00,00,00,
84059210,00000118,false,Rx,1,4,00,4E,00,00,00,00,00,00,
84069688,00000118,false,Rx,1,4,00,4F,00,00,00,00,00,00,
84079250,00000118,false,Rx,1,4,00,40,00,00,00,00,00,00,
84089498,00000118,false,Rx,1,4,00,41,00,00,00,00,00,00,
84099196,00000118,false,Rx,1,4,00,42,00,00,00,00,00,00,
84109483,00000118,false,Rx,1,4,00,43,00,00,00,00,00,00,
84119160,00000118,false,Rx,1,4,00,44,00,00,00,00,00,00,
84129483,00000118,false,Rx,1,4,00,45,00,00,00,00,00,00,
84135412,0000070F,false,Rx,0,8,03,22,2B,F1,55,55,55,55,
84139166,00000118,false,Rx,1,4,00,46,00,00,00,00,00,00,
84149465,00000118,false,Rx,1,4,00,47,00,00,00,00,00,00,
84151588,00000779,false,Rx,1,8,05,62,2B,F1,B5,6F,AA,AA,
84159137,00000118,false,Rx,1,4,00,48,00,00,00,00,00,00,
84169597,00000118,false,Rx,1,4,00,49,00,00,00,00,00,00,
84179167,00000118,false,Rx,1,4,00,4A,00,00,00,00,00,00,
84189416,00000118,false,Rx,1,4,00,4B,00,00,00,00,00,00,
84199116,00000118,false,Rx,1,4,00,4C,00,00,00,00,00,00,
84209401,00000118,false,Rx,1,4,00,4D,00,00,00,00,00,00,
84219110,00000118,false,Rx,1,4,00,4E,00,00,00,00,00,00,
84229413,00000118,false,Rx,1,4,00,4F,00,00,00,00,00,00,
84239064,00000118,false,Rx,1,4,00,40,00,00,00,00,00,00,
84249387,00000118,false,Rx,1,4,00,41,00,00,00,00,00,00,
84259046,00000118,false,Rx,1,4,00,42,00,00,00,00,00,00,
84269354,00000118,false,Rx,1,4,00,43,00,00,00,00,00,00,
84279085,00000118,false,Rx,1,4,00,44,00,00,00,00,00,00,
84289333,00000118,false,Rx,1,4,00,45,00,00,00,00,00,00,
84299031,00000118,false,Rx,1,4,00,46,00,00,00,00,00,00,
84309316,00000118,false,Rx,1,4,00,47,00,00,00,00,00,00,
84319110,00000118,false,Rx,1,4,00,48,00,00,00,00,00,00,
84329422,00000118,false,Rx,1,4,00,49,00,00,00,00,00,00,
84339069,00000118,false,Rx,1,4,00,4A,00,00,00,00,00,00,
84349951,00000118,false,Rx,1,4,00,4B,00,00,00,00,00,00,
84359377,00000118,false,Rx,1,4,00,4C,00,00,00,00,00,00,
84369863,00000118,false,Rx,1,4,00,4D,00,00,00,00,00,00,
84379367,00000118,false,Rx,1,4,00,4E,00,00,00,00,00,00,
84389863,00000118,false,Rx,1,4,00,4F,00,00,00,00,00,00,
84399361,00000118,false,Rx,1,4,00,40,00,00,00,00,00,00,
84409863,00000118,false,Rx,1,4,00,41,00,00,00,00,00,00,
84419389,00000118,false,Rx,1,4,00,42,00,00,00,00,00,00,
84429859,00000118,false,Rx,1,4,00,43,00,00,00,00,00,00,
84439370,00000118,false,Rx,1,4,00,44,00,00,00,00,00,00,
84449855,00000118,false,Rx,1,4,00,45,00,00,00,00,00,00,
84450150,17F0000F,true,Rx,1,8,00,0F,00,00,00,00,00,00,
84452269,0000070F,false,Rx,0,8,03,22,2B,E4,55,55,55,55,
84459370,00000118,false,Rx,1,4,00,46,00,00,00,00,00,00,
84469618,00000118,false,Rx,1,4,00,47,00,00,00,00,00,00,
84471700,00000779,false,Rx,1,8,05,62,2B,E4,0D,63,AA,AA,
84479359,00000118,false,Rx,1,4,00,48,00,00,00,00,00,00,
84489609,00000118,false,Rx,1,4,00,49,00,00,00,00,00,00,
84499368,00000118,false,Rx,1,4,00,4A,00,00,00,00,00,00,
84509630,00000118,false,Rx,1,4,00,4B,00,00,00,00,00,00,
84519377,00000118,false,Rx,1,4,00,4C,00,00,00,00,00,00,
84529610,00000118,false,Rx,1,4,00,4D,00,00,00,00,00,00,
84539368,00000118,false,Rx,1,4,00,4E,00,00,00,00,00,00,
84549617,00000118,false,Rx,1,4,00,4F,00,00,00,00,00,00,
84559360,00000118,false,Rx,1,4,00,40,00,00,00,00,00,00,
84569622,00000118,false,Rx,1,4,00,41,00,00,00,00,00,00,
84579363,00000118,false,Rx,1,4,00,42,00,00,00,00,00,00,
84589610,00000118,false,Rx,1,4,00,43,00,00,00,00,00,00,
84599379,00000118,false,Rx,1,4,00,44,00,00,00,00,00,00,
84609611,00000118,false,Rx,1,4,00,45,00,00,00,00,00,00,
84619124,00000118,false,Rx,1,4,00,46,00,00,00,00,00,00,
84629621,00000118,false,Rx,1,4,00,47,00,00,00,00,00,00,
84639117,00000118,false,Rx,1,4,00,48,00,00,00,00,00,00,
84649609,00000118,false,Rx,1,4,00,49,00,00,00,00,00,00,
84659122,00000118,false,Rx,1,4,00,4A,00,00,00,00,00,00,
84669612,00000118,false,Rx,1,4,00,4B,00,00,00,00,00,00,
84679126,00000118,false,Rx,1,4,00,4C,00,00,00,00,00,00,
84689610,00000118,false,Rx,1,4,00,4D,00,00,00,00,00,00,
84699121,00000118,false,Rx,1,4,00,4E,00,00,00,00,00,00,
84709617,00000118,false,Rx,1,4,00,4F,00,00,00,00,00,00,
84719119,00000118,false,Rx,1,4,00,40,00,00,00,00,00,00,
84729626,00000118,false,Rx,1,4,00,41,00,00,00,00,00,00,
84739123,00000118,false,Rx,1,4,00,42,00,00,00,00,00,00,
84749611,00000118,false,Rx,1,4,00,43,00,00,00,00,00,00,
84759123,00000118,false,Rx,1,4,00,44,00,00,00,00,00,00,
84769366,00000118,false,Rx,1,4,00,45,00,00,00,00,00,00,
84777953,0000070F,false,Rx,0,8,03,22,02,8D,55,55,55,55,
84779126,00000118,false,Rx,1,4,00,46,00,00,00,00,00,00,
84789368,00000118,false,Rx,1,4,00,47,00,00,00,00,00,00,
84791445,00000779,false,Rx,1,8,05,62,02,8D,72,00,AA,AA,
84799118,00000118,false,Rx,1,4,00,48,00,00,00,00,00,00,
84809359,00000118,false,Rx,1,4,00,49,00,00,00,00,00,00,
84819122,00000118,false,Rx,1,4,00,4A,00,00,00,00,00,00,
84829528,00000118,false,Rx,1,4,00,4B,00,00,00,00,00,00,
84840970,00000118,false,Rx,1,4,00,4C,00,00,00,00,00,00,
84849333,00000118,false,Rx,1,4,00,4D,00,00,00,00,00,00,
84858965,00000118,false,Rx,1,4,00,4E,00,00,00,00,00,00,
84869408,00000118,false,Rx,1,4,00,4F,00,00,00,00,00,00,
84878950,00000118,false,Rx,1,4,00,40,00,00,00,00,00,00,
84889243,00000118,false,Rx,1,4,00,41,00,00,00,00,00,00,
84898950,00000118,false,Rx,1,4,00,42,00,00,00,00,00,00,
84909225,00000118,false,Rx,1,4,00,43,00,00,00,00,00,00,
84918947,00000118,false,Rx,1,4,00,44,00,00,00,00,00,00,
84929235,00000118,false,Rx,1,4,00,45,00,00,00,00,00,00,
84938888,00000118,false,Rx,1,4,00,46,00,00,00,00,00,00,
84949214,00000118,false,Rx,1,4,00,47,00,00,00,00,00,00,
84949509,17F0000F,true,Rx,1,8,00,0F,00,00,00,00,00,00,
84958879,00000118,false,Rx,1,4,00,48,00,00,00,00,00,00,
84969215,00000118,false,Rx,1,4,00,49,00,00,00,00,00,00,
84978878,00000118,false,Rx,1,4,00,4A,00,00,00,00,00,00,
84989162,00000118,false,Rx,1,4,00,4B,00,00,00,00,00,00,
84998863,00000118,false,Rx,1,4,00,4C,00,00,00,00,00,00,
85009156,00000118,false,Rx,1,4,00,4D,00,00,00,00,00,00,
85018845,00000118,false,Rx,1,4,00,4E,00,00,00,00,00,00,
85029145,00000118,false,Rx,1,4,00,4F,00,00,00,00,00,00,
85038811,00000118,false,Rx,1,4,00,40,00,00,00,00,00,00,
85049133,00000118,false,Rx,1,4,00,41,00,00,00,00,00,00,
85058792,00000118,false,Rx,1,4,00,42,00,00,00,00,00,00,
85069132,00000118,false,Rx,1,4,00,43,00,00,00,00,00,00,
85078796,00000118,false,Rx,1,4,00,44,00,00,00,00,00,00,
85087284,0000070F,false,Rx,0,8,03,22,2B,F1,55,55,55,55,
85089102,00000118,false,Rx,1,4,00,45,00,00,00,00,00,00,
85098777,00000118,false,Rx,1,4,00,46,00,00,00,00,00,00,
85100079,00000779,false,Rx,1,8,05,62,2B,F1,E7,6F,AA,AA,
85109074,00000118,false,Rx,1,4,00,47,00,00,00,00,00,00,
85118760,00000118,false,Rx,1,4,00,48,00,00,00,00,00,00,
85129045,00000118,false,Rx,1,4,00,49,00,00,00,00,00,00,
85138733,00000118,false,Rx,1,4,00,4A,00,00,00,00,00,00,
85149051,00000118,false,Rx,1,4,00,4B,00,00,00,00,00,00,
85158712,00000118,false,Rx,1,4,00,4C,00,00,00,00,00,00,
85169106,00000118,false,Rx,1,4,00,4D,00,00,00,00,00,00,
85178714,00000118,false,Rx,1,4,00,4E,00,00,00,00,00,00,
85188997,00000118,false,Rx,1,4,00,4F,00,00,00,00,00,00,
85198698,00000118,false,Rx,1,4,00,40,00,00,00,00,00,00,
85208981,00000118,false,Rx,1,4,00,41,00,00,00,00,00,00,
85218681,00000118,false,Rx,1,4,00,42,00,00,00,00,00,00,
85228964,00000118,false,Rx,1,4,00,43,00,00,00,00,00,00,
85238646,00000118,false,Rx,1,4,00,44,00,00,00,00,00,00,
85248967,00000118,false,Rx,1,4,00,45,00,00,00,00,00,00,
85258628,00000118,false,Rx,1,4,00,46,00,00,00,00,00,00,
85269106,00000118,false,Rx,1,4,00,47,00,00,00,00,00,00,
85278629,00000118,false,Rx,1,4,00,48,00,00,00,00,00,00,
85288931,00000118,false,Rx,1,4,00,49,00,00,00,00,00,00,
85298618,00000118,false,Rx,1,4,00,4A,00,00,00,00,00,00,
85308901,00000118,false,Rx,1,4,00,4B,00,00,00,00,00,00,
85319108,00000118,false,Rx,1,4,00,4C,00,00,00,00,00,00,
85328834,00000118,false,Rx,1,4,00,4D,00,00,00,00,00,00,
85338793,00000118,false,Rx,1,4,00,4E,00,00,00,00,00,00,
85348947,00000118,false,Rx,1,4,00,4F,00,00,00,00,00,00,
85358629,00000118,false,Rx,1,4,00,40,00,00,00,00,00,00,
85368852,00000118,false,Rx,1,4,00,41,00,00,00,00,00,00,
85378614,00000118,false,Rx,1,4,00,42,00,00,00,00,00,00,
85388865,00000118,false,Rx,1,4,00,43,00,00,00,00,00,00,
85398612,00000118,false,Rx,1,4,00,44,00,00,00,00,00,00,
85400147,0000070F,false,Rx,0,8,03,22,2B,E4,55,55,55,55,
85408861,00000118,false,Rx,1,4,00,45,00,00,00,00,00,00,
85418617,00000118,false,Rx,1,4,00,46,00,00,00,00,00,00,
85419824,00000779,false,Rx,1,8,05,62,2B,E4,0D,63,AA,AA,
85428869,00000118,false,Rx,1,4,00,47,00,00,00,00,00,00,
85438616,00000118,false,Rx,1,4,00,48,00,00,00,00,00,00,
85448865,00000118,false,Rx,1,4,00,49,00,00,00,00,00,00,
85449154,17F0000F,true,Rx,1,8,00,0F,00,00,00,00,00,00,
85458613,00000118,false,Rx,1,4,00,4A,00,00,00,00,00,00,
85468858,00000118,false,Rx,1,4,00,4B,00,00,00,00,00,00,
85478614,00000118,false,Rx,1,4,00,4C,00,00,00,00,00,00,
85488851,00000118,false,Rx,1,4,00,4D,00,00,00,00,00,00,
85498614,00000118,false,Rx,1,4,00,4E,00,00,00,00,00,00,
85508872,00000118,false,Rx,1,4,00,4F,00,00,00,00,00,00,
85518621,00000118,false,Rx,1,4,00,40,00,00,00,00,00,00,
85528849,00000118,false,Rx,1,4,00,41,00,00,00,00,00,00,
85538364,00000118,false,Rx,1,4,00,42,00,00,00,00,00,00,
85548881,00000118,false,Rx,1,4,00,43,00,00,00,00,00,00,
85558365,00000118,false,Rx,1,4,00,44,00,00,00,00,00,00,
85568875,00000118,false,Rx,1,4,00,45,00,00,00,00,00,00,
85578612,00000118,false,Rx,1,4,00,46,00,00,00,00,00,00,
85588869,00000118,false,Rx,1,4,00,47,00,00,00,00,00,00,
85598369,00000118,false,Rx,1,4,00,48,00,00,00,00,00,00,
85608852,00000118,false,Rx,1,4,00,49,00,00,00,00,00,00,
85618363,00000118,false,Rx,1,4,00,4A,00,00,00,00,00,00,
85628858,00000118,false,Rx,1,4,00,4B,00,00,00,00,00,00,
85638368,00000118,false,Rx,1,4,00,4C,00,00,00,00,00,00,
85648878,00000118,false,Rx,1,4,00,4D,00,00,00,00,00,00,
85658367,00000118,false,Rx,1,4,00,4E,00,00,00,00,00,00,
85668613,00000118,false,Rx,1,4,00,4F,00,00,00,00,00,00,
85678379,00000118,false,Rx,1,4,00,40,00,00,00,00,00,00,
85688603,00000118,false,Rx,1,4,00,41,00,00,00,00,00,00,
85698363,00000118,false,Rx,1,4,00,42,00,00,00,00,00,00,
85708614,00000118,false,Rx,1,4,00,43,00,00,00,00,00,00,
85716857,0000070F,false,Rx,0,8,03,22,02,8D,55,55,55,55,
85718274,00000118,false,Rx,1,4,00,44,00,00,00,00,00,00,
85728613,00000118,false,Rx,1,4,00,45,00,00,00,00,00,00,
85730690,00000779,false,Rx,1,8,05,62,02,8D,73,00,AA,AA,
85738365,00000118,false,Rx,1,4,00,46,00,00,00,00,00,00,
85748622,00000118,false,Rx,1,4,00,47,00,00,00,00,00,00,
85758370,00000118,false,Rx,1,4,00,48,00,00,00,00,00,00,
85768611,00000118,false,Rx,1,4,00,49,00,00,00,00,00,00,
85778368,00000118,false,Rx,1,4,00,4A,00,00,00,00,00,00,
85788610,00000118,false,Rx,1,4,00,4B,00,00,00,00,00,00,
85798369,00000118,false,Rx,1,4,00,4C,00,00,00,00,00,00,
85808619,00000118,false,Rx,1,4,00,4D,00,00,00,00,00,00,
85818365,00000118,false,Rx,1,4,00,4E,00,00,00,00,00,00,
85828766,00000118,false,Rx,1,4,00,4F,00,00,00,00,00,00,
85841574,00000118,false,Rx,1,4,00,40,00,00,00,00,00,00,
85849173,00000118,false,Rx,1,4,00,41,00,00,00,00,00,00,
85858152,00000118,false,Rx,1,4,00,42,00,00,00,00,00,00,
85868626,00000118,false,Rx,1,4,00,43,00,00,00,00,00,00,
85878177,00000118,false,Rx,1,4,00,44,00,00,00,00,00,00,
85888425,00000118,false,Rx,1,4,00,45,00,00,00,00,00,00,
85898123,00000118,false,Rx,1,4,00,46,00,00,00,00,00,00,
85908409,00000118,false,Rx,1,4,00,47,00,00,00,00,00,00,
85918088,00000118,false,Rx,1,4,00,48,00,00,00,00,00,00,
85928411,00000118,false,Rx,1,4,00,49,00,00,00,00,00,00,
85938076,00000118,false,Rx,1,4,00,4A,00,00,00,00,00,00,
85948397,00000118,false,Rx,1,4,00,4B,00,00,00,00,00,00,
85948693,17F0000F,true,Rx,1,8,00,0F,00,00,00,00,00,00,
85958073,00000118,false,Rx,1,4,00,4C,00,00,00,00,00,00,
85968868,00000118,false,Rx,1,4,00,4D,00,00,00,00,00,00,
85978478,00000118,false,Rx,1,4,00,4E,00,00,00,00,00,00,
85988743,00000118,false,Rx,1,4,00,4F,00,00,00,00,00,00,
85998445,00000118,false,Rx,1,4,00,40,00,00,00,00,00,00,
86008733,00000118,false,Rx,1,4,00,41,00,00,00,00,00,00,
86018409,00000118,false,Rx,1,4,00,42,00,00,00,00,00,00,
86028729,00000118,false,Rx,1,4,00,43,00,00,00,00,00,00,
86030034,0000070F,false,Rx,0,8,03,22,2B,F1,55,55,55,55,
86038416,00000118,false,Rx,1,4,00,44,00,00,00,00,00,00,
86048713,00000118,false,Rx,1,4,00,45,00,00,00,00,00,00,
86050834,00000779,false,Rx,1,8,05,62,2B,F1,4B,70,AA,AA,
86058392,00000118,false,Rx,1,4,00,46,00,00,00,00,00,00,
86069114,00000118,false,Rx,1,4,00,47,00,00,00,00,00,00,
86078781,00000118,false,Rx,1,4,00,48,00,00,00,00,00,00,
86089060,00000118,false,Rx,1,4,00,49,00,00,00,00,00,00,
86098762,00000118,false,Rx,1,4,00,4A,00,00,00,00,00,00,
86109047,00000118,false,Rx,1,4,00,4B,00,00,00,00,00,00,
86118727,00000118,false,Rx,1,4,00,4C,00,00,00,00,00,00,
86129048,00000118,false,Rx,1,4,00,4D,00,00,00,00,00,00,
86138708,00000118,false,Rx,1,4,00,4E,00,00,00,00,00,00,
86149031,00000118,false,Rx,1,4,00,4F,00,00,00,00,00,00,
86158699,00000118,false,Rx,1,4,00,40,00,00,00,00,00,00,
86169032,00000118,false,Rx,1,4,00,41,00,00,00,00,00,00,
86178695,00000118,false,Rx,1,4,00,42,00,00,00,00,00,00,
86188979,00000118,false,Rx,1,4,00,43,00,00,00,00,00,00,
86198682,00000118,false,Rx,1,4,00,44,00,00,00,00,00,00,
86208966,00000118,false,Rx,1,4,00,45,00,00,00,00,00,00,
86218642,00000118,false,Rx,1,4,00,46,00,00,00,00,00,00,
86228965,00000118,false,Rx,1,4,00,47,00,00,00,00,00,00,
86238625,00000118,false,Rx,1,4,00,48,00,00,00,00,00,00,
86248952,00000118,false,Rx,1,4,00,49,00,00,00,00,00,00,
86258616,00000118,false,Rx,1,4,00,4A,00,00,00,00,00,00,
86268956,00000118,false,Rx,1,4,00,4B,00,00,00,00,00,00,
86278616,00000118,false,Rx,1,4,00,4C,00,00,00,00,00,00,
86288898,00000118,false,Rx,1,4,00,4D,00,00,00,00,00,00,
86298598,00000118,false,Rx,1,4,00,4E,00,00,00,00,00,00,
86308880,00000118,false,Rx,1,4,00,4F,00,00,00,00,00,00,
86318565,00000118,false,Rx,1,4,00,40,00,00,00,00,00,00,
86328887,00000118,false,Rx,1,4,00,41,00,00,00,00,00,00,
86338600,00000118,false,Rx,1,4,00,42,00,00,00,00,00,00,
86351412,00000118,false,Rx,1,4,00,43,00,00,00,00,00,00,
86353675,0000070F,false,Rx,0,8,03,22,2B,E4,55,55,55,55,
86358692,00000118,false,Rx,1,4,00,44,00,00,00,00,00,00,
86368880,00000118,false,Rx,1,4,00,45,00,00,00,00,00,00,
86370910,00000779,false,Rx,1,8,05,62,2B,E4,0D,63,AA,AA,
86378609,00000118,false,Rx,1,4,00,46,00,00,00,00,00,00,
86389161,00000118,false,Rx,1,4,00,47,00,00,00,00,00,00,
86398969,00000118,false,Rx,1,4,00,48,00,00,00,00,00,00,
86409143,00000118,false,Rx,1,4,00,49,00,00,00,00,00,00,
86418960,00000118,false,Rx,1,4,00,4A,00,00,00,00,00,00,
86429112,00000118,false,Rx,1,4,00,4B,00,00,00,00,00,00,
86438961,00000118,false,Rx,1,4,00,4C,00,00,00,00,00,00,
86449092,00000118,false,Rx,1,4,00,4D,00,00,00,00,00,00,
86449389,17F0000F,true,Rx,1,8,00,0F,00,00,00,00,00,00,
86458950,00000118,false,Rx,1,4,00,4E,00,00,00,00,00,00,
86469116,00000118,false,Rx,1,4,00,4F,00,00,00,00,00,00,
86478908,00000118,false,Rx,1,4,00,40,00,00,00,00,00,00,
86489081,00000118,false,Rx,1,4,00,41,00,00,00,00,00,00,
86498889,00000118,false,Rx,1,4,00,42,00,00,00,00,00,00,
86509072,00000118,false,Rx,1,4,00,43,00,00,00,00,00,00,
86518871,00000118,false,Rx,1,4,00,44,00,00,00,00,00,00,
86529028,00000118,false,Rx,1,4,00,45,00,00,00,00,00,00,
86538872,00000118,false,Rx,1,4,00,46,00,00,00,00,00,00,
86549011,00000118,false,Rx,1,4,00,47,00,00,00,00,00,00,
86558856,00000118,false,Rx,1,4,00,48,00,00,00,00,00,00,
86569035,00000118,false,Rx,1,4,00,49,00,00,00,00,00,00,
86578825,00000118,false,Rx,1,4,00,4A,00,00,00,00,00,00,
86589004,00000118,false,Rx,1,4,00,4B,00,00,00,00,00,00,
86598808,00000118,false,Rx,1,4,00,4C,00,00,00,00,00,00,
86608980,00000118,false,Rx,1,4,00,4D,00,00,00,00,00,00,
86618790,00000118,false,Rx,1,4,00,4E,00,00,00,00,00,00,
86628950,00000118,false,Rx,1,4,00,4F,00,00,00,00,00,00,
86638796,00000118,false,Rx,1,4,00,40,00,00,00,00,00,00,
86648971,00000118,false,Rx,1,4,00,41,00,00,00,00,00,00,
86658777,00000118,false,Rx,1,4,00,42,00,00,00,00,00,00,
86668952,00000118,false,Rx,1,4,00,43,00,00,00,00,00,00,
86671697,0000070F,false,Rx,0,8,03,22,02,8D,55,55,55,55,
86678765,00000118,false,Rx,1,4,00,44,00,00,00,00,00,00,
86688934,00000118,false,Rx,1,4,00,45,00,00,00,00,00,00,
86691041,00000779,false,Rx,1,8,05,62,02,8D,74,00,AA,AA,
86698734,00000118,false,Rx,1,4,00,46,00,00,00,00,00,00,
86709298,00000118,false,Rx,1,4,00,47,00,00,00,00,00,00,
86719106,00000118,false,Rx,1,4,00,48,00,00,00,00,00,00,
86729369,00000118,false,Rx,1,4,00,49,00,00,00,00,00,00,
86739114,00000118,false,Rx,1,4,00,4A,00,00,00,00,00,00,
86749250,00000118,false,Rx,1,4,00,4B,00,00,00,00,00,00,
86759096,00000118,false,Rx,1,4,00,4C,00,00,00,00,00,00,
86769267,00000118,false,Rx,1,4,00,4D,00,00,00,00,00,00,
86779060,00000118,false,Rx,1,4,00,4E,00,00,00,00,00,00,
86789234,00000118,false,Rx,1,4,00,4F,00,00,00,00,00,00,
86799046,00000118,false,Rx,1,4,00,40,00,00,00,00,00,00,
86809219,00000118,false,Rx,1,4,00,41,00,00,00,00,00,00,
86819027,00000118,false,Rx,1,4,00,42,00,00,00,00,00,00,
86829236,00000118,false,Rx,1,4,00,43,00,00,00,00,00,00,
86842018,00000118,false,Rx,1,4,00,44,00,00,00,00,00,00,
86849288,00000118,false,Rx,1,4,00,45,00,00,00,00,00,00,
86858957,00000118,false,Rx,1,4,00,46,00,00,00,00,00,00,
86869375,00000118,false,Rx,1,4,00,47,00,00,00,00,00,00,
86878943,00000118,false,Rx,1,4,00,48,00,00,00,00,00,00,
86889206,00000118,false,Rx,1,4,00,49,00,00,00,00,00,00,
86898908,00000118,false,Rx,1,4,00,4A,00,00,00,00,00,00,
86909193,00000118,false,Rx,1,4,00,4B,00,00,00,00,00,00,
86918874,00000118,false,Rx,1,4,00,4C,00,00,00,00,00,00,
86929192,00000118,false,Rx,1,4,00,4D,00,00,00,00,00,00,
86938854,00000118,false,Rx,1,4,00,4E,00,00,00,00,00,00,
86949176,00000118,false,Rx,1,4,00,4F,00,00,00,00,00,00,
86949473,17F0000F,true,Rx,1,8,00,0F,00,00,00,00,00,00,
86958847,00000118,false,Rx,1,4,00,40,00,00,00,00,00,00,
86969578,00000118,false,Rx,1,4,00,41,00,00,00,00,00,00,
86979245,00000118,false,Rx,1,4,00,42,00,00,00,00,00,00,
86989525,00000118,false,Rx,1,4,00,43,00,00,00,00,00,00,
86999224,00000118,false,Rx,1,4,00,44,00,00,00,00,00,00,
87003941,0000070F,false,Rx,0,8,03,22,2B,F1,55,55,55,55,
87009552,00000118,false,Rx,1,4,00,45,00,00,00,00,00,00,
87019376,00000118,false,Rx,1,4,00,46,00,00,00,00,00,00,
87020486,00000779,false,Rx,1,8,05,62,2B,F1,A5,70,AA,AA,
87029521,00000118,false,Rx,1,4,00,47,00,00,00,00,00,00,
87039171,00000118,false,Rx,1,4,00,48,00,00,00,00,00,00,
87049495,00000118,false,Rx,1,4,00,49,00,00,00,00,00,00,
87059159,00000118,false,Rx,1,4,00,4A,00,00,00,00,00,00,
87069499,00000118,false,Rx,1,4,00,4B,00,00,00,00,00,00,
87079180,00000118,false,Rx,1,4,00,4C,00,00,00,00,00,00,
87089445,00000118,false,Rx,1,4,00,4D,00,00,00,00,00,00,
87099143,00000118,false,Rx,1,4,00,4E,00,00,00,00,00,00,
87109427,00000118,false,Rx,1,4,00,4F,00,00,00,00,00,00,
87119110,00000118,false,Rx,1,4,00,40,00,00,00,00,00,00,
87129431,00000118,false,Rx,1,4,00,41,00,00,00,00,00,00,
87139092,00000118,false,Rx,1,4,00,42,00,00,00,00,00,00,
87149413,00000118,false,Rx,1,4,00,43,00,00,00,00,00,00,
87159075,00000118,false,Rx,1,4,00,44,00,00,00,00,00,00,
87169414,00000118,false,Rx,1,4,00,45,00,00,00,00,00,00,
87179082,00000118,false,Rx,1,4,00,46,00,00,00,00,00,00,
87189361,00000118,false,Rx,1,4,00,47,00,00,00,00,00,00,
87199059,00000118,false,Rx,1,4,00,48,00,00,00,00,00,00,
87209344,00000118,false,Rx,1,4,00,49,00,00,00,00,00,00,
87219028,00000118,false,Rx,1,4,00,4A,00,00,00,00,00,00,
87229349,00000118,false,Rx,1,4,00,4B,00,00,00,00,00,00,
87239011,00000118,false,Rx,1,4,00,4C,00,00,00,00,00,00,
87249331,00000118,false,Rx,1,4,00,4D,00,00,00,00,00,00,
87258993,00000118,false,Rx,1,4,00,4E,00,00,00,00,00,00,
87269371,00000118,false,Rx,1,4,00,4F,00,00,00,00,00,00,
87278997,00000118,false,Rx,1,4,00,40,00,00,00,00,00,00,
87289283,00000118,false,Rx,1,4,00,41,00,00,00,00,00,00,
87298979,00000118,false,Rx,1,4,00,42,00,00,00,00,00,00,
87309262,00000118,false,Rx,1,4,00,43,00,00,00,00,00,00,
87318950,00000118,false,Rx,1,4,00,44,00,00,00,00,00,00,
87320416,0000070F,false,Rx,0,8,03,22,2B,E4,55,55,55,55,
87329258,00000118,false,Rx,1,4,00,45,00,00,00,00,00,00,
87339183,00000118,false,Rx,1,4,00,46,00,00,00,00,00,00,
87340226,00000779,false,Rx,1,8,05,62,2B,E4,0D,63,AA,AA,
87349309,00000118,false,Rx,1,4,00,47,00,00,00,00,00,00,
87358909,00000118,false,Rx,1,4,00,48,00,00,00,00,00,00,
87369376,00000118,false,Rx,1,4,00,49,00,00,00,00,00,00,
87378934,00000118,false,Rx,1,4,00,4A,00,00,00,00,00,00,
87389208,00000118,false,Rx,1,4,00,4B,00,00,00,00,00,00,
87398900,00000118,false,Rx,1,4,00,4C,00,00,00,00,00,00,
87409181,00000118,false,Rx,1,4,00,4D,00,00,00,00,00,00,
87418862,00000118,false,Rx,1,4,00,4E,00,00,00,00,00,00,
87429184,00000118,false,Rx,1,4,00,4F,00,00,00,00,00,00,
87438847,00000118,false,Rx,1,4,00,40,00,00,00,00,00,00,
87449170,00000118,false,Rx,1,4,00,41,00,00,00,00,00,00,
87449466,17F0000F,true,Rx,1,8,00,0F,00,00,00,00,00,00,
87458836,00000118,false,Rx,1,4,00,42,00,00,00,00,00,00,
87469567,00000118,false,Rx,1,4,00,43,00,00,00,00,00,00,
87479232,00000118,false,Rx,1,4,00,44,00,00,00,00,00,00,
87489519,00000118,false,Rx,1,4,00,45,00,00,00,00,00,00,
87499214,00000118,false,Rx,1,4,00,46,00,00,00,00,00,00,
87509516,00000118,false,Rx,1,4,00,47,00,00,00,00,00,00,
87519370,00000118,false,Rx,1,4,00,48,00,00,00,00,00,00,
87529500,00000118,false,Rx,1,4,00,49,00,00,00,00,00,00,
87539166,00000118,false,Rx,1,4,00,4A,00,00,00,00,00,00,
87549487,00000118,false,Rx,1,4,00,4B,00,00,00,00,00,00,
87559153,00000118,false,Rx,1,4,00,4C,00,00,00,00,00,00,
87569485,00000118,false,Rx,1,4,00,4D,00,00,00,00,00,00,
87579151,00000118,false,Rx,1,4,00,4E,00,00,00,00,00,00,
87589439,00000118,false,Rx,1,4,00,4F,00,00,00,00,00,00,
87599139,00000118,false,Rx,1,4,00,40,00,00,00,00,00,00,
87609419,00000118,false,Rx,1,4,00,41,00,00,00,00,00,00,
87619098,00000118,false,Rx,1,4,00,42,00,00,00,00,00,00,
87629421,00000118,false,Rx,1,4,00,43,00,00,00,00,00,00,
87637893,0000070F,false,Rx,0,8,03,22,02,8D,55,55,55,55,
87639106,00000118,false,Rx,1,4,00,44,00,00,00,00,00,00,
87649403,00000118,false,Rx,1,4,00,45,00,00,00,00,00,00,
87651520,00000779,false,Rx,1,8,05,62,02,8D,75,00,AA,AA,
87659075,00000118,false,Rx,1,4,00,46,00,00,00,00,00,00,
87669821,00000118,false,Rx,1,4,00,47,00,00,00,00,00,00,
87679446,00000118,false,Rx,1,4,00,48,00,00,00,00,00,00,
87689751,00000118,false,Rx,1,4,00,49,00,00,00,00,00,00,
87699457,00000118,false,Rx,1,4,00,4A,00,00,00,00,00,00,
87709737,00000118,false,Rx,1,4,00,4B,00,00,00,00,00,00,
87719419,00000118,false,Rx,1,4,00,4C,00,00,00,00,00,00,
87729737,00000118,false,Rx,1,4,00,4D,00,00,00,00,00,00,
87739400,00000118,false,Rx,1,4,00,4E,00,00,00,00,00,00,
87749721,00000118,false,Rx,1,4,00,4F,00,00,00,00,00,00,
87759386,00000118,false,Rx,1,4,00,40,00,00,00,00,00,00,
87769743,00000118,false,Rx,1,4,00,41,00,00,00,00,00,00,
87779368,00000118,false,Rx,1,4,00,42,00,00,00,00,00,00,
87789670,00000118,false,Rx,1,4,00,43,00,00,00,00,00,00,
87799370,00000118,false,Rx,1,4,00,44,00,00,00,00,00,00,
87809655,00000118,false,Rx,1,4,00,45,00,00,00,00,00,00,
87819369,00000118,false,Rx,1,4,00,46,00,00,00,00,00,00,
87829711,00000118,false,Rx,1,4,00,47,00,00,00,00,00,00,
87842441,00000118,false,Rx,1,4,00,48,00,00,00,00,00,00,
87849807,00000118,false,Rx,1,4,00,49,00,00,00,00,00,00,
87859310,00000118,false,Rx,1,4,00,4A,00,00,00,00,00,00,
87869732,00000118,false,Rx,1,4,00,4B,00,00,00,00,00,00,
87879706,00000118,false,Rx,1,4,00,4C,00,00,00,00,00,00,
87889989,00000118,false,Rx,1,4,00,4D,00,00,00,00,00,00,
87899711,00000118,false,Rx,1,4,00,4E,00,00,00,00,00,00,
87909971,00000118,false,Rx,1,4,00,4F,00,00,00,00,00,00,
87919655,00000118,false,Rx,1,4,00,40,00,00,00,00,00,00,
87929976,00000118,false,Rx,1,4,00,41,00,00,00,00,00,00,
87939637,00000118,false,Rx,1,4,00,42,00,00,00,00,00,00,
87949957,00000118,false,Rx,1,4,00,43,00,00,00,00,00,00,
87950253,17F0000F,true,Rx,1,8,00,0F,00,00,00,00,00,00,
87954139,0000070F,false,Rx,0,8,03,22,2B,F1,55,55,55,55,
87959653,00000118,false,Rx,1,4,00,44,00,00,00,00,00,00,
87969958,00000118,false,Rx,1,4,00,45,00,00,00,00,00,00,
87972075,00000779,false,Rx,1,8,05,62,2B,F1,09,71,AA,AA,
87979631,00000118,false,Rx,1,4,00,46,00,00,00,00,00,00,
87989906,00000118,false,Rx,1,4,00,47,00,00,00,00,00,00,
87999606,00000118,false,Rx,1,4,00,48,00,00,00,00,00,00,
88009899,00000118,false,Rx,1,4,00,49,00,00,00,00,00,00,
88019574,00000118,false,Rx,1,4,00,4A,00,00,00,00,00,00,
88029896,00000118,false,Rx,1,4,00,4B,00,00,00,00,00,00,
88039556,00000118,false,Rx,1,4,00,4C,00,00,00,00,00,00,
88049877,00000118,false,Rx,1,4,00,4D,00,00,00,00,00,00,
88059540,00000118,false,Rx,1,4,00,4E,00,00,00,00,00,00,
88069877,00000118,false,Rx,1,4,00,4F,00,00,00,00,00,00,
88079550,00000118,false,Rx,1,4,00,40,00,00,00,00,00,00,
88089827,00000118,false,Rx,1,4,00,41,00,00,00,00,00,00,
88099523,00000118,false,Rx,1,4,00,42,00,00,00,00,00,00,
88109816,00000118,false,Rx,1,4,00,43,00,00,00,00,00,00,
88119490,00000118,false,Rx,1,4,00,44,00,00,00,00,00,00,
88129812,00000118,false,Rx,1,4,00,45,00,00,00,00,00,00,
88139470,00000118,false,Rx,1,4,00,46,00,00,00,00,00,00,
88149796,00000118,false,Rx,1,4,00,47,00,00,00,00,00,00,
88159454,00000118,false,Rx,1,4,00,48,00,00,00,00,00,00,
88169794,00000118,false,Rx,1,4,00,49,00,00,00,00,00,00,
88179461,00000118,false,Rx,1,4,00,4A,00,00,00,00,00,00,
88189746,00000118,false,Rx,1,4,00,4B,00,00,00,00,00,00,
88199444,00000118,false,Rx,1,4,00,4C,00,00,00,00,00,00,
88209731,00000118,false,Rx,1,4,00,4D,00,00,00,00,00,00,
88219407,00000118,false,Rx,1,4,00,4E,00,00,00,00,00,00,
88229728,00000118,false,Rx,1,4,00,4F,00,00,00,00,00,00,
88239393,00000118,false,Rx,1,4,00,40,00,00,00,00,00,00,
88249714,00000118,false,Rx,1,4,00,41,00,00,00,00,00,00,
88259374,00000118,false,Rx,1,4,00,42,00,00,00,00,00,00,
88269713,00000118,false,Rx,1,4,00,43,00,00,00,00,00,00,
88279378,00000118,false,Rx,1,4,00,44,00,00,00,00,00,00,
88282906,0000070F,false,Rx,0,8,03,22,2B,E4,55,55,55,55,
88289685,00000118,false,Rx,1,4,00,45,00,00,00,00,00,00,
88299359,00000118,false,Rx,1,4,00,46,00,00,00,00,00,00,
88300661,00000779,false,Rx,1,8,05,62,2B,E4,0D,63,AA,AA,
88309659,00000118,false,Rx,1,4,00,47,00,00,00,00,00,00,
88320248,00000118,false,Rx,1,4,00,48,00,00,00,00,00,00,
88329598,00000118,false,Rx,1,4,00,49,00,00,00,00,00,00,
88339288,00000118,false,Rx,1,4,00,4A,00,00,00,00,00,00,
88349655,00000118,false,Rx,1,4,00,4B,00,00,00,00,00,00,
88359294,00000118,false,Rx,1,4,00,4C,00,00,00,00,00,00,
88369606,00000118,false,Rx,1,4,00,4D,00,00,00,00,00,00,
88379331,00000118,false,Rx,1,4,00,4E,00,00,00,00,00,00,
88389580,00000118,false,Rx,1,4,00,4F,00,00,00,00,00,00,
88399281,00000118,false,Rx,1,4,00,40,00,00,00,00,00,00,
88409566,00000118,false,Rx,1,4,00,41,00,00,00,00,00,00,
88419247,00000118,false,Rx,1,4,00,42,00,00,00,00,00,00,
88429566,00000118,false,Rx,1,4,00,43,00,00,00,00,00,00,
88439229,00000118,false,Rx,1,4,00,44,00,00,00,00,00,00,
88449549,00000118,false,Rx,1,4,00,45,00,00,00,00,00,00,
88449846,17F0000F,true,Rx,1,8,00,0F,00,00,00,00,00,00,
88459217,00000118,false,Rx,1,4,00,46,00,00,00,00,00,00,
88470096,00000118,false,Rx,1,4,00,47,00,00,00,00,00,00,
88479647,00000118,false,Rx,1,4,00,48,00,00,00,00,00,00,
88489897,00000118,false,Rx,1,4,00,49,00,00,00,00,00,00,
88499599,00000118,false,Rx,1,4,00,4A,00,00,00,00,00,00,
88509888,00000118,false,Rx,1,4,00,4B,00,00,00,00,00,00,
88519572,00000118,false,Rx,1,4,00,4C,00,00,00,00,00,00,
88529885,00000118,false,Rx,1,4,00,4D,00,00,00,00,00,00,
88539546,00000118,false,Rx,1,4,00,4E,00,00,00,00,00,00,
88549871,00000118,false,Rx,1,4,00,4F,00,00,00,00,00,00,
88559531,00000118,false,Rx,1,4,00,40,00,00,00,00,00,00,
88569863,00000118,false,Rx,1,4,00,41,00,00,00,00,00,00,
88579567,00000118,false,Rx,1,4,00,42,00,00,00,00,00,00,
88589816,00000118,false,Rx,1,4,00,43,00,00,00,00,00,00,
88599515,00000118,false,Rx,1,4,00,44,00,00,00,00,00,00,
88603732,0000070F,false,Rx,0,8,03,22,02,8D,55,55,55,55,
88609824,00000118,false,Rx,1,4,00,45,00,00,00,00,00,00,
88619484,00000118,false,Rx,1,4,00,46,00,00,00,00,00,00,
88620940,00000779,false,Rx,1,8,05,62,02,8D,75,00,AA,AA,
88629813,00000118,false,Rx,1,4,00,47,00,00,00,00,00,00,
88639462,00000118,false,Rx,1,4,00,48,00,00,00,00,00,00,
88649787,00000118,false,Rx,1,4,00,49,00,00,00,00,00,00,
88659450,00000118,false,Rx,1,4,00,4A,00,00,00,00,00,00,
88669852,00000118,false,Rx,1,4,00,4B,00,00,00,00,00,00,
88679488,00000118,false,Rx,1,4,00,4C,00,00,00,00,00,00,
88689734,00000118,false,Rx,1,4,00,4D,00,00,00,00,00,00,
88699434,00000118,false,Rx,1,4,00,4E,00,00,00,00,00,00,
88709718,00000118,false,Rx,1,4,00,4F,00,00,00,00,00,00,
88719405,00000118,false,Rx,1,4,00,40,00,00,00,00,00,00,
88729723,00000118,false,Rx,1,4,00,41,00,00,00,00,00,00,
88739382,00000118,false,Rx,1,4,00,42,00,00,00,00,00,00,
88749704,00000118,false,Rx,1,4,00,43,00,00,00,00,00,00,
88759366,00000118,false,Rx,1,4,00,44,00,00,00,00,00,00,
88769852,00000118,false,Rx,1,4,00,45,00,00,00,00,00,00,
88779402,00000118,false,Rx,1,4,00,46,00,00,00,00,00,00,
88789652,00000118,false,Rx,1,4,00,47,00,00,00,00,00,00,
88799350,00000118,false,Rx,1,4,00,48,00,00,00,00,00,00,
88809636,00000118,false,Rx,1,4,00,49,00,00,00,00,00,00,
88819319,00000118,false,Rx,1,4,00,4A,00,00,00,00,00,00,
88829960,00000118,false,Rx,1,4,00,4B,00,00,00,00,00,00,
88839329,00000118,false,Rx,1,4,00,4C,00,00,00,00,00,00,
88849699,00000118,false,Rx,1,4,00,4D,00,00,00,00,00,00,
88859398,00000118,false,Rx,1,4,00,4E,00,00,00,00,00,00,
88869608,00000118,false,Rx,1,4,00,4F,00,00,00,00,00,00,
88879398,00000118,false,Rx,1,4,00,40,00,00,00,00,00,00,
88889610,00000118,false,Rx,1,4,00,41,00,00,00,00,00,00,
88899379,00000118,false,Rx,1,4,00,42,00,00,00,00,00,00,
88909613,00000118,false,Rx,1,4,00,43,00,00,00,00,00,00,
88919310,00000118,false,Rx,1,4,00,44,00,00,00,00,00,00,
88919385,0000070F,false,Rx,0,8,03,22,2B,F1,55,55,55,55,
88929610,00000118,false,Rx,1,4,00,45,00,00,00,00,00,00,
88939274,00000118,false,Rx,1,4,00,46,00,00,00,00,00,00,
88940571,00000779,false,Rx,1,8,05,62,2B,F1,6D,71,AA,AA,
88949610,00000118,false,Rx,1,4,00,47,00,00,00,00,00,00,
88950144,17F0000F,true,Rx,1,8,00,0F,00,00,00,00,00,00,
88959302,00000118,false,Rx,1,4,00,48,00,00,00,00,00,00,
88969607,00000118,false,Rx,1,4,00,49,00,00,00,00,00,00,
88979316,00000118,false,Rx,1,4,00,4A,00,00,00,00,00,00,
88989608,00000118,false,Rx,1,4,00,4B,00,00,00,00,00,00,
88999373,00000118,false,Rx,1,4,00,4C,00,00,00,00,00,00,
89009641,00000118,false,Rx,1,4,00,4D,00,00,00,00,00,00,
89019230,00000118,false,Rx,1,4,00,4E,00,00,00,00,00,00,
89029628,00000118,false,Rx,1,4,00,4F,00,00,00,00,00,00,
89039214,00000118,false,Rx,1,4,00,40,00,00,00,00,00,00,
89049607,00000118,false,Rx,1,4,00,41,00,00,00,00,00,00,
89059218,00000118,false,Rx,1,4,00,42,00,00,00,00,00,00,
89069367,00000118,false,Rx,1,4,00,43,00,00,00,00,00,00,
89079234,00000118,false,Rx,1,4,00,44,00,00,00,00,00,00,
89089360,00000118,false,Rx,1,4,00,45,00,00,00,00,00,00,
89099369,00000118,false,Rx,1,4,00,46,00,00,00,00,00,00,
89109363,00000118,false,Rx,1,4,00,47,00,00,00,00,00,00,
89119144,00000118,false,Rx,1,4,00,48,00,00,00,00,00,00,
89129365,00000118,false,Rx,1,4,00,49,00,00,00,00,00,00,
89139132,00000118,false,Rx,1,4,00,4A,00,00,00,00,00,00,
89149362,00000118,false,Rx,1,4,00,4B,00,00,00,00,00,00,
89159135,00000118,false,Rx,1,4,00,4C,00,00,00,00,00,00,
89169367,00000118,false,Rx,1,4,00,4D,00,00,00,00,00,00,
89179152,00000118,false,Rx,1,4,00,4E,00,00,00,00,00,00,
89189366,00000118,false,Rx,1,4,00,4F,00,00,00,00,00,00,
89199082,00000118,false,Rx,1,4,00,40,00,00,00,00,00,00,
89209364,00000118,false,Rx,1,4,00,41,00,00,00,00,00,00,
89219065,00000118,false,Rx,1,4,00,42,00,00,00,00,00,00,
89229365,00000118,false,Rx,1,4,00,43,00,00,00,00,00,00,
89239049,00000118,false,Rx,1,4,00,44,00,00,00,00,00,00,
89249363,00000118,false,Rx,1,4,00,45,00,00,00,00,00,00,
89251638,0000070F,false,Rx,0,8,03,22,2B,E4,55,55,55,55,
89259072,00000118,false,Rx,1,4,00,46,00,00,00,00,00,00,
89269367,00000118,false,Rx,1,4,00,47,00,00,00,00,00,00,
89271542,00000779,false,Rx,1,8,05,62,2B,E4,0D,63,AA,AA,
89279078,00000118,false,Rx,1,4,00,48,00,00,00,00,00,00,
89289370,00000118,false,Rx,1,4,00,49,00,00,00,00,00,00,
89299001,00000118,false,Rx,1,4,00,4A,00,00,00,00,00,00,
89309365,00000118,false,Rx,1,4,00,4B,00,00,00,00,00,00,
89318986,00000118,false,Rx,1,4,00,4C,00,00,00,00,00,00,
89329163,00000118,false,Rx,1,4,00,4D,00,00,00,00,00,00,
89338955,00000118,false,Rx,1,4,00,4E,00,00,00,00,00,00,
89349425,00000118,false,Rx,1,4,00,4F,00,00,00,00,00,00,
89358879,00000118,false,Rx,1,4,00,40,00,00,00,00,00,00,
89369380,00000118,false,Rx,1,4,00,41,00,00,00,00,00,00,
89378874,00000118,false,Rx,1,4,00,42,00,00,00,00,00,00,
89389361,00000118,false,Rx,1,4,00,43,00,00,00,00,00,00,
89398876,00000118,false,Rx,1,4,00,44,00,00,00,00,00,00,
89409364,00000118,false,Rx,1,4,00,45,00,00,00,00,00,00,
89418873,00000118,false,Rx,1,4,00,46,00,00,00,00,00,00,
89429365,00000118,false,Rx,1,4,00,47,00,00,00,00,00,00,
89438882,00000118,false,Rx,1,4,00,48,00,00,00,00,00,00,
89449368,00000118,false,Rx,1,4,00,49,00,00,00,00,00,00,
89449908,17F0000F,true,Rx,1,8,00,0F,00,00,00,00,00,00,
89458889,00000118,false,Rx,1,4,00,4A,00,00,00,00,00,00,
89469367,00000118,false,Rx,1,4,00,4B,00,00,00,00,00,00,
89478880,00000118,false,Rx,1,4,00,4C,00,00,00,00,00,00,
89489121,00000118,false,Rx,1,4,00,4D,00,00,00,00,00,00,
89498879,00000118,false,Rx,1,4,00,4E,00,00,00,00,00,00,
89509120,00000118,false,Rx,1,4,00,4F,00,00,00,00,00,00,
89518888,00000118,false,Rx,1,4,00,40,00,00,00,00,00,00,
89529125,00000118,false,Rx,1,4,00,41,00,00,00,00,00,00,
89538880,00000118,false,Rx,1,4,00,42,00,00,00,00,00,00,
89549121,00000118,false,Rx,1,4,00,43,00,00,00,00,00,00,
89558880,00000118,false,Rx,1,4,00,44,00,00,00,00,00,00,
89569114,00000118,false,Rx,1,4,00,45,00,00,00,00,00,00,
89578874,00000118,false,Rx,1,4,00,46,00,00,00,00,00,00,
89581764,0000070F,false,Rx,0,8,03,22,02,8D,55,55,55,55,
89589126,00000118,false,Rx,1,4,00,47,00,00,00,00,00,00,
89598876,00000118,false,Rx,1,4,00,48,00,00,00,00,00,00,
89600092,00000779,false,Rx,1,8,05,62,02,8D,76,00,AA,AA,
89609124,00000118,false,Rx,1,4,00,49,00,00,00,00,00,00,
89618880,00000118,false,Rx,1,4,00,4A,00,00,00,00,00,00,
89629119,00000118,false,Rx,1,4,00,4B,00,00,00,00,00,00,
89638644,00000118,false,Rx,1,4,00,4C,00,00,00,00,00,00,
89649122,00000118,false,Rx,1,4,00,4D,00,00,00,00,00,00,
89658631,00000118,false,Rx,1,4,00,4E,00,00,00,00,00,00,
89669122,00000118,false,Rx,1,4,00,4F,00,00,00,00,00,00,
89678634,00000118,false,Rx,1,4,00,40,00,00,00,00,00,00,
89689126,00000118,false,Rx,1,4,00,41,00,00,00,00,00,00,
89698630,00000118,false,Rx,1,4,00,42,00,00,00,00,00,00,
89709121,00000118,false,Rx,1,4,00,43,00,00,00,00,00,00,
89718638,00000118,false,Rx,1,4,00,44,00,00,00,00,00,00,
89729119,00000118,false,Rx,1,4,00,45,00,00,00,00,00,00,
89738628,00000118,false,Rx,1,4,00,46,00,00,00,00,00,00,
89749123,00000118,false,Rx,1,4,00,47,00,00,00,00,00,00,
89758630,00000118,false,Rx,1,4,00,48,00,00,00,00,00,00,
89769108,00000118,false,Rx,1,4,00,49,00,00,00,00,00,00,
89778634,00000118,false,Rx,1,4,00,4A,00,00,00,00,00,00,
89788876,00000118,false,Rx,1,4,00,4B,00,00,00,00,00,00,
89798633,00000118,false,Rx,1,4,00,4C,00,00,00,00,00,00,
89808875,00000118,false,Rx,1,4,00,4D,00,00,00,00,00,00,
89818630,00000118,false,Rx,1,4,00,4E,00,00,00,00,00,00,
89829001,00000118,false,Rx,1,4,00,4F,00,00,00,00,00,00,
89842485,00000118,false,Rx,1,4,00,40,00,00,00,00,00,00,
89849176,00000118,false,Rx,1,4,00,41,00,00,00,00,00,00,
89858479,00000118,false,Rx,1,4,00,42,00,00,00,00,00,00,
89868897,00000118,false,Rx,1,4,00,43,00,00,00,00,00,00,
89878472,00000118,false,Rx,1,4,00,44,00,00,00,00,00,00,
89888755,00000118,false,Rx,1,4,00,45,00,00,00,00,00,00,
89898451,00000118,false,Rx,1,4,00,46,00,00,00,00,00,00,
89898644,0000070F,false,Rx,0,8,03,22,2B,F1,55,55,55,55,
89908764,00000118,false,Rx,1,4,00,47,00,00,00,00,00,00,
89918417,00000118,false,Rx,1,4,00,48,00,00,00,00,00,00,
89919718,00000779,false,Rx,1,8,05,62,2B,F1,9F,71,AA,AA,
89928751,00000118,false,Rx,1,4,00,49,00,00,00,00,00,00,
89938406,00000118,false,Rx,1,4,00,4A,00,00,00,00,00,00,
89948735,00000118,false,Rx,1,4,00,4B,00,00,00,00,00,00,
89949024,17F0000F,true,Rx,1,8,00,0F,00,00,00,00,00,00,
89958395,00000118,false,Rx,1,4,00,4C,00,00,00,00,00,00,
89969124,00000118,false,Rx,1,4,00,4D,00,00,00,00,00,00,
89978789,00000118,false,Rx,1,4,00,4E,00,00,00,00,00,00,
89989073,00000118,false,Rx,1,4,00,4F,00,00,00,00,00,00,
89998775,00000118,false,Rx,1,4,00,40,00,00,00,00,00,00,
90009058,00000118,false,Rx,1,4,00,41,00,00,00,00,00,00,
90018743,00000118,false,Rx,1,4,00,42,00,00,00,00,00,00,
90029062,00000118,false,Rx,1,4,00,43,00,00,00,00,00,00,
90038720,00000118,false,Rx,1,4,00,44,00,00,00,00,00,00,
90049054,00000118,false,Rx,1,4,00,45,00,00,00,00,00,00,
90058707,00000118,false,Rx,1,4,00,46,00,00,00,00,00,00,
90069046,00000118,false,Rx,1,4,00,47,00,00,00,00,00,00,
90078712,00000118,false,Rx,1,4,00,48,00,00,00,00,00,00,
90088991,00000118,false,Rx,1,4,00,49,00,00,00,00,00,00,
90098694,00000118,false,Rx,1,4,00,4A,00,00,00,00,00,00,
90108977,00000118,false,Rx,1,4,00,4B,00,00,00,00,00,00,
90118658,00000118,false,Rx,1,4,00,4C,00,00,00,00,00,00,
90128978,00000118,false,Rx,1,4,00,4D,00,00,00,00,00,00,
90138639,00000118,false,Rx,1,4,00,4E,00,00,00,00,00,00,
90148965,00000118,false,Rx,1,4,00,4F,00,00,00,00,00,00,
90158626,00000118,false,Rx,1,4,00,40,00,00,00,00,00,00,
90168964,00000118,false,Rx,1,4,00,41,00,00,00,00,00,00,
90178625,00000118,false,Rx,1,4,00,42,00,00,00,00,00,00,
90188910,00000118,false,Rx,1,4,00,43,00,00,00,00,00,00,
90198609,00000118,false,Rx,1,4,00,44,00,00,00,00,00,00,
90208895,00000118,false,Rx,1,4,00,45,00,00,00,00,00,00,
90216324,0000070F,false,Rx,0,8,03,22,2B,E4,55,55,55,55,
90218597,00000118,false,Rx,1,4,00,46,00,00,00,00,00,00,
90228896,00000118,false,Rx,1,4,00,47,00,00,00,00,00,00,
90231012,00000779,false,Rx,1,8,05,62,2B,E4,0D,63,AA,AA,
90238569,00000118,false,Rx,1,4,00,48,00,00,00,00,00,00,
90249280,00000118,false,Rx,1,4,00,49,00,00,00,00,00,00,
90258952,00000118,false,Rx,1,4,00,4A,00,00,00,00,00,00,
90269281,00000118,false,Rx,1,4,00,4B,00,00,00,00,00,00,
90278951,00000118,false,Rx,1,4,00,4C,00,00,00,00,00,00,
90289228,00000118,false,Rx,1,4,00,4D,00,00,00,00,00,00,
90298946,00000118,false,Rx,1,4,00,4E,00,00,00,00,00,00,
90309212,00000118,false,Rx,1,4,00,4F,00,00,00,00,00,00,
90318895,00000118,false,Rx,1,4,00,40,00,00,00,00,00,00,
90329264,00000118,false,Rx,1,4,00,41,00,00,00,00,00,00,
90345741,00000118,false,Rx,1,4,00,42,00,00,00,00,00,00,
90349207,00000118,false,Rx,1,4,00,43,00,00,00,00,00,00,
90359377,00000118,false,Rx,1,4,00,44,00,00,00,00,00,00,
90369706,00000118,false,Rx,1,4,00,45,00,00,00,00,00,00,
90379317,00000118,false,Rx,1,4,00,46,00,00,00,00,00,00,
90389582,00000118,false,Rx,1,4,00,47,00,00,00,00,00,00,
90399262,00000118,false,Rx,1,4,00,48,00,00,00,00,00,00,
90409579,00000118,false,Rx,1,4,00,49,00,00,00,00,00,00,
90419231,00000118,false,Rx,1,4,00,4A,00,00,00,00,00,00,
90429578,00000118,false,Rx,1,4,00,4B,00,00,00,00,00,00,
90439214,00000118,false,Rx,1,4,00,4C,00,00,00,00,00,00,
90449596,00000118,false,Rx,1,4,00,4D,00,00,00,00,00,00,
90450127,17F0000F,true,Rx,1,8,00,0F,00,00,00,00,00,00,
90459245,00000118,false,Rx,1,4,00,4E,00,00,00,00,00,00,
90469602,00000118,false,Rx,1,4,00,4F,00,00,00,00,00,00,
90479639,00000118,false,Rx,1,4,00,40,00,00,00,00,00,00,
90489866,00000118,false,Rx,1,4,00,41,00,00,00,00,00,00,
90499564,00000118,false,Rx,1,4,00,42,00,00,00,00,00,00,
90509849,00000118,false,Rx,1,4,00,43,00,00,00,00,00,00,
90519529,00000118,false,Rx,1,4,00,44,00,00,00,00,00,00,
90529188,0000070F,false,Rx,0,8,03,22,02,8D,55,55,55,55,
90529850,00000118,false,Rx,1,4,00,45,00,00,00,00,00,00,
90539535,00000118,false,Rx,1,4,00,46,00,00,00,00,00,00,
90549837,00000118,false,Rx,1,4,00,47,00,00,00,00,00,00,
90551950,00000779,false,Rx,1,8,05,62,02,8D,77,00,AA,AA,
90559537,00000118,false,Rx,1,4,00,48,00,00,00,00,00,00,
90569845,00000118,false,Rx,1,4,00,49,00,00,00,00,00,00,
90579540,00000118,false,Rx,1,4,00,4A,00,00,00,00,00,00,
90589786,00000118,false,Rx,1,4,00,4B,00,00,00,00,00,00,
90599484,00000118,false,Rx,1,4,00,4C,00,00,00,00,00,00,
90609766,00000118,false,Rx,1,4,00,4D,00,00,00,00,00,00,
90619448,00000118,false,Rx,1,4,00,4E,00,00,00,00,00,00,
90629769,00000118,false,Rx,1,4,00,4F,00,00,00,00,00,00,
90639433,00000118,false,Rx,1,4,00,40,00,00,00,00,00,00,
90649845,00000118,false,Rx,1,4,00,41,00,00,00,00,00,00,
90659451,00000118,false,Rx,1,4,00,42,00,00,00,00,00,00,
90669839,00000118,false,Rx,1,4,00,43,00,00,00,00,00,00,
90679474,00000118,false,Rx,1,4,00,44,00,00,00,00,00,00,
90689683,00000118,false,Rx,1,4,00,45,00,00,00,00,00,00,
90699416,00000118,false,Rx,1,4,00,46,00,00,00,00,00,00,
90709667,00000118,false,Rx,1,4,00,47,00,00,00,00,00,00,
90719382,00000118,false,Rx,1,4,00,48,00,00,00,00,00,00,
90729669,00000118,false,Rx,1,4,00,49,00,00,00,00,00,00,
90739369,00000118,false,Rx,1,4,00,4A,00,00,00,00,00,00,
90749836,00000118,false,Rx,1,4,00,4B,00,00,00,00,00,00,
90759372,00000118,false,Rx,1,4,00,4C,00,00,00,00,00,00,
90769814,00000118,false,Rx,1,4,00,4D,00,00,00,00,00,00,
90779391,00000118,false,Rx,1,4,00,4E,00,00,00,00,00,00,
90789602,00000118,false,Rx,1,4,00,4F,00,00,00,00,00,00,
90799339,00000118,false,Rx,1,4,00,40,00,00,00,00,00,00,
90809592,00000118,false,Rx,1,4,00,41,00,00,00,00,00,00,
90819303,00000118,false,Rx,1,4,00,42,00,00,00,00,00,00,
90829573,00000118,false,Rx,1,4,00,43,00,00,00,00,00,00,
90839297,00000118,false,Rx,1,4,00,44,00,00,00,00,00,00,
90849680,00000118,false,Rx,1,4,00,45,00,00,00,00,00,00,
90853962,0000070F,false,Rx,0,8,03,22,2B,F1,55,55,55,55,
90859368,00000118,false,Rx,1,4,00,46,00,00,00,00,00,00,
90869891,00000118,false,Rx,1,4,00,47,00,00,00,00,00,00,
90871776,00000779,false,Rx,1,8,05,62,2B,F1,F9,71,AA,AA,
90879369,00000118,false,Rx,1,4,00,48,00,00,00,00,00,00,
90889951,00000118,false,Rx,1,4,00,49,00,00,00,00,00,00,
90899620,00000118,false,Rx,1,4,00,4A,00,00,00,00,00,00,
90909943,00000118,false,Rx,1,4,00,4B,00,00,00,00,00,00,
90919612,00000118,false,Rx,1,4,00,4C,00,00,00,00,00,00,
90929904,00000118,false,Rx,1,4,00,4D,00,00,00,00,00,00,
90939612,00000118,false,Rx,1,4,00,4E,00,00,00,00,00,00,
90949907,00000118,false,Rx,1,4,00,4F,00,00,00,00,00,00,
90950203,17F0000F,true,Rx,1,8,00,0F,00,00,00,00,00,00,
90959618,00000118,false,Rx,1,4,00,40,00,00,00,00,00,00,
90970101,00000118,false,Rx,1,4,00,41,00,00,00,00,00,00,
90979619,00000118,false,Rx,1,4,00,42,00,00,00,00,00,00,
90989856,00000118,false,Rx,1,4,00,43,00,00,00,00,00,00,
90999614,00000118,false,Rx,1,4,00,44,00,00,00,00,00,00,
91009870,00000118,false,Rx,1,4,00,45,00,00,00,00,00,00,
91019629,00000118,false,Rx,1,4,00,46,00,00,00,00,00,00,
91029863,00000118,false,Rx,1,4,00,47,00,00,00,00,00,00,
91039612,00000118,false,Rx,1,4,00,48,00,00,00,00,00,00,
91049868,00000118,false,Rx,1,4,00,49,00,00,00,00,00,00,
91059624,00000118,false,Rx,1,4,00,4A,00,00,00,00,00,00,
91069864,00000118,false,Rx,1,4,00,4B,00,00,00,00,00,00,
91079635,00000118,false,Rx,1,4,00,4C,00,00,00,00,00,00,
91089855,00000118,false,Rx,1,4,00,4D,00,00,00,00,00,00,
91099613,00000118,false,Rx,1,4,00,4E,00,00,00,00,00,00,
91109852,00000118,false,Rx,1,4,00,4F,00,00,00,00,00,00,
91119614,00000118,false,Rx,1,4,00,40,00,00,00,00,00,00,
91129858,00000118,false,Rx,1,4,00,41,00,00,00,00,00,00,
91139625,00000118,false,Rx,1,4,00,42,00,00,00,00,00,00,
91149847,00000118,false,Rx,1,4,00,43,00,00,00,00,00,00,
91159614,00000118,false,Rx,1,4,00,44,00,00,00,00,00,00,
91169855,00000118,false,Rx,1,4,00,45,00,00,00,00,00,00,
91172279,0000070F,false,Rx,0,8,03,22,2B,E4,55,55,55,55,
91179611,00000118,false,Rx,1,4,00,46,00,00,00,00,00,00,
91189862,00000118,false,Rx,1,4,00,47,00,00,00,00,00,00,
91191817,00000779,false,Rx,1,8,05,62,2B,E4,0D,63,AA,AA,
91199367,00000118,false,Rx,1,4,00,48,00,00,00,00,00,00,
91209868,00000118,false,Rx,1,4,00,49,00,00,00,00,00,00,
91219371,00000118,false,Rx,1,4,00,4A,00,00,00,00,00,00,
91229859,00000118,false,Rx,1,4,00,4B,00,00,00,00,00,00,
91239368,00000118,false,Rx,1,4,00,4C,00,00,00,00,00,00,
91249852,00000118,false,Rx,1,4,00,4D,00,00,00,00,00,00,
91259367,00000118,false,Rx,1,4,00,4E,00,00,00,00,00,00,
91269856,00000118,false,Rx,1,4,00,4F,00,00,00,00,00,00,
91279370,00000118,false,Rx,1,4,00,40,00,00,00,00,00,00,
91289614,00000118,false,Rx,1,4,00,41,00,00,00,00,00,00,
91299369,00000118,false,Rx,1,4,00,42,00,00,00,00,00,00,
91309601,00000118,false,Rx,1,4,00,43,00,00,00,00,00,00,
91319364,00000118,false,Rx,1,4,00,44,00,00,00,00,00,00,
91329687,00000118,false,Rx,1,4,00,45,00,00,00,00,00,00,
91345320,00000118,false,Rx,1,4,00,46,00,00,00,00,00,00,
91349633,00000118,false,Rx,1,4,00,47,00,00,00,00,00,00,
91359428,00000118,false,Rx,1,4,00,48,00,00,00,00,00,00,
91369590,00000118,false,Rx,1,4,00,49,00,00,00,00,00,00,
91379466,00000118,false,Rx,1,4,00,4A,00,00,00,00,00,00,
91389577,00000118,false,Rx,1,4,00,4B,00,00,00,00,00,00,
91399371,00000118,false,Rx,1,4,00,4C,00,00,00,00,00,00,
91409568,00000118,false,Rx,1,4,00,4D,00,00,00,00,00,00,
91419366,00000118,false,Rx,1,4,00,4E,00,00,00,00,00,00,
91429573,00000118,false,Rx,1,4,00,4F,00,00,00,00,00,00,
91439367,00000118,false,Rx,1,4,00,40,00,00,00,00,00,00,
91449584,00000118,false,Rx,1,4,00,41,00,00,00,00,00,00,
91450122,17F0000F,true,Rx,1,8,00,0F,00,00,00,00,00,00,
91459370,00000118,false,Rx,1,4,00,42,00,00,00,00,00,00,
91469820,00000118,false,Rx,1,4,00,43,00,00,00,00,00,00,
91479613,00000118,false,Rx,1,4,00,44,00,00,00,00,00,00,
91490067,00000118,false,Rx,1,4,00,45,00,00,00,00,00,00,
91499610,00000118,false,Rx,1,4,00,46,00,00,00,00,00,00,
91503979,0000070F,false,Rx,0,8,03,22,02,8D,55,55,55,55,
91510074,00000118,false,Rx,1,4,00,47,00,00,00,00,00,00,
91519622,00000118,false,Rx,1,4,00,48,00,00,00,00,00,00,
91520816,00000779,false,Rx,1,8,05,62,02,8D,78,00,AA,AA,
91529825,00000118,false,Rx,1,4,00,49,00,00,00,00,00,00,
91539621,00000118,false,Rx,1,4,00,4A,00,00,00,00,00,00,
91549826,00000118,false,Rx,1,4,00,4B,00,00,00,00,00,00,
91559882,00000118,false,Rx,1,4,00,4C,00,00,00,00,00,00,
91570327,00000118,false,Rx,1,4,00,4D,00,00,00,00,00,00,
91579902,00000118,false,Rx,1,4,00,4E,00,00,00,00,00,00,
91590319,00000118,false,Rx,1,4,00,4F,00,00,00,00,00,00,
91600267,00000118,false,Rx,1,4,00,40,00,00,00,00,00,00,
91610547,00000118,false,Rx,1,4,00,41,00,00,00,00,00,00,
91620230,00000118,false,Rx,1,4,00,42,00,00,00,00,00,00,
91630547,00000118,false,Rx,1,4,00,43,00,00,00,00,00,00,
91640214,00000118,false,Rx,1,4,00,44,00,00,00,00,00,00,
91650573,00000118,false,Rx,1,4,00,45,00,00,00,00,00,00,
91660197,00000118,false,Rx,1,4,00,46,00,00,00,00,00,00,
91670554,00000118,false,Rx,1,4,00,47,00,00,00,00,00,00,
91680199,00000118,false,Rx,1,4,00,48,00,00,00,00,00,00,
91690481,00000118,false,Rx,1,4,00,49,00,00,00,00,00,00,
91700186,00000118,false,Rx,1,4,00,4A,00,00,00,00,00,00,
91710465,00000118,false,Rx,1,4,00,4B,00,00,00,00,00,00,
91720152,00000118,false,Rx,1,4,00,4C,00,00,00,00,00,00,
91730465,00000118,false,Rx,1,4,00,4D,00,00,00,00,00,00,
91740133,00000118,false,Rx,1,4,00,4E,00,00,00,00,00,00,
91750556,00000118,false,Rx,1,4,00,4F,00,00,00,00,00,00,
91760119,00000118,false,Rx,1,4,00,40,00,00,00,00,00,00,
91770565,00000118,false,Rx,1,4,00,41,00,00,00,00,00,00,
91780119,00000118,false,Rx,1,4,00,42,00,00,00,00,00,00,
91790400,00000118,false,Rx,1,4,00,43,00,00,00,00,00,00,
91800103,00000118,false,Rx,1,4,00,44,00,00,00,00,00,00,
91810383,00000118,false,Rx,1,4,00,45,00,00,00,00,00,00,
91820066,00000118,false,Rx,1,4,00,46,00,00,00,00,00,00,
91821249,0000070F,false,Rx,0,8,03,22,2B,F1,55,55,55,55,
91830417,00000118,false,Rx,1,4,00,47,00,00,00,00,00,00,
91840117,00000118,false,Rx,1,4,00,48,00,00,00,00,00,00,
91841384,00000779,false,Rx,1,8,05,62,2B,F1,2B,72,AA,AA,
91850414,00000118,false,Rx,1,4,00,49,00,00,00,00,00,00,
91860040,00000118,false,Rx,1,4,00,4A,00,00,00,00,00,00,
91870631,00000118,false,Rx,1,4,00,4B,00,00,00,00,00,00,
91880042,00000118,false,Rx,1,4,00,4C,00,00,00,00,00,00,
91890407,00000118,false,Rx,1,4,00,4D,00,00,00,00,00,00,
91900025,00000118,false,Rx,1,4,00,4E,00,00,00,00,00,00,
91910378,00000118,false,Rx,1,4,00,4F,00,00,00,00,00,00,
91919989,00000118,false,Rx,1,4,00,40,00,00,00,00,00,00,
91930379,00000118,false,Rx,1,4,00,41,00,00,00,00,00,00,
91939970,00000118,false,Rx,1,4,00,42,00,00,00,00,00,00,
91950379,00000118,false,Rx,1,4,00,43,00,00,00,00,00,00,
91951032,17F0000F,true,Rx,1,8,00,0F,00,00,00,00,00,00,
91959967,00000118,false,Rx,1,4,00,44,00,00,00,00,00,00,
91970882,00000118,false,Rx,1,4,00,45,00,00,00,00,00,00,
91980376,00000118,false,Rx,1,4,00,46,00,00,00,00,00,00,
91990874,00000118,false,Rx,1,4,00,47,00,00,00,00,00,00,
92000380,00000118,false,Rx,1,4,00,48,00,00,00,00,00,00,
92010629,00000118,false,Rx,1,4,00,49,00,00,00,00,00,00,
92020395,00000118,false,Rx,1,4,00,4A,00,00,00,00,00,00,
92030632,00000118,false,Rx,1,4,00,4B,00,00,00,00,00,00,
92040382,00000118,false,Rx,1,4,00,4C,00,00,00,00,00,00,
92050702,00000118,false,Rx,1,4,00,4D,00,00,00,00,00,00,
92060380,00000118,false,Rx,1,4,00,4E,00,00,00,00,00,00,
92070630,00000118,false,Rx,1,4,00,4F,00,00,00,00,00,00,
92080383,00000118,false,Rx,1,4,00,40,00,00,00,00,00,00,
92090631,00000118,false,Rx,1,4,00,41,00,00,00,00,00,00,
92100397,00000118,false,Rx,1,4,00,42,00,00,00,00,00,00,
92110629,00000118,false,Rx,1,4,00,43,00,00,00,00,00,00,
92120379,00000118,false,Rx,1,4,00,44,00,00,00,00,00,00,
92130629,00000118,false,Rx,1,4,00,45,00,00,00,00,00,00,
92139665,0000070F,false,Rx,0,8,03,22,2B,E4,55,55,55,55,
92140388,00000118,false,Rx,1,4,00,46,00,00,00,00,00,00,
92150658,00000118,false,Rx,1,4,00,47,00,00,00,00,00,00,
92160377,00000118,false,Rx,1,4,00,48,00,00,00,00,00,00,
92161584,00000779,false,Rx,1,8,05,62,2B,E4,71,63,AA,AA,
92170630,00000118,false,Rx,1,4,00,49,00,00,00,00,00,00,
92180382,00000118,false,Rx,1,4,00,4A,00,00,00,00,00,00,
92190631,00000118,false,Rx,1,4,00,4B,00,00,00,00,00,00,
92200386,00000118,false,Rx,1,4,00,4C,00,00,00,00,00,00,
92210636,00000118,false,Rx,1,4,00,4D,00,00,00,00,00,00,
92220380,00000118,false,Rx,1,4,00,4E,00,00,00,00,00,00,
92230638,00000118,false,Rx,1,4,00,4F,00,00,00,00,00,00,
92240128,00000118,false,Rx,1,4,00,40,00,00,00,00,00,00,
92250631,00000118,false,Rx,1,4,00,41,00,00,00,00,00,00,
92260110,00000118,false,Rx,1,4,00,42,00,00,00,00,00,00,
92270630,00000118,false,Rx,1,4,00,43,00,00,00,00,00,00,
92280113,00000118,false,Rx,1,4,00,44,00,00,00,00,00,00,
92290628,00000118,false,Rx,1,4,00,45,00,00,00,00,00,00,
92300095,00000118,false,Rx,1,4,00,46,00,00,00,00,00,00,
92310381,00000118,false,Rx,1,4,00,47,00,00,00,00,00,00,
92320059,00000118,false,Rx,1,4,00,48,00,00,00,00,00,00,
92330431,00000118,false,Rx,1,4,00,49,00,00,00,00,00,00,
92340085,00000118,false,Rx,1,4,00,4A,00,00,00,00,00,00,
92350386,00000118,false,Rx,1,4,00,4B,00,00,00,00,00,00,
92360124,00000118,false,Rx,1,4,00,4C,00,00,00,00,00,00,
92370358,00000118,false,Rx,1,4,00,4D,00,00,00,00,00,00,
92380104,00000118,false,Rx,1,4,00,4E,00,00,00,00,00,00,
92390332,00000118,false,Rx,1,4,00,4F,00,00,00,00,00,00,
92400097,00000118,false,Rx,1,4,00,40,00,00,00,00,00,00,
92410333,00000118,false,Rx,1,4,00,41,00,00,00,00,00,00,
92420036,00000118,false,Rx,1,4,00,42,00,00,00,00,00,00,
92430340,00000118,false,Rx,1,4,00,43,00,00,00,00,00,00,
92440037,00000118,false,Rx,1,4,00,44,00,00,00,00,00,00,
92450337,00000118,false,Rx,1,4,00,45,00,00,00,00,00,00,
92450873,17F0000F,true,Rx,1,8,00,0F,00,00,00,00,00,00,
92460045,00000118,false,Rx,1,4,00,46,00,00,00,00,00,00,
92470344,00000118,false,Rx,1,4,00,47,00,00,00,00,00,00,
92471936,0000070F,false,Rx,0,8,03,22,02,8D,55,55,55,55,
92480045,00000118,false,Rx,1,4,00,48,00,00,00,00,00,00,
92490338,00000118,false,Rx,1,4,00,49,00,00,00,00,00,00,
92492280,00000779,false,Rx,1,8,05,62,02,8D,79,00,AA,AA,
92500116,00000118,false,Rx,1,4,00,4A,00,00,00,00,00,00,
92510584,00000118,false,Rx,1,4,00,4B,00,00,00,00,00,00,
92520362,00000118,false,Rx,1,4,00,4C,00,00,00,00,00,00,
92530575,00000118,false,Rx,1,4,00,4D,00,00,00,00,00,00,
92540339,00000118,false,Rx,1,4,00,4E,00,00,00,00,00,00,
92550575,00000118,false,Rx,1,4,00,4F,00,00,00,00,00,00,
92560745,00000118,false,Rx,1,4,00,40,00,00,00,00,00,00,
92571074,00000118,false,Rx,1,4,00,41,00,00,00,00,00,00,
92580742,00000118,false,Rx,1,4,00,42,00,00,00,00,00,00,
92591070,00000118,false,Rx,1,4,00,43,00,00,00,00,00,00,
92600688,00000118,false,Rx,1,4,00,44,00,00,00,00,00,00,
92611087,00000118,false,Rx,1,4,00,45,00,00,00,00,00,00,
92620655,00000118,false,Rx,1,4,00,46,00,00,00,00,00,00,
92631063,00000118,false,Rx,1,4,00,47,00,00,00,00,00,00,
92640637,00000118,false,Rx,1,4,00,48,00,00,00,00,00,00,
92651057,00000118,false,Rx,1,4,00,49,00,00,00,00,00,00,
92660643,00000118,false,Rx,1,4,00,4A,00,00,00,00,00,00,
92670846,00000118,false,Rx,1,4,00,4B,00,00,00,00,00,00,
92680662,00000118,false,Rx,1,4,00,4C,00,00,00,00,00,00,
92691059,00000118,false,Rx,1,4,00,4D,00,00,00,00,00,00,
92700609,00000118,false,Rx,1,4,00,4E,00,00,00,00,00,00,
92710815,00000118,false,Rx,1,4,00,4F,00,00,00,00,00,00,
92720575,00000118,false,Rx,1,4,00,40,00,00,00,00,00,00,
92731053,00000118,false,Rx,1,4,00,41,00,00,00,00,00,00,
92740558,00000118,false,Rx,1,4,00,42,00,00,00,00,00,00,
92750820,00000118,false,Rx,1,4,00,43,00,00,00,00,00,00,
92760560,00000118,false,Rx,1,4,00,44,00,00,00,00,00,00,
92770824,00000118,false,Rx,1,4,00,45,00,00,00,00,00,00,
92780579,00000118,false,Rx,1,4,00,46,00,00,00,00,00,00,
92790411,0000070F,false,Rx,0,8,03,22,2B,F1,55,55,55,55,
92790819,00000118,false,Rx,1,4,00,47,00,00,00,00,00,00,
92800549,00000118,false,Rx,1,4,00,48,00,00,00,00,00,00,
92810824,00000118,false,Rx,1,4,00,49,00,00,00,00,00,00,
92812882,00000779,false,Rx,1,8,05,62,2B,F1,8F,72,AA,AA,
92820555,00000118,false,Rx,1,4,00,4A,00,00,00,00,00,00,
92830700,00000118,false,Rx,1,4,00,4B,00,00,00,00,00,00,
92840453,00000118,false,Rx,1,4,00,4C,00,00,00,00,00,00,
92850772,00000118,false,Rx,1,4,00,4D,00,00,00,00,00,00,
92860623,00000118,false,Rx,1,4,00,4E,00,00,00,00,00,00,
92870862,00000118,false,Rx,1,4,00,4F,00,00,00,00,00,00,
92880621,00000118,false,Rx,1,4,00,40,00,00,00,00,00,00,
92890724,00000118,false,Rx,1,4,00,41,00,00,00,00,00,00,
92900617,00000118,false,Rx,1,4,00,42,00,00,00,00,00,00,
92910686,00000118,false,Rx,1,4,00,43,00,00,00,00,00,00,
92920635,00000118,false,Rx,1,4,00,44,00,00,00,00,00,00,
92930670,00000118,false,Rx,1,4,00,45,00,00,00,00,00,00,
92940374,00000118,false,Rx,1,4,00,46,00,00,00,00,00,00,
92950673,00000118,false,Rx,1,4,00,47,00,00,00,00,00,00,
92951042,17F0000F,true,Rx,1,8,00,0F,00,00,00,00,00,00,
92960370,00000118,false,Rx,1,4,00,48,00,00,00,00,00,00,
92971091,00000118,false,Rx,1,4,00,49,00,00,00,00,00,00,
92980859,00000118,false,Rx,1,4,00,4A,00,00,00,00,00,00,
92991025,00000118,false,Rx,1,4,00,4B,00,00,00,00,00,00,
93000858,00000118,false,Rx,1,4,00,4C,00,00,00,00,00,00,
93010987,00000118,false,Rx,1,4,00,4D,00,00,00,00,00,00,
93021356,00000118,false,Rx,1,4,00,4E,00,00,00,00,00,00,
93031353,00000118,false,Rx,1,4,00,4F,00,00,00,00,00,00,
93041344,00000118,false,Rx,1,4,00,40,00,00,00,00,00,00,
93051358,00000118,false,Rx,1,4,00,41,00,00,00,00,00,00,
93061594,00000118,false,Rx,1,4,00,42,00,00,00,00,00,00,
93071755,00000118,false,Rx,1,4,00,43,00,00,00,00,00,00,
93081935,00000118,false,Rx,1,4,00,44,00,00,00,00,00,00,
93092084,00000118,false,Rx,1,4,00,45,00,00,00,00,00,00,
93101897,00000118,false,Rx,1,4,00,46,00,00,00,00,00,00,
93112049,00000118,false,Rx,1,4,00,47,00,00,00,00,00,00,
93114256,0000070F,false,Rx,0,8,03,22,2B,E4,55,55,55,55,
93121953,00000118,false,Rx,1,4,00,48,00,00,00,00,00,00,
93132036,00000118,false,Rx,1,4,00,49,00,00,00,00,00,00,
93134155,00000779,false,Rx,1,8,05,62,2B,E4,71,63,AA,AA,
93141880,00000118,false,Rx,1,4,00,4A,00,00,00,00,00,00,
93152438,00000118,false,Rx,1,4,00,4B,00,00,00,00,00,00,
93162252,00000118,false,Rx,1,4,00,4C,00,00,00,00,00,00,
93172455,00000118,false,Rx,1,4,00,4D,00,00,00,00,00,00,
93182235,00000118,false,Rx,1,4,00,4E,00,00,00,00,00,00,
93192403,00000118,false,Rx,1,4,00,4F,00,00,00,00,00,00,
93202619,00000118,false,Rx,1,4,00,40,00,00,00,00,00,00,
93212769,00000118,false,Rx,1,4,00,41,00,00,00,00,00,00,
93222620,00000118,false,Rx,1,4,00,42,00,00,00,00,00,00,
93232753,00000118,false,Rx,1,4,00,43,00,00,00,00,00,00,
93242603,00000118,false,Rx,1,4,00,44,00,00,00,00,00,00,
93252735,00000118,false,Rx,1,4,00,45,00,00,00,00,00,00,
93262567,00000118,false,Rx,1,4,00,46,00,00,00,00,00,00,
93272773,00000118,false,Rx,1,4,00,47,00,00,00,00,00,00,
93282551,00000118,false,Rx,1,4,00,48,00,00,00,00,00,00,
93292722,00000118,false,Rx,1,4,00,49,00,00,00,00,00,00,
93302950,00000118,false,Rx,1,4,00,4A,00,00,00,00,00,00,
93313089,00000118,false,Rx,1,4,00,4B,00,00,00,00,00,00,
93322994,00000118,false,Rx,1,4,00,4C,00,00,00,00,00,00,
93333093,00000118,false,Rx,1,4,00,4D,00,00,00,00,00,00,
93342880,00000118,false,Rx,1,4,00,4E,00,00,00,00,00,00,
93353171,00000118,false,Rx,1,4,00,4F,00,00,00,00,00,00,
93362818,00000118,false,Rx,1,4,00,40,00,00,00,00,00,00,
93373168,00000118,false,Rx,1,4,00,41,00,00,00,00,00,00,
93382798,00000118,false,Rx,1,4,00,42,00,00,00,00,00,00,
93393094,00000118,false,Rx,1,4,00,43,00,00,00,00,00,00,
93402801,00000118,false,Rx,1,4,00,44,00,00,00,00,00,00,
93413079,00000118,false,Rx,1,4,00,45,00,00,00,00,00,00,
93422783,00000118,false,Rx,1,4,00,46,00,00,00,00,00,00,
93433073,00000118,false,Rx,1,4,00,47,00,00,00,00,00,00,
93439481,0000070F,false,Rx,0,8,03,22,02,8D,55,55,55,55,
93442772,00000118,false,Rx,1,4,00,48,00,00,00,00,00,00,
93453066,00000118,false,Rx,1,4,00,49,00,00,00,00,00,00,
93453363,17F0000F,true,Rx,1,8,00,0F,00,00,00,00,00,00,
93455199,00000779,false,Rx,1,8,05,62,02,8D,7A,00,AA,AA,
93462753,00000118,false,Rx,1,4,00,4A,00,00,00,00,00,00,
93473086,00000118,false,Rx,1,4,00,4B,00,00,00,00,00,00,
93482719,00000118,false,Rx,1,4,00,4C,00,00,00,00,00,00,
93493013,00000118,false,Rx,1,4,00,4D,00,00,00,00,00,00,
93502718,00000118,false,Rx,1,4,00,4E,00,00,00,00,00,00,
93512999,00000118,false,Rx,1,4,00,4F,00,00,00,00,00,00,
93522709,00000118,false,Rx,1,4,00,40,00,00,00,00,00,00,
93532991,00000118,false,Rx,1,4,00,41,00,00,00,00,00,00,
93542667,00000118,false,Rx,1,4,00,42,00,00,00,00,00,00,
93552984,00000118,false,Rx,1,4,00,43,00,00,00,00,00,00,
93562652,00000118,false,Rx,1,4,00,44,00,00,00,00,00,00,
93573006,00000118,false,Rx,1,4,00,45,00,00,00,00,00,00,
93582634,00000118,false,Rx,1,4,00,46,00,00,00,00,00,00,
93592952,00000118,false,Rx,1,4,00,47,00,00,00,00,00,00,
93602636,00000118,false,Rx,1,4,00,48,00,00,00,00,00,00,
93612937,00000118,false,Rx,1,4,00,49,00,00,00,00,00,00,
93622625,00000118,false,Rx,1,4,00,4A,00,00,00,00,00,00,
93632912,00000118,false,Rx,1,4,00,4B,00,00,00,00,00,00,
93642588,00000118,false,Rx,1,4,00,4C,00,00,00,00,00,00,
93652903,00000118,false,Rx,1,4,00,4D,00,00,00,00,00,00,
93662569,00000118,false,Rx,1,4,00,4E,00,00,00,00,00,00,
93672941,00000118,false,Rx,1,4,00,4F,00,00,00,00,00,00,
93682557,00000118,false,Rx,1,4,00,40,00,00,00,00,00,00,
93692854,00000118,false,Rx,1,4,00,41,00,00,00,00,00,00,
93702557,00000118,false,Rx,1,4,00,42,00,00,00,00,00,00,
93712835,00000118,false,Rx,1,4,00,43,00,00,00,00,00,00,
93722540,00000118,false,Rx,1,4,00,44,00,00,00,00,00,00,
93732820,00000118,false,Rx,1,4,00,45,00,00,00,00,00,00,
93742506,00000118,false,Rx,1,4,00,46,00,00,00,00,00,00,
93752823,00000118,false,Rx,1,4,00,47,00,00,00,00,00,00,
93756674,0000070F,false,Rx,0,8,03,22,2B,F1,55,55,55,55,
93762512,00000118,false,Rx,1,4,00,48,00,00,00,00,00,00,
93772841,00000118,false,Rx,1,4,00,49,00,00,00,00,00,00,
93774965,00000779,false,Rx,1,8,05,62,2B,F1,F3,72,AA,AA,
93782486,00000118,false,Rx,1,4,00,4A,00,00,00,00,00,00,
93793372,00000118,false,Rx,1,4,00,4B,00,00,00,00,00,00,
93802879,00000118,false,Rx,1,4,00,4C,00,00,00,00,00,00,
93813154,00000118,false,Rx,1,4,00,4D,00,00,00,00,00,00,
93822897,00000118,false,Rx,1,4,00,4E,00,00,00,00,00,00,
93840124,00000118,false,Rx,1,4,00,4F,00,00,00,00,00,00,
93842855,00000118,false,Rx,1,4,00,40,00,00,00,00,00,00,
93853161,00000118,false,Rx,1,4,00,41,00,00,00,00,00,00,
93863049,00000118,false,Rx,1,4,00,42,00,00,00,00,00,00,
93873231,00000118,false,Rx,1,4,00,43,00,00,00,00,00,00,
93882792,00000118,false,Rx,1,4,00,44,00,00,00,00,00,00,
93893090,00000118,false,Rx,1,4,00,45,00,00,00,00,00,00,
93902794,00000118,false,Rx,1,4,00,46,00,00,00,00,00,00,
93913074,00000118,false,Rx,1,4,00,47,00,00,00,00,00,00,
93922777,00000118,false,Rx,1,4,00,48,00,00,00,00,00,00,
93933057,00000118,false,Rx,1,4,00,49,00,00,00,00,00,00,
93942759,00000118,false,Rx,1,4,00,4A,00,00,00,00,00,00,
93953077,00000118,false,Rx,1,4,00,4B,00,00,00,00,00,00,
93953359,17F0000F,true,Rx,1,8,00,0F,00,00,00,00,00,00,
93962737,00000118,false,Rx,1,4,00,4C,00,00,00,00,00,00,
93973481,00000118,false,Rx,1,4,00,4D,00,00,00,00,00,00,
93983112,00000118,false,Rx,1,4,00,4E,00,00,00,00,00,00,
93993410,00000118,false,Rx,1,4,00,4F,00,00,00,00,00,00,
94003116,00000118,false,Rx,1,4,00,40,00,00,00,00,00,00,
94013394,00000118,false,Rx,1,4,00,41,00,00,00,00,00,00,
94023101,00000118,false,Rx,1,4,00,42,00,00,00,00,00,00,
94033375,00000118,false,Rx,1,4,00,43,00,00,00,00,00,00,
94043068,00000118,false,Rx,1,4,00,44,00,00,00,00,00,00,
94053384,00000118,false,Rx,1,4,00,45,00,00,00,00,00,00,
94063045,00000118,false,Rx,1,4,00,46,00,00,00,00,00,00,
94071846,0000070F,false,Rx,0,8,03,22,2B,E4,55,55,55,55,
94073423,00000118,false,Rx,1,4,00,47,00,00,00,00,00,00,
94083029,00000118,false,Rx,1,4,00,48,00,00,00,00,00,00,
94084459,00000779,false,Rx,1,8,05,62,2B,E4,71,63,AA,AA,
94093371,00000118,false,Rx,1,4,00,49,00,00,00,00,00,00,
94103036,00000118,false,Rx,1,4,00,4A,00,00,00,00,00,00,
94113313,00000118,false,Rx,1,4,00,4B,00,00,00,00,00,00,
94123019,00000118,false,Rx,1,4,00,4C,00,00,00,00,00,00,
94133295,00000118,false,Rx,1,4,00,4D,00,00,00,00,00,00,
94142990,00000118,false,Rx,1,4,00,4E,00,00,00,00,00,00,
94153302,00000118,false,Rx,1,4,00,4F,00,00,00,00,00,00,
94162968,00000118,false,Rx,1,4,00,40,00,00,00,00,00,00,
94173319,00000118,false,Rx,1,4,00,41,00,00,00,00,00,00,
94182952,00000118,false,Rx,1,4,00,42,00,00,00,00,00,00,
94193369,00000118,false,Rx,1,4,00,43,00,00,00,00,00,00,
94202952,00000118,false,Rx,1,4,00,44,00,00,00,00,00,00,
94213230,00000118,false,Rx,1,4,00,45,00,00,00,00,00,00,
94222950,00000118,false,Rx,1,4,00,46,00,00,00,00,00,00,
94233215,00000118,false,Rx,1,4,00,47,00,00,00,00,00,00,
94242898,00000118,false,Rx,1,4,00,48,00,00,00,00,00,00,
94253219,00000118,false,Rx,1,4,00,49,00,00,00,00,00,00,
94262888,00000118,false,Rx,1,4,00,4A,00,00,00,00,00,00,
94273239,00000118,false,Rx,1,4,00,4B,00,00,00,00,00,00,
94282870,00000118,false,Rx,1,4,00,4C,00,00,00,00,00,00,
94293370,00000118,false,Rx,1,4,00,4D,00,00,00,00,00,00,
94302871,00000118,false,Rx,1,4,00,4E,00,00,00,00,00,00,
94313150,00000118,false,Rx,1,4,00,4F,00,00,00,00,00,00,
94322864,00000118,false,Rx,1,4,00,40,00,00,00,00,00,00,
94333161,00000118,false,Rx,1,4,00,41,00,00,00,00,00,00,
94343445,00000118,false,Rx,1,4,00,42,00,00,00,00,00,00,
94353191,00000118,false,Rx,1,4,00,43,00,00,00,00,00,00,
94362806,00000118,false,Rx,1,4,00,44,00,00,00,00,00,00,
94373388,00000118,false,Rx,1,4,00,45,00,00,00,00,00,00,
94382787,00000118,false,Rx,1,4,00,46,00,00,00,00,00,00,
94389769,0000070F,false,Rx,0,8,03,22,02,8D,55,55,55,55,
94393109,00000118,false,Rx,1,4,00,47,00,00,00,00,00,00,
94402788,00000118,false,Rx,1,4,00,48,00,00,00,00,00,00,
94404199,00000779,false,Rx,1,8,05,62,02,8D,7A,00,AA,AA,
94413081,00000118,false,Rx,1,4,00,49,00,00,00,00,00,00,
94422777,00000118,false,Rx,1,4,00,4A,00,00,00,00,00,00,
94433056,00000118,false,Rx,1,4,00,4B,00,00,00,00,00,00,
94442741,00000118,false,Rx,1,4,00,4C,00,00,00,00,00,00,
94453082,00000118,false,Rx,1,4,00,4D,00,00,00,00,00,00,
94453598,17F0000F,true,Rx,1,8,00,0F,00,00,00,00,00,00,
94462731,00000118,false,Rx,1,4,00,4E,00,00,00,00,00,00,
94473630,00000118,false,Rx,1,4,00,4F,00,00,00,00,00,00,
94483109,00000118,false,Rx,1,4,00,40,00,00,00,00,00,00,
94493630,00000118,false,Rx,1,4,00,41,00,00,00,00,00,00,
94503110,00000118,false,Rx,1,4,00,42,00,00,00,00,00,00,
94513630,00000118,false,Rx,1,4,00,43,00,00,00,00,00,00,
94523099,00000118,false,Rx,1,4,00,44,00,00,00,00,00,00,
94533378,00000118,false,Rx,1,4,00,45,00,00,00,00,00,00,
94543057,00000118,false,Rx,1,4,00,46,00,00,00,00,00,00,
94553382,00000118,false,Rx,1,4,00,47,00,00,00,00,00,00,
94563049,00000118,false,Rx,1,4,00,48,00,00,00,00,00,00,
94573630,00000118,false,Rx,1,4,00,49,00,00,00,00,00,00,
94583029,00000118,false,Rx,1,4,00,4A,00,00,00,00,00,00,
94593379,00000118,false,Rx,1,4,00,4B,00,00,00,00,00,00,
94603032,00000118,false,Rx,1,4,00,4C,00,00,00,00,00,00,
94613376,00000118,false,Rx,1,4,00,4D,00,00,00,00,00,00,
94623014,00000118,false,Rx,1,4,00,4E,00,00,00,00,00,00,
94633384,00000118,false,Rx,1,4,00,4F,00,00,00,00,00,00,
94642979,00000118,false,Rx,1,4,00,40,00,00,00,00,00,00,
94653400,00000118,false,Rx,1,4,00,41,00,00,00,00,00,00,
94662968,00000118,false,Rx,1,4,00,42,00,00,00,00,00,00,
94673377,00000118,false,Rx,1,4,00,43,00,00,00,00,00,00,
94682951,00000118,false,Rx,1,4,00,44,00,00,00,00,00,00,
94693377,00000118,false,Rx,1,4,00,45,00,00,00,00,00,00,
94702951,00000118,false,Rx,1,4,00,46,00,00,00,00,00,00,
94706653,0000070F,false,Rx,0,8,03,22,2B,F1,55,55,55,55,
94713377,00000118,false,Rx,1,4,00,47,00,00,00,00,00,00,
94722949,00000118,false,Rx,1,4,00,48,00,00,00,00,00,00,
94724463,00000779,false,Rx,1,8,05,62,2B,F1,25,73,AA,AA,
94733377,00000118,false,Rx,1,4,00,49,00,00,00,00,00,00,
94742900,00000118,false,Rx,1,4,00,4A,00,00,00,00,00,00,
94753380,00000118,false,Rx,1,4,00,4B,00,00,00,00,00,00,
94762885,00000118,false,Rx,1,4,00,4C,00,00,00,00,00,00,
94773378,00000118,false,Rx,1,4,00,4D,00,00,00,00,00,00,
94782865,00000118,false,Rx,1,4,00,4E,00,00,00,00,00,00,
94793377,00000118,false,Rx,1,4,00,4F,00,00,00,00,00,00,
94802869,00000118,false,Rx,1,4,00,40,00,00,00,00,00,00,
94813379,00000118,false,Rx,1,4,00,41,00,00,00,00,00,00,
94822854,00000118,false,Rx,1,4,00,42,00,00,00,00,00,00,
94833175,00000118,false,Rx,1,4,00,43,00,00,00,00,00,00,
94849403,00000118,false,Rx,1,4,00,44,00,00,00,00,00,00,
94853182,00000118,false,Rx,1,4,00,45,00,00,00,00,00,00,
94862972,00000118,false,Rx,1,4,00,46,00,00,00,00,00,00,
94873351,00000118,false,Rx,1,4,00,47,00,00,00,00,00,00,
94882839,00000118,false,Rx,1,4,00,48,00,00,00,00,00,00,
94893090,00000118,false,Rx,1,4,00,49,00,00,00,00,00,00,
94902826,00000118,false,Rx,1,4,00,4A,00,00,00,00,00,00,
94913089,00000118,false,Rx,1,4,00,4B,00,00,00,00,00,00,
94922791,00000118,false,Rx,1,4,00,4C,00,00,00,00,00,00,
94933098,00000118,false,Rx,1,4,00,4D,00,00,00,00,00,00,
94942774,00000118,false,Rx,1,4,00,4E,00,00,00,00,00,00,
94953095,00000118,false,Rx,1,4,00,4F,00,00,00,00,00,00,
94953629,17F0000F,true,Rx,1,8,00,0F,00,00,00,00,00,00,
94962808,00000118,false,Rx,1,4,00,40,00,00,00,00,00,00,
94973090,00000118,false,Rx,1,4,00,41,00,00,00,00,00,00,
94983160,00000118,false,Rx,1,4,00,42,00,00,00,00,00,00,
94993583,00000118,false,Rx,1,4,00,43,00,00,00,00,00,00,
95003145,00000118,false,Rx,1,4,00,44,00,00,00,00,00,00,
95013584,00000118,false,Rx,1,4,00,45,00,00,00,00,00,00,
95023081,0000070F,false,Rx,0,8,03,22,2B,E4,55,55,55,55,
95023133,00000118,false,Rx,1,4,00,46,00,00,00,00,00,00,
95033593,00000118,false,Rx,1,4,00,47,00,00,00,00,00,00,
95043091,00000118,false,Rx,1,4,00,48,00,00,00,00,00,00,
95044388,00000779,false,Rx,1,8,05,62,2B,E4,71,63,AA,AA,
95053337,00000118,false,Rx,1,4,00,49,00,00,00,00,00,00,
95063102,00000118,false,Rx,1,4,00,4A,00,00,00,00,00,00,
95073361,00000118,false,Rx,1,4,00,4B,00,00,00,00,00,00,
95083485,00000118,false,Rx,1,4,00,4C,00,00,00,00,00,00,
95093702,00000118,false,Rx,1,4,00,4D,00,00,00,00,00,00,
95103842,00000118,false,Rx,1,4,00,4E,00,00,00,00,00,00,
95114103,00000118,false,Rx,1,4,00,4F,00,00,00,00,00,00,
95123792,00000118,false,Rx,1,4,00,40,00,00,00,00,00,00,
95134109,00000118,false,Rx,1,4,00,41,00,00,00,00,00,00,
95143774,00000118,false,Rx,1,4,00,42,00,00,00,00,00,00,
95154090,00000118,false,Rx,1,4,00,43,00,00,00,00,00,00,
95163757,00000118,false,Rx,1,4,00,44,00,00,00,00,00,00,
95174091,00000118,false,Rx,1,4,00,45,00,00,00,00,00,00,
95183759,00000118,false,Rx,1,4,00,46,00,00,00,00,00,00,
95194038,00000118,false,Rx,1,4,00,47,00,00,00,00,00,00,
95203743,00000118,false,Rx,1,4,00,48,00,00,00,00,00,00,
95214024,00000118,false,Rx,1,4,00,49,00,00,00,00,00,00,
95223711,00000118,false,Rx,1,4,00,4A,00,00,00,00,00,00,
95234028,00000118,false,Rx,1,4,00,4B,00,00,00,00,00,00,
95243696,00000118,false,Rx,1,4,00,4C,00,00,00,00,00,00,
95253991,00000118,false,Rx,1,4,00,4D,00,00,00,00,00,00,
95263696,00000118,false,Rx,1,4,00,4E,00,00,00,00,00,00,
95274011,00000118,false,Rx,1,4,00,4F,00,00,00,00,00,00,
95283683,00000118,false,Rx,1,4,00,40,00,00,00,00,00,00,
95293961,00000118,false,Rx,1,4,00,41,00,00,00,00,00,00,
95303664,00000118,false,Rx,1,4,00,42,00,00,00,00,00,00,
95313950,00000118,false,Rx,1,4,00,43,00,00,00,00,00,00,
95324142,00000118,false,Rx,1,4,00,44,00,00,00,00,00,00,
95333875,00000118,false,Rx,1,4,00,45,00,00,00,00,00,00,
95341961,0000070F,false,Rx,0,8,03,22,02,8D,55,55,55,55,
95343632,00000118,false,Rx,1,4,00,46,00,00,00,00,00,00,
95353970,00000118,false,Rx,1,4,00,47,00,00,00,00,00,00,
95356048,00000779,false,Rx,1,8,05,62,02,8D,7B,00,AA,AA,
95363613,00000118,false,Rx,1,4,00,48,00,00,00,00,00,00,
95373957,00000118,false,Rx,1,4,00,49,00,00,00,00,00,00,
95383616,00000118,false,Rx,1,4,00,4A,00,00,00,00,00,00,
95393880,00000118,false,Rx,1,4,00,4B,00,00,00,00,00,00,
95403621,00000118,false,Rx,1,4,00,4C,00,00,00,00,00,00,
95413862,00000118,false,Rx,1,4,00,4D,00,00,00,00,00,00,
95423613,00000118,false,Rx,1,4,00,4E,00,00,00,00,00,00,
95433852,00000118,false,Rx,1,4,00,4F,00,00,00,00,00,00,
95443616,00000118,false,Rx,1,4,00,40,00,00,00,00,00,00,
95453863,00000118,false,Rx,1,4,00,41,00,00,00,00,00,00,
95454160,17F0000F,true,Rx,1,8,00,0F,00,00,00,00,00,00,
95463613,00000118,false,Rx,1,4,00,42,00,00,00,00,00,00,
95473869,00000118,false,Rx,1,4,00,43,00,00,00,00,00,00,
95483622,00000118,false,Rx,1,4,00,44,00,00,00,00,00,00,
95493846,00000118,false,Rx,1,4,00,45,00,00,00,00,00,00,
95503611,00000118,false,Rx,1,4,00,46,00,00,00,00,00,00,
95513865,00000118,false,Rx,1,4,00,47,00,00,00,00,00,00,
95523610,00000118,false,Rx,1,4,00,48,00,00,00,00,00,00,
95533883,00000118,false,Rx,1,4,00,49,00,00,00,00,00,00,
95543612,00000118,false,Rx,1,4,00,4A,00,00,00,00,00,00,
95553874,00000118,false,Rx,1,4,00,4B,00,00,00,00,00,00,
95563623,00000118,false,Rx,1,4,00,4C,00,00,00,00,00,00,
95573859,00000118,false,Rx,1,4,00,4D,00,00,00,00,00,00,
95583630,00000118,false,Rx,1,4,00,4E,00,00,00,00,00,00,
95593855,00000118,false,Rx,1,4,00,4F,00,00,00,00,00,00,
95603614,00000118,false,Rx,1,4,00,40,00,00,00,00,00,00,
95613854,00000118,false,Rx,1,4,00,41,00,00,00,00,00,00,
95623368,00000118,false,Rx,1,4,00,42,00,00,00,00,00,00,
95633855,00000118,false,Rx,1,4,00,43,00,00,00,00,00,00,
95643370,00000118,false,Rx,1,4,00,44,00,00,00,00,00,00,
95653847,00000118,false,Rx,1,4,00,45,00,00,00,00,00,00,
95657079,0000070F,false,Rx,0,8,03,22,2B,F1,55,55,55,55,
95663362,00000118,false,Rx,1,4,00,46,00,00,00,00,00,00,
95673864,00000118,false,Rx,1,4,00,47,00,00,00,00,00,00,
95675826,00000779,false,Rx,1,8,05,62,2B,F1,7F,73,AA,AA,
95683366,00000118,false,Rx,1,4,00,48,00,00,00,00,00,00,
95693863,00000118,false,Rx,1,4,00,49,00,00,00,00,00,00,
95703371,00000118,false,Rx,1,4,00,4A,00,00,00,00,00,00,
95713630,00000118,false,Rx,1,4,00,4B,00,00,00,00,00,00,
95723372,00000118,false,Rx,1,4,00,4C,00,00,00,00,00,00,
95733606,00000118,false,Rx,1,4,00,4D,00,00,00,00,00,00,
95743365,00000118,false,Rx,1,4,00,4E,00,00,00,00,00,00,
95753612,00000118,false,Rx,1,4,00,4F,00,00,00,00,00,00,
95763368,00000118,false,Rx,1,4,00,40,00,00,00,00,00,00,
95773854,00000118,false,Rx,1,4,00,41,00,00,00,00,00,00,
95783367,00000118,false,Rx,1,4,00,42,00,00,00,00,00,00,
95793609,00000118,false,Rx,1,4,00,43,00,00,00,00,00,00,
95803371,00000118,false,Rx,1,4,00,44,00,00,00,00,00,00,
95813600,00000118,false,Rx,1,4,00,45,00,00,00,00,00,00,
95823362,00000118,false,Rx,1,4,00,46,00,00,00,00,00,00,
95833596,00000118,false,Rx,1,4,00,47,00,00,00,00,00,00,
95843154,00000118,false,Rx,1,4,00,48,00,00,00,00,00,00,
95853575,00000118,false,Rx,1,4,00,49,00,00,00,00,00,00,
95863290,00000118,false,Rx,1,4,00,4A,00,00,00,00,00,00,
95873548,00000118,false,Rx,1,4,00,4B,00,00,00,00,00,00,
95883181,00000118,false,Rx,1,4,00,4C,00,00,00,00,00,00,
95893485,00000118,false,Rx,1,4,00,4D,00,00,00,00,00,00,
95903181,00000118,false,Rx,1,4,00,4E,00,00,00,00,00,00,
95913459,00000118,false,Rx,1,4,00,4F,00,00,00,00,00,00,
95923167,00000118,false,Rx,1,4,00,40,00,00,00,00,00,00,
95933447,00000118,false,Rx,1,4,00,41,00,00,00,00,00,00,
95943130,00000118,false,Rx,1,4,00,42,00,00,00,00,00,00,
95953452,00000118,false,Rx,1,4,00,43,00,00,00,00,00,00,
95953743,17F0000F,true,Rx,1,8,00,0F,00,00,00,00,00,00,
95963123,00000118,false,Rx,1,4,00,44,00,00,00,00,00,00,
95973866,00000118,false,Rx,1,4,00,45,00,00,00,00,00,00,
95983497,00000118,false,Rx,1,4,00,46,00,00,00,00,00,00,
95990078,0000070F,false,Rx,0,8,03,22,2B,E4,55,55,55,55,
95993820,00000118,false,Rx,1,4,00,47,00,00,00,00,00,00,
96003499,00000118,false,Rx,1,4,00,48,00,00,00,00,00,00,
96004950,00000779,false,Rx,1,8,05,62,2B,E4,71,63,AA,AA,
96013791,00000118,false,Rx,1,4,00,49,00,00,00,00,00,00,
96023487,00000118,false,Rx,1,4,00,4A,00,00,00,00,00,00,
96033770,00000118,false,Rx,1,4,00,4B,00,00,00,00,00,00,
96043452,00000118,false,Rx,1,4,00,4C,00,00,00,00,00,00,
96053766,00000118,false,Rx,1,4,00,4D,00,00,00,00,00,00,
96063436,00000118,false,Rx,1,4,00,4E,00,00,00,00,00,00,
96073786,00000118,false,Rx,1,4,00,4F,00,00,00,00,00,00,
96083421,00000118,false,Rx,1,4,00,40,00,00,00,00,00,00,
96093739,00000118,false,Rx,1,4,00,41,00,00,00,00,00,00,
96103420,00000118,false,Rx,1,4,00,42,00,00,00,00,00,00,
96113700,00000118,false,Rx,1,4,00,43,00,00,00,00,00,00,
96123405,00000118,false,Rx,1,4,00,44,00,00,00,00,00,00,
96133683,00000118,false,Rx,1,4,00,45,00,00,00,00,00,00,
96143369,00000118,false,Rx,1,4,00,46,00,00,00,00,00,00,
96153685,00000118,false,Rx,1,4,00,47,00,00,00,00,00,00,
96163351,00000118,false,Rx,1,4,00,48,00,00,00,00,00,00,
96173706,00000118,false,Rx,1,4,00,49,00,00,00,00,00,00,
96183339,00000118,false,Rx,1,4,00,4A,00,00,00,00,00,00,
96193642,00000118,false,Rx,1,4,00,4B,00,00,00,00,00,00,
96203346,00000118,false,Rx,1,4,00,4C,00,00,00,00,00,00,
96213619,00000118,false,Rx,1,4,00,4D,00,00,00,00,00,00,
96223325,00000118,false,Rx,1,4,00,4E,00,00,00,00,00,00,
96233603,00000118,false,Rx,1,4,00,4F,00,00,00,00,00,00,
96243292,00000118,false,Rx,1,4,00,40,00,00,00,00,00,00,
96253608,00000118,false,Rx,1,4,00,41,00,00,00,00,00,00,
96263274,00000118,false,Rx,1,4,00,42,00,00,00,00,00,00,
96273625,00000118,false,Rx,1,4,00,43,00,00,00,00,00,00,
96283258,00000118,false,Rx,1,4,00,44,00,00,00,00,00,00,
96293555,00000118,false,Rx,1,4,00,45,00,00,00,00,00,00,
96303261,00000118,false,Rx,1,4,00,46,00,00,00,00,00,00,
96307695,0000070F,false,Rx,0,8,03,22,02,8D,55,55,55,55,
96313564,00000118,false,Rx,1,4,00,47,00,00,00,00,00,00,
96323244,00000118,false,Rx,1,4,00,48,00,00,00,00,00,00,
96325024,00000779,false,Rx,1,8,05,62,02,8D,7C,00,AA,AA,
96333605,00000118,false,Rx,1,4,00,49,00,00,00,00,00,00,
96343214,00000118,false,Rx,1,4,00,4A,00,00,00,00,00,00,
96353578,00000118,false,Rx,1,4,00,4B,00,00,00,00,00,00,
96363197,00000118,false,Rx,1,4,00,4C,00,00,00,00,00,00,
96373544,00000118,false,Rx,1,4,00,4D,00,00,00,00,00,00,
96383177,00000118,false,Rx,1,4,00,4E,00,00,00,00,00,00,
96393476,00000118,false,Rx,1,4,00,4F,00,00,00,00,00,00,
96403186,00000118,false,Rx,1,4,00,40,00,00,00,00,00,00,
96413460,00000118,false,Rx,1,4,00,41,00,00,00,00,00,00,
96423164,00000118,false,Rx,1,4,00,42,00,00,00,00,00,00,
96433443,00000118,false,Rx,1,4,00,43,00,00,00,00,00,00,
96443129,00000118,false,Rx,1,4,00,44,00,00,00,00,00,00,
96453445,00000118,false,Rx,1,4,00,45,00,00,00,00,00,00,
96453742,17F0000F,true,Rx,1,8,00,0F,00,00,00,00,00,00,
96463120,00000118,false,Rx,1,4,00,46,00,00,00,00,00,00,
96473864,00000118,false,Rx,1,4,00,47,00,00,00,00,00,00,
96483508,00000118,false,Rx,1,4,00,48,00,00,00,00,00,00,
96493795,00000118,false,Rx,1,4,00,49,00,00,00,00,00,00,
96503504,00000118,false,Rx,1,4,00,4A,00,00,00,00,00,00,
96513779,00000118,false,Rx,1,4,00,4B,00,00,00,00,00,00,
96523487,00000118,false,Rx,1,4,00,4C,00,00,00,00,00,00,
96533769,00000118,false,Rx,1,4,00,4D,00,00,00,00,00,00,
96543448,00000118,false,Rx,1,4,00,4E,00,00,00,00,00,00,
96553771,00000118,false,Rx,1,4,00,4F,00,00,00,00,00,00,
96563437,00000118,false,Rx,1,4,00,40,00,00,00,00,00,00,
96573789,00000118,false,Rx,1,4,00,41,00,00,00,00,00,00,
96583417,00000118,false,Rx,1,4,00,42,00,00,00,00,00,00,
96593713,00000118,false,Rx,1,4,00,43,00,00,00,00,00,00,
96603430,00000118,false,Rx,1,4,00,44,00,00,00,00,00,00,
96613700,00000118,false,Rx,1,4,00,45,00,00,00,00,00,00,
96623403,00000118,false,Rx,1,4,00,46,00,00,00,00,00,00,
96633497,0000070F,false,Rx,0,8,03,22,2B,F1,55,55,55,55,
96633682,00000118,false,Rx,1,4,00,47,00,00,00,00,00,00,
96643391,00000118,false,Rx,1,4,00,48,00,00,00,00,00,00,
96653686,00000118,false,Rx,1,4,00,49,00,00,00,00,00,00,
96655942,00000779,false,Rx,1,8,05,62,2B,F1,B1,73,AA,AA,
96663366,00000118,false,Rx,1,4,00,4A,00,00,00,00,00,00,
96674109,00000118,false,Rx,1,4,00,4B,00,00,00,00,00,00,
96683739,00000118,false,Rx,1,4,00,4C,00,00,00,00,00,00,
96694034,00000118,false,Rx,1,4,00,4D,00,00,00,00,00,00,
96703741,00000118,false,Rx,1,4,00,4E,00,00,00,00,00,00,
96714019,00000118,false,Rx,1,4,00,4F,00,00,00,00,00,00,
96723726,00000118,false,Rx,1,4,00,40,00,00,00,00,00,00,
96734005,00000118,false,Rx,1,4,00,41,00,00,00,00,00,00,
96743689,00000118,false,Rx,1,4,00,42,00,00,00,00,00,00,
96754006,00000118,false,Rx,1,4,00,43,00,00,00,00,00,00,
96763673,00000118,false,Rx,1,4,00,44,00,00,00,00,00,00,
96774028,00000118,false,Rx,1,4,00,45,00,00,00,00,00,00,
96783655,00000118,false,Rx,1,4,00,46,00,00,00,00,00,00,
96793954,00000118,false,Rx,1,4,00,47,00,00,00,00,00,00,
96803658,00000118,false,Rx,1,4,00,48,00,00,00,00,00,00,
96813950,00000118,false,Rx,1,4,00,49,00,00,00,00,00,00,
96823693,00000118,false,Rx,1,4,00,4A,00,00,00,00,00,00,
96840101,00000118,false,Rx,1,4,00,4B,00,00,00,00,00,00,
96843843,00000118,false,Rx,1,4,00,4C,00,00,00,00,00,00,
96853944,00000118,false,Rx,1,4,00,4D,00,00,00,00,00,00,
96863751,00000118,false,Rx,1,4,00,4E,00,00,00,00,00,00,
96873963,00000118,false,Rx,1,4,00,4F,00,00,00,00,00,00,
96883636,00000118,false,Rx,1,4,00,40,00,00,00,00,00,00,
96893820,00000118,false,Rx,1,4,00,41,00,00,00,00,00,00,
96903635,00000118,false,Rx,1,4,00,42,00,00,00,00,00,00,
96913807,00000118,false,Rx,1,4,00,43,00,00,00,00,00,00,
96923619,00000118,false,Rx,1,4,00,44,00,00,00,00,00,00,
96933786,00000118,false,Rx,1,4,00,45,00,00,00,00,00,00,
96943585,00000118,false,Rx,1,4,00,46,00,00,00,00,00,00,
96953789,00000118,false,Rx,1,4,00,47,00,00,00,00,00,00,
96954086,17F0000F,true,Rx,1,8,00,0F,00,00,00,00,00,00,
96955885,0000070F,false,Rx,0,8,03,22,2B,E4,55,55,55,55,
96963599,00000118,false,Rx,1,4,00,48,00,00,00,00,00,00,
96973809,00000118,false,Rx,1,4,00,49,00,00,00,00,00,00,
96975942,00000779,false,Rx,1,8,05,62,2B,E4,71,63,AA,AA,
96983985,00000118,false,Rx,1,4,00,4A,00,00,00,00,00,00,
96994522,00000118,false,Rx,1,4,00,4B,00,00,00,00,00,00,
97004375,00000118,false,Rx,1,4,00,4C,00,00,00,00,00,00,
97014507,00000118,false,Rx,1,4,00,4D,00,00,00,00,00,00,
97024398,00000118,false,Rx,1,4,00,4E,00,00,00,00,00,00,
97034492,00000118,false,Rx,1,4,00,4F,00,00,00,00,00,00,
97044323,00000118,false,Rx,1,4,00,40,00,00,00,00,00,00,
97054497,00000118,false,Rx,1,4,00,41,00,00,00,00,00,00,
97064306,00000118,false,Rx,1,4,00,42,00,00,00,00,00,00,
97074517,00000118,false,Rx,1,4,00,43,00,00,00,00,00,00,
97084290,00000118,false,Rx,1,4,00,44,00,00,00,00,00,00,
97094440,00000118,false,Rx,1,4,00,45,00,00,00,00,00,00,
97104291,00000118,false,Rx,1,4,00,46,00,00,00,00,00,00,
97114440,00000118,false,Rx,1,4,00,47,00,00,00,00,00,00,
97124279,00000118,false,Rx,1,4,00,48,00,00,00,00,00,00,
97134409,00000118,false,Rx,1,4,00,49,00,00,00,00,00,00,
97144246,00000118,false,Rx,1,4,00,4A,00,00,00,00,00,00,
97154413,00000118,false,Rx,1,4,00,4B,00,00,00,00,00,00,
97164228,00000118,false,Rx,1,4,00,4C,00,00,00,00,00,00,
97174433,00000118,false,Rx,1,4,00,4D,00,00,00,00,00,00,
97184210,00000118,false,Rx,1,4,00,4E,00,00,00,00,00,00,
97194360,00000118,false,Rx,1,4,00,4F,00,00,00,00,00,00,
97204216,00000118,false,Rx,1,4,00,40,00,00,00,00,00,00,
97214346,00000118,false,Rx,1,4,00,41,00,00,00,00,00,00,
97224197,00000118,false,Rx,1,4,00,42,00,00,00,00,00,00,
97234329,00000118,false,Rx,1,4,00,43,00,00,00,00,00,00,
97244162,00000118,false,Rx,1,4,00,44,00,00,00,00,00,00,
97254332,00000118,false,Rx,1,4,00,45,00,00,00,00,00,00,
97264545,00000118,false,Rx,1,4,00,46,00,00,00,00,00,00,
97273582,0000070F,false,Rx,0,8,03,22,02,8D,55,55,55,55,
97274774,00000118,false,Rx,1,4,00,47,00,00,00,00,00,00,
97284528,00000118,false,Rx,1,4,00,48,00,00,00,00,00,00,
97285834,00000779,false,Rx,1,8,05,62,02,8D,7D,00,AA,AA,
97294691,00000118,false,Rx,1,4,00,49,00,00,00,00,00,00,
97304536,00000118,false,Rx,1,4,00,4A,00,00,00,00,00,00,
97314667,00000118,false,Rx,1,4,00,4B,00,00,00,00,00,00,
97324520,00000118,false,Rx,1,4,00,4C,00,00,00,00,00,00,
97334676,00000118,false,Rx,1,4,00,4D,00,00,00,00,00,00,
97345244,00000118,false,Rx,1,4,00,4E,00,00,00,00,00,00,
97354774,00000118,false,Rx,1,4,00,4F,00,00,00,00,00,00,
97364395,00000118,false,Rx,1,4,00,40,00,00,00,00,00,00,
97374746,00000118,false,Rx,1,4,00,41,00,00,00,00,00,00,
97384378,00000118,false,Rx,1,4,00,42,00,00,00,00,00,00,
97394675,00000118,false,Rx,1,4,00,43,00,00,00,00,00,00,
97404380,00000118,false,Rx,1,4,00,44,00,00,00,00,00,00,
97414658,00000118,false,Rx,1,4,00,45,00,00,00,00,00,00,
97424367,00000118,false,Rx,1,4,00,46,00,00,00,00,00,00,
97434642,00000118,false,Rx,1,4,00,47,00,00,00,00,00,00,
97444327,00000118,false,Rx,1,4,00,48,00,00,00,00,00,00,
97454646,00000118,false,Rx,1,4,00,49,00,00,00,00,00,00,
97454962,17F0000F,true,Rx,1,8,00,0F,00,00,00,00,00,00,
97464323,00000118,false,Rx,1,4,00,4A,00,00,00,00,00,00,
97475066,00000118,false,Rx,1,4,00,4B,00,00,00,00,00,00,
97484700,00000118,false,Rx,1,4,00,4C,00,00,00,00,00,00,
97494997,00000118,false,Rx,1,4,00,4D,00,00,00,00,00,00,
97504699,00000118,false,Rx,1,4,00,4E,00,00,00,00,00,00,
97514978,00000118,false,Rx,1,4,00,4F,00,00,00,00,00,00,
97524689,00000118,false,Rx,1,4,00,40,00,00,00,00,00,00,
97534974,00000118,false,Rx,1,4,00,41,00,00,00,00,00,00,
97544649,00000118,false,Rx,1,4,00,42,00,00,00,00,00,00,
97554971,00000118,false,Rx,1,4,00,43,00,00,00,00,00,00,
97564634,00000118,false,Rx,1,4,00,44,00,00,00,00,00,00,
97574985,00000118,false,Rx,1,4,00,45,00,00,00,00,00,00,
97584623,00000118,false,Rx,1,4,00,46,00,00,00,00,00,00,
97592082,0000070F,false,Rx,0,8,03,22,2B,F1,55,55,55,55,
97594951,00000118,false,Rx,1,4,00,47,00,00,00,00,00,00,
97604618,00000118,false,Rx,1,4,00,48,00,00,00,00,00,00,
97605952,00000779,false,Rx,1,8,05,62,2B,F1,15,74,AA,AA,
97614910,00000118,false,Rx,1,4,00,49,00,00,00,00,00,00,
97624737,00000118,false,Rx,1,4,00,4A,00,00,00,00,00,00,
97634889,00000118,false,Rx,1,4,00,4B,00,00,00,00,00,00,
97644572,00000118,false,Rx,1,4,00,4C,00,00,00,00,00,00,
97654886,00000118,false,Rx,1,4,00,4D,00,00,00,00,00,00,
97664554,00000118,false,Rx,1,4,00,4E,00,00,00,00,00,00,
97674906,00000118,false,Rx,1,4,00,4F,00,00,00,00,00,00,
97684541,00000118,false,Rx,1,4,00,40,00,00,00,00,00,00,
97694837,00000118,false,Rx,1,4,00,41,00,00,00,00,00,00,
97704541,00000118,false,Rx,1,4,00,42,00,00,00,00,00,00,
97714820,00000118,false,Rx,1,4,00,43,00,00,00,00,00,00,
97724526,00000118,false,Rx,1,4,00,44,00,00,00,00,00,00,
97734806,00000118,false,Rx,1,4,00,45,00,00,00,00,00,00,
97744489,00000118,false,Rx,1,4,00,46,00,00,00,00,00,00,
97754808,00000118,false,Rx,1,4,00,47,00,00,00,00,00,00,
97764473,00000118,false,Rx,1,4,00,48,00,00,00,00,00,00,
97774827,00000118,false,Rx,1,4,00,49,00,00,00,00,00,00,
97784460,00000118,false,Rx,1,4,00,4A,00,00,00,00,00,00,
97794759,00000118,false,Rx,1,4,00,4B,00,00,00,00,00,00,
97804463,00000118,false,Rx,1,4,00,4C,00,00,00,00,00,00,
97814741,00000118,false,Rx,1,4,00,4D,00,00,00,00,00,00,
97824491,00000118,false,Rx,1,4,00,4E,00,00,00,00,00,00,
97841528,00000118,false,Rx,1,4,00,4F,00,00,00,00,00,00,
97844591,00000118,false,Rx,1,4,00,40,00,00,00,00,00,00,
97854750,00000118,false,Rx,1,4,00,41,00,00,00,00,00,00,
97864611,00000118,false,Rx,1,4,00,42,00,00,00,00,00,00,
97874746,00000118,false,Rx,1,4,00,43,00,00,00,00,00,00,
97884608,00000118,false,Rx,1,4,00,44,00,00,00,00,00,00,
97894676,00000118,false,Rx,1,4,00,45,00,00,00,00,00,00,
97904604,00000118,false,Rx,1,4,00,46,00,00,00,00,00,00,
97907843,0000070F,false,Rx,0,8,03,22,2B,E4,55,55,55,55,
97914686,00000118,false,Rx,1,4,00,47,00,00,00,00,00,00,
97924603,00000118,false,Rx,1,4,00,48,00,00,00,00,00,00,
97925801,00000779,false,Rx,1,8,05,62,2B,E4,71,63,AA,AA,
97934667,00000118,false,Rx,1,4,00,49,00,00,00,00,00,00,
97944366,00000118,false,Rx,1,4,00,4A,00,00,00,00,00,00,
97954650,00000118,false,Rx,1,4,00,4B,00,00,00,00,00,00,
97954972,17F0000F,true,Rx,1,8,00,0F,00,00,00,00,00,00,
97964370,00000118,false,Rx,1,4,00,4C,00,00,00,00,00,00,
97975068,00000118,false,Rx,1,4,00,4D,00,00,00,00,00,00,
97984862,00000118,false,Rx,1,4,00,4E,00,00,00,00,00,00,
97994978,00000118,false,Rx,1,4,00,4F,00,00,00,00,00,00,
98005344,00000118,false,Rx,1,4,00,40,00,00,00,00,00,00,
98015345,00000118,false,Rx,1,4,00,41,00,00,00,00,00,00,
98025337,00000118,false,Rx,1,4,00,42,00,00,00,00,00,00,
98035349,00000118,false,Rx,1,4,00,43,00,00,00,00,00,00,
98045091,00000118,false,Rx,1,4,00,44,00,00,00,00,00,00,
98055334,00000118,false,Rx,1,4,00,45,00,00,00,00,00,00,
98065581,00000118,false,Rx,1,4,00,46,00,00,00,00,00,00,
98075756,00000118,false,Rx,1,4,00,47,00,00,00,00,00,00,
98085586,00000118,false,Rx,1,4,00,48,00,00,00,00,00,00,
98095682,00000118,false,Rx,1,4,00,49,00,00,00,00,00,00,
98105591,00000118,false,Rx,1,4,00,4A,00,00,00,00,00,00,
98115666,00000118,false,Rx,1,4,00,4B,00,00,00,00,00,00,
98125603,00000118,false,Rx,1,4,00,4C,00,00,00,00,00,00,
98135648,00000118,false,Rx,1,4,00,4D,00,00,00,00,00,00,
98145596,00000118,false,Rx,1,4,00,4E,00,00,00,00,00,00,
98155653,00000118,false,Rx,1,4,00,4F,00,00,00,00,00,00,
98165832,00000118,false,Rx,1,4,00,40,00,00,00,00,00,00,
98176036,00000118,false,Rx,1,4,00,41,00,00,00,00,00,00,
98186213,00000118,false,Rx,1,4,00,42,00,00,00,00,00,00,
98196363,00000118,false,Rx,1,4,00,43,00,00,00,00,00,00,
98206218,00000118,false,Rx,1,4,00,44,00,00,00,00,00,00,
98216347,00000118,false,Rx,1,4,00,45,00,00,00,00,00,00,
98225670,0000070F,false,Rx,0,8,03,22,02,8D,55,55,55,55,
98226199,00000118,false,Rx,1,4,00,46,00,00,00,00,00,00,
98236356,00000118,false,Rx,1,4,00,47,00,00,00,00,00,00,
98246167,00000118,false,Rx,1,4,00,48,00,00,00,00,00,00,
98247469,00000779,false,Rx,1,8,05,62,02,8D,7D,00,AA,AA,
98256346,00000118,false,Rx,1,4,00,49,00,00,00,00,00,00,
98266153,00000118,false,Rx,1,4,00,4A,00,00,00,00,00,00,
98276356,00000118,false,Rx,1,4,00,4B,00,00,00,00,00,00,
98286537,00000118,false,Rx,1,4,00,4C,00,00,00,00,00,00,
98296683,00000118,false,Rx,1,4,00,4D,00,00,00,00,00,00,
98306536,00000118,false,Rx,1,4,00,4E,00,00,00,00,00,00,
98316669,00000118,false,Rx,1,4,00,4F,00,00,00,00,00,00,
98326566,00000118,false,Rx,1,4,00,40,00,00,00,00,00,00,
98340593,00000118,false,Rx,1,4,00,41,00,00,00,00,00,00,
98346504,00000118,false,Rx,1,4,00,42,00,00,00,00,00,00,
98356676,00000118,false,Rx,1,4,00,43,00,00,00,00,00,00,
98366871,00000118,false,Rx,1,4,00,44,00,00,00,00,00,00,
98377074,00000118,false,Rx,1,4,00,45,00,00,00,00,00,00,
98386852,00000118,false,Rx,1,4,00,46,00,00,00,00,00,00,
98397004,00000118,false,Rx,1,4,00,47,00,00,00,00,00,00,
98406856,00000118,false,Rx,1,4,00,48,00,00,00,00,00,00,
98416988,00000118,false,Rx,1,4,00,49,00,00,00,00,00,00,
98426843,00000118,false,Rx,1,4,00,4A,00,00,00,00,00,00,
98436975,00000118,false,Rx,1,4,00,4B,00,00,00,00,00,00,
98446811,00000118,false,Rx,1,4,00,4C,00,00,00,00,00,00,
98456975,00000118,false,Rx,1,4,00,4D,00,00,00,00,00,00,
98457271,17F0000F,true,Rx,1,8,00,0F,00,00,00,00,00,00,
98466799,00000118,false,Rx,1,4,00,4E,00,00,00,00,00,00,
98476995,00000118,false,Rx,1,4,00,4F,00,00,00,00,00,00,
98486777,00000118,false,Rx,1,4,00,40,00,00,00,00,00,00,
98496945,00000118,false,Rx,1,4,00,41,00,00,00,00,00,00,
98506779,00000118,false,Rx,1,4,00,42,00,00,00,00,00,00,
98516910,00000118,false,Rx,1,4,00,43,00,00,00,00,00,00,
98526763,00000118,false,Rx,1,4,00,44,00,00,00,00,00,00,
98536903,00000118,false,Rx,1,4,00,45,00,00,00,00,00,00,
98543985,0000070F,false,Rx,0,8,03,22,2B,F1,55,55,55,55,
98546750,00000118,false,Rx,1,4,00,46,00,00,00,00,00,00,
98556901,00000118,false,Rx,1,4,00,47,00,00,00,00,00,00,
98559017,00000779,false,Rx,1,8,05,62,2B,F1,47,74,AA,AA,
98566724,00000118,false,Rx,1,4,00,48,00,00,00,00,00,00,
98577320,00000118,false,Rx,1,4,00,49,00,00,00,00,00,00,
98587097,00000118,false,Rx,1,4,00,4A,00,00,00,00,00,00,
98597371,00000118,false,Rx,1,4,00,4B,00,00,00,00,00,00,
98607101,00000118,false,Rx,1,4,00,4C,00,00,00,00,00,00,
98617230,00000118,false,Rx,1,4,00,4D,00,00,00,00,00,00,
98627083,00000118,false,Rx,1,4,00,4E,00,00,00,00,00,00,
98637214,00000118,false,Rx,1,4,00,4F,00,00,00,00,00,00,
98647049,00000118,false,Rx,1,4,00,40,00,00,00,00,00,00,
98657221,00000118,false,Rx,1,4,00,41,00,00,00,00,00,00,
98667035,00000118,false,Rx,1,4,00,42,00,00,00,00,00,00,
98677238,00000118,false,Rx,1,4,00,43,00,00,00,00,00,00,
98687416,00000118,false,Rx,1,4,00,44,00,00,00,00,00,00,
98697586,00000118,false,Rx,1,4,00,45,00,00,00,00,00,00,
98707398,00000118,false,Rx,1,4,00,46,00,00,00,00,00,00,
98717551,00000118,false,Rx,1,4,00,47,00,00,00,00,00,00,
98727401,00000118,false,Rx,1,4,00,48,00,00,00,00,00,00,
98737534,00000118,false,Rx,1,4,00,49,00,00,00,00,00,00,
98747374,00000118,false,Rx,1,4,00,4A,00,00,00,00,00,00,
98757540,00000118,false,Rx,1,4,00,4B,00,00,00,00,00,00,
98767379,00000118,false,Rx,1,4,00,4C,00,00,00,00,00,00,
98777557,00000118,false,Rx,1,4,00,4D,00,00,00,00,00,00,
98787737,00000118,false,Rx,1,4,00,4E,00,00,00,00,00,00,
98797906,00000118,false,Rx,1,4,00,4F,00,00,00,00,00,00,
98807722,00000118,false,Rx,1,4,00,40,00,00,00,00,00,00,
98817873,00000118,false,Rx,1,4,00,41,00,00,00,00,00,00,
98827770,00000118,false,Rx,1,4,00,42,00,00,00,00,00,00,
98837879,00000118,false,Rx,1,4,00,43,00,00,00,00,00,00,
98847721,00000118,false,Rx,1,4,00,44,00,00,00,00,00,00,
98857972,00000118,false,Rx,1,4,00,45,00,00,00,00,00,00,
98859813,0000070F,false,Rx,0,8,03,22,2B,E4,55,55,55,55,
98867854,00000118,false,Rx,1,4,00,46,00,00,00,00,00,00,
98877950,00000118,false,Rx,1,4,00,47,00,00,00,00,00,00,
98880047,00000779,false,Rx,1,8,05,62,2B,E4,71,63,AA,AA,
98887844,00000118,false,Rx,1,4,00,48,00,00,00,00,00,00,
98897883,00000118,false,Rx,1,4,00,49,00,00,00,00,00,00,
98907613,00000118,false,Rx,1,4,00,4A,00,00,00,00,00,00,
98917850,00000118,false,Rx,1,4,00,4B,00,00,00,00,00,00,
98928098,00000118,false,Rx,1,4,00,4C,00,00,00,00,00,00,
98938233,00000118,false,Rx,1,4,00,4D,00,00,00,00,00,00,
98948588,00000118,false,Rx,1,4,00,4E,00,00,00,00,00,00,
98958625,00000118,false,Rx,1,4,00,4F,00,00,00,00,00,00,
98958913,17F0000F,true,Rx,1,8,00,0F,00,00,00,00,00,00,
98968596,00000118,false,Rx,1,4,00,40,00,00,00,00,00,00,
98978638,00000118,false,Rx,1,4,00,41,00,00,00,00,00,00,
98988341,00000118,false,Rx,1,4,00,42,00,00,00,00,00,00,
98998585,00000118,false,Rx,1,4,00,43,00,00,00,00,00,00,
99008762,00000118,false,Rx,1,4,00,44,00,00,00,00,00,00,
99018912,00000118,false,Rx,1,4,00,45,00,00,00,00,00,00,
99028777,00000118,false,Rx,1,4,00,46,00,00,00,00,00,00,
99038898,00000118,false,Rx,1,4,00,47,00,00,00,00,00,00,
99048842,00000118,false,Rx,1,4,00,48,00,00,00,00,00,00,
99058957,00000118,false,Rx,1,4,00,49,00,00,00,00,00,00,
99068848,00000118,false,Rx,1,4,00,4A,00,00,00,00,00,00,
99078953,00000118,false,Rx,1,4,00,4B,00,00,00,00,00,00,
99089100,00000118,false,Rx,1,4,00,4C,00,00,00,00,00,00,
99099267,00000118,false,Rx,1,4,00,4D,00,00,00,00,00,00,
99109083,00000118,false,Rx,1,4,00,4E,00,00,00,00,00,00,
99119232,00000118,false,Rx,1,4,00,4F,00,00,00,00,00,00,
99129089,00000118,false,Rx,1,4,00,40,00,00,00,00,00,00,
99139219,00000118,false,Rx,1,4,00,41,00,00,00,00,00,00,
99149070,00000118,false,Rx,1,4,00,42,00,00,00,00,00,00,
99159202,00000118,false,Rx,1,4,00,43,00,00,00,00,00,00,
99169088,00000118,false,Rx,1,4,00,44,00,00,00,00,00,00,
99179239,00000118,false,Rx,1,4,00,45,00,00,00,00,00,00,
99189018,00000118,false,Rx,1,4,00,46,00,00,00,00,00,00,
99191321,0000070F,false,Rx,0,8,03,22,02,8D,55,55,55,55,
99199213,00000118,false,Rx,1,4,00,47,00,00,00,00,00,00,
99209002,00000118,false,Rx,1,4,00,48,00,00,00,00,00,00,
99210305,00000779,false,Rx,1,8,05,62,02,8D,7E,00,AA,AA,
99219164,00000118,false,Rx,1,4,00,49,00,00,00,00,00,00,
99229010,00000118,false,Rx,1,4,00,4A,00,00,00,00,00,00,
99239140,00000118,false,Rx,1,4,00,4B,00,00,00,00,00,00,
99248973,00000118,false,Rx,1,4,00,4C,00,00,00,00,00,00,
99259141,00000118,false,Rx,1,4,00,4D,00,00,00,00,00,00,
99269088,00000118,false,Rx,1,4,00,4E,00,00,00,00,00,00,
99279161,00000118,false,Rx,1,4,00,4F,00,00,00,00,00,00,
99288950,00000118,false,Rx,1,4,00,40,00,00,00,00,00,00,
99299112,00000118,false,Rx,1,4,00,41,00,00,00,00,00,00,
99308945,00000118,false,Rx,1,4,00,42,00,00,00,00,00,00,
99319073,00000118,false,Rx,1,4,00,43,00,00,00,00,00,00,
99328899,00000118,false,Rx,1,4,00,44,00,00,00,00,00,00,
99339325,00000118,false,Rx,1,4,00,45,00,00,00,00,00,00,
99349178,00000118,false,Rx,1,4,00,46,00,00,00,00,00,00,
99359050,00000118,false,Rx,1,4,00,47,00,00,00,00,00,00,
99368936,00000118,false,Rx,1,4,00,48,00,00,00,00,00,00,
99379045,00000118,false,Rx,1,4,00,49,00,00,00,00,00,00,
99388864,00000118,false,Rx,1,4,00,4A,00,00,00,00,00,00,
99399033,00000118,false,Rx,1,4,00,4B,00,00,00,00,00,00,
99408849,00000118,false,Rx,1,4,00,4C,00,00,00,00,00,00,
99418996,00000118,false,Rx,1,4,00,4D,00,00,00,00,00,00,
99428849,00000118,false,Rx,1,4,00,4E,00,00,00,00,00,00,
99438980,00000118,false,Rx,1,4,00,4F,00,00,00,00,00,00,
99448835,00000118,false,Rx,1,4,00,40,00,00,00,00,00,00,
99458966,00000118,false,Rx,1,4,00,41,00,00,00,00,00,00,
99459508,17F0000F,true,Rx,1,8,00,0F,00,00,00,00,00,00,
99468855,00000118,false,Rx,1,4,00,42,00,00,00,00,00,00,
99478967,00000118,false,Rx,1,4,00,43,00,00,00,00,00,00,
99488783,00000118,false,Rx,1,4,00,44,00,00,00,00,00,00,
99498953,00000118,false,Rx,1,4,00,45,00,00,00,00,00,00,
99507210,0000070F,false,Rx,0,8,03,22,2B,F1,55,55,55,55,
99508789,00000118,false,Rx,1,4,00,46,00,00,00,00,00,00,
99518936,00000118,false,Rx,1,4,00,47,00,00,00,00,00,00,
99521032,00000779,false,Rx,1,8,05,62,2B,F1,AB,74,AA,AA,
99528779,00000118,false,Rx,1,4,00,48,00,00,00,00,00,00,
99538939,00000118,false,Rx,1,4,00,49,00,00,00,00,00,00,
99548757,00000118,false,Rx,1,4,00,4A,00,00,00,00,00,00,
99558891,00000118,false,Rx,1,4,00,4B,00,00,00,00,00,00,
99568857,00000118,false,Rx,1,4,00,4C,00,00,00,00,00,00,
99578937,00000118,false,Rx,1,4,00,4D,00,00,00,00,00,00,
99588704,00000118,false,Rx,1,4,00,4E,00,00,00,00,00,00,
99598873,00000118,false,Rx,1,4,00,4F,00,00,00,00,00,00,
99609089,00000118,false,Rx,1,4,00,40,00,00,00,00,00,00,
99619371,00000118,false,Rx,1,4,00,41,00,00,00,00,00,00,
99629092,00000118,false,Rx,1,4,00,42,00,00,00,00,00,00,
99639369,00000118,false,Rx,1,4,00,43,00,00,00,00,00,00,
99649076,00000118,false,Rx,1,4,00,44,00,00,00,00,00,00,
99659370,00000118,false,Rx,1,4,00,45,00,00,00,00,00,00,
99669075,00000118,false,Rx,1,4,00,46,00,00,00,00,00,00,
99679381,00000118,false,Rx,1,4,00,47,00,00,00,00,00,00,
99689623,00000118,false,Rx,1,4,00,48,00,00,00,00,00,00,
99699622,00000118,false,Rx,1,4,00,49,00,00,00,00,00,00,
99709872,00000118,false,Rx,1,4,00,4A,00,00,00,00,00,00,
99720350,00000118,false,Rx,1,4,00,4B,00,00,00,00,00,00,
99729914,00000118,false,Rx,1,4,00,4C,00,00,00,00,00,00,
99740160,00000118,false,Rx,1,4,00,4D,00,00,00,00,00,00,
99749874,00000118,false,Rx,1,4,00,4E,00,00,00,00,00,00,
99760110,00000118,false,Rx,1,4,00,4F,00,00,00,00,00,00,
99769873,00000118,false,Rx,1,4,00,40,00,00,00,00,00,00,
99780117,00000118,false,Rx,1,4,00,41,00,00,00,00,00,00,
99790359,00000118,false,Rx,1,4,00,42,00,00,00,00,00,00,
99800352,00000118,false,Rx,1,4,00,43,00,00,00,00,00,00,
99810604,00000118,false,Rx,1,4,00,44,00,00,00,00,00,00,
99820942,00000118,false,Rx,1,4,00,45,00,00,00,00,00,00,
99825200,0000070F,false,Rx,0,8,03,22,2B,E4,55,55,55,55,
99832881,00000118,false,Rx,1,4,00,46,00,00,00,00,00,00,
99840807,00000118,false,Rx,1,4,00,47,00,00,00,00,00,00,
99842874,00000779,false,Rx,1,8,05,62,2B,E4,71,63,AA,AA,
99850436,00000118,false,Rx,1,4,00,48,00,00,00,00,00,00,
99861347,00000118,false,Rx,1,4,00,49,00,00,00,00,00,00,
99870950,00000118,false,Rx,1,4,00,4A,00,00,00,00,00,00,
99881120,00000118,false,Rx,1,4,00,4B,00,00,00,00,00,00,
99890814,00000118,false,Rx,1,4,00,4C,00,00,00,00,00,00,
99901090,00000118,false,Rx,1,4,00,4D,00,00,00,00,00,00,
99911195,00000118,false,Rx,1,4,00,4E,00,00,00,00,00,00,
99921475,00000118,false,Rx,1,4,00,4F,00,00,00,00,00,00,
99931163,00000118,false,Rx,1,4,00,40,00,00,00,00,00,00,
99941479,00000118,false,Rx,1,4,00,41,00,00,00,00,00,00,
99951147,00000118,false,Rx,1,4,00,42,00,00,00,00,00,00,
99961461,00000118,false,Rx,1,4,00,43,00,00,00,00,00,00,
99961758,17F0000F,true,Rx,1,8,00,0F,00,00,00,00,00,00,
99971171,00000118,false,Rx,1,4,00,44,00,00,00,00,00,00,
99981431,00000118,false,Rx,1,4,00,45,00,00,00,00,00,00,
99991131,00000118,false,Rx,1,4,00,46,00,00,00,00,00,00,
100001411,00000118,false,Rx,1,4,00,47,00,00,00,00,00,00,
100011115,00000118,false,Rx,1,4,00,48,00,00,00,00,00,00,
100021394,00000118,false,Rx,1,4,00,49,00,00,00,00,00,00,
100031084,00000118,false,Rx,1,4,00,4A,00,00,00,00,00,00,
100041407,00000118,false,Rx,1,4,00,4B,00,00,00,00,00,00,
100051070,00000118,false,Rx,1,4,00,4C,00,00,00,00,00,00,
100061384,00000118,false,Rx,1,4,00,4D,00,00,00,00,00,00,
100071086,00000118,false,Rx,1,4,00,4E,00,00,00,00,00,00,
100081349,00000118,false,Rx,1,4,00,4F,00,00,00,00,00,00,
100091063,00000118,false,Rx,1,4,00,40,00,00,00,00,00,00,
100101333,00000118,false,Rx,1,4,00,41,00,00,00,00,00,00,
100111039,00000118,false,Rx,1,4,00,42,00,00,00,00,00,00,
100121317,00000118,false,Rx,1,4,00,43,00,00,00,00,00,00,
100131003,00000118,false,Rx,1,4,00,44,00,00,00,00,00,00,
100141319,00000118,false,Rx,1,4,00,45,00,00,00,00,00,00,
100141487,0000070F,false,Rx,0,8,03,22,02,8D,55,55,55,55,
100151010,00000118,false,Rx,1,4,00,46,00,00,00,00,00,00,
100161305,00000118,false,Rx,1,4,00,47,00,00,00,00,00,00,
100163424,00000779,false,Rx,1,8,05,62,02,8D,7E,00,AA,AA,
100171015,00000118,false,Rx,1,4,00,48,00,00,00,00,00,00,
100181270,00000118,false,Rx,1,4,00,49,00,00,00,00,00,00,
100190980,00000118,false,Rx,1,4,00,4A,00,00,00,00,00,00,
100201256,00000118,false,Rx,1,4,00,4B,00,00,00,00,00,00,
100210964,00000118,false,Rx,1,4,00,4C,00,00,00,00,00,00,
100221238,00000118,false,Rx,1,4,00,4D,00,00,00,00,00,00,
100230944,00000118,false,Rx,1,4,00,4E,00,00,00,00,00,00,
100241242,00000118,false,Rx,1,4,00,4F,00,00,00,00,00,00,
100250911,00000118,false,Rx,1,4,00,40,00,00,00,00,00,00,
100261229,00000118,false,Rx,1,4,00,41,00,00,00,00,00,00,
100270948,00000118,false,Rx,1,4,00,42,00,00,00,00,00,00,
100281191,00000118,false,Rx,1,4,00,43,00,00,00,00,00,00,
100290900,00000118,false,Rx,1,4,00,44,00,00,00,00,00,00,
100301176,00000118,false,Rx,1,4,00,45,00,00,00,00,00,00,
100310879,00000118,false,Rx,1,4,00,46,00,00,00,00,00,00,
100321160,00000118,false,Rx,1,4,00,47,00,00,00,00,00,00,
100330882,00000118,false,Rx,1,4,00,48,00,00,00,00,00,00,
100341072,00000118,false,Rx,1,4,00,49,00,00,00,00,00,00,
100350993,00000118,false,Rx,1,4,00,4A,00,00,00,00,00,00,
100361057,00000118,false,Rx,1,4,00,4B,00,00,00,00,00,00,
100370950,00000118,false,Rx,1,4,00,4C,00,00,00,00,00,00,
100381038,00000118,false,Rx,1,4,00,4D,00,00,00,00,00,00,
100390883,00000118,false,Rx,1,4,00,4E,00,00,00,00,00,00,
100401042,00000118,false,Rx,1,4,00,4F,00,00,00,00,00,00,
100410859,00000118,false,Rx,1,4,00,40,00,00,00,00,00,00,
100421029,00000118,false,Rx,1,4,00,41,00,00,00,00,00,00,
100431243,00000118,false,Rx,1,4,00,42,00,00,00,00,00,00,
100441392,00000118,false,Rx,1,4,00,43,00,00,00,00,00,00,
100451245,00000118,false,Rx,1,4,00,44,00,00,00,00,00,00,
100461377,00000118,false,Rx,1,4,00,45,00,00,00,00,00,00,
100461673,17F0000F,true,Rx,1,8,00,0F,00,00,00,00,00,00,
100471271,00000118,false,Rx,1,4,00,46,00,00,00,00,00,00,
100472767,0000070F,false,Rx,0,8,03,22,2B,F1,55,55,55,55,
100481384,00000118,false,Rx,1,4,00,47,00,00,00,00,00,00,
100491192,00000118,false,Rx,1,4,00,48,00,00,00,00,00,00,
100492494,00000779,false,Rx,1,8,05,62,2B,F1,DD,74,AA,AA,
100501377,00000118,false,Rx,1,4,00,49,00,00,00,00,00,00,
100511180,00000118,false,Rx,1,4,00,4A,00,00,00,00,00,00,
100521350,00000118,false,Rx,1,4,00,4B,00,00,00,00,00,00,
100531166,00000118,false,Rx,1,4,00,4C,00,00,00,00,00,00,
100541321,00000118,false,Rx,1,4,00,4D,00,00,00,00,00,00,
100551166,00000118,false,Rx,1,4,00,4E,00,00,00,00,00,00,
100561300,00000118,false,Rx,1,4,00,4F,00,00,00,00,00,00,
100571188,00000118,false,Rx,1,4,00,40,00,00,00,00,00,00,
100581284,00000118,false,Rx,1,4,00,41,00,00,00,00,00,00,
100591116,00000118,false,Rx,1,4,00,42,00,00,00,00,00,00,
100601292,00000118,false,Rx,1,4,00,43,00,00,00,00,00,00,
100611100,00000118,false,Rx,1,4,00,44,00,00,00,00,00,00,
100621270,00000118,false,Rx,1,4,00,45,00,00,00,00,00,00,
100631083,00000118,false,Rx,1,4,00,46,00,00,00,00,00,00,
100641235,00000118,false,Rx,1,4,00,47,00,00,00,00,00,00,
100651087,00000118,false,Rx,1,4,00,48,00,00,00,00,00,00,
100661220,00000118,false,Rx,1,4,00,49,00,00,00,00,00,00,
100671110,00000118,false,Rx,1,4,00,4A,00,00,00,00,00,00,
100681205,00000118,false,Rx,1,4,00,4B,00,00,00,00,00,00,
100691041,00000118,false,Rx,1,4,00,4C,00,00,00,00,00,00,
100701209,00000118,false,Rx,1,4,00,4D,00,00,00,00,00,00,
100711022,00000118,false,Rx,1,4,00,4E,00,00,00,00,00,00,
100721192,00000118,false,Rx,1,4,00,4F,00,00,00,00,00,00,
100731009,00000118,false,Rx,1,4,00,40,00,00,00,00,00,00,
100741159,00000118,false,Rx,1,4,00,41,00,00,00,00,00,00,
100751009,00000118,false,Rx,1,4,00,42,00,00,00,00,00,00,
100761141,00000118,false,Rx,1,4,00,43,00,00,00,00,00,00,
100771029,00000118,false,Rx,1,4,00,44,00,00,00,00,00,00,
100781143,00000118,false,Rx,1,4,00,45,00,00,00,00,00,00,
100788472,0000070F,false,Rx,0,8,03,22,2B,E4,55,55,55,55,
100790982,00000118,false,Rx,1,4,00,46,00,00,00,00,00,00,
100801128,00000118,false,Rx,1,4,00,47,00,00,00,00,00,00,
100803426,00000779,false,Rx,1,8,05,62,2B,E4,71,63,AA,AA,
100811133,00000118,false,Rx,1,4,00,48,00,00,00,00,00,00,
100828026,00000118,false,Rx,1,4,00,49,00,00,00,00,00,00,
100831489,00000118,false,Rx,1,4,00,4A,00,00,00,00,00,00,
100841574,00000118,false,Rx,1,4,00,4B,00,00,00,00,00,00,
100851339,00000118,false,Rx,1,4,00,4C,00,00,00,00,00,00,
100861570,00000118,false,Rx,1,4,00,4D,00,00,00,00,00,00,
100871356,00000118,false,Rx,1,4,00,4E,00,00,00,00,00,00,
100881521,00000118,false,Rx,1,4,00,4F,00,00,00,00,00,00,
100891342,00000118,false,Rx,1,4,00,40,00,00,00,00,00,00,
100901528,00000118,false,Rx,1,4,00,41,00,00,00,00,00,00,
100911341,00000118,false,Rx,1,4,00,42,00,00,00,00,00,00,
100921453,00000118,false,Rx,1,4,00,43,00,00,00,00,00,00,
100931346,00000118,false,Rx,1,4,00,44,00,00,00,00,00,00,
100941455,00000118,false,Rx,1,4,00,45,00,00,00,00,00,00,
100951615,00000118,false,Rx,1,4,00,46,00,00,00,00,00,00,
100961821,00000118,false,Rx,1,4,00,47,00,00,00,00,00,00,
100962117,17F0000F,true,Rx,1,8,00,0F,00,00,00,00,00,00,
100971798,00000118,false,Rx,1,4,00,48,00,00,00,00,00,00,
100981823,00000118,false,Rx,1,4,00,49,00,00,00,00,00,00,
100992005,00000118,false,Rx,1,4,00,4A,00,00,00,00,00,00,
101002155,00000118,false,Rx,1,4,00,4B,00,00,00,00,00,00,
101012010,00000118,false,Rx,1,4,00,4C,00,00,00,00,00,00,
101022136,00000118,false,Rx,1,4,00,4D,00,00,00,00,00,00,
101031972,00000118,false,Rx,1,4,00,4E,00,00,00,00,00,00,
101042152,00000118,false,Rx,1,4,00,4F,00,00,00,00,00,00,
101052356,00000118,false,Rx,1,4,00,40,00,00,00,00,00,00,
101062533,00000118,false,Rx,1,4,00,41,00,00,00,00,00,00,
101072376,00000118,false,Rx,1,4,00,42,00,00,00,00,00,00,
101082508,00000118,false,Rx,1,4,00,43,00,00,00,00,00,00,
101092322,00000118,false,Rx,1,4,00,44,00,00,00,00,00,00,
101102475,00000118,false,Rx,1,4,00,45,00,00,00,00,00,00,
101104452,0000070F,false,Rx,0,8,03,22,02,8D,55,55,55,55,
101112352,00000118,false,Rx,1,4,00,46,00,00,00,00,00,00,
101122457,00000118,false,Rx,1,4,00,47,00,00,00,00,00,00,
101124582,00000779,false,Rx,1,8,05,62,02,8D,7F,00,AA,AA,
101132321,00000118,false,Rx,1,4,00,48,00,00,00,00,00,00,
101142442,00000118,false,Rx,1,4,00,49,00,00,00,00,00,00,
101152279,00000118,false,Rx,1,4,00,4A,00,00,00,00,00,00,
101162447,00000118,false,Rx,1,4,00,4B,00,00,00,00,00,00,
101172301,00000118,false,Rx,1,4,00,4C,00,00,00,00,00,00,
101182431,00000118,false,Rx,1,4,00,4D,00,00,00,00,00,00,
101192646,00000118,false,Rx,1,4,00,4E,00,00,00,00,00,00,
101202794,00000118,false,Rx,1,4,00,4F,00,00,00,00,00,00,
101212650,00000118,false,Rx,1,4,00,40,00,00,00,00,00,00,
101222781,00000118,false,Rx,1,4,00,41,00,00,00,00,00,00,
101232632,00000118,false,Rx,1,4,00,42,00,00,00,00,00,00,
101242763,00000118,false,Rx,1,4,00,43,00,00,00,00,00,00,
101252598,00000118,false,Rx,1,4,00,44,00,00,00,00,00,00,
101262766,00000118,false,Rx,1,4,00,45,00,00,00,00,00,00,
101272618,00000118,false,Rx,1,4,00,46,00,00,00,00,00,00,
101282751,00000118,false,Rx,1,4,00,47,00,00,00,00,00,00,
101292564,00000118,false,Rx,1,4,00,48,00,00,00,00,00,00,
101302716,00000118,false,Rx,1,4,00,49,00,00,00,00,00,00,
101312573,00000118,false,Rx,1,4,00,4A,00,00,00,00,00,00,
101322724,00000118,false,Rx,1,4,00,4B,00,00,00,00,00,00,
101332513,00000118,false,Rx,1,4,00,4C,00,00,00,00,00,00,
101342825,00000118,false,Rx,1,4,00,4D,00,00,00,00,00,00,
101352558,00000118,false,Rx,1,4,00,4E,00,00,00,00,00,00,
101362669,00000118,false,Rx,1,4,00,4F,00,00,00,00,00,00,
101372561,00000118,false,Rx,1,4,00,40,00,00,00,00,00,00,
101382656,00000118,false,Rx,1,4,00,41,00,00,00,00,00,00,
101392489,00000118,false,Rx,1,4,00,42,00,00,00,00,00,00,
101402658,00000118,false,Rx,1,4,00,43,00,00,00,00,00,00,
101412473,00000118,false,Rx,1,4,00,44,00,00,00,00,00,00,
101421851,0000070F,false,Rx,0,8,03,22,2B,F1,55,55,55,55,
101422665,00000118,false,Rx,1,4,00,45,00,00,00,00,00,00,
101432456,00000118,false,Rx,1,4,00,46,00,00,00,00,00,00,
101433753,00000779,false,Rx,1,8,05,62,2B,F1,0F,75,AA,AA,
101442618,00000118,false,Rx,1,4,00,47,00,00,00,00,00,00,
101452459,00000118,false,Rx,1,4,00,48,00,00,00,00,00,00,
101462592,00000118,false,Rx,1,4,00,49,00,00,00,00,00,00,
101462888,17F0000F,true,Rx,1,8,00,0F,00,00,00,00,00,00,
101472489,00000118,false,Rx,1,4,00,4A,00,00,00,00,00,00,
101482578,00000118,false,Rx,1,4,00,4B,00,00,00,00,00,00,
101492414,00000118,false,Rx,1,4,00,4C,00,00,00,00,00,00,
101502578,00000118,false,Rx,1,4,00,4D,00,00,00,00,00,00,
101512396,00000118,false,Rx,1,4,00,4E,00,00,00,00,00,00,
101522566,00000118,false,Rx,1,4,00,4F,00,00,00,00,00,00,
101532381,00000118,false,Rx,1,4,00,40,00,00,00,00,00,00,
101542541,00000118,false,Rx,1,4,00,41,00,00,00,00,00,00,
101552508,00000118,false,Rx,1,4,00,42,00,00,00,00,00,00,
101562515,00000118,false,Rx,1,4,00,43,00,00,00,00,00,00,
101572402,00000118,false,Rx,1,4,00,44,00,00,00,00,00,00,
101582497,00000118,false,Rx,1,4,00,45,00,00,00,00,00,00,
101592330,00000118,false,Rx,1,4,00,46,00,00,00,00,00,00,
101602502,00000118,false,Rx,1,4,00,47,00,00,00,00,00,00,
101612714,00000118,false,Rx,1,4,00,48,00,00,00,00,00,00,
101622893,00000118,false,Rx,1,4,00,49,00,00,00,00,00,00,
101633102,00000118,false,Rx,1,4,00,4A,00,00,00,00,00,00,
101643366,00000118,false,Rx,1,4,00,4B,00,00,00,00,00,00,
101653106,00000118,false,Rx,1,4,00,4C,00,00,00,00,00,00,
101663363,00000118,false,Rx,1,4,00,4D,00,00,00,00,00,00,
101673124,00000118,false,Rx,1,4,00,4E,00,00,00,00,00,00,
101683394,00000118,false,Rx,1,4,00,4F,00,00,00,00,00,00,
101693058,00000118,false,Rx,1,4,00,40,00,00,00,00,00,00,
101703368,00000118,false,Rx,1,4,00,41,00,00,00,00,00,00,
101713439,00000118,false,Rx,1,4,00,42,00,00,00,00,00,00,
101723859,00000118,false,Rx,1,4,00,43,00,00,00,00,00,00,
101733407,00000118,false,Rx,1,4,00,44,00,00,00,00,00,00,
101736947,0000070F,false,Rx,0,8,03,22,2B,E4,55,55,55,55,
101743615,00000118,false,Rx,1,4,00,45,00,00,00,00,00,00,
101753405,00000118,false,Rx,1,4,00,46,00,00,00,00,00,00,
101754704,00000779,false,Rx,1,8,05,62,2B,E4,71,63,AA,AA,
101763602,00000118,false,Rx,1,4,00,47,00,00,00,00,00,00,
101773426,00000118,false,Rx,1,4,00,48,00,00,00,00,00,00,
101784087,00000118,false,Rx,1,4,00,49,00,00,00,00,00,00,
101794179,00000118,false,Rx,1,4,00,4A,00,00,00,00,00,00,
101804579,00000118,false,Rx,1,4,00,4B,00,00,00,00,00,00,
101814937,00000118,false,Rx,1,4,00,4C,00,00,00,00,00,00,
101830674,00000118,false,Rx,1,4,00,4D,00,00,00,00,00,00,
101834278,00000118,false,Rx,1,4,00,4E,00,00,00,00,00,00,
101844386,00000118,false,Rx,1,4,00,4F,00,00,00,00,00,00,
101854257,00000118,false,Rx,1,4,00,40,00,00,00,00,00,00,
101864444,00000118,false,Rx,1,4,00,41,00,00,00,00,00,00,
101874349,00000118,false,Rx,1,4,00,42,00,00,00,00,00,00,
101884318,00000118,false,Rx,1,4,00,43,00,00,00,00,00,00,
101894581,00000118,false,Rx,1,4,00,44,00,00,00,00,00,00,
101904683,00000118,false,Rx,1,4,00,45,00,00,00,00,00,00,
101914586,00000118,false,Rx,1,4,00,46,00,00,00,00,00,00,
101924889,00000118,false,Rx,1,4,00,47,00,00,00,00,00,00,
101934586,00000118,false,Rx,1,4,00,48,00,00,00,00,00,00,
101944671,00000118,false,Rx,1,4,00,49,00,00,00,00,00,00,
101954852,00000118,false,Rx,1,4,00,4A,00,00,00,00,00,00,
101965019,00000118,false,Rx,1,4,00,4B,00,00,00,00,00,00,
101965315,17F0000F,true,Rx,1,8,00,0F,00,00,00,00,00,00,
101974878,00000118,false,Rx,1,4,00,4C,00,00,00,00,00,00,
101985003,00000118,false,Rx,1,4,00,4D,00,00,00,00,00,00,
101994818,00000118,false,Rx,1,4,00,4E,00,00,00,00,00,00,
102004967,00000118,false,Rx,1,4,00,4F,00,00,00,00,00,00,
102014823,00000118,false,Rx,1,4,00,40,00,00,00,00,00,00,
102024954,00000118,false,Rx,1,4,00,41,00,00,00,00,00,00,
102034854,00000118,false,Rx,1,4,00,42,00,00,00,00,00,00,
102044968,00000118,false,Rx,1,4,00,43,00,00,00,00,00,00,
102052764,0000070F,false,Rx,0,8,03,22,02,8D,55,55,55,55,
102054779,00000118,false,Rx,1,4,00,44,00,00,00,00,00,00,
102064963,00000118,false,Rx,1,4,00,45,00,00,00,00,00,00,
102067081,00000779,false,Rx,1,8,05,62,02,8D,7F,00,AA,AA,
102074800,00000118,false,Rx,1,4,00,46,00,00,00,00,00,00,
102084942,00000118,false,Rx,1,4,00,47,00,00,00,00,00,00,
102094739,00000118,false,Rx,1,4,00,48,00,00,00,00,00,00,
102104891,00000118,false,Rx,1,4,00,49,00,00,00,00,00,00,
102114746,00000118,false,Rx,1,4,00,4A,00,00,00,00,00,00,
102124877,00000118,false,Rx,1,4,00,4B,00,00,00,00,00,00,
102134849,00000118,false,Rx,1,4,00,4C,00,00,00,00,00,00,
102144895,00000118,false,Rx,1,4,00,4D,00,00,00,00,00,00,
102154676,00000118,false,Rx,1,4,00,4E,00,00,00,00,00,00,
102164880,00000118,false,Rx,1,4,00,4F,00,00,00,00,00,00,
102174697,00000118,false,Rx,1,4,00,40,00,00,00,00,00,00,
102184866,00000118,false,Rx,1,4,00,41,00,00,00,00,00,00,
102194645,00000118,false,Rx,1,4,00,42,00,00,00,00,00,00,
102204832,00000118,false,Rx,1,4,00,43,00,00,00,00,00,00,
102215065,00000118,false,Rx,1,4,00,44,00,00,00,00,00,00,
102225197,00000118,false,Rx,1,4,00,45,00,00,00,00,00,00,
102235030,00000118,false,Rx,1,4,00,46,00,00,00,00,00,00,
102245199,00000118,false,Rx,1,4,00,47,00,00,00,00,00,00,
102255813,00000118,false,Rx,1,4,00,48,00,00,00,00,00,00,
102265984,00000118,false,Rx,1,4,00,49,00,00,00,00,00,00,
102275836,00000118,false,Rx,1,4,00,4A,00,00,00,00,00,00,
102285970,00000118,false,Rx,1,4,00,4B,00,00,00,00,00,00,
102296186,00000118,false,Rx,1,4,00,4C,00,00,00,00,00,00,
102306334,00000118,false,Rx,1,4,00,4D,00,00,00,00,00,00,
102316186,00000118,false,Rx,1,4,00,4E,00,00,00,00,00,00,
102326366,00000118,false,Rx,1,4,00,4F,00,00,00,00,00,00,
102339195,00000118,false,Rx,1,4,00,40,00,00,00,00,00,00,
102347269,00000118,false,Rx,1,4,00,41,00,00,00,00,00,00,
102356073,00000118,false,Rx,1,4,00,42,00,00,00,00,00,00,
102366378,00000118,false,Rx,1,4,00,43,00,00,00,00,00,00,
102376102,00000118,false,Rx,1,4,00,44,00,00,00,00,00,00,
102376895,0000070F,false,Rx,0,8,03,22,2B,F1,55,55,55,55,
102386368,00000118,false,Rx,1,4,00,45,00,00,00,00,00,00,
102396049,00000118,false,Rx,1,4,00,46,00,00,00,00,00,00,
102397346,00000779,false,Rx,1,8,05,62,2B,F1,0F,75,AA,AA,
102406341,00000118,false,Rx,1,4,00,47,00,00,00,00,00,00,
102416013,00000118,false,Rx,1,4,00,48,00,00,00,00,00,00,
102426332,00000118,false,Rx,1,4,00,49,00,00,00,00,00,00,
102436003,00000118,false,Rx,1,4,00,4A,00,00,00,00,00,00,
102446324,00000118,false,Rx,1,4,00,4B,00,00,00,00,00,00,
102455987,00000118,false,Rx,1,4,00,4C,00,00,00,00,00,00,
102466370,00000118,false,Rx,1,4,00,4D,00,00,00,00,00,00,
102466667,17F0000F,true,Rx,1,8,00,0F,00,00,00,00,00,00,
102476032,00000118,false,Rx,1,4,00,4E,00,00,00,00,00,00,
102486266,00000118,false,Rx,1,4,00,4F,00,00,00,00,00,00,
102495974,00000118,false,Rx,1,4,00,40,00,00,00,00,00,00,
102506254,00000118,false,Rx,1,4,00,41,00,00,00,00,00,00,
102515950,00000118,false,Rx,1,4,00,42,00,00,00,00,00,00,
102526254,00000118,false,Rx,1,4,00,43,00,00,00,00,00,00,
102535941,00000118,false,Rx,1,4,00,44,00,00,00,00,00,00,
102546251,00000118,false,Rx,1,4,00,45,00,00,00,00,00,00,
102555907,00000118,false,Rx,1,4,00,46,00,00,00,00,00,00,
102566373,00000118,false,Rx,1,4,00,47,00,00,00,00,00,00,
102575950,00000118,false,Rx,1,4,00,48,00,00,00,00,00,00,
102586188,00000118,false,Rx,1,4,00,49,00,00,00,00,00,00,
102595897,00000118,false,Rx,1,4,00,4A,00,00,00,00,00,00,
102606176,00000118,false,Rx,1,4,00,4B,00,00,00,00,00,00,
102615862,00000118,false,Rx,1,4,00,4C,00,00,00,00,00,00,
102626176,00000118,false,Rx,1,4,00,4D,00,00,00,00,00,00,
102635844,00000118,false,Rx,1,4,00,4E,00,00,00,00,00,00,
102646167,00000118,false,Rx,1,4,00,4F,00,00,00,00,00,00,
102655833,00000118,false,Rx,1,4,00,40,00,00,00,00,00,00,
102666128,00000118,false,Rx,1,4,00,41,00,00,00,00,00,00,
102675867,00000118,false,Rx,1,4,00,42,00,00,00,00,00,00,
102686110,00000118,false,Rx,1,4,00,43,00,00,00,00,00,00,
102695817,00000118,false,Rx,1,4,00,44,00,00,00,00,00,00,
102705978,0000070F,false,Rx,0,8,03,22,2B,E4,55,55,55,55,
102706096,00000118,false,Rx,1,4,00,45,00,00,00,00,00,00,
102715805,00000118,false,Rx,1,4,00,46,00,00,00,00,00,00,
102726098,00000118,false,Rx,1,4,00,47,00,00,00,00,00,00,
102728213,00000779,false,Rx,1,8,05,62,2B,E4,71,63,AA,AA,
102735776,00000118,false,Rx,1,4,00,48,00,00,00,00,00,00,
102746486,00000118,false,Rx,1,4,00,49,00,00,00,00,00,00,
102756153,00000118,false,Rx,1,4,00,4A,00,00,00,00,00,00,
102766451,00000118,false,Rx,1,4,00,4B,00,00,00,00,00,00,
102776191,00000118,false,Rx,1,4,00,4C,00,00,00,00,00,00,
102786432,00000118,false,Rx,1,4,00,4D,00,00,00,00,00,00,
102796139,00000118,false,Rx,1,4,00,4E,00,00,00,00,00,00,
102806418,00000118,false,Rx,1,4,00,4F,00,00,00,00,00,00,
102816106,00000118,false,Rx,1,4,00,40,00,00,00,00,00,00,
102826423,00000118,false,Rx,1,4,00,41,00,00,00,00,00,00,
102836166,00000118,false,Rx,1,4,00,42,00,00,00,00,00,00,
102846310,00000118,false,Rx,1,4,00,43,00,00,00,00,00,00,
102856221,00000118,false,Rx,1,4,00,44,00,00,00,00,00,00,
102866630,00000118,false,Rx,1,4,00,45,00,00,00,00,00,00,
102876377,00000118,false,Rx,1,4,00,46,00,00,00,00,00,00,
102886377,00000118,false,Rx,1,4,00,47,00,00,00,00,00,00,
102896114,00000118,false,Rx,1,4,00,48,00,00,00,00,00,00,
102906376,00000118,false,Rx,1,4,00,49,00,00,00,00,00,00,
102916634,00000118,false,Rx,1,4,00,4A,00,00,00,00,00,00,
102926886,00000118,false,Rx,1,4,00,4B,00,00,00,00,00,00,
102936633,00000118,false,Rx,1,4,00,4C,00,00,00,00,00,00,
102946875,00000118,false,Rx,1,4,00,4D,00,00,00,00,00,00,
102956643,00000118,false,Rx,1,4,00,4E,00,00,00,00,00,00,
102966630,00000118,false,Rx,1,4,00,4F,00,00,00,00,00,00,
102967173,17F0000F,true,Rx,1,8,00,0F,00,00,00,00,00,00,
102976634,00000118,false,Rx,1,4,00,40,00,00,00,00,00,00,
102986632,00000118,false,Rx,1,4,00,41,00,00,00,00,00,00,
102996631,00000118,false,Rx,1,4,00,42,00,00,00,00,00,00,
103006629,00000118,false,Rx,1,4,00,43,00,00,00,00,00,00,
103016631,00000118,false,Rx,1,4,00,44,00,00,00,00,00,00,
103021895,0000070F,false,Rx,0,8,03,22,02,8D,55,55,55,55,
103026629,00000118,false,Rx,1,4,00,45,00,00,00,00,00,00,
103036651,00000118,false,Rx,1,4,00,46,00,00,00,00,00,00,
103037874,00000779,false,Rx,1,8,05,62,02,8D,7F,00,AA,AA,
103046633,00000118,false,Rx,1,4,00,47,00,00,00,00,00,00,
103056411,00000118,false,Rx,1,4,00,48,00,00,00,00,00,00,
103066636,00000118,false,Rx,1,4,00,49,00,00,00,00,00,00,
103076635,00000118,false,Rx,1,4,00,4A,00,00,00,00,00,00,
103086636,00000118,false,Rx,1,4,00,4B,00,00,00,00,00,00,
103096382,00000118,false,Rx,1,4,00,4C,00,00,00,00,00,00,
103106629,00000118,false,Rx,1,4,00,4D,00,00,00,00,00,00,
103116877,00000118,false,Rx,1,4,00,4E,00,00,00,00,00,00,
103127124,00000118,false,Rx,1,4,00,4F,00,00,00,00,00,00,
103137367,00000118,false,Rx,1,4,00,40,00,00,00,00,00,00,
103147366,00000118,false,Rx,1,4,00,41,00,00,00,00,00,00,
103157127,00000118,false,Rx,1,4,00,42,00,00,00,00,00,00,
103167366,00000118,false,Rx,1,4,00,43,00,00,00,00,00,00,
103177363,00000118,false,Rx,1,4,00,44,00,00,00,00,00,00,
103187372,00000118,false,Rx,1,4,00,45,00,00,00,00,00,00,
103197120,00000118,false,Rx,1,4,00,46,00,00,00,00,00,00,
103207375,00000118,false,Rx,1,4,00,47,00,00,00,00,00,00,
103217117,00000118,false,Rx,1,4,00,48,00,00,00,00,00,00,
103227360,00000118,false,Rx,1,4,00,49,00,00,00,00,00,00,
103237124,00000118,false,Rx,1,4,00,4A,00,00,00,00,00,00,
103247366,00000118,false,Rx,1,4,00,4B,00,00,00,00,00,00,
103257146,00000118,false,Rx,1,4,00,4C,00,00,00,00,00,00,
103267368,00000118,false,Rx,1,4,00,4D,00,00,00,00,00,00,
103277125,00000118,false,Rx,1,4,00,4E,00,00,00,00,00,00,
103287369,00000118,false,Rx,1,4,00,4F,00,00,00,00,00,00,
103297122,00000118,false,Rx,1,4,00,40,00,00,00,00,00,00,
103307366,00000118,false,Rx,1,4,00,41,00,00,00,00,00,00,
103317127,00000118,false,Rx,1,4,00,42,00,00,00,00,00,00,
103327203,00000118,false,Rx,1,4,00,43,00,00,00,00,00,00,
103340328,0000070F,false,Rx,0,8,03,22,2B,F1,55,55,55,55,
103340364,00000118,false,Rx,1,4,00,44,00,00,00,00,00,00,
103347262,00000118,false,Rx,1,4,00,45,00,00,00,00,00,00,
103356902,00000118,false,Rx,1,4,00,46,00,00,00,00,00,00,
103358208,00000779,false,Rx,1,8,05,62,2B,F1,37,75,AA,AA,
103367400,00000118,false,Rx,1,4,00,47,00,00,00,00,00,00,
103376940,00000118,false,Rx,1,4,00,48,00,00,00,00,00,00,
103387166,00000118,false,Rx,1,4,00,49,00,00,00,00,00,00,
103396853,00000118,false,Rx,1,4,00,4A,00,00,00,00,00,00,
103407171,00000118,false,Rx,1,4,00,4B,00,00,00,00,00,00,
103416838,00000118,false,Rx,1,4,00,4C,00,00,00,00,00,00,
103427153,00000118,false,Rx,1,4,00,4D,00,00,00,00,00,00,
103436820,00000118,false,Rx,1,4,00,4E,00,00,00,00,00,00,
103447118,00000118,false,Rx,1,4,00,4F,00,00,00,00,00,00,
103456826,00000118,false,Rx,1,4,00,40,00,00,00,00,00,00,
103467112,00000118,false,Rx,1,4,00,41,00,00,00,00,00,00,
103467640,17F0000F,true,Rx,1,8,00,0F,00,00,00,00,00,00,
103476851,00000118,false,Rx,1,4,00,42,00,00,00,00,00,00,
103487087,00000118,false,Rx,1,4,00,43,00,00,00,00,00,00,
103496773,00000118,false,Rx,1,4,00,44,00,00,00,00,00,00,
103507092,00000118,false,Rx,1,4,00,45,00,00,00,00,00,00,
103516758,00000118,false,Rx,1,4,00,46,00,00,00,00,00,00,
103527075,00000118,false,Rx,1,4,00,47,00,00,00,00,00,00,
103536741,00000118,false,Rx,1,4,00,48,00,00,00,00,00,00,
103547044,00000118,false,Rx,1,4,00,49,00,00,00,00,00,00,
103556750,00000118,false,Rx,1,4,00,4A,00,00,00,00,00,00,
103567041,00000118,false,Rx,1,4,00,4B,00,00,00,00,00,00,
103576773,00000118,false,Rx,1,4,00,4C,00,00,00,00,00,00,
103587010,00000118,false,Rx,1,4,00,4D,00,00,00,00,00,00,
103596697,00000118,false,Rx,1,4,00,4E,00,00,00,00,00,00,
103607013,00000118,false,Rx,1,4,00,4F,00,00,00,00,00,00,
103616683,00000118,false,Rx,1,4,00,40,00,00,00,00,00,00,
103626999,00000118,false,Rx,1,4,00,41,00,00,00,00,00,00,
103636665,00000118,false,Rx,1,4,00,42,00,00,00,00,00,00,
103646962,00000118,false,Rx,1,4,00,43,00,00,00,00,00,00,
103653610,0000070F,false,Rx,0,8,03,22,2B,E4,55,55,55,55,
103656693,00000118,false,Rx,1,4,00,44,00,00,00,00,00,00,
103666953,00000118,false,Rx,1,4,00,45,00,00,00,00,00,00,
103669068,00000779,false,Rx,1,8,05,62,2B,E4,71,63,AA,AA,
103676698,00000118,false,Rx,1,4,00,46,00,00,00,00,00,00,
103686951,00000118,false,Rx,1,4,00,47,00,00,00,00,00,00,
103696616,00000118,false,Rx,1,4,00,48,00,00,00,00,00,00,
103706950,00000118,false,Rx,1,4,00,49,00,00,00,00,00,00,
103716604,00000118,false,Rx,1,4,00,4A,00,00,00,00,00,00,
103726941,00000118,false,Rx,1,4,00,4B,00,00,00,00,00,00,
103736590,00000118,false,Rx,1,4,00,4C,00,00,00,00,00,00,
103746886,00000118,false,Rx,1,4,00,4D,00,00,00,00,00,00,
103756592,00000118,false,Rx,1,4,00,4E,00,00,00,00,00,00,
103766870,00000118,false,Rx,1,4,00,4F,00,00,00,00,00,00,
103776615,00000118,false,Rx,1,4,00,40,00,00,00,00,00,00,
103786857,00000118,false,Rx,1,4,00,41,00,00,00,00,00,00,
103796541,00000118,false,Rx,1,4,00,42,00,00,00,00,00,00,
103806858,00000118,false,Rx,1,4,00,43,00,00,00,00,00,00,
103816526,00000118,false,Rx,1,4,00,44,00,00,00,00,00,00,
103826883,00000118,false,Rx,1,4,00,45,00,00,00,00,00,00,
103836578,00000118,false,Rx,1,4,00,46,00,00,00,00,00,00,
103846887,00000118,false,Rx,1,4,00,47,00,00,00,00,00,00,
103856736,00000118,false,Rx,1,4,00,48,00,00,00,00,00,00,
103866864,00000118,false,Rx,1,4,00,49,00,00,00,00,00,00,
103876630,00000118,false,Rx,1,4,00,4A,00,00,00,00,00,00,
103886869,00000118,false,Rx,1,4,00,4B,00,00,00,00,00,00,
103896626,00000118,false,Rx,1,4,00,4C,00,00,00,00,00,00,
103906866,00000118,false,Rx,1,4,00,4D,00,00,00,00,00,00,
103916623,00000118,false,Rx,1,4,00,4E,00,00,00,00,00,00,
103926867,00000118,false,Rx,1,4,00,4F,00,00,00,00,00,00,
103936626,00000118,false,Rx,1,4,00,40,00,00,00,00,00,00,
103946870,00000118,false,Rx,1,4,00,41,00,00,00,00,00,00,
103956629,00000118,false,Rx,1,4,00,42,00,00,00,00,00,00,
103966679,0000070F,false,Rx,0,8,03,22,02,8D,55,55,55,55,
103966877,00000118,false,Rx,1,4,00,43,00,00,00,00,00,00,
103967411,17F0000F,true,Rx,1,8,00,0F,00,00,00,00,00,00,
103976628,00000118,false,Rx,1,4,00,44,00,00,00,00,00,00,
103986869,00000118,false,Rx,1,4,00,45,00,00,00,00,00,00,
103988936,00000779,false,Rx,1,8,05,62,02,8D,7F,00,AA,AA,
103996622,00000118,false,Rx,1,4,00,46,00,00,00,00,00,00,
104007113,00000118,false,Rx,1,4,00,47,00,00,00,00,00,00,
104016867,00000118,false,Rx,1,4,00,48,00,00,00,00,00,00,
104027108,00000118,false,Rx,1,4,00,49,00,00,00,00,00,00,
104036870,00000118,false,Rx,1,4,00,4A,00,00,00,00,00,00,
104047128,00000118,false,Rx,1,4,00,4B,00,00,00,00,00,00,
104056891,00000118,false,Rx,1,4,00,4C,00,00,00,00,00,00,
104067118,00000118,false,Rx,1,4,00,4D,00,00,00,00,00,00,
104076885,00000118,false,Rx,1,4,00,4E,00,00,00,00,00,00,
104087116,00000118,false,Rx,1,4,00,4F,00,00,00,00,00,00,
104096884,00000118,false,Rx,1,4,00,40,00,00,00,00,00,00,
104107113,00000118,false,Rx,1,4,00,41,00,00,00,00,00,00,
104116867,00000118,false,Rx,1,4,00,42,00,00,00,00,00,00,
104127110,00000118,false,Rx,1,4,00,43,00,00,00,00,00,00,
104136870,00000118,false,Rx,1,4,00,44,00,00,00,00,00,00,
104147112,00000118,false,Rx,1,4,00,45,00,00,00,00,00,00,
104156865,00000118,false,Rx,1,4,00,46,00,00,00,00,00,00,
104167113,00000118,false,Rx,1,4,00,47,00,00,00,00,00,00,
104176867,00000118,false,Rx,1,4,00,48,00,00,00,00,00,00,
104187112,00000118,false,Rx,1,4,00,49,00,00,00,00,00,00,
104196871,00000118,false,Rx,1,4,00,4A,00,00,00,00,00,00,
104206876,00000118,false,Rx,1,4,00,4B,00,00,00,00,00,00,
104216871,00000118,false,Rx,1,4,00,4C,00,00,00,00,00,00,
104226874,00000118,false,Rx,1,4,00,4D,00,00,00,00,00,00,
104237111,00000118,false,Rx,1,4,00,4E,00,00,00,00,00,00,
104247363,00000118,false,Rx,1,4,00,4F,00,00,00,00,00,00,
104257138,00000118,false,Rx,1,4,00,40,00,00,00,00,00,00,
104267358,00000118,false,Rx,1,4,00,41,00,00,00,00,00,00,
104277111,00000118,false,Rx,1,4,00,42,00,00,00,00,00,00,
104287357,00000118,false,Rx,1,4,00,43,00,00,00,00,00,00,
104288379,0000070F,false,Rx,0,8,03,22,2B,F1,55,55,55,55,
104297116,00000118,false,Rx,1,4,00,44,00,00,00,00,00,00,
104307352,00000118,false,Rx,1,4,00,45,00,00,00,00,00,00,
104309416,00000779,false,Rx,1,8,05,62,2B,F1,37,75,AA,AA,
104317602,00000118,false,Rx,1,4,00,46,00,00,00,00,00,00,
104328040,00000118,false,Rx,1,4,00,47,00,00,00,00,00,00,
104340148,00000118,false,Rx,1,4,00,48,00,00,00,00,00,00,
104348064,00000118,false,Rx,1,4,00,49,00,00,00,00,00,00,
104357746,00000118,false,Rx,1,4,00,4A,00,00,00,00,00,00,
104368129,00000118,false,Rx,1,4,00,4B,00,00,00,00,00,00,
104377747,00000118,false,Rx,1,4,00,4C,00,00,00,00,00,00,
104387996,00000118,false,Rx,1,4,00,4D,00,00,00,00,00,00,
104397676,00000118,false,Rx,1,4,00,4E,00,00,00,00,00,00,
104407991,00000118,false,Rx,1,4,00,4F,00,00,00,00,00,00,
104417661,00000118,false,Rx,1,4,00,40,00,00,00,00,00,00,
104427978,00000118,false,Rx,1,4,00,41,00,00,00,00,00,00,
104437645,00000118,false,Rx,1,4,00,42,00,00,00,00,00,00,
104447950,00000118,false,Rx,1,4,00,43,00,00,00,00,00,00,
104457648,00000118,false,Rx,1,4,00,44,00,00,00,00,00,00,
104468117,00000118,false,Rx,1,4,00,45,00,00,00,00,00,00,
104468651,17F0000F,true,Rx,1,8,00,0F,00,00,00,00,00,00,
104477672,00000118,false,Rx,1,4,00,46,00,00,00,00,00,00,
104487913,00000118,false,Rx,1,4,00,47,00,00,00,00,00,00,
104497595,00000118,false,Rx,1,4,00,48,00,00,00,00,00,00,
104507913,00000118,false,Rx,1,4,00,49,00,00,00,00,00,00,
104517584,00000118,false,Rx,1,4,00,4A,00,00,00,00,00,00,
104527901,00000118,false,Rx,1,4,00,4B,00,00,00,00,00,00,
104537568,00000118,false,Rx,1,4,00,4C,00,00,00,00,00,00,
104547873,00000118,false,Rx,1,4,00,4D,00,00,00,00,00,00,
104557570,00000118,false,Rx,1,4,00,4E,00,00,00,00,00,00,
104567874,00000118,false,Rx,1,4,00,4F,00,00,00,00,00,00,
104577594,00000118,false,Rx,1,4,00,40,00,00,00,00,00,00,
104587849,00000118,false,Rx,1,4,00,41,00,00,00,00,00,00,
104597521,00000118,false,Rx,1,4,00,42,00,00,00,00,00,00,
104606297,0000070F,false,Rx,0,8,03,22,2B,E4,55,55,55,55,
104607860,00000118,false,Rx,1,4,00,43,00,00,00,00,00,00,
104617504,00000118,false,Rx,1,4,00,44,00,00,00,00,00,00,
104618801,00000779,false,Rx,1,8,05,62,2B,E4,71,63,AA,AA,
104627833,00000118,false,Rx,1,4,00,45,00,00,00,00,00,00,
104637487,00000118,false,Rx,1,4,00,46,00,00,00,00,00,00,
104647787,00000118,false,Rx,1,4,00,47,00,00,00,00,00,00,
104657490,00000118,false,Rx,1,4,00,48,00,00,00,00,00,00,
104667876,00000118,false,Rx,1,4,00,49,00,00,00,00,00,00,
104677515,00000118,false,Rx,1,4,00,4A,00,00,00,00,00,00,
104687759,00000118,false,Rx,1,4,00,4B,00,00,00,00,00,00,
104697446,00000118,false,Rx,1,4,00,4C,00,00,00,00,00,00,
104707760,00000118,false,Rx,1,4,00,4D,00,00,00,00,00,00,
104717427,00000118,false,Rx,1,4,00,4E,00,00,00,00,00,00,
104727744,00000118,false,Rx,1,4,00,4F,00,00,00,00,00,00,
104737413,00000118,false,Rx,1,4,00,40,00,00,00,00,00,00,
104747711,00000118,false,Rx,1,4,00,41,00,00,00,00,00,00,
104757415,00000118,false,Rx,1,4,00,42,00,00,00,00,00,00,
104767871,00000118,false,Rx,1,4,00,43,00,00,00,00,00,00,
104777435,00000118,false,Rx,1,4,00,44,00,00,00,00,00,00,
104787679,00000118,false,Rx,1,4,00,45,00,00,00,00,00,00,
104797363,00000118,false,Rx,1,4,00,46,00,00,00,00,00,00,
104807681,00000118,false,Rx,1,4,00,47,00,00,00,00,00,00,
104817349,00000118,false,Rx,1,4,00,48,00,00,00,00,00,00,
104828081,00000118,false,Rx,1,4,00,49,00,00,00,00,00,00,
104842620,00000118,false,Rx,1,4,00,4A,00,00,00,00,00,00,
104848311,00000118,false,Rx,1,4,00,4B,00,00,00,00,00,00,
104857351,00000118,false,Rx,1,4,00,4C,00,00,00,00,00,00,
104867891,00000118,false,Rx,1,4,00,4D,00,00,00,00,00,00,
104877357,00000118,false,Rx,1,4,00,4E,00,00,00,00,00,00,
104887600,00000118,false,Rx,1,4,00,4F,00,00,00,00,00,00,
104897310,00000118,false,Rx,1,4,00,40,00,00,00,00,00,00,
104907606,00000118,false,Rx,1,4,00,41,00,00,00,00,00,00,
104917273,00000118,false,Rx,1,4,00,42,00,00,00,00,00,00,
104925050,0000070F,false,Rx,0,8,03,22,02,8D,55,55,55,55,
104927613,00000118,false,Rx,1,4,00,43,00,00,00,00,00,00,
104937256,00000118,false,Rx,1,4,00,44,00,00,00,00,00,00,
104938559,00000779,false,Rx,1,8,05,62,02,8D,7F,00,AA,AA,
104947566,00000118,false,Rx,1,4,00,45,00,00,00,00,00,00,
104957259,00000118,false,Rx,1,4,00,46,00,00,00,00,00,00,
104967633,00000118,false,Rx,1,4,00,47,00,00,00,00,00,00,
104968167,17F0000F,true,Rx,1,8,00,0F,00,00,00,00,00,00,
104977286,00000118,false,Rx,1,4,00,48,00,00,00,00,00,00,
104987525,00000118,false,Rx,1,4,00,49,00,00,00,00,00,00,
104997213,00000118,false,Rx,1,4,00,4A,00,00,00,00,00,00,
105007530,00000118,false,Rx,1,4,00,4B,00,00,00,00,00,00,
105017198,00000118,false,Rx,1,4,00,4C,00,00,00,00,00,00,
105027513,00000118,false,Rx,1,4,00,4D,00,00,00,00,00,00,
105037180,00000118,false,Rx,1,4,00,4E,00,00,00,00,00,00,
105047490,00000118,false,Rx,1,4,00,4F,00,00,00,00,00,00,
105057187,00000118,false,Rx,1,4,00,40,00,00,00,00,00,00,
105067638,00000118,false,Rx,1,4,00,41,00,00,00,00,00,00,
105077204,00000118,false,Rx,1,4,00,42,00,00,00,00,00,00,
105087445,00000118,false,Rx,1,4,00,43,00,00,00,00,00,00,
105097132,00000118,false,Rx,1,4,00,44,00,00,00,00,00,00,
105107457,00000118,false,Rx,1,4,00,45,00,00,00,00,00,00,
105117117,00000118,false,Rx,1,4,00,46,00,00,00,00,00,00,
105127433,00000118,false,Rx,1,4,00,47,00,00,00,00,00,00,
105137100,00000118,false,Rx,1,4,00,48,00,00,00,00,00,00,
105147399,00000118,false,Rx,1,4,00,49,00,00,00,00,00,00,
105157107,00000118,false,Rx,1,4,00,4A,00,00,00,00,00,00,
105167390,00000118,false,Rx,1,4,00,4B,00,00,00,00,00,00,
105177128,00000118,false,Rx,1,4,00,4C,00,00,00,00,00,00,
105187369,00000118,false,Rx,1,4,00,4D,00,00,00,00,00,00,
105197056,00000118,false,Rx,1,4,00,4E,00,00,00,00,00,00,
105207374,00000118,false,Rx,1,4,00,4F,00,00,00,00,00,00,
105217045,00000118,false,Rx,1,4,00,40,00,00,00,00,00,00,
105227359,00000118,false,Rx,1,4,00,41,00,00,00,00,00,00,
105237024,00000118,false,Rx,1,4,00,42,00,00,00,00,00,00,
105238190,0000070F,false,Rx,0,8,03,22,2B,F1,55,55,55,55,
105247347,00000118,false,Rx,1,4,00,43,00,00,00,00,00,00,
105257028,00000118,false,Rx,1,4,00,44,00,00,00,00,00,00,
105258328,00000779,false,Rx,1,8,05,62,2B,F1,37,75,AA,AA,
105267377,00000118,false,Rx,1,4,00,45,00,00,00,00,00,00,
105277047,00000118,false,Rx,1,4,00,46,00,00,00,00,00,00,
105287292,00000118,false,Rx,1,4,00,47,00,00,00,00,00,00,
105296977,00000118,false,Rx,1,4,00,48,00,00,00,00,00,00,
105307294,00000118,false,Rx,1,4,00,49,00,00,00,00,00,00,
105316965,00000118,false,Rx,1,4,00,4A,00,00,00,00,00,00,
105327292,00000118,false,Rx,1,4,00,4B,00,00,00,00,00,00,
105338570,00000118,false,Rx,1,4,00,4C,00,00,00,00,00,00,
105347312,00000118,false,Rx,1,4,00,4D,00,00,00,00,00,00,
105356954,00000118,false,Rx,1,4,00,4E,00,00,00,00,00,00,
105367391,00000118,false,Rx,1,4,00,4F,00,00,00,00,00,00,
105376955,00000118,false,Rx,1,4,00,40,00,00,00,00,00,00,
105387216,00000118,false,Rx,1,4,00,41,00,00,00,00,00,00,
105396938,00000118,false,Rx,1,4,00,42,00,00,00,00,00,00,
105407220,00000118,false,Rx,1,4,00,43,00,00,00,00,00,00,
105416908,00000118,false,Rx,1,4,00,44,00,00,00,00,00,00,
105427184,00000118,false,Rx,1,4,00,45,00,00,00,00,00,00,
105436868,00000118,false,Rx,1,4,00,46,00,00,00,00,00,00,
105447187,00000118,false,Rx,1,4,00,47,00,00,00,00,00,00,
105456854,00000118,false,Rx,1,4,00,48,00,00,00,00,00,00,
105467381,00000118,false,Rx,1,4,00,49,00,00,00,00,00,00,
105467966,17F0000F,true,Rx,1,8,00,0F,00,00,00,00,00,00,
105476884,00000118,false,Rx,1,4,00,4A,00,00,00,00,00,00,
105487138,00000118,false,Rx,1,4,00,4B,00,00,00,00,00,00,
105496845,00000118,false,Rx,1,4,00,4C,00,00,00,00,00,00,
105507122,00000118,false,Rx,1,4,00,4D,00,00,00,00,00,00,
105516831,00000118,false,Rx,1,4,00,4E,00,00,00,00,00,00,
105527108,00000118,false,Rx,1,4,00,4F,00,00,00,00,00,00,
105536795,00000118,false,Rx,1,4,00,40,00,00,00,00,00,00,
105547120,00000118,false,Rx,1,4,00,41,00,00,00,00,00,00,
105556777,00000118,false,Rx,1,4,00,42,00,00,00,00,00,00,
105558382,0000070F,false,Rx,0,8,03,22,2B,E4,55,55,55,55,
105567119,00000118,false,Rx,1,4,00,43,00,00,00,00,00,00,
105576798,00000118,false,Rx,1,4,00,44,00,00,00,00,00,00,
105578095,00000779,false,Rx,1,8,05,62,2B,E4,71,63,AA,AA,
105587072,00000118,false,Rx,1,4,00,45,00,00,00,00,00,00,
105596763,00000118,false,Rx,1,4,00,46,00,00,00,00,00,00,
105607045,00000118,false,Rx,1,4,00,47,00,00,00,00,00,00,
105616752,00000118,false,Rx,1,4,00,48,00,00,00,00,00,00,
105627029,00000118,false,Rx,1,4,00,49,00,00,00,00,00,00,
105636717,00000118,false,Rx,1,4,00,4A,00,00,00,00,00,00,
105647035,00000118,false,Rx,1,4,00,4B,00,00,00,00,00,00,
105656701,00000118,false,Rx,1,4,00,4C,00,00,00,00,00,00,
105667021,00000118,false,Rx,1,4,00,4D,00,00,00,00,00,00,
105676719,00000118,false,Rx,1,4,00,4E,00,00,00,00,00,00,
105686983,00000118,false,Rx,1,4,00,4F,00,00,00,00,00,00,
105696690,00000118,false,Rx,1,4,00,40,00,00,00,00,00,00,
105706968,00000118,false,Rx,1,4,00,41,00,00,00,00,00,00,
105716677,00000118,false,Rx,1,4,00,42,00,00,00,00,00,00,
105726952,00000118,false,Rx,1,4,00,43,00,00,00,00,00,00,
105736637,00000118,false,Rx,1,4,00,44,00,00,00,00,00,00,
105746955,00000118,false,Rx,1,4,00,45,00,00,00,00,00,00,
105756621,00000118,false,Rx,1,4,00,46,00,00,00,00,00,00,
105766951,00000118,false,Rx,1,4,00,47,00,00,00,00,00,00,
105776640,00000118,false,Rx,1,4,00,48,00,00,00,00,00,00,
105786906,00000118,false,Rx,1,4,00,49,00,00,00,00,00,00,
105796612,00000118,false,Rx,1,4,00,4A,00,00,00,00,00,00,
105806892,00000118,false,Rx,1,4,00,4B,00,00,00,00,00,00,
105816598,00000118,false,Rx,1,4,00,4C,00,00,00,00,00,00,
105826940,00000118,false,Rx,1,4,00,4D,00,00,00,00,00,00,
105842705,00000118,false,Rx,1,4,00,4E,00,00,00,00,00,00,
105846950,00000118,false,Rx,1,4,00,4F,00,00,00,00,00,00,
105857002,00000118,false,Rx,1,4,00,40,00,00,00,00,00,00,
105867392,00000118,false,Rx,1,4,00,41,00,00,00,00,00,00,
105876956,0000070F,false,Rx,0,8,03,22,02,8D,55,55,55,55,
105876998,00000118,false,Rx,1,4,00,42,00,00,00,00,00,00,
105887252,00000118,false,Rx,1,4,00,43,00,00,00,00,00,00,
105896952,00000118,false,Rx,1,4,00,44,00,00,00,00,00,00,
105898236,00000779,false,Rx,1,8,05,62,02,8D,7F,00,AA,AA,
105907224,00000118,false,Rx,1,4,00,45,00,00,00,00,00,00,
105916897,00000118,false,Rx,1,4,00,46,00,00,00,00,00,00,
105927223,00000118,false,Rx,1,4,00,47,00,00,00,00,00,00,
105936882,00000118,false,Rx,1,4,00,48,00,00,00,00,00,00,
105947201,00000118,false,Rx,1,4,00,49,00,00,00,00,00,00,
105956871,00000118,false,Rx,1,4,00,4A,00,00,00,00,00,00,
105967380,00000118,false,Rx,1,4,00,4B,00,00,00,00,00,00,
105967955,17F0000F,true,Rx,1,8,00,0F,00,00,00,00,00,00,
105976935,00000118,false,Rx,1,4,00,4C,00,00,00,00,00,00,
105987150,00000118,false,Rx,1,4,00,4D,00,00,00,00,00,00,
105996856,00000118,false,Rx,1,4,00,4E,00,00,00,00,00,00,
106007136,00000118,false,Rx,1,4,00,4F,00,00,00,00,00,00,
106016823,00000118,false,Rx,1,4,00,40,00,00,00,00,00,00,
106027144,00000118,false,Rx,1,4,00,41,00,00,00,00,00,00,
106036808,00000118,false,Rx,1,4,00,42,00,00,00,00,00,00,
106047130,00000118,false,Rx,1,4,00,43,00,00,00,00,00,00,
106056792,00000118,false,Rx,1,4,00,44,00,00,00,00,00,00,
106067088,00000118,false,Rx,1,4,00,45,00,00,00,00,00,00,
106076832,00000118,false,Rx,1,4,00,46,00,00,00,00,00,00,
106087073,00000118,false,Rx,1,4,00,47,00,00,00,00,00,00,
106096776,00000118,false,Rx,1,4,00,48,00,00,00,00,00,00,
106107058,00000118,false,Rx,1,4,00,49,00,00,00,00,00,00,
106116747,00000118,false,Rx,1,4,00,4A,00,00,00,00,00,00,
106127070,00000118,false,Rx,1,4,00,4B,00,00,00,00,00,00,
106136734,00000118,false,Rx,1,4,00,4C,00,00,00,00,00,00,
106147028,00000118,false,Rx,1,4,00,4D,00,00,00,00,00,00,
106156733,00000118,false,Rx,1,4,00,4E,00,00,00,00,00,00,
106167015,00000118,false,Rx,1,4,00,4F,00,00,00,00,00,00,
106176754,00000118,false,Rx,1,4,00,40,00,00,00,00,00,00,
106186997,00000118,false,Rx,1,4,00,41,00,00,00,00,00,00,
106196702,00000118,false,Rx,1,4,00,42,00,00,00,00,00,00,
106204119,0000070F,false,Rx,0,8,03,22,2B,F1,55,55,55,55,
106207006,00000118,false,Rx,1,4,00,43,00,00,00,00,00,00,
106216667,00000118,false,Rx,1,4,00,44,00,00,00,00,00,00,
106217964,00000779,false,Rx,1,8,05,62,2B,F1,69,75,AA,AA,
106226995,00000118,false,Rx,1,4,00,45,00,00,00,00,00,00,
106236653,00000118,false,Rx,1,4,00,46,00,00,00,00,00,00,
106246952,00000118,false,Rx,1,4,00,47,00,00,00,00,00,00,
106256654,00000118,false,Rx,1,4,00,48,00,00,00,00,00,00,
106266951,00000118,false,Rx,1,4,00,49,00,00,00,00,00,00,
106276677,00000118,false,Rx,1,4,00,4A,00,00,00,00,00,00,
106286940,00000118,false,Rx,1,4,00,4B,00,00,00,00,00,00,
106296627,00000118,false,Rx,1,4,00,4C,00,00,00,00,00,00,
106306902,00000118,false,Rx,1,4,00,4D,00,00,00,00,00,00,
106316590,00000118,false,Rx,1,4,00,4E,00,00,00,00,00,00,
106326859,00000118,false,Rx,1,4,00,4F,00,00,00,00,00,00,
106337286,00000118,false,Rx,1,4,00,40,00,00,00,00,00,00,
106347410,00000118,false,Rx,1,4,00,41,00,00,00,00,00,00,
106356964,00000118,false,Rx,1,4,00,42,00,00,00,00,00,00,
106367380,00000118,false,Rx,1,4,00,43,00,00,00,00,00,00,
106376998,00000118,false,Rx,1,4,00,44,00,00,00,00,00,00,
106387377,00000118,false,Rx,1,4,00,45,00,00,00,00,00,00,
106396951,00000118,false,Rx,1,4,00,46,00,00,00,00,00,00,
106407378,00000118,false,Rx,1,4,00,47,00,00,00,00,00,00,
106416912,00000118,false,Rx,1,4,00,48,00,00,00,00,00,00,
106427377,00000118,false,Rx,1,4,00,49,00,00,00,00,00,00,
106436980,00000118,false,Rx,1,4,00,4A,00,00,00,00,00,00,
106447380,00000118,false,Rx,1,4,00,4B,00,00,00,00,00,00,
106456884,00000118,false,Rx,1,4,00,4C,00,00,00,00,00,00,
106467380,00000118,false,Rx,1,4,00,4D,00,00,00,00,00,00,
106467962,17F0000F,true,Rx,1,8,00,0F,00,00,00,00,00,00,
106476948,00000118,false,Rx,1,4,00,4E,00,00,00,00,00,00,
106487378,00000118,false,Rx,1,4,00,4F,00,00,00,00,00,00,
106496872,00000118,false,Rx,1,4,00,40,00,00,00,00,00,00,
106507243,0000070F,false,Rx,0,8,03,22,2B,E4,55,55,55,55,
106507380,00000118,false,Rx,1,4,00,41,00,00,00,00,00,00,
106516861,00000118,false,Rx,1,4,00,42,00,00,00,00,00,00,
106527377,00000118,false,Rx,1,4,00,43,00,00,00,00,00,00,
106529266,00000779,false,Rx,1,8,05,62,2B,E4,71,63,AA,AA,
106536838,00000118,false,Rx,1,4,00,44,00,00,00,00,00,00,
106547647,00000118,false,Rx,1,4,00,45,00,00,00,00,00,00,
106557377,00000118,false,Rx,1,4,00,46,00,00,00,00,00,00,
106567630,00000118,false,Rx,1,4,00,47,00,00,00,00,00,00,
106577378,00000118,false,Rx,1,4,00,48,00,00,00,00,00,00,
106587630,00000118,false,Rx,1,4,00,49,00,00,00,00,00,00,
106597381,00000118,false,Rx,1,4,00,4A,00,00,00,00,00,00,
106607630,00000118,false,Rx,1,4,00,4B,00,00,00,00,00,00,
106617382,00000118,false,Rx,1,4,00,4C,00,00,00,00,00,00,
106627630,00000118,false,Rx,1,4,00,4D,00,00,00,00,00,00,
106637395,00000118,false,Rx,1,4,00,4E,00,00,00,00,00,00,
106647628,00000118,false,Rx,1,4,00,4F,00,00,00,00,00,00,
106657130,00000118,false,Rx,1,4,00,40,00,00,00,00,00,00,
106667633,00000118,false,Rx,1,4,00,41,00,00,00,00,00,00,
106677387,00000118,false,Rx,1,4,00,42,00,00,00,00,00,00,
106687628,00000118,false,Rx,1,4,00,43,00,00,00,00,00,00,
106697115,00000118,false,Rx,1,4,00,44,00,00,00,00,00,00,
106707630,00000118,false,Rx,1,4,00,45,00,00,00,00,00,00,
106717079,00000118,false,Rx,1,4,00,46,00,00,00,00,00,00,
106727629,00000118,false,Rx,1,4,00,47,00,00,00,00,00,00,
106737064,00000118,false,Rx,1,4,00,48,00,00,00,00,00,00,
106747633,00000118,false,Rx,1,4,00,49,00,00,00,00,00,00,
106757051,00000118,false,Rx,1,4,00,4A,00,00,00,00,00,00,
106767379,00000118,false,Rx,1,4,00,4B,00,00,00,00,00,00,
106777092,00000118,false,Rx,1,4,00,4C,00,00,00,00,00,00,
106787378,00000118,false,Rx,1,4,00,4D,00,00,00,00,00,00,
106797041,00000118,false,Rx,1,4,00,4E,00,00,00,00,00,00,
106807385,00000118,false,Rx,1,4,00,4F,00,00,00,00,00,00,
106817007,00000118,false,Rx,1,4,00,40,00,00,00,00,00,00,
106823604,0000070F,false,Rx,0,8,03,22,02,8D,55,55,55,55,
106827443,00000118,false,Rx,1,4,00,41,00,00,00,00,00,00,
106840258,00000118,false,Rx,1,4,00,42,00,00,00,00,00,00,
106840278,00000779,false,Rx,1,8,05,62,02,8D,80,00,AA,AA,
106847642,00000118,false,Rx,1,4,00,43,00,00,00,00,00,00,
106856983,00000118,false,Rx,1,4,00,44,00,00,00,00,00,00,
106867397,00000118,false,Rx,1,4,00,45,00,00,00,00,00,00,
106877409,00000118,false,Rx,1,4,00,46,00,00,00,00,00,00,
106887655,00000118,false,Rx,1,4,00,47,00,00,00,00,00,00,
106897360,00000118,false,Rx,1,4,00,48,00,00,00,00,00,00,
106907640,00000118,false,Rx,1,4,00,49,00,00,00,00,00,00,
106917329,00000118,false,Rx,1,4,00,4A,00,00,00,00,00,00,
106927646,00000118,false,Rx,1,4,00,4B,00,00,00,00,00,00,
106937313,00000118,false,Rx,1,4,00,4C,00,00,00,00,00,00,
106947633,00000118,false,Rx,1,4,00,4D,00,00,00,00,00,00,
106957301,00000118,false,Rx,1,4,00,4E,00,00,00,00,00,00,
106967633,00000118,false,Rx,1,4,00,4F,00,00,00,00,00,00,
106968165,17F0000F,true,Rx,1,8,00,0F,00,00,00,00,00,00,
106977343,00000118,false,Rx,1,4,00,40,00,00,00,00,00,00,
106987579,00000118,false,Rx,1,4,00,41,00,00,00,00,00,00,
106997284,00000118,false,Rx,1,4,00,42,00,00,00,00,00,00,
107007562,00000118,false,Rx,1,4,00,43,00,00,00,00,00,00,
107017250,00000118,false,Rx,1,4,00,44,00,00,00,00,00,00,
107027566,00000118,false,Rx,1,4,00,45,00,00,00,00,00,00,
107037232,00000118,false,Rx,1,4,00,46,00,00,00,00,00,00,
107047571,00000118,false,Rx,1,4,00,47,00,00,00,00,00,00,
107057220,00000118,false,Rx,1,4,00,48,00,00,00,00,00,00,
107067642,00000118,false,Rx,1,4,00,49,00,00,00,00,00,00,
107077260,00000118,false,Rx,1,4,00,4A,00,00,00,00,00,00,
107087503,00000118,false,Rx,1,4,00,4B,00,00,00,00,00,00,
107097209,00000118,false,Rx,1,4,00,4C,00,00,00,00,00,00,
107107485,00000118,false,Rx,1,4,00,4D,00,00,00,00,00,00,
107117173,00000118,false,Rx,1,4,00,4E,00,00,00,00,00,00,
107127490,00000118,false,Rx,1,4,00,4F,00,00,00,00,00,00,
107137159,00000118,false,Rx,1,4,00,40,00,00,00,00,00,00,
107141684,0000070F,false,Rx,0,8,03,22,2B,F1,55,55,55,55,
107147548,00000118,false,Rx,1,4,00,41,00,00,00,00,00,00,
107157143,00000118,false,Rx,1,4,00,42,00,00,00,00,00,00,
107158438,00000779,false,Rx,1,8,05,62,2B,F1,69,75,AA,AA,
107167634,00000118,false,Rx,1,4,00,43,00,00,00,00,00,00,
107177181,00000118,false,Rx,1,4,00,44,00,00,00,00,00,00,
107187423,00000118,false,Rx,1,4,00,45,00,00,00,00,00,00,
107197128,00000118,false,Rx,1,4,00,46,00,00,00,00,00,00,
107207408,00000118,false,Rx,1,4,00,47,00,00,00,00,00,00,
107217093,00000118,false,Rx,1,4,00,48,00,00,00,00,00,00,
107227412,00000118,false,Rx,1,4,00,49,00,00,00,00,00,00,
107237082,00000118,false,Rx,1,4,00,4A,00,00,00,00,00,00,
107247400,00000118,false,Rx,1,4,00,4B,00,00,00,00,00,00,
107257069,00000118,false,Rx,1,4,00,4C,00,00,00,00,00,00,
107267371,00000118,false,Rx,1,4,00,4D,00,00,00,00,00,00,
107277103,00000118,false,Rx,1,4,00,4E,00,00,00,00,00,00,
107287347,00000118,false,Rx,1,4,00,4F,00,00,00,00,00,00,
107297055,00000118,false,Rx,1,4,00,40,00,00,00,00,00,00,
107307334,00000118,false,Rx,1,4,00,41,00,00,00,00,00,00,
107317019,00000118,false,Rx,1,4,00,42,00,00,00,00,00,00,
107327382,00000118,false,Rx,1,4,00,43,00,00,00,00,00,00,
107342883,00000118,false,Rx,1,4,00,44,00,00,00,00,00,00,
107347313,00000118,false,Rx,1,4,00,45,00,00,00,00,00,00,
107357028,00000118,false,Rx,1,4,00,46,00,00,00,00,00,00,
107367391,00000118,false,Rx,1,4,00,47,00,00,00,00,00,00,
107377024,00000118,false,Rx,1,4,00,48,00,00,00,00,00,00,
107387269,00000118,false,Rx,1,4,00,49,00,00,00,00,00,00,
107396978,00000118,false,Rx,1,4,00,4A,00,00,00,00,00,00,
107407258,00000118,false,Rx,1,4,00,4B,00,00,00,00,00,00,
107416950,00000118,false,Rx,1,4,00,4C,00,00,00,00,00,00,
107427257,00000118,false,Rx,1,4,00,4D,00,00,00,00,00,00,
107436944,00000118,false,Rx,1,4,00,4E,00,00,00,00,00,00,
107447242,00000118,false,Rx,1,4,00,4F,00,00,00,00,00,00,
107456939,00000118,false,Rx,1,4,00,40,00,00,00,00,00,00,
107467379,00000118,false,Rx,1,4,00,41,00,00,00,00,00,00,
107467964,17F0000F,true,Rx,1,8,00,0F,00,00,00,00,00,00,
107473719,0000070F,false,Rx,0,8,03,22,2B,E4,55,55,55,55,
107476980,00000118,false,Rx,1,4,00,42,00,00,00,00,00,00,
107487193,00000118,false,Rx,1,4,00,43,00,00,00,00,00,00,
107489310,00000779,false,Rx,1,8,05,62,2B,E4,71,63,AA,AA,
107496910,00000118,false,Rx,1,4,00,44,00,00,00,00,00,00,
107507177,00000118,false,Rx,1,4,00,45,00,00,00,00,00,00,
107516861,00000118,false,Rx,1,4,00,46,00,00,00,00,00,00,
107527180,00000118,false,Rx,1,4,00,47,00,00,00,00,00,00,
107536846,00000118,false,Rx,1,4,00,48,00,00,00,00,00,00,
107547165,00000118,false,Rx,1,4,00,49,00,00,00,00,00,00,
107556841,00000118,false,Rx,1,4,00,4A,00,00,00,00,00,00,
107567144,00000118,false,Rx,1,4,00,4B,00,00,00,00,00,00,
107576874,00000118,false,Rx,1,4,00,4C,00,00,00,00,00,00,
107587115,00000118,false,Rx,1,4,00,4D,00,00,00,00,00,00,
107596822,00000118,false,Rx,1,4,00,4E,00,00,00,00,00,00,
107607101,00000118,false,Rx,1,4,00,4F,00,00,00,00,00,00,
107616789,00000118,false,Rx,1,4,00,40,00,00,00,00,00,00,
107627107,00000118,false,Rx,1,4,00,41,00,00,00,00,00,00,
107636772,00000118,false,Rx,1,4,00,42,00,00,00,00,00,00,
107647088,00000118,false,Rx,1,4,00,43,00,00,00,00,00,00,
107656756,00000118,false,Rx,1,4,00,44,00,00,00,00,00,00,
107667058,00000118,false,Rx,1,4,00,45,00,00,00,00,00,00,
107676792,00000118,false,Rx,1,4,00,46,00,00,00,00,00,00,
107687040,00000118,false,Rx,1,4,00,47,00,00,00,00,00,00,
107696743,00000118,false,Rx,1,4,00,48,00,00,00,00,00,00,
107707024,00000118,false,Rx,1,4,00,49,00,00,00,00,00,00,
107716712,00000118,false,Rx,1,4,00,4A,00,00,00,00,00,00,
107727030,00000118,false,Rx,1,4,00,4B,00,00,00,00,00,00,
107736696,00000118,false,Rx,1,4,00,4C,00,00,00,00,00,00,
107746993,00000118,false,Rx,1,4,00,4D,00,00,00,00,00,00,
107756697,00000118,false,Rx,1,4,00,4E,00,00,00,00,00,00,
107766980,00000118,false,Rx,1,4,00,4F,00,00,00,00,00,00,
107776721,00000118,false,Rx,1,4,00,40,00,00,00,00,00,00,
107786964,00000118,false,Rx,1,4,00,41,00,00,00,00,00,00,
107787626,0000070F,false,Rx,0,8,03,22,02,8D,55,55,55,55,
107796691,00000118,false,Rx,1,4,00,42,00,00,00,00,00,00,
107806950,00000118,false,Rx,1,4,00,43,00,00,00,00,00,00,
107809071,00000779,false,Rx,1,8,05,62,02,8D,80,00,AA,AA,
107816645,00000118,false,Rx,1,4,00,44,00,00,00,00,00,00,
107827374,00000118,false,Rx,1,4,00,45,00,00,00,00,00,00,
107840427,00000118,false,Rx,1,4,00,46,00,00,00,00,00,00,
107847355,00000118,false,Rx,1,4,00,47,00,00,00,00,00,00,
107857003,00000118,false,Rx,1,4,00,48,00,00,00,00,00,00,
107867401,00000118,false,Rx,1,4,00,49,00,00,00,00,00,00,
107877043,00000118,false,Rx,1,4,00,4A,00,00,00,00,00,00,
107887302,00000118,false,Rx,1,4,00,4B,00,00,00,00,00,00,
107897003,00000118,false,Rx,1,4,00,4C,00,00,00,00,00,00,
107907277,00000118,false,Rx,1,4,00,4D,00,00,00,00,00,00,
107916960,00000118,false,Rx,1,4,00,4E,00,00,00,00,00,00,
107927272,00000118,false,Rx,1,4,00,4F,00,00,00,00,00,00,
107936950,00000118,false,Rx,1,4,00,40,00,00,00,00,00,00,
107947259,00000118,false,Rx,1,4,00,41,00,00,00,00,00,00,
107956946,00000118,false,Rx,1,4,00,42,00,00,00,00,00,00,
107967398,00000118,false,Rx,1,4,00,43,00,00,00,00,00,00,
107967975,17F0000F,true,Rx,1,8,00,0F,00,00,00,00,00,00,
107976973,00000118,false,Rx,1,4,00,44,00,00,00,00,00,00,
107987208,00000118,false,Rx,1,4,00,45,00,00,00,00,00,00,
107996912,00000118,false,Rx,1,4,00,46,00,00,00,00,00,00,
108007193,00000118,false,Rx,1,4,00,47,00,00,00,00,00,00,
108016876,00000118,false,Rx,1,4,00,48,00,00,00,00,00,00,
108027196,00000118,false,Rx,1,4,00,49,00,00,00,00,00,00,
108036865,00000118,false,Rx,1,4,00,4A,00,00,00,00,00,00,
108047183,00000118,false,Rx,1,4,00,4B,00,00,00,00,00,00,
108056856,00000118,false,Rx,1,4,00,4C,00,00,00,00,00,00,
108067382,00000118,false,Rx,1,4,00,4D,00,00,00,00,00,00,
108076896,00000118,false,Rx,1,4,00,4E,00,00,00,00,00,00,
108087131,00000118,false,Rx,1,4,00,4F,00,00,00,00,00,00,
108096838,00000118,false,Rx,1,4,00,40,00,00,00,00,00,00,
108105208,0000070F,false,Rx,0,8,03,22,2B,F1,55,55,55,55,
108107142,00000118,false,Rx,1,4,00,41,00,00,00,00,00,00,
108116802,00000118,false,Rx,1,4,00,42,00,00,00,00,00,00,
108118099,00000779,false,Rx,1,8,05,62,2B,F1,69,75,AA,AA,
108127130,00000118,false,Rx,1,4,00,43,00,00,00,00,00,00,
108136786,00000118,false,Rx,1,4,00,44,00,00,00,00,00,00,
108147104,00000118,false,Rx,1,4,00,45,00,00,00,00,00,00,
108156770,00000118,false,Rx,1,4,00,46,00,00,00,00,00,00,
108167070,00000118,false,Rx,1,4,00,47,00,00,00,00,00,00,
108176809,00000118,false,Rx,1,4,00,48,00,00,00,00,00,00,
108187053,00000118,false,Rx,1,4,00,49,00,00,00,00,00,00,
108196760,00000118,false,Rx,1,4,00,4A,00,00,00,00,00,00,
108207042,00000118,false,Rx,1,4,00,4B,00,00,00,00,00,00,
108216728,00000118,false,Rx,1,4,00,4C,00,00,00,00,00,00,
108227041,00000118,false,Rx,1,4,00,4D,00,00,00,00,00,00,
108236709,00000118,false,Rx,1,4,00,4E,00,00,00,00,00,00,
108247006,00000118,false,Rx,1,4,00,4F,00,00,00,00,00,00,
108256715,00000118,false,Rx,1,4,00,40,00,00,00,00,00,00,
108266996,00000118,false,Rx,1,4,00,41,00,00,00,00,00,00,
108276734,00000118,false,Rx,1,4,00,42,00,00,00,00,00,00,
108286976,00000118,false,Rx,1,4,00,43,00,00,00,00,00,00,
108296683,00000118,false,Rx,1,4,00,44,00,00,00,00,00,00,
108306962,00000118,false,Rx,1,4,00,45,00,00,00,00,00,00,
108316647,00000118,false,Rx,1,4,00,46,00,00,00,00,00,00,
108326933,00000118,false,Rx,1,4,00,47,00,00,00,00,00,00,
108338171,00000118,false,Rx,1,4,00,48,00,00,00,00,00,00,
108347365,00000118,false,Rx,1,4,00,49,00,00,00,00,00,00,
108357070,00000118,false,Rx,1,4,00,4A,00,00,00,00,00,00,
108367398,00000118,false,Rx,1,4,00,4B,00,00,00,00,00,00,
108377076,00000118,false,Rx,1,4,00,4C,00,00,00,00,00,00,
108387300,00000118,false,Rx,1,4,00,4D,00,00,00,00,00,00,
108397005,00000118,false,Rx,1,4,00,4E,00,00,00,00,00,00,
108407283,00000118,false,Rx,1,4,00,4F,00,00,00,00,00,00,
108416974,00000118,false,Rx,1,4,00,40,00,00,00,00,00,00,
108425254,0000070F,false,Rx,0,8,03,22,2B,E4,55,55,55,55,
108427314,00000118,false,Rx,1,4,00,41,00,00,00,00,00,00,
108436954,00000118,false,Rx,1,4,00,42,00,00,00,00,00,00,
108438436,00000779,false,Rx,1,8,05,62,2B,E4,71,63,AA,AA,
108447284,00000118,false,Rx,1,4,00,43,00,00,00,00,00,00,
108456950,00000118,false,Rx,1,4,00,44,00,00,00,00,00,00,
108467381,00000118,false,Rx,1,4,00,45,00,00,00,00,00,00,
108467964,17F0000F,true,Rx,1,8,00,0F,00,00,00,00,00,00,
108476983,00000118,false,Rx,1,4,00,46,00,00,00,00,00,00,
108487226,00000118,false,Rx,1,4,00,47,00,00,00,00,00,00,
108496945,00000118,false,Rx,1,4,00,48,00,00,00,00,00,00,
108507208,00000118,false,Rx,1,4,00,49,00,00,00,00,00,00,
108516895,00000118,false,Rx,1,4,00,4A,00,00,00,00,00,00,
108527213,00000118,false,Rx,1,4,00,4B,00,00,00,00,00,00,
108536881,00000118,false,Rx,1,4,00,4C,00,00,00,00,00,00,
108547195,00000118,false,Rx,1,4,00,4D,00,00,00,00,00,00,
108556871,00000118,false,Rx,1,4,00,4E,00,00,00,00,00,00,
108567379,00000118,false,Rx,1,4,00,4F,00,00,00,00,00,00,
108576906,00000118,false,Rx,1,4,00,40,00,00,00,00,00,00,
108587154,00000118,false,Rx,1,4,00,41,00,00,00,00,00,00,
108596851,00000118,false,Rx,1,4,00,42,00,00,00,00,00,00,
108607130,00000118,false,Rx,1,4,00,43,00,00,00,00,00,00,
108616817,00000118,false,Rx,1,4,00,44,00,00,00,00,00,00,
108627133,00000118,false,Rx,1,4,00,45,00,00,00,00,00,00,
108636800,00000118,false,Rx,1,4,00,46,00,00,00,00,00,00,
108647118,00000118,false,Rx,1,4,00,47,00,00,00,00,00,00,
108656784,00000118,false,Rx,1,4,00,48,00,00,00,00,00,00,
108667083,00000118,false,Rx,1,4,00,49,00,00,00,00,00,00,
108676826,00000118,false,Rx,1,4,00,4A,00,00,00,00,00,00,
108687077,00000118,false,Rx,1,4,00,4B,00,00,00,00,00,00,
108696776,00000118,false,Rx,1,4,00,4C,00,00,00,00,00,00,
108707053,00000118,false,Rx,1,4,00,4D,00,00,00,00,00,00,
108716740,00000118,false,Rx,1,4,00,4E,00,00,00,00,00,00,
108727057,00000118,false,Rx,1,4,00,4F,00,00,00,00,00,00,
108736726,00000118,false,Rx,1,4,00,40,00,00,00,00,00,00,
108737507,0000070F,false,Rx,0,8,03,22,02,8D,55,55,55,55,
108747068,00000118,false,Rx,1,4,00,41,00,00,00,00,00,00,
108756708,00000118,false,Rx,1,4,00,42,00,00,00,00,00,00,
108758016,00000779,false,Rx,1,8,05,62,02,8D,80,00,AA,AA,
108767020,00000118,false,Rx,1,4,00,43,00,00,00,00,00,00,
108776748,00000118,false,Rx,1,4,00,44,00,00,00,00,00,00,
108786992,00000118,false,Rx,1,4,00,45,00,00,00,00,00,00,
108796698,00000118,false,Rx,1,4,00,46,00,00,00,00,00,00,
108806977,00000118,false,Rx,1,4,00,47,00,00,00,00,00,00,
108816661,00000118,false,Rx,1,4,00,48,00,00,00,00,00,00,
108827059,00000118,false,Rx,1,4,00,49,00,00,00,00,00,00,
108838716,00000118,false,Rx,1,4,00,4A,00,00,00,00,00,00,
108846970,00000118,false,Rx,1,4,00,4B,00,00,00,00,00,00,
108856657,00000118,false,Rx,1,4,00,4C,00,00,00,00,00,00,
108867020,00000118,false,Rx,1,4,00,4D,00,00,00,00,00,00,
108877071,00000118,false,Rx,1,4,00,4E,00,00,00,00,00,00,
108887314,00000118,false,Rx,1,4,00,4F,00,00,00,00,00,00,
108897032,00000118,false,Rx,1,4,00,40,00,00,00,00,00,00,
108907303,00000118,false,Rx,1,4,00,41,00,00,00,00,00,00,
108916985,00000118,false,Rx,1,4,00,42,00,00,00,00,00,00,
108927302,00000118,false,Rx,1,4,00,43,00,00,00,00,00,00,
108936969,00000118,false,Rx,1,4,00,44,00,00,00,00,00,00,
108947286,00000118,false,Rx,1,4,00,45,00,00,00,00,00,00,
108956957,00000118,false,Rx,1,4,00,46,00,00,00,00,00,00,
108967380,00000118,false,Rx,1,4,00,47,00,00,00,00,00,00,
108967966,17F0000F,true,Rx,1,8,00,0F,00,00,00,00,00,00,
108976999,00000118,false,Rx,1,4,00,48,00,00,00,00,00,00,
108987237,00000118,false,Rx,1,4,00,49,00,00,00,00,00,00,
108996955,00000118,false,Rx,1,4,00,4A,00,00,00,00,00,00,
109007225,00000118,false,Rx,1,4,00,4B,00,00,00,00,00,00,
109016910,00000118,false,Rx,1,4,00,4C,00,00,00,00,00,00,
109027227,00000118,false,Rx,1,4,00,4D,00,00,00,00,00,00,
109036892,00000118,false,Rx,1,4,00,4E,00,00,00,00,00,00,
109047211,00000118,false,Rx,1,4,00,4F,00,00,00,00,00,00,
109053888,0000070F,false,Rx,0,8,03,22,2B,F1,55,55,55,55,
109056907,00000118,false,Rx,1,4,00,40,00,00,00,00,00,00,
109067385,00000118,false,Rx,1,4,00,41,00,00,00,00,00,00,
109069335,00000779,false,Rx,1,8,05,62,2B,F1,69,75,AA,AA,
109076947,00000118,false,Rx,1,4,00,42,00,00,00,00,00,00,
109087160,00000118,false,Rx,1,4,00,43,00,00,00,00,00,00,
109096871,00000118,false,Rx,1,4,00,44,00,00,00,00,00,00,
109107146,00000118,false,Rx,1,4,00,45,00,00,00,00,00,00,
109116829,00000118,false,Rx,1,4,00,46,00,00,00,00,00,00,
109127150,00000118,false,Rx,1,4,00,47,00,00,00,00,00,00,
109136814,00000118,false,Rx,1,4,00,48,00,00,00,00,00,00,
109147133,00000118,false,Rx,1,4,00,49,00,00,00,00,00,00,
109156803,00000118,false,Rx,1,4,00,4A,00,00,00,00,00,00,
109167103,00000118,false,Rx,1,4,00,4B,00,00,00,00,00,00,
109176842,00000118,false,Rx,1,4,00,4C,00,00,00,00,00,00,
109187084,00000118,false,Rx,1,4,00,4D,00,00,00,00,00,00,
109196791,00000118,false,Rx,1,4,00,4E,00,00,00,00,00,00,
109207068,00000118,false,Rx,1,4,00,4F,00,00,00,00,00,00,
109216756,00000118,false,Rx,1,4,00,40,00,00,00,00,00,00,
109227075,00000118,false,Rx,1,4,00,41,00,00,00,00,00,00,
109236740,00000118,false,Rx,1,4,00,42,00,00,00,00,00,00,
109247056,00000118,false,Rx,1,4,00,43,00,00,00,00,00,00,
109256724,00000118,false,Rx,1,4,00,44,00,00,00,00,00,00,
109267024,00000118,false,Rx,1,4,00,45,00,00,00,00,00,00,
109276762,00000118,false,Rx,1,4,00,46,00,00,00,00,00,00,
109287008,00000118,false,Rx,1,4,00,47,00,00,00,00,00,00,
109296710,00000118,false,Rx,1,4,00,48,00,00,00,00,00,00,
109306992,00000118,false,Rx,1,4,00,49,00,00,00,00,00,00,
109316680,00000118,false,Rx,1,4,00,4A,00,00,00,00,00,00,
109327175,00000118,false,Rx,1,4,00,4B,00,00,00,00,00,00,
109341724,00000118,false,Rx,1,4,00,4C,00,00,00,00,00,00,
109346997,00000118,false,Rx,1,4,00,4D,00,00,00,00,00,00,
109356666,00000118,false,Rx,1,4,00,4E,00,00,00,00,00,00,
109366951,00000118,false,Rx,1,4,00,4F,00,00,00,00,00,00,
109371364,0000070F,false,Rx,0,8,03,22,2B,E4,55,55,55,55,
109376713,00000118,false,Rx,1,4,00,40,00,00,00,00,00,00,
109386950,00000118,false,Rx,1,4,00,41,00,00,00,00,00,00,
109389052,00000779,false,Rx,1,8,05,62,2B,E4,71,63,AA,AA,
109396648,00000118,false,Rx,1,4,00,42,00,00,00,00,00,00,
109406939,00000118,false,Rx,1,4,00,43,00,00,00,00,00,00,
109416603,00000118,false,Rx,1,4,00,44,00,00,00,00,00,00,
109426937,00000118,false,Rx,1,4,00,45,00,00,00,00,00,00,
109436584,00000118,false,Rx,1,4,00,46,00,00,00,00,00,00,
109446904,00000118,false,Rx,1,4,00,47,00,00,00,00,00,00,
109456569,00000118,false,Rx,1,4,00,48,00,00,00,00,00,00,
109466869,00000118,false,Rx,1,4,00,49,00,00,00,00,00,00,
109467166,17F0000F,true,Rx,1,8,00,0F,00,00,00,00,00,00,
109476618,00000118,false,Rx,1,4,00,4A,00,00,00,00,00,00,
109486855,00000118,false,Rx,1,4,00,4B,00,00,00,00,00,00,
109496560,00000118,false,Rx,1,4,00,4C,00,00,00,00,00,00,
109506839,00000118,false,Rx,1,4,00,4D,00,00,00,00,00,00,
109516524,00000118,false,Rx,1,4,00,4E,00,00,00,00,00,00,
109526841,00000118,false,Rx,1,4,00,4F,00,00,00,00,00,00,
109536511,00000118,false,Rx,1,4,00,40,00,00,00,00,00,00,
109546829,00000118,false,Rx,1,4,00,41,00,00,00,00,00,00,
109556500,00000118,false,Rx,1,4,00,42,00,00,00,00,00,00,
109566795,00000118,false,Rx,1,4,00,43,00,00,00,00,00,00,
109576534,00000118,false,Rx,1,4,00,44,00,00,00,00,00,00,
109586776,00000118,false,Rx,1,4,00,45,00,00,00,00,00,00,
109596462,00000118,false,Rx,1,4,00,46,00,00,00,00,00,00,
109606785,00000118,false,Rx,1,4,00,47,00,00,00,00,00,00,
109616445,00000118,false,Rx,1,4,00,48,00,00,00,00,00,00,
109626764,00000118,false,Rx,1,4,00,49,00,00,00,00,00,00,
109636435,00000118,false,Rx,1,4,00,4A,00,00,00,00,00,00,
109646752,00000118,false,Rx,1,4,00,4B,00,00,00,00,00,00,
109656419,00000118,false,Rx,1,4,00,4C,00,00,00,00,00,00,
109666716,00000118,false,Rx,1,4,00,4D,00,00,00,00,00,00,
109676455,00000118,false,Rx,1,4,00,4E,00,00,00,00,00,00,
109681983,0000070F,false,Rx,0,8,03,22,02,8D,55,55,55,55,
109686724,00000118,false,Rx,1,4,00,4F,00,00,00,00,00,00,
109696387,00000118,false,Rx,1,4,00,40,00,00,00,00,00,00,
109697693,00000779,false,Rx,1,8,05,62,02,8D,80,00,AA,AA,
109706715,00000118,false,Rx,1,4,00,41,00,00,00,00,00,00,
109716372,00000118,false,Rx,1,4,00,42,00,00,00,00,00,00,
109726686,00000118,false,Rx,1,4,00,43,00,00,00,00,00,00,
109736356,00000118,false,Rx,1,4,00,44,00,00,00,00,00,00,
109746671,00000118,false,Rx,1,4,00,45,00,00,00,00,00,00,
109756338,00000118,false,Rx,1,4,00,46,00,00,00,00,00,00,
109766637,00000118,false,Rx,1,4,00,47,00,00,00,00,00,00,
109776376,00000118,false,Rx,1,4,00,48,00,00,00,00,00,00,
109786623,00000118,false,Rx,1,4,00,49,00,00,00,00,00,00,
109796373,00000118,false,Rx,1,4,00,4A,00,00,00,00,00,00,
109806627,00000118,false,Rx,1,4,00,4B,00,00,00,00,00,00,
109816299,00000118,false,Rx,1,4,00,4C,00,00,00,00,00,00,
109826641,00000118,false,Rx,1,4,00,4D,00,00,00,00,00,00,
109839741,00000118,false,Rx,1,4,00,4E,00,00,00,00,00,00,
109846623,00000118,false,Rx,1,4,00,4F,00,00,00,00,00,00,
109856286,00000118,false,Rx,1,4,00,40,00,00,00,00,00,00,
109866655,00000118,false,Rx,1,4,00,41,00,00,00,00,00,00,
109876303,00000118,false,Rx,1,4,00,42,00,00,00,00,00,00,
109886545,00000118,false,Rx,1,4,00,43,00,00,00,00,00,00,
109896372,00000118,false,Rx,1,4,00,44,00,00,00,00,00,00,
109906552,00000118,false,Rx,1,4,00,45,00,00,00,00,00,00,
109916227,00000118,false,Rx,1,4,00,46,00,00,00,00,00,00,
109926535,00000118,false,Rx,1,4,00,47,00,00,00,00,00,00,
109936199,00000118,false,Rx,1,4,00,48,00,00,00,00,00,00,
109946501,00000118,false,Rx,1,4,00,49,00,00,00,00,00,00,
109956210,00000118,false,Rx,1,4,00,4A,00,00,00,00,00,00,
109966486,00000118,false,Rx,1,4,00,4B,00,00,00,00,00,00,
109966782,17F0000F,true,Rx,1,8,00,0F,00,00,00,00,00,00,
109976236,00000118,false,Rx,1,4,00,4C,00,00,00,00,00,00,
109986468,00000118,false,Rx,1,4,00,4D,00,00,00,00,00,00,
109996372,00000118,false,Rx,1,4,00,4E,00,00,00,00,00,00,
109999383,0000070F,false,Rx,0,8,03,22,2B,F1,55,55,55,55,
110006498,00000118,false,Rx,1,4,00,4F,00,00,00,00,00,00,
110016145,00000118,false,Rx,1,4,00,40,00,00,00,00,00,00,
110017441,00000779,false,Rx,1,8,05,62,2B,F1,69,75,AA,AA,
110026471,00000118,false,Rx,1,4,00,41,00,00,00,00,00,00,
110036125,00000118,false,Rx,1,4,00,42,00,00,00,00,00,00,
110046423,00000118,false,Rx,1,4,00,43,00,00,00,00,00,00,
110056137,00000118,false,Rx,1,4,00,44,00,00,00,00,00,00,
110066408,00000118,false,Rx,1,4,00,45,00,00,00,00,00,00,
110076147,00000118,false,Rx,1,4,00,46,00,00,00,00,00,00,
110086393,00000118,false,Rx,1,4,00,47,00,00,00,00,00,00,
110096076,00000118,false,Rx,1,4,00,48,00,00,00,00,00,00,
110106395,00000118,false,Rx,1,4,00,49,00,00,00,00,00,00,
110116066,00000118,false,Rx,1,4,00,4A,00,00,00,00,00,00,
110126391,00000118,false,Rx,1,4,00,4B,00,00,00,00,00,00,
110136050,00000118,false,Rx,1,4,00,4C,00,00,00,00,00,00,
110146370,00000118,false,Rx,1,4,00,4D,00,00,00,00,00,00,
110156051,00000118,false,Rx,1,4,00,4E,00,00,00,00,00,00,
110166330,00000118,false,Rx,1,4,00,4F,00,00,00,00,00,00,
110176073,00000118,false,Rx,1,4,00,40,00,00,00,00,00,00,
110186317,00000118,false,Rx,1,4,00,41,00,00,00,00,00,00,
110196001,00000118,false,Rx,1,4,00,42,00,00,00,00,00,00,
110206321,00000118,false,Rx,1,4,00,43,00,00,00,00,00,00,
110215988,00000118,false,Rx,1,4,00,44,00,00,00,00,00,00,
110226306,00000118,false,Rx,1,4,00,45,00,00,00,00,00,00,
110235970,00000118,false,Rx,1,4,00,46,00,00,00,00,00,00,
110246370,00000118,false,Rx,1,4,00,47,00,00,00,00,00,00,
110255978,00000118,false,Rx,1,4,00,48,00,00,00,00,00,00,
110266254,00000118,false,Rx,1,4,00,49,00,00,00,00,00,00,
110275997,00000118,false,Rx,1,4,00,4A,00,00,00,00,00,00,
110286240,00000118,false,Rx,1,4,00,4B,00,00,00,00,00,00,
110295947,00000118,false,Rx,1,4,00,4C,00,00,00,00,00,00,
110306242,00000118,false,Rx,1,4,00,4D,00,00,00,00,00,00,
110306982,0000070F,false,Rx,0,8,03,22,2B,E4,55,55,55,55,
110315950,00000118,false,Rx,1,4,00,4E,00,00,00,00,00,00,
110326233,00000118,false,Rx,1,4,00,4F,00,00,00,00,00,00,
110328274,00000779,false,Rx,1,8,05,62,2B,E4,D5,63,AA,AA,
110338940,00000118,false,Rx,1,4,00,40,00,00,00,00,00,00,
110346617,00000118,false,Rx,1,4,00,41,00,00,00,00,00,00,
110356317,00000118,false,Rx,1,4,00,42,00,00,00,00,00,00,
110366578,00000118,false,Rx,1,4,00,43,00,00,00,00,00,00,
110376316,00000118,false,Rx,1,4,00,44,00,00,00,00,00,00,
110386562,00000118,false,Rx,1,4,00,45,00,00,00,00,00,00,
110396370,00000118,false,Rx,1,4,00,46,00,00,00,00,00,00,
110406567,00000118,false,Rx,1,4,00,47,00,00,00,00,00,00,
110416230,00000118,false,Rx,1,4,00,48,00,00,00,00,00,00,
110426565,00000118,false,Rx,1,4,00,49,00,00,00,00,00,00,
110436220,00000118,false,Rx,1,4,00,4A,00,00,00,00,00,00,
110446518,00000118,false,Rx,1,4,00,4B,00,00,00,00,00,00,
110456224,00000118,false,Rx,1,4,00,4C,00,00,00,00,00,00,
110466500,00000118,false,Rx,1,4,00,4D,00,00,00,00,00,00,
110466796,17F0000F,true,Rx,1,8,00,0F,00,00,00,00,00,00,
110476249,00000118,false,Rx,1,4,00,4E,00,00,00,00,00,00,
110486484,00000118,false,Rx,1,4,00,4F,00,00,00,00,00,00,
110496372,00000118,false,Rx,1,4,00,40,00,00,00,00,00,00,
110506490,00000118,false,Rx,1,4,00,41,00,00,00,00,00,00,
110516158,00000118,false,Rx,1,4,00,42,00,00,00,00,00,00,
110526477,00000118,false,Rx,1,4,00,43,00,00,00,00,00,00,
110536144,00000118,false,Rx,1,4,00,44,00,00,00,00,00,00,
110546440,00000118,false,Rx,1,4,00,45,00,00,00,00,00,00,
110556152,00000118,false,Rx,1,4,00,46,00,00,00,00,00,00,
110566424,00000118,false,Rx,1,4,00,47,00,00,00,00,00,00,
110576163,00000118,false,Rx,1,4,00,48,00,00,00,00,00,00,
110586409,00000118,false,Rx,1,4,00,49,00,00,00,00,00,00,
110596096,00000118,false,Rx,1,4,00,4A,00,00,00,00,00,00,
110606414,00000118,false,Rx,1,4,00,4B,00,00,00,00,00,00,
110616083,00000118,false,Rx,1,4,00,4C,00,00,00,00,00,00,
110619565,0000070F,false,Rx,0,8,03,22,02,8D,55,55,55,55,
110626420,00000118,false,Rx,1,4,00,4D,00,00,00,00,00,00,
110636070,00000118,false,Rx,1,4,00,4E,00,00,00,00,00,00,
110637372,00000779,false,Rx,1,8,05,62,02,8D,80,00,AA,AA,
110646374,00000118,false,Rx,1,4,00,4F,00,00,00,00,00,00,
110656070,00000118,false,Rx,1,4,00,40,00,00,00,00,00,00,
110666350,00000118,false,Rx,1,4,00,41,00,00,00,00,00,00,
110676087,00000118,false,Rx,1,4,00,42,00,00,00,00,00,00,
110686331,00000118,false,Rx,1,4,00,43,00,00,00,00,00,00,
110696018,00000118,false,Rx,1,4,00,44,00,00,00,00,00,00,
110706334,00000118,false,Rx,1,4,00,45,00,00,00,00,00,00,
110716001,00000118,false,Rx,1,4,00,46,00,00,00,00,00,00,
110726320,00000118,false,Rx,1,4,00,47,00,00,00,00,00,00,
110735988,00000118,false,Rx,1,4,00,48,00,00,00,00,00,00,
110746370,00000118,false,Rx,1,4,00,49,00,00,00,00,00,00,
110755993,00000118,false,Rx,1,4,00,4A,00,00,00,00,00,00,
110766273,00000118,false,Rx,1,4,00,4B,00,00,00,00,00,00,
110776012,00000118,false,Rx,1,4,00,4C,00,00,00,00,00,00,
110786254,00000118,false,Rx,1,4,00,4D,00,00,00,00,00,00,
110795950,00000118,false,Rx,1,4,00,4E,00,00,00,00,00,00,
110806258,00000118,false,Rx,1,4,00,4F,00,00,00,00,00,00,
110815948,00000118,false,Rx,1,4,00,40,00,00,00,00,00,00,
110826293,00000118,false,Rx,1,4,00,41,00,00,00,00,00,00,
110840649,00000118,false,Rx,1,4,00,42,00,00,00,00,00,00,
110846404,00000118,false,Rx,1,4,00,43,00,00,00,00,00,00,
110855954,00000118,false,Rx,1,4,00,44,00,00,00,00,00,00,
110866283,00000118,false,Rx,1,4,00,45,00,00,00,00,00,00,
110876330,00000118,false,Rx,1,4,00,46,00,00,00,00,00,00,
110886578,00000118,false,Rx,1,4,00,47,00,00,00,00,00,00,
110896370,00000118,false,Rx,1,4,00,48,00,00,00,00,00,00,
110906585,00000118,false,Rx,1,4,00,49,00,00,00,00,00,00,
110916250,00000118,false,Rx,1,4,00,4A,00,00,00,00,00,00,
110926567,00000118,false,Rx,1,4,00,4B,00,00,00,00,00,00,
110936450,00000118,false,Rx,1,4,00,4C,00,00,00,00,00,00,
110940163,0000070F,false,Rx,0,8,03,22,2B,F1,55,55,55,55,
110946558,00000118,false,Rx,1,4,00,4D,00,00,00,00,00,00,
110956238,00000118,false,Rx,1,4,00,4E,00,00,00,00,00,00,
110957534,00000779,false,Rx,1,8,05,62,2B,F1,69,75,AA,AA,
110966527,00000118,false,Rx,1,4,00,4F,00,00,00,00,00,00,
110966824,17F0000F,true,Rx,1,8,00,0F,00,00,00,00,00,00,
110976266,00000118,false,Rx,1,4,00,40,00,00,00,00,00,00,
110986502,00000118,false,Rx,1,4,00,41,00,00,00,00,00,00,
110996372,00000118,false,Rx,1,4,00,42,00,00,00,00,00,00,
111006504,00000118,false,Rx,1,4,00,43,00,00,00,00,00,00,
111016172,00000118,false,Rx,1,4,00,44,00,00,00,00,00,00,
111026489,00000118,false,Rx,1,4,00,45,00,00,00,00,00,00,
111036154,00000118,false,Rx,1,4,00,46,00,00,00,00,00,00,
111046462,00000118,false,Rx,1,4,00,47,00,00,00,00,00,00,
111056199,00000118,false,Rx,1,4,00,48,00,00,00,00,00,00,
111066442,00000118,false,Rx,1,4,00,49,00,00,00,00,00,00,
111076185,00000118,false,Rx,1,4,00,4A,00,00,00,00,00,00,
111086426,00000118,false,Rx,1,4,00,4B,00,00,00,00,00,00,
111096112,00000118,false,Rx,1,4,00,4C,00,00,00,00,00,00,
111106427,00000118,false,Rx,1,4,00,4D,00,00,00,00,00,00,
111116096,00000118,false,Rx,1,4,00,4E,00,00,00,00,00,00,
111126412,00000118,false,Rx,1,4,00,4F,00,00,00,00,00,00,
111136081,00000118,false,Rx,1,4,00,40,00,00,00,00,00,00,
111146382,00000118,false,Rx,1,4,00,41,00,00,00,00,00,00,
111156087,00000118,false,Rx,1,4,00,42,00,00,00,00,00,00,
111166364,00000118,false,Rx,1,4,00,43,00,00,00,00,00,00,
111176105,00000118,false,Rx,1,4,00,44,00,00,00,00,00,00,
111186347,00000118,false,Rx,1,4,00,45,00,00,00,00,00,00,
111196033,00000118,false,Rx,1,4,00,46,00,00,00,00,00,00,
111206351,00000118,false,Rx,1,4,00,47,00,00,00,00,00,00,
111216016,00000118,false,Rx,1,4,00,48,00,00,00,00,00,00,
111226336,00000118,false,Rx,1,4,00,49,00,00,00,00,00,00,
111236005,00000118,false,Rx,1,4,00,4A,00,00,00,00,00,00,
111246372,00000118,false,Rx,1,4,00,4B,00,00,00,00,00,00,
111256009,00000118,false,Rx,1,4,00,4C,00,00,00,00,00,00,
111256437,0000070F,false,Rx,0,8,03,22,2B,E4,55,55,55,55,
111266311,00000118,false,Rx,1,4,00,4D,00,00,00,00,00,00,
111276029,00000118,false,Rx,1,4,00,4E,00,00,00,00,00,00,
111277324,00000779,false,Rx,1,8,05,62,2B,E4,D5,63,AA,AA,
111286282,00000118,false,Rx,1,4,00,4F,00,00,00,00,00,00,
111295965,00000118,false,Rx,1,4,00,40,00,00,00,00,00,00,
111306275,00000118,false,Rx,1,4,00,41,00,00,00,00,00,00,
111315950,00000118,false,Rx,1,4,00,42,00,00,00,00,00,00,
111323065,0000030B,true,Rx,1,8,10,20,02,00,0C,00,00,24,
111326252,00000118,false,Rx,1,4,00,43,00,00,00,00,00,00,
111338707,00000118,false,Rx,1,4,00,44,00,00,00,00,00,00,
111346633,00000118,false,Rx,1,4,00,45,00,00,00,00,00,00,
111355958,00000118,false,Rx,1,4,00,46,00,00,00,00,00,00,
111366211,00000118,false,Rx,1,4,00,47,00,00,00,00,00,00,
111375952,00000118,false,Rx,1,4,00,48,00,00,00,00,00,00,
111386193,00000118,false,Rx,1,4,00,49,00,00,00,00,00,00,
111395882,00000118,false,Rx,1,4,00,4A,00,00,00,00,00,00,
111406199,00000118,false,Rx,1,4,00,4B,00,00,00,00,00,00,
111415868,00000118,false,Rx,1,4,00,4C,00,00,00,00,00,00,
111426183,00000118,false,Rx,1,4,00,4D,00,00,00,00,00,00,
111435850,00000118,false,Rx,1,4,00,4E,00,00,00,00,00,00,
111446148,00000118,false,Rx,1,4,00,4F,00,00,00,00,00,00,
111455864,00000118,false,Rx,1,4,00,40,00,00,00,00,00,00,
111466135,00000118,false,Rx,1,4,00,41,00,00,00,00,00,00,
111466430,17F0000F,true,Rx,1,8,00,0F,00,00,00,00,00,00,
111475881,00000118,false,Rx,1,4,00,42,00,00,00,00,00,00,
111486117,00000118,false,Rx,1,4,00,43,00,00,00,00,00,00,
111495805,00000118,false,Rx,1,4,00,44,00,00,00,00,00,00,
111506120,00000118,false,Rx,1,4,00,45,00,00,00,00,00,00,
111515786,00000118,false,Rx,1,4,00,46,00,00,00,00,00,00,
111526105,00000118,false,Rx,1,4,00,47,00,00,00,00,00,00,
111535772,00000118,false,Rx,1,4,00,48,00,00,00,00,00,00,
111546070,00000118,false,Rx,1,4,00,49,00,00,00,00,00,00,
111555782,00000118,false,Rx,1,4,00,4A,00,00,00,00,00,00,
111566065,00000118,false,Rx,1,4,00,4B,00,00,00,00,00,00,
111572204,0000070F,false,Rx,0,8,03,22,02,8D,55,55,55,55,
111575823,00000118,false,Rx,1,4,00,4C,00,00,00,00,00,00,
111586040,00000118,false,Rx,1,4,00,4D,00,00,00,00,00,00,
111588167,00000779,false,Rx,1,8,05,62,02,8D,80,00,AA,AA,
111595738,00000118,false,Rx,1,4,00,4E,00,00,00,00,00,00,
111606444,00000118,false,Rx,1,4,00,4F,00,00,00,00,00,00,
111616113,00000118,false,Rx,1,4,00,40,00,00,00,00,00,00,
111626430,00000118,false,Rx,1,4,00,41,00,00,00,00,00,00,
111636097,00000118,false,Rx,1,4,00,42,00,00,00,00,00,00,
111646395,00000118,false,Rx,1,4,00,43,00,00,00,00,00,00,
111656110,00000118,false,Rx,1,4,00,44,00,00,00,00,00,00,
111666378,00000118,false,Rx,1,4,00,45,00,00,00,00,00,00,
111676117,00000118,false,Rx,1,4,00,46,00,00,00,00,00,00,
111686363,00000118,false,Rx,1,4,00,47,00,00,00,00,00,00,
111696048,00000118,false,Rx,1,4,00,48,00,00,00,00,00,00,
111706367,00000118,false,Rx,1,4,00,49,00,00,00,00,00,00,
111716038,00000118,false,Rx,1,4,00,4A,00,00,00,00,00,00,
111726354,00000118,false,Rx,1,4,00,4B,00,00,00,00,00,00,
111736021,00000118,false,Rx,1,4,00,4C,00,00,00,00,00,00,
111746318,00000118,false,Rx,1,4,00,4D,00,00,00,00,00,00,
111756024,00000118,false,Rx,1,4,00,4E,00,00,00,00,00,00,
111766305,00000118,false,Rx,1,4,00,4F,00,00,00,00,00,00,
111776044,00000118,false,Rx,1,4,00,40,00,00,00,00,00,00,
111786288,00000118,false,Rx,1,4,00,41,00,00,00,00,00,00,
111795973,00000118,false,Rx,1,4,00,42,00,00,00,00,00,00,
111806291,00000118,false,Rx,1,4,00,43,00,00,00,00,00,00,
111815961,00000118,false,Rx,1,4,00,44,00,00,00,00,00,00,
111826314,00000118,false,Rx,1,4,00,45,00,00,00,00,00,00,
111839453,00000118,false,Rx,1,4,00,46,00,00,00,00,00,00,
111846421,00000118,false,Rx,1,4,00,47,00,00,00,00,00,00,
111855968,00000118,false,Rx,1,4,00,48,00,00,00,00,00,00,
111866321,00000118,false,Rx,1,4,00,49,00,00,00,00,00,00,
111875970,00000118,false,Rx,1,4,00,4A,00,00,00,00,00,00,
111886212,00000118,false,Rx,1,4,00,4B,00,00,00,00,00,00,
111891706,0000070F,false,Rx,0,8,03,22,2B,F1,55,55,55,55,
111895942,00000118,false,Rx,1,4,00,4C,00,00,00,00,00,00,
111906217,00000118,false,Rx,1,4,00,4D,00,00,00,00,00,00,
111908328,00000779,false,Rx,1,8,05,62,2B,F1,69,75,AA,AA,
111915893,00000118,false,Rx,1,4,00,4E,00,00,00,00,00,00,
111926597,00000118,false,Rx,1,4,00,4F,00,00,00,00,00,00,
111936267,00000118,false,Rx,1,4,00,40,00,00,00,00,00,00,
111946565,00000118,false,Rx,1,4,00,41,00,00,00,00,00,00,
111956270,00000118,false,Rx,1,4,00,42,00,00,00,00,00,00,
111966548,00000118,false,Rx,1,4,00,43,00,00,00,00,00,00,
111966844,17F0000F,true,Rx,1,8,00,0F,00,00,00,00,00,00,
111976302,00000118,false,Rx,1,4,00,44,00,00,00,00,00,00,
111986533,00000118,false,Rx,1,4,00,45,00,00,00,00,00,00,
111996218,00000118,false,Rx,1,4,00,46,00,00,00,00,00,00,
112006536,00000118,false,Rx,1,4,00,47,00,00,00,00,00,00,
112016203,00000118,false,Rx,1,4,00,48,00,00,00,00,00,00,
112026521,00000118,false,Rx,1,4,00,49,00,00,00,00,00,00,
112036192,00000118,false,Rx,1,4,00,4A,00,00,00,00,00,00,
112046490,00000118,false,Rx,1,4,00,4B,00,00,00,00,00,00,
112056212,00000118,false,Rx,1,4,00,4C,00,00,00,00,00,00,
112066480,00000118,false,Rx,1,4,00,4D,00,00,00,00,00,00,
112076215,00000118,false,Rx,1,4,00,4E,00,00,00,00,00,00,
112086456,00000118,false,Rx,1,4,00,4F,00,00,00,00,00,00,
112096145,00000118,false,Rx,1,4,00,40,00,00,00,00,00,00,
112106461,00000118,false,Rx,1,4,00,41,00,00,00,00,00,00,
112116128,00000118,false,Rx,1,4,00,42,00,00,00,00,00,00,
112126444,00000118,false,Rx,1,4,00,43,00,00,00,00,00,00,
112136112,00000118,false,Rx,1,4,00,44,00,00,00,00,00,00,
112146411,00000118,false,Rx,1,4,00,45,00,00,00,00,00,00,
112156114,00000118,false,Rx,1,4,00,46,00,00,00,00,00,00,
112166395,00000118,false,Rx,1,4,00,47,00,00,00,00,00,00,
112176136,00000118,false,Rx,1,4,00,48,00,00,00,00,00,00,
112186380,00000118,false,Rx,1,4,00,49,00,00,00,00,00,00,
112196069,00000118,false,Rx,1,4,00,4A,00,00,00,00,00,00,
112206389,00000118,false,Rx,1,4,00,4B,00,00,00,00,00,00,
112207968,0000070F,false,Rx,0,8,03,22,2B,E4,55,55,55,55,
112216078,00000118,false,Rx,1,4,00,4C,00,00,00,00,00,00,
112226368,00000118,false,Rx,1,4,00,4D,00,00,00,00,00,00,
112228485,00000779,false,Rx,1,8,05,62,2B,E4,D5,63,AA,AA,
112236046,00000118,false,Rx,1,4,00,4E,00,00,00,00,00,00,
112246734,00000118,false,Rx,1,4,00,4F,00,00,00,00,00,00,
112256441,00000118,false,Rx,1,4,00,40,00,00,00,00,00,00,
112266720,00000118,false,Rx,1,4,00,41,00,00,00,00,00,00,
112276462,00000118,false,Rx,1,4,00,42,00,00,00,00,00,00,
112286703,00000118,false,Rx,1,4,00,43,00,00,00,00,00,00,
112296390,00000118,false,Rx,1,4,00,44,00,00,00,00,00,00,
112306705,00000118,false,Rx,1,4,00,45,00,00,00,00,00,00,
112316373,00000118,false,Rx,1,4,00,46,00,00,00,00,00,00,
112326731,00000118,false,Rx,1,4,00,47,00,00,00,00,00,00,
112341139,00000118,false,Rx,1,4,00,48,00,00,00,00,00,00,
112346672,00000118,false,Rx,1,4,00,49,00,00,00,00,00,00,
112356384,00000118,false,Rx,1,4,00,4A,00,00,00,00,00,00,
112366643,00000118,false,Rx,1,4,00,4B,00,00,00,00,00,00,
112376391,00000118,false,Rx,1,4,00,4C,00,00,00,00,00,00,
112386626,00000118,false,Rx,1,4,00,4D,00,00,00,00,00,00,
112396313,00000118,false,Rx,1,4,00,4E,00,00,00,00,00,00,
112406630,00000118,false,Rx,1,4,00,4F,00,00,00,00,00,00,
112416303,00000118,false,Rx,1,4,00,40,00,00,00,00,00,00,
112426616,00000118,false,Rx,1,4,00,41,00,00,00,00,00,00,
112436281,00000118,false,Rx,1,4,00,42,00,00,00,00,00,00,
112446579,00000118,false,Rx,1,4,00,43,00,00,00,00,00,00,
112456287,00000118,false,Rx,1,4,00,44,00,00,00,00,00,00,
112466563,00000118,false,Rx,1,4,00,45,00,00,00,00,00,00,
112466860,17F0000F,true,Rx,1,8,00,0F,00,00,00,00,00,00,
112476315,00000118,false,Rx,1,4,00,46,00,00,00,00,00,00,
112486551,00000118,false,Rx,1,4,00,47,00,00,00,00,00,00,
112496233,00000118,false,Rx,1,4,00,48,00,00,00,00,00,00,
112506553,00000118,false,Rx,1,4,00,49,00,00,00,00,00,00,
112516222,00000118,false,Rx,1,4,00,4A,00,00,00,00,00,00,
112526540,00000118,false,Rx,1,4,00,4B,00,00,00,00,00,00,
112526655,0000070F,false,Rx,0,8,03,22,02,8D,55,55,55,55,
112536231,00000118,false,Rx,1,4,00,4C,00,00,00,00,00,00,
112546503,00000118,false,Rx,1,4,00,4D,00,00,00,00,00,00,
112548627,00000779,false,Rx,1,8,05,62,02,8D,80,00,AA,AA,
112556244,00000118,false,Rx,1,4,00,4E,00,00,00,00,00,00,
112566489,00000118,false,Rx,1,4,00,4F,00,00,00,00,00,00,
112576320,00000118,false,Rx,1,4,00,40,00,00,00,00,00,00,
112586478,00000118,false,Rx,1,4,00,41,00,00,00,00,00,00,
112596158,00000118,false,Rx,1,4,00,42,00,00,00,00,00,00,
112606476,00000118,false,Rx,1,4,00,43,00,00,00,00,00,00,
112616144,00000118,false,Rx,1,4,00,44,00,00,00,00,00,00,
112626460,00000118,false,Rx,1,4,00,45,00,00,00,00,00,00,
112636127,00000118,false,Rx,1,4,00,46,00,00,00,00,00,00,
112646427,00000118,false,Rx,1,4,00,47,00,00,00,00,00,00,
112656130,00000118,false,Rx,1,4,00,48,00,00,00,00,00,00,
112666412,00000118,false,Rx,1,4,00,49,00,00,00,00,00,00,
112676153,00000118,false,Rx,1,4,00,4A,00,00,00,00,00,00,
112686398,00000118,false,Rx,1,4,00,4B,00,00,00,00,00,00,
112696084,00000118,false,Rx,1,4,00,4C,00,00,00,00,00,00,
112706400,00000118,false,Rx,1,4,00,4D,00,00,00,00,00,00,
112716068,00000118,false,Rx,1,4,00,4E,00,00,00,00,00,00,
112726384,00000118,false,Rx,1,4,00,4F,00,00,00,00,00,00,
112736053,00000118,false,Rx,1,4,00,40,00,00,00,00,00,00,
112746351,00000118,false,Rx,1,4,00,41,00,00,00,00,00,00,
112756056,00000118,false,Rx,1,4,00,42,00,00,00,00,00,00,
112766334,00000118,false,Rx,1,4,00,43,00,00,00,00,00,00,
112776075,00000118,false,Rx,1,4,00,44,00,00,00,00,00,00,
112786320,00000118,false,Rx,1,4,00,45,00,00,00,00,00,00,
112796005,00000118,false,Rx,1,4,00,46,00,00,00,00,00,00,
112806322,00000118,false,Rx,1,4,00,47,00,00,00,00,00,00,
112815988,00000118,false,Rx,1,4,00,48,00,00,00,00,00,00,
112826364,00000118,false,Rx,1,4,00,49,00,00,00,00,00,00,
112839721,00000118,false,Rx,1,4,00,4A,00,00,00,00,00,00,
112846306,00000118,false,Rx,1,4,00,4B,00,00,00,00,00,00,
112855987,00000118,false,Rx,1,4,00,4C,00,00,00,00,00,00,
112856439,0000070F,false,Rx,0,8,03,22,2B,F1,55,55,55,55,
112866373,00000118,false,Rx,1,4,00,4D,00,00,00,00,00,00,
112876398,00000118,false,Rx,1,4,00,4E,00,00,00,00,00,00,
112877695,00000779,false,Rx,1,8,05,62,2B,F1,69,75,AA,AA,
112886664,00000118,false,Rx,1,4,00,4F,00,00,00,00,00,00,
112896331,00000118,false,Rx,1,4,00,40,00,00,00,00,00,00,
112906649,00000118,false,Rx,1,4,00,41,00,00,00,00,00,00,
112916313,00000118,false,Rx,1,4,00,42,00,00,00,00,00,00,
112926631,00000118,false,Rx,1,4,00,43,00,00,00,00,00,00,
112936299,00000118,false,Rx,1,4,00,44,00,00,00,00,00,00,
112946595,00000118,false,Rx,1,4,00,45,00,00,00,00,00,00,
112956303,00000118,false,Rx,1,4,00,46,00,00,00,00,00,00,
112966582,00000118,false,Rx,1,4,00,47,00,00,00,00,00,00,
112966878,17F0000F,true,Rx,1,8,00,0F,00,00,00,00,00,00,
112976327,00000118,false,Rx,1,4,00,48,00,00,00,00,00,00,
112986570,00000118,false,Rx,1,4,00,49,00,00,00,00,00,00,
112996254,00000118,false,Rx,1,4,00,4A,00,00,00,00,00,00,
113006571,00000118,false,Rx,1,4,00,4B,00,00,00,00,00,00,
113016238,00000118,false,Rx,1,4,00,4C,00,00,00,00,00,00,
113026553,00000118,false,Rx,1,4,00,4D,00,00,00,00,00,00,
113036221,00000118,false,Rx,1,4,00,4E,00,00,00,00,00,00,
113046520,00000118,false,Rx,1,4,00,4F,00,00,00,00,00,00,
113056235,00000118,false,Rx,1,4,00,40,00,00,00,00,00,00,
113066510,00000118,false,Rx,1,4,00,41,00,00,00,00,00,00,
113076248,00000118,false,Rx,1,4,00,42,00,00,00,00,00,00,
113086509,00000118,false,Rx,1,4,00,43,00,00,00,00,00,00,
113096175,00000118,false,Rx,1,4,00,44,00,00,00,00,00,00,
113106492,00000118,false,Rx,1,4,00,45,00,00,00,00,00,00,
113116157,00000118,false,Rx,1,4,00,46,00,00,00,00,00,00,
113126476,00000118,false,Rx,1,4,00,47,00,00,00,00,00,00,
113136142,00000118,false,Rx,1,4,00,48,00,00,00,00,00,00,
113146443,00000118,false,Rx,1,4,00,49,00,00,00,00,00,00,
113156151,00000118,false,Rx,1,4,00,4A,00,00,00,00,00,00,
113166430,00000118,false,Rx,1,4,00,4B,00,00,00,00,00,00,
113176172,00000118,false,Rx,1,4,00,4C,00,00,00,00,00,00,
113186412,00000118,false,Rx,1,4,00,4D,00,00,00,00,00,00,
113188783,0000070F,false,Rx,0,8,03,22,2B,E4,55,55,55,55,
113196123,00000118,false,Rx,1,4,00,4E,00,00,00,00,00,00,
113206416,00000118,false,Rx,1,4,00,4F,00,00,00,00,00,00,
113208540,00000779,false,Rx,1,8,05,62,2B,E4,D5,63,AA,AA,
113216096,00000118,false,Rx,1,4,00,40,00,00,00,00,00,00,
113226803,00000118,false,Rx,1,4,00,41,00,00,00,00,00,00,
113236467,00000118,false,Rx,1,4,00,42,00,00,00,00,00,00,
113246765,00000118,false,Rx,1,4,00,43,00,00,00,00,00,00,
113256471,00000118,false,Rx,1,4,00,44,00,00,00,00,00,00,
113266750,00000118,false,Rx,1,4,00,45,00,00,00,00,00,00,
113276492,00000118,false,Rx,1,4,00,46,00,00,00,00,00,00,
113286736,00000118,false,Rx,1,4,00,47,00,00,00,00,00,00,
113296419,00000118,false,Rx,1,4,00,48,00,00,00,00,00,00,
113306738,00000118,false,Rx,1,4,00,49,00,00,00,00,00,00,
113316408,00000118,false,Rx,1,4,00,4A,00,00,00,00,00,00,
113326939,00000118,false,Rx,1,4,00,4B,00,00,00,00,00,00,
113341488,00000118,false,Rx,1,4,00,4C,00,00,00,00,00,00,
113346707,00000118,false,Rx,1,4,00,4D,00,00,00,00,00,00,
113356413,00000118,false,Rx,1,4,00,4E,00,00,00,00,00,00,
113366675,00000118,false,Rx,1,4,00,4F,00,00,00,00,00,00,
113376416,00000118,false,Rx,1,4,00,40,00,00,00,00,00,00,
113386661,00000118,false,Rx,1,4,00,41,00,00,00,00,00,00,
113396354,00000118,false,Rx,1,4,00,42,00,00,00,00,00,00,
113406661,00000118,false,Rx,1,4,00,43,00,00,00,00,00,00,
113416331,00000118,false,Rx,1,4,00,44,00,00,00,00,00,00,
113426646,00000118,false,Rx,1,4,00,45,00,00,00,00,00,00,
113436312,00000118,false,Rx,1,4,00,46,00,00,00,00,00,00,
113446613,00000118,false,Rx,1,4,00,47,00,00,00,00,00,00,
113456317,00000118,false,Rx,1,4,00,48,00,00,00,00,00,00,
113466597,00000118,false,Rx,1,4,00,49,00,00,00,00,00,00,
113466893,17F0000F,true,Rx,1,8,00,0F,00,00,00,00,00,00,
113476347,00000118,false,Rx,1,4,00,4A,00,00,00,00,00,00,
113486583,00000118,false,Rx,1,4,00,4B,00,00,00,00,00,00,
113496273,00000118,false,Rx,1,4,00,4C,00,00,00,00,00,00,
113506588,00000118,false,Rx,1,4,00,4D,00,00,00,00,00,00,
113507132,0000070F,false,Rx,0,8,03,22,02,8D,55,55,55,55,
113516277,00000118,false,Rx,1,4,00,4E,00,00,00,00,00,00,
113526569,00000118,false,Rx,1,4,00,4F,00,00,00,00,00,00,
113528702,00000779,false,Rx,1,8,05,62,02,8D,80,00,AA,AA,
113536250,00000118,false,Rx,1,4,00,40,00,00,00,00,00,00,
113546950,00000118,false,Rx,1,4,00,41,00,00,00,00,00,00,
113556640,00000118,false,Rx,1,4,00,42,00,00,00,00,00,00,
113566946,00000118,false,Rx,1,4,00,43,00,00,00,00,00,00,
113576661,00000118,false,Rx,1,4,00,44,00,00,00,00,00,00,
113586905,00000118,false,Rx,1,4,00,45,00,00,00,00,00,00,
113596588,00000118,false,Rx,1,4,00,46,00,00,00,00,00,00,
113606935,00000118,false,Rx,1,4,00,47,00,00,00,00,00,00,
113616574,00000118,false,Rx,1,4,00,48,00,00,00,00,00,00,
113626893,00000118,false,Rx,1,4,00,49,00,00,00,00,00,00,
113636562,00000118,false,Rx,1,4,00,4A,00,00,00,00,00,00,
113646861,00000118,false,Rx,1,4,00,4B,00,00,00,00,00,00,
113656567,00000118,false,Rx,1,4,00,4C,00,00,00,00,00,00,
113666843,00000118,false,Rx,1,4,00,4D,00,00,00,00,00,00,
113676584,00000118,false,Rx,1,4,00,4E,00,00,00,00,00,00,
113686827,00000118,false,Rx,1,4,00,4F,00,00,00,00,00,00,
113696516,00000118,false,Rx,1,4,00,40,00,00,00,00,00,00,
113706835,00000118,false,Rx,1,4,00,41,00,00,00,00,00,00,
113716499,00000118,false,Rx,1,4,00,42,00,00,00,00,00,00,
113726815,00000118,false,Rx,1,4,00,43,00,00,00,00,00,00,
113736485,00000118,false,Rx,1,4,00,44,00,00,00,00,00,00,
113746782,00000118,false,Rx,1,4,00,45,00,00,00,00,00,00,
113756485,00000118,false,Rx,1,4,00,46,00,00,00,00,00,00,
113766767,00000118,false,Rx,1,4,00,47,00,00,00,00,00,00,
113776506,00000118,false,Rx,1,4,00,48,00,00,00,00,00,00,
113786750,00000118,false,Rx,1,4,00,49,00,00,00,00,00,00,
113796440,00000118,false,Rx,1,4,00,4A,00,00,00,00,00,00,
113806759,00000118,false,Rx,1,4,00,4B,00,00,00,00,00,00,
113816425,00000118,false,Rx,1,4,00,4C,00,00,00,00,00,00,
113825134,0000070F,false,Rx,0,8,03,22,2B,F1,55,55,55,55,
113826678,00000118,false,Rx,1,4,00,4D,00,00,00,00,00,00,
113839128,00000118,false,Rx,1,4,00,4E,00,00,00,00,00,00,
113839143,00000779,false,Rx,1,8,05,62,2B,F1,69,75,AA,AA,
113846775,00000118,false,Rx,1,4,00,4F,00,00,00,00,00,00,
113856396,00000118,false,Rx,1,4,00,40,00,00,00,00,00,00,
113866801,00000118,false,Rx,1,4,00,41,00,00,00,00,00,00,
113876412,00000118,false,Rx,1,4,00,42,00,00,00,00,00,00,
113886675,00000118,false,Rx,1,4,00,43,00,00,00,00,00,00,
113896381,00000118,false,Rx,1,4,00,44,00,00,00,00,00,00,
113906679,00000118,false,Rx,1,4,00,45,00,00,00,00,00,00,
113916386,00000118,false,Rx,1,4,00,46,00,00,00,00,00,00,
113926675,00000118,false,Rx,1,4,00,47,00,00,00,00,00,00,
113936329,00000118,false,Rx,1,4,00,48,00,00,00,00,00,00,
113946648,00000118,false,Rx,1,4,00,49,00,00,00,00,00,00,
113956321,00000118,false,Rx,1,4,00,4A,00,00,00,00,00,00,
113966633,00000118,false,Rx,1,4,00,4B,00,00,00,00,00,00,
113966961,17F0000F,true,Rx,1,8,00,0F,00,00,00,00,00,00,
113976345,00000118,false,Rx,1,4,00,4C,00,00,00,00,00,00,
113986598,00000118,false,Rx,1,4,00,4D,00,00,00,00,00,00,
113996304,00000118,false,Rx,1,4,00,4E,00,00,00,00,00,00,
114006582,00000118,false,Rx,1,4,00,4F,00,00,00,00,00,00,
114016377,00000118,false,Rx,1,4,00,40,00,00,00,00,00,00,
114026588,00000118,false,Rx,1,4,00,41,00,00,00,00,00,00,
114036254,00000118,false,Rx,1,4,00,42,00,00,00,00,00,00,
114046570,00000118,false,Rx,1,4,00,43,00,00,00,00,00,00,
114056237,00000118,false,Rx,1,4,00,44,00,00,00,00,00,00,
114066547,00000118,false,Rx,1,4,00,45,00,00,00,00,00,00,
114076276,00000118,false,Rx,1,4,00,46,00,00,00,00,00,00,
114086521,00000118,false,Rx,1,4,00,47,00,00,00,00,00,00,
114096224,00000118,false,Rx,1,4,00,48,00,00,00,00,00,00,
114106506,00000118,false,Rx,1,4,00,49,00,00,00,00,00,00,
114116380,00000118,false,Rx,1,4,00,4A,00,00,00,00,00,00,
114126511,00000118,false,Rx,1,4,00,4B,00,00,00,00,00,00,
114136179,00000118,false,Rx,1,4,00,4C,00,00,00,00,00,00,
114140984,0000070F,false,Rx,0,8,03,22,2B,E4,55,55,55,55,
114146518,00000118,false,Rx,1,4,00,4D,00,00,00,00,00,00,
114156162,00000118,false,Rx,1,4,00,4E,00,00,00,00,00,00,
114157459,00000779,false,Rx,1,8,05,62,2B,E4,D5,63,AA,AA,
114166470,00000118,false,Rx,1,4,00,4F,00,00,00,00,00,00,
114176203,00000118,false,Rx,1,4,00,40,00,00,00,00,00,00,
114186446,00000118,false,Rx,1,4,00,41,00,00,00,00,00,00,
114196151,00000118,false,Rx,1,4,00,42,00,00,00,00,00,00,
114206429,00000118,false,Rx,1,4,00,43,00,00,00,00,00,00,
114216121,00000118,false,Rx,1,4,00,44,00,00,00,00,00,00,
114226432,00000118,false,Rx,1,4,00,45,00,00,00,00,00,00,
114236098,00000118,false,Rx,1,4,00,46,00,00,00,00,00,00,
114246416,00000118,false,Rx,1,4,00,47,00,00,00,00,00,00,
114256082,00000118,false,Rx,1,4,00,48,00,00,00,00,00,00,
114266382,00000118,false,Rx,1,4,00,49,00,00,00,00,00,00,
114276126,00000118,false,Rx,1,4,00,4A,00,00,00,00,00,00,
114286369,00000118,false,Rx,1,4,00,4B,00,00,00,00,00,00,
114296076,00000118,false,Rx,1,4,00,4C,00,00,00,00,00,00,
114306352,00000118,false,Rx,1,4,00,4D,00,00,00,00,00,00,
114316040,00000118,false,Rx,1,4,00,4E,00,00,00,00,00,00,
114326382,00000118,false,Rx,1,4,00,4F,00,00,00,00,00,00,
114342735,00000118,false,Rx,1,4,00,40,00,00,00,00,00,00,
114346422,00000118,false,Rx,1,4,00,41,00,00,00,00,00,00,
114356102,00000118,false,Rx,1,4,00,42,00,00,00,00,00,00,
114366342,00000118,false,Rx,1,4,00,43,00,00,00,00,00,00,
114376084,00000118,false,Rx,1,4,00,44,00,00,00,00,00,00,
114386331,00000118,false,Rx,1,4,00,45,00,00,00,00,00,00,
114396033,00000118,false,Rx,1,4,00,46,00,00,00,00,00,00,
114406336,00000118,false,Rx,1,4,00,47,00,00,00,00,00,00,
114415998,00000118,false,Rx,1,4,00,48,00,00,00,00,00,00,
114426337,00000118,false,Rx,1,4,00,49,00,00,00,00,00,00,
114435986,00000118,false,Rx,1,4,00,4A,00,00,00,00,00,00,
114446332,00000118,false,Rx,1,4,00,4B,00,00,00,00,00,00,
114455990,00000118,false,Rx,1,4,00,4C,00,00,00,00,00,00,
114456441,0000070F,false,Rx,0,8,03,22,02,8D,55,55,55,55,
114466375,00000118,false,Rx,1,4,00,4D,00,00,00,00,00,00,
114466959,17F0000F,true,Rx,1,8,00,0F,00,00,00,00,00,00,
114476014,00000118,false,Rx,1,4,00,4E,00,00,00,00,00,00,
114477322,00000779,false,Rx,1,8,05,62,02,8D,80,00,AA,AA,
114486335,00000118,false,Rx,1,4,00,4F,00,00,00,00,00,00,
114495961,00000118,false,Rx,1,4,00,40,00,00,00,00,00,00,
114506340,00000118,false,Rx,1,4,00,41,00,00,00,00,00,00,
114515941,00000118,false,Rx,1,4,00,42,00,00,00,00,00,00,
114526342,00000118,false,Rx,1,4,00,43,00,00,00,00,00,00,
114535909,00000118,false,Rx,1,4,00,44,00,00,00,00,00,00,
114546345,00000118,false,Rx,1,4,00,45,00,00,00,00,00,00,
114555910,00000118,false,Rx,1,4,00,46,00,00,00,00,00,00,
114566346,00000118,false,Rx,1,4,00,47,00,00,00,00,00,00,
114575948,00000118,false,Rx,1,4,00,48,00,00,00,00,00,00,
114586340,00000118,false,Rx,1,4,00,49,00,00,00,00,00,00,
114595882,00000118,false,Rx,1,4,00,4A,00,00,00,00,00,00,
114606089,00000118,false,Rx,1,4,00,4B,00,00,00,00,00,00,
114615849,00000118,false,Rx,1,4,00,4C,00,00,00,00,00,00,
114626098,00000118,false,Rx,1,4,00,4D,00,00,00,00,00,00,
114635832,00000118,false,Rx,1,4,00,4E,00,00,00,00,00,00,
114646094,00000118,false,Rx,1,4,00,4F,00,00,00,00,00,00,
114655837,00000118,false,Rx,1,4,00,40,00,00,00,00,00,00,
114666097,00000118,false,Rx,1,4,00,41,00,00,00,00,00,00,
114675854,00000118,false,Rx,1,4,00,42,00,00,00,00,00,00,
114686089,00000118,false,Rx,1,4,00,43,00,00,00,00,00,00,
114695803,00000118,false,Rx,1,4,00,44,00,00,00,00,00,00,
114706086,00000118,false,Rx,1,4,00,45,00,00,00,00,00,00,
114715767,00000118,false,Rx,1,4,00,46,00,00,00,00,00,00,
114726098,00000118,false,Rx,1,4,00,47,00,00,00,00,00,00,
114735755,00000118,false,Rx,1,4,00,48,00,00,00,00,00,00,
114746089,00000118,false,Rx,1,4,00,49,00,00,00,00,00,00,
114756178,00000118,false,Rx,1,4,00,4A,00,00,00,00,00,00,
114766579,00000118,false,Rx,1,4,00,4B,00,00,00,00,00,00,
114773160,0000070F,false,Rx,0,8,03,22,2B,F1,55,55,55,55,
114776204,00000118,false,Rx,1,4,00,4C,00,00,00,00,00,00,
114786581,00000118,false,Rx,1,4,00,4D,00,00,00,00,00,00,
114788464,00000779,false,Rx,1,8,05,62,2B,F1,69,75,AA,AA,
114796139,00000118,false,Rx,1,4,00,4E,00,00,00,00,00,00,
114806336,00000118,false,Rx,1,4,00,4F,00,00,00,00,00,00,
114816094,00000118,false,Rx,1,4,00,40,00,00,00,00,00,00,
114826370,00000118,false,Rx,1,4,00,41,00,00,00,00,00,00,
114837705,00000118,false,Rx,1,4,00,42,00,00,00,00,00,00,
114846775,00000118,false,Rx,1,4,00,43,00,00,00,00,00,00,
114856428,00000118,false,Rx,1,4,00,44,00,00,00,00,00,00,
114866813,00000118,false,Rx,1,4,00,45,00,00,00,00,00,00,
114876462,00000118,false,Rx,1,4,00,46,00,00,00,00,00,00,
114886707,00000118,false,Rx,1,4,00,47,00,00,00,00,00,00,
114896391,00000118,false,Rx,1,4,00,48,00,00,00,00,00,00,
114906714,00000118,false,Rx,1,4,00,49,00,00,00,00,00,00,
114916380,00000118,false,Rx,1,4,00,4A,00,00,00,00,00,00,
114926696,00000118,false,Rx,1,4,00,4B,00,00,00,00,00,00,
114936390,00000118,false,Rx,1,4,00,4C,00,00,00,00,00,00,
114946680,00000118,false,Rx,1,4,00,4D,00,00,00,00,00,00,
114956354,00000118,false,Rx,1,4,00,4E,00,00,00,00,00,00,
114966647,00000118,false,Rx,1,4,00,4F,00,00,00,00,00,00,
114966971,17F0000F,true,Rx,1,8,00,0F,00,00,00,00,00,00,
114976395,00000118,false,Rx,1,4,00,40,00,00,00,00,00,00,
114986632,00000118,false,Rx,1,4,00,41,00,00,00,00,00,00,
114996372,00000118,false,Rx,1,4,00,42,00,00,00,00,00,00,
115006634,00000118,false,Rx,1,4,00,43,00,00,00,00,00,00,
115016301,00000118,false,Rx,1,4,00,44,00,00,00,00,00,00,
115026619,00000118,false,Rx,1,4,00,45,00,00,00,00,00,00,
115036291,00000118,false,Rx,1,4,00,46,00,00,00,00,00,00,
115046603,00000118,false,Rx,1,4,00,47,00,00,00,00,00,00,
115056268,00000118,false,Rx,1,4,00,48,00,00,00,00,00,00,
115066580,00000118,false,Rx,1,4,00,49,00,00,00,00,00,00,
115076316,00000118,false,Rx,1,4,00,4A,00,00,00,00,00,00,
115086555,00000118,false,Rx,1,4,00,4B,00,00,00,00,00,00,
115093488,0000070F,false,Rx,0,8,03,22,2B,E4,55,55,55,55,
115096373,00000118,false,Rx,1,4,00,4C,00,00,00,00,00,00,
115106556,00000118,false,Rx,1,4,00,4D,00,00,00,00,00,00,
115108672,00000779,false,Rx,1,8,05,62,2B,E4,D5,63,AA,AA,
115116236,00000118,false,Rx,1,4,00,4E,00,00,00,00,00,00,
115126951,00000118,false,Rx,1,4,00,4F,00,00,00,00,00,00,
115136631,00000118,false,Rx,1,4,00,40,00,00,00,00,00,00,
115146949,00000118,false,Rx,1,4,00,41,00,00,00,00,00,00,
115156593,00000118,false,Rx,1,4,00,42,00,00,00,00,00,00,
115166892,00000118,false,Rx,1,4,00,43,00,00,00,00,00,00,
115176634,00000118,false,Rx,1,4,00,44,00,00,00,00,00,00,
115186877,00000118,false,Rx,1,4,00,45,00,00,00,00,00,00,
115196580,00000118,false,Rx,1,4,00,46,00,00,00,00,00,00,
115206860,00000118,false,Rx,1,4,00,47,00,00,00,00,00,00,
115216546,00000118,false,Rx,1,4,00,48,00,00,00,00,00,00,
115226865,00000118,false,Rx,1,4,00,49,00,00,00,00,00,00,
115236534,00000118,false,Rx,1,4,00,4A,00,00,00,00,00,00,
115246852,00000118,false,Rx,1,4,00,4B,00,00,00,00,00,00,
115256519,00000118,false,Rx,1,4,00,4C,00,00,00,00,00,00,
115266814,00000118,false,Rx,1,4,00,4D,00,00,00,00,00,00,
115276558,00000118,false,Rx,1,4,00,4E,00,00,00,00,00,00,
115286799,00000118,false,Rx,1,4,00,4F,00,00,00,00,00,00,
115296490,00000118,false,Rx,1,4,00,40,00,00,00,00,00,00,
115306805,00000118,false,Rx,1,4,00,41,00,00,00,00,00,00,
115316470,00000118,false,Rx,1,4,00,42,00,00,00,00,00,00,
115326838,00000118,false,Rx,1,4,00,43,00,00,00,00,00,00,
115339339,00000118,false,Rx,1,4,00,44,00,00,00,00,00,00,
115346805,00000118,false,Rx,1,4,00,45,00,00,00,00,00,00,
115356462,00000118,false,Rx,1,4,00,46,00,00,00,00,00,00,
115366739,00000118,false,Rx,1,4,00,47,00,00,00,00,00,00,
115376480,00000118,false,Rx,1,4,00,48,00,00,00,00,00,00,
115386723,00000118,false,Rx,1,4,00,49,00,00,00,00,00,00,
115396412,00000118,false,Rx,1,4,00,4A,00,00,00,00,00,00,
115406729,00000118,false,Rx,1,4,00,4B,00,00,00,00,00,00,
115410601,0000070F,false,Rx,0,8,03,22,02,8D,55,55,55,55,
115416421,00000118,false,Rx,1,4,00,4C,00,00,00,00,00,00,
115426711,00000118,false,Rx,1,4,00,4D,00,00,00,00,00,00,
115428839,00000779,false,Rx,1,8,05,62,02,8D,80,00,AA,AA,
115436391,00000118,false,Rx,1,4,00,4E,00,00,00,00,00,00,
115447087,00000118,false,Rx,1,4,00,4F,00,00,00,00,00,00,
115456785,00000118,false,Rx,1,4,00,40,00,00,00,00,00,00,
115467065,00000118,false,Rx,1,4,00,41,00,00,00,00,00,00,
115467600,17F0000F,true,Rx,1,8,00,0F,00,00,00,00,00,00,
115476810,00000118,false,Rx,1,4,00,42,00,00,00,00,00,00,
115487046,00000118,false,Rx,1,4,00,43,00,00,00,00,00,00,
115496733,00000118,false,Rx,1,4,00,44,00,00,00,00,00,00,
115507050,00000118,false,Rx,1,4,00,45,00,00,00,00,00,00,
115516715,00000118,false,Rx,1,4,00,46,00,00,00,00,00,00,
115527035,00000118,false,Rx,1,4,00,47,00,00,00,00,00,00,
115536699,00000118,false,Rx,1,4,00,48,00,00,00,00,00,00,
115547006,00000118,false,Rx,1,4,00,49,00,00,00,00,00,00,
115556707,00000118,false,Rx,1,4,00,4A,00,00,00,00,00,00,
115566999,00000118,false,Rx,1,4,00,4B,00,00,00,00,00,00,
115576728,00000118,false,Rx,1,4,00,4C,00,00,00,00,00,00,
115586969,00000118,false,Rx,1,4,00,4D,00,00,00,00,00,00,
115596656,00000118,false,Rx,1,4,00,4E,00,00,00,00,00,00,
115606972,00000118,false,Rx,1,4,00,4F,00,00,00,00,00,00,
115616643,00000118,false,Rx,1,4,00,40,00,00,00,00,00,00,
115626961,00000118,false,Rx,1,4,00,41,00,00,00,00,00,00,
115636626,00000118,false,Rx,1,4,00,42,00,00,00,00,00,00,
115647047,00000118,false,Rx,1,4,00,43,00,00,00,00,00,00,
115656634,00000118,false,Rx,1,4,00,44,00,00,00,00,00,00,
115666909,00000118,false,Rx,1,4,00,45,00,00,00,00,00,00,
115676648,00000118,false,Rx,1,4,00,46,00,00,00,00,00,00,
115686892,00000118,false,Rx,1,4,00,47,00,00,00,00,00,00,
115696577,00000118,false,Rx,1,4,00,48,00,00,00,00,00,00,
115706896,00000118,false,Rx,1,4,00,49,00,00,00,00,00,00,
115716565,00000118,false,Rx,1,4,00,4A,00,00,00,00,00,00,
115726412,0000070F,false,Rx,0,8,03,22,2B,F1,55,55,55,55,
115726883,00000118,false,Rx,1,4,00,4B,00,00,00,00,00,00,
115736574,00000118,false,Rx,1,4,00,4C,00,00,00,00,00,00,
115746847,00000118,false,Rx,1,4,00,4D,00,00,00,00,00,00,
115748969,00000779,false,Rx,1,8,05,62,2B,F1,69,75,AA,AA,
115756563,00000118,false,Rx,1,4,00,4E,00,00,00,00,00,00,
115766832,00000118,false,Rx,1,4,00,4F,00,00,00,00,00,00,
115776576,00000118,false,Rx,1,4,00,40,00,00,00,00,00,00,
115786817,00000118,false,Rx,1,4,00,41,00,00,00,00,00,00,
115796503,00000118,false,Rx,1,4,00,42,00,00,00,00,00,00,
115806819,00000118,false,Rx,1,4,00,43,00,00,00,00,00,00,
115816487,00000118,false,Rx,1,4,00,44,00,00,00,00,00,00,
115826843,00000118,false,Rx,1,4,00,45,00,00,00,00,00,00,
115842328,00000118,false,Rx,1,4,00,46,00,00,00,00,00,00,
115846780,00000118,false,Rx,1,4,00,47,00,00,00,00,00,00,
115856495,00000118,false,Rx,1,4,00,48,00,00,00,00,00,00,
115866845,00000118,false,Rx,1,4,00,49,00,00,00,00,00,00,
115876497,00000118,false,Rx,1,4,00,4A,00,00,00,00,00,00,
115886741,00000118,false,Rx,1,4,00,4B,00,00,00,00,00,00,
115896427,00000118,false,Rx,1,4,00,4C,00,00,00,00,00,00,
115906743,00000118,false,Rx,1,4,00,4D,00,00,00,00,00,00,
115916410,00000118,false,Rx,1,4,00,4E,00,00,00,00,00,00,
115926726,00000118,false,Rx,1,4,00,4F,00,00,00,00,00,00,
115936413,00000118,false,Rx,1,4,00,40,00,00,00,00,00,00,
115946705,00000118,false,Rx,1,4,00,41,00,00,00,00,00,00,
115956412,00000118,false,Rx,1,4,00,42,00,00,00,00,00,00,
115966688,00000118,false,Rx,1,4,00,43,00,00,00,00,00,00,
115966983,17F0000F,true,Rx,1,8,00,0F,00,00,00,00,00,00,
115976425,00000118,false,Rx,1,4,00,44,00,00,00,00,00,00,
115986662,00000118,false,Rx,1,4,00,45,00,00,00,00,00,00,
115996347,00000118,false,Rx,1,4,00,46,00,00,00,00,00,00,
116006675,00000118,false,Rx,1,4,00,47,00,00,00,00,00,00,
116016333,00000118,false,Rx,1,4,00,48,00,00,00,00,00,00,
116026654,00000118,false,Rx,1,4,00,49,00,00,00,00,00,00,
116036321,00000118,false,Rx,1,4,00,4A,00,00,00,00,00,00,
116042183,0000070F,false,Rx,0,8,03,22,2B,E4,55,55,55,55,
116046644,00000118,false,Rx,1,4,00,4B,00,00,00,00,00,00,
116056325,00000118,false,Rx,1,4,00,4C,00,00,00,00,00,00,
116057619,00000779,false,Rx,1,8,05,62,2B,E4,D5,63,AA,AA,
116066623,00000118,false,Rx,1,4,00,4D,00,00,00,00,00,00,
116076345,00000118,false,Rx,1,4,00,4E,00,00,00,00,00,00,
116086586,00000118,false,Rx,1,4,00,4F,00,00,00,00,00,00,
116096274,00000118,false,Rx,1,4,00,40,00,00,00,00,00,00,
116106590,00000118,false,Rx,1,4,00,41,00,00,00,00,00,00,
116116257,00000118,false,Rx,1,4,00,42,00,00,00,00,00,00,
116126574,00000118,false,Rx,1,4,00,43,00,00,00,00,00,00,
116136242,00000118,false,Rx,1,4,00,44,00,00,00,00,00,00,
116146540,00000118,false,Rx,1,4,00,45,00,00,00,00,00,00,
116156244,00000118,false,Rx,1,4,00,46,00,00,00,00,00,00,
116166533,00000118,false,Rx,1,4,00,47,00,00,00,00,00,00,
116176265,00000118,false,Rx,1,4,00,48,00,00,00,00,00,00,
116186509,00000118,false,Rx,1,4,00,49,00,00,00,00,00,00,
116196197,00000118,false,Rx,1,4,00,4A,00,00,00,00,00,00,
116206514,00000118,false,Rx,1,4,00,4B,00,00,00,00,00,00,
116216181,00000118,false,Rx,1,4,00,4C,00,00,00,00,00,00,
116226496,00000118,false,Rx,1,4,00,4D,00,00,00,00,00,00,
116236164,00000118,false,Rx,1,4,00,4E,00,00,00,00,00,00,
116246463,00000118,false,Rx,1,4,00,4F,00,00,00,00,00,00,
116256171,00000118,false,Rx,1,4,00,40,00,00,00,00,00,00,
116266449,00000118,false,Rx,1,4,00,41,00,00,00,00,00,00,
116276190,00000118,false,Rx,1,4,00,42,00,00,00,00,00,00,
116286432,00000118,false,Rx,1,4,00,43,00,00,00,00,00,00,
116296118,00000118,false,Rx,1,4,00,44,00,00,00,00,00,00,
116306435,00000118,false,Rx,1,4,00,45,00,00,00,00,00,00,
116316101,00000118,false,Rx,1,4,00,46,00,00,00,00,00,00,
116326405,00000118,false,Rx,1,4,00,47,00,00,00,00,00,00,
116339064,00000118,false,Rx,1,4,00,48,00,00,00,00,00,00,
116346435,00000118,false,Rx,1,4,00,49,00,00,00,00,00,00,
116356094,00000118,false,Rx,1,4,00,4A,00,00,00,00,00,00,
116359358,0000070F,false,Rx,0,8,03,22,02,8D,55,55,55,55,
116366411,00000118,false,Rx,1,4,00,4B,00,00,00,00,00,00,
116376117,00000118,false,Rx,1,4,00,4C,00,00,00,00,00,00,
116377417,00000779,false,Rx,1,8,05,62,02,8D,80,00,AA,AA,
116386366,00000118,false,Rx,1,4,00,4D,00,00,00,00,00,00,
116396042,00000118,false,Rx,1,4,00,4E,00,00,00,00,00,00,
116406360,00000118,false,Rx,1,4,00,4F,00,00,00,00,00,00,
116416029,00000118,false,Rx,1,4,00,40,00,00,00,00,00,00,
116426346,00000118,false,Rx,1,4,00,41,00,00,00,00,00,00,
116436011,00000118,false,Rx,1,4,00,42,00,00,00,00,00,00,
116446310,00000118,false,Rx,1,4,00,43,00,00,00,00,00,00,
116456016,00000118,false,Rx,1,4,00,44,00,00,00,00,00,00,
116466298,00000118,false,Rx,1,4,00,45,00,00,00,00,00,00,
116466590,17F0000F,true,Rx,1,8,00,0F,00,00,00,00,00,00,
116476045,00000118,false,Rx,1,4,00,46,00,00,00,00,00,00,
116486292,00000118,false,Rx,1,4,00,47,00,00,00,00,00,00,
116495964,00000118,false,Rx,1,4,00,48,00,00,00,00,00,00,
116506282,00000118,false,Rx,1,4,00,49,00,00,00,00,00,00,
116515961,00000118,false,Rx,1,4,00,4A,00,00,00,00,00,00,
116526270,00000118,false,Rx,1,4,00,4B,00,00,00,00,00,00,
116535950,00000118,false,Rx,1,4,00,4C,00,00,00,00,00,00,
116546233,00000118,false,Rx,1,4,00,4D,00,00,00,00,00,00,
116555950,00000118,false,Rx,1,4,00,4E,00,00,00,00,00,00,
116566219,00000118,false,Rx,1,4,00,4F,00,00,00,00,00,00,
116575974,00000118,false,Rx,1,4,00,40,00,00,00,00,00,00,
116586203,00000118,false,Rx,1,4,00,41,00,00,00,00,00,00,
116595889,00000118,false,Rx,1,4,00,42,00,00,00,00,00,00,
116606205,00000118,false,Rx,1,4,00,43,00,00,00,00,00,00,
116615873,00000118,false,Rx,1,4,00,44,00,00,00,00,00,00,
116626190,00000118,false,Rx,1,4,00,45,00,00,00,00,00,00,
116635856,00000118,false,Rx,1,4,00,46,00,00,00,00,00,00,
116646156,00000118,false,Rx,1,4,00,47,00,00,00,00,00,00,
116655859,00000118,false,Rx,1,4,00,48,00,00,00,00,00,00,
116666141,00000118,false,Rx,1,4,00,49,00,00,00,00,00,00,
116675885,00000118,false,Rx,1,4,00,4A,00,00,00,00,00,00,
116686127,00000118,false,Rx,1,4,00,4B,00,00,00,00,00,00,
116689360,0000070F,false,Rx,0,8,03,22,2B,F1,55,55,55,55,
116695837,00000118,false,Rx,1,4,00,4C,00,00,00,00,00,00,
116706130,00000118,false,Rx,1,4,00,4D,00,00,00,00,00,00,
116708246,00000779,false,Rx,1,8,05,62,2B,F1,69,75,AA,AA,
116715808,00000118,false,Rx,1,4,00,4E,00,00,00,00,00,00,
116726513,00000118,false,Rx,1,4,00,4F,00,00,00,00,00,00,
116736183,00000118,false,Rx,1,4,00,40,00,00,00,00,00,00,
116746480,00000118,false,Rx,1,4,00,41,00,00,00,00,00,00,
116756184,00000118,false,Rx,1,4,00,42,00,00,00,00,00,00,
116766464,00000118,false,Rx,1,4,00,43,00,00,00,00,00,00,
116776207,00000118,false,Rx,1,4,00,44,00,00,00,00,00,00,
116786448,00000118,false,Rx,1,4,00,45,00,00,00,00,00,00,
116796133,00000118,false,Rx,1,4,00,46,00,00,00,00,00,00,
116806452,00000118,false,Rx,1,4,00,47,00,00,00,00,00,00,
116816118,00000118,false,Rx,1,4,00,48,00,00,00,00,00,00,
116826464,00000118,false,Rx,1,4,00,49,00,00,00,00,00,00,
116838500,00000118,false,Rx,1,4,00,4A,00,00,00,00,00,00,
116846419,00000118,false,Rx,1,4,00,4B,00,00,00,00,00,00,
116856159,00000118,false,Rx,1,4,00,4C,00,00,00,00,00,00,
116866477,00000118,false,Rx,1,4,00,4D,00,00,00,00,00,00,
116876129,00000118,false,Rx,1,4,00,4E,00,00,00,00,00,00,
116886373,00000118,false,Rx,1,4,00,4F,00,00,00,00,00,00,
116896061,00000118,false,Rx,1,4,00,40,00,00,00,00,00,00,
116906381,00000118,false,Rx,1,4,00,41,00,00,00,00,00,00,
116916042,00000118,false,Rx,1,4,00,42,00,00,00,00,00,00,
116926360,00000118,false,Rx,1,4,00,43,00,00,00,00,00,00,
116936026,00000118,false,Rx,1,4,00,44,00,00,00,00,00,00,
116946325,00000118,false,Rx,1,4,00,45,00,00,00,00,00,00,
116956032,00000118,false,Rx,1,4,00,46,00,00,00,00,00,00,
116966311,00000118,false,Rx,1,4,00,47,00,00,00,00,00,00,
116966607,17F0000F,true,Rx,1,8,00,0F,00,00,00,00,00,00,
116976056,00000118,false,Rx,1,4,00,48,00,00,00,00,00,00,
116986299,00000118,false,Rx,1,4,00,49,00,00,00,00,00,00,
116995983,00000118,false,Rx,1,4,00,4A,00,00,00,00,00,00,
117006300,00000118,false,Rx,1,4,00,4B,00,00,00,00,00,00,
117008104,0000070F,false,Rx,0,8,03,22,2B,E4,55,55,55,55,
117015993,00000118,false,Rx,1,4,00,4C,00,00,00,00,00,00,
117026283,00000118,false,Rx,1,4,00,4D,00,00,00,00,00,00,
117028434,00000779,false,Rx,1,8,05,62,2B,E4,D5,63,AA,AA,
117035962,00000118,false,Rx,1,4,00,4E,00,00,00,00,00,00,
117046648,00000118,false,Rx,1,4,00,4F,00,00,00,00,00,00,
117056355,00000118,false,Rx,1,4,00,40,00,00,00,00,00,00,
117066667,00000118,false,Rx,1,4,00,41,00,00,00,00,00,00,
117076376,00000118,false,Rx,1,4,00,42,00,00,00,00,00,00,
117086624,00000118,false,Rx,1,4,00,43,00,00,00,00,00,00,
117096305,00000118,false,Rx,1,4,00,44,00,00,00,00,00,00,
117106622,00000118,false,Rx,1,4,00,45,00,00,00,00,00,00,
117116286,00000118,false,Rx,1,4,00,46,00,00,00,00,00,00,
117126607,00000118,false,Rx,1,4,00,47,00,00,00,00,00,00,
117136271,00000118,false,Rx,1,4,00,48,00,00,00,00,00,00,
117146571,00000118,false,Rx,1,4,00,49,00,00,00,00,00,00,
117156280,00000118,false,Rx,1,4,00,4A,00,00,00,00,00,00,
117166558,00000118,false,Rx,1,4,00,4B,00,00,00,00,00,00,
117176301,00000118,false,Rx,1,4,00,4C,00,00,00,00,00,00,
117186542,00000118,false,Rx,1,4,00,4D,00,00,00,00,00,00,
117196228,00000118,false,Rx,1,4,00,4E,00,00,00,00,00,00,
117206545,00000118,false,Rx,1,4,00,4F,00,00,00,00,00,00,
117216213,00000118,false,Rx,1,4,00,40,00,00,00,00,00,00,
117226533,00000118,false,Rx,1,4,00,41,00,00,00,00,00,00,
117236197,00000118,false,Rx,1,4,00,42,00,00,00,00,00,00,
117246495,00000118,false,Rx,1,4,00,43,00,00,00,00,00,00,
117256204,00000118,false,Rx,1,4,00,44,00,00,00,00,00,00,
117266480,00000118,false,Rx,1,4,00,45,00,00,00,00,00,00,
117276221,00000118,false,Rx,1,4,00,46,00,00,00,00,00,00,
117286473,00000118,false,Rx,1,4,00,47,00,00,00,00,00,00,
117296148,00000118,false,Rx,1,4,00,48,00,00,00,00,00,00,
117306467,00000118,false,Rx,1,4,00,49,00,00,00,00,00,00,
117316138,00000118,false,Rx,1,4,00,4A,00,00,00,00,00,00,
117326491,00000118,false,Rx,1,4,00,4B,00,00,00,00,00,00,
117328398,0000070F,false,Rx,0,8,03,22,02,8D,55,55,55,55,
117338880,00000118,false,Rx,1,4,00,4C,00,00,00,00,00,00,
117347180,00000118,false,Rx,1,4,00,4D,00,00,00,00,00,00,
117348547,00000779,false,Rx,1,8,05,62,02,8D,80,00,AA,AA,
117356143,00000118,false,Rx,1,4,00,4E,00,00,00,00,00,00,
117366402,00000118,false,Rx,1,4,00,4F,00,00,00,00,00,00,
117376145,00000118,false,Rx,1,4,00,40,00,00,00,00,00,00,
117386390,00000118,false,Rx,1,4,00,41,00,00,00,00,00,00,
117396083,00000118,false,Rx,1,4,00,42,00,00,00,00,00,00,
117406392,00000118,false,Rx,1,4,00,43,00,00,00,00,00,00,
117416060,00000118,false,Rx,1,4,00,44,00,00,00,00,00,00,
117426376,00000118,false,Rx,1,4,00,45,00,00,00,00,00,00,
117436042,00000118,false,Rx,1,4,00,46,00,00,00,00,00,00,
117446340,00000118,false,Rx,1,4,00,47,00,00,00,00,00,00,
117456046,00000118,false,Rx,1,4,00,48,00,00,00,00,00,00,
117466326,00000118,false,Rx,1,4,00,49,00,00,00,00,00,00,
117466623,17F0000F,true,Rx,1,8,00,0F,00,00,00,00,00,00,
117476075,00000118,false,Rx,1,4,00,4A,00,00,00,00,00,00,
117486312,00000118,false,Rx,1,4,00,4B,00,00,00,00,00,00,
117496001,00000118,false,Rx,1,4,00,4C,00,00,00,00,00,00,
117506317,00000118,false,Rx,1,4,00,4D,00,00,00,00,00,00,
117515982,00000118,false,Rx,1,4,00,4E,00,00,00,00,00,00,
117526297,00000118,false,Rx,1,4,00,4F,00,00,00,00,00,00,
117535968,00000118,false,Rx,1,4,00,40,00,00,00,00,00,00,
117546267,00000118,false,Rx,1,4,00,41,00,00,00,00,00,00,
117555970,00000118,false,Rx,1,4,00,42,00,00,00,00,00,00,
117566249,00000118,false,Rx,1,4,00,43,00,00,00,00,00,00,
117575998,00000118,false,Rx,1,4,00,44,00,00,00,00,00,00,
117586233,00000118,false,Rx,1,4,00,45,00,00,00,00,00,00,
117595949,00000118,false,Rx,1,4,00,46,00,00,00,00,00,00,
117606239,00000118,false,Rx,1,4,00,47,00,00,00,00,00,00,
117615903,00000118,false,Rx,1,4,00,48,00,00,00,00,00,00,
117626222,00000118,false,Rx,1,4,00,49,00,00,00,00,00,00,
117635891,00000118,false,Rx,1,4,00,4A,00,00,00,00,00,00,
117646190,00000118,false,Rx,1,4,00,4B,00,00,00,00,00,00,
117655895,00000118,false,Rx,1,4,00,4C,00,00,00,00,00,00,
117661156,0000070F,false,Rx,0,8,03,22,2B,F1,55,55,55,55,
117666196,00000118,false,Rx,1,4,00,4D,00,00,00,00,00,00,
117675913,00000118,false,Rx,1,4,00,4E,00,00,00,00,00,00,
117677211,00000779,false,Rx,1,8,05,62,2B,F1,37,75,AA,AA,
117686168,00000118,false,Rx,1,4,00,4F,00,00,00,00,00,00,
117695847,00000118,false,Rx,1,4,00,40,00,00,00,00,00,00,
117706164,00000118,false,Rx,1,4,00,41,00,00,00,00,00,00,
117715828,00000118,false,Rx,1,4,00,42,00,00,00,00,00,00,
117726146,00000118,false,Rx,1,4,00,43,00,00,00,00,00,00,
117735812,00000118,false,Rx,1,4,00,44,00,00,00,00,00,00,
117746111,00000118,false,Rx,1,4,00,45,00,00,00,00,00,00,
117755814,00000118,false,Rx,1,4,00,46,00,00,00,00,00,00,
117766095,00000118,false,Rx,1,4,00,47,00,00,00,00,00,00,
117775834,00000118,false,Rx,1,4,00,48,00,00,00,00,00,00,
117786079,00000118,false,Rx,1,4,00,49,00,00,00,00,00,00,
117795768,00000118,false,Rx,1,4,00,4A,00,00,00,00,00,00,
117806088,00000118,false,Rx,1,4,00,4B,00,00,00,00,00,00,
117815754,00000118,false,Rx,1,4,00,4C,00,00,00,00,00,00,
117826167,00000118,false,Rx,1,4,00,4D,00,00,00,00,00,00,
117835757,00000118,false,Rx,1,4,00,4E,00,00,00,00,00,00,
117846151,00000118,false,Rx,1,4,00,4F,00,00,00,00,00,00,
117855833,00000118,false,Rx,1,4,00,40,00,00,00,00,00,00,
117866046,00000118,false,Rx,1,4,00,41,00,00,00,00,00,00,
117875835,00000118,false,Rx,1,4,00,42,00,00,00,00,00,00,
117885949,00000118,false,Rx,1,4,00,43,00,00,00,00,00,00,
117895764,00000118,false,Rx,1,4,00,44,00,00,00,00,00,00,
117905960,00000118,false,Rx,1,4,00,45,00,00,00,00,00,00,
117916147,00000118,false,Rx,1,4,00,46,00,00,00,00,00,00,
117926363,00000118,false,Rx,1,4,00,47,00,00,00,00,00,00,
117936531,00000118,false,Rx,1,4,00,48,00,00,00,00,00,00,
117946847,00000118,false,Rx,1,4,00,49,00,00,00,00,00,00,
117956940,00000118,false,Rx,1,4,00,4A,00,00,00,00,00,00,
117967340,00000118,false,Rx,1,4,00,4B,00,00,00,00,00,00,
117967874,17F0000F,true,Rx,1,8,00,0F,00,00,00,00,00,00,
117975036,0000070F,false,Rx,0,8,03,22,2B,E4,55,55,55,55,
117977352,00000118,false,Rx,1,4,00,4C,00,00,00,00,00,00,
117987590,00000118,false,Rx,1,4,00,4D,00,00,00,00,00,00,
117989625,00000779,false,Rx,1,8,05,62,2B,E4,D5,63,AA,AA,
117997660,00000118,false,Rx,1,4,00,4E,00,00,00,00,00,00,
118007912,00000118,false,Rx,1,4,00,4F,00,00,00,00,00,00,
118017599,00000118,false,Rx,1,4,00,40,00,00,00,00,00,00,
118027936,00000118,false,Rx,1,4,00,41,00,00,00,00,00,00,
118037581,00000118,false,Rx,1,4,00,42,00,00,00,00,00,00,
118047879,00000118,false,Rx,1,4,00,43,00,00,00,00,00,00,
118057584,00000118,false,Rx,1,4,00,44,00,00,00,00,00,00,
118068102,00000118,false,Rx,1,4,00,45,00,00,00,00,00,00,
118077604,00000118,false,Rx,1,4,00,46,00,00,00,00,00,00,
118087848,00000118,false,Rx,1,4,00,47,00,00,00,00,00,00,
118097552,00000118,false,Rx,1,4,00,48,00,00,00,00,00,00,
118107846,00000118,false,Rx,1,4,00,49,00,00,00,00,00,00,
118117522,00000118,false,Rx,1,4,00,4A,00,00,00,00,00,00,
118127839,00000118,false,Rx,1,4,00,4B,00,00,00,00,00,00,
118137506,00000118,false,Rx,1,4,00,4C,00,00,00,00,00,00,
118147833,00000118,false,Rx,1,4,00,4D,00,00,00,00,00,00,
118157507,00000118,false,Rx,1,4,00,4E,00,00,00,00,00,00,
118167825,00000118,false,Rx,1,4,00,4F,00,00,00,00,00,00,
118177530,00000118,false,Rx,1,4,00,40,00,00,00,00,00,00,
118187773,00000118,false,Rx,1,4,00,41,00,00,00,00,00,00,
118197457,00000118,false,Rx,1,4,00,42,00,00,00,00,00,00,
118207775,00000118,false,Rx,1,4,00,43,00,00,00,00,00,00,
118217445,00000118,false,Rx,1,4,00,44,00,00,00,00,00,00,
118227760,00000118,false,Rx,1,4,00,45,00,00,00,00,00,00,
118237426,00000118,false,Rx,1,4,00,46,00,00,00,00,00,00,
118247845,00000118,false,Rx,1,4,00,47,00,00,00,00,00,00,
118257847,00000118,false,Rx,1,4,00,48,00,00,00,00,00,00,
118268317,00000118,false,Rx,1,4,00,49,00,00,00,00,00,00,
118277852,00000118,false,Rx,1,4,00,4A,00,00,00,00,00,00,
118288096,00000118,false,Rx,1,4,00,4B,00,00,00,00,00,00,
118292380,0000070F,false,Rx,0,8,03,22,02,8D,55,55,55,55,
118297826,00000118,false,Rx,1,4,00,4C,00,00,00,00,00,00,
118308079,00000118,false,Rx,1,4,00,4D,00,00,00,00,00,00,
118310205,00000779,false,Rx,1,8,05,62,02,8D,80,00,AA,AA,
118317779,00000118,false,Rx,1,4,00,4E,00,00,00,00,00,00,
118328464,00000118,false,Rx,1,4,00,4F,00,00,00,00,00,00,
118338588,00000118,false,Rx,1,4,00,40,00,00,00,00,00,00,
118348663,00000118,false,Rx,1,4,00,41,00,00,00,00,00,00,
118358141,00000118,false,Rx,1,4,00,42,00,00,00,00,00,00,
118368622,00000118,false,Rx,1,4,00,43,00,00,00,00,00,00,
118378379,00000118,false,Rx,1,4,00,44,00,00,00,00,00,00,
118388629,00000118,false,Rx,1,4,00,45,00,00,00,00,00,00,
118398119,00000118,false,Rx,1,4,00,46,00,00,00,00,00,00,
118408630,00000118,false,Rx,1,4,00,47,00,00,00,00,00,00,
118418110,00000118,false,Rx,1,4,00,48,00,00,00,00,00,00,
118428630,00000118,false,Rx,1,4,00,49,00,00,00,00,00,00,
118438075,00000118,false,Rx,1,4,00,4A,00,00,00,00,00,00,
118448631,00000118,false,Rx,1,4,00,4B,00,00,00,00,00,00,
118458060,00000118,false,Rx,1,4,00,4C,00,00,00,00,00,00,
118468375,00000118,false,Rx,1,4,00,4D,00,00,00,00,00,00,
118468957,17F0000F,true,Rx,1,8,00,0F,00,00,00,00,00,00,
118478104,00000118,false,Rx,1,4,00,4E,00,00,00,00,00,00,
118488378,00000118,false,Rx,1,4,00,4F,00,00,00,00,00,00,
118498047,00000118,false,Rx,1,4,00,40,00,00,00,00,00,00,
118508378,00000118,false,Rx,1,4,00,41,00,00,00,00,00,00,
118518016,00000118,false,Rx,1,4,00,42,00,00,00,00,00,00,
118528382,00000118,false,Rx,1,4,00,43,00,00,00,00,00,00,
118537997,00000118,false,Rx,1,4,00,44,00,00,00,00,00,00,
118548377,00000118,false,Rx,1,4,00,45,00,00,00,00,00,00,
118557978,00000118,false,Rx,1,4,00,46,00,00,00,00,00,00,
118568369,00000118,false,Rx,1,4,00,47,00,00,00,00,00,00,
118578021,00000118,false,Rx,1,4,00,48,00,00,00,00,00,00,
118588376,00000118,false,Rx,1,4,00,49,00,00,00,00,00,00,
118597974,00000118,false,Rx,1,4,00,4A,00,00,00,00,00,00,
118608380,00000118,false,Rx,1,4,00,4B,00,00,00,00,00,00,
118609878,0000070F,false,Rx,0,8,03,22,2B,F1,55,55,55,55,
118617976,00000118,false,Rx,1,4,00,4C,00,00,00,00,00,00,
118628381,00000118,false,Rx,1,4,00,4D,00,00,00,00,00,00,
118630371,00000779,false,Rx,1,8,05,62,2B,F1,37,75,AA,AA,
118637950,00000118,false,Rx,1,4,00,4E,00,00,00,00,00,00,
118648871,00000118,false,Rx,1,4,00,4F,00,00,00,00,00,00,
118658382,00000118,false,Rx,1,4,00,40,00,00,00,00,00,00,
118668619,00000118,false,Rx,1,4,00,41,00,00,00,00,00,00,
118678379,00000118,false,Rx,1,4,00,42,00,00,00,00,00,00,
118688629,00000118,false,Rx,1,4,00,43,00,00,00,00,00,00,
118698378,00000118,false,Rx,1,4,00,44,00,00,00,00,00,00,
118708628,00000118,false,Rx,1,4,00,45,00,00,00,00,00,00,
118718380,00000118,false,Rx,1,4,00,46,00,00,00,00,00,00,
118728637,00000118,false,Rx,1,4,00,47,00,00,00,00,00,00,
118738376,00000118,false,Rx,1,4,00,48,00,00,00,00,00,00,
118748628,00000118,false,Rx,1,4,00,49,00,00,00,00,00,00,
118758382,00000118,false,Rx,1,4,00,4A,00,00,00,00,00,00,
118768612,00000118,false,Rx,1,4,00,4B,00,00,00,00,00,00,
118778380,00000118,false,Rx,1,4,00,4C,00,00,00,00,00,00,
118788630,00000118,false,Rx,1,4,00,4D,00,00,00,00,00,00,
118798380,00000118,false,Rx,1,4,00,4E,00,00,00,00,00,00,
118808629,00000118,false,Rx,1,4,00,4F,00,00,00,00,00,00,
118818382,00000118,false,Rx,1,4,00,40,00,00,00,00,00,00,
118828734,00000118,false,Rx,1,4,00,41,00,00,00,00,00,00,
118839047,00000118,false,Rx,1,4,00,42,00,00,00,00,00,00,
118848502,00000118,false,Rx,1,4,00,43,00,00,00,00,00,00,
118858155,00000118,false,Rx,1,4,00,44,00,00,00,00,00,00,
118868615,00000118,false,Rx,1,4,00,45,00,00,00,00,00,00,
118878186,00000118,false,Rx,1,4,00,46,00,00,00,00,00,00,
118888432,00000118,false,Rx,1,4,00,47,00,00,00,00,00,00,
118898135,00000118,false,Rx,1,4,00,48,00,00,00,00,00,00,
118908419,00000118,false,Rx,1,4,00,49,00,00,00,00,00,00,
118918106,00000118,false,Rx,1,4,00,4A,00,00,00,00,00,00,
118928210,0000070F,false,Rx,0,8,03,22,2B,E4,55,55,55,55,
118928634,00000118,false,Rx,1,4,00,4B,00,00,00,00,00,00,
118938113,00000118,false,Rx,1,4,00,4C,00,00,00,00,00,00,
118948406,00000118,false,Rx,1,4,00,4D,00,00,00,00,00,00,
118950686,00000779,false,Rx,1,8,05,62,2B,E4,D5,63,AA,AA,
118958090,00000118,false,Rx,1,4,00,4E,00,00,00,00,00,00,
118968860,00000118,false,Rx,1,4,00,4F,00,00,00,00,00,00,
118969157,17F0000F,true,Rx,1,8,00,0F,00,00,00,00,00,00,
118978504,00000118,false,Rx,1,4,00,40,00,00,00,00,00,00,
118988758,00000118,false,Rx,1,4,00,41,00,00,00,00,00,00,
118998460,00000118,false,Rx,1,4,00,42,00,00,00,00,00,00,
119008740,00000118,false,Rx,1,4,00,43,00,00,00,00,00,00,
119018426,00000118,false,Rx,1,4,00,44,00,00,00,00,00,00,
119028749,00000118,false,Rx,1,4,00,45,00,00,00,00,00,00,
119038408,00000118,false,Rx,1,4,00,46,00,00,00,00,00,00,
119048730,00000118,false,Rx,1,4,00,47,00,00,00,00,00,00,
119058394,00000118,false,Rx,1,4,00,48,00,00,00,00,00,00,
119068908,00000118,false,Rx,1,4,00,49,00,00,00,00,00,00,
119078423,00000118,false,Rx,1,4,00,4A,00,00,00,00,00,00,
119088681,00000118,false,Rx,1,4,00,4B,00,00,00,00,00,00,
119098386,00000118,false,Rx,1,4,00,4C,00,00,00,00,00,00,
119108663,00000118,false,Rx,1,4,00,4D,00,00,00,00,00,00,
119118350,00000118,false,Rx,1,4,00,4E,00,00,00,00,00,00,
119128682,00000118,false,Rx,1,4,00,4F,00,00,00,00,00,00,
119138338,00000118,false,Rx,1,4,00,40,00,00,00,00,00,00,
119148654,00000118,false,Rx,1,4,00,41,00,00,00,00,00,00,
119158319,00000118,false,Rx,1,4,00,42,00,00,00,00,00,00,
119168863,00000118,false,Rx,1,4,00,43,00,00,00,00,00,00,
119178342,00000118,false,Rx,1,4,00,44,00,00,00,00,00,00,
119188602,00000118,false,Rx,1,4,00,45,00,00,00,00,00,00,
119198305,00000118,false,Rx,1,4,00,46,00,00,00,00,00,00,
119208586,00000118,false,Rx,1,4,00,47,00,00,00,00,00,00,
119218270,00000118,false,Rx,1,4,00,48,00,00,00,00,00,00,
119228589,00000118,false,Rx,1,4,00,49,00,00,00,00,00,00,
119238260,00000118,false,Rx,1,4,00,4A,00,00,00,00,00,00,
119245989,0000070F,false,Rx,0,8,03,22,02,8D,55,55,55,55,
119248600,00000118,false,Rx,1,4,00,4B,00,00,00,00,00,00,
119258243,00000118,false,Rx,1,4,00,4C,00,00,00,00,00,00,
119259716,00000779,false,Rx,1,8,05,62,02,8D,80,00,AA,AA,
119268604,00000118,false,Rx,1,4,00,4D,00,00,00,00,00,00,
119278282,00000118,false,Rx,1,4,00,4E,00,00,00,00,00,00,
119288524,00000118,false,Rx,1,4,00,4F,00,00,00,00,00,00,
119298232,00000118,false,Rx,1,4,00,40,00,00,00,00,00,00,
119308512,00000118,false,Rx,1,4,00,41,00,00,00,00,00,00,
119318196,00000118,false,Rx,1,4,00,42,00,00,00,00,00,00,
119328562,00000118,false,Rx,1,4,00,43,00,00,00,00,00,00,
119342785,00000118,false,Rx,1,4,00,44,00,00,00,00,00,00,
119349099,00000118,false,Rx,1,4,00,45,00,00,00,00,00,00,
119358171,00000118,false,Rx,1,4,00,46,00,00,00,00,00,00,
119368620,00000118,false,Rx,1,4,00,47,00,00,00,00,00,00,
119378202,00000118,false,Rx,1,4,00,48,00,00,00,00,00,00,
119388448,00000118,false,Rx,1,4,00,49,00,00,00,00,00,00,
119398155,00000118,false,Rx,1,4,00,4A,00,00,00,00,00,00,
119408434,00000118,false,Rx,1,4,00,4B,00,00,00,00,00,00,
119418122,00000118,false,Rx,1,4,00,4C,00,00,00,00,00,00,
119428436,00000118,false,Rx,1,4,00,4D,00,00,00,00,00,00,
119438131,00000118,false,Rx,1,4,00,4E,00,00,00,00,00,00,
119448423,00000118,false,Rx,1,4,00,4F,00,00,00,00,00,00,
119458090,00000118,false,Rx,1,4,00,40,00,00,00,00,00,00,
119468608,00000118,false,Rx,1,4,00,41,00,00,00,00,00,00,
119469151,17F0000F,true,Rx,1,8,00,0F,00,00,00,00,00,00,
119478134,00000118,false,Rx,1,4,00,42,00,00,00,00,00,00,
119488372,00000118,false,Rx,1,4,00,43,00,00,00,00,00,00,
119498077,00000118,false,Rx,1,4,00,44,00,00,00,00,00,00,
119508355,00000118,false,Rx,1,4,00,45,00,00,00,00,00,00,
119518040,00000118,false,Rx,1,4,00,46,00,00,00,00,00,00,
119528358,00000118,false,Rx,1,4,00,47,00,00,00,00,00,00,
119538024,00000118,false,Rx,1,4,00,48,00,00,00,00,00,00,
119548349,00000118,false,Rx,1,4,00,49,00,00,00,00,00,00,
119558014,00000118,false,Rx,1,4,00,4A,00,00,00,00,00,00,
119562401,0000070F,false,Rx,0,8,03,22,2B,F1,55,55,55,55,
119568359,00000118,false,Rx,1,4,00,4B,00,00,00,00,00,00,
119578060,00000118,false,Rx,1,4,00,4C,00,00,00,00,00,00,
119579349,00000779,false,Rx,1,8,05,62,2B,F1,37,75,AA,AA,
119588305,00000118,false,Rx,1,4,00,4D,00,00,00,00,00,00,
119598001,00000118,false,Rx,1,4,00,4E,00,00,00,00,00,00,
119608278,00000118,false,Rx,1,4,00,4F,00,00,00,00,00,00,
119617967,00000118,false,Rx,1,4,00,40,00,00,00,00,00,00,
119628283,00000118,false,Rx,1,4,00,41,00,00,00,00,00,00,
119637952,00000118,false,Rx,1,4,00,42,00,00,00,00,00,00,
119648279,00000118,false,Rx,1,4,00,43,00,00,00,00,00,00,
119657950,00000118,false,Rx,1,4,00,44,00,00,00,00,00,00,
119668376,00000118,false,Rx,1,4,00,45,00,00,00,00,00,00,
119677971,00000118,false,Rx,1,4,00,46,00,00,00,00,00,00,
119688217,00000118,false,Rx,1,4,00,47,00,00,00,00,00,00,
119697940,00000118,false,Rx,1,4,00,48,00,00,00,00,00,00,
119708201,00000118,false,Rx,1,4,00,49,00,00,00,00,00,00,
119717890,00000118,false,Rx,1,4,00,4A,00,00,00,00,00,00,
119728208,00000118,false,Rx,1,4,00,4B,00,00,00,00,00,00,
119737874,00000118,false,Rx,1,4,00,4C,00,00,00,00,00,00,
119748191,00000118,false,Rx,1,4,00,4D,00,00,00,00,00,00,
119757858,00000118,false,Rx,1,4,00,4E,00,00,00,00,00,00,
119768354,00000118,false,Rx,1,4,00,4F,00,00,00,00,00,00,
119777898,00000118,false,Rx,1,4,00,40,00,00,00,00,00,00,
119788142,00000118,false,Rx,1,4,00,41,00,00,00,00,00,00,
119797846,00000118,false,Rx,1,4,00,42,00,00,00,00,00,00,
119808123,00000118,false,Rx,1,4,00,43,00,00,00,00,00,00,
119817812,00000118,false,Rx,1,4,00,44,00,00,00,00,00,00,
119828164,00000118,false,Rx,1,4,00,45,00,00,00,00,00,00,
119838116,00000118,false,Rx,1,4,00,46,00,00,00,00,00,00,
119848683,00000118,false,Rx,1,4,00,47,00,00,00,00,00,00,
119858364,00000118,false,Rx,1,4,00,48,00,00,00,00,00,00,
119868614,00000118,false,Rx,1,4,00,49,00,00,00,00,00,00,
119871904,0000070F,false,Rx,0,8,03,22,2B,E4,55,55,55,55,
119878860,00000118,false,Rx,1,4,00,4A,00,00,00,00,00,00,
119888865,00000118,false,Rx,1,4,00,4B,00,00,00,00,00,00,
119890980,00000779,false,Rx,1,8,05,62,2B,E4,D5,63,AA,AA,
119898611,00000118,false,Rx,1,4,00,4C,00,00,00,00,00,00,
119908866,00000118,false,Rx,1,4,00,4D,00,00,00,00,00,00,
119918611,00000118,false,Rx,1,4,00,4E,00,00,00,00,00,00,
119928864,00000118,false,Rx,1,4,00,4F,00,00,00,00,00,00,
119938605,00000118,false,Rx,1,4,00,40,00,00,00,00,00,00,
119948993,00000118,false,Rx,1,4,00,41,00,00,00,00,00,00,
119958625,00000118,false,Rx,1,4,00,42,00,00,00,00,00,00,
119968865,00000118,false,Rx,1,4,00,43,00,00,00,00,00,00,
119969403,17F0000F,true,Rx,1,8,00,0F,00,00,00,00,00,00,
119978616,00000118,false,Rx,1,4,00,44,00,00,00,00,00,00,
119988857,00000118,false,Rx,1,4,00,45,00,00,00,00,00,00,
119998621,00000118,false,Rx,1,4,00,46,00,00,00,00,00,00,
120008862,00000118,false,Rx,1,4,00,47,00,00,00,00,00,00,
120018608,00000118,false,Rx,1,4,00,48,00,00,00,00,00,00,
120028857,00000118,false,Rx,1,4,00,49,00,00,00,00,00,00,
120038615,00000118,false,Rx,1,4,00,4A,00,00,00,00,00,00,
120048863,00000118,false,Rx,1,4,00,4B,00,00,00,00,00,00,
120058618,00000118,false,Rx,1,4,00,4C,00,00,00,00,00,00,
120068853,00000118,false,Rx,1,4,00,4D,00,00,00,00,00,00,
120078632,00000118,false,Rx,1,4,00,4E,00,00,00,00,00,00,
120088862,00000118,false,Rx,1,4,00,4F,00,00,00,00,00,00,
120098367,00000118,false,Rx,1,4,00,40,00,00,00,00,00,00,
120108862,00000118,false,Rx,1,4,00,41,00,00,00,00,00,00,
120118364,00000118,false,Rx,1,4,00,42,00,00,00,00,00,00,
120128858,00000118,false,Rx,1,4,00,43,00,00,00,00,00,00,
120138371,00000118,false,Rx,1,4,00,44,00,00,00,00,00,00,
120148858,00000118,false,Rx,1,4,00,45,00,00,00,00,00,00,
120158381,00000118,false,Rx,1,4,00,46,00,00,00,00,00,00,
120168864,00000118,false,Rx,1,4,00,47,00,00,00,00,00,00,
120178604,00000118,false,Rx,1,4,00,48,00,00,00,00,00,00,
120188859,00000118,false,Rx,1,4,00,49,00,00,00,00,00,00,
120198368,00000118,false,Rx,1,4,00,4A,00,00,00,00,00,00,
120208869,00000118,false,Rx,1,4,00,4B,00,00,00,00,00,00,
120218365,00000118,false,Rx,1,4,00,4C,00,00,00,00,00,00,
120228859,00000118,false,Rx,1,4,00,4D,00,00,00,00,00,00,
120238368,00000118,false,Rx,1,4,00,4E,00,00,00,00,00,00,
120248618,00000118,false,Rx,1,4,00,4F,00,00,00,00,00,00,
120258362,00000118,false,Rx,1,4,00,40,00,00,00,00,00,00,
120268615,00000118,false,Rx,1,4,00,41,00,00,00,00,00,00,
120278363,00000118,false,Rx,1,4,00,42,00,00,00,00,00,00,
120288610,00000118,false,Rx,1,4,00,43,00,00,00,00,00,00,
120298372,00000118,false,Rx,1,4,00,44,00,00,00,00,00,00,
120308611,00000118,false,Rx,1,4,00,45,00,00,00,00,00,00,
120318370,00000118,false,Rx,1,4,00,46,00,00,00,00,00,00,
120328655,00000118,false,Rx,1,4,00,47,00,00,00,00,00,00,
120344334,00000118,false,Rx,1,4,00,48,00,00,00,00,00,00,
120348618,00000118,false,Rx,1,4,00,49,00,00,00,00,00,00,
120358446,00000118,false,Rx,1,4,00,4A,00,00,00,00,00,00,
120368587,00000118,false,Rx,1,4,00,4B,00,00,00,00,00,00,
120378365,00000118,false,Rx,1,4,00,4C,00,00,00,00,00,00,
120378799,0000070F,false,Rx,0,8,03,22,02,8D,55,55,55,55,
120388584,00000118,false,Rx,1,4,00,4D,00,00,00,00,00,00,
120398368,00000118,false,Rx,1,4,00,4E,00,00,00,00,00,00,
120399471,00000779,false,Rx,1,8,05,62,02,8D,80,00,AA,AA,
120408583,00000118,false,Rx,1,4,00,4F,00,00,00,00,00,00,
120418361,00000118,false,Rx,1,4,00,40,00,00,00,00,00,00,
120428585,00000118,false,Rx,1,4,00,41,00,00,00,00,00,00,
120438363,00000118,false,Rx,1,4,00,42,00,00,00,00,00,00,
120448578,00000118,false,Rx,1,4,00,43,00,00,00,00,00,00,
120458369,00000118,false,Rx,1,4,00,44,00,00,00,00,00,00,
120468586,00000118,false,Rx,1,4,00,45,00,00,00,00,00,00,
120469119,17F0000F,true,Rx,1,8,00,0F,00,00,00,00,00,00,
120478372,00000118,false,Rx,1,4,00,46,00,00,00,00,00,00,
120488585,00000118,false,Rx,1,4,00,47,00,00,00,00,00,00,
120498119,00000118,false,Rx,1,4,00,48,00,00,00,00,00,00,
120508584,00000118,false,Rx,1,4,00,49,00,00,00,00,00,00,
120518616,00000118,false,Rx,1,4,00,4A,00,00,00,00,00,00,
120528829,00000118,false,Rx,1,4,00,4B,00,00,00,00,00,00,
120538858,00000118,false,Rx,1,4,00,4C,00,00,00,00,00,00,
120549309,00000118,false,Rx,1,4,00,4D,00,00,00,00,00,00,
120558861,00000118,false,Rx,1,4,00,4E,00,00,00,00,00,00,
120569317,00000118,false,Rx,1,4,00,4F,00,00,00,00,00,00,
120578887,00000118,false,Rx,1,4,00,40,00,00,00,00,00,00,
120589318,00000118,false,Rx,1,4,00,41,00,00,00,00,00,00,
120598867,00000118,false,Rx,1,4,00,42,00,00,00,00,00,00,
120609306,00000118,false,Rx,1,4,00,43,00,00,00,00,00,00,
120618874,00000118,false,Rx,1,4,00,44,00,00,00,00,00,00,
120629308,00000118,false,Rx,1,4,00,45,00,00,00,00,00,00,
120638868,00000118,false,Rx,1,4,00,46,00,00,00,00,00,00,
120649075,00000118,false,Rx,1,4,00,47,00,00,00,00,00,00,
120658857,00000118,false,Rx,1,4,00,48,00,00,00,00,00,00,
120669082,00000118,false,Rx,1,4,00,49,00,00,00,00,00,00,
120678856,00000118,false,Rx,1,4,00,4A,00,00,00,00,00,00,
120689065,00000118,false,Rx,1,4,00,4B,00,00,00,00,00,00,
120698855,00000118,false,Rx,1,4,00,4C,00,00,00,00,00,00,
120704697,0000070F,false,Rx,0,8,03,22,2B,F1,55,55,55,55,
120709069,00000118,false,Rx,1,4,00,4D,00,00,00,00,00,00,
120718857,00000118,false,Rx,1,4,00,4E,00,00,00,00,00,00,
120720016,00000779,false,Rx,1,8,05,62,2B,F1,37,75,AA,AA,
120729072,00000118,false,Rx,1,4,00,4F,00,00,00,00,00,00,
120738850,00000118,false,Rx,1,4,00,40,00,00,00,00,00,00,
120749069,00000118,false,Rx,1,4,00,41,00,00,00,00,00,00,
120759105,00000118,false,Rx,1,4,00,42,00,00,00,00,00,00,
120769561,00000118,false,Rx,1,4,00,43,00,00,00,00,00,00,
120779126,00000118,false,Rx,1,4,00,44,00,00,00,00,00,00,
120789369,00000118,false,Rx,1,4,00,45,00,00,00,00,00,00,
120799118,00000118,false,Rx,1,4,00,46,00,00,00,00,00,00,
120809372,00000118,false,Rx,1,4,00,47,00,00,00,00,00,00,
120819039,00000118,false,Rx,1,4,00,48,00,00,00,00,00,00,
120829312,00000118,false,Rx,1,4,00,49,00,00,00,00,00,00,
120840936,00000118,false,Rx,1,4,00,4A,00,00,00,00,00,00,
120849364,00000118,false,Rx,1,4,00,4B,00,00,00,00,00,00,
120859015,00000118,false,Rx,1,4,00,4C,00,00,00,00,00,00,
120869455,00000118,false,Rx,1,4,00,4D,00,00,00,00,00,00,
120879016,00000118,false,Rx,1,4,00,4E,00,00,00,00,00,00,
120889292,00000118,false,Rx,1,4,00,4F,00,00,00,00,00,00,
120898999,00000118,false,Rx,1,4,00,40,00,00,00,00,00,00,
120909278,00000118,false,Rx,1,4,00,41,00,00,00,00,00,00,
120918967,00000118,false,Rx,1,4,00,42,00,00,00,00,00,00,
120929279,00000118,false,Rx,1,4,00,43,00,00,00,00,00,00,
120938952,00000118,false,Rx,1,4,00,44,00,00,00,00,00,00,
120949265,00000118,false,Rx,1,4,00,45,00,00,00,00,00,00,
120958954,00000118,false,Rx,1,4,00,46,00,00,00,00,00,00,
120969266,00000118,false,Rx,1,4,00,47,00,00,00,00,00,00,
120969563,17F0000F,true,Rx,1,8,00,0F,00,00,00,00,00,00,
120978956,00000118,false,Rx,1,4,00,48,00,00,00,00,00,00,
120989215,00000118,false,Rx,1,4,00,49,00,00,00,00,00,00,
120998941,00000118,false,Rx,1,4,00,4A,00,00,00,00,00,00,
121009202,00000118,false,Rx,1,4,00,4B,00,00,00,00,00,00,
121018888,00000118,false,Rx,1,4,00,4C,00,00,00,00,00,00,
121029202,00000118,false,Rx,1,4,00,4D,00,00,00,00,00,00,
121031739,0000070F,false,Rx,0,8,03,22,2B,E4,55,55,55,55,
121038896,00000118,false,Rx,1,4,00,4E,00,00,00,00,00,00,
121049188,00000118,false,Rx,1,4,00,4F,00,00,00,00,00,00,
121051433,00000779,false,Rx,1,8,05,62,2B,E4,D5,63,AA,AA,
121058869,00000118,false,Rx,1,4,00,40,00,00,00,00,00,00,
121069591,00000118,false,Rx,1,4,00,41,00,00,00,00,00,00,
121079289,00000118,false,Rx,1,4,00,42,00,00,00,00,00,00,
121089539,00000118,false,Rx,1,4,00,43,00,00,00,00,00,00,
121099244,00000118,false,Rx,1,4,00,44,00,00,00,00,00,00,
121109522,00000118,false,Rx,1,4,00,45,00,00,00,00,00,00,
121119208,00000118,false,Rx,1,4,00,46,00,00,00,00,00,00,
121129526,00000118,false,Rx,1,4,00,47,00,00,00,00,00,00,
121139192,00000118,false,Rx,1,4,00,48,00,00,00,00,00,00,
121149510,00000118,false,Rx,1,4,00,49,00,00,00,00,00,00,
121159181,00000118,false,Rx,1,4,00,4A,00,00,00,00,00,00,
121169513,00000118,false,Rx,1,4,00,4B,00,00,00,00,00,00,
121179192,00000118,false,Rx,1,4,00,4C,00,00,00,00,00,00,
121189462,00000118,false,Rx,1,4,00,4D,00,00,00,00,00,00,
121199166,00000118,false,Rx,1,4,00,4E,00,00,00,00,00,00,
121209445,00000118,false,Rx,1,4,00,4F,00,00,00,00,00,00,
121219134,00000118,false,Rx,1,4,00,40,00,00,00,00,00,00,
121229450,00000118,false,Rx,1,4,00,41,00,00,00,00,00,00,
121239116,00000118,false,Rx,1,4,00,42,00,00,00,00,00,00,
121249434,00000118,false,Rx,1,4,00,43,00,00,00,00,00,00,
121259101,00000118,false,Rx,1,4,00,44,00,00,00,00,00,00,
121269436,00000118,false,Rx,1,4,00,45,00,00,00,00,00,00,
121279103,00000118,false,Rx,1,4,00,46,00,00,00,00,00,00,
121289386,00000118,false,Rx,1,4,00,47,00,00,00,00,00,00,
121299086,00000118,false,Rx,1,4,00,48,00,00,00,00,00,00,
121309368,00000118,false,Rx,1,4,00,49,00,00,00,00,00,00,
121319057,00000118,false,Rx,1,4,00,4A,00,00,00,00,00,00,
121329487,00000118,false,Rx,1,4,00,4B,00,00,00,00,00,00,
121339061,00000118,false,Rx,1,4,00,4C,00,00,00,00,00,00,
121349395,00000118,false,Rx,1,4,00,4D,00,00,00,00,00,00,
121350912,0000070F,false,Rx,0,8,03,22,02,8D,55,55,55,55,
121359071,00000118,false,Rx,1,4,00,4E,00,00,00,00,00,00,
121369359,00000118,false,Rx,1,4,00,4F,00,00,00,00,00,00,
121371696,00000779,false,Rx,1,8,05,62,02,8D,80,00,AA,AA,
121379041,00000118,false,Rx,1,4,00,40,00,00,00,00,00,00,
121389314,00000118,false,Rx,1,4,00,41,00,00,00,00,00,00,
121399014,00000118,false,Rx,1,4,00,42,00,00,00,00,00,00,
121409292,00000118,false,Rx,1,4,00,43,00,00,00,00,00,00,
121418977,00000118,false,Rx,1,4,00,44,00,00,00,00,00,00,
121429296,00000118,false,Rx,1,4,00,45,00,00,00,00,00,00,
121438961,00000118,false,Rx,1,4,00,46,00,00,00,00,00,00,
121449280,00000118,false,Rx,1,4,00,47,00,00,00,00,00,00,
121458952,00000118,false,Rx,1,4,00,48,00,00,00,00,00,00,
121469280,00000118,false,Rx,1,4,00,49,00,00,00,00,00,00,
121469576,17F0000F,true,Rx,1,8,00,0F,00,00,00,00,00,00,
121478961,00000118,false,Rx,1,4,00,4A,00,00,00,00,00,00,
121489236,00000118,false,Rx,1,4,00,4B,00,00,00,00,00,00,
121498950,00000118,false,Rx,1,4,00,4C,00,00,00,00,00,00,
121509216,00000118,false,Rx,1,4,00,4D,00,00,00,00,00,00,
121518901,00000118,false,Rx,1,4,00,4E,00,00,00,00,00,00,
121529218,00000118,false,Rx,1,4,00,4F,00,00,00,00,00,00,
121538887,00000118,false,Rx,1,4,00,40,00,00,00,00,00,00,
121549205,00000118,false,Rx,1,4,00,41,00,00,00,00,00,00,
121558870,00000118,false,Rx,1,4,00,42,00,00,00,00,00,00,
121569203,00000118,false,Rx,1,4,00,43,00,00,00,00,00,00,
121578890,00000118,false,Rx,1,4,00,44,00,00,00,00,00,00,
121589165,00000118,false,Rx,1,4,00,45,00,00,00,00,00,00,
121598856,00000118,false,Rx,1,4,00,46,00,00,00,00,00,00,
121609138,00000118,false,Rx,1,4,00,47,00,00,00,00,00,00,
121618823,00000118,false,Rx,1,4,00,48,00,00,00,00,00,00,
121629141,00000118,false,Rx,1,4,00,49,00,00,00,00,00,00,
121638810,00000118,false,Rx,1,4,00,4A,00,00,00,00,00,00,
121649128,00000118,false,Rx,1,4,00,4B,00,00,00,00,00,00,
121658795,00000118,false,Rx,1,4,00,4C,00,00,00,00,00,00,
121668629,0000070F,false,Rx,0,8,03,22,2B,F1,55,55,55,55,
121669127,00000118,false,Rx,1,4,00,4D,00,00,00,00,00,00,
121678822,00000118,false,Rx,1,4,00,4E,00,00,00,00,00,00,
121689076,00000118,false,Rx,1,4,00,4F,00,00,00,00,00,00,
121691438,00000779,false,Rx,1,8,05,62,2B,F1,37,75,AA,AA,
121698794,00000118,false,Rx,1,4,00,40,00,00,00,00,00,00,
121709062,00000118,false,Rx,1,4,00,41,00,00,00,00,00,00,
121718747,00000118,false,Rx,1,4,00,42,00,00,00,00,00,00,
121729063,00000118,false,Rx,1,4,00,43,00,00,00,00,00,00,
121738732,00000118,false,Rx,1,4,00,44,00,00,00,00,00,00,
121749048,00000118,false,Rx,1,4,00,45,00,00,00,00,00,00,
121758715,00000118,false,Rx,1,4,00,46,00,00,00,00,00,00,
121769050,00000118,false,Rx,1,4,00,47,00,00,00,00,00,00,
121778717,00000118,false,Rx,1,4,00,48,00,00,00,00,00,00,
121788999,00000118,false,Rx,1,4,00,49,00,00,00,00,00,00,
121798708,00000118,false,Rx,1,4,00,4A,00,00,00,00,00,00,
121808986,00000118,false,Rx,1,4,00,4B,00,00,00,00,00,00,
121818673,00000118,false,Rx,1,4,00,4C,00,00,00,00,00,00,
121829018,00000118,false,Rx,1,4,00,4D,00,00,00,00,00,00,
121839326,00000118,false,Rx,1,4,00,4E,00,00,00,00,00,00,
121848993,00000118,false,Rx,1,4,00,4F,00,00,00,00,00,00,
121858644,00000118,false,Rx,1,4,00,40,00,00,00,00,00,00,
121869065,00000118,false,Rx,1,4,00,41,00,00,00,00,00,00,
121878643,00000118,false,Rx,1,4,00,42,00,00,00,00,00,00,
121888941,00000118,false,Rx,1,4,00,43,00,00,00,00,00,00,
121898637,00000118,false,Rx,1,4,00,44,00,00,00,00,00,00,
121908905,00000118,false,Rx,1,4,00,45,00,00,00,00,00,00,
121918590,00000118,false,Rx,1,4,00,46,00,00,00,00,00,00,
121928911,00000118,false,Rx,1,4,00,47,00,00,00,00,00,00,
121938575,00000118,false,Rx,1,4,00,48,00,00,00,00,00,00,
121948893,00000118,false,Rx,1,4,00,49,00,00,00,00,00,00,
121958567,00000118,false,Rx,1,4,00,4A,00,00,00,00,00,00,
121968897,00000118,false,Rx,1,4,00,4B,00,00,00,00,00,00,
121969194,17F0000F,true,Rx,1,8,00,0F,00,00,00,00,00,00,
121978575,00000118,false,Rx,1,4,00,4C,00,00,00,00,00,00,
121988845,00000118,false,Rx,1,4,00,4D,00,00,00,00,00,00,
121998555,00000118,false,Rx,1,4,00,4E,00,00,00,00,00,00,
122001445,0000070F,false,Rx,0,8,03,22,2B,E4,55,55,55,55,
122008854,00000118,false,Rx,1,4,00,4F,00,00,00,00,00,00,
122018518,00000118,false,Rx,1,4,00,40,00,00,00,00,00,00,
122019813,00000779,false,Rx,1,8,05,62,2B,E4,D5,63,AA,AA,
122028845,00000118,false,Rx,1,4,00,41,00,00,00,00,00,00,
122038501,00000118,false,Rx,1,4,00,42,00,00,00,00,00,00,
122048817,00000118,false,Rx,1,4,00,43,00,00,00,00,00,00,
122058486,00000118,false,Rx,1,4,00,44,00,00,00,00,00,00,
122068851,00000118,false,Rx,1,4,00,45,00,00,00,00,00,00,
122078514,00000118,false,Rx,1,4,00,46,00,00,00,00,00,00,
122088766,00000118,false,Rx,1,4,00,47,00,00,00,00,00,00,
122098487,00000118,false,Rx,1,4,00,48,00,00,00,00,00,00,
122108752,00000118,false,Rx,1,4,00,49,00,00,00,00,00,00,
122118441,00000118,false,Rx,1,4,00,4A,00,00,00,00,00,00,
122128757,00000118,false,Rx,1,4,00,4B,00,00,00,00,00,00,
122138425,00000118,false,Rx,1,4,00,4C,00,00,00,00,00,00,
122148741,00000118,false,Rx,1,4,00,4D,00,00,00,00,00,00,
122158409,00000118,false,Rx,1,4,00,4E,00,00,00,00,00,00,
122168855,00000118,false,Rx,1,4,00,4F,00,00,00,00,00,00,
122178433,00000118,false,Rx,1,4,00,40,00,00,00,00,00,00,
122188693,00000118,false,Rx,1,4,00,41,00,00,00,00,00,00,
122198396,00000118,false,Rx,1,4,00,42,00,00,00,00,00,00,
122208677,00000118,false,Rx,1,4,00,43,00,00,00,00,00,00,
122218362,00000118,false,Rx,1,4,00,44,00,00,00,00,00,00,
122228678,00000118,false,Rx,1,4,00,45,00,00,00,00,00,00,
122238346,00000118,false,Rx,1,4,00,46,00,00,00,00,00,00,
122248664,00000118,false,Rx,1,4,00,47,00,00,00,00,00,00,
122258330,00000118,false,Rx,1,4,00,48,00,00,00,00,00,00,
122268855,00000118,false,Rx,1,4,00,49,00,00,00,00,00,00,
122278355,00000118,false,Rx,1,4,00,4A,00,00,00,00,00,00,
122288614,00000118,false,Rx,1,4,00,4B,00,00,00,00,00,00,
122298322,00000118,false,Rx,1,4,00,4C,00,00,00,00,00,00,
122308598,00000118,false,Rx,1,4,00,4D,00,00,00,00,00,00,
122318285,00000118,false,Rx,1,4,00,4E,00,00,00,00,00,00,
122328633,00000118,false,Rx,1,4,00,4F,00,00,00,00,00,00,
122337532,0000070F,false,Rx,0,8,03,22,02,8D,55,55,55,55,
122338207,00000118,false,Rx,1,4,00,40,00,00,00,00,00,00,
122348666,00000118,false,Rx,1,4,00,41,00,00,00,00,00,00,
122350698,00000779,false,Rx,1,8,05,62,02,8D,7F,00,AA,AA,
122358373,00000118,false,Rx,1,4,00,42,00,00,00,00,00,00,
122369113,00000118,false,Rx,1,4,00,43,00,00,00,00,00,00,
122378861,00000118,false,Rx,1,4,00,44,00,00,00,00,00,00,
122388950,00000118,false,Rx,1,4,00,45,00,00,00,00,00,00,
122398611,00000118,false,Rx,1,4,00,46,00,00,00,00,00,00,
122408958,00000118,false,Rx,1,4,00,47,00,00,00,00,00,00,
122418619,00000118,false,Rx,1,4,00,48,00,00,00,00,00,00,
122428944,00000118,false,Rx,1,4,00,49,00,00,00,00,00,00,
122438613,00000118,false,Rx,1,4,00,4A,00,00,00,00,00,00,
122449110,00000118,false,Rx,1,4,00,4B,00,00,00,00,00,00,
122458614,00000118,false,Rx,1,4,00,4C,00,00,00,00,00,00,
122469104,00000118,false,Rx,1,4,00,4D,00,00,00,00,00,00,
122469648,17F0000F,true,Rx,1,8,00,0F,00,00,00,00,00,00,
122478611,00000118,false,Rx,1,4,00,4E,00,00,00,00,00,00,
122488859,00000118,false,Rx,1,4,00,4F,00,00,00,00,00,00,
122498620,00000118,false,Rx,1,4,00,40,00,00,00,00,00,00,
122508870,00000118,false,Rx,1,4,00,41,00,00,00,00,00,00,
122518617,00000118,false,Rx,1,4,00,42,00,00,00,00,00,00,
122528865,00000118,false,Rx,1,4,00,43,00,00,00,00,00,00,
122538611,00000118,false,Rx,1,4,00,44,00,00,00,00,00,00,
122548863,00000118,false,Rx,1,4,00,45,00,00,00,00,00,00,
122558609,00000118,false,Rx,1,4,00,46,00,00,00,00,00,00,
122568870,00000118,false,Rx,1,4,00,47,00,00,00,00,00,00,
122578643,00000118,false,Rx,1,4,00,48,00,00,00,00,00,00,
122588856,00000118,false,Rx,1,4,00,49,00,00,00,00,00,00,
122598618,00000118,false,Rx,1,4,00,4A,00,00,00,00,00,00,
122608857,00000118,false,Rx,1,4,00,4B,00,00,00,00,00,00,
122618625,00000118,false,Rx,1,4,00,4C,00,00,00,00,00,00,
122628853,00000118,false,Rx,1,4,00,4D,00,00,00,00,00,00,
122638612,00000118,false,Rx,1,4,00,4E,00,00,00,00,00,00,
122646602,0000070F,false,Rx,0,8,03,22,2B,F1,55,55,55,55,
122648872,00000118,false,Rx,1,4,00,4F,00,00,00,00,00,00,
122658622,00000118,false,Rx,1,4,00,40,00,00,00,00,00,00,
122659699,00000779,false,Rx,1,8,05,62,2B,F1,0F,75,AA,AA,
122668855,00000118,false,Rx,1,4,00,41,00,00,00,00,00,00,
122678614,00000118,false,Rx,1,4,00,42,00,00,00,00,00,00,
122688865,00000118,false,Rx,1,4,00,43,00,00,00,00,00,00,
122698366,00000118,false,Rx,1,4,00,44,00,00,00,00,00,00,
122708862,00000118,false,Rx,1,4,00,45,00,00,00,00,00,00,
122718367,00000118,false,Rx,1,4,00,46,00,00,00,00,00,00,
122728877,00000118,false,Rx,1,4,00,47,00,00,00,00,00,00,
122738368,00000118,false,Rx,1,4,00,48,00,00,00,00,00,00,
122748856,00000118,false,Rx,1,4,00,49,00,00,00,00,00,00,
122758367,00000118,false,Rx,1,4,00,4A,00,00,00,00,00,00,
122768859,00000118,false,Rx,1,4,00,4B,00,00,00,00,00,00,
122778368,00000118,false,Rx,1,4,00,4C,00,00,00,00,00,00,
122788852,00000118,false,Rx,1,4,00,4D,00,00,00,00,00,00,
122798365,00000118,false,Rx,1,4,00,4E,00,00,00,00,00,00,
122808857,00000118,false,Rx,1,4,00,4F,00,00,00,00,00,00,
122818380,00000118,false,Rx,1,4,00,40,00,00,00,00,00,00,
122828673,00000118,false,Rx,1,4,00,41,00,00,00,00,00,00,
122840090,00000118,false,Rx,1,4,00,42,00,00,00,00,00,00,
122848632,00000118,false,Rx,1,4,00,43,00,00,00,00,00,00,
122858288,00000118,false,Rx,1,4,00,44,00,00,00,00,00,00,
122868878,00000118,false,Rx,1,4,00,45,00,00,00,00,00,00,
122878289,00000118,false,Rx,1,4,00,46,00,00,00,00,00,00,
122888550,00000118,false,Rx,1,4,00,47,00,00,00,00,00,00,
122898255,00000118,false,Rx,1,4,00,48,00,00,00,00,00,00,
122908534,00000118,false,Rx,1,4,00,49,00,00,00,00,00,00,
122918237,00000118,false,Rx,1,4,00,4A,00,00,00,00,00,00,
122928546,00000118,false,Rx,1,4,00,4B,00,00,00,00,00,00,
122938209,00000118,false,Rx,1,4,00,4C,00,00,00,00,00,00,
122948524,00000118,false,Rx,1,4,00,4D,00,00,00,00,00,00,
122958196,00000118,false,Rx,1,4,00,4E,00,00,00,00,00,00,
122966566,0000070F,false,Rx,0,8,03,22,2B,E4,55,55,55,55,
122968632,00000118,false,Rx,1,4,00,4F,00,00,00,00,00,00,
122969174,17F0000F,true,Rx,1,8,00,0F,00,00,00,00,00,00,
122978239,00000118,false,Rx,1,4,00,40,00,00,00,00,00,00,
122979534,00000779,false,Rx,1,8,05,62,2B,E4,D5,63,AA,AA,
122988487,00000118,false,Rx,1,4,00,41,00,00,00,00,00,00,
122998178,00000118,false,Rx,1,4,00,42,00,00,00,00,00,00,
123008458,00000118,false,Rx,1,4,00,43,00,00,00,00,00,00,
123018145,00000118,false,Rx,1,4,00,44,00,00,00,00,00,00,
123028467,00000118,false,Rx,1,4,00,45,00,00,00,00,00,00,
123038128,00000118,false,Rx,1,4,00,46,00,00,00,00,00,00,
123048447,00000118,false,Rx,1,4,00,47,00,00,00,00,00,00,
123058112,00000118,false,Rx,1,4,00,48,00,00,00,00,00,00,
123068605,00000118,false,Rx,1,4,00,49,00,00,00,00,00,00,
123078181,00000118,false,Rx,1,4,00,4A,00,00,00,00,00,00,
123088400,00000118,false,Rx,1,4,00,4B,00,00,00,00,00,00,
123098105,00000118,false,Rx,1,4,00,4C,00,00,00,00,00,00,
123108381,00000118,false,Rx,1,4,00,4D,00,00,00,00,00,00,
123118067,00000118,false,Rx,1,4,00,4E,00,00,00,00,00,00,
123128390,00000118,false,Rx,1,4,00,4F,00,00,00,00,00,00,
123138056,00000118,false,Rx,1,4,00,40,00,00,00,00,00,00,
123148371,00000118,false,Rx,1,4,00,41,00,00,00,00,00,00,
123158037,00000118,false,Rx,1,4,00,42,00,00,00,00,00,00,
123168370,00000118,false,Rx,1,4,00,43,00,00,00,00,00,00,
123178076,00000118,false,Rx,1,4,00,44,00,00,00,00,00,00,
123188320,00000118,false,Rx,1,4,00,45,00,00,00,00,00,00,
123198023,00000118,false,Rx,1,4,00,46,00,00,00,00,00,00,
123208305,00000118,false,Rx,1,4,00,47,00,00,00,00,00,00,
123217988,00000118,false,Rx,1,4,00,48,00,00,00,00,00,00,
123228309,00000118,false,Rx,1,4,00,49,00,00,00,00,00,00,
123237976,00000118,false,Rx,1,4,00,4A,00,00,00,00,00,00,
123248293,00000118,false,Rx,1,4,00,4B,00,00,00,00,00,00,
123257962,00000118,false,Rx,1,4,00,4C,00,00,00,00,00,00,
123268363,00000118,false,Rx,1,4,00,4D,00,00,00,00,00,00,
123277998,00000118,false,Rx,1,4,00,4E,00,00,00,00,00,00,
123281525,0000070F,false,Rx,0,8,03,22,02,8D,55,55,55,55,
123288266,00000118,false,Rx,1,4,00,4F,00,00,00,00,00,00,
123297952,00000118,false,Rx,1,4,00,40,00,00,00,00,00,00,
123299251,00000779,false,Rx,1,8,05,62,02,8D,7F,00,AA,AA,
123308240,00000118,false,Rx,1,4,00,41,00,00,00,00,00,00,
123317913,00000118,false,Rx,1,4,00,42,00,00,00,00,00,00,
123328335,00000118,false,Rx,1,4,00,43,00,00,00,00,00,00,
123341852,00000118,false,Rx,1,4,00,44,00,00,00,00,00,00,
123348624,00000118,false,Rx,1,4,00,45,00,00,00,00,00,00,
123357891,00000118,false,Rx,1,4,00,46,00,00,00,00,00,00,
123368379,00000118,false,Rx,1,4,00,47,00,00,00,00,00,00,
123377939,00000118,false,Rx,1,4,00,48,00,00,00,00,00,00,
123388164,00000118,false,Rx,1,4,00,49,00,00,00,00,00,00,
123397872,00000118,false,Rx,1,4,00,4A,00,00,00,00,00,00,
123408152,00000118,false,Rx,1,4,00,4B,00,00,00,00,00,00,
123417838,00000118,false,Rx,1,4,00,4C,00,00,00,00,00,00,
123428154,00000118,false,Rx,1,4,00,4D,00,00,00,00,00,00,
123437832,00000118,false,Rx,1,4,00,4E,00,00,00,00,00,00,
123448138,00000118,false,Rx,1,4,00,4F,00,00,00,00,00,00,
123457808,00000118,false,Rx,1,4,00,40,00,00,00,00,00,00,
123468118,00000118,false,Rx,1,4,00,41,00,00,00,00,00,00,
123468650,17F0000F,true,Rx,1,8,00,0F,00,00,00,00,00,00,
123477852,00000118,false,Rx,1,4,00,42,00,00,00,00,00,00,
123488088,00000118,false,Rx,1,4,00,43,00,00,00,00,00,00,
123497794,00000118,false,Rx,1,4,00,44,00,00,00,00,00,00,
123508072,00000118,false,Rx,1,4,00,45,00,00,00,00,00,00,
123517758,00000118,false,Rx,1,4,00,46,00,00,00,00,00,00,
123528076,00000118,false,Rx,1,4,00,47,00,00,00,00,00,00,
123537747,00000118,false,Rx,1,4,00,48,00,00,00,00,00,00,
123548061,00000118,false,Rx,1,4,00,49,00,00,00,00,00,00,
123557730,00000118,false,Rx,1,4,00,4A,00,00,00,00,00,00,
123568114,00000118,false,Rx,1,4,00,4B,00,00,00,00,00,00,
123577771,00000118,false,Rx,1,4,00,4C,00,00,00,00,00,00,
123588017,00000118,false,Rx,1,4,00,4D,00,00,00,00,00,00,
123597696,0000070F,false,Rx,0,8,03,22,2B,F1,55,55,55,55,
123597738,00000118,false,Rx,1,4,00,4E,00,00,00,00,00,00,
123608019,00000118,false,Rx,1,4,00,4F,00,00,00,00,00,00,
123617685,00000118,false,Rx,1,4,00,40,00,00,00,00,00,00,
123618978,00000779,false,Rx,1,8,05,62,2B,F1,0F,75,AA,AA,
123628013,00000118,false,Rx,1,4,00,41,00,00,00,00,00,00,
123637675,00000118,false,Rx,1,4,00,42,00,00,00,00,00,00,
123647986,00000118,false,Rx,1,4,00,43,00,00,00,00,00,00,
123657651,00000118,false,Rx,1,4,00,44,00,00,00,00,00,00,
123668121,00000118,false,Rx,1,4,00,45,00,00,00,00,00,00,
123677688,00000118,false,Rx,1,4,00,46,00,00,00,00,00,00,
123687950,00000118,false,Rx,1,4,00,47,00,00,00,00,00,00,
123697638,00000118,false,Rx,1,4,00,48,00,00,00,00,00,00,
123707937,00000118,false,Rx,1,4,00,49,00,00,00,00,00,00,
123717607,00000118,false,Rx,1,4,00,4A,00,00,00,00,00,00,
123727942,00000118,false,Rx,1,4,00,4B,00,00,00,00,00,00,
123737592,00000118,false,Rx,1,4,00,4C,00,00,00,00,00,00,
123747909,00000118,false,Rx,1,4,00,4D,00,00,00,00,00,00,
123757574,00000118,false,Rx,1,4,00,4E,00,00,00,00,00,00,
123767870,00000118,false,Rx,1,4,00,4F,00,00,00,00,00,00,
123777615,00000118,false,Rx,1,4,00,40,00,00,00,00,00,00,
123787860,00000118,false,Rx,1,4,00,41,00,00,00,00,00,00,
123797563,00000118,false,Rx,1,4,00,42,00,00,00,00,00,00,
123807841,00000118,false,Rx,1,4,00,43,00,00,00,00,00,00,
123817529,00000118,false,Rx,1,4,00,44,00,00,00,00,00,00,
123827861,00000118,false,Rx,1,4,00,45,00,00,00,00,00,00,
123838516,00000118,false,Rx,1,4,00,46,00,00,00,00,00,00,
123847850,00000118,false,Rx,1,4,00,47,00,00,00,00,00,00,
123857942,00000118,false,Rx,1,4,00,48,00,00,00,00,00,00,
123867890,00000118,false,Rx,1,4,00,49,00,00,00,00,00,00,
123877950,00000118,false,Rx,1,4,00,4A,00,00,00,00,00,00,
123888371,00000118,false,Rx,1,4,00,4B,00,00,00,00,00,00,
123897887,00000118,false,Rx,1,4,00,4C,00,00,00,00,00,00,
123908369,00000118,false,Rx,1,4,00,4D,00,00,00,00,00,00,
123915109,0000070F,false,Rx,0,8,03,22,2B,E4,55,55,55,55,
123917875,00000118,false,Rx,1,4,00,4E,00,00,00,00,00,00,
123928369,00000118,false,Rx,1,4,00,4F,00,00,00,00,00,00,
123930288,00000779,false,Rx,1,8,05,62,2B,E4,D5,63,AA,AA,
123937849,00000118,false,Rx,1,4,00,40,00,00,00,00,00,00,
123948638,00000118,false,Rx,1,4,00,41,00,00,00,00,00,00,
123958372,00000118,false,Rx,1,4,00,42,00,00,00,00,00,00,
123968624,00000118,false,Rx,1,4,00,43,00,00,00,00,00,00,
123969161,17F0000F,true,Rx,1,8,00,0F,00,00,00,00,00,00,
123978372,00000118,false,Rx,1,4,00,44,00,00,00,00,00,00,
123988621,00000118,false,Rx,1,4,00,45,00,00,00,00,00,00,
123998369,00000118,false,Rx,1,4,00,46,00,00,00,00,00,00,
124008622,00000118,false,Rx,1,4,00,47,00,00,00,00,00,00,
124018373,00000118,false,Rx,1,4,00,48,00,00,00,00,00,00,
124028621,00000118,false,Rx,1,4,00,49,00,00,00,00,00,00,
124038373,00000118,false,Rx,1,4,00,4A,00,00,00,00,00,00,
124048629,00000118,false,Rx,1,4,00,4B,00,00,00,00,00,00,
124058374,00000118,false,Rx,1,4,00,4C,00,00,00,00,00,00,
124068623,00000118,false,Rx,1,4,00,4D,00,00,00,00,00,00,
124078374,00000118,false,Rx,1,4,00,4E,00,00,00,00,00,00,
124088627,00000118,false,Rx,1,4,00,4F,00,00,00,00,00,00,
124098132,00000118,false,Rx,1,4,00,40,00,00,00,00,00,00,
124108642,00000118,false,Rx,1,4,00,41,00,00,00,00,00,00,
124118099,00000118,false,Rx,1,4,00,42,00,00,00,00,00,00,
124128626,00000118,false,Rx,1,4,00,43,00,00,00,00,00,00,
124138080,00000118,false,Rx,1,4,00,44,00,00,00,00,00,00,
124148630,00000118,false,Rx,1,4,00,45,00,00,00,00,00,00,
124158063,00000118,false,Rx,1,4,00,46,00,00,00,00,00,00,
124168370,00000118,false,Rx,1,4,00,47,00,00,00,00,00,00,
124178102,00000118,false,Rx,1,4,00,48,00,00,00,00,00,00,
124188369,00000118,false,Rx,1,4,00,49,00,00,00,00,00,00,
124198054,00000118,false,Rx,1,4,00,4A,00,00,00,00,00,00,
124208374,00000118,false,Rx,1,4,00,4B,00,00,00,00,00,00,
124218022,00000118,false,Rx,1,4,00,4C,00,00,00,00,00,00,
124228383,00000118,false,Rx,1,4,00,4D,00,00,00,00,00,00,
124232588,0000070F,false,Rx,0,8,03,22,02,8D,55,55,55,55,
124238027,00000118,false,Rx,1,4,00,4E,00,00,00,00,00,00,
124248376,00000118,false,Rx,1,4,00,4F,00,00,00,00,00,00,
124250450,00000779,false,Rx,1,8,05,62,02,8D,7F,00,AA,AA,
124258001,00000118,false,Rx,1,4,00,40,00,00,00,00,00,00,
124268869,00000118,false,Rx,1,4,00,41,00,00,00,00,00,00,
124278623,00000118,false,Rx,1,4,00,42,00,00,00,00,00,00,
124288867,00000118,false,Rx,1,4,00,43,00,00,00,00,00,00,
124298624,00000118,false,Rx,1,4,00,44,00,00,00,00,00,00,
124308868,00000118,false,Rx,1,4,00,45,00,00,00,00,00,00,
124318369,00000118,false,Rx,1,4,00,46,00,00,00,00,00,00,
124328770,00000118,false,Rx,1,4,00,47,00,00,00,00,00,00,
124341408,00000118,false,Rx,1,4,00,48,00,00,00,00,00,00,
124348660,00000118,false,Rx,1,4,00,49,00,00,00,00,00,00,
124358339,00000118,false,Rx,1,4,00,4A,00,00,00,00,00,00,
124368633,00000118,false,Rx,1,4,00,4B,00,00,00,00,00,00,
124378334,00000118,false,Rx,1,4,00,4C,00,00,00,00,00,00,
124388592,00000118,false,Rx,1,4,00,4D,00,00,00,00,00,00,
124398299,00000118,false,Rx,1,4,00,4E,00,00,00,00,00,00,
124408578,00000118,false,Rx,1,4,00,4F,00,00,00,00,00,00,
124418265,00000118,false,Rx,1,4,00,40,00,00,00,00,00,00,
124428582,00000118,false,Rx,1,4,00,41,00,00,00,00,00,00,
124438248,00000118,false,Rx,1,4,00,42,00,00,00,00,00,00,
124448565,00000118,false,Rx,1,4,00,43,00,00,00,00,00,00,
124458238,00000118,false,Rx,1,4,00,44,00,00,00,00,00,00,
124468611,00000118,false,Rx,1,4,00,45,00,00,00,00,00,00,
124469152,17F0000F,true,Rx,1,8,00,0F,00,00,00,00,00,00,
124478277,00000118,false,Rx,1,4,00,46,00,00,00,00,00,00,
124488514,00000118,false,Rx,1,4,00,47,00,00,00,00,00,00,
124498218,00000118,false,Rx,1,4,00,48,00,00,00,00,00,00,
124508499,00000118,false,Rx,1,4,00,49,00,00,00,00,00,00,
124518189,00000118,false,Rx,1,4,00,4A,00,00,00,00,00,00,
124528505,00000118,false,Rx,1,4,00,4B,00,00,00,00,00,00,
124538173,00000118,false,Rx,1,4,00,4C,00,00,00,00,00,00,
124548487,00000118,false,Rx,1,4,00,4D,00,00,00,00,00,00,
124549330,0000070F,false,Rx,0,8,03,22,2B,F1,55,55,55,55,
124558193,00000118,false,Rx,1,4,00,4E,00,00,00,00,00,00,
124568612,00000118,false,Rx,1,4,00,4F,00,00,00,00,00,00,
124570576,00000779,false,Rx,1,8,05,62,2B,F1,0F,75,AA,AA,
124578212,00000118,false,Rx,1,4,00,40,00,00,00,00,00,00,
124588447,00000118,false,Rx,1,4,00,41,00,00,00,00,00,00,
124598143,00000118,false,Rx,1,4,00,42,00,00,00,00,00,00,
124608423,00000118,false,Rx,1,4,00,43,00,00,00,00,00,00,
124618108,00000118,false,Rx,1,4,00,44,00,00,00,00,00,00,
124628426,00000118,false,Rx,1,4,00,45,00,00,00,00,00,00,
124638091,00000118,false,Rx,1,4,00,46,00,00,00,00,00,00,
124648410,00000118,false,Rx,1,4,00,47,00,00,00,00,00,00,
124658144,00000118,false,Rx,1,4,00,48,00,00,00,00,00,00,
124668614,00000118,false,Rx,1,4,00,49,00,00,00,00,00,00,
124678118,00000118,false,Rx,1,4,00,4A,00,00,00,00,00,00,
124688362,00000118,false,Rx,1,4,00,4B,00,00,00,00,00,00,
124698068,00000118,false,Rx,1,4,00,4C,00,00,00,00,00,00,
124708345,00000118,false,Rx,1,4,00,4D,00,00,00,00,00,00,
124718032,00000118,false,Rx,1,4,00,4E,00,00,00,00,00,00,
124728349,00000118,false,Rx,1,4,00,4F,00,00,00,00,00,00,
124738019,00000118,false,Rx,1,4,00,40,00,00,00,00,00,00,
124748336,00000118,false,Rx,1,4,00,41,00,00,00,00,00,00,
124758001,00000118,false,Rx,1,4,00,42,00,00,00,00,00,00,
124768357,00000118,false,Rx,1,4,00,43,00,00,00,00,00,00,
124778039,00000118,false,Rx,1,4,00,44,00,00,00,00,00,00,
124788285,00000118,false,Rx,1,4,00,45,00,00,00,00,00,00,
124797987,00000118,false,Rx,1,4,00,46,00,00,00,00,00,00,
124808267,00000118,false,Rx,1,4,00,47,00,00,00,00,00,00,
124817953,00000118,false,Rx,1,4,00,48,00,00,00,00,00,00,
124828248,00000118,false,Rx,1,4,00,49,00,00,00,00,00,00,
124838027,00000118,false,Rx,1,4,00,4A,00,00,00,00,00,00,
124848470,00000118,false,Rx,1,4,00,4B,00,00,00,00,00,00,
124858115,00000118,false,Rx,1,4,00,4C,00,00,00,00,00,00,
124865409,0000070F,false,Rx,0,8,03,22,2B,E4,55,55,55,55,
124868358,00000118,false,Rx,1,4,00,4D,00,00,00,00,00,00,
124878605,00000118,false,Rx,1,4,00,4E,00,00,00,00,00,00,
124879659,00000779,false,Rx,1,8,05,62,2B,E4,39,64,AA,AA,
124888844,00000118,false,Rx,1,4,00,4F,00,00,00,00,00,00,
124898359,00000118,false,Rx,1,4,00,40,00,00,00,00,00,00,
124908853,00000118,false,Rx,1,4,00,41,00,00,00,00,00,00,
124918370,00000118,false,Rx,1,4,00,42,00,00,00,00,00,00,
124928598,00000118,false,Rx,1,4,00,43,00,00,00,00,00,00,
124938355,00000118,false,Rx,1,4,00,44,00,00,00,00,00,00,
124948607,00000118,false,Rx,1,4,00,45,00,00,00,00,00,00,
124958364,00000118,false,Rx,1,4,00,46,00,00,00,00,00,00,
124968617,00000118,false,Rx,1,4,00,47,00,00,00,00,00,00,
124969155,17F0000F,true,Rx,1,8,00,0F,00,00,00,00,00,00,
124978359,00000118,false,Rx,1,4,00,48,00,00,00,00,00,00,
124988612,00000118,false,Rx,1,4,00,49,00,00,00,00,00,00,
124998366,00000118,false,Rx,1,4,00,4A,00,00,00,00,00,00,
125008601,00000118,false,Rx,1,4,00,4B,00,00,00,00,00,00,
125018358,00000118,false,Rx,1,4,00,4C,00,00,00,00,00,00,
125028602,00000118,false,Rx,1,4,00,4D,00,00,00,00,00,00,
125038360,00000118,false,Rx,1,4,00,4E,00,00,00,00,00,00,
125048607,00000118,false,Rx,1,4,00,4F,00,00,00,00,00,00,
125058358,00000118,false,Rx,1,4,00,40,00,00,00,00,00,00,
125068604,00000118,false,Rx,1,4,00,41,00,00,00,00,00,00,
125078368,00000118,false,Rx,1,4,00,42,00,00,00,00,00,00,
125088623,00000118,false,Rx,1,4,00,43,00,00,00,00,00,00,
125098116,00000118,false,Rx,1,4,00,44,00,00,00,00,00,00,
125108606,00000118,false,Rx,1,4,00,45,00,00,00,00,00,00,
125118113,00000118,false,Rx,1,4,00,46,00,00,00,00,00,00,
125128607,00000118,false,Rx,1,4,00,47,00,00,00,00,00,00,
125138110,00000118,false,Rx,1,4,00,48,00,00,00,00,00,00,
125148618,00000118,false,Rx,1,4,00,49,00,00,00,00,00,00,
125158121,00000118,false,Rx,1,4,00,4A,00,00,00,00,00,00,
125168601,00000118,false,Rx,1,4,00,4B,00,00,00,00,00,00,
125178130,00000118,false,Rx,1,4,00,4C,00,00,00,00,00,00,
125183498,0000070F,false,Rx,0,8,03,22,02,8D,55,55,55,55,
125188603,00000118,false,Rx,1,4,00,4D,00,00,00,00,00,00,
125198118,00000118,false,Rx,1,4,00,4E,00,00,00,00,00,00,
125199345,00000779,false,Rx,1,8,05,62,02,8D,7F,00,AA,AA,
125208599,00000118,false,Rx,1,4,00,4F,00,00,00,00,00,00,
125218117,00000118,false,Rx,1,4,00,40,00,00,00,00,00,00,
125228602,00000118,false,Rx,1,4,00,41,00,00,00,00,00,00,
125238119,00000118,false,Rx,1,4,00,42,00,00,00,00,00,00,
125248353,00000118,false,Rx,1,4,00,43,00,00,00,00,00,00,
125258114,00000118,false,Rx,1,4,00,44,00,00,00,00,00,00,
125268354,00000118,false,Rx,1,4,00,45,00,00,00,00,00,00,
125278115,00000118,false,Rx,1,4,00,46,00,00,00,00,00,00,
125288360,00000118,false,Rx,1,4,00,47,00,00,00,00,00,00,
125298112,00000118,false,Rx,1,4,00,48,00,00,00,00,00,00,
125308370,00000118,false,Rx,1,4,00,49,00,00,00,00,00,00,
125318121,00000118,false,Rx,1,4,00,4A,00,00,00,00,00,00,
125328328,00000118,false,Rx,1,4,00,4B,00,00,00,00,00,00,
125339180,00000118,false,Rx,1,4,00,4C,00,00,00,00,00,00,
125348288,00000118,false,Rx,1,4,00,4D,00,00,00,00,00,00,
125357984,00000118,false,Rx,1,4,00,4E,00,00,00,00,00,00,
125368372,00000118,false,Rx,1,4,00,4F,00,00,00,00,00,00,
125377992,00000118,false,Rx,1,4,00,40,00,00,00,00,00,00,
125388223,00000118,false,Rx,1,4,00,41,00,00,00,00,00,00,
125397945,00000118,false,Rx,1,4,00,42,00,00,00,00,00,00,
125408210,00000118,false,Rx,1,4,00,43,00,00,00,00,00,00,
125417891,00000118,false,Rx,1,4,00,44,00,00,00,00,00,00,
125428208,00000118,false,Rx,1,4,00,45,00,00,00,00,00,00,
125437874,00000118,false,Rx,1,4,00,46,00,00,00,00,00,00,
125448191,00000118,false,Rx,1,4,00,47,00,00,00,00,00,00,
125457858,00000118,false,Rx,1,4,00,48,00,00,00,00,00,00,
125468362,00000118,false,Rx,1,4,00,49,00,00,00,00,00,00,
125468904,17F0000F,true,Rx,1,8,00,0F,00,00,00,00,00,00,
125477908,00000118,false,Rx,1,4,00,4A,00,00,00,00,00,00,
125488150,00000118,false,Rx,1,4,00,4B,00,00,00,00,00,00,
125497850,00000118,false,Rx,1,4,00,4C,00,00,00,00,00,00,
125499848,0000070F,false,Rx,0,8,03,22,2B,F1,55,55,55,55,
125508151,00000118,false,Rx,1,4,00,4D,00,00,00,00,00,00,
125517813,00000118,false,Rx,1,4,00,4E,00,00,00,00,00,00,
125519111,00000779,false,Rx,1,8,05,62,2B,F1,0F,75,AA,AA,
125528142,00000118,false,Rx,1,4,00,4F,00,00,00,00,00,00,
125537800,00000118,false,Rx,1,4,00,40,00,00,00,00,00,00,
125548117,00000118,false,Rx,1,4,00,41,00,00,00,00,00,00,
125557783,00000118,false,Rx,1,4,00,42,00,00,00,00,00,00,
125568115,00000118,false,Rx,1,4,00,43,00,00,00,00,00,00,
125577823,00000118,false,Rx,1,4,00,44,00,00,00,00,00,00,
125588083,00000118,false,Rx,1,4,00,45,00,00,00,00,00,00,
125597770,00000118,false,Rx,1,4,00,46,00,00,00,00,00,00,
125608050,00000118,false,Rx,1,4,00,47,00,00,00,00,00,00,
125617735,00000118,false,Rx,1,4,00,48,00,00,00,00,00,00,
125628053,00000118,false,Rx,1,4,00,49,00,00,00,00,00,00,
125637722,00000118,false,Rx,1,4,00,4A,00,00,00,00,00,00,
125648039,00000118,false,Rx,1,4,00,4B,00,00,00,00,00,00,
125657707,00000118,false,Rx,1,4,00,4C,00,00,00,00,00,00,
125668113,00000118,false,Rx,1,4,00,4D,00,00,00,00,00,00,
125677744,00000118,false,Rx,1,4,00,4E,00,00,00,00,00,00,
125687992,00000118,false,Rx,1,4,00,4F,00,00,00,00,00,00,
125697695,00000118,false,Rx,1,4,00,40,00,00,00,00,00,00,
125707973,00000118,false,Rx,1,4,00,41,00,00,00,00,00,00,
125717658,00000118,false,Rx,1,4,00,42,00,00,00,00,00,00,
125727976,00000118,false,Rx,1,4,00,43,00,00,00,00,00,00,
125737644,00000118,false,Rx,1,4,00,44,00,00,00,00,00,00,
125747961,00000118,false,Rx,1,4,00,45,00,00,00,00,00,00,
125757625,00000118,false,Rx,1,4,00,46,00,00,00,00,00,00,
125768111,00000118,false,Rx,1,4,00,47,00,00,00,00,00,00,
125777666,00000118,false,Rx,1,4,00,48,00,00,00,00,00,00,
125787931,00000118,false,Rx,1,4,00,49,00,00,00,00,00,00,
125797618,00000118,false,Rx,1,4,00,4A,00,00,00,00,00,00,
125807897,00000118,false,Rx,1,4,00,4B,00,00,00,00,00,00,
125817584,00000118,false,Rx,1,4,00,4C,00,00,00,00,00,00,
125827979,00000118,false,Rx,1,4,00,4D,00,00,00,00,00,00,
125837527,0000070F,false,Rx,0,8,03,22,2B,E4,55,55,55,55,
125837572,00000118,false,Rx,1,4,00,4E,00,00,00,00,00,00,
125847945,00000118,false,Rx,1,4,00,4F,00,00,00,00,00,00,
125857556,00000118,false,Rx,1,4,00,40,00,00,00,00,00,00,
125858846,00000779,false,Rx,1,8,05,62,2B,E4,39,64,AA,AA,
125868128,00000118,false,Rx,1,4,00,41,00,00,00,00,00,00,
125877589,00000118,false,Rx,1,4,00,42,00,00,00,00,00,00,
125887854,00000118,false,Rx,1,4,00,43,00,00,00,00,00,00,
125897541,00000118,false,Rx,1,4,00,44,00,00,00,00,00,00,
125907817,00000118,false,Rx,1,4,00,45,00,00,00,00,00,00,
125917502,00000118,false,Rx,1,4,00,46,00,00,00,00,00,00,
125927822,00000118,false,Rx,1,4,00,47,00,00,00,00,00,00,
125937487,00000118,false,Rx,1,4,00,48,00,00,00,00,00,00,
125947807,00000118,false,Rx,1,4,00,49,00,00,00,00,00,00,
125957477,00000118,false,Rx,1,4,00,4A,00,00,00,00,00,00,
125967879,00000118,false,Rx,1,4,00,4B,00,00,00,00,00,00,
125968415,17F0000F,true,Rx,1,8,00,0F,00,00,00,00,00,00,
125977522,00000118,false,Rx,1,4,00,4C,00,00,00,00,00,00,
125987755,00000118,false,Rx,1,4,00,4D,00,00,00,00,00,00,
125997448,00000118,false,Rx,1,4,00,4E,00,00,00,00,00,00,
126007760,00000118,false,Rx,1,4,00,4F,00,00,00,00,00,00,
126017428,00000118,false,Rx,1,4,00,40,00,00,00,00,00,00,
126027747,00000118,false,Rx,1,4,00,41,00,00,00,00,00,00,
126037410,00000118,false,Rx,1,4,00,42,00,00,00,00,00,00,
126047728,00000118,false,Rx,1,4,00,43,00,00,00,00,00,00,
126057397,00000118,false,Rx,1,4,00,44,00,00,00,00,00,00,
126067875,00000118,false,Rx,1,4,00,45,00,00,00,00,00,00,
126077433,00000118,false,Rx,1,4,00,46,00,00,00,00,00,00,
126087687,00000118,false,Rx,1,4,00,47,00,00,00,00,00,00,
126097481,00000118,false,Rx,1,4,00,48,00,00,00,00,00,00,
126107684,00000118,false,Rx,1,4,00,49,00,00,00,00,00,00,
126117351,00000118,false,Rx,1,4,00,4A,00,00,00,00,00,00,
126127668,00000118,false,Rx,1,4,00,4B,00,00,00,00,00,00,
126137335,00000118,false,Rx,1,4,00,4C,00,00,00,00,00,00,
126147650,00000118,false,Rx,1,4,00,4D,00,00,00,00,00,00,
126149975,0000070F,false,Rx,0,8,03,22,02,8D,55,55,55,55,
126157343,00000118,false,Rx,1,4,00,4E,00,00,00,00,00,00,
126167629,00000118,false,Rx,1,4,00,4F,00,00,00,00,00,00,
126169950,00000779,false,Rx,1,8,05,62,02,8D,7F,00,AA,AA,
126177370,00000118,false,Rx,1,4,00,40,00,00,00,00,00,00,
126187604,00000118,false,Rx,1,4,00,41,00,00,00,00,00,00,
126197373,00000118,false,Rx,1,4,00,42,00,00,00,00,00,00,
126207607,00000118,false,Rx,1,4,00,43,00,00,00,00,00,00,
126217272,00000118,false,Rx,1,4,00,44,00,00,00,00,00,00,
126227590,00000118,false,Rx,1,4,00,45,00,00,00,00,00,00,
126237254,00000118,false,Rx,1,4,00,46,00,00,00,00,00,00,
126247554,00000118,false,Rx,1,4,00,47,00,00,00,00,00,00,
126257258,00000118,false,Rx,1,4,00,48,00,00,00,00,00,00,
126267630,00000118,false,Rx,1,4,00,49,00,00,00,00,00,00,
126277281,00000118,false,Rx,1,4,00,4A,00,00,00,00,00,00,
126287525,00000118,false,Rx,1,4,00,4B,00,00,00,00,00,00,
126297373,00000118,false,Rx,1,4,00,4C,00,00,00,00,00,00,
126307529,00000118,false,Rx,1,4,00,4D,00,00,00,00,00,00,
126317194,00000118,false,Rx,1,4,00,4E,00,00,00,00,00,00,
126327585,00000118,false,Rx,1,4,00,4F,00,00,00,00,00,00,
126340249,00000118,false,Rx,1,4,00,40,00,00,00,00,00,00,
126347523,00000118,false,Rx,1,4,00,41,00,00,00,00,00,00,
126357187,00000118,false,Rx,1,4,00,42,00,00,00,00,00,00,
126367644,00000118,false,Rx,1,4,00,43,00,00,00,00,00,00,
126377202,00000118,false,Rx,1,4,00,44,00,00,00,00,00,00,
126387446,00000118,false,Rx,1,4,00,45,00,00,00,00,00,00,
126397370,00000118,false,Rx,1,4,00,46,00,00,00,00,00,00,
126407458,00000118,false,Rx,1,4,00,47,00,00,00,00,00,00,
126417116,00000118,false,Rx,1,4,00,48,00,00,00,00,00,00,
126427433,00000118,false,Rx,1,4,00,49,00,00,00,00,00,00,
126437102,00000118,false,Rx,1,4,00,4A,00,00,00,00,00,00,
126447402,00000118,false,Rx,1,4,00,4B,00,00,00,00,00,00,
126457110,00000118,false,Rx,1,4,00,4C,00,00,00,00,00,00,
126467628,00000118,false,Rx,1,4,00,4D,00,00,00,00,00,00,
126468162,17F0000F,true,Rx,1,8,00,0F,00,00,00,00,00,00,
126471769,0000070F,false,Rx,0,8,03,22,2B,F1,55,55,55,55,
126477157,00000118,false,Rx,1,4,00,4E,00,00,00,00,00,00,
126487769,00000118,false,Rx,1,4,00,4F,00,00,00,00,00,00,
126489886,00000779,false,Rx,1,8,05,62,2B,F1,0F,75,AA,AA,
126497469,00000118,false,Rx,1,4,00,40,00,00,00,00,00,00,
126508177,00000118,false,Rx,1,4,00,41,00,00,00,00,00,00,
126517840,00000118,false,Rx,1,4,00,42,00,00,00,00,00,00,
126528156,00000118,false,Rx,1,4,00,43,00,00,00,00,00,00,
126537824,00000118,false,Rx,1,4,00,44,00,00,00,00,00,00,
126548141,00000118,false,Rx,1,4,00,45,00,00,00,00,00,00,
126557806,00000118,false,Rx,1,4,00,46,00,00,00,00,00,00,
126568113,00000118,false,Rx,1,4,00,47,00,00,00,00,00,00,
126577847,00000118,false,Rx,1,4,00,48,00,00,00,00,00,00,
126588106,00000118,false,Rx,1,4,00,49,00,00,00,00,00,00,
126597798,00000118,false,Rx,1,4,00,4A,00,00,00,00,00,00,
126608086,00000118,false,Rx,1,4,00,4B,00,00,00,00,00,00,
126617763,00000118,false,Rx,1,4,00,4C,00,00,00,00,00,00,
126628079,00000118,false,Rx,1,4,00,4D,00,00,00,00,00,00,
126637747,00000118,false,Rx,1,4,00,4E,00,00,00,00,00,00,
126648064,00000118,false,Rx,1,4,00,4F,00,00,00,00,00,00,
126657732,00000118,false,Rx,1,4,00,40,00,00,00,00,00,00,
126668117,00000118,false,Rx,1,4,00,41,00,00,00,00,00,00,
126677770,00000118,false,Rx,1,4,00,42,00,00,00,00,00,00,
126688014,00000118,false,Rx,1,4,00,43,00,00,00,00,00,00,
126697719,00000118,false,Rx,1,4,00,44,00,00,00,00,00,00,
126708001,00000118,false,Rx,1,4,00,45,00,00,00,00,00,00,
126717682,00000118,false,Rx,1,4,00,46,00,00,00,00,00,00,
126728002,00000118,false,Rx,1,4,00,47,00,00,00,00,00,00,
126737667,00000118,false,Rx,1,4,00,48,00,00,00,00,00,00,
126747986,00000118,false,Rx,1,4,00,49,00,00,00,00,00,00,
126757656,00000118,false,Rx,1,4,00,4A,00,00,00,00,00,00,
126768114,00000118,false,Rx,1,4,00,4B,00,00,00,00,00,00,
126777694,00000118,false,Rx,1,4,00,4C,00,00,00,00,00,00,
126787950,00000118,false,Rx,1,4,00,4D,00,00,00,00,00,00,
126797642,00000118,false,Rx,1,4,00,4E,00,00,00,00,00,00,
126798736,0000070F,false,Rx,0,8,03,22,2B,E4,55,55,55,55,
126807950,00000118,false,Rx,1,4,00,4F,00,00,00,00,00,00,
126817611,00000118,false,Rx,1,4,00,40,00,00,00,00,00,00,
126818905,00000779,false,Rx,1,8,05,62,2B,E4,39,64,AA,AA,
126828006,00000118,false,Rx,1,4,00,41,00,00,00,00,00,00,
126842415,00000118,false,Rx,1,4,00,42,00,00,00,00,00,00,
126847946,00000118,false,Rx,1,4,00,43,00,00,00,00,00,00,
126857595,00000118,false,Rx,1,4,00,44,00,00,00,00,00,00,
126868133,00000118,false,Rx,1,4,00,45,00,00,00,00,00,00,
126877613,00000118,false,Rx,1,4,00,46,00,00,00,00,00,00,
126887858,00000118,false,Rx,1,4,00,47,00,00,00,00,00,00,
126897562,00000118,false,Rx,1,4,00,48,00,00,00,00,00,00,
126907844,00000118,false,Rx,1,4,00,49,00,00,00,00,00,00,
126917539,00000118,false,Rx,1,4,00,4A,00,00,00,00,00,00,
126927847,00000118,false,Rx,1,4,00,4B,00,00,00,00,00,00,
126937516,00000118,false,Rx,1,4,00,4C,00,00,00,00,00,00,
126947831,00000118,false,Rx,1,4,00,4D,00,00,00,00,00,00,
126957499,00000118,false,Rx,1,4,00,4E,00,00,00,00,00,00,
126967870,00000118,false,Rx,1,4,00,4F,00,00,00,00,00,00,
126968407,17F0000F,true,Rx,1,8,00,0F,00,00,00,00,00,00,
126977546,00000118,false,Rx,1,4,00,40,00,00,00,00,00,00,
126987784,00000118,false,Rx,1,4,00,41,00,00,00,00,00,00,
126997468,00000118,false,Rx,1,4,00,42,00,00,00,00,00,00,
127007785,00000118,false,Rx,1,4,00,43,00,00,00,00,00,00,
127017456,00000118,false,Rx,1,4,00,44,00,00,00,00,00,00,
127027771,00000118,false,Rx,1,4,00,45,00,00,00,00,00,00,
127037435,00000118,false,Rx,1,4,00,46,00,00,00,00,00,00,
127047753,00000118,false,Rx,1,4,00,47,00,00,00,00,00,00,
127057419,00000118,false,Rx,1,4,00,48,00,00,00,00,00,00,
127067871,00000118,false,Rx,1,4,00,49,00,00,00,00,00,00,
127077461,00000118,false,Rx,1,4,00,4A,00,00,00,00,00,00,
127087731,00000118,false,Rx,1,4,00,4B,00,00,00,00,00,00,
127097397,00000118,false,Rx,1,4,00,4C,00,00,00,00,00,00,
127107706,00000118,false,Rx,1,4,00,4D,00,00,00,00,00,00,
127115522,0000070F,false,Rx,0,8,03,22,02,8D,55,55,55,55,
127117404,00000118,false,Rx,1,4,00,4E,00,00,00,00,00,00,
127127694,00000118,false,Rx,1,4,00,4F,00,00,00,00,00,00,
127129814,00000779,false,Rx,1,8,05,62,02,8D,7F,00,AA,AA,
127137373,00000118,false,Rx,1,4,00,40,00,00,00,00,00,00,
127148078,00000118,false,Rx,1,4,00,41,00,00,00,00,00,00,
127157743,00000118,false,Rx,1,4,00,42,00,00,00,00,00,00,
127168138,00000118,false,Rx,1,4,00,43,00,00,00,00,00,00,
127177781,00000118,false,Rx,1,4,00,44,00,00,00,00,00,00,
127188024,00000118,false,Rx,1,4,00,45,00,00,00,00,00,00,
127197728,00000118,false,Rx,1,4,00,46,00,00,00,00,00,00,
127208010,00000118,false,Rx,1,4,00,47,00,00,00,00,00,00,
127217695,00000118,false,Rx,1,4,00,48,00,00,00,00,00,00,
127228014,00000118,false,Rx,1,4,00,49,00,00,00,00,00,00,
127237683,00000118,false,Rx,1,4,00,4A,00,00,00,00,00,00,
127248000,00000118,false,Rx,1,4,00,4B,00,00,00,00,00,00,
127257667,00000118,false,Rx,1,4,00,4C,00,00,00,00,00,00,
127268121,00000118,false,Rx,1,4,00,4D,00,00,00,00,00,00,
127277705,00000118,false,Rx,1,4,00,4E,00,00,00,00,00,00,
127287952,00000118,false,Rx,1,4,00,4F,00,00,00,00,00,00,
127297657,00000118,false,Rx,1,4,00,40,00,00,00,00,00,00,
127307950,00000118,false,Rx,1,4,00,41,00,00,00,00,00,00,
127317619,00000118,false,Rx,1,4,00,42,00,00,00,00,00,00,
127328082,00000118,false,Rx,1,4,00,43,00,00,00,00,00,00,
127337625,00000118,false,Rx,1,4,00,44,00,00,00,00,00,00,
127347775,00000118,false,Rx,1,4,00,45,00,00,00,00,00,00,
127357704,00000118,false,Rx,1,4,00,46,00,00,00,00,00,00,
127367880,00000118,false,Rx,1,4,00,47,00,00,00,00,00,00,
127377874,00000118,false,Rx,1,4,00,48,00,00,00,00,00,00,
127387875,00000118,false,Rx,1,4,00,49,00,00,00,00,00,00,
127397634,00000118,false,Rx,1,4,00,4A,00,00,00,00,00,00,
127407882,00000118,false,Rx,1,4,00,4B,00,00,00,00,00,00,
127417633,00000118,false,Rx,1,4,00,4C,00,00,00,00,00,00,
127427892,00000118,false,Rx,1,4,00,4D,00,00,00,00,00,00,
127428549,0000070F,false,Rx,0,8,03,22,2B,F1,55,55,55,55,
127437631,00000118,false,Rx,1,4,00,4E,00,00,00,00,00,00,
127447877,00000118,false,Rx,1,4,00,4F,00,00,00,00,00,00,
127449908,00000779,false,Rx,1,8,05,62,2B,F1,DD,74,AA,AA,
127457636,00000118,false,Rx,1,4,00,40,00,00,00,00,00,00,
