Time Stamp,ID,Extended,Dir,Bus,LEN,D1,D2,D3,D4,D5,D6,D7,D8
56472551,00000118,false,Rx,1,4,00,4F,00,12,00,00,00,00,
56472847,17F0000F,true,Rx,1,8,00,0F,00,00,00,00,00,00,
56482525,00000118,false,Rx,1,4,00,40,00,12,00,00,00,00,
56492559,00000118,false,Rx,1,4,00,41,00,12,00,00,00,00,
56502398,00000118,false,Rx,1,4,00,42,00,12,00,00,00,00,
56512553,00000118,false,Rx,1,4,00,43,00,12,00,00,00,00,
56522388,00000118,false,Rx,1,4,00,44,00,12,00,00,00,00,
56532539,00000118,false,Rx,1,4,00,45,00,12,00,00,00,00,
56542379,00000118,false,Rx,1,4,00,46,00,12,00,00,00,00,
56552513,00000118,false,Rx,1,4,00,47,00,12,00,00,00,00,
56562386,00000118,false,Rx,1,4,00,48,00,12,00,00,00,00,
56572504,00000118,false,Rx,1,4,00,49,00,12,00,00,00,00,
56582470,00000118,false,Rx,1,4,00,4A,00,12,00,00,00,00,
56592512,00000118,false,Rx,1,4,00,4B,00,12,00,00,00,00,
56602351,00000118,false,Rx,1,4,00,4C,00,12,00,00,00,00,
56612502,00000118,false,Rx,1,4,00,4D,00,12,00,00,00,00,
56622340,00000118,false,Rx,1,4,00,4E,00,12,00,00,00,00,
56632475,00000118,false,Rx,1,4,00,4F,00,12,00,00,00,00,
56642350,00000118,false,Rx,1,4,00,40,00,12,00,00,00,00,
163466,00000118,false,Rx,1,4,00,41,00,12,00,00,00,00,
173341,00000118,false,Rx,1,4,00,42,00,12,00,00,00,00,
183457,00000118,false,Rx,1,4,00,43,00,12,00,00,00,00,
193422,00000118,false,Rx,1,4,00,44,00,12,00,00,00,00,
203464,00000118,false,Rx,1,4,00,45,00,12,00,00,00,00,
213304,00000118,false,Rx,1,4,00,46,00,12,00,00,00,00,
223455,00000118,false,Rx,1,4,00,47,00,12,00,00,00,00,
233292,00000118,false,Rx,1,4,00,48,00,12,00,00,00,00,
243428,00000118,false,Rx,1,4,00,49,00,12,00,00,00,00,
253406,00000118,false,Rx,1,4,00,4A,00,12,00,00,00,00,
264622,00000118,false,Rx,1,4,00,4B,00,12,00,00,00,00,
273323,00000118,false,Rx,1,4,00,4C,00,12,00,00,00,00,
283568,00000118,false,Rx,1,4,00,4D,00,12,00,00,00,00,
293376,00000118,false,Rx,1,4,00,4E,00,12,00,00,00,00,
303418,00000118,false,Rx,1,4,00,4F,00,12,00,00,00,00,
313257,00000118,false,Rx,1,4,00,40,00,12,00,00,00,00,
323425,00000118,false,Rx,1,4,00,41,00,12,00,00,00,00,
333251,00000118,false,Rx,1,4,00,42,00,12,00,00,00,00,
343382,00000118,false,Rx,1,4,00,43,00,12,00,00,00,00,
353255,00000118,false,Rx,1,4,00,44,00,12,00,00,00,00,
363371,00000118,false,Rx,1,4,00,45,00,12,00,00,00,00,
373260,00000118,false,Rx,1,4,00,46,00,12,00,00,00,00,
383363,00000118,false,Rx,1,4,00,47,00,12,00,00,00,00,
393368,00000118,false,Rx,1,4,00,48,00,12,00,00,00,00,
403370,00000118,false,Rx,1,4,00,49,00,12,00,00,00,00,
413211,00000118,false,Rx,1,4,00,4A,00,12,00,00,00,00,
423361,00000118,false,Rx,1,4,00,4B,00,12,00,00,00,00,
433210,00000118,false,Rx,1,4,00,4C,00,12,00,00,00,00,
443370,00000118,false,Rx,1,4,00,4D,00,12,00,00,00,00,
453208,00000118,false,Rx,1,4,00,4E,00,12,00,00,00,00,
463326,00000118,false,Rx,1,4,00,4F,00,12,00,00,00,00,
473200,00000118,false,Rx,1,4,00,40,00,12,00,00,00,00,
483318,00000118,false,Rx,1,4,00,41,00,12,00,00,00,00,
483614,17F0000F,true,Rx,1,8,00,0F,00,00,00,00,00,00,
493371,00000118,false,Rx,1,4,00,42,00,12,00,00,00,00,
503326,00000118,false,Rx,1,4,00,43,00,12,00,00,00,00,
513161,00000118,false,Rx,1,4,00,44,00,12,00,00,00,00,
523314,00000118,false,Rx,1,4,00,45,00,12,00,00,00,00,
533156,00000118,false,Rx,1,4,00,46,00,12,00,00,00,00,
543368,00000118,false,Rx,1,4,00,47,00,12,00,00,00,00,
553160,00000118,false,Rx,1,4,00,48,00,12,00,00,00,00,
563278,00000118,false,Rx,1,4,00,49,00,12,00,00,00,00,
573153,00000118,false,Rx,1,4,00,4A,00,12,00,00,00,00,
583268,00000118,false,Rx,1,4,00,4B,00,12,00,00,00,00,
593370,00000118,false,Rx,1,4,00,4C,00,12,00,00,00,00,
603276,00000118,false,Rx,1,4,00,4D,00,12,00,00,00,00,
613117,00000118,false,Rx,1,4,00,4E,00,12,00,00,00,00,
623270,00000118,false,Rx,1,4,00,4F,00,12,00,00,00,00,
633109,00000118,false,Rx,1,4,00,40,00,12,00,00,00,00,
643370,00000118,false,Rx,1,4,00,41,00,12,00,00,00,00,
653114,00000118,false,Rx,1,4,00,42,00,12,00,00,00,00,
663232,00000118,false,Rx,1,4,00,43,00,12,00,00,00,00,
673103,00000118,false,Rx,1,4,00,44,00,12,00,00,00,00,
683221,00000118,false,Rx,1,4,00,45,00,12,00,00,00,00,
693377,00000118,false,Rx,1,4,00,46,00,12,00,00,00,00,
703230,00000118,false,Rx,1,4,00,47,00,12,00,00,00,00,
713067,00000118,false,Rx,1,4,00,48,00,12,00,00,00,00,
723220,00000118,false,Rx,1,4,00,49,00,12,00,00,00,00,
733061,00000118,false,Rx,1,4,00,4A,00,12,00,00,00,00,
743740,00000118,false,Rx,1,4,00,4B,00,12,00,00,00,00,
753088,00000118,false,Rx,1,4,00,4C,00,12,00,00,00,00,
763484,00000118,false,Rx,1,4,00,4D,00,12,00,00,00,00,
773279,00000118,false,Rx,1,4,00,4E,00,12,00,00,00,00,
783369,00000118,false,Rx,1,4,00,4F,00,12,00,00,00,00,
793370,00000118,false,Rx,1,4,00,40,00,12,00,00,00,00,
803365,00000118,false,Rx,1,4,00,41,00,12,00,00,00,00,
813021,00000118,false,Rx,1,4,00,42,00,12,00,00,00,00,
823367,00000118,false,Rx,1,4,00,43,00,12,00,00,00,00,
833012,00000118,false,Rx,1,4,00,44,00,12,00,00,00,00,
843370,00000118,false,Rx,1,4,00,45,00,12,00,00,00,00,
853021,00000118,false,Rx,1,4,00,46,00,12,00,00,00,00,
863361,00000118,false,Rx,1,4,00,47,00,12,00,00,00,00,
873015,00000118,false,Rx,1,4,00,48,00,12,00,00,00,00,
883127,00000118,false,Rx,1,4,00,49,00,12,00,00,00,00,
893093,00000118,false,Rx,1,4,00,4A,00,12,00,00,00,00,
903365,00000118,false,Rx,1,4,00,4B,00,12,00,00,00,00,
912976,00000118,false,Rx,1,4,00,4C,00,12,00,00,00,00,
923127,00000118,false,Rx,1,4,00,4D,00,12,00,00,00,00,
932966,00000118,false,Rx,1,4,00,4E,00,12,00,00,00,00,
943113,00000118,false,Rx,1,4,00,4F,00,12,00,00,00,00,
952973,00000118,false,Rx,1,4,00,40,00,12,00,00,00,00,
963093,00000118,false,Rx,1,4,00,41,00,12,00,00,00,00,
972965,00000118,false,Rx,1,4,00,42,00,12,00,00,00,00,
983083,00000118,false,Rx,1,4,00,43,00,12,00,00,00,00,
983611,17F0000F,true,Rx,1,8,00,0F,00,00,00,00,00,00,
993050,00000118,false,Rx,1,4,00,44,00,12,00,00,00,00,
1003088,00000118,false,Rx,1,4,00,45,00,12,00,00,00,00,
1012948,00000118,false,Rx,1,4,00,46,00,12,00,00,00,00,
1023081,00000118,false,Rx,1,4,00,47,00,12,00,00,00,00,
1032936,00000118,false,Rx,1,4,00,48,00,12,00,00,00,00,
1043056,00000118,false,Rx,1,4,00,49,00,12,00,00,00,00,
1052946,00000118,false,Rx,1,4,00,4A,00,12,00,00,00,00,
1063043,00000118,false,Rx,1,4,00,4B,00,12,00,00,00,00,
1072937,00000118,false,Rx,1,4,00,4C,00,12,00,00,00,00,
1083033,00000118,false,Rx,1,4,00,4D,00,12,00,00,00,00,
1092998,00000118,false,Rx,1,4,00,4E,00,12,00,00,00,00,
1103045,00000118,false,Rx,1,4,00,4F,00,12,00,00,00,00,
1112882,00000118,false,Rx,1,4,00,40,00,12,00,00,00,00,
1123035,00000118,false,Rx,1,4,00,41,00,12,00,00,00,00,
1132856,00000118,false,Rx,1,4,00,42,00,12,00,00,00,00,
1143009,00000118,false,Rx,1,4,00,43,00,12,00,00,00,00,
1152862,00000118,false,Rx,1,4,00,44,00,12,00,00,00,00,
1162995,00000118,false,Rx,1,4,00,45,00,12,00,00,00,00,
1172860,00000118,false,Rx,1,4,00,46,00,12,00,00,00,00,
1182988,00000118,false,Rx,1,4,00,47,00,12,00,00,00,00,
1192952,00000118,false,Rx,1,4,00,48,00,12,00,00,00,00,
1203006,00000118,false,Rx,1,4,00,49,00,12,00,00,00,00,
1212847,00000118,false,Rx,1,4,00,4A,00,12,00,00,00,00,
1222995,00000118,false,Rx,1,4,00,4B,00,12,00,00,00,00,
1232844,00000118,false,Rx,1,4,00,4C,00,12,00,00,00,00,
1242959,00000118,false,Rx,1,4,00,4D,00,12,00,00,00,00,
1253003,00000118,false,Rx,1,4,00,4E,00,12,00,00,00,00,
1262952,00000118,false,Rx,1,4,00,4F,00,12,00,00,00,00,
1279050,00000118,false,Rx,1,4,00,40,00,12,00,00,00,00,
1283154,00000118,false,Rx,1,4,00,41,00,12,00,00,00,00,
1293057,00000118,false,Rx,1,4,00,42,00,12,00,00,00,00,
1303064,00000118,false,Rx,1,4,00,43,00,12,00,00,00,00,
1312894,00000118,false,Rx,1,4,00,44,00,12,00,00,00,00,
1322939,00000118,false,Rx,1,4,00,45,00,12,00,00,00,00,
1332863,00000118,false,Rx,1,4,00,46,00,12,00,00,00,00,
1342950,00000118,false,Rx,1,4,00,47,00,12,00,00,00,00,
1352856,00000118,false,Rx,1,4,00,48,00,12,00,00,00,00,
1362943,00000118,false,Rx,1,4,00,49,00,12,00,00,00,00,
1372865,00000118,false,Rx,1,4,00,4A,00,12,00,00,00,00,
1383115,00000118,false,Rx,1,4,00,4B,00,12,00,00,00,00,
1392876,00000118,false,Rx,1,4,00,4C,00,12,00,00,00,00,
1402883,00000118,false,Rx,1,4,00,4D,00,12,00,00,00,00,
1412867,00000118,false,Rx,1,4,00,4E,00,12,00,00,00,00,
1422876,00000118,false,Rx,1,4,00,4F,00,12,00,00,00,00,
1432844,00000118,false,Rx,1,4,00,40,00,12,00,00,00,00,
1442885,00000118,false,Rx,1,4,00,41,00,12,00,00,00,00,
1452875,00000118,false,Rx,1,4,00,42,00,12,00,00,00,00,
1462876,00000118,false,Rx,1,4,00,43,00,12,00,00,00,00,
1472853,00000118,false,Rx,1,4,00,44,00,12,00,00,00,00,
1482848,00000118,false,Rx,1,4,00,45,00,12,00,00,00,00,
1483391,17F0000F,true,Rx,1,8,00,0F,00,00,00,00,00,00,
1492869,00000118,false,Rx,1,4,00,46,00,12,00,00,00,00,
1502854,00000118,false,Rx,1,4,00,47,00,12,00,00,00,00,
1512844,00000118,false,Rx,1,4,00,48,00,12,00,00,00,00,
1522848,00000118,false,Rx,1,4,00,49,00,12,00,00,00,00,
1532849,00000118,false,Rx,1,4,00,4A,00,12,00,00,00,00,
1542858,00000118,false,Rx,1,4,00,4B,00,12,00,00,00,00,
1552847,00000118,false,Rx,1,4,00,4C,00,12,00,00,00,00,
1562845,00000118,false,Rx,1,4,00,4D,00,12,00,00,00,00,
1572847,00000118,false,Rx,1,4,00,4E,00,12,00,00,00,00,
1582857,00000118,false,Rx,1,4,00,4F,00,12,00,00,00,00,
1592843,00000118,false,Rx,1,4,00,40,00,12,00,00,00,00,
1602851,00000118,false,Rx,1,4,00,41,00,12,00,00,00,00,
1612855,00000118,false,Rx,1,4,00,42,00,12,00,00,00,00,
1622849,00000118,false,Rx,1,4,00,43,00,12,00,00,00,00,
1632864,00000118,false,Rx,1,4,00,44,00,12,00,00,00,00,
1642848,00000118,false,Rx,1,4,00,45,00,12,00,00,00,00,
1652614,00000118,false,Rx,1,4,00,46,00,12,00,00,00,00,
1662860,00000118,false,Rx,1,4,00,47,00,12,00,00,00,00,
1672606,00000118,false,Rx,1,4,00,48,00,12,00,00,00,00,
1682848,00000118,false,Rx,1,4,00,49,00,12,00,00,00,00,
1692846,00000118,false,Rx,1,4,00,4A,00,12,00,00,00,00,
1702852,00000118,false,Rx,1,4,00,4B,00,12,00,00,00,00,
1712600,00000118,false,Rx,1,4,00,4C,00,12,00,00,00,00,
1722844,00000118,false,Rx,1,4,00,4D,00,12,00,00,00,00,
1732603,00000118,false,Rx,1,4,00,4E,00,12,00,00,00,00,
1742865,00000118,false,Rx,1,4,00,4F,00,12,00,00,00,00,
1752797,00000118,false,Rx,1,4,00,40,00,12,00,00,00,00,
1764115,00000118,false,Rx,1,4,00,41,00,12,00,00,00,00,
1772640,00000118,false,Rx,1,4,00,42,00,12,00,00,00,00,
1782711,00000118,false,Rx,1,4,00,43,00,12,00,00,00,00,
1792686,00000118,false,Rx,1,4,00,44,00,12,00,00,00,00,
1802696,00000118,false,Rx,1,4,00,45,00,12,00,00,00,00,
1812554,00000118,false,Rx,1,4,00,46,00,12,00,00,00,00,
1822704,00000118,false,Rx,1,4,00,47,00,12,00,00,00,00,
1832542,00000118,false,Rx,1,4,00,48,00,12,00,00,00,00,
1842695,00000118,false,Rx,1,4,00,49,00,12,00,00,00,00,
1852534,00000118,false,Rx,1,4,00,4A,00,12,00,00,00,00,
1862691,00000118,false,Rx,1,4,00,4B,00,12,00,00,00,00,
1872560,00000118,false,Rx,1,4,00,4C,00,12,00,00,00,00,
1882658,00000118,false,Rx,1,4,00,4D,00,12,00,00,00,00,
1892644,00000118,false,Rx,1,4,00,4E,00,12,00,00,00,00,
1902650,00000118,false,Rx,1,4,00,4F,00,12,00,00,00,00,
1912523,00000118,false,Rx,1,4,00,40,00,12,00,00,00,00,
1922659,00000118,false,Rx,1,4,00,41,00,12,00,00,00,00,
1932497,00000118,false,Rx,1,4,00,42,00,12,00,00,00,00,
1942662,00000118,false,Rx,1,4,00,43,00,12,00,00,00,00,
1952485,00000118,false,Rx,1,4,00,44,00,12,00,00,00,00,
1962629,00000118,false,Rx,1,4,00,45,00,12,00,00,00,00,
1972496,00000118,false,Rx,1,4,00,46,00,12,00,00,00,00,
1982613,00000118,false,Rx,1,4,00,47,00,12,00,00,00,00,
1982908,17F0000F,true,Rx,1,8,00,0F,00,00,00,00,00,00,
1992598,00000118,false,Rx,1,4,00,48,00,12,00,00,00,00,
2002602,00000118,false,Rx,1,4,00,49,00,12,00,00,00,00,
2012458,00000118,false,Rx,1,4,00,4A,00,12,00,00,00,00,
2022610,00000118,false,Rx,1,4,00,4B,00,12,00,00,00,00,
2032449,00000118,false,Rx,1,4,00,4C,00,12,00,00,00,00,
2042602,00000118,false,Rx,1,4,00,4D,00,12,00,00,00,00,
2052440,00000118,false,Rx,1,4,00,4E,00,12,00,00,00,00,
2062583,00000118,false,Rx,1,4,00,4F,00,12,00,00,00,00,
2072452,00000118,false,Rx,1,4,00,40,00,12,00,00,00,00,
2082567,00000118,false,Rx,1,4,00,41,00,12,00,00,00,00,
2092547,00000118,false,Rx,1,4,00,42,00,12,00,00,00,00,
2102557,00000118,false,Rx,1,4,00,43,00,12,00,00,00,00,
2112411,00000118,false,Rx,1,4,00,44,00,12,00,00,00,00,
2122564,00000118,false,Rx,1,4,00,45,00,12,00,00,00,00,
2132402,00000118,false,Rx,1,4,00,46,00,12,00,00,00,00,
2142555,00000118,false,Rx,1,4,00,47,00,12,00,00,00,00,
2152391,00000118,false,Rx,1,4,00,48,00,12,00,00,00,00,
2162527,00000118,false,Rx,1,4,00,49,00,12,00,00,00,00,
2172405,00000118,false,Rx,1,4,00,4A,00,12,00,00,00,00,
2182518,00000118,false,Rx,1,4,00,4B,00,12,00,00,00,00,
2192500,00000118,false,Rx,1,4,00,4C,00,12,00,00,00,00,
2202508,00000118,false,Rx,1,4,00,4D,00,12,00,00,00,00,
2212365,00000118,false,Rx,1,4,00,4E,00,12,00,00,00,00,
2222519,00000118,false,Rx,1,4,00,4F,00,12,00,00,00,00,
2232356,00000118,false,Rx,1,4,00,40,00,12,00,00,00,00,
2242509,00000118,false,Rx,1,4,00,41,00,12,00,00,00,00,
2252442,00000118,false,Rx,1,4,00,42,00,12,00,00,00,00,
2265439,00000118,false,Rx,1,4,00,43,00,12,00,00,00,00,
2272401,00000118,false,Rx,1,4,00,44,00,12,00,00,00,00,
2282553,00000118,false,Rx,1,4,00,45,00,12,00,00,00,00,
2292494,00000118,false,Rx,1,4,00,46,00,12,00,00,00,00,
2302879,00000118,false,Rx,1,4,00,47,00,12,00,00,00,00,
2312716,00000118,false,Rx,1,4,00,48,00,12,00,00,00,00,
2322870,00000118,false,Rx,1,4,00,49,00,12,00,00,00,00,
2332710,00000118,false,Rx,1,4,00,4A,00,12,00,00,00,00,
2342841,00000118,false,Rx,1,4,00,4B,00,12,00,00,00,00,
2352717,00000118,false,Rx,1,4,00,4C,00,12,00,00,00,00,
2362834,00000118,false,Rx,1,4,00,4D,00,12,00,00,00,00,
2372730,00000118,false,Rx,1,4,00,4E,00,12,00,00,00,00,
2382825,00000118,false,Rx,1,4,00,4F,00,12,00,00,00,00,
2392789,00000118,false,Rx,1,4,00,40,00,12,00,00,00,00,
2402833,00000118,false,Rx,1,4,00,41,00,12,00,00,00,00,
2412670,00000118,false,Rx,1,4,00,42,00,12,00,00,00,00,
2422823,00000118,false,Rx,1,4,00,43,00,12,00,00,00,00,
2432661,00000118,false,Rx,1,4,00,44,00,12,00,00,00,00,
2442795,00000118,false,Rx,1,4,00,45,00,12,00,00,00,00,
2452671,00000118,false,Rx,1,4,00,46,00,12,00,00,00,00,
2462785,00000118,false,Rx,1,4,00,47,00,12,00,00,00,00,
2472668,00000118,false,Rx,1,4,00,48,00,12,00,00,00,00,
2482780,00000118,false,Rx,1,4,00,49,00,12,00,00,00,00,
2483074,17F0000F,true,Rx,1,8,00,0F,00,00,00,00,00,00,
2492752,00000118,false,Rx,1,4,00,4A,00,12,00,00,00,00,
2502785,00000118,false,Rx,1,4,00,4B,00,12,00,00,00,00,
2512625,00000118,false,Rx,1,4,00,4C,00,12,00,00,00,00,
2522776,00000118,false,Rx,1,4,00,4D,00,12,00,00,00,00,
2532615,00000118,false,Rx,1,4,00,4E,00,12,00,00,00,00,
2542750,00000118,false,Rx,1,4,00,4F,00,12,00,00,00,00,
2552624,00000118,false,Rx,1,4,00,40,00,12,00,00,00,00,
2562742,00000118,false,Rx,1,4,00,41,00,12,00,00,00,00,
2572613,00000118,false,Rx,1,4,00,42,00,12,00,00,00,00,
2582734,00000118,false,Rx,1,4,00,43,00,12,00,00,00,00,
2592693,00000118,false,Rx,1,4,00,44,00,12,00,00,00,00,
2602737,00000118,false,Rx,1,4,00,45,00,12,00,00,00,00,
2612578,00000118,false,Rx,1,4,00,46,00,12,00,00,00,00,
2622730,00000118,false,Rx,1,4,00,47,00,12,00,00,00,00,
2632565,00000118,false,Rx,1,4,00,48,00,12,00,00,00,00,
2642701,00000118,false,Rx,1,4,00,49,00,12,00,00,00,00,
2652576,00000118,false,Rx,1,4,00,4A,00,12,00,00,00,00,
2662691,00000118,false,Rx,1,4,00,4B,00,12,00,00,00,00,
2672567,00000118,false,Rx,1,4,00,4C,00,12,00,00,00,00,
2682687,00000118,false,Rx,1,4,00,4D,00,12,00,00,00,00,
2692646,00000118,false,Rx,1,4,00,4E,00,12,00,00,00,00,
2702694,00000118,false,Rx,1,4,00,4F,00,12,00,00,00,00,
2712531,00000118,false,Rx,1,4,00,40,00,12,00,00,00,00,
2722684,00000118,false,Rx,1,4,00,41,00,12,00,00,00,00,
2732521,00000118,false,Rx,1,4,00,42,00,12,00,00,00,00,
2742660,00000118,false,Rx,1,4,00,43,00,12,00,00,00,00,
2753212,00000118,false,Rx,1,4,00,44,00,12,00,00,00,00,
2767765,00000118,false,Rx,1,4,00,45,00,12,00,00,00,00,
2773578,00000118,false,Rx,1,4,00,46,00,12,00,00,00,00,
2782668,00000118,false,Rx,1,4,00,47,00,12,00,00,00,00,
2792599,00000118,false,Rx,1,4,00,48,00,12,00,00,00,00,
2802645,00000118,false,Rx,1,4,00,49,00,12,00,00,00,00,
2812483,00000118,false,Rx,1,4,00,4A,00,12,00,00,00,00,
2822636,00000118,false,Rx,1,4,00,4B,00,12,00,00,00,00,
2832474,00000118,false,Rx,1,4,00,4C,00,12,00,00,00,00,
2842608,00000118,false,Rx,1,4,00,4D,00,12,00,00,00,00,
2852482,00000118,false,Rx,1,4,00,4E,00,12,00,00,00,00,
2862600,00000118,false,Rx,1,4,00,4F,00,12,00,00,00,00,
2872479,00000118,false,Rx,1,4,00,40,00,12,00,00,00,00,
2882599,00000118,false,Rx,1,4,00,41,00,12,00,00,00,00,
2892558,00000118,false,Rx,1,4,00,42,00,12,00,00,00,00,
2902632,00000118,false,Rx,1,4,00,43,00,12,00,00,00,00,
2912457,00000118,false,Rx,1,4,00,44,00,12,00,00,00,00,
2922588,00000118,false,Rx,1,4,00,45,00,12,00,00,00,00,
2932428,00000118,false,Rx,1,4,00,46,00,12,00,00,00,00,
2942562,00000118,false,Rx,1,4,00,47,00,12,00,00,00,00,
2952434,00000118,false,Rx,1,4,00,48,00,12,00,00,00,00,
2962552,00000118,false,Rx,1,4,00,49,00,12,00,00,00,00,
2972426,00000118,false,Rx,1,4,00,4A,00,12,00,00,00,00,
2982542,00000118,false,Rx,1,4,00,4B,00,12,00,00,00,00,
2982838,17F0000F,true,Rx,1,8,00,0F,00,00,00,00,00,00,
2992516,00000118,false,Rx,1,4,00,4C,00,12,00,00,00,00,
3002550,00000118,false,Rx,1,4,00,4D,00,12,00,00,00,00,
3012390,00000118,false,Rx,1,4,00,4E,00,12,00,00,00,00,
3022542,00000118,false,Rx,1,4,00,4F,00,12,00,00,00,00,
3032381,00000118,false,Rx,1,4,00,40,00,12,00,00,00,00,
3042517,00000118,false,Rx,1,4,00,41,00,12,00,00,00,00,
3052389,00000118,false,Rx,1,4,00,42,00,12,00,00,00,00,
3062507,00000118,false,Rx,1,4,00,43,00,12,00,00,00,00,
3072377,00000118,false,Rx,1,4,00,44,00,12,00,00,00,00,
3082495,00000118,false,Rx,1,4,00,45,00,12,00,00,00,00,
3092461,00000118,false,Rx,1,4,00,46,00,12,00,00,00,00,
3102503,00000118,false,Rx,1,4,00,47,00,12,00,00,00,00,
3112340,00000118,false,Rx,1,4,00,48,00,12,00,00,00,00,
3122496,00000118,false,Rx,1,4,00,49,00,12,00,00,00,00,
3132334,00000118,false,Rx,1,4,00,4A,00,12,00,00,00,00,
3142468,00000118,false,Rx,1,4,00,4B,00,12,00,00,00,00,
3152342,00000118,false,Rx,1,4,00,4C,00,12,00,00,00,00,
3162457,00000118,false,Rx,1,4,00,4D,00,12,00,00,00,00,
3172333,00000118,false,Rx,1,4,00,4E,00,12,00,00,00,00,
3182450,00000118,false,Rx,1,4,00,4F,00,12,00,00,00,00,
3192416,00000118,false,Rx,1,4,00,40,00,12,00,00,00,00,
3202458,00000118,false,Rx,1,4,00,41,00,12,00,00,00,00,
3212295,00000118,false,Rx,1,4,00,42,00,12,00,00,00,00,
3222450,00000118,false,Rx,1,4,00,43,00,12,00,00,00,00,
3232284,00000118,false,Rx,1,4,00,44,00,12,00,00,00,00,
3242425,00000118,false,Rx,1,4,00,45,00,12,00,00,00,00,
3252320,00000118,false,Rx,1,4,00,46,00,12,00,00,00,00,
3265416,00000118,false,Rx,1,4,00,47,00,12,00,00,00,00,
3272340,00000118,false,Rx,1,4,00,48,00,12,00,00,00,00,
3282562,00000118,false,Rx,1,4,00,49,00,12,00,00,00,00,
3292542,00000118,false,Rx,1,4,00,4A,00,12,00,00,00,00,
3302485,00000118,false,Rx,1,4,00,4B,00,12,00,00,00,00,
3312249,00000118,false,Rx,1,4,00,4C,00,12,00,00,00,00,
3322399,00000118,false,Rx,1,4,00,4D,00,12,00,00,00,00,
3332240,00000118,false,Rx,1,4,00,4E,00,12,00,00,00,00,
3342376,00000118,false,Rx,1,4,00,4F,00,12,00,00,00,00,
3352247,00000118,false,Rx,1,4,00,40,00,12,00,00,00,00,
3362365,00000118,false,Rx,1,4,00,41,00,12,00,00,00,00,
3372250,00000118,false,Rx,1,4,00,42,00,12,00,00,00,00,
3382359,00000118,false,Rx,1,4,00,43,00,12,00,00,00,00,
3392293,00000118,false,Rx,1,4,00,44,00,12,00,00,00,00,
3402439,00000118,false,Rx,1,4,00,45,00,12,00,00,00,00,
3412203,00000118,false,Rx,1,4,00,46,00,12,00,00,00,00,
3422354,00000118,false,Rx,1,4,00,47,00,12,00,00,00,00,
3432190,00000118,false,Rx,1,4,00,48,00,12,00,00,00,00,
3442326,00000118,false,Rx,1,4,00,49,00,12,00,00,00,00,
3452201,00000118,false,Rx,1,4,00,4A,00,12,00,00,00,00,
3462317,00000118,false,Rx,1,4,00,4B,00,12,00,00,00,00,
3472192,00000118,false,Rx,1,4,00,4C,00,12,00,00,00,00,
3482314,00000118,false,Rx,1,4,00,4D,00,12,00,00,00,00,
3482605,17F0000F,true,Rx,1,8,00,0F,00,00,00,00,00,00,
3492306,00000118,false,Rx,1,4,00,4E,00,12,00,00,00,00,
3502411,00000118,false,Rx,1,4,00,4F,00,12,00,00,00,00,
3512154,00000118,false,Rx,1,4,00,40,00,12,00,00,00,00,
3522309,00000118,false,Rx,1,4,00,41,00,12,00,00,00,00,
3532146,00000118,false,Rx,1,4,00,42,00,12,00,00,00,00,
3542282,00000118,false,Rx,1,4,00,43,00,12,00,00,00,00,
3552152,00000118,false,Rx,1,4,00,44,00,12,00,00,00,00,
3562271,00000118,false,Rx,1,4,00,45,00,12,00,00,00,00,
3572145,00000118,false,Rx,1,4,00,46,00,12,00,00,00,00,
3582261,00000118,false,Rx,1,4,00,47,00,12,00,00,00,00,
3592295,00000118,false,Rx,1,4,00,48,00,12,00,00,00,00,
3602362,00000118,false,Rx,1,4,00,49,00,12,00,00,00,00,
3612108,00000118,false,Rx,1,4,00,4A,00,12,00,00,00,00,
3622259,00000118,false,Rx,1,4,00,4B,00,12,00,00,00,00,
3632100,00000118,false,Rx,1,4,00,4C,00,12,00,00,00,00,
3642232,00000118,false,Rx,1,4,00,4D,00,12,00,00,00,00,
3652107,00000118,false,Rx,1,4,00,4E,00,12,00,00,00,00,
3662225,00000118,false,Rx,1,4,00,4F,00,12,00,00,00,00,
3672080,00000118,false,Rx,1,4,00,40,00,12,00,00,00,00,
3682234,00000118,false,Rx,1,4,00,41,00,12,00,00,00,00,
3692310,00000118,false,Rx,1,4,00,42,00,12,00,00,00,00,
3702315,00000118,false,Rx,1,4,00,43,00,12,00,00,00,00,
3712061,00000118,false,Rx,1,4,00,44,00,12,00,00,00,00,
3722212,00000118,false,Rx,1,4,00,45,00,12,00,00,00,00,
3732052,00000118,false,Rx,1,4,00,46,00,12,00,00,00,00,
3742188,00000118,false,Rx,1,4,00,47,00,12,00,00,00,00,
3751977,00000118,false,Rx,1,4,00,48,00,12,00,00,00,00,
3762053,00000118,false,Rx,1,4,00,49,00,12,00,00,00,00,
3772072,00000118,false,Rx,1,4,00,4A,00,12,00,00,00,00,
3782390,00000118,false,Rx,1,4,00,4B,00,12,00,00,00,00,
3792370,00000118,false,Rx,1,4,00,4C,00,12,00,00,00,00,
3802367,00000118,false,Rx,1,4,00,4D,00,12,00,00,00,00,
3812021,00000118,false,Rx,1,4,00,4E,00,12,00,00,00,00,
3822370,00000118,false,Rx,1,4,00,4F,00,12,00,00,00,00,
3832005,00000118,false,Rx,1,4,00,40,00,12,00,00,00,00,
3842369,00000118,false,Rx,1,4,00,41,00,12,00,00,00,00,
3852013,00000118,false,Rx,1,4,00,42,00,12,00,00,00,00,
3862370,00000118,false,Rx,1,4,00,43,00,12,00,00,00,00,
3872002,00000118,false,Rx,1,4,00,44,00,12,00,00,00,00,
3882130,00000118,false,Rx,1,4,00,45,00,12,00,00,00,00,
3892088,00000118,false,Rx,1,4,00,46,00,12,00,00,00,00,
3902368,00000118,false,Rx,1,4,00,47,00,12,00,00,00,00,
3911983,00000118,false,Rx,1,4,00,48,00,12,00,00,00,00,
3922119,00000118,false,Rx,1,4,00,49,00,12,00,00,00,00,
3931959,00000118,false,Rx,1,4,00,4A,00,12,00,00,00,00,
3942091,00000118,false,Rx,1,4,00,4B,00,12,00,00,00,00,
3951967,00000118,false,Rx,1,4,00,4C,00,12,00,00,00,00,
3962083,00000118,false,Rx,1,4,00,4D,00,12,00,00,00,00,
3971958,00000118,false,Rx,1,4,00,4E,00,12,00,00,00,00,
3982083,00000118,false,Rx,1,4,00,4F,00,12,00,00,00,00,
3982618,17F0000F,true,Rx,1,8,00,0F,00,00,00,00,00,00,
3992049,00000118,false,Rx,1,4,00,40,00,12,00,00,00,00,
4002085,00000118,false,Rx,1,4,00,41,00,12,00,00,00,00,
4011942,00000118,false,Rx,1,4,00,42,00,12,00,00,00,00,
4022073,00000118,false,Rx,1,4,00,43,00,12,00,00,00,00,
4031913,00000118,false,Rx,1,4,00,44,00,12,00,00,00,00,
4042044,00000118,false,Rx,1,4,00,45,00,12,00,00,00,00,
4051941,00000118,false,Rx,1,4,00,46,00,12,00,00,00,00,
4062036,00000118,false,Rx,1,4,00,47,00,12,00,00,00,00,
4071908,00000118,false,Rx,1,4,00,48,00,12,00,00,00,00,
4082028,00000118,false,Rx,1,4,00,49,00,12,00,00,00,00,
4091992,00000118,false,Rx,1,4,00,4A,00,12,00,00,00,00,
4102034,00000118,false,Rx,1,4,00,4B,00,12,00,00,00,00,
4111874,00000118,false,Rx,1,4,00,4C,00,12,00,00,00,00,
4122026,00000118,false,Rx,1,4,00,4D,00,12,00,00,00,00,
4131863,00000118,false,Rx,1,4,00,4E,00,12,00,00,00,00,
4142000,00000118,false,Rx,1,4,00,4F,00,12,00,00,00,00,
4151873,00000118,false,Rx,1,4,00,40,00,12,00,00,00,00,
4161990,00000118,false,Rx,1,4,00,41,00,12,00,00,00,00,
4171863,00000118,false,Rx,1,4,00,42,00,12,00,00,00,00,
4181980,00000118,false,Rx,1,4,00,43,00,12,00,00,00,00,
4191953,00000118,false,Rx,1,4,00,44,00,12,00,00,00,00,
4201988,00000118,false,Rx,1,4,00,45,00,12,00,00,00,00,
4211827,00000118,false,Rx,1,4,00,46,00,12,00,00,00,00,
4221978,00000118,false,Rx,1,4,00,47,00,12,00,00,00,00,
4231815,00000118,false,Rx,1,4,00,48,00,12,00,00,00,00,
4241958,00000118,false,Rx,1,4,00,49,00,12,00,00,00,00,
4251871,00000118,false,Rx,1,4,00,4A,00,12,00,00,00,00,
4266329,00000118,false,Rx,1,4,00,4B,00,12,00,00,00,00,
4271842,00000118,false,Rx,1,4,00,4C,00,12,00,00,00,00,
4282104,00000118,false,Rx,1,4,00,4D,00,12,00,00,00,00,
4291986,00000118,false,Rx,1,4,00,4E,00,12,00,00,00,00,
4301950,00000118,false,Rx,1,4,00,4F,00,12,00,00,00,00,
4311779,00000118,false,Rx,1,4,00,40,00,12,00,00,00,00,
4321954,00000118,false,Rx,1,4,00,41,00,12,00,00,00,00,
4331772,00000118,false,Rx,1,4,00,42,00,12,00,00,00,00,
4341908,00000118,false,Rx,1,4,00,43,00,12,00,00,00,00,
4351776,00000118,false,Rx,1,4,00,44,00,12,00,00,00,00,
4361894,00000118,false,Rx,1,4,00,45,00,12,00,00,00,00,
4371772,00000118,false,Rx,1,4,00,46,00,12,00,00,00,00,
4381894,00000118,false,Rx,1,4,00,47,00,12,00,00,00,00,
4391848,00000118,false,Rx,1,4,00,48,00,12,00,00,00,00,
4401893,00000118,false,Rx,1,4,00,49,00,12,00,00,00,00,
4411734,00000118,false,Rx,1,4,00,4A,00,12,00,00,00,00,
4421889,00000118,false,Rx,1,4,00,4B,00,12,00,00,00,00,
4431727,00000118,false,Rx,1,4,00,4C,00,12,00,00,00,00,
4441857,00000118,false,Rx,1,4,00,4D,00,12,00,00,00,00,
4451731,00000118,false,Rx,1,4,00,4E,00,12,00,00,00,00,
4461850,00000118,false,Rx,1,4,00,4F,00,12,00,00,00,00,
4471723,00000118,false,Rx,1,4,00,40,00,12,00,00,00,00,
4481841,00000118,false,Rx,1,4,00,41,00,12,00,00,00,00,
4482137,17F0000F,true,Rx,1,8,00,0F,00,00,00,00,00,00,
4491809,00000118,false,Rx,1,4,00,42,00,12,00,00,00,00,
4501848,00000118,false,Rx,1,4,00,43,00,12,00,00,00,00,
4511685,00000118,false,Rx,1,4,00,44,00,12,00,00,00,00,
4521842,00000118,false,Rx,1,4,00,45,00,12,00,00,00,00,
4531675,00000118,false,Rx,1,4,00,46,00,12,00,00,00,00,
4541809,00000118,false,Rx,1,4,00,47,00,12,00,00,00,00,
4551684,00000118,false,Rx,1,4,00,48,00,12,00,00,00,00,
4561801,00000118,false,Rx,1,4,00,49,00,12,00,00,00,00,
4571676,00000118,false,Rx,1,4,00,4A,00,12,00,00,00,00,
4581791,00000118,false,Rx,1,4,00,4B,00,12,00,00,00,00,
4591756,00000118,false,Rx,1,4,00,4C,00,12,00,00,00,00,
4601800,00000118,false,Rx,1,4,00,4D,00,12,00,00,00,00,
4611638,00000118,false,Rx,1,4,00,4E,00,12,00,00,00,00,
4621793,00000118,false,Rx,1,4,00,4F,00,12,00,00,00,00,
4631632,00000118,false,Rx,1,4,00,40,00,12,00,00,00,00,
4641765,00000118,false,Rx,1,4,00,41,00,12,00,00,00,00,
4651637,00000118,false,Rx,1,4,00,42,00,12,00,00,00,00,
4661757,00000118,false,Rx,1,4,00,43,00,12,00,00,00,00,
4671627,00000118,false,Rx,1,4,00,44,00,12,00,00,00,00,
4681744,00000118,false,Rx,1,4,00,45,00,12,00,00,00,00,
4691708,00000118,false,Rx,1,4,00,46,00,12,00,00,00,00,
4701752,00000118,false,Rx,1,4,00,47,00,12,00,00,00,00,
4711591,00000118,false,Rx,1,4,00,48,00,12,00,00,00,00,
4721743,00000118,false,Rx,1,4,00,49,00,12,00,00,00,00,
4731585,00000118,false,Rx,1,4,00,4A,00,12,00,00,00,00,
4741721,00000118,false,Rx,1,4,00,4B,00,12,00,00,00,00,
4751523,00000118,false,Rx,1,4,00,4C,00,12,00,00,00,00,
4764000,00000118,false,Rx,1,4,00,4D,00,12,00,00,00,00,
4771821,00000118,false,Rx,1,4,00,4E,00,12,00,00,00,00,
4781708,00000118,false,Rx,1,4,00,4F,00,12,00,00,00,00,
4791663,00000118,false,Rx,1,4,00,40,00,12,00,00,00,00,
4801708,00000118,false,Rx,1,4,00,41,00,12,00,00,00,00,
4811545,00000118,false,Rx,1,4,00,42,00,12,00,00,00,00,
4821698,00000118,false,Rx,1,4,00,43,00,12,00,00,00,00,
4831543,00000118,false,Rx,1,4,00,44,00,12,00,00,00,00,
4841672,00000118,false,Rx,1,4,00,45,00,12,00,00,00,00,
4851544,00000118,false,Rx,1,4,00,46,00,12,00,00,00,00,
4861659,00000118,false,Rx,1,4,00,47,00,12,00,00,00,00,
4871534,00000118,false,Rx,1,4,00,48,00,12,00,00,00,00,
4881658,00000118,false,Rx,1,4,00,49,00,12,00,00,00,00,
4891614,00000118,false,Rx,1,4,00,4A,00,12,00,00,00,00,
4901658,00000118,false,Rx,1,4,00,4B,00,12,00,00,00,00,
4911498,00000118,false,Rx,1,4,00,4C,00,12,00,00,00,00,
4921651,00000118,false,Rx,1,4,00,4D,00,12,00,00,00,00,
4931506,00000118,false,Rx,1,4,00,4E,00,12,00,00,00,00,
4941624,00000118,false,Rx,1,4,00,4F,00,12,00,00,00,00,
4951499,00000118,false,Rx,1,4,00,40,00,12,00,00,00,00,
4961616,00000118,false,Rx,1,4,00,41,00,12,00,00,00,00,
4971488,00000118,false,Rx,1,4,00,42,00,12,00,00,00,00,
4981605,00000118,false,Rx,1,4,00,43,00,12,00,00,00,00,
4981902,17F0000F,true,Rx,1,8,00,0F,00,00,00,00,00,00,
4991575,00000118,false,Rx,1,4,00,44,00,12,00,00,00,00,
5001611,00000118,false,Rx,1,4,00,45,00,12,00,00,00,00,
5011451,00000118,false,Rx,1,4,00,46,00,12,00,00,00,00,
5021602,00000118,false,Rx,1,4,00,47,00,12,00,00,00,00,
5031440,00000118,false,Rx,1,4,00,48,00,12,00,00,00,00,
5039563,00000200,false,Rx,0,7,1F,C0,00,10,00,03,01,00,
5041576,00000118,false,Rx,1,4,00,49,00,12,00,00,00,00,
5051450,00000118,false,Rx,1,4,00,4A,00,12,00,00,00,00,
5061566,00000118,false,Rx,1,4,00,4B,00,12,00,00,00,00,
5071440,00000118,false,Rx,1,4,00,4C,00,12,00,00,00,00,
5081557,00000118,false,Rx,1,4,00,4D,00,12,00,00,00,00,
5091522,00000118,false,Rx,1,4,00,4E,00,12,00,00,00,00,
5101568,00000118,false,Rx,1,4,00,4F,00,12,00,00,00,00,
5111405,00000118,false,Rx,1,4,00,40,00,12,00,00,00,00,
5116749,00000200,false,Rx,0,7,1F,C0,00,10,00,03,01,00,
5121558,00000118,false,Rx,1,4,00,41,00,12,00,00,00,00,
5131394,00000118,false,Rx,1,4,00,42,00,12,00,00,00,00,
5141534,00000118,false,Rx,1,4,00,43,00,12,00,00,00,00,
5151402,00000118,false,Rx,1,4,00,44,00,12,00,00,00,00,
5161519,00000118,false,Rx,1,4,00,45,00,12,00,00,00,00,
5171394,00000118,false,Rx,1,4,00,46,00,12,00,00,00,00,
5181509,00000118,false,Rx,1,4,00,47,00,12,00,00,00,00,
5191472,00000118,false,Rx,1,4,00,48,00,12,00,00,00,00,
5193683,00000200,false,Rx,0,7,1F,C0,00,10,00,03,01,00,
5201517,00000118,false,Rx,1,4,00,49,00,12,00,00,00,00,
5211357,00000118,false,Rx,1,4,00,4A,00,12,00,00,00,00,
5221508,00000118,false,Rx,1,4,00,4B,00,12,00,00,00,00,
5231348,00000118,false,Rx,1,4,00,4C,00,12,00,00,00,00,
5241487,00000118,false,Rx,1,4,00,4D,00,12,00,00,00,00,
5251445,00000118,false,Rx,1,4,00,4E,00,12,00,00,00,00,
5264425,00000118,false,Rx,1,4,00,4F,00,12,00,00,00,00,
5270676,00000200,false,Rx,0,7,1F,C0,00,10,00,03,01,00,
5271372,00000118,false,Rx,1,4,00,40,00,12,00,00,00,00,
5281615,00000118,false,Rx,1,4,00,41,00,12,00,00,00,00,
5291536,00000118,false,Rx,1,4,00,42,00,12,00,00,00,00,
5301950,00000118,false,Rx,1,4,00,43,00,12,00,00,00,00,
5311708,00000118,false,Rx,1,4,00,44,00,12,00,00,00,00,
5321862,00000118,false,Rx,1,4,00,45,00,12,00,00,00,00,
5331700,00000118,false,Rx,1,4,00,46,00,12,00,00,00,00,
5341852,00000118,false,Rx,1,4,00,47,00,12,00,00,00,00,
5347466,00000200,false,Rx,0,7,1F,C0,00,10,00,03,01,00,
5351707,00000118,false,Rx,1,4,00,48,00,12,00,00,00,00,
5361825,00000118,false,Rx,1,4,00,49,00,12,00,00,00,00,
5371699,00000118,false,Rx,1,4,00,4A,00,12,00,00,00,00,
5381824,00000118,false,Rx,1,4,00,4B,00,12,00,00,00,00,
5391782,00000118,false,Rx,1,4,00,4C,00,12,00,00,00,00,
5401876,00000118,false,Rx,1,4,00,4D,00,12,00,00,00,00,
5411662,00000118,false,Rx,1,4,00,4E,00,12,00,00,00,00,
5421817,00000118,false,Rx,1,4,00,4F,00,12,00,00,00,00,
5424379,00000200,false,Rx,0,7,1F,C0,00,10,00,03,01,00,
5431655,00000118,false,Rx,1,4,00,40,00,12,00,00,00,00,
5441789,00000118,false,Rx,1,4,00,41,00,12,00,00,00,00,
5451668,00000118,false,Rx,1,4,00,42,00,12,00,00,00,00,
5461780,00000118,false,Rx,1,4,00,43,00,12,00,00,00,00,
5471650,00000118,false,Rx,1,4,00,44,00,12,00,00,00,00,
5481769,00000118,false,Rx,1,4,00,45,00,12,00,00,00,00,
5482069,17F0000F,true,Rx,1,8,00,0F,00,00,00,00,00,00,
5491799,00000118,false,Rx,1,4,00,46,00,12,00,00,00,00,
5501358,00000200,false,Rx,0,7,1F,C0,00,10,00,03,01,00,
5501828,00000118,false,Rx,1,4,00,47,00,12,00,00,00,00,
5511614,00000118,false,Rx,1,4,00,48,00,12,00,00,00,00,
5521767,00000118,false,Rx,1,4,00,49,00,12,00,00,00,00,
5531607,00000118,false,Rx,1,4,00,4A,00,12,00,00,00,00,
5541741,00000118,false,Rx,1,4,00,4B,00,12,00,00,00,00,
5551620,00000118,false,Rx,1,4,00,4C,00,12,00,00,00,00,
5561731,00000118,false,Rx,1,4,00,4D,00,12,00,00,00,00,
5571605,00000118,false,Rx,1,4,00,4E,00,12,00,00,00,00,
5578162,00000200,false,Rx,0,7,1F,C0,00,10,00,03,01,00,
5581723,00000118,false,Rx,1,4,00,4F,00,12,00,00,00,00,
5591785,00000118,false,Rx,1,4,00,40,00,12,00,00,00,00,
5601784,00000118,false,Rx,1,4,00,41,00,12,00,00,00,00,
5611570,00000118,false,Rx,1,4,00,42,00,12,00,00,00,00,
5621723,00000118,false,Rx,1,4,00,43,00,12,00,00,00,00,
5631560,00000118,false,Rx,1,4,00,44,00,12,00,00,00,00,
5641693,00000118,false,Rx,1,4,00,45,00,12,00,00,00,00,
5651571,00000118,false,Rx,1,4,00,46,00,12,00,00,00,00,
5655169,00000200,false,Rx,0,7,1F,C0,00,10,00,03,01,00,
5661684,00000118,false,Rx,1,4,00,47,00,12,00,00,00,00,
5671558,00000118,false,Rx,1,4,00,48,00,12,00,00,00,00,
5681676,00000118,false,Rx,1,4,00,49,00,12,00,00,00,00,
5691790,00000118,false,Rx,1,4,00,4A,00,12,00,00,00,00,
5701734,00000118,false,Rx,1,4,00,4B,00,12,00,00,00,00,
5711522,00000118,false,Rx,1,4,00,4C,00,12,00,00,00,00,
5721673,00000118,false,Rx,1,4,00,4D,00,12,00,00,00,00,
5731513,00000118,false,Rx,1,4,00,4E,00,12,00,00,00,00,
5732081,00000200,false,Rx,0,7,1F,C0,00,10,00,03,01,00,
5741656,00000118,false,Rx,1,4,00,4F,00,12,00,00,00,00,
5751441,00000118,false,Rx,1,4,00,40,00,12,00,00,00,00,
5762312,00000118,false,Rx,1,4,00,41,00,12,00,00,00,00,
5771665,00000118,false,Rx,1,4,00,42,00,12,00,00,00,00,
5781645,00000118,false,Rx,1,4,00,43,00,12,00,00,00,00,
5791591,00000118,false,Rx,1,4,00,44,00,12,00,00,00,00,
5801637,00000118,false,Rx,1,4,00,45,00,12,00,00,00,00,
5811475,00000118,false,Rx,1,4,00,46,00,12,00,00,00,00,
5819020,00000710,false,Rx,0,8,02,10,03,55,55,55,55,55,
5821628,00000118,false,Rx,1,4,00,47,00,12,00,00,00,00,
5831464,00000118,false,Rx,1,4,00,48,00,12,00,00,00,00,
5841599,00000118,false,Rx,1,4,00,49,00,12,00,00,00,00,
5851476,00000118,false,Rx,1,4,00,4A,00,12,00,00,00,00,
5861599,00000118,false,Rx,1,4,00,4B,00,12,00,00,00,00,
5871466,00000118,false,Rx,1,4,00,4C,00,12,00,00,00,00,
5881593,00000118,false,Rx,1,4,00,4D,00,12,00,00,00,00,
5891549,00000118,false,Rx,1,4,00,4E,00,12,00,00,00,00,
5901591,00000118,false,Rx,1,4,00,4F,00,12,00,00,00,00,
5911428,00000118,false,Rx,1,4,00,40,00,12,00,00,00,00,
5921583,00000118,false,Rx,1,4,00,41,00,12,00,00,00,00,
5931419,00000118,false,Rx,1,4,00,42,00,12,00,00,00,00,
5941555,00000118,false,Rx,1,4,00,43,00,12,00,00,00,00,
5951424,00000118,false,Rx,1,4,00,44,00,12,00,00,00,00,
5961548,00000118,false,Rx,1,4,00,45,00,12,00,00,00,00,
5971420,00000118,false,Rx,1,4,00,46,00,12,00,00,00,00,
5981535,00000118,false,Rx,1,4,00,47,00,12,00,00,00,00,
5981831,17F0000F,true,Rx,1,8,00,0F,00,00,00,00,00,00,
5991507,00000118,false,Rx,1,4,00,48,00,12,00,00,00,00,
6001542,00000118,false,Rx,1,4,00,49,00,12,00,00,00,00,
6011382,00000118,false,Rx,1,4,00,4A,00,12,00,00,00,00,
6021533,00000118,false,Rx,1,4,00,4B,00,12,00,00,00,00,
6031373,00000118,false,Rx,1,4,00,4C,00,12,00,00,00,00,
6041506,00000118,false,Rx,1,4,00,4D,00,12,00,00,00,00,
6051380,00000118,false,Rx,1,4,00,4E,00,12,00,00,00,00,
6061500,00000118,false,Rx,1,4,00,4F,00,12,00,00,00,00,
6071372,00000118,false,Rx,1,4,00,40,00,12,00,00,00,00,
6081490,00000118,false,Rx,1,4,00,41,00,12,00,00,00,00,
6082398,00000200,false,Rx,0,7,0A,C0,00,10,00,03,01,00,
6091454,00000118,false,Rx,1,4,00,42,00,12,00,00,00,00,
6101498,00000118,false,Rx,1,4,00,43,00,12,00,00,00,00,
6111332,00000118,false,Rx,1,4,00,44,00,12,00,00,00,00,
6121485,00000118,false,Rx,1,4,00,45,00,12,00,00,00,00,
6131325,00000118,false,Rx,1,4,00,46,00,12,00,00,00,00,
6141459,00000118,false,Rx,1,4,00,47,00,12,00,00,00,00,
6151331,00000118,false,Rx,1,4,00,48,00,12,00,00,00,00,
6159652,00000200,false,Rx,0,7,0A,C0,00,10,00,03,01,00,
6161450,00000118,false,Rx,1,4,00,49,00,12,00,00,00,00,
6171325,00000118,false,Rx,1,4,00,4A,00,12,00,00,00,00,
6181440,00000118,false,Rx,1,4,00,4B,00,12,00,00,00,00,
6191406,00000118,false,Rx,1,4,00,4C,00,12,00,00,00,00,
6201449,00000118,false,Rx,1,4,00,4D,00,12,00,00,00,00,
6211289,00000118,false,Rx,1,4,00,4E,00,12,00,00,00,00,
6221441,00000118,false,Rx,1,4,00,4F,00,12,00,00,00,00,
6231278,00000118,false,Rx,1,4,00,40,00,12,00,00,00,00,
6236633,00000200,false,Rx,0,7,0A,C0,00,10,00,03,01,00,
6241418,00000118,false,Rx,1,4,00,41,00,12,00,00,00,00,
6251333,00000118,false,Rx,1,4,00,42,00,12,00,00,00,00,
6267475,00000118,false,Rx,1,4,00,43,00,12,00,00,00,00,
6271286,00000118,false,Rx,1,4,00,44,00,12,00,00,00,00,
6281625,00000118,false,Rx,1,4,00,45,00,12,00,00,00,00,
6291565,00000118,false,Rx,1,4,00,46,00,12,00,00,00,00,
6301873,00000118,false,Rx,1,4,00,47,00,12,00,00,00,00,
6311622,00000118,false,Rx,1,4,00,48,00,12,00,00,00,00,
6313484,00000200,false,Rx,0,7,0A,C0,00,10,00,03,01,00,
6321809,00000118,false,Rx,1,4,00,49,00,12,00,00,00,00,
6331615,00000118,false,Rx,1,4,00,4A,00,12,00,00,00,00,
6341783,00000118,false,Rx,1,4,00,4B,00,12,00,00,00,00,
6351623,00000118,false,Rx,1,4,00,4C,00,12,00,00,00,00,
6361773,00000118,false,Rx,1,4,00,4D,00,12,00,00,00,00,
6371603,00000118,false,Rx,1,4,00,4E,00,12,00,00,00,00,
6381802,00000118,false,Rx,1,4,00,4F,00,12,00,00,00,00,
6390451,00000200,false,Rx,0,7,0A,C0,00,10,00,03,01,00,
6391810,00000118,false,Rx,1,4,00,40,00,12,00,00,00,00,
6401810,00000118,false,Rx,1,4,00,41,00,12,00,00,00,00,
6411587,00000118,false,Rx,1,4,00,42,00,12,00,00,00,00,
6421766,00000118,false,Rx,1,4,00,43,00,12,00,00,00,00,
6431591,00000118,false,Rx,1,4,00,44,00,12,00,00,00,00,
6441738,00000118,false,Rx,1,4,00,45,00,12,00,00,00,00,
6451584,00000118,false,Rx,1,4,00,46,00,12,00,00,00,00,
6461725,00000118,false,Rx,1,4,00,47,00,12,00,00,00,00,
6467363,00000200,false,Rx,0,7,0A,C0,00,10,00,03,01,00,
6471582,00000118,false,Rx,1,4,00,48,00,12,00,00,00,00,
6481735,00000118,false,Rx,1,4,00,49,00,12,00,00,00,00,
6482035,17F0000F,true,Rx,1,8,00,0F,00,00,00,00,00,00,
6491807,00000118,false,Rx,1,4,00,4A,00,12,00,00,00,00,
6501760,00000118,false,Rx,1,4,00,4B,00,12,00,00,00,00,
6511585,00000118,false,Rx,1,4,00,4C,00,12,00,00,00,00,
6521716,00000118,false,Rx,1,4,00,4D,00,12,00,00,00,00,
6531576,00000118,false,Rx,1,4,00,4E,00,12,00,00,00,00,
6541691,00000118,false,Rx,1,4,00,4F,00,12,00,00,00,00,
6544332,00000200,false,Rx,0,7,0A,C0,00,10,00,03,01,00,
6551580,00000118,false,Rx,1,4,00,40,00,12,00,00,00,00,
6561682,00000118,false,Rx,1,4,00,41,00,12,00,00,00,00,
6571591,00000118,false,Rx,1,4,00,42,00,12,00,00,00,00,
6581689,00000118,false,Rx,1,4,00,43,00,12,00,00,00,00,
6591803,00000118,false,Rx,1,4,00,44,00,12,00,00,00,00,
6601713,00000118,false,Rx,1,4,00,45,00,12,00,00,00,00,
6611580,00000118,false,Rx,1,4,00,46,00,12,00,00,00,00,
6621123,00000200,false,Rx,0,7,0A,C0,00,10,00,03,01,00,
6621688,00000118,false,Rx,1,4,00,47,00,12,00,00,00,00,
6631585,00000118,false,Rx,1,4,00,48,00,12,00,00,00,00,
6641661,00000118,false,Rx,1,4,00,49,00,12,00,00,00,00,
6651582,00000118,false,Rx,1,4,00,4A,00,12,00,00,00,00,
6661652,00000118,false,Rx,1,4,00,4B,00,12,00,00,00,00,
6671582,00000118,false,Rx,1,4,00,4C,00,12,00,00,00,00,
6681662,00000118,false,Rx,1,4,00,4D,00,12,00,00,00,00,
6691550,00000118,false,Rx,1,4,00,4E,00,12,00,00,00,00,
6698078,00000200,false,Rx,0,7,0A,C0,00,10,00,03,01,00,
6701670,00000118,false,Rx,1,4,00,4F,00,12,00,00,00,00,
6711584,00000118,false,Rx,1,4,00,40,00,12,00,00,00,00,
6721642,00000118,false,Rx,1,4,00,41,00,12,00,00,00,00,
6731586,00000118,false,Rx,1,4,00,42,00,12,00,00,00,00,
6741621,00000118,false,Rx,1,4,00,43,00,12,00,00,00,00,
6751368,00000118,false,Rx,1,4,00,44,00,12,00,00,00,00,
6762162,00000118,false,Rx,1,4,00,45,00,12,00,00,00,00,
6771462,00000118,false,Rx,1,4,00,46,00,12,00,00,00,00,
6775146,00000200,false,Rx,0,7,0A,C0,00,10,00,03,01,00,
6781562,00000118,false,Rx,1,4,00,47,00,12,00,00,00,00,
6791522,00000118,false,Rx,1,4,00,48,00,12,00,00,00,00,
6801567,00000118,false,Rx,1,4,00,49,00,12,00,00,00,00,
6811406,00000118,false,Rx,1,4,00,4A,00,12,00,00,00,00,
6821557,00000118,false,Rx,1,4,00,4B,00,12,00,00,00,00,
6831399,00000118,false,Rx,1,4,00,4C,00,12,00,00,00,00,
6841531,00000118,false,Rx,1,4,00,4D,00,12,00,00,00,00,
6851404,00000118,false,Rx,1,4,00,4E,00,12,00,00,00,00,
6861522,00000118,false,Rx,1,4,00,4F,00,12,00,00,00,00,
6871397,00000118,false,Rx,1,4,00,40,00,12,00,00,00,00,
6881533,00000118,false,Rx,1,4,00,41,00,12,00,00,00,00,
6891479,00000118,false,Rx,1,4,00,42,00,12,00,00,00,00,
6901522,00000118,false,Rx,1,4,00,43,00,12,00,00,00,00,
6911357,00000118,false,Rx,1,4,00,44,00,12,00,00,00,00,
6921511,00000118,false,Rx,1,4,00,45,00,12,00,00,00,00,
6931350,00000118,false,Rx,1,4,00,46,00,12,00,00,00,00,
6941484,00000118,false,Rx,1,4,00,47,00,12,00,00,00,00,
6951357,00000118,false,Rx,1,4,00,48,00,12,00,00,00,00,
6961474,00000118,false,Rx,1,4,00,49,00,12,00,00,00,00,
6971348,00000118,false,Rx,1,4,00,4A,00,12,00,00,00,00,
6981479,00000118,false,Rx,1,4,00,4B,00,12,00,00,00,00,
6981760,17F0000F,true,Rx,1,8,00,0F,00,00,00,00,00,00,
6991436,00000118,false,Rx,1,4,00,4C,00,12,00,00,00,00,
7001473,00000118,false,Rx,1,4,00,4D,00,12,00,00,00,00,
7011314,00000118,false,Rx,1,4,00,4E,00,12,00,00,00,00,
7021467,00000118,false,Rx,1,4,00,4F,00,12,00,00,00,00,
7031303,00000118,false,Rx,1,4,00,40,00,12,00,00,00,00,
7041438,00000118,false,Rx,1,4,00,41,00,12,00,00,00,00,
7051312,00000118,false,Rx,1,4,00,42,00,12,00,00,00,00,
7061430,00000118,false,Rx,1,4,00,43,00,12,00,00,00,00,
7071301,00000118,false,Rx,1,4,00,44,00,12,00,00,00,00,
7081419,00000118,false,Rx,1,4,00,45,00,12,00,00,00,00,
7091384,00000118,false,Rx,1,4,00,46,00,12,00,00,00,00,
7101426,00000118,false,Rx,1,4,00,47,00,12,00,00,00,00,
7111264,00000118,false,Rx,1,4,00,48,00,12,00,00,00,00,
7121417,00000118,false,Rx,1,4,00,49,00,12,00,00,00,00,
7131255,00000118,false,Rx,1,4,00,4A,00,12,00,00,00,00,
7141391,00000118,false,Rx,1,4,00,4B,00,12,00,00,00,00,
7151265,00000118,false,Rx,1,4,00,4C,00,12,00,00,00,00,
7161380,00000118,false,Rx,1,4,00,4D,00,12,00,00,00,00,
7171255,00000118,false,Rx,1,4,00,4E,00,12,00,00,00,00,
7181372,00000118,false,Rx,1,4,00,4F,00,12,00,00,00,00,
7191337,00000118,false,Rx,1,4,00,40,00,12,00,00,00,00,
7200294,0000071D,false,Rx,0,8,02,10,03,55,55,55,55,55,
7201381,00000118,false,Rx,1,4,00,41,00,12,00,00,00,00,
7211218,00000118,false,Rx,1,4,00,42,00,12,00,00,00,00,
7221373,00000118,false,Rx,1,4,00,43,00,12,00,00,00,00,
7231207,00000118,false,Rx,1,4,00,44,00,12,00,00,00,00,
7241345,00000118,false,Rx,1,4,00,45,00,12,00,00,00,00,
7251261,00000118,false,Rx,1,4,00,46,00,12,00,00,00,00,
7261369,00000118,false,Rx,1,4,00,47,00,12,00,00,00,00,
7273505,00000118,false,Rx,1,4,00,48,00,12,00,00,00,00,
7281626,00000118,false,Rx,1,4,00,49,00,12,00,00,00,00,
7291328,00000118,false,Rx,1,4,00,4A,00,12,00,00,00,00,
7301422,00000118,false,Rx,1,4,00,4B,00,12,00,00,00,00,
7311082,00000118,false,Rx,1,4,00,4C,00,12,00,00,00,00,
7321412,00000118,false,Rx,1,4,00,4D,00,12,00,00,00,00,
7331072,00000118,false,Rx,1,4,00,4E,00,12,00,00,00,00,
7341405,00000118,false,Rx,1,4,00,4F,00,12,00,00,00,00,
7351045,00000118,false,Rx,1,4,00,40,00,12,00,00,00,00,
7361414,00000118,false,Rx,1,4,00,41,00,12,00,00,00,00,
7371036,00000118,false,Rx,1,4,00,42,00,12,00,00,00,00,
7381409,00000118,false,Rx,1,4,00,43,00,12,00,00,00,00,
7391146,00000118,false,Rx,1,4,00,44,00,12,00,00,00,00,
7401377,00000118,false,Rx,1,4,00,45,00,12,00,00,00,00,
7411035,00000118,false,Rx,1,4,00,46,00,12,00,00,00,00,
7421366,00000118,false,Rx,1,4,00,47,00,12,00,00,00,00,
7431023,00000118,false,Rx,1,4,00,48,00,12,00,00,00,00,
7441356,00000118,false,Rx,1,4,00,49,00,12,00,00,00,00,
7450999,00000118,false,Rx,1,4,00,4A,00,12,00,00,00,00,
7461365,00000118,false,Rx,1,4,00,4B,00,12,00,00,00,00,
7464025,0000070F,false,Rx,0,8,02,10,03,55,55,55,55,55,
7471012,00000118,false,Rx,1,4,00,4C,00,12,00,00,00,00,
7481355,00000118,false,Rx,1,4,00,4D,00,12,00,00,00,00,
7481652,17F0000F,true,Rx,1,8,00,0F,00,00,00,00,00,00,
7483696,00000779,false,Rx,1,8,06,50,03,00,32,01,F4,AA,
7491109,00000118,false,Rx,1,4,00,4E,00,12,00,00,00,00,
7501374,00000118,false,Rx,1,4,00,4F,00,12,00,00,00,00,
7510989,00000118,false,Rx,1,4,00,40,00,12,00,00,00,00,
7521322,00000118,false,Rx,1,4,00,41,00,12,00,00,00,00,
7530979,00000118,false,Rx,1,4,00,42,00,12,00,00,00,00,
7541311,00000118,false,Rx,1,4,00,43,00,12,00,00,00,00,
7544180,0000070F,false,Rx,0,8,03,22,F1,9E,55,55,55,55,
7550975,00000118,false,Rx,1,4,00,44,00,12,00,00,00,00,
7561318,00000118,false,Rx,1,4,00,45,00,12,00,00,00,00,
7570950,00000118,false,Rx,1,4,00,46,00,12,00,00,00,00,
7572201,00000779,false,Rx,1,8,10,1C,62,F1,9E,45,56,5F,
7577896,0000070F,false,Rx,0,8,30,00,01,55,55,55,55,55,
7581335,00000118,false,Rx,1,4,00,47,00,12,00,00,00,00,
7583688,00000779,false,Rx,1,8,21,41,6C,6C,57,68,65,65,
7591047,00000118,false,Rx,1,4,00,48,00,12,00,00,00,00,
7592305,00000779,false,Rx,1,8,22,6C,43,6F,6E,74,72,48,
7601370,00000118,false,Rx,1,4,00,49,00,12,00,00,00,00,
7603686,00000779,false,Rx,1,8,23,41,31,56,57,33,37,58,
7610952,00000118,false,Rx,1,4,00,4A,00,12,00,00,00,00,
7612205,00000779,false,Rx,1,8,24,00,AA,AA,AA,AA,AA,AA,
7621281,00000118,false,Rx,1,4,00,4B,00,12,00,00,00,00,
7630952,00000118,false,Rx,1,4,00,4C,00,12,00,00,00,00,
7641262,00000118,false,Rx,1,4,00,4D,00,12,00,00,00,00,
7650905,00000118,false,Rx,1,4,00,4E,00,12,00,00,00,00,
7661272,00000118,false,Rx,1,4,00,4F,00,12,00,00,00,00,
7670894,00000118,false,Rx,1,4,00,40,00,12,00,00,00,00,
7681264,00000118,false,Rx,1,4,00,41,00,12,00,00,00,00,
7690994,00000118,false,Rx,1,4,00,42,00,12,00,00,00,00,
7701385,00000118,false,Rx,1,4,00,43,00,12,00,00,00,00,
7710891,00000118,false,Rx,1,4,00,44,00,12,00,00,00,00,
7721225,00000118,false,Rx,1,4,00,45,00,12,00,00,00,00,
7730883,00000118,false,Rx,1,4,00,46,00,12,00,00,00,00,
7741218,00000118,false,Rx,1,4,00,47,00,12,00,00,00,00,
7750970,00000118,false,Rx,1,4,00,48,00,12,00,00,00,00,
7762477,00000118,false,Rx,1,4,00,49,00,12,00,00,00,00,
7771022,00000118,false,Rx,1,4,00,4A,00,12,00,00,00,00,
7773263,0000070F,false,Rx,0,8,03,22,F1,A2,55,55,55,55,
7781113,00000118,false,Rx,1,4,00,4B,00,12,00,00,00,00,
7791072,00000118,false,Rx,1,4,00,4C,00,12,00,00,00,00,
7801100,00000118,false,Rx,1,4,00,4D,00,12,00,00,00,00,
7803439,00000779,false,Rx,1,8,10,09,62,F1,A2,30,30,32,
7808686,0000070F,false,Rx,0,8,30,00,01,55,55,55,55,55,
7810963,00000118,false,Rx,1,4,00,4E,00,12,00,00,00,00,
7812219,00000779,false,Rx,1,8,21,30,31,35,AA,AA,AA,AA,
7821100,00000118,false,Rx,1,4,00,4F,00,12,00,00,00,00,
7830946,00000118,false,Rx,1,4,00,40,00,12,00,00,00,00,
7841081,00000118,false,Rx,1,4,00,41,00,12,00,00,00,00,
7850939,00000118,false,Rx,1,4,00,42,00,12,00,00,00,00,
7861053,00000118,false,Rx,1,4,00,43,00,12,00,00,00,00,
7867805,000007E0,false,Rx,0,8,02,09,02,00,00,00,00,00,
7870944,00000118,false,Rx,1,4,00,44,00,12,00,00,00,00,
7881063,00000118,false,Rx,1,4,00,45,00,12,00,00,00,00,
7891026,00000118,false,Rx,1,4,00,46,00,12,00,00,00,00,
7901049,00000118,false,Rx,1,4,00,47,00,12,00,00,00,00,
7910889,00000118,false,Rx,1,4,00,48,00,12,00,00,00,00,
7921041,00000118,false,Rx,1,4,00,49,00,12,00,00,00,00,
7930880,00000118,false,Rx,1,4,00,4A,00,12,00,00,00,00,
7941033,00000118,false,Rx,1,4,00,4B,00,12,00,00,00,00,
7950871,00000118,false,Rx,1,4,00,4C,00,12,00,00,00,00,
7961006,00000118,false,Rx,1,4,00,4D,00,12,00,00,00,00,
7970880,00000118,false,Rx,1,4,00,4E,00,12,00,00,00,00,
7980996,00000118,false,Rx,1,4,00,4F,00,12,00,00,00,00,
7981292,17F0000F,true,Rx,1,8,00,0F,00,00,00,00,00,00,
7990988,00000118,false,Rx,1,4,00,40,00,12,00,00,00,00,
8000989,00000118,false,Rx,1,4,00,41,00,12,00,00,00,00,
8010847,00000118,false,Rx,1,4,00,42,00,12,00,00,00,00,
8020997,00000118,false,Rx,1,4,00,43,00,12,00,00,00,00,
8030832,00000118,false,Rx,1,4,00,44,00,12,00,00,00,00,
8040985,00000118,false,Rx,1,4,00,45,00,12,00,00,00,00,
8050825,00000118,false,Rx,1,4,00,46,00,12,00,00,00,00,
8060961,00000118,false,Rx,1,4,00,47,00,12,00,00,00,00,
8070830,00000118,false,Rx,1,4,00,48,00,12,00,00,00,00,
8080952,00000118,false,Rx,1,4,00,49,00,12,00,00,00,00,
8090952,00000118,false,Rx,1,4,00,4A,00,12,00,00,00,00,
8100950,00000118,false,Rx,1,4,00,4B,00,12,00,00,00,00,
8110795,00000118,false,Rx,1,4,00,4C,00,12,00,00,00,00,
8120950,00000118,false,Rx,1,4,00,4D,00,12,00,00,00,00,
8130786,00000118,false,Rx,1,4,00,4E,00,12,00,00,00,00,
8140950,00000118,false,Rx,1,4,00,4F,00,12,00,00,00,00,
8150777,00000118,false,Rx,1,4,00,40,00,12,00,00,00,00,
8160914,00000118,false,Rx,1,4,00,41,00,12,00,00,00,00,
8170786,00000118,false,Rx,1,4,00,42,00,12,00,00,00,00,
8180902,00000118,false,Rx,1,4,00,43,00,12,00,00,00,00,
8190885,00000118,false,Rx,1,4,00,44,00,12,00,00,00,00,
8200893,00000118,false,Rx,1,4,00,45,00,12,00,00,00,00,
8210750,00000118,false,Rx,1,4,00,46,00,12,00,00,00,00,
8220900,00000118,false,Rx,1,4,00,47,00,12,00,00,00,00,
8230737,00000118,false,Rx,1,4,00,48,00,12,00,00,00,00,
8240892,00000118,false,Rx,1,4,00,49,00,12,00,00,00,00,
8250775,00000118,false,Rx,1,4,00,4A,00,12,00,00,00,00,
8266650,00000118,false,Rx,1,4,00,4B,00,12,00,00,00,00,
8270871,00000118,false,Rx,1,4,00,4C,00,12,00,00,00,00,
8281379,00000118,false,Rx,1,4,00,4D,00,12,00,00,00,00,
8291090,00000118,false,Rx,1,4,00,4E,00,12,00,00,00,00,
8300937,00000118,false,Rx,1,4,00,4F,00,12,00,00,00,00,
8310690,00000118,false,Rx,1,4,00,40,00,12,00,00,00,00,
8320876,00000118,false,Rx,1,4,00,41,00,12,00,00,00,00,
8330675,00000118,false,Rx,1,4,00,42,00,12,00,00,00,00,
8340848,00000118,false,Rx,1,4,00,43,00,12,00,00,00,00,
8350683,00000118,false,Rx,1,4,00,44,00,12,00,00,00,00,
8360836,00000118,false,Rx,1,4,00,45,00,12,00,00,00,00,
8369693,00000700,false,Rx,0,8,02,3E,80,55,55,55,55,55,
8370841,00000118,false,Rx,1,4,00,46,00,12,00,00,00,00,
8380864,00000118,false,Rx,1,4,00,47,00,12,00,00,00,00,
8390842,00000118,false,Rx,1,4,00,48,00,12,00,00,00,00,
8400887,00000118,false,Rx,1,4,00,49,00,12,00,00,00,00,
8410638,00000118,false,Rx,1,4,00,4A,00,12,00,00,00,00,
8420831,00000118,false,Rx,1,4,00,4B,00,12,00,00,00,00,
8423075,000007DF,false,Rx,0,8,02,09,02,00,00,00,00,00,
8430629,00000118,false,Rx,1,4,00,4C,00,12,00,00,00,00,
8440797,00000118,false,Rx,1,4,00,4D,00,12,00,00,00,00,
8450637,00000118,false,Rx,1,4,00,4E,00,12,00,00,00,00,
8460790,00000118,false,Rx,1,4,00,4F,00,12,00,00,00,00,
8470834,00000118,false,Rx,1,4,00,40,00,12,00,00,00,00,
8480798,00000118,false,Rx,1,4,00,41,00,12,00,00,00,00,
8481094,17F0000F,true,Rx,1,8,00,0F,00,00,00,00,00,00,
8490840,00000118,false,Rx,1,4,00,42,00,12,00,00,00,00,
8500842,00000118,false,Rx,1,4,00,43,00,12,00,00,00,00,
8510589,00000118,false,Rx,1,4,00,44,00,12,00,00,00,00,
8520780,00000118,false,Rx,1,4,00,45,00,12,00,00,00,00,
8530585,00000118,false,Rx,1,4,00,46,00,12,00,00,00,00,
8540751,00000118,false,Rx,1,4,00,47,00,12,00,00,00,00,
8550590,00000118,false,Rx,1,4,00,48,00,12,00,00,00,00,
8560740,00000118,false,Rx,1,4,00,49,00,12,00,00,00,00,
8570581,00000118,false,Rx,1,4,00,4A,00,12,00,00,00,00,
8580750,00000118,false,Rx,1,4,00,4B,00,12,00,00,00,00,
8590847,00000118,false,Rx,1,4,00,4C,00,12,00,00,00,00,
8600794,00000118,false,Rx,1,4,00,4D,00,12,00,00,00,00,
8610582,00000118,false,Rx,1,4,00,4E,00,12,00,00,00,00,
8620733,00000118,false,Rx,1,4,00,4F,00,12,00,00,00,00,
8630582,00000118,false,Rx,1,4,00,40,00,12,00,00,00,00,
8640706,00000118,false,Rx,1,4,00,41,00,12,00,00,00,00,
8650578,00000118,false,Rx,1,4,00,42,00,12,00,00,00,00,
8660697,00000118,false,Rx,1,4,00,43,00,12,00,00,00,00,
8670591,00000118,false,Rx,1,4,00,44,00,12,00,00,00,00,
8680703,00000118,false,Rx,1,4,00,45,00,12,00,00,00,00,
8690609,00000118,false,Rx,1,4,00,46,00,12,00,00,00,00,
8700748,00000118,false,Rx,1,4,00,47,00,12,00,00,00,00,
8710597,00000118,false,Rx,1,4,00,48,00,12,00,00,00,00,
8720684,00000118,false,Rx,1,4,00,49,00,12,00,00,00,00,
8730586,00000118,false,Rx,1,4,00,4A,00,12,00,00,00,00,
8740659,00000118,false,Rx,1,4,00,4B,00,12,00,00,00,00,
8751161,00000118,false,Rx,1,4,00,4C,00,12,00,00,00,00,
8765711,00000118,false,Rx,1,4,00,4D,00,12,00,00,00,00,
8770646,00000118,false,Rx,1,4,00,4E,00,12,00,00,00,00,
8780693,00000118,false,Rx,1,4,00,4F,00,12,00,00,00,00,
8790601,00000118,false,Rx,1,4,00,40,00,12,00,00,00,00,
8800702,00000118,false,Rx,1,4,00,41,00,12,00,00,00,00,
8810577,00000118,false,Rx,1,4,00,42,00,12,00,00,00,00,
8820667,00000118,false,Rx,1,4,00,43,00,12,00,00,00,00,
8830586,00000118,false,Rx,1,4,00,44,00,12,00,00,00,00,
8840630,00000118,false,Rx,1,4,00,45,00,12,00,00,00,00,
8850584,00000118,false,Rx,1,4,00,46,00,12,00,00,00,00,
8860618,00000118,false,Rx,1,4,00,47,00,12,00,00,00,00,
8870597,00000118,false,Rx,1,4,00,48,00,12,00,00,00,00,
8880628,00000118,false,Rx,1,4,00,49,00,12,00,00,00,00,
8890592,00000118,false,Rx,1,4,00,4A,00,12,00,00,00,00,
8900672,00000118,false,Rx,1,4,00,4B,00,12,00,00,00,00,
8910591,00000118,false,Rx,1,4,00,4C,00,12,00,00,00,00,
8920608,00000118,false,Rx,1,4,00,4D,00,12,00,00,00,00,
8930597,00000118,false,Rx,1,4,00,4E,00,12,00,00,00,00,
8940583,00000118,false,Rx,1,4,00,4F,00,12,00,00,00,00,
8950591,00000118,false,Rx,1,4,00,40,00,12,00,00,00,00,
8960573,00000118,false,Rx,1,4,00,41,00,12,00,00,00,00,
8970584,00000118,false,Rx,1,4,00,42,00,12,00,00,00,00,
8975100,0000070F,false,Rx,0,8,03,22,F1,90,55,55,55,55,
8980605,00000118,false,Rx,1,4,00,43,00,12,00,00,00,00,
8980901,17F0000F,true,Rx,1,8,00,0F,00,00,00,00,00,00,
8990598,00000118,false,Rx,1,4,00,44,00,12,00,00,00,00,
8991663,00000779,false,Rx,1,8,03,7F,22,31,AA,AA,AA,AA,
9000635,00000118,false,Rx,1,4,00,45,00,12,00,00,00,00,
9010341,00000118,false,Rx,1,4,00,46,00,12,00,00,00,00,
9020560,00000118,false,Rx,1,4,00,47,00,12,00,00,00,00,
9030341,00000118,false,Rx,1,4,00,48,00,12,00,00,00,00,
9040533,00000118,false,Rx,1,4,00,49,00,12,00,00,00,00,
9050338,00000118,false,Rx,1,4,00,4A,00,12,00,00,00,00,
9060524,00000118,false,Rx,1,4,00,4B,00,12,00,00,00,00,
9070332,00000118,false,Rx,1,4,00,4C,00,12,00,00,00,00,
9080533,00000118,false,Rx,1,4,00,4D,00,12,00,00,00,00,
9090586,00000118,false,Rx,1,4,00,4E,00,12,00,00,00,00,
9100580,00000118,false,Rx,1,4,00,4F,00,12,00,00,00,00,
9110333,00000118,false,Rx,1,4,00,40,00,12,00,00,00,00,
9120517,00000118,false,Rx,1,4,00,41,00,12,00,00,00,00,
9130338,00000118,false,Rx,1,4,00,42,00,12,00,00,00,00,
9140488,00000118,false,Rx,1,4,00,43,00,12,00,00,00,00,
9150329,00000118,false,Rx,1,4,00,44,00,12,00,00,00,00,
9152733,0000070F,false,Rx,0,8,03,22,F1,87,55,55,55,55,
9160500,00000118,false,Rx,1,4,00,45,00,12,00,00,00,00,
9170336,00000118,false,Rx,1,4,00,46,00,12,00,00,00,00,
9180487,00000118,false,Rx,1,4,00,47,00,12,00,00,00,00,
9182701,00000779,false,Rx,1,8,10,0E,62,F1,87,30,43,51,
9188157,0000070F,false,Rx,0,8,30,00,01,55,55,55,55,55,
9190325,00000118,false,Rx,1,4,00,48,00,12,00,00,00,00,
9200565,00000118,false,Rx,1,4,00,49,00,12,00,00,00,00,
9202780,00000779,false,Rx,1,8,21,39,30,37,35,35,34,43,
9210334,00000118,false,Rx,1,4,00,4A,00,12,00,00,00,00,
9211506,00000779,false,Rx,1,8,22,20,AA,AA,AA,AA,AA,AA,
9220477,00000118,false,Rx,1,4,00,4B,00,12,00,00,00,00,
9230342,00000118,false,Rx,1,4,00,4C,00,12,00,00,00,00,
9240462,00000118,false,Rx,1,4,00,4D,00,12,00,00,00,00,
9250388,00000118,false,Rx,1,4,00,4E,00,12,00,00,00,00,
9266398,00000118,false,Rx,1,4,00,4F,00,12,00,00,00,00,
9270385,00000118,false,Rx,1,4,00,40,00,12,00,00,00,00,
9280480,00000118,false,Rx,1,4,00,41,00,12,00,00,00,00,
9290604,00000118,false,Rx,1,4,00,42,00,12,00,00,00,00,
9300487,00000118,false,Rx,1,4,00,43,00,12,00,00,00,00,
9310335,00000118,false,Rx,1,4,00,44,00,12,00,00,00,00,
9320436,00000118,false,Rx,1,4,00,45,00,12,00,00,00,00,
9330337,00000118,false,Rx,1,4,00,46,00,12,00,00,00,00,
9340420,00000118,false,Rx,1,4,00,47,00,12,00,00,00,00,
9350344,00000118,false,Rx,1,4,00,48,00,12,00,00,00,00,
9360400,00000118,false,Rx,1,4,00,49,00,12,00,00,00,00,
9370337,00000118,false,Rx,1,4,00,4A,00,12,00,00,00,00,
9373051,0000070F,false,Rx,0,8,03,22,F1,89,55,55,55,55,
9380432,00000118,false,Rx,1,4,00,4B,00,12,00,00,00,00,
9390348,00000118,false,Rx,1,4,00,4C,00,12,00,00,00,00,
9400454,00000118,false,Rx,1,4,00,4D,00,12,00,00,00,00,
9402671,00000779,false,Rx,1,8,07,62,F1,89,37,37,35,34,
9410334,00000118,false,Rx,1,4,00,4E,00,12,00,00,00,00,
9420393,00000118,false,Rx,1,4,00,4F,00,12,00,00,00,00,
9430329,00000118,false,Rx,1,4,00,40,00,12,00,00,00,00,
9440376,00000118,false,Rx,1,4,00,41,00,12,00,00,00,00,
9450333,00000118,false,Rx,1,4,00,42,00,12,00,00,00,00,
9460355,00000118,false,Rx,1,4,00,43,00,12,00,00,00,00,
9470329,00000118,false,Rx,1,4,00,44,00,12,00,00,00,00,
9480361,00000118,false,Rx,1,4,00,45,00,12,00,00,00,00,
9480658,17F0000F,true,Rx,1,8,00,0F,00,00,00,00,00,00,
9490364,00000118,false,Rx,1,4,00,46,00,12,00,00,00,00,
9500408,00000118,false,Rx,1,4,00,47,00,12,00,00,00,00,
9510095,00000118,false,Rx,1,4,00,48,00,12,00,00,00,00,
9520342,00000118,false,Rx,1,4,00,49,00,12,00,00,00,00,
9530091,00000118,false,Rx,1,4,00,4A,00,12,00,00,00,00,
9540316,00000118,false,Rx,1,4,00,4B,00,12,00,00,00,00,
9550097,00000118,false,Rx,1,4,00,4C,00,12,00,00,00,00,
9560306,00000118,false,Rx,1,4,00,4D,00,12,00,00,00,00,
9563664,0000070F,false,Rx,0,8,03,22,F1,91,55,55,55,55,
9570092,00000118,false,Rx,1,4,00,4E,00,12,00,00,00,00,
9580317,00000118,false,Rx,1,4,00,4F,00,12,00,00,00,00,
9590105,00000118,false,Rx,1,4,00,40,00,12,00,00,00,00,
9591554,00000779,false,Rx,1,8,10,0E,62,F1,91,30,43,51,
9596811,0000070F,false,Rx,0,8,30,00,01,55,55,55,55,55,
9600388,00000118,false,Rx,1,4,00,41,00,12,00,00,00,00,
9602601,00000779,false,Rx,1,8,21,35,32,35,31,33,30,20,
9610088,00000118,false,Rx,1,4,00,42,00,12,00,00,00,00,
9611302,00000779,false,Rx,1,8,22,20,AA,AA,AA,AA,AA,AA,
9620307,00000118,false,Rx,1,4,00,43,00,12,00,00,00,00,
9630089,00000118,false,Rx,1,4,00,44,00,12,00,00,00,00,
9640270,00000118,false,Rx,1,4,00,45,00,12,00,00,00,00,
9650101,00000118,false,Rx,1,4,00,46,00,12,00,00,00,00,
9660260,00000118,false,Rx,1,4,00,47,00,12,00,00,00,00,
9670094,00000118,false,Rx,1,4,00,48,00,12,00,00,00,00,
9680269,00000118,false,Rx,1,4,00,49,00,12,00,00,00,00,
9690102,00000118,false,Rx,1,4,00,4A,00,12,00,00,00,00,
9700313,00000118,false,Rx,1,4,00,4B,00,12,00,00,00,00,
9710085,00000118,false,Rx,1,4,00,4C,00,12,00,00,00,00,
9720268,00000118,false,Rx,1,4,00,4D,00,12,00,00,00,00,
9730090,00000118,false,Rx,1,4,00,4E,00,12,00,00,00,00,
9740245,00000118,false,Rx,1,4,00,4F,00,12,00,00,00,00,
9750982,00000118,false,Rx,1,4,00,40,00,12,00,00,00,00,
9760257,00000118,false,Rx,1,4,00,41,00,12,00,00,00,00,
9770065,00000118,false,Rx,1,4,00,42,00,12,00,00,00,00,
9772339,0000070F,false,Rx,0,8,03,22,F1,A3,55,55,55,55,
9780318,00000118,false,Rx,1,4,00,43,00,12,00,00,00,00,
9790095,00000118,false,Rx,1,4,00,44,00,12,00,00,00,00,
9800373,00000118,false,Rx,1,4,00,45,00,12,00,00,00,00,
9802586,00000779,false,Rx,1,8,06,62,F1,A3,48,35,32,AA,
9809882,00000118,false,Rx,1,4,00,46,00,12,00,00,00,00,
9820240,00000118,false,Rx,1,4,00,47,00,12,00,00,00,00,
9829978,00000118,false,Rx,1,4,00,48,00,12,00,00,00,00,
9840231,00000118,false,Rx,1,4,00,49,00,12,00,00,00,00,
9849883,00000118,false,Rx,1,4,00,4A,00,12,00,00,00,00,
9860220,00000118,false,Rx,1,4,00,4B,00,12,00,00,00,00,
9869852,00000118,false,Rx,1,4,00,4C,00,12,00,00,00,00,
9880230,00000118,false,Rx,1,4,00,4D,00,12,00,00,00,00,
9889907,00000118,false,Rx,1,4,00,4E,00,12,00,00,00,00,
9900729,00000118,false,Rx,1,4,00,4F,00,12,00,00,00,00,
9910243,00000118,false,Rx,1,4,00,40,00,12,00,00,00,00,
9920595,00000118,false,Rx,1,4,00,41,00,12,00,00,00,00,
9930284,00000118,false,Rx,1,4,00,42,00,12,00,00,00,00,
9940584,00000118,false,Rx,1,4,00,43,00,12,00,00,00,00,
9950247,00000118,false,Rx,1,4,00,44,00,12,00,00,00,00,
9960573,00000118,false,Rx,1,4,00,45,00,12,00,00,00,00,
9962906,0000070F,false,Rx,0,8,03,22,F1,A5,55,55,55,55,
9970238,00000118,false,Rx,1,4,00,46,00,12,00,00,00,00,
9980582,00000118,false,Rx,1,4,00,47,00,12,00,00,00,00,
9980879,17F0000F,true,Rx,1,8,00,0F,00,00,00,00,00,00,
9990370,00000118,false,Rx,1,4,00,48,00,12,00,00,00,00,
9991571,00000779,false,Rx,1,8,10,09,62,F1,A5,00,00,AE,
9996388,0000070F,false,Rx,0,8,30,00,01,55,55,55,55,55,
10000706,00000118,false,Rx,1,4,00,49,00,12,00,00,00,00,
10002936,00000779,false,Rx,1,8,21,2C,18,AA,AA,AA,AA,AA,
10010206,00000118,false,Rx,1,4,00,4A,00,12,00,00,00,00,
10020545,00000118,false,Rx,1,4,00,4B,00,12,00,00,00,00,
10030204,00000118,false,Rx,1,4,00,4C,00,12,00,00,00,00,
10040535,00000118,false,Rx,1,4,00,4D,00,12,00,00,00,00,
10050199,00000118,false,Rx,1,4,00,4E,00,12,00,00,00,00,
10060529,00000118,false,Rx,1,4,00,4F,00,12,00,00,00,00,
10070167,00000118,false,Rx,1,4,00,40,00,12,00,00,00,00,
10080536,00000118,false,Rx,1,4,00,41,00,12,00,00,00,00,
10090368,00000118,false,Rx,1,4,00,42,00,12,00,00,00,00,
10100635,00000118,false,Rx,1,4,00,43,00,12,00,00,00,00,
10110148,00000118,false,Rx,1,4,00,44,00,12,00,00,00,00,
10114386,0000070F,false,Rx,0,8,03,22,F1,DF,55,55,55,55,
10120521,00000118,false,Rx,1,4,00,45,00,12,00,00,00,00,
10130159,00000118,false,Rx,1,4,00,46,00,12,00,00,00,00,
10140489,00000118,false,Rx,1,4,00,47,00,12,00,00,00,00,
10142705,00000779,false,Rx,1,8,04,62,F1,DF,40,AA,AA,AA,
10150155,00000118,false,Rx,1,4,00,48,00,12,00,00,00,00,
10160480,00000118,false,Rx,1,4,00,49,00,12,00,00,00,00,
10170121,00000118,false,Rx,1,4,00,4A,00,12,00,00,00,00,
10180487,00000118,false,Rx,1,4,00,4B,00,12,00,00,00,00,
10190113,00000118,false,Rx,1,4,00,4C,00,12,00,00,00,00,
10200587,00000118,false,Rx,1,4,00,4D,00,12,00,00,00,00,
10210102,00000118,false,Rx,1,4,00,4E,00,12,00,00,00,00,
10220454,00000118,false,Rx,1,4,00,4F,00,12,00,00,00,00,
10230112,00000118,false,Rx,1,4,00,40,00,12,00,00,00,00,
10240444,00000118,false,Rx,1,4,00,41,00,12,00,00,00,00,
10250470,00000118,false,Rx,1,4,00,42,00,12,00,00,00,00,
10260507,00000118,false,Rx,1,4,00,43,00,12,00,00,00,00,
10270201,00000118,false,Rx,1,4,00,44,00,12,00,00,00,00,
10280461,00000118,false,Rx,1,4,00,45,00,12,00,00,00,00,
10290379,00000118,false,Rx,1,4,00,46,00,12,00,00,00,00,
10300539,00000118,false,Rx,1,4,00,47,00,12,00,00,00,00,
10304390,0000070F,false,Rx,0,8,03,22,F1,A0,55,55,55,55,
10310076,00000118,false,Rx,1,4,00,48,00,12,00,00,00,00,
10320404,00000118,false,Rx,1,4,00,49,00,12,00,00,00,00,
10322618,00000779,false,Rx,1,8,10,0E,62,F1,A0,76,31,32,
10328044,0000070F,false,Rx,0,8,30,00,01,55,55,55,55,55,
10330103,00000118,false,Rx,1,4,00,4A,00,12,00,00,00,00,
10340413,00000118,false,Rx,1,4,00,4B,00,12,00,00,00,00,
10342635,00000779,false,Rx,1,8,21,36,30,78,30,31,35,47,
10350064,00000118,false,Rx,1,4,00,4C,00,12,00,00,00,00,
10351436,00000779,false,Rx,1,8,22,30,AA,AA,AA,AA,AA,AA,
10360402,00000118,false,Rx,1,4,00,4D,00,12,00,00,00,00,
10370028,00000118,false,Rx,1,4,00,4E,00,12,00,00,00,00,
10380398,00000118,false,Rx,1,4,00,4F,00,12,00,00,00,00,
10390115,00000118,false,Rx,1,4,00,40,00,12,00,00,00,00,
10400494,00000118,false,Rx,1,4,00,41,00,12,00,00,00,00,
10410010,00000118,false,Rx,1,4,00,42,00,12,00,00,00,00,
10420360,00000118,false,Rx,1,4,00,43,00,12,00,00,00,00,
10430015,00000118,false,Rx,1,4,00,44,00,12,00,00,00,00,
10440348,00000118,false,Rx,1,4,00,45,00,12,00,00,00,00,
10450008,00000118,false,Rx,1,4,00,46,00,12,00,00,00,00,
10460353,00000118,false,Rx,1,4,00,47,00,12,00,00,00,00,
10469978,00000118,false,Rx,1,4,00,48,00,12,00,00,00,00,
10480347,00000118,false,Rx,1,4,00,49,00,12,00,00,00,00,
10480642,17F0000F,true,Rx,1,8,00,0F,00,00,00,00,00,00,
10490125,00000118,false,Rx,1,4,00,4A,00,12,00,00,00,00,
10500444,00000118,false,Rx,1,4,00,4B,00,12,00,00,00,00,
10509962,00000118,false,Rx,1,4,00,4C,00,12,00,00,00,00,
10512556,0000070F,false,Rx,0,8,03,22,F1,A1,55,55,55,55,
10520332,00000118,false,Rx,1,4,00,4D,00,12,00,00,00,00,
10529970,00000118,false,Rx,1,4,00,4E,00,12,00,00,00,00,
10531442,00000779,false,Rx,1,8,07,62,F1,A1,30,30,30,30,
10540313,00000118,false,Rx,1,4,00,4F,00,12,00,00,00,00,
10549962,00000118,false,Rx,1,4,00,40,00,12,00,00,00,00,
10560294,00000118,false,Rx,1,4,00,41,00,12,00,00,00,00,
10569953,00000118,false,Rx,1,4,00,42,00,12,00,00,00,00,
10580304,00000118,false,Rx,1,4,00,43,00,12,00,00,00,00,
10590089,00000118,false,Rx,1,4,00,44,00,12,00,00,00,00,
10600401,00000118,false,Rx,1,4,00,45,00,12,00,00,00,00,
10609933,00000118,false,Rx,1,4,00,46,00,12,00,00,00,00,
10620264,00000118,false,Rx,1,4,00,47,00,12,00,00,00,00,
10629940,00000118,false,Rx,1,4,00,48,00,12,00,00,00,00,
10640254,00000118,false,Rx,1,4,00,49,00,12,00,00,00,00,
10649913,00000118,false,Rx,1,4,00,4A,00,12,00,00,00,00,
10660246,00000118,false,Rx,1,4,00,4B,00,12,00,00,00,00,
10669867,00000118,false,Rx,1,4,00,4C,00,12,00,00,00,00,
10680255,00000118,false,Rx,1,4,00,4D,00,12,00,00,00,00,
10689859,00000118,false,Rx,1,4,00,4E,00,12,00,00,00,00,
10700753,00000118,false,Rx,1,4,00,4F,00,12,00,00,00,00,
10710268,00000118,false,Rx,1,4,00,40,00,12,00,00,00,00,
10720619,00000118,false,Rx,1,4,00,41,00,12,00,00,00,00,
10721115,0000070F,false,Rx,0,8,03,22,F1,97,55,55,55,55,
10730298,00000118,false,Rx,1,4,00,42,00,12,00,00,00,00,
10740610,00000118,false,Rx,1,4,00,43,00,12,00,00,00,00,
10742822,00000779,false,Rx,1,8,10,10,62,F1,97,48,61,6C,
10748550,0000070F,false,Rx,0,8,30,00,01,55,55,55,55,55,
10750288,00000118,false,Rx,1,4,00,44,00,12,00,00,00,00,
10764011,00000118,false,Rx,1,4,00,45,00,12,00,00,00,00,
10764031,00000779,false,Rx,1,8,21,64,65,78,34,4D,6F,74,
10770691,00000118,false,Rx,1,4,00,46,00,12,00,00,00,00,
10771734,00000779,false,Rx,1,8,22,69,6F,6E,AA,AA,AA,AA,
10780520,00000118,false,Rx,1,4,00,47,00,12,00,00,00,00,
10790446,00000118,false,Rx,1,4,00,48,00,12,00,00,00,00,
10800489,00000118,false,Rx,1,4,00,49,00,12,00,00,00,00,
10810328,00000118,false,Rx,1,4,00,4A,00,12,00,00,00,00,
10820461,00000118,false,Rx,1,4,00,4B,00,12,00,00,00,00,
10830337,00000118,false,Rx,1,4,00,4C,00,12,00,00,00,00,
10840452,00000118,false,Rx,1,4,00,4D,00,12,00,00,00,00,
10850328,00000118,false,Rx,1,4,00,4E,00,12,00,00,00,00,
10860444,00000118,false,Rx,1,4,00,4F,00,12,00,00,00,00,
10870325,00000118,false,Rx,1,4,00,40,00,12,00,00,00,00,
10880456,00000118,false,Rx,1,4,00,41,00,12,00,00,00,00,
10890404,00000118,false,Rx,1,4,00,42,00,12,00,00,00,00,
10900444,00000118,false,Rx,1,4,00,43,00,12,00,00,00,00,
10910280,00000118,false,Rx,1,4,00,44,00,12,00,00,00,00,
10920415,00000118,false,Rx,1,4,00,45,00,12,00,00,00,00,
10930290,00000118,false,Rx,1,4,00,46,00,12,00,00,00,00,
10940405,00000118,false,Rx,1,4,00,47,00,12,00,00,00,00,
10950297,00000118,false,Rx,1,4,00,48,00,12,00,00,00,00,
10960415,00000118,false,Rx,1,4,00,49,00,12,00,00,00,00,
10970264,00000118,false,Rx,1,4,00,4A,00,12,00,00,00,00,
10980408,00000118,false,Rx,1,4,00,4B,00,12,00,00,00,00,
10980702,17F0000F,true,Rx,1,8,00,0F,00,00,00,00,00,00,
10981253,0000070F,false,Rx,0,8,03,22,06,01,55,55,55,55,
10990381,00000118,false,Rx,1,4,00,4C,00,12,00,00,00,00,
11000395,00000118,false,Rx,1,4,00,4D,00,12,00,00,00,00,
11002610,00000779,false,Rx,1,8,03,7F,22,31,AA,AA,AA,AA,
11010244,00000118,false,Rx,1,4,00,4E,00,12,00,00,00,00,
11020370,00000118,false,Rx,1,4,00,4F,00,12,00,00,00,00,
11030243,00000118,false,Rx,1,4,00,40,00,12,00,00,00,00,
11040359,00000118,false,Rx,1,4,00,41,00,12,00,00,00,00,
11050233,00000118,false,Rx,1,4,00,42,00,12,00,00,00,00,
11060352,00000118,false,Rx,1,4,00,43,00,12,00,00,00,00,
11070204,00000118,false,Rx,1,4,00,44,00,12,00,00,00,00,
11080363,00000118,false,Rx,1,4,00,45,00,12,00,00,00,00,
11090305,00000118,false,Rx,1,4,00,46,00,12,00,00,00,00,
11100347,00000118,false,Rx,1,4,00,47,00,12,00,00,00,00,
11108488,0000070F,false,Rx,0,8,03,22,06,00,55,55,55,55,
11110208,00000118,false,Rx,1,4,00,48,00,12,00,00,00,00,
11120321,00000118,false,Rx,1,4,00,49,00,12,00,00,00,00,
11122543,00000779,false,Rx,1,8,05,62,06,00,06,01,AA,AA,
11130206,00000118,false,Rx,1,4,00,4A,00,12,00,00,00,00,
11140311,00000118,false,Rx,1,4,00,4B,00,12,00,00,00,00,
11150187,00000118,false,Rx,1,4,00,4C,00,12,00,00,00,00,
11160302,00000118,false,Rx,1,4,00,4D,00,12,00,00,00,00,
11170160,00000118,false,Rx,1,4,00,4E,00,12,00,00,00,00,
11180317,00000118,false,Rx,1,4,00,4F,00,12,00,00,00,00,
11190257,00000118,false,Rx,1,4,00,40,00,12,00,00,00,00,
11200303,00000118,false,Rx,1,4,00,41,00,12,00,00,00,00,
11210141,00000118,false,Rx,1,4,00,42,00,12,00,00,00,00,
11220276,00000118,false,Rx,1,4,00,43,00,12,00,00,00,00,
11230147,00000118,false,Rx,1,4,00,44,00,12,00,00,00,00,
11240268,00000118,false,Rx,1,4,00,45,00,12,00,00,00,00,
11250186,00000118,false,Rx,1,4,00,46,00,12,00,00,00,00,
11266963,00000118,false,Rx,1,4,00,47,00,12,00,00,00,00,
11270162,00000118,false,Rx,1,4,00,48,00,12,00,00,00,00,
11280394,00000118,false,Rx,1,4,00,49,00,12,00,00,00,00,
11290337,00000118,false,Rx,1,4,00,4A,00,12,00,00,00,00,
11300414,00000118,false,Rx,1,4,00,4B,00,12,00,00,00,00,
11310090,00000118,false,Rx,1,4,00,4C,00,12,00,00,00,00,
11320280,00000118,false,Rx,1,4,00,4D,00,12,00,00,00,00,
11330087,00000118,false,Rx,1,4,00,4E,00,12,00,00,00,00,
11340272,00000118,false,Rx,1,4,00,4F,00,12,00,00,00,00,
11350098,00000118,false,Rx,1,4,00,40,00,12,00,00,00,00,
11360263,00000118,false,Rx,1,4,00,41,00,12,00,00,00,00,
11370087,00000118,false,Rx,1,4,00,42,00,12,00,00,00,00,
11380272,00000118,false,Rx,1,4,00,43,00,12,00,00,00,00,
11390104,00000118,false,Rx,1,4,00,44,00,12,00,00,00,00,
11400386,00000118,false,Rx,1,4,00,45,00,12,00,00,00,00,
11410584,00000118,false,Rx,1,4,00,46,00,12,00,00,00,00,
11420617,00000118,false,Rx,1,4,00,47,00,12,00,00,00,00,
11430581,00000118,false,Rx,1,4,00,48,00,12,00,00,00,00,
11440606,00000118,false,Rx,1,4,00,49,00,12,00,00,00,00,
11450589,00000118,false,Rx,1,4,00,4A,00,12,00,00,00,00,
11460597,00000118,false,Rx,1,4,00,4B,00,12,00,00,00,00,
11470584,00000118,false,Rx,1,4,00,4C,00,12,00,00,00,00,
11481005,00000118,false,Rx,1,4,00,4D,00,12,00,00,00,00,
11481302,17F0000F,true,Rx,1,8,00,0F,00,00,00,00,00,00,
11490859,00000118,false,Rx,1,4,00,4E,00,12,00,00,00,00,
11501069,00000118,false,Rx,1,4,00,4F,00,12,00,00,00,00,
11510798,00000118,false,Rx,1,4,00,40,00,12,00,00,00,00,
11520950,00000118,false,Rx,1,4,00,41,00,12,00,00,00,00,
11530808,00000118,false,Rx,1,4,00,42,00,12,00,00,00,00,
11540944,00000118,false,Rx,1,4,00,43,00,12,00,00,00,00,
11550797,00000118,false,Rx,1,4,00,44,00,12,00,00,00,00,
11560913,00000118,false,Rx,1,4,00,45,00,12,00,00,00,00,
11570772,00000118,false,Rx,1,4,00,46,00,12,00,00,00,00,
11580941,00000118,false,Rx,1,4,00,47,00,12,00,00,00,00,
11590828,00000118,false,Rx,1,4,00,48,00,12,00,00,00,00,
11601020,00000118,false,Rx,1,4,00,49,00,12,00,00,00,00,
11607966,00000700,false,Rx,0,8,02,3E,80,55,55,55,55,55,
11610773,00000118,false,Rx,1,4,00,4A,00,12,00,00,00,00,
11620885,00000118,false,Rx,1,4,00,4B,00,12,00,00,00,00,
11630763,00000118,false,Rx,1,4,00,4C,00,12,00,00,00,00,
11640876,00000118,false,Rx,1,4,00,4D,00,12,00,00,00,00,
11650751,00000118,false,Rx,1,4,00,4E,00,12,00,00,00,00,
11660869,00000118,false,Rx,1,4,00,4F,00,12,00,00,00,00,
11670706,00000118,false,Rx,1,4,00,40,00,12,00,00,00,00,
11680895,00000118,false,Rx,1,4,00,41,00,12,00,00,00,00,
11690828,00000118,false,Rx,1,4,00,42,00,12,00,00,00,00,
11700994,00000118,false,Rx,1,4,00,43,00,12,00,00,00,00,
11710686,00000118,false,Rx,1,4,00,44,00,12,00,00,00,00,
11720857,00000118,false,Rx,1,4,00,45,00,12,00,00,00,00,
11730696,00000118,false,Rx,1,4,00,46,00,12,00,00,00,00,
11740852,00000118,false,Rx,1,4,00,47,00,12,00,00,00,00,
11750622,00000118,false,Rx,1,4,00,48,00,12,00,00,00,00,
11762260,00000118,false,Rx,1,4,00,49,00,12,00,00,00,00,
11770819,00000118,false,Rx,1,4,00,4A,00,12,00,00,00,00,
11780837,00000118,false,Rx,1,4,00,4B,00,12,00,00,00,00,
11790792,00000118,false,Rx,1,4,00,4C,00,12,00,00,00,00,
11800821,00000118,false,Rx,1,4,00,4D,00,12,00,00,00,00,
11810657,00000118,false,Rx,1,4,00,4E,00,12,00,00,00,00,
11820793,00000118,false,Rx,1,4,00,4F,00,12,00,00,00,00,
11830671,00000118,false,Rx,1,4,00,40,00,12,00,00,00,00,
11840784,00000118,false,Rx,1,4,00,41,00,12,00,00,00,00,
11850657,00000118,false,Rx,1,4,00,42,00,12,00,00,00,00,
11860774,00000118,false,Rx,1,4,00,43,00,12,00,00,00,00,
11870628,00000118,false,Rx,1,4,00,44,00,12,00,00,00,00,
11880783,00000118,false,Rx,1,4,00,45,00,12,00,00,00,00,
11890745,00000118,false,Rx,1,4,00,46,00,12,00,00,00,00,
11900782,00000118,false,Rx,1,4,00,47,00,12,00,00,00,00,
11910611,00000118,false,Rx,1,4,00,48,00,12,00,00,00,00,
11920744,00000118,false,Rx,1,4,00,49,00,12,00,00,00,00,
11930620,00000118,false,Rx,1,4,00,4A,00,12,00,00,00,00,
11940736,00000118,false,Rx,1,4,00,4B,00,12,00,00,00,00,
11950611,00000118,false,Rx,1,4,00,4C,00,12,00,00,00,00,
11960725,00000118,false,Rx,1,4,00,4D,00,12,00,00,00,00,
11970583,00000118,false,Rx,1,4,00,4E,00,12,00,00,00,00,
11980737,00000118,false,Rx,1,4,00,4F,00,12,00,00,00,00,
11981034,17F0000F,true,Rx,1,8,00,0F,00,00,00,00,00,00,
11990690,00000118,false,Rx,1,4,00,40,00,12,00,00,00,00,
12000730,00000118,false,Rx,1,4,00,41,00,12,00,00,00,00,
12010565,00000118,false,Rx,1,4,00,42,00,12,00,00,00,00,
12020700,00000118,false,Rx,1,4,00,43,00,12,00,00,00,00,
12030570,00000118,false,Rx,1,4,00,44,00,12,00,00,00,00,
12040688,00000118,false,Rx,1,4,00,45,00,12,00,00,00,00,
12050563,00000118,false,Rx,1,4,00,46,00,12,00,00,00,00,
12060679,00000118,false,Rx,1,4,00,47,00,12,00,00,00,00,
12070535,00000118,false,Rx,1,4,00,48,00,12,00,00,00,00,
12080688,00000118,false,Rx,1,4,00,49,00,12,00,00,00,00,
12081345,00000700,false,Rx,0,8,02,3E,80,55,55,55,55,55,
12090656,00000118,false,Rx,1,4,00,4A,00,12,00,00,00,00,
12100679,00000118,false,Rx,1,4,00,4B,00,12,00,00,00,00,
12110518,00000118,false,Rx,1,4,00,4C,00,12,00,00,00,00,
12120652,00000118,false,Rx,1,4,00,4D,00,12,00,00,00,00,
12130526,00000118,false,Rx,1,4,00,4E,00,12,00,00,00,00,
12140644,00000118,false,Rx,1,4,00,4F,00,12,00,00,00,00,
12150517,00000118,false,Rx,1,4,00,40,00,12,00,00,00,00,
12160635,00000118,false,Rx,1,4,00,41,00,12,00,00,00,00,
12170489,00000118,false,Rx,1,4,00,42,00,12,00,00,00,00,
12180642,00000118,false,Rx,1,4,00,43,00,12,00,00,00,00,
12190587,00000118,false,Rx,1,4,00,44,00,12,00,00,00,00,
12200634,00000118,false,Rx,1,4,00,45,00,12,00,00,00,00,
12209721,0000070F,false,Rx,0,8,03,22,06,07,55,55,55,55,
12210492,00000118,false,Rx,1,4,00,46,00,12,00,00,00,00,
12220605,00000118,false,Rx,1,4,00,47,00,12,00,00,00,00,
12222950,00000779,false,Rx,1,8,03,7F,22,31,AA,AA,AA,AA,
12230487,00000118,false,Rx,1,4,00,48,00,12,00,00,00,00,
12240596,00000118,false,Rx,1,4,00,49,00,12,00,00,00,00,
12250535,00000118,false,Rx,1,4,00,4A,00,12,00,00,00,00,
12263196,00000118,false,Rx,1,4,00,4B,00,12,00,00,00,00,
12270464,00000118,false,Rx,1,4,00,4C,00,12,00,00,00,00,
12280614,00000118,false,Rx,1,4,00,4D,00,12,00,00,00,00,
12290665,00000118,false,Rx,1,4,00,4E,00,12,00,00,00,00,
12300587,00000118,false,Rx,1,4,00,4F,00,12,00,00,00,00,
12310427,00000118,false,Rx,1,4,00,40,00,12,00,00,00,00,
12320559,00000118,false,Rx,1,4,00,41,00,12,00,00,00,00,
12330432,00000118,false,Rx,1,4,00,42,00,12,00,00,00,00,
12340552,00000118,false,Rx,1,4,00,43,00,12,00,00,00,00,
12350420,00000118,false,Rx,1,4,00,44,00,12,00,00,00,00,
12360538,00000118,false,Rx,1,4,00,45,00,12,00,00,00,00,
12370396,00000118,false,Rx,1,4,00,46,00,12,00,00,00,00,
12380550,00000118,false,Rx,1,4,00,47,00,12,00,00,00,00,
12390493,00000118,false,Rx,1,4,00,48,00,12,00,00,00,00,
12400547,00000118,false,Rx,1,4,00,49,00,12,00,00,00,00,
12410384,00000118,false,Rx,1,4,00,4A,00,12,00,00,00,00,
12420509,00000118,false,Rx,1,4,00,4B,00,12,00,00,00,00,
12430385,00000118,false,Rx,1,4,00,4C,00,12,00,00,00,00,
12439310,0000070F,false,Rx,0,8,03,22,06,06,55,55,55,55,
12440523,00000118,false,Rx,1,4,00,4D,00,12,00,00,00,00,
12450384,00000118,false,Rx,1,4,00,4E,00,12,00,00,00,00,
12451630,00000779,false,Rx,1,8,03,7F,22,31,AA,AA,AA,AA,
12460501,00000118,false,Rx,1,4,00,4F,00,12,00,00,00,00,
12470747,00000118,false,Rx,1,4,00,40,00,12,00,00,00,00,
12480902,00000118,false,Rx,1,4,00,41,00,12,00,00,00,00,
12481199,17F0000F,true,Rx,1,8,00,0F,00,00,00,00,00,00,
12490856,00000118,false,Rx,1,4,00,42,00,12,00,00,00,00,
12500892,00000118,false,Rx,1,4,00,43,00,12,00,00,00,00,
12510731,00000118,false,Rx,1,4,00,44,00,12,00,00,00,00,
12520862,00000118,false,Rx,1,4,00,45,00,12,00,00,00,00,
12530737,00000118,false,Rx,1,4,00,46,00,12,00,00,00,00,
12540853,00000118,false,Rx,1,4,00,47,00,12,00,00,00,00,
12550726,00000118,false,Rx,1,4,00,48,00,12,00,00,00,00,
12560845,00000118,false,Rx,1,4,00,49,00,12,00,00,00,00,
12570702,00000118,false,Rx,1,4,00,4A,00,12,00,00,00,00,
12580852,00000118,false,Rx,1,4,00,4B,00,12,00,00,00,00,
12590798,00000118,false,Rx,1,4,00,4C,00,12,00,00,00,00,
12600844,00000118,false,Rx,1,4,00,4D,00,12,00,00,00,00,
12610684,00000118,false,Rx,1,4,00,4E,00,12,00,00,00,00,
12620821,00000118,false,Rx,1,4,00,4F,00,12,00,00,00,00,
12630692,00000118,false,Rx,1,4,00,40,00,12,00,00,00,00,
12640808,00000118,false,Rx,1,4,00,41,00,12,00,00,00,00,
12650681,00000118,false,Rx,1,4,00,42,00,12,00,00,00,00,
12660799,00000118,false,Rx,1,4,00,43,00,12,00,00,00,00,
12667560,0000070F,false,Rx,0,8,03,22,06,08,55,55,55,55,
12670675,00000118,false,Rx,1,4,00,44,00,12,00,00,00,00,
12680806,00000118,false,Rx,1,4,00,45,00,12,00,00,00,00,
12683022,00000779,false,Rx,1,8,03,7F,22,31,AA,AA,AA,AA,
12690761,00000118,false,Rx,1,4,00,46,00,12,00,00,00,00,
12700797,00000118,false,Rx,1,4,00,47,00,12,00,00,00,00,
12710634,00000118,false,Rx,1,4,00,48,00,12,00,00,00,00,
12720770,00000118,false,Rx,1,4,00,49,00,12,00,00,00,00,
12730643,00000118,false,Rx,1,4,00,4A,00,12,00,00,00,00,
12740763,00000118,false,Rx,1,4,00,4B,00,12,00,00,00,00,
12750706,00000118,false,Rx,1,4,00,4C,00,12,00,00,00,00,
12763231,00000118,false,Rx,1,4,00,4D,00,12,00,00,00,00,
12770656,00000118,false,Rx,1,4,00,4E,00,12,00,00,00,00,
12780766,00000118,false,Rx,1,4,00,4F,00,12,00,00,00,00,
12790706,00000118,false,Rx,1,4,00,40,00,12,00,00,00,00,
12800751,00000118,false,Rx,1,4,00,41,00,12,00,00,00,00,
12810587,00000118,false,Rx,1,4,00,42,00,12,00,00,00,00,
12820739,00000118,false,Rx,1,4,00,43,00,12,00,00,00,00,
12830596,00000118,false,Rx,1,4,00,44,00,12,00,00,00,00,
12840713,00000118,false,Rx,1,4,00,45,00,12,00,00,00,00,
12850588,00000118,false,Rx,1,4,00,46,00,12,00,00,00,00,
12860703,00000118,false,Rx,1,4,00,47,00,12,00,00,00,00,
12870557,00000118,false,Rx,1,4,00,48,00,12,00,00,00,00,
12880714,00000118,false,Rx,1,4,00,49,00,12,00,00,00,00,
12890658,00000118,false,Rx,1,4,00,4A,00,12,00,00,00,00,
12900178,0000070F,false,Rx,0,8,03,22,06,1C,55,55,55,55,
12900702,00000118,false,Rx,1,4,00,4B,00,12,00,00,00,00,
12910565,00000118,false,Rx,1,4,00,4C,00,12,00,00,00,00,
12920694,00000118,false,Rx,1,4,00,4D,00,12,00,00,00,00,
12922890,00000779,false,Rx,1,8,03,7F,22,31,AA,AA,AA,AA,
12930560,00000118,false,Rx,1,4,00,4E,00,12,00,00,00,00,
12940668,00000118,false,Rx,1,4,00,4F,00,12,00,00,00,00,
12950541,00000118,false,Rx,1,4,00,40,00,12,00,00,00,00,
12960657,00000118,false,Rx,1,4,00,41,00,12,00,00,00,00,
12970514,00000118,false,Rx,1,4,00,42,00,12,00,00,00,00,
12980667,00000118,false,Rx,1,4,00,43,00,12,00,00,00,00,
12980972,17F0000F,true,Rx,1,8,00,0F,00,00,00,00,00,00,
12990617,00000118,false,Rx,1,4,00,44,00,12,00,00,00,00,
13000656,00000118,false,Rx,1,4,00,45,00,12,00,00,00,00,
13010495,00000118,false,Rx,1,4,00,46,00,12,00,00,00,00,
13020635,00000118,false,Rx,1,4,00,47,00,12,00,00,00,00,
13030500,00000118,false,Rx,1,4,00,48,00,12,00,00,00,00,
13040619,00000118,false,Rx,1,4,00,49,00,12,00,00,00,00,
13050494,00000118,false,Rx,1,4,00,4A,00,12,00,00,00,00,
13060609,00000118,false,Rx,1,4,00,4B,00,12,00,00,00,00,
13070465,00000118,false,Rx,1,4,00,4C,00,12,00,00,00,00,
13080618,00000118,false,Rx,1,4,00,4D,00,12,00,00,00,00,
13090564,00000118,false,Rx,1,4,00,4E,00,12,00,00,00,00,
13100610,00000118,false,Rx,1,4,00,4F,00,12,00,00,00,00,
13110446,00000118,false,Rx,1,4,00,40,00,12,00,00,00,00,
13120583,00000118,false,Rx,1,4,00,41,00,12,00,00,00,00,
13130459,00000118,false,Rx,1,4,00,42,00,12,00,00,00,00,
13140573,00000118,false,Rx,1,4,00,43,00,12,00,00,00,00,
13150444,00000118,false,Rx,1,4,00,44,00,12,00,00,00,00,
13160563,00000118,false,Rx,1,4,00,45,00,12,00,00,00,00,
13170419,00000118,false,Rx,1,4,00,46,00,12,00,00,00,00,
13180572,00000118,false,Rx,1,4,00,47,00,12,00,00,00,00,
13190515,00000118,false,Rx,1,4,00,48,00,12,00,00,00,00,
13200561,00000118,false,Rx,1,4,00,49,00,12,00,00,00,00,
13210400,00000118,false,Rx,1,4,00,4A,00,12,00,00,00,00,
13220535,00000118,false,Rx,1,4,00,4B,00,12,00,00,00,00,
13230410,00000118,false,Rx,1,4,00,4C,00,12,00,00,00,00,
13240530,00000118,false,Rx,1,4,00,4D,00,12,00,00,00,00,
13250442,00000118,false,Rx,1,4,00,4E,00,12,00,00,00,00,
13264473,00000118,false,Rx,1,4,00,4F,00,12,00,00,00,00,
13270845,00000118,false,Rx,1,4,00,40,00,12,00,00,00,00,
13280542,00000118,false,Rx,1,4,00,41,00,12,00,00,00,00,
13290595,00000118,false,Rx,1,4,00,42,00,12,00,00,00,00,
13300516,00000118,false,Rx,1,4,00,43,00,12,00,00,00,00,
13310351,00000118,false,Rx,1,4,00,44,00,12,00,00,00,00,
13320487,00000118,false,Rx,1,4,00,45,00,12,00,00,00,00,
13330370,00000118,false,Rx,1,4,00,46,00,12,00,00,00,00,
13340481,00000118,false,Rx,1,4,00,47,00,12,00,00,00,00,
13350350,00000118,false,Rx,1,4,00,48,00,12,00,00,00,00,
13350842,00000700,false,Rx,0,8,02,3E,80,55,55,55,55,55,
13360489,00000118,false,Rx,1,4,00,49,00,12,00,00,00,00,
13370326,00000118,false,Rx,1,4,00,4A,00,12,00,00,00,00,
13380477,00000118,false,Rx,1,4,00,4B,00,12,00,00,00,00,
13390406,00000118,false,Rx,1,4,00,4C,00,12,00,00,00,00,
13400492,00000118,false,Rx,1,4,00,4D,00,12,00,00,00,00,
13410306,00000118,false,Rx,1,4,00,4E,00,12,00,00,00,00,
13420443,00000118,false,Rx,1,4,00,4F,00,12,00,00,00,00,
13430334,00000118,false,Rx,1,4,00,40,00,12,00,00,00,00,
13440433,00000118,false,Rx,1,4,00,41,00,12,00,00,00,00,
13450308,00000118,false,Rx,1,4,00,42,00,12,00,00,00,00,
13460424,00000118,false,Rx,1,4,00,43,00,12,00,00,00,00,
13470275,00000118,false,Rx,1,4,00,44,00,12,00,00,00,00,
13480431,00000118,false,Rx,1,4,00,45,00,12,00,00,00,00,
13480727,17F0000F,true,Rx,1,8,00,0F,00,00,00,00,00,00,
13490366,00000118,false,Rx,1,4,00,46,00,12,00,00,00,00,
13500437,00000118,false,Rx,1,4,00,47,00,12,00,00,00,00,
13510257,00000118,false,Rx,1,4,00,48,00,12,00,00,00,00,
13520394,00000118,false,Rx,1,4,00,49,00,12,00,00,00,00,
13530268,00000118,false,Rx,1,4,00,4A,00,12,00,00,00,00,
13540385,00000118,false,Rx,1,4,00,4B,00,12,00,00,00,00,
13550260,00000118,false,Rx,1,4,00,4C,00,12,00,00,00,00,
13560375,00000118,false,Rx,1,4,00,4D,00,12,00,00,00,00,
13570232,00000118,false,Rx,1,4,00,4E,00,12,00,00,00,00,
13580385,00000118,false,Rx,1,4,00,4F,00,12,00,00,00,00,
13590304,00000118,false,Rx,1,4,00,40,00,12,00,00,00,00,
13600412,00000118,false,Rx,1,4,00,41,00,12,00,00,00,00,
13610214,00000118,false,Rx,1,4,00,42,00,12,00,00,00,00,
13620349,00000118,false,Rx,1,4,00,43,00,12,00,00,00,00,
13630221,00000118,false,Rx,1,4,00,44,00,12,00,00,00,00,
13640338,00000118,false,Rx,1,4,00,45,00,12,00,00,00,00,
13650212,00000118,false,Rx,1,4,00,46,00,12,00,00,00,00,
13660327,00000118,false,Rx,1,4,00,47,00,12,00,00,00,00,
13670184,00000118,false,Rx,1,4,00,48,00,12,00,00,00,00,
13680337,00000118,false,Rx,1,4,00,49,00,12,00,00,00,00,
13690453,00000118,false,Rx,1,4,00,4A,00,12,00,00,00,00,
13700372,00000118,false,Rx,1,4,00,4B,00,12,00,00,00,00,
13710180,00000118,false,Rx,1,4,00,4C,00,12,00,00,00,00,
13720315,00000118,false,Rx,1,4,00,4D,00,12,00,00,00,00,
13730192,00000118,false,Rx,1,4,00,4E,00,12,00,00,00,00,
13733189,00000700,false,Rx,0,8,02,3E,80,55,55,55,55,55,
13740364,00000118,false,Rx,1,4,00,4F,00,12,00,00,00,00,
13753840,00000118,false,Rx,1,4,00,40,00,12,00,00,00,00,
13760729,00000118,false,Rx,1,4,00,41,00,12,00,00,00,00,
13770040,00000118,false,Rx,1,4,00,42,00,12,00,00,00,00,
13780382,00000118,false,Rx,1,4,00,43,00,12,00,00,00,00,
13790145,00000118,false,Rx,1,4,00,44,00,12,00,00,00,00,
13800370,00000118,false,Rx,1,4,00,45,00,12,00,00,00,00,
13810030,00000118,false,Rx,1,4,00,46,00,12,00,00,00,00,
13820360,00000118,false,Rx,1,4,00,47,00,12,00,00,00,00,
13830000,00000118,false,Rx,1,4,00,48,00,12,00,00,00,00,
13840388,00000118,false,Rx,1,4,00,49,00,12,00,00,00,00,
13849996,00000118,false,Rx,1,4,00,4A,00,12,00,00,00,00,
13860359,00000118,false,Rx,1,4,00,4B,00,12,00,00,00,00,
13869985,00000118,false,Rx,1,4,00,4C,00,12,00,00,00,00,
13880331,00000118,false,Rx,1,4,00,4D,00,12,00,00,00,00,
13890098,00000118,false,Rx,1,4,00,4E,00,12,00,00,00,00,
13900334,00000118,false,Rx,1,4,00,4F,00,12,00,00,00,00,
13909982,00000118,false,Rx,1,4,00,40,00,12,00,00,00,00,
13920317,00000118,false,Rx,1,4,00,41,00,12,00,00,00,00,
13929954,00000118,false,Rx,1,4,00,42,00,12,00,00,00,00,
13940324,00000118,false,Rx,1,4,00,43,00,12,00,00,00,00,
13949957,00000118,false,Rx,1,4,00,44,00,12,00,00,00,00,
13960314,00000118,false,Rx,1,4,00,45,00,12,00,00,00,00,
13969950,00000118,false,Rx,1,4,00,46,00,12,00,00,00,00,
13980285,00000118,false,Rx,1,4,00,47,00,12,00,00,00,00,
13980582,17F0000F,true,Rx,1,8,00,0F,00,00,00,00,00,00,
13990062,00000118,false,Rx,1,4,00,48,00,12,00,00,00,00,
14000276,00000118,false,Rx,1,4,00,49,00,12,00,00,00,00,
14009950,00000118,false,Rx,1,4,00,4A,00,12,00,00,00,00,
14020266,00000118,false,Rx,1,4,00,4B,00,12,00,00,00,00,
14029908,00000118,false,Rx,1,4,00,4C,00,12,00,00,00,00,
14040275,00000118,false,Rx,1,4,00,4D,00,12,00,00,00,00,
14049898,00000118,false,Rx,1,4,00,4E,00,12,00,00,00,00,
14060266,00000118,false,Rx,1,4,00,4F,00,12,00,00,00,00,
14069890,00000118,false,Rx,1,4,00,40,00,12,00,00,00,00,
14080241,00000118,false,Rx,1,4,00,41,00,12,00,00,00,00,
14089989,00000118,false,Rx,1,4,00,42,00,12,00,00,00,00,
14100247,00000118,false,Rx,1,4,00,43,00,12,00,00,00,00,
14109887,00000118,false,Rx,1,4,00,44,00,12,00,00,00,00,
14120220,00000118,false,Rx,1,4,00,45,00,12,00,00,00,00,
14129861,00000118,false,Rx,1,4,00,46,00,12,00,00,00,00,
14140227,00000118,false,Rx,1,4,00,47,00,12,00,00,00,00,
14149849,00000118,false,Rx,1,4,00,48,00,12,00,00,00,00,
14160219,00000118,false,Rx,1,4,00,49,00,12,00,00,00,00,
14169841,00000118,false,Rx,1,4,00,4A,00,12,00,00,00,00,
14180192,00000118,false,Rx,1,4,00,4B,00,12,00,00,00,00,
14189952,00000118,false,Rx,1,4,00,4C,00,12,00,00,00,00,
14200200,00000118,false,Rx,1,4,00,4D,00,12,00,00,00,00,
14209842,00000118,false,Rx,1,4,00,4E,00,12,00,00,00,00,
14220173,00000118,false,Rx,1,4,00,4F,00,12,00,00,00,00,
14229815,00000118,false,Rx,1,4,00,40,00,12,00,00,00,00,
14240187,00000118,false,Rx,1,4,00,41,00,12,00,00,00,00,
14249847,00000118,false,Rx,1,4,00,42,00,12,00,00,00,00,
14260069,00000118,false,Rx,1,4,00,43,00,12,00,00,00,00,
14270090,00000118,false,Rx,1,4,00,44,00,12,00,00,00,00,
14280182,00000118,false,Rx,1,4,00,45,00,12,00,00,00,00,
14290093,00000118,false,Rx,1,4,00,46,00,12,00,00,00,00,
14300260,00000118,false,Rx,1,4,00,47,00,12,00,00,00,00,
14301957,00000700,false,Rx,0,8,02,3E,80,55,55,55,55,55,
14309861,00000118,false,Rx,1,4,00,48,00,12,00,00,00,00,
14320368,00000118,false,Rx,1,4,00,49,00,12,00,00,00,00,
14329861,00000118,false,Rx,1,4,00,4A,00,12,00,00,00,00,
14340116,00000118,false,Rx,1,4,00,4B,00,12,00,00,00,00,
14349868,00000118,false,Rx,1,4,00,4C,00,12,00,00,00,00,
14360113,00000118,false,Rx,1,4,00,4D,00,12,00,00,00,00,
14369852,00000118,false,Rx,1,4,00,4E,00,12,00,00,00,00,
14380117,00000118,false,Rx,1,4,00,4F,00,12,00,00,00,00,
14389859,00000118,false,Rx,1,4,00,40,00,12,00,00,00,00,
14400626,00000118,false,Rx,1,4,00,41,00,12,00,00,00,00,
14410128,00000118,false,Rx,1,4,00,42,00,12,00,00,00,00,
14420479,00000118,false,Rx,1,4,00,43,00,12,00,00,00,00,
14430361,00000118,false,Rx,1,4,00,44,00,12,00,00,00,00,
14440469,00000118,false,Rx,1,4,00,45,00,12,00,00,00,00,
14450131,00000118,false,Rx,1,4,00,46,00,12,00,00,00,00,
14460464,00000118,false,Rx,1,4,00,47,00,12,00,00,00,00,
14470100,00000118,false,Rx,1,4,00,48,00,12,00,00,00,00,
14480469,00000118,false,Rx,1,4,00,49,00,12,00,00,00,00,
14480765,17F0000F,true,Rx,1,8,00,0F,00,00,00,00,00,00,
14490119,00000118,false,Rx,1,4,00,4A,00,12,00,00,00,00,
14500567,00000118,false,Rx,1,4,00,4B,00,12,00,00,00,00,
14510082,00000118,false,Rx,1,4,00,4C,00,12,00,00,00,00,
14520431,00000118,false,Rx,1,4,00,4D,00,12,00,00,00,00,
14530090,00000118,false,Rx,1,4,00,4E,00,12,00,00,00,00,
14540423,00000118,false,Rx,1,4,00,4F,00,12,00,00,00,00,
14550082,00000118,false,Rx,1,4,00,40,00,12,00,00,00,00,
14560415,00000118,false,Rx,1,4,00,41,00,12,00,00,00,00,
14570054,00000118,false,Rx,1,4,00,42,00,12,00,00,00,00,
14580423,00000118,false,Rx,1,4,00,43,00,12,00,00,00,00,
14590099,00000118,false,Rx,1,4,00,44,00,12,00,00,00,00,
14600518,00000118,false,Rx,1,4,00,45,00,12,00,00,00,00,
14610035,00000118,false,Rx,1,4,00,46,00,12,00,00,00,00,
14620384,00000118,false,Rx,1,4,00,47,00,12,00,00,00,00,
14630042,00000118,false,Rx,1,4,00,48,00,12,00,00,00,00,
14640374,00000118,false,Rx,1,4,00,49,00,12,00,00,00,00,
14650037,00000118,false,Rx,1,4,00,4A,00,12,00,00,00,00,
14660366,00000118,false,Rx,1,4,00,4B,00,12,00,00,00,00,
14670008,00000118,false,Rx,1,4,00,4C,00,12,00,00,00,00,
14680373,00000118,false,Rx,1,4,00,4D,00,12,00,00,00,00,
14690106,00000118,false,Rx,1,4,00,4E,00,12,00,00,00,00,
14700475,00000118,false,Rx,1,4,00,4F,00,12,00,00,00,00,
14709988,00000118,false,Rx,1,4,00,40,00,12,00,00,00,00,
14720369,00000118,false,Rx,1,4,00,41,00,12,00,00,00,00,
14725492,00000700,false,Rx,0,8,02,3E,80,55,55,55,55,55,
14730019,00000118,false,Rx,1,4,00,42,00,12,00,00,00,00,
14740332,00000118,false,Rx,1,4,00,43,00,12,00,00,00,00,
14750007,00000118,false,Rx,1,4,00,44,00,12,00,00,00,00,
14763893,00000118,false,Rx,1,4,00,45,00,12,00,00,00,00,
14770083,00000118,false,Rx,1,4,00,46,00,12,00,00,00,00,
14780238,00000118,false,Rx,1,4,00,47,00,12,00,00,00,00,
14790166,00000118,false,Rx,1,4,00,48,00,12,00,00,00,00,
14800210,00000118,false,Rx,1,4,00,49,00,12,00,00,00,00,
14810050,00000118,false,Rx,1,4,00,4A,00,12,00,00,00,00,
14820368,00000118,false,Rx,1,4,00,4B,00,12,00,00,00,00,
14830057,00000118,false,Rx,1,4,00,4C,00,12,00,00,00,00,
14840173,00000118,false,Rx,1,4,00,4D,00,12,00,00,00,00,
14850049,00000118,false,Rx,1,4,00,4E,00,12,00,00,00,00,
14860166,00000118,false,Rx,1,4,00,4F,00,12,00,00,00,00,
14870032,00000118,false,Rx,1,4,00,40,00,12,00,00,00,00,
14880174,00000118,false,Rx,1,4,00,41,00,12,00,00,00,00,
14890103,00000118,false,Rx,1,4,00,42,00,12,00,00,00,00,
14900189,00000118,false,Rx,1,4,00,43,00,12,00,00,00,00,
14910003,00000118,false,Rx,1,4,00,44,00,12,00,00,00,00,
14920368,00000118,false,Rx,1,4,00,45,00,12,00,00,00,00,
14930010,00000118,false,Rx,1,4,00,46,00,12,00,00,00,00,
14940126,00000118,false,Rx,1,4,00,47,00,12,00,00,00,00,
14949999,00000118,false,Rx,1,4,00,48,00,12,00,00,00,00,
14960116,00000118,false,Rx,1,4,00,49,00,12,00,00,00,00,
14969986,00000118,false,Rx,1,4,00,4A,00,12,00,00,00,00,
14980125,00000118,false,Rx,1,4,00,4B,00,12,00,00,00,00,
14980421,17F0000F,true,Rx,1,8,00,0F,00,00,00,00,00,00,
14990062,00000118,false,Rx,1,4,00,4C,00,12,00,00,00,00,
15000132,00000118,false,Rx,1,4,00,4D,00,12,00,00,00,00,
15009956,00000118,false,Rx,1,4,00,4E,00,12,00,00,00,00,
15020091,00000118,false,Rx,1,4,00,4F,00,12,00,00,00,00,
15029962,00000118,false,Rx,1,4,00,40,00,12,00,00,00,00,
15040084,00000118,false,Rx,1,4,00,41,00,12,00,00,00,00,
15049954,00000118,false,Rx,1,4,00,42,00,12,00,00,00,00,
15060071,00000118,false,Rx,1,4,00,43,00,12,00,00,00,00,
15069953,00000118,false,Rx,1,4,00,44,00,12,00,00,00,00,
15080078,00000118,false,Rx,1,4,00,45,00,12,00,00,00,00,
15090010,00000118,false,Rx,1,4,00,46,00,12,00,00,00,00,
15100086,00000118,false,Rx,1,4,00,47,00,12,00,00,00,00,
15109906,00000118,false,Rx,1,4,00,48,00,12,00,00,00,00,
15120041,00000118,false,Rx,1,4,00,49,00,12,00,00,00,00,
15129936,00000118,false,Rx,1,4,00,4A,00,12,00,00,00,00,
15131439,00000700,false,Rx,0,8,02,3E,80,55,55,55,55,55,
15140054,00000118,false,Rx,1,4,00,4B,00,12,00,00,00,00,
15149908,00000118,false,Rx,1,4,00,4C,00,12,00,00,00,00,
15160023,00000118,false,Rx,1,4,00,4D,00,12,00,00,00,00,
15169881,00000118,false,Rx,1,4,00,4E,00,12,00,00,00,00,
15180034,00000118,false,Rx,1,4,00,4F,00,12,00,00,00,00,
15189962,00000118,false,Rx,1,4,00,40,00,12,00,00,00,00,
15200040,00000118,false,Rx,1,4,00,41,00,12,00,00,00,00,
15209862,00000118,false,Rx,1,4,00,42,00,12,00,00,00,00,
15219997,00000118,false,Rx,1,4,00,43,00,12,00,00,00,00,
15229867,00000118,false,Rx,1,4,00,44,00,12,00,00,00,00,
15239991,00000118,false,Rx,1,4,00,45,00,12,00,00,00,00,
15249877,00000118,false,Rx,1,4,00,46,00,12,00,00,00,00,
15266176,00000118,false,Rx,1,4,00,47,00,12,00,00,00,00,
15269834,00000118,false,Rx,1,4,00,48,00,12,00,00,00,00,
15280059,00000118,false,Rx,1,4,00,49,00,12,00,00,00,00,
15290081,00000118,false,Rx,1,4,00,4A,00,12,00,00,00,00,
15300082,00000118,false,Rx,1,4,00,4B,00,12,00,00,00,00,
15309815,00000118,false,Rx,1,4,00,4C,00,12,00,00,00,00,
15319950,00000118,false,Rx,1,4,00,4D,00,12,00,00,00,00,
15329823,00000118,false,Rx,1,4,00,4E,00,12,00,00,00,00,
15339950,00000118,false,Rx,1,4,00,4F,00,12,00,00,00,00,
15349813,00000118,false,Rx,1,4,00,40,00,12,00,00,00,00,
15359949,00000118,false,Rx,1,4,00,41,00,12,00,00,00,00,
15369787,00000118,false,Rx,1,4,00,42,00,12,00,00,00,00,
15379957,00000118,false,Rx,1,4,00,43,00,12,00,00,00,00,
15389851,00000118,false,Rx,1,4,00,44,00,12,00,00,00,00,
15400042,00000118,false,Rx,1,4,00,45,00,12,00,00,00,00,
15409769,00000118,false,Rx,1,4,00,46,00,12,00,00,00,00,
15419901,00000118,false,Rx,1,4,00,47,00,12,00,00,00,00,
15429774,00000118,false,Rx,1,4,00,48,00,12,00,00,00,00,
15439892,00000118,false,Rx,1,4,00,49,00,12,00,00,00,00,
15449767,00000118,false,Rx,1,4,00,4A,00,12,00,00,00,00,
15459882,00000118,false,Rx,1,4,00,4B,00,12,00,00,00,00,
15469738,00000118,false,Rx,1,4,00,4C,00,12,00,00,00,00,
15479900,00000118,false,Rx,1,4,00,4D,00,12,00,00,00,00,
15480188,17F0000F,true,Rx,1,8,00,0F,00,00,00,00,00,00,
15489844,00000118,false,Rx,1,4,00,4E,00,12,00,00,00,00,
15500008,00000118,false,Rx,1,4,00,4F,00,12,00,00,00,00,
15509703,00000118,false,Rx,1,4,00,40,00,12,00,00,00,00,
15510958,00000700,false,Rx,0,8,02,3E,80,55,55,55,55,55,
15519894,00000118,false,Rx,1,4,00,41,00,12,00,00,00,00,
15530129,00000118,false,Rx,1,4,00,42,00,12,00,00,00,00,
15540247,00000118,false,Rx,1,4,00,43,00,12,00,00,00,00,
15550118,00000118,false,Rx,1,4,00,44,00,12,00,00,00,00,
15560234,00000118,false,Rx,1,4,00,45,00,12,00,00,00,00,
15570093,00000118,false,Rx,1,4,00,46,00,12,00,00,00,00,
15580245,00000118,false,Rx,1,4,00,47,00,12,00,00,00,00,
15590083,00000118,false,Rx,1,4,00,48,00,12,00,00,00,00,
15600342,00000118,false,Rx,1,4,00,49,00,12,00,00,00,00,
15610072,00000118,false,Rx,1,4,00,4A,00,12,00,00,00,00,
15620367,00000118,false,Rx,1,4,00,4B,00,12,00,00,00,00,
15630086,00000118,false,Rx,1,4,00,4C,00,12,00,00,00,00,
15640198,00000118,false,Rx,1,4,00,4D,00,12,00,00,00,00,
15650071,00000118,false,Rx,1,4,00,4E,00,12,00,00,00,00,
15660189,00000118,false,Rx,1,4,00,4F,00,12,00,00,00,00,
15670044,00000118,false,Rx,1,4,00,40,00,12,00,00,00,00,
15680198,00000118,false,Rx,1,4,00,41,00,12,00,00,00,00,
15690082,00000118,false,Rx,1,4,00,42,00,12,00,00,00,00,
15700297,00000118,false,Rx,1,4,00,43,00,12,00,00,00,00,
15710024,00000118,false,Rx,1,4,00,44,00,12,00,00,00,00,
15720368,00000118,false,Rx,1,4,00,45,00,12,00,00,00,00,
15730034,00000118,false,Rx,1,4,00,46,00,12,00,00,00,00,
15740155,00000118,false,Rx,1,4,00,47,00,12,00,00,00,00,
15750050,00000118,false,Rx,1,4,00,48,00,12,00,00,00,00,
15763790,00000118,false,Rx,1,4,00,49,00,12,00,00,00,00,
15770485,00000118,false,Rx,1,4,00,4A,00,12,00,00,00,00,
15780154,00000118,false,Rx,1,4,00,4B,00,12,00,00,00,00,
15790102,00000118,false,Rx,1,4,00,4C,00,12,00,00,00,00,
15800250,00000118,false,Rx,1,4,00,4D,00,12,00,00,00,00,
15809979,00000118,false,Rx,1,4,00,4E,00,12,00,00,00,00,
15820115,00000118,false,Rx,1,4,00,4F,00,12,00,00,00,00,
15829988,00000118,false,Rx,1,4,00,40,00,12,00,00,00,00,
15840107,00000118,false,Rx,1,4,00,41,00,12,00,00,00,00,
15849979,00000118,false,Rx,1,4,00,42,00,12,00,00,00,00,
15860095,00000118,false,Rx,1,4,00,43,00,12,00,00,00,00,
15869952,00000118,false,Rx,1,4,00,44,00,12,00,00,00,00,
15880102,00000118,false,Rx,1,4,00,45,00,12,00,00,00,00,
15887602,00000700,false,Rx,0,8,02,3E,80,55,55,55,55,55,
15890112,00000118,false,Rx,1,4,00,46,00,12,00,00,00,00,
15900233,00000118,false,Rx,1,4,00,47,00,12,00,00,00,00,
15909952,00000118,false,Rx,1,4,00,48,00,12,00,00,00,00,
15920067,00000118,false,Rx,1,4,00,49,00,12,00,00,00,00,
15929950,00000118,false,Rx,1,4,00,4A,00,12,00,00,00,00,
15940058,00000118,false,Rx,1,4,00,4B,00,12,00,00,00,00,
15949952,00000118,false,Rx,1,4,00,4C,00,12,00,00,00,00,
15960047,00000118,false,Rx,1,4,00,4D,00,12,00,00,00,00,
15969903,00000118,false,Rx,1,4,00,4E,00,12,00,00,00,00,
15980057,00000118,false,Rx,1,4,00,4F,00,12,00,00,00,00,
15980354,17F0000F,true,Rx,1,8,00,0F,00,00,00,00,00,00,
15990110,00000118,false,Rx,1,4,00,40,00,12,00,00,00,00,
16000160,00000118,false,Rx,1,4,00,41,00,12,00,00,00,00,
16009886,00000118,false,Rx,1,4,00,42,00,12,00,00,00,00,
16020022,00000118,false,Rx,1,4,00,43,00,12,00,00,00,00,
16029892,00000118,false,Rx,1,4,00,44,00,12,00,00,00,00,
16040011,00000118,false,Rx,1,4,00,45,00,12,00,00,00,00,
16049884,00000118,false,Rx,1,4,00,46,00,12,00,00,00,00,
16060001,00000118,false,Rx,1,4,00,47,00,12,00,00,00,00,
16069856,00000118,false,Rx,1,4,00,48,00,12,00,00,00,00,
16080008,00000118,false,Rx,1,4,00,49,00,12,00,00,00,00,
16090089,00000118,false,Rx,1,4,00,4A,00,12,00,00,00,00,
16100109,00000118,false,Rx,1,4,00,4B,00,12,00,00,00,00,
16109837,00000118,false,Rx,1,4,00,4C,00,12,00,00,00,00,
16119971,00000118,false,Rx,1,4,00,4D,00,12,00,00,00,00,
16129846,00000118,false,Rx,1,4,00,4E,00,12,00,00,00,00,
16139969,00000118,false,Rx,1,4,00,4F,00,12,00,00,00,00,
16149838,00000118,false,Rx,1,4,00,40,00,12,00,00,00,00,
16159955,00000118,false,Rx,1,4,00,41,00,12,00,00,00,00,
16169811,00000118,false,Rx,1,4,00,42,00,12,00,00,00,00,
16179964,00000118,false,Rx,1,4,00,43,00,12,00,00,00,00,
16189825,00000118,false,Rx,1,4,00,44,00,12,00,00,00,00,
16200059,00000118,false,Rx,1,4,00,45,00,12,00,00,00,00,
16209791,00000118,false,Rx,1,4,00,46,00,12,00,00,00,00,
16219944,00000118,false,Rx,1,4,00,47,00,12,00,00,00,00,
16229798,00000118,false,Rx,1,4,00,48,00,12,00,00,00,00,
16239936,00000118,false,Rx,1,4,00,49,00,12,00,00,00,00,
16250156,00000118,false,Rx,1,4,00,4A,00,12,00,00,00,00,
16264701,00000118,false,Rx,1,4,00,4B,00,12,00,00,00,00,
16269781,00000118,false,Rx,1,4,00,4C,00,12,00,00,00,00,
16279953,00000118,false,Rx,1,4,00,4D,00,12,00,00,00,00,
16290088,00000118,false,Rx,1,4,00,4E,00,12,00,00,00,00,
16300019,00000118,false,Rx,1,4,00,4F,00,12,00,00,00,00,
16302209,00000700,false,Rx,0,8,02,3E,80,55,55,55,55,55,
16309765,00000118,false,Rx,1,4,00,40,00,12,00,00,00,00,
16319879,00000118,false,Rx,1,4,00,41,00,12,00,00,00,00,
16329752,00000118,false,Rx,1,4,00,42,00,12,00,00,00,00,
16339873,00000118,false,Rx,1,4,00,43,00,12,00,00,00,00,
16349723,00000118,false,Rx,1,4,00,44,00,12,00,00,00,00,
16359876,00000118,false,Rx,1,4,00,45,00,12,00,00,00,00,
16369698,00000118,false,Rx,1,4,00,46,00,12,00,00,00,00,
16379886,00000118,false,Rx,1,4,00,47,00,12,00,00,00,00,
16389828,00000118,false,Rx,1,4,00,48,00,12,00,00,00,00,
16399987,00000118,false,Rx,1,4,00,49,00,12,00,00,00,00,
16409692,00000118,false,Rx,1,4,00,4A,00,12,00,00,00,00,
16419849,00000118,false,Rx,1,4,00,4B,00,12,00,00,00,00,
16429688,00000118,false,Rx,1,4,00,4C,00,12,00,00,00,00,
16439840,00000118,false,Rx,1,4,00,4D,00,12,00,00,00,00,
16449679,00000118,false,Rx,1,4,00,4E,00,12,00,00,00,00,
16459831,00000118,false,Rx,1,4,00,4F,00,12,00,00,00,00,
16469652,00000118,false,Rx,1,4,00,40,00,12,00,00,00,00,
16479841,00000118,false,Rx,1,4,00,41,00,12,00,00,00,00,
16480137,17F0000F,true,Rx,1,8,00,0F,00,00,00,00,00,00,
16489846,00000118,false,Rx,1,4,00,42,00,12,00,00,00,00,
16499950,00000118,false,Rx,1,4,00,43,00,12,00,00,00,00,
16509633,00000118,false,Rx,1,4,00,44,00,12,00,00,00,00,
16519802,00000118,false,Rx,1,4,00,45,00,12,00,00,00,00,
16529642,00000118,false,Rx,1,4,00,46,00,12,00,00,00,00,
16539792,00000118,false,Rx,1,4,00,47,00,12,00,00,00,00,
16549629,00000118,false,Rx,1,4,00,48,00,12,00,00,00,00,
16559783,00000118,false,Rx,1,4,00,49,00,12,00,00,00,00,
16569604,00000118,false,Rx,1,4,00,4A,00,12,00,00,00,00,
16579791,00000118,false,Rx,1,4,00,4B,00,12,00,00,00,00,
16589829,00000118,false,Rx,1,4,00,4C,00,12,00,00,00,00,
16599890,00000118,false,Rx,1,4,00,4D,00,12,00,00,00,00,
16609594,00000118,false,Rx,1,4,00,4E,00,12,00,00,00,00,
16619757,00000118,false,Rx,1,4,00,4F,00,12,00,00,00,00,
16629594,00000118,false,Rx,1,4,00,40,00,12,00,00,00,00,
16639747,00000118,false,Rx,1,4,00,41,00,12,00,00,00,00,
16649590,00000118,false,Rx,1,4,00,42,00,12,00,00,00,00,
16659738,00000118,false,Rx,1,4,00,43,00,12,00,00,00,00,
16669589,00000118,false,Rx,1,4,00,44,00,12,00,00,00,00,
16679743,00000118,false,Rx,1,4,00,45,00,12,00,00,00,00,
16689587,00000118,false,Rx,1,4,00,46,00,12,00,00,00,00,
16699843,00000118,false,Rx,1,4,00,47,00,12,00,00,00,00,
16706897,0000070F,false,Rx,0,8,03,22,02,8D,55,55,55,55,
16709598,00000118,false,Rx,1,4,00,48,00,12,00,00,00,00,
16719708,00000118,false,Rx,1,4,00,49,00,12,00,00,00,00,
16721945,00000779,false,Rx,1,8,05,62,02,8D,4F,00,AA,AA,
16729584,00000118,false,Rx,1,4,00,4A,00,12,00,00,00,00,
16739703,00000118,false,Rx,1,4,00,4B,00,12,00,00,00,00,
16749625,00000118,false,Rx,1,4,00,4C,00,12,00,00,00,00,
16759707,00000118,false,Rx,1,4,00,4D,00,12,00,00,00,00,
16769648,00000118,false,Rx,1,4,00,4E,00,12,00,00,00,00,
16779794,00000118,false,Rx,1,4,00,4F,00,12,00,00,00,00,
16789664,00000118,false,Rx,1,4,00,40,00,12,00,00,00,00,
16799868,00000118,false,Rx,1,4,00,41,00,12,00,00,00,00,
16809807,00000118,false,Rx,1,4,00,42,00,12,00,00,00,00,
16820153,00000118,false,Rx,1,4,00,43,00,12,00,00,00,00,
16829808,00000118,false,Rx,1,4,00,44,00,12,00,00,00,00,
16840143,00000118,false,Rx,1,4,00,45,00,12,00,00,00,00,
16849802,00000118,false,Rx,1,4,00,46,00,12,00,00,00,00,
16860132,00000118,false,Rx,1,4,00,47,00,12,00,00,00,00,
16869771,00000118,false,Rx,1,4,00,48,00,12,00,00,00,00,
16880139,00000118,false,Rx,1,4,00,49,00,12,00,00,00,00,
16889841,00000118,false,Rx,1,4,00,4A,00,12,00,00,00,00,
16900211,00000118,false,Rx,1,4,00,4B,00,12,00,00,00,00,
16910461,00000118,false,Rx,1,4,00,4C,00,12,00,00,00,00,
16920509,00000118,false,Rx,1,4,00,4D,00,12,00,00,00,00,
16930362,00000118,false,Rx,1,4,00,4E,00,12,00,00,00,00,
16940496,00000118,false,Rx,1,4,00,4F,00,12,00,00,00,00,
16950365,00000118,false,Rx,1,4,00,40,00,12,00,00,00,00,
16960487,00000118,false,Rx,1,4,00,41,00,12,00,00,00,00,
16970126,00000118,false,Rx,1,4,00,42,00,12,00,00,00,00,
16980494,00000118,false,Rx,1,4,00,43,00,12,00,00,00,00,
16980790,17F0000F,true,Rx,1,8,00,0F,00,00,00,00,00,00,
16990330,00000118,false,Rx,1,4,00,44,00,12,00,00,00,00,
17000536,00000118,false,Rx,1,4,00,45,00,12,00,00,00,00,
17009551,0000070F,false,Rx,0,8,03,22,02,8D,55,55,55,55,
17010109,00000118,false,Rx,1,4,00,46,00,12,00,00,00,00,
17020484,00000118,false,Rx,1,4,00,47,00,12,00,00,00,00,
17030113,00000118,false,Rx,1,4,00,48,00,12,00,00,00,00,
17031548,00000779,false,Rx,1,8,05,62,02,8D,4F,00,AA,AA,
17040455,00000118,false,Rx,1,4,00,49,00,12,00,00,00,00,
17050106,00000118,false,Rx,1,4,00,4A,00,12,00,00,00,00,
17060438,00000118,false,Rx,1,4,00,4B,00,12,00,00,00,00,
17070079,00000118,false,Rx,1,4,00,4C,00,12,00,00,00,00,
17080446,00000118,false,Rx,1,4,00,4D,00,12,00,00,00,00,
17090345,00000118,false,Rx,1,4,00,4E,00,12,00,00,00,00,
17100491,00000118,false,Rx,1,4,00,4F,00,12,00,00,00,00,
17110062,00000118,false,Rx,1,4,00,40,00,12,00,00,00,00,
17120414,00000118,false,Rx,1,4,00,41,00,12,00,00,00,00,
17130068,00000118,false,Rx,1,4,00,42,00,12,00,00,00,00,
17140403,00000118,false,Rx,1,4,00,43,00,12,00,00,00,00,
17150058,00000118,false,Rx,1,4,00,44,00,12,00,00,00,00,
17160391,00000118,false,Rx,1,4,00,45,00,12,00,00,00,00,
17170036,00000118,false,Rx,1,4,00,46,00,12,00,00,00,00,
17180399,00000118,false,Rx,1,4,00,47,00,12,00,00,00,00,
17190081,00000118,false,Rx,1,4,00,48,00,12,00,00,00,00,
17200441,00000118,false,Rx,1,4,00,49,00,12,00,00,00,00,
17210014,00000118,false,Rx,1,4,00,4A,00,12,00,00,00,00,
17220363,00000118,false,Rx,1,4,00,4B,00,12,00,00,00,00,
17230025,00000118,false,Rx,1,4,00,4C,00,12,00,00,00,00,
17240358,00000118,false,Rx,1,4,00,4D,00,12,00,00,00,00,
17250104,00000118,false,Rx,1,4,00,4E,00,12,00,00,00,00,
17265644,00000118,false,Rx,1,4,00,4F,00,12,00,00,00,00,
17270003,00000118,false,Rx,1,4,00,40,00,12,00,00,00,00,
17280373,00000118,false,Rx,1,4,00,41,00,12,00,00,00,00,
17290108,00000118,false,Rx,1,4,00,42,00,12,00,00,00,00,
17300453,00000118,false,Rx,1,4,00,43,00,12,00,00,00,00,
17309964,00000118,false,Rx,1,4,00,44,00,12,00,00,00,00,
17320319,00000118,false,Rx,1,4,00,45,00,12,00,00,00,00,
17327486,0000070F,false,Rx,0,8,03,22,02,8D,55,55,55,55,
17330000,00000118,false,Rx,1,4,00,46,00,12,00,00,00,00,
17340310,00000118,false,Rx,1,4,00,47,00,12,00,00,00,00,
17342522,00000779,false,Rx,1,8,05,62,02,8D,4F,00,AA,AA,
17350108,00000118,false,Rx,1,4,00,48,00,12,00,00,00,00,
17360314,00000118,false,Rx,1,4,00,49,00,12,00,00,00,00,
17369951,00000118,false,Rx,1,4,00,4A,00,12,00,00,00,00,
17380307,00000118,false,Rx,1,4,00,4B,00,12,00,00,00,00,
17390104,00000118,false,Rx,1,4,00,4C,00,12,00,00,00,00,
17400403,00000118,false,Rx,1,4,00,4D,00,12,00,00,00,00,
17410370,00000118,false,Rx,1,4,00,4E,00,12,00,00,00,00,
17420671,00000118,false,Rx,1,4,00,4F,00,12,00,00,00,00,
17430373,00000118,false,Rx,1,4,00,40,00,12,00,00,00,00,
17440661,00000118,false,Rx,1,4,00,41,00,12,00,00,00,00,
17450366,00000118,false,Rx,1,4,00,42,00,12,00,00,00,00,
17460652,00000118,false,Rx,1,4,00,43,00,12,00,00,00,00,
17470361,00000118,false,Rx,1,4,00,44,00,12,00,00,00,00,
17480657,00000118,false,Rx,1,4,00,45,00,12,00,00,00,00,
17480974,17F0000F,true,Rx,1,8,00,0F,00,00,00,00,00,00,
17490369,00000118,false,Rx,1,4,00,46,00,12,00,00,00,00,
17500737,00000118,false,Rx,1,4,00,47,00,12,00,00,00,00,
17510849,00000118,false,Rx,1,4,00,48,00,12,00,00,00,00,
17521003,00000118,false,Rx,1,4,00,49,00,12,00,00,00,00,
17530853,00000118,false,Rx,1,4,00,4A,00,12,00,00,00,00,
17540994,00000118,false,Rx,1,4,00,4B,00,12,00,00,00,00,
17550848,00000118,false,Rx,1,4,00,4C,00,12,00,00,00,00,
17560984,00000118,false,Rx,1,4,00,4D,00,12,00,00,00,00,
17570851,00000118,false,Rx,1,4,00,4E,00,12,00,00,00,00,
17580996,00000118,false,Rx,1,4,00,4F,00,12,00,00,00,00,
17590852,00000118,false,Rx,1,4,00,40,00,12,00,00,00,00,
17601093,00000118,false,Rx,1,4,00,41,00,12,00,00,00,00,
17611090,00000118,false,Rx,1,4,00,42,00,12,00,00,00,00,
17621321,00000118,false,Rx,1,4,00,43,00,12,00,00,00,00,
17631104,00000118,false,Rx,1,4,00,44,00,12,00,00,00,00,
17641312,00000118,false,Rx,1,4,00,45,00,12,00,00,00,00,
17645690,0000070F,false,Rx,0,8,03,22,02,8D,55,55,55,55,
17651102,00000118,false,Rx,1,4,00,46,00,12,00,00,00,00,
17661301,00000118,false,Rx,1,4,00,47,00,12,00,00,00,00,
17663517,00000779,false,Rx,1,8,05,62,02,8D,4F,00,AA,AA,
17671088,00000118,false,Rx,1,4,00,48,00,12,00,00,00,00,
17681309,00000118,false,Rx,1,4,00,49,00,12,00,00,00,00,
17691081,00000118,false,Rx,1,4,00,4A,00,12,00,00,00,00,
17701405,00000118,false,Rx,1,4,00,4B,00,12,00,00,00,00,
17711092,00000118,false,Rx,1,4,00,4C,00,12,00,00,00,00,
17721273,00000118,false,Rx,1,4,00,4D,00,12,00,00,00,00,
17731094,00000118,false,Rx,1,4,00,4E,00,12,00,00,00,00,
17741267,00000118,false,Rx,1,4,00,4F,00,12,00,00,00,00,
17750983,00000118,false,Rx,1,4,00,40,00,12,00,00,00,00,
17763241,00000118,false,Rx,1,4,00,41,00,12,00,00,00,00,
17771125,00000118,false,Rx,1,4,00,42,00,12,00,00,00,00,
17781197,00000118,false,Rx,1,4,00,43,00,12,00,00,00,00,
17791174,00000118,false,Rx,1,4,00,44,00,12,00,00,00,00,
17801181,00000118,false,Rx,1,4,00,45,00,12,00,00,00,00,
17811039,00000118,false,Rx,1,4,00,46,00,12,00,00,00,00,
17821190,00000118,false,Rx,1,4,00,47,00,12,00,00,00,00,
17831030,00000118,false,Rx,1,4,00,48,00,12,00,00,00,00,
17841188,00000118,false,Rx,1,4,00,49,00,12,00,00,00,00,
17851021,00000118,false,Rx,1,4,00,4A,00,12,00,00,00,00,
17861154,00000118,false,Rx,1,4,00,4B,00,12,00,00,00,00,
17871029,00000118,false,Rx,1,4,00,4C,00,12,00,00,00,00,
17881148,00000118,false,Rx,1,4,00,4D,00,12,00,00,00,00,
17891127,00000118,false,Rx,1,4,00,4E,00,12,00,00,00,00,
17901177,00000118,false,Rx,1,4,00,4F,00,12,00,00,00,00,
17910994,00000118,false,Rx,1,4,00,40,00,12,00,00,00,00,
17921145,00000118,false,Rx,1,4,00,41,00,12,00,00,00,00,
17930983,00000118,false,Rx,1,4,00,42,00,12,00,00,00,00,
17941141,00000118,false,Rx,1,4,00,43,00,12,00,00,00,00,
17950974,00000118,false,Rx,1,4,00,44,00,12,00,00,00,00,
17961108,00000118,false,Rx,1,4,00,45,00,12,00,00,00,00,
17961532,0000070F,false,Rx,0,8,03,22,02,8D,55,55,55,55,
17971004,00000118,false,Rx,1,4,00,46,00,12,00,00,00,00,
17981097,00000118,false,Rx,1,4,00,47,00,12,00,00,00,00,
17981393,17F0000F,true,Rx,1,8,00,0F,00,00,00,00,00,00,
17983437,00000779,false,Rx,1,8,05,62,02,8D,4F,00,AA,AA,
17991098,00000118,false,Rx,1,4,00,48,00,12,00,00,00,00,
18001087,00000118,false,Rx,1,4,00,49,00,12,00,00,00,00,
18010950,00000118,false,Rx,1,4,00,4A,00,12,00,00,00,00,
18021097,00000118,false,Rx,1,4,00,4B,00,12,00,00,00,00,
18030950,00000118,false,Rx,1,4,00,4C,00,12,00,00,00,00,
18041089,00000118,false,Rx,1,4,00,4D,00,12,00,00,00,00,
18050948,00000118,false,Rx,1,4,00,4E,00,12,00,00,00,00,
18061061,00000118,false,Rx,1,4,00,4F,00,12,00,00,00,00,
18070950,00000118,false,Rx,1,4,00,40,00,12,00,00,00,00,
18081052,00000118,false,Rx,1,4,00,41,00,12,00,00,00,00,
18091035,00000118,false,Rx,1,4,00,42,00,12,00,00,00,00,
18101043,00000118,false,Rx,1,4,00,43,00,12,00,00,00,00,
18110895,00000118,false,Rx,1,4,00,44,00,12,00,00,00,00,
18121050,00000118,false,Rx,1,4,00,45,00,12,00,00,00,00,
18130889,00000118,false,Rx,1,4,00,46,00,12,00,00,00,00,
18141040,00000118,false,Rx,1,4,00,47,00,12,00,00,00,00,
18150877,00000118,false,Rx,1,4,00,48,00,12,00,00,00,00,
18161013,00000118,false,Rx,1,4,00,49,00,12,00,00,00,00,
18170888,00000118,false,Rx,1,4,00,4A,00,12,00,00,00,00,
18181003,00000118,false,Rx,1,4,00,4B,00,12,00,00,00,00,
18190989,00000118,false,Rx,1,4,00,4C,00,12,00,00,00,00,
18200995,00000118,false,Rx,1,4,00,4D,00,12,00,00,00,00,
18210852,00000118,false,Rx,1,4,00,4E,00,12,00,00,00,00,
18221004,00000118,false,Rx,1,4,00,4F,00,12,00,00,00,00,
18230841,00000118,false,Rx,1,4,00,40,00,12,00,00,00,00,
18240995,00000118,false,Rx,1,4,00,41,00,12,00,00,00,00,
18251015,00000118,false,Rx,1,4,00,42,00,12,00,00,00,00,
18260988,00000118,false,Rx,1,4,00,43,00,12,00,00,00,00,
18271086,00000118,false,Rx,1,4,00,44,00,12,00,00,00,00,
18277144,0000070F,false,Rx,0,8,03,22,02,8D,55,55,55,55,
18281124,00000118,false,Rx,1,4,00,45,00,12,00,00,00,00,
18290889,00000118,false,Rx,1,4,00,46,00,12,00,00,00,00,
18292337,00000779,false,Rx,1,8,05,62,02,8D,4F,00,AA,AA,
18301083,00000118,false,Rx,1,4,00,47,00,12,00,00,00,00,
18310853,00000118,false,Rx,1,4,00,48,00,12,00,00,00,00,
18321446,00000118,false,Rx,1,4,00,49,00,12,00,00,00,00,
18331106,00000118,false,Rx,1,4,00,4A,00,12,00,00,00,00,
18341437,00000118,false,Rx,1,4,00,4B,00,12,00,00,00,00,
18351103,00000118,false,Rx,1,4,00,4C,00,12,00,00,00,00,
18361427,00000118,false,Rx,1,4,00,4D,00,12,00,00,00,00,
18371069,00000118,false,Rx,1,4,00,4E,00,12,00,00,00,00,
18381438,00000118,false,Rx,1,4,00,4F,00,12,00,00,00,00,
18391113,00000118,false,Rx,1,4,00,40,00,12,00,00,00,00,
18401427,00000118,false,Rx,1,4,00,41,00,12,00,00,00,00,
18411054,00000118,false,Rx,1,4,00,42,00,12,00,00,00,00,
18421399,00000118,false,Rx,1,4,00,43,00,12,00,00,00,00,
18431056,00000118,false,Rx,1,4,00,44,00,12,00,00,00,00,
18441390,00000118,false,Rx,1,4,00,45,00,12,00,00,00,00,
18451058,00000118,false,Rx,1,4,00,46,00,12,00,00,00,00,
18461380,00000118,false,Rx,1,4,00,47,00,12,00,00,00,00,
18471019,00000118,false,Rx,1,4,00,48,00,12,00,00,00,00,
18481389,00000118,false,Rx,1,4,00,49,00,12,00,00,00,00,
18481685,17F0000F,true,Rx,1,8,00,0F,00,00,00,00,00,00,
18491100,00000118,false,Rx,1,4,00,4A,00,12,00,00,00,00,
18501378,00000118,false,Rx,1,4,00,4B,00,12,00,00,00,00,
18511003,00000118,false,Rx,1,4,00,4C,00,12,00,00,00,00,
18521369,00000118,false,Rx,1,4,00,4D,00,12,00,00,00,00,
18531011,00000118,false,Rx,1,4,00,4E,00,12,00,00,00,00,
18541344,00000118,false,Rx,1,4,00,4F,00,12,00,00,00,00,
18551007,00000118,false,Rx,1,4,00,40,00,12,00,00,00,00,
18561335,00000118,false,Rx,1,4,00,41,00,12,00,00,00,00,
18570974,00000118,false,Rx,1,4,00,42,00,12,00,00,00,00,
18581343,00000118,false,Rx,1,4,00,43,00,12,00,00,00,00,
18591096,00000118,false,Rx,1,4,00,44,00,12,00,00,00,00,
18595830,0000070F,false,Rx,0,8,03,22,02,8D,55,55,55,55,
18601353,00000118,false,Rx,1,4,00,45,00,12,00,00,00,00,
18610954,00000118,false,Rx,1,4,00,46,00,12,00,00,00,00,
18612447,00000779,false,Rx,1,8,05,62,02,8D,4F,00,AA,AA,
18621375,00000118,false,Rx,1,4,00,47,00,12,00,00,00,00,
18630964,00000118,false,Rx,1,4,00,48,00,12,00,00,00,00,
18641295,00000118,false,Rx,1,4,00,49,00,12,00,00,00,00,
18651012,00000118,false,Rx,1,4,00,4A,00,12,00,00,00,00,
18661287,00000118,false,Rx,1,4,00,4B,00,12,00,00,00,00,
18670946,00000118,false,Rx,1,4,00,4C,00,12,00,00,00,00,
18681295,00000118,false,Rx,1,4,00,4D,00,12,00,00,00,00,
18691105,00000118,false,Rx,1,4,00,4E,00,12,00,00,00,00,
18701287,00000118,false,Rx,1,4,00,4F,00,12,00,00,00,00,
18710908,00000118,false,Rx,1,4,00,40,00,12,00,00,00,00,
18721369,00000118,false,Rx,1,4,00,41,00,12,00,00,00,00,
18730935,00000118,false,Rx,1,4,00,42,00,12,00,00,00,00,
18741250,00000118,false,Rx,1,4,00,43,00,12,00,00,00,00,
18751073,00000118,false,Rx,1,4,00,44,00,12,00,00,00,00,
18762995,00000118,false,Rx,1,4,00,45,00,12,00,00,00,00,
18771036,00000118,false,Rx,1,4,00,46,00,12,00,00,00,00,
18781143,00000118,false,Rx,1,4,00,47,00,12,00,00,00,00,
18791085,00000118,false,Rx,1,4,00,48,00,12,00,00,00,00,
18801130,00000118,false,Rx,1,4,00,49,00,12,00,00,00,00,
18810968,00000118,false,Rx,1,4,00,4A,00,12,00,00,00,00,
18821103,00000118,false,Rx,1,4,00,4B,00,12,00,00,00,00,
18830979,00000118,false,Rx,1,4,00,4C,00,12,00,00,00,00,
18841094,00000118,false,Rx,1,4,00,4D,00,12,00,00,00,00,
18850968,00000118,false,Rx,1,4,00,4E,00,12,00,00,00,00,
18861110,00000118,false,Rx,1,4,00,4F,00,12,00,00,00,00,
18870951,00000118,false,Rx,1,4,00,40,00,12,00,00,00,00,
18881097,00000118,false,Rx,1,4,00,41,00,12,00,00,00,00,
18891038,00000118,false,Rx,1,4,00,42,00,12,00,00,00,00,
18901086,00000118,false,Rx,1,4,00,43,00,12,00,00,00,00,
18910943,00000118,false,Rx,1,4,00,44,00,12,00,00,00,00,
18911000,0000070F,false,Rx,0,8,03,22,02,8D,55,55,55,55,
18921079,00000118,false,Rx,1,4,00,45,00,12,00,00,00,00,
18930950,00000118,false,Rx,1,4,00,46,00,12,00,00,00,00,
18932187,00000779,false,Rx,1,8,05,62,02,8D,4F,00,AA,AA,
18941055,00000118,false,Rx,1,4,00,47,00,12,00,00,00,00,
18951318,00000118,false,Rx,1,4,00,48,00,12,00,00,00,00,
18961456,00000118,false,Rx,1,4,00,49,00,12,00,00,00,00,
18971372,00000118,false,Rx,1,4,00,4A,00,12,00,00,00,00,
18981445,00000118,false,Rx,1,4,00,4B,00,12,00,00,00,00,
18981741,17F0000F,true,Rx,1,8,00,0F,00,00,00,00,00,00,
18991400,00000118,false,Rx,1,4,00,4C,00,12,00,00,00,00,
19001435,00000118,false,Rx,1,4,00,4D,00,12,00,00,00,00,
19011276,00000118,false,Rx,1,4,00,4E,00,12,00,00,00,00,
19021411,00000118,false,Rx,1,4,00,4F,00,12,00,00,00,00,
19031283,00000118,false,Rx,1,4,00,40,00,12,00,00,00,00,
19041401,00000118,false,Rx,1,4,00,41,00,12,00,00,00,00,
19051274,00000118,false,Rx,1,4,00,42,00,12,00,00,00,00,
19061394,00000118,false,Rx,1,4,00,43,00,12,00,00,00,00,
19071369,00000118,false,Rx,1,4,00,44,00,12,00,00,00,00,
19081398,00000118,false,Rx,1,4,00,45,00,12,00,00,00,00,
19091346,00000118,false,Rx,1,4,00,46,00,12,00,00,00,00,
19101389,00000118,false,Rx,1,4,00,47,00,12,00,00,00,00,
19111225,00000118,false,Rx,1,4,00,48,00,12,00,00,00,00,
19121367,00000118,false,Rx,1,4,00,49,00,12,00,00,00,00,
19131237,00000118,false,Rx,1,4,00,4A,00,12,00,00,00,00,
19141353,00000118,false,Rx,1,4,00,4B,00,12,00,00,00,00,
19151227,00000118,false,Rx,1,4,00,4C,00,12,00,00,00,00,
19161343,00000118,false,Rx,1,4,00,4D,00,12,00,00,00,00,
19171373,00000118,false,Rx,1,4,00,4E,00,12,00,00,00,00,
19181352,00000118,false,Rx,1,4,00,4F,00,12,00,00,00,00,
19191298,00000118,false,Rx,1,4,00,40,00,12,00,00,00,00,
19201343,00000118,false,Rx,1,4,00,41,00,12,00,00,00,00,
19211182,00000118,false,Rx,1,4,00,42,00,12,00,00,00,00,
19221369,00000118,false,Rx,1,4,00,43,00,12,00,00,00,00,
19227081,0000070F,false,Rx,0,8,03,22,02,8D,55,55,55,55,
19231210,00000118,false,Rx,1,4,00,44,00,12,00,00,00,00,
19241309,00000118,false,Rx,1,4,00,45,00,12,00,00,00,00,
19243689,00000779,false,Rx,1,8,05,62,02,8D,4F,00,AA,AA,
19251219,00000118,false,Rx,1,4,00,46,00,12,00,00,00,00,
19265559,00000118,false,Rx,1,4,00,47,00,12,00,00,00,00,
19271663,00000118,false,Rx,1,4,00,48,00,12,00,00,00,00,
19281385,00000118,false,Rx,1,4,00,49,00,12,00,00,00,00,
19291338,00000118,false,Rx,1,4,00,4A,00,12,00,00,00,00,
19301330,00000118,false,Rx,1,4,00,4B,00,12,00,00,00,00,
19311134,00000118,false,Rx,1,4,00,4C,00,12,00,00,00,00,
19321368,00000118,false,Rx,1,4,00,4D,00,12,00,00,00,00,
19331142,00000118,false,Rx,1,4,00,4E,00,12,00,00,00,00,
19341259,00000118,false,Rx,1,4,00,4F,00,12,00,00,00,00,
19351134,00000118,false,Rx,1,4,00,40,00,12,00,00,00,00,
19361251,00000118,false,Rx,1,4,00,41,00,12,00,00,00,00,
19371114,00000118,false,Rx,1,4,00,42,00,12,00,00,00,00,
19381261,00000118,false,Rx,1,4,00,43,00,12,00,00,00,00,
19391335,00000118,false,Rx,1,4,00,44,00,12,00,00,00,00,
19401283,00000118,false,Rx,1,4,00,45,00,12,00,00,00,00,
19411097,00000118,false,Rx,1,4,00,46,00,12,00,00,00,00,
19421370,00000118,false,Rx,1,4,00,47,00,12,00,00,00,00,
19431093,00000118,false,Rx,1,4,00,48,00,12,00,00,00,00,
19441212,00000118,false,Rx,1,4,00,49,00,12,00,00,00,00,
19451086,00000118,false,Rx,1,4,00,4A,00,12,00,00,00,00,
19461201,00000118,false,Rx,1,4,00,4B,00,12,00,00,00,00,
19471076,00000118,false,Rx,1,4,00,4C,00,12,00,00,00,00,
19481213,00000118,false,Rx,1,4,00,4D,00,12,00,00,00,00,
19481507,17F0000F,true,Rx,1,8,00,0F,00,00,00,00,00,00,
19491308,00000118,false,Rx,1,4,00,4E,00,12,00,00,00,00,
19501238,00000118,false,Rx,1,4,00,4F,00,12,00,00,00,00,
19511040,00000118,false,Rx,1,4,00,40,00,12,00,00,00,00,
19521369,00000118,false,Rx,1,4,00,41,00,12,00,00,00,00,
19531049,00000118,false,Rx,1,4,00,42,00,12,00,00,00,00,
19541166,00000118,false,Rx,1,4,00,43,00,12,00,00,00,00,
19551037,00000118,false,Rx,1,4,00,44,00,12,00,00,00,00,
19555563,0000070F,false,Rx,0,8,03,22,02,8D,55,55,55,55,
19561178,00000118,false,Rx,1,4,00,45,00,12,00,00,00,00,
19571012,00000118,false,Rx,1,4,00,46,00,12,00,00,00,00,
19572270,00000779,false,Rx,1,8,05,62,02,8D,4F,00,AA,AA,
19581174,00000118,false,Rx,1,4,00,47,00,12,00,00,00,00,
19591057,00000118,false,Rx,1,4,00,48,00,12,00,00,00,00,
19601205,00000118,false,Rx,1,4,00,49,00,12,00,00,00,00,
19610994,00000118,false,Rx,1,4,00,4A,00,12,00,00,00,00,
19621367,00000118,false,Rx,1,4,00,4B,00,12,00,00,00,00,
19631004,00000118,false,Rx,1,4,00,4C,00,12,00,00,00,00,
19641117,00000118,false,Rx,1,4,00,4D,00,12,00,00,00,00,
19650991,00000118,false,Rx,1,4,00,4E,00,12,00,00,00,00,
19661111,00000118,false,Rx,1,4,00,4F,00,12,00,00,00,00,
19670966,00000118,false,Rx,1,4,00,40,00,12,00,00,00,00,
19681118,00000118,false,Rx,1,4,00,41,00,12,00,00,00,00,
19691065,00000118,false,Rx,1,4,00,42,00,12,00,00,00,00,
19701160,00000118,false,Rx,1,4,00,43,00,12,00,00,00,00,
19710950,00000118,false,Rx,1,4,00,44,00,12,00,00,00,00,
19721079,00000118,false,Rx,1,4,00,45,00,12,00,00,00,00,
19730954,00000118,false,Rx,1,4,00,46,00,12,00,00,00,00,
19741074,00000118,false,Rx,1,4,00,47,00,12,00,00,00,00,
19751658,00000118,false,Rx,1,4,00,48,00,12,00,00,00,00,
19766250,00000118,false,Rx,1,4,00,49,00,12,00,00,00,00,
19770950,00000118,false,Rx,1,4,00,4A,00,12,00,00,00,00,
19781107,00000118,false,Rx,1,4,00,4B,00,12,00,00,00,00,
19791080,00000118,false,Rx,1,4,00,4C,00,12,00,00,00,00,
19801112,00000118,false,Rx,1,4,00,4D,00,12,00,00,00,00,
19810899,00000118,false,Rx,1,4,00,4E,00,12,00,00,00,00,
19821040,00000118,false,Rx,1,4,00,4F,00,12,00,00,00,00,
19830908,00000118,false,Rx,1,4,00,40,00,12,00,00,00,00,
19841025,00000118,false,Rx,1,4,00,41,00,12,00,00,00,00,
19850898,00000118,false,Rx,1,4,00,42,00,12,00,00,00,00,
19861016,00000118,false,Rx,1,4,00,43,00,12,00,00,00,00,
19870868,00000118,false,Rx,1,4,00,44,00,12,00,00,00,00,
19877361,0000070F,false,Rx,0,8,03,22,02,8D,55,55,55,55,
19881047,00000118,false,Rx,1,4,00,45,00,12,00,00,00,00,
19891070,00000118,false,Rx,1,4,00,46,00,12,00,00,00,00,
19892174,00000779,false,Rx,1,8,05,62,02,8D,4F,00,AA,AA,
19901075,00000118,false,Rx,1,4,00,47,00,12,00,00,00,00,
19910856,00000118,false,Rx,1,4,00,48,00,12,00,00,00,00,
19920986,00000118,false,Rx,1,4,00,49,00,12,00,00,00,00,
19930861,00000118,false,Rx,1,4,00,4A,00,12,00,00,00,00,
19940977,00000118,false,Rx,1,4,00,4B,00,12,00,00,00,00,
19950852,00000118,false,Rx,1,4,00,4C,00,12,00,00,00,00,
19960969,00000118,false,Rx,1,4,00,4D,00,12,00,00,00,00,
19970840,00000118,false,Rx,1,4,00,4E,00,12,00,00,00,00,
19980978,00000118,false,Rx,1,4,00,4F,00,12,00,00,00,00,
19981273,17F0000F,true,Rx,1,8,00,0F,00,00,00,00,00,00,
19991078,00000118,false,Rx,1,4,00,40,00,12,00,00,00,00,
20001021,00000118,false,Rx,1,4,00,41,00,12,00,00,00,00,
20010804,00000118,false,Rx,1,4,00,42,00,12,00,00,00,00,
20020950,00000118,false,Rx,1,4,00,43,00,12,00,00,00,00,
20030811,00000118,false,Rx,1,4,00,44,00,12,00,00,00,00,
20040948,00000118,false,Rx,1,4,00,45,00,12,00,00,00,00,
20050804,00000118,false,Rx,1,4,00,46,00,12,00,00,00,00,
20060938,00000118,false,Rx,1,4,00,47,00,12,00,00,00,00,
20070774,00000118,false,Rx,1,4,00,48,00,12,00,00,00,00,
20080947,00000118,false,Rx,1,4,00,49,00,12,00,00,00,00,
20090825,00000118,false,Rx,1,4,00,4A,00,12,00,00,00,00,
20100972,00000118,false,Rx,1,4,00,4B,00,12,00,00,00,00,
20110759,00000118,false,Rx,1,4,00,4C,00,12,00,00,00,00,
20120893,00000118,false,Rx,1,4,00,4D,00,12,00,00,00,00,
20130766,00000118,false,Rx,1,4,00,4E,00,12,00,00,00,00,
20140883,00000118,false,Rx,1,4,00,4F,00,12,00,00,00,00,
20150757,00000118,false,Rx,1,4,00,40,00,12,00,00,00,00,
20160875,00000118,false,Rx,1,4,00,41,00,12,00,00,00,00,
20170713,00000118,false,Rx,1,4,00,42,00,12,00,00,00,00,
20180901,00000118,false,Rx,1,4,00,43,00,12,00,00,00,00,
20190819,00000118,false,Rx,1,4,00,44,00,12,00,00,00,00,
20192799,0000070F,false,Rx,0,8,03,22,02,8D,55,55,55,55,
20200952,00000118,false,Rx,1,4,00,45,00,12,00,00,00,00,
20210693,00000118,false,Rx,1,4,00,46,00,12,00,00,00,00,
20211951,00000779,false,Rx,1,8,05,62,02,8D,4F,00,AA,AA,
20220870,00000118,false,Rx,1,4,00,47,00,12,00,00,00,00,
20230699,00000118,false,Rx,1,4,00,48,00,12,00,00,00,00,
20240856,00000118,false,Rx,1,4,00,49,00,12,00,00,00,00,
20250713,00000118,false,Rx,1,4,00,4A,00,12,00,00,00,00,
20260935,00000118,false,Rx,1,4,00,4B,00,12,00,00,00,00,
20270556,00000118,false,Rx,1,4,00,4C,00,12,00,00,00,00,
20281030,00000118,false,Rx,1,4,00,4D,00,12,00,00,00,00,
20290868,00000118,false,Rx,1,4,00,4E,00,12,00,00,00,00,
20300953,00000118,false,Rx,1,4,00,4F,00,12,00,00,00,00,
20310616,00000118,false,Rx,1,4,00,40,00,12,00,00,00,00,
20320907,00000118,false,Rx,1,4,00,41,00,12,00,00,00,00,
20330610,00000118,false,Rx,1,4,00,42,00,12,00,00,00,00,
20341300,00000118,false,Rx,1,4,00,43,00,12,00,00,00,00,
20350958,00000118,false,Rx,1,4,00,44,00,12,00,00,00,00,
20361286,00000118,false,Rx,1,4,00,45,00,12,00,00,00,00,
20370948,00000118,false,Rx,1,4,00,46,00,12,00,00,00,00,
20381296,00000118,false,Rx,1,4,00,47,00,12,00,00,00,00,
20391102,00000118,false,Rx,1,4,00,48,00,12,00,00,00,00,
20401288,00000118,false,Rx,1,4,00,49,00,12,00,00,00,00,
20410941,00000118,false,Rx,1,4,00,4A,00,12,00,00,00,00,
20421259,00000118,false,Rx,1,4,00,4B,00,12,00,00,00,00,
20430937,00000118,false,Rx,1,4,00,4C,00,12,00,00,00,00,
20441249,00000118,false,Rx,1,4,00,4D,00,12,00,00,00,00,
20450908,00000118,false,Rx,1,4,00,4E,00,12,00,00,00,00,
20461241,00000118,false,Rx,1,4,00,4F,00,12,00,00,00,00,
20470864,00000118,false,Rx,1,4,00,40,00,12,00,00,00,00,
20481249,00000118,false,Rx,1,4,00,41,00,12,00,00,00,00,
20481545,17F0000F,true,Rx,1,8,00,0F,00,00,00,00,00,00,
20491104,00000118,false,Rx,1,4,00,42,00,12,00,00,00,00,
20501251,00000118,false,Rx,1,4,00,43,00,12,00,00,00,00,
20510859,00000118,false,Rx,1,4,00,44,00,12,00,00,00,00,
20512395,0000070F,false,Rx,0,8,03,22,02,8D,55,55,55,55,
20521633,00000118,false,Rx,1,4,00,45,00,12,00,00,00,00,
20531271,00000118,false,Rx,1,4,00,46,00,12,00,00,00,00,
20532690,00000779,false,Rx,1,8,05,62,02,8D,4F,00,AA,AA,
20541610,00000118,false,Rx,1,4,00,47,00,12,00,00,00,00,
20551259,00000118,false,Rx,1,4,00,48,00,12,00,00,00,00,
20561591,00000118,false,Rx,1,4,00,49,00,12,00,00,00,00,
20571234,00000118,false,Rx,1,4,00,4A,00,12,00,00,00,00,
20581601,00000118,false,Rx,1,4,00,4B,00,12,00,00,00,00,
20591345,00000118,false,Rx,1,4,00,4C,00,12,00,00,00,00,
20601595,00000118,false,Rx,1,4,00,4D,00,12,00,00,00,00,
20611215,00000118,false,Rx,1,4,00,4E,00,12,00,00,00,00,
20621566,00000118,false,Rx,1,4,00,4F,00,12,00,00,00,00,
20631224,00000118,false,Rx,1,4,00,40,00,12,00,00,00,00,
20641557,00000118,false,Rx,1,4,00,41,00,12,00,00,00,00,
20651214,00000118,false,Rx,1,4,00,42,00,12,00,00,00,00,
20661547,00000118,false,Rx,1,4,00,43,00,12,00,00,00,00,
20671186,00000118,false,Rx,1,4,00,44,00,12,00,00,00,00,
20681554,00000118,false,Rx,1,4,00,45,00,12,00,00,00,00,
20691343,00000118,false,Rx,1,4,00,46,00,12,00,00,00,00,
20701546,00000118,false,Rx,1,4,00,47,00,12,00,00,00,00,
20711167,00000118,false,Rx,1,4,00,48,00,12,00,00,00,00,
20721518,00000118,false,Rx,1,4,00,49,00,12,00,00,00,00,
20731177,00000118,false,Rx,1,4,00,4A,00,12,00,00,00,00,
20741508,00000118,false,Rx,1,4,00,4B,00,12,00,00,00,00,
20751192,00000118,false,Rx,1,4,00,4C,00,12,00,00,00,00,
20762755,00000118,false,Rx,1,4,00,4D,00,12,00,00,00,00,
20771264,00000118,false,Rx,1,4,00,4E,00,12,00,00,00,00,
20781421,00000118,false,Rx,1,4,00,4F,00,12,00,00,00,00,
20791346,00000118,false,Rx,1,4,00,40,00,12,00,00,00,00,
20801393,00000118,false,Rx,1,4,00,41,00,12,00,00,00,00,
20811233,00000118,false,Rx,1,4,00,42,00,12,00,00,00,00,
20821365,00000118,false,Rx,1,4,00,43,00,12,00,00,00,00,
20824312,0000070F,false,Rx,0,8,03,22,2B,F1,55,55,55,55,
20831261,00000118,false,Rx,1,4,00,44,00,12,00,00,00,00,
20841352,00000118,false,Rx,1,4,00,45,00,12,00,00,00,00,
20843679,00000779,false,Rx,1,8,05,62,2B,F1,8B,62,AA,AA,
20851238,00000118,false,Rx,1,4,00,46,00,12,00,00,00,00,
20861344,00000118,false,Rx,1,4,00,47,00,12,00,00,00,00,
20871198,00000118,false,Rx,1,4,00,48,00,12,00,00,00,00,
20881354,00000118,false,Rx,1,4,00,49,00,12,00,00,00,00,
20891298,00000118,false,Rx,1,4,00,4A,00,12,00,00,00,00,
20901342,00000118,false,Rx,1,4,00,4B,00,12,00,00,00,00,
20911196,00000118,false,Rx,1,4,00,4C,00,12,00,00,00,00,
20921319,00000118,false,Rx,1,4,00,4D,00,12,00,00,00,00,
20931190,00000118,false,Rx,1,4,00,4E,00,12,00,00,00,00,
20941308,00000118,false,Rx,1,4,00,4F,00,12,00,00,00,00,
20951182,00000118,false,Rx,1,4,00,40,00,12,00,00,00,00,
20961298,00000118,false,Rx,1,4,00,41,00,12,00,00,00,00,
20971154,00000118,false,Rx,1,4,00,42,00,12,00,00,00,00,
20981306,00000118,false,Rx,1,4,00,43,00,12,00,00,00,00,
20981603,17F0000F,true,Rx,1,8,00,0F,00,00,00,00,00,00,
20991258,00000118,false,Rx,1,4,00,44,00,12,00,00,00,00,
21001296,00000118,false,Rx,1,4,00,45,00,12,00,00,00,00,
21011144,00000118,false,Rx,1,4,00,46,00,12,00,00,00,00,
21021269,00000118,false,Rx,1,4,00,47,00,12,00,00,00,00,
21031142,00000118,false,Rx,1,4,00,48,00,12,00,00,00,00,
21041260,00000118,false,Rx,1,4,00,49,00,12,00,00,00,00,
21051135,00000118,false,Rx,1,4,00,4A,00,12,00,00,00,00,
21061249,00000118,false,Rx,1,4,00,4B,00,12,00,00,00,00,
21071108,00000118,false,Rx,1,4,00,4C,00,12,00,00,00,00,
21081258,00000118,false,Rx,1,4,00,4D,00,12,00,00,00,00,
21091205,00000118,false,Rx,1,4,00,4E,00,12,00,00,00,00,
21101250,00000118,false,Rx,1,4,00,4F,00,12,00,00,00,00,
21111093,00000118,false,Rx,1,4,00,40,00,12,00,00,00,00,
21121223,00000118,false,Rx,1,4,00,41,00,12,00,00,00,00,
21131095,00000118,false,Rx,1,4,00,42,00,12,00,00,00,00,
21141214,00000118,false,Rx,1,4,00,43,00,12,00,00,00,00,
21143464,0000070F,false,Rx,0,8,03,22,02,8D,55,55,55,55,
21151108,00000118,false,Rx,1,4,00,44,00,12,00,00,00,00,
21161202,00000118,false,Rx,1,4,00,45,00,12,00,00,00,00,
21163430,00000779,false,Rx,1,8,05,62,02,8D,4F,00,AA,AA,
21171070,00000118,false,Rx,1,4,00,46,00,12,00,00,00,00,
21181611,00000118,false,Rx,1,4,00,47,00,12,00,00,00,00,
21191557,00000118,false,Rx,1,4,00,48,00,12,00,00,00,00,
21201602,00000118,false,Rx,1,4,00,49,00,12,00,00,00,00,
21211441,00000118,false,Rx,1,4,00,4A,00,12,00,00,00,00,
21221577,00000118,false,Rx,1,4,00,4B,00,12,00,00,00,00,
21231450,00000118,false,Rx,1,4,00,4C,00,12,00,00,00,00,
21241571,00000118,false,Rx,1,4,00,4D,00,12,00,00,00,00,
21251473,00000118,false,Rx,1,4,00,4E,00,12,00,00,00,00,
21262947,00000118,false,Rx,1,4,00,4F,00,12,00,00,00,00,
21271479,00000118,false,Rx,1,4,00,40,00,12,00,00,00,00,
21281613,00000118,false,Rx,1,4,00,41,00,12,00,00,00,00,
21292036,00000118,false,Rx,1,4,00,42,00,12,00,00,00,00,
21301951,00000118,false,Rx,1,4,00,43,00,12,00,00,00,00,
21311791,00000118,false,Rx,1,4,00,44,00,12,00,00,00,00,
21321961,00000118,false,Rx,1,4,00,45,00,12,00,00,00,00,
21331785,00000118,false,Rx,1,4,00,46,00,12,00,00,00,00,
21341950,00000118,false,Rx,1,4,00,47,00,12,00,00,00,00,
21351772,00000118,false,Rx,1,4,00,48,00,12,00,00,00,00,
21361908,00000118,false,Rx,1,4,00,49,00,12,00,00,00,00,
21371783,00000118,false,Rx,1,4,00,4A,00,12,00,00,00,00,
21381903,00000118,false,Rx,1,4,00,4B,00,12,00,00,00,00,
21391882,00000118,false,Rx,1,4,00,4C,00,12,00,00,00,00,
21401890,00000118,false,Rx,1,4,00,4D,00,12,00,00,00,00,
21411754,00000118,false,Rx,1,4,00,4E,00,12,00,00,00,00,
21421940,00000118,false,Rx,1,4,00,4F,00,12,00,00,00,00,
21431739,00000118,false,Rx,1,4,00,40,00,12,00,00,00,00,
21441890,00000118,false,Rx,1,4,00,41,00,12,00,00,00,00,
21451727,00000118,false,Rx,1,4,00,42,00,12,00,00,00,00,
21461863,00000118,false,Rx,1,4,00,43,00,12,00,00,00,00,
21462586,0000070F,false,Rx,0,8,03,22,2B,F1,55,55,55,55,
21471756,00000118,false,Rx,1,4,00,44,00,12,00,00,00,00,
21481852,00000118,false,Rx,1,4,00,45,00,12,00,00,00,00,
21482149,17F0000F,true,Rx,1,8,00,0F,00,00,00,00,00,00,
21484197,00000779,false,Rx,1,8,05,62,2B,F1,8B,62,AA,AA,
21491853,00000118,false,Rx,1,4,00,46,00,12,00,00,00,00,
21501842,00000118,false,Rx,1,4,00,47,00,12,00,00,00,00,
21511698,00000118,false,Rx,1,4,00,48,00,12,00,00,00,00,
21521856,00000118,false,Rx,1,4,00,49,00,12,00,00,00,00,
21531691,00000118,false,Rx,1,4,00,4A,00,12,00,00,00,00,
21541841,00000118,false,Rx,1,4,00,4B,00,12,00,00,00,00,
21551682,00000118,false,Rx,1,4,00,4C,00,12,00,00,00,00,
21561814,00000118,false,Rx,1,4,00,4D,00,12,00,00,00,00,
21571690,00000118,false,Rx,1,4,00,4E,00,12,00,00,00,00,
21581808,00000118,false,Rx,1,4,00,4F,00,12,00,00,00,00,
21591788,00000118,false,Rx,1,4,00,40,00,12,00,00,00,00,
21601798,00000118,false,Rx,1,4,00,41,00,12,00,00,00,00,
21611652,00000118,false,Rx,1,4,00,42,00,12,00,00,00,00,
21621807,00000118,false,Rx,1,4,00,43,00,12,00,00,00,00,
21631645,00000118,false,Rx,1,4,00,44,00,12,00,00,00,00,
21641794,00000118,false,Rx,1,4,00,45,00,12,00,00,00,00,
21651634,00000118,false,Rx,1,4,00,46,00,12,00,00,00,00,
21661768,00000118,false,Rx,1,4,00,47,00,12,00,00,00,00,
21671641,00000118,false,Rx,1,4,00,48,00,12,00,00,00,00,
21681759,00000118,false,Rx,1,4,00,49,00,12,00,00,00,00,
21691740,00000118,false,Rx,1,4,00,4A,00,12,00,00,00,00,
21701748,00000118,false,Rx,1,4,00,4B,00,12,00,00,00,00,
21711607,00000118,false,Rx,1,4,00,4C,00,12,00,00,00,00,
21721757,00000118,false,Rx,1,4,00,4D,00,12,00,00,00,00,
21731599,00000118,false,Rx,1,4,00,4E,00,12,00,00,00,00,
21741752,00000118,false,Rx,1,4,00,4F,00,12,00,00,00,00,
21752062,00000118,false,Rx,1,4,00,40,00,12,00,00,00,00,
21761791,00000118,false,Rx,1,4,00,41,00,12,00,00,00,00,
21771479,00000118,false,Rx,1,4,00,42,00,12,00,00,00,00,
21781154,0000070F,false,Rx,0,8,03,22,02,8D,55,55,55,55,
21781840,00000118,false,Rx,1,4,00,43,00,12,00,00,00,00,
21791588,00000118,false,Rx,1,4,00,44,00,12,00,00,00,00,
21801826,00000118,false,Rx,1,4,00,45,00,12,00,00,00,00,
21804179,00000779,false,Rx,1,8,05,62,02,8D,4F,00,AA,AA,
21811460,00000118,false,Rx,1,4,00,46,00,12,00,00,00,00,
21821800,00000118,false,Rx,1,4,00,47,00,12,00,00,00,00,
21831463,00000118,false,Rx,1,4,00,48,00,12,00,00,00,00,
21841794,00000118,false,Rx,1,4,00,49,00,12,00,00,00,00,
21851451,00000118,false,Rx,1,4,00,4A,00,12,00,00,00,00,
21861781,00000118,false,Rx,1,4,00,4B,00,12,00,00,00,00,
21871422,00000118,false,Rx,1,4,00,4C,00,12,00,00,00,00,
21881791,00000118,false,Rx,1,4,00,4D,00,12,00,00,00,00,
21891521,00000118,false,Rx,1,4,00,4E,00,12,00,00,00,00,
21901782,00000118,false,Rx,1,4,00,4F,00,12,00,00,00,00,
21911448,00000118,false,Rx,1,4,00,40,00,12,00,00,00,00,
21921754,00000118,false,Rx,1,4,00,41,00,12,00,00,00,00,
21931430,00000118,false,Rx,1,4,00,42,00,12,00,00,00,00,
21941749,00000118,false,Rx,1,4,00,43,00,12,00,00,00,00,
21951402,00000118,false,Rx,1,4,00,44,00,12,00,00,00,00,
21961735,00000118,false,Rx,1,4,00,45,00,12,00,00,00,00,
21971378,00000118,false,Rx,1,4,00,46,00,12,00,00,00,00,
21981743,00000118,false,Rx,1,4,00,47,00,12,00,00,00,00,
21982039,17F0000F,true,Rx,1,8,00,0F,00,00,00,00,00,00,
21991479,00000118,false,Rx,1,4,00,48,00,12,00,00,00,00,
22001732,00000118,false,Rx,1,4,00,49,00,12,00,00,00,00,
22011357,00000118,false,Rx,1,4,00,4A,00,12,00,00,00,00,
22021707,00000118,false,Rx,1,4,00,4B,00,12,00,00,00,00,
22031372,00000118,false,Rx,1,4,00,4C,00,12,00,00,00,00,
22041696,00000118,false,Rx,1,4,00,4D,00,12,00,00,00,00,
22051356,00000118,false,Rx,1,4,00,4E,00,12,00,00,00,00,
22061689,00000118,false,Rx,1,4,00,4F,00,12,00,00,00,00,
22071329,00000118,false,Rx,1,4,00,40,00,12,00,00,00,00,
22081697,00000118,false,Rx,1,4,00,41,00,12,00,00,00,00,
22091427,00000118,false,Rx,1,4,00,42,00,12,00,00,00,00,
22101688,00000118,false,Rx,1,4,00,43,00,12,00,00,00,00,
22111308,00000118,false,Rx,1,4,00,44,00,12,00,00,00,00,
22115648,0000070F,false,Rx,0,8,03,22,2B,F1,55,55,55,55,
22121682,00000118,false,Rx,1,4,00,45,00,12,00,00,00,00,
22131319,00000118,false,Rx,1,4,00,46,00,12,00,00,00,00,
22132690,00000779,false,Rx,1,8,05,62,2B,F1,8B,62,AA,AA,
22141658,00000118,false,Rx,1,4,00,47,00,12,00,00,00,00,
22151308,00000118,false,Rx,1,4,00,48,00,12,00,00,00,00,
22161640,00000118,false,Rx,1,4,00,49,00,12,00,00,00,00,
22171282,00000118,false,Rx,1,4,00,4A,00,12,00,00,00,00,
22181648,00000118,false,Rx,1,4,00,4B,00,12,00,00,00,00,
22191379,00000118,false,Rx,1,4,00,4C,00,12,00,00,00,00,
22201639,00000118,false,Rx,1,4,00,4D,00,12,00,00,00,00,
22211263,00000118,false,Rx,1,4,00,4E,00,12,00,00,00,00,
22221615,00000118,false,Rx,1,4,00,4F,00,12,00,00,00,00,
22231271,00000118,false,Rx,1,4,00,40,00,12,00,00,00,00,
22241610,00000118,false,Rx,1,4,00,41,00,12,00,00,00,00,
22251370,00000118,false,Rx,1,4,00,42,00,12,00,00,00,00,
22263059,00000118,false,Rx,1,4,00,43,00,12,00,00,00,00,
22271388,00000118,false,Rx,1,4,00,44,00,12,00,00,00,00,
22281609,00000118,false,Rx,1,4,00,45,00,12,00,00,00,00,
22291565,00000118,false,Rx,1,4,00,46,00,12,00,00,00,00,
22301484,00000118,false,Rx,1,4,00,47,00,12,00,00,00,00,
22311322,00000118,false,Rx,1,4,00,48,00,12,00,00,00,00,
22321456,00000118,false,Rx,1,4,00,49,00,12,00,00,00,00,
22331334,00000118,false,Rx,1,4,00,4A,00,12,00,00,00,00,
22341475,00000118,false,Rx,1,4,00,4B,00,12,00,00,00,00,
22351323,00000118,false,Rx,1,4,00,4C,00,12,00,00,00,00,
22361438,00000118,false,Rx,1,4,00,4D,00,12,00,00,00,00,
22371302,00000118,false,Rx,1,4,00,4E,00,12,00,00,00,00,
22381449,00000118,false,Rx,1,4,00,4F,00,12,00,00,00,00,
22391394,00000118,false,Rx,1,4,00,40,00,12,00,00,00,00,
22401440,00000118,false,Rx,1,4,00,41,00,12,00,00,00,00,
22411276,00000118,false,Rx,1,4,00,42,00,12,00,00,00,00,
22421420,00000118,false,Rx,1,4,00,43,00,12,00,00,00,00,
22431283,00000118,false,Rx,1,4,00,44,00,12,00,00,00,00,
22441419,00000118,false,Rx,1,4,00,45,00,12,00,00,00,00,
22443235,0000070F,false,Rx,0,8,03,22,2B,E4,55,55,55,55,
22451300,00000118,false,Rx,1,4,00,46,00,12,00,00,00,00,
22461391,00000118,false,Rx,1,4,00,47,00,12,00,00,00,00,
22463687,00000779,false,Rx,1,8,05,62,2B,E4,E1,61,AA,AA,
22471255,00000118,false,Rx,1,4,00,48,00,12,00,00,00,00,
22481400,00000118,false,Rx,1,4,00,49,00,12,00,00,00,00,
22481697,17F0000F,true,Rx,1,8,00,0F,00,00,00,00,00,00,
22491355,00000118,false,Rx,1,4,00,4A,00,12,00,00,00,00,
22501392,00000118,false,Rx,1,4,00,4B,00,12,00,00,00,00,
22511230,00000118,false,Rx,1,4,00,4C,00,12,00,00,00,00,
22521364,00000118,false,Rx,1,4,00,4D,00,12,00,00,00,00,
22531238,00000118,false,Rx,1,4,00,4E,00,12,00,00,00,00,
22541357,00000118,false,Rx,1,4,00,4F,00,12,00,00,00,00,
22551230,00000118,false,Rx,1,4,00,40,00,12,00,00,00,00,
22561346,00000118,false,Rx,1,4,00,41,00,12,00,00,00,00,
22571202,00000118,false,Rx,1,4,00,42,00,12,00,00,00,00,
22581354,00000118,false,Rx,1,4,00,43,00,12,00,00,00,00,
22591298,00000118,false,Rx,1,4,00,44,00,12,00,00,00,00,
22601344,00000118,false,Rx,1,4,00,45,00,12,00,00,00,00,
22611182,00000118,false,Rx,1,4,00,46,00,12,00,00,00,00,
22621316,00000118,false,Rx,1,4,00,47,00,12,00,00,00,00,
22631189,00000118,false,Rx,1,4,00,48,00,12,00,00,00,00,
22641307,00000118,false,Rx,1,4,00,49,00,12,00,00,00,00,
22651184,00000118,false,Rx,1,4,00,4A,00,12,00,00,00,00,
22661298,00000118,false,Rx,1,4,00,4B,00,12,00,00,00,00,
22671155,00000118,false,Rx,1,4,00,4C,00,12,00,00,00,00,
22681307,00000118,false,Rx,1,4,00,4D,00,12,00,00,00,00,
22691252,00000118,false,Rx,1,4,00,4E,00,12,00,00,00,00,
22701298,00000118,false,Rx,1,4,00,4F,00,12,00,00,00,00,
22711135,00000118,false,Rx,1,4,00,40,00,12,00,00,00,00,
22721271,00000118,false,Rx,1,4,00,41,00,12,00,00,00,00,
22731143,00000118,false,Rx,1,4,00,42,00,12,00,00,00,00,
22741266,00000118,false,Rx,1,4,00,43,00,12,00,00,00,00,
22751222,00000118,false,Rx,1,4,00,44,00,12,00,00,00,00,
22762497,0000070F,false,Rx,0,8,03,22,02,8D,55,55,55,55,
22762530,00000118,false,Rx,1,4,00,45,00,12,00,00,00,00,
22771197,00000118,false,Rx,1,4,00,46,00,12,00,00,00,00,
22781264,00000118,false,Rx,1,4,00,47,00,12,00,00,00,00,
22783698,00000779,false,Rx,1,8,05,62,02,8D,4F,00,AA,AA,
22791232,00000118,false,Rx,1,4,00,48,00,12,00,00,00,00,
22801231,00000118,false,Rx,1,4,00,49,00,12,00,00,00,00,
22811088,00000118,false,Rx,1,4,00,4A,00,12,00,00,00,00,
22821241,00000118,false,Rx,1,4,00,4B,00,12,00,00,00,00,
22831080,00000118,false,Rx,1,4,00,4C,00,12,00,00,00,00,
22841233,00000118,false,Rx,1,4,00,4D,00,12,00,00,00,00,
22851120,00000118,false,Rx,1,4,00,4E,00,12,00,00,00,00,
22861206,00000118,false,Rx,1,4,00,4F,00,12,00,00,00,00,
22871078,00000118,false,Rx,1,4,00,40,00,12,00,00,00,00,
22881196,00000118,false,Rx,1,4,00,41,00,12,00,00,00,00,
22891177,00000118,false,Rx,1,4,00,42,00,12,00,00,00,00,
22901186,00000118,false,Rx,1,4,00,43,00,12,00,00,00,00,
22911041,00000118,false,Rx,1,4,00,44,00,12,00,00,00,00,
22921199,00000118,false,Rx,1,4,00,45,00,12,00,00,00,00,
22931032,00000118,false,Rx,1,4,00,46,00,12,00,00,00,00,
22941185,00000118,false,Rx,1,4,00,47,00,12,00,00,00,00,
22951022,00000118,false,Rx,1,4,00,48,00,12,00,00,00,00,
22961165,00000118,false,Rx,1,4,00,49,00,12,00,00,00,00,
22971031,00000118,false,Rx,1,4,00,4A,00,12,00,00,00,00,
22981148,00000118,false,Rx,1,4,00,4B,00,12,00,00,00,00,
22981444,17F0000F,true,Rx,1,8,00,0F,00,00,00,00,00,00,
22991139,00000118,false,Rx,1,4,00,4C,00,12,00,00,00,00,
23001138,00000118,false,Rx,1,4,00,4D,00,12,00,00,00,00,
23010994,00000118,false,Rx,1,4,00,4E,00,12,00,00,00,00,
23021149,00000118,false,Rx,1,4,00,4F,00,12,00,00,00,00,
23030985,00000118,false,Rx,1,4,00,40,00,12,00,00,00,00,
23041139,00000118,false,Rx,1,4,00,41,00,12,00,00,00,00,
23050976,00000118,false,Rx,1,4,00,42,00,12,00,00,00,00,
23061120,00000118,false,Rx,1,4,00,43,00,12,00,00,00,00,
23070983,00000118,false,Rx,1,4,00,44,00,12,00,00,00,00,
23076390,0000070F,false,Rx,0,8,03,22,2B,F1,55,55,55,55,
23081123,00000118,false,Rx,1,4,00,45,00,12,00,00,00,00,
23091086,00000118,false,Rx,1,4,00,46,00,12,00,00,00,00,
23092335,00000779,false,Rx,1,8,05,62,2B,F1,8B,62,AA,AA,
23101099,00000118,false,Rx,1,4,00,47,00,12,00,00,00,00,
23111346,00000118,false,Rx,1,4,00,48,00,12,00,00,00,00,
23121499,00000118,false,Rx,1,4,00,49,00,12,00,00,00,00,
23131337,00000118,false,Rx,1,4,00,4A,00,12,00,00,00,00,
23141490,00000118,false,Rx,1,4,00,4B,00,12,00,00,00,00,
23151329,00000118,false,Rx,1,4,00,4C,00,12,00,00,00,00,
23161463,00000118,false,Rx,1,4,00,4D,00,12,00,00,00,00,
23171337,00000118,false,Rx,1,4,00,4E,00,12,00,00,00,00,
23181455,00000118,false,Rx,1,4,00,4F,00,12,00,00,00,00,
23191438,00000118,false,Rx,1,4,00,40,00,12,00,00,00,00,
23201446,00000118,false,Rx,1,4,00,41,00,12,00,00,00,00,
23211300,00000118,false,Rx,1,4,00,42,00,12,00,00,00,00,
23221454,00000118,false,Rx,1,4,00,43,00,12,00,00,00,00,
23231289,00000118,false,Rx,1,4,00,44,00,12,00,00,00,00,
23241443,00000118,false,Rx,1,4,00,45,00,12,00,00,00,00,
23251331,00000118,false,Rx,1,4,00,46,00,12,00,00,00,00,
23265120,00000118,false,Rx,1,4,00,47,00,12,00,00,00,00,
23271323,00000118,false,Rx,1,4,00,48,00,12,00,00,00,00,
23281625,00000118,false,Rx,1,4,00,49,00,12,00,00,00,00,
23291494,00000118,false,Rx,1,4,00,4A,00,12,00,00,00,00,
23301415,00000118,false,Rx,1,4,00,4B,00,12,00,00,00,00,
23311255,00000118,false,Rx,1,4,00,4C,00,12,00,00,00,00,
23321404,00000118,false,Rx,1,4,00,4D,00,12,00,00,00,00,
23331244,00000118,false,Rx,1,4,00,4E,00,12,00,00,00,00,
23341379,00000118,false,Rx,1,4,00,4F,00,12,00,00,00,00,
23351252,00000118,false,Rx,1,4,00,40,00,12,00,00,00,00,
23361370,00000118,false,Rx,1,4,00,41,00,12,00,00,00,00,
23371259,00000118,false,Rx,1,4,00,42,00,12,00,00,00,00,
23381360,00000118,false,Rx,1,4,00,43,00,12,00,00,00,00,
23391323,00000118,false,Rx,1,4,00,44,00,12,00,00,00,00,
23395468,0000070F,false,Rx,0,8,03,22,2B,E4,55,55,55,55,
23401390,00000118,false,Rx,1,4,00,45,00,12,00,00,00,00,
23411206,00000118,false,Rx,1,4,00,46,00,12,00,00,00,00,
23412489,00000779,false,Rx,1,8,05,62,2B,E4,E1,61,AA,AA,
23421368,00000118,false,Rx,1,4,00,47,00,12,00,00,00,00,
23431196,00000118,false,Rx,1,4,00,48,00,12,00,00,00,00,
23441332,00000118,false,Rx,1,4,00,49,00,12,00,00,00,00,
23451205,00000118,false,Rx,1,4,00,4A,00,12,00,00,00,00,
23461322,00000118,false,Rx,1,4,00,4B,00,12,00,00,00,00,
23471206,00000118,false,Rx,1,4,00,4C,00,12,00,00,00,00,
23481311,00000118,false,Rx,1,4,00,4D,00,12,00,00,00,00,
23481607,17F0000F,true,Rx,1,8,00,0F,00,00,00,00,00,00,
23491283,00000118,false,Rx,1,4,00,4E,00,12,00,00,00,00,
23501322,00000118,false,Rx,1,4,00,4F,00,12,00,00,00,00,
23511160,00000118,false,Rx,1,4,00,40,00,12,00,00,00,00,
23521313,00000118,false,Rx,1,4,00,41,00,12,00,00,00,00,
23531151,00000118,false,Rx,1,4,00,42,00,12,00,00,00,00,
23541286,00000118,false,Rx,1,4,00,43,00,12,00,00,00,00,
23551156,00000118,false,Rx,1,4,00,44,00,12,00,00,00,00,
23561275,00000118,false,Rx,1,4,00,45,00,12,00,00,00,00,
23571154,00000118,false,Rx,1,4,00,46,00,12,00,00,00,00,
23581264,00000118,false,Rx,1,4,00,47,00,12,00,00,00,00,
23591229,00000118,false,Rx,1,4,00,48,00,12,00,00,00,00,
23601273,00000118,false,Rx,1,4,00,49,00,12,00,00,00,00,
23611113,00000118,false,Rx,1,4,00,4A,00,12,00,00,00,00,
23621263,00000118,false,Rx,1,4,00,4B,00,12,00,00,00,00,
23631104,00000118,false,Rx,1,4,00,4C,00,12,00,00,00,00,
23641236,00000118,false,Rx,1,4,00,4D,00,12,00,00,00,00,
23651112,00000118,false,Rx,1,4,00,4E,00,12,00,00,00,00,
23661229,00000118,false,Rx,1,4,00,4F,00,12,00,00,00,00,
23671107,00000118,false,Rx,1,4,00,40,00,12,00,00,00,00,
23681220,00000118,false,Rx,1,4,00,41,00,12,00,00,00,00,
23691184,00000118,false,Rx,1,4,00,42,00,12,00,00,00,00,
23701229,00000118,false,Rx,1,4,00,43,00,12,00,00,00,00,
23711064,00000118,false,Rx,1,4,00,44,00,12,00,00,00,00,
23713530,0000070F,false,Rx,0,8,03,22,02,8D,55,55,55,55,
23721240,00000118,false,Rx,1,4,00,45,00,12,00,00,00,00,
23731056,00000118,false,Rx,1,4,00,46,00,12,00,00,00,00,
23732314,00000779,false,Rx,1,8,05,62,02,8D,4F,00,AA,AA,
23741202,00000118,false,Rx,1,4,00,47,00,12,00,00,00,00,
23751493,00000118,false,Rx,1,4,00,48,00,12,00,00,00,00,
23763269,00000118,false,Rx,1,4,00,49,00,12,00,00,00,00,
23771716,00000118,false,Rx,1,4,00,4A,00,12,00,00,00,00,
23781577,00000118,false,Rx,1,4,00,4B,00,12,00,00,00,00,
23791537,00000118,false,Rx,1,4,00,4C,00,12,00,00,00,00,
23801580,00000118,false,Rx,1,4,00,4D,00,12,00,00,00,00,
23811419,00000118,false,Rx,1,4,00,4E,00,12,00,00,00,00,
23821572,00000118,false,Rx,1,4,00,4F,00,12,00,00,00,00,
23831411,00000118,false,Rx,1,4,00,40,00,12,00,00,00,00,
23841545,00000118,false,Rx,1,4,00,41,00,12,00,00,00,00,
23851418,00000118,false,Rx,1,4,00,42,00,12,00,00,00,00,
23861535,00000118,false,Rx,1,4,00,43,00,12,00,00,00,00,
23871406,00000118,false,Rx,1,4,00,44,00,12,00,00,00,00,
23881531,00000118,false,Rx,1,4,00,45,00,12,00,00,00,00,
23891489,00000118,false,Rx,1,4,00,46,00,12,00,00,00,00,
23901533,00000118,false,Rx,1,4,00,47,00,12,00,00,00,00,
23911370,00000118,false,Rx,1,4,00,48,00,12,00,00,00,00,
23921535,00000118,false,Rx,1,4,00,49,00,12,00,00,00,00,
23931364,00000118,false,Rx,1,4,00,4A,00,12,00,00,00,00,
23941497,00000118,false,Rx,1,4,00,4B,00,12,00,00,00,00,
23951370,00000118,false,Rx,1,4,00,4C,00,12,00,00,00,00,
23961487,00000118,false,Rx,1,4,00,4D,00,12,00,00,00,00,
23971360,00000118,false,Rx,1,4,00,4E,00,12,00,00,00,00,
23981485,00000118,false,Rx,1,4,00,4F,00,12,00,00,00,00,
23981776,17F0000F,true,Rx,1,8,00,0F,00,00,00,00,00,00,
23991454,00000118,false,Rx,1,4,00,40,00,12,00,00,00,00,
24001487,00000118,false,Rx,1,4,00,41,00,12,00,00,00,00,
24011324,00000118,false,Rx,1,4,00,42,00,12,00,00,00,00,
24021477,00000118,false,Rx,1,4,00,43,00,12,00,00,00,00,
24031313,00000118,false,Rx,1,4,00,44,00,12,00,00,00,00,
24031443,0000070F,false,Rx,0,8,03,22,2B,F1,55,55,55,55,
24041472,00000118,false,Rx,1,4,00,45,00,12,00,00,00,00,
24051324,00000118,false,Rx,1,4,00,46,00,12,00,00,00,00,
24052577,00000779,false,Rx,1,8,05,62,2B,F1,8B,62,AA,AA,
24061448,00000118,false,Rx,1,4,00,47,00,12,00,00,00,00,
24071712,00000118,false,Rx,1,4,00,48,00,12,00,00,00,00,
24081830,00000118,false,Rx,1,4,00,49,00,12,00,00,00,00,
24091796,00000118,false,Rx,1,4,00,4A,00,12,00,00,00,00,
24101838,00000118,false,Rx,1,4,00,4B,00,12,00,00,00,00,
24111677,00000118,false,Rx,1,4,00,4C,00,12,00,00,00,00,
24121828,00000118,false,Rx,1,4,00,4D,00,12,00,00,00,00,
24131667,00000118,false,Rx,1,4,00,4E,00,12,00,00,00,00,
24141804,00000118,false,Rx,1,4,00,4F,00,12,00,00,00,00,
24151676,00000118,false,Rx,1,4,00,40,00,12,00,00,00,00,
24161795,00000118,false,Rx,1,4,00,41,00,12,00,00,00,00,
24171666,00000118,false,Rx,1,4,00,42,00,12,00,00,00,00,
24181787,00000118,false,Rx,1,4,00,43,00,12,00,00,00,00,
24191747,00000118,false,Rx,1,4,00,44,00,12,00,00,00,00,
24201790,00000118,false,Rx,1,4,00,45,00,12,00,00,00,00,
24211629,00000118,false,Rx,1,4,00,46,00,12,00,00,00,00,
24221781,00000118,false,Rx,1,4,00,47,00,12,00,00,00,00,
24231618,00000118,false,Rx,1,4,00,48,00,12,00,00,00,00,
24241759,00000118,false,Rx,1,4,00,49,00,12,00,00,00,00,
24251647,00000118,false,Rx,1,4,00,4A,00,12,00,00,00,00,
24261784,00000118,false,Rx,1,4,00,4B,00,12,00,00,00,00,
24271606,00000118,false,Rx,1,4,00,4C,00,12,00,00,00,00,
24281878,00000118,false,Rx,1,4,00,4D,00,12,00,00,00,00,
24291901,00000118,false,Rx,1,4,00,4E,00,12,00,00,00,00,
24301858,00000118,false,Rx,1,4,00,4F,00,12,00,00,00,00,
24311620,00000118,false,Rx,1,4,00,40,00,12,00,00,00,00,
24321863,00000118,false,Rx,1,4,00,41,00,12,00,00,00,00,
24331604,00000118,false,Rx,1,4,00,42,00,12,00,00,00,00,
24341859,00000118,false,Rx,1,4,00,43,00,12,00,00,00,00,
24351606,00000118,false,Rx,1,4,00,44,00,12,00,00,00,00,
24361618,0000070F,false,Rx,0,8,03,22,2B,E4,55,55,55,55,
24361859,00000118,false,Rx,1,4,00,45,00,12,00,00,00,00,
24371614,00000118,false,Rx,1,4,00,46,00,12,00,00,00,00,
24381862,00000118,false,Rx,1,4,00,47,00,12,00,00,00,00,
24384029,00000779,false,Rx,1,8,05,62,2B,E4,E1,61,AA,AA,
24391615,00000118,false,Rx,1,4,00,48,00,12,00,00,00,00,
24401868,00000118,false,Rx,1,4,00,49,00,12,00,00,00,00,
24411600,00000118,false,Rx,1,4,00,4A,00,12,00,00,00,00,
24421872,00000118,false,Rx,1,4,00,4B,00,12,00,00,00,00,
24431614,00000118,false,Rx,1,4,00,4C,00,12,00,00,00,00,
24441857,00000118,false,Rx,1,4,00,4D,00,12,00,00,00,00,
24451614,00000118,false,Rx,1,4,00,4E,00,12,00,00,00,00,
24461857,00000118,false,Rx,1,4,00,4F,00,12,00,00,00,00,
24471370,00000118,false,Rx,1,4,00,40,00,12,00,00,00,00,
24481861,00000118,false,Rx,1,4,00,41,00,12,00,00,00,00,
24482158,17F0000F,true,Rx,1,8,00,0F,00,00,00,00,00,00,
24491615,00000118,false,Rx,1,4,00,42,00,12,00,00,00,00,
24501860,00000118,false,Rx,1,4,00,43,00,12,00,00,00,00,
24511362,00000118,false,Rx,1,4,00,44,00,12,00,00,00,00,
24521859,00000118,false,Rx,1,4,00,45,00,12,00,00,00,00,
24531371,00000118,false,Rx,1,4,00,46,00,12,00,00,00,00,
24541851,00000118,false,Rx,1,4,00,47,00,12,00,00,00,00,
24551362,00000118,false,Rx,1,4,00,48,00,12,00,00,00,00,
24561860,00000118,false,Rx,1,4,00,49,00,12,00,00,00,00,
24571357,00000118,false,Rx,1,4,00,4A,00,12,00,00,00,00,
24581858,00000118,false,Rx,1,4,00,4B,00,12,00,00,00,00,
24591615,00000118,false,Rx,1,4,00,4C,00,12,00,00,00,00,
24601858,00000118,false,Rx,1,4,00,4D,00,12,00,00,00,00,
24611369,00000118,false,Rx,1,4,00,4E,00,12,00,00,00,00,
24621854,00000118,false,Rx,1,4,00,4F,00,12,00,00,00,00,
24631369,00000118,false,Rx,1,4,00,40,00,12,00,00,00,00,
24641862,00000118,false,Rx,1,4,00,41,00,12,00,00,00,00,
24651360,00000118,false,Rx,1,4,00,42,00,12,00,00,00,00,
24661862,00000118,false,Rx,1,4,00,43,00,12,00,00,00,00,
24671357,00000118,false,Rx,1,4,00,44,00,12,00,00,00,00,
24681859,00000118,false,Rx,1,4,00,45,00,12,00,00,00,00,
24691607,00000118,false,Rx,1,4,00,46,00,12,00,00,00,00,
24694887,0000070F,false,Rx,0,8,03,22,02,8D,55,55,55,55,
24701853,00000118,false,Rx,1,4,00,47,00,12,00,00,00,00,
24711363,00000118,false,Rx,1,4,00,48,00,12,00,00,00,00,
24712510,00000779,false,Rx,1,8,05,62,02,8D,4F,00,AA,AA,
24721860,00000118,false,Rx,1,4,00,49,00,12,00,00,00,00,
24731355,00000118,false,Rx,1,4,00,4A,00,12,00,00,00,00,
24741863,00000118,false,Rx,1,4,00,4B,00,12,00,00,00,00,
24751386,00000118,false,Rx,1,4,00,4C,00,12,00,00,00,00,
24766703,00000118,false,Rx,1,4,00,4D,00,12,00,00,00,00,
24771380,00000118,false,Rx,1,4,00,4E,00,12,00,00,00,00,
24781538,00000118,false,Rx,1,4,00,4F,00,12,00,00,00,00,
24791448,00000118,false,Rx,1,4,00,40,00,12,00,00,00,00,
24801534,00000118,false,Rx,1,4,00,41,00,12,00,00,00,00,
24811348,00000118,false,Rx,1,4,00,42,00,12,00,00,00,00,
24821483,00000118,false,Rx,1,4,00,43,00,12,00,00,00,00,
24831358,00000118,false,Rx,1,4,00,44,00,12,00,00,00,00,
24841472,00000118,false,Rx,1,4,00,45,00,12,00,00,00,00,
24851347,00000118,false,Rx,1,4,00,46,00,12,00,00,00,00,
24861462,00000118,false,Rx,1,4,00,47,00,12,00,00,00,00,
24871318,00000118,false,Rx,1,4,00,48,00,12,00,00,00,00,
24881473,00000118,false,Rx,1,4,00,49,00,12,00,00,00,00,
24891401,00000118,false,Rx,1,4,00,4A,00,12,00,00,00,00,
24901484,00000118,false,Rx,1,4,00,4B,00,12,00,00,00,00,
24911302,00000118,false,Rx,1,4,00,4C,00,12,00,00,00,00,
24921443,00000118,false,Rx,1,4,00,4D,00,12,00,00,00,00,
24931311,00000118,false,Rx,1,4,00,4E,00,12,00,00,00,00,
24941427,00000118,false,Rx,1,4,00,4F,00,12,00,00,00,00,
24951300,00000118,false,Rx,1,4,00,40,00,12,00,00,00,00,
24961418,00000118,false,Rx,1,4,00,41,00,12,00,00,00,00,
24971274,00000118,false,Rx,1,4,00,42,00,12,00,00,00,00,
24981426,00000118,false,Rx,1,4,00,43,00,12,00,00,00,00,
24981722,17F0000F,true,Rx,1,8,00,0F,00,00,00,00,00,00,
24991360,00000118,false,Rx,1,4,00,44,00,12,00,00,00,00,
25001847,00000118,false,Rx,1,4,00,45,00,12,00,00,00,00,
25011533,0000070F,false,Rx,0,8,03,22,2B,F1,55,55,55,55,
25011654,00000118,false,Rx,1,4,00,46,00,12,00,00,00,00,
25021810,00000118,false,Rx,1,4,00,47,00,12,00,00,00,00,
25031661,00000118,false,Rx,1,4,00,48,00,12,00,00,00,00,
25032935,00000779,false,Rx,1,8,05,62,2B,F1,8B,62,AA,AA,
25041787,00000118,false,Rx,1,4,00,49,00,12,00,00,00,00,
25052054,00000118,false,Rx,1,4,00,4A,00,12,00,00,00,00,
25062169,00000118,false,Rx,1,4,00,4B,00,12,00,00,00,00,
25072025,00000118,false,Rx,1,4,00,4C,00,12,00,00,00,00,
25082177,00000118,false,Rx,1,4,00,4D,00,12,00,00,00,00,
25092123,00000118,false,Rx,1,4,00,4E,00,12,00,00,00,00,
25102171,00000118,false,Rx,1,4,00,4F,00,12,00,00,00,00,
25112009,00000118,false,Rx,1,4,00,40,00,12,00,00,00,00,
25122142,00000118,false,Rx,1,4,00,41,00,12,00,00,00,00,
25132015,00000118,false,Rx,1,4,00,42,00,12,00,00,00,00,
25142134,00000118,false,Rx,1,4,00,43,00,12,00,00,00,00,
25152004,00000118,false,Rx,1,4,00,44,00,12,00,00,00,00,
25162121,00000118,false,Rx,1,4,00,45,00,12,00,00,00,00,
25171979,00000118,false,Rx,1,4,00,46,00,12,00,00,00,00,
25182131,00000118,false,Rx,1,4,00,47,00,12,00,00,00,00,
25192074,00000118,false,Rx,1,4,00,48,00,12,00,00,00,00,
25202120,00000118,false,Rx,1,4,00,49,00,12,00,00,00,00,
25211967,00000118,false,Rx,1,4,00,4A,00,12,00,00,00,00,
25222093,00000118,false,Rx,1,4,00,4B,00,12,00,00,00,00,
25231970,00000118,false,Rx,1,4,00,4C,00,12,00,00,00,00,
25242089,00000118,false,Rx,1,4,00,4D,00,12,00,00,00,00,
25251960,00000118,false,Rx,1,4,00,4E,00,12,00,00,00,00,
25262791,00000118,false,Rx,1,4,00,4F,00,12,00,00,00,00,
25272579,00000118,false,Rx,1,4,00,40,00,12,00,00,00,00,
25282327,00000118,false,Rx,1,4,00,41,00,12,00,00,00,00,
25292129,00000118,false,Rx,1,4,00,42,00,12,00,00,00,00,
25302058,00000118,false,Rx,1,4,00,43,00,12,00,00,00,00,
25311940,00000118,false,Rx,1,4,00,44,00,12,00,00,00,00,
25322064,00000118,false,Rx,1,4,00,45,00,12,00,00,00,00,
25327966,0000070F,false,Rx,0,8,03,22,2B,E4,55,55,55,55,
25331946,00000118,false,Rx,1,4,00,46,00,12,00,00,00,00,
25342058,00000118,false,Rx,1,4,00,47,00,12,00,00,00,00,
25344429,00000779,false,Rx,1,8,05,62,2B,E4,E1,61,AA,AA,
25351902,00000118,false,Rx,1,4,00,48,00,12,00,00,00,00,
25362029,00000118,false,Rx,1,4,00,49,00,12,00,00,00,00,
25371904,00000118,false,Rx,1,4,00,4A,00,12,00,00,00,00,
25382018,00000118,false,Rx,1,4,00,4B,00,12,00,00,00,00,
25392005,00000118,false,Rx,1,4,00,4C,00,12,00,00,00,00,
25402010,00000118,false,Rx,1,4,00,4D,00,12,00,00,00,00,
25411870,00000118,false,Rx,1,4,00,4E,00,12,00,00,00,00,
25422036,00000118,false,Rx,1,4,00,4F,00,12,00,00,00,00,
25431857,00000118,false,Rx,1,4,00,40,00,12,00,00,00,00,
25442010,00000118,false,Rx,1,4,00,41,00,12,00,00,00,00,
25451848,00000118,false,Rx,1,4,00,42,00,12,00,00,00,00,
25461983,00000118,false,Rx,1,4,00,43,00,12,00,00,00,00,
25471853,00000118,false,Rx,1,4,00,44,00,12,00,00,00,00,
25481976,00000118,false,Rx,1,4,00,45,00,12,00,00,00,00,
25482268,17F0000F,true,Rx,1,8,00,0F,00,00,00,00,00,00,
25491962,00000118,false,Rx,1,4,00,46,00,12,00,00,00,00,
25501961,00000118,false,Rx,1,4,00,47,00,12,00,00,00,00,
25511818,00000118,false,Rx,1,4,00,48,00,12,00,00,00,00,
25521978,00000118,false,Rx,1,4,00,49,00,12,00,00,00,00,
25531809,00000118,false,Rx,1,4,00,4A,00,12,00,00,00,00,
25541961,00000118,false,Rx,1,4,00,4B,00,12,00,00,00,00,
25551801,00000118,false,Rx,1,4,00,4C,00,12,00,00,00,00,
25561953,00000118,false,Rx,1,4,00,4D,00,12,00,00,00,00,
25571808,00000118,false,Rx,1,4,00,4E,00,12,00,00,00,00,
25581946,00000118,false,Rx,1,4,00,4F,00,12,00,00,00,00,
25591906,00000118,false,Rx,1,4,00,40,00,12,00,00,00,00,
25601936,00000118,false,Rx,1,4,00,41,00,12,00,00,00,00,
25611771,00000118,false,Rx,1,4,00,42,00,12,00,00,00,00,
25621947,00000118,false,Rx,1,4,00,43,00,12,00,00,00,00,
25631763,00000118,false,Rx,1,4,00,44,00,12,00,00,00,00,
25641914,00000118,false,Rx,1,4,00,45,00,12,00,00,00,00,
25646894,0000070F,false,Rx,0,8,03,22,02,8D,55,55,55,55,
25651776,00000118,false,Rx,1,4,00,46,00,12,00,00,00,00,
25661886,00000118,false,Rx,1,4,00,47,00,12,00,00,00,00,
25664104,00000779,false,Rx,1,8,05,62,02,8D,4F,00,AA,AA,
25671769,00000118,false,Rx,1,4,00,48,00,12,00,00,00,00,
25681877,00000118,false,Rx,1,4,00,49,00,12,00,00,00,00,
25691861,00000118,false,Rx,1,4,00,4A,00,12,00,00,00,00,
25701868,00000118,false,Rx,1,4,00,4B,00,12,00,00,00,00,
25711726,00000118,false,Rx,1,4,00,4C,00,12,00,00,00,00,
25721879,00000118,false,Rx,1,4,00,4D,00,12,00,00,00,00,
25731715,00000118,false,Rx,1,4,00,4E,00,12,00,00,00,00,
25741871,00000118,false,Rx,1,4,00,4F,00,12,00,00,00,00,
25751756,00000118,false,Rx,1,4,00,40,00,12,00,00,00,00,
25765892,00000118,false,Rx,1,4,00,41,00,12,00,00,00,00,
25771731,00000118,false,Rx,1,4,00,42,00,12,00,00,00,00,
25781853,00000118,false,Rx,1,4,00,43,00,12,00,00,00,00,
25791793,00000118,false,Rx,1,4,00,44,00,12,00,00,00,00,
25801838,00000118,false,Rx,1,4,00,45,00,12,00,00,00,00,
25811678,00000118,false,Rx,1,4,00,46,00,12,00,00,00,00,
25821837,00000118,false,Rx,1,4,00,47,00,12,00,00,00,00,
25831666,00000118,false,Rx,1,4,00,48,00,12,00,00,00,00,
25841804,00000118,false,Rx,1,4,00,49,00,12,00,00,00,00,
25851677,00000118,false,Rx,1,4,00,4A,00,12,00,00,00,00,
25861793,00000118,false,Rx,1,4,00,4B,00,12,00,00,00,00,
25871669,00000118,false,Rx,1,4,00,4C,00,12,00,00,00,00,
25881785,00000118,false,Rx,1,4,00,4D,00,12,00,00,00,00,
25891748,00000118,false,Rx,1,4,00,4E,00,12,00,00,00,00,
25901794,00000118,false,Rx,1,4,00,4F,00,12,00,00,00,00,
25911632,00000118,false,Rx,1,4,00,40,00,12,00,00,00,00,
25921798,00000118,false,Rx,1,4,00,41,00,12,00,00,00,00,
25931629,00000118,false,Rx,1,4,00,42,00,12,00,00,00,00,
25941757,00000118,false,Rx,1,4,00,43,00,12,00,00,00,00,
25951629,00000118,false,Rx,1,4,00,44,00,12,00,00,00,00,
25961746,00000118,false,Rx,1,4,00,45,00,12,00,00,00,00,
25965823,0000070F,false,Rx,0,8,03,22,2B,F1,55,55,55,55,
25971642,00000118,false,Rx,1,4,00,46,00,12,00,00,00,00,
25981736,00000118,false,Rx,1,4,00,47,00,12,00,00,00,00,
25982036,17F0000F,true,Rx,1,8,00,0F,00,00,00,00,00,00,
25983962,00000779,false,Rx,1,8,05,62,2B,F1,8B,62,AA,AA,
25991720,00000118,false,Rx,1,4,00,48,00,12,00,00,00,00,
26001745,00000118,false,Rx,1,4,00,49,00,12,00,00,00,00,
26011583,00000118,false,Rx,1,4,00,4A,00,12,00,00,00,00,
26021735,00000118,false,Rx,1,4,00,4B,00,12,00,00,00,00,
26031574,00000118,false,Rx,1,4,00,4C,00,12,00,00,00,00,
26041708,00000118,false,Rx,1,4,00,4D,00,12,00,00,00,00,
26051582,00000118,false,Rx,1,4,00,4E,00,12,00,00,00,00,
26061700,00000118,false,Rx,1,4,00,4F,00,12,00,00,00,00,
26071574,00000118,false,Rx,1,4,00,40,00,12,00,00,00,00,
26081692,00000118,false,Rx,1,4,00,41,00,12,00,00,00,00,
26091656,00000118,false,Rx,1,4,00,42,00,12,00,00,00,00,
26101700,00000118,false,Rx,1,4,00,43,00,12,00,00,00,00,
26111535,00000118,false,Rx,1,4,00,44,00,12,00,00,00,00,
26121688,00000118,false,Rx,1,4,00,45,00,12,00,00,00,00,
26131527,00000118,false,Rx,1,4,00,46,00,12,00,00,00,00,
26141661,00000118,false,Rx,1,4,00,47,00,12,00,00,00,00,
26151534,00000118,false,Rx,1,4,00,48,00,12,00,00,00,00,
26161652,00000118,false,Rx,1,4,00,49,00,12,00,00,00,00,
26171526,00000118,false,Rx,1,4,00,4A,00,12,00,00,00,00,
26181642,00000118,false,Rx,1,4,00,4B,00,12,00,00,00,00,
26191609,00000118,false,Rx,1,4,00,4C,00,12,00,00,00,00,
26201651,00000118,false,Rx,1,4,00,4D,00,12,00,00,00,00,
26211489,00000118,false,Rx,1,4,00,4E,00,12,00,00,00,00,
26221643,00000118,false,Rx,1,4,00,4F,00,12,00,00,00,00,
26231481,00000118,false,Rx,1,4,00,40,00,12,00,00,00,00,
26241619,00000118,false,Rx,1,4,00,41,00,12,00,00,00,00,
26251527,00000118,false,Rx,1,4,00,42,00,12,00,00,00,00,
26265149,00000118,false,Rx,1,4,00,43,00,12,00,00,00,00,
26271496,00000118,false,Rx,1,4,00,44,00,12,00,00,00,00,
26281631,00000118,false,Rx,1,4,00,45,00,12,00,00,00,00,
26282246,0000070F,false,Rx,0,8,03,22,2B,E4,55,55,55,55,
26292073,00000118,false,Rx,1,4,00,46,00,12,00,00,00,00,
26302421,00000118,false,Rx,1,4,00,47,00,12,00,00,00,00,
26304635,00000779,false,Rx,1,8,05,62,2B,E4,E1,61,AA,AA,
26312250,00000118,false,Rx,1,4,00,48,00,12,00,00,00,00,
26322394,00000118,false,Rx,1,4,00,49,00,12,00,00,00,00,
26332238,00000118,false,Rx,1,4,00,4A,00,12,00,00,00,00,
26342373,00000118,false,Rx,1,4,00,4B,00,12,00,00,00,00,
26352241,00000118,false,Rx,1,4,00,4C,00,12,00,00,00,00,
26362357,00000118,false,Rx,1,4,00,4D,00,12,00,00,00,00,
26372231,00000118,false,Rx,1,4,00,4E,00,12,00,00,00,00,
26382351,00000118,false,Rx,1,4,00,4F,00,12,00,00,00,00,
26392295,00000118,false,Rx,1,4,00,40,00,12,00,00,00,00,
26402375,00000118,false,Rx,1,4,00,41,00,12,00,00,00,00,
26412195,00000118,false,Rx,1,4,00,42,00,12,00,00,00,00,
26422369,00000118,false,Rx,1,4,00,43,00,12,00,00,00,00,
26432185,00000118,false,Rx,1,4,00,44,00,12,00,00,00,00,
26442327,00000118,false,Rx,1,4,00,45,00,12,00,00,00,00,
26452194,00000118,false,Rx,1,4,00,46,00,12,00,00,00,00,
26462309,00000118,false,Rx,1,4,00,47,00,12,00,00,00,00,
26472184,00000118,false,Rx,1,4,00,48,00,12,00,00,00,00,
26482489,00000118,false,Rx,1,4,00,49,00,12,00,00,00,00,
26482600,17F0000F,true,Rx,1,8,00,0F,00,00,00,00,00,00,
26492264,00000118,false,Rx,1,4,00,4A,00,12,00,00,00,00,
26502328,00000118,false,Rx,1,4,00,4B,00,12,00,00,00,00,
26512149,00000118,false,Rx,1,4,00,4C,00,12,00,00,00,00,
26522299,00000118,false,Rx,1,4,00,4D,00,12,00,00,00,00,
26532139,00000118,false,Rx,1,4,00,4E,00,12,00,00,00,00,
26542277,00000118,false,Rx,1,4,00,4F,00,12,00,00,00,00,
26552152,00000118,false,Rx,1,4,00,40,00,12,00,00,00,00,
26562266,00000118,false,Rx,1,4,00,41,00,12,00,00,00,00,
26572138,00000118,false,Rx,1,4,00,42,00,12,00,00,00,00,
26582256,00000118,false,Rx,1,4,00,43,00,12,00,00,00,00,
26592198,00000118,false,Rx,1,4,00,44,00,12,00,00,00,00,
26602280,00000118,false,Rx,1,4,00,45,00,12,00,00,00,00,
26612102,00000118,false,Rx,1,4,00,46,00,12,00,00,00,00,
26615248,0000070F,false,Rx,0,8,03,22,02,8D,55,55,55,55,
26622276,00000118,false,Rx,1,4,00,47,00,12,00,00,00,00,
26632090,00000118,false,Rx,1,4,00,48,00,12,00,00,00,00,
26633350,00000779,false,Rx,1,8,05,62,02,8D,4F,00,AA,AA,
26642236,00000118,false,Rx,1,4,00,49,00,12,00,00,00,00,
26652505,00000118,false,Rx,1,4,00,4A,00,12,00,00,00,00,
26662617,00000118,false,Rx,1,4,00,4B,00,12,00,00,00,00,
26672491,00000118,false,Rx,1,4,00,4C,00,12,00,00,00,00,
26682606,00000118,false,Rx,1,4,00,4D,00,12,00,00,00,00,
26692572,00000118,false,Rx,1,4,00,4E,00,12,00,00,00,00,
26702618,00000118,false,Rx,1,4,00,4F,00,12,00,00,00,00,
26712453,00000118,false,Rx,1,4,00,40,00,12,00,00,00,00,
26722607,00000118,false,Rx,1,4,00,41,00,12,00,00,00,00,
26732445,00000118,false,Rx,1,4,00,42,00,12,00,00,00,00,
26742590,00000118,false,Rx,1,4,00,43,00,12,00,00,00,00,
26752556,00000118,false,Rx,1,4,00,44,00,12,00,00,00,00,
26769056,00000118,false,Rx,1,4,00,45,00,12,00,00,00,00,
26772484,00000118,false,Rx,1,4,00,46,00,12,00,00,00,00,
26782686,00000118,false,Rx,1,4,00,47,00,12,00,00,00,00,
26792570,00000118,false,Rx,1,4,00,48,00,12,00,00,00,00,
26802640,00000118,false,Rx,1,4,00,49,00,12,00,00,00,00,
26812594,00000118,false,Rx,1,4,00,4A,00,12,00,00,00,00,
26822595,00000118,false,Rx,1,4,00,4B,00,12,00,00,00,00,
26832600,00000118,false,Rx,1,4,00,4C,00,12,00,00,00,00,
26842568,00000118,false,Rx,1,4,00,4D,00,12,00,00,00,00,
26852594,00000118,false,Rx,1,4,00,4E,00,12,00,00,00,00,
26862559,00000118,false,Rx,1,4,00,4F,00,12,00,00,00,00,
26872576,00000118,false,Rx,1,4,00,40,00,12,00,00,00,00,
26882570,00000118,false,Rx,1,4,00,41,00,12,00,00,00,00,
26892576,00000118,false,Rx,1,4,00,42,00,12,00,00,00,00,
26902595,00000118,false,Rx,1,4,00,43,00,12,00,00,00,00,
26912328,00000118,false,Rx,1,4,00,44,00,12,00,00,00,00,
26922551,00000118,false,Rx,1,4,00,45,00,12,00,00,00,00,
26929871,0000070F,false,Rx,0,8,03,22,2B,F1,55,55,55,55,
26932578,00000118,false,Rx,1,4,00,46,00,12,00,00,00,00,
26942521,00000118,false,Rx,1,4,00,47,00,12,00,00,00,00,
26944733,00000779,false,Rx,1,8,05,62,2B,F1,8B,62,AA,AA,
26952339,00000118,false,Rx,1,4,00,48,00,12,00,00,00,00,
26962511,00000118,false,Rx,1,4,00,49,00,12,00,00,00,00,
26972337,00000118,false,Rx,1,4,00,4A,00,12,00,00,00,00,
26982520,00000118,false,Rx,1,4,00,4B,00,12,00,00,00,00,
26982816,17F0000F,true,Rx,1,8,00,0F,00,00,00,00,00,00,
26992556,00000118,false,Rx,1,4,00,4C,00,12,00,00,00,00,
27002558,00000118,false,Rx,1,4,00,4D,00,12,00,00,00,00,
27012351,00000118,false,Rx,1,4,00,4E,00,12,00,00,00,00,
27022512,00000118,false,Rx,1,4,00,4F,00,12,00,00,00,00,
27032358,00000118,false,Rx,1,4,00,40,00,12,00,00,00,00,
27042475,00000118,false,Rx,1,4,00,41,00,12,00,00,00,00,
27052339,00000118,false,Rx,1,4,00,42,00,12,00,00,00,00,
27062466,00000118,false,Rx,1,4,00,43,00,12,00,00,00,00,
27072347,00000118,false,Rx,1,4,00,44,00,12,00,00,00,00,
27082473,00000118,false,Rx,1,4,00,45,00,12,00,00,00,00,
27092328,00000118,false,Rx,1,4,00,46,00,12,00,00,00,00,
27102499,00000118,false,Rx,1,4,00,47,00,12,00,00,00,00,
27112336,00000118,false,Rx,1,4,00,48,00,12,00,00,00,00,
27122471,00000118,false,Rx,1,4,00,49,00,12,00,00,00,00,
27132341,00000118,false,Rx,1,4,00,4A,00,12,00,00,00,00,
27142445,00000118,false,Rx,1,4,00,4B,00,12,00,00,00,00,
27152349,00000118,false,Rx,1,4,00,4C,00,12,00,00,00,00,
27162436,00000118,false,Rx,1,4,00,4D,00,12,00,00,00,00,
27172338,00000118,false,Rx,1,4,00,4E,00,12,00,00,00,00,
27182445,00000118,false,Rx,1,4,00,4F,00,12,00,00,00,00,
27192331,00000118,false,Rx,1,4,00,40,00,12,00,00,00,00,
27202455,00000118,false,Rx,1,4,00,41,00,12,00,00,00,00,
27212333,00000118,false,Rx,1,4,00,42,00,12,00,00,00,00,
27222426,00000118,false,Rx,1,4,00,43,00,12,00,00,00,00,
27232331,00000118,false,Rx,1,4,00,44,00,12,00,00,00,00,
27242397,00000118,false,Rx,1,4,00,45,00,12,00,00,00,00,
27246003,0000070F,false,Rx,0,8,03,22,2B,E4,55,55,55,55,
27252158,00000118,false,Rx,1,4,00,46,00,12,00,00,00,00,
27262230,00000118,false,Rx,1,4,00,47,00,12,00,00,00,00,
27264608,00000779,false,Rx,1,8,05,62,2B,E4,E1,61,AA,AA,
27272235,00000118,false,Rx,1,4,00,48,00,12,00,00,00,00,
27282556,00000118,false,Rx,1,4,00,49,00,12,00,00,00,00,
27292344,00000118,false,Rx,1,4,00,4A,00,12,00,00,00,00,
27302733,00000118,false,Rx,1,4,00,4B,00,12,00,00,00,00,
27312573,00000118,false,Rx,1,4,00,4C,00,12,00,00,00,00,
27322724,00000118,false,Rx,1,4,00,4D,00,12,00,00,00,00,
27332563,00000118,false,Rx,1,4,00,4E,00,12,00,00,00,00,
27342699,00000118,false,Rx,1,4,00,4F,00,12,00,00,00,00,
27352571,00000118,false,Rx,1,4,00,40,00,12,00,00,00,00,
27362713,00000118,false,Rx,1,4,00,41,00,12,00,00,00,00,
27372563,00000118,false,Rx,1,4,00,42,00,12,00,00,00,00,
27382687,00000118,false,Rx,1,4,00,43,00,12,00,00,00,00,
27392639,00000118,false,Rx,1,4,00,44,00,12,00,00,00,00,
27402686,00000118,false,Rx,1,4,00,45,00,12,00,00,00,00,
27412525,00000118,false,Rx,1,4,00,46,00,12,00,00,00,00,
27422680,00000118,false,Rx,1,4,00,47,00,12,00,00,00,00,
27432514,00000118,false,Rx,1,4,00,48,00,12,00,00,00,00,
27442649,00000118,false,Rx,1,4,00,49,00,12,00,00,00,00,
27452525,00000118,false,Rx,1,4,00,4A,00,12,00,00,00,00,
27462659,00000118,false,Rx,1,4,00,4B,00,12,00,00,00,00,
27472518,00000118,false,Rx,1,4,00,4C,00,12,00,00,00,00,
27482631,00000118,false,Rx,1,4,00,4D,00,12,00,00,00,00,
27482966,17F0000F,true,Rx,1,8,00,0F,00,00,00,00,00,00,
27492604,00000118,false,Rx,1,4,00,4E,00,12,00,00,00,00,
27502640,00000118,false,Rx,1,4,00,4F,00,12,00,00,00,00,
27512478,00000118,false,Rx,1,4,00,40,00,12,00,00,00,00,
27522632,00000118,false,Rx,1,4,00,41,00,12,00,00,00,00,
27532468,00000118,false,Rx,1,4,00,42,00,12,00,00,00,00,
27542604,00000118,false,Rx,1,4,00,43,00,12,00,00,00,00,
27552476,00000118,false,Rx,1,4,00,44,00,12,00,00,00,00,
27562600,00000118,false,Rx,1,4,00,45,00,12,00,00,00,00,
27564328,0000070F,false,Rx,0,8,03,22,02,8D,55,55,55,55,
27572490,00000118,false,Rx,1,4,00,46,00,12,00,00,00,00,
27582584,00000118,false,Rx,1,4,00,47,00,12,00,00,00,00,
27584944,00000779,false,Rx,1,8,05,62,02,8D,4F,00,AA,AA,
27592556,00000118,false,Rx,1,4,00,48,00,12,00,00,00,00,
27602593,00000118,false,Rx,1,4,00,49,00,12,00,00,00,00,
27612430,00000118,false,Rx,1,4,00,4A,00,12,00,00,00,00,
27622583,00000118,false,Rx,1,4,00,4B,00,12,00,00,00,00,
27632422,00000118,false,Rx,1,4,00,4C,00,12,00,00,00,00,
27642555,00000118,false,Rx,1,4,00,4D,00,12,00,00,00,00,
27652459,00000118,false,Rx,1,4,00,4E,00,12,00,00,00,00,
27662580,00000118,false,Rx,1,4,00,4F,00,12,00,00,00,00,
27672740,00000118,false,Rx,1,4,00,40,00,12,00,00,00,00,
27682549,00000118,false,Rx,1,4,00,41,00,12,00,00,00,00,
27692501,00000118,false,Rx,1,4,00,42,00,12,00,00,00,00,
27702548,00000118,false,Rx,1,4,00,43,00,12,00,00,00,00,
27712381,00000118,false,Rx,1,4,00,44,00,12,00,00,00,00,
27722536,00000118,false,Rx,1,4,00,45,00,12,00,00,00,00,
27732375,00000118,false,Rx,1,4,00,46,00,12,00,00,00,00,
27742573,00000118,false,Rx,1,4,00,47,00,12,00,00,00,00,
27754436,00000118,false,Rx,1,4,00,48,00,12,00,00,00,00,
27762675,00000118,false,Rx,1,4,00,49,00,12,00,00,00,00,
27772251,00000118,false,Rx,1,4,00,4A,00,12,00,00,00,00,
27782598,00000118,false,Rx,1,4,00,4B,00,12,00,00,00,00,
27792365,00000118,false,Rx,1,4,00,4C,00,12,00,00,00,00,
27802588,00000118,false,Rx,1,4,00,4D,00,12,00,00,00,00,
27812248,00000118,false,Rx,1,4,00,4E,00,12,00,00,00,00,
27822583,00000118,false,Rx,1,4,00,4F,00,12,00,00,00,00,
27832377,00000118,false,Rx,1,4,00,40,00,12,00,00,00,00,
27842589,00000118,false,Rx,1,4,00,41,00,12,00,00,00,00,
27852211,00000118,false,Rx,1,4,00,42,00,12,00,00,00,00,
27862580,00000118,false,Rx,1,4,00,43,00,12,00,00,00,00,
27872205,00000118,false,Rx,1,4,00,44,00,12,00,00,00,00,
27882549,00000118,false,Rx,1,4,00,45,00,12,00,00,00,00,
27892319,00000118,false,Rx,1,4,00,46,00,12,00,00,00,00,
27894722,0000070F,false,Rx,0,8,03,22,2B,F1,55,55,55,55,
27902564,00000118,false,Rx,1,4,00,47,00,12,00,00,00,00,
27912199,00000118,false,Rx,1,4,00,48,00,12,00,00,00,00,
27913455,00000779,false,Rx,1,8,05,62,2B,F1,8B,62,AA,AA,
27922572,00000118,false,Rx,1,4,00,49,00,12,00,00,00,00,
27932379,00000118,false,Rx,1,4,00,4A,00,12,00,00,00,00,
27942539,00000118,false,Rx,1,4,00,4B,00,12,00,00,00,00,
27952164,00000118,false,Rx,1,4,00,4C,00,12,00,00,00,00,
27962531,00000118,false,Rx,1,4,00,4D,00,12,00,00,00,00,
27972169,00000118,false,Rx,1,4,00,4E,00,12,00,00,00,00,
27982506,00000118,false,Rx,1,4,00,4F,00,12,00,00,00,00,
27982802,17F0000F,true,Rx,1,8,00,0F,00,00,00,00,00,00,
27992279,00000118,false,Rx,1,4,00,40,00,12,00,00,00,00,
28002496,00000118,false,Rx,1,4,00,41,00,12,00,00,00,00,
28012153,00000118,false,Rx,1,4,00,42,00,12,00,00,00,00,
28022486,00000118,false,Rx,1,4,00,43,00,12,00,00,00,00,
28032124,00000118,false,Rx,1,4,00,44,00,12,00,00,00,00,
28042493,00000118,false,Rx,1,4,00,45,00,12,00,00,00,00,
28052156,00000118,false,Rx,1,4,00,46,00,12,00,00,00,00,
28062490,00000118,false,Rx,1,4,00,47,00,12,00,00,00,00,
28072162,00000118,false,Rx,1,4,00,48,00,12,00,00,00,00,
28082457,00000118,false,Rx,1,4,00,49,00,12,00,00,00,00,
28092223,00000118,false,Rx,1,4,00,4A,00,12,00,00,00,00,
28102446,00000118,false,Rx,1,4,00,4B,00,12,00,00,00,00,
28112107,00000118,false,Rx,1,4,00,4C,00,12,00,00,00,00,
28122438,00000118,false,Rx,1,4,00,4D,00,12,00,00,00,00,
28132078,00000118,false,Rx,1,4,00,4E,00,12,00,00,00,00,
28142447,00000118,false,Rx,1,4,00,4F,00,12,00,00,00,00,
28152070,00000118,false,Rx,1,4,00,40,00,12,00,00,00,00,
28162440,00000118,false,Rx,1,4,00,41,00,12,00,00,00,00,
28172059,00000118,false,Rx,1,4,00,42,00,12,00,00,00,00,
28182414,00000118,false,Rx,1,4,00,43,00,12,00,00,00,00,
28192177,00000118,false,Rx,1,4,00,44,00,12,00,00,00,00,
28202399,00000118,false,Rx,1,4,00,45,00,12,00,00,00,00,
28212060,00000118,false,Rx,1,4,00,46,00,12,00,00,00,00,
28213516,0000070F,false,Rx,0,8,03,22,2B,E4,55,55,55,55,
28222413,00000118,false,Rx,1,4,00,47,00,12,00,00,00,00,
28232029,00000118,false,Rx,1,4,00,48,00,12,00,00,00,00,
28233289,00000779,false,Rx,1,8,05,62,2B,E4,E1,61,AA,AA,
28242411,00000118,false,Rx,1,4,00,49,00,12,00,00,00,00,
28252071,00000118,false,Rx,1,4,00,4A,00,12,00,00,00,00,
28265793,00000118,false,Rx,1,4,00,4B,00,12,00,00,00,00,
28272414,00000118,false,Rx,1,4,00,4C,00,12,00,00,00,00,
28282338,00000118,false,Rx,1,4,00,4D,00,12,00,00,00,00,
28292273,00000118,false,Rx,1,4,00,4E,00,12,00,00,00,00,
28302665,00000118,false,Rx,1,4,00,4F,00,12,00,00,00,00,
28312502,00000118,false,Rx,1,4,00,40,00,12,00,00,00,00,
28322655,00000118,false,Rx,1,4,00,41,00,12,00,00,00,00,
28332494,00000118,false,Rx,1,4,00,42,00,12,00,00,00,00,
28342628,00000118,false,Rx,1,4,00,43,00,12,00,00,00,00,
28352499,00000118,false,Rx,1,4,00,44,00,12,00,00,00,00,
28362617,00000118,false,Rx,1,4,00,45,00,12,00,00,00,00,
28372491,00000118,false,Rx,1,4,00,46,00,12,00,00,00,00,
28382615,00000118,false,Rx,1,4,00,47,00,12,00,00,00,00,
28392570,00000118,false,Rx,1,4,00,48,00,12,00,00,00,00,
28402616,00000118,false,Rx,1,4,00,49,00,12,00,00,00,00,
28412455,00000118,false,Rx,1,4,00,4A,00,12,00,00,00,00,
28422606,00000118,false,Rx,1,4,00,4B,00,12,00,00,00,00,
28432451,00000118,false,Rx,1,4,00,4C,00,12,00,00,00,00,
28442580,00000118,false,Rx,1,4,00,4D,00,12,00,00,00,00,
28452453,00000118,false,Rx,1,4,00,4E,00,12,00,00,00,00,
28462572,00000118,false,Rx,1,4,00,4F,00,12,00,00,00,00,
28472445,00000118,false,Rx,1,4,00,40,00,12,00,00,00,00,
28482574,00000118,false,Rx,1,4,00,41,00,12,00,00,00,00,
28482858,17F0000F,true,Rx,1,8,00,0F,00,00,00,00,00,00,
28492535,00000118,false,Rx,1,4,00,42,00,12,00,00,00,00,
28502571,00000118,false,Rx,1,4,00,43,00,12,00,00,00,00,
28512405,00000118,false,Rx,1,4,00,44,00,12,00,00,00,00,
28522559,00000118,false,Rx,1,4,00,45,00,12,00,00,00,00,
28528125,0000070F,false,Rx,0,8,03,22,02,8D,55,55,55,55,
28532421,00000118,false,Rx,1,4,00,46,00,12,00,00,00,00,
28542531,00000118,false,Rx,1,4,00,47,00,12,00,00,00,00,
28544748,00000779,false,Rx,1,8,05,62,02,8D,4F,00,AA,AA,
28552414,00000118,false,Rx,1,4,00,48,00,12,00,00,00,00,
28562522,00000118,false,Rx,1,4,00,49,00,12,00,00,00,00,
28572398,00000118,false,Rx,1,4,00,4A,00,12,00,00,00,00,
28582512,00000118,false,Rx,1,4,00,4B,00,12,00,00,00,00,
28592482,00000118,false,Rx,1,4,00,4C,00,12,00,00,00,00,
28602521,00000118,false,Rx,1,4,00,4D,00,12,00,00,00,00,
28612361,00000118,false,Rx,1,4,00,4E,00,12,00,00,00,00,
28622514,00000118,false,Rx,1,4,00,4F,00,12,00,00,00,00,
28632351,00000118,false,Rx,1,4,00,40,00,12,00,00,00,00,
28642488,00000118,false,Rx,1,4,00,41,00,12,00,00,00,00,
28652360,00000118,false,Rx,1,4,00,42,00,12,00,00,00,00,
28662478,00000118,false,Rx,1,4,00,43,00,12,00,00,00,00,
28672348,00000118,false,Rx,1,4,00,44,00,12,00,00,00,00,
28682466,00000118,false,Rx,1,4,00,45,00,12,00,00,00,00,
28692431,00000118,false,Rx,1,4,00,46,00,12,00,00,00,00,
28702475,00000118,false,Rx,1,4,00,47,00,12,00,00,00,00,
28712313,00000118,false,Rx,1,4,00,48,00,12,00,00,00,00,
28722466,00000118,false,Rx,1,4,00,49,00,12,00,00,00,00,
28732304,00000118,false,Rx,1,4,00,4A,00,12,00,00,00,00,
28742441,00000118,false,Rx,1,4,00,4B,00,12,00,00,00,00,
28752341,00000118,false,Rx,1,4,00,4C,00,12,00,00,00,00,
28763786,00000118,false,Rx,1,4,00,4D,00,12,00,00,00,00,
28772352,00000118,false,Rx,1,4,00,4E,00,12,00,00,00,00,
28782423,00000118,false,Rx,1,4,00,4F,00,12,00,00,00,00,
28792393,00000118,false,Rx,1,4,00,40,00,12,00,00,00,00,
28802430,00000118,false,Rx,1,4,00,41,00,12,00,00,00,00,
28812266,00000118,false,Rx,1,4,00,42,00,12,00,00,00,00,
28822419,00000118,false,Rx,1,4,00,43,00,12,00,00,00,00,
28832255,00000118,false,Rx,1,4,00,44,00,12,00,00,00,00,
28842390,00000118,false,Rx,1,4,00,45,00,12,00,00,00,00,
28852266,00000118,false,Rx,1,4,00,46,00,12,00,00,00,00,
28852902,0000070F,false,Rx,0,8,03,22,2B,F1,55,55,55,55,
28862405,00000118,false,Rx,1,4,00,47,00,12,00,00,00,00,
28872255,00000118,false,Rx,1,4,00,48,00,12,00,00,00,00,
28873620,00000779,false,Rx,1,8,05,62,2B,F1,8B,62,AA,AA,
28882384,00000118,false,Rx,1,4,00,49,00,12,00,00,00,00,
28892340,00000118,false,Rx,1,4,00,4A,00,12,00,00,00,00,
28902385,00000118,false,Rx,1,4,00,4B,00,12,00,00,00,00,
28912220,00000118,false,Rx,1,4,00,4C,00,12,00,00,00,00,
28922371,00000118,false,Rx,1,4,00,4D,00,12,00,00,00,00,
28932216,00000118,false,Rx,1,4,00,4E,00,12,00,00,00,00,
28942346,00000118,false,Rx,1,4,00,4F,00,12,00,00,00,00,
28952219,00000118,false,Rx,1,4,00,40,00,12,00,00,00,00,
28962337,00000118,false,Rx,1,4,00,41,00,12,00,00,00,00,
28972208,00000118,false,Rx,1,4,00,42,00,12,00,00,00,00,
28982327,00000118,false,Rx,1,4,00,43,00,12,00,00,00,00,
28982623,17F0000F,true,Rx,1,8,00,0F,00,00,00,00,00,00,
28992295,00000118,false,Rx,1,4,00,44,00,12,00,00,00,00,
29002343,00000118,false,Rx,1,4,00,45,00,12,00,00,00,00,
29012172,00000118,false,Rx,1,4,00,46,00,12,00,00,00,00,
29022324,00000118,false,Rx,1,4,00,47,00,12,00,00,00,00,
29032162,00000118,false,Rx,1,4,00,48,00,12,00,00,00,00,
29042296,00000118,false,Rx,1,4,00,49,00,12,00,00,00,00,
29052172,00000118,false,Rx,1,4,00,4A,00,12,00,00,00,00,
29062288,00000118,false,Rx,1,4,00,4B,00,12,00,00,00,00,
29072174,00000118,false,Rx,1,4,00,4C,00,12,00,00,00,00,
29082285,00000118,false,Rx,1,4,00,4D,00,12,00,00,00,00,
29092313,00000118,false,Rx,1,4,00,4E,00,12,00,00,00,00,
29102584,00000118,false,Rx,1,4,00,4F,00,12,00,00,00,00,
29112145,00000118,false,Rx,1,4,00,40,00,12,00,00,00,00,
29122279,00000118,false,Rx,1,4,00,41,00,12,00,00,00,00,
29132117,00000118,false,Rx,1,4,00,42,00,12,00,00,00,00,
29142252,00000118,false,Rx,1,4,00,43,00,12,00,00,00,00,
29152124,00000118,false,Rx,1,4,00,44,00,12,00,00,00,00,
29162240,00000118,false,Rx,1,4,00,45,00,12,00,00,00,00,
29164775,0000070F,false,Rx,0,8,03,22,2B,E4,55,55,55,55,
29172139,00000118,false,Rx,1,4,00,46,00,12,00,00,00,00,
29182232,00000118,false,Rx,1,4,00,47,00,12,00,00,00,00,
29184447,00000779,false,Rx,1,8,05,62,2B,E4,E1,61,AA,AA,
29192203,00000118,false,Rx,1,4,00,48,00,12,00,00,00,00,
29202250,00000118,false,Rx,1,4,00,49,00,12,00,00,00,00,
29212079,00000118,false,Rx,1,4,00,4A,00,12,00,00,00,00,
29222230,00000118,false,Rx,1,4,00,4B,00,12,00,00,00,00,
29232068,00000118,false,Rx,1,4,00,4C,00,12,00,00,00,00,
29242260,00000118,false,Rx,1,4,00,4D,00,12,00,00,00,00,
29255259,00000118,false,Rx,1,4,00,4E,00,12,00,00,00,00,
29262371,00000118,false,Rx,1,4,00,4F,00,12,00,00,00,00,
29271952,00000118,false,Rx,1,4,00,40,00,12,00,00,00,00,
29282558,00000118,false,Rx,1,4,00,41,00,12,00,00,00,00,
29292130,00000118,false,Rx,1,4,00,42,00,12,00,00,00,00,
29302304,00000118,false,Rx,1,4,00,43,00,12,00,00,00,00,
29311953,00000118,false,Rx,1,4,00,44,00,12,00,00,00,00,
29322274,00000118,false,Rx,1,4,00,45,00,12,00,00,00,00,
29331933,00000118,false,Rx,1,4,00,46,00,12,00,00,00,00,
29342282,00000118,false,Rx,1,4,00,47,00,12,00,00,00,00,
29351903,00000118,false,Rx,1,4,00,48,00,12,00,00,00,00,
29362271,00000118,false,Rx,1,4,00,49,00,12,00,00,00,00,
29371899,00000118,false,Rx,1,4,00,4A,00,12,00,00,00,00,
29382375,00000118,false,Rx,1,4,00,4B,00,12,00,00,00,00,
29392011,00000118,false,Rx,1,4,00,4C,00,12,00,00,00,00,
29402234,00000118,false,Rx,1,4,00,4D,00,12,00,00,00,00,
29411899,00000118,false,Rx,1,4,00,4E,00,12,00,00,00,00,
29422228,00000118,false,Rx,1,4,00,4F,00,12,00,00,00,00,
29431874,00000118,false,Rx,1,4,00,40,00,12,00,00,00,00,
29442236,00000118,false,Rx,1,4,00,41,00,12,00,00,00,00,
29451858,00000118,false,Rx,1,4,00,42,00,12,00,00,00,00,
29462226,00000118,false,Rx,1,4,00,43,00,12,00,00,00,00,
29471847,00000118,false,Rx,1,4,00,44,00,12,00,00,00,00,
29482376,00000118,false,Rx,1,4,00,45,00,12,00,00,00,00,
29482672,17F0000F,true,Rx,1,8,00,0F,00,00,00,00,00,00,
29483224,0000070F,false,Rx,0,8,03,22,02,8D,55,55,55,55,
29492004,00000118,false,Rx,1,4,00,46,00,12,00,00,00,00,
29502187,00000118,false,Rx,1,4,00,47,00,12,00,00,00,00,
29504405,00000779,false,Rx,1,8,05,62,02,8D,4F,00,AA,AA,
29511861,00000118,false,Rx,1,4,00,48,00,12,00,00,00,00,
29522178,00000118,false,Rx,1,4,00,49,00,12,00,00,00,00,
29531821,00000118,false,Rx,1,4,00,4A,00,12,00,00,00,00,
29542186,00000118,false,Rx,1,4,00,4B,00,12,00,00,00,00,
29551812,00000118,false,Rx,1,4,00,4C,00,12,00,00,00,00,
29562178,00000118,false,Rx,1,4,00,4D,00,12,00,00,00,00,
29571801,00000118,false,Rx,1,4,00,4E,00,12,00,00,00,00,
29582386,00000118,false,Rx,1,4,00,4F,00,12,00,00,00,00,
29591937,00000118,false,Rx,1,4,00,40,00,12,00,00,00,00,
29602143,00000118,false,Rx,1,4,00,41,00,12,00,00,00,00,
29611806,00000118,false,Rx,1,4,00,42,00,12,00,00,00,00,
29622134,00000118,false,Rx,1,4,00,43,00,12,00,00,00,00,
29631773,00000118,false,Rx,1,4,00,44,00,12,00,00,00,00,
29642140,00000118,false,Rx,1,4,00,45,00,12,00,00,00,00,
29651764,00000118,false,Rx,1,4,00,46,00,12,00,00,00,00,
29662130,00000118,false,Rx,1,4,00,47,00,12,00,00,00,00,
29671753,00000118,false,Rx,1,4,00,48,00,12,00,00,00,00,
29682103,00000118,false,Rx,1,4,00,49,00,12,00,00,00,00,
29691871,00000118,false,Rx,1,4,00,4A,00,12,00,00,00,00,
29702094,00000118,false,Rx,1,4,00,4B,00,12,00,00,00,00,
29711758,00000118,false,Rx,1,4,00,4C,00,12,00,00,00,00,
29722085,00000118,false,Rx,1,4,00,4D,00,12,00,00,00,00,
29731726,00000118,false,Rx,1,4,00,4E,00,12,00,00,00,00,
29742095,00000118,false,Rx,1,4,00,4F,00,12,00,00,00,00,
29751773,00000118,false,Rx,1,4,00,40,00,12,00,00,00,00,
29762796,00000118,false,Rx,1,4,00,41,00,12,00,00,00,00,
29771880,00000118,false,Rx,1,4,00,42,00,12,00,00,00,00,
29781957,00000118,false,Rx,1,4,00,43,00,12,00,00,00,00,
29791949,00000118,false,Rx,1,4,00,44,00,12,00,00,00,00,
29801951,00000118,false,Rx,1,4,00,45,00,12,00,00,00,00,
29811795,00000118,false,Rx,1,4,00,46,00,12,00,00,00,00,
29816148,0000070F,false,Rx,0,8,03,22,2B,F1,55,55,55,55,
29821972,00000118,false,Rx,1,4,00,47,00,12,00,00,00,00,
29831787,00000118,false,Rx,1,4,00,48,00,12,00,00,00,00,
29833039,00000779,false,Rx,1,8,05,62,2B,F1,8B,62,AA,AA,
29841951,00000118,false,Rx,1,4,00,49,00,12,00,00,00,00,
29851777,00000118,false,Rx,1,4,00,4A,00,12,00,00,00,00,
29861911,00000118,false,Rx,1,4,00,4B,00,12,00,00,00,00,
29871786,00000118,false,Rx,1,4,00,4C,00,12,00,00,00,00,
29881904,00000118,false,Rx,1,4,00,4D,00,12,00,00,00,00,
29891884,00000118,false,Rx,1,4,00,4E,00,12,00,00,00,00,
29901895,00000118,false,Rx,1,4,00,4F,00,12,00,00,00,00,
29911749,00000118,false,Rx,1,4,00,40,00,12,00,00,00,00,
29921907,00000118,false,Rx,1,4,00,41,00,12,00,00,00,00,
29931752,00000118,false,Rx,1,4,00,42,00,12,00,00,00,00,
29941894,00000118,false,Rx,1,4,00,43,00,12,00,00,00,00,
29951728,00000118,false,Rx,1,4,00,44,00,12,00,00,00,00,
29961864,00000118,false,Rx,1,4,00,45,00,12,00,00,00,00,
29971739,00000118,false,Rx,1,4,00,46,00,12,00,00,00,00,
29981855,00000118,false,Rx,1,4,00,47,00,12,00,00,00,00,
29982151,17F0000F,true,Rx,1,8,00,0F,00,00,00,00,00,00,
29991842,00000118,false,Rx,1,4,00,48,00,12,00,00,00,00,
30001845,00000118,false,Rx,1,4,00,49,00,12,00,00,00,00,
30011701,00000118,false,Rx,1,4,00,4A,00,12,00,00,00,00,
30021877,00000118,false,Rx,1,4,00,4B,00,12,00,00,00,00,
30031692,00000118,false,Rx,1,4,00,4C,00,12,00,00,00,00,
30041843,00000118,false,Rx,1,4,00,4D,00,12,00,00,00,00,
30051682,00000118,false,Rx,1,4,00,4E,00,12,00,00,00,00,
30061819,00000118,false,Rx,1,4,00,4F,00,12,00,00,00,00,
30071692,00000118,false,Rx,1,4,00,40,00,12,00,00,00,00,
30081808,00000118,false,Rx,1,4,00,41,00,12,00,00,00,00,
30091792,00000118,false,Rx,1,4,00,42,00,12,00,00,00,00,
30101801,00000118,false,Rx,1,4,00,43,00,12,00,00,00,00,
30111653,00000118,false,Rx,1,4,00,44,00,12,00,00,00,00,
30121807,00000118,false,Rx,1,4,00,45,00,12,00,00,00,00,
30131645,00000118,false,Rx,1,4,00,46,00,12,00,00,00,00,
30132640,0000070F,false,Rx,0,8,03,22,2B,E4,55,55,55,55,
30141819,00000118,false,Rx,1,4,00,47,00,12,00,00,00,00,
30151634,00000118,false,Rx,1,4,00,48,00,12,00,00,00,00,
30152893,00000779,false,Rx,1,8,05,62,2B,E4,E1,61,AA,AA,
30161779,00000118,false,Rx,1,4,00,49,00,12,00,00,00,00,
30172044,00000118,false,Rx,1,4,00,4A,00,12,00,00,00,00,
30182160,00000118,false,Rx,1,4,00,4B,00,12,00,00,00,00,
30192144,00000118,false,Rx,1,4,00,4C,00,12,00,00,00,00,
30202150,00000118,false,Rx,1,4,00,4D,00,12,00,00,00,00,
30212008,00000118,false,Rx,1,4,00,4E,00,12,00,00,00,00,
30222160,00000118,false,Rx,1,4,00,4F,00,12,00,00,00,00,
30231997,00000118,false,Rx,1,4,00,40,00,12,00,00,00,00,
30242152,00000118,false,Rx,1,4,00,41,00,12,00,00,00,00,
30252068,00000118,false,Rx,1,4,00,42,00,12,00,00,00,00,
30263557,00000118,false,Rx,1,4,00,43,00,12,00,00,00,00,
30272044,00000118,false,Rx,1,4,00,44,00,12,00,00,00,00,
30282327,00000118,false,Rx,1,4,00,45,00,12,00,00,00,00,
30292168,00000118,false,Rx,1,4,00,46,00,12,00,00,00,00,
30302102,00000118,false,Rx,1,4,00,47,00,12,00,00,00,00,
30311962,00000118,false,Rx,1,4,00,48,00,12,00,00,00,00,
30322112,00000118,false,Rx,1,4,00,49,00,12,00,00,00,00,
30331963,00000118,false,Rx,1,4,00,4A,00,12,00,00,00,00,
30342101,00000118,false,Rx,1,4,00,4B,00,12,00,00,00,00,
30351951,00000118,false,Rx,1,4,00,4C,00,12,00,00,00,00,
30362075,00000118,false,Rx,1,4,00,4D,00,12,00,00,00,00,
30371952,00000118,false,Rx,1,4,00,4E,00,12,00,00,00,00,
30382071,00000118,false,Rx,1,4,00,4F,00,12,00,00,00,00,
30392048,00000118,false,Rx,1,4,00,40,00,12,00,00,00,00,
30402058,00000118,false,Rx,1,4,00,41,00,12,00,00,00,00,
30411913,00000118,false,Rx,1,4,00,42,00,12,00,00,00,00,
30422067,00000118,false,Rx,1,4,00,43,00,12,00,00,00,00,
30431936,00000118,false,Rx,1,4,00,44,00,12,00,00,00,00,
30442055,00000118,false,Rx,1,4,00,45,00,12,00,00,00,00,
30448440,0000070F,false,Rx,0,8,03,22,02,8D,55,55,55,55,
30451935,00000118,false,Rx,1,4,00,46,00,12,00,00,00,00,
30462092,00000118,false,Rx,1,4,00,47,00,12,00,00,00,00,
30464429,00000779,false,Rx,1,8,05,62,02,8D,4F,00,AA,AA,
30471910,00000118,false,Rx,1,4,00,48,00,12,00,00,00,00,
30482014,00000118,false,Rx,1,4,00,49,00,12,00,00,00,00,
30482310,17F0000F,true,Rx,1,8,00,0F,00,00,00,00,00,00,
30492409,00000118,false,Rx,1,4,00,4A,00,12,00,00,00,00,
30502404,00000118,false,Rx,1,4,00,4B,00,12,00,00,00,00,
30512265,00000118,false,Rx,1,4,00,4C,00,12,00,00,00,00,
30522413,00000118,false,Rx,1,4,00,4D,00,12,00,00,00,00,
30532271,00000118,false,Rx,1,4,00,4E,00,12,00,00,00,00,
30542405,00000118,false,Rx,1,4,00,4F,00,12,00,00,00,00,
30552246,00000118,false,Rx,1,4,00,40,00,12,00,00,00,00,
30562377,00000118,false,Rx,1,4,00,41,00,12,00,00,00,00,
30572255,00000118,false,Rx,1,4,00,42,00,12,00,00,00,00,
30582369,00000118,false,Rx,1,4,00,43,00,12,00,00,00,00,
30592351,00000118,false,Rx,1,4,00,44,00,12,00,00,00,00,
30602357,00000118,false,Rx,1,4,00,45,00,12,00,00,00,00,
30612218,00000118,false,Rx,1,4,00,46,00,12,00,00,00,00,
30622367,00000118,false,Rx,1,4,00,47,00,12,00,00,00,00,
30632312,00000118,false,Rx,1,4,00,48,00,12,00,00,00,00,
30642358,00000118,false,Rx,1,4,00,49,00,12,00,00,00,00,
30652200,00000118,false,Rx,1,4,00,4A,00,12,00,00,00,00,
30662328,00000118,false,Rx,1,4,00,4B,00,12,00,00,00,00,
30672209,00000118,false,Rx,1,4,00,4C,00,12,00,00,00,00,
30682319,00000118,false,Rx,1,4,00,4D,00,12,00,00,00,00,
30692307,00000118,false,Rx,1,4,00,4E,00,12,00,00,00,00,
30702313,00000118,false,Rx,1,4,00,4F,00,12,00,00,00,00,
30712171,00000118,false,Rx,1,4,00,40,00,12,00,00,00,00,
30722320,00000118,false,Rx,1,4,00,41,00,12,00,00,00,00,
30732163,00000118,false,Rx,1,4,00,42,00,12,00,00,00,00,
30742315,00000118,false,Rx,1,4,00,43,00,12,00,00,00,00,
30752202,00000118,false,Rx,1,4,00,44,00,12,00,00,00,00,
30763076,00000118,false,Rx,1,4,00,45,00,12,00,00,00,00,
30765189,0000070F,false,Rx,0,8,03,22,2B,F1,55,55,55,55,
30772230,00000118,false,Rx,1,4,00,46,00,12,00,00,00,00,
30782274,00000118,false,Rx,1,4,00,47,00,12,00,00,00,00,
30784678,00000779,false,Rx,1,8,05,62,2B,F1,8B,62,AA,AA,
30792266,00000118,false,Rx,1,4,00,48,00,12,00,00,00,00,
30802263,00000118,false,Rx,1,4,00,49,00,12,00,00,00,00,
30812124,00000118,false,Rx,1,4,00,4A,00,12,00,00,00,00,
30822271,00000118,false,Rx,1,4,00,4B,00,12,00,00,00,00,
30832115,00000118,false,Rx,1,4,00,4C,00,12,00,00,00,00,
30842274,00000118,false,Rx,1,4,00,4D,00,12,00,00,00,00,
30852105,00000118,false,Rx,1,4,00,4E,00,12,00,00,00,00,
30862237,00000118,false,Rx,1,4,00,4F,00,12,00,00,00,00,
30872113,00000118,false,Rx,1,4,00,40,00,12,00,00,00,00,
30882228,00000118,false,Rx,1,4,00,41,00,12,00,00,00,00,
30892212,00000118,false,Rx,1,4,00,42,00,12,00,00,00,00,
30902218,00000118,false,Rx,1,4,00,43,00,12,00,00,00,00,
30912075,00000118,false,Rx,1,4,00,44,00,12,00,00,00,00,
30922224,00000118,false,Rx,1,4,00,45,00,12,00,00,00,00,
30932076,00000118,false,Rx,1,4,00,46,00,12,00,00,00,00,
30942223,00000118,false,Rx,1,4,00,47,00,12,00,00,00,00,
30952055,00000118,false,Rx,1,4,00,48,00,12,00,00,00,00,
30962188,00000118,false,Rx,1,4,00,49,00,12,00,00,00,00,
30972067,00000118,false,Rx,1,4,00,4A,00,12,00,00,00,00,
30982179,00000118,false,Rx,1,4,00,4B,00,12,00,00,00,00,
30982474,17F0000F,true,Rx,1,8,00,0F,00,00,00,00,00,00,
30992573,00000118,false,Rx,1,4,00,4C,00,12,00,00,00,00,
31002568,00000118,false,Rx,1,4,00,4D,00,12,00,00,00,00,
31012428,00000118,false,Rx,1,4,00,4E,00,12,00,00,00,00,
31022578,00000118,false,Rx,1,4,00,4F,00,12,00,00,00,00,
31032421,00000118,false,Rx,1,4,00,40,00,12,00,00,00,00,
31042571,00000118,false,Rx,1,4,00,41,00,12,00,00,00,00,
31052416,00000118,false,Rx,1,4,00,42,00,12,00,00,00,00,
31062541,00000118,false,Rx,1,4,00,43,00,12,00,00,00,00,
31072418,00000118,false,Rx,1,4,00,44,00,12,00,00,00,00,
31082531,00000118,false,Rx,1,4,00,45,00,12,00,00,00,00,
31082976,0000070F,false,Rx,0,8,03,22,2B,E4,55,55,55,55,
31092539,00000118,false,Rx,1,4,00,46,00,12,00,00,00,00,
31102520,00000118,false,Rx,1,4,00,47,00,12,00,00,00,00,
31104944,00000779,false,Rx,1,8,05,62,2B,E4,E1,61,AA,AA,
31112389,00000118,false,Rx,1,4,00,48,00,12,00,00,00,00,
31122529,00000118,false,Rx,1,4,00,49,00,12,00,00,00,00,
31132373,00000118,false,Rx,1,4,00,4A,00,12,00,00,00,00,
31142535,00000118,false,Rx,1,4,00,4B,00,12,00,00,00,00,
31152391,00000118,false,Rx,1,4,00,4C,00,12,00,00,00,00,
31162493,00000118,false,Rx,1,4,00,4D,00,12,00,00,00,00,
31172370,00000118,false,Rx,1,4,00,4E,00,12,00,00,00,00,
31182485,00000118,false,Rx,1,4,00,4F,00,12,00,00,00,00,
31192469,00000118,false,Rx,1,4,00,40,00,12,00,00,00,00,
31202475,00000118,false,Rx,1,4,00,41,00,12,00,00,00,00,
31212333,00000118,false,Rx,1,4,00,42,00,12,00,00,00,00,
31222484,00000118,false,Rx,1,4,00,43,00,12,00,00,00,00,
31232322,00000118,false,Rx,1,4,00,44,00,12,00,00,00,00,
31242506,00000118,false,Rx,1,4,00,45,00,12,00,00,00,00,
31255233,00000118,false,Rx,1,4,00,46,00,12,00,00,00,00,
31262619,00000118,false,Rx,1,4,00,47,00,12,00,00,00,00,
31272199,00000118,false,Rx,1,4,00,48,00,12,00,00,00,00,
31282794,00000118,false,Rx,1,4,00,49,00,12,00,00,00,00,
31292366,00000118,false,Rx,1,4,00,4A,00,12,00,00,00,00,
31302534,00000118,false,Rx,1,4,00,4B,00,12,00,00,00,00,
31312197,00000118,false,Rx,1,4,00,4C,00,12,00,00,00,00,
31322524,00000118,false,Rx,1,4,00,4D,00,12,00,00,00,00,
31332377,00000118,false,Rx,1,4,00,4E,00,12,00,00,00,00,
31342534,00000118,false,Rx,1,4,00,4F,00,12,00,00,00,00,
31352190,00000118,false,Rx,1,4,00,40,00,12,00,00,00,00,
31362524,00000118,false,Rx,1,4,00,41,00,12,00,00,00,00,
31372187,00000118,false,Rx,1,4,00,42,00,12,00,00,00,00,
31382498,00000118,false,Rx,1,4,00,43,00,12,00,00,00,00,
31392266,00000118,false,Rx,1,4,00,44,00,12,00,00,00,00,
31400448,0000070F,false,Rx,0,8,03,22,02,8D,55,55,55,55,
31402508,00000118,false,Rx,1,4,00,45,00,12,00,00,00,00,
31412149,00000118,false,Rx,1,4,00,46,00,12,00,00,00,00,
31413409,00000779,false,Rx,1,8,05,62,02,8D,4F,00,AA,AA,
31422486,00000118,false,Rx,1,4,00,47,00,12,00,00,00,00,
31432128,00000118,false,Rx,1,4,00,48,00,12,00,00,00,00,
31442485,00000118,false,Rx,1,4,00,49,00,12,00,00,00,00,
31452123,00000118,false,Rx,1,4,00,4A,00,12,00,00,00,00,
31462479,00000118,false,Rx,1,4,00,4B,00,12,00,00,00,00,
31472106,00000118,false,Rx,1,4,00,4C,00,12,00,00,00,00,
31482449,00000118,false,Rx,1,4,00,4D,00,12,00,00,00,00,
31482745,17F0000F,true,Rx,1,8,00,0F,00,00,00,00,00,00,
31492227,00000118,false,Rx,1,4,00,4E,00,12,00,00,00,00,
31502441,00000118,false,Rx,1,4,00,4F,00,12,00,00,00,00,
31512102,00000118,false,Rx,1,4,00,40,00,12,00,00,00,00,
31522432,00000118,false,Rx,1,4,00,41,00,12,00,00,00,00,
31532074,00000118,false,Rx,1,4,00,42,00,12,00,00,00,00,
31542440,00000118,false,Rx,1,4,00,43,00,12,00,00,00,00,
31552064,00000118,false,Rx,1,4,00,44,00,12,00,00,00,00,
31562434,00000118,false,Rx,1,4,00,45,00,12,00,00,00,00,
31572057,00000118,false,Rx,1,4,00,46,00,12,00,00,00,00,
31582402,00000118,false,Rx,1,4,00,47,00,12,00,00,00,00,
31592169,00000118,false,Rx,1,4,00,48,00,12,00,00,00,00,
31602392,00000118,false,Rx,1,4,00,49,00,12,00,00,00,00,
31612055,00000118,false,Rx,1,4,00,4A,00,12,00,00,00,00,
31622382,00000118,false,Rx,1,4,00,4B,00,12,00,00,00,00,
31632029,00000118,false,Rx,1,4,00,4C,00,12,00,00,00,00,
31642390,00000118,false,Rx,1,4,00,4D,00,12,00,00,00,00,
31652018,00000118,false,Rx,1,4,00,4E,00,12,00,00,00,00,
31662383,00000118,false,Rx,1,4,00,4F,00,12,00,00,00,00,
31672008,00000118,false,Rx,1,4,00,40,00,12,00,00,00,00,
31682377,00000118,false,Rx,1,4,00,41,00,12,00,00,00,00,
31692125,00000118,false,Rx,1,4,00,42,00,12,00,00,00,00,
31702346,00000118,false,Rx,1,4,00,43,00,12,00,00,00,00,
31712005,00000118,false,Rx,1,4,00,44,00,12,00,00,00,00,
31716459,0000070F,false,Rx,0,8,03,22,2B,F1,55,55,55,55,
31722356,00000118,false,Rx,1,4,00,45,00,12,00,00,00,00,
31731983,00000118,false,Rx,1,4,00,46,00,12,00,00,00,00,
31733235,00000779,false,Rx,1,8,05,62,2B,F1,BD,62,AA,AA,
31742357,00000118,false,Rx,1,4,00,47,00,12,00,00,00,00,
31752005,00000118,false,Rx,1,4,00,48,00,12,00,00,00,00,
31763202,00000118,false,Rx,1,4,00,49,00,12,00,00,00,00,
31772467,00000118,false,Rx,1,4,00,4A,00,12,00,00,00,00,
31782201,00000118,false,Rx,1,4,00,4B,00,12,00,00,00,00,
31792184,00000118,false,Rx,1,4,00,4C,00,12,00,00,00,00,
31802189,00000118,false,Rx,1,4,00,4D,00,12,00,00,00,00,
31812050,00000118,false,Rx,1,4,00,4E,00,12,00,00,00,00,
31822199,00000118,false,Rx,1,4,00,4F,00,12,00,00,00,00,
31832040,00000118,false,Rx,1,4,00,40,00,12,00,00,00,00,
31842191,00000118,false,Rx,1,4,00,41,00,12,00,00,00,00,
31852032,00000118,false,Rx,1,4,00,42,00,12,00,00,00,00,
31862173,00000118,false,Rx,1,4,00,43,00,12,00,00,00,00,
31872040,00000118,false,Rx,1,4,00,44,00,12,00,00,00,00,
31882151,00000118,false,Rx,1,4,00,45,00,12,00,00,00,00,
31892136,00000118,false,Rx,1,4,00,46,00,12,00,00,00,00,
31902140,00000118,false,Rx,1,4,00,47,00,12,00,00,00,00,
31912000,00000118,false,Rx,1,4,00,48,00,12,00,00,00,00,
31922149,00000118,false,Rx,1,4,00,49,00,12,00,00,00,00,
31932043,00000118,false,Rx,1,4,00,4A,00,12,00,00,00,00,
31942141,00000118,false,Rx,1,4,00,4B,00,12,00,00,00,00,
31951984,00000118,false,Rx,1,4,00,4C,00,12,00,00,00,00,
31962113,00000118,false,Rx,1,4,00,4D,00,12,00,00,00,00,
31971994,00000118,false,Rx,1,4,00,4E,00,12,00,00,00,00,
31982108,00000118,false,Rx,1,4,00,4F,00,12,00,00,00,00,
31982401,17F0000F,true,Rx,1,8,00,0F,00,00,00,00,00,00,
31992501,00000118,false,Rx,1,4,00,40,00,12,00,00,00,00,
32002495,00000118,false,Rx,1,4,00,41,00,12,00,00,00,00,
32012354,00000118,false,Rx,1,4,00,42,00,12,00,00,00,00,
32022503,00000118,false,Rx,1,4,00,43,00,12,00,00,00,00,
32032342,00000118,false,Rx,1,4,00,44,00,12,00,00,00,00,
32034425,0000070F,false,Rx,0,8,03,22,2B,E4,55,55,55,55,
32042515,00000118,false,Rx,1,4,00,45,00,12,00,00,00,00,
32052335,00000118,false,Rx,1,4,00,46,00,12,00,00,00,00,
32053591,00000779,false,Rx,1,8,05,62,2B,E4,E1,61,AA,AA,
32062474,00000118,false,Rx,1,4,00,47,00,12,00,00,00,00,
32072344,00000118,false,Rx,1,4,00,48,00,12,00,00,00,00,
32082455,00000118,false,Rx,1,4,00,49,00,12,00,00,00,00,
32092443,00000118,false,Rx,1,4,00,4A,00,12,00,00,00,00,
32102446,00000118,false,Rx,1,4,00,4B,00,12,00,00,00,00,
32112306,00000118,false,Rx,1,4,00,4C,00,12,00,00,00,00,
32122454,00000118,false,Rx,1,4,00,4D,00,12,00,00,00,00,
32132297,00000118,false,Rx,1,4,00,4E,00,12,00,00,00,00,
32142447,00000118,false,Rx,1,4,00,4F,00,12,00,00,00,00,
32152288,00000118,false,Rx,1,4,00,40,00,12,00,00,00,00,
32162419,00000118,false,Rx,1,4,00,41,00,12,00,00,00,00,
32172296,00000118,false,Rx,1,4,00,42,00,12,00,00,00,00,
32182411,00000118,false,Rx,1,4,00,43,00,12,00,00,00,00,
32192395,00000118,false,Rx,1,4,00,44,00,12,00,00,00,00,
32202397,00000118,false,Rx,1,4,00,45,00,12,00,00,00,00,
32212259,00000118,false,Rx,1,4,00,46,00,12,00,00,00,00,
32222406,00000118,false,Rx,1,4,00,47,00,12,00,00,00,00,
32232247,00000118,false,Rx,1,4,00,48,00,12,00,00,00,00,
32242398,00000118,false,Rx,1,4,00,49,00,12,00,00,00,00,
32252290,00000118,false,Rx,1,4,00,4A,00,12,00,00,00,00,
32265069,00000118,false,Rx,1,4,00,4B,00,12,00,00,00,00,
32272289,00000118,false,Rx,1,4,00,4C,00,12,00,00,00,00,
32282574,00000118,false,Rx,1,4,00,4D,00,12,00,00,00,00,
32292381,00000118,false,Rx,1,4,00,4E,00,12,00,00,00,00,
32302769,00000118,false,Rx,1,4,00,4F,00,12,00,00,00,00,
32312612,00000118,false,Rx,1,4,00,40,00,12,00,00,00,00,
32322760,00000118,false,Rx,1,4,00,41,00,12,00,00,00,00,
32332602,00000118,false,Rx,1,4,00,42,00,12,00,00,00,00,
32342751,00000118,false,Rx,1,4,00,43,00,12,00,00,00,00,
32352590,00000118,false,Rx,1,4,00,44,00,12,00,00,00,00,
32355315,0000070F,false,Rx,0,8,03,22,02,8D,55,55,55,55,
32362744,00000118,false,Rx,1,4,00,45,00,12,00,00,00,00,
32372784,00000118,false,Rx,1,4,00,46,00,12,00,00,00,00,
32373858,00000779,false,Rx,1,8,05,62,02,8D,4F,00,AA,AA,
32382723,00000118,false,Rx,1,4,00,47,00,12,00,00,00,00,
32392696,00000118,false,Rx,1,4,00,48,00,12,00,00,00,00,
32402703,00000118,false,Rx,1,4,00,49,00,12,00,00,00,00,
32412564,00000118,false,Rx,1,4,00,4A,00,12,00,00,00,00,
32422711,00000118,false,Rx,1,4,00,4B,00,12,00,00,00,00,
32432567,00000118,false,Rx,1,4,00,4C,00,12,00,00,00,00,
32442702,00000118,false,Rx,1,4,00,4D,00,12,00,00,00,00,
32452545,00000118,false,Rx,1,4,00,4E,00,12,00,00,00,00,
32462676,00000118,false,Rx,1,4,00,4F,00,12,00,00,00,00,
32472553,00000118,false,Rx,1,4,00,40,00,12,00,00,00,00,
32482674,00000118,false,Rx,1,4,00,41,00,12,00,00,00,00,
32482979,17F0000F,true,Rx,1,8,00,0F,00,00,00,00,00,00,
32493060,00000118,false,Rx,1,4,00,42,00,12,00,00,00,00,
32503056,00000118,false,Rx,1,4,00,43,00,12,00,00,00,00,
32512934,00000118,false,Rx,1,4,00,44,00,12,00,00,00,00,
32523064,00000118,false,Rx,1,4,00,45,00,12,00,00,00,00,
32532907,00000118,false,Rx,1,4,00,46,00,12,00,00,00,00,
32543053,00000118,false,Rx,1,4,00,47,00,12,00,00,00,00,
32552894,00000118,false,Rx,1,4,00,48,00,12,00,00,00,00,
32563026,00000118,false,Rx,1,4,00,49,00,12,00,00,00,00,
32572905,00000118,false,Rx,1,4,00,4A,00,12,00,00,00,00,
32583017,00000118,false,Rx,1,4,00,4B,00,12,00,00,00,00,
32593003,00000118,false,Rx,1,4,00,4C,00,12,00,00,00,00,
32603007,00000118,false,Rx,1,4,00,4D,00,12,00,00,00,00,
32612869,00000118,false,Rx,1,4,00,4E,00,12,00,00,00,00,
32623017,00000118,false,Rx,1,4,00,4F,00,12,00,00,00,00,
32632858,00000118,false,Rx,1,4,00,40,00,12,00,00,00,00,
32643008,00000118,false,Rx,1,4,00,41,00,12,00,00,00,00,
32652849,00000118,false,Rx,1,4,00,42,00,12,00,00,00,00,
32662981,00000118,false,Rx,1,4,00,43,00,12,00,00,00,00,
32666080,0000070F,false,Rx,0,8,03,22,2B,F1,55,55,55,55,
32672879,00000118,false,Rx,1,4,00,44,00,12,00,00,00,00,
32682971,00000118,false,Rx,1,4,00,45,00,12,00,00,00,00,
32685427,00000779,false,Rx,1,8,05,62,2B,F1,BD,62,AA,AA,
32692966,00000118,false,Rx,1,4,00,46,00,12,00,00,00,00,
32702961,00000118,false,Rx,1,4,00,47,00,12,00,00,00,00,
32712818,00000118,false,Rx,1,4,00,48,00,12,00,00,00,00,
32722967,00000118,false,Rx,1,4,00,49,00,12,00,00,00,00,
32732810,00000118,false,Rx,1,4,00,4A,00,12,00,00,00,00,
32742961,00000118,false,Rx,1,4,00,4B,00,12,00,00,00,00,
32753728,00000118,false,Rx,1,4,00,4C,00,12,00,00,00,00,
32762982,00000118,false,Rx,1,4,00,4D,00,12,00,00,00,00,
32772777,00000118,false,Rx,1,4,00,4E,00,12,00,00,00,00,
32783181,00000118,false,Rx,1,4,00,4F,00,12,00,00,00,00,
32792857,00000118,false,Rx,1,4,00,40,00,12,00,00,00,00,
32803040,00000118,false,Rx,1,4,00,41,00,12,00,00,00,00,
32812863,00000118,false,Rx,1,4,00,42,00,12,00,00,00,00,
32823012,00000118,false,Rx,1,4,00,43,00,12,00,00,00,00,
32832859,00000118,false,Rx,1,4,00,44,00,12,00,00,00,00,
32843000,00000118,false,Rx,1,4,00,45,00,12,00,00,00,00,
32852848,00000118,false,Rx,1,4,00,46,00,12,00,00,00,00,
32862991,00000118,false,Rx,1,4,00,47,00,12,00,00,00,00,
32872600,00000118,false,Rx,1,4,00,48,00,12,00,00,00,00,
32882999,00000118,false,Rx,1,4,00,49,00,12,00,00,00,00,
32892846,00000118,false,Rx,1,4,00,4A,00,12,00,00,00,00,
32902990,00000118,false,Rx,1,4,00,4B,00,12,00,00,00,00,
32912602,00000118,false,Rx,1,4,00,4C,00,12,00,00,00,00,
32922962,00000118,false,Rx,1,4,00,4D,00,12,00,00,00,00,
32932600,00000118,false,Rx,1,4,00,4E,00,12,00,00,00,00,
32943355,00000118,false,Rx,1,4,00,4F,00,12,00,00,00,00,
32953016,00000118,false,Rx,1,4,00,40,00,12,00,00,00,00,
32963345,00000118,false,Rx,1,4,00,41,00,12,00,00,00,00,
32972988,00000118,false,Rx,1,4,00,42,00,12,00,00,00,00,
32983357,00000118,false,Rx,1,4,00,43,00,12,00,00,00,00,
32983649,17F0000F,true,Rx,1,8,00,0F,00,00,00,00,00,00,
32984466,0000070F,false,Rx,0,8,03,22,2B,E4,55,55,55,55,
32993127,00000118,false,Rx,1,4,00,44,00,12,00,00,00,00,
33003342,00000118,false,Rx,1,4,00,45,00,12,00,00,00,00,
33005555,00000779,false,Rx,1,8,05,62,2B,E4,E1,61,AA,AA,
33012979,00000118,false,Rx,1,4,00,46,00,12,00,00,00,00,
33023313,00000118,false,Rx,1,4,00,47,00,12,00,00,00,00,
33032975,00000118,false,Rx,1,4,00,48,00,12,00,00,00,00,
33043304,00000118,false,Rx,1,4,00,49,00,12,00,00,00,00,
33052969,00000118,false,Rx,1,4,00,4A,00,12,00,00,00,00,
33063295,00000118,false,Rx,1,4,00,4B,00,12,00,00,00,00,
33072950,00000118,false,Rx,1,4,00,4C,00,12,00,00,00,00,
33083304,00000118,false,Rx,1,4,00,4D,00,12,00,00,00,00,
33093038,00000118,false,Rx,1,4,00,4E,00,12,00,00,00,00,
33103295,00000118,false,Rx,1,4,00,4F,00,12,00,00,00,00,
33112941,00000118,false,Rx,1,4,00,40,00,12,00,00,00,00,
33123269,00000118,false,Rx,1,4,00,41,00,12,00,00,00,00,
33132949,00000118,false,Rx,1,4,00,42,00,12,00,00,00,00,
33143260,00000118,false,Rx,1,4,00,43,00,12,00,00,00,00,
33152938,00000118,false,Rx,1,4,00,44,00,12,00,00,00,00,
33163246,00000118,false,Rx,1,4,00,45,00,12,00,00,00,00,
33172894,00000118,false,Rx,1,4,00,46,00,12,00,00,00,00,
33183255,00000118,false,Rx,1,4,00,47,00,12,00,00,00,00,
33192989,00000118,false,Rx,1,4,00,48,00,12,00,00,00,00,
33203248,00000118,false,Rx,1,4,00,49,00,12,00,00,00,00,
33212855,00000118,false,Rx,1,4,00,4A,00,12,00,00,00,00,
33223618,00000118,false,Rx,1,4,00,4B,00,12,00,00,00,00,
33233281,00000118,false,Rx,1,4,00,4C,00,12,00,00,00,00,
33243609,00000118,false,Rx,1,4,00,4D,00,12,00,00,00,00,
33253297,00000118,false,Rx,1,4,00,4E,00,12,00,00,00,00,
33264487,00000118,false,Rx,1,4,00,4F,00,12,00,00,00,00,
33273393,00000118,false,Rx,1,4,00,40,00,12,00,00,00,00,
33283632,00000118,false,Rx,1,4,00,41,00,12,00,00,00,00,
33293452,00000118,false,Rx,1,4,00,42,00,12,00,00,00,00,
33303501,00000118,false,Rx,1,4,00,43,00,12,00,00,00,00,
33313331,00000118,false,Rx,1,4,00,44,00,12,00,00,00,00,
33317641,0000070F,false,Rx,0,8,03,22,02,8D,55,55,55,55,
33323486,00000118,false,Rx,1,4,00,45,00,12,00,00,00,00,
33333341,00000118,false,Rx,1,4,00,46,00,12,00,00,00,00,
33334709,00000779,false,Rx,1,8,05,62,02,8D,4F,00,AA,AA,
33343462,00000118,false,Rx,1,4,00,47,00,12,00,00,00,00,
33353330,00000118,false,Rx,1,4,00,48,00,12,00,00,00,00,
33363443,00000118,false,Rx,1,4,00,49,00,12,00,00,00,00,
33373304,00000118,false,Rx,1,4,00,4A,00,12,00,00,00,00,
33383451,00000118,false,Rx,1,4,00,4B,00,12,00,00,00,00,
33393402,00000118,false,Rx,1,4,00,4C,00,12,00,00,00,00,
33403444,00000118,false,Rx,1,4,00,4D,00,12,00,00,00,00,
33413285,00000118,false,Rx,1,4,00,4E,00,12,00,00,00,00,
33423416,00000118,false,Rx,1,4,00,4F,00,12,00,00,00,00,
33433304,00000118,false,Rx,1,4,00,40,00,12,00,00,00,00,
33443407,00000118,false,Rx,1,4,00,41,00,12,00,00,00,00,
33453283,00000118,false,Rx,1,4,00,42,00,12,00,00,00,00,
33463396,00000118,false,Rx,1,4,00,43,00,12,00,00,00,00,
33473255,00000118,false,Rx,1,4,00,44,00,12,00,00,00,00,
33483407,00000118,false,Rx,1,4,00,45,00,12,00,00,00,00,
33483700,17F0000F,true,Rx,1,8,00,0F,00,00,00,00,00,00,
33493362,00000118,false,Rx,1,4,00,46,00,12,00,00,00,00,
33503397,00000118,false,Rx,1,4,00,47,00,12,00,00,00,00,
33513238,00000118,false,Rx,1,4,00,48,00,12,00,00,00,00,
33523366,00000118,false,Rx,1,4,00,49,00,12,00,00,00,00,
33533246,00000118,false,Rx,1,4,00,4A,00,12,00,00,00,00,
33543356,00000118,false,Rx,1,4,00,4B,00,12,00,00,00,00,
33553235,00000118,false,Rx,1,4,00,4C,00,12,00,00,00,00,
33563347,00000118,false,Rx,1,4,00,4D,00,12,00,00,00,00,
33573209,00000118,false,Rx,1,4,00,4E,00,12,00,00,00,00,
33583359,00000118,false,Rx,1,4,00,4F,00,12,00,00,00,00,
33593306,00000118,false,Rx,1,4,00,40,00,12,00,00,00,00,
33603405,00000118,false,Rx,1,4,00,41,00,12,00,00,00,00,
33613190,00000118,false,Rx,1,4,00,42,00,12,00,00,00,00,
33623322,00000118,false,Rx,1,4,00,43,00,12,00,00,00,00,
33633199,00000118,false,Rx,1,4,00,44,00,12,00,00,00,00,
33633387,0000070F,false,Rx,0,8,03,22,2B,F1,55,55,55,55,
33643332,00000118,false,Rx,1,4,00,45,00,12,00,00,00,00,
33653187,00000118,false,Rx,1,4,00,46,00,12,00,00,00,00,
33654444,00000779,false,Rx,1,8,05,62,2B,F1,BD,62,AA,AA,
33663309,00000118,false,Rx,1,4,00,47,00,12,00,00,00,00,
33673160,00000118,false,Rx,1,4,00,48,00,12,00,00,00,00,
33683307,00000118,false,Rx,1,4,00,49,00,12,00,00,00,00,
33693259,00000118,false,Rx,1,4,00,4A,00,12,00,00,00,00,
33703298,00000118,false,Rx,1,4,00,4B,00,12,00,00,00,00,
33713143,00000118,false,Rx,1,4,00,4C,00,12,00,00,00,00,
33723270,00000118,false,Rx,1,4,00,4D,00,12,00,00,00,00,
33733149,00000118,false,Rx,1,4,00,4E,00,12,00,00,00,00,
33743267,00000118,false,Rx,1,4,00,4F,00,12,00,00,00,00,
33753185,00000118,false,Rx,1,4,00,40,00,12,00,00,00,00,
33764568,00000118,false,Rx,1,4,00,41,00,12,00,00,00,00,
33773127,00000118,false,Rx,1,4,00,42,00,12,00,00,00,00,
33783292,00000118,false,Rx,1,4,00,43,00,12,00,00,00,00,
33793208,00000118,false,Rx,1,4,00,44,00,12,00,00,00,00,
33803250,00000118,false,Rx,1,4,00,45,00,12,00,00,00,00,
33813098,00000118,false,Rx,1,4,00,46,00,12,00,00,00,00,
33823223,00000118,false,Rx,1,4,00,47,00,12,00,00,00,00,
33833100,00000118,false,Rx,1,4,00,48,00,12,00,00,00,00,
33843213,00000118,false,Rx,1,4,00,49,00,12,00,00,00,00,
33853093,00000118,false,Rx,1,4,00,4A,00,12,00,00,00,00,
33863205,00000118,false,Rx,1,4,00,4B,00,12,00,00,00,00,
33873065,00000118,false,Rx,1,4,00,4C,00,12,00,00,00,00,
33883213,00000118,false,Rx,1,4,00,4D,00,12,00,00,00,00,
33893162,00000118,false,Rx,1,4,00,4E,00,12,00,00,00,00,
33903205,00000118,false,Rx,1,4,00,4F,00,12,00,00,00,00,
33913048,00000118,false,Rx,1,4,00,40,00,12,00,00,00,00,
33923176,00000118,false,Rx,1,4,00,41,00,12,00,00,00,00,
33933082,00000118,false,Rx,1,4,00,42,00,12,00,00,00,00,
33943170,00000118,false,Rx,1,4,00,43,00,12,00,00,00,00,
33951237,0000070F,false,Rx,0,8,03,22,2B,E4,55,55,55,55,
33953066,00000118,false,Rx,1,4,00,44,00,12,00,00,00,00,
33963155,00000118,false,Rx,1,4,00,45,00,12,00,00,00,00,
33965437,00000779,false,Rx,1,8,05,62,2B,E4,E1,61,AA,AA,
33973026,00000118,false,Rx,1,4,00,46,00,12,00,00,00,00,
33983568,00000118,false,Rx,1,4,00,47,00,12,00,00,00,00,
33983860,17F0000F,true,Rx,1,8,00,0F,00,00,00,00,00,00,
33993522,00000118,false,Rx,1,4,00,48,00,12,00,00,00,00,
34003555,00000118,false,Rx,1,4,00,49,00,12,00,00,00,00,
34013414,00000118,false,Rx,1,4,00,4A,00,12,00,00,00,00,
34023527,00000118,false,Rx,1,4,00,4B,00,12,00,00,00,00,
34033405,00000118,false,Rx,1,4,00,4C,00,12,00,00,00,00,
34043517,00000118,false,Rx,1,4,00,4D,00,12,00,00,00,00,
34053396,00000118,false,Rx,1,4,00,4E,00,12,00,00,00,00,
34063509,00000118,false,Rx,1,4,00,4F,00,12,00,00,00,00,
34073368,00000118,false,Rx,1,4,00,40,00,12,00,00,00,00,
34083518,00000118,false,Rx,1,4,00,41,00,12,00,00,00,00,
34093469,00000118,false,Rx,1,4,00,42,00,12,00,00,00,00,
34103508,00000118,false,Rx,1,4,00,43,00,12,00,00,00,00,
34113347,00000118,false,Rx,1,4,00,44,00,12,00,00,00,00,
34123478,00000118,false,Rx,1,4,00,45,00,12,00,00,00,00,
34133357,00000118,false,Rx,1,4,00,46,00,12,00,00,00,00,
34143468,00000118,false,Rx,1,4,00,47,00,12,00,00,00,00,
34153346,00000118,false,Rx,1,4,00,48,00,12,00,00,00,00,
34163460,00000118,false,Rx,1,4,00,49,00,12,00,00,00,00,
34173322,00000118,false,Rx,1,4,00,4A,00,12,00,00,00,00,
34183467,00000118,false,Rx,1,4,00,4B,00,12,00,00,00,00,
34193420,00000118,false,Rx,1,4,00,4C,00,12,00,00,00,00,
34203458,00000118,false,Rx,1,4,00,4D,00,12,00,00,00,00,
34213301,00000118,false,Rx,1,4,00,4E,00,12,00,00,00,00,
34223433,00000118,false,Rx,1,4,00,4F,00,12,00,00,00,00,
34233309,00000118,false,Rx,1,4,00,40,00,12,00,00,00,00,
34243426,00000118,false,Rx,1,4,00,41,00,12,00,00,00,00,
34253346,00000118,false,Rx,1,4,00,42,00,12,00,00,00,00,
34264725,00000118,false,Rx,1,4,00,43,00,12,00,00,00,00,
34268637,0000070F,false,Rx,0,8,03,22,02,8D,55,55,55,55,
34273359,00000118,false,Rx,1,4,00,44,00,12,00,00,00,00,
34283527,00000118,false,Rx,1,4,00,45,00,12,00,00,00,00,
34285950,00000779,false,Rx,1,8,05,62,02,8D,4F,00,AA,AA,
34293402,00000118,false,Rx,1,4,00,46,00,12,00,00,00,00,
34303393,00000118,false,Rx,1,4,00,47,00,12,00,00,00,00,
34313251,00000118,false,Rx,1,4,00,48,00,12,00,00,00,00,
34323433,00000118,false,Rx,1,4,00,49,00,12,00,00,00,00,
34333244,00000118,false,Rx,1,4,00,4A,00,12,00,00,00,00,
34343392,00000118,false,Rx,1,4,00,4B,00,12,00,00,00,00,
34353234,00000118,false,Rx,1,4,00,4C,00,12,00,00,00,00,
34363364,00000118,false,Rx,1,4,00,4D,00,12,00,00,00,00,
34373242,00000118,false,Rx,1,4,00,4E,00,12,00,00,00,00,
34383356,00000118,false,Rx,1,4,00,4F,00,12,00,00,00,00,
34393342,00000118,false,Rx,1,4,00,40,00,12,00,00,00,00,
34403346,00000118,false,Rx,1,4,00,41,00,12,00,00,00,00,
34413206,00000118,false,Rx,1,4,00,42,00,12,00,00,00,00,
34423359,00000118,false,Rx,1,4,00,43,00,12,00,00,00,00,
34433194,00000118,false,Rx,1,4,00,44,00,12,00,00,00,00,
34443348,00000118,false,Rx,1,4,00,45,00,12,00,00,00,00,
34453187,00000118,false,Rx,1,4,00,46,00,12,00,00,00,00,
34463317,00000118,false,Rx,1,4,00,47,00,12,00,00,00,00,
34473194,00000118,false,Rx,1,4,00,48,00,12,00,00,00,00,
34483309,00000118,false,Rx,1,4,00,49,00,12,00,00,00,00,
34483602,17F0000F,true,Rx,1,8,00,0F,00,00,00,00,00,00,
34493702,00000118,false,Rx,1,4,00,4A,00,12,00,00,00,00,
34503697,00000118,false,Rx,1,4,00,4B,00,12,00,00,00,00,
34513557,00000118,false,Rx,1,4,00,4C,00,12,00,00,00,00,
34523715,00000118,false,Rx,1,4,00,4D,00,12,00,00,00,00,
34533550,00000118,false,Rx,1,4,00,4E,00,12,00,00,00,00,
34543697,00000118,false,Rx,1,4,00,4F,00,12,00,00,00,00,
34553539,00000118,false,Rx,1,4,00,40,00,12,00,00,00,00,
34563670,00000118,false,Rx,1,4,00,41,00,12,00,00,00,00,
34573547,00000118,false,Rx,1,4,00,42,00,12,00,00,00,00,
34583661,00000118,false,Rx,1,4,00,43,00,12,00,00,00,00,
34591342,0000070F,false,Rx,0,8,03,22,2B,F1,55,55,55,55,
34593665,00000118,false,Rx,1,4,00,44,00,12,00,00,00,00,
34603648,00000118,false,Rx,1,4,00,45,00,12,00,00,00,00,
34605951,00000779,false,Rx,1,8,05,62,2B,F1,EF,62,AA,AA,
34613518,00000118,false,Rx,1,4,00,46,00,12,00,00,00,00,
34623657,00000118,false,Rx,1,4,00,47,00,12,00,00,00,00,
34633499,00000118,false,Rx,1,4,00,48,00,12,00,00,00,00,
34643648,00000118,false,Rx,1,4,00,49,00,12,00,00,00,00,
34653491,00000118,false,Rx,1,4,00,4A,00,12,00,00,00,00,
34663620,00000118,false,Rx,1,4,00,4B,00,12,00,00,00,00,
34673498,00000118,false,Rx,1,4,00,4C,00,12,00,00,00,00,
34683610,00000118,false,Rx,1,4,00,4D,00,12,00,00,00,00,
34693596,00000118,false,Rx,1,4,00,4E,00,12,00,00,00,00,
34703602,00000118,false,Rx,1,4,00,4F,00,12,00,00,00,00,
34713462,00000118,false,Rx,1,4,00,40,00,12,00,00,00,00,
34723611,00000118,false,Rx,1,4,00,41,00,12,00,00,00,00,
34733453,00000118,false,Rx,1,4,00,42,00,12,00,00,00,00,
34743603,00000118,false,Rx,1,4,00,43,00,12,00,00,00,00,
34753482,00000118,false,Rx,1,4,00,44,00,12,00,00,00,00,
34763580,00000118,false,Rx,1,4,00,45,00,12,00,00,00,00,
34773787,00000118,false,Rx,1,4,00,46,00,12,00,00,00,00,
34783566,00000118,false,Rx,1,4,00,47,00,12,00,00,00,00,
34793546,00000118,false,Rx,1,4,00,48,00,12,00,00,00,00,
34803552,00000118,false,Rx,1,4,00,49,00,12,00,00,00,00,
34813414,00000118,false,Rx,1,4,00,4A,00,12,00,00,00,00,
34823560,00000118,false,Rx,1,4,00,4B,00,12,00,00,00,00,
34833425,00000118,false,Rx,1,4,00,4C,00,12,00,00,00,00,
34843552,00000118,false,Rx,1,4,00,4D,00,12,00,00,00,00,
34853394,00000118,false,Rx,1,4,00,4E,00,12,00,00,00,00,
34863526,00000118,false,Rx,1,4,00,4F,00,12,00,00,00,00,
34873401,00000118,false,Rx,1,4,00,40,00,12,00,00,00,00,
34883517,00000118,false,Rx,1,4,00,41,00,12,00,00,00,00,
34893501,00000118,false,Rx,1,4,00,42,00,12,00,00,00,00,
34901277,0000070F,false,Rx,0,8,03,22,2B,E4,55,55,55,55,
34903530,00000118,false,Rx,1,4,00,43,00,12,00,00,00,00,
34913364,00000118,false,Rx,1,4,00,44,00,12,00,00,00,00,
34914699,00000779,false,Rx,1,8,05,62,2B,E4,E1,61,AA,AA,
34923523,00000118,false,Rx,1,4,00,45,00,12,00,00,00,00,
34933357,00000118,false,Rx,1,4,00,46,00,12,00,00,00,00,
34943512,00000118,false,Rx,1,4,00,47,00,12,00,00,00,00,
34953343,00000118,false,Rx,1,4,00,48,00,12,00,00,00,00,
34963475,00000118,false,Rx,1,4,00,49,00,12,00,00,00,00,
34973354,00000118,false,Rx,1,4,00,4A,00,12,00,00,00,00,
34983469,00000118,false,Rx,1,4,00,4B,00,12,00,00,00,00,
34983763,17F0000F,true,Rx,1,8,00,0F,00,00,00,00,00,00,
34993861,00000118,false,Rx,1,4,00,4C,00,12,00,00,00,00,
35003857,00000118,false,Rx,1,4,00,4D,00,12,00,00,00,00,
35013717,00000118,false,Rx,1,4,00,4E,00,12,00,00,00,00,
35023867,00000118,false,Rx,1,4,00,4F,00,12,00,00,00,00,
35033708,00000118,false,Rx,1,4,00,40,00,12,00,00,00,00,
35043865,00000118,false,Rx,1,4,00,41,00,12,00,00,00,00,
35053697,00000118,false,Rx,1,4,00,42,00,12,00,00,00,00,
35063830,00000118,false,Rx,1,4,00,43,00,12,00,00,00,00,
35073705,00000118,false,Rx,1,4,00,44,00,12,00,00,00,00,
35083818,00000118,false,Rx,1,4,00,45,00,12,00,00,00,00,
35093804,00000118,false,Rx,1,4,00,46,00,12,00,00,00,00,
35103808,00000118,false,Rx,1,4,00,47,00,12,00,00,00,00,
35113668,00000118,false,Rx,1,4,00,48,00,12,00,00,00,00,
35123816,00000118,false,Rx,1,4,00,49,00,12,00,00,00,00,
35133658,00000118,false,Rx,1,4,00,4A,00,12,00,00,00,00,
35143810,00000118,false,Rx,1,4,00,4B,00,12,00,00,00,00,
35153650,00000118,false,Rx,1,4,00,4C,00,12,00,00,00,00,
35163779,00000118,false,Rx,1,4,00,4D,00,12,00,00,00,00,
35173657,00000118,false,Rx,1,4,00,4E,00,12,00,00,00,00,
35183802,00000118,false,Rx,1,4,00,4F,00,12,00,00,00,00,
35193767,00000118,false,Rx,1,4,00,40,00,12,00,00,00,00,
35203763,00000118,false,Rx,1,4,00,41,00,12,00,00,00,00,
35213620,00000118,false,Rx,1,4,00,42,00,12,00,00,00,00,
35217728,0000070F,false,Rx,0,8,03,22,02,8D,55,55,55,55,
35223794,00000118,false,Rx,1,4,00,43,00,12,00,00,00,00,
35233610,00000118,false,Rx,1,4,00,44,00,12,00,00,00,00,
35235730,00000779,false,Rx,1,8,05,62,02,8D,50,00,AA,AA,
35243804,00000118,false,Rx,1,4,00,45,00,12,00,00,00,00,
35254209,00000118,false,Rx,1,4,00,46,00,12,00,00,00,00,
35263906,00000118,false,Rx,1,4,00,47,00,12,00,00,00,00,
35273486,00000118,false,Rx,1,4,00,48,00,12,00,00,00,00,
35283973,00000118,false,Rx,1,4,00,49,00,12,00,00,00,00,
35293582,00000118,false,Rx,1,4,00,4A,00,12,00,00,00,00,
35303820,00000118,false,Rx,1,4,00,4B,00,12,00,00,00,00,
35313484,00000118,false,Rx,1,4,00,4C,00,12,00,00,00,00,
35323811,00000118,false,Rx,1,4,00,4D,00,12,00,00,00,00,
35333474,00000118,false,Rx,1,4,00,4E,00,12,00,00,00,00,
35343896,00000118,false,Rx,1,4,00,4F,00,12,00,00,00,00,
35353449,00000118,false,Rx,1,4,00,40,00,12,00,00,00,00,
35363811,00000118,false,Rx,1,4,00,41,00,12,00,00,00,00,
35373439,00000118,false,Rx,1,4,00,42,00,12,00,00,00,00,
35383800,00000118,false,Rx,1,4,00,43,00,12,00,00,00,00,
35393533,00000118,false,Rx,1,4,00,44,00,12,00,00,00,00,
35403771,00000118,false,Rx,1,4,00,45,00,12,00,00,00,00,
35413435,00000118,false,Rx,1,4,00,46,00,12,00,00,00,00,
35423765,00000118,false,Rx,1,4,00,47,00,12,00,00,00,00,
35433424,00000118,false,Rx,1,4,00,48,00,12,00,00,00,00,
35443757,00000118,false,Rx,1,4,00,49,00,12,00,00,00,00,
35453408,00000118,false,Rx,1,4,00,4A,00,12,00,00,00,00,
35463761,00000118,false,Rx,1,4,00,4B,00,12,00,00,00,00,
35473388,00000118,false,Rx,1,4,00,4C,00,12,00,00,00,00,
35483751,00000118,false,Rx,1,4,00,4D,00,12,00,00,00,00,
35484049,17F0000F,true,Rx,1,8,00,0F,00,00,00,00,00,00,
35493494,00000118,false,Rx,1,4,00,4E,00,12,00,00,00,00,
35503725,00000118,false,Rx,1,4,00,4F,00,12,00,00,00,00,
35513387,00000118,false,Rx,1,4,00,40,00,12,00,00,00,00,
35523716,00000118,false,Rx,1,4,00,41,00,12,00,00,00,00,
35533377,00000118,false,Rx,1,4,00,42,00,12,00,00,00,00,
35535615,0000070F,false,Rx,0,8,03,22,2B,F1,55,55,55,55,
35543729,00000118,false,Rx,1,4,00,43,00,12,00,00,00,00,
35553351,00000118,false,Rx,1,4,00,44,00,12,00,00,00,00,
35554701,00000779,false,Rx,1,8,05,62,2B,F1,EF,62,AA,AA,
35563723,00000118,false,Rx,1,4,00,45,00,12,00,00,00,00,
35573341,00000118,false,Rx,1,4,00,46,00,12,00,00,00,00,
35583702,00000118,false,Rx,1,4,00,47,00,12,00,00,00,00,
35593437,00000118,false,Rx,1,4,00,48,00,12,00,00,00,00,
35603675,00000118,false,Rx,1,4,00,49,00,12,00,00,00,00,
35613339,00000118,false,Rx,1,4,00,4A,00,12,00,00,00,00,
35623664,00000118,false,Rx,1,4,00,4B,00,12,00,00,00,00,
35633331,00000118,false,Rx,1,4,00,4C,00,12,00,00,00,00,
35643655,00000118,false,Rx,1,4,00,4D,00,12,00,00,00,00,
35653303,00000118,false,Rx,1,4,00,4E,00,12,00,00,00,00,
35663666,00000118,false,Rx,1,4,00,4F,00,12,00,00,00,00,
35673292,00000118,false,Rx,1,4,00,40,00,12,00,00,00,00,
35683657,00000118,false,Rx,1,4,00,41,00,12,00,00,00,00,
35693390,00000118,false,Rx,1,4,00,42,00,12,00,00,00,00,
35703629,00000118,false,Rx,1,4,00,43,00,12,00,00,00,00,
35713289,00000118,false,Rx,1,4,00,44,00,12,00,00,00,00,
35723617,00000118,false,Rx,1,4,00,45,00,12,00,00,00,00,
35733280,00000118,false,Rx,1,4,00,46,00,12,00,00,00,00,
35744428,00000118,false,Rx,1,4,00,47,00,12,00,00,00,00,
35753304,00000118,false,Rx,1,4,00,48,00,12,00,00,00,00,
35764233,00000118,false,Rx,1,4,00,49,00,12,00,00,00,00,
35773421,00000118,false,Rx,1,4,00,4A,00,12,00,00,00,00,
35783481,00000118,false,Rx,1,4,00,4B,00,12,00,00,00,00,
35793467,00000118,false,Rx,1,4,00,4C,00,12,00,00,00,00,
35803471,00000118,false,Rx,1,4,00,4D,00,12,00,00,00,00,
35813333,00000118,false,Rx,1,4,00,4E,00,12,00,00,00,00,
35823480,00000118,false,Rx,1,4,00,4F,00,12,00,00,00,00,
35833323,00000118,false,Rx,1,4,00,40,00,12,00,00,00,00,
35843472,00000118,false,Rx,1,4,00,41,00,12,00,00,00,00,
35853313,00000118,false,Rx,1,4,00,42,00,12,00,00,00,00,
35855271,0000070F,false,Rx,0,8,03,22,2B,E4,55,55,55,55,
35863473,00000118,false,Rx,1,4,00,43,00,12,00,00,00,00,
35873320,00000118,false,Rx,1,4,00,44,00,12,00,00,00,00,
35874706,00000779,false,Rx,1,8,05,62,2B,E4,E1,61,AA,AA,
35883443,00000118,false,Rx,1,4,00,45,00,12,00,00,00,00,
35893418,00000118,false,Rx,1,4,00,46,00,12,00,00,00,00,
35903422,00000118,false,Rx,1,4,00,47,00,12,00,00,00,00,
35913282,00000118,false,Rx,1,4,00,48,00,12,00,00,00,00,
35923432,00000118,false,Rx,1,4,00,49,00,12,00,00,00,00,
35933274,00000118,false,Rx,1,4,00,4A,00,12,00,00,00,00,
35943437,00000118,false,Rx,1,4,00,4B,00,12,00,00,00,00,
35953266,00000118,false,Rx,1,4,00,4C,00,12,00,00,00,00,
35963399,00000118,false,Rx,1,4,00,4D,00,12,00,00,00,00,
35973273,00000118,false,Rx,1,4,00,4E,00,12,00,00,00,00,
35983386,00000118,false,Rx,1,4,00,4F,00,12,00,00,00,00,
35983683,17F0000F,true,Rx,1,8,00,0F,00,00,00,00,00,00,
35993781,00000118,false,Rx,1,4,00,40,00,12,00,00,00,00,
36003777,00000118,false,Rx,1,4,00,41,00,12,00,00,00,00,
36013635,00000118,false,Rx,1,4,00,42,00,12,00,00,00,00,
36023785,00000118,false,Rx,1,4,00,43,00,12,00,00,00,00,
36033625,00000118,false,Rx,1,4,00,44,00,12,00,00,00,00,
36043773,00000118,false,Rx,1,4,00,45,00,12,00,00,00,00,
36053617,00000118,false,Rx,1,4,00,46,00,12,00,00,00,00,
36063748,00000118,false,Rx,1,4,00,47,00,12,00,00,00,00,
36073622,00000118,false,Rx,1,4,00,48,00,12,00,00,00,00,
36083735,00000118,false,Rx,1,4,00,49,00,12,00,00,00,00,
36093725,00000118,false,Rx,1,4,00,4A,00,12,00,00,00,00,
36103726,00000118,false,Rx,1,4,00,4B,00,12,00,00,00,00,
36113588,00000118,false,Rx,1,4,00,4C,00,12,00,00,00,00,
36123733,00000118,false,Rx,1,4,00,4D,00,12,00,00,00,00,
36133577,00000118,false,Rx,1,4,00,4E,00,12,00,00,00,00,
36143728,00000118,false,Rx,1,4,00,4F,00,12,00,00,00,00,
36153567,00000118,false,Rx,1,4,00,40,00,12,00,00,00,00,
36163699,00000118,false,Rx,1,4,00,41,00,12,00,00,00,00,
36166813,0000070F,false,Rx,0,8,03,22,02,8D,55,55,55,55,
36173599,00000118,false,Rx,1,4,00,42,00,12,00,00,00,00,
36183689,00000118,false,Rx,1,4,00,43,00,12,00,00,00,00,
36185949,00000779,false,Rx,1,8,05,62,02,8D,50,00,AA,AA,
36193684,00000118,false,Rx,1,4,00,44,00,12,00,00,00,00,
36203677,00000118,false,Rx,1,4,00,45,00,12,00,00,00,00,
36213539,00000118,false,Rx,1,4,00,46,00,12,00,00,00,00,
36223687,00000118,false,Rx,1,4,00,47,00,12,00,00,00,00,
36233526,00000118,false,Rx,1,4,00,48,00,12,00,00,00,00,
36243678,00000118,false,Rx,1,4,00,49,00,12,00,00,00,00,
36253568,00000118,false,Rx,1,4,00,4A,00,12,00,00,00,00,
36268023,00000118,false,Rx,1,4,00,4B,00,12,00,00,00,00,
36273545,00000118,false,Rx,1,4,00,4C,00,12,00,00,00,00,
36283780,00000118,false,Rx,1,4,00,4D,00,12,00,00,00,00,
36293614,00000118,false,Rx,1,4,00,4E,00,12,00,00,00,00,
36303651,00000118,false,Rx,1,4,00,4F,00,12,00,00,00,00,
36313492,00000118,false,Rx,1,4,00,40,00,12,00,00,00,00,
36323640,00000118,false,Rx,1,4,00,41,00,12,00,00,00,00,
36333482,00000118,false,Rx,1,4,00,42,00,12,00,00,00,00,
36343616,00000118,false,Rx,1,4,00,43,00,12,00,00,00,00,
36353487,00000118,false,Rx,1,4,00,44,00,12,00,00,00,00,
36363601,00000118,false,Rx,1,4,00,45,00,12,00,00,00,00,
36373488,00000118,false,Rx,1,4,00,46,00,12,00,00,00,00,
36383592,00000118,false,Rx,1,4,00,47,00,12,00,00,00,00,
36393562,00000118,false,Rx,1,4,00,48,00,12,00,00,00,00,
36403599,00000118,false,Rx,1,4,00,49,00,12,00,00,00,00,
36413443,00000118,false,Rx,1,4,00,4A,00,12,00,00,00,00,
36423591,00000118,false,Rx,1,4,00,4B,00,12,00,00,00,00,
36433433,00000118,false,Rx,1,4,00,4C,00,12,00,00,00,00,
36443568,00000118,false,Rx,1,4,00,4D,00,12,00,00,00,00,
36453441,00000118,false,Rx,1,4,00,4E,00,12,00,00,00,00,
36463554,00000118,false,Rx,1,4,00,4F,00,12,00,00,00,00,
36473442,00000118,false,Rx,1,4,00,40,00,12,00,00,00,00,
36483548,00000118,false,Rx,1,4,00,41,00,12,00,00,00,00,
36483842,17F0000F,true,Rx,1,8,00,0F,00,00,00,00,00,00,
36484776,0000070F,false,Rx,0,8,03,22,2B,F1,55,55,55,55,
36493951,00000118,false,Rx,1,4,00,42,00,12,00,00,00,00,
36503953,00000118,false,Rx,1,4,00,43,00,12,00,00,00,00,
36506167,00000779,false,Rx,1,8,05,62,2B,F1,EF,62,AA,AA,
36513802,00000118,false,Rx,1,4,00,44,00,12,00,00,00,00,
36523950,00000118,false,Rx,1,4,00,45,00,12,00,00,00,00,
36533784,00000118,false,Rx,1,4,00,46,00,12,00,00,00,00,
36543913,00000118,false,Rx,1,4,00,47,00,12,00,00,00,00,
36553791,00000118,false,Rx,1,4,00,48,00,12,00,00,00,00,
36563905,00000118,false,Rx,1,4,00,49,00,12,00,00,00,00,
36573787,00000118,false,Rx,1,4,00,4A,00,12,00,00,00,00,
36583895,00000118,false,Rx,1,4,00,4B,00,12,00,00,00,00,
36593863,00000118,false,Rx,1,4,00,4C,00,12,00,00,00,00,
36603902,00000118,false,Rx,1,4,00,4D,00,12,00,00,00,00,
36613745,00000118,false,Rx,1,4,00,4E,00,12,00,00,00,00,
36623896,00000118,false,Rx,1,4,00,4F,00,12,00,00,00,00,
36633737,00000118,false,Rx,1,4,00,40,00,12,00,00,00,00,
36643869,00000118,false,Rx,1,4,00,41,00,12,00,00,00,00,
36653744,00000118,false,Rx,1,4,00,42,00,12,00,00,00,00,
36663858,00000118,false,Rx,1,4,00,43,00,12,00,00,00,00,
36673734,00000118,false,Rx,1,4,00,44,00,12,00,00,00,00,
36683850,00000118,false,Rx,1,4,00,45,00,12,00,00,00,00,
36693815,00000118,false,Rx,1,4,00,46,00,12,00,00,00,00,
36703855,00000118,false,Rx,1,4,00,47,00,12,00,00,00,00,
36713695,00000118,false,Rx,1,4,00,48,00,12,00,00,00,00,
36723845,00000118,false,Rx,1,4,00,49,00,12,00,00,00,00,
36733688,00000118,false,Rx,1,4,00,4A,00,12,00,00,00,00,
36743818,00000118,false,Rx,1,4,00,4B,00,12,00,00,00,00,
36753640,00000118,false,Rx,1,4,00,4C,00,12,00,00,00,00,
36764323,00000118,false,Rx,1,4,00,4D,00,12,00,00,00,00,
36773734,00000118,false,Rx,1,4,00,4E,00,12,00,00,00,00,
36783807,00000118,false,Rx,1,4,00,4F,00,12,00,00,00,00,
36793769,00000118,false,Rx,1,4,00,40,00,12,00,00,00,00,
36803808,00000118,false,Rx,1,4,00,41,00,12,00,00,00,00,
36813650,00000118,false,Rx,1,4,00,42,00,12,00,00,00,00,
36816703,0000070F,false,Rx,0,8,03,22,2B,E4,55,55,55,55,
36823822,00000118,false,Rx,1,4,00,43,00,12,00,00,00,00,
36833640,00000118,false,Rx,1,4,00,44,00,12,00,00,00,00,
36834952,00000779,false,Rx,1,8,05,62,2B,E4,E1,61,AA,AA,
36843779,00000118,false,Rx,1,4,00,45,00,12,00,00,00,00,
36853647,00000118,false,Rx,1,4,00,46,00,12,00,00,00,00,
36863775,00000118,false,Rx,1,4,00,47,00,12,00,00,00,00,
36873638,00000118,false,Rx,1,4,00,48,00,12,00,00,00,00,
36883751,00000118,false,Rx,1,4,00,49,00,12,00,00,00,00,
36893721,00000118,false,Rx,1,4,00,4A,00,12,00,00,00,00,
36903759,00000118,false,Rx,1,4,00,4B,00,12,00,00,00,00,
36913601,00000118,false,Rx,1,4,00,4C,00,12,00,00,00,00,
36923748,00000118,false,Rx,1,4,00,4D,00,12,00,00,00,00,
36933592,00000118,false,Rx,1,4,00,4E,00,12,00,00,00,00,
36943747,00000118,false,Rx,1,4,00,4F,00,12,00,00,00,00,
36953599,00000118,false,Rx,1,4,00,40,00,12,00,00,00,00,
36963712,00000118,false,Rx,1,4,00,41,00,12,00,00,00,00,
36973590,00000118,false,Rx,1,4,00,42,00,12,00,00,00,00,
36983710,00000118,false,Rx,1,4,00,43,00,12,00,00,00,00,
36984001,17F0000F,true,Rx,1,8,00,0F,00,00,00,00,00,00,
36994076,00000118,false,Rx,1,4,00,44,00,12,00,00,00,00,
37004110,00000118,false,Rx,1,4,00,45,00,12,00,00,00,00,
37013959,00000118,false,Rx,1,4,00,46,00,12,00,00,00,00,
37024101,00000118,false,Rx,1,4,00,47,00,12,00,00,00,00,
37033951,00000118,false,Rx,1,4,00,48,00,12,00,00,00,00,
37044072,00000118,false,Rx,1,4,00,49,00,12,00,00,00,00,
37053953,00000118,false,Rx,1,4,00,4A,00,12,00,00,00,00,
37064063,00000118,false,Rx,1,4,00,4B,00,12,00,00,00,00,
37073951,00000118,false,Rx,1,4,00,4C,00,12,00,00,00,00,
37084057,00000118,false,Rx,1,4,00,4D,00,12,00,00,00,00,
37094024,00000118,false,Rx,1,4,00,4E,00,12,00,00,00,00,
37104063,00000118,false,Rx,1,4,00,4F,00,12,00,00,00,00,
37113905,00000118,false,Rx,1,4,00,40,00,12,00,00,00,00,
37124053,00000118,false,Rx,1,4,00,41,00,12,00,00,00,00,
37132651,0000070F,false,Rx,0,8,03,22,02,8D,55,55,55,55,
37133937,00000118,false,Rx,1,4,00,42,00,12,00,00,00,00,
37144027,00000118,false,Rx,1,4,00,43,00,12,00,00,00,00,
37146242,00000779,false,Rx,1,8,05,62,02,8D,50,00,AA,AA,
37153911,00000118,false,Rx,1,4,00,44,00,12,00,00,00,00,
37164015,00000118,false,Rx,1,4,00,45,00,12,00,00,00,00,
37173894,00000118,false,Rx,1,4,00,46,00,12,00,00,00,00,
37184004,00000118,false,Rx,1,4,00,47,00,12,00,00,00,00,
37193973,00000118,false,Rx,1,4,00,48,00,12,00,00,00,00,
37204013,00000118,false,Rx,1,4,00,49,00,12,00,00,00,00,
37213856,00000118,false,Rx,1,4,00,4A,00,12,00,00,00,00,
37224004,00000118,false,Rx,1,4,00,4B,00,12,00,00,00,00,
37233846,00000118,false,Rx,1,4,00,4C,00,12,00,00,00,00,
37243978,00000118,false,Rx,1,4,00,4D,00,12,00,00,00,00,
37253975,00000118,false,Rx,1,4,00,4E,00,12,00,00,00,00,
37263970,00000118,false,Rx,1,4,00,4F,00,12,00,00,00,00,
37273894,00000118,false,Rx,1,4,00,40,00,12,00,00,00,00,
37284084,00000118,false,Rx,1,4,00,41,00,12,00,00,00,00,
37293955,00000118,false,Rx,1,4,00,42,00,12,00,00,00,00,
37303969,00000118,false,Rx,1,4,00,43,00,12,00,00,00,00,
37313806,00000118,false,Rx,1,4,00,44,00,12,00,00,00,00,
37323955,00000118,false,Rx,1,4,00,45,00,12,00,00,00,00,
37333798,00000118,false,Rx,1,4,00,46,00,12,00,00,00,00,
37343947,00000118,false,Rx,1,4,00,47,00,12,00,00,00,00,
37353804,00000118,false,Rx,1,4,00,48,00,12,00,00,00,00,
37363938,00000118,false,Rx,1,4,00,49,00,12,00,00,00,00,
37373797,00000118,false,Rx,1,4,00,4A,00,12,00,00,00,00,
37383909,00000118,false,Rx,1,4,00,4B,00,12,00,00,00,00,
37393880,00000118,false,Rx,1,4,00,4C,00,12,00,00,00,00,
37403935,00000118,false,Rx,1,4,00,4D,00,12,00,00,00,00,
37413760,00000118,false,Rx,1,4,00,4E,00,12,00,00,00,00,
37423907,00000118,false,Rx,1,4,00,4F,00,12,00,00,00,00,
37433749,00000118,false,Rx,1,4,00,40,00,12,00,00,00,00,
37443889,00000118,false,Rx,1,4,00,41,00,12,00,00,00,00,
37451394,0000070F,false,Rx,0,8,03,22,2B,F1,55,55,55,55,
37453781,00000118,false,Rx,1,4,00,42,00,12,00,00,00,00,
37463871,00000118,false,Rx,1,4,00,43,00,12,00,00,00,00,
37466172,00000779,false,Rx,1,8,05,62,2B,F1,EF,62,AA,AA,
37473756,00000118,false,Rx,1,4,00,44,00,12,00,00,00,00,
37483860,00000118,false,Rx,1,4,00,45,00,12,00,00,00,00,
37484156,17F0000F,true,Rx,1,8,00,0F,00,00,00,00,00,00,
37494253,00000118,false,Rx,1,4,00,46,00,12,00,00,00,00,
37504269,00000118,false,Rx,1,4,00,47,00,12,00,00,00,00,
37514108,00000118,false,Rx,1,4,00,48,00,12,00,00,00,00,
37524257,00000118,false,Rx,1,4,00,49,00,12,00,00,00,00,
37534102,00000118,false,Rx,1,4,00,4A,00,12,00,00,00,00,
37544231,00000118,false,Rx,1,4,00,4B,00,12,00,00,00,00,
37554110,00000118,false,Rx,1,4,00,4C,00,12,00,00,00,00,
37564221,00000118,false,Rx,1,4,00,4D,00,12,00,00,00,00,
37574101,00000118,false,Rx,1,4,00,4E,00,12,00,00,00,00,
37584212,00000118,false,Rx,1,4,00,4F,00,12,00,00,00,00,
37594179,00000118,false,Rx,1,4,00,40,00,12,00,00,00,00,
37604220,00000118,false,Rx,1,4,00,41,00,12,00,00,00,00,
37614062,00000118,false,Rx,1,4,00,42,00,12,00,00,00,00,
37624212,00000118,false,Rx,1,4,00,43,00,12,00,00,00,00,
37634052,00000118,false,Rx,1,4,00,44,00,12,00,00,00,00,
37644181,00000118,false,Rx,1,4,00,45,00,12,00,00,00,00,
37654060,00000118,false,Rx,1,4,00,46,00,12,00,00,00,00,
37664172,00000118,false,Rx,1,4,00,47,00,12,00,00,00,00,
37674049,00000118,false,Rx,1,4,00,48,00,12,00,00,00,00,
37684162,00000118,false,Rx,1,4,00,49,00,12,00,00,00,00,
37694133,00000118,false,Rx,1,4,00,4A,00,12,00,00,00,00,
37704172,00000118,false,Rx,1,4,00,4B,00,12,00,00,00,00,
37714013,00000118,false,Rx,1,4,00,4C,00,12,00,00,00,00,
37724161,00000118,false,Rx,1,4,00,4D,00,12,00,00,00,00,
37734005,00000118,false,Rx,1,4,00,4E,00,12,00,00,00,00,
37744408,00000118,false,Rx,1,4,00,4F,00,12,00,00,00,00,
37754036,00000118,false,Rx,1,4,00,40,00,12,00,00,00,00,
37764151,00000118,false,Rx,1,4,00,41,00,12,00,00,00,00,
37769689,0000070F,false,Rx,0,8,03,22,2B,E4,55,55,55,55,
37774126,00000118,false,Rx,1,4,00,42,00,12,00,00,00,00,
37784174,00000118,false,Rx,1,4,00,43,00,12,00,00,00,00,
37786427,00000779,false,Rx,1,8,05,62,2B,E4,E1,61,AA,AA,
37794112,00000118,false,Rx,1,4,00,44,00,12,00,00,00,00,
37804185,00000118,false,Rx,1,4,00,45,00,12,00,00,00,00,
37814117,00000118,false,Rx,1,4,00,46,00,12,00,00,00,00,
37824115,00000118,false,Rx,1,4,00,47,00,12,00,00,00,00,
37834107,00000118,false,Rx,1,4,00,48,00,12,00,00,00,00,
37844109,00000118,false,Rx,1,4,00,49,00,12,00,00,00,00,
37854110,00000118,false,Rx,1,4,00,4A,00,12,00,00,00,00,
37864113,00000118,false,Rx,1,4,00,4B,00,12,00,00,00,00,
37874112,00000118,false,Rx,1,4,00,4C,00,12,00,00,00,00,
37884110,00000118,false,Rx,1,4,00,4D,00,12,00,00,00,00,
37894120,00000118,false,Rx,1,4,00,4E,00,12,00,00,00,00,
37904191,00000118,false,Rx,1,4,00,4F,00,12,00,00,00,00,
37914115,00000118,false,Rx,1,4,00,40,00,12,00,00,00,00,
37924112,00000118,false,Rx,1,4,00,41,00,12,00,00,00,00,
37934113,00000118,false,Rx,1,4,00,42,00,12,00,00,00,00,
37944156,00000118,false,Rx,1,4,00,43,00,12,00,00,00,00,
37954114,00000118,false,Rx,1,4,00,44,00,12,00,00,00,00,
37964111,00000118,false,Rx,1,4,00,45,00,12,00,00,00,00,
37974116,00000118,false,Rx,1,4,00,46,00,12,00,00,00,00,
37984115,00000118,false,Rx,1,4,00,47,00,12,00,00,00,00,
37984651,17F0000F,true,Rx,1,8,00,0F,00,00,00,00,00,00,
37994601,00000118,false,Rx,1,4,00,48,00,12,00,00,00,00,
38004752,00000118,false,Rx,1,4,00,49,00,12,00,00,00,00,
38014359,00000118,false,Rx,1,4,00,4A,00,12,00,00,00,00,
38024607,00000118,false,Rx,1,4,00,4B,00,12,00,00,00,00,
38034352,00000118,false,Rx,1,4,00,4C,00,12,00,00,00,00,
38044600,00000118,false,Rx,1,4,00,4D,00,12,00,00,00,00,
38054357,00000118,false,Rx,1,4,00,4E,00,12,00,00,00,00,
38064608,00000118,false,Rx,1,4,00,4F,00,12,00,00,00,00,
38074353,00000118,false,Rx,1,4,00,40,00,12,00,00,00,00,
38084603,00000118,false,Rx,1,4,00,41,00,12,00,00,00,00,
38094356,00000118,false,Rx,1,4,00,42,00,12,00,00,00,00,
38104601,00000118,false,Rx,1,4,00,43,00,12,00,00,00,00,
38105170,0000070F,false,Rx,0,8,03,22,02,8D,55,55,55,55,
38114360,00000118,false,Rx,1,4,00,44,00,12,00,00,00,00,
38124602,00000118,false,Rx,1,4,00,45,00,12,00,00,00,00,
38126670,00000779,false,Rx,1,8,05,62,02,8D,50,00,AA,AA,
38134362,00000118,false,Rx,1,4,00,46,00,12,00,00,00,00,
38144358,00000118,false,Rx,1,4,00,47,00,12,00,00,00,00,
38154361,00000118,false,Rx,1,4,00,48,00,12,00,00,00,00,
38164353,00000118,false,Rx,1,4,00,49,00,12,00,00,00,00,
38174355,00000118,false,Rx,1,4,00,4A,00,12,00,00,00,00,
38184355,00000118,false,Rx,1,4,00,4B,00,12,00,00,00,00,
38194355,00000118,false,Rx,1,4,00,4C,00,12,00,00,00,00,
38204353,00000118,false,Rx,1,4,00,4D,00,12,00,00,00,00,
38214357,00000118,false,Rx,1,4,00,4E,00,12,00,00,00,00,
38224361,00000118,false,Rx,1,4,00,4F,00,12,00,00,00,00,
38234354,00000118,false,Rx,1,4,00,40,00,12,00,00,00,00,
38244706,00000118,false,Rx,1,4,00,41,00,12,00,00,00,00,
38254213,00000118,false,Rx,1,4,00,42,00,12,00,00,00,00,
38264733,00000118,false,Rx,1,4,00,43,00,12,00,00,00,00,
38274312,00000118,false,Rx,1,4,00,44,00,12,00,00,00,00,
38284601,00000118,false,Rx,1,4,00,45,00,12,00,00,00,00,
38294363,00000118,false,Rx,1,4,00,46,00,12,00,00,00,00,
38304359,00000118,false,Rx,1,4,00,47,00,12,00,00,00,00,
38314123,00000118,false,Rx,1,4,00,48,00,12,00,00,00,00,
38324356,00000118,false,Rx,1,4,00,49,00,12,00,00,00,00,
38334115,00000118,false,Rx,1,4,00,4A,00,12,00,00,00,00,
38344354,00000118,false,Rx,1,4,00,4B,00,12,00,00,00,00,
38354121,00000118,false,Rx,1,4,00,4C,00,12,00,00,00,00,
38364353,00000118,false,Rx,1,4,00,4D,00,12,00,00,00,00,
38374113,00000118,false,Rx,1,4,00,4E,00,12,00,00,00,00,
38384368,00000118,false,Rx,1,4,00,4F,00,12,00,00,00,00,
38394352,00000118,false,Rx,1,4,00,40,00,12,00,00,00,00,
38404353,00000118,false,Rx,1,4,00,41,00,12,00,00,00,00,
38414111,00000118,false,Rx,1,4,00,42,00,12,00,00,00,00,
38419063,0000070F,false,Rx,0,8,03,22,2B,F1,55,55,55,55,
38424361,00000118,false,Rx,1,4,00,43,00,12,00,00,00,00,
38434113,00000118,false,Rx,1,4,00,44,00,12,00,00,00,00,
38435299,00000779,false,Rx,1,8,05,62,2B,F1,21,63,AA,AA,
38444374,00000118,false,Rx,1,4,00,45,00,12,00,00,00,00,
38454122,00000118,false,Rx,1,4,00,46,00,12,00,00,00,00,
38464359,00000118,false,Rx,1,4,00,47,00,12,00,00,00,00,
38474109,00000118,false,Rx,1,4,00,48,00,12,00,00,00,00,
38484361,00000118,false,Rx,1,4,00,49,00,12,00,00,00,00,
38484899,17F0000F,true,Rx,1,8,00,0F,00,00,00,00,00,00,
38494603,00000118,false,Rx,1,4,00,4A,00,12,00,00,00,00,
38504601,00000118,false,Rx,1,4,00,4B,00,12,00,00,00,00,
38514599,00000118,false,Rx,1,4,00,4C,00,12,00,00,00,00,
38524612,00000118,false,Rx,1,4,00,4D,00,12,00,00,00,00,
38534601,00000118,false,Rx,1,4,00,4E,00,12,00,00,00,00,
38544608,00000118,false,Rx,1,4,00,4F,00,12,00,00,00,00,
38554597,00000118,false,Rx,1,4,00,40,00,12,00,00,00,00,
38564603,00000118,false,Rx,1,4,00,41,00,12,00,00,00,00,
38574606,00000118,false,Rx,1,4,00,42,00,12,00,00,00,00,
38584602,00000118,false,Rx,1,4,00,43,00,12,00,00,00,00,
38594604,00000118,false,Rx,1,4,00,44,00,12,00,00,00,00,
38604600,00000118,false,Rx,1,4,00,45,00,12,00,00,00,00,
38614371,00000118,false,Rx,1,4,00,46,00,12,00,00,00,00,
38624615,00000118,false,Rx,1,4,00,47,00,12,00,00,00,00,
38634353,00000118,false,Rx,1,4,00,48,00,12,00,00,00,00,
38644599,00000118,false,Rx,1,4,00,49,00,12,00,00,00,00,
38654356,00000118,false,Rx,1,4,00,4A,00,12,00,00,00,00,
38664602,00000118,false,Rx,1,4,00,4B,00,12,00,00,00,00,
38674352,00000118,false,Rx,1,4,00,4C,00,12,00,00,00,00,
38684599,00000118,false,Rx,1,4,00,4D,00,12,00,00,00,00,
38694601,00000118,false,Rx,1,4,00,4E,00,12,00,00,00,00,
38704609,00000118,false,Rx,1,4,00,4F,00,12,00,00,00,00,
38714353,00000118,false,Rx,1,4,00,40,00,12,00,00,00,00,
38724605,00000118,false,Rx,1,4,00,41,00,12,00,00,00,00,
38734352,00000118,false,Rx,1,4,00,42,00,12,00,00,00,00,
38736663,0000070F,false,Rx,0,8,03,22,2B,E4,55,55,55,55,
38744614,00000118,false,Rx,1,4,00,43,00,12,00,00,00,00,
38754967,00000118,false,Rx,1,4,00,44,00,12,00,00,00,00,
38755569,00000779,false,Rx,1,8,05,62,2B,E4,E1,61,AA,AA,
38769373,00000118,false,Rx,1,4,00,45,00,12,00,00,00,00,
38774337,00000118,false,Rx,1,4,00,46,00,12,00,00,00,00,
38784478,00000118,false,Rx,1,4,00,47,00,12,00,00,00,00,
38794399,00000118,false,Rx,1,4,00,48,00,12,00,00,00,00,
38804435,00000118,false,Rx,1,4,00,49,00,12,00,00,00,00,
38814280,00000118,false,Rx,1,4,00,4A,00,12,00,00,00,00,
38824444,00000118,false,Rx,1,4,00,4B,00,12,00,00,00,00,
38834270,00000118,false,Rx,1,4,00,4C,00,12,00,00,00,00,
38844400,00000118,false,Rx,1,4,00,4D,00,12,00,00,00,00,
38854278,00000118,false,Rx,1,4,00,4E,00,12,00,00,00,00,
38864390,00000118,false,Rx,1,4,00,4F,00,12,00,00,00,00,
38874267,00000118,false,Rx,1,4,00,40,00,12,00,00,00,00,
38884440,00000118,false,Rx,1,4,00,41,00,12,00,00,00,00,
38894349,00000118,false,Rx,1,4,00,42,00,12,00,00,00,00,
38904388,00000118,false,Rx,1,4,00,43,00,12,00,00,00,00,
38914229,00000118,false,Rx,1,4,00,44,00,12,00,00,00,00,
38924378,00000118,false,Rx,1,4,00,45,00,12,00,00,00,00,
38934223,00000118,false,Rx,1,4,00,46,00,12,00,00,00,00,
38944360,00000118,false,Rx,1,4,00,47,00,12,00,00,00,00,
38954228,00000118,false,Rx,1,4,00,48,00,12,00,00,00,00,
38964340,00000118,false,Rx,1,4,00,49,00,12,00,00,00,00,
38974219,00000118,false,Rx,1,4,00,4A,00,12,00,00,00,00,
38984332,00000118,false,Rx,1,4,00,4B,00,12,00,00,00,00,
38984627,17F0000F,true,Rx,1,8,00,0F,00,00,00,00,00,00,
38994706,00000118,false,Rx,1,4,00,4C,00,12,00,00,00,00,
39004738,00000118,false,Rx,1,4,00,4D,00,12,00,00,00,00,
39014580,00000118,false,Rx,1,4,00,4E,00,12,00,00,00,00,
39024731,00000118,false,Rx,1,4,00,4F,00,12,00,00,00,00,
39034582,00000118,false,Rx,1,4,00,40,00,12,00,00,00,00,
39044704,00000118,false,Rx,1,4,00,41,00,12,00,00,00,00,
39054580,00000118,false,Rx,1,4,00,42,00,12,00,00,00,00,
39064693,00000118,false,Rx,1,4,00,43,00,12,00,00,00,00,
39067038,0000070F,false,Rx,0,8,03,22,02,8D,55,55,55,55,
39074590,00000118,false,Rx,1,4,00,44,00,12,00,00,00,00,
39084681,00000118,false,Rx,1,4,00,45,00,12,00,00,00,00,
39086900,00000779,false,Rx,1,8,05,62,02,8D,50,00,AA,AA,
39094659,00000118,false,Rx,1,4,00,46,00,12,00,00,00,00,
39104690,00000118,false,Rx,1,4,00,47,00,12,00,00,00,00,
39114530,00000118,false,Rx,1,4,00,48,00,12,00,00,00,00,
39124678,00000118,false,Rx,1,4,00,49,00,12,00,00,00,00,
39134525,00000118,false,Rx,1,4,00,4A,00,12,00,00,00,00,
39144653,00000118,false,Rx,1,4,00,4B,00,12,00,00,00,00,
39154531,00000118,false,Rx,1,4,00,4C,00,12,00,00,00,00,
39164642,00000118,false,Rx,1,4,00,4D,00,12,00,00,00,00,
39174522,00000118,false,Rx,1,4,00,4E,00,12,00,00,00,00,
39184635,00000118,false,Rx,1,4,00,4F,00,12,00,00,00,00,
39194601,00000118,false,Rx,1,4,00,40,00,12,00,00,00,00,
39204642,00000118,false,Rx,1,4,00,41,00,12,00,00,00,00,
39214483,00000118,false,Rx,1,4,00,42,00,12,00,00,00,00,
39224632,00000118,false,Rx,1,4,00,43,00,12,00,00,00,00,
39234472,00000118,false,Rx,1,4,00,44,00,12,00,00,00,00,
39244647,00000118,false,Rx,1,4,00,45,00,12,00,00,00,00,
39260101,00000118,false,Rx,1,4,00,46,00,12,00,00,00,00,
39264734,00000118,false,Rx,1,4,00,47,00,12,00,00,00,00,
39274363,00000118,false,Rx,1,4,00,48,00,12,00,00,00,00,
39284969,00000118,false,Rx,1,4,00,49,00,12,00,00,00,00,
39294497,00000118,false,Rx,1,4,00,4A,00,12,00,00,00,00,
39304682,00000118,false,Rx,1,4,00,4B,00,12,00,00,00,00,
39314344,00000118,false,Rx,1,4,00,4C,00,12,00,00,00,00,
39324671,00000118,false,Rx,1,4,00,4D,00,12,00,00,00,00,
39334317,00000118,false,Rx,1,4,00,4E,00,12,00,00,00,00,
39344691,00000118,false,Rx,1,4,00,4F,00,12,00,00,00,00,
39354307,00000118,false,Rx,1,4,00,40,00,12,00,00,00,00,
39364672,00000118,false,Rx,1,4,00,41,00,12,00,00,00,00,
39374299,00000118,false,Rx,1,4,00,42,00,12,00,00,00,00,
39383592,0000070F,false,Rx,0,8,03,22,2B,F1,55,55,55,55,
39384667,00000118,false,Rx,1,4,00,43,00,12,00,00,00,00,
39394411,00000118,false,Rx,1,4,00,44,00,12,00,00,00,00,
39395666,00000779,false,Rx,1,8,05,62,2B,F1,21,63,AA,AA,
39404642,00000118,false,Rx,1,4,00,45,00,12,00,00,00,00,
39414295,00000118,false,Rx,1,4,00,46,00,12,00,00,00,00,
39424624,00000118,false,Rx,1,4,00,47,00,12,00,00,00,00,
39434265,00000118,false,Rx,1,4,00,48,00,12,00,00,00,00,
39444650,00000118,false,Rx,1,4,00,49,00,12,00,00,00,00,
39454259,00000118,false,Rx,1,4,00,4A,00,12,00,00,00,00,
39464621,00000118,false,Rx,1,4,00,4B,00,12,00,00,00,00,
39474248,00000118,false,Rx,1,4,00,4C,00,12,00,00,00,00,
39484593,00000118,false,Rx,1,4,00,4D,00,12,00,00,00,00,
39484889,17F0000F,true,Rx,1,8,00,0F,00,00,00,00,00,00,
39494371,00000118,false,Rx,1,4,00,4E,00,12,00,00,00,00,
39504584,00000118,false,Rx,1,4,00,4F,00,12,00,00,00,00,
39514247,00000118,false,Rx,1,4,00,40,00,12,00,00,00,00,
39524575,00000118,false,Rx,1,4,00,41,00,12,00,00,00,00,
39534220,00000118,false,Rx,1,4,00,42,00,12,00,00,00,00,
39544592,00000118,false,Rx,1,4,00,43,00,12,00,00,00,00,
39554208,00000118,false,Rx,1,4,00,44,00,12,00,00,00,00,
39564582,00000118,false,Rx,1,4,00,45,00,12,00,00,00,00,
39574199,00000118,false,Rx,1,4,00,46,00,12,00,00,00,00,
39584543,00000118,false,Rx,1,4,00,47,00,12,00,00,00,00,
39594313,00000118,false,Rx,1,4,00,48,00,12,00,00,00,00,
39604534,00000118,false,Rx,1,4,00,49,00,12,00,00,00,00,
39614199,00000118,false,Rx,1,4,00,4A,00,12,00,00,00,00,
39624525,00000118,false,Rx,1,4,00,4B,00,12,00,00,00,00,
39634171,00000118,false,Rx,1,4,00,4C,00,12,00,00,00,00,
39644534,00000118,false,Rx,1,4,00,4D,00,12,00,00,00,00,
39654161,00000118,false,Rx,1,4,00,4E,00,12,00,00,00,00,
39664525,00000118,false,Rx,1,4,00,4F,00,12,00,00,00,00,
39674151,00000118,false,Rx,1,4,00,40,00,12,00,00,00,00,
39684497,00000118,false,Rx,1,4,00,41,00,12,00,00,00,00,
39694265,00000118,false,Rx,1,4,00,42,00,12,00,00,00,00,
39702199,0000070F,false,Rx,0,8,03,22,2B,E4,55,55,55,55,
39704509,00000118,false,Rx,1,4,00,43,00,12,00,00,00,00,
39714146,00000118,false,Rx,1,4,00,44,00,12,00,00,00,00,
39715406,00000779,false,Rx,1,8,05,62,2B,E4,E1,61,AA,AA,
39724484,00000118,false,Rx,1,4,00,45,00,12,00,00,00,00,
39734120,00000118,false,Rx,1,4,00,46,00,12,00,00,00,00,
39744690,00000118,false,Rx,1,4,00,47,00,12,00,00,00,00,
39754132,00000118,false,Rx,1,4,00,48,00,12,00,00,00,00,
39764295,00000118,false,Rx,1,4,00,49,00,12,00,00,00,00,
39774415,00000118,false,Rx,1,4,00,4A,00,12,00,00,00,00,
39784374,00000118,false,Rx,1,4,00,4B,00,12,00,00,00,00,
39794359,00000118,false,Rx,1,4,00,4C,00,12,00,00,00,00,
39804351,00000118,false,Rx,1,4,00,4D,00,12,00,00,00,00,
39814355,00000118,false,Rx,1,4,00,4E,00,12,00,00,00,00,
39824357,00000118,false,Rx,1,4,00,4F,00,12,00,00,00,00,
39834363,00000118,false,Rx,1,4,00,40,00,12,00,00,00,00,
39844353,00000118,false,Rx,1,4,00,41,00,12,00,00,00,00,
39854378,00000118,false,Rx,1,4,00,42,00,12,00,00,00,00,
39864354,00000118,false,Rx,1,4,00,43,00,12,00,00,00,00,
39874354,00000118,false,Rx,1,4,00,44,00,12,00,00,00,00,
39884363,00000118,false,Rx,1,4,00,45,00,12,00,00,00,00,
39894365,00000118,false,Rx,1,4,00,46,00,12,00,00,00,00,
39904360,00000118,false,Rx,1,4,00,47,00,12,00,00,00,00,
39914359,00000118,false,Rx,1,4,00,48,00,12,00,00,00,00,
39924353,00000118,false,Rx,1,4,00,49,00,12,00,00,00,00,
39934114,00000118,false,Rx,1,4,00,4A,00,12,00,00,00,00,
39944365,00000118,false,Rx,1,4,00,4B,00,12,00,00,00,00,
39954143,00000118,false,Rx,1,4,00,4C,00,12,00,00,00,00,
39964352,00000118,false,Rx,1,4,00,4D,00,12,00,00,00,00,
39974113,00000118,false,Rx,1,4,00,4E,00,12,00,00,00,00,
39984357,00000118,false,Rx,1,4,00,4F,00,12,00,00,00,00,
39984893,17F0000F,true,Rx,1,8,00,0F,00,00,00,00,00,00,
39994857,00000118,false,Rx,1,4,00,40,00,12,00,00,00,00,
40004843,00000118,false,Rx,1,4,00,41,00,12,00,00,00,00,
40014604,00000118,false,Rx,1,4,00,42,00,12,00,00,00,00,
40019874,0000070F,false,Rx,0,8,03,22,02,8D,55,55,55,55,
40024864,00000118,false,Rx,1,4,00,43,00,12,00,00,00,00,
40034599,00000118,false,Rx,1,4,00,44,00,12,00,00,00,00,
40035736,00000779,false,Rx,1,8,05,62,02,8D,51,00,AA,AA,
40044854,00000118,false,Rx,1,4,00,45,00,12,00,00,00,00,
40054604,00000118,false,Rx,1,4,00,46,00,12,00,00,00,00,
40064614,00000118,false,Rx,1,4,00,47,00,12,00,00,00,00,
40074607,00000118,false,Rx,1,4,00,48,00,12,00,00,00,00,
40084597,00000118,false,Rx,1,4,00,49,00,12,00,00,00,00,
40094601,00000118,false,Rx,1,4,00,4A,00,12,00,00,00,00,
40104601,00000118,false,Rx,1,4,00,4B,00,12,00,00,00,00,
40114603,00000118,false,Rx,1,4,00,4C,00,12,00,00,00,00,
40124597,00000118,false,Rx,1,4,00,4D,00,12,00,00,00,00,
40134602,00000118,false,Rx,1,4,00,4E,00,12,00,00,00,00,
40144602,00000118,false,Rx,1,4,00,4F,00,12,00,00,00,00,
40154616,00000118,false,Rx,1,4,00,40,00,12,00,00,00,00,
40164600,00000118,false,Rx,1,4,00,41,00,12,00,00,00,00,
40174603,00000118,false,Rx,1,4,00,42,00,12,00,00,00,00,
40184604,00000118,false,Rx,1,4,00,43,00,12,00,00,00,00,
40194598,00000118,false,Rx,1,4,00,44,00,12,00,00,00,00,
40204606,00000118,false,Rx,1,4,00,45,00,12,00,00,00,00,
40214603,00000118,false,Rx,1,4,00,46,00,12,00,00,00,00,
40224611,00000118,false,Rx,1,4,00,47,00,12,00,00,00,00,
40234607,00000118,false,Rx,1,4,00,48,00,12,00,00,00,00,
40244629,00000118,false,Rx,1,4,00,49,00,12,00,00,00,00,
40254487,00000118,false,Rx,1,4,00,4A,00,12,00,00,00,00,
40264957,00000118,false,Rx,1,4,00,4B,00,12,00,00,00,00,
40274564,00000118,false,Rx,1,4,00,4C,00,12,00,00,00,00,
40284842,00000118,false,Rx,1,4,00,4D,00,12,00,00,00,00,
40294602,00000118,false,Rx,1,4,00,4E,00,12,00,00,00,00,
40304602,00000118,false,Rx,1,4,00,4F,00,12,00,00,00,00,
40314360,00000118,false,Rx,1,4,00,40,00,12,00,00,00,00,
40324598,00000118,false,Rx,1,4,00,41,00,12,00,00,00,00,
40334357,00000118,false,Rx,1,4,00,42,00,12,00,00,00,00,
40344605,00000118,false,Rx,1,4,00,43,00,12,00,00,00,00,
40348845,0000070F,false,Rx,0,8,03,22,2B,F1,55,55,55,55,
40354361,00000118,false,Rx,1,4,00,44,00,12,00,00,00,00,
40364623,00000118,false,Rx,1,4,00,45,00,12,00,00,00,00,
40366911,00000779,false,Rx,1,8,05,62,2B,F1,53,63,AA,AA,
40374358,00000118,false,Rx,1,4,00,46,00,12,00,00,00,00,
40384874,00000118,false,Rx,1,4,00,47,00,12,00,00,00,00,
40394854,00000118,false,Rx,1,4,00,48,00,12,00,00,00,00,
40404846,00000118,false,Rx,1,4,00,49,00,12,00,00,00,00,
40414848,00000118,false,Rx,1,4,00,4A,00,12,00,00,00,00,
40424846,00000118,false,Rx,1,4,00,4B,00,12,00,00,00,00,
40434855,00000118,false,Rx,1,4,00,4C,00,12,00,00,00,00,
40444842,00000118,false,Rx,1,4,00,4D,00,12,00,00,00,00,
40454866,00000118,false,Rx,1,4,00,4E,00,12,00,00,00,00,
40464878,00000118,false,Rx,1,4,00,4F,00,12,00,00,00,00,
40474856,00000118,false,Rx,1,4,00,40,00,12,00,00,00,00,
40484847,00000118,false,Rx,1,4,00,41,00,12,00,00,00,00,
40485144,17F0000F,true,Rx,1,8,00,0F,00,00,00,00,00,00,
40494853,00000118,false,Rx,1,4,00,42,00,12,00,00,00,00,
40504855,00000118,false,Rx,1,4,00,43,00,12,00,00,00,00,
40514848,00000118,false,Rx,1,4,00,44,00,12,00,00,00,00,
40524854,00000118,false,Rx,1,4,00,45,00,12,00,00,00,00,
40534850,00000118,false,Rx,1,4,00,46,00,12,00,00,00,00,
40544860,00000118,false,Rx,1,4,00,47,00,12,00,00,00,00,
40554606,00000118,false,Rx,1,4,00,48,00,12,00,00,00,00,
40564970,00000118,false,Rx,1,4,00,49,00,12,00,00,00,00,
40574850,00000118,false,Rx,1,4,00,4A,00,12,00,00,00,00,
40584845,00000118,false,Rx,1,4,00,4B,00,12,00,00,00,00,
40594855,00000118,false,Rx,1,4,00,4C,00,12,00,00,00,00,
40604841,00000118,false,Rx,1,4,00,4D,00,12,00,00,00,00,
40614609,00000118,false,Rx,1,4,00,4E,00,12,00,00,00,00,
40624847,00000118,false,Rx,1,4,00,4F,00,12,00,00,00,00,
40634609,00000118,false,Rx,1,4,00,40,00,12,00,00,00,00,
40644843,00000118,false,Rx,1,4,00,41,00,12,00,00,00,00,
40654604,00000118,false,Rx,1,4,00,42,00,12,00,00,00,00,
40664856,00000118,false,Rx,1,4,00,43,00,12,00,00,00,00,
40669684,0000070F,false,Rx,0,8,03,22,2B,E4,55,55,55,55,
40674601,00000118,false,Rx,1,4,00,44,00,12,00,00,00,00,
40684852,00000118,false,Rx,1,4,00,45,00,12,00,00,00,00,
40686905,00000779,false,Rx,1,8,05,62,2B,E4,E1,61,AA,AA,
40694850,00000118,false,Rx,1,4,00,46,00,12,00,00,00,00,
40704860,00000118,false,Rx,1,4,00,47,00,12,00,00,00,00,
40714606,00000118,false,Rx,1,4,00,48,00,12,00,00,00,00,
40724846,00000118,false,Rx,1,4,00,49,00,12,00,00,00,00,
40734601,00000118,false,Rx,1,4,00,4A,00,12,00,00,00,00,
40744814,00000118,false,Rx,1,4,00,4B,00,12,00,00,00,00,
40754741,00000118,false,Rx,1,4,00,4C,00,12,00,00,00,00,
40764794,00000118,false,Rx,1,4,00,4D,00,12,00,00,00,00,
40774584,00000118,false,Rx,1,4,00,4E,00,12,00,00,00,00,
40784871,00000118,false,Rx,1,4,00,4F,00,12,00,00,00,00,
40794868,00000118,false,Rx,1,4,00,40,00,12,00,00,00,00,
40804865,00000118,false,Rx,1,4,00,41,00,12,00,00,00,00,
40814621,00000118,false,Rx,1,4,00,42,00,12,00,00,00,00,
40824867,00000118,false,Rx,1,4,00,43,00,12,00,00,00,00,
40834628,00000118,false,Rx,1,4,00,44,00,12,00,00,00,00,
40844863,00000118,false,Rx,1,4,00,45,00,12,00,00,00,00,
40854622,00000118,false,Rx,1,4,00,46,00,12,00,00,00,00,
40864620,00000118,false,Rx,1,4,00,47,00,12,00,00,00,00,
40874630,00000118,false,Rx,1,4,00,48,00,12,00,00,00,00,
40884624,00000118,false,Rx,1,4,00,49,00,12,00,00,00,00,
40894622,00000118,false,Rx,1,4,00,4A,00,12,00,00,00,00,
40904620,00000118,false,Rx,1,4,00,4B,00,12,00,00,00,00,
40914622,00000118,false,Rx,1,4,00,4C,00,12,00,00,00,00,
40924619,00000118,false,Rx,1,4,00,4D,00,12,00,00,00,00,
40934623,00000118,false,Rx,1,4,00,4E,00,12,00,00,00,00,
40944622,00000118,false,Rx,1,4,00,4F,00,12,00,00,00,00,
40954631,00000118,false,Rx,1,4,00,40,00,12,00,00,00,00,
40964631,00000118,false,Rx,1,4,00,41,00,12,00,00,00,00,
40974621,00000118,false,Rx,1,4,00,42,00,12,00,00,00,00,
40984635,00000118,false,Rx,1,4,00,43,00,12,00,00,00,00,
40985161,17F0000F,true,Rx,1,8,00,0F,00,00,00,00,00,00,
40987681,0000070F,false,Rx,0,8,03,22,02,8D,55,55,55,55,
40994619,00000118,false,Rx,1,4,00,44,00,12,00,00,00,00,
41004621,00000118,false,Rx,1,4,00,45,00,12,00,00,00,00,
41006907,00000779,false,Rx,1,8,05,62,02,8D,51,00,AA,AA,
41014622,00000118,false,Rx,1,4,00,46,00,12,00,00,00,00,
41024619,00000118,false,Rx,1,4,00,47,00,12,00,00,00,00,
41034368,00000118,false,Rx,1,4,00,48,00,12,00,00,00,00,
41044620,00000118,false,Rx,1,4,00,49,00,12,00,00,00,00,
41054371,00000118,false,Rx,1,4,00,4A,00,12,00,00,00,00,
41064620,00000118,false,Rx,1,4,00,4B,00,12,00,00,00,00,
41074623,00000118,false,Rx,1,4,00,4C,00,12,00,00,00,00,
41084623,00000118,false,Rx,1,4,00,4D,00,12,00,00,00,00,
41094629,00000118,false,Rx,1,4,00,4E,00,12,00,00,00,00,
41104622,00000118,false,Rx,1,4,00,4F,00,12,00,00,00,00,
41114369,00000118,false,Rx,1,4,00,40,00,12,00,00,00,00,
41124623,00000118,false,Rx,1,4,00,41,00,12,00,00,00,00,
41134370,00000118,false,Rx,1,4,00,42,00,12,00,00,00,00,
41144621,00000118,false,Rx,1,4,00,43,00,12,00,00,00,00,
41154368,00000118,false,Rx,1,4,00,44,00,12,00,00,00,00,
41164619,00000118,false,Rx,1,4,00,45,00,12,00,00,00,00,
41174370,00000118,false,Rx,1,4,00,46,00,12,00,00,00,00,
41184625,00000118,false,Rx,1,4,00,47,00,12,00,00,00,00,
41194621,00000118,false,Rx,1,4,00,48,00,12,00,00,00,00,
41204620,00000118,false,Rx,1,4,00,49,00,12,00,00,00,00,
41214371,00000118,false,Rx,1,4,00,4A,00,12,00,00,00,00,
41224628,00000118,false,Rx,1,4,00,4B,00,12,00,00,00,00,
41234371,00000118,false,Rx,1,4,00,4C,00,12,00,00,00,00,
41244621,00000118,false,Rx,1,4,00,4D,00,12,00,00,00,00,
41254414,00000118,false,Rx,1,4,00,4E,00,12,00,00,00,00,
41264424,00000118,false,Rx,1,4,00,4F,00,12,00,00,00,00,
41274186,00000118,false,Rx,1,4,00,40,00,12,00,00,00,00,
41284726,00000118,false,Rx,1,4,00,41,00,12,00,00,00,00,
41294344,00000118,false,Rx,1,4,00,42,00,12,00,00,00,00,
41304622,00000118,false,Rx,1,4,00,43,00,12,00,00,00,00,
41314837,00000118,false,Rx,1,4,00,44,00,12,00,00,00,00,
41319097,0000070F,false,Rx,0,8,03,22,2B,F1,55,55,55,55,
41324864,00000118,false,Rx,1,4,00,45,00,12,00,00,00,00,
41334586,00000118,false,Rx,1,4,00,46,00,12,00,00,00,00,
41336043,00000779,false,Rx,1,8,05,62,2B,F1,85,63,AA,AA,
41344866,00000118,false,Rx,1,4,00,47,00,12,00,00,00,00,
41354588,00000118,false,Rx,1,4,00,48,00,12,00,00,00,00,
41364866,00000118,false,Rx,1,4,00,49,00,12,00,00,00,00,
41375096,00000118,false,Rx,1,4,00,4A,00,12,00,00,00,00,
41385356,00000118,false,Rx,1,4,00,4B,00,12,00,00,00,00,
41395116,00000118,false,Rx,1,4,00,4C,00,12,00,00,00,00,
41405359,00000118,false,Rx,1,4,00,4D,00,12,00,00,00,00,
41415084,00000118,false,Rx,1,4,00,4E,00,12,00,00,00,00,
41425365,00000118,false,Rx,1,4,00,4F,00,12,00,00,00,00,
41435085,00000118,false,Rx,1,4,00,40,00,12,00,00,00,00,
41445117,00000118,false,Rx,1,4,00,41,00,12,00,00,00,00,
41455093,00000118,false,Rx,1,4,00,42,00,12,00,00,00,00,
41465121,00000118,false,Rx,1,4,00,43,00,12,00,00,00,00,
41475082,00000118,false,Rx,1,4,00,44,00,12,00,00,00,00,
41485128,00000118,false,Rx,1,4,00,45,00,12,00,00,00,00,
41485666,17F0000F,true,Rx,1,8,00,0F,00,00,00,00,00,00,
41495092,00000118,false,Rx,1,4,00,46,00,12,00,00,00,00,
41505121,00000118,false,Rx,1,4,00,47,00,12,00,00,00,00,
41515082,00000118,false,Rx,1,4,00,48,00,12,00,00,00,00,
41525116,00000118,false,Rx,1,4,00,49,00,12,00,00,00,00,
41535086,00000118,false,Rx,1,4,00,4A,00,12,00,00,00,00,
41545116,00000118,false,Rx,1,4,00,4B,00,12,00,00,00,00,
41555093,00000118,false,Rx,1,4,00,4C,00,12,00,00,00,00,
41565118,00000118,false,Rx,1,4,00,4D,00,12,00,00,00,00,
41575081,00000118,false,Rx,1,4,00,4E,00,12,00,00,00,00,
41585121,00000118,false,Rx,1,4,00,4F,00,12,00,00,00,00,
41595091,00000118,false,Rx,1,4,00,40,00,12,00,00,00,00,
41605116,00000118,false,Rx,1,4,00,41,00,12,00,00,00,00,
41615085,00000118,false,Rx,1,4,00,42,00,12,00,00,00,00,
41625119,00000118,false,Rx,1,4,00,43,00,12,00,00,00,00,
41634836,00000118,false,Rx,1,4,00,44,00,12,00,00,00,00,
41636204,0000070F,false,Rx,0,8,03,22,2B,E4,55,55,55,55,
41645119,00000118,false,Rx,1,4,00,45,00,12,00,00,00,00,
41655088,00000118,false,Rx,1,4,00,46,00,12,00,00,00,00,
41656291,00000779,false,Rx,1,8,05,62,2B,E4,E1,61,AA,AA,
41665122,00000118,false,Rx,1,4,00,47,00,12,00,00,00,00,
41674832,00000118,false,Rx,1,4,00,48,00,12,00,00,00,00,
41685116,00000118,false,Rx,1,4,00,49,00,12,00,00,00,00,
41695090,00000118,false,Rx,1,4,00,4A,00,12,00,00,00,00,
41705116,00000118,false,Rx,1,4,00,4B,00,12,00,00,00,00,
41714848,00000118,false,Rx,1,4,00,4C,00,12,00,00,00,00,
41725119,00000118,false,Rx,1,4,00,4D,00,12,00,00,00,00,
41734837,00000118,false,Rx,1,4,00,4E,00,12,00,00,00,00,
41745195,00000118,false,Rx,1,4,00,4F,00,12,00,00,00,00,
41754959,00000118,false,Rx,1,4,00,40,00,12,00,00,00,00,
41765168,00000118,false,Rx,1,4,00,41,00,12,00,00,00,00,
41774958,00000118,false,Rx,1,4,00,42,00,12,00,00,00,00,
41785122,00000118,false,Rx,1,4,00,43,00,12,00,00,00,00,
41795122,00000118,false,Rx,1,4,00,44,00,12,00,00,00,00,
41805125,00000118,false,Rx,1,4,00,45,00,12,00,00,00,00,
41814883,00000118,false,Rx,1,4,00,46,00,12,00,00,00,00,
41825125,00000118,false,Rx,1,4,00,47,00,12,00,00,00,00,
41834881,00000118,false,Rx,1,4,00,48,00,12,00,00,00,00,
41845117,00000118,false,Rx,1,4,00,49,00,12,00,00,00,00,
41854874,00000118,false,Rx,1,4,00,4A,00,12,00,00,00,00,
41865117,00000118,false,Rx,1,4,00,4B,00,12,00,00,00,00,
41874876,00000118,false,Rx,1,4,00,4C,00,12,00,00,00,00,
41885119,00000118,false,Rx,1,4,00,4D,00,12,00,00,00,00,
41895121,00000118,false,Rx,1,4,00,4E,00,12,00,00,00,00,
41905150,00000118,false,Rx,1,4,00,4F,00,12,00,00,00,00,
41914881,00000118,false,Rx,1,4,00,40,00,12,00,00,00,00,
41925116,00000118,false,Rx,1,4,00,41,00,12,00,00,00,00,
41934873,00000118,false,Rx,1,4,00,42,00,12,00,00,00,00,
41944895,00000118,false,Rx,1,4,00,43,00,12,00,00,00,00,
41954264,0000070F,false,Rx,0,8,03,22,02,8D,55,55,55,55,
41954906,00000118,false,Rx,1,4,00,44,00,12,00,00,00,00,
41964878,00000118,false,Rx,1,4,00,45,00,12,00,00,00,00,
41974881,00000118,false,Rx,1,4,00,46,00,12,00,00,00,00,
41976081,00000779,false,Rx,1,8,05,62,02,8D,52,00,AA,AA,
41984873,00000118,false,Rx,1,4,00,47,00,12,00,00,00,00,
41985414,17F0000F,true,Rx,1,8,00,0F,00,00,00,00,00,00,
41994937,00000118,false,Rx,1,4,00,48,00,12,00,00,00,00,
42004887,00000118,false,Rx,1,4,00,49,00,12,00,00,00,00,
42014874,00000118,false,Rx,1,4,00,4A,00,12,00,00,00,00,
42024874,00000118,false,Rx,1,4,00,4B,00,12,00,00,00,00,
42034877,00000118,false,Rx,1,4,00,4C,00,12,00,00,00,00,
42044876,00000118,false,Rx,1,4,00,4D,00,12,00,00,00,00,
42054873,00000118,false,Rx,1,4,00,4E,00,12,00,00,00,00,
42064875,00000118,false,Rx,1,4,00,4F,00,12,00,00,00,00,
42074884,00000118,false,Rx,1,4,00,40,00,12,00,00,00,00,
42084873,00000118,false,Rx,1,4,00,41,00,12,00,00,00,00,
42094873,00000118,false,Rx,1,4,00,42,00,12,00,00,00,00,
42104875,00000118,false,Rx,1,4,00,43,00,12,00,00,00,00,
42114630,00000118,false,Rx,1,4,00,44,00,12,00,00,00,00,
42124872,00000118,false,Rx,1,4,00,45,00,12,00,00,00,00,
42134630,00000118,false,Rx,1,4,00,46,00,12,00,00,00,00,
42144874,00000118,false,Rx,1,4,00,47,00,12,00,00,00,00,
42154627,00000118,false,Rx,1,4,00,48,00,12,00,00,00,00,
42164875,00000118,false,Rx,1,4,00,49,00,12,00,00,00,00,
42174629,00000118,false,Rx,1,4,00,4A,00,12,00,00,00,00,
42184875,00000118,false,Rx,1,4,00,4B,00,12,00,00,00,00,
42194876,00000118,false,Rx,1,4,00,4C,00,12,00,00,00,00,
42204883,00000118,false,Rx,1,4,00,4D,00,12,00,00,00,00,
42214634,00000118,false,Rx,1,4,00,4E,00,12,00,00,00,00,
42224874,00000118,false,Rx,1,4,00,4F,00,12,00,00,00,00,
42234629,00000118,false,Rx,1,4,00,40,00,12,00,00,00,00,
42244873,00000118,false,Rx,1,4,00,41,00,12,00,00,00,00,
42254762,00000118,false,Rx,1,4,00,42,00,12,00,00,00,00,
42264766,00000118,false,Rx,1,4,00,43,00,12,00,00,00,00,
42274681,00000118,false,Rx,1,4,00,44,00,12,00,00,00,00,
42284884,00000118,false,Rx,1,4,00,45,00,12,00,00,00,00,
42286571,0000070F,false,Rx,0,8,03,22,2B,F1,55,55,55,55,
42294875,00000118,false,Rx,1,4,00,46,00,12,00,00,00,00,
42304874,00000118,false,Rx,1,4,00,47,00,12,00,00,00,00,
42306911,00000779,false,Rx,1,8,05,62,2B,F1,85,63,AA,AA,
42314634,00000118,false,Rx,1,4,00,48,00,12,00,00,00,00,
42324874,00000118,false,Rx,1,4,00,49,00,12,00,00,00,00,
42334642,00000118,false,Rx,1,4,00,4A,00,12,00,00,00,00,
42344874,00000118,false,Rx,1,4,00,4B,00,12,00,00,00,00,
42354630,00000118,false,Rx,1,4,00,4C,00,12,00,00,00,00,
42364876,00000118,false,Rx,1,4,00,4D,00,12,00,00,00,00,
42374631,00000118,false,Rx,1,4,00,4E,00,12,00,00,00,00,
42384885,00000118,false,Rx,1,4,00,4F,00,12,00,00,00,00,
42394629,00000118,false,Rx,1,4,00,40,00,12,00,00,00,00,
42404871,00000118,false,Rx,1,4,00,41,00,12,00,00,00,00,
42414637,00000118,false,Rx,1,4,00,42,00,12,00,00,00,00,
42424873,00000118,false,Rx,1,4,00,43,00,12,00,00,00,00,
42434629,00000118,false,Rx,1,4,00,44,00,12,00,00,00,00,
42444629,00000118,false,Rx,1,4,00,45,00,12,00,00,00,00,
42454645,00000118,false,Rx,1,4,00,46,00,12,00,00,00,00,
42464636,00000118,false,Rx,1,4,00,47,00,12,00,00,00,00,
42474627,00000118,false,Rx,1,4,00,48,00,12,00,00,00,00,
42484628,00000118,false,Rx,1,4,00,49,00,12,00,00,00,00,
42485167,17F0000F,true,Rx,1,8,00,0F,00,00,00,00,00,00,
42494630,00000118,false,Rx,1,4,00,4A,00,12,00,00,00,00,
42504628,00000118,false,Rx,1,4,00,4B,00,12,00,00,00,00,
42514640,00000118,false,Rx,1,4,00,4C,00,12,00,00,00,00,
42524627,00000118,false,Rx,1,4,00,4D,00,12,00,00,00,00,
42534630,00000118,false,Rx,1,4,00,4E,00,12,00,00,00,00,
42544629,00000118,false,Rx,1,4,00,4F,00,12,00,00,00,00,
42554630,00000118,false,Rx,1,4,00,40,00,12,00,00,00,00,
42564630,00000118,false,Rx,1,4,00,41,00,12,00,00,00,00,
42574629,00000118,false,Rx,1,4,00,42,00,12,00,00,00,00,
42584630,00000118,false,Rx,1,4,00,43,00,12,00,00,00,00,
42594634,00000118,false,Rx,1,4,00,44,00,12,00,00,00,00,
42601839,0000070F,false,Rx,0,8,03,22,2B,E4,55,55,55,55,
42604628,00000118,false,Rx,1,4,00,45,00,12,00,00,00,00,
42614379,00000118,false,Rx,1,4,00,46,00,12,00,00,00,00,
42615836,00000779,false,Rx,1,8,05,62,2B,E4,E1,61,AA,AA,
42624628,00000118,false,Rx,1,4,00,47,00,12,00,00,00,00,
42634375,00000118,false,Rx,1,4,00,48,00,12,00,00,00,00,
42644627,00000118,false,Rx,1,4,00,49,00,12,00,00,00,00,
42654377,00000118,false,Rx,1,4,00,4A,00,12,00,00,00,00,
42664627,00000118,false,Rx,1,4,00,4B,00,12,00,00,00,00,
42674630,00000118,false,Rx,1,4,00,4C,00,12,00,00,00,00,
42684627,00000118,false,Rx,1,4,00,4D,00,12,00,00,00,00,
42694630,00000118,false,Rx,1,4,00,4E,00,12,00,00,00,00,
42704629,00000118,false,Rx,1,4,00,4F,00,12,00,00,00,00,
42714378,00000118,false,Rx,1,4,00,40,00,12,00,00,00,00,
42724640,00000118,false,Rx,1,4,00,41,00,12,00,00,00,00,
42734378,00000118,false,Rx,1,4,00,42,00,12,00,00,00,00,
42744631,00000118,false,Rx,1,4,00,43,00,12,00,00,00,00,
42754499,00000118,false,Rx,1,4,00,44,00,12,00,00,00,00,
42766017,00000118,false,Rx,1,4,00,45,00,12,00,00,00,00,
42774571,00000118,false,Rx,1,4,00,46,00,12,00,00,00,00,
42784572,00000118,false,Rx,1,4,00,47,00,12,00,00,00,00,
42794441,00000118,false,Rx,1,4,00,48,00,12,00,00,00,00,
42804431,00000118,false,Rx,1,4,00,49,00,12,00,00,00,00,
42814296,00000118,false,Rx,1,4,00,4A,00,12,00,00,00,00,
42824453,00000118,false,Rx,1,4,00,4B,00,12,00,00,00,00,
42834288,00000118,false,Rx,1,4,00,4C,00,12,00,00,00,00,
42844431,00000118,false,Rx,1,4,00,4D,00,12,00,00,00,00,
42854276,00000118,false,Rx,1,4,00,4E,00,12,00,00,00,00,
42864403,00000118,false,Rx,1,4,00,4F,00,12,00,00,00,00,
42874284,00000118,false,Rx,1,4,00,40,00,12,00,00,00,00,
42884394,00000118,false,Rx,1,4,00,41,00,12,00,00,00,00,
42894385,00000118,false,Rx,1,4,00,42,00,12,00,00,00,00,
42904383,00000118,false,Rx,1,4,00,43,00,12,00,00,00,00,
42914244,00000118,false,Rx,1,4,00,44,00,12,00,00,00,00,
42921278,0000070F,false,Rx,0,8,03,22,02,8D,55,55,55,55,
42924415,00000118,false,Rx,1,4,00,45,00,12,00,00,00,00,
42934237,00000118,false,Rx,1,4,00,46,00,12,00,00,00,00,
42935492,00000779,false,Rx,1,8,05,62,02,8D,52,00,AA,AA,
42944389,00000118,false,Rx,1,4,00,47,00,12,00,00,00,00,
42954234,00000118,false,Rx,1,4,00,48,00,12,00,00,00,00,
42964351,00000118,false,Rx,1,4,00,49,00,12,00,00,00,00,
42974233,00000118,false,Rx,1,4,00,4A,00,12,00,00,00,00,
42984342,00000118,false,Rx,1,4,00,4B,00,12,00,00,00,00,
42984638,17F0000F,true,Rx,1,8,00,0F,00,00,00,00,00,00,
42994337,00000118,false,Rx,1,4,00,4C,00,12,00,00,00,00,
43004331,00000118,false,Rx,1,4,00,4D,00,12,00,00,00,00,
43014196,00000118,false,Rx,1,4,00,4E,00,12,00,00,00,00,
43024376,00000118,false,Rx,1,4,00,4F,00,12,00,00,00,00,
43034189,00000118,false,Rx,1,4,00,40,00,12,00,00,00,00,
43044331,00000118,false,Rx,1,4,00,41,00,12,00,00,00,00,
43054176,00000118,false,Rx,1,4,00,42,00,12,00,00,00,00,
43064303,00000118,false,Rx,1,4,00,43,00,12,00,00,00,00,
43074182,00000118,false,Rx,1,4,00,44,00,12,00,00,00,00,
43084289,00000118,false,Rx,1,4,00,45,00,12,00,00,00,00,
43094282,00000118,false,Rx,1,4,00,46,00,12,00,00,00,00,
43104280,00000118,false,Rx,1,4,00,47,00,12,00,00,00,00,
43114144,00000118,false,Rx,1,4,00,48,00,12,00,00,00,00,
43124288,00000118,false,Rx,1,4,00,49,00,12,00,00,00,00,
43134137,00000118,false,Rx,1,4,00,4A,00,12,00,00,00,00,
43144278,00000118,false,Rx,1,4,00,4B,00,12,00,00,00,00,
43154126,00000118,false,Rx,1,4,00,4C,00,12,00,00,00,00,
43164249,00000118,false,Rx,1,4,00,4D,00,12,00,00,00,00,
43174132,00000118,false,Rx,1,4,00,4E,00,12,00,00,00,00,
43184242,00000118,false,Rx,1,4,00,4F,00,12,00,00,00,00,
43194230,00000118,false,Rx,1,4,00,40,00,12,00,00,00,00,
43204232,00000118,false,Rx,1,4,00,41,00,12,00,00,00,00,
43214094,00000118,false,Rx,1,4,00,42,00,12,00,00,00,00,
43224271,00000118,false,Rx,1,4,00,43,00,12,00,00,00,00,
43234582,00000118,false,Rx,1,4,00,44,00,12,00,00,00,00,
43239811,0000070F,false,Rx,0,8,03,22,2B,F1,55,55,55,55,
43244236,00000118,false,Rx,1,4,00,45,00,12,00,00,00,00,
43253972,00000118,false,Rx,1,4,00,46,00,12,00,00,00,00,
43255517,00000779,false,Rx,1,8,05,62,2B,F1,AD,63,AA,AA,
43264584,00000118,false,Rx,1,4,00,47,00,12,00,00,00,00,
43273979,00000118,false,Rx,1,4,00,48,00,12,00,00,00,00,
43284440,00000118,false,Rx,1,4,00,49,00,12,00,00,00,00,
43294056,00000118,false,Rx,1,4,00,4A,00,12,00,00,00,00,
43304286,00000118,false,Rx,1,4,00,4B,00,12,00,00,00,00,
43313960,00000118,false,Rx,1,4,00,4C,00,12,00,00,00,00,
43324277,00000118,false,Rx,1,4,00,4D,00,12,00,00,00,00,
43333962,00000118,false,Rx,1,4,00,4E,00,12,00,00,00,00,
43344270,00000118,false,Rx,1,4,00,4F,00,12,00,00,00,00,
43353934,00000118,false,Rx,1,4,00,40,00,12,00,00,00,00,
43364278,00000118,false,Rx,1,4,00,41,00,12,00,00,00,00,
43373906,00000118,false,Rx,1,4,00,42,00,12,00,00,00,00,
43384267,00000118,false,Rx,1,4,00,43,00,12,00,00,00,00,
43394001,00000118,false,Rx,1,4,00,44,00,12,00,00,00,00,
43404237,00000118,false,Rx,1,4,00,45,00,12,00,00,00,00,
43413905,00000118,false,Rx,1,4,00,46,00,12,00,00,00,00,
43424229,00000118,false,Rx,1,4,00,47,00,12,00,00,00,00,
43433894,00000118,false,Rx,1,4,00,48,00,12,00,00,00,00,
43444223,00000118,false,Rx,1,4,00,49,00,12,00,00,00,00,
43453879,00000118,false,Rx,1,4,00,4A,00,12,00,00,00,00,
43464223,00000118,false,Rx,1,4,00,4B,00,12,00,00,00,00,
43473856,00000118,false,Rx,1,4,00,4C,00,12,00,00,00,00,
43484214,00000118,false,Rx,1,4,00,4D,00,12,00,00,00,00,
43484511,17F0000F,true,Rx,1,8,00,0F,00,00,00,00,00,00,
43493964,00000118,false,Rx,1,4,00,4E,00,12,00,00,00,00,
43504188,00000118,false,Rx,1,4,00,4F,00,12,00,00,00,00,
43513853,00000118,false,Rx,1,4,00,40,00,12,00,00,00,00,
43524180,00000118,false,Rx,1,4,00,41,00,12,00,00,00,00,
43533844,00000118,false,Rx,1,4,00,42,00,12,00,00,00,00,
43544178,00000118,false,Rx,1,4,00,43,00,12,00,00,00,00,
43553814,00000118,false,Rx,1,4,00,44,00,12,00,00,00,00,
43556442,0000070F,false,Rx,0,8,03,22,2B,E4,55,55,55,55,
43564197,00000118,false,Rx,1,4,00,45,00,12,00,00,00,00,
43573805,00000118,false,Rx,1,4,00,46,00,12,00,00,00,00,
43575062,00000779,false,Rx,1,8,05,62,2B,E4,E1,61,AA,AA,
43584173,00000118,false,Rx,1,4,00,47,00,12,00,00,00,00,
43593901,00000118,false,Rx,1,4,00,48,00,12,00,00,00,00,
43604135,00000118,false,Rx,1,4,00,49,00,12,00,00,00,00,
43613803,00000118,false,Rx,1,4,00,4A,00,12,00,00,00,00,
43624125,00000118,false,Rx,1,4,00,4B,00,12,00,00,00,00,
43633796,00000118,false,Rx,1,4,00,4C,00,12,00,00,00,00,
43644117,00000118,false,Rx,1,4,00,4D,00,12,00,00,00,00,
43653764,00000118,false,Rx,1,4,00,4E,00,12,00,00,00,00,
43664125,00000118,false,Rx,1,4,00,4F,00,12,00,00,00,00,
43673755,00000118,false,Rx,1,4,00,40,00,12,00,00,00,00,
43684116,00000118,false,Rx,1,4,00,41,00,12,00,00,00,00,
43693852,00000118,false,Rx,1,4,00,42,00,12,00,00,00,00,
43704086,00000118,false,Rx,1,4,00,43,00,12,00,00,00,00,
43713751,00000118,false,Rx,1,4,00,44,00,12,00,00,00,00,
43724074,00000118,false,Rx,1,4,00,45,00,12,00,00,00,00,
43733742,00000118,false,Rx,1,4,00,46,00,12,00,00,00,00,
43744074,00000118,false,Rx,1,4,00,47,00,12,00,00,00,00,
43753842,00000118,false,Rx,1,4,00,48,00,12,00,00,00,00,
43766190,00000118,false,Rx,1,4,00,49,00,12,00,00,00,00,
43773858,00000118,false,Rx,1,4,00,4A,00,12,00,00,00,00,
43783970,00000118,false,Rx,1,4,00,4B,00,12,00,00,00,00,
43793946,00000118,false,Rx,1,4,00,4C,00,12,00,00,00,00,
43803945,00000118,false,Rx,1,4,00,4D,00,12,00,00,00,00,
43813792,00000118,false,Rx,1,4,00,4E,00,12,00,00,00,00,
43823950,00000118,false,Rx,1,4,00,4F,00,12,00,00,00,00,
43833782,00000118,false,Rx,1,4,00,40,00,12,00,00,00,00,
43843957,00000118,false,Rx,1,4,00,41,00,12,00,00,00,00,
43853773,00000118,false,Rx,1,4,00,42,00,12,00,00,00,00,
43863898,00000118,false,Rx,1,4,00,43,00,12,00,00,00,00,
43867363,0000070F,false,Rx,0,8,03,22,02,8D,55,55,55,55,
43873799,00000118,false,Rx,1,4,00,44,00,12,00,00,00,00,
43883888,00000118,false,Rx,1,4,00,45,00,12,00,00,00,00,
43886104,00000779,false,Rx,1,8,05,62,02,8D,53,00,AA,AA,
43893886,00000118,false,Rx,1,4,00,46,00,12,00,00,00,00,
43903876,00000118,false,Rx,1,4,00,47,00,12,00,00,00,00,
43913739,00000118,false,Rx,1,4,00,48,00,12,00,00,00,00,
43923883,00000118,false,Rx,1,4,00,49,00,12,00,00,00,00,
43933730,00000118,false,Rx,1,4,00,4A,00,12,00,00,00,00,
43944014,00000118,false,Rx,1,4,00,4B,00,12,00,00,00,00,
43953761,00000118,false,Rx,1,4,00,4C,00,12,00,00,00,00,
43963845,00000118,false,Rx,1,4,00,4D,00,12,00,00,00,00,
43973729,00000118,false,Rx,1,4,00,4E,00,12,00,00,00,00,
43983839,00000118,false,Rx,1,4,00,4F,00,12,00,00,00,00,
43984133,17F0000F,true,Rx,1,8,00,0F,00,00,00,00,00,00,
43993832,00000118,false,Rx,1,4,00,40,00,12,00,00,00,00,
44003827,00000118,false,Rx,1,4,00,41,00,12,00,00,00,00,
44013690,00000118,false,Rx,1,4,00,42,00,12,00,00,00,00,
44023835,00000118,false,Rx,1,4,00,43,00,12,00,00,00,00,
44033677,00000118,false,Rx,1,4,00,44,00,12,00,00,00,00,
44043823,00000118,false,Rx,1,4,00,45,00,12,00,00,00,00,
44053676,00000118,false,Rx,1,4,00,46,00,12,00,00,00,00,
44063797,00000118,false,Rx,1,4,00,47,00,12,00,00,00,00,
44073676,00000118,false,Rx,1,4,00,48,00,12,00,00,00,00,
44083784,00000118,false,Rx,1,4,00,49,00,12,00,00,00,00,
44093775,00000118,false,Rx,1,4,00,4A,00,12,00,00,00,00,
44103775,00000118,false,Rx,1,4,00,4B,00,12,00,00,00,00,
44113639,00000118,false,Rx,1,4,00,4C,00,12,00,00,00,00,
44123782,00000118,false,Rx,1,4,00,4D,00,12,00,00,00,00,
44133629,00000118,false,Rx,1,4,00,4E,00,12,00,00,00,00,
44143774,00000118,false,Rx,1,4,00,4F,00,12,00,00,00,00,
44153621,00000118,false,Rx,1,4,00,40,00,12,00,00,00,00,
44163747,00000118,false,Rx,1,4,00,41,00,12,00,00,00,00,
44173628,00000118,false,Rx,1,4,00,42,00,12,00,00,00,00,
44183736,00000118,false,Rx,1,4,00,43,00,12,00,00,00,00,
44190682,0000070F,false,Rx,0,8,03,22,2B,F1,55,55,55,55,
44193744,00000118,false,Rx,1,4,00,44,00,12,00,00,00,00,
44203725,00000118,false,Rx,1,4,00,45,00,12,00,00,00,00,
44205951,00000779,false,Rx,1,8,05,62,2B,F1,11,64,AA,AA,
44213598,00000118,false,Rx,1,4,00,46,00,12,00,00,00,00,
44223731,00000118,false,Rx,1,4,00,47,00,12,00,00,00,00,
44233576,00000118,false,Rx,1,4,00,48,00,12,00,00,00,00,
44243721,00000118,false,Rx,1,4,00,49,00,12,00,00,00,00,
44253602,00000118,false,Rx,1,4,00,4A,00,12,00,00,00,00,
44263715,00000118,false,Rx,1,4,00,4B,00,12,00,00,00,00,
44273509,00000118,false,Rx,1,4,00,4C,00,12,00,00,00,00,
44284057,00000118,false,Rx,1,4,00,4D,00,12,00,00,00,00,
44293623,00000118,false,Rx,1,4,00,4E,00,12,00,00,00,00,
44303866,00000118,false,Rx,1,4,00,4F,00,12,00,00,00,00,
44313622,00000118,false,Rx,1,4,00,40,00,12,00,00,00,00,
44323867,00000118,false,Rx,1,4,00,41,00,12,00,00,00,00,
44333623,00000118,false,Rx,1,4,00,42,00,12,00,00,00,00,
44344354,00000118,false,Rx,1,4,00,43,00,12,00,00,00,00,
44353905,00000118,false,Rx,1,4,00,44,00,12,00,00,00,00,
44364359,00000118,false,Rx,1,4,00,45,00,12,00,00,00,00,
44373869,00000118,false,Rx,1,4,00,46,00,12,00,00,00,00,
44384357,00000118,false,Rx,1,4,00,47,00,12,00,00,00,00,
44394113,00000118,false,Rx,1,4,00,48,00,12,00,00,00,00,
44404367,00000118,false,Rx,1,4,00,49,00,12,00,00,00,00,
44413868,00000118,false,Rx,1,4,00,4A,00,12,00,00,00,00,
44424353,00000118,false,Rx,1,4,00,4B,00,12,00,00,00,00,
44433868,00000118,false,Rx,1,4,00,4C,00,12,00,00,00,00,
44444113,00000118,false,Rx,1,4,00,4D,00,12,00,00,00,00,
44453870,00000118,false,Rx,1,4,00,4E,00,12,00,00,00,00,
44464141,00000118,false,Rx,1,4,00,4F,00,12,00,00,00,00,
44473867,00000118,false,Rx,1,4,00,40,00,12,00,00,00,00,
44484118,00000118,false,Rx,1,4,00,41,00,12,00,00,00,00,
44484652,17F0000F,true,Rx,1,8,00,0F,00,00,00,00,00,00,
44493869,00000118,false,Rx,1,4,00,42,00,12,00,00,00,00,
44504112,00000118,false,Rx,1,4,00,43,00,12,00,00,00,00,
44506712,0000070F,false,Rx,0,8,03,22,2B,E4,55,55,55,55,
44513863,00000118,false,Rx,1,4,00,44,00,12,00,00,00,00,
44524110,00000118,false,Rx,1,4,00,45,00,12,00,00,00,00,
44526282,00000779,false,Rx,1,8,05,62,2B,E4,E1,61,AA,AA,
44533873,00000118,false,Rx,1,4,00,46,00,12,00,00,00,00,
44544601,00000118,false,Rx,1,4,00,47,00,12,00,00,00,00,
44554114,00000118,false,Rx,1,4,00,48,00,12,00,00,00,00,
44564616,00000118,false,Rx,1,4,00,49,00,12,00,00,00,00,
44574110,00000118,false,Rx,1,4,00,4A,00,12,00,00,00,00,
44584599,00000118,false,Rx,1,4,00,4B,00,12,00,00,00,00,
44594356,00000118,false,Rx,1,4,00,4C,00,12,00,00,00,00,
44604601,00000118,false,Rx,1,4,00,4D,00,12,00,00,00,00,
44614112,00000118,false,Rx,1,4,00,4E,00,12,00,00,00,00,
44624602,00000118,false,Rx,1,4,00,4F,00,12,00,00,00,00,
44634113,00000118,false,Rx,1,4,00,40,00,12,00,00,00,00,
44644607,00000118,false,Rx,1,4,00,41,00,12,00,00,00,00,
44654109,00000118,false,Rx,1,4,00,42,00,12,00,00,00,00,
44664614,00000118,false,Rx,1,4,00,43,00,12,00,00,00,00,
44674111,00000118,false,Rx,1,4,00,44,00,12,00,00,00,00,
44684598,00000118,false,Rx,1,4,00,45,00,12,00,00,00,00,
44694361,00000118,false,Rx,1,4,00,46,00,12,00,00,00,00,
44704600,00000118,false,Rx,1,4,00,47,00,12,00,00,00,00,
44714115,00000118,false,Rx,1,4,00,48,00,12,00,00,00,00,
44724606,00000118,false,Rx,1,4,00,49,00,12,00,00,00,00,
44734109,00000118,false,Rx,1,4,00,4A,00,12,00,00,00,00,
44744500,00000118,false,Rx,1,4,00,4B,00,12,00,00,00,00,
44754498,00000118,false,Rx,1,4,00,4C,00,12,00,00,00,00,
44765035,00000118,false,Rx,1,4,00,4D,00,12,00,00,00,00,
44774681,00000118,false,Rx,1,4,00,4E,00,12,00,00,00,00,
44784646,00000118,false,Rx,1,4,00,4F,00,12,00,00,00,00,
44794624,00000118,false,Rx,1,4,00,40,00,12,00,00,00,00,
44804622,00000118,false,Rx,1,4,00,41,00,12,00,00,00,00,
44814621,00000118,false,Rx,1,4,00,42,00,12,00,00,00,00,
44823387,0000070F,false,Rx,0,8,03,22,02,8D,55,55,55,55,
44824879,00000118,false,Rx,1,4,00,43,00,12,00,00,00,00,
44834620,00000118,false,Rx,1,4,00,44,00,12,00,00,00,00,
44835828,00000779,false,Rx,1,8,05,62,02,8D,54,00,AA,AA,
44844867,00000118,false,Rx,1,4,00,45,00,12,00,00,00,00,
44854622,00000118,false,Rx,1,4,00,46,00,12,00,00,00,00,
44864619,00000118,false,Rx,1,4,00,47,00,12,00,00,00,00,
44874634,00000118,false,Rx,1,4,00,48,00,12,00,00,00,00,
44884627,00000118,false,Rx,1,4,00,49,00,12,00,00,00,00,
44894626,00000118,false,Rx,1,4,00,4A,00,12,00,00,00,00,
44904619,00000118,false,Rx,1,4,00,4B,00,12,00,00,00,00,
44914622,00000118,false,Rx,1,4,00,4C,00,12,00,00,00,00,
44924620,00000118,false,Rx,1,4,00,4D,00,12,00,00,00,00,
44934622,00000118,false,Rx,1,4,00,4E,00,12,00,00,00,00,
44944623,00000118,false,Rx,1,4,00,4F,00,12,00,00,00,00,
44954622,00000118,false,Rx,1,4,00,40,00,12,00,00,00,00,
44964633,00000118,false,Rx,1,4,00,41,00,12,00,00,00,00,
44974641,00000118,false,Rx,1,4,00,42,00,12,00,00,00,00,
44984622,00000118,false,Rx,1,4,00,43,00,12,00,00,00,00,
44985159,17F0000F,true,Rx,1,8,00,0F,00,00,00,00,00,00,
44994622,00000118,false,Rx,1,4,00,44,00,12,00,00,00,00,
45004620,00000118,false,Rx,1,4,00,45,00,12,00,00,00,00,
45014377,00000118,false,Rx,1,4,00,46,00,12,00,00,00,00,
45024620,00000118,false,Rx,1,4,00,47,00,12,00,00,00,00,
45034367,00000118,false,Rx,1,4,00,48,00,12,00,00,00,00,
45044621,00000118,false,Rx,1,4,00,49,00,12,00,00,00,00,
45054369,00000118,false,Rx,1,4,00,4A,00,12,00,00,00,00,
45064620,00000118,false,Rx,1,4,00,4B,00,12,00,00,00,00,
45074376,00000118,false,Rx,1,4,00,4C,00,12,00,00,00,00,
45084621,00000118,false,Rx,1,4,00,4D,00,12,00,00,00,00,
45094622,00000118,false,Rx,1,4,00,4E,00,12,00,00,00,00,
45104622,00000118,false,Rx,1,4,00,4F,00,12,00,00,00,00,
45114369,00000118,false,Rx,1,4,00,40,00,12,00,00,00,00,
45124623,00000118,false,Rx,1,4,00,41,00,12,00,00,00,00,
45134369,00000118,false,Rx,1,4,00,42,00,12,00,00,00,00,
45140018,0000070F,false,Rx,0,8,03,22,2B,F1,55,55,55,55,
45144628,00000118,false,Rx,1,4,00,43,00,12,00,00,00,00,
45154367,00000118,false,Rx,1,4,00,44,00,12,00,00,00,00,
45155574,00000779,false,Rx,1,8,05,62,2B,F1,43,64,AA,AA,
45164621,00000118,false,Rx,1,4,00,45,00,12,00,00,00,00,
45174369,00000118,false,Rx,1,4,00,46,00,12,00,00,00,00,
45184623,00000118,false,Rx,1,4,00,47,00,12,00,00,00,00,
45194619,00000118,false,Rx,1,4,00,48,00,12,00,00,00,00,
45204621,00000118,false,Rx,1,4,00,49,00,12,00,00,00,00,
45214369,00000118,false,Rx,1,4,00,4A,00,12,00,00,00,00,
45224619,00000118,false,Rx,1,4,00,4B,00,12,00,00,00,00,
45234369,00000118,false,Rx,1,4,00,4C,00,12,00,00,00,00,
45244619,00000118,false,Rx,1,4,00,4D,00,12,00,00,00,00,
45254441,00000118,false,Rx,1,4,00,4E,00,12,00,00,00,00,
45264462,00000118,false,Rx,1,4,00,4F,00,12,00,00,00,00,
45274423,00000118,false,Rx,1,4,00,40,00,12,00,00,00,00,
45284634,00000118,false,Rx,1,4,00,41,00,12,00,00,00,00,
45294379,00000118,false,Rx,1,4,00,42,00,12,00,00,00,00,
45304377,00000118,false,Rx,1,4,00,43,00,12,00,00,00,00,
45314375,00000118,false,Rx,1,4,00,44,00,12,00,00,00,00,
45324375,00000118,false,Rx,1,4,00,45,00,12,00,00,00,00,
45334380,00000118,false,Rx,1,4,00,46,00,12,00,00,00,00,
45344375,00000118,false,Rx,1,4,00,47,00,12,00,00,00,00,
45354376,00000118,false,Rx,1,4,00,48,00,12,00,00,00,00,
45364375,00000118,false,Rx,1,4,00,49,00,12,00,00,00,00,
45374379,00000118,false,Rx,1,4,00,4A,00,12,00,00,00,00,
45384388,00000118,false,Rx,1,4,00,4B,00,12,00,00,00,00,
45394387,00000118,false,Rx,1,4,00,4C,00,12,00,00,00,00,
45404375,00000118,false,Rx,1,4,00,4D,00,12,00,00,00,00,
45414377,00000118,false,Rx,1,4,00,4E,00,12,00,00,00,00,
45424377,00000118,false,Rx,1,4,00,4F,00,12,00,00,00,00,
45434378,00000118,false,Rx,1,4,00,40,00,12,00,00,00,00,
45444377,00000118,false,Rx,1,4,00,41,00,12,00,00,00,00,
45454376,00000118,false,Rx,1,4,00,42,00,12,00,00,00,00,
45459624,0000070F,false,Rx,0,8,03,22,2B,E4,55,55,55,55,
45464382,00000118,false,Rx,1,4,00,43,00,12,00,00,00,00,
45474375,00000118,false,Rx,1,4,00,44,00,12,00,00,00,00,
45475581,00000779,false,Rx,1,8,05,62,2B,E4,E1,61,AA,AA,
45484386,00000118,false,Rx,1,4,00,45,00,12,00,00,00,00,
45484987,17F0000F,true,Rx,1,8,00,0F,00,00,00,00,00,00,
45494376,00000118,false,Rx,1,4,00,46,00,12,00,00,00,00,
45504376,00000118,false,Rx,1,4,00,47,00,12,00,00,00,00,
45514124,00000118,false,Rx,1,4,00,48,00,12,00,00,00,00,
45524382,00000118,false,Rx,1,4,00,49,00,12,00,00,00,00,
45534117,00000118,false,Rx,1,4,00,4A,00,12,00,00,00,00,
45544375,00000118,false,Rx,1,4,00,4B,00,12,00,00,00,00,
45554107,00000118,false,Rx,1,4,00,4C,00,12,00,00,00,00,
45564375,00000118,false,Rx,1,4,00,4D,00,12,00,00,00,00,
45574115,00000118,false,Rx,1,4,00,4E,00,12,00,00,00,00,
45584378,00000118,false,Rx,1,4,00,4F,00,12,00,00,00,00,
45594380,00000118,false,Rx,1,4,00,40,00,12,00,00,00,00,
45604378,00000118,false,Rx,1,4,00,41,00,12,00,00,00,00,
45614075,00000118,false,Rx,1,4,00,42,00,12,00,00,00,00,
45624377,00000118,false,Rx,1,4,00,43,00,12,00,00,00,00,
45634067,00000118,false,Rx,1,4,00,44,00,12,00,00,00,00,
45644376,00000118,false,Rx,1,4,00,45,00,12,00,00,00,00,
45654056,00000118,false,Rx,1,4,00,46,00,12,00,00,00,00,
45664376,00000118,false,Rx,1,4,00,47,00,12,00,00,00,00,
45674061,00000118,false,Rx,1,4,00,48,00,12,00,00,00,00,
45684376,00000118,false,Rx,1,4,00,49,00,12,00,00,00,00,
45694378,00000118,false,Rx,1,4,00,4A,00,12,00,00,00,00,
45704376,00000118,false,Rx,1,4,00,4B,00,12,00,00,00,00,
45714030,00000118,false,Rx,1,4,00,4C,00,12,00,00,00,00,
45724375,00000118,false,Rx,1,4,00,4D,00,12,00,00,00,00,
45734014,00000118,false,Rx,1,4,00,4E,00,12,00,00,00,00,
45744206,00000118,false,Rx,1,4,00,4F,00,12,00,00,00,00,
45760785,00000118,false,Rx,1,4,00,40,00,12,00,00,00,00,
45764322,00000118,false,Rx,1,4,00,41,00,12,00,00,00,00,
45774414,00000118,false,Rx,1,4,00,42,00,12,00,00,00,00,
45775435,0000070F,false,Rx,0,8,03,22,02,8D,55,55,55,55,
45784812,00000118,false,Rx,1,4,00,43,00,12,00,00,00,00,
45794475,00000118,false,Rx,1,4,00,44,00,12,00,00,00,00,
45795731,00000779,false,Rx,1,8,05,62,02,8D,54,00,AA,AA,
45805065,00000118,false,Rx,1,4,00,45,00,12,00,00,00,00,
45814702,00000118,false,Rx,1,4,00,46,00,12,00,00,00,00,
45825081,00000118,false,Rx,1,4,00,47,00,12,00,00,00,00,
45834690,00000118,false,Rx,1,4,00,48,00,12,00,00,00,00,
45845073,00000118,false,Rx,1,4,00,49,00,12,00,00,00,00,
45854682,00000118,false,Rx,1,4,00,4A,00,12,00,00,00,00,
45865060,00000118,false,Rx,1,4,00,4B,00,12,00,00,00,00,
45874706,00000118,false,Rx,1,4,00,4C,00,12,00,00,00,00,
45885054,00000118,false,Rx,1,4,00,4D,00,12,00,00,00,00,
45895205,00000118,false,Rx,1,4,00,4E,00,12,00,00,00,00,
45905351,00000118,false,Rx,1,4,00,4F,00,12,00,00,00,00,
45915032,00000118,false,Rx,1,4,00,40,00,12,00,00,00,00,
45925357,00000118,false,Rx,1,4,00,41,00,12,00,00,00,00,
45935023,00000118,false,Rx,1,4,00,42,00,12,00,00,00,00,
45945346,00000118,false,Rx,1,4,00,43,00,12,00,00,00,00,
45955011,00000118,false,Rx,1,4,00,44,00,12,00,00,00,00,
45965343,00000118,false,Rx,1,4,00,45,00,12,00,00,00,00,
45975019,00000118,false,Rx,1,4,00,46,00,12,00,00,00,00,
45985319,00000118,false,Rx,1,4,00,47,00,12,00,00,00,00,
45985616,17F0000F,true,Rx,1,8,00,0F,00,00,00,00,00,00,
45995129,00000118,false,Rx,1,4,00,48,00,12,00,00,00,00,
46005319,00000118,false,Rx,1,4,00,49,00,12,00,00,00,00,
46014981,00000118,false,Rx,1,4,00,4A,00,12,00,00,00,00,
46025304,00000118,false,Rx,1,4,00,4B,00,12,00,00,00,00,
46034971,00000118,false,Rx,1,4,00,4C,00,12,00,00,00,00,
46045296,00000118,false,Rx,1,4,00,4D,00,12,00,00,00,00,
46054961,00000118,false,Rx,1,4,00,4E,00,12,00,00,00,00,
46065299,00000118,false,Rx,1,4,00,4F,00,12,00,00,00,00,
46074968,00000118,false,Rx,1,4,00,40,00,12,00,00,00,00,
46085675,00000118,false,Rx,1,4,00,41,00,12,00,00,00,00,
46095447,00000118,false,Rx,1,4,00,42,00,12,00,00,00,00,
46097455,0000070F,false,Rx,0,8,03,22,2B,F1,55,55,55,55,
46105688,00000118,false,Rx,1,4,00,43,00,12,00,00,00,00,
46115310,00000118,false,Rx,1,4,00,44,00,12,00,00,00,00,
46116569,00000779,false,Rx,1,8,05,62,2B,F1,A7,64,AA,AA,
46125681,00000118,false,Rx,1,4,00,45,00,12,00,00,00,00,
46135302,00000118,false,Rx,1,4,00,46,00,12,00,00,00,00,
46145660,00000118,false,Rx,1,4,00,47,00,12,00,00,00,00,
46155291,00000118,false,Rx,1,4,00,48,00,12,00,00,00,00,
46165633,00000118,false,Rx,1,4,00,49,00,12,00,00,00,00,
46175300,00000118,false,Rx,1,4,00,4A,00,12,00,00,00,00,
46185623,00000118,false,Rx,1,4,00,4B,00,12,00,00,00,00,
46195397,00000118,false,Rx,1,4,00,4C,00,12,00,00,00,00,
46205613,00000118,false,Rx,1,4,00,4D,00,12,00,00,00,00,
46215262,00000118,false,Rx,1,4,00,4E,00,12,00,00,00,00,
46225621,00000118,false,Rx,1,4,00,4F,00,12,00,00,00,00,
46235251,00000118,false,Rx,1,4,00,40,00,12,00,00,00,00,
46245616,00000118,false,Rx,1,4,00,41,00,12,00,00,00,00,
46255320,00000118,false,Rx,1,4,00,42,00,12,00,00,00,00,
46265456,00000118,false,Rx,1,4,00,43,00,12,00,00,00,00,
46275709,00000118,false,Rx,1,4,00,44,00,12,00,00,00,00,
46285632,00000118,false,Rx,1,4,00,45,00,12,00,00,00,00,
46295629,00000118,false,Rx,1,4,00,46,00,12,00,00,00,00,
46305647,00000118,false,Rx,1,4,00,47,00,12,00,00,00,00,
46315374,00000118,false,Rx,1,4,00,48,00,12,00,00,00,00,
46325628,00000118,false,Rx,1,4,00,49,00,12,00,00,00,00,
46335381,00000118,false,Rx,1,4,00,4A,00,12,00,00,00,00,
46345628,00000118,false,Rx,1,4,00,4B,00,12,00,00,00,00,
46355377,00000118,false,Rx,1,4,00,4C,00,12,00,00,00,00,
46365628,00000118,false,Rx,1,4,00,4D,00,12,00,00,00,00,
46375477,00000118,false,Rx,1,4,00,4E,00,12,00,00,00,00,
46385640,00000118,false,Rx,1,4,00,4F,00,12,00,00,00,00,
46395629,00000118,false,Rx,1,4,00,40,00,12,00,00,00,00,
46405637,00000118,false,Rx,1,4,00,41,00,12,00,00,00,00,
46415377,00000118,false,Rx,1,4,00,42,00,12,00,00,00,00,
46424103,0000070F,false,Rx,0,8,03,22,2B,E4,55,55,55,55,
46425645,00000118,false,Rx,1,4,00,43,00,12,00,00,00,00,
46435378,00000118,false,Rx,1,4,00,44,00,12,00,00,00,00,
46436582,00000779,false,Rx,1,8,05,62,2B,E4,E1,61,AA,AA,
46445628,00000118,false,Rx,1,4,00,45,00,12,00,00,00,00,
46455378,00000118,false,Rx,1,4,00,46,00,12,00,00,00,00,
46465392,00000118,false,Rx,1,4,00,47,00,12,00,00,00,00,
46475376,00000118,false,Rx,1,4,00,48,00,12,00,00,00,00,
46485376,00000118,false,Rx,1,4,00,49,00,12,00,00,00,00,
46485954,17F0000F,true,Rx,1,8,00,0F,00,00,00,00,00,00,
46495379,00000118,false,Rx,1,4,00,4A,00,12,00,00,00,00,
46505385,00000118,false,Rx,1,4,00,4B,00,12,00,00,00,00,
46515392,00000118,false,Rx,1,4,00,4C,00,12,00,00,00,00,
46525375,00000118,false,Rx,1,4,00,4D,00,12,00,00,00,00,
46535378,00000118,false,Rx,1,4,00,4E,00,12,00,00,00,00,
46545377,00000118,false,Rx,1,4,00,4F,00,12,00,00,00,00,
46555376,00000118,false,Rx,1,4,00,40,00,12,00,00,00,00,
46565378,00000118,false,Rx,1,4,00,41,00,12,00,00,00,00,
46575377,00000118,false,Rx,1,4,00,42,00,12,00,00,00,00,
46585378,00000118,false,Rx,1,4,00,43,00,12,00,00,00,00,
46595375,00000118,false,Rx,1,4,00,44,00,12,00,00,00,00,
46605376,00000118,false,Rx,1,4,00,45,00,12,00,00,00,00,
46615384,00000118,false,Rx,1,4,00,46,00,12,00,00,00,00,
46625376,00000118,false,Rx,1,4,00,47,00,12,00,00,00,00,
46635375,00000118,false,Rx,1,4,00,48,00,12,00,00,00,00,
46645382,00000118,false,Rx,1,4,00,49,00,12,00,00,00,00,
46655377,00000118,false,Rx,1,4,00,4A,00,12,00,00,00,00,
46665376,00000118,false,Rx,1,4,00,4B,00,12,00,00,00,00,
46675377,00000118,false,Rx,1,4,00,4C,00,12,00,00,00,00,
46685376,00000118,false,Rx,1,4,00,4D,00,12,00,00,00,00,
46695376,00000118,false,Rx,1,4,00,4E,00,12,00,00,00,00,
46705377,00000118,false,Rx,1,4,00,4F,00,12,00,00,00,00,
46715114,00000118,false,Rx,1,4,00,40,00,12,00,00,00,00,
46725377,00000118,false,Rx,1,4,00,41,00,12,00,00,00,00,
46725800,0000070F,false,Rx,0,8,03,22,02,8D,55,55,55,55,
46735126,00000118,false,Rx,1,4,00,42,00,12,00,00,00,00,
46745429,00000118,false,Rx,1,4,00,43,00,12,00,00,00,00,
46747675,00000779,false,Rx,1,8,05,62,02,8D,55,00,AA,AA,
46755126,00000118,false,Rx,1,4,00,44,00,12,00,00,00,00,
46765417,00000118,false,Rx,1,4,00,45,00,12,00,00,00,00,
46775135,00000118,false,Rx,1,4,00,46,00,12,00,00,00,00,
46785222,00000118,false,Rx,1,4,00,47,00,12,00,00,00,00,
46795198,00000118,false,Rx,1,4,00,48,00,12,00,00,00,00,
46805197,00000118,false,Rx,1,4,00,49,00,12,00,00,00,00,
46815080,00000118,false,Rx,1,4,00,4A,00,12,00,00,00,00,
46825204,00000118,false,Rx,1,4,00,4B,00,12,00,00,00,00,
46835054,00000118,false,Rx,1,4,00,4C,00,12,00,00,00,00,
46845196,00000118,false,Rx,1,4,00,4D,00,12,00,00,00,00,
46855041,00000118,false,Rx,1,4,00,4E,00,12,00,00,00,00,
46865168,00000118,false,Rx,1,4,00,4F,00,12,00,00,00,00,
46875048,00000118,false,Rx,1,4,00,40,00,12,00,00,00,00,
46885160,00000118,false,Rx,1,4,00,41,00,12,00,00,00,00,
46895147,00000118,false,Rx,1,4,00,42,00,12,00,00,00,00,
46905148,00000118,false,Rx,1,4,00,43,00,12,00,00,00,00,
46915011,00000118,false,Rx,1,4,00,44,00,12,00,00,00,00,
46925157,00000118,false,Rx,1,4,00,45,00,12,00,00,00,00,
46935001,00000118,false,Rx,1,4,00,46,00,12,00,00,00,00,
46945143,00000118,false,Rx,1,4,00,47,00,12,00,00,00,00,
46954988,00000118,false,Rx,1,4,00,48,00,12,00,00,00,00,
46965127,00000118,false,Rx,1,4,00,49,00,12,00,00,00,00,
46974997,00000118,false,Rx,1,4,00,4A,00,12,00,00,00,00,
46985105,00000118,false,Rx,1,4,00,4B,00,12,00,00,00,00,
46985401,17F0000F,true,Rx,1,8,00,0F,00,00,00,00,00,00,
46995101,00000118,false,Rx,1,4,00,4C,00,12,00,00,00,00,
47005094,00000118,false,Rx,1,4,00,4D,00,12,00,00,00,00,
47014961,00000118,false,Rx,1,4,00,4E,00,12,00,00,00,00,
47025117,00000118,false,Rx,1,4,00,4F,00,12,00,00,00,00,
47034952,00000118,false,Rx,1,4,00,40,00,12,00,00,00,00,
47042486,0000070F,false,Rx,0,8,03,22,2B,F1,55,55,55,55,
47045116,00000118,false,Rx,1,4,00,41,00,12,00,00,00,00,
47054951,00000118,false,Rx,1,4,00,42,00,12,00,00,00,00,
47056438,00000779,false,Rx,1,8,05,62,2B,F1,D9,64,AA,AA,
47065075,00000118,false,Rx,1,4,00,43,00,12,00,00,00,00,
47074951,00000118,false,Rx,1,4,00,44,00,12,00,00,00,00,
47085055,00000118,false,Rx,1,4,00,45,00,12,00,00,00,00,
47095043,00000118,false,Rx,1,4,00,46,00,12,00,00,00,00,
47105045,00000118,false,Rx,1,4,00,47,00,12,00,00,00,00,
47114906,00000118,false,Rx,1,4,00,48,00,12,00,00,00,00,
47125056,00000118,false,Rx,1,4,00,49,00,12,00,00,00,00,
47134897,00000118,false,Rx,1,4,00,4A,00,12,00,00,00,00,
47145041,00000118,false,Rx,1,4,00,4B,00,12,00,00,00,00,
47154887,00000118,false,Rx,1,4,00,4C,00,12,00,00,00,00,
47165012,00000118,false,Rx,1,4,00,4D,00,12,00,00,00,00,
47174894,00000118,false,Rx,1,4,00,4E,00,12,00,00,00,00,
47185004,00000118,false,Rx,1,4,00,4F,00,12,00,00,00,00,
47194993,00000118,false,Rx,1,4,00,40,00,12,00,00,00,00,
47204995,00000118,false,Rx,1,4,00,41,00,12,00,00,00,00,
47214856,00000118,false,Rx,1,4,00,42,00,12,00,00,00,00,
47225004,00000118,false,Rx,1,4,00,43,00,12,00,00,00,00,
47234845,00000118,false,Rx,1,4,00,44,00,12,00,00,00,00,
47244990,00000118,false,Rx,1,4,00,45,00,12,00,00,00,00,
47254912,00000118,false,Rx,1,4,00,46,00,12,00,00,00,00,
47268139,00000118,false,Rx,1,4,00,47,00,12,00,00,00,00,
47274869,00000118,false,Rx,1,4,00,48,00,12,00,00,00,00,
47285096,00000118,false,Rx,1,4,00,49,00,12,00,00,00,00,
47294942,00000118,false,Rx,1,4,00,4A,00,12,00,00,00,00,
47304961,00000118,false,Rx,1,4,00,4B,00,12,00,00,00,00,
47314804,00000118,false,Rx,1,4,00,4C,00,12,00,00,00,00,
47324967,00000118,false,Rx,1,4,00,4D,00,12,00,00,00,00,
47334801,00000118,false,Rx,1,4,00,4E,00,12,00,00,00,00,
47344943,00000118,false,Rx,1,4,00,4F,00,12,00,00,00,00,
47354802,00000118,false,Rx,1,4,00,40,00,12,00,00,00,00,
47359665,0000070F,false,Rx,0,8,03,22,2B,E4,55,55,55,55,
47364950,00000118,false,Rx,1,4,00,41,00,12,00,00,00,00,
47374794,00000118,false,Rx,1,4,00,42,00,12,00,00,00,00,
47376048,00000779,false,Rx,1,8,05,62,2B,E4,E1,61,AA,AA,
47384913,00000118,false,Rx,1,4,00,43,00,12,00,00,00,00,
47394870,00000118,false,Rx,1,4,00,44,00,12,00,00,00,00,
47404908,00000118,false,Rx,1,4,00,45,00,12,00,00,00,00,
47414755,00000118,false,Rx,1,4,00,46,00,12,00,00,00,00,
47424898,00000118,false,Rx,1,4,00,47,00,12,00,00,00,00,
47434749,00000118,false,Rx,1,4,00,48,00,12,00,00,00,00,
47444870,00000118,false,Rx,1,4,00,49,00,12,00,00,00,00,
47454751,00000118,false,Rx,1,4,00,4A,00,12,00,00,00,00,
47464874,00000118,false,Rx,1,4,00,4B,00,12,00,00,00,00,
47474743,00000118,false,Rx,1,4,00,4C,00,12,00,00,00,00,
47484849,00000118,false,Rx,1,4,00,4D,00,12,00,00,00,00,
47485146,17F0000F,true,Rx,1,8,00,0F,00,00,00,00,00,00,
47494829,00000118,false,Rx,1,4,00,4E,00,12,00,00,00,00,
47504859,00000118,false,Rx,1,4,00,4F,00,12,00,00,00,00,
47514702,00000118,false,Rx,1,4,00,40,00,12,00,00,00,00,
47524848,00000118,false,Rx,1,4,00,41,00,12,00,00,00,00,
47534698,00000118,false,Rx,1,4,00,42,00,12,00,00,00,00,
47544821,00000118,false,Rx,1,4,00,43,00,12,00,00,00,00,
47554698,00000118,false,Rx,1,4,00,44,00,12,00,00,00,00,
47564809,00000118,false,Rx,1,4,00,45,00,12,00,00,00,00,
47574690,00000118,false,Rx,1,4,00,46,00,12,00,00,00,00,
47584799,00000118,false,Rx,1,4,00,47,00,12,00,00,00,00,
47594768,00000118,false,Rx,1,4,00,48,00,12,00,00,00,00,
47604805,00000118,false,Rx,1,4,00,49,00,12,00,00,00,00,
47614651,00000118,false,Rx,1,4,00,4A,00,12,00,00,00,00,
47624795,00000118,false,Rx,1,4,00,4B,00,12,00,00,00,00,
47634648,00000118,false,Rx,1,4,00,4C,00,12,00,00,00,00,
47644767,00000118,false,Rx,1,4,00,4D,00,12,00,00,00,00,
47654649,00000118,false,Rx,1,4,00,4E,00,12,00,00,00,00,
47664758,00000118,false,Rx,1,4,00,4F,00,12,00,00,00,00,
47674640,00000118,false,Rx,1,4,00,40,00,12,00,00,00,00,
47676505,0000070F,false,Rx,0,8,03,22,02,8D,55,55,55,55,
47684771,00000118,false,Rx,1,4,00,41,00,12,00,00,00,00,
47694719,00000118,false,Rx,1,4,00,42,00,12,00,00,00,00,
47695976,00000779,false,Rx,1,8,05,62,02,8D,56,00,AA,AA,
47704766,00000118,false,Rx,1,4,00,43,00,12,00,00,00,00,
47714599,00000118,false,Rx,1,4,00,44,00,12,00,00,00,00,
47724744,00000118,false,Rx,1,4,00,45,00,12,00,00,00,00,
47734592,00000118,false,Rx,1,4,00,46,00,12,00,00,00,00,
47745127,00000118,false,Rx,1,4,00,47,00,12,00,00,00,00,
47759682,00000118,false,Rx,1,4,00,48,00,12,00,00,00,00,
47765359,00000118,false,Rx,1,4,00,49,00,12,00,00,00,00,
47774472,00000118,false,Rx,1,4,00,4A,00,12,00,00,00,00,
47784804,00000118,false,Rx,1,4,00,4B,00,12,00,00,00,00,
47794578,00000118,false,Rx,1,4,00,4C,00,12,00,00,00,00,
47804792,00000118,false,Rx,1,4,00,4D,00,12,00,00,00,00,
47814461,00000118,false,Rx,1,4,00,4E,00,12,00,00,00,00,
47824785,00000118,false,Rx,1,4,00,4F,00,12,00,00,00,00,
47834432,00000118,false,Rx,1,4,00,40,00,12,00,00,00,00,
47844805,00000118,false,Rx,1,4,00,41,00,12,00,00,00,00,
47854422,00000118,false,Rx,1,4,00,42,00,12,00,00,00,00,
47864782,00000118,false,Rx,1,4,00,43,00,12,00,00,00,00,
47874410,00000118,false,Rx,1,4,00,44,00,12,00,00,00,00,
47884752,00000118,false,Rx,1,4,00,45,00,12,00,00,00,00,
47894526,00000118,false,Rx,1,4,00,46,00,12,00,00,00,00,
47904742,00000118,false,Rx,1,4,00,47,00,12,00,00,00,00,
47914406,00000118,false,Rx,1,4,00,48,00,12,00,00,00,00,
47924730,00000118,false,Rx,1,4,00,49,00,12,00,00,00,00,
47934380,00000118,false,Rx,1,4,00,4A,00,12,00,00,00,00,
47944741,00000118,false,Rx,1,4,00,4B,00,12,00,00,00,00,
47954372,00000118,false,Rx,1,4,00,4C,00,12,00,00,00,00,
47964735,00000118,false,Rx,1,4,00,4D,00,12,00,00,00,00,
47974360,00000118,false,Rx,1,4,00,4E,00,12,00,00,00,00,
47984701,00000118,false,Rx,1,4,00,4F,00,12,00,00,00,00,
47984998,17F0000F,true,Rx,1,8,00,0F,00,00,00,00,00,00,
47993091,0000070F,false,Rx,0,8,03,22,2B,F1,55,55,55,55,
47994504,00000118,false,Rx,1,4,00,40,00,12,00,00,00,00,
48004692,00000118,false,Rx,1,4,00,41,00,12,00,00,00,00,
48006902,00000779,false,Rx,1,8,05,62,2B,F1,33,65,AA,AA,
48014366,00000118,false,Rx,1,4,00,42,00,12,00,00,00,00,
48024682,00000118,false,Rx,1,4,00,43,00,12,00,00,00,00,
48034328,00000118,false,Rx,1,4,00,44,00,12,00,00,00,00,
48044695,00000118,false,Rx,1,4,00,45,00,12,00,00,00,00,
48054322,00000118,false,Rx,1,4,00,46,00,12,00,00,00,00,
48064676,00000118,false,Rx,1,4,00,47,00,12,00,00,00,00,
48074306,00000118,false,Rx,1,4,00,48,00,12,00,00,00,00,
48084650,00000118,false,Rx,1,4,00,49,00,12,00,00,00,00,
48094425,00000118,false,Rx,1,4,00,4A,00,12,00,00,00,00,
48104639,00000118,false,Rx,1,4,00,4B,00,12,00,00,00,00,
48114306,00000118,false,Rx,1,4,00,4C,00,12,00,00,00,00,
48124628,00000118,false,Rx,1,4,00,4D,00,12,00,00,00,00,
48134277,00000118,false,Rx,1,4,00,4E,00,12,00,00,00,00,
48144638,00000118,false,Rx,1,4,00,4F,00,12,00,00,00,00,
48154267,00000118,false,Rx,1,4,00,40,00,12,00,00,00,00,
48164627,00000118,false,Rx,1,4,00,41,00,12,00,00,00,00,
48174257,00000118,false,Rx,1,4,00,42,00,12,00,00,00,00,
48184599,00000118,false,Rx,1,4,00,43,00,12,00,00,00,00,
48194373,00000118,false,Rx,1,4,00,44,00,12,00,00,00,00,
48204587,00000118,false,Rx,1,4,00,45,00,12,00,00,00,00,
48214255,00000118,false,Rx,1,4,00,46,00,12,00,00,00,00,
48224577,00000118,false,Rx,1,4,00,47,00,12,00,00,00,00,
48234225,00000118,false,Rx,1,4,00,48,00,12,00,00,00,00,
48244639,00000118,false,Rx,1,4,00,49,00,12,00,00,00,00,
48254219,00000118,false,Rx,1,4,00,4A,00,12,00,00,00,00,
48264508,00000118,false,Rx,1,4,00,4B,00,12,00,00,00,00,
48274178,00000118,false,Rx,1,4,00,4C,00,12,00,00,00,00,
48284708,00000118,false,Rx,1,4,00,4D,00,12,00,00,00,00,
48294302,00000118,false,Rx,1,4,00,4E,00,12,00,00,00,00,
48304556,00000118,false,Rx,1,4,00,4F,00,12,00,00,00,00,
48310720,0000070F,false,Rx,0,8,03,22,2B,E4,55,55,55,55,
48314208,00000118,false,Rx,1,4,00,40,00,12,00,00,00,00,
48324528,00000118,false,Rx,1,4,00,41,00,12,00,00,00,00,
48326740,00000779,false,Rx,1,8,05,62,2B,E4,E1,61,AA,AA,
48334202,00000118,false,Rx,1,4,00,42,00,12,00,00,00,00,
48344517,00000118,false,Rx,1,4,00,43,00,12,00,00,00,00,
48354189,00000118,false,Rx,1,4,00,44,00,12,00,00,00,00,
48364505,00000118,false,Rx,1,4,00,45,00,12,00,00,00,00,
48374154,00000118,false,Rx,1,4,00,46,00,12,00,00,00,00,
48384514,00000118,false,Rx,1,4,00,47,00,12,00,00,00,00,
48394250,00000118,false,Rx,1,4,00,48,00,12,00,00,00,00,
48404502,00000118,false,Rx,1,4,00,49,00,12,00,00,00,00,
48414133,00000118,false,Rx,1,4,00,4A,00,12,00,00,00,00,
48424474,00000118,false,Rx,1,4,00,4B,00,12,00,00,00,00,
48434141,00000118,false,Rx,1,4,00,4C,00,12,00,00,00,00,
48444463,00000118,false,Rx,1,4,00,4D,00,12,00,00,00,00,
48454136,00000118,false,Rx,1,4,00,4E,00,12,00,00,00,00,
48464468,00000118,false,Rx,1,4,00,4F,00,12,00,00,00,00,
48474102,00000118,false,Rx,1,4,00,40,00,12,00,00,00,00,
48484463,00000118,false,Rx,1,4,00,41,00,12,00,00,00,00,
48484759,17F0000F,true,Rx,1,8,00,0F,00,00,00,00,00,00,
48494208,00000118,false,Rx,1,4,00,42,00,12,00,00,00,00,
48504454,00000118,false,Rx,1,4,00,43,00,12,00,00,00,00,
48514081,00000118,false,Rx,1,4,00,44,00,12,00,00,00,00,
48524423,00000118,false,Rx,1,4,00,45,00,12,00,00,00,00,
48534091,00000118,false,Rx,1,4,00,46,00,12,00,00,00,00,
48544413,00000118,false,Rx,1,4,00,47,00,12,00,00,00,00,
48554083,00000118,false,Rx,1,4,00,48,00,12,00,00,00,00,
48564402,00000118,false,Rx,1,4,00,49,00,12,00,00,00,00,
48574053,00000118,false,Rx,1,4,00,4A,00,12,00,00,00,00,
48584409,00000118,false,Rx,1,4,00,4B,00,12,00,00,00,00,
48594148,00000118,false,Rx,1,4,00,4C,00,12,00,00,00,00,
48604398,00000118,false,Rx,1,4,00,4D,00,12,00,00,00,00,
48614032,00000118,false,Rx,1,4,00,4E,00,12,00,00,00,00,
48624374,00000118,false,Rx,1,4,00,4F,00,12,00,00,00,00,
48624797,0000070F,false,Rx,0,8,03,22,02,8D,55,55,55,55,
48634062,00000118,false,Rx,1,4,00,40,00,12,00,00,00,00,
48644362,00000118,false,Rx,1,4,00,41,00,12,00,00,00,00,
48646577,00000779,false,Rx,1,8,05,62,02,8D,56,00,AA,AA,
48654039,00000118,false,Rx,1,4,00,42,00,12,00,00,00,00,
48664355,00000118,false,Rx,1,4,00,43,00,12,00,00,00,00,
48673998,00000118,false,Rx,1,4,00,44,00,12,00,00,00,00,
48684359,00000118,false,Rx,1,4,00,45,00,12,00,00,00,00,
48694098,00000118,false,Rx,1,4,00,46,00,12,00,00,00,00,
48704349,00000118,false,Rx,1,4,00,47,00,12,00,00,00,00,
48713978,00000118,false,Rx,1,4,00,48,00,12,00,00,00,00,
48724320,00000118,false,Rx,1,4,00,49,00,12,00,00,00,00,
48733988,00000118,false,Rx,1,4,00,4A,00,12,00,00,00,00,
48744344,00000118,false,Rx,1,4,00,4B,00,12,00,00,00,00,
48754028,00000118,false,Rx,1,4,00,4C,00,12,00,00,00,00,
48764891,00000118,false,Rx,1,4,00,4D,00,12,00,00,00,00,
48774490,00000118,false,Rx,1,4,00,4E,00,12,00,00,00,00,
48784586,00000118,false,Rx,1,4,00,4F,00,12,00,00,00,00,
48794572,00000118,false,Rx,1,4,00,40,00,12,00,00,00,00,
48804574,00000118,false,Rx,1,4,00,41,00,12,00,00,00,00,
48814436,00000118,false,Rx,1,4,00,42,00,12,00,00,00,00,
48824581,00000118,false,Rx,1,4,00,43,00,12,00,00,00,00,
48834424,00000118,false,Rx,1,4,00,44,00,12,00,00,00,00,
48844569,00000118,false,Rx,1,4,00,45,00,12,00,00,00,00,
48854414,00000118,false,Rx,1,4,00,46,00,12,00,00,00,00,
48864551,00000118,false,Rx,1,4,00,47,00,12,00,00,00,00,
48874420,00000118,false,Rx,1,4,00,48,00,12,00,00,00,00,
48884531,00000118,false,Rx,1,4,00,49,00,12,00,00,00,00,
48894523,00000118,false,Rx,1,4,00,4A,00,12,00,00,00,00,
48904520,00000118,false,Rx,1,4,00,4B,00,12,00,00,00,00,
48914384,00000118,false,Rx,1,4,00,4C,00,12,00,00,00,00,
48924527,00000118,false,Rx,1,4,00,4D,00,12,00,00,00,00,
48934374,00000118,false,Rx,1,4,00,4E,00,12,00,00,00,00,
48944520,00000118,false,Rx,1,4,00,4F,00,12,00,00,00,00,
48945744,0000070F,false,Rx,0,8,03,22,2B,F1,55,55,55,55,
48954385,00000118,false,Rx,1,4,00,40,00,12,00,00,00,00,
48964505,00000118,false,Rx,1,4,00,41,00,12,00,00,00,00,
48966911,00000779,false,Rx,1,8,05,62,2B,F1,65,65,AA,AA,
48974382,00000118,false,Rx,1,4,00,42,00,12,00,00,00,00,
48984480,00000118,false,Rx,1,4,00,43,00,12,00,00,00,00,
48984776,17F0000F,true,Rx,1,8,00,0F,00,00,00,00,00,00,
48994474,00000118,false,Rx,1,4,00,44,00,12,00,00,00,00,
49004467,00000118,false,Rx,1,4,00,45,00,12,00,00,00,00,
49014333,00000118,false,Rx,1,4,00,46,00,12,00,00,00,00,
49024475,00000118,false,Rx,1,4,00,47,00,12,00,00,00,00,
49034320,00000118,false,Rx,1,4,00,48,00,12,00,00,00,00,
49044466,00000118,false,Rx,1,4,00,49,00,12,00,00,00,00,
49054311,00000118,false,Rx,1,4,00,4A,00,12,00,00,00,00,
49064444,00000118,false,Rx,1,4,00,4B,00,12,00,00,00,00,
49074327,00000118,false,Rx,1,4,00,4C,00,12,00,00,00,00,
49084426,00000118,false,Rx,1,4,00,4D,00,12,00,00,00,00,
49094417,00000118,false,Rx,1,4,00,4E,00,12,00,00,00,00,
49104419,00000118,false,Rx,1,4,00,4F,00,12,00,00,00,00,
49114281,00000118,false,Rx,1,4,00,40,00,12,00,00,00,00,
49124427,00000118,false,Rx,1,4,00,41,00,12,00,00,00,00,
49134271,00000118,false,Rx,1,4,00,42,00,12,00,00,00,00,
49144415,00000118,false,Rx,1,4,00,43,00,12,00,00,00,00,
49154257,00000118,false,Rx,1,4,00,44,00,12,00,00,00,00,
49164385,00000118,false,Rx,1,4,00,45,00,12,00,00,00,00,
49174269,00000118,false,Rx,1,4,00,46,00,12,00,00,00,00,
49184374,00000118,false,Rx,1,4,00,47,00,12,00,00,00,00,
49194363,00000118,false,Rx,1,4,00,48,00,12,00,00,00,00,
49204365,00000118,false,Rx,1,4,00,49,00,12,00,00,00,00,
49214230,00000118,false,Rx,1,4,00,4A,00,12,00,00,00,00,
49224373,00000118,false,Rx,1,4,00,4B,00,12,00,00,00,00,
49234220,00000118,false,Rx,1,4,00,4C,00,12,00,00,00,00,
49244390,00000118,false,Rx,1,4,00,4D,00,12,00,00,00,00,
49254230,00000118,false,Rx,1,4,00,4E,00,12,00,00,00,00,
49263249,0000070F,false,Rx,0,8,03,22,2B,E4,55,55,55,55,
49264355,00000118,false,Rx,1,4,00,4F,00,12,00,00,00,00,
49274263,00000118,false,Rx,1,4,00,40,00,12,00,00,00,00,
49284520,00000118,false,Rx,1,4,00,41,00,12,00,00,00,00,
49286663,00000779,false,Rx,1,8,05,62,2B,E4,E1,61,AA,AA,
49294325,00000118,false,Rx,1,4,00,42,00,12,00,00,00,00,
49304315,00000118,false,Rx,1,4,00,43,00,12,00,00,00,00,
49314176,00000118,false,Rx,1,4,00,44,00,12,00,00,00,00,
49324321,00000118,false,Rx,1,4,00,45,00,12,00,00,00,00,
49334168,00000118,false,Rx,1,4,00,46,00,12,00,00,00,00,
49344311,00000118,false,Rx,1,4,00,47,00,12,00,00,00,00,
49354155,00000118,false,Rx,1,4,00,48,00,12,00,00,00,00,
49364282,00000118,false,Rx,1,4,00,49,00,12,00,00,00,00,
49374170,00000118,false,Rx,1,4,00,4A,00,12,00,00,00,00,
49384273,00000118,false,Rx,1,4,00,4B,00,12,00,00,00,00,
49394262,00000118,false,Rx,1,4,00,4C,00,12,00,00,00,00,
49404261,00000118,false,Rx,1,4,00,4D,00,12,00,00,00,00,
49414126,00000118,false,Rx,1,4,00,4E,00,12,00,00,00,00,
49424271,00000118,false,Rx,1,4,00,4F,00,12,00,00,00,00,
49434116,00000118,false,Rx,1,4,00,40,00,12,00,00,00,00,
49444261,00000118,false,Rx,1,4,00,41,00,12,00,00,00,00,
49454106,00000118,false,Rx,1,4,00,42,00,12,00,00,00,00,
49464256,00000118,false,Rx,1,4,00,43,00,12,00,00,00,00,
49474120,00000118,false,Rx,1,4,00,44,00,12,00,00,00,00,
49484221,00000118,false,Rx,1,4,00,45,00,12,00,00,00,00,
49484517,17F0000F,true,Rx,1,8,00,0F,00,00,00,00,00,00,
49494219,00000118,false,Rx,1,4,00,46,00,12,00,00,00,00,
49504210,00000118,false,Rx,1,4,00,47,00,12,00,00,00,00,
49514072,00000118,false,Rx,1,4,00,48,00,12,00,00,00,00,
49524218,00000118,false,Rx,1,4,00,49,00,12,00,00,00,00,
49534065,00000118,false,Rx,1,4,00,4A,00,12,00,00,00,00,
49544208,00000118,false,Rx,1,4,00,4B,00,12,00,00,00,00,
49554054,00000118,false,Rx,1,4,00,4C,00,12,00,00,00,00,
49564180,00000118,false,Rx,1,4,00,4D,00,12,00,00,00,00,
49574062,00000118,false,Rx,1,4,00,4E,00,12,00,00,00,00,
49584175,00000118,false,Rx,1,4,00,4F,00,12,00,00,00,00,
49594160,00000118,false,Rx,1,4,00,40,00,12,00,00,00,00,
49602090,0000070F,false,Rx,0,8,03,22,02,8D,55,55,55,55,
49604161,00000118,false,Rx,1,4,00,41,00,12,00,00,00,00,
49614046,00000118,false,Rx,1,4,00,42,00,12,00,00,00,00,
49624169,00000118,false,Rx,1,4,00,43,00,12,00,00,00,00,
49626402,00000779,false,Rx,1,8,05,62,02,8D,57,00,AA,AA,
49634021,00000118,false,Rx,1,4,00,44,00,12,00,00,00,00,
49644155,00000118,false,Rx,1,4,00,45,00,12,00,00,00,00,
49654003,00000118,false,Rx,1,4,00,46,00,12,00,00,00,00,
49664126,00000118,false,Rx,1,4,00,47,00,12,00,00,00,00,
49674008,00000118,false,Rx,1,4,00,48,00,12,00,00,00,00,
49684117,00000118,false,Rx,1,4,00,49,00,12,00,00,00,00,
49694108,00000118,false,Rx,1,4,00,4A,00,12,00,00,00,00,
49704106,00000118,false,Rx,1,4,00,4B,00,12,00,00,00,00,
49713971,00000118,false,Rx,1,4,00,4C,00,12,00,00,00,00,
49724114,00000118,false,Rx,1,4,00,4D,00,12,00,00,00,00,
49733961,00000118,false,Rx,1,4,00,4E,00,12,00,00,00,00,
49744125,00000118,false,Rx,1,4,00,4F,00,12,00,00,00,00,
49760759,00000118,false,Rx,1,4,00,40,00,12,00,00,00,00,
49764092,00000118,false,Rx,1,4,00,41,00,12,00,00,00,00,
49773980,00000118,false,Rx,1,4,00,42,00,12,00,00,00,00,
49784071,00000118,false,Rx,1,4,00,43,00,12,00,00,00,00,
49794055,00000118,false,Rx,1,4,00,44,00,12,00,00,00,00,
49804055,00000118,false,Rx,1,4,00,45,00,12,00,00,00,00,
49813938,00000118,false,Rx,1,4,00,46,00,12,00,00,00,00,
49824066,00000118,false,Rx,1,4,00,47,00,12,00,00,00,00,
49833909,00000118,false,Rx,1,4,00,48,00,12,00,00,00,00,
49844053,00000118,false,Rx,1,4,00,49,00,12,00,00,00,00,
49853880,00000118,false,Rx,1,4,00,4A,00,12,00,00,00,00,
49864025,00000118,false,Rx,1,4,00,4B,00,12,00,00,00,00,
49873907,00000118,false,Rx,1,4,00,4C,00,12,00,00,00,00,
49884014,00000118,false,Rx,1,4,00,4D,00,12,00,00,00,00,
49894008,00000118,false,Rx,1,4,00,4E,00,12,00,00,00,00,
49904006,00000118,false,Rx,1,4,00,4F,00,12,00,00,00,00,
49913853,00000118,false,Rx,1,4,00,40,00,12,00,00,00,00,
49914448,0000070F,false,Rx,0,8,03,22,2B,F1,55,55,55,55,
49924035,00000118,false,Rx,1,4,00,41,00,12,00,00,00,00,
49933855,00000118,false,Rx,1,4,00,42,00,12,00,00,00,00,
49935093,00000779,false,Rx,1,8,05,62,2B,F1,C9,65,AA,AA,
49944012,00000118,false,Rx,1,4,00,43,00,12,00,00,00,00,
49953845,00000118,false,Rx,1,4,00,44,00,12,00,00,00,00,
49963972,00000118,false,Rx,1,4,00,45,00,12,00,00,00,00,
49973875,00000118,false,Rx,1,4,00,46,00,12,00,00,00,00,
49983962,00000118,false,Rx,1,4,00,47,00,12,00,00,00,00,
49984259,17F0000F,true,Rx,1,8,00,0F,00,00,00,00,00,00,
49993968,00000118,false,Rx,1,4,00,48,00,12,00,00,00,00,
50003952,00000118,false,Rx,1,4,00,49,00,12,00,00,00,00,
50013869,00000118,false,Rx,1,4,00,4A,00,12,00,00,00,00,
50023961,00000118,false,Rx,1,4,00,4B,00,12,00,00,00,00,
50033857,00000118,false,Rx,1,4,00,4C,00,12,00,00,00,00,
50043951,00000118,false,Rx,1,4,00,4D,00,12,00,00,00,00,
50053855,00000118,false,Rx,1,4,00,4E,00,12,00,00,00,00,
50063941,00000118,false,Rx,1,4,00,4F,00,12,00,00,00,00,
50073861,00000118,false,Rx,1,4,00,40,00,12,00,00,00,00,
50083912,00000118,false,Rx,1,4,00,41,00,12,00,00,00,00,
50093900,00000118,false,Rx,1,4,00,42,00,12,00,00,00,00,
50103902,00000118,false,Rx,1,4,00,43,00,12,00,00,00,00,
50113844,00000118,false,Rx,1,4,00,44,00,12,00,00,00,00,
50123907,00000118,false,Rx,1,4,00,45,00,12,00,00,00,00,
50133864,00000118,false,Rx,1,4,00,46,00,12,00,00,00,00,
50143898,00000118,false,Rx,1,4,00,47,00,12,00,00,00,00,
50153861,00000118,false,Rx,1,4,00,48,00,12,00,00,00,00,
50163868,00000118,false,Rx,1,4,00,49,00,12,00,00,00,00,
50173868,00000118,false,Rx,1,4,00,4A,00,12,00,00,00,00,
50183861,00000118,false,Rx,1,4,00,4B,00,12,00,00,00,00,
50193857,00000118,false,Rx,1,4,00,4C,00,12,00,00,00,00,
50203860,00000118,false,Rx,1,4,00,4D,00,12,00,00,00,00,
50213857,00000118,false,Rx,1,4,00,4E,00,12,00,00,00,00,
50223861,00000118,false,Rx,1,4,00,4F,00,12,00,00,00,00,
50232679,0000070F,false,Rx,0,8,03,22,2B,E4,55,55,55,55,
50233853,00000118,false,Rx,1,4,00,40,00,12,00,00,00,00,
50243870,00000118,false,Rx,1,4,00,41,00,12,00,00,00,00,
50253757,00000118,false,Rx,1,4,00,42,00,12,00,00,00,00,
50254949,00000779,false,Rx,1,8,05,62,2B,E4,E1,61,AA,AA,
50264175,00000118,false,Rx,1,4,00,43,00,12,00,00,00,00,
50273746,00000118,false,Rx,1,4,00,44,00,12,00,00,00,00,
50283951,00000118,false,Rx,1,4,00,45,00,12,00,00,00,00,
50293805,00000118,false,Rx,1,4,00,46,00,12,00,00,00,00,
50303798,00000118,false,Rx,1,4,00,47,00,12,00,00,00,00,
50313659,00000118,false,Rx,1,4,00,48,00,12,00,00,00,00,
50323804,00000118,false,Rx,1,4,00,49,00,12,00,00,00,00,
50333653,00000118,false,Rx,1,4,00,4A,00,12,00,00,00,00,
50343794,00000118,false,Rx,1,4,00,4B,00,12,00,00,00,00,
50353640,00000118,false,Rx,1,4,00,4C,00,12,00,00,00,00,
50363765,00000118,false,Rx,1,4,00,4D,00,12,00,00,00,00,
50373648,00000118,false,Rx,1,4,00,4E,00,12,00,00,00,00,
50383757,00000118,false,Rx,1,4,00,4F,00,12,00,00,00,00,
50393745,00000118,false,Rx,1,4,00,40,00,12,00,00,00,00,
50403754,00000118,false,Rx,1,4,00,41,00,12,00,00,00,00,
50413610,00000118,false,Rx,1,4,00,42,00,12,00,00,00,00,
50423753,00000118,false,Rx,1,4,00,43,00,12,00,00,00,00,
50433597,00000118,false,Rx,1,4,00,44,00,12,00,00,00,00,
50443742,00000118,false,Rx,1,4,00,45,00,12,00,00,00,00,
50453588,00000118,false,Rx,1,4,00,46,00,12,00,00,00,00,
50463713,00000118,false,Rx,1,4,00,47,00,12,00,00,00,00,
50473604,00000118,false,Rx,1,4,00,48,00,12,00,00,00,00,
50483704,00000118,false,Rx,1,4,00,49,00,12,00,00,00,00,
50484000,17F0000F,true,Rx,1,8,00,0F,00,00,00,00,00,00,
50493700,00000118,false,Rx,1,4,00,4A,00,12,00,00,00,00,
50503707,00000118,false,Rx,1,4,00,4B,00,12,00,00,00,00,
50513556,00000118,false,Rx,1,4,00,4C,00,12,00,00,00,00,
50523700,00000118,false,Rx,1,4,00,4D,00,12,00,00,00,00,
50533548,00000118,false,Rx,1,4,00,4E,00,12,00,00,00,00,
50543691,00000118,false,Rx,1,4,00,4F,00,12,00,00,00,00,
50553538,00000118,false,Rx,1,4,00,40,00,12,00,00,00,00,
50563448,0000070F,false,Rx,0,8,03,22,02,8D,55,55,55,55,
50563869,00000118,false,Rx,1,4,00,41,00,12,00,00,00,00,
50573567,00000118,false,Rx,1,4,00,42,00,12,00,00,00,00,
50583654,00000118,false,Rx,1,4,00,43,00,12,00,00,00,00,
50585950,00000779,false,Rx,1,8,05,62,02,8D,58,00,AA,AA,
50593649,00000118,false,Rx,1,4,00,44,00,12,00,00,00,00,
50603643,00000118,false,Rx,1,4,00,45,00,12,00,00,00,00,
50613506,00000118,false,Rx,1,4,00,46,00,12,00,00,00,00,
50623648,00000118,false,Rx,1,4,00,47,00,12,00,00,00,00,
50633494,00000118,false,Rx,1,4,00,48,00,12,00,00,00,00,
50643638,00000118,false,Rx,1,4,00,49,00,12,00,00,00,00,
50653484,00000118,false,Rx,1,4,00,4A,00,12,00,00,00,00,
50663610,00000118,false,Rx,1,4,00,4B,00,12,00,00,00,00,
50673492,00000118,false,Rx,1,4,00,4C,00,12,00,00,00,00,
50683599,00000118,false,Rx,1,4,00,4D,00,12,00,00,00,00,
50693589,00000118,false,Rx,1,4,00,4E,00,12,00,00,00,00,
50703591,00000118,false,Rx,1,4,00,4F,00,12,00,00,00,00,
50713455,00000118,false,Rx,1,4,00,40,00,12,00,00,00,00,
50723599,00000118,false,Rx,1,4,00,41,00,12,00,00,00,00,
50733442,00000118,false,Rx,1,4,00,42,00,12,00,00,00,00,
50744014,00000118,false,Rx,1,4,00,43,00,12,00,00,00,00,
50753366,00000118,false,Rx,1,4,00,44,00,12,00,00,00,00,
50763679,00000118,false,Rx,1,4,00,45,00,12,00,00,00,00,
50773445,00000118,false,Rx,1,4,00,46,00,12,00,00,00,00,
50783596,00000118,false,Rx,1,4,00,47,00,12,00,00,00,00,
50793536,00000118,false,Rx,1,4,00,48,00,12,00,00,00,00,
50803537,00000118,false,Rx,1,4,00,49,00,12,00,00,00,00,
50813405,00000118,false,Rx,1,4,00,4A,00,12,00,00,00,00,
50823544,00000118,false,Rx,1,4,00,4B,00,12,00,00,00,00,
50833395,00000118,false,Rx,1,4,00,4C,00,12,00,00,00,00,
50843534,00000118,false,Rx,1,4,00,4D,00,12,00,00,00,00,
50853380,00000118,false,Rx,1,4,00,4E,00,12,00,00,00,00,
50863508,00000118,false,Rx,1,4,00,4F,00,12,00,00,00,00,
50873387,00000118,false,Rx,1,4,00,40,00,12,00,00,00,00,
50883499,00000118,false,Rx,1,4,00,41,00,12,00,00,00,00,
50893485,00000118,false,Rx,1,4,00,42,00,12,00,00,00,00,
50894320,0000070F,false,Rx,0,8,03,22,2B,F1,55,55,55,55,
50903509,00000118,false,Rx,1,4,00,43,00,12,00,00,00,00,
50913356,00000118,false,Rx,1,4,00,44,00,12,00,00,00,00,
50914717,00000779,false,Rx,1,8,05,62,2B,F1,FB,65,AA,AA,
50923502,00000118,false,Rx,1,4,00,45,00,12,00,00,00,00,
50933340,00000118,false,Rx,1,4,00,46,00,12,00,00,00,00,
50943482,00000118,false,Rx,1,4,00,47,00,12,00,00,00,00,
50953328,00000118,false,Rx,1,4,00,48,00,12,00,00,00,00,
50963454,00000118,false,Rx,1,4,00,49,00,12,00,00,00,00,
50973348,00000118,false,Rx,1,4,00,4A,00,12,00,00,00,00,
50983444,00000118,false,Rx,1,4,00,4B,00,12,00,00,00,00,
50983740,17F0000F,true,Rx,1,8,00,0F,00,00,00,00,00,00,
50993441,00000118,false,Rx,1,4,00,4C,00,12,00,00,00,00,
51003432,00000118,false,Rx,1,4,00,4D,00,12,00,00,00,00,
51013309,00000118,false,Rx,1,4,00,4E,00,12,00,00,00,00,
51023443,00000118,false,Rx,1,4,00,4F,00,12,00,00,00,00,
51033286,00000118,false,Rx,1,4,00,40,00,12,00,00,00,00,
51043433,00000118,false,Rx,1,4,00,41,00,12,00,00,00,00,
51053276,00000118,false,Rx,1,4,00,42,00,12,00,00,00,00,
51063403,00000118,false,Rx,1,4,00,43,00,12,00,00,00,00,
51073283,00000118,false,Rx,1,4,00,44,00,12,00,00,00,00,
51083392,00000118,false,Rx,1,4,00,45,00,12,00,00,00,00,
51093382,00000118,false,Rx,1,4,00,46,00,12,00,00,00,00,
51103381,00000118,false,Rx,1,4,00,47,00,12,00,00,00,00,
51113244,00000118,false,Rx,1,4,00,48,00,12,00,00,00,00,
51123390,00000118,false,Rx,1,4,00,49,00,12,00,00,00,00,
51133235,00000118,false,Rx,1,4,00,4A,00,12,00,00,00,00,
51143378,00000118,false,Rx,1,4,00,4B,00,12,00,00,00,00,
51153225,00000118,false,Rx,1,4,00,4C,00,12,00,00,00,00,
51163350,00000118,false,Rx,1,4,00,4D,00,12,00,00,00,00,
51173232,00000118,false,Rx,1,4,00,4E,00,12,00,00,00,00,
51183341,00000118,false,Rx,1,4,00,4F,00,12,00,00,00,00,
51193329,00000118,false,Rx,1,4,00,40,00,12,00,00,00,00,
51203331,00000118,false,Rx,1,4,00,41,00,12,00,00,00,00,
51211075,0000070F,false,Rx,0,8,03,22,2B,E4,55,55,55,55,
51213217,00000118,false,Rx,1,4,00,42,00,12,00,00,00,00,
51223341,00000118,false,Rx,1,4,00,43,00,12,00,00,00,00,
51225690,00000779,false,Rx,1,8,05,62,2B,E4,E1,61,AA,AA,
51233190,00000118,false,Rx,1,4,00,44,00,12,00,00,00,00,
51243327,00000118,false,Rx,1,4,00,45,00,12,00,00,00,00,
51253223,00000118,false,Rx,1,4,00,46,00,12,00,00,00,00,
51263299,00000118,false,Rx,1,4,00,47,00,12,00,00,00,00,
51273227,00000118,false,Rx,1,4,00,48,00,12,00,00,00,00,
51283410,00000118,false,Rx,1,4,00,49,00,12,00,00,00,00,
51293278,00000118,false,Rx,1,4,00,4A,00,12,00,00,00,00,
51303277,00000118,false,Rx,1,4,00,4B,00,12,00,00,00,00,
51313142,00000118,false,Rx,1,4,00,4C,00,12,00,00,00,00,
51323304,00000118,false,Rx,1,4,00,4D,00,12,00,00,00,00,
51333132,00000118,false,Rx,1,4,00,4E,00,12,00,00,00,00,
51343276,00000118,false,Rx,1,4,00,4F,00,12,00,00,00,00,
51353120,00000118,false,Rx,1,4,00,40,00,12,00,00,00,00,
51363247,00000118,false,Rx,1,4,00,41,00,12,00,00,00,00,
51373131,00000118,false,Rx,1,4,00,42,00,12,00,00,00,00,
51383238,00000118,false,Rx,1,4,00,43,00,12,00,00,00,00,
51393223,00000118,false,Rx,1,4,00,44,00,12,00,00,00,00,
51403224,00000118,false,Rx,1,4,00,45,00,12,00,00,00,00,
51413090,00000118,false,Rx,1,4,00,46,00,12,00,00,00,00,
51423242,00000118,false,Rx,1,4,00,47,00,12,00,00,00,00,
51433077,00000118,false,Rx,1,4,00,48,00,12,00,00,00,00,
51443222,00000118,false,Rx,1,4,00,49,00,12,00,00,00,00,
51453069,00000118,false,Rx,1,4,00,4A,00,12,00,00,00,00,
51463192,00000118,false,Rx,1,4,00,4B,00,12,00,00,00,00,
51473092,00000118,false,Rx,1,4,00,4C,00,12,00,00,00,00,
51483184,00000118,false,Rx,1,4,00,4D,00,12,00,00,00,00,
51483480,17F0000F,true,Rx,1,8,00,0F,00,00,00,00,00,00,
51493181,00000118,false,Rx,1,4,00,4E,00,12,00,00,00,00,
51503174,00000118,false,Rx,1,4,00,4F,00,12,00,00,00,00,
51513038,00000118,false,Rx,1,4,00,40,00,12,00,00,00,00,
51523195,00000118,false,Rx,1,4,00,41,00,12,00,00,00,00,
51525565,0000070F,false,Rx,0,8,03,22,02,8D,55,55,55,55,
51533049,00000118,false,Rx,1,4,00,42,00,12,00,00,00,00,
51543172,00000118,false,Rx,1,4,00,43,00,12,00,00,00,00,
51545449,00000779,false,Rx,1,8,05,62,02,8D,59,00,AA,AA,
51553023,00000118,false,Rx,1,4,00,44,00,12,00,00,00,00,
51563140,00000118,false,Rx,1,4,00,45,00,12,00,00,00,00,
51573023,00000118,false,Rx,1,4,00,46,00,12,00,00,00,00,
51583130,00000118,false,Rx,1,4,00,47,00,12,00,00,00,00,
51593120,00000118,false,Rx,1,4,00,48,00,12,00,00,00,00,
51603121,00000118,false,Rx,1,4,00,49,00,12,00,00,00,00,
51612985,00000118,false,Rx,1,4,00,4A,00,12,00,00,00,00,
51623129,00000118,false,Rx,1,4,00,4B,00,12,00,00,00,00,
51632978,00000118,false,Rx,1,4,00,4C,00,12,00,00,00,00,
51643117,00000118,false,Rx,1,4,00,4D,00,12,00,00,00,00,
51652965,00000118,false,Rx,1,4,00,4E,00,12,00,00,00,00,
51663092,00000118,false,Rx,1,4,00,4F,00,12,00,00,00,00,
51672972,00000118,false,Rx,1,4,00,40,00,12,00,00,00,00,
51683081,00000118,false,Rx,1,4,00,41,00,12,00,00,00,00,
51693068,00000118,false,Rx,1,4,00,42,00,12,00,00,00,00,
51703070,00000118,false,Rx,1,4,00,43,00,12,00,00,00,00,
51712950,00000118,false,Rx,1,4,00,44,00,12,00,00,00,00,
51723075,00000118,false,Rx,1,4,00,45,00,12,00,00,00,00,
51732943,00000118,false,Rx,1,4,00,46,00,12,00,00,00,00,
51743066,00000118,false,Rx,1,4,00,47,00,12,00,00,00,00,
51752984,00000118,false,Rx,1,4,00,48,00,12,00,00,00,00,
51763038,00000118,false,Rx,1,4,00,49,00,12,00,00,00,00,
51772967,00000118,false,Rx,1,4,00,4A,00,12,00,00,00,00,
51783028,00000118,false,Rx,1,4,00,4B,00,12,00,00,00,00,
51793016,00000118,false,Rx,1,4,00,4C,00,12,00,00,00,00,
51803015,00000118,false,Rx,1,4,00,4D,00,12,00,00,00,00,
51812880,00000118,false,Rx,1,4,00,4E,00,12,00,00,00,00,
51823026,00000118,false,Rx,1,4,00,4F,00,12,00,00,00,00,
51832896,00000118,false,Rx,1,4,00,40,00,12,00,00,00,00,
51843014,00000118,false,Rx,1,4,00,41,00,12,00,00,00,00,
51852318,0000070F,false,Rx,0,8,03,22,2B,F1,55,55,55,55,
51852860,00000118,false,Rx,1,4,00,42,00,12,00,00,00,00,
51863010,00000118,false,Rx,1,4,00,43,00,12,00,00,00,00,
51872867,00000118,false,Rx,1,4,00,44,00,12,00,00,00,00,
51874231,00000779,false,Rx,1,8,05,62,2B,F1,5F,66,AA,AA,
51882983,00000118,false,Rx,1,4,00,45,00,12,00,00,00,00,
51892965,00000118,false,Rx,1,4,00,46,00,12,00,00,00,00,
51902963,00000118,false,Rx,1,4,00,47,00,12,00,00,00,00,
51912827,00000118,false,Rx,1,4,00,48,00,12,00,00,00,00,
51922972,00000118,false,Rx,1,4,00,49,00,12,00,00,00,00,
51932826,00000118,false,Rx,1,4,00,4A,00,12,00,00,00,00,
51942962,00000118,false,Rx,1,4,00,4B,00,12,00,00,00,00,
51952806,00000118,false,Rx,1,4,00,4C,00,12,00,00,00,00,
51962951,00000118,false,Rx,1,4,00,4D,00,12,00,00,00,00,
51972830,00000118,false,Rx,1,4,00,4E,00,12,00,00,00,00,
51982945,00000118,false,Rx,1,4,00,4F,00,12,00,00,00,00,
51983221,17F0000F,true,Rx,1,8,00,0F,00,00,00,00,00,00,
51992940,00000118,false,Rx,1,4,00,40,00,12,00,00,00,00,
52002913,00000118,false,Rx,1,4,00,41,00,12,00,00,00,00,
52012777,00000118,false,Rx,1,4,00,42,00,12,00,00,00,00,
52022940,00000118,false,Rx,1,4,00,43,00,12,00,00,00,00,
52032763,00000118,false,Rx,1,4,00,44,00,12,00,00,00,00,
52042914,00000118,false,Rx,1,4,00,45,00,12,00,00,00,00,
52052754,00000118,false,Rx,1,4,00,46,00,12,00,00,00,00,
52062880,00000118,false,Rx,1,4,00,47,00,12,00,00,00,00,
52072761,00000118,false,Rx,1,4,00,48,00,12,00,00,00,00,
52082869,00000118,false,Rx,1,4,00,49,00,12,00,00,00,00,
52092863,00000118,false,Rx,1,4,00,4A,00,12,00,00,00,00,
52102858,00000118,false,Rx,1,4,00,4B,00,12,00,00,00,00,
52112723,00000118,false,Rx,1,4,00,4C,00,12,00,00,00,00,
52122867,00000118,false,Rx,1,4,00,4D,00,12,00,00,00,00,
52132714,00000118,false,Rx,1,4,00,4E,00,12,00,00,00,00,
52142858,00000118,false,Rx,1,4,00,4F,00,12,00,00,00,00,
52152703,00000118,false,Rx,1,4,00,40,00,12,00,00,00,00,
52162829,00000118,false,Rx,1,4,00,41,00,12,00,00,00,00,
52172710,00000118,false,Rx,1,4,00,42,00,12,00,00,00,00,
52174565,0000070F,false,Rx,0,8,03,22,2B,E4,55,55,55,55,
52182841,00000118,false,Rx,1,4,00,43,00,12,00,00,00,00,
52192808,00000118,false,Rx,1,4,00,44,00,12,00,00,00,00,
52194061,00000779,false,Rx,1,8,05,62,2B,E4,E1,61,AA,AA,
52202817,00000118,false,Rx,1,4,00,45,00,12,00,00,00,00,
52212671,00000118,false,Rx,1,4,00,46,00,12,00,00,00,00,
52222814,00000118,false,Rx,1,4,00,47,00,12,00,00,00,00,
52232660,00000118,false,Rx,1,4,00,48,00,12,00,00,00,00,
52242805,00000118,false,Rx,1,4,00,49,00,12,00,00,00,00,
52252701,00000118,false,Rx,1,4,00,4A,00,12,00,00,00,00,
52266211,00000118,false,Rx,1,4,00,4B,00,12,00,00,00,00,
52272708,00000118,false,Rx,1,4,00,4C,00,12,00,00,00,00,
52282876,00000118,false,Rx,1,4,00,4D,00,12,00,00,00,00,
52292754,00000118,false,Rx,1,4,00,4E,00,12,00,00,00,00,
52302774,00000118,false,Rx,1,4,00,4F,00,12,00,00,00,00,
52312619,00000118,false,Rx,1,4,00,40,00,12,00,00,00,00,
52322764,00000118,false,Rx,1,4,00,41,00,12,00,00,00,00,
52332610,00000118,false,Rx,1,4,00,42,00,12,00,00,00,00,
52342837,00000118,false,Rx,1,4,00,43,00,12,00,00,00,00,
52352616,00000118,false,Rx,1,4,00,44,00,12,00,00,00,00,
52362724,00000118,false,Rx,1,4,00,45,00,12,00,00,00,00,
52372605,00000118,false,Rx,1,4,00,46,00,12,00,00,00,00,
52382715,00000118,false,Rx,1,4,00,47,00,12,00,00,00,00,
52392683,00000118,false,Rx,1,4,00,48,00,12,00,00,00,00,
52402720,00000118,false,Rx,1,4,00,49,00,12,00,00,00,00,
52412567,00000118,false,Rx,1,4,00,4A,00,12,00,00,00,00,
52422710,00000118,false,Rx,1,4,00,4B,00,12,00,00,00,00,
52432557,00000118,false,Rx,1,4,00,4C,00,12,00,00,00,00,
52442680,00000118,false,Rx,1,4,00,4D,00,12,00,00,00,00,
52452569,00000118,false,Rx,1,4,00,4E,00,12,00,00,00,00,
52462672,00000118,false,Rx,1,4,00,4F,00,12,00,00,00,00,
52472570,00000118,false,Rx,1,4,00,40,00,12,00,00,00,00,
52482662,00000118,false,Rx,1,4,00,41,00,12,00,00,00,00,
52482970,17F0000F,true,Rx,1,8,00,0F,00,00,00,00,00,00,
52492639,00000118,false,Rx,1,4,00,42,00,12,00,00,00,00,
52493540,0000070F,false,Rx,0,8,03,22,02,8D,55,55,55,55,
52502692,00000118,false,Rx,1,4,00,43,00,12,00,00,00,00,
52512511,00000118,false,Rx,1,4,00,44,00,12,00,00,00,00,
52513771,00000779,false,Rx,1,8,05,62,02,8D,59,00,AA,AA,
52522666,00000118,false,Rx,1,4,00,45,00,12,00,00,00,00,
52532503,00000118,false,Rx,1,4,00,46,00,12,00,00,00,00,
52542628,00000118,false,Rx,1,4,00,47,00,12,00,00,00,00,
52552521,00000118,false,Rx,1,4,00,48,00,12,00,00,00,00,
52562619,00000118,false,Rx,1,4,00,49,00,12,00,00,00,00,
52572500,00000118,false,Rx,1,4,00,4A,00,12,00,00,00,00,
52582607,00000118,false,Rx,1,4,00,4B,00,12,00,00,00,00,
52592580,00000118,false,Rx,1,4,00,4C,00,12,00,00,00,00,
52602616,00000118,false,Rx,1,4,00,4D,00,12,00,00,00,00,
52612461,00000118,false,Rx,1,4,00,4E,00,12,00,00,00,00,
52622606,00000118,false,Rx,1,4,00,4F,00,12,00,00,00,00,
52632451,00000118,false,Rx,1,4,00,40,00,12,00,00,00,00,
52642578,00000118,false,Rx,1,4,00,41,00,12,00,00,00,00,
52652463,00000118,false,Rx,1,4,00,42,00,12,00,00,00,00,
52662568,00000118,false,Rx,1,4,00,43,00,12,00,00,00,00,
52672445,00000118,false,Rx,1,4,00,44,00,12,00,00,00,00,
52682556,00000118,false,Rx,1,4,00,45,00,12,00,00,00,00,
52692528,00000118,false,Rx,1,4,00,46,00,12,00,00,00,00,
52702563,00000118,false,Rx,1,4,00,47,00,12,00,00,00,00,
52712408,00000118,false,Rx,1,4,00,48,00,12,00,00,00,00,
52722553,00000118,false,Rx,1,4,00,49,00,12,00,00,00,00,
52732398,00000118,false,Rx,1,4,00,4A,00,12,00,00,00,00,
52742526,00000118,false,Rx,1,4,00,4B,00,12,00,00,00,00,
52752423,00000118,false,Rx,1,4,00,4C,00,12,00,00,00,00,
52763130,00000118,false,Rx,1,4,00,4D,00,12,00,00,00,00,
52772518,00000118,false,Rx,1,4,00,4E,00,12,00,00,00,00,
52782505,00000118,false,Rx,1,4,00,4F,00,12,00,00,00,00,
52792475,00000118,false,Rx,1,4,00,40,00,12,00,00,00,00,
52802513,00000118,false,Rx,1,4,00,41,00,12,00,00,00,00,
52808277,0000070F,false,Rx,0,8,03,22,2B,F1,55,55,55,55,
52812380,00000118,false,Rx,1,4,00,42,00,12,00,00,00,00,
52822501,00000118,false,Rx,1,4,00,43,00,12,00,00,00,00,
52824712,00000779,false,Rx,1,8,05,62,2B,F1,91,66,AA,AA,
52832355,00000118,false,Rx,1,4,00,44,00,12,00,00,00,00,
52842471,00000118,false,Rx,1,4,00,45,00,12,00,00,00,00,
52852354,00000118,false,Rx,1,4,00,46,00,12,00,00,00,00,
52862469,00000118,false,Rx,1,4,00,47,00,12,00,00,00,00,
52872425,00000118,false,Rx,1,4,00,48,00,12,00,00,00,00,
52882451,00000118,false,Rx,1,4,00,49,00,12,00,00,00,00,
52892422,00000118,false,Rx,1,4,00,4A,00,12,00,00,00,00,
52902457,00000118,false,Rx,1,4,00,4B,00,12,00,00,00,00,
52912303,00000118,false,Rx,1,4,00,4C,00,12,00,00,00,00,
52922447,00000118,false,Rx,1,4,00,4D,00,12,00,00,00,00,
52932293,00000118,false,Rx,1,4,00,4E,00,12,00,00,00,00,
52942420,00000118,false,Rx,1,4,00,4F,00,12,00,00,00,00,
52952301,00000118,false,Rx,1,4,00,40,00,12,00,00,00,00,
52962417,00000118,false,Rx,1,4,00,41,00,12,00,00,00,00,
52972303,00000118,false,Rx,1,4,00,42,00,12,00,00,00,00,
52982399,00000118,false,Rx,1,4,00,43,00,12,00,00,00,00,
52982696,17F0000F,true,Rx,1,8,00,0F,00,00,00,00,00,00,
52992377,00000118,false,Rx,1,4,00,44,00,12,00,00,00,00,
53002405,00000118,false,Rx,1,4,00,45,00,12,00,00,00,00,
53012251,00000118,false,Rx,1,4,00,46,00,12,00,00,00,00,
53022395,00000118,false,Rx,1,4,00,47,00,12,00,00,00,00,
53032239,00000118,false,Rx,1,4,00,48,00,12,00,00,00,00,
53042366,00000118,false,Rx,1,4,00,49,00,12,00,00,00,00,
53052249,00000118,false,Rx,1,4,00,4A,00,12,00,00,00,00,
53062368,00000118,false,Rx,1,4,00,4B,00,12,00,00,00,00,
53072239,00000118,false,Rx,1,4,00,4C,00,12,00,00,00,00,
53082346,00000118,false,Rx,1,4,00,4D,00,12,00,00,00,00,
53092316,00000118,false,Rx,1,4,00,4E,00,12,00,00,00,00,
53102354,00000118,false,Rx,1,4,00,4F,00,12,00,00,00,00,
53112198,00000118,false,Rx,1,4,00,40,00,12,00,00,00,00,
53122344,00000118,false,Rx,1,4,00,41,00,12,00,00,00,00,
53123905,0000070F,false,Rx,0,8,03,22,2B,E4,55,55,55,55,
53132210,00000118,false,Rx,1,4,00,42,00,12,00,00,00,00,
53142316,00000118,false,Rx,1,4,00,43,00,12,00,00,00,00,
53144529,00000779,false,Rx,1,8,05,62,2B,E4,E1,61,AA,AA,
53152204,00000118,false,Rx,1,4,00,44,00,12,00,00,00,00,
53162305,00000118,false,Rx,1,4,00,45,00,12,00,00,00,00,
53172185,00000118,false,Rx,1,4,00,46,00,12,00,00,00,00,
53182292,00000118,false,Rx,1,4,00,47,00,12,00,00,00,00,
53192264,00000118,false,Rx,1,4,00,48,00,12,00,00,00,00,
53202300,00000118,false,Rx,1,4,00,49,00,12,00,00,00,00,
53212147,00000118,false,Rx,1,4,00,4A,00,12,00,00,00,00,
53222289,00000118,false,Rx,1,4,00,4B,00,12,00,00,00,00,
53232135,00000118,false,Rx,1,4,00,4C,00,12,00,00,00,00,
53242264,00000118,false,Rx,1,4,00,4D,00,12,00,00,00,00,
53252253,00000118,false,Rx,1,4,00,4E,00,12,00,00,00,00,
53265083,00000118,false,Rx,1,4,00,4F,00,12,00,00,00,00,
53272164,00000118,false,Rx,1,4,00,40,00,12,00,00,00,00,
53282346,00000118,false,Rx,1,4,00,41,00,12,00,00,00,00,
53292266,00000118,false,Rx,1,4,00,42,00,12,00,00,00,00,
53302666,00000118,false,Rx,1,4,00,43,00,12,00,00,00,00,
53312491,00000118,false,Rx,1,4,00,44,00,12,00,00,00,00,
53322636,00000118,false,Rx,1,4,00,45,00,12,00,00,00,00,
53332482,00000118,false,Rx,1,4,00,46,00,12,00,00,00,00,
53342608,00000118,false,Rx,1,4,00,47,00,12,00,00,00,00,
53352489,00000118,false,Rx,1,4,00,48,00,12,00,00,00,00,
53362596,00000118,false,Rx,1,4,00,49,00,12,00,00,00,00,
53372487,00000118,false,Rx,1,4,00,4A,00,12,00,00,00,00,
53382588,00000118,false,Rx,1,4,00,4B,00,12,00,00,00,00,
53392560,00000118,false,Rx,1,4,00,4C,00,12,00,00,00,00,
53402593,00000118,false,Rx,1,4,00,4D,00,12,00,00,00,00,
53412441,00000118,false,Rx,1,4,00,4E,00,12,00,00,00,00,
53422587,00000118,false,Rx,1,4,00,4F,00,12,00,00,00,00,
53432430,00000118,false,Rx,1,4,00,40,00,12,00,00,00,00,
53442557,00000118,false,Rx,1,4,00,41,00,12,00,00,00,00,
53452437,00000118,false,Rx,1,4,00,42,00,12,00,00,00,00,
53457099,0000070F,false,Rx,0,8,03,22,02,8D,55,55,55,55,
53462569,00000118,false,Rx,1,4,00,43,00,12,00,00,00,00,
53472464,00000118,false,Rx,1,4,00,44,00,12,00,00,00,00,
53473792,00000779,false,Rx,1,8,05,62,02,8D,5A,00,AA,AA,
53482544,00000118,false,Rx,1,4,00,45,00,12,00,00,00,00,
53482839,17F0000F,true,Rx,1,8,00,0F,00,00,00,00,00,00,
53492513,00000118,false,Rx,1,4,00,46,00,12,00,00,00,00,
53502542,00000118,false,Rx,1,4,00,47,00,12,00,00,00,00,
53512386,00000118,false,Rx,1,4,00,48,00,12,00,00,00,00,
53522532,00000118,false,Rx,1,4,00,49,00,12,00,00,00,00,
53532378,00000118,false,Rx,1,4,00,4A,00,12,00,00,00,00,
53542502,00000118,false,Rx,1,4,00,4B,00,12,00,00,00,00,
53552384,00000118,false,Rx,1,4,00,4C,00,12,00,00,00,00,
53562491,00000118,false,Rx,1,4,00,4D,00,12,00,00,00,00,
53572386,00000118,false,Rx,1,4,00,4E,00,12,00,00,00,00,
53582484,00000118,false,Rx,1,4,00,4F,00,12,00,00,00,00,
53592452,00000118,false,Rx,1,4,00,40,00,12,00,00,00,00,
53602490,00000118,false,Rx,1,4,00,41,00,12,00,00,00,00,
53612335,00000118,false,Rx,1,4,00,42,00,12,00,00,00,00,
53622481,00000118,false,Rx,1,4,00,43,00,12,00,00,00,00,
53632324,00000118,false,Rx,1,4,00,44,00,12,00,00,00,00,
53642450,00000118,false,Rx,1,4,00,45,00,12,00,00,00,00,
53652332,00000118,false,Rx,1,4,00,46,00,12,00,00,00,00,
53662439,00000118,false,Rx,1,4,00,47,00,12,00,00,00,00,
53672320,00000118,false,Rx,1,4,00,48,00,12,00,00,00,00,
53682431,00000118,false,Rx,1,4,00,49,00,12,00,00,00,00,
53692401,00000118,false,Rx,1,4,00,4A,00,12,00,00,00,00,
53702436,00000118,false,Rx,1,4,00,4B,00,12,00,00,00,00,
53712282,00000118,false,Rx,1,4,00,4C,00,12,00,00,00,00,
53722425,00000118,false,Rx,1,4,00,4D,00,12,00,00,00,00,
53732273,00000118,false,Rx,1,4,00,4E,00,12,00,00,00,00,
53742404,00000118,false,Rx,1,4,00,4F,00,12,00,00,00,00,
53752344,00000118,false,Rx,1,4,00,40,00,12,00,00,00,00,
53763638,00000118,false,Rx,1,4,00,41,00,12,00,00,00,00,
53772316,00000118,false,Rx,1,4,00,42,00,12,00,00,00,00,
53773739,0000070F,false,Rx,0,8,03,22,2B,F1,55,55,55,55,
53782415,00000118,false,Rx,1,4,00,43,00,12,00,00,00,00,
53792349,00000118,false,Rx,1,4,00,44,00,12,00,00,00,00,
53793699,00000779,false,Rx,1,8,05,62,2B,F1,C3,66,AA,AA,
53802392,00000118,false,Rx,1,4,00,45,00,12,00,00,00,00,
53812228,00000118,false,Rx,1,4,00,46,00,12,00,00,00,00,
53822372,00000118,false,Rx,1,4,00,47,00,12,00,00,00,00,
53832217,00000118,false,Rx,1,4,00,48,00,12,00,00,00,00,
53842344,00000118,false,Rx,1,4,00,49,00,12,00,00,00,00,
53852226,00000118,false,Rx,1,4,00,4A,00,12,00,00,00,00,
53862334,00000118,false,Rx,1,4,00,4B,00,12,00,00,00,00,
53872215,00000118,false,Rx,1,4,00,4C,00,12,00,00,00,00,
53882328,00000118,false,Rx,1,4,00,4D,00,12,00,00,00,00,
53892297,00000118,false,Rx,1,4,00,4E,00,12,00,00,00,00,
53902333,00000118,false,Rx,1,4,00,4F,00,12,00,00,00,00,
53912176,00000118,false,Rx,1,4,00,40,00,12,00,00,00,00,
53922321,00000118,false,Rx,1,4,00,41,00,12,00,00,00,00,
53932165,00000118,false,Rx,1,4,00,42,00,12,00,00,00,00,
53942293,00000118,false,Rx,1,4,00,43,00,12,00,00,00,00,
53952172,00000118,false,Rx,1,4,00,44,00,12,00,00,00,00,
53962281,00000118,false,Rx,1,4,00,45,00,12,00,00,00,00,
53972174,00000118,false,Rx,1,4,00,46,00,12,00,00,00,00,
53982306,00000118,false,Rx,1,4,00,47,00,12,00,00,00,00,
53982566,17F0000F,true,Rx,1,8,00,0F,00,00,00,00,00,00,
53992248,00000118,false,Rx,1,4,00,48,00,12,00,00,00,00,
54002276,00000118,false,Rx,1,4,00,49,00,12,00,00,00,00,
54012124,00000118,false,Rx,1,4,00,4A,00,12,00,00,00,00,
54022267,00000118,false,Rx,1,4,00,4B,00,12,00,00,00,00,
54032114,00000118,false,Rx,1,4,00,4C,00,12,00,00,00,00,
54042237,00000118,false,Rx,1,4,00,4D,00,12,00,00,00,00,
54052120,00000118,false,Rx,1,4,00,4E,00,12,00,00,00,00,
54062230,00000118,false,Rx,1,4,00,4F,00,12,00,00,00,00,
54072111,00000118,false,Rx,1,4,00,40,00,12,00,00,00,00,
54082221,00000118,false,Rx,1,4,00,41,00,12,00,00,00,00,
54092192,00000118,false,Rx,1,4,00,42,00,12,00,00,00,00,
54093621,0000070F,false,Rx,0,8,03,22,2B,E4,55,55,55,55,
54102249,00000118,false,Rx,1,4,00,43,00,12,00,00,00,00,
54112068,00000118,false,Rx,1,4,00,44,00,12,00,00,00,00,
54113438,00000779,false,Rx,1,8,05,62,2B,E4,E1,61,AA,AA,
54122223,00000118,false,Rx,1,4,00,45,00,12,00,00,00,00,
54132060,00000118,false,Rx,1,4,00,46,00,12,00,00,00,00,
54142185,00000118,false,Rx,1,4,00,47,00,12,00,00,00,00,
54152066,00000118,false,Rx,1,4,00,48,00,12,00,00,00,00,
54162174,00000118,false,Rx,1,4,00,49,00,12,00,00,00,00,
54172057,00000118,false,Rx,1,4,00,4A,00,12,00,00,00,00,
54182164,00000118,false,Rx,1,4,00,4B,00,12,00,00,00,00,
54192137,00000118,false,Rx,1,4,00,4C,00,12,00,00,00,00,
54202172,00000118,false,Rx,1,4,00,4D,00,12,00,00,00,00,
54212018,00000118,false,Rx,1,4,00,4E,00,12,00,00,00,00,
54222162,00000118,false,Rx,1,4,00,4F,00,12,00,00,00,00,
54232006,00000118,false,Rx,1,4,00,40,00,12,00,00,00,00,
54242135,00000118,false,Rx,1,4,00,41,00,12,00,00,00,00,
54252061,00000118,false,Rx,1,4,00,42,00,12,00,00,00,00,
54266442,00000118,false,Rx,1,4,00,43,00,12,00,00,00,00,
54272799,00000118,false,Rx,1,4,00,44,00,12,00,00,00,00,
54282335,00000118,false,Rx,1,4,00,45,00,12,00,00,00,00,
54292163,00000118,false,Rx,1,4,00,46,00,12,00,00,00,00,
54302118,00000118,false,Rx,1,4,00,47,00,12,00,00,00,00,
54311962,00000118,false,Rx,1,4,00,48,00,12,00,00,00,00,
54322109,00000118,false,Rx,1,4,00,49,00,12,00,00,00,00,
54331956,00000118,false,Rx,1,4,00,4A,00,12,00,00,00,00,
54342082,00000118,false,Rx,1,4,00,4B,00,12,00,00,00,00,
54351961,00000118,false,Rx,1,4,00,4C,00,12,00,00,00,00,
54362069,00000118,false,Rx,1,4,00,4D,00,12,00,00,00,00,
54371952,00000118,false,Rx,1,4,00,4E,00,12,00,00,00,00,
54382061,00000118,false,Rx,1,4,00,4F,00,12,00,00,00,00,
54392031,00000118,false,Rx,1,4,00,40,00,12,00,00,00,00,
54402070,00000118,false,Rx,1,4,00,41,00,12,00,00,00,00,
54411911,00000118,false,Rx,1,4,00,42,00,12,00,00,00,00,
54422056,00000118,false,Rx,1,4,00,43,00,12,00,00,00,00,
54422818,0000070F,false,Rx,0,8,03,22,02,8D,55,55,55,55,
54431940,00000118,false,Rx,1,4,00,44,00,12,00,00,00,00,
54442027,00000118,false,Rx,1,4,00,45,00,12,00,00,00,00,
54444429,00000779,false,Rx,1,8,05,62,02,8D,5A,00,AA,AA,
54451937,00000118,false,Rx,1,4,00,46,00,12,00,00,00,00,
54462015,00000118,false,Rx,1,4,00,47,00,12,00,00,00,00,
54471896,00000118,false,Rx,1,4,00,48,00,12,00,00,00,00,
54482012,00000118,false,Rx,1,4,00,49,00,12,00,00,00,00,
54482302,17F0000F,true,Rx,1,8,00,0F,00,00,00,00,00,00,
54491994,00000118,false,Rx,1,4,00,4A,00,12,00,00,00,00,
54502017,00000118,false,Rx,1,4,00,4B,00,12,00,00,00,00,
54511859,00000118,false,Rx,1,4,00,4C,00,12,00,00,00,00,
54522001,00000118,false,Rx,1,4,00,4D,00,12,00,00,00,00,
54531847,00000118,false,Rx,1,4,00,4E,00,12,00,00,00,00,
54541974,00000118,false,Rx,1,4,00,4F,00,12,00,00,00,00,
54551856,00000118,false,Rx,1,4,00,40,00,12,00,00,00,00,
54561965,00000118,false,Rx,1,4,00,41,00,12,00,00,00,00,
54571843,00000118,false,Rx,1,4,00,42,00,12,00,00,00,00,
54581953,00000118,false,Rx,1,4,00,43,00,12,00,00,00,00,
54591940,00000118,false,Rx,1,4,00,44,00,12,00,00,00,00,
54601961,00000118,false,Rx,1,4,00,45,00,12,00,00,00,00,
54611806,00000118,false,Rx,1,4,00,46,00,12,00,00,00,00,
54621952,00000118,false,Rx,1,4,00,47,00,12,00,00,00,00,
54631792,00000118,false,Rx,1,4,00,48,00,12,00,00,00,00,
54641938,00000118,false,Rx,1,4,00,49,00,12,00,00,00,00,
54651802,00000118,false,Rx,1,4,00,4A,00,12,00,00,00,00,
54661909,00000118,false,Rx,1,4,00,4B,00,12,00,00,00,00,
54671792,00000118,false,Rx,1,4,00,4C,00,12,00,00,00,00,
54681899,00000118,false,Rx,1,4,00,4D,00,12,00,00,00,00,
54691875,00000118,false,Rx,1,4,00,4E,00,12,00,00,00,00,
54701908,00000118,false,Rx,1,4,00,4F,00,12,00,00,00,00,
54711752,00000118,false,Rx,1,4,00,40,00,12,00,00,00,00,
54721896,00000118,false,Rx,1,4,00,41,00,12,00,00,00,00,
54731742,00000118,false,Rx,1,4,00,42,00,12,00,00,00,00,
54741874,00000118,false,Rx,1,4,00,43,00,12,00,00,00,00,
54751792,00000118,false,Rx,1,4,00,44,00,12,00,00,00,00,
54756252,0000070F,false,Rx,0,8,03,22,2B,F1,55,55,55,55,
54765806,00000118,false,Rx,1,4,00,45,00,12,00,00,00,00,
54772756,00000118,false,Rx,1,4,00,46,00,12,00,00,00,00,
54773033,00000779,false,Rx,1,8,05,62,2B,F1,EB,66,AA,AA,
54781869,00000118,false,Rx,1,4,00,47,00,12,00,00,00,00,
54791816,00000118,false,Rx,1,4,00,48,00,12,00,00,00,00,
54801874,00000118,false,Rx,1,4,00,49,00,12,00,00,00,00,
54811699,00000118,false,Rx,1,4,00,4A,00,12,00,00,00,00,
54821841,00000118,false,Rx,1,4,00,4B,00,12,00,00,00,00,
54831693,00000118,false,Rx,1,4,00,4C,00,12,00,00,00,00,
54841814,00000118,false,Rx,1,4,00,4D,00,12,00,00,00,00,
54851696,00000118,false,Rx,1,4,00,4E,00,12,00,00,00,00,
54861804,00000118,false,Rx,1,4,00,4F,00,12,00,00,00,00,
54871685,00000118,false,Rx,1,4,00,40,00,12,00,00,00,00,
54881794,00000118,false,Rx,1,4,00,41,00,12,00,00,00,00,
54891764,00000118,false,Rx,1,4,00,42,00,12,00,00,00,00,
54901803,00000118,false,Rx,1,4,00,43,00,12,00,00,00,00,
54911646,00000118,false,Rx,1,4,00,44,00,12,00,00,00,00,
54921789,00000118,false,Rx,1,4,00,45,00,12,00,00,00,00,
54931635,00000118,false,Rx,1,4,00,46,00,12,00,00,00,00,
54941760,00000118,false,Rx,1,4,00,47,00,12,00,00,00,00,
54951641,00000118,false,Rx,1,4,00,48,00,12,00,00,00,00,
54961750,00000118,false,Rx,1,4,00,49,00,12,00,00,00,00,
54971631,00000118,false,Rx,1,4,00,4A,00,12,00,00,00,00,
54981747,00000118,false,Rx,1,4,00,4B,00,12,00,00,00,00,
54982034,17F0000F,true,Rx,1,8,00,0F,00,00,00,00,00,00,
54991717,00000118,false,Rx,1,4,00,4C,00,12,00,00,00,00,
55001746,00000118,false,Rx,1,4,00,4D,00,12,00,00,00,00,
55011599,00000118,false,Rx,1,4,00,4E,00,12,00,00,00,00,
55021736,00000118,false,Rx,1,4,00,4F,00,12,00,00,00,00,
55031582,00000118,false,Rx,1,4,00,40,00,12,00,00,00,00,
55041708,00000118,false,Rx,1,4,00,41,00,12,00,00,00,00,
55051588,00000118,false,Rx,1,4,00,42,00,12,00,00,00,00,
55061698,00000118,false,Rx,1,4,00,43,00,12,00,00,00,00,
55071575,00000118,false,Rx,1,4,00,44,00,12,00,00,00,00,
55074858,0000070F,false,Rx,0,8,03,22,2B,E4,55,55,55,55,
55081707,00000118,false,Rx,1,4,00,45,00,12,00,00,00,00,
55091657,00000118,false,Rx,1,4,00,46,00,12,00,00,00,00,
55092911,00000779,false,Rx,1,8,05,62,2B,E4,E1,61,AA,AA,
55101702,00000118,false,Rx,1,4,00,47,00,12,00,00,00,00,
55111539,00000118,false,Rx,1,4,00,48,00,12,00,00,00,00,
55121683,00000118,false,Rx,1,4,00,49,00,12,00,00,00,00,
55131529,00000118,false,Rx,1,4,00,4A,00,12,00,00,00,00,
55141652,00000118,false,Rx,1,4,00,4B,00,12,00,00,00,00,
55151535,00000118,false,Rx,1,4,00,4C,00,12,00,00,00,00,
55161642,00000118,false,Rx,1,4,00,4D,00,12,00,00,00,00,
55171525,00000118,false,Rx,1,4,00,4E,00,12,00,00,00,00,
55181634,00000118,false,Rx,1,4,00,4F,00,12,00,00,00,00,
55191604,00000118,false,Rx,1,4,00,40,00,12,00,00,00,00,
55201641,00000118,false,Rx,1,4,00,41,00,12,00,00,00,00,
55211488,00000118,false,Rx,1,4,00,42,00,12,00,00,00,00,
55221629,00000118,false,Rx,1,4,00,43,00,12,00,00,00,00,
55231472,00000118,false,Rx,1,4,00,44,00,12,00,00,00,00,
55241603,00000118,false,Rx,1,4,00,45,00,12,00,00,00,00,
55251501,00000118,false,Rx,1,4,00,46,00,12,00,00,00,00,
55263232,00000118,false,Rx,1,4,00,47,00,12,00,00,00,00,
55271506,00000118,false,Rx,1,4,00,48,00,12,00,00,00,00,
55281627,00000118,false,Rx,1,4,00,49,00,12,00,00,00,00,
55292068,00000118,false,Rx,1,4,00,4A,00,12,00,00,00,00,
55301985,00000118,false,Rx,1,4,00,4B,00,12,00,00,00,00,
55311843,00000118,false,Rx,1,4,00,4C,00,12,00,00,00,00,
55321976,00000118,false,Rx,1,4,00,4D,00,12,00,00,00,00,
55331823,00000118,false,Rx,1,4,00,4E,00,12,00,00,00,00,
55341951,00000118,false,Rx,1,4,00,4F,00,12,00,00,00,00,
55351828,00000118,false,Rx,1,4,00,40,00,12,00,00,00,00,
55361950,00000118,false,Rx,1,4,00,41,00,12,00,00,00,00,
55371818,00000118,false,Rx,1,4,00,42,00,12,00,00,00,00,
55381945,00000118,false,Rx,1,4,00,43,00,12,00,00,00,00,
55388189,0000070F,false,Rx,0,8,03,22,02,8D,55,55,55,55,
55391936,00000118,false,Rx,1,4,00,44,00,12,00,00,00,00,
55401952,00000118,false,Rx,1,4,00,45,00,12,00,00,00,00,
55404150,00000779,false,Rx,1,8,05,62,02,8D,5B,00,AA,AA,
55411788,00000118,false,Rx,1,4,00,46,00,12,00,00,00,00,
55421944,00000118,false,Rx,1,4,00,47,00,12,00,00,00,00,
55431766,00000118,false,Rx,1,4,00,48,00,12,00,00,00,00,
55441892,00000118,false,Rx,1,4,00,49,00,12,00,00,00,00,
55451775,00000118,false,Rx,1,4,00,4A,00,12,00,00,00,00,
55461883,00000118,false,Rx,1,4,00,4B,00,12,00,00,00,00,
55471764,00000118,false,Rx,1,4,00,4C,00,12,00,00,00,00,
55481883,00000118,false,Rx,1,4,00,4D,00,12,00,00,00,00,
55482168,17F0000F,true,Rx,1,8,00,0F,00,00,00,00,00,00,
55491850,00000118,false,Rx,1,4,00,4E,00,12,00,00,00,00,
55501880,00000118,false,Rx,1,4,00,4F,00,12,00,00,00,00,
55511725,00000118,false,Rx,1,4,00,40,00,12,00,00,00,00,
55521876,00000118,false,Rx,1,4,00,41,00,12,00,00,00,00,
55531715,00000118,false,Rx,1,4,00,42,00,12,00,00,00,00,
55541842,00000118,false,Rx,1,4,00,43,00,12,00,00,00,00,
55551719,00000118,false,Rx,1,4,00,44,00,12,00,00,00,00,
55561828,00000118,false,Rx,1,4,00,45,00,12,00,00,00,00,
55571712,00000118,false,Rx,1,4,00,46,00,12,00,00,00,00,
55581817,00000118,false,Rx,1,4,00,47,00,12,00,00,00,00,
55591788,00000118,false,Rx,1,4,00,48,00,12,00,00,00,00,
55601825,00000118,false,Rx,1,4,00,49,00,12,00,00,00,00,
55611672,00000118,false,Rx,1,4,00,4A,00,12,00,00,00,00,
55621817,00000118,false,Rx,1,4,00,4B,00,12,00,00,00,00,
55631663,00000118,false,Rx,1,4,00,4C,00,12,00,00,00,00,
55641784,00000118,false,Rx,1,4,00,4D,00,12,00,00,00,00,
55651669,00000118,false,Rx,1,4,00,4E,00,12,00,00,00,00,
55661777,00000118,false,Rx,1,4,00,4F,00,12,00,00,00,00,
55671657,00000118,false,Rx,1,4,00,40,00,12,00,00,00,00,
55681766,00000118,false,Rx,1,4,00,41,00,12,00,00,00,00,
55691735,00000118,false,Rx,1,4,00,42,00,12,00,00,00,00,
55701773,00000118,false,Rx,1,4,00,43,00,12,00,00,00,00,
55710490,0000070F,false,Rx,0,8,03,22,2B,F1,55,55,55,55,
55711637,00000118,false,Rx,1,4,00,44,00,12,00,00,00,00,
55721760,00000118,false,Rx,1,4,00,45,00,12,00,00,00,00,
55723977,00000779,false,Rx,1,8,05,62,2B,F1,1D,67,AA,AA,
55731616,00000118,false,Rx,1,4,00,46,00,12,00,00,00,00,
55741737,00000118,false,Rx,1,4,00,47,00,12,00,00,00,00,
55751673,00000118,false,Rx,1,4,00,48,00,12,00,00,00,00,
55765755,00000118,false,Rx,1,4,00,49,00,12,00,00,00,00,
55771620,00000118,false,Rx,1,4,00,4A,00,12,00,00,00,00,
55781731,00000118,false,Rx,1,4,00,4B,00,12,00,00,00,00,
55791681,00000118,false,Rx,1,4,00,4C,00,12,00,00,00,00,
55801717,00000118,false,Rx,1,4,00,4D,00,12,00,00,00,00,
55811565,00000118,false,Rx,1,4,00,4E,00,12,00,00,00,00,
55821709,00000118,false,Rx,1,4,00,4F,00,12,00,00,00,00,
55831555,00000118,false,Rx,1,4,00,40,00,12,00,00,00,00,
55841683,00000118,false,Rx,1,4,00,41,00,12,00,00,00,00,
55851560,00000118,false,Rx,1,4,00,42,00,12,00,00,00,00,
55861669,00000118,false,Rx,1,4,00,43,00,12,00,00,00,00,
55871547,00000118,false,Rx,1,4,00,44,00,12,00,00,00,00,
55881657,00000118,false,Rx,1,4,00,45,00,12,00,00,00,00,
55891628,00000118,false,Rx,1,4,00,46,00,12,00,00,00,00,
55901664,00000118,false,Rx,1,4,00,47,00,12,00,00,00,00,
55911507,00000118,false,Rx,1,4,00,48,00,12,00,00,00,00,
55921654,00000118,false,Rx,1,4,00,49,00,12,00,00,00,00,
55931503,00000118,false,Rx,1,4,00,4A,00,12,00,00,00,00,
55941627,00000118,false,Rx,1,4,00,4B,00,12,00,00,00,00,
55951506,00000118,false,Rx,1,4,00,4C,00,12,00,00,00,00,
55961614,00000118,false,Rx,1,4,00,4D,00,12,00,00,00,00,
55971496,00000118,false,Rx,1,4,00,4E,00,12,00,00,00,00,
55981619,00000118,false,Rx,1,4,00,4F,00,12,00,00,00,00,
55981901,17F0000F,true,Rx,1,8,00,0F,00,00,00,00,00,00,
55991566,00000118,false,Rx,1,4,00,40,00,12,00,00,00,00,
56001629,00000118,false,Rx,1,4,00,41,00,12,00,00,00,00,
56011457,00000118,false,Rx,1,4,00,42,00,12,00,00,00,00,
56021601,00000118,false,Rx,1,4,00,43,00,12,00,00,00,00,
56026943,0000070F,false,Rx,0,8,03,22,2B,E4,55,55,55,55,
56031469,00000118,false,Rx,1,4,00,44,00,12,00,00,00,00,
56041573,00000118,false,Rx,1,4,00,45,00,12,00,00,00,00,
56043786,00000779,false,Rx,1,8,05,62,2B,E4,E1,61,AA,AA,
56051461,00000118,false,Rx,1,4,00,46,00,12,00,00,00,00,
56061559,00000118,false,Rx,1,4,00,47,00,12,00,00,00,00,
56071440,00000118,false,Rx,1,4,00,48,00,12,00,00,00,00,
56081549,00000118,false,Rx,1,4,00,49,00,12,00,00,00,00,
56091505,00000118,false,Rx,1,4,00,4A,00,12,00,00,00,00,
56101573,00000118,false,Rx,1,4,00,4B,00,12,00,00,00,00,
56111403,00000118,false,Rx,1,4,00,4C,00,12,00,00,00,00,
56121545,00000118,false,Rx,1,4,00,4D,00,12,00,00,00,00,
56131392,00000118,false,Rx,1,4,00,4E,00,12,00,00,00,00,
56141518,00000118,false,Rx,1,4,00,4F,00,12,00,00,00,00,
56151398,00000118,false,Rx,1,4,00,40,00,12,00,00,00,00,
56161508,00000118,false,Rx,1,4,00,41,00,12,00,00,00,00,
56171387,00000118,false,Rx,1,4,00,42,00,12,00,00,00,00,
56181497,00000118,false,Rx,1,4,00,43,00,12,00,00,00,00,
56191449,00000118,false,Rx,1,4,00,44,00,12,00,00,00,00,
56201519,00000118,false,Rx,1,4,00,45,00,12,00,00,00,00,
56211348,00000118,false,Rx,1,4,00,46,00,12,00,00,00,00,
56221491,00000118,false,Rx,1,4,00,47,00,12,00,00,00,00,
56231335,00000118,false,Rx,1,4,00,48,00,12,00,00,00,00,
56241465,00000118,false,Rx,1,4,00,49,00,12,00,00,00,00,
56251447,00000118,false,Rx,1,4,00,4A,00,12,00,00,00,00,
56264637,00000118,false,Rx,1,4,00,4B,00,12,00,00,00,00,
56271688,00000118,false,Rx,1,4,00,4C,00,12,00,00,00,00,
56281618,00000118,false,Rx,1,4,00,4D,00,12,00,00,00,00,
56291519,00000118,false,Rx,1,4,00,4E,00,12,00,00,00,00,
56301468,00000118,false,Rx,1,4,00,4F,00,12,00,00,00,00,
56311294,00000118,false,Rx,1,4,00,40,00,12,00,00,00,00,
56321441,00000118,false,Rx,1,4,00,41,00,12,00,00,00,00,
56331284,00000118,false,Rx,1,4,00,42,00,12,00,00,00,00,
56341419,00000118,false,Rx,1,4,00,43,00,12,00,00,00,00,
56346090,0000070F,false,Rx,0,8,03,22,02,8D,55,55,55,55,
56351313,00000118,false,Rx,1,4,00,44,00,12,00,00,00,00,
56361398,00000118,false,Rx,1,4,00,45,00,12,00,00,00,00,
56363614,00000779,false,Rx,1,8,05,62,02,8D,5B,00,AA,AA,
56371291,00000118,false,Rx,1,4,00,46,00,12,00,00,00,00,
56381388,00000118,false,Rx,1,4,00,47,00,12,00,00,00,00,
56391341,00000118,false,Rx,1,4,00,48,00,12,00,00,00,00,
56401412,00000118,false,Rx,1,4,00,49,00,12,00,00,00,00,
56411241,00000118,false,Rx,1,4,00,4A,00,12,00,00,00,00,
56421383,00000118,false,Rx,1,4,00,4B,00,12,00,00,00,00,
56431231,00000118,false,Rx,1,4,00,4C,00,12,00,00,00,00,
56441357,00000118,false,Rx,1,4,00,4D,00,12,00,00,00,00,
56451240,00000118,false,Rx,1,4,00,4E,00,12,00,00,00,00,
56461346,00000118,false,Rx,1,4,00,4F,00,12,00,00,00,00,
56471226,00000118,false,Rx,1,4,00,40,00,12,00,00,00,00,
56481349,00000118,false,Rx,1,4,00,41,00,12,00,00,00,00,
56481632,17F0000F,true,Rx,1,8,00,0F,00,00,00,00,00,00,
56491322,00000118,false,Rx,1,4,00,42,00,12,00,00,00,00,
56501378,00000118,false,Rx,1,4,00,43,00,12,00,00,00,00,
56511585,00000118,false,Rx,1,4,00,44,00,12,00,00,00,00,
56521730,00000118,false,Rx,1,4,00,45,00,12,00,00,00,00,
56531575,00000118,false,Rx,1,4,00,46,00,12,00,00,00,00,
56541710,00000118,false,Rx,1,4,00,47,00,12,00,00,00,00,
56551582,00000118,false,Rx,1,4,00,48,00,12,00,00,00,00,
56561689,00000118,false,Rx,1,4,00,49,00,12,00,00,00,00,
56571572,00000118,false,Rx,1,4,00,4A,00,12,00,00,00,00,
56581679,00000118,false,Rx,1,4,00,4B,00,12,00,00,00,00,
56591651,00000118,false,Rx,1,4,00,4C,00,12,00,00,00,00,
56601687,00000118,false,Rx,1,4,00,4D,00,12,00,00,00,00,
56611532,00000118,false,Rx,1,4,00,4E,00,12,00,00,00,00,
56621678,00000118,false,Rx,1,4,00,4F,00,12,00,00,00,00,
56631522,00000118,false,Rx,1,4,00,40,00,12,00,00,00,00,
56641700,00000118,false,Rx,1,4,00,41,00,12,00,00,00,00,
56651531,00000118,false,Rx,1,4,00,42,00,12,00,00,00,00,
56661638,00000118,false,Rx,1,4,00,43,00,12,00,00,00,00,
56671516,00000118,false,Rx,1,4,00,44,00,12,00,00,00,00,
56677551,0000070F,false,Rx,0,8,03,22,2B,F1,55,55,55,55,
56681648,00000118,false,Rx,1,4,00,45,00,12,00,00,00,00,
56691596,00000118,false,Rx,1,4,00,46,00,12,00,00,00,00,
56692854,00000779,false,Rx,1,8,05,62,2B,F1,4F,67,AA,AA,
56701641,00000118,false,Rx,1,4,00,47,00,12,00,00,00,00,
56711477,00000118,false,Rx,1,4,00,48,00,12,00,00,00,00,
56721621,00000118,false,Rx,1,4,00,49,00,12,00,00,00,00,
56731467,00000118,false,Rx,1,4,00,4A,00,12,00,00,00,00,
56741596,00000118,false,Rx,1,4,00,4B,00,12,00,00,00,00,
56751478,00000118,false,Rx,1,4,00,4C,00,12,00,00,00,00,
56761622,00000118,false,Rx,1,4,00,4D,00,12,00,00,00,00,
56771364,00000118,false,Rx,1,4,00,4E,00,12,00,00,00,00,
56781808,00000118,false,Rx,1,4,00,4F,00,12,00,00,00,00,
56791615,00000118,false,Rx,1,4,00,40,00,12,00,00,00,00,
56801862,00000118,false,Rx,1,4,00,41,00,12,00,00,00,00,
56811368,00000118,false,Rx,1,4,00,42,00,12,00,00,00,00,
56821854,00000118,false,Rx,1,4,00,43,00,12,00,00,00,00,
56831364,00000118,false,Rx,1,4,00,44,00,12,00,00,00,00,
56841863,00000118,false,Rx,1,4,00,45,00,12,00,00,00,00,
56851369,00000118,false,Rx,1,4,00,46,00,12,00,00,00,00,
56861858,00000118,false,Rx,1,4,00,47,00,12,00,00,00,00,
56871360,00000118,false,Rx,1,4,00,48,00,12,00,00,00,00,
56881856,00000118,false,Rx,1,4,00,49,00,12,00,00,00,00,
56891372,00000118,false,Rx,1,4,00,4A,00,12,00,00,00,00,
56901852,00000118,false,Rx,1,4,00,4B,00,12,00,00,00,00,
56911370,00000118,false,Rx,1,4,00,4C,00,12,00,00,00,00,
56921615,00000118,false,Rx,1,4,00,4D,00,12,00,00,00,00,
56931364,00000118,false,Rx,1,4,00,4E,00,12,00,00,00,00,
56941614,00000118,false,Rx,1,4,00,4F,00,12,00,00,00,00,
56951366,00000118,false,Rx,1,4,00,40,00,12,00,00,00,00,
56961611,00000118,false,Rx,1,4,00,41,00,12,00,00,00,00,
56971362,00000118,false,Rx,1,4,00,42,00,12,00,00,00,00,
56981618,00000118,false,Rx,1,4,00,43,00,12,00,00,00,00,
56982150,17F0000F,true,Rx,1,8,00,0F,00,00,00,00,00,00,
56991364,00000118,false,Rx,1,4,00,44,00,12,00,00,00,00,
56992566,0000070F,false,Rx,0,8,03,22,2B,E4,55,55,55,55,
57001615,00000118,false,Rx,1,4,00,45,00,12,00,00,00,00,
57011355,00000118,false,Rx,1,4,00,46,00,12,00,00,00,00,
57012446,00000779,false,Rx,1,8,05,62,2B,E4,E1,61,AA,AA,
57021610,00000118,false,Rx,1,4,00,47,00,12,00,00,00,00,
57031360,00000118,false,Rx,1,4,00,48,00,12,00,00,00,00,
57041609,00000118,false,Rx,1,4,00,49,00,12,00,00,00,00,
57051461,00000118,false,Rx,1,4,00,4A,00,12,00,00,00,00,
57061615,00000118,false,Rx,1,4,00,4B,00,12,00,00,00,00,
57071379,00000118,false,Rx,1,4,00,4C,00,12,00,00,00,00,
57081614,00000118,false,Rx,1,4,00,4D,00,12,00,00,00,00,
57091363,00000118,false,Rx,1,4,00,4E,00,12,00,00,00,00,
57101610,00000118,false,Rx,1,4,00,4F,00,12,00,00,00,00,
57111119,00000118,false,Rx,1,4,00,40,00,12,00,00,00,00,
57121610,00000118,false,Rx,1,4,00,41,00,12,00,00,00,00,
57131124,00000118,false,Rx,1,4,00,42,00,12,00,00,00,00,
57141609,00000118,false,Rx,1,4,00,43,00,12,00,00,00,00,
57151119,00000118,false,Rx,1,4,00,44,00,12,00,00,00,00,
57161618,00000118,false,Rx,1,4,00,45,00,12,00,00,00,00,
57171117,00000118,false,Rx,1,4,00,46,00,12,00,00,00,00,
57181610,00000118,false,Rx,1,4,00,47,00,12,00,00,00,00,
57191359,00000118,false,Rx,1,4,00,48,00,12,00,00,00,00,
57201618,00000118,false,Rx,1,4,00,49,00,12,00,00,00,00,
57211121,00000118,false,Rx,1,4,00,4A,00,12,00,00,00,00,
57221611,00000118,false,Rx,1,4,00,4B,00,12,00,00,00,00,
57231124,00000118,false,Rx,1,4,00,4C,00,12,00,00,00,00,
57241622,00000118,false,Rx,1,4,00,4D,00,12,00,00,00,00,
57251156,00000118,false,Rx,1,4,00,4E,00,12,00,00,00,00,
57266811,00000118,false,Rx,1,4,00,4F,00,12,00,00,00,00,
57271183,00000118,false,Rx,1,4,00,40,00,12,00,00,00,00,
57281368,00000118,false,Rx,1,4,00,41,00,12,00,00,00,00,
57291446,00000118,false,Rx,1,4,00,42,00,12,00,00,00,00,
57301467,00000118,false,Rx,1,4,00,43,00,12,00,00,00,00,
57308042,0000070F,false,Rx,0,8,03,22,02,8D,55,55,55,55,
57311282,00000118,false,Rx,1,4,00,44,00,12,00,00,00,00,
57321331,00000118,false,Rx,1,4,00,45,00,12,00,00,00,00,
57323547,00000779,false,Rx,1,8,05,62,02,8D,5C,00,AA,AA,
57331312,00000118,false,Rx,1,4,00,46,00,12,00,00,00,00,
57341302,00000118,false,Rx,1,4,00,47,00,12,00,00,00,00,
57351305,00000118,false,Rx,1,4,00,48,00,12,00,00,00,00,
57361315,00000118,false,Rx,1,4,00,49,00,12,00,00,00,00,
57371306,00000118,false,Rx,1,4,00,4A,00,12,00,00,00,00,
57381300,00000118,false,Rx,1,4,00,4B,00,12,00,00,00,00,
57391577,00000118,false,Rx,1,4,00,4C,00,12,00,00,00,00,
57401795,00000118,false,Rx,1,4,00,4D,00,12,00,00,00,00,
57411498,00000118,false,Rx,1,4,00,4E,00,12,00,00,00,00,
57421624,00000118,false,Rx,1,4,00,4F,00,12,00,00,00,00,
57431505,00000118,false,Rx,1,4,00,40,00,12,00,00,00,00,
57441613,00000118,false,Rx,1,4,00,41,00,12,00,00,00,00,
57451573,00000118,false,Rx,1,4,00,42,00,12,00,00,00,00,
57461624,00000118,false,Rx,1,4,00,43,00,12,00,00,00,00,
57471866,00000118,false,Rx,1,4,00,44,00,12,00,00,00,00,
57482018,00000118,false,Rx,1,4,00,45,00,12,00,00,00,00,
57482304,17F0000F,true,Rx,1,8,00,0F,00,00,00,00,00,00,
57492097,00000118,false,Rx,1,4,00,46,00,12,00,00,00,00,
57502105,00000118,false,Rx,1,4,00,47,00,12,00,00,00,00,
57511842,00000118,false,Rx,1,4,00,48,00,12,00,00,00,00,
57521968,00000118,false,Rx,1,4,00,49,00,12,00,00,00,00,
57531851,00000118,false,Rx,1,4,00,4A,00,12,00,00,00,00,
57541957,00000118,false,Rx,1,4,00,4B,00,12,00,00,00,00,
57551840,00000118,false,Rx,1,4,00,4C,00,12,00,00,00,00,
57561951,00000118,false,Rx,1,4,00,4D,00,12,00,00,00,00,
57571817,00000118,false,Rx,1,4,00,4E,00,12,00,00,00,00,
57581955,00000118,false,Rx,1,4,00,4F,00,12,00,00,00,00,
57591820,00000118,false,Rx,1,4,00,40,00,12,00,00,00,00,
57602052,00000118,false,Rx,1,4,00,41,00,12,00,00,00,00,
57611789,00000118,false,Rx,1,4,00,42,00,12,00,00,00,00,
57621933,00000118,false,Rx,1,4,00,43,00,12,00,00,00,00,
57622025,0000070F,false,Rx,0,8,03,22,2B,F1,55,55,55,55,
57631817,00000118,false,Rx,1,4,00,44,00,12,00,00,00,00,
57641902,00000118,false,Rx,1,4,00,45,00,12,00,00,00,00,
57644117,00000779,false,Rx,1,8,05,62,2B,F1,81,67,AA,AA,
57651794,00000118,false,Rx,1,4,00,46,00,12,00,00,00,00,
57661893,00000118,false,Rx,1,4,00,47,00,12,00,00,00,00,
57671755,00000118,false,Rx,1,4,00,48,00,12,00,00,00,00,
57681898,00000118,false,Rx,1,4,00,49,00,12,00,00,00,00,
57691814,00000118,false,Rx,1,4,00,4A,00,12,00,00,00,00,
57702472,00000118,false,Rx,1,4,00,4B,00,12,00,00,00,00,
57712281,00000118,false,Rx,1,4,00,4C,00,12,00,00,00,00,
57721864,00000118,false,Rx,1,4,00,4D,00,12,00,00,00,00,
57731741,00000118,false,Rx,1,4,00,4E,00,12,00,00,00,00,
57741897,00000118,false,Rx,1,4,00,4F,00,12,00,00,00,00,
57756296,00000118,false,Rx,1,4,00,40,00,12,00,00,00,00,
57763204,00000118,false,Rx,1,4,00,41,00,12,00,00,00,00,
57771656,00000118,false,Rx,1,4,00,42,00,12,00,00,00,00,
57781951,00000118,false,Rx,1,4,00,43,00,12,00,00,00,00,
57791690,00000118,false,Rx,1,4,00,44,00,12,00,00,00,00,
57801950,00000118,false,Rx,1,4,00,45,00,12,00,00,00,00,
57811590,00000118,false,Rx,1,4,00,46,00,12,00,00,00,00,
57821913,00000118,false,Rx,1,4,00,47,00,12,00,00,00,00,
57831559,00000118,false,Rx,1,4,00,48,00,12,00,00,00,00,
57841938,00000118,false,Rx,1,4,00,49,00,12,00,00,00,00,
57851550,00000118,false,Rx,1,4,00,4A,00,12,00,00,00,00,
57861909,00000118,false,Rx,1,4,00,4B,00,12,00,00,00,00,
57871542,00000118,false,Rx,1,4,00,4C,00,12,00,00,00,00,
57881883,00000118,false,Rx,1,4,00,4D,00,12,00,00,00,00,
57891637,00000118,false,Rx,1,4,00,4E,00,12,00,00,00,00,
57901887,00000118,false,Rx,1,4,00,4F,00,12,00,00,00,00,
57911536,00000118,false,Rx,1,4,00,40,00,12,00,00,00,00,
57921858,00000118,false,Rx,1,4,00,41,00,12,00,00,00,00,
57931507,00000118,false,Rx,1,4,00,42,00,12,00,00,00,00,
57938026,0000070F,false,Rx,0,8,03,22,2B,E4,55,55,55,55,
57941888,00000118,false,Rx,1,4,00,43,00,12,00,00,00,00,
57951492,00000118,false,Rx,1,4,00,44,00,12,00,00,00,00,
57952752,00000779,false,Rx,1,8,05,62,2B,E4,E1,61,AA,AA,
57961862,00000118,false,Rx,1,4,00,45,00,12,00,00,00,00,
57971483,00000118,false,Rx,1,4,00,46,00,12,00,00,00,00,
57981857,00000118,false,Rx,1,4,00,47,00,12,00,00,00,00,
57982120,17F0000F,true,Rx,1,8,00,0F,00,00,00,00,00,00,
57991586,00000118,false,Rx,1,4,00,48,00,12,00,00,00,00,
58001830,00000118,false,Rx,1,4,00,49,00,12,00,00,00,00,
58011481,00000118,false,Rx,1,4,00,4A,00,12,00,00,00,00,
58021801,00000118,false,Rx,1,4,00,4B,00,12,00,00,00,00,
58031452,00000118,false,Rx,1,4,00,4C,00,12,00,00,00,00,
58041809,00000118,false,Rx,1,4,00,4D,00,12,00,00,00,00,
58051439,00000118,false,Rx,1,4,00,4E,00,12,00,00,00,00,
58061782,00000118,false,Rx,1,4,00,4F,00,12,00,00,00,00,
58071446,00000118,false,Rx,1,4,00,40,00,12,00,00,00,00,
58081783,00000118,false,Rx,1,4,00,41,00,12,00,00,00,00,
58091582,00000118,false,Rx,1,4,00,42,00,12,00,00,00,00,
58101777,00000118,false,Rx,1,4,00,43,00,12,00,00,00,00,
58111424,00000118,false,Rx,1,4,00,44,00,12,00,00,00,00,
58121747,00000118,false,Rx,1,4,00,45,00,12,00,00,00,00,
58131397,00000118,false,Rx,1,4,00,46,00,12,00,00,00,00,
58141754,00000118,false,Rx,1,4,00,47,00,12,00,00,00,00,
58151384,00000118,false,Rx,1,4,00,48,00,12,00,00,00,00,
58161725,00000118,false,Rx,1,4,00,49,00,12,00,00,00,00,
58171392,00000118,false,Rx,1,4,00,4A,00,12,00,00,00,00,
58181717,00000118,false,Rx,1,4,00,4B,00,12,00,00,00,00,
58191571,00000118,false,Rx,1,4,00,4C,00,12,00,00,00,00,
58201738,00000118,false,Rx,1,4,00,4D,00,12,00,00,00,00,
58211371,00000118,false,Rx,1,4,00,4E,00,12,00,00,00,00,
58221694,00000118,false,Rx,1,4,00,4F,00,12,00,00,00,00,
58231342,00000118,false,Rx,1,4,00,40,00,12,00,00,00,00,
58241701,00000118,false,Rx,1,4,00,41,00,12,00,00,00,00,
58251397,00000118,false,Rx,1,4,00,42,00,12,00,00,00,00,
58254735,0000070F,false,Rx,0,8,03,22,02,8D,55,55,55,55,
58261604,00000118,false,Rx,1,4,00,43,00,12,00,00,00,00,
58271343,00000118,false,Rx,1,4,00,44,00,12,00,00,00,00,
58272720,00000779,false,Rx,1,8,05,62,02,8D,5C,00,AA,AA,
58281864,00000118,false,Rx,1,4,00,45,00,12,00,00,00,00,
58291670,00000118,false,Rx,1,4,00,46,00,12,00,00,00,00,
58301665,00000118,false,Rx,1,4,00,47,00,12,00,00,00,00,
58311361,00000118,false,Rx,1,4,00,48,00,12,00,00,00,00,
58321656,00000118,false,Rx,1,4,00,49,00,12,00,00,00,00,
58331363,00000118,false,Rx,1,4,00,4A,00,12,00,00,00,00,
58341625,00000118,false,Rx,1,4,00,4B,00,12,00,00,00,00,
58351362,00000118,false,Rx,1,4,00,4C,00,12,00,00,00,00,
58361616,00000118,false,Rx,1,4,00,4D,00,12,00,00,00,00,
58371359,00000118,false,Rx,1,4,00,4E,00,12,00,00,00,00,
58381623,00000118,false,Rx,1,4,00,4F,00,12,00,00,00,00,
58391366,00000118,false,Rx,1,4,00,40,00,12,00,00,00,00,
58401613,00000118,false,Rx,1,4,00,41,00,12,00,00,00,00,
58411365,00000118,false,Rx,1,4,00,42,00,12,00,00,00,00,
58421583,00000118,false,Rx,1,4,00,43,00,12,00,00,00,00,
58431361,00000118,false,Rx,1,4,00,44,00,12,00,00,00,00,
58441572,00000118,false,Rx,1,4,00,45,00,12,00,00,00,00,
58451374,00000118,false,Rx,1,4,00,46,00,12,00,00,00,00,
58461559,00000118,false,Rx,1,4,00,47,00,12,00,00,00,00,
58471361,00000118,false,Rx,1,4,00,48,00,12,00,00,00,00,
58481567,00000118,false,Rx,1,4,00,49,00,12,00,00,00,00,
58481864,17F0000F,true,Rx,1,8,00,0F,00,00,00,00,00,00,
58491377,00000118,false,Rx,1,4,00,4A,00,12,00,00,00,00,
58501557,00000118,false,Rx,1,4,00,4B,00,12,00,00,00,00,
58511365,00000118,false,Rx,1,4,00,4C,00,12,00,00,00,00,
58521527,00000118,false,Rx,1,4,00,4D,00,12,00,00,00,00,
58531397,00000118,false,Rx,1,4,00,4E,00,12,00,00,00,00,
58541518,00000118,false,Rx,1,4,00,4F,00,12,00,00,00,00,
58551368,00000118,false,Rx,1,4,00,40,00,12,00,00,00,00,
58561508,00000118,false,Rx,1,4,00,41,00,12,00,00,00,00,
58570283,0000070F,false,Rx,0,8,03,22,2B,F1,55,55,55,55,
58571153,00000118,false,Rx,1,4,00,42,00,12,00,00,00,00,
58581536,00000118,false,Rx,1,4,00,43,00,12,00,00,00,00,
58591341,00000118,false,Rx,1,4,00,44,00,12,00,00,00,00,
58592536,00000779,false,Rx,1,8,05,62,2B,F1,B3,67,AA,AA,
58601509,00000118,false,Rx,1,4,00,45,00,12,00,00,00,00,
58611129,00000118,false,Rx,1,4,00,46,00,12,00,00,00,00,
58621472,00000118,false,Rx,1,4,00,47,00,12,00,00,00,00,
58631360,00000118,false,Rx,1,4,00,48,00,12,00,00,00,00,
58641460,00000118,false,Rx,1,4,00,49,00,12,00,00,00,00,
58651127,00000118,false,Rx,1,4,00,4A,00,12,00,00,00,00,
58661450,00000118,false,Rx,1,4,00,4B,00,12,00,00,00,00,
58671099,00000118,false,Rx,1,4,00,4C,00,12,00,00,00,00,
58681455,00000118,false,Rx,1,4,00,4D,00,12,00,00,00,00,
58691363,00000118,false,Rx,1,4,00,4E,00,12,00,00,00,00,
58701447,00000118,false,Rx,1,4,00,4F,00,12,00,00,00,00,
58711077,00000118,false,Rx,1,4,00,40,00,12,00,00,00,00,
58721418,00000118,false,Rx,1,4,00,41,00,12,00,00,00,00,
58731083,00000118,false,Rx,1,4,00,42,00,12,00,00,00,00,
58741409,00000118,false,Rx,1,4,00,43,00,12,00,00,00,00,
58751098,00000118,false,Rx,1,4,00,44,00,12,00,00,00,00,
58765023,00000118,false,Rx,1,4,00,45,00,12,00,00,00,00,
58772564,00000118,false,Rx,1,4,00,46,00,12,00,00,00,00,
58781303,00000118,false,Rx,1,4,00,47,00,12,00,00,00,00,
58791246,00000118,false,Rx,1,4,00,48,00,12,00,00,00,00,
58801288,00000118,false,Rx,1,4,00,49,00,12,00,00,00,00,
58811129,00000118,false,Rx,1,4,00,4A,00,12,00,00,00,00,
58821367,00000118,false,Rx,1,4,00,4B,00,12,00,00,00,00,
58831138,00000118,false,Rx,1,4,00,4C,00,12,00,00,00,00,
58841245,00000118,false,Rx,1,4,00,4D,00,12,00,00,00,00,
58851125,00000118,false,Rx,1,4,00,4E,00,12,00,00,00,00,
58861234,00000118,false,Rx,1,4,00,4F,00,12,00,00,00,00,
58871095,00000118,false,Rx,1,4,00,40,00,12,00,00,00,00,
58881240,00000118,false,Rx,1,4,00,41,00,12,00,00,00,00,
58891192,00000118,false,Rx,1,4,00,42,00,12,00,00,00,00,
58895594,0000070F,false,Rx,0,8,03,22,2B,E4,55,55,55,55,
58901254,00000118,false,Rx,1,4,00,43,00,12,00,00,00,00,
58911076,00000118,false,Rx,1,4,00,44,00,12,00,00,00,00,
58912328,00000779,false,Rx,1,8,05,62,2B,E4,E1,61,AA,AA,
58921376,00000118,false,Rx,1,4,00,45,00,12,00,00,00,00,
58931080,00000118,false,Rx,1,4,00,46,00,12,00,00,00,00,
58941186,00000118,false,Rx,1,4,00,47,00,12,00,00,00,00,
58951068,00000118,false,Rx,1,4,00,48,00,12,00,00,00,00,
58961177,00000118,false,Rx,1,4,00,49,00,12,00,00,00,00,
58971040,00000118,false,Rx,1,4,00,4A,00,12,00,00,00,00,
58981183,00000118,false,Rx,1,4,00,4B,00,12,00,00,00,00,
58981479,17F0000F,true,Rx,1,8,00,0F,00,00,00,00,00,00,
58991151,00000118,false,Rx,1,4,00,4C,00,12,00,00,00,00,
59001180,00000118,false,Rx,1,4,00,4D,00,12,00,00,00,00,
59011020,00000118,false,Rx,1,4,00,4E,00,12,00,00,00,00,
59021371,00000118,false,Rx,1,4,00,4F,00,12,00,00,00,00,
59031025,00000118,false,Rx,1,4,00,40,00,12,00,00,00,00,
59041134,00000118,false,Rx,1,4,00,41,00,12,00,00,00,00,
59051013,00000118,false,Rx,1,4,00,42,00,12,00,00,00,00,
59061121,00000118,false,Rx,1,4,00,43,00,12,00,00,00,00,
59070983,00000118,false,Rx,1,4,00,44,00,12,00,00,00,00,
59081128,00000118,false,Rx,1,4,00,45,00,12,00,00,00,00,
59091082,00000118,false,Rx,1,4,00,46,00,12,00,00,00,00,
59101120,00000118,false,Rx,1,4,00,47,00,12,00,00,00,00,
59110961,00000118,false,Rx,1,4,00,48,00,12,00,00,00,00,
59121087,00000118,false,Rx,1,4,00,49,00,12,00,00,00,00,
59130969,00000118,false,Rx,1,4,00,4A,00,12,00,00,00,00,
59141076,00000118,false,Rx,1,4,00,4B,00,12,00,00,00,00,
59150961,00000118,false,Rx,1,4,00,4C,00,12,00,00,00,00,
59161064,00000118,false,Rx,1,4,00,4D,00,12,00,00,00,00,
59170949,00000118,false,Rx,1,4,00,4E,00,12,00,00,00,00,
59181075,00000118,false,Rx,1,4,00,4F,00,12,00,00,00,00,
59191027,00000118,false,Rx,1,4,00,40,00,12,00,00,00,00,
59201064,00000118,false,Rx,1,4,00,41,00,12,00,00,00,00,
59210910,00000118,false,Rx,1,4,00,42,00,12,00,00,00,00,
59221034,00000118,false,Rx,1,4,00,43,00,12,00,00,00,00,
59221092,0000070F,false,Rx,0,8,03,22,02,8D,55,55,55,55,
59230950,00000118,false,Rx,1,4,00,44,00,12,00,00,00,00,
59241027,00000118,false,Rx,1,4,00,45,00,12,00,00,00,00,
59243238,00000779,false,Rx,1,8,05,62,02,8D,5D,00,AA,AA,
59250979,00000118,false,Rx,1,4,00,46,00,12,00,00,00,00,
59261490,00000118,false,Rx,1,4,00,47,00,12,00,00,00,00,
59270892,00000118,false,Rx,1,4,00,48,00,12,00,00,00,00,
59281136,00000118,false,Rx,1,4,00,49,00,12,00,00,00,00,
59291094,00000118,false,Rx,1,4,00,4A,00,12,00,00,00,00,
59301118,00000118,false,Rx,1,4,00,4B,00,12,00,00,00,00,
59310878,00000118,false,Rx,1,4,00,4C,00,12,00,00,00,00,
59321116,00000118,false,Rx,1,4,00,4D,00,12,00,00,00,00,
59330876,00000118,false,Rx,1,4,00,4E,00,12,00,00,00,00,
59341123,00000118,false,Rx,1,4,00,4F,00,12,00,00,00,00,
59350882,00000118,false,Rx,1,4,00,40,00,12,00,00,00,00,
59361118,00000118,false,Rx,1,4,00,41,00,12,00,00,00,00,
59370876,00000118,false,Rx,1,4,00,42,00,12,00,00,00,00,
59381132,00000118,false,Rx,1,4,00,43,00,12,00,00,00,00,
59390877,00000118,false,Rx,1,4,00,44,00,12,00,00,00,00,
59401119,00000118,false,Rx,1,4,00,45,00,12,00,00,00,00,
59410884,00000118,false,Rx,1,4,00,46,00,12,00,00,00,00,
59421122,00000118,false,Rx,1,4,00,47,00,12,00,00,00,00,
59430870,00000118,false,Rx,1,4,00,48,00,12,00,00,00,00,
59441118,00000118,false,Rx,1,4,00,49,00,12,00,00,00,00,
59450874,00000118,false,Rx,1,4,00,4A,00,12,00,00,00,00,
59461118,00000118,false,Rx,1,4,00,4B,00,12,00,00,00,00,
59470630,00000118,false,Rx,1,4,00,4C,00,12,00,00,00,00,
59481123,00000118,false,Rx,1,4,00,4D,00,12,00,00,00,00,
59481659,17F0000F,true,Rx,1,8,00,0F,00,00,00,00,00,00,
59490751,00000118,false,Rx,1,4,00,4E,00,12,00,00,00,00,
59501123,00000118,false,Rx,1,4,00,4F,00,12,00,00,00,00,
59510673,00000118,false,Rx,1,4,00,40,00,12,00,00,00,00,
59521117,00000118,false,Rx,1,4,00,41,00,12,00,00,00,00,
59530631,00000118,false,Rx,1,4,00,42,00,12,00,00,00,00,
59540861,0000070F,false,Rx,0,8,03,22,2B,F1,55,55,55,55,
59541122,00000118,false,Rx,1,4,00,43,00,12,00,00,00,00,
59550875,00000118,false,Rx,1,4,00,44,00,12,00,00,00,00,
59561118,00000118,false,Rx,1,4,00,45,00,12,00,00,00,00,
59563163,00000779,false,Rx,1,8,05,62,2B,F1,E5,67,AA,AA,
59570629,00000118,false,Rx,1,4,00,46,00,12,00,00,00,00,
59581367,00000118,false,Rx,1,4,00,47,00,12,00,00,00,00,
59591113,00000118,false,Rx,1,4,00,48,00,12,00,00,00,00,
59601360,00000118,false,Rx,1,4,00,49,00,12,00,00,00,00,
59611128,00000118,false,Rx,1,4,00,4A,00,12,00,00,00,00,
59621365,00000118,false,Rx,1,4,00,4B,00,12,00,00,00,00,
59631126,00000118,false,Rx,1,4,00,4C,00,12,00,00,00,00,
59641359,00000118,false,Rx,1,4,00,4D,00,12,00,00,00,00,
59651125,00000118,false,Rx,1,4,00,4E,00,12,00,00,00,00,
59661368,00000118,false,Rx,1,4,00,4F,00,12,00,00,00,00,
59671119,00000118,false,Rx,1,4,00,40,00,12,00,00,00,00,
59681364,00000118,false,Rx,1,4,00,41,00,12,00,00,00,00,
59691117,00000118,false,Rx,1,4,00,42,00,12,00,00,00,00,
59701365,00000118,false,Rx,1,4,00,43,00,12,00,00,00,00,
59711117,00000118,false,Rx,1,4,00,44,00,12,00,00,00,00,
59721383,00000118,false,Rx,1,4,00,45,00,12,00,00,00,00,
59731137,00000118,false,Rx,1,4,00,46,00,12,00,00,00,00,
59741257,00000118,false,Rx,1,4,00,47,00,12,00,00,00,00,
59751622,00000118,false,Rx,1,4,00,48,00,12,00,00,00,00,
59761379,00000118,false,Rx,1,4,00,49,00,12,00,00,00,00,
59776668,00000118,false,Rx,1,4,00,4A,00,12,00,00,00,00,
59781248,00000118,false,Rx,1,4,00,4B,00,12,00,00,00,00,
59791033,00000118,false,Rx,1,4,00,4C,00,12,00,00,00,00,
59801217,00000118,false,Rx,1,4,00,4D,00,12,00,00,00,00,
59810883,00000118,false,Rx,1,4,00,4E,00,12,00,00,00,00,
59821209,00000118,false,Rx,1,4,00,4F,00,12,00,00,00,00,
59830871,00000118,false,Rx,1,4,00,40,00,12,00,00,00,00,
59841196,00000118,false,Rx,1,4,00,41,00,12,00,00,00,00,
59850846,00000118,false,Rx,1,4,00,42,00,12,00,00,00,00,
59859155,0000070F,false,Rx,0,8,03,22,2B,E4,55,55,55,55,
59861225,00000118,false,Rx,1,4,00,43,00,12,00,00,00,00,
59870828,00000118,false,Rx,1,4,00,44,00,12,00,00,00,00,
59872196,00000779,false,Rx,1,8,05,62,2B,E4,E1,61,AA,AA,
59881199,00000118,false,Rx,1,4,00,45,00,12,00,00,00,00,
59890949,00000118,false,Rx,1,4,00,46,00,12,00,00,00,00,
59901160,00000118,false,Rx,1,4,00,47,00,12,00,00,00,00,
59910826,00000118,false,Rx,1,4,00,48,00,12,00,00,00,00,
59921148,00000118,false,Rx,1,4,00,49,00,12,00,00,00,00,
59930819,00000118,false,Rx,1,4,00,4A,00,12,00,00,00,00,
59941137,00000118,false,Rx,1,4,00,4B,00,12,00,00,00,00,
59950787,00000118,false,Rx,1,4,00,4C,00,12,00,00,00,00,
59961143,00000118,false,Rx,1,4,00,4D,00,12,00,00,00,00,
59970775,00000118,false,Rx,1,4,00,4E,00,12,00,00,00,00,
59981136,00000118,false,Rx,1,4,00,4F,00,12,00,00,00,00,
59981432,17F0000F,true,Rx,1,8,00,0F,00,00,00,00,00,00,
59990894,00000118,false,Rx,1,4,00,40,00,12,00,00,00,00,
60001107,00000118,false,Rx,1,4,00,41,00,12,00,00,00,00,
60010770,00000118,false,Rx,1,4,00,42,00,12,00,00,00,00,
60021095,00000118,false,Rx,1,4,00,43,00,12,00,00,00,00,
60030763,00000118,false,Rx,1,4,00,44,00,12,00,00,00,00,
60041081,00000118,false,Rx,1,4,00,45,00,12,00,00,00,00,
60050730,00000118,false,Rx,1,4,00,46,00,12,00,00,00,00,
60061089,00000118,false,Rx,1,4,00,47,00,12,00,00,00,00,
60070717,00000118,false,Rx,1,4,00,48,00,12,00,00,00,00,
60081060,00000118,false,Rx,1,4,00,49,00,12,00,00,00,00,
60090836,00000118,false,Rx,1,4,00,4A,00,12,00,00,00,00,
60101049,00000118,false,Rx,1,4,00,4B,00,12,00,00,00,00,
60110715,00000118,false,Rx,1,4,00,4C,00,12,00,00,00,00,
60121037,00000118,false,Rx,1,4,00,4D,00,12,00,00,00,00,
60130704,00000118,false,Rx,1,4,00,4E,00,12,00,00,00,00,
60141028,00000118,false,Rx,1,4,00,4F,00,12,00,00,00,00,
60150674,00000118,false,Rx,1,4,00,40,00,12,00,00,00,00,
60161035,00000118,false,Rx,1,4,00,41,00,12,00,00,00,00,
60168717,0000070F,false,Rx,0,8,03,22,02,8D,55,55,55,55,
60170685,00000118,false,Rx,1,4,00,42,00,12,00,00,00,00,
60181005,00000118,false,Rx,1,4,00,43,00,12,00,00,00,00,
60183218,00000779,false,Rx,1,8,05,62,02,8D,5E,00,AA,AA,
60190786,00000118,false,Rx,1,4,00,44,00,12,00,00,00,00,
60200992,00000118,false,Rx,1,4,00,45,00,12,00,00,00,00,
60210659,00000118,false,Rx,1,4,00,46,00,12,00,00,00,00,
60220981,00000118,false,Rx,1,4,00,47,00,12,00,00,00,00,
60230646,00000118,false,Rx,1,4,00,48,00,12,00,00,00,00,
60240970,00000118,false,Rx,1,4,00,49,00,12,00,00,00,00,
60251110,00000118,false,Rx,1,4,00,4A,00,12,00,00,00,00,
60265660,00000118,false,Rx,1,4,00,4B,00,12,00,00,00,00,
60270730,00000118,false,Rx,1,4,00,4C,00,12,00,00,00,00,
60280876,00000118,false,Rx,1,4,00,4D,00,12,00,00,00,00,
60291049,00000118,false,Rx,1,4,00,4E,00,12,00,00,00,00,
60300956,00000118,false,Rx,1,4,00,4F,00,12,00,00,00,00,
60310713,00000118,false,Rx,1,4,00,40,00,12,00,00,00,00,
60320857,00000118,false,Rx,1,4,00,41,00,12,00,00,00,00,
60330686,00000118,false,Rx,1,4,00,42,00,12,00,00,00,00,
60340808,00000118,false,Rx,1,4,00,43,00,12,00,00,00,00,
60350685,00000118,false,Rx,1,4,00,44,00,12,00,00,00,00,
60360793,00000118,false,Rx,1,4,00,45,00,12,00,00,00,00,
60370659,00000118,false,Rx,1,4,00,46,00,12,00,00,00,00,
60380801,00000118,false,Rx,1,4,00,47,00,12,00,00,00,00,
60390806,00000118,false,Rx,1,4,00,48,00,12,00,00,00,00,
60400898,00000118,false,Rx,1,4,00,49,00,12,00,00,00,00,
60410636,00000118,false,Rx,1,4,00,4A,00,12,00,00,00,00,
60420779,00000118,false,Rx,1,4,00,4B,00,12,00,00,00,00,
60430633,00000118,false,Rx,1,4,00,4C,00,12,00,00,00,00,
60440751,00000118,false,Rx,1,4,00,4D,00,12,00,00,00,00,
60450631,00000118,false,Rx,1,4,00,4E,00,12,00,00,00,00,
60460739,00000118,false,Rx,1,4,00,4F,00,12,00,00,00,00,
60470602,00000118,false,Rx,1,4,00,40,00,12,00,00,00,00,
60477216,0000070F,false,Rx,0,8,03,22,2B,F1,55,55,55,55,
60480768,00000118,false,Rx,1,4,00,41,00,12,00,00,00,00,
60481065,17F0000F,true,Rx,1,8,00,0F,00,00,00,00,00,00,
60491075,00000118,false,Rx,1,4,00,42,00,12,00,00,00,00,
60492273,00000779,false,Rx,1,8,05,62,2B,F1,17,68,AA,AA,
60501233,00000118,false,Rx,1,4,00,43,00,12,00,00,00,00,
60510978,00000118,false,Rx,1,4,00,44,00,12,00,00,00,00,
60521122,00000118,false,Rx,1,4,00,45,00,12,00,00,00,00,
60530969,00000118,false,Rx,1,4,00,46,00,12,00,00,00,00,
60541100,00000118,false,Rx,1,4,00,47,00,12,00,00,00,00,
60550972,00000118,false,Rx,1,4,00,48,00,12,00,00,00,00,
60561082,00000118,false,Rx,1,4,00,49,00,12,00,00,00,00,
60570964,00000118,false,Rx,1,4,00,4A,00,12,00,00,00,00,
60581070,00000118,false,Rx,1,4,00,4B,00,12,00,00,00,00,
60591050,00000118,false,Rx,1,4,00,4C,00,12,00,00,00,00,
60601165,00000118,false,Rx,1,4,00,4D,00,12,00,00,00,00,
60610942,00000118,false,Rx,1,4,00,4E,00,12,00,00,00,00,
60621068,00000118,false,Rx,1,4,00,4F,00,12,00,00,00,00,
60630912,00000118,false,Rx,1,4,00,40,00,12,00,00,00,00,
60641038,00000118,false,Rx,1,4,00,41,00,12,00,00,00,00,
60650938,00000118,false,Rx,1,4,00,42,00,12,00,00,00,00,
60661027,00000118,false,Rx,1,4,00,43,00,12,00,00,00,00,
60670906,00000118,false,Rx,1,4,00,44,00,12,00,00,00,00,
60681014,00000118,false,Rx,1,4,00,45,00,12,00,00,00,00,
60691060,00000118,false,Rx,1,4,00,46,00,12,00,00,00,00,
60701109,00000118,false,Rx,1,4,00,47,00,12,00,00,00,00,
60710864,00000118,false,Rx,1,4,00,48,00,12,00,00,00,00,
60721008,00000118,false,Rx,1,4,00,49,00,12,00,00,00,00,
60730855,00000118,false,Rx,1,4,00,4A,00,12,00,00,00,00,
60740986,00000118,false,Rx,1,4,00,4B,00,12,00,00,00,00,
60750886,00000118,false,Rx,1,4,00,4C,00,12,00,00,00,00,
60764497,00000118,false,Rx,1,4,00,4D,00,12,00,00,00,00,
60771513,00000118,false,Rx,1,4,00,4E,00,12,00,00,00,00,
60780986,00000118,false,Rx,1,4,00,4F,00,12,00,00,00,00,
60791055,00000118,false,Rx,1,4,00,40,00,12,00,00,00,00,
60796059,0000070F,false,Rx,0,8,03,22,2B,E4,55,55,55,55,
60801096,00000118,false,Rx,1,4,00,41,00,12,00,00,00,00,
60810810,00000118,false,Rx,1,4,00,42,00,12,00,00,00,00,
60812066,00000779,false,Rx,1,8,05,62,2B,E4,E1,61,AA,AA,
60820964,00000118,false,Rx,1,4,00,43,00,12,00,00,00,00,
60830797,00000118,false,Rx,1,4,00,44,00,12,00,00,00,00,
60840957,00000118,false,Rx,1,4,00,45,00,12,00,00,00,00,
60850812,00000118,false,Rx,1,4,00,46,00,12,00,00,00,00,
60860912,00000118,false,Rx,1,4,00,47,00,12,00,00,00,00,
60870773,00000118,false,Rx,1,4,00,48,00,12,00,00,00,00,
60880939,00000118,false,Rx,1,4,00,49,00,12,00,00,00,00,
60890806,00000118,false,Rx,1,4,00,4A,00,12,00,00,00,00,
60901014,00000118,false,Rx,1,4,00,4B,00,12,00,00,00,00,
60910754,00000118,false,Rx,1,4,00,4C,00,12,00,00,00,00,
60920897,00000118,false,Rx,1,4,00,4D,00,12,00,00,00,00,
60930741,00000118,false,Rx,1,4,00,4E,00,12,00,00,00,00,
60940870,00000118,false,Rx,1,4,00,4F,00,12,00,00,00,00,
60950754,00000118,false,Rx,1,4,00,40,00,12,00,00,00,00,
60960856,00000118,false,Rx,1,4,00,41,00,12,00,00,00,00,
60970719,00000118,false,Rx,1,4,00,42,00,12,00,00,00,00,
60980864,00000118,false,Rx,1,4,00,43,00,12,00,00,00,00,
60981160,17F0000F,true,Rx,1,8,00,0F,00,00,00,00,00,00,
60990825,00000118,false,Rx,1,4,00,44,00,12,00,00,00,00,
61000962,00000118,false,Rx,1,4,00,45,00,12,00,00,00,00,
61010696,00000118,false,Rx,1,4,00,46,00,12,00,00,00,00,
61020838,00000118,false,Rx,1,4,00,47,00,12,00,00,00,00,
61030683,00000118,false,Rx,1,4,00,48,00,12,00,00,00,00,
61040809,00000118,false,Rx,1,4,00,49,00,12,00,00,00,00,
61050701,00000118,false,Rx,1,4,00,4A,00,12,00,00,00,00,
61060798,00000118,false,Rx,1,4,00,4B,00,12,00,00,00,00,
61070663,00000118,false,Rx,1,4,00,4C,00,12,00,00,00,00,
61080805,00000118,false,Rx,1,4,00,4D,00,12,00,00,00,00,
61090806,00000118,false,Rx,1,4,00,4E,00,12,00,00,00,00,
61100904,00000118,false,Rx,1,4,00,4F,00,12,00,00,00,00,
61110333,0000070F,false,Rx,0,8,03,22,02,8D,55,55,55,55,
61110755,00000118,false,Rx,1,4,00,40,00,12,00,00,00,00,
61120807,00000118,false,Rx,1,4,00,41,00,12,00,00,00,00,
61130628,00000118,false,Rx,1,4,00,42,00,12,00,00,00,00,
61131884,00000779,false,Rx,1,8,05,62,02,8D,5E,00,AA,AA,
61140764,00000118,false,Rx,1,4,00,43,00,12,00,00,00,00,
61150634,00000118,false,Rx,1,4,00,44,00,12,00,00,00,00,
61160741,00000118,false,Rx,1,4,00,45,00,12,00,00,00,00,
61170606,00000118,false,Rx,1,4,00,46,00,12,00,00,00,00,
61180748,00000118,false,Rx,1,4,00,47,00,12,00,00,00,00,
61190811,00000118,false,Rx,1,4,00,48,00,12,00,00,00,00,
61200843,00000118,false,Rx,1,4,00,49,00,12,00,00,00,00,
61210584,00000118,false,Rx,1,4,00,4A,00,12,00,00,00,00,
61220726,00000118,false,Rx,1,4,00,4B,00,12,00,00,00,00,
61230571,00000118,false,Rx,1,4,00,4C,00,12,00,00,00,00,
61240701,00000118,false,Rx,1,4,00,4D,00,12,00,00,00,00,
61250603,00000118,false,Rx,1,4,00,4E,00,12,00,00,00,00,
61264569,00000118,false,Rx,1,4,00,4F,00,12,00,00,00,00,
61270612,00000118,false,Rx,1,4,00,40,00,12,00,00,00,00,
61280713,00000118,false,Rx,1,4,00,41,00,12,00,00,00,00,
61290810,00000118,false,Rx,1,4,00,42,00,12,00,00,00,00,
61300789,00000118,false,Rx,1,4,00,43,00,12,00,00,00,00,
61310523,00000118,false,Rx,1,4,00,44,00,12,00,00,00,00,
61320668,00000118,false,Rx,1,4,00,45,00,12,00,00,00,00,
61330515,00000118,false,Rx,1,4,00,46,00,12,00,00,00,00,
61340639,00000118,false,Rx,1,4,00,47,00,12,00,00,00,00,
61350518,00000118,false,Rx,1,4,00,48,00,12,00,00,00,00,
61360635,00000118,false,Rx,1,4,00,49,00,12,00,00,00,00,
61370568,00000118,false,Rx,1,4,00,4A,00,12,00,00,00,00,
61380635,00000118,false,Rx,1,4,00,4B,00,12,00,00,00,00,
61390557,00000118,false,Rx,1,4,00,4C,00,12,00,00,00,00,
61400731,00000118,false,Rx,1,4,00,4D,00,12,00,00,00,00,
61410470,00000118,false,Rx,1,4,00,4E,00,12,00,00,00,00,
61420614,00000118,false,Rx,1,4,00,4F,00,12,00,00,00,00,
61428650,0000070F,false,Rx,0,8,03,22,2B,F1,55,55,55,55,
61430545,00000118,false,Rx,1,4,00,40,00,12,00,00,00,00,
61440626,00000118,false,Rx,1,4,00,41,00,12,00,00,00,00,
61450465,00000118,false,Rx,1,4,00,42,00,12,00,00,00,00,
61451719,00000779,false,Rx,1,8,05,62,2B,F1,49,68,AA,AA,
61460588,00000118,false,Rx,1,4,00,43,00,12,00,00,00,00,
61470562,00000118,false,Rx,1,4,00,44,00,12,00,00,00,00,
61480596,00000118,false,Rx,1,4,00,45,00,12,00,00,00,00,
61480893,17F0000F,true,Rx,1,8,00,0F,00,00,00,00,00,00,
61490579,00000118,false,Rx,1,4,00,46,00,12,00,00,00,00,
61500691,00000118,false,Rx,1,4,00,47,00,12,00,00,00,00,
61510392,00000118,false,Rx,1,4,00,48,00,12,00,00,00,00,
61520573,00000118,false,Rx,1,4,00,49,00,12,00,00,00,00,
61530383,00000118,false,Rx,1,4,00,4A,00,12,00,00,00,00,
61540544,00000118,false,Rx,1,4,00,4B,00,12,00,00,00,00,
61550807,00000118,false,Rx,1,4,00,4C,00,12,00,00,00,00,
61560936,00000118,false,Rx,1,4,00,4D,00,12,00,00,00,00,
61570780,00000118,false,Rx,1,4,00,4E,00,12,00,00,00,00,
61580941,00000118,false,Rx,1,4,00,4F,00,12,00,00,00,00,
61590803,00000118,false,Rx,1,4,00,40,00,12,00,00,00,00,
61601019,00000118,false,Rx,1,4,00,41,00,12,00,00,00,00,
61610755,00000118,false,Rx,1,4,00,42,00,12,00,00,00,00,
61620900,00000118,false,Rx,1,4,00,43,00,12,00,00,00,00,
61630741,00000118,false,Rx,1,4,00,44,00,12,00,00,00,00,
61640869,00000118,false,Rx,1,4,00,45,00,12,00,00,00,00,
61650751,00000118,false,Rx,1,4,00,46,00,12,00,00,00,00,
61660857,00000118,false,Rx,1,4,00,47,00,12,00,00,00,00,
61670721,00000118,false,Rx,1,4,00,48,00,12,00,00,00,00,
61680863,00000118,false,Rx,1,4,00,49,00,12,00,00,00,00,
61690808,00000118,false,Rx,1,4,00,4A,00,12,00,00,00,00,
61700961,00000118,false,Rx,1,4,00,4B,00,12,00,00,00,00,
61710699,00000118,false,Rx,1,4,00,4C,00,12,00,00,00,00,
61720841,00000118,false,Rx,1,4,00,4D,00,12,00,00,00,00,
61730685,00000118,false,Rx,1,4,00,4E,00,12,00,00,00,00,
61740821,00000118,false,Rx,1,4,00,4F,00,12,00,00,00,00,
61747317,0000070F,false,Rx,0,8,03,22,2B,E4,55,55,55,55,
61750611,00000118,false,Rx,1,4,00,40,00,12,00,00,00,00,
61760674,00000118,false,Rx,1,4,00,41,00,12,00,00,00,00,
61763029,00000779,false,Rx,1,8,05,62,2B,E4,45,62,AA,AA,
61770839,00000118,false,Rx,1,4,00,42,00,12,00,00,00,00,
61780790,00000118,false,Rx,1,4,00,43,00,12,00,00,00,00,
61790765,00000118,false,Rx,1,4,00,44,00,12,00,00,00,00,
61800794,00000118,false,Rx,1,4,00,45,00,12,00,00,00,00,
61810640,00000118,false,Rx,1,4,00,46,00,12,00,00,00,00,
61820784,00000118,false,Rx,1,4,00,47,00,12,00,00,00,00,
61830627,00000118,false,Rx,1,4,00,48,00,12,00,00,00,00,
61840753,00000118,false,Rx,1,4,00,49,00,12,00,00,00,00,
61850635,00000118,false,Rx,1,4,00,4A,00,12,00,00,00,00,
61860742,00000118,false,Rx,1,4,00,4B,00,12,00,00,00,00,
61870628,00000118,false,Rx,1,4,00,4C,00,12,00,00,00,00,
61880730,00000118,false,Rx,1,4,00,4D,00,12,00,00,00,00,
61890702,00000118,false,Rx,1,4,00,4E,00,12,00,00,00,00,
61900753,00000118,false,Rx,1,4,00,4F,00,12,00,00,00,00,
61910583,00000118,false,Rx,1,4,00,40,00,12,00,00,00,00,
61920728,00000118,false,Rx,1,4,00,41,00,12,00,00,00,00,
61930580,00000118,false,Rx,1,4,00,42,00,12,00,00,00,00,
61940698,00000118,false,Rx,1,4,00,43,00,12,00,00,00,00,
61950576,00000118,false,Rx,1,4,00,44,00,12,00,00,00,00,
61960684,00000118,false,Rx,1,4,00,45,00,12,00,00,00,00,
61970568,00000118,false,Rx,1,4,00,46,00,12,00,00,00,00,
61980673,00000118,false,Rx,1,4,00,47,00,12,00,00,00,00,
61980981,17F0000F,true,Rx,1,8,00,0F,00,00,00,00,00,00,
61990691,00000118,false,Rx,1,4,00,48,00,12,00,00,00,00,
62000681,00000118,false,Rx,1,4,00,49,00,12,00,00,00,00,
62010526,00000118,false,Rx,1,4,00,4A,00,12,00,00,00,00,
62020668,00000118,false,Rx,1,4,00,4B,00,12,00,00,00,00,
62030515,00000118,false,Rx,1,4,00,4C,00,12,00,00,00,00,
62040640,00000118,false,Rx,1,4,00,4D,00,12,00,00,00,00,
62050522,00000118,false,Rx,1,4,00,4E,00,12,00,00,00,00,
62060630,00000118,false,Rx,1,4,00,4F,00,12,00,00,00,00,
62065570,0000070F,false,Rx,0,8,03,22,02,8D,55,55,55,55,
62070548,00000118,false,Rx,1,4,00,40,00,12,00,00,00,00,
62080619,00000118,false,Rx,1,4,00,41,00,12,00,00,00,00,
62082944,00000779,false,Rx,1,8,05,62,02,8D,5F,00,AA,AA,
62090599,00000118,false,Rx,1,4,00,42,00,12,00,00,00,00,
62100624,00000118,false,Rx,1,4,00,43,00,12,00,00,00,00,
62110467,00000118,false,Rx,1,4,00,44,00,12,00,00,00,00,
62120611,00000118,false,Rx,1,4,00,45,00,12,00,00,00,00,
62130457,00000118,false,Rx,1,4,00,46,00,12,00,00,00,00,
62140581,00000118,false,Rx,1,4,00,47,00,12,00,00,00,00,
62150461,00000118,false,Rx,1,4,00,48,00,12,00,00,00,00,
62160570,00000118,false,Rx,1,4,00,49,00,12,00,00,00,00,
62170452,00000118,false,Rx,1,4,00,4A,00,12,00,00,00,00,
62180558,00000118,false,Rx,1,4,00,4B,00,12,00,00,00,00,
62190533,00000118,false,Rx,1,4,00,4C,00,12,00,00,00,00,
62200566,00000118,false,Rx,1,4,00,4D,00,12,00,00,00,00,
62210411,00000118,false,Rx,1,4,00,4E,00,12,00,00,00,00,
62220555,00000118,false,Rx,1,4,00,4F,00,12,00,00,00,00,
62230401,00000118,false,Rx,1,4,00,40,00,12,00,00,00,00,
62240531,00000118,false,Rx,1,4,00,41,00,12,00,00,00,00,
62250459,00000118,false,Rx,1,4,00,42,00,12,00,00,00,00,
62264633,00000118,false,Rx,1,4,00,43,00,12,00,00,00,00,
62270534,00000118,false,Rx,1,4,00,44,00,12,00,00,00,00,
62280513,00000118,false,Rx,1,4,00,45,00,12,00,00,00,00,
62290598,00000118,false,Rx,1,4,00,46,00,12,00,00,00,00,
62300507,00000118,false,Rx,1,4,00,47,00,12,00,00,00,00,
62310351,00000118,false,Rx,1,4,00,48,00,12,00,00,00,00,
62320496,00000118,false,Rx,1,4,00,49,00,12,00,00,00,00,
62330341,00000118,false,Rx,1,4,00,4A,00,12,00,00,00,00,
62340467,00000118,false,Rx,1,4,00,4B,00,12,00,00,00,00,
62350391,00000118,false,Rx,1,4,00,4C,00,12,00,00,00,00,
62360478,00000118,false,Rx,1,4,00,4D,00,12,00,00,00,00,
62370337,00000118,false,Rx,1,4,00,4E,00,12,00,00,00,00,
62380455,00000118,false,Rx,1,4,00,4F,00,12,00,00,00,00,
62390398,00000118,false,Rx,1,4,00,40,00,12,00,00,00,00,
62390872,0000070F,false,Rx,0,8,03,22,2B,F1,55,55,55,55,
62400491,00000118,false,Rx,1,4,00,41,00,12,00,00,00,00,
62410386,00000118,false,Rx,1,4,00,42,00,12,00,00,00,00,
62411550,00000779,false,Rx,1,8,05,62,2B,F1,71,68,AA,AA,
62420451,00000118,false,Rx,1,4,00,43,00,12,00,00,00,00,
62430283,00000118,false,Rx,1,4,00,44,00,12,00,00,00,00,
62440409,00000118,false,Rx,1,4,00,45,00,12,00,00,00,00,
62450291,00000118,false,Rx,1,4,00,46,00,12,00,00,00,00,
62460399,00000118,false,Rx,1,4,00,47,00,12,00,00,00,00,
62470278,00000118,false,Rx,1,4,00,48,00,12,00,00,00,00,
62480393,00000118,false,Rx,1,4,00,49,00,12,00,00,00,00,
62480683,17F0000F,true,Rx,1,8,00,0F,00,00,00,00,00,00,
62490350,00000118,false,Rx,1,4,00,4A,00,12,00,00,00,00,
62500417,00000118,false,Rx,1,4,00,4B,00,12,00,00,00,00,
62510238,00000118,false,Rx,1,4,00,4C,00,12,00,00,00,00,
62520380,00000118,false,Rx,1,4,00,4D,00,12,00,00,00,00,
62530227,00000118,false,Rx,1,4,00,4E,00,12,00,00,00,00,
62540353,00000118,false,Rx,1,4,00,4F,00,12,00,00,00,00,
62550233,00000118,false,Rx,1,4,00,40,00,12,00,00,00,00,
62560342,00000118,false,Rx,1,4,00,41,00,12,00,00,00,00,
62570222,00000118,false,Rx,1,4,00,42,00,12,00,00,00,00,
62580331,00000118,false,Rx,1,4,00,43,00,12,00,00,00,00,
62590308,00000118,false,Rx,1,4,00,44,00,12,00,00,00,00,
62600370,00000118,false,Rx,1,4,00,45,00,12,00,00,00,00,
62610580,00000118,false,Rx,1,4,00,46,00,12,00,00,00,00,
62620722,00000118,false,Rx,1,4,00,47,00,12,00,00,00,00,
62630568,00000118,false,Rx,1,4,00,48,00,12,00,00,00,00,
62640694,00000118,false,Rx,1,4,00,49,00,12,00,00,00,00,
62650577,00000118,false,Rx,1,4,00,4A,00,12,00,00,00,00,
62660683,00000118,false,Rx,1,4,00,4B,00,12,00,00,00,00,
62670565,00000118,false,Rx,1,4,00,4C,00,12,00,00,00,00,
62680671,00000118,false,Rx,1,4,00,4D,00,12,00,00,00,00,
62690644,00000118,false,Rx,1,4,00,4E,00,12,00,00,00,00,
62700678,00000118,false,Rx,1,4,00,4F,00,12,00,00,00,00,
62710524,00000118,false,Rx,1,4,00,40,00,12,00,00,00,00,
62719433,0000070F,false,Rx,0,8,03,22,2B,E4,55,55,55,55,
62720689,00000118,false,Rx,1,4,00,41,00,12,00,00,00,00,
62730511,00000118,false,Rx,1,4,00,42,00,12,00,00,00,00,
62731765,00000779,false,Rx,1,8,05,62,2B,E4,45,62,AA,AA,
62740653,00000118,false,Rx,1,4,00,43,00,12,00,00,00,00,
62751221,00000118,false,Rx,1,4,00,44,00,12,00,00,00,00,
62765778,00000118,false,Rx,1,4,00,45,00,12,00,00,00,00,
62770524,00000118,false,Rx,1,4,00,46,00,12,00,00,00,00,
62780638,00000118,false,Rx,1,4,00,47,00,12,00,00,00,00,
62790602,00000118,false,Rx,1,4,00,48,00,12,00,00,00,00,
62800708,00000118,false,Rx,1,4,00,49,00,12,00,00,00,00,
62810466,00000118,false,Rx,1,4,00,4A,00,12,00,00,00,00,
62820608,00000118,false,Rx,1,4,00,4B,00,12,00,00,00,00,
62830454,00000118,false,Rx,1,4,00,4C,00,12,00,00,00,00,
62840580,00000118,false,Rx,1,4,00,4D,00,12,00,00,00,00,
62850460,00000118,false,Rx,1,4,00,4E,00,12,00,00,00,00,
62860570,00000118,false,Rx,1,4,00,4F,00,12,00,00,00,00,
62870448,00000118,false,Rx,1,4,00,40,00,12,00,00,00,00,
62880557,00000118,false,Rx,1,4,00,41,00,12,00,00,00,00,
62890565,00000118,false,Rx,1,4,00,42,00,12,00,00,00,00,
62900653,00000118,false,Rx,1,4,00,43,00,12,00,00,00,00,
62910405,00000118,false,Rx,1,4,00,44,00,12,00,00,00,00,
62920550,00000118,false,Rx,1,4,00,45,00,12,00,00,00,00,
62930396,00000118,false,Rx,1,4,00,46,00,12,00,00,00,00,
62940522,00000118,false,Rx,1,4,00,47,00,12,00,00,00,00,
62950400,00000118,false,Rx,1,4,00,48,00,12,00,00,00,00,
62960509,00000118,false,Rx,1,4,00,49,00,12,00,00,00,00,
62970390,00000118,false,Rx,1,4,00,4A,00,12,00,00,00,00,
62980497,00000118,false,Rx,1,4,00,4B,00,12,00,00,00,00,
62980793,17F0000F,true,Rx,1,8,00,0F,00,00,00,00,00,00,
62990586,00000118,false,Rx,1,4,00,4C,00,12,00,00,00,00,
63000604,00000118,false,Rx,1,4,00,4D,00,12,00,00,00,00,
63010349,00000118,false,Rx,1,4,00,4E,00,12,00,00,00,00,
63020493,00000118,false,Rx,1,4,00,4F,00,12,00,00,00,00,
63030338,00000118,false,Rx,1,4,00,40,00,12,00,00,00,00,
63037169,0000070F,false,Rx,0,8,03,22,02,8D,55,55,55,55,
63040488,00000118,false,Rx,1,4,00,41,00,12,00,00,00,00,
63050344,00000118,false,Rx,1,4,00,42,00,12,00,00,00,00,
63051601,00000779,false,Rx,1,8,05,62,02,8D,60,00,AA,AA,
63060463,00000118,false,Rx,1,4,00,43,00,12,00,00,00,00,
63070332,00000118,false,Rx,1,4,00,44,00,12,00,00,00,00,
63080439,00000118,false,Rx,1,4,00,45,00,12,00,00,00,00,
63090336,00000118,false,Rx,1,4,00,46,00,12,00,00,00,00,
63100541,00000118,false,Rx,1,4,00,47,00,12,00,00,00,00,
63110289,00000118,false,Rx,1,4,00,48,00,12,00,00,00,00,
63120434,00000118,false,Rx,1,4,00,49,00,12,00,00,00,00,
63130280,00000118,false,Rx,1,4,00,4A,00,12,00,00,00,00,
63140405,00000118,false,Rx,1,4,00,4B,00,12,00,00,00,00,
63150286,00000118,false,Rx,1,4,00,4C,00,12,00,00,00,00,
63160393,00000118,false,Rx,1,4,00,4D,00,12,00,00,00,00,
63170275,00000118,false,Rx,1,4,00,4E,00,12,00,00,00,00,
63180383,00000118,false,Rx,1,4,00,4F,00,12,00,00,00,00,
63190321,00000118,false,Rx,1,4,00,40,00,12,00,00,00,00,
63200483,00000118,false,Rx,1,4,00,41,00,12,00,00,00,00,
63210233,00000118,false,Rx,1,4,00,42,00,12,00,00,00,00,
63220378,00000118,false,Rx,1,4,00,43,00,12,00,00,00,00,
63230220,00000118,false,Rx,1,4,00,44,00,12,00,00,00,00,
63240354,00000118,false,Rx,1,4,00,45,00,12,00,00,00,00,
63250236,00000118,false,Rx,1,4,00,46,00,12,00,00,00,00,
63262725,00000118,false,Rx,1,4,00,47,00,12,00,00,00,00,
63270229,00000118,false,Rx,1,4,00,48,00,12,00,00,00,00,
63280346,00000118,false,Rx,1,4,00,49,00,12,00,00,00,00,
63290418,00000118,false,Rx,1,4,00,4A,00,12,00,00,00,00,
63300349,00000118,false,Rx,1,4,00,4B,00,12,00,00,00,00,
63310175,00000118,false,Rx,1,4,00,4C,00,12,00,00,00,00,
63320318,00000118,false,Rx,1,4,00,4D,00,12,00,00,00,00,
63330167,00000118,false,Rx,1,4,00,4E,00,12,00,00,00,00,
63340291,00000118,false,Rx,1,4,00,4F,00,12,00,00,00,00,
63350171,00000118,false,Rx,1,4,00,40,00,12,00,00,00,00,
63354994,0000070F,false,Rx,0,8,03,22,2B,F1,55,55,55,55,
63360302,00000118,false,Rx,1,4,00,41,00,12,00,00,00,00,
63370158,00000118,false,Rx,1,4,00,42,00,12,00,00,00,00,
63371412,00000779,false,Rx,1,8,05,62,2B,F1,D5,68,AA,AA,
63380278,00000118,false,Rx,1,4,00,43,00,12,00,00,00,00,
63390218,00000118,false,Rx,1,4,00,44,00,12,00,00,00,00,
63400292,00000118,false,Rx,1,4,00,45,00,12,00,00,00,00,
63410119,00000118,false,Rx,1,4,00,46,00,12,00,00,00,00,
63420259,00000118,false,Rx,1,4,00,47,00,12,00,00,00,00,
63430103,00000118,false,Rx,1,4,00,48,00,12,00,00,00,00,
63440230,00000118,false,Rx,1,4,00,49,00,12,00,00,00,00,
63450113,00000118,false,Rx,1,4,00,4A,00,12,00,00,00,00,
63460218,00000118,false,Rx,1,4,00,4B,00,12,00,00,00,00,
63470100,00000118,false,Rx,1,4,00,4C,00,12,00,00,00,00,
63480207,00000118,false,Rx,1,4,00,4D,00,12,00,00,00,00,
63480504,17F0000F,true,Rx,1,8,00,0F,00,00,00,00,00,00,
63490174,00000118,false,Rx,1,4,00,4E,00,12,00,00,00,00,
63500247,00000118,false,Rx,1,4,00,4F,00,12,00,00,00,00,
63510061,00000118,false,Rx,1,4,00,40,00,12,00,00,00,00,
63520204,00000118,false,Rx,1,4,00,41,00,12,00,00,00,00,
63530048,00000118,false,Rx,1,4,00,42,00,12,00,00,00,00,
63540175,00000118,false,Rx,1,4,00,43,00,12,00,00,00,00,
63550053,00000118,false,Rx,1,4,00,44,00,12,00,00,00,00,
63560160,00000118,false,Rx,1,4,00,45,00,12,00,00,00,00,
63570043,00000118,false,Rx,1,4,00,46,00,12,00,00,00,00,
63580150,00000118,false,Rx,1,4,00,47,00,12,00,00,00,00,
63590100,00000118,false,Rx,1,4,00,48,00,12,00,00,00,00,
63600172,00000118,false,Rx,1,4,00,49,00,12,00,00,00,00,
63610004,00000118,false,Rx,1,4,00,4A,00,12,00,00,00,00,
63620145,00000118,false,Rx,1,4,00,4B,00,12,00,00,00,00,
63629992,00000118,false,Rx,1,4,00,4C,00,12,00,00,00,00,
63640114,00000118,false,Rx,1,4,00,4D,00,12,00,00,00,00,
63649996,00000118,false,Rx,1,4,00,4E,00,12,00,00,00,00,
63660105,00000118,false,Rx,1,4,00,4F,00,12,00,00,00,00,
63665024,0000070F,false,Rx,0,8,03,22,2B,E4,55,55,55,55,
63670007,00000118,false,Rx,1,4,00,40,00,12,00,00,00,00,
63680093,00000118,false,Rx,1,4,00,41,00,12,00,00,00,00,
63682304,00000779,false,Rx,1,8,05,62,2B,E4,45,62,AA,AA,
63690038,00000118,false,Rx,1,4,00,42,00,12,00,00,00,00,
63700134,00000118,false,Rx,1,4,00,43,00,12,00,00,00,00,
63710344,00000118,false,Rx,1,4,00,44,00,12,00,00,00,00,
63720486,00000118,false,Rx,1,4,00,45,00,12,00,00,00,00,
63730331,00000118,false,Rx,1,4,00,46,00,12,00,00,00,00,
63740463,00000118,false,Rx,1,4,00,47,00,12,00,00,00,00,
63750368,00000118,false,Rx,1,4,00,48,00,12,00,00,00,00,
63763076,00000118,false,Rx,1,4,00,49,00,12,00,00,00,00,
63770368,00000118,false,Rx,1,4,00,4A,00,12,00,00,00,00,
63780439,00000118,false,Rx,1,4,00,4B,00,12,00,00,00,00,
63790411,00000118,false,Rx,1,4,00,4C,00,12,00,00,00,00,
63800439,00000118,false,Rx,1,4,00,4D,00,12,00,00,00,00,
63810297,00000118,false,Rx,1,4,00,4E,00,12,00,00,00,00,
63820430,00000118,false,Rx,1,4,00,4F,00,12,00,00,00,00,
63830273,00000118,false,Rx,1,4,00,40,00,12,00,00,00,00,
63840401,00000118,false,Rx,1,4,00,41,00,12,00,00,00,00,
63850281,00000118,false,Rx,1,4,00,42,00,12,00,00,00,00,
63860387,00000118,false,Rx,1,4,00,43,00,12,00,00,00,00,
63870265,00000118,false,Rx,1,4,00,44,00,12,00,00,00,00,
63880374,00000118,false,Rx,1,4,00,45,00,12,00,00,00,00,
63890348,00000118,false,Rx,1,4,00,46,00,12,00,00,00,00,
63900380,00000118,false,Rx,1,4,00,47,00,12,00,00,00,00,
63910224,00000118,false,Rx,1,4,00,48,00,12,00,00,00,00,
63920370,00000118,false,Rx,1,4,00,49,00,12,00,00,00,00,
63930214,00000118,false,Rx,1,4,00,4A,00,12,00,00,00,00,
63940340,00000118,false,Rx,1,4,00,4B,00,12,00,00,00,00,
63950222,00000118,false,Rx,1,4,00,4C,00,12,00,00,00,00,
63960328,00000118,false,Rx,1,4,00,4D,00,12,00,00,00,00,
63970208,00000118,false,Rx,1,4,00,4E,00,12,00,00,00,00,
63980317,00000118,false,Rx,1,4,00,4F,00,12,00,00,00,00,
63980614,17F0000F,true,Rx,1,8,00,0F,00,00,00,00,00,00,
63987385,0000070F,false,Rx,0,8,03,22,02,8D,55,55,55,55,
63990301,00000118,false,Rx,1,4,00,40,00,12,00,00,00,00,
64000371,00000118,false,Rx,1,4,00,41,00,12,00,00,00,00,
64002574,00000779,false,Rx,1,8,05,62,02,8D,61,00,AA,AA,
64010579,00000118,false,Rx,1,4,00,42,00,12,00,00,00,00,
64020724,00000118,false,Rx,1,4,00,43,00,12,00,00,00,00,
64030554,00000118,false,Rx,1,4,00,44,00,12,00,00,00,00,
64040680,00000118,false,Rx,1,4,00,45,00,12,00,00,00,00,
64050562,00000118,false,Rx,1,4,00,46,00,12,00,00,00,00,
64060670,00000118,false,Rx,1,4,00,47,00,12,00,00,00,00,
64070547,00000118,false,Rx,1,4,00,48,00,12,00,00,00,00,
64080656,00000118,false,Rx,1,4,00,49,00,12,00,00,00,00,
64090630,00000118,false,Rx,1,4,00,4A,00,12,00,00,00,00,
64100664,00000118,false,Rx,1,4,00,4B,00,12,00,00,00,00,
64110510,00000118,false,Rx,1,4,00,4C,00,12,00,00,00,00,
64120652,00000118,false,Rx,1,4,00,4D,00,12,00,00,00,00,
64130497,00000118,false,Rx,1,4,00,4E,00,12,00,00,00,00,
64140624,00000118,false,Rx,1,4,00,4F,00,12,00,00,00,00,
64150504,00000118,false,Rx,1,4,00,40,00,12,00,00,00,00,
64160613,00000118,false,Rx,1,4,00,41,00,12,00,00,00,00,
64170493,00000118,false,Rx,1,4,00,42,00,12,00,00,00,00,
64180600,00000118,false,Rx,1,4,00,43,00,12,00,00,00,00,
64190569,00000118,false,Rx,1,4,00,44,00,12,00,00,00,00,
64200605,00000118,false,Rx,1,4,00,45,00,12,00,00,00,00,
64210451,00000118,false,Rx,1,4,00,46,00,12,00,00,00,00,
64220647,00000118,false,Rx,1,4,00,47,00,12,00,00,00,00,
64230437,00000118,false,Rx,1,4,00,48,00,12,00,00,00,00,
64240568,00000118,false,Rx,1,4,00,49,00,12,00,00,00,00,
64250566,00000118,false,Rx,1,4,00,4A,00,12,00,00,00,00,
64260574,00000118,false,Rx,1,4,00,4B,00,12,00,00,00,00,
64270326,00000118,false,Rx,1,4,00,4C,00,12,00,00,00,00,
64280683,00000118,false,Rx,1,4,00,4D,00,12,00,00,00,00,
64289354,0000070F,false,Rx,0,8,03,22,2B,F1,55,55,55,55,
64290609,00000118,false,Rx,1,4,00,4E,00,12,00,00,00,00,
64300768,00000118,false,Rx,1,4,00,4F,00,12,00,00,00,00,
64310364,00000118,false,Rx,1,4,00,40,00,12,00,00,00,00,
64311558,00000779,false,Rx,1,8,05,62,2B,F1,07,69,AA,AA,
64320636,00000118,false,Rx,1,4,00,41,00,12,00,00,00,00,
64330371,00000118,false,Rx,1,4,00,42,00,12,00,00,00,00,
64340614,00000118,false,Rx,1,4,00,43,00,12,00,00,00,00,
64350360,00000118,false,Rx,1,4,00,44,00,12,00,00,00,00,
64360600,00000118,false,Rx,1,4,00,45,00,12,00,00,00,00,
64370364,00000118,false,Rx,1,4,00,46,00,12,00,00,00,00,
64380607,00000118,false,Rx,1,4,00,47,00,12,00,00,00,00,
64390349,00000118,false,Rx,1,4,00,48,00,12,00,00,00,00,
64400702,00000118,false,Rx,1,4,00,49,00,12,00,00,00,00,
64410365,00000118,false,Rx,1,4,00,4A,00,12,00,00,00,00,
64420566,00000118,false,Rx,1,4,00,4B,00,12,00,00,00,00,
64430366,00000118,false,Rx,1,4,00,4C,00,12,00,00,00,00,
64440556,00000118,false,Rx,1,4,00,4D,00,12,00,00,00,00,
64450372,00000118,false,Rx,1,4,00,4E,00,12,00,00,00,00,
64460544,00000118,false,Rx,1,4,00,4F,00,12,00,00,00,00,
64470361,00000118,false,Rx,1,4,00,40,00,12,00,00,00,00,
64480550,00000118,false,Rx,1,4,00,41,00,12,00,00,00,00,
64480846,17F0000F,true,Rx,1,8,00,0F,00,00,00,00,00,00,
64490367,00000118,false,Rx,1,4,00,42,00,12,00,00,00,00,
64500653,00000118,false,Rx,1,4,00,43,00,12,00,00,00,00,
64510361,00000118,false,Rx,1,4,00,44,00,12,00,00,00,00,
64520508,00000118,false,Rx,1,4,00,45,00,12,00,00,00,00,
64530367,00000118,false,Rx,1,4,00,46,00,12,00,00,00,00,
64540495,00000118,false,Rx,1,4,00,47,00,12,00,00,00,00,
64550359,00000118,false,Rx,1,4,00,48,00,12,00,00,00,00,
64560484,00000118,false,Rx,1,4,00,49,00,12,00,00,00,00,
64570129,00000118,false,Rx,1,4,00,4A,00,12,00,00,00,00,
64580490,00000118,false,Rx,1,4,00,4B,00,12,00,00,00,00,
64590118,00000118,false,Rx,1,4,00,4C,00,12,00,00,00,00,
64600586,00000118,false,Rx,1,4,00,4D,00,12,00,00,00,00,
64604908,0000070F,false,Rx,0,8,03,22,2B,E4,55,55,55,55,
64610130,00000118,false,Rx,1,4,00,4E,00,12,00,00,00,00,
64620450,00000118,false,Rx,1,4,00,4F,00,12,00,00,00,00,
64622660,00000779,false,Rx,1,8,05,62,2B,E4,45,62,AA,AA,
64630125,00000118,false,Rx,1,4,00,40,00,12,00,00,00,00,
64640441,00000118,false,Rx,1,4,00,41,00,12,00,00,00,00,
64650102,00000118,false,Rx,1,4,00,42,00,12,00,00,00,00,
64660427,00000118,false,Rx,1,4,00,43,00,12,00,00,00,00,
64670070,00000118,false,Rx,1,4,00,44,00,12,00,00,00,00,
64680431,00000118,false,Rx,1,4,00,45,00,12,00,00,00,00,
64690094,00000118,false,Rx,1,4,00,46,00,12,00,00,00,00,
64700527,00000118,false,Rx,1,4,00,47,00,12,00,00,00,00,
64710048,00000118,false,Rx,1,4,00,48,00,12,00,00,00,00,
64720389,00000118,false,Rx,1,4,00,49,00,12,00,00,00,00,
64730056,00000118,false,Rx,1,4,00,4A,00,12,00,00,00,00,
64740389,00000118,false,Rx,1,4,00,4B,00,12,00,00,00,00,
64750068,00000118,false,Rx,1,4,00,4C,00,12,00,00,00,00,
64764219,00000118,false,Rx,1,4,00,4D,00,12,00,00,00,00,
64770204,00000118,false,Rx,1,4,00,4E,00,12,00,00,00,00,
64780285,00000118,false,Rx,1,4,00,4F,00,12,00,00,00,00,
64790217,00000118,false,Rx,1,4,00,40,00,12,00,00,00,00,
64800254,00000118,false,Rx,1,4,00,41,00,12,00,00,00,00,
64810099,00000118,false,Rx,1,4,00,42,00,12,00,00,00,00,
64820369,00000118,false,Rx,1,4,00,43,00,12,00,00,00,00,
64830102,00000118,false,Rx,1,4,00,44,00,12,00,00,00,00,
64840222,00000118,false,Rx,1,4,00,45,00,12,00,00,00,00,
64850093,00000118,false,Rx,1,4,00,46,00,12,00,00,00,00,
64860199,00000118,false,Rx,1,4,00,47,00,12,00,00,00,00,
64870061,00000118,false,Rx,1,4,00,48,00,12,00,00,00,00,
64880206,00000118,false,Rx,1,4,00,49,00,12,00,00,00,00,
64890159,00000118,false,Rx,1,4,00,4A,00,12,00,00,00,00,
64900195,00000118,false,Rx,1,4,00,4B,00,12,00,00,00,00,
64910040,00000118,false,Rx,1,4,00,4C,00,12,00,00,00,00,
64918594,0000070F,false,Rx,0,8,03,22,02,8D,55,55,55,55,
64920376,00000118,false,Rx,1,4,00,4D,00,12,00,00,00,00,
64930046,00000118,false,Rx,1,4,00,4E,00,12,00,00,00,00,
64931303,00000779,false,Rx,1,8,05,62,02,8D,62,00,AA,AA,
64940170,00000118,false,Rx,1,4,00,4F,00,12,00,00,00,00,
64950036,00000118,false,Rx,1,4,00,40,00,12,00,00,00,00,
64960143,00000118,false,Rx,1,4,00,41,00,12,00,00,00,00,
64970005,00000118,false,Rx,1,4,00,42,00,12,00,00,00,00,
64980150,00000118,false,Rx,1,4,00,43,00,12,00,00,00,00,
64980446,17F0000F,true,Rx,1,8,00,0F,00,00,00,00,00,00,
64990091,00000118,false,Rx,1,4,00,44,00,12,00,00,00,00,
65000167,00000118,false,Rx,1,4,00,45,00,12,00,00,00,00,
65009980,00000118,false,Rx,1,4,00,46,00,12,00,00,00,00,
65020105,00000118,false,Rx,1,4,00,47,00,12,00,00,00,00,
65029984,00000118,false,Rx,1,4,00,48,00,12,00,00,00,00,
65040174,00000118,false,Rx,1,4,00,49,00,12,00,00,00,00,
65049976,00000118,false,Rx,1,4,00,4A,00,12,00,00,00,00,
65060082,00000118,false,Rx,1,4,00,4B,00,12,00,00,00,00,
65069950,00000118,false,Rx,1,4,00,4C,00,12,00,00,00,00,
65080088,00000118,false,Rx,1,4,00,4D,00,12,00,00,00,00,
65090024,00000118,false,Rx,1,4,00,4E,00,12,00,00,00,00,
65100096,00000118,false,Rx,1,4,00,4F,00,12,00,00,00,00,
65109941,00000118,false,Rx,1,4,00,40,00,12,00,00,00,00,
65120048,00000118,false,Rx,1,4,00,41,00,12,00,00,00,00,
65129946,00000118,false,Rx,1,4,00,42,00,12,00,00,00,00,
65140036,00000118,false,Rx,1,4,00,43,00,12,00,00,00,00,
65149934,00000118,false,Rx,1,4,00,44,00,12,00,00,00,00,
65160022,00000118,false,Rx,1,4,00,45,00,12,00,00,00,00,
65169886,00000118,false,Rx,1,4,00,46,00,12,00,00,00,00,
65180029,00000118,false,Rx,1,4,00,47,00,12,00,00,00,00,
65189963,00000118,false,Rx,1,4,00,48,00,12,00,00,00,00,
65200034,00000118,false,Rx,1,4,00,49,00,12,00,00,00,00,
65209864,00000118,false,Rx,1,4,00,4A,00,12,00,00,00,00,
65219987,00000118,false,Rx,1,4,00,4B,00,12,00,00,00,00,
65229868,00000118,false,Rx,1,4,00,4C,00,12,00,00,00,00,
65238952,0000070F,false,Rx,0,8,03,22,2B,F1,55,55,55,55,
65240063,00000118,false,Rx,1,4,00,4D,00,12,00,00,00,00,
65249865,00000118,false,Rx,1,4,00,4E,00,12,00,00,00,00,
65251155,00000779,false,Rx,1,8,05,62,2B,F1,6B,69,AA,AA,
65259993,00000118,false,Rx,1,4,00,4F,00,12,00,00,00,00,
65269841,00000118,false,Rx,1,4,00,40,00,12,00,00,00,00,
65280214,00000118,false,Rx,1,4,00,41,00,12,00,00,00,00,
65289876,00000118,false,Rx,1,4,00,42,00,12,00,00,00,00,
65300118,00000118,false,Rx,1,4,00,43,00,12,00,00,00,00,
65309873,00000118,false,Rx,1,4,00,44,00,12,00,00,00,00,
65320116,00000118,false,Rx,1,4,00,45,00,12,00,00,00,00,
65329875,00000118,false,Rx,1,4,00,46,00,12,00,00,00,00,
65340123,00000118,false,Rx,1,4,00,47,00,12,00,00,00,00,
65349891,00000118,false,Rx,1,4,00,48,00,12,00,00,00,00,
65360120,00000118,false,Rx,1,4,00,49,00,12,00,00,00,00,
65369630,00000118,false,Rx,1,4,00,4A,00,12,00,00,00,00,
65380125,00000118,false,Rx,1,4,00,4B,00,12,00,00,00,00,
65389878,00000118,false,Rx,1,4,00,4C,00,12,00,00,00,00,
65400117,00000118,false,Rx,1,4,00,4D,00,12,00,00,00,00,
65409630,00000118,false,Rx,1,4,00,4E,00,12,00,00,00,00,
65420121,00000118,false,Rx,1,4,00,4F,00,12,00,00,00,00,
65429629,00000118,false,Rx,1,4,00,40,00,12,00,00,00,00,
65440127,00000118,false,Rx,1,4,00,41,00,12,00,00,00,00,
65449632,00000118,false,Rx,1,4,00,42,00,12,00,00,00,00,
65460121,00000118,false,Rx,1,4,00,43,00,12,00,00,00,00,
65469627,00000118,false,Rx,1,4,00,44,00,12,00,00,00,00,
65480143,00000118,false,Rx,1,4,00,45,00,12,00,00,00,00,
65480677,17F0000F,true,Rx,1,8,00,0F,00,00,00,00,00,00,
65489861,00000118,false,Rx,1,4,00,46,00,12,00,00,00,00,
65500135,00000118,false,Rx,1,4,00,47,00,12,00,00,00,00,
65509628,00000118,false,Rx,1,4,00,48,00,12,00,00,00,00,
65520119,00000118,false,Rx,1,4,00,49,00,12,00,00,00,00,
65529630,00000118,false,Rx,1,4,00,4A,00,12,00,00,00,00,
65540113,00000118,false,Rx,1,4,00,4B,00,12,00,00,00,00,
65540670,0000070F,false,Rx,0,8,03,22,2B,E4,55,55,55,55,
65549629,00000118,false,Rx,1,4,00,4C,00,12,00,00,00,00,
65560127,00000118,false,Rx,1,4,00,4D,00,12,00,00,00,00,
65562106,00000779,false,Rx,1,8,05,62,2B,E4,45,62,AA,AA,
65569630,00000118,false,Rx,1,4,00,4E,00,12,00,00,00,00,
65580368,00000118,false,Rx,1,4,00,4F,00,12,00,00,00,00,
65590114,00000118,false,Rx,1,4,00,40,00,12,00,00,00,00,
65600370,00000118,false,Rx,1,4,00,41,00,12,00,00,00,00,
65609887,00000118,false,Rx,1,4,00,42,00,12,00,00,00,00,
65620364,00000118,false,Rx,1,4,00,43,00,12,00,00,00,00,
65630125,00000118,false,Rx,1,4,00,44,00,12,00,00,00,00,
65640362,00000118,false,Rx,1,4,00,45,00,12,00,00,00,00,
65649877,00000118,false,Rx,1,4,00,46,00,12,00,00,00,00,
65660363,00000118,false,Rx,1,4,00,47,00,12,00,00,00,00,
65669872,00000118,false,Rx,1,4,00,48,00,12,00,00,00,00,
65680381,00000118,false,Rx,1,4,00,49,00,12,00,00,00,00,
65690101,00000118,false,Rx,1,4,00,4A,00,12,00,00,00,00,
65700355,00000118,false,Rx,1,4,00,4B,00,12,00,00,00,00,
65709874,00000118,false,Rx,1,4,00,4C,00,12,00,00,00,00,
65720359,00000118,false,Rx,1,4,00,4D,00,12,00,00,00,00,
65729877,00000118,false,Rx,1,4,00,4E,00,12,00,00,00,00,
65740379,00000118,false,Rx,1,4,00,4F,00,12,00,00,00,00,
65750007,00000118,false,Rx,1,4,00,40,00,12,00,00,00,00,
65763271,00000118,false,Rx,1,4,00,41,00,12,00,00,00,00,
65770572,00000118,false,Rx,1,4,00,42,00,12,00,00,00,00,
65780086,00000118,false,Rx,1,4,00,43,00,12,00,00,00,00,
65790009,00000118,false,Rx,1,4,00,44,00,12,00,00,00,00,
65800079,00000118,false,Rx,1,4,00,45,00,12,00,00,00,00,
65809908,00000118,false,Rx,1,4,00,46,00,12,00,00,00,00,
65820032,00000118,false,Rx,1,4,00,47,00,12,00,00,00,00,
65829932,00000118,false,Rx,1,4,00,48,00,12,00,00,00,00,
65840021,00000118,false,Rx,1,4,00,49,00,12,00,00,00,00,
65849903,00000118,false,Rx,1,4,00,4A,00,12,00,00,00,00,
65856196,0000070F,false,Rx,0,8,03,22,02,8D,55,55,55,55,
65860059,00000118,false,Rx,1,4,00,4B,00,12,00,00,00,00,
65869875,00000118,false,Rx,1,4,00,4C,00,12,00,00,00,00,
65871431,00000779,false,Rx,1,8,05,62,02,8D,62,00,AA,AA,
65880025,00000118,false,Rx,1,4,00,4D,00,12,00,00,00,00,
65889952,00000118,false,Rx,1,4,00,4E,00,12,00,00,00,00,
65900023,00000118,false,Rx,1,4,00,4F,00,12,00,00,00,00,
65909849,00000118,false,Rx,1,4,00,40,00,12,00,00,00,00,
65919976,00000118,false,Rx,1,4,00,41,00,12,00,00,00,00,
65929855,00000118,false,Rx,1,4,00,42,00,12,00,00,00,00,
65939963,00000118,false,Rx,1,4,00,43,00,12,00,00,00,00,
65949842,00000118,false,Rx,1,4,00,44,00,12,00,00,00,00,
65959952,00000118,false,Rx,1,4,00,45,00,12,00,00,00,00,
65969820,00000118,false,Rx,1,4,00,46,00,12,00,00,00,00,
65979956,00000118,false,Rx,1,4,00,47,00,12,00,00,00,00,
65980252,17F0000F,true,Rx,1,8,00,0F,00,00,00,00,00,00,
65989896,00000118,false,Rx,1,4,00,48,00,12,00,00,00,00,
65999976,00000118,false,Rx,1,4,00,49,00,12,00,00,00,00,
66009791,00000118,false,Rx,1,4,00,4A,00,12,00,00,00,00,
66019931,00000118,false,Rx,1,4,00,4B,00,12,00,00,00,00,
66029796,00000118,false,Rx,1,4,00,4C,00,12,00,00,00,00,
66039903,00000118,false,Rx,1,4,00,4D,00,12,00,00,00,00,
66049785,00000118,false,Rx,1,4,00,4E,00,12,00,00,00,00,
66059893,00000118,false,Rx,1,4,00,4F,00,12,00,00,00,00,
66069763,00000118,false,Rx,1,4,00,40,00,12,00,00,00,00,
66079899,00000118,false,Rx,1,4,00,41,00,12,00,00,00,00,
66089870,00000118,false,Rx,1,4,00,42,00,12,00,00,00,00,
66099941,00000118,false,Rx,1,4,00,43,00,12,00,00,00,00,
66110129,00000118,false,Rx,1,4,00,44,00,12,00,00,00,00,
66120255,00000118,false,Rx,1,4,00,45,00,12,00,00,00,00,
66130136,00000118,false,Rx,1,4,00,46,00,12,00,00,00,00,
66140243,00000118,false,Rx,1,4,00,47,00,12,00,00,00,00,
66150123,00000118,false,Rx,1,4,00,48,00,12,00,00,00,00,
66160231,00000118,false,Rx,1,4,00,49,00,12,00,00,00,00,
66170095,00000118,false,Rx,1,4,00,4A,00,12,00,00,00,00,
66173085,0000070F,false,Rx,0,8,03,22,2B,F1,55,55,55,55,
66180260,00000118,false,Rx,1,4,00,4B,00,12,00,00,00,00,
66190193,00000118,false,Rx,1,4,00,4C,00,12,00,00,00,00,
66191444,00000779,false,Rx,1,8,05,62,2B,F1,CF,69,AA,AA,
66200235,00000118,false,Rx,1,4,00,4D,00,12,00,00,00,00,
66210071,00000118,false,Rx,1,4,00,4E,00,12,00,00,00,00,
66220198,00000118,false,Rx,1,4,00,4F,00,12,00,00,00,00,
66230077,00000118,false,Rx,1,4,00,40,00,12,00,00,00,00,
66240191,00000118,false,Rx,1,4,00,41,00,12,00,00,00,00,
66250765,00000118,false,Rx,1,4,00,42,00,12,00,00,00,00,
66265333,00000118,false,Rx,1,4,00,43,00,12,00,00,00,00,
66270053,00000118,false,Rx,1,4,00,44,00,12,00,00,00,00,
66280199,00000118,false,Rx,1,4,00,45,00,12,00,00,00,00,
66290338,00000118,false,Rx,1,4,00,46,00,12,00,00,00,00,
66300255,00000118,false,Rx,1,4,00,47,00,12,00,00,00,00,
66310010,00000118,false,Rx,1,4,00,48,00,12,00,00,00,00,
66320137,00000118,false,Rx,1,4,00,49,00,12,00,00,00,00,
66330018,00000118,false,Rx,1,4,00,4A,00,12,00,00,00,00,
66340125,00000118,false,Rx,1,4,00,4B,00,12,00,00,00,00,
66350006,00000118,false,Rx,1,4,00,4C,00,12,00,00,00,00,
66360113,00000118,false,Rx,1,4,00,4D,00,12,00,00,00,00,
66370190,00000118,false,Rx,1,4,00,4E,00,12,00,00,00,00,
66380123,00000118,false,Rx,1,4,00,4F,00,12,00,00,00,00,
66390157,00000118,false,Rx,1,4,00,40,00,12,00,00,00,00,
66400262,00000118,false,Rx,1,4,00,41,00,12,00,00,00,00,
66410000,00000118,false,Rx,1,4,00,42,00,12,00,00,00,00,
66420116,00000118,false,Rx,1,4,00,43,00,12,00,00,00,00,
66429956,00000118,false,Rx,1,4,00,44,00,12,00,00,00,00,
66440066,00000118,false,Rx,1,4,00,45,00,12,00,00,00,00,
66449950,00000118,false,Rx,1,4,00,46,00,12,00,00,00,00,
66460053,00000118,false,Rx,1,4,00,47,00,12,00,00,00,00,
66469933,00000118,false,Rx,1,4,00,48,00,12,00,00,00,00,
66480061,00000118,false,Rx,1,4,00,49,00,12,00,00,00,00,
66480354,17F0000F,true,Rx,1,8,00,0F,00,00,00,00,00,00,
66490083,00000118,false,Rx,1,4,00,4A,00,12,00,00,00,00,
66500160,00000118,false,Rx,1,4,00,4B,00,12,00,00,00,00,
66506795,0000070F,false,Rx,0,8,03,22,2B,E4,55,55,55,55,
66509935,00000118,false,Rx,1,4,00,4C,00,12,00,00,00,00,
66520016,00000118,false,Rx,1,4,00,4D,00,12,00,00,00,00,
66522230,00000779,false,Rx,1,8,05,62,2B,E4,45,62,AA,AA,
66529910,00000118,false,Rx,1,4,00,4E,00,12,00,00,00,00,
66540008,00000118,false,Rx,1,4,00,4F,00,12,00,00,00,00,
66549887,00000118,false,Rx,1,4,00,40,00,12,00,00,00,00,
66559995,00000118,false,Rx,1,4,00,41,00,12,00,00,00,00,
66569857,00000118,false,Rx,1,4,00,42,00,12,00,00,00,00,
66580011,00000118,false,Rx,1,4,00,43,00,12,00,00,00,00,
66590086,00000118,false,Rx,1,4,00,44,00,12,00,00,00,00,
66600095,00000118,false,Rx,1,4,00,45,00,12,00,00,00,00,
66609834,00000118,false,Rx,1,4,00,46,00,12,00,00,00,00,
66619957,00000118,false,Rx,1,4,00,47,00,12,00,00,00,00,
66629838,00000118,false,Rx,1,4,00,48,00,12,00,00,00,00,
66639951,00000118,false,Rx,1,4,00,49,00,12,00,00,00,00,
66649829,00000118,false,Rx,1,4,00,4A,00,12,00,00,00,00,
66659950,00000118,false,Rx,1,4,00,4B,00,12,00,00,00,00,
66669798,00000118,false,Rx,1,4,00,4C,00,12,00,00,00,00,
66679950,00000118,false,Rx,1,4,00,4D,00,12,00,00,00,00,
66689844,00000118,false,Rx,1,4,00,4E,00,12,00,00,00,00,
66700037,00000118,false,Rx,1,4,00,4F,00,12,00,00,00,00,
66709773,00000118,false,Rx,1,4,00,40,00,12,00,00,00,00,
66719901,00000118,false,Rx,1,4,00,41,00,12,00,00,00,00,
66729780,00000118,false,Rx,1,4,00,42,00,12,00,00,00,00,
66739889,00000118,false,Rx,1,4,00,43,00,12,00,00,00,00,
66750660,00000118,false,Rx,1,4,00,44,00,12,00,00,00,00,
66759900,00000118,false,Rx,1,4,00,45,00,12,00,00,00,00,
66769711,00000118,false,Rx,1,4,00,46,00,12,00,00,00,00,
66780053,00000118,false,Rx,1,4,00,47,00,12,00,00,00,00,
66789609,00000118,false,Rx,1,4,00,48,00,12,00,00,00,00,
66800084,00000118,false,Rx,1,4,00,49,00,12,00,00,00,00,
66809609,00000118,false,Rx,1,4,00,4A,00,12,00,00,00,00,
66819950,00000118,false,Rx,1,4,00,4B,00,12,00,00,00,00,
66823201,0000070F,false,Rx,0,8,03,22,02,8D,55,55,55,55,
66829599,00000118,false,Rx,1,4,00,4C,00,12,00,00,00,00,
66839950,00000118,false,Rx,1,4,00,4D,00,12,00,00,00,00,
66842150,00000779,false,Rx,1,8,05,62,02,8D,63,00,AA,AA,
66849613,00000118,false,Rx,1,4,00,4E,00,12,00,00,00,00,
66859942,00000118,false,Rx,1,4,00,4F,00,12,00,00,00,00,
66869615,00000118,false,Rx,1,4,00,40,00,12,00,00,00,00,
66879949,00000118,false,Rx,1,4,00,41,00,12,00,00,00,00,
66889632,00000118,false,Rx,1,4,00,42,00,12,00,00,00,00,
66900026,00000118,false,Rx,1,4,00,43,00,12,00,00,00,00,
66909601,00000118,false,Rx,1,4,00,44,00,12,00,00,00,00,
66919886,00000118,false,Rx,1,4,00,45,00,12,00,00,00,00,
66929616,00000118,false,Rx,1,4,00,46,00,12,00,00,00,00,
66940274,00000118,false,Rx,1,4,00,47,00,12,00,00,00,00,
66949950,00000118,false,Rx,1,4,00,48,00,12,00,00,00,00,
66960262,00000118,false,Rx,1,4,00,49,00,12,00,00,00,00,
66969912,00000118,false,Rx,1,4,00,4A,00,12,00,00,00,00,
66980268,00000118,false,Rx,1,4,00,4B,00,12,00,00,00,00,
66980565,17F0000F,true,Rx,1,8,00,0F,00,00,00,00,00,00,
66990100,00000118,false,Rx,1,4,00,4C,00,12,00,00,00,00,
67000380,00000118,false,Rx,1,4,00,4D,00,12,00,00,00,00,
67009869,00000118,false,Rx,1,4,00,4E,00,12,00,00,00,00,
67020628,00000118,false,Rx,1,4,00,4F,00,12,00,00,00,00,
67030360,00000118,false,Rx,1,4,00,40,00,12,00,00,00,00,
67040616,00000118,false,Rx,1,4,00,41,00,12,00,00,00,00,
67050362,00000118,false,Rx,1,4,00,42,00,12,00,00,00,00,
67060604,00000118,false,Rx,1,4,00,43,00,12,00,00,00,00,
67070360,00000118,false,Rx,1,4,00,44,00,12,00,00,00,00,
67080608,00000118,false,Rx,1,4,00,45,00,12,00,00,00,00,
67090376,00000118,false,Rx,1,4,00,46,00,12,00,00,00,00,
67100706,00000118,false,Rx,1,4,00,47,00,12,00,00,00,00,
67110367,00000118,false,Rx,1,4,00,48,00,12,00,00,00,00,
67120567,00000118,false,Rx,1,4,00,49,00,12,00,00,00,00,
67130359,00000118,false,Rx,1,4,00,4A,00,12,00,00,00,00,
67139848,0000070F,false,Rx,0,8,03,22,2B,F1,55,55,55,55,
67140578,00000118,false,Rx,1,4,00,4B,00,12,00,00,00,00,
67150362,00000118,false,Rx,1,4,00,4C,00,12,00,00,00,00,
67151561,00000779,false,Rx,1,8,05,62,2B,F1,F7,69,AA,AA,
67160553,00000118,false,Rx,1,4,00,4D,00,12,00,00,00,00,
67170365,00000118,false,Rx,1,4,00,4E,00,12,00,00,00,00,
67180552,00000118,false,Rx,1,4,00,4F,00,12,00,00,00,00,
67190374,00000118,false,Rx,1,4,00,40,00,12,00,00,00,00,
67200647,00000118,false,Rx,1,4,00,41,00,12,00,00,00,00,
67210365,00000118,false,Rx,1,4,00,42,00,12,00,00,00,00,
67220509,00000118,false,Rx,1,4,00,43,00,12,00,00,00,00,
67230361,00000118,false,Rx,1,4,00,44,00,12,00,00,00,00,
67240504,00000118,false,Rx,1,4,00,45,00,12,00,00,00,00,
67250196,00000118,false,Rx,1,4,00,46,00,12,00,00,00,00,
67262729,00000118,false,Rx,1,4,00,47,00,12,00,00,00,00,
67270258,00000118,false,Rx,1,4,00,48,00,12,00,00,00,00,
67280404,00000118,false,Rx,1,4,00,49,00,12,00,00,00,00,
67290465,00000118,false,Rx,1,4,00,4A,00,12,00,00,00,00,
67300379,00000118,false,Rx,1,4,00,4B,00,12,00,00,00,00,
67310216,00000118,false,Rx,1,4,00,4C,00,12,00,00,00,00,
67320341,00000118,false,Rx,1,4,00,4D,00,12,00,00,00,00,
67330222,00000118,false,Rx,1,4,00,4E,00,12,00,00,00,00,
67340332,00000118,false,Rx,1,4,00,4F,00,12,00,00,00,00,
67350211,00000118,false,Rx,1,4,00,40,00,12,00,00,00,00,
67360319,00000118,false,Rx,1,4,00,41,00,12,00,00,00,00,
67370180,00000118,false,Rx,1,4,00,42,00,12,00,00,00,00,
67380330,00000118,false,Rx,1,4,00,43,00,12,00,00,00,00,
67390278,00000118,false,Rx,1,4,00,44,00,12,00,00,00,00,
67400314,00000118,false,Rx,1,4,00,45,00,12,00,00,00,00,
67410158,00000118,false,Rx,1,4,00,46,00,12,00,00,00,00,
67420281,00000118,false,Rx,1,4,00,47,00,12,00,00,00,00,
67430161,00000118,false,Rx,1,4,00,48,00,12,00,00,00,00,
67440268,00000118,false,Rx,1,4,00,49,00,12,00,00,00,00,
67450152,00000118,false,Rx,1,4,00,4A,00,12,00,00,00,00,
67457174,0000070F,false,Rx,0,8,03,22,2B,E4,55,55,55,55,
67460279,00000118,false,Rx,1,4,00,4B,00,12,00,00,00,00,
67470120,00000118,false,Rx,1,4,00,4C,00,12,00,00,00,00,
67471484,00000779,false,Rx,1,8,05,62,2B,E4,45,62,AA,AA,
67480274,00000118,false,Rx,1,4,00,4D,00,12,00,00,00,00,
67480570,17F0000F,true,Rx,1,8,00,0F,00,00,00,00,00,00,
67490230,00000118,false,Rx,1,4,00,4E,00,12,00,00,00,00,
67500276,00000118,false,Rx,1,4,00,4F,00,12,00,00,00,00,
67510100,00000118,false,Rx,1,4,00,40,00,12,00,00,00,00,
67520223,00000118,false,Rx,1,4,00,41,00,12,00,00,00,00,
67530104,00000118,false,Rx,1,4,00,42,00,12,00,00,00,00,
67540211,00000118,false,Rx,1,4,00,43,00,12,00,00,00,00,
67550088,00000118,false,Rx,1,4,00,44,00,12,00,00,00,00,
67560198,00000118,false,Rx,1,4,00,45,00,12,00,00,00,00,
67570062,00000118,false,Rx,1,4,00,46,00,12,00,00,00,00,
67580203,00000118,false,Rx,1,4,00,47,00,12,00,00,00,00,
67590154,00000118,false,Rx,1,4,00,48,00,12,00,00,00,00,
67600203,00000118,false,Rx,1,4,00,49,00,12,00,00,00,00,
67610044,00000118,false,Rx,1,4,00,4A,00,12,00,00,00,00,
67620161,00000118,false,Rx,1,4,00,4B,00,12,00,00,00,00,
67630045,00000118,false,Rx,1,4,00,4C,00,12,00,00,00,00,
67640149,00000118,false,Rx,1,4,00,4D,00,12,00,00,00,00,
67650032,00000118,false,Rx,1,4,00,4E,00,12,00,00,00,00,
67660139,00000118,false,Rx,1,4,00,4F,00,12,00,00,00,00,
67670003,00000118,false,Rx,1,4,00,40,00,12,00,00,00,00,
67680146,00000118,false,Rx,1,4,00,41,00,12,00,00,00,00,
67690080,00000118,false,Rx,1,4,00,42,00,12,00,00,00,00,
67700151,00000118,false,Rx,1,4,00,43,00,12,00,00,00,00,
67709978,00000118,false,Rx,1,4,00,44,00,12,00,00,00,00,
67720102,00000118,false,Rx,1,4,00,45,00,12,00,00,00,00,
67729984,00000118,false,Rx,1,4,00,46,00,12,00,00,00,00,
67740094,00000118,false,Rx,1,4,00,47,00,12,00,00,00,00,
67750050,00000118,false,Rx,1,4,00,48,00,12,00,00,00,00,
67763048,0000070F,false,Rx,0,8,03,22,02,8D,55,55,55,55,
67763081,00000118,false,Rx,1,4,00,49,00,12,00,00,00,00,
67769978,00000118,false,Rx,1,4,00,4A,00,12,00,00,00,00,
67780086,00000118,false,Rx,1,4,00,4B,00,12,00,00,00,00,
67782301,00000779,false,Rx,1,8,05,62,02,8D,64,00,AA,AA,
67790050,00000118,false,Rx,1,4,00,4C,00,12,00,00,00,00,
67800488,00000118,false,Rx,1,4,00,4D,00,12,00,00,00,00,
67810318,00000118,false,Rx,1,4,00,4E,00,12,00,00,00,00,
67820445,00000118,false,Rx,1,4,00,4F,00,12,00,00,00,00,
67830325,00000118,false,Rx,1,4,00,40,00,12,00,00,00,00,
67840436,00000118,false,Rx,1,4,00,41,00,12,00,00,00,00,
67850312,00000118,false,Rx,1,4,00,42,00,12,00,00,00,00,
67860420,00000118,false,Rx,1,4,00,43,00,12,00,00,00,00,
67870279,00000118,false,Rx,1,4,00,44,00,12,00,00,00,00,
67880423,00000118,false,Rx,1,4,00,45,00,12,00,00,00,00,
67890379,00000118,false,Rx,1,4,00,46,00,12,00,00,00,00,
67900412,00000118,false,Rx,1,4,00,47,00,12,00,00,00,00,
67910260,00000118,false,Rx,1,4,00,48,00,12,00,00,00,00,
67920383,00000118,false,Rx,1,4,00,49,00,12,00,00,00,00,
67930264,00000118,false,Rx,1,4,00,4A,00,12,00,00,00,00,
67940370,00000118,false,Rx,1,4,00,4B,00,12,00,00,00,00,
67950252,00000118,false,Rx,1,4,00,4C,00,12,00,00,00,00,
67960358,00000118,false,Rx,1,4,00,4D,00,12,00,00,00,00,
67970223,00000118,false,Rx,1,4,00,4E,00,12,00,00,00,00,
67980367,00000118,false,Rx,1,4,00,4F,00,12,00,00,00,00,
67980663,17F0000F,true,Rx,1,8,00,0F,00,00,00,00,00,00,
67990330,00000118,false,Rx,1,4,00,40,00,12,00,00,00,00,
68000401,00000118,false,Rx,1,4,00,41,00,12,00,00,00,00,
68010216,00000118,false,Rx,1,4,00,42,00,12,00,00,00,00,
68020326,00000118,false,Rx,1,4,00,43,00,12,00,00,00,00,
68030203,00000118,false,Rx,1,4,00,44,00,12,00,00,00,00,
68040311,00000118,false,Rx,1,4,00,45,00,12,00,00,00,00,
68050192,00000118,false,Rx,1,4,00,46,00,12,00,00,00,00,
68060298,00000118,false,Rx,1,4,00,47,00,12,00,00,00,00,
68070160,00000118,false,Rx,1,4,00,48,00,12,00,00,00,00,
68077328,0000070F,false,Rx,0,8,03,22,2B,F1,55,55,55,55,
68080328,00000118,false,Rx,1,4,00,49,00,12,00,00,00,00,
68090259,00000118,false,Rx,1,4,00,4A,00,12,00,00,00,00,
68091511,00000779,false,Rx,1,8,05,62,2B,F1,29,6A,AA,AA,
68100302,00000118,false,Rx,1,4,00,4B,00,12,00,00,00,00,
68110137,00000118,false,Rx,1,4,00,4C,00,12,00,00,00,00,
68120266,00000118,false,Rx,1,4,00,4D,00,12,00,00,00,00,
68130145,00000118,false,Rx,1,4,00,4E,00,12,00,00,00,00,
68140253,00000118,false,Rx,1,4,00,4F,00,12,00,00,00,00,
68150133,00000118,false,Rx,1,4,00,40,00,12,00,00,00,00,
68160241,00000118,false,Rx,1,4,00,41,00,12,00,00,00,00,
68170102,00000118,false,Rx,1,4,00,42,00,12,00,00,00,00,
68180247,00000118,false,Rx,1,4,00,43,00,12,00,00,00,00,
68190196,00000118,false,Rx,1,4,00,44,00,12,00,00,00,00,
68200234,00000118,false,Rx,1,4,00,45,00,12,00,00,00,00,
68210079,00000118,false,Rx,1,4,00,46,00,12,00,00,00,00,
68220206,00000118,false,Rx,1,4,00,47,00,12,00,00,00,00,
68230082,00000118,false,Rx,1,4,00,48,00,12,00,00,00,00,
68240197,00000118,false,Rx,1,4,00,49,00,12,00,00,00,00,
68250119,00000118,false,Rx,1,4,00,4A,00,12,00,00,00,00,
68263869,00000118,false,Rx,1,4,00,4B,00,12,00,00,00,00,
68270185,00000118,false,Rx,1,4,00,4C,00,12,00,00,00,00,
68280197,00000118,false,Rx,1,4,00,4D,00,12,00,00,00,00,
68290246,00000118,false,Rx,1,4,00,4E,00,12,00,00,00,00,
68300193,00000118,false,Rx,1,4,00,4F,00,12,00,00,00,00,
68310018,00000118,false,Rx,1,4,00,40,00,12,00,00,00,00,
68320152,00000118,false,Rx,1,4,00,41,00,12,00,00,00,00,
68330025,00000118,false,Rx,1,4,00,42,00,12,00,00,00,00,
68340136,00000118,false,Rx,1,4,00,43,00,12,00,00,00,00,
68350012,00000118,false,Rx,1,4,00,44,00,12,00,00,00,00,
68360119,00000118,false,Rx,1,4,00,45,00,12,00,00,00,00,
68369983,00000118,false,Rx,1,4,00,46,00,12,00,00,00,00,
68380126,00000118,false,Rx,1,4,00,47,00,12,00,00,00,00,
68390060,00000118,false,Rx,1,4,00,48,00,12,00,00,00,00,
68394997,0000070F,false,Rx,0,8,03,22,2B,E4,55,55,55,55,
68400152,00000118,false,Rx,1,4,00,49,00,12,00,00,00,00,
68409961,00000118,false,Rx,1,4,00,4A,00,12,00,00,00,00,
68411212,00000779,false,Rx,1,8,05,62,2B,E4,45,62,AA,AA,
68420096,00000118,false,Rx,1,4,00,4B,00,12,00,00,00,00,
68429965,00000118,false,Rx,1,4,00,4C,00,12,00,00,00,00,
68440075,00000118,false,Rx,1,4,00,4D,00,12,00,00,00,00,
68449954,00000118,false,Rx,1,4,00,4E,00,12,00,00,00,00,
68460062,00000118,false,Rx,1,4,00,4F,00,12,00,00,00,00,
68469943,00000118,false,Rx,1,4,00,40,00,12,00,00,00,00,
68480067,00000118,false,Rx,1,4,00,41,00,12,00,00,00,00,
68480364,17F0000F,true,Rx,1,8,00,0F,00,00,00,00,00,00,
68490041,00000118,false,Rx,1,4,00,42,00,12,00,00,00,00,
68500092,00000118,false,Rx,1,4,00,43,00,12,00,00,00,00,
68510303,00000118,false,Rx,1,4,00,44,00,12,00,00,00,00,
68520463,00000118,false,Rx,1,4,00,45,00,12,00,00,00,00,
68530311,00000118,false,Rx,1,4,00,46,00,12,00,00,00,00,
68540411,00000118,false,Rx,1,4,00,47,00,12,00,00,00,00,
68550291,00000118,false,Rx,1,4,00,48,00,12,00,00,00,00,
68560400,00000118,false,Rx,1,4,00,49,00,12,00,00,00,00,
68570264,00000118,false,Rx,1,4,00,4A,00,12,00,00,00,00,
68580405,00000118,false,Rx,1,4,00,4B,00,12,00,00,00,00,
68590360,00000118,false,Rx,1,4,00,4C,00,12,00,00,00,00,
68600393,00000118,false,Rx,1,4,00,4D,00,12,00,00,00,00,
68610239,00000118,false,Rx,1,4,00,4E,00,12,00,00,00,00,
68620366,00000118,false,Rx,1,4,00,4F,00,12,00,00,00,00,
68630248,00000118,false,Rx,1,4,00,40,00,12,00,00,00,00,
68640353,00000118,false,Rx,1,4,00,41,00,12,00,00,00,00,
68650233,00000118,false,Rx,1,4,00,42,00,12,00,00,00,00,
68660342,00000118,false,Rx,1,4,00,43,00,12,00,00,00,00,
68670202,00000118,false,Rx,1,4,00,44,00,12,00,00,00,00,
68680345,00000118,false,Rx,1,4,00,45,00,12,00,00,00,00,
68690281,00000118,false,Rx,1,4,00,46,00,12,00,00,00,00,
68700351,00000118,false,Rx,1,4,00,47,00,12,00,00,00,00,
68710177,00000118,false,Rx,1,4,00,48,00,12,00,00,00,00,
68710376,0000070F,false,Rx,0,8,03,22,02,8D,55,55,55,55,
68720326,00000118,false,Rx,1,4,00,49,00,12,00,00,00,00,
68730186,00000118,false,Rx,1,4,00,4A,00,12,00,00,00,00,
68731444,00000779,false,Rx,1,8,05,62,02,8D,64,00,AA,AA,
68740305,00000118,false,Rx,1,4,00,4B,00,12,00,00,00,00,
68750202,00000118,false,Rx,1,4,00,4C,00,12,00,00,00,00,
68763931,00000118,false,Rx,1,4,00,4D,00,12,00,00,00,00,
68770656,00000118,false,Rx,1,4,00,4E,00,12,00,00,00,00,
68780297,00000118,false,Rx,1,4,00,4F,00,12,00,00,00,00,
68790335,00000118,false,Rx,1,4,00,40,00,12,00,00,00,00,
68800367,00000118,false,Rx,1,4,00,41,00,12,00,00,00,00,
68810121,00000118,false,Rx,1,4,00,42,00,12,00,00,00,00,
68820247,00000118,false,Rx,1,4,00,43,00,12,00,00,00,00,
68830129,00000118,false,Rx,1,4,00,44,00,12,00,00,00,00,
68840233,00000118,false,Rx,1,4,00,45,00,12,00,00,00,00,
68850114,00000118,false,Rx,1,4,00,46,00,12,00,00,00,00,
68860220,00000118,false,Rx,1,4,00,47,00,12,00,00,00,00,
68870082,00000118,false,Rx,1,4,00,48,00,12,00,00,00,00,
68880227,00000118,false,Rx,1,4,00,49,00,12,00,00,00,00,
68890282,00000118,false,Rx,1,4,00,4A,00,12,00,00,00,00,
68900303,00000118,false,Rx,1,4,00,4B,00,12,00,00,00,00,
68910061,00000118,false,Rx,1,4,00,4C,00,12,00,00,00,00,
68920185,00000118,false,Rx,1,4,00,4D,00,12,00,00,00,00,
68930068,00000118,false,Rx,1,4,00,4E,00,12,00,00,00,00,
68940173,00000118,false,Rx,1,4,00,4F,00,12,00,00,00,00,
68950054,00000118,false,Rx,1,4,00,40,00,12,00,00,00,00,
68960162,00000118,false,Rx,1,4,00,41,00,12,00,00,00,00,
68970024,00000118,false,Rx,1,4,00,42,00,12,00,00,00,00,
68980169,00000118,false,Rx,1,4,00,43,00,12,00,00,00,00,
68980465,17F0000F,true,Rx,1,8,00,0F,00,00,00,00,00,00,
68990056,00000118,false,Rx,1,4,00,44,00,12,00,00,00,00,
69000243,00000118,false,Rx,1,4,00,45,00,12,00,00,00,00,
69010002,00000118,false,Rx,1,4,00,46,00,12,00,00,00,00,
69020127,00000118,false,Rx,1,4,00,47,00,12,00,00,00,00,
69028256,0000070F,false,Rx,0,8,03,22,2B,F1,55,55,55,55,
69030026,00000118,false,Rx,1,4,00,48,00,12,00,00,00,00,
69040123,00000118,false,Rx,1,4,00,49,00,12,00,00,00,00,
69042327,00000779,false,Rx,1,8,05,62,2B,F1,8D,6A,AA,AA,
69050004,00000118,false,Rx,1,4,00,4A,00,12,00,00,00,00,
69060099,00000118,false,Rx,1,4,00,4B,00,12,00,00,00,00,
69069964,00000118,false,Rx,1,4,00,4C,00,12,00,00,00,00,
69080106,00000118,false,Rx,1,4,00,4D,00,12,00,00,00,00,
69090054,00000118,false,Rx,1,4,00,4E,00,12,00,00,00,00,
69100185,00000118,false,Rx,1,4,00,4F,00,12,00,00,00,00,
69109950,00000118,false,Rx,1,4,00,40,00,12,00,00,00,00,
69120067,00000118,false,Rx,1,4,00,41,00,12,00,00,00,00,
69129950,00000118,false,Rx,1,4,00,42,00,12,00,00,00,00,
69140056,00000118,false,Rx,1,4,00,43,00,12,00,00,00,00,
69149952,00000118,false,Rx,1,4,00,44,00,12,00,00,00,00,
69160322,00000118,false,Rx,1,4,00,45,00,12,00,00,00,00,
69169907,00000118,false,Rx,1,4,00,46,00,12,00,00,00,00,
69180053,00000118,false,Rx,1,4,00,47,00,12,00,00,00,00,
69190056,00000118,false,Rx,1,4,00,48,00,12,00,00,00,00,
69200124,00000118,false,Rx,1,4,00,49,00,12,00,00,00,00,
69209881,00000118,false,Rx,1,4,00,4A,00,12,00,00,00,00,
69220004,00000118,false,Rx,1,4,00,4B,00,12,00,00,00,00,
69229885,00000118,false,Rx,1,4,00,4C,00,12,00,00,00,00,
69240073,00000118,false,Rx,1,4,00,4D,00,12,00,00,00,00,
69249977,00000118,false,Rx,1,4,00,4E,00,12,00,00,00,00,
69262731,00000118,false,Rx,1,4,00,4F,00,12,00,00,00,00,
69270548,00000118,false,Rx,1,4,00,40,00,12,00,00,00,00,
69280000,00000118,false,Rx,1,4,00,41,00,12,00,00,00,00,
69290048,00000118,false,Rx,1,4,00,42,00,12,00,00,00,00,
69299994,00000118,false,Rx,1,4,00,43,00,12,00,00,00,00,
69309818,00000118,false,Rx,1,4,00,44,00,12,00,00,00,00,
69319951,00000118,false,Rx,1,4,00,45,00,12,00,00,00,00,
69329827,00000118,false,Rx,1,4,00,46,00,12,00,00,00,00,
69339972,00000118,false,Rx,1,4,00,47,00,12,00,00,00,00,
69346067,0000070F,false,Rx,0,8,03,22,2B,E4,55,55,55,55,
69349835,00000118,false,Rx,1,4,00,48,00,12,00,00,00,00,
69359939,00000118,false,Rx,1,4,00,49,00,12,00,00,00,00,
69362135,00000779,false,Rx,1,8,05,62,2B,E4,45,62,AA,AA,
69369794,00000118,false,Rx,1,4,00,4A,00,12,00,00,00,00,
69380329,00000118,false,Rx,1,4,00,4B,00,12,00,00,00,00,
69390280,00000118,false,Rx,1,4,00,4C,00,12,00,00,00,00,
69400315,00000118,false,Rx,1,4,00,4D,00,12,00,00,00,00,
69410160,00000118,false,Rx,1,4,00,4E,00,12,00,00,00,00,
69420286,00000118,false,Rx,1,4,00,4F,00,12,00,00,00,00,
69430167,00000118,false,Rx,1,4,00,40,00,12,00,00,00,00,
69440275,00000118,false,Rx,1,4,00,41,00,12,00,00,00,00,
69450158,00000118,false,Rx,1,4,00,42,00,12,00,00,00,00,
69460265,00000118,false,Rx,1,4,00,43,00,12,00,00,00,00,
69470123,00000118,false,Rx,1,4,00,44,00,12,00,00,00,00,
69480266,00000118,false,Rx,1,4,00,45,00,12,00,00,00,00,
69480562,17F0000F,true,Rx,1,8,00,0F,00,00,00,00,00,00,
69490231,00000118,false,Rx,1,4,00,46,00,12,00,00,00,00,
69500254,00000118,false,Rx,1,4,00,47,00,12,00,00,00,00,
69510109,00000118,false,Rx,1,4,00,48,00,12,00,00,00,00,
69520224,00000118,false,Rx,1,4,00,49,00,12,00,00,00,00,
69530106,00000118,false,Rx,1,4,00,4A,00,12,00,00,00,00,
69540214,00000118,false,Rx,1,4,00,4B,00,12,00,00,00,00,
69550100,00000118,false,Rx,1,4,00,4C,00,12,00,00,00,00,
69560201,00000118,false,Rx,1,4,00,4D,00,12,00,00,00,00,
69570064,00000118,false,Rx,1,4,00,4E,00,12,00,00,00,00,
69580210,00000118,false,Rx,1,4,00,4F,00,12,00,00,00,00,
69590160,00000118,false,Rx,1,4,00,40,00,12,00,00,00,00,
69600197,00000118,false,Rx,1,4,00,41,00,12,00,00,00,00,
69610041,00000118,false,Rx,1,4,00,42,00,12,00,00,00,00,
69620168,00000118,false,Rx,1,4,00,43,00,12,00,00,00,00,
69630048,00000118,false,Rx,1,4,00,44,00,12,00,00,00,00,
69640152,00000118,false,Rx,1,4,00,45,00,12,00,00,00,00,
69650038,00000118,false,Rx,1,4,00,46,00,12,00,00,00,00,
69660142,00000118,false,Rx,1,4,00,47,00,12,00,00,00,00,
69661629,0000070F,false,Rx,0,8,03,22,02,8D,55,55,55,55,
69670025,00000118,false,Rx,1,4,00,48,00,12,00,00,00,00,
69680147,00000118,false,Rx,1,4,00,49,00,12,00,00,00,00,
69682429,00000779,false,Rx,1,8,05,62,02,8D,65,00,AA,AA,
69690093,00000118,false,Rx,1,4,00,4A,00,12,00,00,00,00,
69700552,00000118,false,Rx,1,4,00,4B,00,12,00,00,00,00,
69710381,00000118,false,Rx,1,4,00,4C,00,12,00,00,00,00,
69720504,00000118,false,Rx,1,4,00,4D,00,12,00,00,00,00,
69730386,00000118,false,Rx,1,4,00,4E,00,12,00,00,00,00,
69740502,00000118,false,Rx,1,4,00,4F,00,12,00,00,00,00,
69750477,00000118,false,Rx,1,4,00,40,00,12,00,00,00,00,
69763616,00000118,false,Rx,1,4,00,41,00,12,00,00,00,00,
69770361,00000118,false,Rx,1,4,00,42,00,12,00,00,00,00,
69780511,00000118,false,Rx,1,4,00,43,00,12,00,00,00,00,
69790442,00000118,false,Rx,1,4,00,44,00,12,00,00,00,00,
69800476,00000118,false,Rx,1,4,00,45,00,12,00,00,00,00,
69810322,00000118,false,Rx,1,4,00,46,00,12,00,00,00,00,
69820445,00000118,false,Rx,1,4,00,47,00,12,00,00,00,00,
69830324,00000118,false,Rx,1,4,00,48,00,12,00,00,00,00,
69840435,00000118,false,Rx,1,4,00,49,00,12,00,00,00,00,
69850314,00000118,false,Rx,1,4,00,4A,00,12,00,00,00,00,
69860428,00000118,false,Rx,1,4,00,4B,00,12,00,00,00,00,
69870286,00000118,false,Rx,1,4,00,4C,00,12,00,00,00,00,
69880427,00000118,false,Rx,1,4,00,4D,00,12,00,00,00,00,
69890384,00000118,false,Rx,1,4,00,4E,00,12,00,00,00,00,
69900417,00000118,false,Rx,1,4,00,4F,00,12,00,00,00,00,
69910260,00000118,false,Rx,1,4,00,40,00,12,00,00,00,00,
69920386,00000118,false,Rx,1,4,00,41,00,12,00,00,00,00,
69930266,00000118,false,Rx,1,4,00,42,00,12,00,00,00,00,
69940376,00000118,false,Rx,1,4,00,43,00,12,00,00,00,00,
69950254,00000118,false,Rx,1,4,00,44,00,12,00,00,00,00,
69960363,00000118,false,Rx,1,4,00,45,00,12,00,00,00,00,
69970225,00000118,false,Rx,1,4,00,46,00,12,00,00,00,00,
69977331,0000070F,false,Rx,0,8,03,22,2B,F1,55,55,55,55,
69980390,00000118,false,Rx,1,4,00,47,00,12,00,00,00,00,
69980686,17F0000F,true,Rx,1,8,00,0F,00,00,00,00,00,00,
69990731,00000118,false,Rx,1,4,00,48,00,12,00,00,00,00,
69991983,00000779,false,Rx,1,8,05,62,2B,F1,BF,6A,AA,AA,
70000765,00000118,false,Rx,1,4,00,49,00,12,00,00,00,00,
70010608,00000118,false,Rx,1,4,00,4A,00,12,00,00,00,00,
70020727,00000118,false,Rx,1,4,00,4B,00,12,00,00,00,00,
70030607,00000118,false,Rx,1,4,00,4C,00,12,00,00,00,00,
70040713,00000118,false,Rx,1,4,00,4D,00,12,00,00,00,00,
70050594,00000118,false,Rx,1,4,00,4E,00,12,00,00,00,00,
70060723,00000118,false,Rx,1,4,00,4F,00,12,00,00,00,00,
70070568,00000118,false,Rx,1,4,00,40,00,12,00,00,00,00,
70080709,00000118,false,Rx,1,4,00,41,00,12,00,00,00,00,
70090660,00000118,false,Rx,1,4,00,42,00,12,00,00,00,00,
70100696,00000118,false,Rx,1,4,00,43,00,12,00,00,00,00,
70110539,00000118,false,Rx,1,4,00,44,00,12,00,00,00,00,
70120665,00000118,false,Rx,1,4,00,45,00,12,00,00,00,00,
70130545,00000118,false,Rx,1,4,00,46,00,12,00,00,00,00,
70140653,00000118,false,Rx,1,4,00,47,00,12,00,00,00,00,
70150533,00000118,false,Rx,1,4,00,48,00,12,00,00,00,00,
70160641,00000118,false,Rx,1,4,00,49,00,12,00,00,00,00,
70170507,00000118,false,Rx,1,4,00,4A,00,12,00,00,00,00,
70180647,00000118,false,Rx,1,4,00,4B,00,12,00,00,00,00,
70190600,00000118,false,Rx,1,4,00,4C,00,12,00,00,00,00,
70200635,00000118,false,Rx,1,4,00,4D,00,12,00,00,00,00,
70210480,00000118,false,Rx,1,4,00,4E,00,12,00,00,00,00,
70220606,00000118,false,Rx,1,4,00,4F,00,12,00,00,00,00,
70230487,00000118,false,Rx,1,4,00,40,00,12,00,00,00,00,
70240601,00000118,false,Rx,1,4,00,41,00,12,00,00,00,00,
70250490,00000118,false,Rx,1,4,00,42,00,12,00,00,00,00,
70266055,00000118,false,Rx,1,4,00,43,00,12,00,00,00,00,
70270456,00000118,false,Rx,1,4,00,44,00,12,00,00,00,00,
70280606,00000118,false,Rx,1,4,00,45,00,12,00,00,00,00,
70290578,00000118,false,Rx,1,4,00,46,00,12,00,00,00,00,
70294745,0000070F,false,Rx,0,8,03,22,2B,E4,55,55,55,55,
70300687,00000118,false,Rx,1,4,00,47,00,12,00,00,00,00,
70310419,00000118,false,Rx,1,4,00,48,00,12,00,00,00,00,
70311675,00000779,false,Rx,1,8,05,62,2B,E4,45,62,AA,AA,
70320554,00000118,false,Rx,1,4,00,49,00,12,00,00,00,00,
70330427,00000118,false,Rx,1,4,00,4A,00,12,00,00,00,00,
70340534,00000118,false,Rx,1,4,00,4B,00,12,00,00,00,00,
70350415,00000118,false,Rx,1,4,00,4C,00,12,00,00,00,00,
70360521,00000118,false,Rx,1,4,00,4D,00,12,00,00,00,00,
70370391,00000118,false,Rx,1,4,00,4E,00,12,00,00,00,00,
70380530,00000118,false,Rx,1,4,00,4F,00,12,00,00,00,00,
70390580,00000118,false,Rx,1,4,00,40,00,12,00,00,00,00,
70400606,00000118,false,Rx,1,4,00,41,00,12,00,00,00,00,
70410360,00000118,false,Rx,1,4,00,42,00,12,00,00,00,00,
70420486,00000118,false,Rx,1,4,00,43,00,12,00,00,00,00,
70430364,00000118,false,Rx,1,4,00,44,00,12,00,00,00,00,
70440472,00000118,false,Rx,1,4,00,45,00,12,00,00,00,00,
70450355,00000118,false,Rx,1,4,00,46,00,12,00,00,00,00,
70460460,00000118,false,Rx,1,4,00,47,00,12,00,00,00,00,
70470327,00000118,false,Rx,1,4,00,48,00,12,00,00,00,00,
70480468,00000118,false,Rx,1,4,00,49,00,12,00,00,00,00,
70480763,17F0000F,true,Rx,1,8,00,0F,00,00,00,00,00,00,
70490338,00000118,false,Rx,1,4,00,4A,00,12,00,00,00,00,
70500543,00000118,false,Rx,1,4,00,4B,00,12,00,00,00,00,
70510309,00000118,false,Rx,1,4,00,4C,00,12,00,00,00,00,
70520426,00000118,false,Rx,1,4,00,4D,00,12,00,00,00,00,
70530306,00000118,false,Rx,1,4,00,4E,00,12,00,00,00,00,
70540416,00000118,false,Rx,1,4,00,4F,00,12,00,00,00,00,
70550294,00000118,false,Rx,1,4,00,40,00,12,00,00,00,00,
70560402,00000118,false,Rx,1,4,00,41,00,12,00,00,00,00,
70570274,00000118,false,Rx,1,4,00,42,00,12,00,00,00,00,
70580410,00000118,false,Rx,1,4,00,43,00,12,00,00,00,00,
70590322,00000118,false,Rx,1,4,00,44,00,12,00,00,00,00,
70600483,00000118,false,Rx,1,4,00,45,00,12,00,00,00,00,
70610240,00000118,false,Rx,1,4,00,46,00,12,00,00,00,00,
70611219,0000070F,false,Rx,0,8,03,22,02,8D,55,55,55,55,
70620388,00000118,false,Rx,1,4,00,47,00,12,00,00,00,00,
70630244,00000118,false,Rx,1,4,00,48,00,12,00,00,00,00,
70631502,00000779,false,Rx,1,8,05,62,02,8D,66,00,AA,AA,
70640362,00000118,false,Rx,1,4,00,49,00,12,00,00,00,00,
70650234,00000118,false,Rx,1,4,00,4A,00,12,00,00,00,00,
70660340,00000118,false,Rx,1,4,00,4B,00,12,00,00,00,00,
70670205,00000118,false,Rx,1,4,00,4C,00,12,00,00,00,00,
70680349,00000118,false,Rx,1,4,00,4D,00,12,00,00,00,00,
70690326,00000118,false,Rx,1,4,00,4E,00,12,00,00,00,00,
70700425,00000118,false,Rx,1,4,00,4F,00,12,00,00,00,00,
70710180,00000118,false,Rx,1,4,00,40,00,12,00,00,00,00,
70720308,00000118,false,Rx,1,4,00,41,00,12,00,00,00,00,
70730186,00000118,false,Rx,1,4,00,42,00,12,00,00,00,00,
70740299,00000118,false,Rx,1,4,00,43,00,12,00,00,00,00,
70750212,00000118,false,Rx,1,4,00,44,00,12,00,00,00,00,
70763991,00000118,false,Rx,1,4,00,45,00,12,00,00,00,00,
70770312,00000118,false,Rx,1,4,00,46,00,12,00,00,00,00,
70780299,00000118,false,Rx,1,4,00,47,00,12,00,00,00,00,
70790326,00000118,false,Rx,1,4,00,48,00,12,00,00,00,00,
70800364,00000118,false,Rx,1,4,00,49,00,12,00,00,00,00,
70810120,00000118,false,Rx,1,4,00,4A,00,12,00,00,00,00,
70820243,00000118,false,Rx,1,4,00,4B,00,12,00,00,00,00,
70830127,00000118,false,Rx,1,4,00,4C,00,12,00,00,00,00,
70840232,00000118,false,Rx,1,4,00,4D,00,12,00,00,00,00,
70850115,00000118,false,Rx,1,4,00,4E,00,12,00,00,00,00,
70860223,00000118,false,Rx,1,4,00,4F,00,12,00,00,00,00,
70870083,00000118,false,Rx,1,4,00,40,00,12,00,00,00,00,
70880231,00000118,false,Rx,1,4,00,41,00,12,00,00,00,00,
70890094,00000118,false,Rx,1,4,00,42,00,12,00,00,00,00,
70900324,00000118,false,Rx,1,4,00,43,00,12,00,00,00,00,
70910059,00000118,false,Rx,1,4,00,44,00,12,00,00,00,00,
70920184,00000118,false,Rx,1,4,00,45,00,12,00,00,00,00,
70930067,00000118,false,Rx,1,4,00,46,00,12,00,00,00,00,
70933480,0000070F,false,Rx,0,8,03,22,2B,F1,55,55,55,55,
70940195,00000118,false,Rx,1,4,00,47,00,12,00,00,00,00,
70950052,00000118,false,Rx,1,4,00,48,00,12,00,00,00,00,
70951312,00000779,false,Rx,1,8,05,62,2B,F1,F1,6A,AA,AA,
70960169,00000118,false,Rx,1,4,00,49,00,12,00,00,00,00,
70970023,00000118,false,Rx,1,4,00,4A,00,12,00,00,00,00,
70980170,00000118,false,Rx,1,4,00,4B,00,12,00,00,00,00,
70980462,17F0000F,true,Rx,1,8,00,0F,00,00,00,00,00,00,
70990089,00000118,false,Rx,1,4,00,4C,00,12,00,00,00,00,
71000262,00000118,false,Rx,1,4,00,4D,00,12,00,00,00,00,
71010007,00000118,false,Rx,1,4,00,4E,00,12,00,00,00,00,
71020128,00000118,false,Rx,1,4,00,4F,00,12,00,00,00,00,
71030006,00000118,false,Rx,1,4,00,40,00,12,00,00,00,00,
71040113,00000118,false,Rx,1,4,00,41,00,12,00,00,00,00,
71049994,00000118,false,Rx,1,4,00,42,00,12,00,00,00,00,
71060102,00000118,false,Rx,1,4,00,43,00,12,00,00,00,00,
71069963,00000118,false,Rx,1,4,00,44,00,12,00,00,00,00,
71080107,00000118,false,Rx,1,4,00,45,00,12,00,00,00,00,
71090091,00000118,false,Rx,1,4,00,46,00,12,00,00,00,00,
71100202,00000118,false,Rx,1,4,00,47,00,12,00,00,00,00,
71109950,00000118,false,Rx,1,4,00,48,00,12,00,00,00,00,
71120064,00000118,false,Rx,1,4,00,49,00,12,00,00,00,00,
71129950,00000118,false,Rx,1,4,00,4A,00,12,00,00,00,00,
71140053,00000118,false,Rx,1,4,00,4B,00,12,00,00,00,00,
71149950,00000118,false,Rx,1,4,00,4C,00,12,00,00,00,00,
71160039,00000118,false,Rx,1,4,00,4D,00,12,00,00,00,00,
71169904,00000118,false,Rx,1,4,00,4E,00,12,00,00,00,00,
71180049,00000118,false,Rx,1,4,00,4F,00,12,00,00,00,00,
71190092,00000118,false,Rx,1,4,00,40,00,12,00,00,00,00,
71200143,00000118,false,Rx,1,4,00,41,00,12,00,00,00,00,
71209880,00000118,false,Rx,1,4,00,42,00,12,00,00,00,00,
71220006,00000118,false,Rx,1,4,00,43,00,12,00,00,00,00,
71229883,00000118,false,Rx,1,4,00,44,00,12,00,00,00,00,
71240051,00000118,false,Rx,1,4,00,45,00,12,00,00,00,00,
71249896,00000118,false,Rx,1,4,00,46,00,12,00,00,00,00,
71255532,0000070F,false,Rx,0,8,03,22,2B,E4,55,55,55,55,
71260078,00000118,false,Rx,1,4,00,47,00,12,00,00,00,00,
71272369,00000118,false,Rx,1,4,00,48,00,12,00,00,00,00,
71272386,00000779,false,Rx,1,8,05,62,2B,E4,45,62,AA,AA,
71280125,00000118,false,Rx,1,4,00,49,00,12,00,00,00,00,
71289961,00000118,false,Rx,1,4,00,4A,00,12,00,00,00,00,
71300082,00000118,false,Rx,1,4,00,4B,00,12,00,00,00,00,
71309729,00000118,false,Rx,1,4,00,4C,00,12,00,00,00,00,
71320053,00000118,false,Rx,1,4,00,4D,00,12,00,00,00,00,
71329718,00000118,false,Rx,1,4,00,4E,00,12,00,00,00,00,
71340042,00000118,false,Rx,1,4,00,4F,00,12,00,00,00,00,
71349688,00000118,false,Rx,1,4,00,40,00,12,00,00,00,00,
71360047,00000118,false,Rx,1,4,00,41,00,12,00,00,00,00,
71369677,00000118,false,Rx,1,4,00,42,00,12,00,00,00,00,
71380036,00000118,false,Rx,1,4,00,43,00,12,00,00,00,00,
71389864,00000118,false,Rx,1,4,00,44,00,12,00,00,00,00,
71400039,00000118,false,Rx,1,4,00,45,00,12,00,00,00,00,
71409669,00000118,false,Rx,1,4,00,46,00,12,00,00,00,00,
71419992,00000118,false,Rx,1,4,00,47,00,12,00,00,00,00,
71429656,00000118,false,Rx,1,4,00,48,00,12,00,00,00,00,
71439980,00000118,false,Rx,1,4,00,49,00,12,00,00,00,00,
71449627,00000118,false,Rx,1,4,00,4A,00,12,00,00,00,00,
71459986,00000118,false,Rx,1,4,00,4B,00,12,00,00,00,00,
71469616,00000118,false,Rx,1,4,00,4C,00,12,00,00,00,00,
71479973,00000118,false,Rx,1,4,00,4D,00,12,00,00,00,00,
71480269,17F0000F,true,Rx,1,8,00,0F,00,00,00,00,00,00,
71489860,00000118,false,Rx,1,4,00,4E,00,12,00,00,00,00,
71499985,00000118,false,Rx,1,4,00,4F,00,12,00,00,00,00,
71509619,00000118,false,Rx,1,4,00,40,00,12,00,00,00,00,
71519950,00000118,false,Rx,1,4,00,41,00,12,00,00,00,00,
71529599,00000118,false,Rx,1,4,00,42,00,12,00,00,00,00,
71539940,00000118,false,Rx,1,4,00,43,00,12,00,00,00,00,
71549565,00000118,false,Rx,1,4,00,44,00,12,00,00,00,00,
71559945,00000118,false,Rx,1,4,00,45,00,12,00,00,00,00,
71569556,00000118,false,Rx,1,4,00,46,00,12,00,00,00,00,
71574413,0000070F,false,Rx,0,8,03,22,02,8D,55,55,55,55,
71579950,00000118,false,Rx,1,4,00,47,00,12,00,00,00,00,
71589612,00000118,false,Rx,1,4,00,48,00,12,00,00,00,00,
71590872,00000779,false,Rx,1,8,05,62,02,8D,66,00,AA,AA,
71599958,00000118,false,Rx,1,4,00,49,00,12,00,00,00,00,
71609550,00000118,false,Rx,1,4,00,4A,00,12,00,00,00,00,
71619871,00000118,false,Rx,1,4,00,4B,00,12,00,00,00,00,
71629540,00000118,false,Rx,1,4,00,4C,00,12,00,00,00,00,
71639858,00000118,false,Rx,1,4,00,4D,00,12,00,00,00,00,
71649508,00000118,false,Rx,1,4,00,4E,00,12,00,00,00,00,
71659867,00000118,false,Rx,1,4,00,4F,00,12,00,00,00,00,
71669495,00000118,false,Rx,1,4,00,40,00,12,00,00,00,00,
71679854,00000118,false,Rx,1,4,00,41,00,12,00,00,00,00,
71689611,00000118,false,Rx,1,4,00,42,00,12,00,00,00,00,
71699862,00000118,false,Rx,1,4,00,43,00,12,00,00,00,00,
71709488,00000118,false,Rx,1,4,00,44,00,12,00,00,00,00,
71719811,00000118,false,Rx,1,4,00,45,00,12,00,00,00,00,
71729477,00000118,false,Rx,1,4,00,46,00,12,00,00,00,00,
71739799,00000118,false,Rx,1,4,00,47,00,12,00,00,00,00,
71749488,00000118,false,Rx,1,4,00,48,00,12,00,00,00,00,
71766488,00000118,false,Rx,1,4,00,49,00,12,00,00,00,00,
71769461,00000118,false,Rx,1,4,00,4A,00,12,00,00,00,00,
71779810,00000118,false,Rx,1,4,00,4B,00,12,00,00,00,00,
71789711,00000118,false,Rx,1,4,00,4C,00,12,00,00,00,00,
71799828,00000118,false,Rx,1,4,00,4D,00,12,00,00,00,00,
71809606,00000118,false,Rx,1,4,00,4E,00,12,00,00,00,00,
71819752,00000118,false,Rx,1,4,00,4F,00,12,00,00,00,00,
71829612,00000118,false,Rx,1,4,00,40,00,12,00,00,00,00,
71839743,00000118,false,Rx,1,4,00,41,00,12,00,00,00,00,
71849614,00000118,false,Rx,1,4,00,42,00,12,00,00,00,00,
71859746,00000118,false,Rx,1,4,00,43,00,12,00,00,00,00,
71869602,00000118,false,Rx,1,4,00,44,00,12,00,00,00,00,
71879732,00000118,false,Rx,1,4,00,45,00,12,00,00,00,00,
71888357,0000070F,false,Rx,0,8,03,22,2B,F1,55,55,55,55,
71889613,00000118,false,Rx,1,4,00,46,00,12,00,00,00,00,
71899780,00000118,false,Rx,1,4,00,47,00,12,00,00,00,00,
71909372,00000118,false,Rx,1,4,00,48,00,12,00,00,00,00,
71910807,00000779,false,Rx,1,8,05,62,2B,F1,23,6B,AA,AA,
71919699,00000118,false,Rx,1,4,00,49,00,12,00,00,00,00,
71929363,00000118,false,Rx,1,4,00,4A,00,12,00,00,00,00,
71939678,00000118,false,Rx,1,4,00,4B,00,12,00,00,00,00,
71949360,00000118,false,Rx,1,4,00,4C,00,12,00,00,00,00,
71959683,00000118,false,Rx,1,4,00,4D,00,12,00,00,00,00,
71969359,00000118,false,Rx,1,4,00,4E,00,12,00,00,00,00,
71979673,00000118,false,Rx,1,4,00,4F,00,12,00,00,00,00,
71979972,17F0000F,true,Rx,1,8,00,0F,00,00,00,00,00,00,
71989364,00000118,false,Rx,1,4,00,40,00,12,00,00,00,00,
71999697,00000118,false,Rx,1,4,00,41,00,12,00,00,00,00,
72009404,00000118,false,Rx,1,4,00,42,00,12,00,00,00,00,
72019632,00000118,false,Rx,1,4,00,43,00,12,00,00,00,00,
72029363,00000118,false,Rx,1,4,00,44,00,12,00,00,00,00,
72039618,00000118,false,Rx,1,4,00,45,00,12,00,00,00,00,
72049366,00000118,false,Rx,1,4,00,46,00,12,00,00,00,00,
72059624,00000118,false,Rx,1,4,00,47,00,12,00,00,00,00,
72069361,00000118,false,Rx,1,4,00,48,00,12,00,00,00,00,
72079611,00000118,false,Rx,1,4,00,49,00,12,00,00,00,00,
72089365,00000118,false,Rx,1,4,00,4A,00,12,00,00,00,00,
72099651,00000118,false,Rx,1,4,00,4B,00,12,00,00,00,00,
72109399,00000118,false,Rx,1,4,00,4C,00,12,00,00,00,00,
72119569,00000118,false,Rx,1,4,00,4D,00,12,00,00,00,00,
72129363,00000118,false,Rx,1,4,00,4E,00,12,00,00,00,00,
72139560,00000118,false,Rx,1,4,00,4F,00,12,00,00,00,00,
72149368,00000118,false,Rx,1,4,00,40,00,12,00,00,00,00,
72159566,00000118,false,Rx,1,4,00,41,00,12,00,00,00,00,
72169373,00000118,false,Rx,1,4,00,42,00,12,00,00,00,00,
72179553,00000118,false,Rx,1,4,00,43,00,12,00,00,00,00,
72189353,00000118,false,Rx,1,4,00,44,00,12,00,00,00,00,
72199592,00000118,false,Rx,1,4,00,45,00,12,00,00,00,00,
72209368,00000118,false,Rx,1,4,00,46,00,12,00,00,00,00,
72219509,00000118,false,Rx,1,4,00,47,00,12,00,00,00,00,
72222188,0000070F,false,Rx,0,8,03,22,2B,E4,55,55,55,55,
72229359,00000118,false,Rx,1,4,00,48,00,12,00,00,00,00,
72239497,00000118,false,Rx,1,4,00,49,00,12,00,00,00,00,
72241714,00000779,false,Rx,1,8,05,62,2B,E4,45,62,AA,AA,
72249383,00000118,false,Rx,1,4,00,4A,00,12,00,00,00,00,
72264674,00000118,false,Rx,1,4,00,4B,00,12,00,00,00,00,
72269384,00000118,false,Rx,1,4,00,4C,00,12,00,00,00,00,
72279492,00000118,false,Rx,1,4,00,4D,00,12,00,00,00,00,
72289369,00000118,false,Rx,1,4,00,4E,00,12,00,00,00,00,
72299589,00000118,false,Rx,1,4,00,4F,00,12,00,00,00,00,
72309125,00000118,false,Rx,1,4,00,40,00,12,00,00,00,00,
72319472,00000118,false,Rx,1,4,00,41,00,12,00,00,00,00,
72329098,00000118,false,Rx,1,4,00,42,00,12,00,00,00,00,
72339440,00000118,false,Rx,1,4,00,43,00,12,00,00,00,00,
72349102,00000118,false,Rx,1,4,00,44,00,12,00,00,00,00,
72359425,00000118,false,Rx,1,4,00,45,00,12,00,00,00,00,
72369092,00000118,false,Rx,1,4,00,46,00,12,00,00,00,00,
72379412,00000118,false,Rx,1,4,00,47,00,12,00,00,00,00,
72389099,00000118,false,Rx,1,4,00,48,00,12,00,00,00,00,
72399526,00000118,false,Rx,1,4,00,49,00,12,00,00,00,00,
72409049,00000118,false,Rx,1,4,00,4A,00,12,00,00,00,00,
72419408,00000118,false,Rx,1,4,00,4B,00,12,00,00,00,00,
72429037,00000118,false,Rx,1,4,00,4C,00,12,00,00,00,00,
72439378,00000118,false,Rx,1,4,00,4D,00,12,00,00,00,00,
72449043,00000118,false,Rx,1,4,00,4E,00,12,00,00,00,00,
72459365,00000118,false,Rx,1,4,00,4F,00,12,00,00,00,00,
72469031,00000118,false,Rx,1,4,00,40,00,12,00,00,00,00,
72479354,00000118,false,Rx,1,4,00,41,00,12,00,00,00,00,
72479650,17F0000F,true,Rx,1,8,00,0F,00,00,00,00,00,00,
72489098,00000118,false,Rx,1,4,00,42,00,12,00,00,00,00,
72499468,00000118,false,Rx,1,4,00,43,00,12,00,00,00,00,
72508987,00000118,false,Rx,1,4,00,44,00,12,00,00,00,00,
72519359,00000118,false,Rx,1,4,00,45,00,12,00,00,00,00,
72528977,00000118,false,Rx,1,4,00,46,00,12,00,00,00,00,
72539315,00000118,false,Rx,1,4,00,47,00,12,00,00,00,00,
72541405,0000070F,false,Rx,0,8,03,22,02,8D,55,55,55,55,
72549003,00000118,false,Rx,1,4,00,48,00,12,00,00,00,00,
72559303,00000118,false,Rx,1,4,00,49,00,12,00,00,00,00,
72561518,00000779,false,Rx,1,8,05,62,02,8D,67,00,AA,AA,
72568979,00000118,false,Rx,1,4,00,4A,00,12,00,00,00,00,
72579292,00000118,false,Rx,1,4,00,4B,00,12,00,00,00,00,
72589095,00000118,false,Rx,1,4,00,4C,00,12,00,00,00,00,
72599405,00000118,false,Rx,1,4,00,4D,00,12,00,00,00,00,
72608948,00000118,false,Rx,1,4,00,4E,00,12,00,00,00,00,
72619291,00000118,false,Rx,1,4,00,4F,00,12,00,00,00,00,
72628936,00000118,false,Rx,1,4,00,40,00,12,00,00,00,00,
72639257,00000118,false,Rx,1,4,00,41,00,12,00,00,00,00,
72648940,00000118,false,Rx,1,4,00,42,00,12,00,00,00,00,
72659245,00000118,false,Rx,1,4,00,43,00,12,00,00,00,00,
72668907,00000118,false,Rx,1,4,00,44,00,12,00,00,00,00,
72679231,00000118,false,Rx,1,4,00,45,00,12,00,00,00,00,
72688859,00000118,false,Rx,1,4,00,46,00,12,00,00,00,00,
72699743,00000118,false,Rx,1,4,00,47,00,12,00,00,00,00,
72709361,00000118,false,Rx,1,4,00,48,00,12,00,00,00,00,
72719625,00000118,false,Rx,1,4,00,49,00,12,00,00,00,00,
72729365,00000118,false,Rx,1,4,00,4A,00,12,00,00,00,00,
72739595,00000118,false,Rx,1,4,00,4B,00,12,00,00,00,00,
72749364,00000118,false,Rx,1,4,00,4C,00,12,00,00,00,00,
72759696,00000118,false,Rx,1,4,00,4D,00,12,00,00,00,00,
72769181,00000118,false,Rx,1,4,00,4E,00,12,00,00,00,00,
72779670,00000118,false,Rx,1,4,00,4F,00,12,00,00,00,00,
72789368,00000118,false,Rx,1,4,00,40,00,12,00,00,00,00,
72799863,00000118,false,Rx,1,4,00,41,00,12,00,00,00,00,
72809364,00000118,false,Rx,1,4,00,42,00,12,00,00,00,00,
72819615,00000118,false,Rx,1,4,00,43,00,12,00,00,00,00,
72829377,00000118,false,Rx,1,4,00,44,00,12,00,00,00,00,
72839622,00000118,false,Rx,1,4,00,45,00,12,00,00,00,00,
72849369,00000118,false,Rx,1,4,00,46,00,12,00,00,00,00,
72858983,0000070F,false,Rx,0,8,03,22,2B,F1,55,55,55,55,
72859602,00000118,false,Rx,1,4,00,47,00,12,00,00,00,00,
72869357,00000118,false,Rx,1,4,00,48,00,12,00,00,00,00,
72879607,00000118,false,Rx,1,4,00,49,00,12,00,00,00,00,
72881740,00000779,false,Rx,1,8,05,62,2B,F1,55,6B,AA,AA,
72889136,00000118,false,Rx,1,4,00,4A,00,12,00,00,00,00,
72900023,00000118,false,Rx,1,4,00,4B,00,12,00,00,00,00,
72909610,00000118,false,Rx,1,4,00,4C,00,12,00,00,00,00,
72919886,00000118,false,Rx,1,4,00,4D,00,12,00,00,00,00,
72929626,00000118,false,Rx,1,4,00,4E,00,12,00,00,00,00,
72939876,00000118,false,Rx,1,4,00,4F,00,12,00,00,00,00,
72949611,00000118,false,Rx,1,4,00,40,00,12,00,00,00,00,
72959864,00000118,false,Rx,1,4,00,41,00,12,00,00,00,00,
72969610,00000118,false,Rx,1,4,00,42,00,12,00,00,00,00,
72979869,00000118,false,Rx,1,4,00,43,00,12,00,00,00,00,
72980165,17F0000F,true,Rx,1,8,00,0F,00,00,00,00,00,00,
72989606,00000118,false,Rx,1,4,00,44,00,12,00,00,00,00,
73000364,00000118,false,Rx,1,4,00,45,00,12,00,00,00,00,
73009866,00000118,false,Rx,1,4,00,46,00,12,00,00,00,00,
73020635,00000118,false,Rx,1,4,00,47,00,12,00,00,00,00,
73030293,00000118,false,Rx,1,4,00,48,00,12,00,00,00,00,
73040612,00000118,false,Rx,1,4,00,49,00,12,00,00,00,00,
73050279,00000118,false,Rx,1,4,00,4A,00,12,00,00,00,00,
73060599,00000118,false,Rx,1,4,00,4B,00,12,00,00,00,00,
73070249,00000118,false,Rx,1,4,00,4C,00,12,00,00,00,00,
73080605,00000118,false,Rx,1,4,00,4D,00,12,00,00,00,00,
73090365,00000118,false,Rx,1,4,00,4E,00,12,00,00,00,00,
73100702,00000118,false,Rx,1,4,00,4F,00,12,00,00,00,00,
73110224,00000118,false,Rx,1,4,00,40,00,12,00,00,00,00,
73120566,00000118,false,Rx,1,4,00,41,00,12,00,00,00,00,
73130233,00000118,false,Rx,1,4,00,42,00,12,00,00,00,00,
73140554,00000118,false,Rx,1,4,00,43,00,12,00,00,00,00,
73150215,00000118,false,Rx,1,4,00,44,00,12,00,00,00,00,
73160540,00000118,false,Rx,1,4,00,45,00,12,00,00,00,00,
73170189,00000118,false,Rx,1,4,00,46,00,12,00,00,00,00,
73180545,00000118,false,Rx,1,4,00,47,00,12,00,00,00,00,
73190363,00000118,false,Rx,1,4,00,48,00,12,00,00,00,00,
73193201,0000070F,false,Rx,0,8,03,22,2B,E4,55,55,55,55,
73200663,00000118,false,Rx,1,4,00,49,00,12,00,00,00,00,
73210164,00000118,false,Rx,1,4,00,4A,00,12,00,00,00,00,
73211438,00000779,false,Rx,1,8,05,62,2B,E4,45,62,AA,AA,
73220512,00000118,false,Rx,1,4,00,4B,00,12,00,00,00,00,
73230170,00000118,false,Rx,1,4,00,4C,00,12,00,00,00,00,
73240500,00000118,false,Rx,1,4,00,4D,00,12,00,00,00,00,
73250174,00000118,false,Rx,1,4,00,4E,00,12,00,00,00,00,
73266383,00000118,false,Rx,1,4,00,4F,00,12,00,00,00,00,
73270139,00000118,false,Rx,1,4,00,40,00,12,00,00,00,00,
73280506,00000118,false,Rx,1,4,00,41,00,12,00,00,00,00,
73290365,00000118,false,Rx,1,4,00,42,00,12,00,00,00,00,
73300581,00000118,false,Rx,1,4,00,43,00,12,00,00,00,00,
73310101,00000118,false,Rx,1,4,00,44,00,12,00,00,00,00,
73320443,00000118,false,Rx,1,4,00,45,00,12,00,00,00,00,
73330108,00000118,false,Rx,1,4,00,46,00,12,00,00,00,00,
73340440,00000118,false,Rx,1,4,00,47,00,12,00,00,00,00,
73350094,00000118,false,Rx,1,4,00,48,00,12,00,00,00,00,
73360419,00000118,false,Rx,1,4,00,49,00,12,00,00,00,00,
73370066,00000118,false,Rx,1,4,00,4A,00,12,00,00,00,00,
73380425,00000118,false,Rx,1,4,00,4B,00,12,00,00,00,00,
73390100,00000118,false,Rx,1,4,00,4C,00,12,00,00,00,00,
73400520,00000118,false,Rx,1,4,00,4D,00,12,00,00,00,00,
73410043,00000118,false,Rx,1,4,00,4E,00,12,00,00,00,00,
73420384,00000118,false,Rx,1,4,00,4F,00,12,00,00,00,00,
73430049,00000118,false,Rx,1,4,00,40,00,12,00,00,00,00,
73440377,00000118,false,Rx,1,4,00,41,00,12,00,00,00,00,
73450037,00000118,false,Rx,1,4,00,42,00,12,00,00,00,00,
73460360,00000118,false,Rx,1,4,00,43,00,12,00,00,00,00,
73470005,00000118,false,Rx,1,4,00,44,00,12,00,00,00,00,
73480365,00000118,false,Rx,1,4,00,45,00,12,00,00,00,00,
73480660,17F0000F,true,Rx,1,8,00,0F,00,00,00,00,00,00,
73490119,00000118,false,Rx,1,4,00,46,00,12,00,00,00,00,
73500460,00000118,false,Rx,1,4,00,47,00,12,00,00,00,00,
73509210,0000070F,false,Rx,0,8,03,22,02,8D,55,55,55,55,
73510089,00000118,false,Rx,1,4,00,48,00,12,00,00,00,00,
73520351,00000118,false,Rx,1,4,00,49,00,12,00,00,00,00,
73529989,00000118,false,Rx,1,4,00,4A,00,12,00,00,00,00,
73531445,00000779,false,Rx,1,8,05,62,02,8D,68,00,AA,AA,
73540329,00000118,false,Rx,1,4,00,4B,00,12,00,00,00,00,
73549975,00000118,false,Rx,1,4,00,4C,00,12,00,00,00,00,
73560297,00000118,false,Rx,1,4,00,4D,00,12,00,00,00,00,
73569950,00000118,false,Rx,1,4,00,4E,00,12,00,00,00,00,
73580305,00000118,false,Rx,1,4,00,4F,00,12,00,00,00,00,
73590107,00000118,false,Rx,1,4,00,40,00,12,00,00,00,00,
73600401,00000118,false,Rx,1,4,00,41,00,12,00,00,00,00,
73609941,00000118,false,Rx,1,4,00,42,00,12,00,00,00,00,
73620263,00000118,false,Rx,1,4,00,43,00,12,00,00,00,00,
73629946,00000118,false,Rx,1,4,00,44,00,12,00,00,00,00,
73640249,00000118,false,Rx,1,4,00,45,00,12,00,00,00,00,
73649935,00000118,false,Rx,1,4,00,46,00,12,00,00,00,00,
73660237,00000118,false,Rx,1,4,00,47,00,12,00,00,00,00,
73669864,00000118,false,Rx,1,4,00,48,00,12,00,00,00,00,
73680243,00000118,false,Rx,1,4,00,49,00,12,00,00,00,00,
73689864,00000118,false,Rx,1,4,00,4A,00,12,00,00,00,00,
73700738,00000118,false,Rx,1,4,00,4B,00,12,00,00,00,00,
73710261,00000118,false,Rx,1,4,00,4C,00,12,00,00,00,00,
73720600,00000118,false,Rx,1,4,00,4D,00,12,00,00,00,00,
73730267,00000118,false,Rx,1,4,00,4E,00,12,00,00,00,00,
73740595,00000118,false,Rx,1,4,00,4F,00,12,00,00,00,00,
73750258,00000118,false,Rx,1,4,00,40,00,12,00,00,00,00,
73760603,00000118,false,Rx,1,4,00,41,00,12,00,00,00,00,
73770210,00000118,false,Rx,1,4,00,42,00,12,00,00,00,00,
73780692,00000118,false,Rx,1,4,00,43,00,12,00,00,00,00,
73790375,00000118,false,Rx,1,4,00,44,00,12,00,00,00,00,
73800627,00000118,false,Rx,1,4,00,45,00,12,00,00,00,00,
73810376,00000118,false,Rx,1,4,00,46,00,12,00,00,00,00,
73820627,00000118,false,Rx,1,4,00,47,00,12,00,00,00,00,
73826512,0000070F,false,Rx,0,8,03,22,2B,F1,55,55,55,55,
73830375,00000118,false,Rx,1,4,00,48,00,12,00,00,00,00,
73840628,00000118,false,Rx,1,4,00,49,00,12,00,00,00,00,
73842739,00000779,false,Rx,1,8,05,62,2B,F1,AF,6B,AA,AA,
73850387,00000118,false,Rx,1,4,00,4A,00,12,00,00,00,00,
73860627,00000118,false,Rx,1,4,00,4B,00,12,00,00,00,00,
73870377,00000118,false,Rx,1,4,00,4C,00,12,00,00,00,00,
73880628,00000118,false,Rx,1,4,00,4D,00,12,00,00,00,00,
73890388,00000118,false,Rx,1,4,00,4E,00,12,00,00,00,00,
73900628,00000118,false,Rx,1,4,00,4F,00,12,00,00,00,00,
73910378,00000118,false,Rx,1,4,00,40,00,12,00,00,00,00,
73920629,00000118,false,Rx,1,4,00,41,00,12,00,00,00,00,
73930378,00000118,false,Rx,1,4,00,42,00,12,00,00,00,00,
73940629,00000118,false,Rx,1,4,00,43,00,12,00,00,00,00,
73950139,00000118,false,Rx,1,4,00,44,00,12,00,00,00,00,
73960628,00000118,false,Rx,1,4,00,45,00,12,00,00,00,00,
73970104,00000118,false,Rx,1,4,00,46,00,12,00,00,00,00,
73980627,00000118,false,Rx,1,4,00,47,00,12,00,00,00,00,
73981166,17F0000F,true,Rx,1,8,00,0F,00,00,00,00,00,00,
73990207,00000118,false,Rx,1,4,00,48,00,12,00,00,00,00,
74000627,00000118,false,Rx,1,4,00,49,00,12,00,00,00,00,
74010078,00000118,false,Rx,1,4,00,4A,00,12,00,00,00,00,
74020651,00000118,false,Rx,1,4,00,4B,00,12,00,00,00,00,
74030084,00000118,false,Rx,1,4,00,4C,00,12,00,00,00,00,
74040627,00000118,false,Rx,1,4,00,4D,00,12,00,00,00,00,
74050081,00000118,false,Rx,1,4,00,4E,00,12,00,00,00,00,
74060632,00000118,false,Rx,1,4,00,4F,00,12,00,00,00,00,
74070042,00000118,false,Rx,1,4,00,40,00,12,00,00,00,00,
74080629,00000118,false,Rx,1,4,00,41,00,12,00,00,00,00,
74090380,00000118,false,Rx,1,4,00,42,00,12,00,00,00,00,
74100629,00000118,false,Rx,1,4,00,43,00,12,00,00,00,00,
74110015,00000118,false,Rx,1,4,00,44,00,12,00,00,00,00,
74120376,00000118,false,Rx,1,4,00,45,00,12,00,00,00,00,
74130024,00000118,false,Rx,1,4,00,46,00,12,00,00,00,00,
74140376,00000118,false,Rx,1,4,00,47,00,12,00,00,00,00,
74144999,0000070F,false,Rx,0,8,03,22,2B,E4,55,55,55,55,
74150032,00000118,false,Rx,1,4,00,48,00,12,00,00,00,00,
74160377,00000118,false,Rx,1,4,00,49,00,12,00,00,00,00,
74162545,00000779,false,Rx,1,8,05,62,2B,E4,45,62,AA,AA,
74169992,00000118,false,Rx,1,4,00,4A,00,12,00,00,00,00,
74180376,00000118,false,Rx,1,4,00,4B,00,12,00,00,00,00,
74190079,00000118,false,Rx,1,4,00,4C,00,12,00,00,00,00,
74200375,00000118,false,Rx,1,4,00,4D,00,12,00,00,00,00,
74209960,00000118,false,Rx,1,4,00,4E,00,12,00,00,00,00,
74220377,00000118,false,Rx,1,4,00,4F,00,12,00,00,00,00,
74229966,00000118,false,Rx,1,4,00,40,00,12,00,00,00,00,
74240491,00000118,false,Rx,1,4,00,41,00,12,00,00,00,00,
74250007,00000118,false,Rx,1,4,00,42,00,12,00,00,00,00,
74262524,00000118,false,Rx,1,4,00,43,00,12,00,00,00,00,
74270092,00000118,false,Rx,1,4,00,44,00,12,00,00,00,00,
74280155,00000118,false,Rx,1,4,00,45,00,12,00,00,00,00,
74290378,00000118,false,Rx,1,4,00,46,00,12,00,00,00,00,
74300159,00000118,false,Rx,1,4,00,47,00,12,00,00,00,00,
74310003,00000118,false,Rx,1,4,00,48,00,12,00,00,00,00,
74320145,00000118,false,Rx,1,4,00,49,00,12,00,00,00,00,
74329996,00000118,false,Rx,1,4,00,4A,00,12,00,00,00,00,
74340116,00000118,false,Rx,1,4,00,4B,00,12,00,00,00,00,
74349999,00000118,false,Rx,1,4,00,4C,00,12,00,00,00,00,
74360131,00000118,false,Rx,1,4,00,4D,00,12,00,00,00,00,
74369986,00000118,false,Rx,1,4,00,4E,00,12,00,00,00,00,
74380100,00000118,false,Rx,1,4,00,4F,00,12,00,00,00,00,
74390048,00000118,false,Rx,1,4,00,40,00,12,00,00,00,00,
74400116,00000118,false,Rx,1,4,00,41,00,12,00,00,00,00,
74409950,00000118,false,Rx,1,4,00,42,00,12,00,00,00,00,
74420088,00000118,false,Rx,1,4,00,43,00,12,00,00,00,00,
74430748,00000118,false,Rx,1,4,00,44,00,12,00,00,00,00,
74440077,00000118,false,Rx,1,4,00,45,00,12,00,00,00,00,
74449959,00000118,false,Rx,1,4,00,46,00,12,00,00,00,00,
74460048,00000118,false,Rx,1,4,00,47,00,12,00,00,00,00,
74469943,00000118,false,Rx,1,4,00,48,00,12,00,00,00,00,
74471080,0000070F,false,Rx,0,8,03,22,02,8D,55,55,55,55,
74480054,00000118,false,Rx,1,4,00,49,00,12,00,00,00,00,
74480351,17F0000F,true,Rx,1,8,00,0F,00,00,00,00,00,00,
74490056,00000118,false,Rx,1,4,00,4A,00,12,00,00,00,00,
74491246,00000779,false,Rx,1,8,05,62,02,8D,69,00,AA,AA,
74500064,00000118,false,Rx,1,4,00,4B,00,12,00,00,00,00,
74509883,00000118,false,Rx,1,4,00,4C,00,12,00,00,00,00,
74520034,00000118,false,Rx,1,4,00,4D,00,12,00,00,00,00,
74529870,00000118,false,Rx,1,4,00,4E,00,12,00,00,00,00,
74539996,00000118,false,Rx,1,4,00,4F,00,12,00,00,00,00,
74549877,00000118,false,Rx,1,4,00,40,00,12,00,00,00,00,
74559984,00000118,false,Rx,1,4,00,41,00,12,00,00,00,00,
74569879,00000118,false,Rx,1,4,00,42,00,12,00,00,00,00,
74579972,00000118,false,Rx,1,4,00,43,00,12,00,00,00,00,
74589943,00000118,false,Rx,1,4,00,44,00,12,00,00,00,00,
74599993,00000118,false,Rx,1,4,00,45,00,12,00,00,00,00,
74609822,00000118,false,Rx,1,4,00,46,00,12,00,00,00,00,
74619964,00000118,false,Rx,1,4,00,47,00,12,00,00,00,00,
74629807,00000118,false,Rx,1,4,00,48,00,12,00,00,00,00,
74639950,00000118,false,Rx,1,4,00,49,00,12,00,00,00,00,
74649815,00000118,false,Rx,1,4,00,4A,00,12,00,00,00,00,
74659941,00000118,false,Rx,1,4,00,4B,00,12,00,00,00,00,
74669805,00000118,false,Rx,1,4,00,4C,00,12,00,00,00,00,
74679910,00000118,false,Rx,1,4,00,4D,00,12,00,00,00,00,
74689861,00000118,false,Rx,1,4,00,4E,00,12,00,00,00,00,
74699952,00000118,false,Rx,1,4,00,4F,00,12,00,00,00,00,
74710161,00000118,false,Rx,1,4,00,40,00,12,00,00,00,00,
74720305,00000118,false,Rx,1,4,00,41,00,12,00,00,00,00,
74730148,00000118,false,Rx,1,4,00,42,00,12,00,00,00,00,
74740480,00000118,false,Rx,1,4,00,43,00,12,00,00,00,00,
74750538,00000118,false,Rx,1,4,00,44,00,12,00,00,00,00,
74765101,00000118,false,Rx,1,4,00,45,00,12,00,00,00,00,
74770162,00000118,false,Rx,1,4,00,46,00,12,00,00,00,00,
74780270,00000118,false,Rx,1,4,00,47,00,12,00,00,00,00,
74790302,00000118,false,Rx,1,4,00,48,00,12,00,00,00,00,
74793727,0000070F,false,Rx,0,8,03,22,2B,F1,55,55,55,55,
74800312,00000118,false,Rx,1,4,00,49,00,12,00,00,00,00,
74810100,00000118,false,Rx,1,4,00,4A,00,12,00,00,00,00,
74811355,00000779,false,Rx,1,8,05,62,2B,F1,13,6C,AA,AA,
74820251,00000118,false,Rx,1,4,00,4B,00,12,00,00,00,00,
74830089,00000118,false,Rx,1,4,00,4C,00,12,00,00,00,00,
74840212,00000118,false,Rx,1,4,00,4D,00,12,00,00,00,00,
74850093,00000118,false,Rx,1,4,00,4E,00,12,00,00,00,00,
74860203,00000118,false,Rx,1,4,00,4F,00,12,00,00,00,00,
74870096,00000118,false,Rx,1,4,00,40,00,12,00,00,00,00,
74880194,00000118,false,Rx,1,4,00,41,00,12,00,00,00,00,
74890309,00000118,false,Rx,1,4,00,42,00,12,00,00,00,00,
74900231,00000118,false,Rx,1,4,00,43,00,12,00,00,00,00,
74910436,00000118,false,Rx,1,4,00,44,00,12,00,00,00,00,
74920582,00000118,false,Rx,1,4,00,45,00,12,00,00,00,00,
74930427,00000118,false,Rx,1,4,00,46,00,12,00,00,00,00,
74940550,00000118,false,Rx,1,4,00,47,00,12,00,00,00,00,
74950430,00000118,false,Rx,1,4,00,48,00,12,00,00,00,00,
74960539,00000118,false,Rx,1,4,00,49,00,12,00,00,00,00,
74970421,00000118,false,Rx,1,4,00,4A,00,12,00,00,00,00,
74980528,00000118,false,Rx,1,4,00,4B,00,12,00,00,00,00,
74980822,17F0000F,true,Rx,1,8,00,0F,00,00,00,00,00,00,
74990486,00000118,false,Rx,1,4,00,4C,00,12,00,00,00,00,
75000549,00000118,false,Rx,1,4,00,4D,00,12,00,00,00,00,
75010377,00000118,false,Rx,1,4,00,4E,00,12,00,00,00,00,
75020530,00000118,false,Rx,1,4,00,4F,00,12,00,00,00,00,
75030368,00000118,false,Rx,1,4,00,40,00,12,00,00,00,00,
75040491,00000118,false,Rx,1,4,00,41,00,12,00,00,00,00,
75050372,00000118,false,Rx,1,4,00,42,00,12,00,00,00,00,
75060481,00000118,false,Rx,1,4,00,43,00,12,00,00,00,00,
75070357,00000118,false,Rx,1,4,00,44,00,12,00,00,00,00,
75080472,00000118,false,Rx,1,4,00,45,00,12,00,00,00,00,
75090421,00000118,false,Rx,1,4,00,46,00,12,00,00,00,00,
75100489,00000118,false,Rx,1,4,00,47,00,12,00,00,00,00,
75110315,00000118,false,Rx,1,4,00,48,00,12,00,00,00,00,
75111503,0000070F,false,Rx,0,8,03,22,2B,E4,55,55,55,55,
75120483,00000118,false,Rx,1,4,00,49,00,12,00,00,00,00,
75130305,00000118,false,Rx,1,4,00,4A,00,12,00,00,00,00,
75131558,00000779,false,Rx,1,8,05,62,2B,E4,45,62,AA,AA,
75140439,00000118,false,Rx,1,4,00,4B,00,12,00,00,00,00,
75150311,00000118,false,Rx,1,4,00,4C,00,12,00,00,00,00,
75160418,00000118,false,Rx,1,4,00,4D,00,12,00,00,00,00,
75170298,00000118,false,Rx,1,4,00,4E,00,12,00,00,00,00,
75180410,00000118,false,Rx,1,4,00,4F,00,12,00,00,00,00,
75190359,00000118,false,Rx,1,4,00,40,00,12,00,00,00,00,
75200431,00000118,false,Rx,1,4,00,41,00,12,00,00,00,00,
75210257,00000118,false,Rx,1,4,00,42,00,12,00,00,00,00,
75220400,00000118,false,Rx,1,4,00,43,00,12,00,00,00,00,
75230242,00000118,false,Rx,1,4,00,44,00,12,00,00,00,00,
75240374,00000118,false,Rx,1,4,00,45,00,12,00,00,00,00,
75250296,00000118,false,Rx,1,4,00,46,00,12,00,00,00,00,
75260395,00000118,false,Rx,1,4,00,47,00,12,00,00,00,00,
75270545,00000118,false,Rx,1,4,00,48,00,12,00,00,00,00,
75280493,00000118,false,Rx,1,4,00,49,00,12,00,00,00,00,
75290364,00000118,false,Rx,1,4,00,4A,00,12,00,00,00,00,
75300566,00000118,false,Rx,1,4,00,4B,00,12,00,00,00,00,
75310088,00000118,false,Rx,1,4,00,4C,00,12,00,00,00,00,
75320427,00000118,false,Rx,1,4,00,4D,00,12,00,00,00,00,
75330095,00000118,false,Rx,1,4,00,4E,00,12,00,00,00,00,
75340417,00000118,false,Rx,1,4,00,4F,00,12,00,00,00,00,
75350082,00000118,false,Rx,1,4,00,40,00,12,00,00,00,00,
75360405,00000118,false,Rx,1,4,00,41,00,12,00,00,00,00,
75370052,00000118,false,Rx,1,4,00,42,00,12,00,00,00,00,
75380411,00000118,false,Rx,1,4,00,43,00,12,00,00,00,00,
75390118,00000118,false,Rx,1,4,00,44,00,12,00,00,00,00,
75400504,00000118,false,Rx,1,4,00,45,00,12,00,00,00,00,
75410028,00000118,false,Rx,1,4,00,46,00,12,00,00,00,00,
75420366,00000118,false,Rx,1,4,00,47,00,12,00,00,00,00,
75429882,0000070F,false,Rx,0,8,03,22,02,8D,55,55,55,55,
75430031,00000118,false,Rx,1,4,00,48,00,12,00,00,00,00,
75440378,00000118,false,Rx,1,4,00,49,00,12,00,00,00,00,
75450022,00000118,false,Rx,1,4,00,4A,00,12,00,00,00,00,
75451442,00000779,false,Rx,1,8,05,62,02,8D,6A,00,AA,AA,
75460351,00000118,false,Rx,1,4,00,4B,00,12,00,00,00,00,
75469991,00000118,false,Rx,1,4,00,4C,00,12,00,00,00,00,
75480348,00000118,false,Rx,1,4,00,4D,00,12,00,00,00,00,
75480644,17F0000F,true,Rx,1,8,00,0F,00,00,00,00,00,00,
75490111,00000118,false,Rx,1,4,00,4E,00,12,00,00,00,00,
75500446,00000118,false,Rx,1,4,00,4F,00,12,00,00,00,00,
75509967,00000118,false,Rx,1,4,00,40,00,12,00,00,00,00,
75520317,00000118,false,Rx,1,4,00,41,00,12,00,00,00,00,
75529973,00000118,false,Rx,1,4,00,42,00,12,00,00,00,00,
75540296,00000118,false,Rx,1,4,00,43,00,12,00,00,00,00,
75549962,00000118,false,Rx,1,4,00,44,00,12,00,00,00,00,
75560282,00000118,false,Rx,1,4,00,45,00,12,00,00,00,00,
75569950,00000118,false,Rx,1,4,00,46,00,12,00,00,00,00,
75580288,00000118,false,Rx,1,4,00,47,00,12,00,00,00,00,
75590110,00000118,false,Rx,1,4,00,48,00,12,00,00,00,00,
75600383,00000118,false,Rx,1,4,00,49,00,12,00,00,00,00,
75609906,00000118,false,Rx,1,4,00,4A,00,12,00,00,00,00,
75620245,00000118,false,Rx,1,4,00,4B,00,12,00,00,00,00,
75629934,00000118,false,Rx,1,4,00,4C,00,12,00,00,00,00,
75640233,00000118,false,Rx,1,4,00,4D,00,12,00,00,00,00,
75649898,00000118,false,Rx,1,4,00,4E,00,12,00,00,00,00,
75660226,00000118,false,Rx,1,4,00,4F,00,12,00,00,00,00,
75669851,00000118,false,Rx,1,4,00,40,00,12,00,00,00,00,
75680230,00000118,false,Rx,1,4,00,41,00,12,00,00,00,00,
75689873,00000118,false,Rx,1,4,00,42,00,12,00,00,00,00,
75700723,00000118,false,Rx,1,4,00,43,00,12,00,00,00,00,
75710242,00000118,false,Rx,1,4,00,44,00,12,00,00,00,00,
75720585,00000118,false,Rx,1,4,00,45,00,12,00,00,00,00,
75730250,00000118,false,Rx,1,4,00,46,00,12,00,00,00,00,
75740576,00000118,false,Rx,1,4,00,47,00,12,00,00,00,00,
75741986,0000070F,false,Rx,0,8,03,22,2B,F1,55,55,55,55,
75750392,00000118,false,Rx,1,4,00,48,00,12,00,00,00,00,
75763008,00000118,false,Rx,1,4,00,49,00,12,00,00,00,00,
75763027,00000779,false,Rx,1,8,05,62,2B,F1,45,6C,AA,AA,
75770376,00000118,false,Rx,1,4,00,4A,00,12,00,00,00,00,
75780862,00000118,false,Rx,1,4,00,4B,00,12,00,00,00,00,
75790826,00000118,false,Rx,1,4,00,4C,00,12,00,00,00,00,
75800849,00000118,false,Rx,1,4,00,4D,00,12,00,00,00,00,
75810692,00000118,false,Rx,1,4,00,4E,00,12,00,00,00,00,
75820818,00000118,false,Rx,1,4,00,4F,00,12,00,00,00,00,
75830698,00000118,false,Rx,1,4,00,40,00,12,00,00,00,00,
75840805,00000118,false,Rx,1,4,00,41,00,12,00,00,00,00,
75850686,00000118,false,Rx,1,4,00,42,00,12,00,00,00,00,
75860794,00000118,false,Rx,1,4,00,43,00,12,00,00,00,00,
75870652,00000118,false,Rx,1,4,00,44,00,12,00,00,00,00,
75880800,00000118,false,Rx,1,4,00,45,00,12,00,00,00,00,
75890750,00000118,false,Rx,1,4,00,46,00,12,00,00,00,00,
75900790,00000118,false,Rx,1,4,00,47,00,12,00,00,00,00,
75910629,00000118,false,Rx,1,4,00,48,00,12,00,00,00,00,
75920754,00000118,false,Rx,1,4,00,49,00,12,00,00,00,00,
75930637,00000118,false,Rx,1,4,00,4A,00,12,00,00,00,00,
75940743,00000118,false,Rx,1,4,00,4B,00,12,00,00,00,00,
75950625,00000118,false,Rx,1,4,00,4C,00,12,00,00,00,00,
75960730,00000118,false,Rx,1,4,00,4D,00,12,00,00,00,00,
75970595,00000118,false,Rx,1,4,00,4E,00,12,00,00,00,00,
75980739,00000118,false,Rx,1,4,00,4F,00,12,00,00,00,00,
75981035,17F0000F,true,Rx,1,8,00,0F,00,00,00,00,00,00,
75990700,00000118,false,Rx,1,4,00,40,00,12,00,00,00,00,
76000731,00000118,false,Rx,1,4,00,41,00,12,00,00,00,00,
76010570,00000118,false,Rx,1,4,00,42,00,12,00,00,00,00,
76020718,00000118,false,Rx,1,4,00,43,00,12,00,00,00,00,
76030573,00000118,false,Rx,1,4,00,44,00,12,00,00,00,00,
76040682,00000118,false,Rx,1,4,00,45,00,12,00,00,00,00,
76050564,00000118,false,Rx,1,4,00,46,00,12,00,00,00,00,
76060670,00000118,false,Rx,1,4,00,47,00,12,00,00,00,00,
76062957,0000070F,false,Rx,0,8,03,22,2B,E4,55,55,55,55,
76070554,00000118,false,Rx,1,4,00,48,00,12,00,00,00,00,
76080676,00000118,false,Rx,1,4,00,49,00,12,00,00,00,00,
76082891,00000779,false,Rx,1,8,05,62,2B,E4,A9,62,AA,AA,
76090641,00000118,false,Rx,1,4,00,4A,00,12,00,00,00,00,
76100681,00000118,false,Rx,1,4,00,4B,00,12,00,00,00,00,
76110508,00000118,false,Rx,1,4,00,4C,00,12,00,00,00,00,
76120634,00000118,false,Rx,1,4,00,4D,00,12,00,00,00,00,
76130515,00000118,false,Rx,1,4,00,4E,00,12,00,00,00,00,
76140622,00000118,false,Rx,1,4,00,4F,00,12,00,00,00,00,
76150503,00000118,false,Rx,1,4,00,40,00,12,00,00,00,00,
76160611,00000118,false,Rx,1,4,00,41,00,12,00,00,00,00,
76170473,00000118,false,Rx,1,4,00,42,00,12,00,00,00,00,
76180617,00000118,false,Rx,1,4,00,43,00,12,00,00,00,00,
76190569,00000118,false,Rx,1,4,00,44,00,12,00,00,00,00,
76200603,00000118,false,Rx,1,4,00,45,00,12,00,00,00,00,
76210448,00000118,false,Rx,1,4,00,46,00,12,00,00,00,00,
76220572,00000118,false,Rx,1,4,00,47,00,12,00,00,00,00,
76230453,00000118,false,Rx,1,4,00,48,00,12,00,00,00,00,
76240566,00000118,false,Rx,1,4,00,49,00,12,00,00,00,00,
76250489,00000118,false,Rx,1,4,00,4A,00,12,00,00,00,00,
76264097,00000118,false,Rx,1,4,00,4B,00,12,00,00,00,00,
76270429,00000118,false,Rx,1,4,00,4C,00,12,00,00,00,00,
76280558,00000118,false,Rx,1,4,00,4D,00,12,00,00,00,00,
76290650,00000118,false,Rx,1,4,00,4E,00,12,00,00,00,00,
76300543,00000118,false,Rx,1,4,00,4F,00,12,00,00,00,00,
76310391,00000118,false,Rx,1,4,00,40,00,12,00,00,00,00,
76320515,00000118,false,Rx,1,4,00,41,00,12,00,00,00,00,
76330394,00000118,false,Rx,1,4,00,42,00,12,00,00,00,00,
76340506,00000118,false,Rx,1,4,00,43,00,12,00,00,00,00,
76350381,00000118,false,Rx,1,4,00,44,00,12,00,00,00,00,
76360488,00000118,false,Rx,1,4,00,45,00,12,00,00,00,00,
76370351,00000118,false,Rx,1,4,00,46,00,12,00,00,00,00,
76380494,00000118,false,Rx,1,4,00,47,00,12,00,00,00,00,
76390446,00000118,false,Rx,1,4,00,48,00,12,00,00,00,00,
76397856,0000070F,false,Rx,0,8,03,22,02,8D,55,55,55,55,
76400505,00000118,false,Rx,1,4,00,49,00,12,00,00,00,00,
76410328,00000118,false,Rx,1,4,00,4A,00,12,00,00,00,00,
76411583,00000779,false,Rx,1,8,05,62,02,8D,6A,00,AA,AA,
76420460,00000118,false,Rx,1,4,00,4B,00,12,00,00,00,00,
76430334,00000118,false,Rx,1,4,00,4C,00,12,00,00,00,00,
76440439,00000118,false,Rx,1,4,00,4D,00,12,00,00,00,00,
76450320,00000118,false,Rx,1,4,00,4E,00,12,00,00,00,00,
76460429,00000118,false,Rx,1,4,00,4F,00,12,00,00,00,00,
76470290,00000118,false,Rx,1,4,00,40,00,12,00,00,00,00,
76480435,00000118,false,Rx,1,4,00,41,00,12,00,00,00,00,
76480731,17F0000F,true,Rx,1,8,00,0F,00,00,00,00,00,00,
76490401,00000118,false,Rx,1,4,00,42,00,12,00,00,00,00,
76500422,00000118,false,Rx,1,4,00,43,00,12,00,00,00,00,
76510266,00000118,false,Rx,1,4,00,44,00,12,00,00,00,00,
76520402,00000118,false,Rx,1,4,00,45,00,12,00,00,00,00,
76530274,00000118,false,Rx,1,4,00,46,00,12,00,00,00,00,
76540377,00000118,false,Rx,1,4,00,47,00,12,00,00,00,00,
76550257,00000118,false,Rx,1,4,00,48,00,12,00,00,00,00,
76560368,00000118,false,Rx,1,4,00,49,00,12,00,00,00,00,
76570232,00000118,false,Rx,1,4,00,4A,00,12,00,00,00,00,
76580371,00000118,false,Rx,1,4,00,4B,00,12,00,00,00,00,
76590326,00000118,false,Rx,1,4,00,4C,00,12,00,00,00,00,
76600360,00000118,false,Rx,1,4,00,4D,00,12,00,00,00,00,
76610216,00000118,false,Rx,1,4,00,4E,00,12,00,00,00,00,
76620336,00000118,false,Rx,1,4,00,4F,00,12,00,00,00,00,
76630211,00000118,false,Rx,1,4,00,40,00,12,00,00,00,00,
76640319,00000118,false,Rx,1,4,00,41,00,12,00,00,00,00,
76650199,00000118,false,Rx,1,4,00,42,00,12,00,00,00,00,
76660308,00000118,false,Rx,1,4,00,43,00,12,00,00,00,00,
76670167,00000118,false,Rx,1,4,00,44,00,12,00,00,00,00,
76680311,00000118,false,Rx,1,4,00,45,00,12,00,00,00,00,
76690264,00000118,false,Rx,1,4,00,46,00,12,00,00,00,00,
76700299,00000118,false,Rx,1,4,00,47,00,12,00,00,00,00,
76710142,00000118,false,Rx,1,4,00,48,00,12,00,00,00,00,
76720272,00000118,false,Rx,1,4,00,49,00,12,00,00,00,00,
76725488,0000070F,false,Rx,0,8,03,22,2B,F1,55,55,55,55,
76730173,00000118,false,Rx,1,4,00,4A,00,12,00,00,00,00,
76740264,00000118,false,Rx,1,4,00,4B,00,12,00,00,00,00,
76742470,00000779,false,Rx,1,8,05,62,2B,F1,A9,6C,AA,AA,
76750184,00000118,false,Rx,1,4,00,4C,00,12,00,00,00,00,
76764278,00000118,false,Rx,1,4,00,4D,00,12,00,00,00,00,
76770285,00000118,false,Rx,1,4,00,4E,00,12,00,00,00,00,
76780258,00000118,false,Rx,1,4,00,4F,00,12,00,00,00,00,
76790310,00000118,false,Rx,1,4,00,40,00,12,00,00,00,00,
76800275,00000118,false,Rx,1,4,00,41,00,12,00,00,00,00,
76810483,00000118,false,Rx,1,4,00,42,00,12,00,00,00,00,
76820620,00000118,false,Rx,1,4,00,43,00,12,00,00,00,00,
76830490,00000118,false,Rx,1,4,00,44,00,12,00,00,00,00,
76840597,00000118,false,Rx,1,4,00,45,00,12,00,00,00,00,
76850478,00000118,false,Rx,1,4,00,46,00,12,00,00,00,00,
76860584,00000118,false,Rx,1,4,00,47,00,12,00,00,00,00,
76870445,00000118,false,Rx,1,4,00,48,00,12,00,00,00,00,
76880591,00000118,false,Rx,1,4,00,49,00,12,00,00,00,00,
76890524,00000118,false,Rx,1,4,00,4A,00,12,00,00,00,00,
76900594,00000118,false,Rx,1,4,00,4B,00,12,00,00,00,00,
76910423,00000118,false,Rx,1,4,00,4C,00,12,00,00,00,00,
76920557,00000118,false,Rx,1,4,00,4D,00,12,00,00,00,00,
76930430,00000118,false,Rx,1,4,00,4E,00,12,00,00,00,00,
76940536,00000118,false,Rx,1,4,00,4F,00,12,00,00,00,00,
76950416,00000118,false,Rx,1,4,00,40,00,12,00,00,00,00,
76960524,00000118,false,Rx,1,4,00,41,00,12,00,00,00,00,
76970386,00000118,false,Rx,1,4,00,42,00,12,00,00,00,00,
76980531,00000118,false,Rx,1,4,00,43,00,12,00,00,00,00,
76980827,17F0000F,true,Rx,1,8,00,0F,00,00,00,00,00,00,
76990470,00000118,false,Rx,1,4,00,44,00,12,00,00,00,00,
77000533,00000118,false,Rx,1,4,00,45,00,12,00,00,00,00,
77010362,00000118,false,Rx,1,4,00,46,00,12,00,00,00,00,
77020503,00000118,false,Rx,1,4,00,47,00,12,00,00,00,00,
77030367,00000118,false,Rx,1,4,00,48,00,12,00,00,00,00,
77040473,00000118,false,Rx,1,4,00,49,00,12,00,00,00,00,
77049370,0000070F,false,Rx,0,8,03,22,2B,E4,55,55,55,55,
77050378,00000118,false,Rx,1,4,00,4A,00,12,00,00,00,00,
77060462,00000118,false,Rx,1,4,00,4B,00,12,00,00,00,00,
77062677,00000779,false,Rx,1,8,05,62,2B,E4,A9,62,AA,AA,
77070335,00000118,false,Rx,1,4,00,4C,00,12,00,00,00,00,
77080467,00000118,false,Rx,1,4,00,4D,00,12,00,00,00,00,
77090403,00000118,false,Rx,1,4,00,4E,00,12,00,00,00,00,
77100475,00000118,false,Rx,1,4,00,4F,00,12,00,00,00,00,
77110301,00000118,false,Rx,1,4,00,40,00,12,00,00,00,00,
77120427,00000118,false,Rx,1,4,00,41,00,12,00,00,00,00,
77130313,00000118,false,Rx,1,4,00,42,00,12,00,00,00,00,
77140416,00000118,false,Rx,1,4,00,43,00,12,00,00,00,00,
77150294,00000118,false,Rx,1,4,00,44,00,12,00,00,00,00,
77160400,00000118,false,Rx,1,4,00,45,00,12,00,00,00,00,
77170263,00000118,false,Rx,1,4,00,46,00,12,00,00,00,00,
77180407,00000118,false,Rx,1,4,00,47,00,12,00,00,00,00,
77190341,00000118,false,Rx,1,4,00,48,00,12,00,00,00,00,
77200411,00000118,false,Rx,1,4,00,49,00,12,00,00,00,00,
77210240,00000118,false,Rx,1,4,00,4A,00,12,00,00,00,00,
77220365,00000118,false,Rx,1,4,00,4B,00,12,00,00,00,00,
77230247,00000118,false,Rx,1,4,00,4C,00,12,00,00,00,00,
77240358,00000118,false,Rx,1,4,00,4D,00,12,00,00,00,00,
77250259,00000118,false,Rx,1,4,00,4E,00,12,00,00,00,00,
77262506,00000118,false,Rx,1,4,00,4F,00,12,00,00,00,00,
77270253,00000118,false,Rx,1,4,00,40,00,12,00,00,00,00,
77280353,00000118,false,Rx,1,4,00,41,00,12,00,00,00,00,
77290405,00000118,false,Rx,1,4,00,42,00,12,00,00,00,00,
77300352,00000118,false,Rx,1,4,00,43,00,12,00,00,00,00,
77310178,00000118,false,Rx,1,4,00,44,00,12,00,00,00,00,
77320303,00000118,false,Rx,1,4,00,45,00,12,00,00,00,00,
77330197,00000118,false,Rx,1,4,00,46,00,12,00,00,00,00,
77340293,00000118,false,Rx,1,4,00,47,00,12,00,00,00,00,
77350172,00000118,false,Rx,1,4,00,48,00,12,00,00,00,00,
77360280,00000118,false,Rx,1,4,00,49,00,12,00,00,00,00,
77366753,0000070F,false,Rx,0,8,03,22,02,8D,55,55,55,55,
77370166,00000118,false,Rx,1,4,00,4A,00,12,00,00,00,00,
77380286,00000118,false,Rx,1,4,00,4B,00,12,00,00,00,00,
77382504,00000779,false,Rx,1,8,05,62,02,8D,6B,00,AA,AA,
77390308,00000118,false,Rx,1,4,00,4C,00,12,00,00,00,00,
77400307,00000118,false,Rx,1,4,00,4D,00,12,00,00,00,00,
77410519,00000118,false,Rx,1,4,00,4E,00,12,00,00,00,00,
77420644,00000118,false,Rx,1,4,00,4F,00,12,00,00,00,00,
77430529,00000118,false,Rx,1,4,00,40,00,12,00,00,00,00,
77440633,00000118,false,Rx,1,4,00,41,00,12,00,00,00,00,
77450513,00000118,false,Rx,1,4,00,42,00,12,00,00,00,00,
77460620,00000118,false,Rx,1,4,00,43,00,12,00,00,00,00,
77470479,00000118,false,Rx,1,4,00,44,00,12,00,00,00,00,
77480624,00000118,false,Rx,1,4,00,45,00,12,00,00,00,00,
77480959,17F0000F,true,Rx,1,8,00,0F,00,00,00,00,00,00,
77490567,00000118,false,Rx,1,4,00,46,00,12,00,00,00,00,
77500630,00000118,false,Rx,1,4,00,47,00,12,00,00,00,00,
77510455,00000118,false,Rx,1,4,00,48,00,12,00,00,00,00,
77520588,00000118,false,Rx,1,4,00,49,00,12,00,00,00,00,
77530464,00000118,false,Rx,1,4,00,4A,00,12,00,00,00,00,
77540580,00000118,false,Rx,1,4,00,4B,00,12,00,00,00,00,
77550450,00000118,false,Rx,1,4,00,4C,00,12,00,00,00,00,
77560557,00000118,false,Rx,1,4,00,4D,00,12,00,00,00,00,
77570422,00000118,false,Rx,1,4,00,4E,00,12,00,00,00,00,
77580565,00000118,false,Rx,1,4,00,4F,00,12,00,00,00,00,
77590498,00000118,false,Rx,1,4,00,40,00,12,00,00,00,00,
77600570,00000118,false,Rx,1,4,00,41,00,12,00,00,00,00,
77610398,00000118,false,Rx,1,4,00,42,00,12,00,00,00,00,
77620522,00000118,false,Rx,1,4,00,43,00,12,00,00,00,00,
77630402,00000118,false,Rx,1,4,00,44,00,12,00,00,00,00,
77640511,00000118,false,Rx,1,4,00,45,00,12,00,00,00,00,
77650391,00000118,false,Rx,1,4,00,46,00,12,00,00,00,00,
77660497,00000118,false,Rx,1,4,00,47,00,12,00,00,00,00,
77670358,00000118,false,Rx,1,4,00,48,00,12,00,00,00,00,
77680504,00000118,false,Rx,1,4,00,49,00,12,00,00,00,00,
77682972,0000070F,false,Rx,0,8,03,22,2B,F1,55,55,55,55,
77690462,00000118,false,Rx,1,4,00,4A,00,12,00,00,00,00,
77700508,00000118,false,Rx,1,4,00,4B,00,12,00,00,00,00,
77702720,00000779,false,Rx,1,8,05,62,2B,F1,DB,6C,AA,AA,
77710346,00000118,false,Rx,1,4,00,4C,00,12,00,00,00,00,
77720460,00000118,false,Rx,1,4,00,4D,00,12,00,00,00,00,
77730342,00000118,false,Rx,1,4,00,4E,00,12,00,00,00,00,
77740458,00000118,false,Rx,1,4,00,4F,00,12,00,00,00,00,
77750987,00000118,false,Rx,1,4,00,40,00,12,00,00,00,00,
77765543,00000118,false,Rx,1,4,00,41,00,12,00,00,00,00,
77770317,00000118,false,Rx,1,4,00,42,00,12,00,00,00,00,
77780466,00000118,false,Rx,1,4,00,43,00,12,00,00,00,00,
77790324,00000118,false,Rx,1,4,00,44,00,12,00,00,00,00,
77800520,00000118,false,Rx,1,4,00,45,00,12,00,00,00,00,
77810276,00000118,false,Rx,1,4,00,46,00,12,00,00,00,00,
77820399,00000118,false,Rx,1,4,00,47,00,12,00,00,00,00,
77830280,00000118,false,Rx,1,4,00,48,00,12,00,00,00,00,
77840406,00000118,false,Rx,1,4,00,49,00,12,00,00,00,00,
77850271,00000118,false,Rx,1,4,00,4A,00,12,00,00,00,00,
77860374,00000118,false,Rx,1,4,00,4B,00,12,00,00,00,00,
77870239,00000118,false,Rx,1,4,00,4C,00,12,00,00,00,00,
77880381,00000118,false,Rx,1,4,00,4D,00,12,00,00,00,00,
77890326,00000118,false,Rx,1,4,00,4E,00,12,00,00,00,00,
77900458,00000118,false,Rx,1,4,00,4F,00,12,00,00,00,00,
77910215,00000118,false,Rx,1,4,00,40,00,12,00,00,00,00,
77920340,00000118,false,Rx,1,4,00,41,00,12,00,00,00,00,
77930221,00000118,false,Rx,1,4,00,42,00,12,00,00,00,00,
77940328,00000118,false,Rx,1,4,00,43,00,12,00,00,00,00,
77950211,00000118,false,Rx,1,4,00,44,00,12,00,00,00,00,
77960315,00000118,false,Rx,1,4,00,45,00,12,00,00,00,00,
77970179,00000118,false,Rx,1,4,00,46,00,12,00,00,00,00,
77980320,00000118,false,Rx,1,4,00,47,00,12,00,00,00,00,
77980617,17F0000F,true,Rx,1,8,00,0F,00,00,00,00,00,00,
77990323,00000118,false,Rx,1,4,00,48,00,12,00,00,00,00,
77997270,0000070F,false,Rx,0,8,03,22,2B,E4,55,55,55,55,
78000420,00000118,false,Rx,1,4,00,49,00,12,00,00,00,00,
78010154,00000118,false,Rx,1,4,00,4A,00,12,00,00,00,00,
78011410,00000779,false,Rx,1,8,05,62,2B,E4,A9,62,AA,AA,
78020301,00000118,false,Rx,1,4,00,4B,00,12,00,00,00,00,
78030164,00000118,false,Rx,1,4,00,4C,00,12,00,00,00,00,
78040266,00000118,false,Rx,1,4,00,4D,00,12,00,00,00,00,
78050154,00000118,false,Rx,1,4,00,4E,00,12,00,00,00,00,
78060258,00000118,false,Rx,1,4,00,4F,00,12,00,00,00,00,
78070117,00000118,false,Rx,1,4,00,40,00,12,00,00,00,00,
78080262,00000118,false,Rx,1,4,00,41,00,12,00,00,00,00,
78090326,00000118,false,Rx,1,4,00,42,00,12,00,00,00,00,
78100339,00000118,false,Rx,1,4,00,43,00,12,00,00,00,00,
78110092,00000118,false,Rx,1,4,00,44,00,12,00,00,00,00,
78120217,00000118,false,Rx,1,4,00,45,00,12,00,00,00,00,
78130098,00000118,false,Rx,1,4,00,46,00,12,00,00,00,00,
78140205,00000118,false,Rx,1,4,00,47,00,12,00,00,00,00,
78150066,00000118,false,Rx,1,4,00,48,00,12,00,00,00,00,
78160211,00000118,false,Rx,1,4,00,49,00,12,00,00,00,00,
78170056,00000118,false,Rx,1,4,00,4A,00,12,00,00,00,00,
78180199,00000118,false,Rx,1,4,00,4B,00,12,00,00,00,00,
78190087,00000118,false,Rx,1,4,00,4C,00,12,00,00,00,00,
78200294,00000118,false,Rx,1,4,00,4D,00,12,00,00,00,00,
78210032,00000118,false,Rx,1,4,00,4E,00,12,00,00,00,00,
78220158,00000118,false,Rx,1,4,00,4F,00,12,00,00,00,00,
78230039,00000118,false,Rx,1,4,00,40,00,12,00,00,00,00,
78240148,00000118,false,Rx,1,4,00,41,00,12,00,00,00,00,
78250010,00000118,false,Rx,1,4,00,42,00,12,00,00,00,00,
78260200,00000118,false,Rx,1,4,00,43,00,12,00,00,00,00,
78274336,00000118,false,Rx,1,4,00,44,00,12,00,00,00,00,
78280264,00000118,false,Rx,1,4,00,45,00,12,00,00,00,00,
78290126,00000118,false,Rx,1,4,00,46,00,12,00,00,00,00,
78300216,00000118,false,Rx,1,4,00,47,00,12,00,00,00,00,
78305491,0000070F,false,Rx,0,8,03,22,02,8D,55,55,55,55,
78309902,00000118,false,Rx,1,4,00,48,00,12,00,00,00,00,
78320203,00000118,false,Rx,1,4,00,49,00,12,00,00,00,00,
78322422,00000779,false,Rx,1,8,05,62,02,8D,6C,00,AA,AA,
78329880,00000118,false,Rx,1,4,00,4A,00,12,00,00,00,00,
78340192,00000118,false,Rx,1,4,00,4B,00,12,00,00,00,00,
78349839,00000118,false,Rx,1,4,00,4C,00,12,00,00,00,00,
78360202,00000118,false,Rx,1,4,00,4D,00,12,00,00,00,00,
78369828,00000118,false,Rx,1,4,00,4E,00,12,00,00,00,00,
78380186,00000118,false,Rx,1,4,00,4F,00,12,00,00,00,00,
78389906,00000118,false,Rx,1,4,00,40,00,12,00,00,00,00,
78400173,00000118,false,Rx,1,4,00,41,00,12,00,00,00,00,
78409821,00000118,false,Rx,1,4,00,42,00,12,00,00,00,00,
78420144,00000118,false,Rx,1,4,00,43,00,12,00,00,00,00,
78429806,00000118,false,Rx,1,4,00,44,00,12,00,00,00,00,
78440130,00000118,false,Rx,1,4,00,45,00,12,00,00,00,00,
78449779,00000118,false,Rx,1,4,00,46,00,12,00,00,00,00,
78460141,00000118,false,Rx,1,4,00,47,00,12,00,00,00,00,
78469764,00000118,false,Rx,1,4,00,48,00,12,00,00,00,00,
78480125,00000118,false,Rx,1,4,00,49,00,12,00,00,00,00,
78480421,17F0000F,true,Rx,1,8,00,0F,00,00,00,00,00,00,
78489854,00000118,false,Rx,1,4,00,4A,00,12,00,00,00,00,
78500111,00000118,false,Rx,1,4,00,4B,00,12,00,00,00,00,
78509761,00000118,false,Rx,1,4,00,4C,00,12,00,00,00,00,
78520081,00000118,false,Rx,1,4,00,4D,00,12,00,00,00,00,
78529759,00000118,false,Rx,1,4,00,4E,00,12,00,00,00,00,
78540072,00000118,false,Rx,1,4,00,4F,00,12,00,00,00,00,
78549718,00000118,false,Rx,1,4,00,40,00,12,00,00,00,00,
78560081,00000118,false,Rx,1,4,00,41,00,12,00,00,00,00,
78569708,00000118,false,Rx,1,4,00,42,00,12,00,00,00,00,
78580065,00000118,false,Rx,1,4,00,43,00,12,00,00,00,00,
78589861,00000118,false,Rx,1,4,00,44,00,12,00,00,00,00,
78600068,00000118,false,Rx,1,4,00,45,00,12,00,00,00,00,
78609700,00000118,false,Rx,1,4,00,46,00,12,00,00,00,00,
78620021,00000118,false,Rx,1,4,00,47,00,12,00,00,00,00,
78622587,0000070F,false,Rx,0,8,03,22,2B,F1,55,55,55,55,
78629708,00000118,false,Rx,1,4,00,48,00,12,00,00,00,00,
78640010,00000118,false,Rx,1,4,00,49,00,12,00,00,00,00,
78642223,00000779,false,Rx,1,8,05,62,2B,F1,35,6D,AA,AA,
78649666,00000118,false,Rx,1,4,00,4A,00,12,00,00,00,00,
78660018,00000118,false,Rx,1,4,00,4B,00,12,00,00,00,00,
78669646,00000118,false,Rx,1,4,00,4C,00,12,00,00,00,00,
78680002,00000118,false,Rx,1,4,00,4D,00,12,00,00,00,00,
78689860,00000118,false,Rx,1,4,00,4E,00,12,00,00,00,00,
78700011,00000118,false,Rx,1,4,00,4F,00,12,00,00,00,00,
78709638,00000118,false,Rx,1,4,00,40,00,12,00,00,00,00,
78719962,00000118,false,Rx,1,4,00,41,00,12,00,00,00,00,
78729626,00000118,false,Rx,1,4,00,42,00,12,00,00,00,00,
78740051,00000118,false,Rx,1,4,00,43,00,12,00,00,00,00,
78749700,00000118,false,Rx,1,4,00,44,00,12,00,00,00,00,
78764593,00000118,false,Rx,1,4,00,45,00,12,00,00,00,00,
78769708,00000118,false,Rx,1,4,00,46,00,12,00,00,00,00,
78779857,00000118,false,Rx,1,4,00,47,00,12,00,00,00,00,
78789821,00000118,false,Rx,1,4,00,48,00,12,00,00,00,00,
78799949,00000118,false,Rx,1,4,00,49,00,12,00,00,00,00,
78809668,00000118,false,Rx,1,4,00,4A,00,12,00,00,00,00,
78819811,00000118,false,Rx,1,4,00,4B,00,12,00,00,00,00,
78829656,00000118,false,Rx,1,4,00,4C,00,12,00,00,00,00,
78839780,00000118,false,Rx,1,4,00,4D,00,12,00,00,00,00,
78849660,00000118,false,Rx,1,4,00,4E,00,12,00,00,00,00,
78859771,00000118,false,Rx,1,4,00,4F,00,12,00,00,00,00,
78869639,00000118,false,Rx,1,4,00,40,00,12,00,00,00,00,
78879776,00000118,false,Rx,1,4,00,41,00,12,00,00,00,00,
78889811,00000118,false,Rx,1,4,00,42,00,12,00,00,00,00,
78899871,00000118,false,Rx,1,4,00,43,00,12,00,00,00,00,
78909605,00000118,false,Rx,1,4,00,44,00,12,00,00,00,00,
78919750,00000118,false,Rx,1,4,00,45,00,12,00,00,00,00,
78929596,00000118,false,Rx,1,4,00,46,00,12,00,00,00,00,
78939719,00000118,false,Rx,1,4,00,47,00,12,00,00,00,00,
78939853,0000070F,false,Rx,0,8,03,22,2B,E4,55,55,55,55,
78949622,00000118,false,Rx,1,4,00,48,00,12,00,00,00,00,
78959708,00000118,false,Rx,1,4,00,49,00,12,00,00,00,00,
78961941,00000779,false,Rx,1,8,05,62,2B,E4,A9,62,AA,AA,
78969584,00000118,false,Rx,1,4,00,4A,00,12,00,00,00,00,
78980115,00000118,false,Rx,1,4,00,4B,00,12,00,00,00,00,
78980410,17F0000F,true,Rx,1,8,00,0F,00,00,00,00,00,00,
78990059,00000118,false,Rx,1,4,00,4C,00,12,00,00,00,00,
79000190,00000118,false,Rx,1,4,00,4D,00,12,00,00,00,00,
79009950,00000118,false,Rx,1,4,00,4E,00,12,00,00,00,00,
79020091,00000118,false,Rx,1,4,00,4F,00,12,00,00,00,00,
79029958,00000118,false,Rx,1,4,00,40,00,12,00,00,00,00,
79040061,00000118,false,Rx,1,4,00,41,00,12,00,00,00,00,
79049950,00000118,false,Rx,1,4,00,42,00,12,00,00,00,00,
79060048,00000118,false,Rx,1,4,00,43,00,12,00,00,00,00,
79069953,00000118,false,Rx,1,4,00,44,00,12,00,00,00,00,
79080036,00000118,false,Rx,1,4,00,45,00,12,00,00,00,00,
79090058,00000118,false,Rx,1,4,00,46,00,12,00,00,00,00,
79100129,00000118,false,Rx,1,4,00,47,00,12,00,00,00,00,
79109883,00000118,false,Rx,1,4,00,48,00,12,00,00,00,00,
79120028,00000118,false,Rx,1,4,00,49,00,12,00,00,00,00,
79129873,00000118,false,Rx,1,4,00,4A,00,12,00,00,00,00,
79139999,00000118,false,Rx,1,4,00,4B,00,12,00,00,00,00,
79149879,00000118,false,Rx,1,4,00,4C,00,12,00,00,00,00,
79159985,00000118,false,Rx,1,4,00,4D,00,12,00,00,00,00,
79169868,00000118,false,Rx,1,4,00,4E,00,12,00,00,00,00,
79179978,00000118,false,Rx,1,4,00,4F,00,12,00,00,00,00,
79190063,00000118,false,Rx,1,4,00,40,00,12,00,00,00,00,
79200071,00000118,false,Rx,1,4,00,41,00,12,00,00,00,00,
79209825,00000118,false,Rx,1,4,00,42,00,12,00,00,00,00,
79219969,00000118,false,Rx,1,4,00,43,00,12,00,00,00,00,
79229811,00000118,false,Rx,1,4,00,44,00,12,00,00,00,00,
79240047,00000118,false,Rx,1,4,00,45,00,12,00,00,00,00,
79249874,00000118,false,Rx,1,4,00,46,00,12,00,00,00,00,
79262663,00000118,false,Rx,1,4,00,47,00,12,00,00,00,00,
79269854,00000118,false,Rx,1,4,00,48,00,12,00,00,00,00,
79272088,0000070F,false,Rx,0,8,03,22,02,8D,55,55,55,55,
79279960,00000118,false,Rx,1,4,00,49,00,12,00,00,00,00,
79289992,00000118,false,Rx,1,4,00,4A,00,12,00,00,00,00,
79291464,00000779,false,Rx,1,8,05,62,02,8D,6C,00,AA,AA,
79299950,00000118,false,Rx,1,4,00,4B,00,12,00,00,00,00,
79309765,00000118,false,Rx,1,4,00,4C,00,12,00,00,00,00,
79319907,00000118,false,Rx,1,4,00,4D,00,12,00,00,00,00,
79329752,00000118,false,Rx,1,4,00,4E,00,12,00,00,00,00,
79339877,00000118,false,Rx,1,4,00,4F,00,12,00,00,00,00,
79349757,00000118,false,Rx,1,4,00,40,00,12,00,00,00,00,
79359867,00000118,false,Rx,1,4,00,41,00,12,00,00,00,00,
79369747,00000118,false,Rx,1,4,00,42,00,12,00,00,00,00,
79379870,00000118,false,Rx,1,4,00,43,00,12,00,00,00,00,
79389869,00000118,false,Rx,1,4,00,44,00,12,00,00,00,00,
79399893,00000118,false,Rx,1,4,00,45,00,12,00,00,00,00,
79410104,00000118,false,Rx,1,4,00,46,00,12,00,00,00,00,
79420245,00000118,false,Rx,1,4,00,47,00,12,00,00,00,00,
79430089,00000118,false,Rx,1,4,00,48,00,12,00,00,00,00,
79440216,00000118,false,Rx,1,4,00,49,00,12,00,00,00,00,
79450098,00000118,false,Rx,1,4,00,4A,00,12,00,00,00,00,
79460203,00000118,false,Rx,1,4,00,4B,00,12,00,00,00,00,
79470085,00000118,false,Rx,1,4,00,4C,00,12,00,00,00,00,
79480192,00000118,false,Rx,1,4,00,4D,00,12,00,00,00,00,
79480488,17F0000F,true,Rx,1,8,00,0F,00,00,00,00,00,00,
79490175,00000118,false,Rx,1,4,00,4E,00,12,00,00,00,00,
79500200,00000118,false,Rx,1,4,00,4F,00,12,00,00,00,00,
79510043,00000118,false,Rx,1,4,00,40,00,12,00,00,00,00,
79520187,00000118,false,Rx,1,4,00,41,00,12,00,00,00,00,
79530038,00000118,false,Rx,1,4,00,42,00,12,00,00,00,00,
79540157,00000118,false,Rx,1,4,00,43,00,12,00,00,00,00,
79550035,00000118,false,Rx,1,4,00,44,00,12,00,00,00,00,
79560180,00000118,false,Rx,1,4,00,45,00,12,00,00,00,00,
79570023,00000118,false,Rx,1,4,00,46,00,12,00,00,00,00,
79580136,00000118,false,Rx,1,4,00,47,00,12,00,00,00,00,
79590084,00000118,false,Rx,1,4,00,48,00,12,00,00,00,00,
79591285,0000070F,false,Rx,0,8,03,22,2B,F1,55,55,55,55,
79600175,00000118,false,Rx,1,4,00,49,00,12,00,00,00,00,
79609982,00000118,false,Rx,1,4,00,4A,00,12,00,00,00,00,
79611305,00000779,false,Rx,1,8,05,62,2B,F1,99,6D,AA,AA,
79620134,00000118,false,Rx,1,4,00,4B,00,12,00,00,00,00,
79629971,00000118,false,Rx,1,4,00,4C,00,12,00,00,00,00,
79640094,00000118,false,Rx,1,4,00,4D,00,12,00,00,00,00,
79649976,00000118,false,Rx,1,4,00,4E,00,12,00,00,00,00,
79660084,00000118,false,Rx,1,4,00,4F,00,12,00,00,00,00,
79669963,00000118,false,Rx,1,4,00,40,00,12,00,00,00,00,
79680072,00000118,false,Rx,1,4,00,41,00,12,00,00,00,00,
79690033,00000118,false,Rx,1,4,00,42,00,12,00,00,00,00,
79700094,00000118,false,Rx,1,4,00,43,00,12,00,00,00,00,
79709939,00000118,false,Rx,1,4,00,44,00,12,00,00,00,00,
79720063,00000118,false,Rx,1,4,00,45,00,12,00,00,00,00,
79729909,00000118,false,Rx,1,4,00,46,00,12,00,00,00,00,
79740067,00000118,false,Rx,1,4,00,47,00,12,00,00,00,00,
79749845,00000118,false,Rx,1,4,00,48,00,12,00,00,00,00,
79760024,00000118,false,Rx,1,4,00,49,00,12,00,00,00,00,
79769942,00000118,false,Rx,1,4,00,4A,00,12,00,00,00,00,
79780013,00000118,false,Rx,1,4,00,4B,00,12,00,00,00,00,
79789972,00000118,false,Rx,1,4,00,4C,00,12,00,00,00,00,
79800032,00000118,false,Rx,1,4,00,4D,00,12,00,00,00,00,
79809862,00000118,false,Rx,1,4,00,4E,00,12,00,00,00,00,
79820004,00000118,false,Rx,1,4,00,4F,00,12,00,00,00,00,
79829849,00000118,false,Rx,1,4,00,40,00,12,00,00,00,00,
79839975,00000118,false,Rx,1,4,00,41,00,12,00,00,00,00,
79849854,00000118,false,Rx,1,4,00,42,00,12,00,00,00,00,
79859962,00000118,false,Rx,1,4,00,43,00,12,00,00,00,00,
79869840,00000118,false,Rx,1,4,00,44,00,12,00,00,00,00,
79879954,00000118,false,Rx,1,4,00,45,00,12,00,00,00,00,
79889905,00000118,false,Rx,1,4,00,46,00,12,00,00,00,00,
79899972,00000118,false,Rx,1,4,00,47,00,12,00,00,00,00,
79907372,0000070F,false,Rx,0,8,03,22,2B,E4,55,55,55,55,
79909821,00000118,false,Rx,1,4,00,48,00,12,00,00,00,00,
79919950,00000118,false,Rx,1,4,00,49,00,12,00,00,00,00,
79922175,00000779,false,Rx,1,8,05,62,2B,E4,A9,62,AA,AA,
79929797,00000118,false,Rx,1,4,00,4A,00,12,00,00,00,00,
79939913,00000118,false,Rx,1,4,00,4B,00,12,00,00,00,00,
79949794,00000118,false,Rx,1,4,00,4C,00,12,00,00,00,00,
79959900,00000118,false,Rx,1,4,00,4D,00,12,00,00,00,00,
79969783,00000118,false,Rx,1,4,00,4E,00,12,00,00,00,00,
79979890,00000118,false,Rx,1,4,00,4F,00,12,00,00,00,00,
79980186,17F0000F,true,Rx,1,8,00,0F,00,00,00,00,00,00,
79989862,00000118,false,Rx,1,4,00,40,00,12,00,00,00,00,
79999955,00000118,false,Rx,1,4,00,41,00,12,00,00,00,00,
80010139,00000118,false,Rx,1,4,00,42,00,12,00,00,00,00,
80020283,00000118,false,Rx,1,4,00,43,00,12,00,00,00,00,
80030139,00000118,false,Rx,1,4,00,44,00,12,00,00,00,00,
80040252,00000118,false,Rx,1,4,00,45,00,12,00,00,00,00,
80050134,00000118,false,Rx,1,4,00,46,00,12,00,00,00,00,
80060239,00000118,false,Rx,1,4,00,47,00,12,00,00,00,00,
80070119,00000118,false,Rx,1,4,00,48,00,12,00,00,00,00,
80080251,00000118,false,Rx,1,4,00,49,00,12,00,00,00,00,
80090199,00000118,false,Rx,1,4,00,4A,00,12,00,00,00,00,
80100247,00000118,false,Rx,1,4,00,4B,00,12,00,00,00,00,
80110084,00000118,false,Rx,1,4,00,4C,00,12,00,00,00,00,
80120220,00000118,false,Rx,1,4,00,4D,00,12,00,00,00,00,
80130067,00000118,false,Rx,1,4,00,4E,00,12,00,00,00,00,
80140192,00000118,false,Rx,1,4,00,4F,00,12,00,00,00,00,
80150072,00000118,false,Rx,1,4,00,40,00,12,00,00,00,00,
80160181,00000118,false,Rx,1,4,00,41,00,12,00,00,00,00,
80170061,00000118,false,Rx,1,4,00,42,00,12,00,00,00,00,
80180168,00000118,false,Rx,1,4,00,43,00,12,00,00,00,00,
80190119,00000118,false,Rx,1,4,00,44,00,12,00,00,00,00,
80200193,00000118,false,Rx,1,4,00,45,00,12,00,00,00,00,
80210018,00000118,false,Rx,1,4,00,46,00,12,00,00,00,00,
80220160,00000118,false,Rx,1,4,00,47,00,12,00,00,00,00,
80230003,00000118,false,Rx,1,4,00,48,00,12,00,00,00,00,
80234615,0000070F,false,Rx,0,8,03,22,02,8D,55,55,55,55,
80240159,00000118,false,Rx,1,4,00,49,00,12,00,00,00,00,
80250053,00000118,false,Rx,1,4,00,4A,00,12,00,00,00,00,
80251281,00000779,false,Rx,1,8,05,62,02,8D,6D,00,AA,AA,
80265628,00000118,false,Rx,1,4,00,4B,00,12,00,00,00,00,
80270069,00000118,false,Rx,1,4,00,4C,00,12,00,00,00,00,
80280145,00000118,false,Rx,1,4,00,4D,00,12,00,00,00,00,
80290092,00000118,false,Rx,1,4,00,4E,00,12,00,00,00,00,
80300230,00000118,false,Rx,1,4,00,4F,00,12,00,00,00,00,
80309961,00000118,false,Rx,1,4,00,40,00,12,00,00,00,00,
80320102,00000118,false,Rx,1,4,00,41,00,12,00,00,00,00,
80329953,00000118,false,Rx,1,4,00,42,00,12,00,00,00,00,
80340072,00000118,false,Rx,1,4,00,43,00,12,00,00,00,00,
80349952,00000118,false,Rx,1,4,00,44,00,12,00,00,00,00,
80360058,00000118,false,Rx,1,4,00,45,00,12,00,00,00,00,
80369939,00000118,false,Rx,1,4,00,46,00,12,00,00,00,00,
80380065,00000118,false,Rx,1,4,00,47,00,12,00,00,00,00,
80390081,00000118,false,Rx,1,4,00,48,00,12,00,00,00,00,
80400161,00000118,false,Rx,1,4,00,49,00,12,00,00,00,00,
80409900,00000118,false,Rx,1,4,00,4A,00,12,00,00,00,00,
80420039,00000118,false,Rx,1,4,00,4B,00,12,00,00,00,00,
80429886,00000118,false,Rx,1,4,00,4C,00,12,00,00,00,00,
80440009,00000118,false,Rx,1,4,00,4D,00,12,00,00,00,00,
80449890,00000118,false,Rx,1,4,00,4E,00,12,00,00,00,00,
80460000,00000118,false,Rx,1,4,00,4F,00,12,00,00,00,00,
80469861,00000118,false,Rx,1,4,00,40,00,12,00,00,00,00,
80480006,00000118,false,Rx,1,4,00,41,00,12,00,00,00,00,
80480302,17F0000F,true,Rx,1,8,00,0F,00,00,00,00,00,00,
80490087,00000118,false,Rx,1,4,00,42,00,12,00,00,00,00,
80500100,00000118,false,Rx,1,4,00,43,00,12,00,00,00,00,
80509838,00000118,false,Rx,1,4,00,44,00,12,00,00,00,00,
80519979,00000118,false,Rx,1,4,00,45,00,12,00,00,00,00,
80529833,00000118,false,Rx,1,4,00,46,00,12,00,00,00,00,
80539272,0000070F,false,Rx,0,8,03,22,2B,F1,55,55,55,55,
80539976,00000118,false,Rx,1,4,00,47,00,12,00,00,00,00,
80549828,00000118,false,Rx,1,4,00,48,00,12,00,00,00,00,
80551083,00000779,false,Rx,1,8,05,62,2B,F1,CB,6D,AA,AA,
80559950,00000118,false,Rx,1,4,00,49,00,12,00,00,00,00,
80569848,00000118,false,Rx,1,4,00,4A,00,12,00,00,00,00,
80579950,00000118,false,Rx,1,4,00,4B,00,12,00,00,00,00,
80589832,00000118,false,Rx,1,4,00,4C,00,12,00,00,00,00,
80600037,00000118,false,Rx,1,4,00,4D,00,12,00,00,00,00,
80609781,00000118,false,Rx,1,4,00,4E,00,12,00,00,00,00,
80619939,00000118,false,Rx,1,4,00,4F,00,12,00,00,00,00,
80629763,00000118,false,Rx,1,4,00,40,00,12,00,00,00,00,
80639891,00000118,false,Rx,1,4,00,41,00,12,00,00,00,00,
80649769,00000118,false,Rx,1,4,00,42,00,12,00,00,00,00,
80659879,00000118,false,Rx,1,4,00,43,00,12,00,00,00,00,
80669825,00000118,false,Rx,1,4,00,44,00,12,00,00,00,00,
80679881,00000118,false,Rx,1,4,00,45,00,12,00,00,00,00,
80689826,00000118,false,Rx,1,4,00,46,00,12,00,00,00,00,
80699995,00000118,false,Rx,1,4,00,47,00,12,00,00,00,00,
80709697,00000118,false,Rx,1,4,00,48,00,12,00,00,00,00,
80719876,00000118,false,Rx,1,4,00,49,00,12,00,00,00,00,
80729685,00000118,false,Rx,1,4,00,4A,00,12,00,00,00,00,
80739845,00000118,false,Rx,1,4,00,4B,00,12,00,00,00,00,
80750126,00000118,false,Rx,1,4,00,4C,00,12,00,00,00,00,
80765893,00000118,false,Rx,1,4,00,4D,00,12,00,00,00,00,
80770088,00000118,false,Rx,1,4,00,4E,00,12,00,00,00,00,
80780260,00000118,false,Rx,1,4,00,4F,00,12,00,00,00,00,
80790091,00000118,false,Rx,1,4,00,40,00,12,00,00,00,00,
80800355,00000118,false,Rx,1,4,00,41,00,12,00,00,00,00,
80810073,00000118,false,Rx,1,4,00,42,00,12,00,00,00,00,
80820235,00000118,false,Rx,1,4,00,43,00,12,00,00,00,00,
80830423,00000118,false,Rx,1,4,00,44,00,12,00,00,00,00,
80840585,00000118,false,Rx,1,4,00,45,00,12,00,00,00,00,
80840696,0000070F,false,Rx,0,8,03,22,2B,E4,55,55,55,55,
80850872,00000118,false,Rx,1,4,00,46,00,12,00,00,00,00,
80860960,00000118,false,Rx,1,4,00,47,00,12,00,00,00,00,
80863169,00000779,false,Rx,1,8,05,62,2B,E4,A9,62,AA,AA,
80870825,00000118,false,Rx,1,4,00,48,00,12,00,00,00,00,
80880961,00000118,false,Rx,1,4,00,49,00,12,00,00,00,00,
80890813,00000118,false,Rx,1,4,00,4A,00,12,00,00,00,00,
80901055,00000118,false,Rx,1,4,00,4B,00,12,00,00,00,00,
80910800,00000118,false,Rx,1,4,00,4C,00,12,00,00,00,00,
80920953,00000118,false,Rx,1,4,00,4D,00,12,00,00,00,00,
80930782,00000118,false,Rx,1,4,00,4E,00,12,00,00,00,00,
80940909,00000118,false,Rx,1,4,00,4F,00,12,00,00,00,00,
80950788,00000118,false,Rx,1,4,00,40,00,12,00,00,00,00,
80960896,00000118,false,Rx,1,4,00,41,00,12,00,00,00,00,
80970757,00000118,false,Rx,1,4,00,42,00,12,00,00,00,00,
80980902,00000118,false,Rx,1,4,00,43,00,12,00,00,00,00,
80981199,17F0000F,true,Rx,1,8,00,0F,00,00,00,00,00,00,
80990810,00000118,false,Rx,1,4,00,44,00,12,00,00,00,00,
81000995,00000118,false,Rx,1,4,00,45,00,12,00,00,00,00,
81010733,00000118,false,Rx,1,4,00,46,00,12,00,00,00,00,
81020879,00000118,false,Rx,1,4,00,47,00,12,00,00,00,00,
81030724,00000118,false,Rx,1,4,00,48,00,12,00,00,00,00,
81040846,00000118,false,Rx,1,4,00,49,00,12,00,00,00,00,
81050727,00000118,false,Rx,1,4,00,4A,00,12,00,00,00,00,
81060834,00000118,false,Rx,1,4,00,4B,00,12,00,00,00,00,
81070697,00000118,false,Rx,1,4,00,4C,00,12,00,00,00,00,
81080839,00000118,false,Rx,1,4,00,4D,00,12,00,00,00,00,
81090806,00000118,false,Rx,1,4,00,4E,00,12,00,00,00,00,
81100950,00000118,false,Rx,1,4,00,4F,00,12,00,00,00,00,
81110672,00000118,false,Rx,1,4,00,40,00,12,00,00,00,00,
81120827,00000118,false,Rx,1,4,00,41,00,12,00,00,00,00,
81130661,00000118,false,Rx,1,4,00,42,00,12,00,00,00,00,
81140787,00000118,false,Rx,1,4,00,43,00,12,00,00,00,00,
81150664,00000118,false,Rx,1,4,00,44,00,12,00,00,00,00,
81157547,0000070F,false,Rx,0,8,03,22,02,8D,55,55,55,55,
81160795,00000118,false,Rx,1,4,00,45,00,12,00,00,00,00,
81170635,00000118,false,Rx,1,4,00,46,00,12,00,00,00,00,
81171893,00000779,false,Rx,1,8,05,62,02,8D,6E,00,AA,AA,
81180789,00000118,false,Rx,1,4,00,47,00,12,00,00,00,00,
81190815,00000118,false,Rx,1,4,00,48,00,12,00,00,00,00,
81200874,00000118,false,Rx,1,4,00,49,00,12,00,00,00,00,
81210612,00000118,false,Rx,1,4,00,4A,00,12,00,00,00,00,
81220757,00000118,false,Rx,1,4,00,4B,00,12,00,00,00,00,
81230600,00000118,false,Rx,1,4,00,4C,00,12,00,00,00,00,
81240731,00000118,false,Rx,1,4,00,4D,00,12,00,00,00,00,
81250975,00000118,false,Rx,1,4,00,4E,00,12,00,00,00,00,
81265509,00000118,false,Rx,1,4,00,4F,00,12,00,00,00,00,
81270615,00000118,false,Rx,1,4,00,40,00,12,00,00,00,00,
81280731,00000118,false,Rx,1,4,00,41,00,12,00,00,00,00,
81290834,00000118,false,Rx,1,4,00,42,00,12,00,00,00,00,
81300816,00000118,false,Rx,1,4,00,43,00,12,00,00,00,00,
81310549,00000118,false,Rx,1,4,00,44,00,12,00,00,00,00,
81320708,00000118,false,Rx,1,4,00,45,00,12,00,00,00,00,
81330544,00000118,false,Rx,1,4,00,46,00,12,00,00,00,00,
81340666,00000118,false,Rx,1,4,00,47,00,12,00,00,00,00,
81350545,00000118,false,Rx,1,4,00,48,00,12,00,00,00,00,
81360652,00000118,false,Rx,1,4,00,49,00,12,00,00,00,00,
81370563,00000118,false,Rx,1,4,00,4A,00,12,00,00,00,00,
81380657,00000118,false,Rx,1,4,00,4B,00,12,00,00,00,00,
81390557,00000118,false,Rx,1,4,00,4C,00,12,00,00,00,00,
81400755,00000118,false,Rx,1,4,00,4D,00,12,00,00,00,00,
81410491,00000118,false,Rx,1,4,00,4E,00,12,00,00,00,00,
81420635,00000118,false,Rx,1,4,00,4F,00,12,00,00,00,00,
81430482,00000118,false,Rx,1,4,00,40,00,12,00,00,00,00,
81440606,00000118,false,Rx,1,4,00,41,00,12,00,00,00,00,
81450486,00000118,false,Rx,1,4,00,42,00,12,00,00,00,00,
81460593,00000118,false,Rx,1,4,00,43,00,12,00,00,00,00,
81470564,00000118,false,Rx,1,4,00,44,00,12,00,00,00,00,
81480208,0000070F,false,Rx,0,8,03,22,2B,F1,55,55,55,55,
81480625,00000118,false,Rx,1,4,00,45,00,12,00,00,00,00,
81480977,17F0000F,true,Rx,1,8,00,0F,00,00,00,00,00,00,
81490573,00000118,false,Rx,1,4,00,46,00,12,00,00,00,00,
81500693,00000118,false,Rx,1,4,00,47,00,12,00,00,00,00,
81502907,00000779,false,Rx,1,8,05,62,2B,F1,2F,6E,AA,AA,
81510420,00000118,false,Rx,1,4,00,48,00,12,00,00,00,00,
81520591,00000118,false,Rx,1,4,00,49,00,12,00,00,00,00,
81530412,00000118,false,Rx,1,4,00,4A,00,12,00,00,00,00,
81540560,00000118,false,Rx,1,4,00,4B,00,12,00,00,00,00,
81550826,00000118,false,Rx,1,4,00,4C,00,12,00,00,00,00,
81560950,00000118,false,Rx,1,4,00,4D,00,12,00,00,00,00,
81570794,00000118,false,Rx,1,4,00,4E,00,12,00,00,00,00,
81580950,00000118,false,Rx,1,4,00,4F,00,12,00,00,00,00,
81590798,00000118,false,Rx,1,4,00,40,00,12,00,00,00,00,
81601035,00000118,false,Rx,1,4,00,41,00,12,00,00,00,00,
81610771,00000118,false,Rx,1,4,00,42,00,12,00,00,00,00,
81620934,00000118,false,Rx,1,4,00,43,00,12,00,00,00,00,
81630764,00000118,false,Rx,1,4,00,44,00,12,00,00,00,00,
81640883,00000118,false,Rx,1,4,00,45,00,12,00,00,00,00,
81650765,00000118,false,Rx,1,4,00,46,00,12,00,00,00,00,
81660870,00000118,false,Rx,1,4,00,47,00,12,00,00,00,00,
81670732,00000118,false,Rx,1,4,00,48,00,12,00,00,00,00,
81680876,00000118,false,Rx,1,4,00,49,00,12,00,00,00,00,
81690813,00000118,false,Rx,1,4,00,4A,00,12,00,00,00,00,
81700970,00000118,false,Rx,1,4,00,4B,00,12,00,00,00,00,
81710709,00000118,false,Rx,1,4,00,4C,00,12,00,00,00,00,
81720852,00000118,false,Rx,1,4,00,4D,00,12,00,00,00,00,
81730698,00000118,false,Rx,1,4,00,4E,00,12,00,00,00,00,
81740834,00000118,false,Rx,1,4,00,4F,00,12,00,00,00,00,
81750649,00000118,false,Rx,1,4,00,40,00,12,00,00,00,00,
81762750,00000118,false,Rx,1,4,00,41,00,12,00,00,00,00,
81770740,00000118,false,Rx,1,4,00,42,00,12,00,00,00,00,
81780802,00000118,false,Rx,1,4,00,43,00,12,00,00,00,00,
81790768,00000118,false,Rx,1,4,00,44,00,12,00,00,00,00,
81794112,0000070F,false,Rx,0,8,03,22,2B,E4,55,55,55,55,
81800827,00000118,false,Rx,1,4,00,45,00,12,00,00,00,00,
81810649,00000118,false,Rx,1,4,00,46,00,12,00,00,00,00,
81811904,00000779,false,Rx,1,8,05,62,2B,E4,A9,62,AA,AA,
81820801,00000118,false,Rx,1,4,00,47,00,12,00,00,00,00,
81830636,00000118,false,Rx,1,4,00,48,00,12,00,00,00,00,
81840769,00000118,false,Rx,1,4,00,49,00,12,00,00,00,00,
81850643,00000118,false,Rx,1,4,00,4A,00,12,00,00,00,00,
81860749,00000118,false,Rx,1,4,00,4B,00,12,00,00,00,00,
81870631,00000118,false,Rx,1,4,00,4C,00,12,00,00,00,00,
81880741,00000118,false,Rx,1,4,00,4D,00,12,00,00,00,00,
81890708,00000118,false,Rx,1,4,00,4E,00,12,00,00,00,00,
81900746,00000118,false,Rx,1,4,00,4F,00,12,00,00,00,00,
81910608,00000118,false,Rx,1,4,00,40,00,12,00,00,00,00,
81920734,00000118,false,Rx,1,4,00,41,00,12,00,00,00,00,
81930576,00000118,false,Rx,1,4,00,42,00,12,00,00,00,00,
81940717,00000118,false,Rx,1,4,00,43,00,12,00,00,00,00,
81950582,00000118,false,Rx,1,4,00,44,00,12,00,00,00,00,
81960689,00000118,false,Rx,1,4,00,45,00,12,00,00,00,00,
81970570,00000118,false,Rx,1,4,00,46,00,12,00,00,00,00,
81980677,00000118,false,Rx,1,4,00,47,00,12,00,00,00,00,
81980974,17F0000F,true,Rx,1,8,00,0F,00,00,00,00,00,00,
81990659,00000118,false,Rx,1,4,00,48,00,12,00,00,00,00,
82000682,00000118,false,Rx,1,4,00,49,00,12,00,00,00,00,
82010529,00000118,false,Rx,1,4,00,4A,00,12,00,00,00,00,
82020671,00000118,false,Rx,1,4,00,4B,00,12,00,00,00,00,
82030555,00000118,false,Rx,1,4,00,4C,00,12,00,00,00,00,
82040662,00000118,false,Rx,1,4,00,4D,00,12,00,00,00,00,
82050522,00000118,false,Rx,1,4,00,4E,00,12,00,00,00,00,
82060631,00000118,false,Rx,1,4,00,4F,00,12,00,00,00,00,
82070510,00000118,false,Rx,1,4,00,40,00,12,00,00,00,00,
82080619,00000118,false,Rx,1,4,00,41,00,12,00,00,00,00,
82090590,00000118,false,Rx,1,4,00,42,00,12,00,00,00,00,
82100625,00000118,false,Rx,1,4,00,43,00,12,00,00,00,00,
82110467,00000118,false,Rx,1,4,00,44,00,12,00,00,00,00,
82111590,0000070F,false,Rx,0,8,03,22,02,8D,55,55,55,55,
82120633,00000118,false,Rx,1,4,00,45,00,12,00,00,00,00,
82130456,00000118,false,Rx,1,4,00,46,00,12,00,00,00,00,
82131713,00000779,false,Rx,1,8,05,62,02,8D,6F,00,AA,AA,
82140591,00000118,false,Rx,1,4,00,47,00,12,00,00,00,00,
82150461,00000118,false,Rx,1,4,00,48,00,12,00,00,00,00,
82160568,00000118,false,Rx,1,4,00,49,00,12,00,00,00,00,
82170450,00000118,false,Rx,1,4,00,4A,00,12,00,00,00,00,
82180557,00000118,false,Rx,1,4,00,4B,00,12,00,00,00,00,
82190529,00000118,false,Rx,1,4,00,4C,00,12,00,00,00,00,
82200563,00000118,false,Rx,1,4,00,4D,00,12,00,00,00,00,
82210409,00000118,false,Rx,1,4,00,4E,00,12,00,00,00,00,
82220551,00000118,false,Rx,1,4,00,4F,00,12,00,00,00,00,
82230395,00000118,false,Rx,1,4,00,40,00,12,00,00,00,00,
82240527,00000118,false,Rx,1,4,00,41,00,12,00,00,00,00,
82250453,00000118,false,Rx,1,4,00,42,00,12,00,00,00,00,
82266947,00000118,false,Rx,1,4,00,43,00,12,00,00,00,00,
82270411,00000118,false,Rx,1,4,00,44,00,12,00,00,00,00,
82280623,00000118,false,Rx,1,4,00,45,00,12,00,00,00,00,
82290595,00000118,false,Rx,1,4,00,46,00,12,00,00,00,00,
82300645,00000118,false,Rx,1,4,00,47,00,12,00,00,00,00,
82310327,00000118,false,Rx,1,4,00,48,00,12,00,00,00,00,
82320527,00000118,false,Rx,1,4,00,49,00,12,00,00,00,00,
82330718,00000118,false,Rx,1,4,00,4A,00,12,00,00,00,00,
82340877,00000118,false,Rx,1,4,00,4B,00,12,00,00,00,00,
82350732,00000118,false,Rx,1,4,00,4C,00,12,00,00,00,00,
82360865,00000118,false,Rx,1,4,00,4D,00,12,00,00,00,00,
82371130,00000118,false,Rx,1,4,00,4E,00,12,00,00,00,00,
82381239,00000118,false,Rx,1,4,00,4F,00,12,00,00,00,00,
82391323,00000118,false,Rx,1,4,00,40,00,12,00,00,00,00,
82401334,00000118,false,Rx,1,4,00,41,00,12,00,00,00,00,
82411086,00000118,false,Rx,1,4,00,42,00,12,00,00,00,00,
82421231,00000118,false,Rx,1,4,00,43,00,12,00,00,00,00,
82431073,00000118,false,Rx,1,4,00,44,00,12,00,00,00,00,
82441199,00000118,false,Rx,1,4,00,45,00,12,00,00,00,00,
82445075,0000070F,false,Rx,0,8,03,22,2B,F1,55,55,55,55,
82451108,00000118,false,Rx,1,4,00,46,00,12,00,00,00,00,
82461189,00000118,false,Rx,1,4,00,47,00,12,00,00,00,00,
82463400,00000779,false,Rx,1,8,05,62,2B,F1,93,6E,AA,AA,
82471058,00000118,false,Rx,1,4,00,48,00,12,00,00,00,00,
82481194,00000118,false,Rx,1,4,00,49,00,12,00,00,00,00,
82481490,17F0000F,true,Rx,1,8,00,0F,00,00,00,00,00,00,
82491090,00000118,false,Rx,1,4,00,4A,00,12,00,00,00,00,
82501270,00000118,false,Rx,1,4,00,4B,00,12,00,00,00,00,
82511027,00000118,false,Rx,1,4,00,4C,00,12,00,00,00,00,
82521169,00000118,false,Rx,1,4,00,4D,00,12,00,00,00,00,
82531014,00000118,false,Rx,1,4,00,4E,00,12,00,00,00,00,
82541148,00000118,false,Rx,1,4,00,4F,00,12,00,00,00,00,
82551031,00000118,false,Rx,1,4,00,40,00,12,00,00,00,00,
82561129,00000118,false,Rx,1,4,00,41,00,12,00,00,00,00,
82570991,00000118,false,Rx,1,4,00,42,00,12,00,00,00,00,
82581136,00000118,false,Rx,1,4,00,43,00,12,00,00,00,00,
82591079,00000118,false,Rx,1,4,00,44,00,12,00,00,00,00,
82601210,00000118,false,Rx,1,4,00,45,00,12,00,00,00,00,
82610966,00000118,false,Rx,1,4,00,46,00,12,00,00,00,00,
82621109,00000118,false,Rx,1,4,00,47,00,12,00,00,00,00,
82630952,00000118,false,Rx,1,4,00,48,00,12,00,00,00,00,
82641080,00000118,false,Rx,1,4,00,49,00,12,00,00,00,00,
82650961,00000118,false,Rx,1,4,00,4A,00,12,00,00,00,00,
82661069,00000118,false,Rx,1,4,00,4B,00,12,00,00,00,00,
82670950,00000118,false,Rx,1,4,00,4C,00,12,00,00,00,00,
82681074,00000118,false,Rx,1,4,00,4D,00,12,00,00,00,00,
82691083,00000118,false,Rx,1,4,00,4E,00,12,00,00,00,00,
82701170,00000118,false,Rx,1,4,00,4F,00,12,00,00,00,00,
82710907,00000118,false,Rx,1,4,00,40,00,12,00,00,00,00,
82721051,00000118,false,Rx,1,4,00,41,00,12,00,00,00,00,
82730893,00000118,false,Rx,1,4,00,42,00,12,00,00,00,00,
82741026,00000118,false,Rx,1,4,00,43,00,12,00,00,00,00,
82750870,00000118,false,Rx,1,4,00,44,00,12,00,00,00,00,
82763507,0000070F,false,Rx,0,8,03,22,2B,E4,55,55,55,55,
82763544,00000118,false,Rx,1,4,00,45,00,12,00,00,00,00,
82770943,00000118,false,Rx,1,4,00,46,00,12,00,00,00,00,
82781012,00000118,false,Rx,1,4,00,47,00,12,00,00,00,00,
82783436,00000779,false,Rx,1,8,05,62,2B,E4,A9,62,AA,AA,
82790973,00000118,false,Rx,1,4,00,48,00,12,00,00,00,00,
82801005,00000118,false,Rx,1,4,00,49,00,12,00,00,00,00,
82810847,00000118,false,Rx,1,4,00,4A,00,12,00,00,00,00,
82820989,00000118,false,Rx,1,4,00,4B,00,12,00,00,00,00,
82830833,00000118,false,Rx,1,4,00,4C,00,12,00,00,00,00,
82840961,00000118,false,Rx,1,4,00,4D,00,12,00,00,00,00,
82850841,00000118,false,Rx,1,4,00,4E,00,12,00,00,00,00,
82860975,00000118,false,Rx,1,4,00,4F,00,12,00,00,00,00,
82870829,00000118,false,Rx,1,4,00,40,00,12,00,00,00,00,
82880950,00000118,false,Rx,1,4,00,41,00,12,00,00,00,00,
82890907,00000118,false,Rx,1,4,00,42,00,12,00,00,00,00,
82900952,00000118,false,Rx,1,4,00,43,00,12,00,00,00,00,
82910783,00000118,false,Rx,1,4,00,44,00,12,00,00,00,00,
82920947,00000118,false,Rx,1,4,00,45,00,12,00,00,00,00,
82930773,00000118,false,Rx,1,4,00,46,00,12,00,00,00,00,
82940899,00000118,false,Rx,1,4,00,47,00,12,00,00,00,00,
82950780,00000118,false,Rx,1,4,00,48,00,12,00,00,00,00,
82960893,00000118,false,Rx,1,4,00,49,00,12,00,00,00,00,
82970768,00000118,false,Rx,1,4,00,4A,00,12,00,00,00,00,
82980875,00000118,false,Rx,1,4,00,4B,00,12,00,00,00,00,
82981171,17F0000F,true,Rx,1,8,00,0F,00,00,00,00,00,00,
82990857,00000118,false,Rx,1,4,00,4C,00,12,00,00,00,00,
83000881,00000118,false,Rx,1,4,00,4D,00,12,00,00,00,00,
83010726,00000118,false,Rx,1,4,00,4E,00,12,00,00,00,00,
83020870,00000118,false,Rx,1,4,00,4F,00,12,00,00,00,00,
83030713,00000118,false,Rx,1,4,00,40,00,12,00,00,00,00,
83040846,00000118,false,Rx,1,4,00,41,00,12,00,00,00,00,
83050720,00000118,false,Rx,1,4,00,42,00,12,00,00,00,00,
83060828,00000118,false,Rx,1,4,00,43,00,12,00,00,00,00,
83070717,00000118,false,Rx,1,4,00,44,00,12,00,00,00,00,
83079188,0000070F,false,Rx,0,8,03,22,02,8D,55,55,55,55,
83080836,00000118,false,Rx,1,4,00,45,00,12,00,00,00,00,
83090786,00000118,false,Rx,1,4,00,46,00,12,00,00,00,00,
83092044,00000779,false,Rx,1,8,05,62,02,8D,70,00,AA,AA,
83100829,00000118,false,Rx,1,4,00,47,00,12,00,00,00,00,
83110664,00000118,false,Rx,1,4,00,48,00,12,00,00,00,00,
83120807,00000118,false,Rx,1,4,00,49,00,12,00,00,00,00,
83130654,00000118,false,Rx,1,4,00,4A,00,12,00,00,00,00,
83140777,00000118,false,Rx,1,4,00,4B,00,12,00,00,00,00,
83150659,00000118,false,Rx,1,4,00,4C,00,12,00,00,00,00,
83160767,00000118,false,Rx,1,4,00,4D,00,12,00,00,00,00,
83170649,00000118,false,Rx,1,4,00,4E,00,12,00,00,00,00,
83180756,00000118,false,Rx,1,4,00,4F,00,12,00,00,00,00,
83190726,00000118,false,Rx,1,4,00,40,00,12,00,00,00,00,
83200762,00000118,false,Rx,1,4,00,41,00,12,00,00,00,00,
83210605,00000118,false,Rx,1,4,00,42,00,12,00,00,00,00,
83220749,00000118,false,Rx,1,4,00,43,00,12,00,00,00,00,
83230591,00000118,false,Rx,1,4,00,44,00,12,00,00,00,00,
83240724,00000118,false,Rx,1,4,00,45,00,12,00,00,00,00,
83250643,00000118,false,Rx,1,4,00,46,00,12,00,00,00,00,
83263150,00000118,false,Rx,1,4,00,47,00,12,00,00,00,00,
83271056,00000118,false,Rx,1,4,00,48,00,12,00,00,00,00,
83280702,00000118,false,Rx,1,4,00,49,00,12,00,00,00,00,
83290791,00000118,false,Rx,1,4,00,4A,00,12,00,00,00,00,
83300699,00000118,false,Rx,1,4,00,4B,00,12,00,00,00,00,
83310546,00000118,false,Rx,1,4,00,4C,00,12,00,00,00,00,
83320687,00000118,false,Rx,1,4,00,4D,00,12,00,00,00,00,
83330534,00000118,false,Rx,1,4,00,4E,00,12,00,00,00,00,
83340659,00000118,false,Rx,1,4,00,4F,00,12,00,00,00,00,
83350539,00000118,false,Rx,1,4,00,40,00,12,00,00,00,00,
83360649,00000118,false,Rx,1,4,00,41,00,12,00,00,00,00,
83370534,00000118,false,Rx,1,4,00,42,00,12,00,00,00,00,
83380640,00000118,false,Rx,1,4,00,43,00,12,00,00,00,00,
83390605,00000118,false,Rx,1,4,00,44,00,12,00,00,00,00,
83395731,0000070F,false,Rx,0,8,03,22,2B,F1,55,55,55,55,
83400662,00000118,false,Rx,1,4,00,45,00,12,00,00,00,00,
83410485,00000118,false,Rx,1,4,00,46,00,12,00,00,00,00,
83411740,00000779,false,Rx,1,8,05,62,2B,F1,ED,6E,AA,AA,
83420637,00000118,false,Rx,1,4,00,47,00,12,00,00,00,00,
83430472,00000118,false,Rx,1,4,00,48,00,12,00,00,00,00,
83440597,00000118,false,Rx,1,4,00,49,00,12,00,00,00,00,
83450478,00000118,false,Rx,1,4,00,4A,00,12,00,00,00,00,
83460587,00000118,false,Rx,1,4,00,4B,00,12,00,00,00,00,
83470472,00000118,false,Rx,1,4,00,4C,00,12,00,00,00,00,
83480576,00000118,false,Rx,1,4,00,4D,00,12,00,00,00,00,
83480871,17F0000F,true,Rx,1,8,00,0F,00,00,00,00,00,00,
83490555,00000118,false,Rx,1,4,00,4E,00,12,00,00,00,00,
83500581,00000118,false,Rx,1,4,00,4F,00,12,00,00,00,00,
83510426,00000118,false,Rx,1,4,00,40,00,12,00,00,00,00,
83520568,00000118,false,Rx,1,4,00,41,00,12,00,00,00,00,
83530414,00000118,false,Rx,1,4,00,42,00,12,00,00,00,00,
83540544,00000118,false,Rx,1,4,00,43,00,12,00,00,00,00,
83550417,00000118,false,Rx,1,4,00,44,00,12,00,00,00,00,
83560526,00000118,false,Rx,1,4,00,45,00,12,00,00,00,00,
83570407,00000118,false,Rx,1,4,00,46,00,12,00,00,00,00,
83580522,00000118,false,Rx,1,4,00,47,00,12,00,00,00,00,
83590484,00000118,false,Rx,1,4,00,48,00,12,00,00,00,00,
83600518,00000118,false,Rx,1,4,00,49,00,12,00,00,00,00,
83610366,00000118,false,Rx,1,4,00,4A,00,12,00,00,00,00,
83620507,00000118,false,Rx,1,4,00,4B,00,12,00,00,00,00,
83630355,00000118,false,Rx,1,4,00,4C,00,12,00,00,00,00,
83640477,00000118,false,Rx,1,4,00,4D,00,12,00,00,00,00,
83650359,00000118,false,Rx,1,4,00,4E,00,12,00,00,00,00,
83660469,00000118,false,Rx,1,4,00,4F,00,12,00,00,00,00,
83670347,00000118,false,Rx,1,4,00,40,00,12,00,00,00,00,
83680458,00000118,false,Rx,1,4,00,41,00,12,00,00,00,00,
83690425,00000118,false,Rx,1,4,00,42,00,12,00,00,00,00,
83700461,00000118,false,Rx,1,4,00,43,00,12,00,00,00,00,
83710302,00000118,false,Rx,1,4,00,44,00,12,00,00,00,00,
83716113,0000070F,false,Rx,0,8,03,22,2B,E4,55,55,55,55,
83720469,00000118,false,Rx,1,4,00,45,00,12,00,00,00,00,
83730292,00000118,false,Rx,1,4,00,46,00,12,00,00,00,00,
83731548,00000779,false,Rx,1,8,05,62,2B,E4,A9,62,AA,AA,
83740434,00000118,false,Rx,1,4,00,47,00,12,00,00,00,00,
83750338,00000118,false,Rx,1,4,00,48,00,12,00,00,00,00,
83766962,00000118,false,Rx,1,4,00,49,00,12,00,00,00,00,
83770400,00000118,false,Rx,1,4,00,4A,00,12,00,00,00,00,
83780524,00000118,false,Rx,1,4,00,4B,00,12,00,00,00,00,
83790327,00000118,false,Rx,1,4,00,4C,00,12,00,00,00,00,
83800558,00000118,false,Rx,1,4,00,4D,00,12,00,00,00,00,
83810360,00000118,false,Rx,1,4,00,4E,00,12,00,00,00,00,
83820441,00000118,false,Rx,1,4,00,4F,00,12,00,00,00,00,
83830340,00000118,false,Rx,1,4,00,40,00,12,00,00,00,00,
83840413,00000118,false,Rx,1,4,00,41,00,12,00,00,00,00,
83850329,00000118,false,Rx,1,4,00,42,00,12,00,00,00,00,
83860400,00000118,false,Rx,1,4,00,43,00,12,00,00,00,00,
83870332,00000118,false,Rx,1,4,00,44,00,12,00,00,00,00,
83880405,00000118,false,Rx,1,4,00,45,00,12,00,00,00,00,
83890348,00000118,false,Rx,1,4,00,46,00,12,00,00,00,00,
83900499,00000118,false,Rx,1,4,00,47,00,12,00,00,00,00,
83910327,00000118,false,Rx,1,4,00,48,00,12,00,00,00,00,
83920380,00000118,false,Rx,1,4,00,49,00,12,00,00,00,00,
83930331,00000118,false,Rx,1,4,00,4A,00,12,00,00,00,00,
83940350,00000118,false,Rx,1,4,00,4B,00,12,00,00,00,00,
83950336,00000118,false,Rx,1,4,00,4C,00,12,00,00,00,00,
83960339,00000118,false,Rx,1,4,00,4D,00,12,00,00,00,00,
83970096,00000118,false,Rx,1,4,00,4E,00,12,00,00,00,00,
83980347,00000118,false,Rx,1,4,00,4F,00,12,00,00,00,00,
83980643,17F0000F,true,Rx,1,8,00,0F,00,00,00,00,00,00,
83990326,00000118,false,Rx,1,4,00,40,00,12,00,00,00,00,
84000440,00000118,false,Rx,1,4,00,41,00,12,00,00,00,00,
84010100,00000118,false,Rx,1,4,00,42,00,12,00,00,00,00,
84020321,00000118,false,Rx,1,4,00,43,00,12,00,00,00,00,
84024855,0000070F,false,Rx,0,8,03,22,02,8D,55,55,55,55,
84030090,00000118,false,Rx,1,4,00,44,00,12,00,00,00,00,
84040300,00000118,false,Rx,1,4,00,45,00,12,00,00,00,00,
84042506,00000779,false,Rx,1,8,05,62,02,8D,71,00,AA,AA,
84050092,00000118,false,Rx,1,4,00,46,00,12,00,00,00,00,
84060278,00000118,false,Rx,1,4,00,47,00,12,00,00,00,00,
84070094,00000118,false,Rx,1,4,00,48,00,12,00,00,00,00,
84080285,00000118,false,Rx,1,4,00,49,00,12,00,00,00,00,
84090117,00000118,false,Rx,1,4,00,4A,00,12,00,00,00,00,
84100398,00000118,false,Rx,1,4,00,4B,00,12,00,00,00,00,
84110095,00000118,false,Rx,1,4,00,4C,00,12,00,00,00,00,
84120260,00000118,false,Rx,1,4,00,4D,00,12,00,00,00,00,
84130096,00000118,false,Rx,1,4,00,4E,00,12,00,00,00,00,
84140252,00000118,false,Rx,1,4,00,4F,00,12,00,00,00,00,
84150090,00000118,false,Rx,1,4,00,40,00,12,00,00,00,00,
84160221,00000118,false,Rx,1,4,00,41,00,12,00,00,00,00,
84170085,00000118,false,Rx,1,4,00,42,00,12,00,00,00,00,
84180245,00000118,false,Rx,1,4,00,43,00,12,00,00,00,00,
84190073,00000118,false,Rx,1,4,00,44,00,12,00,00,00,00,
84200338,00000118,false,Rx,1,4,00,45,00,12,00,00,00,00,
84210088,00000118,false,Rx,1,4,00,46,00,12,00,00,00,00,
84220219,00000118,false,Rx,1,4,00,47,00,12,00,00,00,00,
84230084,00000118,false,Rx,1,4,00,48,00,12,00,00,00,00,
84240193,00000118,false,Rx,1,4,00,49,00,12,00,00,00,00,
84249938,00000118,false,Rx,1,4,00,4A,00,12,00,00,00,00,
84262894,00000118,false,Rx,1,4,00,4B,00,12,00,00,00,00,
84270905,00000118,false,Rx,1,4,00,4C,00,12,00,00,00,00,
84280104,00000118,false,Rx,1,4,00,4D,00,12,00,00,00,00,
84290207,00000118,false,Rx,1,4,00,4E,00,12,00,00,00,00,
84300104,00000118,false,Rx,1,4,00,4F,00,12,00,00,00,00,
84309951,00000118,false,Rx,1,4,00,40,00,12,00,00,00,00,
84320091,00000118,false,Rx,1,4,00,41,00,12,00,00,00,00,
84329953,00000118,false,Rx,1,4,00,42,00,12,00,00,00,00,
84340060,00000118,false,Rx,1,4,00,43,00,12,00,00,00,00,
84341613,0000070F,false,Rx,0,8,03,22,2B,F1,55,55,55,55,
84349961,00000118,false,Rx,1,4,00,44,00,12,00,00,00,00,
84360047,00000118,false,Rx,1,4,00,45,00,12,00,00,00,00,
84362261,00000779,false,Rx,1,8,05,62,2B,F1,51,6F,AA,AA,
84369950,00000118,false,Rx,1,4,00,46,00,12,00,00,00,00,
84380037,00000118,false,Rx,1,4,00,47,00,12,00,00,00,00,
84389987,00000118,false,Rx,1,4,00,48,00,12,00,00,00,00,
84400061,00000118,false,Rx,1,4,00,49,00,12,00,00,00,00,
84409886,00000118,false,Rx,1,4,00,4A,00,12,00,00,00,00,
84420027,00000118,false,Rx,1,4,00,4B,00,12,00,00,00,00,
84429876,00000118,false,Rx,1,4,00,4C,00,12,00,00,00,00,
84439998,00000118,false,Rx,1,4,00,4D,00,12,00,00,00,00,
84449879,00000118,false,Rx,1,4,00,4E,00,12,00,00,00,00,
84459987,00000118,false,Rx,1,4,00,4F,00,12,00,00,00,00,
84469868,00000118,false,Rx,1,4,00,40,00,12,00,00,00,00,
84479976,00000118,false,Rx,1,4,00,41,00,12,00,00,00,00,
84480273,17F0000F,true,Rx,1,8,00,0F,00,00,00,00,00,00,
84490033,00000118,false,Rx,1,4,00,42,00,12,00,00,00,00,
84500005,00000118,false,Rx,1,4,00,43,00,12,00,00,00,00,
84509823,00000118,false,Rx,1,4,00,44,00,12,00,00,00,00,
84519967,00000118,false,Rx,1,4,00,45,00,12,00,00,00,00,
84529814,00000118,false,Rx,1,4,00,46,00,12,00,00,00,00,
84539960,00000118,false,Rx,1,4,00,47,00,12,00,00,00,00,
84549817,00000118,false,Rx,1,4,00,48,00,12,00,00,00,00,
84559944,00000118,false,Rx,1,4,00,49,00,12,00,00,00,00,
84569808,00000118,false,Rx,1,4,00,4A,00,12,00,00,00,00,
84579931,00000118,false,Rx,1,4,00,4B,00,12,00,00,00,00,
84589862,00000118,false,Rx,1,4,00,4C,00,12,00,00,00,00,
84599977,00000118,false,Rx,1,4,00,4D,00,12,00,00,00,00,
84610166,00000118,false,Rx,1,4,00,4E,00,12,00,00,00,00,
84620309,00000118,false,Rx,1,4,00,4F,00,12,00,00,00,00,
84630153,00000118,false,Rx,1,4,00,40,00,12,00,00,00,00,
84640279,00000118,false,Rx,1,4,00,41,00,12,00,00,00,00,
84650160,00000118,false,Rx,1,4,00,42,00,12,00,00,00,00,
84658221,0000070F,false,Rx,0,8,03,22,2B,E4,55,55,55,55,
84660291,00000118,false,Rx,1,4,00,43,00,12,00,00,00,00,
84670145,00000118,false,Rx,1,4,00,44,00,12,00,00,00,00,
84671513,00000779,false,Rx,1,8,05,62,2B,E4,0D,63,AA,AA,
84680265,00000118,false,Rx,1,4,00,45,00,12,00,00,00,00,
84690225,00000118,false,Rx,1,4,00,46,00,12,00,00,00,00,
84700261,00000118,false,Rx,1,4,00,47,00,12,00,00,00,00,
84710106,00000118,false,Rx,1,4,00,48,00,12,00,00,00,00,
84720249,00000118,false,Rx,1,4,00,49,00,12,00,00,00,00,
84730094,00000118,false,Rx,1,4,00,4A,00,12,00,00,00,00,
84740221,00000118,false,Rx,1,4,00,4B,00,12,00,00,00,00,
84750153,00000118,false,Rx,1,4,00,4C,00,12,00,00,00,00,
84762420,00000118,false,Rx,1,4,00,4D,00,12,00,00,00,00,
84770103,00000118,false,Rx,1,4,00,4E,00,12,00,00,00,00,
84780238,00000118,false,Rx,1,4,00,4F,00,12,00,00,00,00,
84790170,00000118,false,Rx,1,4,00,40,00,12,00,00,00,00,
84800202,00000118,false,Rx,1,4,00,41,00,12,00,00,00,00,
84810054,00000118,false,Rx,1,4,00,42,00,12,00,00,00,00,
84820189,00000118,false,Rx,1,4,00,43,00,12,00,00,00,00,
84830032,00000118,false,Rx,1,4,00,44,00,12,00,00,00,00,
84840159,00000118,false,Rx,1,4,00,45,00,12,00,00,00,00,
84850040,00000118,false,Rx,1,4,00,46,00,12,00,00,00,00,
84860147,00000118,false,Rx,1,4,00,47,00,12,00,00,00,00,
84870026,00000118,false,Rx,1,4,00,48,00,12,00,00,00,00,
84880134,00000118,false,Rx,1,4,00,49,00,12,00,00,00,00,
84890092,00000118,false,Rx,1,4,00,4A,00,12,00,00,00,00,
84900157,00000118,false,Rx,1,4,00,4B,00,12,00,00,00,00,
84909989,00000118,false,Rx,1,4,00,4C,00,12,00,00,00,00,
84920129,00000118,false,Rx,1,4,00,4D,00,12,00,00,00,00,
84929975,00000118,false,Rx,1,4,00,4E,00,12,00,00,00,00,
84940099,00000118,false,Rx,1,4,00,4F,00,12,00,00,00,00,
84949981,00000118,false,Rx,1,4,00,40,00,12,00,00,00,00,
84960089,00000118,false,Rx,1,4,00,41,00,12,00,00,00,00,
84969969,00000118,false,Rx,1,4,00,42,00,12,00,00,00,00,
84980077,00000118,false,Rx,1,4,00,43,00,12,00,00,00,00,
84980374,17F0000F,true,Rx,1,8,00,0F,00,00,00,00,00,00,
84981006,0000070F,false,Rx,0,8,03,22,02,8D,55,55,55,55,
84990064,00000118,false,Rx,1,4,00,44,00,12,00,00,00,00,
85000099,00000118,false,Rx,1,4,00,45,00,12,00,00,00,00,
85002313,00000779,false,Rx,1,8,05,62,02,8D,72,00,AA,AA,
85009953,00000118,false,Rx,1,4,00,46,00,12,00,00,00,00,
85020069,00000118,false,Rx,1,4,00,47,00,12,00,00,00,00,
85029912,00000118,false,Rx,1,4,00,48,00,12,00,00,00,00,
85040048,00000118,false,Rx,1,4,00,49,00,12,00,00,00,00,
85049939,00000118,false,Rx,1,4,00,4A,00,12,00,00,00,00,
85060027,00000118,false,Rx,1,4,00,4B,00,12,00,00,00,00,
85069909,00000118,false,Rx,1,4,00,4C,00,12,00,00,00,00,
85080015,00000118,false,Rx,1,4,00,4D,00,12,00,00,00,00,
85089970,00000118,false,Rx,1,4,00,4E,00,12,00,00,00,00,
85100040,00000118,false,Rx,1,4,00,4F,00,12,00,00,00,00,
85109881,00000118,false,Rx,1,4,00,40,00,12,00,00,00,00,
85120015,00000118,false,Rx,1,4,00,41,00,12,00,00,00,00,
85129855,00000118,false,Rx,1,4,00,42,00,12,00,00,00,00,
85139981,00000118,false,Rx,1,4,00,43,00,12,00,00,00,00,
85149858,00000118,false,Rx,1,4,00,44,00,12,00,00,00,00,
85159966,00000118,false,Rx,1,4,00,45,00,12,00,00,00,00,
85169849,00000118,false,Rx,1,4,00,46,00,12,00,00,00,00,
85179960,00000118,false,Rx,1,4,00,47,00,12,00,00,00,00,
85189908,00000118,false,Rx,1,4,00,48,00,12,00,00,00,00,
85199978,00000118,false,Rx,1,4,00,49,00,12,00,00,00,00,
85209807,00000118,false,Rx,1,4,00,4A,00,12,00,00,00,00,
85219955,00000118,false,Rx,1,4,00,4B,00,12,00,00,00,00,
85229795,00000118,false,Rx,1,4,00,4C,00,12,00,00,00,00,
85240031,00000118,false,Rx,1,4,00,4D,00,12,00,00,00,00,
85249842,00000118,false,Rx,1,4,00,4E,00,12,00,00,00,00,
85264100,00000118,false,Rx,1,4,00,4F,00,12,00,00,00,00,
85270576,00000118,false,Rx,1,4,00,40,00,12,00,00,00,00,
85279908,00000118,false,Rx,1,4,00,41,00,12,00,00,00,00,
85289974,00000118,false,Rx,1,4,00,42,00,12,00,00,00,00,
85293108,0000070F,false,Rx,0,8,03,22,2B,F1,55,55,55,55,
85299950,00000118,false,Rx,1,4,00,43,00,12,00,00,00,00,
85309746,00000118,false,Rx,1,4,00,44,00,12,00,00,00,00,
85311005,00000779,false,Rx,1,8,05,62,2B,F1,83,6F,AA,AA,
85319903,00000118,false,Rx,1,4,00,45,00,12,00,00,00,00,
85329738,00000118,false,Rx,1,4,00,46,00,12,00,00,00,00,
85339863,00000118,false,Rx,1,4,00,47,00,12,00,00,00,00,
85349738,00000118,false,Rx,1,4,00,48,00,12,00,00,00,00,
85359847,00000118,false,Rx,1,4,00,49,00,12,00,00,00,00,
85369730,00000118,false,Rx,1,4,00,4A,00,12,00,00,00,00,
85379836,00000118,false,Rx,1,4,00,4B,00,12,00,00,00,00,
85389867,00000118,false,Rx,1,4,00,4C,00,12,00,00,00,00,
85399877,00000118,false,Rx,1,4,00,4D,00,12,00,00,00,00,
85410088,00000118,false,Rx,1,4,00,4E,00,12,00,00,00,00,
85420234,00000118,false,Rx,1,4,00,4F,00,12,00,00,00,00,
85430080,00000118,false,Rx,1,4,00,40,00,12,00,00,00,00,
85440201,00000118,false,Rx,1,4,00,41,00,12,00,00,00,00,
85450081,00000118,false,Rx,1,4,00,42,00,12,00,00,00,00,
85460189,00000118,false,Rx,1,4,00,43,00,12,00,00,00,00,
85470067,00000118,false,Rx,1,4,00,44,00,12,00,00,00,00,
85480177,00000118,false,Rx,1,4,00,45,00,12,00,00,00,00,
85480473,17F0000F,true,Rx,1,8,00,0F,00,00,00,00,00,00,
85490162,00000118,false,Rx,1,4,00,46,00,12,00,00,00,00,
85500181,00000118,false,Rx,1,4,00,47,00,12,00,00,00,00,
85510027,00000118,false,Rx,1,4,00,48,00,12,00,00,00,00,
85520170,00000118,false,Rx,1,4,00,49,00,12,00,00,00,00,
85530019,00000118,false,Rx,1,4,00,4A,00,12,00,00,00,00,
85540150,00000118,false,Rx,1,4,00,4B,00,12,00,00,00,00,
85550025,00000118,false,Rx,1,4,00,4C,00,12,00,00,00,00,
85560128,00000118,false,Rx,1,4,00,4D,00,12,00,00,00,00,
85570011,00000118,false,Rx,1,4,00,4E,00,12,00,00,00,00,
85580119,00000118,false,Rx,1,4,00,4F,00,12,00,00,00,00,
85590070,00000118,false,Rx,1,4,00,40,00,12,00,00,00,00,
85600141,00000118,false,Rx,1,4,00,41,00,12,00,00,00,00,
85609543,0000070F,false,Rx,0,8,03,22,2B,E4,55,55,55,55,
85609975,00000118,false,Rx,1,4,00,42,00,12,00,00,00,00,
85620135,00000118,false,Rx,1,4,00,43,00,12,00,00,00,00,
85629966,00000118,false,Rx,1,4,00,44,00,12,00,00,00,00,
85631212,00000779,false,Rx,1,8,05,62,2B,E4,0D,63,AA,AA,
85640091,00000118,false,Rx,1,4,00,45,00,12,00,00,00,00,
85649962,00000118,false,Rx,1,4,00,46,00,12,00,00,00,00,
85660069,00000118,false,Rx,1,4,00,47,00,12,00,00,00,00,
85669952,00000118,false,Rx,1,4,00,48,00,12,00,00,00,00,
85680057,00000118,false,Rx,1,4,00,49,00,12,00,00,00,00,
85690010,00000118,false,Rx,1,4,00,4A,00,12,00,00,00,00,
85700080,00000118,false,Rx,1,4,00,4B,00,12,00,00,00,00,
85709909,00000118,false,Rx,1,4,00,4C,00,12,00,00,00,00,
85720050,00000118,false,Rx,1,4,00,4D,00,12,00,00,00,00,
85729898,00000118,false,Rx,1,4,00,4E,00,12,00,00,00,00,
85740066,00000118,false,Rx,1,4,00,4F,00,12,00,00,00,00,
85749942,00000118,false,Rx,1,4,00,40,00,12,00,00,00,00,
85760093,00000118,false,Rx,1,4,00,41,00,12,00,00,00,00,
85771596,00000118,false,Rx,1,4,00,42,00,12,00,00,00,00,
85780169,00000118,false,Rx,1,4,00,43,00,12,00,00,00,00,
85789878,00000118,false,Rx,1,4,00,44,00,12,00,00,00,00,
85800130,00000118,false,Rx,1,4,00,45,00,12,00,00,00,00,
85809742,00000118,false,Rx,1,4,00,46,00,12,00,00,00,00,
85820081,00000118,false,Rx,1,4,00,47,00,12,00,00,00,00,
85829767,00000118,false,Rx,1,4,00,48,00,12,00,00,00,00,
85840070,00000118,false,Rx,1,4,00,49,00,12,00,00,00,00,
85849737,00000118,false,Rx,1,4,00,4A,00,12,00,00,00,00,
85860059,00000118,false,Rx,1,4,00,4B,00,12,00,00,00,00,
85869707,00000118,false,Rx,1,4,00,4C,00,12,00,00,00,00,
85880063,00000118,false,Rx,1,4,00,4D,00,12,00,00,00,00,
85889862,00000118,false,Rx,1,4,00,4E,00,12,00,00,00,00,
85900070,00000118,false,Rx,1,4,00,4F,00,12,00,00,00,00,
85909683,00000118,false,Rx,1,4,00,40,00,12,00,00,00,00,
85920024,00000118,false,Rx,1,4,00,41,00,12,00,00,00,00,
85929692,00000118,false,Rx,1,4,00,42,00,12,00,00,00,00,
85940011,00000118,false,Rx,1,4,00,43,00,12,00,00,00,00,
85944544,0000070F,false,Rx,0,8,03,22,02,8D,55,55,55,55,
85949697,00000118,false,Rx,1,4,00,44,00,12,00,00,00,00,
85959999,00000118,false,Rx,1,4,00,45,00,12,00,00,00,00,
85962212,00000779,false,Rx,1,8,05,62,02,8D,72,00,AA,AA,
85969656,00000118,false,Rx,1,4,00,46,00,12,00,00,00,00,
85980005,00000118,false,Rx,1,4,00,47,00,12,00,00,00,00,
85980301,17F0000F,true,Rx,1,8,00,0F,00,00,00,00,00,00,
85989853,00000118,false,Rx,1,4,00,48,00,12,00,00,00,00,
86000028,00000118,false,Rx,1,4,00,49,00,12,00,00,00,00,
86009622,00000118,false,Rx,1,4,00,4A,00,12,00,00,00,00,
86019963,00000118,false,Rx,1,4,00,4B,00,12,00,00,00,00,
86029628,00000118,false,Rx,1,4,00,4C,00,12,00,00,00,00,
86039970,00000118,false,Rx,1,4,00,4D,00,12,00,00,00,00,
86049617,00000118,false,Rx,1,4,00,4E,00,12,00,00,00,00,
86059951,00000118,false,Rx,1,4,00,4F,00,12,00,00,00,00,
86069587,00000118,false,Rx,1,4,00,40,00,12,00,00,00,00,
86079950,00000118,false,Rx,1,4,00,41,00,12,00,00,00,00,
86089872,00000118,false,Rx,1,4,00,42,00,12,00,00,00,00,
86099971,00000118,false,Rx,1,4,00,43,00,12,00,00,00,00,
86109561,00000118,false,Rx,1,4,00,44,00,12,00,00,00,00,
86119903,00000118,false,Rx,1,4,00,45,00,12,00,00,00,00,
86129570,00000118,false,Rx,1,4,00,46,00,12,00,00,00,00,
86139899,00000118,false,Rx,1,4,00,47,00,12,00,00,00,00,
86149555,00000118,false,Rx,1,4,00,48,00,12,00,00,00,00,
86159878,00000118,false,Rx,1,4,00,49,00,12,00,00,00,00,
86169527,00000118,false,Rx,1,4,00,4A,00,12,00,00,00,00,
86179885,00000118,false,Rx,1,4,00,4B,00,12,00,00,00,00,
86189601,00000118,false,Rx,1,4,00,4C,00,12,00,00,00,00,
86199909,00000118,false,Rx,1,4,00,4D,00,12,00,00,00,00,
86209504,00000118,false,Rx,1,4,00,4E,00,12,00,00,00,00,
86219845,00000118,false,Rx,1,4,00,4F,00,12,00,00,00,00,
86229510,00000118,false,Rx,1,4,00,40,00,12,00,00,00,00,
86239838,00000118,false,Rx,1,4,00,41,00,12,00,00,00,00,
86249528,00000118,false,Rx,1,4,00,42,00,12,00,00,00,00,
86263662,0000070F,false,Rx,0,8,03,22,2B,F1,55,55,55,55,
86263699,00000118,false,Rx,1,4,00,43,00,12,00,00,00,00,
86269633,00000118,false,Rx,1,4,00,44,00,12,00,00,00,00,
86279720,00000118,false,Rx,1,4,00,45,00,12,00,00,00,00,
86281935,00000779,false,Rx,1,8,05,62,2B,F1,B5,6F,AA,AA,
86289883,00000118,false,Rx,1,4,00,46,00,12,00,00,00,00,
86299742,00000118,false,Rx,1,4,00,47,00,12,00,00,00,00,
86309952,00000118,false,Rx,1,4,00,48,00,12,00,00,00,00,
86320095,00000118,false,Rx,1,4,00,49,00,12,00,00,00,00,
86329951,00000118,false,Rx,1,4,00,4A,00,12,00,00,00,00,
86340078,00000118,false,Rx,1,4,00,4B,00,12,00,00,00,00,
86349953,00000118,false,Rx,1,4,00,4C,00,12,00,00,00,00,
86360051,00000118,false,Rx,1,4,00,4D,00,12,00,00,00,00,
86369952,00000118,false,Rx,1,4,00,4E,00,12,00,00,00,00,
86380042,00000118,false,Rx,1,4,00,4F,00,12,00,00,00,00,
86389994,00000118,false,Rx,1,4,00,40,00,12,00,00,00,00,
86400065,00000118,false,Rx,1,4,00,41,00,12,00,00,00,00,
86409891,00000118,false,Rx,1,4,00,42,00,12,00,00,00,00,
86420036,00000118,false,Rx,1,4,00,43,00,12,00,00,00,00,
86429878,00000118,false,Rx,1,4,00,44,00,12,00,00,00,00,
86440004,00000118,false,Rx,1,4,00,45,00,12,00,00,00,00,
86449892,00000118,false,Rx,1,4,00,46,00,12,00,00,00,00,
86459992,00000118,false,Rx,1,4,00,47,00,12,00,00,00,00,
86469872,00000118,false,Rx,1,4,00,48,00,12,00,00,00,00,
86479981,00000118,false,Rx,1,4,00,49,00,12,00,00,00,00,
86480277,17F0000F,true,Rx,1,8,00,0F,00,00,00,00,00,00,
86490028,00000118,false,Rx,1,4,00,4A,00,12,00,00,00,00,
86500402,00000118,false,Rx,1,4,00,4B,00,12,00,00,00,00,
86510231,00000118,false,Rx,1,4,00,4C,00,12,00,00,00,00,
86520374,00000118,false,Rx,1,4,00,4D,00,12,00,00,00,00,
86530219,00000118,false,Rx,1,4,00,4E,00,12,00,00,00,00,
86540358,00000118,false,Rx,1,4,00,4F,00,12,00,00,00,00,
86550233,00000118,false,Rx,1,4,00,40,00,12,00,00,00,00,
86560337,00000118,false,Rx,1,4,00,41,00,12,00,00,00,00,
86570213,00000118,false,Rx,1,4,00,42,00,12,00,00,00,00,
86576534,0000070F,false,Rx,0,8,03,22,2B,E4,55,55,55,55,
86580345,00000118,false,Rx,1,4,00,43,00,12,00,00,00,00,
86590689,00000118,false,Rx,1,4,00,44,00,12,00,00,00,00,
86591951,00000779,false,Rx,1,8,05,62,2B,E4,0D,63,AA,AA,
86600735,00000118,false,Rx,1,4,00,45,00,12,00,00,00,00,
86610572,00000118,false,Rx,1,4,00,46,00,12,00,00,00,00,
86620715,00000118,false,Rx,1,4,00,47,00,12,00,00,00,00,
86630558,00000118,false,Rx,1,4,00,48,00,12,00,00,00,00,
86640684,00000118,false,Rx,1,4,00,49,00,12,00,00,00,00,
86650568,00000118,false,Rx,1,4,00,4A,00,12,00,00,00,00,
86660672,00000118,false,Rx,1,4,00,4B,00,12,00,00,00,00,
86670554,00000118,false,Rx,1,4,00,4C,00,12,00,00,00,00,
86680662,00000118,false,Rx,1,4,00,4D,00,12,00,00,00,00,
86690632,00000118,false,Rx,1,4,00,4E,00,12,00,00,00,00,
86700669,00000118,false,Rx,1,4,00,4F,00,12,00,00,00,00,
86710514,00000118,false,Rx,1,4,00,40,00,12,00,00,00,00,
86720656,00000118,false,Rx,1,4,00,41,00,12,00,00,00,00,
86730502,00000118,false,Rx,1,4,00,42,00,12,00,00,00,00,
86740631,00000118,false,Rx,1,4,00,43,00,12,00,00,00,00,
86750551,00000118,false,Rx,1,4,00,44,00,12,00,00,00,00,
86764574,00000118,false,Rx,1,4,00,45,00,12,00,00,00,00,
86770633,00000118,false,Rx,1,4,00,46,00,12,00,00,00,00,
86780631,00000118,false,Rx,1,4,00,47,00,12,00,00,00,00,
86790553,00000118,false,Rx,1,4,00,48,00,12,00,00,00,00,
86800625,00000118,false,Rx,1,4,00,49,00,12,00,00,00,00,
86810453,00000118,false,Rx,1,4,00,4A,00,12,00,00,00,00,
86820597,00000118,false,Rx,1,4,00,4B,00,12,00,00,00,00,
86830442,00000118,false,Rx,1,4,00,4C,00,12,00,00,00,00,
86840566,00000118,false,Rx,1,4,00,4D,00,12,00,00,00,00,
86850462,00000118,false,Rx,1,4,00,4E,00,12,00,00,00,00,
86860563,00000118,false,Rx,1,4,00,4F,00,12,00,00,00,00,
86870435,00000118,false,Rx,1,4,00,40,00,12,00,00,00,00,
86880544,00000118,false,Rx,1,4,00,41,00,12,00,00,00,00,
86890496,00000118,false,Rx,1,4,00,42,00,12,00,00,00,00,
86894846,0000070F,false,Rx,0,8,03,22,02,8D,55,55,55,55,
86900591,00000118,false,Rx,1,4,00,43,00,12,00,00,00,00,
86910393,00000118,false,Rx,1,4,00,44,00,12,00,00,00,00,
86911650,00000779,false,Rx,1,8,05,62,02,8D,73,00,AA,AA,
86920546,00000118,false,Rx,1,4,00,45,00,12,00,00,00,00,
86930384,00000118,false,Rx,1,4,00,46,00,12,00,00,00,00,
86940506,00000118,false,Rx,1,4,00,47,00,12,00,00,00,00,
86950386,00000118,false,Rx,1,4,00,48,00,12,00,00,00,00,
86960499,00000118,false,Rx,1,4,00,49,00,12,00,00,00,00,
86970378,00000118,false,Rx,1,4,00,4A,00,12,00,00,00,00,
86980483,00000118,false,Rx,1,4,00,4B,00,12,00,00,00,00,
86980779,17F0000F,true,Rx,1,8,00,0F,00,00,00,00,00,00,
86990445,00000118,false,Rx,1,4,00,4C,00,12,00,00,00,00,
87000906,00000118,false,Rx,1,4,00,4D,00,12,00,00,00,00,
87010735,00000118,false,Rx,1,4,00,4E,00,12,00,00,00,00,
87020878,00000118,false,Rx,1,4,00,4F,00,12,00,00,00,00,
87030724,00000118,false,Rx,1,4,00,40,00,12,00,00,00,00,
87040863,00000118,false,Rx,1,4,00,41,00,12,00,00,00,00,
87050730,00000118,false,Rx,1,4,00,42,00,12,00,00,00,00,
87060845,00000118,false,Rx,1,4,00,43,00,12,00,00,00,00,
87070718,00000118,false,Rx,1,4,00,44,00,12,00,00,00,00,
87080825,00000118,false,Rx,1,4,00,45,00,12,00,00,00,00,
87090795,00000118,false,Rx,1,4,00,46,00,12,00,00,00,00,
87100829,00000118,false,Rx,1,4,00,47,00,12,00,00,00,00,
87110673,00000118,false,Rx,1,4,00,48,00,12,00,00,00,00,
87120818,00000118,false,Rx,1,4,00,49,00,12,00,00,00,00,
87130664,00000118,false,Rx,1,4,00,4A,00,12,00,00,00,00,
87140788,00000118,false,Rx,1,4,00,4B,00,12,00,00,00,00,
87150670,00000118,false,Rx,1,4,00,4C,00,12,00,00,00,00,
87160780,00000118,false,Rx,1,4,00,4D,00,12,00,00,00,00,
87170658,00000118,false,Rx,1,4,00,4E,00,12,00,00,00,00,
87180766,00000118,false,Rx,1,4,00,4F,00,12,00,00,00,00,
87190736,00000118,false,Rx,1,4,00,40,00,12,00,00,00,00,
87200773,00000118,false,Rx,1,4,00,41,00,12,00,00,00,00,
87210617,00000118,false,Rx,1,4,00,42,00,12,00,00,00,00,
87212076,0000070F,false,Rx,0,8,03,22,2B,F1,55,55,55,55,
87220784,00000118,false,Rx,1,4,00,43,00,12,00,00,00,00,
87230602,00000118,false,Rx,1,4,00,44,00,12,00,00,00,00,
87231862,00000779,false,Rx,1,8,05,62,2B,F1,E7,6F,AA,AA,
87240743,00000118,false,Rx,1,4,00,45,00,12,00,00,00,00,
87250699,00000118,false,Rx,1,4,00,46,00,12,00,00,00,00,
87263345,00000118,false,Rx,1,4,00,47,00,12,00,00,00,00,
87270625,00000118,false,Rx,1,4,00,48,00,12,00,00,00,00,
87280726,00000118,false,Rx,1,4,00,49,00,12,00,00,00,00,
87290801,00000118,false,Rx,1,4,00,4A,00,12,00,00,00,00,
87300711,00000118,false,Rx,1,4,00,4B,00,12,00,00,00,00,
87310558,00000118,false,Rx,1,4,00,4C,00,12,00,00,00,00,
87320700,00000118,false,Rx,1,4,00,4D,00,12,00,00,00,00,
87330545,00000118,false,Rx,1,4,00,4E,00,12,00,00,00,00,
87340673,00000118,false,Rx,1,4,00,4F,00,12,00,00,00,00,
87350552,00000118,false,Rx,1,4,00,40,00,12,00,00,00,00,
87360660,00000118,false,Rx,1,4,00,41,00,12,00,00,00,00,
87370546,00000118,false,Rx,1,4,00,42,00,12,00,00,00,00,
87380649,00000118,false,Rx,1,4,00,43,00,12,00,00,00,00,
87390615,00000118,false,Rx,1,4,00,44,00,12,00,00,00,00,
87400652,00000118,false,Rx,1,4,00,45,00,12,00,00,00,00,
87410497,00000118,false,Rx,1,4,00,46,00,12,00,00,00,00,
87420641,00000118,false,Rx,1,4,00,47,00,12,00,00,00,00,
87430485,00000118,false,Rx,1,4,00,48,00,12,00,00,00,00,
87440612,00000118,false,Rx,1,4,00,49,00,12,00,00,00,00,
87450491,00000118,false,Rx,1,4,00,4A,00,12,00,00,00,00,
87460599,00000118,false,Rx,1,4,00,4B,00,12,00,00,00,00,
87470484,00000118,false,Rx,1,4,00,4C,00,12,00,00,00,00,
87480591,00000118,false,Rx,1,4,00,4D,00,12,00,00,00,00,
87480884,17F0000F,true,Rx,1,8,00,0F,00,00,00,00,00,00,
87490551,00000118,false,Rx,1,4,00,4E,00,12,00,00,00,00,
87501011,00000118,false,Rx,1,4,00,4F,00,12,00,00,00,00,
87510839,00000118,false,Rx,1,4,00,40,00,12,00,00,00,00,
87520982,00000118,false,Rx,1,4,00,41,00,12,00,00,00,00,
87528447,0000070F,false,Rx,0,8,03,22,2B,E4,55,55,55,55,
87530850,00000118,false,Rx,1,4,00,42,00,12,00,00,00,00,
87540969,00000118,false,Rx,1,4,00,43,00,12,00,00,00,00,
87543161,00000779,false,Rx,1,8,05,62,2B,E4,0D,63,AA,AA,
87550840,00000118,false,Rx,1,4,00,44,00,12,00,00,00,00,
87560950,00000118,false,Rx,1,4,00,45,00,12,00,00,00,00,
87570826,00000118,false,Rx,1,4,00,46,00,12,00,00,00,00,
87580949,00000118,false,Rx,1,4,00,47,00,12,00,00,00,00,
87590897,00000118,false,Rx,1,4,00,48,00,12,00,00,00,00,
87600950,00000118,false,Rx,1,4,00,49,00,12,00,00,00,00,
87610780,00000118,false,Rx,1,4,00,4A,00,12,00,00,00,00,
87620941,00000118,false,Rx,1,4,00,4B,00,12,00,00,00,00,
87630771,00000118,false,Rx,1,4,00,4C,00,12,00,00,00,00,
87640892,00000118,false,Rx,1,4,00,4D,00,12,00,00,00,00,
87650774,00000118,false,Rx,1,4,00,4E,00,12,00,00,00,00,
87660883,00000118,false,Rx,1,4,00,4F,00,12,00,00,00,00,
87670765,00000118,false,Rx,1,4,00,40,00,12,00,00,00,00,
87680872,00000118,false,Rx,1,4,00,41,00,12,00,00,00,00,
87690840,00000118,false,Rx,1,4,00,42,00,12,00,00,00,00,
87700877,00000118,false,Rx,1,4,00,43,00,12,00,00,00,00,
87710718,00000118,false,Rx,1,4,00,44,00,12,00,00,00,00,
87720864,00000118,false,Rx,1,4,00,45,00,12,00,00,00,00,
87730709,00000118,false,Rx,1,4,00,46,00,12,00,00,00,00,
87740859,00000118,false,Rx,1,4,00,47,00,12,00,00,00,00,
87750693,00000118,false,Rx,1,4,00,48,00,12,00,00,00,00,
87763671,00000118,false,Rx,1,4,00,49,00,12,00,00,00,00,
87770723,00000118,false,Rx,1,4,00,4A,00,12,00,00,00,00,
87780854,00000118,false,Rx,1,4,00,4B,00,12,00,00,00,00,
87790781,00000118,false,Rx,1,4,00,4C,00,12,00,00,00,00,
87800817,00000118,false,Rx,1,4,00,4D,00,12,00,00,00,00,
87810662,00000118,false,Rx,1,4,00,4E,00,12,00,00,00,00,
87820806,00000118,false,Rx,1,4,00,4F,00,12,00,00,00,00,
87830651,00000118,false,Rx,1,4,00,40,00,12,00,00,00,00,
87840776,00000118,false,Rx,1,4,00,41,00,12,00,00,00,00,
87848411,0000070F,false,Rx,0,8,03,22,02,8D,55,55,55,55,
87850678,00000118,false,Rx,1,4,00,42,00,12,00,00,00,00,
87861165,00000118,false,Rx,1,4,00,43,00,12,00,00,00,00,
87863371,00000779,false,Rx,1,8,05,62,02,8D,73,00,AA,AA,
87871051,00000118,false,Rx,1,4,00,44,00,12,00,00,00,00,
87881154,00000118,false,Rx,1,4,00,45,00,12,00,00,00,00,
87891122,00000118,false,Rx,1,4,00,46,00,12,00,00,00,00,
87901156,00000118,false,Rx,1,4,00,47,00,12,00,00,00,00,
87911000,00000118,false,Rx,1,4,00,48,00,12,00,00,00,00,
87921145,00000118,false,Rx,1,4,00,49,00,12,00,00,00,00,
87930990,00000118,false,Rx,1,4,00,4A,00,12,00,00,00,00,
87941115,00000118,false,Rx,1,4,00,4B,00,12,00,00,00,00,
87950997,00000118,false,Rx,1,4,00,4C,00,12,00,00,00,00,
87961103,00000118,false,Rx,1,4,00,4D,00,12,00,00,00,00,
87970985,00000118,false,Rx,1,4,00,4E,00,12,00,00,00,00,
87981095,00000118,false,Rx,1,4,00,4F,00,12,00,00,00,00,
87981390,17F0000F,true,Rx,1,8,00,0F,00,00,00,00,00,00,
87991074,00000118,false,Rx,1,4,00,40,00,12,00,00,00,00,
88001500,00000118,false,Rx,1,4,00,41,00,12,00,00,00,00,
88011343,00000118,false,Rx,1,4,00,42,00,12,00,00,00,00,
88021488,00000118,false,Rx,1,4,00,43,00,12,00,00,00,00,
88031329,00000118,false,Rx,1,4,00,44,00,12,00,00,00,00,
88041480,00000118,false,Rx,1,4,00,45,00,12,00,00,00,00,
88051337,00000118,false,Rx,1,4,00,46,00,12,00,00,00,00,
88061444,00000118,false,Rx,1,4,00,47,00,12,00,00,00,00,
88071323,00000118,false,Rx,1,4,00,48,00,12,00,00,00,00,
88081440,00000118,false,Rx,1,4,00,49,00,12,00,00,00,00,
88091405,00000118,false,Rx,1,4,00,4A,00,12,00,00,00,00,
88101438,00000118,false,Rx,1,4,00,4B,00,12,00,00,00,00,
88111285,00000118,false,Rx,1,4,00,4C,00,12,00,00,00,00,
88121426,00000118,false,Rx,1,4,00,4D,00,12,00,00,00,00,
88131272,00000118,false,Rx,1,4,00,4E,00,12,00,00,00,00,
88141399,00000118,false,Rx,1,4,00,4F,00,12,00,00,00,00,
88151285,0000070F,false,Rx,0,8,03,22,2B,F1,55,55,55,55,
88151314,00000118,false,Rx,1,4,00,40,00,12,00,00,00,00,
88161410,00000118,false,Rx,1,4,00,41,00,12,00,00,00,00,
88171666,00000118,false,Rx,1,4,00,42,00,12,00,00,00,00,
88172941,00000779,false,Rx,1,8,05,62,2B,F1,19,70,AA,AA,
88181785,00000118,false,Rx,1,4,00,43,00,12,00,00,00,00,
88191744,00000118,false,Rx,1,4,00,44,00,12,00,00,00,00,
88201778,00000118,false,Rx,1,4,00,45,00,12,00,00,00,00,
88211626,00000118,false,Rx,1,4,00,46,00,12,00,00,00,00,
88221768,00000118,false,Rx,1,4,00,47,00,12,00,00,00,00,
88231611,00000118,false,Rx,1,4,00,48,00,12,00,00,00,00,
88241742,00000118,false,Rx,1,4,00,49,00,12,00,00,00,00,
88251644,00000118,false,Rx,1,4,00,4A,00,12,00,00,00,00,
88261748,00000118,false,Rx,1,4,00,4B,00,12,00,00,00,00,
88271708,00000118,false,Rx,1,4,00,4C,00,12,00,00,00,00,
88281858,00000118,false,Rx,1,4,00,4D,00,12,00,00,00,00,
88291833,00000118,false,Rx,1,4,00,4E,00,12,00,00,00,00,
88301847,00000118,false,Rx,1,4,00,4F,00,12,00,00,00,00,
88311607,00000118,false,Rx,1,4,00,40,00,12,00,00,00,00,
88321819,00000118,false,Rx,1,4,00,41,00,12,00,00,00,00,
88331617,00000118,false,Rx,1,4,00,42,00,12,00,00,00,00,
88341788,00000118,false,Rx,1,4,00,43,00,12,00,00,00,00,
88351610,00000118,false,Rx,1,4,00,44,00,12,00,00,00,00,
88361775,00000118,false,Rx,1,4,00,45,00,12,00,00,00,00,
88371605,00000118,false,Rx,1,4,00,46,00,12,00,00,00,00,
88381781,00000118,false,Rx,1,4,00,47,00,12,00,00,00,00,
88391597,00000118,false,Rx,1,4,00,48,00,12,00,00,00,00,
88401805,00000118,false,Rx,1,4,00,49,00,12,00,00,00,00,
88411605,00000118,false,Rx,1,4,00,4A,00,12,00,00,00,00,
88421757,00000118,false,Rx,1,4,00,4B,00,12,00,00,00,00,
88431614,00000118,false,Rx,1,4,00,4C,00,12,00,00,00,00,
88441728,00000118,false,Rx,1,4,00,4D,00,12,00,00,00,00,
88451602,00000118,false,Rx,1,4,00,4E,00,12,00,00,00,00,
88461718,00000118,false,Rx,1,4,00,4F,00,12,00,00,00,00,
88467239,0000070F,false,Rx,0,8,03,22,2B,E4,55,55,55,55,
88471604,00000118,false,Rx,1,4,00,40,00,12,00,00,00,00,
88481723,00000118,false,Rx,1,4,00,41,00,12,00,00,00,00,
88482020,17F0000F,true,Rx,1,8,00,0F,00,00,00,00,00,00,
88483950,00000779,false,Rx,1,8,05,62,2B,E4,0D,63,AA,AA,
88491587,00000118,false,Rx,1,4,00,42,00,12,00,00,00,00,
88501747,00000118,false,Rx,1,4,00,43,00,12,00,00,00,00,
88511367,00000118,false,Rx,1,4,00,44,00,12,00,00,00,00,
88521698,00000118,false,Rx,1,4,00,45,00,12,00,00,00,00,
88531363,00000118,false,Rx,1,4,00,46,00,12,00,00,00,00,
88541668,00000118,false,Rx,1,4,00,47,00,12,00,00,00,00,
88551375,00000118,false,Rx,1,4,00,48,00,12,00,00,00,00,
88561656,00000118,false,Rx,1,4,00,49,00,12,00,00,00,00,
88571364,00000118,false,Rx,1,4,00,4A,00,12,00,00,00,00,
88581663,00000118,false,Rx,1,4,00,4B,00,12,00,00,00,00,
88591598,00000118,false,Rx,1,4,00,4C,00,12,00,00,00,00,
88601690,00000118,false,Rx,1,4,00,4D,00,12,00,00,00,00,
88611362,00000118,false,Rx,1,4,00,4E,00,12,00,00,00,00,
88621622,00000118,false,Rx,1,4,00,4F,00,12,00,00,00,00,
88631362,00000118,false,Rx,1,4,00,40,00,12,00,00,00,00,
88641612,00000118,false,Rx,1,4,00,41,00,12,00,00,00,00,
88651368,00000118,false,Rx,1,4,00,42,00,12,00,00,00,00,
88661599,00000118,false,Rx,1,4,00,43,00,12,00,00,00,00,
88671363,00000118,false,Rx,1,4,00,44,00,12,00,00,00,00,
88681605,00000118,false,Rx,1,4,00,45,00,12,00,00,00,00,
88691346,00000118,false,Rx,1,4,00,46,00,12,00,00,00,00,
88701630,00000118,false,Rx,1,4,00,47,00,12,00,00,00,00,
88711362,00000118,false,Rx,1,4,00,48,00,12,00,00,00,00,
88721562,00000118,false,Rx,1,4,00,49,00,12,00,00,00,00,
88731362,00000118,false,Rx,1,4,00,4A,00,12,00,00,00,00,
88741555,00000118,false,Rx,1,4,00,4B,00,12,00,00,00,00,
88751240,00000118,false,Rx,1,4,00,4C,00,12,00,00,00,00,
88762860,00000118,false,Rx,1,4,00,4D,00,12,00,00,00,00,
88771406,00000118,false,Rx,1,4,00,4E,00,12,00,00,00,00,
88780354,0000070F,false,Rx,0,8,03,22,02,8D,55,55,55,55,
88781465,00000118,false,Rx,1,4,00,4F,00,12,00,00,00,00,
88791390,00000118,false,Rx,1,4,00,40,00,12,00,00,00,00,
88792648,00000779,false,Rx,1,8,05,62,02,8D,74,00,AA,AA,
88801444,00000118,false,Rx,1,4,00,41,00,12,00,00,00,00,
88811272,00000118,false,Rx,1,4,00,42,00,12,00,00,00,00,
88821398,00000118,false,Rx,1,4,00,43,00,12,00,00,00,00,
88831281,00000118,false,Rx,1,4,00,44,00,12,00,00,00,00,
88841385,00000118,false,Rx,1,4,00,45,00,12,00,00,00,00,
88851265,00000118,false,Rx,1,4,00,46,00,12,00,00,00,00,
88861373,00000118,false,Rx,1,4,00,47,00,12,00,00,00,00,
88871367,00000118,false,Rx,1,4,00,48,00,12,00,00,00,00,
88881379,00000118,false,Rx,1,4,00,49,00,12,00,00,00,00,
88891332,00000118,false,Rx,1,4,00,4A,00,12,00,00,00,00,
88901371,00000118,false,Rx,1,4,00,4B,00,12,00,00,00,00,
88911213,00000118,false,Rx,1,4,00,4C,00,12,00,00,00,00,
88921367,00000118,false,Rx,1,4,00,4D,00,12,00,00,00,00,
88931249,00000118,false,Rx,1,4,00,4E,00,12,00,00,00,00,
88941327,00000118,false,Rx,1,4,00,4F,00,12,00,00,00,00,
88951208,00000118,false,Rx,1,4,00,40,00,12,00,00,00,00,
88961316,00000118,false,Rx,1,4,00,41,00,12,00,00,00,00,
88971369,00000118,false,Rx,1,4,00,42,00,12,00,00,00,00,
88981322,00000118,false,Rx,1,4,00,43,00,12,00,00,00,00,
88981617,17F0000F,true,Rx,1,8,00,0F,00,00,00,00,00,00,
88991281,00000118,false,Rx,1,4,00,44,00,12,00,00,00,00,
89001711,00000118,false,Rx,1,4,00,45,00,12,00,00,00,00,
89011556,00000118,false,Rx,1,4,00,46,00,12,00,00,00,00,
89021697,00000118,false,Rx,1,4,00,47,00,12,00,00,00,00,
89031541,00000118,false,Rx,1,4,00,48,00,12,00,00,00,00,
89041666,00000118,false,Rx,1,4,00,49,00,12,00,00,00,00,
89051558,00000118,false,Rx,1,4,00,4A,00,12,00,00,00,00,
89061655,00000118,false,Rx,1,4,00,4B,00,12,00,00,00,00,
89071528,00000118,false,Rx,1,4,00,4C,00,12,00,00,00,00,
89081659,00000118,false,Rx,1,4,00,4D,00,12,00,00,00,00,
89085360,0000070F,false,Rx,0,8,03,22,2B,F1,55,55,55,55,
89091637,00000118,false,Rx,1,4,00,4E,00,12,00,00,00,00,
89101652,00000118,false,Rx,1,4,00,4F,00,12,00,00,00,00,
89103867,00000779,false,Rx,1,8,05,62,2B,F1,4B,70,AA,AA,
89111506,00000118,false,Rx,1,4,00,40,00,12,00,00,00,00,
89121638,00000118,false,Rx,1,4,00,41,00,12,00,00,00,00,
89131483,00000118,false,Rx,1,4,00,42,00,12,00,00,00,00,
89141611,00000118,false,Rx,1,4,00,43,00,12,00,00,00,00,
89151487,00000118,false,Rx,1,4,00,44,00,12,00,00,00,00,
89161595,00000118,false,Rx,1,4,00,45,00,12,00,00,00,00,
89171460,00000118,false,Rx,1,4,00,46,00,12,00,00,00,00,
89181602,00000118,false,Rx,1,4,00,47,00,12,00,00,00,00,
89191553,00000118,false,Rx,1,4,00,48,00,12,00,00,00,00,
89201590,00000118,false,Rx,1,4,00,49,00,12,00,00,00,00,
89211438,00000118,false,Rx,1,4,00,4A,00,12,00,00,00,00,
89221578,00000118,false,Rx,1,4,00,4B,00,12,00,00,00,00,
89231423,00000118,false,Rx,1,4,00,4C,00,12,00,00,00,00,
89241556,00000118,false,Rx,1,4,00,4D,00,12,00,00,00,00,
89251480,00000118,false,Rx,1,4,00,4E,00,12,00,00,00,00,
89263736,00000118,false,Rx,1,4,00,4F,00,12,00,00,00,00,
89271415,00000118,false,Rx,1,4,00,40,00,12,00,00,00,00,
89281565,00000118,false,Rx,1,4,00,41,00,12,00,00,00,00,
89291620,00000118,false,Rx,1,4,00,42,00,12,00,00,00,00,
89301533,00000118,false,Rx,1,4,00,43,00,12,00,00,00,00,
89311381,00000118,false,Rx,1,4,00,44,00,12,00,00,00,00,
89321503,00000118,false,Rx,1,4,00,45,00,12,00,00,00,00,
89331385,00000118,false,Rx,1,4,00,46,00,12,00,00,00,00,
89341489,00000118,false,Rx,1,4,00,47,00,12,00,00,00,00,
89351370,00000118,false,Rx,1,4,00,48,00,12,00,00,00,00,
89361478,00000118,false,Rx,1,4,00,49,00,12,00,00,00,00,
89371369,00000118,false,Rx,1,4,00,4A,00,12,00,00,00,00,
89381486,00000118,false,Rx,1,4,00,4B,00,12,00,00,00,00,
89391436,00000118,false,Rx,1,4,00,4C,00,12,00,00,00,00,
89401473,00000118,false,Rx,1,4,00,4D,00,12,00,00,00,00,
89403297,0000070F,false,Rx,0,8,03,22,2B,E4,55,55,55,55,
89411390,00000118,false,Rx,1,4,00,4E,00,12,00,00,00,00,
89421447,00000118,false,Rx,1,4,00,4F,00,12,00,00,00,00,
89423652,00000779,false,Rx,1,8,05,62,2B,E4,0D,63,AA,AA,
89431335,00000118,false,Rx,1,4,00,40,00,12,00,00,00,00,
89441433,00000118,false,Rx,1,4,00,41,00,12,00,00,00,00,
89451314,00000118,false,Rx,1,4,00,42,00,12,00,00,00,00,
89461421,00000118,false,Rx,1,4,00,43,00,12,00,00,00,00,
89471375,00000118,false,Rx,1,4,00,44,00,12,00,00,00,00,
89481425,00000118,false,Rx,1,4,00,45,00,12,00,00,00,00,
89481721,17F0000F,true,Rx,1,8,00,0F,00,00,00,00,00,00,
89491391,00000118,false,Rx,1,4,00,46,00,12,00,00,00,00,
89501813,00000118,false,Rx,1,4,00,47,00,12,00,00,00,00,
89511657,00000118,false,Rx,1,4,00,48,00,12,00,00,00,00,
89521806,00000118,false,Rx,1,4,00,49,00,12,00,00,00,00,
89531646,00000118,false,Rx,1,4,00,4A,00,12,00,00,00,00,
89541772,00000118,false,Rx,1,4,00,4B,00,12,00,00,00,00,
89551663,00000118,false,Rx,1,4,00,4C,00,12,00,00,00,00,
89561762,00000118,false,Rx,1,4,00,4D,00,12,00,00,00,00,
89571623,00000118,false,Rx,1,4,00,4E,00,12,00,00,00,00,
89581768,00000118,false,Rx,1,4,00,4F,00,12,00,00,00,00,
89591719,00000118,false,Rx,1,4,00,40,00,12,00,00,00,00,
89601757,00000118,false,Rx,1,4,00,41,00,12,00,00,00,00,
89611601,00000118,false,Rx,1,4,00,42,00,12,00,00,00,00,
89621748,00000118,false,Rx,1,4,00,43,00,12,00,00,00,00,
89631591,00000118,false,Rx,1,4,00,44,00,12,00,00,00,00,
89641713,00000118,false,Rx,1,4,00,45,00,12,00,00,00,00,
89651594,00000118,false,Rx,1,4,00,46,00,12,00,00,00,00,
89661702,00000118,false,Rx,1,4,00,47,00,12,00,00,00,00,
89671563,00000118,false,Rx,1,4,00,48,00,12,00,00,00,00,
89681709,00000118,false,Rx,1,4,00,49,00,12,00,00,00,00,
89691661,00000118,false,Rx,1,4,00,4A,00,12,00,00,00,00,
89701696,00000118,false,Rx,1,4,00,4B,00,12,00,00,00,00,
89711542,00000118,false,Rx,1,4,00,4C,00,12,00,00,00,00,
89719987,0000070F,false,Rx,0,8,03,22,02,8D,55,55,55,55,
89721706,00000118,false,Rx,1,4,00,4D,00,12,00,00,00,00,
89731530,00000118,false,Rx,1,4,00,4E,00,12,00,00,00,00,
89732786,00000779,false,Rx,1,8,05,62,02,8D,74,00,AA,AA,
89741671,00000118,false,Rx,1,4,00,4F,00,12,00,00,00,00,
89751586,00000118,false,Rx,1,4,00,40,00,12,00,00,00,00,
89764750,00000118,false,Rx,1,4,00,41,00,12,00,00,00,00,
89771557,00000118,false,Rx,1,4,00,42,00,12,00,00,00,00,
89781658,00000118,false,Rx,1,4,00,43,00,12,00,00,00,00,
89791600,00000118,false,Rx,1,4,00,44,00,12,00,00,00,00,
89801637,00000118,false,Rx,1,4,00,45,00,12,00,00,00,00,
89811483,00000118,false,Rx,1,4,00,46,00,12,00,00,00,00,
89821634,00000118,false,Rx,1,4,00,47,00,12,00,00,00,00,
89831471,00000118,false,Rx,1,4,00,48,00,12,00,00,00,00,
89841596,00000118,false,Rx,1,4,00,49,00,12,00,00,00,00,
89851477,00000118,false,Rx,1,4,00,4A,00,12,00,00,00,00,
89861584,00000118,false,Rx,1,4,00,4B,00,12,00,00,00,00,
89871447,00000118,false,Rx,1,4,00,4C,00,12,00,00,00,00,
89881593,00000118,false,Rx,1,4,00,4D,00,12,00,00,00,00,
89891543,00000118,false,Rx,1,4,00,4E,00,12,00,00,00,00,
89901581,00000118,false,Rx,1,4,00,4F,00,12,00,00,00,00,
89911424,00000118,false,Rx,1,4,00,40,00,12,00,00,00,00,
89921569,00000118,false,Rx,1,4,00,41,00,12,00,00,00,00,
89931417,00000118,false,Rx,1,4,00,42,00,12,00,00,00,00,
89941540,00000118,false,Rx,1,4,00,43,00,12,00,00,00,00,
89951416,00000118,false,Rx,1,4,00,44,00,12,00,00,00,00,
89961525,00000118,false,Rx,1,4,00,45,00,12,00,00,00,00,
89971389,00000118,false,Rx,1,4,00,46,00,12,00,00,00,00,
89981532,00000118,false,Rx,1,4,00,47,00,12,00,00,00,00,
89981827,17F0000F,true,Rx,1,8,00,0F,00,00,00,00,00,00,
89991490,00000118,false,Rx,1,4,00,48,00,12,00,00,00,00,
90001938,00000118,false,Rx,1,4,00,49,00,12,00,00,00,00,
90011766,00000118,false,Rx,1,4,00,4A,00,12,00,00,00,00,
90021907,00000118,false,Rx,1,4,00,4B,00,12,00,00,00,00,
90031758,00000118,false,Rx,1,4,00,4C,00,12,00,00,00,00,
90035610,0000070F,false,Rx,0,8,03,22,2B,F1,55,55,55,55,
90041900,00000118,false,Rx,1,4,00,4D,00,12,00,00,00,00,
90052167,00000118,false,Rx,1,4,00,4E,00,12,00,00,00,00,
90053415,00000779,false,Rx,1,8,05,62,2B,F1,73,70,AA,AA,
90062278,00000118,false,Rx,1,4,00,4F,00,12,00,00,00,00,
90072148,00000118,false,Rx,1,4,00,40,00,12,00,00,00,00,
90082256,00000118,false,Rx,1,4,00,41,00,12,00,00,00,00,
90092227,00000118,false,Rx,1,4,00,42,00,12,00,00,00,00,
90102263,00000118,false,Rx,1,4,00,43,00,12,00,00,00,00,
90112104,00000118,false,Rx,1,4,00,44,00,12,00,00,00,00,
90122249,00000118,false,Rx,1,4,00,45,00,12,00,00,00,00,
90132100,00000118,false,Rx,1,4,00,46,00,12,00,00,00,00,
90142220,00000118,false,Rx,1,4,00,47,00,12,00,00,00,00,
90152098,00000118,false,Rx,1,4,00,48,00,12,00,00,00,00,
90162208,00000118,false,Rx,1,4,00,49,00,12,00,00,00,00,
90172088,00000118,false,Rx,1,4,00,4A,00,12,00,00,00,00,
90182196,00000118,false,Rx,1,4,00,4B,00,12,00,00,00,00,
90192169,00000118,false,Rx,1,4,00,4C,00,12,00,00,00,00,
90202201,00000118,false,Rx,1,4,00,4D,00,12,00,00,00,00,
90212048,00000118,false,Rx,1,4,00,4E,00,12,00,00,00,00,
90222191,00000118,false,Rx,1,4,00,4F,00,12,00,00,00,00,
90232037,00000118,false,Rx,1,4,00,40,00,12,00,00,00,00,
90242167,00000118,false,Rx,1,4,00,41,00,12,00,00,00,00,
90252512,00000118,false,Rx,1,4,00,42,00,12,00,00,00,00,
90267082,00000118,false,Rx,1,4,00,43,00,12,00,00,00,00,
90272048,00000118,false,Rx,1,4,00,44,00,12,00,00,00,00,
90282383,00000118,false,Rx,1,4,00,45,00,12,00,00,00,00,
90292232,00000118,false,Rx,1,4,00,46,00,12,00,00,00,00,
90302142,00000118,false,Rx,1,4,00,47,00,12,00,00,00,00,
90311986,00000118,false,Rx,1,4,00,48,00,12,00,00,00,00,
90322131,00000118,false,Rx,1,4,00,49,00,12,00,00,00,00,
90332043,00000118,false,Rx,1,4,00,4A,00,12,00,00,00,00,
90342105,00000118,false,Rx,1,4,00,4B,00,12,00,00,00,00,
90351983,00000118,false,Rx,1,4,00,4C,00,12,00,00,00,00,
90352704,0000070F,false,Rx,0,8,03,22,2B,E4,55,55,55,55,
90362113,00000118,false,Rx,1,4,00,4D,00,12,00,00,00,00,
90372372,00000118,false,Rx,1,4,00,4E,00,12,00,00,00,00,
90373626,00000779,false,Rx,1,8,05,62,2B,E4,0D,63,AA,AA,
90382490,00000118,false,Rx,1,4,00,4F,00,12,00,00,00,00,
90392450,00000118,false,Rx,1,4,00,40,00,12,00,00,00,00,
90402485,00000118,false,Rx,1,4,00,41,00,12,00,00,00,00,
90412329,00000118,false,Rx,1,4,00,42,00,12,00,00,00,00,
90422474,00000118,false,Rx,1,4,00,43,00,12,00,00,00,00,
90432316,00000118,false,Rx,1,4,00,44,00,12,00,00,00,00,
90442449,00000118,false,Rx,1,4,00,45,00,12,00,00,00,00,
90452323,00000118,false,Rx,1,4,00,46,00,12,00,00,00,00,
90462431,00000118,false,Rx,1,4,00,47,00,12,00,00,00,00,
90472311,00000118,false,Rx,1,4,00,48,00,12,00,00,00,00,
90482432,00000118,false,Rx,1,4,00,49,00,12,00,00,00,00,
90482715,17F0000F,true,Rx,1,8,00,0F,00,00,00,00,00,00,
90492409,00000118,false,Rx,1,4,00,4A,00,12,00,00,00,00,
90502837,00000118,false,Rx,1,4,00,4B,00,12,00,00,00,00,
90512690,00000118,false,Rx,1,4,00,4C,00,12,00,00,00,00,
90522820,00000118,false,Rx,1,4,00,4D,00,12,00,00,00,00,
90532660,00000118,false,Rx,1,4,00,4E,00,12,00,00,00,00,
90542787,00000118,false,Rx,1,4,00,4F,00,12,00,00,00,00,
90552670,00000118,false,Rx,1,4,00,40,00,12,00,00,00,00,
90562775,00000118,false,Rx,1,4,00,41,00,12,00,00,00,00,
90572656,00000118,false,Rx,1,4,00,42,00,12,00,00,00,00,
90582762,00000118,false,Rx,1,4,00,43,00,12,00,00,00,00,
90592730,00000118,false,Rx,1,4,00,44,00,12,00,00,00,00,
90602766,00000118,false,Rx,1,4,00,45,00,12,00,00,00,00,
90612612,00000118,false,Rx,1,4,00,46,00,12,00,00,00,00,
90622755,00000118,false,Rx,1,4,00,47,00,12,00,00,00,00,
90632599,00000118,false,Rx,1,4,00,48,00,12,00,00,00,00,
90642742,00000118,false,Rx,1,4,00,49,00,12,00,00,00,00,
90652608,00000118,false,Rx,1,4,00,4A,00,12,00,00,00,00,
90662713,00000118,false,Rx,1,4,00,4B,00,12,00,00,00,00,
90670096,0000070F,false,Rx,0,8,03,22,02,8D,55,55,55,55,
90672617,00000118,false,Rx,1,4,00,4C,00,12,00,00,00,00,
90682702,00000118,false,Rx,1,4,00,4D,00,12,00,00,00,00,
90684911,00000779,false,Rx,1,8,05,62,02,8D,75,00,AA,AA,
90692684,00000118,false,Rx,1,4,00,4E,00,12,00,00,00,00,
90702710,00000118,false,Rx,1,4,00,4F,00,12,00,00,00,00,
90712554,00000118,false,Rx,1,4,00,40,00,12,00,00,00,00,
90722697,00000118,false,Rx,1,4,00,41,00,12,00,00,00,00,
90732543,00000118,false,Rx,1,4,00,42,00,12,00,00,00,00,
90742674,00000118,false,Rx,1,4,00,43,00,12,00,00,00,00,
90752586,00000118,false,Rx,1,4,00,44,00,12,00,00,00,00,
90766880,00000118,false,Rx,1,4,00,45,00,12,00,00,00,00,
90772554,00000118,false,Rx,1,4,00,46,00,12,00,00,00,00,
90782662,00000118,false,Rx,1,4,00,47,00,12,00,00,00,00,
90792616,00000118,false,Rx,1,4,00,48,00,12,00,00,00,00,
90802649,00000118,false,Rx,1,4,00,49,00,12,00,00,00,00,
90812494,00000118,false,Rx,1,4,00,4A,00,12,00,00,00,00,
90822637,00000118,false,Rx,1,4,00,4B,00,12,00,00,00,00,
90832482,00000118,false,Rx,1,4,00,4C,00,12,00,00,00,00,
90842610,00000118,false,Rx,1,4,00,4D,00,12,00,00,00,00,
90852497,00000118,false,Rx,1,4,00,4E,00,12,00,00,00,00,
90862599,00000118,false,Rx,1,4,00,4F,00,12,00,00,00,00,
90872476,00000118,false,Rx,1,4,00,40,00,12,00,00,00,00,
90882586,00000118,false,Rx,1,4,00,41,00,12,00,00,00,00,
90892561,00000118,false,Rx,1,4,00,42,00,12,00,00,00,00,
90902591,00000118,false,Rx,1,4,00,43,00,12,00,00,00,00,
90912433,00000118,false,Rx,1,4,00,44,00,12,00,00,00,00,
90922578,00000118,false,Rx,1,4,00,45,00,12,00,00,00,00,
90932424,00000118,false,Rx,1,4,00,46,00,12,00,00,00,00,
90942550,00000118,false,Rx,1,4,00,47,00,12,00,00,00,00,
90952429,00000118,false,Rx,1,4,00,48,00,12,00,00,00,00,
90962537,00000118,false,Rx,1,4,00,49,00,12,00,00,00,00,
90972418,00000118,false,Rx,1,4,00,4A,00,12,00,00,00,00,
90982525,00000118,false,Rx,1,4,00,4B,00,12,00,00,00,00,
90982821,17F0000F,true,Rx,1,8,00,0F,00,00,00,00,00,00,
90985835,0000070F,false,Rx,0,8,03,22,2B,F1,55,55,55,55,
90992528,00000118,false,Rx,1,4,00,4C,00,12,00,00,00,00,
91002534,00000118,false,Rx,1,4,00,4D,00,12,00,00,00,00,
91004740,00000779,false,Rx,1,8,05,62,2B,F1,A5,70,AA,AA,
91012387,00000118,false,Rx,1,4,00,4E,00,12,00,00,00,00,
91022523,00000118,false,Rx,1,4,00,4F,00,12,00,00,00,00,
91032366,00000118,false,Rx,1,4,00,40,00,12,00,00,00,00,
91042491,00000118,false,Rx,1,4,00,41,00,12,00,00,00,00,
91052382,00000118,false,Rx,1,4,00,42,00,12,00,00,00,00,
91062481,00000118,false,Rx,1,4,00,43,00,12,00,00,00,00,
91072357,00000118,false,Rx,1,4,00,44,00,12,00,00,00,00,
91082466,00000118,false,Rx,1,4,00,45,00,12,00,00,00,00,
91092438,00000118,false,Rx,1,4,00,46,00,12,00,00,00,00,
91102472,00000118,false,Rx,1,4,00,47,00,12,00,00,00,00,
91112316,00000118,false,Rx,1,4,00,48,00,12,00,00,00,00,
91122461,00000118,false,Rx,1,4,00,49,00,12,00,00,00,00,
91132306,00000118,false,Rx,1,4,00,4A,00,12,00,00,00,00,
91142432,00000118,false,Rx,1,4,00,4B,00,12,00,00,00,00,
91152322,00000118,false,Rx,1,4,00,4C,00,12,00,00,00,00,
91162420,00000118,false,Rx,1,4,00,4D,00,12,00,00,00,00,
91172301,00000118,false,Rx,1,4,00,4E,00,12,00,00,00,00,
91182410,00000118,false,Rx,1,4,00,4F,00,12,00,00,00,00,
91192378,00000118,false,Rx,1,4,00,40,00,12,00,00,00,00,
91202416,00000118,false,Rx,1,4,00,41,00,12,00,00,00,00,
91212259,00000118,false,Rx,1,4,00,42,00,12,00,00,00,00,
91222405,00000118,false,Rx,1,4,00,43,00,12,00,00,00,00,
91232247,00000118,false,Rx,1,4,00,44,00,12,00,00,00,00,
91242372,00000118,false,Rx,1,4,00,45,00,12,00,00,00,00,
91252219,00000118,false,Rx,1,4,00,46,00,12,00,00,00,00,
91262831,00000118,false,Rx,1,4,00,47,00,12,00,00,00,00,
91272272,00000118,false,Rx,1,4,00,48,00,12,00,00,00,00,
91282377,00000118,false,Rx,1,4,00,49,00,12,00,00,00,00,
91292446,00000118,false,Rx,1,4,00,4A,00,12,00,00,00,00,
91302356,00000118,false,Rx,1,4,00,4B,00,12,00,00,00,00,
91312202,00000118,false,Rx,1,4,00,4C,00,12,00,00,00,00,
91317607,0000070F,false,Rx,0,8,03,22,2B,E4,55,55,55,55,
91322376,00000118,false,Rx,1,4,00,4D,00,12,00,00,00,00,
91332609,00000118,false,Rx,1,4,00,4E,00,12,00,00,00,00,
91333861,00000779,false,Rx,1,8,05,62,2B,E4,71,63,AA,AA,
91342726,00000118,false,Rx,1,4,00,4F,00,12,00,00,00,00,
91352596,00000118,false,Rx,1,4,00,40,00,12,00,00,00,00,
91362717,00000118,false,Rx,1,4,00,41,00,12,00,00,00,00,
91372567,00000118,false,Rx,1,4,00,42,00,12,00,00,00,00,
91382714,00000118,false,Rx,1,4,00,43,00,12,00,00,00,00,
91392660,00000118,false,Rx,1,4,00,44,00,12,00,00,00,00,
91402696,00000118,false,Rx,1,4,00,45,00,12,00,00,00,00,
91412542,00000118,false,Rx,1,4,00,46,00,12,00,00,00,00,
91422685,00000118,false,Rx,1,4,00,47,00,12,00,00,00,00,
91432530,00000118,false,Rx,1,4,00,48,00,12,00,00,00,00,
91442654,00000118,false,Rx,1,4,00,49,00,12,00,00,00,00,
91452536,00000118,false,Rx,1,4,00,4A,00,12,00,00,00,00,
91462649,00000118,false,Rx,1,4,00,4B,00,12,00,00,00,00,
91472508,00000118,false,Rx,1,4,00,4C,00,12,00,00,00,00,
91482650,00000118,false,Rx,1,4,00,4D,00,12,00,00,00,00,
91482971,17F0000F,true,Rx,1,8,00,0F,00,00,00,00,00,00,
91492609,00000118,false,Rx,1,4,00,4E,00,12,00,00,00,00,
91503041,00000118,false,Rx,1,4,00,4F,00,12,00,00,00,00,
91512884,00000118,false,Rx,1,4,00,40,00,12,00,00,00,00,
91523027,00000118,false,Rx,1,4,00,41,00,12,00,00,00,00,
91532873,00000118,false,Rx,1,4,00,42,00,12,00,00,00,00,
91542998,00000118,false,Rx,1,4,00,43,00,12,00,00,00,00,
91552880,00000118,false,Rx,1,4,00,44,00,12,00,00,00,00,
91563005,00000118,false,Rx,1,4,00,45,00,12,00,00,00,00,
91572867,00000118,false,Rx,1,4,00,46,00,12,00,00,00,00,
91582972,00000118,false,Rx,1,4,00,47,00,12,00,00,00,00,
91592950,00000118,false,Rx,1,4,00,48,00,12,00,00,00,00,
91602979,00000118,false,Rx,1,4,00,49,00,12,00,00,00,00,
91612825,00000118,false,Rx,1,4,00,4A,00,12,00,00,00,00,
91622968,00000118,false,Rx,1,4,00,4B,00,12,00,00,00,00,
91632816,00000118,false,Rx,1,4,00,4C,00,12,00,00,00,00,
91637185,0000070F,false,Rx,0,8,03,22,02,8D,55,55,55,55,
91642962,00000118,false,Rx,1,4,00,4D,00,12,00,00,00,00,
91653219,00000118,false,Rx,1,4,00,4E,00,12,00,00,00,00,
91654692,00000779,false,Rx,1,8,05,62,02,8D,76,00,AA,AA,
91663337,00000118,false,Rx,1,4,00,4F,00,12,00,00,00,00,
91673209,00000118,false,Rx,1,4,00,40,00,12,00,00,00,00,
91683316,00000118,false,Rx,1,4,00,41,00,12,00,00,00,00,
91693286,00000118,false,Rx,1,4,00,42,00,12,00,00,00,00,
91703321,00000118,false,Rx,1,4,00,43,00,12,00,00,00,00,
91713163,00000118,false,Rx,1,4,00,44,00,12,00,00,00,00,
91723308,00000118,false,Rx,1,4,00,45,00,12,00,00,00,00,
91733154,00000118,false,Rx,1,4,00,46,00,12,00,00,00,00,
91743278,00000118,false,Rx,1,4,00,47,00,12,00,00,00,00,
91753251,00000118,false,Rx,1,4,00,48,00,12,00,00,00,00,
91765062,00000118,false,Rx,1,4,00,49,00,12,00,00,00,00,
91773181,00000118,false,Rx,1,4,00,4A,00,12,00,00,00,00,
91783277,00000118,false,Rx,1,4,00,4B,00,12,00,00,00,00,
91793228,00000118,false,Rx,1,4,00,4C,00,12,00,00,00,00,
91803263,00000118,false,Rx,1,4,00,4D,00,12,00,00,00,00,
91813107,00000118,false,Rx,1,4,00,4E,00,12,00,00,00,00,
91823370,00000118,false,Rx,1,4,00,4F,00,12,00,00,00,00,
91833115,00000118,false,Rx,1,4,00,40,00,12,00,00,00,00,
91843222,00000118,false,Rx,1,4,00,41,00,12,00,00,00,00,
91853102,00000118,false,Rx,1,4,00,42,00,12,00,00,00,00,
91863209,00000118,false,Rx,1,4,00,43,00,12,00,00,00,00,
91873076,00000118,false,Rx,1,4,00,44,00,12,00,00,00,00,
91883216,00000118,false,Rx,1,4,00,45,00,12,00,00,00,00,
91893171,00000118,false,Rx,1,4,00,46,00,12,00,00,00,00,
91903203,00000118,false,Rx,1,4,00,47,00,12,00,00,00,00,
91913047,00000118,false,Rx,1,4,00,48,00,12,00,00,00,00,
91923369,00000118,false,Rx,1,4,00,49,00,12,00,00,00,00,
91933055,00000118,false,Rx,1,4,00,4A,00,12,00,00,00,00,
91943162,00000118,false,Rx,1,4,00,4B,00,12,00,00,00,00,
91953043,00000118,false,Rx,1,4,00,4C,00,12,00,00,00,00,
91954446,0000070F,false,Rx,0,8,03,22,2B,F1,55,55,55,55,
91963173,00000118,false,Rx,1,4,00,4D,00,12,00,00,00,00,
91973415,00000118,false,Rx,1,4,00,4E,00,12,00,00,00,00,
91974671,00000779,false,Rx,1,8,05,62,2B,F1,D7,70,AA,AA,
91983568,00000118,false,Rx,1,4,00,4F,00,12,00,00,00,00,
91983865,17F0000F,true,Rx,1,8,00,0F,00,00,00,00,00,00,
91993516,00000118,false,Rx,1,4,00,40,00,12,00,00,00,00,
92003952,00000118,false,Rx,1,4,00,41,00,12,00,00,00,00,
92013791,00000118,false,Rx,1,4,00,42,00,12,00,00,00,00,
92023950,00000118,false,Rx,1,4,00,43,00,12,00,00,00,00,
92033776,00000118,false,Rx,1,4,00,44,00,12,00,00,00,00,
92043903,00000118,false,Rx,1,4,00,45,00,12,00,00,00,00,
92053800,00000118,false,Rx,1,4,00,46,00,12,00,00,00,00,
92063890,00000118,false,Rx,1,4,00,47,00,12,00,00,00,00,
92073821,00000118,false,Rx,1,4,00,48,00,12,00,00,00,00,
92083880,00000118,false,Rx,1,4,00,49,00,12,00,00,00,00,
92093852,00000118,false,Rx,1,4,00,4A,00,12,00,00,00,00,
92103885,00000118,false,Rx,1,4,00,4B,00,12,00,00,00,00,
92113732,00000118,false,Rx,1,4,00,4C,00,12,00,00,00,00,
92123873,00000118,false,Rx,1,4,00,4D,00,12,00,00,00,00,
92133719,00000118,false,Rx,1,4,00,4E,00,12,00,00,00,00,
92143846,00000118,false,Rx,1,4,00,4F,00,12,00,00,00,00,
92153726,00000118,false,Rx,1,4,00,40,00,12,00,00,00,00,
92163835,00000118,false,Rx,1,4,00,41,00,12,00,00,00,00,
92173714,00000118,false,Rx,1,4,00,42,00,12,00,00,00,00,
92183826,00000118,false,Rx,1,4,00,43,00,12,00,00,00,00,
92193791,00000118,false,Rx,1,4,00,44,00,12,00,00,00,00,
92203826,00000118,false,Rx,1,4,00,45,00,12,00,00,00,00,
92213672,00000118,false,Rx,1,4,00,46,00,12,00,00,00,00,
92223815,00000118,false,Rx,1,4,00,47,00,12,00,00,00,00,
92233659,00000118,false,Rx,1,4,00,48,00,12,00,00,00,00,
92243786,00000118,false,Rx,1,4,00,49,00,12,00,00,00,00,
92253762,00000118,false,Rx,1,4,00,4A,00,12,00,00,00,00,
92266991,00000118,false,Rx,1,4,00,4B,00,12,00,00,00,00,
92273900,00000118,false,Rx,1,4,00,4C,00,12,00,00,00,00,
92283469,0000070F,false,Rx,0,8,03,22,2B,E4,55,55,55,55,
92284017,00000118,false,Rx,1,4,00,4D,00,12,00,00,00,00,
92293774,00000118,false,Rx,1,4,00,4E,00,12,00,00,00,00,
92303770,00000118,false,Rx,1,4,00,4F,00,12,00,00,00,00,
92305977,00000779,false,Rx,1,8,05,62,2B,E4,71,63,AA,AA,
92313623,00000118,false,Rx,1,4,00,40,00,12,00,00,00,00,
92323759,00000118,false,Rx,1,4,00,41,00,12,00,00,00,00,
92333602,00000118,false,Rx,1,4,00,42,00,12,00,00,00,00,
92343728,00000118,false,Rx,1,4,00,43,00,12,00,00,00,00,
92353607,00000118,false,Rx,1,4,00,44,00,12,00,00,00,00,
92363716,00000118,false,Rx,1,4,00,45,00,12,00,00,00,00,
92373579,00000118,false,Rx,1,4,00,46,00,12,00,00,00,00,
92383730,00000118,false,Rx,1,4,00,47,00,12,00,00,00,00,
92393674,00000118,false,Rx,1,4,00,48,00,12,00,00,00,00,
92403710,00000118,false,Rx,1,4,00,49,00,12,00,00,00,00,
92413555,00000118,false,Rx,1,4,00,4A,00,12,00,00,00,00,
92423699,00000118,false,Rx,1,4,00,4B,00,12,00,00,00,00,
92433543,00000118,false,Rx,1,4,00,4C,00,12,00,00,00,00,
92443668,00000118,false,Rx,1,4,00,4D,00,12,00,00,00,00,
92453551,00000118,false,Rx,1,4,00,4E,00,12,00,00,00,00,
92463660,00000118,false,Rx,1,4,00,4F,00,12,00,00,00,00,
92473520,00000118,false,Rx,1,4,00,40,00,12,00,00,00,00,
92483667,00000118,false,Rx,1,4,00,41,00,12,00,00,00,00,
92483972,17F0000F,true,Rx,1,8,00,0F,00,00,00,00,00,00,
92493624,00000118,false,Rx,1,4,00,42,00,12,00,00,00,00,
92504055,00000118,false,Rx,1,4,00,43,00,12,00,00,00,00,
92513894,00000118,false,Rx,1,4,00,44,00,12,00,00,00,00,
92524039,00000118,false,Rx,1,4,00,45,00,12,00,00,00,00,
92533886,00000118,false,Rx,1,4,00,46,00,12,00,00,00,00,
92544010,00000118,false,Rx,1,4,00,47,00,12,00,00,00,00,
92553897,00000118,false,Rx,1,4,00,48,00,12,00,00,00,00,
92563998,00000118,false,Rx,1,4,00,49,00,12,00,00,00,00,
92573899,00000118,false,Rx,1,4,00,4A,00,12,00,00,00,00,
92584007,00000118,false,Rx,1,4,00,4B,00,12,00,00,00,00,
92593963,00000118,false,Rx,1,4,00,4C,00,12,00,00,00,00,
92602550,0000070F,false,Rx,0,8,03,22,02,8D,55,55,55,55,
92604015,00000118,false,Rx,1,4,00,4D,00,12,00,00,00,00,
92613838,00000118,false,Rx,1,4,00,4E,00,12,00,00,00,00,
92615093,00000779,false,Rx,1,8,05,62,02,8D,76,00,AA,AA,
92623993,00000118,false,Rx,1,4,00,4F,00,12,00,00,00,00,
92633828,00000118,false,Rx,1,4,00,40,00,12,00,00,00,00,
92643955,00000118,false,Rx,1,4,00,41,00,12,00,00,00,00,
92653833,00000118,false,Rx,1,4,00,42,00,12,00,00,00,00,
92663950,00000118,false,Rx,1,4,00,43,00,12,00,00,00,00,
92673818,00000118,false,Rx,1,4,00,44,00,12,00,00,00,00,
92683948,00000118,false,Rx,1,4,00,45,00,12,00,00,00,00,
92693907,00000118,false,Rx,1,4,00,46,00,12,00,00,00,00,
92703950,00000118,false,Rx,1,4,00,47,00,12,00,00,00,00,
92713778,00000118,false,Rx,1,4,00,48,00,12,00,00,00,00,
92723942,00000118,false,Rx,1,4,00,49,00,12,00,00,00,00,
92733768,00000118,false,Rx,1,4,00,4A,00,12,00,00,00,00,
92743956,00000118,false,Rx,1,4,00,4B,00,12,00,00,00,00,
92753669,00000118,false,Rx,1,4,00,4C,00,12,00,00,00,00,
92763903,00000118,false,Rx,1,4,00,4D,00,12,00,00,00,00,
92773782,00000118,false,Rx,1,4,00,4E,00,12,00,00,00,00,
92783875,00000118,false,Rx,1,4,00,4F,00,12,00,00,00,00,
92793872,00000118,false,Rx,1,4,00,40,00,12,00,00,00,00,
92803859,00000118,false,Rx,1,4,00,41,00,12,00,00,00,00,
92813721,00000118,false,Rx,1,4,00,42,00,12,00,00,00,00,
92823866,00000118,false,Rx,1,4,00,43,00,12,00,00,00,00,
92833708,00000118,false,Rx,1,4,00,44,00,12,00,00,00,00,
92843851,00000118,false,Rx,1,4,00,45,00,12,00,00,00,00,
92853697,00000118,false,Rx,1,4,00,46,00,12,00,00,00,00,
92863823,00000118,false,Rx,1,4,00,47,00,12,00,00,00,00,
92873701,00000118,false,Rx,1,4,00,48,00,12,00,00,00,00,
92883810,00000118,false,Rx,1,4,00,49,00,12,00,00,00,00,
92893808,00000118,false,Rx,1,4,00,4A,00,12,00,00,00,00,
92903802,00000118,false,Rx,1,4,00,4B,00,12,00,00,00,00,
92913664,00000118,false,Rx,1,4,00,4C,00,12,00,00,00,00,
92922329,0000070F,false,Rx,0,8,03,22,2B,F1,55,55,55,55,
92923827,00000118,false,Rx,1,4,00,4D,00,12,00,00,00,00,
92933651,00000118,false,Rx,1,4,00,4E,00,12,00,00,00,00,
92934905,00000779,false,Rx,1,8,05,62,2B,F1,09,71,AA,AA,
92943806,00000118,false,Rx,1,4,00,4F,00,12,00,00,00,00,
92953640,00000118,false,Rx,1,4,00,40,00,12,00,00,00,00,
92963767,00000118,false,Rx,1,4,00,41,00,12,00,00,00,00,
92973646,00000118,false,Rx,1,4,00,42,00,12,00,00,00,00,
92983755,00000118,false,Rx,1,4,00,43,00,12,00,00,00,00,
92984057,17F0000F,true,Rx,1,8,00,0F,00,00,00,00,00,00,
92993751,00000118,false,Rx,1,4,00,44,00,12,00,00,00,00,
93003750,00000118,false,Rx,1,4,00,45,00,12,00,00,00,00,
93013604,00000118,false,Rx,1,4,00,46,00,12,00,00,00,00,
93023747,00000118,false,Rx,1,4,00,47,00,12,00,00,00,00,
93033591,00000118,false,Rx,1,4,00,48,00,12,00,00,00,00,
93043735,00000118,false,Rx,1,4,00,49,00,12,00,00,00,00,
93053585,00000118,false,Rx,1,4,00,4A,00,12,00,00,00,00,
93063707,00000118,false,Rx,1,4,00,4B,00,12,00,00,00,00,
93073587,00000118,false,Rx,1,4,00,4C,00,12,00,00,00,00,
93083694,00000118,false,Rx,1,4,00,4D,00,12,00,00,00,00,
93093684,00000118,false,Rx,1,4,00,4E,00,12,00,00,00,00,
93103696,00000118,false,Rx,1,4,00,4F,00,12,00,00,00,00,
93113545,00000118,false,Rx,1,4,00,40,00,12,00,00,00,00,
93123691,00000118,false,Rx,1,4,00,41,00,12,00,00,00,00,
93133535,00000118,false,Rx,1,4,00,42,00,12,00,00,00,00,
93143678,00000118,false,Rx,1,4,00,43,00,12,00,00,00,00,
93153520,00000118,false,Rx,1,4,00,44,00,12,00,00,00,00,
93163648,00000118,false,Rx,1,4,00,45,00,12,00,00,00,00,
93173528,00000118,false,Rx,1,4,00,46,00,12,00,00,00,00,
93183635,00000118,false,Rx,1,4,00,47,00,12,00,00,00,00,
93193623,00000118,false,Rx,1,4,00,48,00,12,00,00,00,00,
93203627,00000118,false,Rx,1,4,00,49,00,12,00,00,00,00,
93213487,00000118,false,Rx,1,4,00,4A,00,12,00,00,00,00,
93223630,00000118,false,Rx,1,4,00,4B,00,12,00,00,00,00,
93233476,00000118,false,Rx,1,4,00,4C,00,12,00,00,00,00,
93238968,0000070F,false,Rx,0,8,03,22,2B,E4,55,55,55,55,
93243644,00000118,false,Rx,1,4,00,4D,00,12,00,00,00,00,
93253487,00000118,false,Rx,1,4,00,4E,00,12,00,00,00,00,
93254720,00000779,false,Rx,1,8,05,62,2B,E4,71,63,AA,AA,
93263565,00000118,false,Rx,1,4,00,4F,00,12,00,00,00,00,
93273643,00000118,false,Rx,1,4,00,40,00,12,00,00,00,00,
93283645,00000118,false,Rx,1,4,00,41,00,12,00,00,00,00,
93293861,00000118,false,Rx,1,4,00,42,00,12,00,00,00,00,
93303620,00000118,false,Rx,1,4,00,43,00,12,00,00,00,00,
93313853,00000118,false,Rx,1,4,00,44,00,12,00,00,00,00,
93323972,00000118,false,Rx,1,4,00,45,00,12,00,00,00,00,
93333982,00000118,false,Rx,1,4,00,46,00,12,00,00,00,00,
93343961,00000118,false,Rx,1,4,00,47,00,12,00,00,00,00,
93353858,00000118,false,Rx,1,4,00,48,00,12,00,00,00,00,
93363951,00000118,false,Rx,1,4,00,49,00,12,00,00,00,00,
93373870,00000118,false,Rx,1,4,00,4A,00,12,00,00,00,00,
93383939,00000118,false,Rx,1,4,00,4B,00,12,00,00,00,00,
93393909,00000118,false,Rx,1,4,00,4C,00,12,00,00,00,00,
93403909,00000118,false,Rx,1,4,00,4D,00,12,00,00,00,00,
93413875,00000118,false,Rx,1,4,00,4E,00,12,00,00,00,00,
93423932,00000118,false,Rx,1,4,00,4F,00,12,00,00,00,00,
93433859,00000118,false,Rx,1,4,00,40,00,12,00,00,00,00,
93443903,00000118,false,Rx,1,4,00,41,00,12,00,00,00,00,
93453860,00000118,false,Rx,1,4,00,42,00,12,00,00,00,00,
93463873,00000118,false,Rx,1,4,00,43,00,12,00,00,00,00,
93473852,00000118,false,Rx,1,4,00,44,00,12,00,00,00,00,
93483860,00000118,false,Rx,1,4,00,45,00,12,00,00,00,00,
93484156,17F0000F,true,Rx,1,8,00,0F,00,00,00,00,00,00,
93493862,00000118,false,Rx,1,4,00,46,00,12,00,00,00,00,
93503855,00000118,false,Rx,1,4,00,47,00,12,00,00,00,00,
93513865,00000118,false,Rx,1,4,00,48,00,12,00,00,00,00,
93523862,00000118,false,Rx,1,4,00,49,00,12,00,00,00,00,
93533859,00000118,false,Rx,1,4,00,4A,00,12,00,00,00,00,
93543861,00000118,false,Rx,1,4,00,4B,00,12,00,00,00,00,
93553868,00000118,false,Rx,1,4,00,4C,00,12,00,00,00,00,
93563878,00000118,false,Rx,1,4,00,4D,00,12,00,00,00,00,
93567325,0000070F,false,Rx,0,8,03,22,02,8D,55,55,55,55,
93573862,00000118,false,Rx,1,4,00,4E,00,12,00,00,00,00,
93583856,00000118,false,Rx,1,4,00,4F,00,12,00,00,00,00,
93586147,00000779,false,Rx,1,8,05,62,02,8D,77,00,AA,AA,
93593855,00000118,false,Rx,1,4,00,40,00,12,00,00,00,00,
93603852,00000118,false,Rx,1,4,00,41,00,12,00,00,00,00,
93613866,00000118,false,Rx,1,4,00,42,00,12,00,00,00,00,
93623905,00000118,false,Rx,1,4,00,43,00,12,00,00,00,00,
93633661,00000118,false,Rx,1,4,00,44,00,12,00,00,00,00,
93643854,00000118,false,Rx,1,4,00,45,00,12,00,00,00,00,
93653615,00000118,false,Rx,1,4,00,46,00,12,00,00,00,00,
93663845,00000118,false,Rx,1,4,00,47,00,12,00,00,00,00,
93673858,00000118,false,Rx,1,4,00,48,00,12,00,00,00,00,
93683863,00000118,false,Rx,1,4,00,49,00,12,00,00,00,00,
93693860,00000118,false,Rx,1,4,00,4A,00,12,00,00,00,00,
93703860,00000118,false,Rx,1,4,00,4B,00,12,00,00,00,00,
93713623,00000118,false,Rx,1,4,00,4C,00,12,00,00,00,00,
93723868,00000118,false,Rx,1,4,00,4D,00,12,00,00,00,00,
93733617,00000118,false,Rx,1,4,00,4E,00,12,00,00,00,00,
93743885,00000118,false,Rx,1,4,00,4F,00,12,00,00,00,00,
93760541,00000118,false,Rx,1,4,00,40,00,12,00,00,00,00,
93763896,00000118,false,Rx,1,4,00,41,00,12,00,00,00,00,
93773672,00000118,false,Rx,1,4,00,42,00,12,00,00,00,00,
93783875,00000118,false,Rx,1,4,00,43,00,12,00,00,00,00,
93793853,00000118,false,Rx,1,4,00,44,00,12,00,00,00,00,
93803853,00000118,false,Rx,1,4,00,45,00,12,00,00,00,00,
93813627,00000118,false,Rx,1,4,00,46,00,12,00,00,00,00,
93823856,00000118,false,Rx,1,4,00,47,00,12,00,00,00,00,
93833611,00000118,false,Rx,1,4,00,48,00,12,00,00,00,00,
93843863,00000118,false,Rx,1,4,00,49,00,12,00,00,00,00,
93853610,00000118,false,Rx,1,4,00,4A,00,12,00,00,00,00,
93863861,00000118,false,Rx,1,4,00,4B,00,12,00,00,00,00,
93873608,00000118,false,Rx,1,4,00,4C,00,12,00,00,00,00,
93883867,00000118,false,Rx,1,4,00,4D,00,12,00,00,00,00,
93886258,0000070F,false,Rx,0,8,03,22,2B,F1,55,55,55,55,
93893873,00000118,false,Rx,1,4,00,4E,00,12,00,00,00,00,
93903852,00000118,false,Rx,1,4,00,4F,00,12,00,00,00,00,
93905910,00000779,false,Rx,1,8,05,62,2B,F1,3B,71,AA,AA,
93913610,00000118,false,Rx,1,4,00,40,00,12,00,00,00,00,
93923861,00000118,false,Rx,1,4,00,41,00,12,00,00,00,00,
93933611,00000118,false,Rx,1,4,00,42,00,12,00,00,00,00,
93943853,00000118,false,Rx,1,4,00,43,00,12,00,00,00,00,
93953608,00000118,false,Rx,1,4,00,44,00,12,00,00,00,00,
93963609,00000118,false,Rx,1,4,00,45,00,12,00,00,00,00,
93973616,00000118,false,Rx,1,4,00,46,00,12,00,00,00,00,
93983599,00000118,false,Rx,1,4,00,47,00,12,00,00,00,00,
93984137,17F0000F,true,Rx,1,8,00,0F,00,00,00,00,00,00,
93993697,00000118,false,Rx,1,4,00,48,00,12,00,00,00,00,
94003611,00000118,false,Rx,1,4,00,49,00,12,00,00,00,00,
94013610,00000118,false,Rx,1,4,00,4A,00,12,00,00,00,00,
94023630,00000118,false,Rx,1,4,00,4B,00,12,00,00,00,00,
94033613,00000118,false,Rx,1,4,00,4C,00,12,00,00,00,00,
94043618,00000118,false,Rx,1,4,00,4D,00,12,00,00,00,00,
94053438,00000118,false,Rx,1,4,00,4E,00,12,00,00,00,00,
94063608,00000118,false,Rx,1,4,00,4F,00,12,00,00,00,00,
94073609,00000118,false,Rx,1,4,00,40,00,12,00,00,00,00,
94083609,00000118,false,Rx,1,4,00,41,00,12,00,00,00,00,
94093613,00000118,false,Rx,1,4,00,42,00,12,00,00,00,00,
94103608,00000118,false,Rx,1,4,00,43,00,12,00,00,00,00,
94113361,00000118,false,Rx,1,4,00,44,00,12,00,00,00,00,
94123627,00000118,false,Rx,1,4,00,45,00,12,00,00,00,00,
94133369,00000118,false,Rx,1,4,00,46,00,12,00,00,00,00,
94143597,00000118,false,Rx,1,4,00,47,00,12,00,00,00,00,
94153370,00000118,false,Rx,1,4,00,48,00,12,00,00,00,00,
94163612,00000118,false,Rx,1,4,00,49,00,12,00,00,00,00,
94173365,00000118,false,Rx,1,4,00,4A,00,12,00,00,00,00,
94183612,00000118,false,Rx,1,4,00,4B,00,12,00,00,00,00,
94193613,00000118,false,Rx,1,4,00,4C,00,12,00,00,00,00,
94203619,00000118,false,Rx,1,4,00,4D,00,12,00,00,00,00,
94204062,0000070F,false,Rx,0,8,03,22,2B,E4,55,55,55,55,
94213862,00000118,false,Rx,1,4,00,4E,00,12,00,00,00,00,
94223851,00000118,false,Rx,1,4,00,4F,00,12,00,00,00,00,
94226146,00000779,false,Rx,1,8,05,62,2B,E4,71,63,AA,AA,
94233858,00000118,false,Rx,1,4,00,40,00,12,00,00,00,00,
94244239,00000118,false,Rx,1,4,00,41,00,12,00,00,00,00,
94253973,00000118,false,Rx,1,4,00,42,00,12,00,00,00,00,
94263939,00000118,false,Rx,1,4,00,43,00,12,00,00,00,00,
94273736,00000118,false,Rx,1,4,00,44,00,12,00,00,00,00,
94283902,00000118,false,Rx,1,4,00,45,00,12,00,00,00,00,
94293800,00000118,false,Rx,1,4,00,46,00,12,00,00,00,00,
94303784,00000118,false,Rx,1,4,00,47,00,12,00,00,00,00,
94313645,00000118,false,Rx,1,4,00,48,00,12,00,00,00,00,
94323788,00000118,false,Rx,1,4,00,49,00,12,00,00,00,00,
94333644,00000118,false,Rx,1,4,00,4A,00,12,00,00,00,00,
94343777,00000118,false,Rx,1,4,00,4B,00,12,00,00,00,00,
94353623,00000118,false,Rx,1,4,00,4C,00,12,00,00,00,00,
94363747,00000118,false,Rx,1,4,00,4D,00,12,00,00,00,00,
94373630,00000118,false,Rx,1,4,00,4E,00,12,00,00,00,00,
94383737,00000118,false,Rx,1,4,00,4F,00,12,00,00,00,00,
94393725,00000118,false,Rx,1,4,00,40,00,12,00,00,00,00,
94403727,00000118,false,Rx,1,4,00,41,00,12,00,00,00,00,
94413588,00000118,false,Rx,1,4,00,42,00,12,00,00,00,00,
94423733,00000118,false,Rx,1,4,00,43,00,12,00,00,00,00,
94433580,00000118,false,Rx,1,4,00,44,00,12,00,00,00,00,
94443719,00000118,false,Rx,1,4,00,45,00,12,00,00,00,00,
94453565,00000118,false,Rx,1,4,00,46,00,12,00,00,00,00,
94463691,00000118,false,Rx,1,4,00,47,00,12,00,00,00,00,
94473570,00000118,false,Rx,1,4,00,48,00,12,00,00,00,00,
94483679,00000118,false,Rx,1,4,00,49,00,12,00,00,00,00,
94483977,17F0000F,true,Rx,1,8,00,0F,00,00,00,00,00,00,
94493678,00000118,false,Rx,1,4,00,4A,00,12,00,00,00,00,
94503667,00000118,false,Rx,1,4,00,4B,00,12,00,00,00,00,
94513530,00000118,false,Rx,1,4,00,4C,00,12,00,00,00,00,
94523673,00000118,false,Rx,1,4,00,4D,00,12,00,00,00,00,
94533524,00000118,false,Rx,1,4,00,4E,00,12,00,00,00,00,
94535890,0000070F,false,Rx,0,8,03,22,02,8D,55,55,55,55,
94543685,00000118,false,Rx,1,4,00,4F,00,12,00,00,00,00,
94553508,00000118,false,Rx,1,4,00,40,00,12,00,00,00,00,
94554950,00000779,false,Rx,1,8,05,62,02,8D,78,00,AA,AA,
94563657,00000118,false,Rx,1,4,00,41,00,12,00,00,00,00,
94573512,00000118,false,Rx,1,4,00,42,00,12,00,00,00,00,
94583621,00000118,false,Rx,1,4,00,43,00,12,00,00,00,00,
94593606,00000118,false,Rx,1,4,00,44,00,12,00,00,00,00,
94603609,00000118,false,Rx,1,4,00,45,00,12,00,00,00,00,
94613472,00000118,false,Rx,1,4,00,46,00,12,00,00,00,00,
94623614,00000118,false,Rx,1,4,00,47,00,12,00,00,00,00,
94633469,00000118,false,Rx,1,4,00,48,00,12,00,00,00,00,
94643607,00000118,false,Rx,1,4,00,49,00,12,00,00,00,00,
94653448,00000118,false,Rx,1,4,00,4A,00,12,00,00,00,00,
94663573,00000118,false,Rx,1,4,00,4B,00,12,00,00,00,00,
94673454,00000118,false,Rx,1,4,00,4C,00,12,00,00,00,00,
94683562,00000118,false,Rx,1,4,00,4D,00,12,00,00,00,00,
94693551,00000118,false,Rx,1,4,00,4E,00,12,00,00,00,00,
94703552,00000118,false,Rx,1,4,00,4F,00,12,00,00,00,00,
94713414,00000118,false,Rx,1,4,00,40,00,12,00,00,00,00,
94723558,00000118,false,Rx,1,4,00,41,00,12,00,00,00,00,
94733403,00000118,false,Rx,1,4,00,42,00,12,00,00,00,00,
94743551,00000118,false,Rx,1,4,00,43,00,12,00,00,00,00,
94753441,00000118,false,Rx,1,4,00,44,00,12,00,00,00,00,
94765889,00000118,false,Rx,1,4,00,45,00,12,00,00,00,00,
94773447,00000118,false,Rx,1,4,00,46,00,12,00,00,00,00,
94783506,00000118,false,Rx,1,4,00,47,00,12,00,00,00,00,
94793474,00000118,false,Rx,1,4,00,48,00,12,00,00,00,00,
94803510,00000118,false,Rx,1,4,00,49,00,12,00,00,00,00,
94813356,00000118,false,Rx,1,4,00,4A,00,12,00,00,00,00,
94823499,00000118,false,Rx,1,4,00,4B,00,12,00,00,00,00,
94833363,00000118,false,Rx,1,4,00,4C,00,12,00,00,00,00,
94843474,00000118,false,Rx,1,4,00,4D,00,12,00,00,00,00,
94853352,00000118,false,Rx,1,4,00,4E,00,12,00,00,00,00,
94855455,0000070F,false,Rx,0,8,03,22,2B,F1,55,55,55,55,
94863482,00000118,false,Rx,1,4,00,4F,00,12,00,00,00,00,
94873738,00000118,false,Rx,1,4,00,40,00,12,00,00,00,00,
94875104,00000779,false,Rx,1,8,05,62,2B,F1,9F,71,AA,AA,
94883860,00000118,false,Rx,1,4,00,41,00,12,00,00,00,00,
94893834,00000118,false,Rx,1,4,00,42,00,12,00,00,00,00,
94903836,00000118,false,Rx,1,4,00,43,00,12,00,00,00,00,
94913696,00000118,false,Rx,1,4,00,44,00,12,00,00,00,00,
94923841,00000118,false,Rx,1,4,00,45,00,12,00,00,00,00,
94933685,00000118,false,Rx,1,4,00,46,00,12,00,00,00,00,
94943834,00000118,false,Rx,1,4,00,47,00,12,00,00,00,00,
94953673,00000118,false,Rx,1,4,00,48,00,12,00,00,00,00,
94963799,00000118,false,Rx,1,4,00,49,00,12,00,00,00,00,
94973680,00000118,false,Rx,1,4,00,4A,00,12,00,00,00,00,
94983787,00000118,false,Rx,1,4,00,4B,00,12,00,00,00,00,
94984084,17F0000F,true,Rx,1,8,00,0F,00,00,00,00,00,00,
94993784,00000118,false,Rx,1,4,00,4C,00,12,00,00,00,00,
95003778,00000118,false,Rx,1,4,00,4D,00,12,00,00,00,00,
95013640,00000118,false,Rx,1,4,00,4E,00,12,00,00,00,00,
95023785,00000118,false,Rx,1,4,00,4F,00,12,00,00,00,00,
95033629,00000118,false,Rx,1,4,00,40,00,12,00,00,00,00,
95043775,00000118,false,Rx,1,4,00,41,00,12,00,00,00,00,
95053616,00000118,false,Rx,1,4,00,42,00,12,00,00,00,00,
95063749,00000118,false,Rx,1,4,00,43,00,12,00,00,00,00,
95073621,00000118,false,Rx,1,4,00,44,00,12,00,00,00,00,
95083729,00000118,false,Rx,1,4,00,45,00,12,00,00,00,00,
95093721,00000118,false,Rx,1,4,00,46,00,12,00,00,00,00,
95103717,00000118,false,Rx,1,4,00,47,00,12,00,00,00,00,
95113580,00000118,false,Rx,1,4,00,48,00,12,00,00,00,00,
95123724,00000118,false,Rx,1,4,00,49,00,12,00,00,00,00,
95133570,00000118,false,Rx,1,4,00,4A,00,12,00,00,00,00,
95143712,00000118,false,Rx,1,4,00,4B,00,12,00,00,00,00,
95153569,00000118,false,Rx,1,4,00,4C,00,12,00,00,00,00,
95163683,00000118,false,Rx,1,4,00,4D,00,12,00,00,00,00,
95172979,0000070F,false,Rx,0,8,03,22,2B,E4,55,55,55,55,
95173563,00000118,false,Rx,1,4,00,4E,00,12,00,00,00,00,
95183696,00000118,false,Rx,1,4,00,4F,00,12,00,00,00,00,
95194062,00000118,false,Rx,1,4,00,40,00,12,00,00,00,00,
95195312,00000779,false,Rx,1,8,05,62,2B,E4,71,63,AA,AA,
95204071,00000118,false,Rx,1,4,00,41,00,12,00,00,00,00,
95213942,00000118,false,Rx,1,4,00,42,00,12,00,00,00,00,
95224067,00000118,false,Rx,1,4,00,43,00,12,00,00,00,00,
95233910,00000118,false,Rx,1,4,00,44,00,12,00,00,00,00,
95244055,00000118,false,Rx,1,4,00,45,00,12,00,00,00,00,
95254535,00000118,false,Rx,1,4,00,46,00,12,00,00,00,00,
95264057,00000118,false,Rx,1,4,00,47,00,12,00,00,00,00,
95274145,00000118,false,Rx,1,4,00,48,00,12,00,00,00,00,
95284385,00000118,false,Rx,1,4,00,49,00,12,00,00,00,00,
95294001,00000118,false,Rx,1,4,00,4A,00,12,00,00,00,00,
95304127,00000118,false,Rx,1,4,00,4B,00,12,00,00,00,00,
95313863,00000118,false,Rx,1,4,00,4C,00,12,00,00,00,00,
95324097,00000118,false,Rx,1,4,00,4D,00,12,00,00,00,00,
95333873,00000118,false,Rx,1,4,00,4E,00,12,00,00,00,00,
95344088,00000118,false,Rx,1,4,00,4F,00,12,00,00,00,00,
95353878,00000118,false,Rx,1,4,00,40,00,12,00,00,00,00,
95364076,00000118,false,Rx,1,4,00,41,00,12,00,00,00,00,
95373856,00000118,false,Rx,1,4,00,42,00,12,00,00,00,00,
95384482,00000118,false,Rx,1,4,00,43,00,12,00,00,00,00,
95394364,00000118,false,Rx,1,4,00,44,00,12,00,00,00,00,
95404468,00000118,false,Rx,1,4,00,45,00,12,00,00,00,00,
95414100,00000118,false,Rx,1,4,00,46,00,12,00,00,00,00,
95424439,00000118,false,Rx,1,4,00,47,00,12,00,00,00,00,
95434104,00000118,false,Rx,1,4,00,48,00,12,00,00,00,00,
95444428,00000118,false,Rx,1,4,00,49,00,12,00,00,00,00,
95454098,00000118,false,Rx,1,4,00,4A,00,12,00,00,00,00,
95464419,00000118,false,Rx,1,4,00,4B,00,12,00,00,00,00,
95474066,00000118,false,Rx,1,4,00,4C,00,12,00,00,00,00,
95484423,00000118,false,Rx,1,4,00,4D,00,12,00,00,00,00,
95484719,17F0000F,true,Rx,1,8,00,0F,00,00,00,00,00,00,
95494362,00000118,false,Rx,1,4,00,4E,00,12,00,00,00,00,
95504414,00000118,false,Rx,1,4,00,4F,00,12,00,00,00,00,
95505218,0000070F,false,Rx,0,8,03,22,02,8D,55,55,55,55,
95514064,00000118,false,Rx,1,4,00,40,00,12,00,00,00,00,
95524383,00000118,false,Rx,1,4,00,41,00,12,00,00,00,00,
95526594,00000779,false,Rx,1,8,05,62,02,8D,78,00,AA,AA,
95534058,00000118,false,Rx,1,4,00,42,00,12,00,00,00,00,
95544372,00000118,false,Rx,1,4,00,43,00,12,00,00,00,00,
95554035,00000118,false,Rx,1,4,00,44,00,12,00,00,00,00,
95564370,00000118,false,Rx,1,4,00,45,00,12,00,00,00,00,
95574008,00000118,false,Rx,1,4,00,46,00,12,00,00,00,00,
95584364,00000118,false,Rx,1,4,00,47,00,12,00,00,00,00,
95594101,00000118,false,Rx,1,4,00,48,00,12,00,00,00,00,
95604352,00000118,false,Rx,1,4,00,49,00,12,00,00,00,00,
95613984,00000118,false,Rx,1,4,00,4A,00,12,00,00,00,00,
95624367,00000118,false,Rx,1,4,00,4B,00,12,00,00,00,00,
95633994,00000118,false,Rx,1,4,00,4C,00,12,00,00,00,00,
95644313,00000118,false,Rx,1,4,00,4D,00,12,00,00,00,00,
95653979,00000118,false,Rx,1,4,00,4E,00,12,00,00,00,00,
95665103,00000118,false,Rx,1,4,00,4F,00,12,00,00,00,00,
95674099,00000118,false,Rx,1,4,00,40,00,12,00,00,00,00,
95684318,00000118,false,Rx,1,4,00,41,00,12,00,00,00,00,
95694044,00000118,false,Rx,1,4,00,42,00,12,00,00,00,00,
95704297,00000118,false,Rx,1,4,00,43,00,12,00,00,00,00,
95713944,00000118,false,Rx,1,4,00,44,00,12,00,00,00,00,
95724368,00000118,false,Rx,1,4,00,45,00,12,00,00,00,00,
95733953,00000118,false,Rx,1,4,00,46,00,12,00,00,00,00,
95744905,00000118,false,Rx,1,4,00,47,00,12,00,00,00,00,
95759797,00000118,false,Rx,1,4,00,48,00,12,00,00,00,00,
95764154,00000118,false,Rx,1,4,00,49,00,12,00,00,00,00,
95774036,00000118,false,Rx,1,4,00,4A,00,12,00,00,00,00,
95784343,00000118,false,Rx,1,4,00,4B,00,12,00,00,00,00,
95794114,00000118,false,Rx,1,4,00,4C,00,12,00,00,00,00,
95804336,00000118,false,Rx,1,4,00,4D,00,12,00,00,00,00,
95814118,00000118,false,Rx,1,4,00,4E,00,12,00,00,00,00,
95820263,0000070F,false,Rx,0,8,03,22,2B,F1,55,55,55,55,
95824354,00000118,false,Rx,1,4,00,4F,00,12,00,00,00,00,
95833965,00000118,false,Rx,1,4,00,40,00,12,00,00,00,00,
95835218,00000779,false,Rx,1,8,05,62,2B,F1,D1,71,AA,AA,
95844336,00000118,false,Rx,1,4,00,41,00,12,00,00,00,00,
95853952,00000118,false,Rx,1,4,00,42,00,12,00,00,00,00,
95864111,00000118,false,Rx,1,4,00,43,00,12,00,00,00,00,
95873960,00000118,false,Rx,1,4,00,44,00,12,00,00,00,00,
95884089,00000118,false,Rx,1,4,00,45,00,12,00,00,00,00,
95894055,00000118,false,Rx,1,4,00,46,00,12,00,00,00,00,
95904103,00000118,false,Rx,1,4,00,47,00,12,00,00,00,00,
95914096,00000118,false,Rx,1,4,00,48,00,12,00,00,00,00,
95924093,00000118,false,Rx,1,4,00,49,00,12,00,00,00,00,
95933906,00000118,false,Rx,1,4,00,4A,00,12,00,00,00,00,
95944096,00000118,false,Rx,1,4,00,4B,00,12,00,00,00,00,
95953877,00000118,false,Rx,1,4,00,4C,00,12,00,00,00,00,
95964099,00000118,false,Rx,1,4,00,4D,00,12,00,00,00,00,
95973886,00000118,false,Rx,1,4,00,4E,00,12,00,00,00,00,
95984103,00000118,false,Rx,1,4,00,4F,00,12,00,00,00,00,
95984643,17F0000F,true,Rx,1,8,00,0F,00,00,00,00,00,00,
95994003,00000118,false,Rx,1,4,00,40,00,12,00,00,00,00,
96004096,00000118,false,Rx,1,4,00,41,00,12,00,00,00,00,
96013856,00000118,false,Rx,1,4,00,42,00,12,00,00,00,00,
96024099,00000118,false,Rx,1,4,00,43,00,12,00,00,00,00,
96033858,00000118,false,Rx,1,4,00,44,00,12,00,00,00,00,
96044090,00000118,false,Rx,1,4,00,45,00,12,00,00,00,00,
96053857,00000118,false,Rx,1,4,00,46,00,12,00,00,00,00,
96064138,00000118,false,Rx,1,4,00,47,00,12,00,00,00,00,
96073855,00000118,false,Rx,1,4,00,48,00,12,00,00,00,00,
96084100,00000118,false,Rx,1,4,00,49,00,12,00,00,00,00,
96093952,00000118,false,Rx,1,4,00,4A,00,12,00,00,00,00,
96104097,00000118,false,Rx,1,4,00,4B,00,12,00,00,00,00,
96113864,00000118,false,Rx,1,4,00,4C,00,12,00,00,00,00,
96124093,00000118,false,Rx,1,4,00,4D,00,12,00,00,00,00,
96133868,00000118,false,Rx,1,4,00,4E,00,12,00,00,00,00,
96138387,0000070F,false,Rx,0,8,03,22,2B,E4,55,55,55,55,
96144101,00000118,false,Rx,1,4,00,4F,00,12,00,00,00,00,
96153855,00000118,false,Rx,1,4,00,40,00,12,00,00,00,00,
96155013,00000779,false,Rx,1,8,05,62,2B,E4,D5,63,AA,AA,
96164099,00000118,false,Rx,1,4,00,41,00,12,00,00,00,00,
96173855,00000118,false,Rx,1,4,00,42,00,12,00,00,00,00,
96184099,00000118,false,Rx,1,4,00,43,00,12,00,00,00,00,
96193863,00000118,false,Rx,1,4,00,44,00,12,00,00,00,00,
96204089,00000118,false,Rx,1,4,00,45,00,12,00,00,00,00,
96213856,00000118,false,Rx,1,4,00,46,00,12,00,00,00,00,
96224096,00000118,false,Rx,1,4,00,47,00,12,00,00,00,00,
96233844,00000118,false,Rx,1,4,00,48,00,12,00,00,00,00,
96244097,00000118,false,Rx,1,4,00,49,00,12,00,00,00,00,
96254060,00000118,false,Rx,1,4,00,4A,00,12,00,00,00,00,
96265318,00000118,false,Rx,1,4,00,4B,00,12,00,00,00,00,
96273779,00000118,false,Rx,1,4,00,4C,00,12,00,00,00,00,
96283953,00000118,false,Rx,1,4,00,4D,00,12,00,00,00,00,
96293843,00000118,false,Rx,1,4,00,4E,00,12,00,00,00,00,
96303826,00000118,false,Rx,1,4,00,4F,00,12,00,00,00,00,
96313687,00000118,false,Rx,1,4,00,40,00,12,00,00,00,00,
96323831,00000118,false,Rx,1,4,00,41,00,12,00,00,00,00,
96333676,00000118,false,Rx,1,4,00,42,00,12,00,00,00,00,
96343820,00000118,false,Rx,1,4,00,43,00,12,00,00,00,00,
96353661,00000118,false,Rx,1,4,00,44,00,12,00,00,00,00,
96363789,00000118,false,Rx,1,4,00,45,00,12,00,00,00,00,
96373696,00000118,false,Rx,1,4,00,46,00,12,00,00,00,00,
96383781,00000118,false,Rx,1,4,00,47,00,12,00,00,00,00,
96393766,00000118,false,Rx,1,4,00,48,00,12,00,00,00,00,
96403765,00000118,false,Rx,1,4,00,49,00,12,00,00,00,00,
96413629,00000118,false,Rx,1,4,00,4A,00,12,00,00,00,00,
96423773,00000118,false,Rx,1,4,00,4B,00,12,00,00,00,00,
96433620,00000118,false,Rx,1,4,00,4C,00,12,00,00,00,00,
96443760,00000118,false,Rx,1,4,00,4D,00,12,00,00,00,00,
96453606,00000118,false,Rx,1,4,00,4E,00,12,00,00,00,00,
96457238,0000070F,false,Rx,0,8,03,22,02,8D,55,55,55,55,
96463756,00000118,false,Rx,1,4,00,4F,00,12,00,00,00,00,
96474013,00000118,false,Rx,1,4,00,40,00,12,00,00,00,00,
96475458,00000779,false,Rx,1,8,05,62,02,8D,79,00,AA,AA,
96484133,00000118,false,Rx,1,4,00,41,00,12,00,00,00,00,
96484427,17F0000F,true,Rx,1,8,00,0F,00,00,00,00,00,00,
96494516,00000118,false,Rx,1,4,00,42,00,12,00,00,00,00,
96504512,00000118,false,Rx,1,4,00,43,00,12,00,00,00,00,
96514370,00000118,false,Rx,1,4,00,44,00,12,00,00,00,00,
96524513,00000118,false,Rx,1,4,00,45,00,12,00,00,00,00,
96534360,00000118,false,Rx,1,4,00,46,00,12,00,00,00,00,
96544503,00000118,false,Rx,1,4,00,47,00,12,00,00,00,00,
96554346,00000118,false,Rx,1,4,00,48,00,12,00,00,00,00,
96564480,00000118,false,Rx,1,4,00,49,00,12,00,00,00,00,
96574355,00000118,false,Rx,1,4,00,4A,00,12,00,00,00,00,
96584481,00000118,false,Rx,1,4,00,4B,00,12,00,00,00,00,
96594451,00000118,false,Rx,1,4,00,4C,00,12,00,00,00,00,
96604450,00000118,false,Rx,1,4,00,4D,00,12,00,00,00,00,
96614313,00000118,false,Rx,1,4,00,4E,00,12,00,00,00,00,
96624459,00000118,false,Rx,1,4,00,4F,00,12,00,00,00,00,
96634302,00000118,false,Rx,1,4,00,40,00,12,00,00,00,00,
96644446,00000118,false,Rx,1,4,00,41,00,12,00,00,00,00,
96654291,00000118,false,Rx,1,4,00,42,00,12,00,00,00,00,
96664416,00000118,false,Rx,1,4,00,43,00,12,00,00,00,00,
96674294,00000118,false,Rx,1,4,00,44,00,12,00,00,00,00,
96684407,00000118,false,Rx,1,4,00,45,00,12,00,00,00,00,
96694392,00000118,false,Rx,1,4,00,46,00,12,00,00,00,00,
96704391,00000118,false,Rx,1,4,00,47,00,12,00,00,00,00,
96714255,00000118,false,Rx,1,4,00,48,00,12,00,00,00,00,
96724398,00000118,false,Rx,1,4,00,49,00,12,00,00,00,00,
96734243,00000118,false,Rx,1,4,00,4A,00,12,00,00,00,00,
96744386,00000118,false,Rx,1,4,00,4B,00,12,00,00,00,00,
96754777,00000118,false,Rx,1,4,00,4C,00,12,00,00,00,00,
96764480,00000118,false,Rx,1,4,00,4D,00,12,00,00,00,00,
96774119,00000118,false,Rx,1,4,00,4E,00,12,00,00,00,00,
96774220,0000070F,false,Rx,0,8,03,22,2B,F1,55,55,55,55,
96784971,00000118,false,Rx,1,4,00,4F,00,12,00,00,00,00,
96794229,00000118,false,Rx,1,4,00,40,00,12,00,00,00,00,
96795467,00000779,false,Rx,1,8,05,62,2B,F1,F9,71,AA,AA,
96804472,00000118,false,Rx,1,4,00,41,00,12,00,00,00,00,
96814091,00000118,false,Rx,1,4,00,42,00,12,00,00,00,00,
96824433,00000118,false,Rx,1,4,00,43,00,12,00,00,00,00,
96834096,00000118,false,Rx,1,4,00,44,00,12,00,00,00,00,
96844420,00000118,false,Rx,1,4,00,45,00,12,00,00,00,00,
96854085,00000118,false,Rx,1,4,00,46,00,12,00,00,00,00,
96864408,00000118,false,Rx,1,4,00,47,00,12,00,00,00,00,
96874055,00000118,false,Rx,1,4,00,48,00,12,00,00,00,00,
96884548,00000118,false,Rx,1,4,00,49,00,12,00,00,00,00,
96894158,00000118,false,Rx,1,4,00,4A,00,12,00,00,00,00,
96904402,00000118,false,Rx,1,4,00,4B,00,12,00,00,00,00,
96914033,00000118,false,Rx,1,4,00,4C,00,12,00,00,00,00,
96924372,00000118,false,Rx,1,4,00,4D,00,12,00,00,00,00,
96934040,00000118,false,Rx,1,4,00,4E,00,12,00,00,00,00,
96944363,00000118,false,Rx,1,4,00,4F,00,12,00,00,00,00,
96954028,00000118,false,Rx,1,4,00,40,00,12,00,00,00,00,
96964351,00000118,false,Rx,1,4,00,41,00,12,00,00,00,00,
96973999,00000118,false,Rx,1,4,00,42,00,12,00,00,00,00,
96984358,00000118,false,Rx,1,4,00,43,00,12,00,00,00,00,
96984655,17F0000F,true,Rx,1,8,00,0F,00,00,00,00,00,00,
96994105,00000118,false,Rx,1,4,00,44,00,12,00,00,00,00,
97004345,00000118,false,Rx,1,4,00,45,00,12,00,00,00,00,
97013976,00000118,false,Rx,1,4,00,46,00,12,00,00,00,00,
97024316,00000118,false,Rx,1,4,00,47,00,12,00,00,00,00,
97033979,00000118,false,Rx,1,4,00,48,00,12,00,00,00,00,
97044304,00000118,false,Rx,1,4,00,49,00,12,00,00,00,00,
97053970,00000118,false,Rx,1,4,00,4A,00,12,00,00,00,00,
97064302,00000118,false,Rx,1,4,00,4B,00,12,00,00,00,00,
97073950,00000118,false,Rx,1,4,00,4C,00,12,00,00,00,00,
97084298,00000118,false,Rx,1,4,00,4D,00,12,00,00,00,00,
97090276,0000070F,false,Rx,0,8,03,22,2B,E4,55,55,55,55,
97094065,00000118,false,Rx,1,4,00,4E,00,12,00,00,00,00,
97104288,00000118,false,Rx,1,4,00,4F,00,12,00,00,00,00,
97106683,00000779,false,Rx,1,8,05,62,2B,E4,D5,63,AA,AA,
97113946,00000118,false,Rx,1,4,00,40,00,12,00,00,00,00,
97124260,00000118,false,Rx,1,4,00,41,00,12,00,00,00,00,
97133943,00000118,false,Rx,1,4,00,42,00,12,00,00,00,00,
97144247,00000118,false,Rx,1,4,00,43,00,12,00,00,00,00,
97153911,00000118,false,Rx,1,4,00,44,00,12,00,00,00,00,
97164234,00000118,false,Rx,1,4,00,45,00,12,00,00,00,00,
97173883,00000118,false,Rx,1,4,00,46,00,12,00,00,00,00,
97184240,00000118,false,Rx,1,4,00,47,00,12,00,00,00,00,
97193983,00000118,false,Rx,1,4,00,48,00,12,00,00,00,00,
97204230,00000118,false,Rx,1,4,00,49,00,12,00,00,00,00,
97213860,00000118,false,Rx,1,4,00,4A,00,12,00,00,00,00,
97224199,00000118,false,Rx,1,4,00,4B,00,12,00,00,00,00,
97233867,00000118,false,Rx,1,4,00,4C,00,12,00,00,00,00,
97244188,00000118,false,Rx,1,4,00,4D,00,12,00,00,00,00,
97253987,00000118,false,Rx,1,4,00,4E,00,12,00,00,00,00,
97265237,00000118,false,Rx,1,4,00,4F,00,12,00,00,00,00,
97274000,00000118,false,Rx,1,4,00,40,00,12,00,00,00,00,
97284185,00000118,false,Rx,1,4,00,41,00,12,00,00,00,00,
97294049,00000118,false,Rx,1,4,00,42,00,12,00,00,00,00,
97304058,00000118,false,Rx,1,4,00,43,00,12,00,00,00,00,
97313908,00000118,false,Rx,1,4,00,44,00,12,00,00,00,00,
97324052,00000118,false,Rx,1,4,00,45,00,12,00,00,00,00,
97333900,00000118,false,Rx,1,4,00,46,00,12,00,00,00,00,
97344045,00000118,false,Rx,1,4,00,47,00,12,00,00,00,00,
97353887,00000118,false,Rx,1,4,00,48,00,12,00,00,00,00,
97364011,00000118,false,Rx,1,4,00,49,00,12,00,00,00,00,
97373893,00000118,false,Rx,1,4,00,4A,00,12,00,00,00,00,
97384002,00000118,false,Rx,1,4,00,4B,00,12,00,00,00,00,
97393990,00000118,false,Rx,1,4,00,4C,00,12,00,00,00,00,
97403998,00000118,false,Rx,1,4,00,4D,00,12,00,00,00,00,
97406856,0000070F,false,Rx,0,8,03,22,02,8D,55,55,55,55,
97413876,00000118,false,Rx,1,4,00,4E,00,12,00,00,00,00,
97423997,00000118,false,Rx,1,4,00,4F,00,12,00,00,00,00,
97426440,00000779,false,Rx,1,8,05,62,02,8D,79,00,AA,AA,
97433850,00000118,false,Rx,1,4,00,40,00,12,00,00,00,00,
97443985,00000118,false,Rx,1,4,00,41,00,12,00,00,00,00,
97453829,00000118,false,Rx,1,4,00,42,00,12,00,00,00,00,
97463956,00000118,false,Rx,1,4,00,43,00,12,00,00,00,00,
97473834,00000118,false,Rx,1,4,00,44,00,12,00,00,00,00,
97483950,00000118,false,Rx,1,4,00,45,00,12,00,00,00,00,
97484239,17F0000F,true,Rx,1,8,00,0F,00,00,00,00,00,00,
97493950,00000118,false,Rx,1,4,00,46,00,12,00,00,00,00,
97503962,00000118,false,Rx,1,4,00,47,00,12,00,00,00,00,
97513794,00000118,false,Rx,1,4,00,48,00,12,00,00,00,00,
97523950,00000118,false,Rx,1,4,00,49,00,12,00,00,00,00,
97533783,00000118,false,Rx,1,4,00,4A,00,12,00,00,00,00,
97543945,00000118,false,Rx,1,4,00,4B,00,12,00,00,00,00,
97553771,00000118,false,Rx,1,4,00,4C,00,12,00,00,00,00,
97563903,00000118,false,Rx,1,4,00,4D,00,12,00,00,00,00,
97573779,00000118,false,Rx,1,4,00,4E,00,12,00,00,00,00,
97583888,00000118,false,Rx,1,4,00,4F,00,12,00,00,00,00,
97593873,00000118,false,Rx,1,4,00,40,00,12,00,00,00,00,
97603892,00000118,false,Rx,1,4,00,41,00,12,00,00,00,00,
97613738,00000118,false,Rx,1,4,00,42,00,12,00,00,00,00,
97623882,00000118,false,Rx,1,4,00,43,00,12,00,00,00,00,
97633728,00000118,false,Rx,1,4,00,44,00,12,00,00,00,00,
97643868,00000118,false,Rx,1,4,00,45,00,12,00,00,00,00,
97653714,00000118,false,Rx,1,4,00,46,00,12,00,00,00,00,
97663840,00000118,false,Rx,1,4,00,47,00,12,00,00,00,00,
97673720,00000118,false,Rx,1,4,00,48,00,12,00,00,00,00,
97683826,00000118,false,Rx,1,4,00,49,00,12,00,00,00,00,
97693817,00000118,false,Rx,1,4,00,4A,00,12,00,00,00,00,
97703816,00000118,false,Rx,1,4,00,4B,00,12,00,00,00,00,
97713682,00000118,false,Rx,1,4,00,4C,00,12,00,00,00,00,
97723823,00000118,false,Rx,1,4,00,4D,00,12,00,00,00,00,
97733669,00000118,false,Rx,1,4,00,4E,00,12,00,00,00,00,
97740252,0000070F,false,Rx,0,8,03,22,2B,F1,55,55,55,55,
97744623,00000118,false,Rx,1,4,00,4F,00,12,00,00,00,00,
97753712,00000118,false,Rx,1,4,00,40,00,12,00,00,00,00,
97754969,00000779,false,Rx,1,8,05,62,2B,F1,2B,72,AA,AA,
97763793,00000118,false,Rx,1,4,00,41,00,12,00,00,00,00,
97773702,00000118,false,Rx,1,4,00,42,00,12,00,00,00,00,
97783793,00000118,false,Rx,1,4,00,43,00,12,00,00,00,00,
97793759,00000118,false,Rx,1,4,00,44,00,12,00,00,00,00,
97803759,00000118,false,Rx,1,4,00,45,00,12,00,00,00,00,
97813631,00000118,false,Rx,1,4,00,46,00,12,00,00,00,00,
97823765,00000118,false,Rx,1,4,00,47,00,12,00,00,00,00,
97833611,00000118,false,Rx,1,4,00,48,00,12,00,00,00,00,
97843754,00000118,false,Rx,1,4,00,49,00,12,00,00,00,00,
97853600,00000118,false,Rx,1,4,00,4A,00,12,00,00,00,00,
97863725,00000118,false,Rx,1,4,00,4B,00,12,00,00,00,00,
97873606,00000118,false,Rx,1,4,00,4C,00,12,00,00,00,00,
97883712,00000118,false,Rx,1,4,00,4D,00,12,00,00,00,00,
97893704,00000118,false,Rx,1,4,00,4E,00,12,00,00,00,00,
97903703,00000118,false,Rx,1,4,00,4F,00,12,00,00,00,00,
97913570,00000118,false,Rx,1,4,00,40,00,12,00,00,00,00,
97923709,00000118,false,Rx,1,4,00,41,00,12,00,00,00,00,
97933554,00000118,false,Rx,1,4,00,42,00,12,00,00,00,00,
97943698,00000118,false,Rx,1,4,00,43,00,12,00,00,00,00,
97953539,00000118,false,Rx,1,4,00,44,00,12,00,00,00,00,
97963667,00000118,false,Rx,1,4,00,45,00,12,00,00,00,00,
97973549,00000118,false,Rx,1,4,00,46,00,12,00,00,00,00,
97983654,00000118,false,Rx,1,4,00,47,00,12,00,00,00,00,
97983970,17F0000F,true,Rx,1,8,00,0F,00,00,00,00,00,00,
97993648,00000118,false,Rx,1,4,00,48,00,12,00,00,00,00,
98003645,00000118,false,Rx,1,4,00,49,00,12,00,00,00,00,
98013515,00000118,false,Rx,1,4,00,4A,00,12,00,00,00,00,
98023649,00000118,false,Rx,1,4,00,4B,00,12,00,00,00,00,
98033495,00000118,false,Rx,1,4,00,4C,00,12,00,00,00,00,
98043638,00000118,false,Rx,1,4,00,4D,00,12,00,00,00,00,
98053484,00000118,false,Rx,1,4,00,4E,00,12,00,00,00,00,
98057670,0000070F,false,Rx,0,8,03,22,2B,E4,55,55,55,55,
98063660,00000118,false,Rx,1,4,00,4F,00,12,00,00,00,00,
98073892,00000118,false,Rx,1,4,00,40,00,12,00,00,00,00,
98075441,00000779,false,Rx,1,8,05,62,2B,E4,D5,63,AA,AA,
98084010,00000118,false,Rx,1,4,00,41,00,12,00,00,00,00,
98093989,00000118,false,Rx,1,4,00,42,00,12,00,00,00,00,
98103988,00000118,false,Rx,1,4,00,43,00,12,00,00,00,00,
98113899,00000118,false,Rx,1,4,00,44,00,12,00,00,00,00,
98123992,00000118,false,Rx,1,4,00,45,00,12,00,00,00,00,
98133839,00000118,false,Rx,1,4,00,46,00,12,00,00,00,00,
98143980,00000118,false,Rx,1,4,00,47,00,12,00,00,00,00,
98153826,00000118,false,Rx,1,4,00,48,00,12,00,00,00,00,
98163977,00000118,false,Rx,1,4,00,49,00,12,00,00,00,00,
98173833,00000118,false,Rx,1,4,00,4A,00,12,00,00,00,00,
98183950,00000118,false,Rx,1,4,00,4B,00,12,00,00,00,00,
98193951,00000118,false,Rx,1,4,00,4C,00,12,00,00,00,00,
98203948,00000118,false,Rx,1,4,00,4D,00,12,00,00,00,00,
98213792,00000118,false,Rx,1,4,00,4E,00,12,00,00,00,00,
98223953,00000118,false,Rx,1,4,00,4F,00,12,00,00,00,00,
98233780,00000118,false,Rx,1,4,00,40,00,12,00,00,00,00,
98243944,00000118,false,Rx,1,4,00,41,00,12,00,00,00,00,
98253855,00000118,false,Rx,1,4,00,42,00,12,00,00,00,00,
98268414,00000118,false,Rx,1,4,00,43,00,12,00,00,00,00,
98274577,00000118,false,Rx,1,4,00,44,00,12,00,00,00,00,
98284000,00000118,false,Rx,1,4,00,45,00,12,00,00,00,00,
98293872,00000118,false,Rx,1,4,00,46,00,12,00,00,00,00,
98303888,00000118,false,Rx,1,4,00,47,00,12,00,00,00,00,
98313733,00000118,false,Rx,1,4,00,48,00,12,00,00,00,00,
98323885,00000118,false,Rx,1,4,00,49,00,12,00,00,00,00,
98333725,00000118,false,Rx,1,4,00,4A,00,12,00,00,00,00,
98343851,00000118,false,Rx,1,4,00,4B,00,12,00,00,00,00,
98353731,00000118,false,Rx,1,4,00,4C,00,12,00,00,00,00,
98363836,00000118,false,Rx,1,4,00,4D,00,12,00,00,00,00,
98373718,00000118,false,Rx,1,4,00,4E,00,12,00,00,00,00,
98374605,0000070F,false,Rx,0,8,03,22,02,8D,55,55,55,55,
98383851,00000118,false,Rx,1,4,00,4F,00,12,00,00,00,00,
98394196,00000118,false,Rx,1,4,00,40,00,12,00,00,00,00,
98395451,00000779,false,Rx,1,8,05,62,02,8D,7A,00,AA,AA,
98404242,00000118,false,Rx,1,4,00,41,00,12,00,00,00,00,
98414078,00000118,false,Rx,1,4,00,42,00,12,00,00,00,00,
98424225,00000118,false,Rx,1,4,00,43,00,12,00,00,00,00,
98434068,00000118,false,Rx,1,4,00,44,00,12,00,00,00,00,
98444191,00000118,false,Rx,1,4,00,45,00,12,00,00,00,00,
98454071,00000118,false,Rx,1,4,00,46,00,12,00,00,00,00,
98464178,00000118,false,Rx,1,4,00,47,00,12,00,00,00,00,
98474058,00000118,false,Rx,1,4,00,48,00,12,00,00,00,00,
98484167,00000118,false,Rx,1,4,00,49,00,12,00,00,00,00,
98484463,17F0000F,true,Rx,1,8,00,0F,00,00,00,00,00,00,
98494145,00000118,false,Rx,1,4,00,4A,00,12,00,00,00,00,
98504575,00000118,false,Rx,1,4,00,4B,00,12,00,00,00,00,
98514419,00000118,false,Rx,1,4,00,4C,00,12,00,00,00,00,
98524564,00000118,false,Rx,1,4,00,4D,00,12,00,00,00,00,
98534411,00000118,false,Rx,1,4,00,4E,00,12,00,00,00,00,
98544534,00000118,false,Rx,1,4,00,4F,00,12,00,00,00,00,
98554414,00000118,false,Rx,1,4,00,40,00,12,00,00,00,00,
98564529,00000118,false,Rx,1,4,00,41,00,12,00,00,00,00,
98574407,00000118,false,Rx,1,4,00,42,00,12,00,00,00,00,
98584511,00000118,false,Rx,1,4,00,43,00,12,00,00,00,00,
98594479,00000118,false,Rx,1,4,00,44,00,12,00,00,00,00,
98604516,00000118,false,Rx,1,4,00,45,00,12,00,00,00,00,
98614362,00000118,false,Rx,1,4,00,46,00,12,00,00,00,00,
98624505,00000118,false,Rx,1,4,00,47,00,12,00,00,00,00,
98634355,00000118,false,Rx,1,4,00,48,00,12,00,00,00,00,
98644476,00000118,false,Rx,1,4,00,49,00,12,00,00,00,00,
98654358,00000118,false,Rx,1,4,00,4A,00,12,00,00,00,00,
98664464,00000118,false,Rx,1,4,00,4B,00,12,00,00,00,00,
98674344,00000118,false,Rx,1,4,00,4C,00,12,00,00,00,00,
98684451,00000118,false,Rx,1,4,00,4D,00,12,00,00,00,00,
98694423,00000118,false,Rx,1,4,00,4E,00,12,00,00,00,00,
98704460,00000118,false,Rx,1,4,00,4F,00,12,00,00,00,00,
98707695,0000070F,false,Rx,0,8,03,22,2B,F1,55,55,55,55,
98714328,00000118,false,Rx,1,4,00,40,00,12,00,00,00,00,
98724450,00000118,false,Rx,1,4,00,41,00,12,00,00,00,00,
98726657,00000779,false,Rx,1,8,05,62,2B,F1,5D,72,AA,AA,
98734306,00000118,false,Rx,1,4,00,42,00,12,00,00,00,00,
98744421,00000118,false,Rx,1,4,00,43,00,12,00,00,00,00,
98754215,00000118,false,Rx,1,4,00,44,00,12,00,00,00,00,
98764435,00000118,false,Rx,1,4,00,45,00,12,00,00,00,00,
98774403,00000118,false,Rx,1,4,00,46,00,12,00,00,00,00,
98784618,00000118,false,Rx,1,4,00,47,00,12,00,00,00,00,
98794367,00000118,false,Rx,1,4,00,48,00,12,00,00,00,00,
98804606,00000118,false,Rx,1,4,00,49,00,12,00,00,00,00,
98814361,00000118,false,Rx,1,4,00,4A,00,12,00,00,00,00,
98824612,00000118,false,Rx,1,4,00,4B,00,12,00,00,00,00,
98834388,00000118,false,Rx,1,4,00,4C,00,12,00,00,00,00,
98844367,00000118,false,Rx,1,4,00,4D,00,12,00,00,00,00,
98854366,00000118,false,Rx,1,4,00,4E,00,12,00,00,00,00,
98864369,00000118,false,Rx,1,4,00,4F,00,12,00,00,00,00,
98874369,00000118,false,Rx,1,4,00,40,00,12,00,00,00,00,
98884365,00000118,false,Rx,1,4,00,41,00,12,00,00,00,00,
98894365,00000118,false,Rx,1,4,00,42,00,12,00,00,00,00,
98904364,00000118,false,Rx,1,4,00,43,00,12,00,00,00,00,
98914361,00000118,false,Rx,1,4,00,44,00,12,00,00,00,00,
98924359,00000118,false,Rx,1,4,00,45,00,12,00,00,00,00,
98934371,00000118,false,Rx,1,4,00,46,00,12,00,00,00,00,
98944369,00000118,false,Rx,1,4,00,47,00,12,00,00,00,00,
98954366,00000118,false,Rx,1,4,00,48,00,12,00,00,00,00,
98964354,00000118,false,Rx,1,4,00,49,00,12,00,00,00,00,
98974361,00000118,false,Rx,1,4,00,4A,00,12,00,00,00,00,
98984360,00000118,false,Rx,1,4,00,4B,00,12,00,00,00,00,
98984905,17F0000F,true,Rx,1,8,00,0F,00,00,00,00,00,00,
98994363,00000118,false,Rx,1,4,00,4C,00,12,00,00,00,00,
99004862,00000118,false,Rx,1,4,00,4D,00,12,00,00,00,00,
99014607,00000118,false,Rx,1,4,00,4E,00,12,00,00,00,00,
99024869,00000118,false,Rx,1,4,00,4F,00,12,00,00,00,00,
99028140,0000070F,false,Rx,0,8,03,22,2B,E4,55,55,55,55,
99034616,00000118,false,Rx,1,4,00,40,00,12,00,00,00,00,
99044861,00000118,false,Rx,1,4,00,41,00,12,00,00,00,00,
99046911,00000779,false,Rx,1,8,05,62,2B,E4,D5,63,AA,AA,
99054609,00000118,false,Rx,1,4,00,42,00,12,00,00,00,00,
99064869,00000118,false,Rx,1,4,00,43,00,12,00,00,00,00,
99074609,00000118,false,Rx,1,4,00,44,00,12,00,00,00,00,
99084851,00000118,false,Rx,1,4,00,45,00,12,00,00,00,00,
99094609,00000118,false,Rx,1,4,00,46,00,12,00,00,00,00,
99104853,00000118,false,Rx,1,4,00,47,00,12,00,00,00,00,
99114614,00000118,false,Rx,1,4,00,48,00,12,00,00,00,00,
99124845,00000118,false,Rx,1,4,00,49,00,12,00,00,00,00,
99134612,00000118,false,Rx,1,4,00,4A,00,12,00,00,00,00,
99144619,00000118,false,Rx,1,4,00,4B,00,12,00,00,00,00,
99154611,00000118,false,Rx,1,4,00,4C,00,12,00,00,00,00,
99164612,00000118,false,Rx,1,4,00,4D,00,12,00,00,00,00,
99174611,00000118,false,Rx,1,4,00,4E,00,12,00,00,00,00,
99184621,00000118,false,Rx,1,4,00,4F,00,12,00,00,00,00,
99194623,00000118,false,Rx,1,4,00,40,00,12,00,00,00,00,
99204607,00000118,false,Rx,1,4,00,41,00,12,00,00,00,00,
99214606,00000118,false,Rx,1,4,00,42,00,12,00,00,00,00,
99224607,00000118,false,Rx,1,4,00,43,00,12,00,00,00,00,
99234608,00000118,false,Rx,1,4,00,44,00,12,00,00,00,00,
99244608,00000118,false,Rx,1,4,00,45,00,12,00,00,00,00,
99254444,00000118,false,Rx,1,4,00,46,00,12,00,00,00,00,
99268369,00000118,false,Rx,1,4,00,47,00,12,00,00,00,00,
99274435,00000118,false,Rx,1,4,00,48,00,12,00,00,00,00,
99284651,00000118,false,Rx,1,4,00,49,00,12,00,00,00,00,
99294479,00000118,false,Rx,1,4,00,4A,00,12,00,00,00,00,
99304514,00000118,false,Rx,1,4,00,4B,00,12,00,00,00,00,
99314360,00000118,false,Rx,1,4,00,4C,00,12,00,00,00,00,
99324502,00000118,false,Rx,1,4,00,4D,00,12,00,00,00,00,
99334348,00000118,false,Rx,1,4,00,4E,00,12,00,00,00,00,
99340634,0000070F,false,Rx,0,8,03,22,02,8D,55,55,55,55,
99344500,00000118,false,Rx,1,4,00,4F,00,12,00,00,00,00,
99354761,00000118,false,Rx,1,4,00,40,00,12,00,00,00,00,
99356008,00000779,false,Rx,1,8,05,62,02,8D,7A,00,AA,AA,
99364873,00000118,false,Rx,1,4,00,41,00,12,00,00,00,00,
99374743,00000118,false,Rx,1,4,00,42,00,12,00,00,00,00,
99384852,00000118,false,Rx,1,4,00,43,00,12,00,00,00,00,
99394819,00000118,false,Rx,1,4,00,44,00,12,00,00,00,00,
99404856,00000118,false,Rx,1,4,00,45,00,12,00,00,00,00,
99414703,00000118,false,Rx,1,4,00,46,00,12,00,00,00,00,
99424845,00000118,false,Rx,1,4,00,47,00,12,00,00,00,00,
99434688,00000118,false,Rx,1,4,00,48,00,12,00,00,00,00,
99444819,00000118,false,Rx,1,4,00,49,00,12,00,00,00,00,
99454701,00000118,false,Rx,1,4,00,4A,00,12,00,00,00,00,
99464805,00000118,false,Rx,1,4,00,4B,00,12,00,00,00,00,
99474685,00000118,false,Rx,1,4,00,4C,00,12,00,00,00,00,
99484794,00000118,false,Rx,1,4,00,4D,00,12,00,00,00,00,
99485090,17F0000F,true,Rx,1,8,00,0F,00,00,00,00,00,00,
99494771,00000118,false,Rx,1,4,00,4E,00,12,00,00,00,00,
99505202,00000118,false,Rx,1,4,00,4F,00,12,00,00,00,00,
99515045,00000118,false,Rx,1,4,00,40,00,12,00,00,00,00,
99525190,00000118,false,Rx,1,4,00,41,00,12,00,00,00,00,
99535048,00000118,false,Rx,1,4,00,42,00,12,00,00,00,00,
99545161,00000118,false,Rx,1,4,00,43,00,12,00,00,00,00,
99555038,00000118,false,Rx,1,4,00,44,00,12,00,00,00,00,
99565161,00000118,false,Rx,1,4,00,45,00,12,00,00,00,00,
99575029,00000118,false,Rx,1,4,00,46,00,12,00,00,00,00,
99585136,00000118,false,Rx,1,4,00,47,00,12,00,00,00,00,
99595107,00000118,false,Rx,1,4,00,48,00,12,00,00,00,00,
99605142,00000118,false,Rx,1,4,00,49,00,12,00,00,00,00,
99614987,00000118,false,Rx,1,4,00,4A,00,12,00,00,00,00,
99625130,00000118,false,Rx,1,4,00,4B,00,12,00,00,00,00,
99634977,00000118,false,Rx,1,4,00,4C,00,12,00,00,00,00,
99645100,00000118,false,Rx,1,4,00,4D,00,12,00,00,00,00,
99654988,00000118,false,Rx,1,4,00,4E,00,12,00,00,00,00,
99658950,0000070F,false,Rx,0,8,03,22,2B,F1,55,55,55,55,
99665114,00000118,false,Rx,1,4,00,4F,00,12,00,00,00,00,
99675370,00000118,false,Rx,1,4,00,40,00,12,00,00,00,00,
99676734,00000779,false,Rx,1,8,05,62,2B,F1,8F,72,AA,AA,
99685490,00000118,false,Rx,1,4,00,41,00,12,00,00,00,00,
99695451,00000118,false,Rx,1,4,00,42,00,12,00,00,00,00,
99705519,00000118,false,Rx,1,4,00,43,00,12,00,00,00,00,
99715346,00000118,false,Rx,1,4,00,44,00,12,00,00,00,00,
99725473,00000118,false,Rx,1,4,00,45,00,12,00,00,00,00,
99735675,00000118,false,Rx,1,4,00,46,00,12,00,00,00,00,
99745466,00000118,false,Rx,1,4,00,47,00,12,00,00,00,00,
99755194,00000118,false,Rx,1,4,00,48,00,12,00,00,00,00,
99765581,00000118,false,Rx,1,4,00,49,00,12,00,00,00,00,
99775188,00000118,false,Rx,1,4,00,4A,00,12,00,00,00,00,
99785545,00000118,false,Rx,1,4,00,4B,00,12,00,00,00,00,
99795284,00000118,false,Rx,1,4,00,4C,00,12,00,00,00,00,
99805516,00000118,false,Rx,1,4,00,4D,00,12,00,00,00,00,
99815183,00000118,false,Rx,1,4,00,4E,00,12,00,00,00,00,
99825506,00000118,false,Rx,1,4,00,4F,00,12,00,00,00,00,
99835172,00000118,false,Rx,1,4,00,40,00,12,00,00,00,00,
99845496,00000118,false,Rx,1,4,00,41,00,12,00,00,00,00,
99855142,00000118,false,Rx,1,4,00,42,00,12,00,00,00,00,
99865507,00000118,false,Rx,1,4,00,43,00,12,00,00,00,00,
99875130,00000118,false,Rx,1,4,00,44,00,12,00,00,00,00,
99885488,00000118,false,Rx,1,4,00,45,00,12,00,00,00,00,
99895227,00000118,false,Rx,1,4,00,46,00,12,00,00,00,00,
99905460,00000118,false,Rx,1,4,00,47,00,12,00,00,00,00,
99915123,00000118,false,Rx,1,4,00,48,00,12,00,00,00,00,
99925448,00000118,false,Rx,1,4,00,49,00,12,00,00,00,00,
99935115,00000118,false,Rx,1,4,00,4A,00,12,00,00,00,00,
99945436,00000118,false,Rx,1,4,00,4B,00,12,00,00,00,00,
99955085,00000118,false,Rx,1,4,00,4C,00,12,00,00,00,00,
99965449,00000118,false,Rx,1,4,00,4D,00,12,00,00,00,00,
99975073,00000118,false,Rx,1,4,00,4E,00,12,00,00,00,00,
99985439,00000118,false,Rx,1,4,00,4F,00,12,00,00,00,00,
99985730,17F0000F,true,Rx,1,8,00,0F,00,00,00,00,00,00,
99990558,0000070F,false,Rx,0,8,03,22,2B,E4,55,55,55,55,
99995199,00000118,false,Rx,1,4,00,40,00,12,00,00,00,00,
100005403,00000118,false,Rx,1,4,00,41,00,12,00,00,00,00,
100007609,00000779,false,Rx,1,8,05,62,2B,E4,D5,63,AA,AA,
100015078,00000118,false,Rx,1,4,00,42,00,12,00,00,00,00,
100025393,00000118,false,Rx,1,4,00,43,00,12,00,00,00,00,
100035054,00000118,false,Rx,1,4,00,44,00,12,00,00,00,00,
100045379,00000118,false,Rx,1,4,00,45,00,12,00,00,00,00,
100055028,00000118,false,Rx,1,4,00,46,00,12,00,00,00,00,
100065401,00000118,false,Rx,1,4,00,47,00,12,00,00,00,00,
100075014,00000118,false,Rx,1,4,00,48,00,12,00,00,00,00,
100085375,00000118,false,Rx,1,4,00,49,00,12,00,00,00,00,
100095112,00000118,false,Rx,1,4,00,4A,00,12,00,00,00,00,
100105344,00000118,false,Rx,1,4,00,4B,00,12,00,00,00,00,
100115012,00000118,false,Rx,1,4,00,4C,00,12,00,00,00,00,
100125332,00000118,false,Rx,1,4,00,4D,00,12,00,00,00,00,
100135000,00000118,false,Rx,1,4,00,4E,00,12,00,00,00,00,
100145323,00000118,false,Rx,1,4,00,4F,00,12,00,00,00,00,
100154970,00000118,false,Rx,1,4,00,40,00,12,00,00,00,00,
100165334,00000118,false,Rx,1,4,00,41,00,12,00,00,00,00,
100174964,00000118,false,Rx,1,4,00,42,00,12,00,00,00,00,
100185319,00000118,false,Rx,1,4,00,43,00,12,00,00,00,00,
100195052,00000118,false,Rx,1,4,00,44,00,12,00,00,00,00,
100205287,00000118,false,Rx,1,4,00,45,00,12,00,00,00,00,
100214960,00000118,false,Rx,1,4,00,46,00,12,00,00,00,00,
100225275,00000118,false,Rx,1,4,00,47,00,12,00,00,00,00,
100234950,00000118,false,Rx,1,4,00,48,00,12,00,00,00,00,
100245264,00000118,false,Rx,1,4,00,49,00,12,00,00,00,00,
100254975,00000118,false,Rx,1,4,00,4A,00,12,00,00,00,00,
100267572,00000118,false,Rx,1,4,00,4B,00,12,00,00,00,00,
100275061,00000118,false,Rx,1,4,00,4C,00,12,00,00,00,00,
100285287,00000118,false,Rx,1,4,00,4D,00,12,00,00,00,00,
100295105,00000118,false,Rx,1,4,00,4E,00,12,00,00,00,00,
100305141,00000118,false,Rx,1,4,00,4F,00,12,00,00,00,00,
100306123,0000070F,false,Rx,0,8,03,22,02,8D,55,55,55,55,
100315008,00000118,false,Rx,1,4,00,40,00,12,00,00,00,00,
100325131,00000118,false,Rx,1,4,00,41,00,12,00,00,00,00,
100327435,00000779,false,Rx,1,8,05,62,02,8D,7A,00,AA,AA,
100334984,00000118,false,Rx,1,4,00,42,00,12,00,00,00,00,
100345101,00000118,false,Rx,1,4,00,43,00,12,00,00,00,00,
100354979,00000118,false,Rx,1,4,00,44,00,12,00,00,00,00,
100365089,00000118,false,Rx,1,4,00,45,00,12,00,00,00,00,
100375060,00000118,false,Rx,1,4,00,46,00,12,00,00,00,00,
100385077,00000118,false,Rx,1,4,00,47,00,12,00,00,00,00,
100395046,00000118,false,Rx,1,4,00,48,00,12,00,00,00,00,
100405084,00000118,false,Rx,1,4,00,49,00,12,00,00,00,00,
100414947,00000118,false,Rx,1,4,00,4A,00,12,00,00,00,00,
100425071,00000118,false,Rx,1,4,00,4B,00,12,00,00,00,00,
100434937,00000118,false,Rx,1,4,00,4C,00,12,00,00,00,00,
100445042,00000118,false,Rx,1,4,00,4D,00,12,00,00,00,00,
100454943,00000118,false,Rx,1,4,00,4E,00,12,00,00,00,00,
100465033,00000118,false,Rx,1,4,00,4F,00,12,00,00,00,00,
100474937,00000118,false,Rx,1,4,00,40,00,12,00,00,00,00,
100485022,00000118,false,Rx,1,4,00,41,00,12,00,00,00,00,
100485318,17F0000F,true,Rx,1,8,00,0F,00,00,00,00,00,00,
100494996,00000118,false,Rx,1,4,00,42,00,12,00,00,00,00,
100505431,00000118,false,Rx,1,4,00,43,00,12,00,00,00,00,
100515270,00000118,false,Rx,1,4,00,44,00,12,00,00,00,00,
100525414,00000118,false,Rx,1,4,00,45,00,12,00,00,00,00,
100535260,00000118,false,Rx,1,4,00,46,00,12,00,00,00,00,
100545384,00000118,false,Rx,1,4,00,47,00,12,00,00,00,00,
100555265,00000118,false,Rx,1,4,00,48,00,12,00,00,00,00,
100565372,00000118,false,Rx,1,4,00,49,00,12,00,00,00,00,
100575273,00000118,false,Rx,1,4,00,4A,00,12,00,00,00,00,
100585363,00000118,false,Rx,1,4,00,4B,00,12,00,00,00,00,
100595369,00000118,false,Rx,1,4,00,4C,00,12,00,00,00,00,
100605369,00000118,false,Rx,1,4,00,4D,00,12,00,00,00,00,
100615213,00000118,false,Rx,1,4,00,4E,00,12,00,00,00,00,
100623223,0000070F,false,Rx,0,8,03,22,2B,F1,55,55,55,55,
100625381,00000118,false,Rx,1,4,00,4F,00,12,00,00,00,00,
100635203,00000118,false,Rx,1,4,00,40,00,12,00,00,00,00,
100636455,00000779,false,Rx,1,8,05,62,2B,F1,8F,72,AA,AA,
100645370,00000118,false,Rx,1,4,00,41,00,12,00,00,00,00,
100655209,00000118,false,Rx,1,4,00,42,00,12,00,00,00,00,
100665319,00000118,false,Rx,1,4,00,43,00,12,00,00,00,00,
100675202,00000118,false,Rx,1,4,00,44,00,12,00,00,00,00,
100685305,00000118,false,Rx,1,4,00,45,00,12,00,00,00,00,
100695370,00000118,false,Rx,1,4,00,46,00,12,00,00,00,00,
100705312,00000118,false,Rx,1,4,00,47,00,12,00,00,00,00,
100715154,00000118,false,Rx,1,4,00,48,00,12,00,00,00,00,
100725299,00000118,false,Rx,1,4,00,49,00,12,00,00,00,00,
100735146,00000118,false,Rx,1,4,00,4A,00,12,00,00,00,00,
100745367,00000118,false,Rx,1,4,00,4B,00,12,00,00,00,00,
100755117,00000118,false,Rx,1,4,00,4C,00,12,00,00,00,00,
100765258,00000118,false,Rx,1,4,00,4D,00,12,00,00,00,00,
100775188,00000118,false,Rx,1,4,00,4E,00,12,00,00,00,00,
100785251,00000118,false,Rx,1,4,00,4F,00,12,00,00,00,00,
100795378,00000118,false,Rx,1,4,00,40,00,12,00,00,00,00,
100805255,00000118,false,Rx,1,4,00,41,00,12,00,00,00,00,
100815100,00000118,false,Rx,1,4,00,42,00,12,00,00,00,00,
100825244,00000118,false,Rx,1,4,00,43,00,12,00,00,00,00,
100835088,00000118,false,Rx,1,4,00,44,00,12,00,00,00,00,
100845376,00000118,false,Rx,1,4,00,45,00,12,00,00,00,00,
100855094,00000118,false,Rx,1,4,00,46,00,12,00,00,00,00,
100865201,00000118,false,Rx,1,4,00,47,00,12,00,00,00,00,
100875081,00000118,false,Rx,1,4,00,48,00,12,00,00,00,00,
100885191,00000118,false,Rx,1,4,00,49,00,12,00,00,00,00,
100895372,00000118,false,Rx,1,4,00,4A,00,12,00,00,00,00,
100905196,00000118,false,Rx,1,4,00,4B,00,12,00,00,00,00,
100915042,00000118,false,Rx,1,4,00,4C,00,12,00,00,00,00,
100925185,00000118,false,Rx,1,4,00,4D,00,12,00,00,00,00,
100935031,00000118,false,Rx,1,4,00,4E,00,12,00,00,00,00,
100938752,0000070F,false,Rx,0,8,03,22,2B,E4,55,55,55,55,
100945371,00000118,false,Rx,1,4,00,4F,00,12,00,00,00,00,
100955437,00000118,false,Rx,1,4,00,40,00,12,00,00,00,00,
100956690,00000779,false,Rx,1,8,05,62,2B,E4,D5,63,AA,AA,
100965556,00000118,false,Rx,1,4,00,41,00,12,00,00,00,00,
100975427,00000118,false,Rx,1,4,00,42,00,12,00,00,00,00,
100985536,00000118,false,Rx,1,4,00,43,00,12,00,00,00,00,
100985831,17F0000F,true,Rx,1,8,00,0F,00,00,00,00,00,00,
100995510,00000118,false,Rx,1,4,00,44,00,12,00,00,00,00,
101005951,00000118,false,Rx,1,4,00,45,00,12,00,00,00,00,
101015785,00000118,false,Rx,1,4,00,46,00,12,00,00,00,00,
101025946,00000118,false,Rx,1,4,00,47,00,12,00,00,00,00,
101035771,00000118,false,Rx,1,4,00,48,00,12,00,00,00,00,
101045935,00000118,false,Rx,1,4,00,49,00,12,00,00,00,00,
101055762,00000118,false,Rx,1,4,00,4A,00,12,00,00,00,00,
101065885,00000118,false,Rx,1,4,00,4B,00,12,00,00,00,00,
101075778,00000118,false,Rx,1,4,00,4C,00,12,00,00,00,00,
101085889,00000118,false,Rx,1,4,00,4D,00,12,00,00,00,00,
101095864,00000118,false,Rx,1,4,00,4E,00,12,00,00,00,00,
101105865,00000118,false,Rx,1,4,00,4F,00,12,00,00,00,00,
101115727,00000118,false,Rx,1,4,00,40,00,12,00,00,00,00,
101125872,00000118,false,Rx,1,4,00,41,00,12,00,00,00,00,
101135715,00000118,false,Rx,1,4,00,42,00,12,00,00,00,00,
101145860,00000118,false,Rx,1,4,00,43,00,12,00,00,00,00,
101155702,00000118,false,Rx,1,4,00,44,00,12,00,00,00,00,
101165828,00000118,false,Rx,1,4,00,45,00,12,00,00,00,00,
101175710,00000118,false,Rx,1,4,00,46,00,12,00,00,00,00,
101185820,00000118,false,Rx,1,4,00,47,00,12,00,00,00,00,
101195807,00000118,false,Rx,1,4,00,48,00,12,00,00,00,00,
101205806,00000118,false,Rx,1,4,00,49,00,12,00,00,00,00,
101215670,00000118,false,Rx,1,4,00,4A,00,12,00,00,00,00,
101225812,00000118,false,Rx,1,4,00,4B,00,12,00,00,00,00,
101235658,00000118,false,Rx,1,4,00,4C,00,12,00,00,00,00,
101245801,00000118,false,Rx,1,4,00,4D,00,12,00,00,00,00,
101255689,00000118,false,Rx,1,4,00,4E,00,12,00,00,00,00,
101265815,00000118,false,Rx,1,4,00,4F,00,12,00,00,00,00,
101276591,00000118,false,Rx,1,4,00,40,00,12,00,00,00,00,
101280714,0000070F,false,Rx,0,8,03,22,02,8D,55,55,55,55,
101286320,00000118,false,Rx,1,4,00,41,00,12,00,00,00,00,
101295632,00000118,false,Rx,1,4,00,42,00,12,00,00,00,00,
101296879,00000779,false,Rx,1,8,05,62,02,8D,7B,00,AA,AA,
101305885,00000118,false,Rx,1,4,00,43,00,12,00,00,00,00,
101315503,00000118,false,Rx,1,4,00,44,00,12,00,00,00,00,
101325845,00000118,false,Rx,1,4,00,45,00,12,00,00,00,00,
101335511,00000118,false,Rx,1,4,00,46,00,12,00,00,00,00,
101345834,00000118,false,Rx,1,4,00,47,00,12,00,00,00,00,
101355499,00000118,false,Rx,1,4,00,48,00,12,00,00,00,00,
101365821,00000118,false,Rx,1,4,00,49,00,12,00,00,00,00,
101375477,00000118,false,Rx,1,4,00,4A,00,12,00,00,00,00,
101385828,00000118,false,Rx,1,4,00,4B,00,12,00,00,00,00,
101395569,00000118,false,Rx,1,4,00,4C,00,12,00,00,00,00,
101405817,00000118,false,Rx,1,4,00,4D,00,12,00,00,00,00,
101415448,00000118,false,Rx,1,4,00,4E,00,12,00,00,00,00,
101425789,00000118,false,Rx,1,4,00,4F,00,12,00,00,00,00,
101435455,00000118,false,Rx,1,4,00,40,00,12,00,00,00,00,
101445778,00000118,false,Rx,1,4,00,41,00,12,00,00,00,00,
101455442,00000118,false,Rx,1,4,00,42,00,12,00,00,00,00,
101465767,00000118,false,Rx,1,4,00,43,00,12,00,00,00,00,
101475411,00000118,false,Rx,1,4,00,44,00,12,00,00,00,00,
101485772,00000118,false,Rx,1,4,00,45,00,12,00,00,00,00,
101486071,17F0000F,true,Rx,1,8,00,0F,00,00,00,00,00,00,
101495522,00000118,false,Rx,1,4,00,46,00,12,00,00,00,00,
101505762,00000118,false,Rx,1,4,00,47,00,12,00,00,00,00,
101515389,00000118,false,Rx,1,4,00,48,00,12,00,00,00,00,
101525731,00000118,false,Rx,1,4,00,49,00,12,00,00,00,00,
101535398,00000118,false,Rx,1,4,00,4A,00,12,00,00,00,00,
101545720,00000118,false,Rx,1,4,00,4B,00,12,00,00,00,00,
101555385,00000118,false,Rx,1,4,00,4C,00,12,00,00,00,00,
101565707,00000118,false,Rx,1,4,00,4D,00,12,00,00,00,00,
101575362,00000118,false,Rx,1,4,00,4E,00,12,00,00,00,00,
101585717,00000118,false,Rx,1,4,00,4F,00,12,00,00,00,00,
101589317,0000070F,false,Rx,0,8,03,22,2B,F1,55,55,55,55,
101595544,00000118,false,Rx,1,4,00,40,00,12,00,00,00,00,
101605708,00000118,false,Rx,1,4,00,41,00,12,00,00,00,00,
101607932,00000779,false,Rx,1,8,05,62,2B,F1,C1,72,AA,AA,
101615342,00000118,false,Rx,1,4,00,42,00,12,00,00,00,00,
101625675,00000118,false,Rx,1,4,00,43,00,12,00,00,00,00,
101635339,00000118,false,Rx,1,4,00,44,00,12,00,00,00,00,
101645661,00000118,false,Rx,1,4,00,45,00,12,00,00,00,00,
101655329,00000118,false,Rx,1,4,00,46,00,12,00,00,00,00,
101665651,00000118,false,Rx,1,4,00,47,00,12,00,00,00,00,
101675297,00000118,false,Rx,1,4,00,48,00,12,00,00,00,00,
101685658,00000118,false,Rx,1,4,00,49,00,12,00,00,00,00,
101695394,00000118,false,Rx,1,4,00,4A,00,12,00,00,00,00,
101705647,00000118,false,Rx,1,4,00,4B,00,12,00,00,00,00,
101715276,00000118,false,Rx,1,4,00,4C,00,12,00,00,00,00,
101725615,00000118,false,Rx,1,4,00,4D,00,12,00,00,00,00,
101735284,00000118,false,Rx,1,4,00,4E,00,12,00,00,00,00,
101745606,00000118,false,Rx,1,4,00,4F,00,12,00,00,00,00,
101755367,00000118,false,Rx,1,4,00,40,00,12,00,00,00,00,
101768589,00000118,false,Rx,1,4,00,41,00,12,00,00,00,00,
101775396,00000118,false,Rx,1,4,00,42,00,12,00,00,00,00,
101785504,00000118,false,Rx,1,4,00,43,00,12,00,00,00,00,
101795443,00000118,false,Rx,1,4,00,44,00,12,00,00,00,00,
101805500,00000118,false,Rx,1,4,00,45,00,12,00,00,00,00,
101815327,00000118,false,Rx,1,4,00,46,00,12,00,00,00,00,
101825470,00000118,false,Rx,1,4,00,47,00,12,00,00,00,00,
101835313,00000118,false,Rx,1,4,00,48,00,12,00,00,00,00,
101845439,00000118,false,Rx,1,4,00,49,00,12,00,00,00,00,
101855321,00000118,false,Rx,1,4,00,4A,00,12,00,00,00,00,
101865429,00000118,false,Rx,1,4,00,4B,00,12,00,00,00,00,
101875310,00000118,false,Rx,1,4,00,4C,00,12,00,00,00,00,
101885417,00000118,false,Rx,1,4,00,4D,00,12,00,00,00,00,
101895388,00000118,false,Rx,1,4,00,4E,00,12,00,00,00,00,
101905430,00000118,false,Rx,1,4,00,4F,00,12,00,00,00,00,
101906110,0000070F,false,Rx,0,8,03,22,2B,E4,55,55,55,55,
101915305,00000118,false,Rx,1,4,00,40,00,12,00,00,00,00,
101925415,00000118,false,Rx,1,4,00,41,00,12,00,00,00,00,
101927620,00000779,false,Rx,1,8,05,62,2B,E4,39,64,AA,AA,
101935268,00000118,false,Rx,1,4,00,42,00,12,00,00,00,00,
101945385,00000118,false,Rx,1,4,00,43,00,12,00,00,00,00,
101955263,00000118,false,Rx,1,4,00,44,00,12,00,00,00,00,
101965371,00000118,false,Rx,1,4,00,45,00,12,00,00,00,00,
101975253,00000118,false,Rx,1,4,00,46,00,12,00,00,00,00,
101985362,00000118,false,Rx,1,4,00,47,00,12,00,00,00,00,
101985657,17F0000F,true,Rx,1,8,00,0F,00,00,00,00,00,00,
101995336,00000118,false,Rx,1,4,00,48,00,12,00,00,00,00,
102005776,00000118,false,Rx,1,4,00,49,00,12,00,00,00,00,
102015613,00000118,false,Rx,1,4,00,4A,00,12,00,00,00,00,
102025754,00000118,false,Rx,1,4,00,4B,00,12,00,00,00,00,
102035601,00000118,false,Rx,1,4,00,4C,00,12,00,00,00,00,
102045725,00000118,false,Rx,1,4,00,4D,00,12,00,00,00,00,
102055606,00000118,false,Rx,1,4,00,4E,00,12,00,00,00,00,
102065716,00000118,false,Rx,1,4,00,4F,00,12,00,00,00,00,
102075608,00000118,false,Rx,1,4,00,40,00,12,00,00,00,00,
102085703,00000118,false,Rx,1,4,00,41,00,12,00,00,00,00,
102095674,00000118,false,Rx,1,4,00,42,00,12,00,00,00,00,
102105711,00000118,false,Rx,1,4,00,43,00,12,00,00,00,00,
102115557,00000118,false,Rx,1,4,00,44,00,12,00,00,00,00,
102125697,00000118,false,Rx,1,4,00,45,00,12,00,00,00,00,
102135544,00000118,false,Rx,1,4,00,46,00,12,00,00,00,00,
102145668,00000118,false,Rx,1,4,00,47,00,12,00,00,00,00,
102155548,00000118,false,Rx,1,4,00,48,00,12,00,00,00,00,
102165656,00000118,false,Rx,1,4,00,49,00,12,00,00,00,00,
102175539,00000118,false,Rx,1,4,00,4A,00,12,00,00,00,00,
102185645,00000118,false,Rx,1,4,00,4B,00,12,00,00,00,00,
102195616,00000118,false,Rx,1,4,00,4C,00,12,00,00,00,00,
102205652,00000118,false,Rx,1,4,00,4D,00,12,00,00,00,00,
102215501,00000118,false,Rx,1,4,00,4E,00,12,00,00,00,00,
102225642,00000118,false,Rx,1,4,00,4F,00,12,00,00,00,00,
102235485,00000118,false,Rx,1,4,00,40,00,12,00,00,00,00,
102235911,0000070F,false,Rx,0,8,03,22,02,8D,55,55,55,55,
102245680,00000118,false,Rx,1,4,00,41,00,12,00,00,00,00,
102261978,00000118,false,Rx,1,4,00,42,00,12,00,00,00,00,
102261996,00000779,false,Rx,1,8,05,62,02,8D,7B,00,AA,AA,
102266208,00000118,false,Rx,1,4,00,43,00,12,00,00,00,00,
102275807,00000118,false,Rx,1,4,00,44,00,12,00,00,00,00,
102286246,00000118,false,Rx,1,4,00,45,00,12,00,00,00,00,
102295950,00000118,false,Rx,1,4,00,46,00,12,00,00,00,00,
102306102,00000118,false,Rx,1,4,00,47,00,12,00,00,00,00,
102315741,00000118,false,Rx,1,4,00,48,00,12,00,00,00,00,
102326091,00000118,false,Rx,1,4,00,49,00,12,00,00,00,00,
102335721,00000118,false,Rx,1,4,00,4A,00,12,00,00,00,00,
102346060,00000118,false,Rx,1,4,00,4B,00,12,00,00,00,00,
102355727,00000118,false,Rx,1,4,00,4C,00,12,00,00,00,00,
102366049,00000118,false,Rx,1,4,00,4D,00,12,00,00,00,00,
102375718,00000118,false,Rx,1,4,00,4E,00,12,00,00,00,00,
102386040,00000118,false,Rx,1,4,00,4F,00,12,00,00,00,00,
102395794,00000118,false,Rx,1,4,00,40,00,12,00,00,00,00,
102406047,00000118,false,Rx,1,4,00,41,00,12,00,00,00,00,
102415677,00000118,false,Rx,1,4,00,42,00,12,00,00,00,00,
102426036,00000118,false,Rx,1,4,00,43,00,12,00,00,00,00,
102435663,00000118,false,Rx,1,4,00,44,00,12,00,00,00,00,
102446003,00000118,false,Rx,1,4,00,45,00,12,00,00,00,00,
102455670,00000118,false,Rx,1,4,00,46,00,12,00,00,00,00,
102465992,00000118,false,Rx,1,4,00,47,00,12,00,00,00,00,
102475660,00000118,false,Rx,1,4,00,48,00,12,00,00,00,00,
102485980,00000118,false,Rx,1,4,00,49,00,12,00,00,00,00,
102486276,17F0000F,true,Rx,1,8,00,0F,00,00,00,00,00,00,
102495748,00000118,false,Rx,1,4,00,4A,00,12,00,00,00,00,
102505987,00000118,false,Rx,1,4,00,4B,00,12,00,00,00,00,
102515619,00000118,false,Rx,1,4,00,4C,00,12,00,00,00,00,
102525981,00000118,false,Rx,1,4,00,4D,00,12,00,00,00,00,
102535606,00000118,false,Rx,1,4,00,4E,00,12,00,00,00,00,
102545952,00000118,false,Rx,1,4,00,4F,00,12,00,00,00,00,
102555613,00000118,false,Rx,1,4,00,40,00,12,00,00,00,00,
102557383,0000070F,false,Rx,0,8,03,22,2B,F1,55,55,55,55,
102565961,00000118,false,Rx,1,4,00,41,00,12,00,00,00,00,
102575605,00000118,false,Rx,1,4,00,42,00,12,00,00,00,00,
102576861,00000779,false,Rx,1,8,05,62,2B,F1,C1,72,AA,AA,
102585953,00000118,false,Rx,1,4,00,43,00,12,00,00,00,00,
102595677,00000118,false,Rx,1,4,00,44,00,12,00,00,00,00,
102605949,00000118,false,Rx,1,4,00,45,00,12,00,00,00,00,
102615561,00000118,false,Rx,1,4,00,46,00,12,00,00,00,00,
102625945,00000118,false,Rx,1,4,00,47,00,12,00,00,00,00,
102635548,00000118,false,Rx,1,4,00,48,00,12,00,00,00,00,
102645888,00000118,false,Rx,1,4,00,49,00,12,00,00,00,00,
102655555,00000118,false,Rx,1,4,00,4A,00,12,00,00,00,00,
102665877,00000118,false,Rx,1,4,00,4B,00,12,00,00,00,00,
102675544,00000118,false,Rx,1,4,00,4C,00,12,00,00,00,00,
102685867,00000118,false,Rx,1,4,00,4D,00,12,00,00,00,00,
102695623,00000118,false,Rx,1,4,00,4E,00,12,00,00,00,00,
102705874,00000118,false,Rx,1,4,00,4F,00,12,00,00,00,00,
102715504,00000118,false,Rx,1,4,00,40,00,12,00,00,00,00,
102725867,00000118,false,Rx,1,4,00,41,00,12,00,00,00,00,
102735492,00000118,false,Rx,1,4,00,42,00,12,00,00,00,00,
102745834,00000118,false,Rx,1,4,00,43,00,12,00,00,00,00,
102755552,00000118,false,Rx,1,4,00,44,00,12,00,00,00,00,
102768167,00000118,false,Rx,1,4,00,45,00,12,00,00,00,00,
102775742,00000118,false,Rx,1,4,00,46,00,12,00,00,00,00,
102785708,00000118,false,Rx,1,4,00,47,00,12,00,00,00,00,
102795673,00000118,false,Rx,1,4,00,48,00,12,00,00,00,00,
102805708,00000118,false,Rx,1,4,00,49,00,12,00,00,00,00,
102815554,00000118,false,Rx,1,4,00,4A,00,12,00,00,00,00,
102825709,00000118,false,Rx,1,4,00,4B,00,12,00,00,00,00,
102835544,00000118,false,Rx,1,4,00,4C,00,12,00,00,00,00,
102845668,00000118,false,Rx,1,4,00,4D,00,12,00,00,00,00,
102855549,00000118,false,Rx,1,4,00,4E,00,12,00,00,00,00,
102865658,00000118,false,Rx,1,4,00,4F,00,12,00,00,00,00,
102874367,0000070F,false,Rx,0,8,03,22,2B,E4,55,55,55,55,
102875559,00000118,false,Rx,1,4,00,40,00,12,00,00,00,00,
102885645,00000118,false,Rx,1,4,00,41,00,12,00,00,00,00,
102887852,00000779,false,Rx,1,8,05,62,2B,E4,39,64,AA,AA,
102895625,00000118,false,Rx,1,4,00,42,00,12,00,00,00,00,
102905653,00000118,false,Rx,1,4,00,43,00,12,00,00,00,00,
102915496,00000118,false,Rx,1,4,00,44,00,12,00,00,00,00,
102925639,00000118,false,Rx,1,4,00,45,00,12,00,00,00,00,
102935487,00000118,false,Rx,1,4,00,46,00,12,00,00,00,00,
102945610,00000118,false,Rx,1,4,00,47,00,12,00,00,00,00,
102955491,00000118,false,Rx,1,4,00,48,00,12,00,00,00,00,
102965599,00000118,false,Rx,1,4,00,49,00,12,00,00,00,00,
102975479,00000118,false,Rx,1,4,00,4A,00,12,00,00,00,00,
102985588,00000118,false,Rx,1,4,00,4B,00,12,00,00,00,00,
102985884,17F0000F,true,Rx,1,8,00,0F,00,00,00,00,00,00,
102995568,00000118,false,Rx,1,4,00,4C,00,12,00,00,00,00,
103005998,00000118,false,Rx,1,4,00,4D,00,12,00,00,00,00,
103015839,00000118,false,Rx,1,4,00,4E,00,12,00,00,00,00,
103025984,00000118,false,Rx,1,4,00,4F,00,12,00,00,00,00,
103035831,00000118,false,Rx,1,4,00,40,00,12,00,00,00,00,
103045958,00000118,false,Rx,1,4,00,41,00,12,00,00,00,00,
103055834,00000118,false,Rx,1,4,00,42,00,12,00,00,00,00,
103065950,00000118,false,Rx,1,4,00,43,00,12,00,00,00,00,
103075829,00000118,false,Rx,1,4,00,44,00,12,00,00,00,00,
103085950,00000118,false,Rx,1,4,00,45,00,12,00,00,00,00,
103095902,00000118,false,Rx,1,4,00,46,00,12,00,00,00,00,
103105950,00000118,false,Rx,1,4,00,47,00,12,00,00,00,00,
103115780,00000118,false,Rx,1,4,00,48,00,12,00,00,00,00,
103125944,00000118,false,Rx,1,4,00,49,00,12,00,00,00,00,
103135784,00000118,false,Rx,1,4,00,4A,00,12,00,00,00,00,
103145895,00000118,false,Rx,1,4,00,4B,00,12,00,00,00,00,
103155778,00000118,false,Rx,1,4,00,4C,00,12,00,00,00,00,
103165883,00000118,false,Rx,1,4,00,4D,00,12,00,00,00,00,
103175767,00000118,false,Rx,1,4,00,4E,00,12,00,00,00,00,
103185874,00000118,false,Rx,1,4,00,4F,00,12,00,00,00,00,
103191581,0000070F,false,Rx,0,8,03,22,02,8D,55,55,55,55,
103195866,00000118,false,Rx,1,4,00,40,00,12,00,00,00,00,
103205881,00000118,false,Rx,1,4,00,41,00,12,00,00,00,00,
103208088,00000779,false,Rx,1,8,05,62,02,8D,7B,00,AA,AA,
103215735,00000118,false,Rx,1,4,00,42,00,12,00,00,00,00,
103225870,00000118,false,Rx,1,4,00,43,00,12,00,00,00,00,
103235716,00000118,false,Rx,1,4,00,44,00,12,00,00,00,00,
103245838,00000118,false,Rx,1,4,00,45,00,12,00,00,00,00,
103255763,00000118,false,Rx,1,4,00,46,00,12,00,00,00,00,
103269076,00000118,false,Rx,1,4,00,47,00,12,00,00,00,00,
103275862,00000118,false,Rx,1,4,00,48,00,12,00,00,00,00,
103285958,00000118,false,Rx,1,4,00,49,00,12,00,00,00,00,
103295788,00000118,false,Rx,1,4,00,4A,00,12,00,00,00,00,
103305822,00000118,false,Rx,1,4,00,4B,00,12,00,00,00,00,
103315667,00000118,false,Rx,1,4,00,4C,00,12,00,00,00,00,
103325810,00000118,false,Rx,1,4,00,4D,00,12,00,00,00,00,
103335657,00000118,false,Rx,1,4,00,4E,00,12,00,00,00,00,
103345790,00000118,false,Rx,1,4,00,4F,00,12,00,00,00,00,
103355667,00000118,false,Rx,1,4,00,40,00,12,00,00,00,00,
103365771,00000118,false,Rx,1,4,00,41,00,12,00,00,00,00,
103375653,00000118,false,Rx,1,4,00,42,00,12,00,00,00,00,
103385761,00000118,false,Rx,1,4,00,43,00,12,00,00,00,00,
103395727,00000118,false,Rx,1,4,00,44,00,12,00,00,00,00,
103405765,00000118,false,Rx,1,4,00,45,00,12,00,00,00,00,
103415610,00000118,false,Rx,1,4,00,46,00,12,00,00,00,00,
103425753,00000118,false,Rx,1,4,00,47,00,12,00,00,00,00,
103435597,00000118,false,Rx,1,4,00,48,00,12,00,00,00,00,
103445727,00000118,false,Rx,1,4,00,49,00,12,00,00,00,00,
103455606,00000118,false,Rx,1,4,00,4A,00,12,00,00,00,00,
103465712,00000118,false,Rx,1,4,00,4B,00,12,00,00,00,00,
103475593,00000118,false,Rx,1,4,00,4C,00,12,00,00,00,00,
103485700,00000118,false,Rx,1,4,00,4D,00,12,00,00,00,00,
103485997,17F0000F,true,Rx,1,8,00,0F,00,00,00,00,00,00,
103495679,00000118,false,Rx,1,4,00,4E,00,12,00,00,00,00,
103506112,00000118,false,Rx,1,4,00,4F,00,12,00,00,00,00,
103515086,0000070F,false,Rx,0,8,03,22,2B,F1,55,55,55,55,
103515991,00000118,false,Rx,1,4,00,40,00,12,00,00,00,00,
103526098,00000118,false,Rx,1,4,00,41,00,12,00,00,00,00,
103528307,00000779,false,Rx,1,8,05,62,2B,F1,C1,72,AA,AA,
103535951,00000118,false,Rx,1,4,00,42,00,12,00,00,00,00,
103546072,00000118,false,Rx,1,4,00,43,00,12,00,00,00,00,
103555954,00000118,false,Rx,1,4,00,44,00,12,00,00,00,00,
103566055,00000118,false,Rx,1,4,00,45,00,12,00,00,00,00,
103575956,00000118,false,Rx,1,4,00,46,00,12,00,00,00,00,
103586043,00000118,false,Rx,1,4,00,47,00,12,00,00,00,00,
103596014,00000118,false,Rx,1,4,00,48,00,12,00,00,00,00,
103606050,00000118,false,Rx,1,4,00,49,00,12,00,00,00,00,
103615895,00000118,false,Rx,1,4,00,4A,00,12,00,00,00,00,
103626038,00000118,false,Rx,1,4,00,4B,00,12,00,00,00,00,
103635887,00000118,false,Rx,1,4,00,4C,00,12,00,00,00,00,
103646021,00000118,false,Rx,1,4,00,4D,00,12,00,00,00,00,
103655892,00000118,false,Rx,1,4,00,4E,00,12,00,00,00,00,
103666001,00000118,false,Rx,1,4,00,4F,00,12,00,00,00,00,
103675880,00000118,false,Rx,1,4,00,40,00,12,00,00,00,00,
103685988,00000118,false,Rx,1,4,00,41,00,12,00,00,00,00,
103695958,00000118,false,Rx,1,4,00,42,00,12,00,00,00,00,
103705995,00000118,false,Rx,1,4,00,43,00,12,00,00,00,00,
103715836,00000118,false,Rx,1,4,00,44,00,12,00,00,00,00,
103725981,00000118,false,Rx,1,4,00,45,00,12,00,00,00,00,
103735826,00000118,false,Rx,1,4,00,46,00,12,00,00,00,00,
103746001,00000118,false,Rx,1,4,00,47,00,12,00,00,00,00,
103755751,00000118,false,Rx,1,4,00,48,00,12,00,00,00,00,
103766145,00000118,false,Rx,1,4,00,49,00,12,00,00,00,00,
103775840,00000118,false,Rx,1,4,00,4A,00,12,00,00,00,00,
103786092,00000118,false,Rx,1,4,00,4B,00,12,00,00,00,00,
103795865,00000118,false,Rx,1,4,00,4C,00,12,00,00,00,00,
103806096,00000118,false,Rx,1,4,00,4D,00,12,00,00,00,00,
103815745,00000118,false,Rx,1,4,00,4E,00,12,00,00,00,00,
103826092,00000118,false,Rx,1,4,00,4F,00,12,00,00,00,00,
103827091,0000070F,false,Rx,0,8,03,22,2B,E4,55,55,55,55,
103835758,00000118,false,Rx,1,4,00,40,00,12,00,00,00,00,
103846090,00000118,false,Rx,1,4,00,41,00,12,00,00,00,00,
103848138,00000779,false,Rx,1,8,05,62,2B,E4,39,64,AA,AA,
103855757,00000118,false,Rx,1,4,00,42,00,12,00,00,00,00,
103866087,00000118,false,Rx,1,4,00,43,00,12,00,00,00,00,
103875727,00000118,false,Rx,1,4,00,44,00,12,00,00,00,00,
103886089,00000118,false,Rx,1,4,00,45,00,12,00,00,00,00,
103895806,00000118,false,Rx,1,4,00,46,00,12,00,00,00,00,
103906091,00000118,false,Rx,1,4,00,47,00,12,00,00,00,00,
103915686,00000118,false,Rx,1,4,00,48,00,12,00,00,00,00,
103926092,00000118,false,Rx,1,4,00,49,00,12,00,00,00,00,
103935676,00000118,false,Rx,1,4,00,4A,00,12,00,00,00,00,
103946095,00000118,false,Rx,1,4,00,4B,00,12,00,00,00,00,
103955685,00000118,false,Rx,1,4,00,4C,00,12,00,00,00,00,
103966082,00000118,false,Rx,1,4,00,4D,00,12,00,00,00,00,
103975672,00000118,false,Rx,1,4,00,4E,00,12,00,00,00,00,
103986093,00000118,false,Rx,1,4,00,4F,00,12,00,00,00,00,
103986627,17F0000F,true,Rx,1,8,00,0F,00,00,00,00,00,00,
103995758,00000118,false,Rx,1,4,00,40,00,12,00,00,00,00,
104006088,00000118,false,Rx,1,4,00,41,00,12,00,00,00,00,
104015631,00000118,false,Rx,1,4,00,42,00,12,00,00,00,00,
104025848,00000118,false,Rx,1,4,00,43,00,12,00,00,00,00,
104035617,00000118,false,Rx,1,4,00,44,00,12,00,00,00,00,
104045842,00000118,false,Rx,1,4,00,45,00,12,00,00,00,00,
104055632,00000118,false,Rx,1,4,00,46,00,12,00,00,00,00,
104065848,00000118,false,Rx,1,4,00,47,00,12,00,00,00,00,
104075649,00000118,false,Rx,1,4,00,48,00,12,00,00,00,00,
104085855,00000118,false,Rx,1,4,00,49,00,12,00,00,00,00,
104095694,00000118,false,Rx,1,4,00,4A,00,12,00,00,00,00,
104105850,00000118,false,Rx,1,4,00,4B,00,12,00,00,00,00,
104115574,00000118,false,Rx,1,4,00,4C,00,12,00,00,00,00,
104125853,00000118,false,Rx,1,4,00,4D,00,12,00,00,00,00,
104135562,00000118,false,Rx,1,4,00,4E,00,12,00,00,00,00,
104145848,00000118,false,Rx,1,4,00,4F,00,12,00,00,00,00,
104155583,00000118,false,Rx,1,4,00,40,00,12,00,00,00,00,
104157992,0000070F,false,Rx,0,8,03,22,02,8D,55,55,55,55,
104165851,00000118,false,Rx,1,4,00,41,00,12,00,00,00,00,
104175557,00000118,false,Rx,1,4,00,42,00,12,00,00,00,00,
104176812,00000779,false,Rx,1,8,05,62,02,8D,7B,00,AA,AA,
104185848,00000118,false,Rx,1,4,00,43,00,12,00,00,00,00,
104195654,00000118,false,Rx,1,4,00,44,00,12,00,00,00,00,
104205856,00000118,false,Rx,1,4,00,45,00,12,00,00,00,00,
104215536,00000118,false,Rx,1,4,00,46,00,12,00,00,00,00,
104225854,00000118,false,Rx,1,4,00,47,00,12,00,00,00,00,
104235522,00000118,false,Rx,1,4,00,48,00,12,00,00,00,00,
104245855,00000118,false,Rx,1,4,00,49,00,12,00,00,00,00,
104255554,00000118,false,Rx,1,4,00,4A,00,12,00,00,00,00,
104268265,00000118,false,Rx,1,4,00,4B,00,12,00,00,00,00,
104276016,00000118,false,Rx,1,4,00,4C,00,12,00,00,00,00,
104285785,00000118,false,Rx,1,4,00,4D,00,12,00,00,00,00,
104295615,00000118,false,Rx,1,4,00,4E,00,12,00,00,00,00,
104305651,00000118,false,Rx,1,4,00,4F,00,12,00,00,00,00,
104315496,00000118,false,Rx,1,4,00,40,00,12,00,00,00,00,
104325641,00000118,false,Rx,1,4,00,41,00,12,00,00,00,00,
104335483,00000118,false,Rx,1,4,00,42,00,12,00,00,00,00,
104345611,00000118,false,Rx,1,4,00,43,00,12,00,00,00,00,
104355488,00000118,false,Rx,1,4,00,44,00,12,00,00,00,00,
104365618,00000118,false,Rx,1,4,00,45,00,12,00,00,00,00,
104375484,00000118,false,Rx,1,4,00,46,00,12,00,00,00,00,
104385584,00000118,false,Rx,1,4,00,47,00,12,00,00,00,00,
104395556,00000118,false,Rx,1,4,00,48,00,12,00,00,00,00,
104405592,00000118,false,Rx,1,4,00,49,00,12,00,00,00,00,
104415439,00000118,false,Rx,1,4,00,4A,00,12,00,00,00,00,
104425579,00000118,false,Rx,1,4,00,4B,00,12,00,00,00,00,
104435426,00000118,false,Rx,1,4,00,4C,00,12,00,00,00,00,
104445552,00000118,false,Rx,1,4,00,4D,00,12,00,00,00,00,
104455433,00000118,false,Rx,1,4,00,4E,00,12,00,00,00,00,
104465569,00000118,false,Rx,1,4,00,4F,00,12,00,00,00,00,
104475422,00000118,false,Rx,1,4,00,40,00,12,00,00,00,00,
104477494,0000070F,false,Rx,0,8,03,22,2B,F1,55,55,55,55,
104485552,00000118,false,Rx,1,4,00,41,00,12,00,00,00,00,
104485849,17F0000F,true,Rx,1,8,00,0F,00,00,00,00,00,00,
104495507,00000118,false,Rx,1,4,00,42,00,12,00,00,00,00,
104496761,00000779,false,Rx,1,8,05,62,2B,F1,F3,72,AA,AA,
104505547,00000118,false,Rx,1,4,00,43,00,12,00,00,00,00,
104515380,00000118,false,Rx,1,4,00,44,00,12,00,00,00,00,
104525522,00000118,false,Rx,1,4,00,45,00,12,00,00,00,00,
104535370,00000118,false,Rx,1,4,00,46,00,12,00,00,00,00,
104545494,00000118,false,Rx,1,4,00,47,00,12,00,00,00,00,
104555375,00000118,false,Rx,1,4,00,48,00,12,00,00,00,00,
104565486,00000118,false,Rx,1,4,00,49,00,12,00,00,00,00,
104575367,00000118,false,Rx,1,4,00,4A,00,12,00,00,00,00,
104585482,00000118,false,Rx,1,4,00,4B,00,12,00,00,00,00,
104595443,00000118,false,Rx,1,4,00,4C,00,12,00,00,00,00,
104605477,00000118,false,Rx,1,4,00,4D,00,12,00,00,00,00,
104615324,00000118,false,Rx,1,4,00,4E,00,12,00,00,00,00,
104625469,00000118,false,Rx,1,4,00,4F,00,12,00,00,00,00,
104635312,00000118,false,Rx,1,4,00,40,00,12,00,00,00,00,
104645439,00000118,false,Rx,1,4,00,41,00,12,00,00,00,00,
104655318,00000118,false,Rx,1,4,00,42,00,12,00,00,00,00,
104665427,00000118,false,Rx,1,4,00,43,00,12,00,00,00,00,
104675314,00000118,false,Rx,1,4,00,44,00,12,00,00,00,00,
104685413,00000118,false,Rx,1,4,00,45,00,12,00,00,00,00,
104695385,00000118,false,Rx,1,4,00,46,00,12,00,00,00,00,
104705421,00000118,false,Rx,1,4,00,47,00,12,00,00,00,00,
104715264,00000118,false,Rx,1,4,00,48,00,12,00,00,00,00,
104725409,00000118,false,Rx,1,4,00,49,00,12,00,00,00,00,
104735256,00000118,false,Rx,1,4,00,4A,00,12,00,00,00,00,
104745381,00000118,false,Rx,1,4,00,4B,00,12,00,00,00,00,
104755320,00000118,false,Rx,1,4,00,4C,00,12,00,00,00,00,
104767976,00000118,false,Rx,1,4,00,4D,00,12,00,00,00,00,
104775292,00000118,false,Rx,1,4,00,4E,00,12,00,00,00,00,
104785378,00000118,false,Rx,1,4,00,4F,00,12,00,00,00,00,
104789214,0000070F,false,Rx,0,8,03,22,2B,E4,55,55,55,55,
104795351,00000118,false,Rx,1,4,00,40,00,12,00,00,00,00,
104805365,00000118,false,Rx,1,4,00,41,00,12,00,00,00,00,
104807570,00000779,false,Rx,1,8,05,62,2B,E4,39,64,AA,AA,
104815219,00000118,false,Rx,1,4,00,42,00,12,00,00,00,00,
104825354,00000118,false,Rx,1,4,00,43,00,12,00,00,00,00,
104835196,00000118,false,Rx,1,4,00,44,00,12,00,00,00,00,
104845323,00000118,false,Rx,1,4,00,45,00,12,00,00,00,00,
104855204,00000118,false,Rx,1,4,00,46,00,12,00,00,00,00,
104865312,00000118,false,Rx,1,4,00,47,00,12,00,00,00,00,
104875203,00000118,false,Rx,1,4,00,48,00,12,00,00,00,00,
104885299,00000118,false,Rx,1,4,00,49,00,12,00,00,00,00,
104895272,00000118,false,Rx,1,4,00,4A,00,12,00,00,00,00,
104905307,00000118,false,Rx,1,4,00,4B,00,12,00,00,00,00,
104915151,00000118,false,Rx,1,4,00,4C,00,12,00,00,00,00,
104925295,00000118,false,Rx,1,4,00,4D,00,12,00,00,00,00,
104935141,00000118,false,Rx,1,4,00,4E,00,12,00,00,00,00,
104945268,00000118,false,Rx,1,4,00,4F,00,12,00,00,00,00,
104955146,00000118,false,Rx,1,4,00,40,00,12,00,00,00,00,
104965257,00000118,false,Rx,1,4,00,41,00,12,00,00,00,00,
104975136,00000118,false,Rx,1,4,00,42,00,12,00,00,00,00,
104985249,00000118,false,Rx,1,4,00,43,00,12,00,00,00,00,
104985540,17F0000F,true,Rx,1,8,00,0F,00,00,00,00,00,00,
104995222,00000118,false,Rx,1,4,00,44,00,12,00,00,00,00,
105005651,00000118,false,Rx,1,4,00,45,00,12,00,00,00,00,
105015495,00000118,false,Rx,1,4,00,46,00,12,00,00,00,00,
105025637,00000118,false,Rx,1,4,00,47,00,12,00,00,00,00,
105035482,00000118,false,Rx,1,4,00,48,00,12,00,00,00,00,
105045608,00000118,false,Rx,1,4,00,49,00,12,00,00,00,00,
105055490,00000118,false,Rx,1,4,00,4A,00,12,00,00,00,00,
105065596,00000118,false,Rx,1,4,00,4B,00,12,00,00,00,00,
105075477,00000118,false,Rx,1,4,00,4C,00,12,00,00,00,00,
105085597,00000118,false,Rx,1,4,00,4D,00,12,00,00,00,00,
105095559,00000118,false,Rx,1,4,00,4E,00,12,00,00,00,00,
105105594,00000118,false,Rx,1,4,00,4F,00,12,00,00,00,00,
105110058,0000070F,false,Rx,0,8,03,22,02,8D,55,55,55,55,
105115461,00000118,false,Rx,1,4,00,40,00,12,00,00,00,00,
105125582,00000118,false,Rx,1,4,00,41,00,12,00,00,00,00,
105127790,00000779,false,Rx,1,8,05,62,02,8D,7B,00,AA,AA,
105135436,00000118,false,Rx,1,4,00,42,00,12,00,00,00,00,
105145552,00000118,false,Rx,1,4,00,43,00,12,00,00,00,00,
105155431,00000118,false,Rx,1,4,00,44,00,12,00,00,00,00,
105165539,00000118,false,Rx,1,4,00,45,00,12,00,00,00,00,
105175421,00000118,false,Rx,1,4,00,46,00,12,00,00,00,00,
105185530,00000118,false,Rx,1,4,00,47,00,12,00,00,00,00,
105195497,00000118,false,Rx,1,4,00,48,00,12,00,00,00,00,
105205535,00000118,false,Rx,1,4,00,49,00,12,00,00,00,00,
105215379,00000118,false,Rx,1,4,00,4A,00,12,00,00,00,00,
105225523,00000118,false,Rx,1,4,00,4B,00,12,00,00,00,00,
105235369,00000118,false,Rx,1,4,00,4C,00,12,00,00,00,00,
105245494,00000118,false,Rx,1,4,00,4D,00,12,00,00,00,00,
105256113,00000118,false,Rx,1,4,00,4E,00,12,00,00,00,00,
105270664,00000118,false,Rx,1,4,00,4F,00,12,00,00,00,00,
105275545,00000118,false,Rx,1,4,00,40,00,12,00,00,00,00,
105285620,00000118,false,Rx,1,4,00,41,00,12,00,00,00,00,
105295441,00000118,false,Rx,1,4,00,42,00,12,00,00,00,00,
105305479,00000118,false,Rx,1,4,00,43,00,12,00,00,00,00,
105315321,00000118,false,Rx,1,4,00,44,00,12,00,00,00,00,
105325465,00000118,false,Rx,1,4,00,45,00,12,00,00,00,00,
105335311,00000118,false,Rx,1,4,00,46,00,12,00,00,00,00,
105345437,00000118,false,Rx,1,4,00,47,00,12,00,00,00,00,
105355316,00000118,false,Rx,1,4,00,48,00,12,00,00,00,00,
105365425,00000118,false,Rx,1,4,00,49,00,12,00,00,00,00,
105375310,00000118,false,Rx,1,4,00,4A,00,12,00,00,00,00,
105385416,00000118,false,Rx,1,4,00,4B,00,12,00,00,00,00,
105395388,00000118,false,Rx,1,4,00,4C,00,12,00,00,00,00,
105405419,00000118,false,Rx,1,4,00,4D,00,12,00,00,00,00,
105415265,00000118,false,Rx,1,4,00,4E,00,12,00,00,00,00,
105425410,00000118,false,Rx,1,4,00,4F,00,12,00,00,00,00,
105427116,0000070F,false,Rx,0,8,03,22,2B,F1,55,55,55,55,
105435277,00000118,false,Rx,1,4,00,40,00,12,00,00,00,00,
105445382,00000118,false,Rx,1,4,00,41,00,12,00,00,00,00,
105447589,00000779,false,Rx,1,8,05,62,2B,F1,F3,72,AA,AA,
105455271,00000118,false,Rx,1,4,00,42,00,12,00,00,00,00,
105465369,00000118,false,Rx,1,4,00,43,00,12,00,00,00,00,
105475248,00000118,false,Rx,1,4,00,44,00,12,00,00,00,00,
105485358,00000118,false,Rx,1,4,00,45,00,12,00,00,00,00,
105485653,17F0000F,true,Rx,1,8,00,0F,00,00,00,00,00,00,
105495333,00000118,false,Rx,1,4,00,46,00,12,00,00,00,00,
105505768,00000118,false,Rx,1,4,00,47,00,12,00,00,00,00,
105515607,00000118,false,Rx,1,4,00,48,00,12,00,00,00,00,
105525751,00000118,false,Rx,1,4,00,49,00,12,00,00,00,00,
105535598,00000118,false,Rx,1,4,00,4A,00,12,00,00,00,00,
105545721,00000118,false,Rx,1,4,00,4B,00,12,00,00,00,00,
105555603,00000118,false,Rx,1,4,00,4C,00,12,00,00,00,00,
105565711,00000118,false,Rx,1,4,00,4D,00,12,00,00,00,00,
105575591,00000118,false,Rx,1,4,00,4E,00,12,00,00,00,00,
105585706,00000118,false,Rx,1,4,00,4F,00,12,00,00,00,00,
105595680,00000118,false,Rx,1,4,00,40,00,12,00,00,00,00,
105605708,00000118,false,Rx,1,4,00,41,00,12,00,00,00,00,
105615552,00000118,false,Rx,1,4,00,42,00,12,00,00,00,00,
105625696,00000118,false,Rx,1,4,00,43,00,12,00,00,00,00,
105635540,00000118,false,Rx,1,4,00,44,00,12,00,00,00,00,
105645663,00000118,false,Rx,1,4,00,45,00,12,00,00,00,00,
105655546,00000118,false,Rx,1,4,00,46,00,12,00,00,00,00,
105665653,00000118,false,Rx,1,4,00,47,00,12,00,00,00,00,
105675532,00000118,false,Rx,1,4,00,48,00,12,00,00,00,00,
105685641,00000118,false,Rx,1,4,00,49,00,12,00,00,00,00,
105695615,00000118,false,Rx,1,4,00,4A,00,12,00,00,00,00,
105705648,00000118,false,Rx,1,4,00,4B,00,12,00,00,00,00,
105715494,00000118,false,Rx,1,4,00,4C,00,12,00,00,00,00,
105725637,00000118,false,Rx,1,4,00,4D,00,12,00,00,00,00,
105735483,00000118,false,Rx,1,4,00,4E,00,12,00,00,00,00,
105744814,0000070F,false,Rx,0,8,03,22,2B,E4,55,55,55,55,
105745633,00000118,false,Rx,1,4,00,4F,00,12,00,00,00,00,
105755890,00000118,false,Rx,1,4,00,40,00,12,00,00,00,00,
105757041,00000779,false,Rx,1,8,05,62,2B,E4,9D,64,AA,AA,
105767472,00000118,false,Rx,1,4,00,41,00,12,00,00,00,00,
105775944,00000118,false,Rx,1,4,00,42,00,12,00,00,00,00,
105785988,00000118,false,Rx,1,4,00,43,00,12,00,00,00,00,
105795982,00000118,false,Rx,1,4,00,44,00,12,00,00,00,00,
105805991,00000118,false,Rx,1,4,00,45,00,12,00,00,00,00,
105815836,00000118,false,Rx,1,4,00,46,00,12,00,00,00,00,
105825979,00000118,false,Rx,1,4,00,47,00,12,00,00,00,00,
105835823,00000118,false,Rx,1,4,00,48,00,12,00,00,00,00,
105845952,00000118,false,Rx,1,4,00,49,00,12,00,00,00,00,
105855831,00000118,false,Rx,1,4,00,4A,00,12,00,00,00,00,
105865950,00000118,false,Rx,1,4,00,4B,00,12,00,00,00,00,
105875820,00000118,false,Rx,1,4,00,4C,00,12,00,00,00,00,
105885946,00000118,false,Rx,1,4,00,4D,00,12,00,00,00,00,
105895897,00000118,false,Rx,1,4,00,4E,00,12,00,00,00,00,
105905952,00000118,false,Rx,1,4,00,4F,00,12,00,00,00,00,
105915780,00000118,false,Rx,1,4,00,40,00,12,00,00,00,00,
105925942,00000118,false,Rx,1,4,00,41,00,12,00,00,00,00,
105935768,00000118,false,Rx,1,4,00,42,00,12,00,00,00,00,
105945895,00000118,false,Rx,1,4,00,43,00,12,00,00,00,00,
105955772,00000118,false,Rx,1,4,00,44,00,12,00,00,00,00,
105965881,00000118,false,Rx,1,4,00,45,00,12,00,00,00,00,
105975763,00000118,false,Rx,1,4,00,46,00,12,00,00,00,00,
105985869,00000118,false,Rx,1,4,00,47,00,12,00,00,00,00,
105986166,17F0000F,true,Rx,1,8,00,0F,00,00,00,00,00,00,
105995845,00000118,false,Rx,1,4,00,48,00,12,00,00,00,00,
106006283,00000118,false,Rx,1,4,00,49,00,12,00,00,00,00,
106016122,00000118,false,Rx,1,4,00,4A,00,12,00,00,00,00,
106026264,00000118,false,Rx,1,4,00,4B,00,12,00,00,00,00,
106036111,00000118,false,Rx,1,4,00,4C,00,12,00,00,00,00,
106046236,00000118,false,Rx,1,4,00,4D,00,12,00,00,00,00,
106055575,0000070F,false,Rx,0,8,03,22,02,8D,55,55,55,55,
106056117,00000118,false,Rx,1,4,00,4E,00,12,00,00,00,00,
106066248,00000118,false,Rx,1,4,00,4F,00,12,00,00,00,00,
106076522,00000118,false,Rx,1,4,00,40,00,12,00,00,00,00,
106077870,00000779,false,Rx,1,8,05,62,02,8D,7B,00,AA,AA,
106086623,00000118,false,Rx,1,4,00,41,00,12,00,00,00,00,
106096586,00000118,false,Rx,1,4,00,42,00,12,00,00,00,00,
106106629,00000118,false,Rx,1,4,00,43,00,12,00,00,00,00,
106116463,00000118,false,Rx,1,4,00,44,00,12,00,00,00,00,
106126606,00000118,false,Rx,1,4,00,45,00,12,00,00,00,00,
106136453,00000118,false,Rx,1,4,00,46,00,12,00,00,00,00,
106146578,00000118,false,Rx,1,4,00,47,00,12,00,00,00,00,
106156459,00000118,false,Rx,1,4,00,48,00,12,00,00,00,00,
106166567,00000118,false,Rx,1,4,00,49,00,12,00,00,00,00,
106176448,00000118,false,Rx,1,4,00,4A,00,12,00,00,00,00,
106186555,00000118,false,Rx,1,4,00,4B,00,12,00,00,00,00,
106196528,00000118,false,Rx,1,4,00,4C,00,12,00,00,00,00,
106206562,00000118,false,Rx,1,4,00,4D,00,12,00,00,00,00,
106216409,00000118,false,Rx,1,4,00,4E,00,12,00,00,00,00,
106226552,00000118,false,Rx,1,4,00,4F,00,12,00,00,00,00,
106236397,00000118,false,Rx,1,4,00,40,00,12,00,00,00,00,
106246526,00000118,false,Rx,1,4,00,41,00,12,00,00,00,00,
106256502,00000118,false,Rx,1,4,00,42,00,12,00,00,00,00,
106266654,00000118,false,Rx,1,4,00,43,00,12,00,00,00,00,
106276648,00000118,false,Rx,1,4,00,44,00,12,00,00,00,00,
106286858,00000118,false,Rx,1,4,00,45,00,12,00,00,00,00,
106296607,00000118,false,Rx,1,4,00,46,00,12,00,00,00,00,
106306618,00000118,false,Rx,1,4,00,47,00,12,00,00,00,00,
106316367,00000118,false,Rx,1,4,00,48,00,12,00,00,00,00,
106326606,00000118,false,Rx,1,4,00,49,00,12,00,00,00,00,
106336363,00000118,false,Rx,1,4,00,4A,00,12,00,00,00,00,
106346609,00000118,false,Rx,1,4,00,4B,00,12,00,00,00,00,
106356368,00000118,false,Rx,1,4,00,4C,00,12,00,00,00,00,
106366599,00000118,false,Rx,1,4,00,4D,00,12,00,00,00,00,
106376458,00000118,false,Rx,1,4,00,4E,00,12,00,00,00,00,
106379827,0000070F,false,Rx,0,8,03,22,2B,F1,55,55,55,55,
106386614,00000118,false,Rx,1,4,00,4F,00,12,00,00,00,00,
106396867,00000118,false,Rx,1,4,00,40,00,12,00,00,00,00,
106398066,00000779,false,Rx,1,8,05,62,2B,F1,F3,72,AA,AA,
106406862,00000118,false,Rx,1,4,00,41,00,12,00,00,00,00,
106416862,00000118,false,Rx,1,4,00,42,00,12,00,00,00,00,
106426869,00000118,false,Rx,1,4,00,43,00,12,00,00,00,00,
106436861,00000118,false,Rx,1,4,00,44,00,12,00,00,00,00,
106446855,00000118,false,Rx,1,4,00,45,00,12,00,00,00,00,
106456854,00000118,false,Rx,1,4,00,46,00,12,00,00,00,00,
106466853,00000118,false,Rx,1,4,00,47,00,12,00,00,00,00,
106476858,00000118,false,Rx,1,4,00,48,00,12,00,00,00,00,
106486858,00000118,false,Rx,1,4,00,49,00,12,00,00,00,00,
106487154,17F0000F,true,Rx,1,8,00,0F,00,00,00,00,00,00,
106496856,00000118,false,Rx,1,4,00,4A,00,12,00,00,00,00,
106507191,00000118,false,Rx,1,4,00,4B,00,12,00,00,00,00,
106517041,00000118,false,Rx,1,4,00,4C,00,12,00,00,00,00,
106527178,00000118,false,Rx,1,4,00,4D,00,12,00,00,00,00,
106537023,00000118,false,Rx,1,4,00,4E,00,12,00,00,00,00,
106547150,00000118,false,Rx,1,4,00,4F,00,12,00,00,00,00,
106557031,00000118,false,Rx,1,4,00,40,00,12,00,00,00,00,
106567139,00000118,false,Rx,1,4,00,41,00,12,00,00,00,00,
106577020,00000118,false,Rx,1,4,00,42,00,12,00,00,00,00,
106587134,00000118,false,Rx,1,4,00,43,00,12,00,00,00,00,
106597095,00000118,false,Rx,1,4,00,44,00,12,00,00,00,00,
106607133,00000118,false,Rx,1,4,00,45,00,12,00,00,00,00,
106616982,00000118,false,Rx,1,4,00,46,00,12,00,00,00,00,
106627121,00000118,false,Rx,1,4,00,47,00,12,00,00,00,00,
106636964,00000118,false,Rx,1,4,00,48,00,12,00,00,00,00,
106647091,00000118,false,Rx,1,4,00,49,00,12,00,00,00,00,
106656974,00000118,false,Rx,1,4,00,4A,00,12,00,00,00,00,
106667079,00000118,false,Rx,1,4,00,4B,00,12,00,00,00,00,
106676961,00000118,false,Rx,1,4,00,4C,00,12,00,00,00,00,
106687068,00000118,false,Rx,1,4,00,4D,00,12,00,00,00,00,
106696693,0000070F,false,Rx,0,8,03,22,2B,E4,55,55,55,55,
106697113,00000118,false,Rx,1,4,00,4E,00,12,00,00,00,00,
106707098,00000118,false,Rx,1,4,00,4F,00,12,00,00,00,00,
106716944,00000118,false,Rx,1,4,00,40,00,12,00,00,00,00,
106718181,00000779,false,Rx,1,8,05,62,2B,E4,9D,64,AA,AA,
106727074,00000118,false,Rx,1,4,00,41,00,12,00,00,00,00,
106736909,00000118,false,Rx,1,4,00,42,00,12,00,00,00,00,
106747122,00000118,false,Rx,1,4,00,43,00,12,00,00,00,00,
106756973,00000118,false,Rx,1,4,00,44,00,12,00,00,00,00,
106767123,00000118,false,Rx,1,4,00,45,00,12,00,00,00,00,
106776903,00000118,false,Rx,1,4,00,46,00,12,00,00,00,00,
106787092,00000118,false,Rx,1,4,00,47,00,12,00,00,00,00,
106796981,00000118,false,Rx,1,4,00,48,00,12,00,00,00,00,
106807088,00000118,false,Rx,1,4,00,49,00,12,00,00,00,00,
106816855,00000118,false,Rx,1,4,00,4A,00,12,00,00,00,00,
106827103,00000118,false,Rx,1,4,00,4B,00,12,00,00,00,00,
106836862,00000118,false,Rx,1,4,00,4C,00,12,00,00,00,00,
106847086,00000118,false,Rx,1,4,00,4D,00,12,00,00,00,00,
106856870,00000118,false,Rx,1,4,00,4E,00,12,00,00,00,00,
106867100,00000118,false,Rx,1,4,00,4F,00,12,00,00,00,00,
106876857,00000118,false,Rx,1,4,00,40,00,12,00,00,00,00,
106887101,00000118,false,Rx,1,4,00,41,00,12,00,00,00,00,
106896943,00000118,false,Rx,1,4,00,42,00,12,00,00,00,00,
106907105,00000118,false,Rx,1,4,00,43,00,12,00,00,00,00,
106916862,00000118,false,Rx,1,4,00,44,00,12,00,00,00,00,
106927096,00000118,false,Rx,1,4,00,45,00,12,00,00,00,00,
106936854,00000118,false,Rx,1,4,00,46,00,12,00,00,00,00,
106947092,00000118,false,Rx,1,4,00,47,00,12,00,00,00,00,
106956859,00000118,false,Rx,1,4,00,48,00,12,00,00,00,00,
106967084,00000118,false,Rx,1,4,00,49,00,12,00,00,00,00,
106976855,00000118,false,Rx,1,4,00,4A,00,12,00,00,00,00,
106987100,00000118,false,Rx,1,4,00,4B,00,12,00,00,00,00,
106987637,17F0000F,true,Rx,1,8,00,0F,00,00,00,00,00,00,
106996866,00000118,false,Rx,1,4,00,4C,00,12,00,00,00,00,
107007084,00000118,false,Rx,1,4,00,4D,00,12,00,00,00,00,
107015558,0000070F,false,Rx,0,8,03,22,02,8D,55,55,55,55,
107016858,00000118,false,Rx,1,4,00,4E,00,12,00,00,00,00,
107027109,00000118,false,Rx,1,4,00,4F,00,12,00,00,00,00,
107036858,00000118,false,Rx,1,4,00,40,00,12,00,00,00,00,
107037974,00000779,false,Rx,1,8,05,62,02,8D,7B,00,AA,AA,
107047104,00000118,false,Rx,1,4,00,41,00,12,00,00,00,00,
107056859,00000118,false,Rx,1,4,00,42,00,12,00,00,00,00,
107066868,00000118,false,Rx,1,4,00,43,00,12,00,00,00,00,
107076861,00000118,false,Rx,1,4,00,44,00,12,00,00,00,00,
107086870,00000118,false,Rx,1,4,00,45,00,12,00,00,00,00,
107096859,00000118,false,Rx,1,4,00,46,00,12,00,00,00,00,
107106851,00000118,false,Rx,1,4,00,47,00,12,00,00,00,00,
107116867,00000118,false,Rx,1,4,00,48,00,12,00,00,00,00,
107126853,00000118,false,Rx,1,4,00,49,00,12,00,00,00,00,
107136855,00000118,false,Rx,1,4,00,4A,00,12,00,00,00,00,
107146856,00000118,false,Rx,1,4,00,4B,00,12,00,00,00,00,
107156862,00000118,false,Rx,1,4,00,4C,00,12,00,00,00,00,
107166844,00000118,false,Rx,1,4,00,4D,00,12,00,00,00,00,
107176860,00000118,false,Rx,1,4,00,4E,00,12,00,00,00,00,
107186870,00000118,false,Rx,1,4,00,4F,00,12,00,00,00,00,
107196859,00000118,false,Rx,1,4,00,40,00,12,00,00,00,00,
107206863,00000118,false,Rx,1,4,00,41,00,12,00,00,00,00,
107216854,00000118,false,Rx,1,4,00,42,00,12,00,00,00,00,
107226868,00000118,false,Rx,1,4,00,43,00,12,00,00,00,00,
107236624,00000118,false,Rx,1,4,00,44,00,12,00,00,00,00,
107246861,00000118,false,Rx,1,4,00,45,00,12,00,00,00,00,
107256675,00000118,false,Rx,1,4,00,46,00,12,00,00,00,00,
107266768,00000118,false,Rx,1,4,00,47,00,12,00,00,00,00,
107276656,00000118,false,Rx,1,4,00,48,00,12,00,00,00,00,
107286914,00000118,false,Rx,1,4,00,49,00,12,00,00,00,00,
107296875,00000118,false,Rx,1,4,00,4A,00,12,00,00,00,00,
107306872,00000118,false,Rx,1,4,00,4B,00,12,00,00,00,00,
107316629,00000118,false,Rx,1,4,00,4C,00,12,00,00,00,00,
107326869,00000118,false,Rx,1,4,00,4D,00,12,00,00,00,00,
107336655,00000118,false,Rx,1,4,00,4E,00,12,00,00,00,00,
107337731,0000070F,false,Rx,0,8,03,22,2B,F1,55,55,55,55,
107346874,00000118,false,Rx,1,4,00,4F,00,12,00,00,00,00,
107357119,00000118,false,Rx,1,4,00,40,00,12,00,00,00,00,
107358228,00000779,false,Rx,1,8,05,62,2B,F1,F3,72,AA,AA,
107367122,00000118,false,Rx,1,4,00,41,00,12,00,00,00,00,
107377125,00000118,false,Rx,1,4,00,42,00,12,00,00,00,00,
107387125,00000118,false,Rx,1,4,00,43,00,12,00,00,00,00,
107397121,00000118,false,Rx,1,4,00,44,00,12,00,00,00,00,
107407115,00000118,false,Rx,1,4,00,45,00,12,00,00,00,00,
107417118,00000118,false,Rx,1,4,00,46,00,12,00,00,00,00,
107427115,00000118,false,Rx,1,4,00,47,00,12,00,00,00,00,
107437126,00000118,false,Rx,1,4,00,48,00,12,00,00,00,00,
107447118,00000118,false,Rx,1,4,00,49,00,12,00,00,00,00,
107457121,00000118,false,Rx,1,4,00,4A,00,12,00,00,00,00,
107467126,00000118,false,Rx,1,4,00,4B,00,12,00,00,00,00,
107477123,00000118,false,Rx,1,4,00,4C,00,12,00,00,00,00,
107487116,00000118,false,Rx,1,4,00,4D,00,12,00,00,00,00,
107487647,17F0000F,true,Rx,1,8,00,0F,00,00,00,00,00,00,
107497123,00000118,false,Rx,1,4,00,4E,00,12,00,00,00,00,
107507615,00000118,false,Rx,1,4,00,4F,00,12,00,00,00,00,
107517364,00000118,false,Rx,1,4,00,40,00,12,00,00,00,00,
107527614,00000118,false,Rx,1,4,00,41,00,12,00,00,00,00,
107537371,00000118,false,Rx,1,4,00,42,00,12,00,00,00,00,
107547620,00000118,false,Rx,1,4,00,43,00,12,00,00,00,00,
107557367,00000118,false,Rx,1,4,00,44,00,12,00,00,00,00,
107567364,00000118,false,Rx,1,4,00,45,00,12,00,00,00,00,
107577363,00000118,false,Rx,1,4,00,46,00,12,00,00,00,00,
107587378,00000118,false,Rx,1,4,00,47,00,12,00,00,00,00,
107597371,00000118,false,Rx,1,4,00,48,00,12,00,00,00,00,
107607361,00000118,false,Rx,1,4,00,49,00,12,00,00,00,00,
107617363,00000118,false,Rx,1,4,00,4A,00,12,00,00,00,00,
107627366,00000118,false,Rx,1,4,00,4B,00,12,00,00,00,00,
107637373,00000118,false,Rx,1,4,00,4C,00,12,00,00,00,00,
107647361,00000118,false,Rx,1,4,00,4D,00,12,00,00,00,00,
107649950,0000070F,false,Rx,0,8,03,22,2B,E4,55,55,55,55,
107657361,00000118,false,Rx,1,4,00,4E,00,12,00,00,00,00,
107667863,00000118,false,Rx,1,4,00,4F,00,12,00,00,00,00,
107669937,00000779,false,Rx,1,8,05,62,2B,E4,9D,64,AA,AA,
107677610,00000118,false,Rx,1,4,00,40,00,12,00,00,00,00,
107687863,00000118,false,Rx,1,4,00,41,00,12,00,00,00,00,
107697854,00000118,false,Rx,1,4,00,42,00,12,00,00,00,00,
107707868,00000118,false,Rx,1,4,00,43,00,12,00,00,00,00,
107717615,00000118,false,Rx,1,4,00,44,00,12,00,00,00,00,
107727858,00000118,false,Rx,1,4,00,45,00,12,00,00,00,00,
107737609,00000118,false,Rx,1,4,00,46,00,12,00,00,00,00,
107747861,00000118,false,Rx,1,4,00,47,00,12,00,00,00,00,
107757606,00000118,false,Rx,1,4,00,48,00,12,00,00,00,00,
107770520,00000118,false,Rx,1,4,00,49,00,12,00,00,00,00,
107778838,00000118,false,Rx,1,4,00,4A,00,12,00,00,00,00,
107787646,00000118,false,Rx,1,4,00,4B,00,12,00,00,00,00,
107797610,00000118,false,Rx,1,4,00,4C,00,12,00,00,00,00,
107807644,00000118,false,Rx,1,4,00,4D,00,12,00,00,00,00,
107817492,00000118,false,Rx,1,4,00,4E,00,12,00,00,00,00,
107827635,00000118,false,Rx,1,4,00,4F,00,12,00,00,00,00,
107837480,00000118,false,Rx,1,4,00,40,00,12,00,00,00,00,
107847629,00000118,false,Rx,1,4,00,41,00,12,00,00,00,00,
107857485,00000118,false,Rx,1,4,00,42,00,12,00,00,00,00,
107867596,00000118,false,Rx,1,4,00,43,00,12,00,00,00,00,
107877473,00000118,false,Rx,1,4,00,44,00,12,00,00,00,00,
107887581,00000118,false,Rx,1,4,00,45,00,12,00,00,00,00,
107897552,00000118,false,Rx,1,4,00,46,00,12,00,00,00,00,
107907588,00000118,false,Rx,1,4,00,47,00,12,00,00,00,00,
107917431,00000118,false,Rx,1,4,00,48,00,12,00,00,00,00,
107927576,00000118,false,Rx,1,4,00,49,00,12,00,00,00,00,
107937421,00000118,false,Rx,1,4,00,4A,00,12,00,00,00,00,
107947551,00000118,false,Rx,1,4,00,4B,00,12,00,00,00,00,
107957429,00000118,false,Rx,1,4,00,4C,00,12,00,00,00,00,
107967534,00000118,false,Rx,1,4,00,4D,00,12,00,00,00,00,
107968409,0000070F,false,Rx,0,8,03,22,02,8D,55,55,55,55,
107977440,00000118,false,Rx,1,4,00,4E,00,12,00,00,00,00,
107987531,00000118,false,Rx,1,4,00,4F,00,12,00,00,00,00,
107987823,17F0000F,true,Rx,1,8,00,0F,00,00,00,00,00,00,
107989960,00000779,false,Rx,1,8,05,62,02,8D,7B,00,AA,AA,
107997511,00000118,false,Rx,1,4,00,40,00,12,00,00,00,00,
108007533,00000118,false,Rx,1,4,00,41,00,12,00,00,00,00,
108017377,00000118,false,Rx,1,4,00,42,00,12,00,00,00,00,
108027522,00000118,false,Rx,1,4,00,43,00,12,00,00,00,00,
108037363,00000118,false,Rx,1,4,00,44,00,12,00,00,00,00,
108047492,00000118,false,Rx,1,4,00,45,00,12,00,00,00,00,
108057374,00000118,false,Rx,1,4,00,46,00,12,00,00,00,00,
108067478,00000118,false,Rx,1,4,00,47,00,12,00,00,00,00,
108077358,00000118,false,Rx,1,4,00,48,00,12,00,00,00,00,
108087480,00000118,false,Rx,1,4,00,49,00,12,00,00,00,00,
108097441,00000118,false,Rx,1,4,00,4A,00,12,00,00,00,00,
108107473,00000118,false,Rx,1,4,00,4B,00,12,00,00,00,00,
108117319,00000118,false,Rx,1,4,00,4C,00,12,00,00,00,00,
108127462,00000118,false,Rx,1,4,00,4D,00,12,00,00,00,00,
108137307,00000118,false,Rx,1,4,00,4E,00,12,00,00,00,00,
108147435,00000118,false,Rx,1,4,00,4F,00,12,00,00,00,00,
108157321,00000118,false,Rx,1,4,00,40,00,12,00,00,00,00,
108167423,00000118,false,Rx,1,4,00,41,00,12,00,00,00,00,
108177302,00000118,false,Rx,1,4,00,42,00,12,00,00,00,00,
108187412,00000118,false,Rx,1,4,00,43,00,12,00,00,00,00,
108197382,00000118,false,Rx,1,4,00,44,00,12,00,00,00,00,
108207416,00000118,false,Rx,1,4,00,45,00,12,00,00,00,00,
108217263,00000118,false,Rx,1,4,00,46,00,12,00,00,00,00,
108227404,00000118,false,Rx,1,4,00,47,00,12,00,00,00,00,
108237249,00000118,false,Rx,1,4,00,48,00,12,00,00,00,00,
108247375,00000118,false,Rx,1,4,00,49,00,12,00,00,00,00,
108257282,00000118,false,Rx,1,4,00,4A,00,12,00,00,00,00,
108268866,00000118,false,Rx,1,4,00,4B,00,12,00,00,00,00,
108277292,00000118,false,Rx,1,4,00,4C,00,12,00,00,00,00,
108287479,00000118,false,Rx,1,4,00,4D,00,12,00,00,00,00,
108297324,00000118,false,Rx,1,4,00,4E,00,12,00,00,00,00,
108299579,0000070F,false,Rx,0,8,03,22,2B,F1,55,55,55,55,
108307384,00000118,false,Rx,1,4,00,4F,00,12,00,00,00,00,
108317205,00000118,false,Rx,1,4,00,40,00,12,00,00,00,00,
108318459,00000779,false,Rx,1,8,05,62,2B,F1,F3,72,AA,AA,
108327358,00000118,false,Rx,1,4,00,41,00,12,00,00,00,00,
108337193,00000118,false,Rx,1,4,00,42,00,12,00,00,00,00,
108347320,00000118,false,Rx,1,4,00,43,00,12,00,00,00,00,
108357209,00000118,false,Rx,1,4,00,44,00,12,00,00,00,00,
108367307,00000118,false,Rx,1,4,00,45,00,12,00,00,00,00,
108377194,00000118,false,Rx,1,4,00,46,00,12,00,00,00,00,
108387295,00000118,false,Rx,1,4,00,47,00,12,00,00,00,00,
108397264,00000118,false,Rx,1,4,00,48,00,12,00,00,00,00,
108407302,00000118,false,Rx,1,4,00,49,00,12,00,00,00,00,
108417147,00000118,false,Rx,1,4,00,4A,00,12,00,00,00,00,
108427291,00000118,false,Rx,1,4,00,4B,00,12,00,00,00,00,
108437136,00000118,false,Rx,1,4,00,4C,00,12,00,00,00,00,
108447260,00000118,false,Rx,1,4,00,4D,00,12,00,00,00,00,
108457144,00000118,false,Rx,1,4,00,4E,00,12,00,00,00,00,
108467254,00000118,false,Rx,1,4,00,4F,00,12,00,00,00,00,
108477132,00000118,false,Rx,1,4,00,40,00,12,00,00,00,00,
108487240,00000118,false,Rx,1,4,00,41,00,12,00,00,00,00,
108487536,17F0000F,true,Rx,1,8,00,0F,00,00,00,00,00,00,
108497216,00000118,false,Rx,1,4,00,42,00,12,00,00,00,00,
108507648,00000118,false,Rx,1,4,00,43,00,12,00,00,00,00,
108517488,00000118,false,Rx,1,4,00,44,00,12,00,00,00,00,
108527633,00000118,false,Rx,1,4,00,45,00,12,00,00,00,00,
108537478,00000118,false,Rx,1,4,00,46,00,12,00,00,00,00,
108547604,00000118,false,Rx,1,4,00,47,00,12,00,00,00,00,
108557484,00000118,false,Rx,1,4,00,48,00,12,00,00,00,00,
108567599,00000118,false,Rx,1,4,00,49,00,12,00,00,00,00,
108577473,00000118,false,Rx,1,4,00,4A,00,12,00,00,00,00,
108587591,00000118,false,Rx,1,4,00,4B,00,12,00,00,00,00,
108597552,00000118,false,Rx,1,4,00,4C,00,12,00,00,00,00,
108607586,00000118,false,Rx,1,4,00,4D,00,12,00,00,00,00,
108617086,0000070F,false,Rx,0,8,03,22,2B,E4,55,55,55,55,
108617506,00000118,false,Rx,1,4,00,4E,00,12,00,00,00,00,
108627601,00000118,false,Rx,1,4,00,4F,00,12,00,00,00,00,
108637422,00000118,false,Rx,1,4,00,40,00,12,00,00,00,00,
108638679,00000779,false,Rx,1,8,05,62,2B,E4,9D,64,AA,AA,
108647558,00000118,false,Rx,1,4,00,41,00,12,00,00,00,00,
108657429,00000118,false,Rx,1,4,00,42,00,12,00,00,00,00,
108667545,00000118,false,Rx,1,4,00,43,00,12,00,00,00,00,
108677414,00000118,false,Rx,1,4,00,44,00,12,00,00,00,00,
108687523,00000118,false,Rx,1,4,00,45,00,12,00,00,00,00,
108697495,00000118,false,Rx,1,4,00,46,00,12,00,00,00,00,
108707529,00000118,false,Rx,1,4,00,47,00,12,00,00,00,00,
108717374,00000118,false,Rx,1,4,00,48,00,12,00,00,00,00,
108727518,00000118,false,Rx,1,4,00,49,00,12,00,00,00,00,
108737365,00000118,false,Rx,1,4,00,4A,00,12,00,00,00,00,
108747536,00000118,false,Rx,1,4,00,4B,00,12,00,00,00,00,
108757288,00000118,false,Rx,1,4,00,4C,00,12,00,00,00,00,
108767498,00000118,false,Rx,1,4,00,4D,00,12,00,00,00,00,
108777379,00000118,false,Rx,1,4,00,4E,00,12,00,00,00,00,
108787618,00000118,false,Rx,1,4,00,4F,00,12,00,00,00,00,
108797437,00000118,false,Rx,1,4,00,40,00,12,00,00,00,00,
108807606,00000118,false,Rx,1,4,00,41,00,12,00,00,00,00,
108817318,00000118,false,Rx,1,4,00,42,00,12,00,00,00,00,
108827606,00000118,false,Rx,1,4,00,43,00,12,00,00,00,00,
108837304,00000118,false,Rx,1,4,00,44,00,12,00,00,00,00,
108847602,00000118,false,Rx,1,4,00,45,00,12,00,00,00,00,
108857314,00000118,false,Rx,1,4,00,46,00,12,00,00,00,00,
108867609,00000118,false,Rx,1,4,00,47,00,12,00,00,00,00,
108877302,00000118,false,Rx,1,4,00,48,00,12,00,00,00,00,
108887601,00000118,false,Rx,1,4,00,49,00,12,00,00,00,00,
108897380,00000118,false,Rx,1,4,00,4A,00,12,00,00,00,00,
108907600,00000118,false,Rx,1,4,00,4B,00,12,00,00,00,00,
108917260,00000118,false,Rx,1,4,00,4C,00,12,00,00,00,00,
108927607,00000118,false,Rx,1,4,00,4D,00,12,00,00,00,00,
108934500,0000070F,false,Rx,0,8,03,22,02,8D,55,55,55,55,
108937273,00000118,false,Rx,1,4,00,4E,00,12,00,00,00,00,
108947617,00000118,false,Rx,1,4,00,4F,00,12,00,00,00,00,
108949584,00000779,false,Rx,1,8,05,62,02,8D,7B,00,AA,AA,
108957265,00000118,false,Rx,1,4,00,40,00,12,00,00,00,00,
108967365,00000118,false,Rx,1,4,00,41,00,12,00,00,00,00,
108977252,00000118,false,Rx,1,4,00,42,00,12,00,00,00,00,
108987365,00000118,false,Rx,1,4,00,43,00,12,00,00,00,00,
108987906,17F0000F,true,Rx,1,8,00,0F,00,00,00,00,00,00,
108997329,00000118,false,Rx,1,4,00,44,00,12,00,00,00,00,
109007848,00000118,false,Rx,1,4,00,45,00,12,00,00,00,00,
109017567,00000118,false,Rx,1,4,00,46,00,12,00,00,00,00,
109027847,00000118,false,Rx,1,4,00,47,00,12,00,00,00,00,
109037555,00000118,false,Rx,1,4,00,48,00,12,00,00,00,00,
109047845,00000118,false,Rx,1,4,00,49,00,12,00,00,00,00,
109057581,00000118,false,Rx,1,4,00,4A,00,12,00,00,00,00,
109067848,00000118,false,Rx,1,4,00,4B,00,12,00,00,00,00,
109077572,00000118,false,Rx,1,4,00,4C,00,12,00,00,00,00,
109087864,00000118,false,Rx,1,4,00,4D,00,12,00,00,00,00,
109097647,00000118,false,Rx,1,4,00,4E,00,12,00,00,00,00,
109107856,00000118,false,Rx,1,4,00,4F,00,12,00,00,00,00,
109117530,00000118,false,Rx,1,4,00,40,00,12,00,00,00,00,
109127852,00000118,false,Rx,1,4,00,41,00,12,00,00,00,00,
109137517,00000118,false,Rx,1,4,00,42,00,12,00,00,00,00,
109147848,00000118,false,Rx,1,4,00,43,00,12,00,00,00,00,
109157533,00000118,false,Rx,1,4,00,44,00,12,00,00,00,00,
109167849,00000118,false,Rx,1,4,00,45,00,12,00,00,00,00,
109177513,00000118,false,Rx,1,4,00,46,00,12,00,00,00,00,
109187848,00000118,false,Rx,1,4,00,47,00,12,00,00,00,00,
109197589,00000118,false,Rx,1,4,00,48,00,12,00,00,00,00,
109207852,00000118,false,Rx,1,4,00,49,00,12,00,00,00,00,
109217471,00000118,false,Rx,1,4,00,4A,00,12,00,00,00,00,
109227842,00000118,false,Rx,1,4,00,4B,00,12,00,00,00,00,
109237460,00000118,false,Rx,1,4,00,4C,00,12,00,00,00,00,
109241969,0000070F,false,Rx,0,8,03,22,2B,F1,55,55,55,55,
109247848,00000118,false,Rx,1,4,00,4D,00,12,00,00,00,00,
109257600,00000118,false,Rx,1,4,00,4E,00,12,00,00,00,00,
109258702,00000779,false,Rx,1,8,05,62,2B,F1,F3,72,AA,AA,
109270246,00000118,false,Rx,1,4,00,4F,00,12,00,00,00,00,
109277524,00000118,false,Rx,1,4,00,40,00,12,00,00,00,00,
109287708,00000118,false,Rx,1,4,00,41,00,12,00,00,00,00,
109297555,00000118,false,Rx,1,4,00,42,00,12,00,00,00,00,
109307589,00000118,false,Rx,1,4,00,43,00,12,00,00,00,00,
109317431,00000118,false,Rx,1,4,00,44,00,12,00,00,00,00,
109327574,00000118,false,Rx,1,4,00,45,00,12,00,00,00,00,
109337421,00000118,false,Rx,1,4,00,46,00,12,00,00,00,00,
109347545,00000118,false,Rx,1,4,00,47,00,12,00,00,00,00,
109357425,00000118,false,Rx,1,4,00,48,00,12,00,00,00,00,
109367533,00000118,false,Rx,1,4,00,49,00,12,00,00,00,00,
109377418,00000118,false,Rx,1,4,00,4A,00,12,00,00,00,00,
109387530,00000118,false,Rx,1,4,00,4B,00,12,00,00,00,00,
109397496,00000118,false,Rx,1,4,00,4C,00,12,00,00,00,00,
109407528,00000118,false,Rx,1,4,00,4D,00,12,00,00,00,00,
109417375,00000118,false,Rx,1,4,00,4E,00,12,00,00,00,00,
109427520,00000118,false,Rx,1,4,00,4F,00,12,00,00,00,00,
109437363,00000118,false,Rx,1,4,00,40,00,12,00,00,00,00,
109447491,00000118,false,Rx,1,4,00,41,00,12,00,00,00,00,
109457370,00000118,false,Rx,1,4,00,42,00,12,00,00,00,00,
109467478,00000118,false,Rx,1,4,00,43,00,12,00,00,00,00,
109477357,00000118,false,Rx,1,4,00,44,00,12,00,00,00,00,
109487465,00000118,false,Rx,1,4,00,45,00,12,00,00,00,00,
109487761,17F0000F,true,Rx,1,8,00,0F,00,00,00,00,00,00,
109497445,00000118,false,Rx,1,4,00,46,00,12,00,00,00,00,
109507874,00000118,false,Rx,1,4,00,47,00,12,00,00,00,00,
109517715,00000118,false,Rx,1,4,00,48,00,12,00,00,00,00,
109527861,00000118,false,Rx,1,4,00,49,00,12,00,00,00,00,
109537707,00000118,false,Rx,1,4,00,4A,00,12,00,00,00,00,
109547831,00000118,false,Rx,1,4,00,4B,00,12,00,00,00,00,
109557711,00000118,false,Rx,1,4,00,4C,00,12,00,00,00,00,
109567820,00000118,false,Rx,1,4,00,4D,00,12,00,00,00,00,
109568242,0000070F,false,Rx,0,8,03,22,2B,E4,55,55,55,55,
109577725,00000118,false,Rx,1,4,00,4E,00,12,00,00,00,00,
109587828,00000118,false,Rx,1,4,00,4F,00,12,00,00,00,00,
109590021,00000779,false,Rx,1,8,05,62,2B,E4,9D,64,AA,AA,
109597788,00000118,false,Rx,1,4,00,40,00,12,00,00,00,00,
109607816,00000118,false,Rx,1,4,00,41,00,12,00,00,00,00,
109617661,00000118,false,Rx,1,4,00,42,00,12,00,00,00,00,
109627809,00000118,false,Rx,1,4,00,43,00,12,00,00,00,00,
109637646,00000118,false,Rx,1,4,00,44,00,12,00,00,00,00,
109647774,00000118,false,Rx,1,4,00,45,00,12,00,00,00,00,
109657655,00000118,false,Rx,1,4,00,46,00,12,00,00,00,00,
109667762,00000118,false,Rx,1,4,00,47,00,12,00,00,00,00,
109677641,00000118,false,Rx,1,4,00,48,00,12,00,00,00,00,
109687765,00000118,false,Rx,1,4,00,49,00,12,00,00,00,00,
109697721,00000118,false,Rx,1,4,00,4A,00,12,00,00,00,00,
109707757,00000118,false,Rx,1,4,00,4B,00,12,00,00,00,00,
109717604,00000118,false,Rx,1,4,00,4C,00,12,00,00,00,00,
109727745,00000118,false,Rx,1,4,00,4D,00,12,00,00,00,00,
109737591,00000118,false,Rx,1,4,00,4E,00,12,00,00,00,00,
109747764,00000118,false,Rx,1,4,00,4F,00,12,00,00,00,00,
109757517,00000118,false,Rx,1,4,00,40,00,12,00,00,00,00,
109767948,00000118,false,Rx,1,4,00,41,00,12,00,00,00,00,
109777570,00000118,false,Rx,1,4,00,42,00,12,00,00,00,00,
109787806,00000118,false,Rx,1,4,00,43,00,12,00,00,00,00,
109797560,00000118,false,Rx,1,4,00,44,00,12,00,00,00,00,
109807807,00000118,false,Rx,1,4,00,45,00,12,00,00,00,00,
109817438,00000118,false,Rx,1,4,00,46,00,12,00,00,00,00,
109827796,00000118,false,Rx,1,4,00,47,00,12,00,00,00,00,
109837425,00000118,false,Rx,1,4,00,48,00,12,00,00,00,00,
109847768,00000118,false,Rx,1,4,00,49,00,12,00,00,00,00,
109857432,00000118,false,Rx,1,4,00,4A,00,12,00,00,00,00,
109867755,00000118,false,Rx,1,4,00,4B,00,12,00,00,00,00,
109877422,00000118,false,Rx,1,4,00,4C,00,12,00,00,00,00,
109886602,0000070F,false,Rx,0,8,03,22,02,8D,55,55,55,55,
109887813,00000118,false,Rx,1,4,00,4D,00,12,00,00,00,00,
109897523,00000118,false,Rx,1,4,00,4E,00,12,00,00,00,00,
109907752,00000118,false,Rx,1,4,00,4F,00,12,00,00,00,00,
109909961,00000779,false,Rx,1,8,05,62,02,8D,7B,00,AA,AA,
109917390,00000118,false,Rx,1,4,00,40,00,12,00,00,00,00,
109927741,00000118,false,Rx,1,4,00,41,00,12,00,00,00,00,
109937369,00000118,false,Rx,1,4,00,42,00,12,00,00,00,00,
109947694,00000118,false,Rx,1,4,00,43,00,12,00,00,00,00,
109957393,00000118,false,Rx,1,4,00,44,00,12,00,00,00,00,
109967680,00000118,false,Rx,1,4,00,45,00,12,00,00,00,00,
109977386,00000118,false,Rx,1,4,00,46,00,12,00,00,00,00,
109987669,00000118,false,Rx,1,4,00,47,00,12,00,00,00,00,
109987975,17F0000F,true,Rx,1,8,00,0F,00,00,00,00,00,00,
109997470,00000118,false,Rx,1,4,00,48,00,12,00,00,00,00,
110007674,00000118,false,Rx,1,4,00,49,00,12,00,00,00,00,
110017341,00000118,false,Rx,1,4,00,4A,00,12,00,00,00,00,
110027664,00000118,false,Rx,1,4,00,4B,00,12,00,00,00,00,
110037331,00000118,false,Rx,1,4,00,4C,00,12,00,00,00,00,
110047633,00000118,false,Rx,1,4,00,4D,00,12,00,00,00,00,
110057336,00000118,false,Rx,1,4,00,4E,00,12,00,00,00,00,
110067625,00000118,false,Rx,1,4,00,4F,00,12,00,00,00,00,
110077326,00000118,false,Rx,1,4,00,40,00,12,00,00,00,00,
110087672,00000118,false,Rx,1,4,00,41,00,12,00,00,00,00,
110097413,00000118,false,Rx,1,4,00,42,00,12,00,00,00,00,
110107621,00000118,false,Rx,1,4,00,43,00,12,00,00,00,00,
110117283,00000118,false,Rx,1,4,00,44,00,12,00,00,00,00,
110127605,00000118,false,Rx,1,4,00,45,00,12,00,00,00,00,
110137272,00000118,false,Rx,1,4,00,46,00,12,00,00,00,00,
110147579,00000118,false,Rx,1,4,00,47,00,12,00,00,00,00,
110157278,00000118,false,Rx,1,4,00,48,00,12,00,00,00,00,
110167581,00000118,false,Rx,1,4,00,49,00,12,00,00,00,00,
110177268,00000118,false,Rx,1,4,00,4A,00,12,00,00,00,00,
110187575,00000118,false,Rx,1,4,00,4B,00,12,00,00,00,00,
110197348,00000118,false,Rx,1,4,00,4C,00,12,00,00,00,00,
110202528,0000070F,false,Rx,0,8,03,22,2B,F1,55,55,55,55,
110207584,00000118,false,Rx,1,4,00,4D,00,12,00,00,00,00,
110217227,00000118,false,Rx,1,4,00,4E,00,12,00,00,00,00,
110218482,00000779,false,Rx,1,8,05,62,2B,F1,F3,72,AA,AA,
110227583,00000118,false,Rx,1,4,00,4F,00,12,00,00,00,00,
110237216,00000118,false,Rx,1,4,00,40,00,12,00,00,00,00,
110247595,00000118,false,Rx,1,4,00,41,00,12,00,00,00,00,
110257246,00000118,false,Rx,1,4,00,42,00,12,00,00,00,00,
110267466,00000118,false,Rx,1,4,00,43,00,12,00,00,00,00,
110277425,00000118,false,Rx,1,4,00,44,00,12,00,00,00,00,
110287626,00000118,false,Rx,1,4,00,45,00,12,00,00,00,00,
110297368,00000118,false,Rx,1,4,00,46,00,12,00,00,00,00,
110307621,00000118,false,Rx,1,4,00,47,00,12,00,00,00,00,
110317362,00000118,false,Rx,1,4,00,48,00,12,00,00,00,00,
110327610,00000118,false,Rx,1,4,00,49,00,12,00,00,00,00,
110337365,00000118,false,Rx,1,4,00,4A,00,12,00,00,00,00,
110347606,00000118,false,Rx,1,4,00,4B,00,12,00,00,00,00,
110357363,00000118,false,Rx,1,4,00,4C,00,12,00,00,00,00,
110367365,00000118,false,Rx,1,4,00,4D,00,12,00,00,00,00,
110377376,00000118,false,Rx,1,4,00,4E,00,12,00,00,00,00,
110387355,00000118,false,Rx,1,4,00,4F,00,12,00,00,00,00,
110397371,00000118,false,Rx,1,4,00,40,00,12,00,00,00,00,
110407364,00000118,false,Rx,1,4,00,41,00,12,00,00,00,00,
110417365,00000118,false,Rx,1,4,00,42,00,12,00,00,00,00,
110427368,00000118,false,Rx,1,4,00,43,00,12,00,00,00,00,
110437362,00000118,false,Rx,1,4,00,44,00,12,00,00,00,00,
110447368,00000118,false,Rx,1,4,00,45,00,12,00,00,00,00,
110457367,00000118,false,Rx,1,4,00,46,00,12,00,00,00,00,
110467361,00000118,false,Rx,1,4,00,47,00,12,00,00,00,00,
110477358,00000118,false,Rx,1,4,00,48,00,12,00,00,00,00,
110487364,00000118,false,Rx,1,4,00,49,00,12,00,00,00,00,
110487902,17F0000F,true,Rx,1,8,00,0F,00,00,00,00,00,00,
110497364,00000118,false,Rx,1,4,00,4A,00,12,00,00,00,00,
110507858,00000118,false,Rx,1,4,00,4B,00,12,00,00,00,00,
110517610,00000118,false,Rx,1,4,00,4C,00,12,00,00,00,00,
110518215,0000070F,false,Rx,0,8,03,22,2B,E4,55,55,55,55,
110527864,00000118,false,Rx,1,4,00,4D,00,12,00,00,00,00,
110537617,00000118,false,Rx,1,4,00,4E,00,12,00,00,00,00,
110538773,00000779,false,Rx,1,8,05,62,2B,E4,01,65,AA,AA,
110547846,00000118,false,Rx,1,4,00,4F,00,12,00,00,00,00,
110557611,00000118,false,Rx,1,4,00,40,00,12,00,00,00,00,
110567865,00000118,false,Rx,1,4,00,41,00,12,00,00,00,00,
110577609,00000118,false,Rx,1,4,00,42,00,12,00,00,00,00,
110587864,00000118,false,Rx,1,4,00,43,00,12,00,00,00,00,
110597625,00000118,false,Rx,1,4,00,44,00,12,00,00,00,00,
110607872,00000118,false,Rx,1,4,00,45,00,12,00,00,00,00,
110617623,00000118,false,Rx,1,4,00,46,00,12,00,00,00,00,
110627850,00000118,false,Rx,1,4,00,47,00,12,00,00,00,00,
110637609,00000118,false,Rx,1,4,00,48,00,12,00,00,00,00,
110647610,00000118,false,Rx,1,4,00,49,00,12,00,00,00,00,
110657619,00000118,false,Rx,1,4,00,4A,00,12,00,00,00,00,
110667607,00000118,false,Rx,1,4,00,4B,00,12,00,00,00,00,
110677610,00000118,false,Rx,1,4,00,4C,00,12,00,00,00,00,
110687607,00000118,false,Rx,1,4,00,4D,00,12,00,00,00,00,
110697616,00000118,false,Rx,1,4,00,4E,00,12,00,00,00,00,
110707600,00000118,false,Rx,1,4,00,4F,00,12,00,00,00,00,
110717616,00000118,false,Rx,1,4,00,40,00,12,00,00,00,00,
110727614,00000118,false,Rx,1,4,00,41,00,12,00,00,00,00,
110737609,00000118,false,Rx,1,4,00,42,00,12,00,00,00,00,
110747732,00000118,false,Rx,1,4,00,43,00,12,00,00,00,00,
110763574,00000118,false,Rx,1,4,00,44,00,12,00,00,00,00,
110767964,00000118,false,Rx,1,4,00,45,00,12,00,00,00,00,
110777910,00000118,false,Rx,1,4,00,46,00,12,00,00,00,00,
110787940,00000118,false,Rx,1,4,00,47,00,12,00,00,00,00,
110797870,00000118,false,Rx,1,4,00,48,00,12,00,00,00,00,
110807945,00000118,false,Rx,1,4,00,49,00,12,00,00,00,00,
110817872,00000118,false,Rx,1,4,00,4A,00,12,00,00,00,00,
110827935,00000118,false,Rx,1,4,00,4B,00,12,00,00,00,00,
110837853,00000118,false,Rx,1,4,00,4C,00,12,00,00,00,00,
110839008,0000070F,false,Rx,0,8,03,22,02,8D,55,55,55,55,
110847909,00000118,false,Rx,1,4,00,4D,00,12,00,00,00,00,
110858168,00000118,false,Rx,1,4,00,4E,00,12,00,00,00,00,
110859424,00000779,false,Rx,1,8,05,62,02,8D,7B,00,AA,AA,
110868361,00000118,false,Rx,1,4,00,4F,00,12,00,00,00,00,
110878156,00000118,false,Rx,1,4,00,40,00,12,00,00,00,00,
110888365,00000118,false,Rx,1,4,00,41,00,12,00,00,00,00,
110898370,00000118,false,Rx,1,4,00,42,00,12,00,00,00,00,
110908364,00000118,false,Rx,1,4,00,43,00,12,00,00,00,00,
110918117,00000118,false,Rx,1,4,00,44,00,12,00,00,00,00,
110928362,00000118,false,Rx,1,4,00,45,00,12,00,00,00,00,
110938105,00000118,false,Rx,1,4,00,46,00,12,00,00,00,00,
110948362,00000118,false,Rx,1,4,00,47,00,12,00,00,00,00,
110958109,00000118,false,Rx,1,4,00,48,00,12,00,00,00,00,
110968360,00000118,false,Rx,1,4,00,49,00,12,00,00,00,00,
110978103,00000118,false,Rx,1,4,00,4A,00,12,00,00,00,00,
110988363,00000118,false,Rx,1,4,00,4B,00,12,00,00,00,00,
110988900,17F0000F,true,Rx,1,8,00,0F,00,00,00,00,00,00,
110998370,00000118,false,Rx,1,4,00,4C,00,12,00,00,00,00,
111008848,00000118,false,Rx,1,4,00,4D,00,12,00,00,00,00,
111018441,00000118,false,Rx,1,4,00,4E,00,12,00,00,00,00,
111028858,00000118,false,Rx,1,4,00,4F,00,12,00,00,00,00,
111038430,00000118,false,Rx,1,4,00,40,00,12,00,00,00,00,
111048612,00000118,false,Rx,1,4,00,41,00,12,00,00,00,00,
111058436,00000118,false,Rx,1,4,00,42,00,12,00,00,00,00,
111068604,00000118,false,Rx,1,4,00,43,00,12,00,00,00,00,
111078422,00000118,false,Rx,1,4,00,44,00,12,00,00,00,00,
111088623,00000118,false,Rx,1,4,00,45,00,12,00,00,00,00,
111098505,00000118,false,Rx,1,4,00,46,00,12,00,00,00,00,
111108600,00000118,false,Rx,1,4,00,47,00,12,00,00,00,00,
111118392,00000118,false,Rx,1,4,00,48,00,12,00,00,00,00,
111128607,00000118,false,Rx,1,4,00,49,00,12,00,00,00,00,
111138373,00000118,false,Rx,1,4,00,4A,00,12,00,00,00,00,
111148603,00000118,false,Rx,1,4,00,4B,00,12,00,00,00,00,
111153768,0000070F,false,Rx,0,8,03,22,2B,F1,55,55,55,55,
111158401,00000118,false,Rx,1,4,00,4C,00,12,00,00,00,00,
111168601,00000118,false,Rx,1,4,00,4D,00,12,00,00,00,00,
111170729,00000779,false,Rx,1,8,05,62,2B,F1,F3,72,AA,AA,
111178377,00000118,false,Rx,1,4,00,4E,00,12,00,00,00,00,
111188613,00000118,false,Rx,1,4,00,4F,00,12,00,00,00,00,
111198463,00000118,false,Rx,1,4,00,40,00,12,00,00,00,00,
111208609,00000118,false,Rx,1,4,00,41,00,12,00,00,00,00,
111218327,00000118,false,Rx,1,4,00,42,00,12,00,00,00,00,
111228611,00000118,false,Rx,1,4,00,43,00,12,00,00,00,00,
111238329,00000118,false,Rx,1,4,00,44,00,12,00,00,00,00,
111248617,00000118,false,Rx,1,4,00,45,00,12,00,00,00,00,
111258437,00000118,false,Rx,1,4,00,46,00,12,00,00,00,00,
111268389,00000118,false,Rx,1,4,00,47,00,12,00,00,00,00,
111278560,00000118,false,Rx,1,4,00,48,00,12,00,00,00,00,
111288632,00000118,false,Rx,1,4,00,49,00,12,00,00,00,00,
111298630,00000118,false,Rx,1,4,00,4A,00,12,00,00,00,00,
111308627,00000118,false,Rx,1,4,00,4B,00,12,00,00,00,00,
111318378,00000118,false,Rx,1,4,00,4C,00,12,00,00,00,00,
111328637,00000118,false,Rx,1,4,00,4D,00,12,00,00,00,00,
111338377,00000118,false,Rx,1,4,00,4E,00,12,00,00,00,00,
111348638,00000118,false,Rx,1,4,00,4F,00,12,00,00,00,00,
111358377,00000118,false,Rx,1,4,00,40,00,12,00,00,00,00,
111368629,00000118,false,Rx,1,4,00,41,00,12,00,00,00,00,
111378380,00000118,false,Rx,1,4,00,42,00,12,00,00,00,00,
111388379,00000118,false,Rx,1,4,00,43,00,12,00,00,00,00,
111398376,00000118,false,Rx,1,4,00,44,00,12,00,00,00,00,
111408628,00000118,false,Rx,1,4,00,45,00,12,00,00,00,00,
111418377,00000118,false,Rx,1,4,00,46,00,12,00,00,00,00,
111428380,00000118,false,Rx,1,4,00,47,00,12,00,00,00,00,
111438375,00000118,false,Rx,1,4,00,48,00,12,00,00,00,00,
111448376,00000118,false,Rx,1,4,00,49,00,12,00,00,00,00,
111458378,00000118,false,Rx,1,4,00,4A,00,12,00,00,00,00,
111468375,00000118,false,Rx,1,4,00,4B,00,12,00,00,00,00,
111468799,0000070F,false,Rx,0,8,03,22,2B,E4,55,55,55,55,
111478384,00000118,false,Rx,1,4,00,4C,00,12,00,00,00,00,
111488382,00000118,false,Rx,1,4,00,4D,00,12,00,00,00,00,
111488958,17F0000F,true,Rx,1,8,00,0F,00,00,00,00,00,00,
111490621,00000779,false,Rx,1,8,05,62,2B,E4,01,65,AA,AA,
111498378,00000118,false,Rx,1,4,00,4E,00,12,00,00,00,00,
111508379,00000118,false,Rx,1,4,00,4F,00,12,00,00,00,00,
111518377,00000118,false,Rx,1,4,00,40,00,12,00,00,00,00,
111528498,00000118,false,Rx,1,4,00,41,00,12,00,00,00,00,
111538375,00000118,false,Rx,1,4,00,42,00,12,00,00,00,00,
111548371,00000118,false,Rx,1,4,00,43,00,12,00,00,00,00,
111558368,00000118,false,Rx,1,4,00,44,00,12,00,00,00,00,
111568367,00000118,false,Rx,1,4,00,45,00,12,00,00,00,00,
111578370,00000118,false,Rx,1,4,00,46,00,12,00,00,00,00,
111588397,00000118,false,Rx,1,4,00,47,00,12,00,00,00,00,
111598375,00000118,false,Rx,1,4,00,48,00,12,00,00,00,00,
111608376,00000118,false,Rx,1,4,00,49,00,12,00,00,00,00,
111618115,00000118,false,Rx,1,4,00,4A,00,12,00,00,00,00,
111628377,00000118,false,Rx,1,4,00,4B,00,12,00,00,00,00,
111638111,00000118,false,Rx,1,4,00,4C,00,12,00,00,00,00,
111648369,00000118,false,Rx,1,4,00,4D,00,12,00,00,00,00,
111658110,00000118,false,Rx,1,4,00,4E,00,12,00,00,00,00,
111668370,00000118,false,Rx,1,4,00,4F,00,12,00,00,00,00,
111678098,00000118,false,Rx,1,4,00,40,00,12,00,00,00,00,
111688371,00000118,false,Rx,1,4,00,41,00,12,00,00,00,00,
111698370,00000118,false,Rx,1,4,00,42,00,12,00,00,00,00,
111708370,00000118,false,Rx,1,4,00,43,00,12,00,00,00,00,
111718056,00000118,false,Rx,1,4,00,44,00,12,00,00,00,00,
111728368,00000118,false,Rx,1,4,00,45,00,12,00,00,00,00,
111738051,00000118,false,Rx,1,4,00,46,00,12,00,00,00,00,
111748423,00000118,false,Rx,1,4,00,47,00,12,00,00,00,00,
111762344,00000118,false,Rx,1,4,00,48,00,12,00,00,00,00,
111768353,00000118,false,Rx,1,4,00,49,00,12,00,00,00,00,
111777944,00000118,false,Rx,1,4,00,4A,00,12,00,00,00,00,
111788390,00000118,false,Rx,1,4,00,4B,00,12,00,00,00,00,
111798030,00000118,false,Rx,1,4,00,4C,00,12,00,00,00,00,
111798803,0000070F,false,Rx,0,8,03,22,02,8D,55,55,55,55,
111808266,00000118,false,Rx,1,4,00,4D,00,12,00,00,00,00,
111817910,00000118,false,Rx,1,4,00,4E,00,12,00,00,00,00,
111819166,00000779,false,Rx,1,8,05,62,02,8D,7B,00,AA,AA,
111828243,00000118,false,Rx,1,4,00,4F,00,12,00,00,00,00,
111837904,00000118,false,Rx,1,4,00,40,00,12,00,00,00,00,
111848240,00000118,false,Rx,1,4,00,41,00,12,00,00,00,00,
111857870,00000118,false,Rx,1,4,00,42,00,12,00,00,00,00,
111868230,00000118,false,Rx,1,4,00,43,00,12,00,00,00,00,
111877857,00000118,false,Rx,1,4,00,44,00,12,00,00,00,00,
111888378,00000118,false,Rx,1,4,00,45,00,12,00,00,00,00,
111897973,00000118,false,Rx,1,4,00,46,00,12,00,00,00,00,
111908187,00000118,false,Rx,1,4,00,47,00,12,00,00,00,00,
111917850,00000118,false,Rx,1,4,00,48,00,12,00,00,00,00,
111928175,00000118,false,Rx,1,4,00,49,00,12,00,00,00,00,
111937825,00000118,false,Rx,1,4,00,4A,00,12,00,00,00,00,
111948184,00000118,false,Rx,1,4,00,4B,00,12,00,00,00,00,
111957813,00000118,false,Rx,1,4,00,4C,00,12,00,00,00,00,
111968169,00000118,false,Rx,1,4,00,4D,00,12,00,00,00,00,
111977804,00000118,false,Rx,1,4,00,4E,00,12,00,00,00,00,
111988381,00000118,false,Rx,1,4,00,4F,00,12,00,00,00,00,
111988963,17F0000F,true,Rx,1,8,00,0F,00,00,00,00,00,00,
111997945,00000118,false,Rx,1,4,00,40,00,12,00,00,00,00,
112008132,00000118,false,Rx,1,4,00,41,00,12,00,00,00,00,
112017796,00000118,false,Rx,1,4,00,42,00,12,00,00,00,00,
112028120,00000118,false,Rx,1,4,00,43,00,12,00,00,00,00,
112037765,00000118,false,Rx,1,4,00,44,00,12,00,00,00,00,
112048127,00000118,false,Rx,1,4,00,45,00,12,00,00,00,00,
112057755,00000118,false,Rx,1,4,00,46,00,12,00,00,00,00,
112068112,00000118,false,Rx,1,4,00,47,00,12,00,00,00,00,
112077742,00000118,false,Rx,1,4,00,48,00,12,00,00,00,00,
112088087,00000118,false,Rx,1,4,00,49,00,12,00,00,00,00,
112097870,00000118,false,Rx,1,4,00,4A,00,12,00,00,00,00,
112108071,00000118,false,Rx,1,4,00,4B,00,12,00,00,00,00,
112117739,00000118,false,Rx,1,4,00,4C,00,12,00,00,00,00,
112122254,0000070F,false,Rx,0,8,03,22,2B,F1,55,55,55,55,
112128083,00000118,false,Rx,1,4,00,4D,00,12,00,00,00,00,
112137709,00000118,false,Rx,1,4,00,4E,00,12,00,00,00,00,
112138964,00000779,false,Rx,1,8,05,62,2B,F1,F3,72,AA,AA,
112148083,00000118,false,Rx,1,4,00,4F,00,12,00,00,00,00,
112157698,00000118,false,Rx,1,4,00,40,00,12,00,00,00,00,
112168058,00000118,false,Rx,1,4,00,41,00,12,00,00,00,00,
112177685,00000118,false,Rx,1,4,00,42,00,12,00,00,00,00,
112188028,00000118,false,Rx,1,4,00,43,00,12,00,00,00,00,
112197799,00000118,false,Rx,1,4,00,44,00,12,00,00,00,00,
112208014,00000118,false,Rx,1,4,00,45,00,12,00,00,00,00,
112217680,00000118,false,Rx,1,4,00,46,00,12,00,00,00,00,
112228003,00000118,false,Rx,1,4,00,47,00,12,00,00,00,00,
112237650,00000118,false,Rx,1,4,00,48,00,12,00,00,00,00,
112248053,00000118,false,Rx,1,4,00,49,00,12,00,00,00,00,
112257663,00000118,false,Rx,1,4,00,4A,00,12,00,00,00,00,
112267971,00000118,false,Rx,1,4,00,4B,00,12,00,00,00,00,
112277778,00000118,false,Rx,1,4,00,4C,00,12,00,00,00,00,
112288091,00000118,false,Rx,1,4,00,4D,00,12,00,00,00,00,
112297796,00000118,false,Rx,1,4,00,4E,00,12,00,00,00,00,
112308091,00000118,false,Rx,1,4,00,4F,00,12,00,00,00,00,
112317695,00000118,false,Rx,1,4,00,40,00,12,00,00,00,00,
112328093,00000118,false,Rx,1,4,00,41,00,12,00,00,00,00,
112337666,00000118,false,Rx,1,4,00,42,00,12,00,00,00,00,
112348106,00000118,false,Rx,1,4,00,43,00,12,00,00,00,00,
112357655,00000118,false,Rx,1,4,00,44,00,12,00,00,00,00,
112367851,00000118,false,Rx,1,4,00,45,00,12,00,00,00,00,
112377661,00000118,false,Rx,1,4,00,46,00,12,00,00,00,00,
112387847,00000118,false,Rx,1,4,00,47,00,12,00,00,00,00,
112397755,00000118,false,Rx,1,4,00,48,00,12,00,00,00,00,
112407843,00000118,false,Rx,1,4,00,49,00,12,00,00,00,00,
112417638,00000118,false,Rx,1,4,00,4A,00,12,00,00,00,00,
112427855,00000118,false,Rx,1,4,00,4B,00,12,00,00,00,00,
112434534,0000070F,false,Rx,0,8,03,22,2B,E4,55,55,55,55,
112437631,00000118,false,Rx,1,4,00,4C,00,12,00,00,00,00,
112447843,00000118,false,Rx,1,4,00,4D,00,12,00,00,00,00,
112450038,00000779,false,Rx,1,8,05,62,2B,E4,01,65,AA,AA,
112457607,00000118,false,Rx,1,4,00,4E,00,12,00,00,00,00,
112467844,00000118,false,Rx,1,4,00,4F,00,12,00,00,00,00,
112477609,00000118,false,Rx,1,4,00,40,00,12,00,00,00,00,
112487890,00000118,false,Rx,1,4,00,41,00,12,00,00,00,00,
112488423,17F0000F,true,Rx,1,8,00,0F,00,00,00,00,00,00,
112497728,00000118,false,Rx,1,4,00,42,00,12,00,00,00,00,
112508339,00000118,false,Rx,1,4,00,43,00,12,00,00,00,00,
112517960,00000118,false,Rx,1,4,00,44,00,12,00,00,00,00,
112528335,00000118,false,Rx,1,4,00,45,00,12,00,00,00,00,
112537951,00000118,false,Rx,1,4,00,46,00,12,00,00,00,00,
112548343,00000118,false,Rx,1,4,00,47,00,12,00,00,00,00,
112557943,00000118,false,Rx,1,4,00,48,00,12,00,00,00,00,
112568336,00000118,false,Rx,1,4,00,49,00,12,00,00,00,00,
112577946,00000118,false,Rx,1,4,00,4A,00,12,00,00,00,00,
112588338,00000118,false,Rx,1,4,00,4B,00,12,00,00,00,00,
112598034,00000118,false,Rx,1,4,00,4C,00,12,00,00,00,00,
112608332,00000118,false,Rx,1,4,00,4D,00,12,00,00,00,00,
112617905,00000118,false,Rx,1,4,00,4E,00,12,00,00,00,00,
112628338,00000118,false,Rx,1,4,00,4F,00,12,00,00,00,00,
112637875,00000118,false,Rx,1,4,00,40,00,12,00,00,00,00,
112648340,00000118,false,Rx,1,4,00,41,00,12,00,00,00,00,
112657866,00000118,false,Rx,1,4,00,42,00,12,00,00,00,00,
112668342,00000118,false,Rx,1,4,00,43,00,12,00,00,00,00,
112677867,00000118,false,Rx,1,4,00,44,00,12,00,00,00,00,
112688098,00000118,false,Rx,1,4,00,45,00,12,00,00,00,00,
112697965,00000118,false,Rx,1,4,00,46,00,12,00,00,00,00,
112708083,00000118,false,Rx,1,4,00,47,00,12,00,00,00,00,
112717845,00000118,false,Rx,1,4,00,48,00,12,00,00,00,00,
112728088,00000118,false,Rx,1,4,00,49,00,12,00,00,00,00,
112737817,00000118,false,Rx,1,4,00,4A,00,12,00,00,00,00,
112748377,00000118,false,Rx,1,4,00,4B,00,12,00,00,00,00,
112751396,0000070F,false,Rx,0,8,03,22,02,8D,55,55,55,55,
112763379,00000118,false,Rx,1,4,00,4C,00,12,00,00,00,00,
112768120,00000118,false,Rx,1,4,00,4D,00,12,00,00,00,00,
112770283,00000779,false,Rx,1,8,05,62,02,8D,7B,00,AA,AA,
112777834,00000118,false,Rx,1,4,00,4E,00,12,00,00,00,00,
112788094,00000118,false,Rx,1,4,00,4F,00,12,00,00,00,00,
112797908,00000118,false,Rx,1,4,00,40,00,12,00,00,00,00,
112808091,00000118,false,Rx,1,4,00,41,00,12,00,00,00,00,
112817791,00000118,false,Rx,1,4,00,42,00,12,00,00,00,00,
112828093,00000118,false,Rx,1,4,00,43,00,12,00,00,00,00,
112837758,00000118,false,Rx,1,4,00,44,00,12,00,00,00,00,
112848087,00000118,false,Rx,1,4,00,45,00,12,00,00,00,00,
112857748,00000118,false,Rx,1,4,00,46,00,12,00,00,00,00,
112868101,00000118,false,Rx,1,4,00,47,00,12,00,00,00,00,
112877774,00000118,false,Rx,1,4,00,48,00,12,00,00,00,00,
112888091,00000118,false,Rx,1,4,00,49,00,12,00,00,00,00,
112897870,00000118,false,Rx,1,4,00,4A,00,12,00,00,00,00,
112908088,00000118,false,Rx,1,4,00,4B,00,12,00,00,00,00,
112917752,00000118,false,Rx,1,4,00,4C,00,12,00,00,00,00,
112928086,00000118,false,Rx,1,4,00,4D,00,12,00,00,00,00,
112937722,00000118,false,Rx,1,4,00,4E,00,12,00,00,00,00,
112948098,00000118,false,Rx,1,4,00,4F,00,12,00,00,00,00,
112957710,00000118,false,Rx,1,4,00,40,00,12,00,00,00,00,
112968097,00000118,false,Rx,1,4,00,41,00,12,00,00,00,00,
112977718,00000118,false,Rx,1,4,00,42,00,12,00,00,00,00,
112988097,00000118,false,Rx,1,4,00,43,00,12,00,00,00,00,
112988637,17F0000F,true,Rx,1,8,00,0F,00,00,00,00,00,00,
112997817,00000118,false,Rx,1,4,00,44,00,12,00,00,00,00,
113008088,00000118,false,Rx,1,4,00,45,00,12,00,00,00,00,
113017694,00000118,false,Rx,1,4,00,46,00,12,00,00,00,00,
113028084,00000118,false,Rx,1,4,00,47,00,12,00,00,00,00,
113037664,00000118,false,Rx,1,4,00,48,00,12,00,00,00,00,
113048088,00000118,false,Rx,1,4,00,49,00,12,00,00,00,00,
113057653,00000118,false,Rx,1,4,00,4A,00,12,00,00,00,00,
113067856,00000118,false,Rx,1,4,00,4B,00,12,00,00,00,00,
113069872,0000070F,false,Rx,0,8,03,22,2B,F1,55,55,55,55,
113077682,00000118,false,Rx,1,4,00,4C,00,12,00,00,00,00,
113087844,00000118,false,Rx,1,4,00,4D,00,12,00,00,00,00,
113090278,00000779,false,Rx,1,8,05,62,2B,F1,F3,72,AA,AA,
113097772,00000118,false,Rx,1,4,00,4E,00,12,00,00,00,00,
113107844,00000118,false,Rx,1,4,00,4F,00,12,00,00,00,00,
113117636,00000118,false,Rx,1,4,00,40,00,12,00,00,00,00,
113127850,00000118,false,Rx,1,4,00,41,00,12,00,00,00,00,
113137608,00000118,false,Rx,1,4,00,42,00,12,00,00,00,00,
113147855,00000118,false,Rx,1,4,00,43,00,12,00,00,00,00,
113157594,00000118,false,Rx,1,4,00,44,00,12,00,00,00,00,
113167855,00000118,false,Rx,1,4,00,45,00,12,00,00,00,00,
113177603,00000118,false,Rx,1,4,00,46,00,12,00,00,00,00,
113187853,00000118,false,Rx,1,4,00,47,00,12,00,00,00,00,
113197697,00000118,false,Rx,1,4,00,48,00,12,00,00,00,00,
113207854,00000118,false,Rx,1,4,00,49,00,12,00,00,00,00,
113217563,00000118,false,Rx,1,4,00,4A,00,12,00,00,00,00,
113227847,00000118,false,Rx,1,4,00,4B,00,12,00,00,00,00,
113237550,00000118,false,Rx,1,4,00,4C,00,12,00,00,00,00,
113247854,00000118,false,Rx,1,4,00,4D,00,12,00,00,00,00,
113257630,00000118,false,Rx,1,4,00,4E,00,12,00,00,00,00,
113267590,00000118,false,Rx,1,4,00,4F,00,12,00,00,00,00,
113277691,00000118,false,Rx,1,4,00,40,00,12,00,00,00,00,
113287877,00000118,false,Rx,1,4,00,41,00,12,00,00,00,00,
113297874,00000118,false,Rx,1,4,00,42,00,12,00,00,00,00,
113307876,00000118,false,Rx,1,4,00,43,00,12,00,00,00,00,
113317627,00000118,false,Rx,1,4,00,44,00,12,00,00,00,00,
113327874,00000118,false,Rx,1,4,00,45,00,12,00,00,00,00,
113337637,00000118,false,Rx,1,4,00,46,00,12,00,00,00,00,
113347877,00000118,false,Rx,1,4,00,47,00,12,00,00,00,00,
113357628,00000118,false,Rx,1,4,00,48,00,12,00,00,00,00,
113367871,00000118,false,Rx,1,4,00,49,00,12,00,00,00,00,
113377655,00000118,false,Rx,1,4,00,4A,00,12,00,00,00,00,
113385553,0000070F,false,Rx,0,8,03,22,2B,E4,55,55,55,55,
113387874,00000118,false,Rx,1,4,00,4B,00,12,00,00,00,00,
113398119,00000118,false,Rx,1,4,00,4C,00,12,00,00,00,00,
113399275,00000779,false,Rx,1,8,05,62,2B,E4,01,65,AA,AA,
113408118,00000118,false,Rx,1,4,00,4D,00,12,00,00,00,00,
113417873,00000118,false,Rx,1,4,00,4E,00,12,00,00,00,00,
113428125,00000118,false,Rx,1,4,00,4F,00,12,00,00,00,00,
113437871,00000118,false,Rx,1,4,00,40,00,12,00,00,00,00,
113448119,00000118,false,Rx,1,4,00,41,00,12,00,00,00,00,
113457874,00000118,false,Rx,1,4,00,42,00,12,00,00,00,00,
113468128,00000118,false,Rx,1,4,00,43,00,12,00,00,00,00,
113477874,00000118,false,Rx,1,4,00,44,00,12,00,00,00,00,
113488121,00000118,false,Rx,1,4,00,45,00,12,00,00,00,00,
113488655,17F0000F,true,Rx,1,8,00,0F,00,00,00,00,00,00,
113498125,00000118,false,Rx,1,4,00,46,00,12,00,00,00,00,
113508129,00000118,false,Rx,1,4,00,47,00,12,00,00,00,00,
113517873,00000118,false,Rx,1,4,00,48,00,12,00,00,00,00,
113528117,00000118,false,Rx,1,4,00,49,00,12,00,00,00,00,
113537875,00000118,false,Rx,1,4,00,4A,00,12,00,00,00,00,
113548119,00000118,false,Rx,1,4,00,4B,00,12,00,00,00,00,
113557878,00000118,false,Rx,1,4,00,4C,00,12,00,00,00,00,
113568117,00000118,false,Rx,1,4,00,4D,00,12,00,00,00,00,
113577875,00000118,false,Rx,1,4,00,4E,00,12,00,00,00,00,
113588125,00000118,false,Rx,1,4,00,4F,00,12,00,00,00,00,
113598140,00000118,false,Rx,1,4,00,40,00,12,00,00,00,00,
113608120,00000118,false,Rx,1,4,00,41,00,12,00,00,00,00,
113617873,00000118,false,Rx,1,4,00,42,00,12,00,00,00,00,
113628130,00000118,false,Rx,1,4,00,43,00,12,00,00,00,00,
113637872,00000118,false,Rx,1,4,00,44,00,12,00,00,00,00,
113648116,00000118,false,Rx,1,4,00,45,00,12,00,00,00,00,
113657876,00000118,false,Rx,1,4,00,46,00,12,00,00,00,00,
113667877,00000118,false,Rx,1,4,00,47,00,12,00,00,00,00,
113677875,00000118,false,Rx,1,4,00,48,00,12,00,00,00,00,
113687877,00000118,false,Rx,1,4,00,49,00,12,00,00,00,00,
113695675,0000070F,false,Rx,0,8,03,22,02,8D,55,55,55,55,
113697875,00000118,false,Rx,1,4,00,4A,00,12,00,00,00,00,
113707874,00000118,false,Rx,1,4,00,4B,00,12,00,00,00,00,
113710146,00000779,false,Rx,1,8,05,62,02,8D,7B,00,AA,AA,
113717877,00000118,false,Rx,1,4,00,4C,00,12,00,00,00,00,
113727879,00000118,false,Rx,1,4,00,4D,00,12,00,00,00,00,
113737873,00000118,false,Rx,1,4,00,4E,00,12,00,00,00,00,
113747884,00000118,false,Rx,1,4,00,4F,00,12,00,00,00,00,
113757696,00000118,false,Rx,1,4,00,40,00,12,00,00,00,00,
113771745,00000118,false,Rx,1,4,00,41,00,12,00,00,00,00,
113777728,00000118,false,Rx,1,4,00,42,00,12,00,00,00,00,
113787830,00000118,false,Rx,1,4,00,43,00,12,00,00,00,00,
113797770,00000118,false,Rx,1,4,00,44,00,12,00,00,00,00,
113807807,00000118,false,Rx,1,4,00,45,00,12,00,00,00,00,
113817652,00000118,false,Rx,1,4,00,46,00,12,00,00,00,00,
113827796,00000118,false,Rx,1,4,00,47,00,12,00,00,00,00,
113837640,00000118,false,Rx,1,4,00,48,00,12,00,00,00,00,
113847766,00000118,false,Rx,1,4,00,49,00,12,00,00,00,00,
113857648,00000118,false,Rx,1,4,00,4A,00,12,00,00,00,00,
113867755,00000118,false,Rx,1,4,00,4B,00,12,00,00,00,00,
113877637,00000118,false,Rx,1,4,00,4C,00,12,00,00,00,00,
113887755,00000118,false,Rx,1,4,00,4D,00,12,00,00,00,00,
113897714,00000118,false,Rx,1,4,00,4E,00,12,00,00,00,00,
113907753,00000118,false,Rx,1,4,00,4F,00,12,00,00,00,00,
113917597,00000118,false,Rx,1,4,00,40,00,12,00,00,00,00,
113927740,00000118,false,Rx,1,4,00,41,00,12,00,00,00,00,
113937584,00000118,false,Rx,1,4,00,42,00,12,00,00,00,00,
113947710,00000118,false,Rx,1,4,00,43,00,12,00,00,00,00,
113957588,00000118,false,Rx,1,4,00,44,00,12,00,00,00,00,
113967699,00000118,false,Rx,1,4,00,45,00,12,00,00,00,00,
113977579,00000118,false,Rx,1,4,00,46,00,12,00,00,00,00,
113987699,00000118,false,Rx,1,4,00,47,00,12,00,00,00,00,
113988001,17F0000F,true,Rx,1,8,00,0F,00,00,00,00,00,00,
113997663,00000118,false,Rx,1,4,00,48,00,12,00,00,00,00,
114008093,00000118,false,Rx,1,4,00,49,00,12,00,00,00,00,
114017950,00000118,false,Rx,1,4,00,4A,00,12,00,00,00,00,
114020741,0000070F,false,Rx,0,8,03,22,2B,F1,55,55,55,55,
114028104,00000118,false,Rx,1,4,00,4B,00,12,00,00,00,00,
114037947,00000118,false,Rx,1,4,00,4C,00,12,00,00,00,00,
114039181,00000779,false,Rx,1,8,05,62,2B,F1,F3,72,AA,AA,
114048062,00000118,false,Rx,1,4,00,4D,00,12,00,00,00,00,
114057950,00000118,false,Rx,1,4,00,4E,00,12,00,00,00,00,
114068042,00000118,false,Rx,1,4,00,4F,00,12,00,00,00,00,
114077940,00000118,false,Rx,1,4,00,40,00,12,00,00,00,00,
114088036,00000118,false,Rx,1,4,00,41,00,12,00,00,00,00,
114098014,00000118,false,Rx,1,4,00,42,00,12,00,00,00,00,
114108039,00000118,false,Rx,1,4,00,43,00,12,00,00,00,00,
114117879,00000118,false,Rx,1,4,00,44,00,12,00,00,00,00,
114128025,00000118,false,Rx,1,4,00,45,00,12,00,00,00,00,
114137870,00000118,false,Rx,1,4,00,46,00,12,00,00,00,00,
114147994,00000118,false,Rx,1,4,00,47,00,12,00,00,00,00,
114157874,00000118,false,Rx,1,4,00,48,00,12,00,00,00,00,
114167983,00000118,false,Rx,1,4,00,49,00,12,00,00,00,00,
114177865,00000118,false,Rx,1,4,00,4A,00,12,00,00,00,00,
114187971,00000118,false,Rx,1,4,00,4B,00,12,00,00,00,00,
114197956,00000118,false,Rx,1,4,00,4C,00,12,00,00,00,00,
114207978,00000118,false,Rx,1,4,00,4D,00,12,00,00,00,00,
114217824,00000118,false,Rx,1,4,00,4E,00,12,00,00,00,00,
114227969,00000118,false,Rx,1,4,00,4F,00,12,00,00,00,00,
114237812,00000118,false,Rx,1,4,00,40,00,12,00,00,00,00,
114247995,00000118,false,Rx,1,4,00,41,00,12,00,00,00,00,
114263972,00000118,false,Rx,1,4,00,42,00,12,00,00,00,00,
114268140,00000118,false,Rx,1,4,00,43,00,12,00,00,00,00,
114277755,00000118,false,Rx,1,4,00,44,00,12,00,00,00,00,
114288128,00000118,false,Rx,1,4,00,45,00,12,00,00,00,00,
114297820,00000118,false,Rx,1,4,00,46,00,12,00,00,00,00,
114308011,00000118,false,Rx,1,4,00,47,00,12,00,00,00,00,
114317675,00000118,false,Rx,1,4,00,48,00,12,00,00,00,00,
114327998,00000118,false,Rx,1,4,00,49,00,12,00,00,00,00,
114337649,00000118,false,Rx,1,4,00,4A,00,12,00,00,00,00,
114345542,0000070F,false,Rx,0,8,03,22,2B,E4,55,55,55,55,
114348028,00000118,false,Rx,1,4,00,4B,00,12,00,00,00,00,
114357636,00000118,false,Rx,1,4,00,4C,00,12,00,00,00,00,
114358894,00000779,false,Rx,1,8,05,62,2B,E4,65,65,AA,AA,
114367986,00000118,false,Rx,1,4,00,4D,00,12,00,00,00,00,
114377643,00000118,false,Rx,1,4,00,4E,00,12,00,00,00,00,
114387967,00000118,false,Rx,1,4,00,4F,00,12,00,00,00,00,
114397742,00000118,false,Rx,1,4,00,40,00,12,00,00,00,00,
114407954,00000118,false,Rx,1,4,00,41,00,12,00,00,00,00,
114417619,00000118,false,Rx,1,4,00,42,00,12,00,00,00,00,
114427950,00000118,false,Rx,1,4,00,43,00,12,00,00,00,00,
114437588,00000118,false,Rx,1,4,00,44,00,12,00,00,00,00,
114447950,00000118,false,Rx,1,4,00,45,00,12,00,00,00,00,
114457580,00000118,false,Rx,1,4,00,46,00,12,00,00,00,00,
114467937,00000118,false,Rx,1,4,00,47,00,12,00,00,00,00,
114477587,00000118,false,Rx,1,4,00,48,00,12,00,00,00,00,
114487908,00000118,false,Rx,1,4,00,49,00,12,00,00,00,00,
114488204,17F0000F,true,Rx,1,8,00,0F,00,00,00,00,00,00,
114497758,00000118,false,Rx,1,4,00,4A,00,12,00,00,00,00,
114507898,00000118,false,Rx,1,4,00,4B,00,12,00,00,00,00,
114517562,00000118,false,Rx,1,4,00,4C,00,12,00,00,00,00,
114527884,00000118,false,Rx,1,4,00,4D,00,12,00,00,00,00,
114537532,00000118,false,Rx,1,4,00,4E,00,12,00,00,00,00,
114547892,00000118,false,Rx,1,4,00,4F,00,12,00,00,00,00,
114557522,00000118,false,Rx,1,4,00,40,00,12,00,00,00,00,
114567863,00000118,false,Rx,1,4,00,41,00,12,00,00,00,00,
114577527,00000118,false,Rx,1,4,00,42,00,12,00,00,00,00,
114587853,00000118,false,Rx,1,4,00,43,00,12,00,00,00,00,
114597629,00000118,false,Rx,1,4,00,44,00,12,00,00,00,00,
114607846,00000118,false,Rx,1,4,00,45,00,12,00,00,00,00,
114617504,00000118,false,Rx,1,4,00,46,00,12,00,00,00,00,
114627827,00000118,false,Rx,1,4,00,47,00,12,00,00,00,00,
114637474,00000118,false,Rx,1,4,00,48,00,12,00,00,00,00,
114647833,00000118,false,Rx,1,4,00,49,00,12,00,00,00,00,
114657465,00000118,false,Rx,1,4,00,4A,00,12,00,00,00,00,
114657887,0000070F,false,Rx,0,8,03,22,02,8D,55,55,55,55,
114667828,00000118,false,Rx,1,4,00,4B,00,12,00,00,00,00,
114677471,00000118,false,Rx,1,4,00,4C,00,12,00,00,00,00,
114678836,00000779,false,Rx,1,8,05,62,02,8D,7B,00,AA,AA,
114687803,00000118,false,Rx,1,4,00,4D,00,12,00,00,00,00,
114697567,00000118,false,Rx,1,4,00,4E,00,12,00,00,00,00,
114707787,00000118,false,Rx,1,4,00,4F,00,12,00,00,00,00,
114717447,00000118,false,Rx,1,4,00,40,00,12,00,00,00,00,
114727771,00000118,false,Rx,1,4,00,41,00,12,00,00,00,00,
114737418,00000118,false,Rx,1,4,00,42,00,12,00,00,00,00,
114747702,00000118,false,Rx,1,4,00,43,00,12,00,00,00,00,
114759940,00000118,false,Rx,1,4,00,44,00,12,00,00,00,00,
114767785,00000118,false,Rx,1,4,00,45,00,12,00,00,00,00,
114777400,00000118,false,Rx,1,4,00,46,00,12,00,00,00,00,
114787735,00000118,false,Rx,1,4,00,47,00,12,00,00,00,00,
114797508,00000118,false,Rx,1,4,00,48,00,12,00,00,00,00,
114807747,00000118,false,Rx,1,4,00,49,00,12,00,00,00,00,
114817390,00000118,false,Rx,1,4,00,4A,00,12,00,00,00,00,
114827712,00000118,false,Rx,1,4,00,4B,00,12,00,00,00,00,
114837360,00000118,false,Rx,1,4,00,4C,00,12,00,00,00,00,
114847718,00000118,false,Rx,1,4,00,4D,00,12,00,00,00,00,
114857411,00000118,false,Rx,1,4,00,4E,00,12,00,00,00,00,
114867709,00000118,false,Rx,1,4,00,4F,00,12,00,00,00,00,
114877337,00000118,false,Rx,1,4,00,40,00,12,00,00,00,00,
114887679,00000118,false,Rx,1,4,00,41,00,12,00,00,00,00,
114897452,00000118,false,Rx,1,4,00,42,00,12,00,00,00,00,
114907671,00000118,false,Rx,1,4,00,43,00,12,00,00,00,00,
114917332,00000118,false,Rx,1,4,00,44,00,12,00,00,00,00,
114927654,00000118,false,Rx,1,4,00,45,00,12,00,00,00,00,
114937304,00000118,false,Rx,1,4,00,46,00,12,00,00,00,00,
114947661,00000118,false,Rx,1,4,00,47,00,12,00,00,00,00,
114957291,00000118,false,Rx,1,4,00,48,00,12,00,00,00,00,
114967649,00000118,false,Rx,1,4,00,49,00,12,00,00,00,00,
114977283,00000118,false,Rx,1,4,00,4A,00,12,00,00,00,00,
114979597,0000070F,false,Rx,0,8,03,22,2B,F1,55,55,55,55,
114987642,00000118,false,Rx,1,4,00,4B,00,12,00,00,00,00,
114987971,17F0000F,true,Rx,1,8,00,0F,00,00,00,00,00,00,
114997402,00000118,false,Rx,1,4,00,4C,00,12,00,00,00,00,
114998656,00000779,false,Rx,1,8,05,62,2B,F1,F3,72,AA,AA,
115007618,00000118,false,Rx,1,4,00,4D,00,12,00,00,00,00,
115017279,00000118,false,Rx,1,4,00,4E,00,12,00,00,00,00,
115027600,00000118,false,Rx,1,4,00,4F,00,12,00,00,00,00,
115037246,00000118,false,Rx,1,4,00,40,00,12,00,00,00,00,
115047607,00000118,false,Rx,1,4,00,41,00,12,00,00,00,00,
115057235,00000118,false,Rx,1,4,00,42,00,12,00,00,00,00,
115067595,00000118,false,Rx,1,4,00,43,00,12,00,00,00,00,
115077222,00000118,false,Rx,1,4,00,44,00,12,00,00,00,00,
115087562,00000118,false,Rx,1,4,00,45,00,12,00,00,00,00,
115097347,00000118,false,Rx,1,4,00,46,00,12,00,00,00,00,
115107551,00000118,false,Rx,1,4,00,47,00,12,00,00,00,00,
115117223,00000118,false,Rx,1,4,00,48,00,12,00,00,00,00,
115127541,00000118,false,Rx,1,4,00,49,00,12,00,00,00,00,
115137189,00000118,false,Rx,1,4,00,4A,00,12,00,00,00,00,
115147545,00000118,false,Rx,1,4,00,4B,00,12,00,00,00,00,
115157178,00000118,false,Rx,1,4,00,4C,00,12,00,00,00,00,
115167535,00000118,false,Rx,1,4,00,4D,00,12,00,00,00,00,
115177167,00000118,false,Rx,1,4,00,4E,00,12,00,00,00,00,
115187507,00000118,false,Rx,1,4,00,4F,00,12,00,00,00,00,
115197280,00000118,false,Rx,1,4,00,40,00,12,00,00,00,00,
115207496,00000118,false,Rx,1,4,00,41,00,12,00,00,00,00,
115217164,00000118,false,Rx,1,4,00,42,00,12,00,00,00,00,
115227485,00000118,false,Rx,1,4,00,43,00,12,00,00,00,00,
115237130,00000118,false,Rx,1,4,00,44,00,12,00,00,00,00,
115247537,00000118,false,Rx,1,4,00,45,00,12,00,00,00,00,
115263666,00000118,false,Rx,1,4,00,46,00,12,00,00,00,00,
115267611,00000118,false,Rx,1,4,00,47,00,12,00,00,00,00,
115277195,00000118,false,Rx,1,4,00,48,00,12,00,00,00,00,
115287733,00000118,false,Rx,1,4,00,49,00,12,00,00,00,00,
115295654,0000070F,false,Rx,0,8,03,22,2B,E4,55,55,55,55,
115297298,00000118,false,Rx,1,4,00,4A,00,12,00,00,00,00,
115307588,00000118,false,Rx,1,4,00,4B,00,12,00,00,00,00,
115309612,00000779,false,Rx,1,8,05,62,2B,E4,65,65,AA,AA,
115317243,00000118,false,Rx,1,4,00,4C,00,12,00,00,00,00,
115327579,00000118,false,Rx,1,4,00,4D,00,12,00,00,00,00,
115337109,00000118,false,Rx,1,4,00,4E,00,12,00,00,00,00,
115347583,00000118,false,Rx,1,4,00,4F,00,12,00,00,00,00,
115357099,00000118,false,Rx,1,4,00,40,00,12,00,00,00,00,
115367578,00000118,false,Rx,1,4,00,41,00,12,00,00,00,00,
115377108,00000118,false,Rx,1,4,00,42,00,12,00,00,00,00,
115387581,00000118,false,Rx,1,4,00,43,00,12,00,00,00,00,
115397199,00000118,false,Rx,1,4,00,44,00,12,00,00,00,00,
115407582,00000118,false,Rx,1,4,00,45,00,12,00,00,00,00,
115417083,00000118,false,Rx,1,4,00,46,00,12,00,00,00,00,
115427340,00000118,false,Rx,1,4,00,47,00,12,00,00,00,00,
115437050,00000118,false,Rx,1,4,00,48,00,12,00,00,00,00,
115447577,00000118,false,Rx,1,4,00,49,00,12,00,00,00,00,
115457041,00000118,false,Rx,1,4,00,4A,00,12,00,00,00,00,
115467338,00000118,false,Rx,1,4,00,4B,00,12,00,00,00,00,
115477049,00000118,false,Rx,1,4,00,4C,00,12,00,00,00,00,
115487336,00000118,false,Rx,1,4,00,4D,00,12,00,00,00,00,
115487873,17F0000F,true,Rx,1,8,00,0F,00,00,00,00,00,00,
115497156,00000118,false,Rx,1,4,00,4E,00,12,00,00,00,00,
115507334,00000118,false,Rx,1,4,00,4F,00,12,00,00,00,00,
115517026,00000118,false,Rx,1,4,00,40,00,12,00,00,00,00,
115527339,00000118,false,Rx,1,4,00,41,00,12,00,00,00,00,
115536997,00000118,false,Rx,1,4,00,42,00,12,00,00,00,00,
115547340,00000118,false,Rx,1,4,00,43,00,12,00,00,00,00,
115556982,00000118,false,Rx,1,4,00,44,00,12,00,00,00,00,
115567344,00000118,false,Rx,1,4,00,45,00,12,00,00,00,00,
115576991,00000118,false,Rx,1,4,00,46,00,12,00,00,00,00,
115587342,00000118,false,Rx,1,4,00,47,00,12,00,00,00,00,
115597114,00000118,false,Rx,1,4,00,48,00,12,00,00,00,00,
115607340,00000118,false,Rx,1,4,00,49,00,12,00,00,00,00,
115613236,0000070F,false,Rx,0,8,03,22,02,8D,55,55,55,55,
115617007,00000118,false,Rx,1,4,00,4A,00,12,00,00,00,00,
115627335,00000118,false,Rx,1,4,00,4B,00,12,00,00,00,00,
115629411,00000779,false,Rx,1,8,05,62,02,8D,7B,00,AA,AA,
115636965,00000118,false,Rx,1,4,00,4C,00,12,00,00,00,00,
115647334,00000118,false,Rx,1,4,00,4D,00,12,00,00,00,00,
115656950,00000118,false,Rx,1,4,00,4E,00,12,00,00,00,00,
115667331,00000118,false,Rx,1,4,00,4F,00,12,00,00,00,00,
115676951,00000118,false,Rx,1,4,00,40,00,12,00,00,00,00,
115687330,00000118,false,Rx,1,4,00,41,00,12,00,00,00,00,
115697046,00000118,false,Rx,1,4,00,42,00,12,00,00,00,00,
115707331,00000118,false,Rx,1,4,00,43,00,12,00,00,00,00,
115716943,00000118,false,Rx,1,4,00,44,00,12,00,00,00,00,
115727333,00000118,false,Rx,1,4,00,45,00,12,00,00,00,00,
115736900,00000118,false,Rx,1,4,00,46,00,12,00,00,00,00,
115747392,00000118,false,Rx,1,4,00,47,00,12,00,00,00,00,
115762778,00000118,false,Rx,1,4,00,48,00,12,00,00,00,00,
115767145,00000118,false,Rx,1,4,00,49,00,12,00,00,00,00,
115776911,00000118,false,Rx,1,4,00,4A,00,12,00,00,00,00,
115787347,00000118,false,Rx,1,4,00,4B,00,12,00,00,00,00,
115796989,00000118,false,Rx,1,4,00,4C,00,12,00,00,00,00,
115807336,00000118,false,Rx,1,4,00,4D,00,12,00,00,00,00,
115816870,00000118,false,Rx,1,4,00,4E,00,12,00,00,00,00,
115827090,00000118,false,Rx,1,4,00,4F,00,12,00,00,00,00,
115836846,00000118,false,Rx,1,4,00,40,00,12,00,00,00,00,
115847334,00000118,false,Rx,1,4,00,41,00,12,00,00,00,00,
115856828,00000118,false,Rx,1,4,00,42,00,12,00,00,00,00,
115867100,00000118,false,Rx,1,4,00,43,00,12,00,00,00,00,
115876833,00000118,false,Rx,1,4,00,44,00,12,00,00,00,00,
115887092,00000118,false,Rx,1,4,00,45,00,12,00,00,00,00,
115896951,00000118,false,Rx,1,4,00,46,00,12,00,00,00,00,
115907093,00000118,false,Rx,1,4,00,47,00,12,00,00,00,00,
115916810,00000118,false,Rx,1,4,00,48,00,12,00,00,00,00,
115927087,00000118,false,Rx,1,4,00,49,00,12,00,00,00,00,
115931845,0000070F,false,Rx,0,8,03,22,2B,F1,55,55,55,55,
115936808,00000118,false,Rx,1,4,00,4A,00,12,00,00,00,00,
115947085,00000118,false,Rx,1,4,00,4B,00,12,00,00,00,00,
115949244,00000779,false,Rx,1,8,05,62,2B,F1,F3,72,AA,AA,
115956780,00000118,false,Rx,1,4,00,4C,00,12,00,00,00,00,
115967089,00000118,false,Rx,1,4,00,4D,00,12,00,00,00,00,
115976782,00000118,false,Rx,1,4,00,4E,00,12,00,00,00,00,
115987088,00000118,false,Rx,1,4,00,4F,00,12,00,00,00,00,
115987627,17F0000F,true,Rx,1,8,00,0F,00,00,00,00,00,00,
115996900,00000118,false,Rx,1,4,00,40,00,12,00,00,00,00,
116007089,00000118,false,Rx,1,4,00,41,00,12,00,00,00,00,
116016773,00000118,false,Rx,1,4,00,42,00,12,00,00,00,00,
116027086,00000118,false,Rx,1,4,00,43,00,12,00,00,00,00,
116036747,00000118,false,Rx,1,4,00,44,00,12,00,00,00,00,
116047087,00000118,false,Rx,1,4,00,45,00,12,00,00,00,00,
116056734,00000118,false,Rx,1,4,00,46,00,12,00,00,00,00,
116067092,00000118,false,Rx,1,4,00,47,00,12,00,00,00,00,
116076737,00000118,false,Rx,1,4,00,48,00,12,00,00,00,00,
116087088,00000118,false,Rx,1,4,00,49,00,12,00,00,00,00,
116096881,00000118,false,Rx,1,4,00,4A,00,12,00,00,00,00,
116107102,00000118,false,Rx,1,4,00,4B,00,12,00,00,00,00,
116116717,00000118,false,Rx,1,4,00,4C,00,12,00,00,00,00,
116127097,00000118,false,Rx,1,4,00,4D,00,12,00,00,00,00,
116136692,00000118,false,Rx,1,4,00,4E,00,12,00,00,00,00,
116147092,00000118,false,Rx,1,4,00,4F,00,12,00,00,00,00,
116156675,00000118,false,Rx,1,4,00,40,00,12,00,00,00,00,
116167088,00000118,false,Rx,1,4,00,41,00,12,00,00,00,00,
116176682,00000118,false,Rx,1,4,00,42,00,12,00,00,00,00,
116187091,00000118,false,Rx,1,4,00,43,00,12,00,00,00,00,
116196778,00000118,false,Rx,1,4,00,44,00,12,00,00,00,00,
116206854,00000118,false,Rx,1,4,00,45,00,12,00,00,00,00,
116216658,00000118,false,Rx,1,4,00,46,00,12,00,00,00,00,
116226854,00000118,false,Rx,1,4,00,47,00,12,00,00,00,00,
116236627,00000118,false,Rx,1,4,00,48,00,12,00,00,00,00,
116247746,00000118,false,Rx,1,4,00,49,00,12,00,00,00,00,
116248595,0000070F,false,Rx,0,8,03,22,2B,E4,55,55,55,55,
116256684,00000118,false,Rx,1,4,00,4A,00,12,00,00,00,00,
116267279,00000118,false,Rx,1,4,00,4B,00,12,00,00,00,00,
116269150,00000779,false,Rx,1,8,05,62,2B,E4,65,65,AA,AA,
116277096,00000118,false,Rx,1,4,00,4C,00,12,00,00,00,00,
116286891,00000118,false,Rx,1,4,00,4D,00,12,00,00,00,00,
116296858,00000118,false,Rx,1,4,00,4E,00,12,00,00,00,00,
116306855,00000118,false,Rx,1,4,00,4F,00,12,00,00,00,00,
116316609,00000118,false,Rx,1,4,00,40,00,12,00,00,00,00,
116326863,00000118,false,Rx,1,4,00,41,00,12,00,00,00,00,
116336600,00000118,false,Rx,1,4,00,42,00,12,00,00,00,00,
116346867,00000118,false,Rx,1,4,00,43,00,12,00,00,00,00,
116356612,00000118,false,Rx,1,4,00,44,00,12,00,00,00,00,
116366856,00000118,false,Rx,1,4,00,45,00,12,00,00,00,00,
116376705,00000118,false,Rx,1,4,00,46,00,12,00,00,00,00,
116386853,00000118,false,Rx,1,4,00,47,00,12,00,00,00,00,
116396867,00000118,false,Rx,1,4,00,48,00,12,00,00,00,00,
116406860,00000118,false,Rx,1,4,00,49,00,12,00,00,00,00,
116416603,00000118,false,Rx,1,4,00,4A,00,12,00,00,00,00,
116426859,00000118,false,Rx,1,4,00,4B,00,12,00,00,00,00,
116436608,00000118,false,Rx,1,4,00,4C,00,12,00,00,00,00,
116446863,00000118,false,Rx,1,4,00,4D,00,12,00,00,00,00,
116456608,00000118,false,Rx,1,4,00,4E,00,12,00,00,00,00,
116466854,00000118,false,Rx,1,4,00,4F,00,12,00,00,00,00,
116476611,00000118,false,Rx,1,4,00,40,00,12,00,00,00,00,
116486867,00000118,false,Rx,1,4,00,41,00,12,00,00,00,00,
116487161,17F0000F,true,Rx,1,8,00,0F,00,00,00,00,00,00,
116496847,00000118,false,Rx,1,4,00,42,00,12,00,00,00,00,
116506862,00000118,false,Rx,1,4,00,43,00,12,00,00,00,00,
116516613,00000118,false,Rx,1,4,00,44,00,12,00,00,00,00,
116526855,00000118,false,Rx,1,4,00,45,00,12,00,00,00,00,
116536616,00000118,false,Rx,1,4,00,46,00,12,00,00,00,00,
116546876,00000118,false,Rx,1,4,00,47,00,12,00,00,00,00,
116556633,00000118,false,Rx,1,4,00,48,00,12,00,00,00,00,
116566614,00000118,false,Rx,1,4,00,49,00,12,00,00,00,00,
116572980,0000070F,false,Rx,0,8,03,22,02,8D,55,55,55,55,
116576607,00000118,false,Rx,1,4,00,4A,00,12,00,00,00,00,
116586609,00000118,false,Rx,1,4,00,4B,00,12,00,00,00,00,
116588931,00000779,false,Rx,1,8,05,62,02,8D,7B,00,AA,AA,
116596611,00000118,false,Rx,1,4,00,4C,00,12,00,00,00,00,
116606627,00000118,false,Rx,1,4,00,4D,00,12,00,00,00,00,
116616608,00000118,false,Rx,1,4,00,4E,00,12,00,00,00,00,
116626609,00000118,false,Rx,1,4,00,4F,00,12,00,00,00,00,
116636610,00000118,false,Rx,1,4,00,40,00,12,00,00,00,00,
116646616,00000118,false,Rx,1,4,00,41,00,12,00,00,00,00,
116656615,00000118,false,Rx,1,4,00,42,00,12,00,00,00,00,
116666611,00000118,false,Rx,1,4,00,43,00,12,00,00,00,00,
116676611,00000118,false,Rx,1,4,00,44,00,12,00,00,00,00,
116686619,00000118,false,Rx,1,4,00,45,00,12,00,00,00,00,
116696617,00000118,false,Rx,1,4,00,46,00,12,00,00,00,00,
116706610,00000118,false,Rx,1,4,00,47,00,12,00,00,00,00,
116716618,00000118,false,Rx,1,4,00,48,00,12,00,00,00,00,
116726615,00000118,false,Rx,1,4,00,49,00,12,00,00,00,00,
116736362,00000118,false,Rx,1,4,00,4A,00,12,00,00,00,00,
116747660,00000118,false,Rx,1,4,00,4B,00,12,00,00,00,00,
116756545,00000118,false,Rx,1,4,00,4C,00,12,00,00,00,00,
116766558,00000118,false,Rx,1,4,00,4D,00,12,00,00,00,00,
116776427,00000118,false,Rx,1,4,00,4E,00,12,00,00,00,00,
116786610,00000118,false,Rx,1,4,00,4F,00,12,00,00,00,00,
116796609,00000118,false,Rx,1,4,00,40,00,12,00,00,00,00,
116806617,00000118,false,Rx,1,4,00,41,00,12,00,00,00,00,
116816355,00000118,false,Rx,1,4,00,42,00,12,00,00,00,00,
116826613,00000118,false,Rx,1,4,00,43,00,12,00,00,00,00,
116836360,00000118,false,Rx,1,4,00,44,00,12,00,00,00,00,
116846608,00000118,false,Rx,1,4,00,45,00,12,00,00,00,00,
116856379,00000118,false,Rx,1,4,00,46,00,12,00,00,00,00,
116866612,00000118,false,Rx,1,4,00,47,00,12,00,00,00,00,
116876367,00000118,false,Rx,1,4,00,48,00,12,00,00,00,00,
116886616,00000118,false,Rx,1,4,00,49,00,12,00,00,00,00,
116895123,0000070F,false,Rx,0,8,03,22,2B,F1,55,55,55,55,
116896612,00000118,false,Rx,1,4,00,4A,00,12,00,00,00,00,
116906603,00000118,false,Rx,1,4,00,4B,00,12,00,00,00,00,
116916857,00000118,false,Rx,1,4,00,4C,00,12,00,00,00,00,
116917950,00000779,false,Rx,1,8,05,62,2B,F1,F3,72,AA,AA,
116926858,00000118,false,Rx,1,4,00,4D,00,12,00,00,00,00,
116936852,00000118,false,Rx,1,4,00,4E,00,12,00,00,00,00,
116946854,00000118,false,Rx,1,4,00,4F,00,12,00,00,00,00,
116956860,00000118,false,Rx,1,4,00,40,00,12,00,00,00,00,
116966867,00000118,false,Rx,1,4,00,41,00,12,00,00,00,00,
116976845,00000118,false,Rx,1,4,00,42,00,12,00,00,00,00,
116986861,00000118,false,Rx,1,4,00,43,00,12,00,00,00,00,
116987158,17F0000F,true,Rx,1,8,00,0F,00,00,00,00,00,00,
116996862,00000118,false,Rx,1,4,00,44,00,12,00,00,00,00,
117006856,00000118,false,Rx,1,4,00,45,00,12,00,00,00,00,
117016614,00000118,false,Rx,1,4,00,46,00,12,00,00,00,00,
117026860,00000118,false,Rx,1,4,00,47,00,12,00,00,00,00,
117036619,00000118,false,Rx,1,4,00,48,00,12,00,00,00,00,
117046860,00000118,false,Rx,1,4,00,49,00,12,00,00,00,00,
117056603,00000118,false,Rx,1,4,00,4A,00,12,00,00,00,00,
117066862,00000118,false,Rx,1,4,00,4B,00,12,00,00,00,00,
117076608,00000118,false,Rx,1,4,00,4C,00,12,00,00,00,00,
117086859,00000118,false,Rx,1,4,00,4D,00,12,00,00,00,00,
117096852,00000118,false,Rx,1,4,00,4E,00,12,00,00,00,00,
117106869,00000118,false,Rx,1,4,00,4F,00,12,00,00,00,00,
117116610,00000118,false,Rx,1,4,00,40,00,12,00,00,00,00,
117126862,00000118,false,Rx,1,4,00,41,00,12,00,00,00,00,
117136601,00000118,false,Rx,1,4,00,42,00,12,00,00,00,00,
117146861,00000118,false,Rx,1,4,00,43,00,12,00,00,00,00,
117156617,00000118,false,Rx,1,4,00,44,00,12,00,00,00,00,
117166861,00000118,false,Rx,1,4,00,45,00,12,00,00,00,00,
117176614,00000118,false,Rx,1,4,00,46,00,12,00,00,00,00,
117186852,00000118,false,Rx,1,4,00,47,00,12,00,00,00,00,
117196867,00000118,false,Rx,1,4,00,48,00,12,00,00,00,00,
117206860,00000118,false,Rx,1,4,00,49,00,12,00,00,00,00,
117211312,0000070F,false,Rx,0,8,03,22,2B,E4,55,55,55,55,
117216609,00000118,false,Rx,1,4,00,4A,00,12,00,00,00,00,
117226857,00000118,false,Rx,1,4,00,4B,00,12,00,00,00,00,
117228907,00000779,false,Rx,1,8,05,62,2B,E4,65,65,AA,AA,
117236611,00000118,false,Rx,1,4,00,4C,00,12,00,00,00,00,
117246674,00000118,false,Rx,1,4,00,4D,00,12,00,00,00,00,
117256543,00000118,false,Rx,1,4,00,4E,00,12,00,00,00,00,
117266655,00000118,false,Rx,1,4,00,4F,00,12,00,00,00,00,
117276669,00000118,false,Rx,1,4,00,40,00,12,00,00,00,00,
117286864,00000118,false,Rx,1,4,00,41,00,12,00,00,00,00,
117296600,00000118,false,Rx,1,4,00,42,00,12,00,00,00,00,
117306611,00000118,false,Rx,1,4,00,43,00,12,00,00,00,00,
117316612,00000118,false,Rx,1,4,00,44,00,12,00,00,00,00,
117326612,00000118,false,Rx,1,4,00,45,00,12,00,00,00,00,
117336615,00000118,false,Rx,1,4,00,46,00,12,00,00,00,00,
117346609,00000118,false,Rx,1,4,00,47,00,12,00,00,00,00,
117356626,00000118,false,Rx,1,4,00,48,00,12,00,00,00,00,
117366627,00000118,false,Rx,1,4,00,49,00,12,00,00,00,00,
117376462,00000118,false,Rx,1,4,00,4A,00,12,00,00,00,00,
117386604,00000118,false,Rx,1,4,00,4B,00,12,00,00,00,00,
117396612,00000118,false,Rx,1,4,00,4C,00,12,00,00,00,00,
117406608,00000118,false,Rx,1,4,00,4D,00,12,00,00,00,00,
117416607,00000118,false,Rx,1,4,00,4E,00,12,00,00,00,00,
117426611,00000118,false,Rx,1,4,00,4F,00,12,00,00,00,00,
117436365,00000118,false,Rx,1,4,00,40,00,12,00,00,00,00,
117446617,00000118,false,Rx,1,4,00,41,00,12,00,00,00,00,
117456356,00000118,false,Rx,1,4,00,42,00,12,00,00,00,00,
117466612,00000118,false,Rx,1,4,00,43,00,12,00,00,00,00,
117476363,00000118,false,Rx,1,4,00,44,00,12,00,00,00,00,
117486618,00000118,false,Rx,1,4,00,45,00,12,00,00,00,00,
117487159,17F0000F,true,Rx,1,8,00,0F,00,00,00,00,00,00,
117496618,00000118,false,Rx,1,4,00,46,00,12,00,00,00,00,
117506610,00000118,false,Rx,1,4,00,47,00,12,00,00,00,00,
117516369,00000118,false,Rx,1,4,00,48,00,12,00,00,00,00,
117526615,00000118,false,Rx,1,4,00,49,00,12,00,00,00,00,
117528563,0000070F,false,Rx,0,8,03,22,02,8D,55,55,55,55,
117536360,00000118,false,Rx,1,4,00,4A,00,12,00,00,00,00,
117546604,00000118,false,Rx,1,4,00,4B,00,12,00,00,00,00,
117548905,00000779,false,Rx,1,8,05,62,02,8D,7B,00,AA,AA,
117556364,00000118,false,Rx,1,4,00,4C,00,12,00,00,00,00,
117566608,00000118,false,Rx,1,4,00,4D,00,12,00,00,00,00,
117576363,00000118,false,Rx,1,4,00,4E,00,12,00,00,00,00,
117586612,00000118,false,Rx,1,4,00,4F,00,12,00,00,00,00,
117596609,00000118,false,Rx,1,4,00,40,00,12,00,00,00,00,
117606635,00000118,false,Rx,1,4,00,41,00,12,00,00,00,00,
117616363,00000118,false,Rx,1,4,00,42,00,12,00,00,00,00,
117626618,00000118,false,Rx,1,4,00,43,00,12,00,00,00,00,
117636360,00000118,false,Rx,1,4,00,44,00,12,00,00,00,00,
117646608,00000118,false,Rx,1,4,00,45,00,12,00,00,00,00,
117656368,00000118,false,Rx,1,4,00,46,00,12,00,00,00,00,
117666610,00000118,false,Rx,1,4,00,47,00,12,00,00,00,00,
117676384,00000118,false,Rx,1,4,00,48,00,12,00,00,00,00,
117686368,00000118,false,Rx,1,4,00,49,00,12,00,00,00,00,
117696360,00000118,false,Rx,1,4,00,4A,00,12,00,00,00,00,
117706362,00000118,false,Rx,1,4,00,4B,00,12,00,00,00,00,
117716364,00000118,false,Rx,1,4,00,4C,00,12,00,00,00,00,
117726362,00000118,false,Rx,1,4,00,4D,00,12,00,00,00,00,
117736360,00000118,false,Rx,1,4,00,4E,00,12,00,00,00,00,
117746374,00000118,false,Rx,1,4,00,4F,00,12,00,00,00,00,
117756431,00000118,false,Rx,1,4,00,40,00,12,00,00,00,00,
117766462,00000118,false,Rx,1,4,00,41,00,12,00,00,00,00,
117776573,00000118,false,Rx,1,4,00,42,00,12,00,00,00,00,
117786371,00000118,false,Rx,1,4,00,43,00,12,00,00,00,00,
117796360,00000118,false,Rx,1,4,00,44,00,12,00,00,00,00,
117806361,00000118,false,Rx,1,4,00,45,00,12,00,00,00,00,
117816368,00000118,false,Rx,1,4,00,46,00,12,00,00,00,00,
117826360,00000118,false,Rx,1,4,00,47,00,12,00,00,00,00,
117836369,00000118,false,Rx,1,4,00,48,00,12,00,00,00,00,
117846366,00000118,false,Rx,1,4,00,49,00,12,00,00,00,00,
117852174,0000070F,false,Rx,0,8,03,22,2B,F1,55,55,55,55,
117856359,00000118,false,Rx,1,4,00,4A,00,12,00,00,00,00,
117866361,00000118,false,Rx,1,4,00,4B,00,12,00,00,00,00,
117868666,00000779,false,Rx,1,8,05,62,2B,F1,C1,72,AA,AA,
117876368,00000118,false,Rx,1,4,00,4C,00,12,00,00,00,00,
117886377,00000118,false,Rx,1,4,00,4D,00,12,00,00,00,00,
117896362,00000118,false,Rx,1,4,00,4E,00,12,00,00,00,00,
117906364,00000118,false,Rx,1,4,00,4F,00,12,00,00,00,00,
117916120,00000118,false,Rx,1,4,00,40,00,12,00,00,00,00,
117926368,00000118,false,Rx,1,4,00,41,00,12,00,00,00,00,
117936117,00000118,false,Rx,1,4,00,42,00,12,00,00,00,00,
117946361,00000118,false,Rx,1,4,00,43,00,12,00,00,00,00,
117956117,00000118,false,Rx,1,4,00,44,00,12,00,00,00,00,
117966363,00000118,false,Rx,1,4,00,45,00,12,00,00,00,00,
117976122,00000118,false,Rx,1,4,00,46,00,12,00,00,00,00,
117986375,00000118,false,Rx,1,4,00,47,00,12,00,00,00,00,
117986906,17F0000F,true,Rx,1,8,00,0F,00,00,00,00,00,00,
117996368,00000118,false,Rx,1,4,00,48,00,12,00,00,00,00,
118006375,00000118,false,Rx,1,4,00,49,00,12,00,00,00,00,
118016118,00000118,false,Rx,1,4,00,4A,00,12,00,00,00,00,
118026362,00000118,false,Rx,1,4,00,4B,00,12,00,00,00,00,
118036118,00000118,false,Rx,1,4,00,4C,00,12,00,00,00,00,
118046363,00000118,false,Rx,1,4,00,4D,00,12,00,00,00,00,
118056119,00000118,false,Rx,1,4,00,4E,00,12,00,00,00,00,
118066363,00000118,false,Rx,1,4,00,4F,00,12,00,00,00,00,
118076119,00000118,false,Rx,1,4,00,40,00,12,00,00,00,00,
118086380,00000118,false,Rx,1,4,00,41,00,12,00,00,00,00,
118096356,00000118,false,Rx,1,4,00,42,00,12,00,00,00,00,
118106140,00000118,false,Rx,1,4,00,43,00,12,00,00,00,00,
118116118,00000118,false,Rx,1,4,00,44,00,12,00,00,00,00,
118126362,00000118,false,Rx,1,4,00,45,00,12,00,00,00,00,
118136129,00000118,false,Rx,1,4,00,46,00,12,00,00,00,00,
118146119,00000118,false,Rx,1,4,00,47,00,12,00,00,00,00,
118156121,00000118,false,Rx,1,4,00,48,00,12,00,00,00,00,
118164940,0000070F,false,Rx,0,8,03,22,2B,E4,55,55,55,55,
118166111,00000118,false,Rx,1,4,00,49,00,12,00,00,00,00,
118176607,00000118,false,Rx,1,4,00,4A,00,12,00,00,00,00,
118177627,00000779,false,Rx,1,8,05,62,2B,E4,65,65,AA,AA,
118186622,00000118,false,Rx,1,4,00,4B,00,12,00,00,00,00,
118196615,00000118,false,Rx,1,4,00,4C,00,12,00,00,00,00,
118206608,00000118,false,Rx,1,4,00,4D,00,12,00,00,00,00,
118216361,00000118,false,Rx,1,4,00,4E,00,12,00,00,00,00,
118226610,00000118,false,Rx,1,4,00,4F,00,12,00,00,00,00,
118236366,00000118,false,Rx,1,4,00,40,00,12,00,00,00,00,
118247139,00000118,false,Rx,1,4,00,41,00,12,00,00,00,00,
118256418,00000118,false,Rx,1,4,00,42,00,12,00,00,00,00,
118269303,00000118,false,Rx,1,4,00,43,00,12,00,00,00,00,
118276339,00000118,false,Rx,1,4,00,44,00,12,00,00,00,00,
118286562,00000118,false,Rx,1,4,00,45,00,12,00,00,00,00,
118296395,00000118,false,Rx,1,4,00,46,00,12,00,00,00,00,
118306425,00000118,false,Rx,1,4,00,47,00,12,00,00,00,00,
118316270,00000118,false,Rx,1,4,00,48,00,12,00,00,00,00,
118326415,00000118,false,Rx,1,4,00,49,00,12,00,00,00,00,
118336264,00000118,false,Rx,1,4,00,4A,00,12,00,00,00,00,
118346385,00000118,false,Rx,1,4,00,4B,00,12,00,00,00,00,
118356266,00000118,false,Rx,1,4,00,4C,00,12,00,00,00,00,
118366374,00000118,false,Rx,1,4,00,4D,00,12,00,00,00,00,
118376258,00000118,false,Rx,1,4,00,4E,00,12,00,00,00,00,
118386363,00000118,false,Rx,1,4,00,4F,00,12,00,00,00,00,
118396370,00000118,false,Rx,1,4,00,40,00,12,00,00,00,00,
118406370,00000118,false,Rx,1,4,00,41,00,12,00,00,00,00,
118416215,00000118,false,Rx,1,4,00,42,00,12,00,00,00,00,
118426359,00000118,false,Rx,1,4,00,43,00,12,00,00,00,00,
118436204,00000118,false,Rx,1,4,00,44,00,12,00,00,00,00,
118446368,00000118,false,Rx,1,4,00,45,00,12,00,00,00,00,
118456209,00000118,false,Rx,1,4,00,46,00,12,00,00,00,00,
118466316,00000118,false,Rx,1,4,00,47,00,12,00,00,00,00,
118476196,00000118,false,Rx,1,4,00,48,00,12,00,00,00,00,
118484549,0000070F,false,Rx,0,8,03,22,02,8D,55,55,55,55,
118486328,00000118,false,Rx,1,4,00,49,00,12,00,00,00,00,
118486623,17F0000F,true,Rx,1,8,00,0F,00,00,00,00,00,00,
118496442,00000118,false,Rx,1,4,00,4A,00,12,00,00,00,00,
118497537,00000779,false,Rx,1,8,05,62,02,8D,7B,00,AA,AA,
118506322,00000118,false,Rx,1,4,00,4B,00,12,00,00,00,00,
118516156,00000118,false,Rx,1,4,00,4C,00,12,00,00,00,00,
118526298,00000118,false,Rx,1,4,00,4D,00,12,00,00,00,00,
118536145,00000118,false,Rx,1,4,00,4E,00,12,00,00,00,00,
118546369,00000118,false,Rx,1,4,00,4F,00,12,00,00,00,00,
118556152,00000118,false,Rx,1,4,00,40,00,12,00,00,00,00,
118566260,00000118,false,Rx,1,4,00,41,00,12,00,00,00,00,
118576164,00000118,false,Rx,1,4,00,42,00,12,00,00,00,00,
118586249,00000118,false,Rx,1,4,00,43,00,12,00,00,00,00,
118596369,00000118,false,Rx,1,4,00,44,00,12,00,00,00,00,
118606271,00000118,false,Rx,1,4,00,45,00,12,00,00,00,00,
118616099,00000118,false,Rx,1,4,00,46,00,12,00,00,00,00,
118626242,00000118,false,Rx,1,4,00,47,00,12,00,00,00,00,
118636087,00000118,false,Rx,1,4,00,48,00,12,00,00,00,00,
118646376,00000118,false,Rx,1,4,00,49,00,12,00,00,00,00,
118656095,00000118,false,Rx,1,4,00,4A,00,12,00,00,00,00,
118666201,00000118,false,Rx,1,4,00,4B,00,12,00,00,00,00,
118676082,00000118,false,Rx,1,4,00,4C,00,12,00,00,00,00,
118686190,00000118,false,Rx,1,4,00,4D,00,12,00,00,00,00,
118696372,00000118,false,Rx,1,4,00,4E,00,12,00,00,00,00,
118706199,00000118,false,Rx,1,4,00,4F,00,12,00,00,00,00,
118716042,00000118,false,Rx,1,4,00,40,00,12,00,00,00,00,
118726187,00000118,false,Rx,1,4,00,41,00,12,00,00,00,00,
118736030,00000118,false,Rx,1,4,00,42,00,12,00,00,00,00,
118746419,00000118,false,Rx,1,4,00,43,00,12,00,00,00,00,
118762345,00000118,false,Rx,1,4,00,44,00,12,00,00,00,00,
118766359,00000118,false,Rx,1,4,00,45,00,12,00,00,00,00,
118775971,00000118,false,Rx,1,4,00,46,00,12,00,00,00,00,
118786241,00000118,false,Rx,1,4,00,47,00,12,00,00,00,00,
118795994,00000118,false,Rx,1,4,00,48,00,12,00,00,00,00,
118797766,0000070F,false,Rx,0,8,03,22,2B,F1,55,55,55,55,
118806271,00000118,false,Rx,1,4,00,49,00,12,00,00,00,00,
118815878,00000118,false,Rx,1,4,00,4A,00,12,00,00,00,00,
118817135,00000779,false,Rx,1,8,05,62,2B,F1,C1,72,AA,AA,
118826245,00000118,false,Rx,1,4,00,4B,00,12,00,00,00,00,
118835867,00000118,false,Rx,1,4,00,4C,00,12,00,00,00,00,
118846370,00000118,false,Rx,1,4,00,4D,00,12,00,00,00,00,
118855873,00000118,false,Rx,1,4,00,4E,00,12,00,00,00,00,
118866197,00000118,false,Rx,1,4,00,4F,00,12,00,00,00,00,
118875862,00000118,false,Rx,1,4,00,40,00,12,00,00,00,00,
118886184,00000118,false,Rx,1,4,00,41,00,12,00,00,00,00,
118895950,00000118,false,Rx,1,4,00,42,00,12,00,00,00,00,
118906195,00000118,false,Rx,1,4,00,43,00,12,00,00,00,00,
118915817,00000118,false,Rx,1,4,00,44,00,12,00,00,00,00,
118926178,00000118,false,Rx,1,4,00,45,00,12,00,00,00,00,
118935808,00000118,false,Rx,1,4,00,46,00,12,00,00,00,00,
118946367,00000118,false,Rx,1,4,00,47,00,12,00,00,00,00,
118955813,00000118,false,Rx,1,4,00,48,00,12,00,00,00,00,
118966136,00000118,false,Rx,1,4,00,49,00,12,00,00,00,00,
118975804,00000118,false,Rx,1,4,00,4A,00,12,00,00,00,00,
118986125,00000118,false,Rx,1,4,00,4B,00,12,00,00,00,00,
118986421,17F0000F,true,Rx,1,8,00,0F,00,00,00,00,00,00,
118995890,00000118,false,Rx,1,4,00,4C,00,12,00,00,00,00,
119006134,00000118,false,Rx,1,4,00,4D,00,12,00,00,00,00,
119015763,00000118,false,Rx,1,4,00,4E,00,12,00,00,00,00,
119026122,00000118,false,Rx,1,4,00,4F,00,12,00,00,00,00,
119035751,00000118,false,Rx,1,4,00,40,00,12,00,00,00,00,
119046094,00000118,false,Rx,1,4,00,41,00,12,00,00,00,00,
119055758,00000118,false,Rx,1,4,00,42,00,12,00,00,00,00,
119066080,00000118,false,Rx,1,4,00,43,00,12,00,00,00,00,
119075743,00000118,false,Rx,1,4,00,44,00,12,00,00,00,00,
119086068,00000118,false,Rx,1,4,00,45,00,12,00,00,00,00,
119095824,00000118,false,Rx,1,4,00,46,00,12,00,00,00,00,
119106088,00000118,false,Rx,1,4,00,47,00,12,00,00,00,00,
119115704,00000118,false,Rx,1,4,00,48,00,12,00,00,00,00,
119126062,00000118,false,Rx,1,4,00,49,00,12,00,00,00,00,
119129277,0000070F,false,Rx,0,8,03,22,2B,E4,55,55,55,55,
119135716,00000118,false,Rx,1,4,00,4A,00,12,00,00,00,00,
119146033,00000118,false,Rx,1,4,00,4B,00,12,00,00,00,00,
119148240,00000779,false,Rx,1,8,05,62,2B,E4,C9,65,AA,AA,
119155710,00000118,false,Rx,1,4,00,4C,00,12,00,00,00,00,
119166021,00000118,false,Rx,1,4,00,4D,00,12,00,00,00,00,
119175687,00000118,false,Rx,1,4,00,4E,00,12,00,00,00,00,
119186012,00000118,false,Rx,1,4,00,4F,00,12,00,00,00,00,
119195766,00000118,false,Rx,1,4,00,40,00,12,00,00,00,00,
119206019,00000118,false,Rx,1,4,00,41,00,12,00,00,00,00,
119215649,00000118,false,Rx,1,4,00,42,00,12,00,00,00,00,
119226008,00000118,false,Rx,1,4,00,43,00,12,00,00,00,00,
119235634,00000118,false,Rx,1,4,00,44,00,12,00,00,00,00,
119246096,00000118,false,Rx,1,4,00,45,00,12,00,00,00,00,
119262338,00000118,false,Rx,1,4,00,46,00,12,00,00,00,00,
119265912,00000118,false,Rx,1,4,00,47,00,12,00,00,00,00,
119275719,00000118,false,Rx,1,4,00,48,00,12,00,00,00,00,
119286036,00000118,false,Rx,1,4,00,49,00,12,00,00,00,00,
119295801,00000118,false,Rx,1,4,00,4A,00,12,00,00,00,00,
119306088,00000118,false,Rx,1,4,00,4B,00,12,00,00,00,00,
119315670,00000118,false,Rx,1,4,00,4C,00,12,00,00,00,00,
119326098,00000118,false,Rx,1,4,00,4D,00,12,00,00,00,00,
119335652,00000118,false,Rx,1,4,00,4E,00,12,00,00,00,00,
119345852,00000118,false,Rx,1,4,00,4F,00,12,00,00,00,00,
119355656,00000118,false,Rx,1,4,00,40,00,12,00,00,00,00,
119365850,00000118,false,Rx,1,4,00,41,00,12,00,00,00,00,
119375648,00000118,false,Rx,1,4,00,42,00,12,00,00,00,00,
119385857,00000118,false,Rx,1,4,00,43,00,12,00,00,00,00,
119395723,00000118,false,Rx,1,4,00,44,00,12,00,00,00,00,
119405855,00000118,false,Rx,1,4,00,45,00,12,00,00,00,00,
119415606,00000118,false,Rx,1,4,00,46,00,12,00,00,00,00,
119425857,00000118,false,Rx,1,4,00,47,00,12,00,00,00,00,
119435592,00000118,false,Rx,1,4,00,48,00,12,00,00,00,00,
119445854,00000118,false,Rx,1,4,00,49,00,12,00,00,00,00,
119446774,0000070F,false,Rx,0,8,03,22,02,8D,55,55,55,55,
119455621,00000118,false,Rx,1,4,00,4A,00,12,00,00,00,00,
119465849,00000118,false,Rx,1,4,00,4B,00,12,00,00,00,00,
119467987,00000779,false,Rx,1,8,05,62,02,8D,7A,00,AA,AA,
119475598,00000118,false,Rx,1,4,00,4C,00,12,00,00,00,00,
119485846,00000118,false,Rx,1,4,00,4D,00,12,00,00,00,00,
119486377,17F0000F,true,Rx,1,8,00,0F,00,00,00,00,00,00,
119495678,00000118,false,Rx,1,4,00,4E,00,12,00,00,00,00,
119505845,00000118,false,Rx,1,4,00,4F,00,12,00,00,00,00,
119515547,00000118,false,Rx,1,4,00,40,00,12,00,00,00,00,
119525851,00000118,false,Rx,1,4,00,41,00,12,00,00,00,00,
119535546,00000118,false,Rx,1,4,00,42,00,12,00,00,00,00,
119545861,00000118,false,Rx,1,4,00,43,00,12,00,00,00,00,
119555559,00000118,false,Rx,1,4,00,44,00,12,00,00,00,00,
119565844,00000118,false,Rx,1,4,00,45,00,12,00,00,00,00,
119575549,00000118,false,Rx,1,4,00,46,00,12,00,00,00,00,
119585847,00000118,false,Rx,1,4,00,47,00,12,00,00,00,00,
119595626,00000118,false,Rx,1,4,00,48,00,12,00,00,00,00,
119605870,00000118,false,Rx,1,4,00,49,00,12,00,00,00,00,
119615508,00000118,false,Rx,1,4,00,4A,00,12,00,00,00,00,
119625858,00000118,false,Rx,1,4,00,4B,00,12,00,00,00,00,
119635497,00000118,false,Rx,1,4,00,4C,00,12,00,00,00,00,
119645856,00000118,false,Rx,1,4,00,4D,00,12,00,00,00,00,
119655502,00000118,false,Rx,1,4,00,4E,00,12,00,00,00,00,
119665858,00000118,false,Rx,1,4,00,4F,00,12,00,00,00,00,
119675491,00000118,false,Rx,1,4,00,40,00,12,00,00,00,00,
119685850,00000118,false,Rx,1,4,00,41,00,12,00,00,00,00,
119695572,00000118,false,Rx,1,4,00,42,00,12,00,00,00,00,
119705847,00000118,false,Rx,1,4,00,43,00,12,00,00,00,00,
119715448,00000118,false,Rx,1,4,00,44,00,12,00,00,00,00,
119725850,00000118,false,Rx,1,4,00,45,00,12,00,00,00,00,
119735440,00000118,false,Rx,1,4,00,46,00,12,00,00,00,00,
119746689,00000118,false,Rx,1,4,00,47,00,12,00,00,00,00,
119755511,00000118,false,Rx,1,4,00,48,00,12,00,00,00,00,
119766861,0000070F,false,Rx,0,8,03,22,2B,F1,55,55,55,55,
119766899,00000118,false,Rx,1,4,00,49,00,12,00,00,00,00,
119775692,00000118,false,Rx,1,4,00,4A,00,12,00,00,00,00,
119785566,00000118,false,Rx,1,4,00,4B,00,12,00,00,00,00,
119787950,00000779,false,Rx,1,8,05,62,2B,F1,C1,72,AA,AA,
119795540,00000118,false,Rx,1,4,00,4C,00,12,00,00,00,00,
119805565,00000118,false,Rx,1,4,00,4D,00,12,00,00,00,00,
119815410,00000118,false,Rx,1,4,00,4E,00,12,00,00,00,00,
119825581,00000118,false,Rx,1,4,00,4F,00,12,00,00,00,00,
119835403,00000118,false,Rx,1,4,00,40,00,12,00,00,00,00,
119845525,00000118,false,Rx,1,4,00,41,00,12,00,00,00,00,
119855406,00000118,false,Rx,1,4,00,42,00,12,00,00,00,00,
119865514,00000118,false,Rx,1,4,00,43,00,12,00,00,00,00,
119875391,00000118,false,Rx,1,4,00,44,00,12,00,00,00,00,
119885501,00000118,false,Rx,1,4,00,45,00,12,00,00,00,00,
119895473,00000118,false,Rx,1,4,00,46,00,12,00,00,00,00,
119905506,00000118,false,Rx,1,4,00,47,00,12,00,00,00,00,
119915351,00000118,false,Rx,1,4,00,48,00,12,00,00,00,00,
119925497,00000118,false,Rx,1,4,00,49,00,12,00,00,00,00,
119935348,00000118,false,Rx,1,4,00,4A,00,12,00,00,00,00,
119945465,00000118,false,Rx,1,4,00,4B,00,12,00,00,00,00,
119955348,00000118,false,Rx,1,4,00,4C,00,12,00,00,00,00,
119965455,00000118,false,Rx,1,4,00,4D,00,12,00,00,00,00,
119975336,00000118,false,Rx,1,4,00,4E,00,12,00,00,00,00,
119985445,00000118,false,Rx,1,4,00,4F,00,12,00,00,00,00,
119985742,17F0000F,true,Rx,1,8,00,0F,00,00,00,00,00,00,
119995422,00000118,false,Rx,1,4,00,40,00,12,00,00,00,00,
120005852,00000118,false,Rx,1,4,00,41,00,12,00,00,00,00,
120015695,00000118,false,Rx,1,4,00,42,00,12,00,00,00,00,
120025840,00000118,false,Rx,1,4,00,43,00,12,00,00,00,00,
120035687,00000118,false,Rx,1,4,00,44,00,12,00,00,00,00,
120045809,00000118,false,Rx,1,4,00,45,00,12,00,00,00,00,
120055691,00000118,false,Rx,1,4,00,46,00,12,00,00,00,00,
120065796,00000118,false,Rx,1,4,00,47,00,12,00,00,00,00,
120075677,00000118,false,Rx,1,4,00,48,00,12,00,00,00,00,
120085786,00000118,false,Rx,1,4,00,49,00,12,00,00,00,00,
120095756,00000118,false,Rx,1,4,00,4A,00,12,00,00,00,00,
120097804,0000070F,false,Rx,0,8,03,22,2B,E4,55,55,55,55,
120105845,00000118,false,Rx,1,4,00,4B,00,12,00,00,00,00,
120115639,00000118,false,Rx,1,4,00,4C,00,12,00,00,00,00,
120116892,00000779,false,Rx,1,8,05,62,2B,E4,C9,65,AA,AA,
120125790,00000118,false,Rx,1,4,00,4D,00,12,00,00,00,00,
120135634,00000118,false,Rx,1,4,00,4E,00,12,00,00,00,00,
120145754,00000118,false,Rx,1,4,00,4F,00,12,00,00,00,00,
120155634,00000118,false,Rx,1,4,00,40,00,12,00,00,00,00,
120165741,00000118,false,Rx,1,4,00,41,00,12,00,00,00,00,
120175622,00000118,false,Rx,1,4,00,42,00,12,00,00,00,00,
120185731,00000118,false,Rx,1,4,00,43,00,12,00,00,00,00,
120195699,00000118,false,Rx,1,4,00,44,00,12,00,00,00,00,
120205734,00000118,false,Rx,1,4,00,45,00,12,00,00,00,00,
120215581,00000118,false,Rx,1,4,00,46,00,12,00,00,00,00,
120225724,00000118,false,Rx,1,4,00,47,00,12,00,00,00,00,
120235569,00000118,false,Rx,1,4,00,48,00,12,00,00,00,00,
120245742,00000118,false,Rx,1,4,00,49,00,12,00,00,00,00,
120255503,00000118,false,Rx,1,4,00,4A,00,12,00,00,00,00,
120265798,00000118,false,Rx,1,4,00,4B,00,12,00,00,00,00,
120275583,00000118,false,Rx,1,4,00,4C,00,12,00,00,00,00,
120285813,00000118,false,Rx,1,4,00,4D,00,12,00,00,00,00,
120295732,00000118,false,Rx,1,4,00,4E,00,12,00,00,00,00,
120305679,00000118,false,Rx,1,4,00,4F,00,12,00,00,00,00,
120315523,00000118,false,Rx,1,4,00,40,00,12,00,00,00,00,
120325669,00000118,false,Rx,1,4,00,41,00,12,00,00,00,00,
120335515,00000118,false,Rx,1,4,00,42,00,12,00,00,00,00,
120345643,00000118,false,Rx,1,4,00,43,00,12,00,00,00,00,
120355516,00000118,false,Rx,1,4,00,44,00,12,00,00,00,00,
120365625,00000118,false,Rx,1,4,00,45,00,12,00,00,00,00,
120375509,00000118,false,Rx,1,4,00,46,00,12,00,00,00,00,
120385613,00000118,false,Rx,1,4,00,47,00,12,00,00,00,00,
120395583,00000118,false,Rx,1,4,00,48,00,12,00,00,00,00,
120405620,00000118,false,Rx,1,4,00,49,00,12,00,00,00,00,
120413841,0000070F,false,Rx,0,8,03,22,02,8D,55,55,55,55,
120415489,00000118,false,Rx,1,4,00,4A,00,12,00,00,00,00,
120425609,00000118,false,Rx,1,4,00,4B,00,12,00,00,00,00,
120427818,00000779,false,Rx,1,8,05,62,02,8D,7A,00,AA,AA,
120435463,00000118,false,Rx,1,4,00,4C,00,12,00,00,00,00,
120445585,00000118,false,Rx,1,4,00,4D,00,12,00,00,00,00,
120455461,00000118,false,Rx,1,4,00,4E,00,12,00,00,00,00,
120465570,00000118,false,Rx,1,4,00,4F,00,12,00,00,00,00,
120475448,00000118,false,Rx,1,4,00,40,00,12,00,00,00,00,
120485558,00000118,false,Rx,1,4,00,41,00,12,00,00,00,00,
120485854,17F0000F,true,Rx,1,8,00,0F,00,00,00,00,00,00,
120495535,00000118,false,Rx,1,4,00,42,00,12,00,00,00,00,
120505964,00000118,false,Rx,1,4,00,43,00,12,00,00,00,00,
120515805,00000118,false,Rx,1,4,00,44,00,12,00,00,00,00,
120525952,00000118,false,Rx,1,4,00,45,00,12,00,00,00,00,
120535797,00000118,false,Rx,1,4,00,46,00,12,00,00,00,00,
120545944,00000118,false,Rx,1,4,00,47,00,12,00,00,00,00,
120555800,00000118,false,Rx,1,4,00,48,00,12,00,00,00,00,
120565909,00000118,false,Rx,1,4,00,49,00,12,00,00,00,00,
120575792,00000118,false,Rx,1,4,00,4A,00,12,00,00,00,00,
120585898,00000118,false,Rx,1,4,00,4B,00,12,00,00,00,00,
120595871,00000118,false,Rx,1,4,00,4C,00,12,00,00,00,00,
120605904,00000118,false,Rx,1,4,00,4D,00,12,00,00,00,00,
120615758,00000118,false,Rx,1,4,00,4E,00,12,00,00,00,00,
120625895,00000118,false,Rx,1,4,00,4F,00,12,00,00,00,00,
120635740,00000118,false,Rx,1,4,00,40,00,12,00,00,00,00,
120645869,00000118,false,Rx,1,4,00,41,00,12,00,00,00,00,
120655747,00000118,false,Rx,1,4,00,42,00,12,00,00,00,00,
120665853,00000118,false,Rx,1,4,00,43,00,12,00,00,00,00,
120675732,00000118,false,Rx,1,4,00,44,00,12,00,00,00,00,
120685841,00000118,false,Rx,1,4,00,45,00,12,00,00,00,00,
120695814,00000118,false,Rx,1,4,00,46,00,12,00,00,00,00,
120705848,00000118,false,Rx,1,4,00,47,00,12,00,00,00,00,
120715691,00000118,false,Rx,1,4,00,48,00,12,00,00,00,00,
120725836,00000118,false,Rx,1,4,00,49,00,12,00,00,00,00,
120731053,0000070F,false,Rx,0,8,03,22,2B,F1,55,55,55,55,
120735704,00000118,false,Rx,1,4,00,4A,00,12,00,00,00,00,
120745809,00000118,false,Rx,1,4,00,4B,00,12,00,00,00,00,
120748019,00000779,false,Rx,1,8,05,62,2B,F1,C1,72,AA,AA,
120755716,00000118,false,Rx,1,4,00,4C,00,12,00,00,00,00,
120771099,00000118,false,Rx,1,4,00,4D,00,12,00,00,00,00,
120775713,00000118,false,Rx,1,4,00,4E,00,12,00,00,00,00,
120785948,00000118,false,Rx,1,4,00,4F,00,12,00,00,00,00,
120795812,00000118,false,Rx,1,4,00,40,00,12,00,00,00,00,
120805864,00000118,false,Rx,1,4,00,41,00,12,00,00,00,00,
120815576,00000118,false,Rx,1,4,00,42,00,12,00,00,00,00,
120825852,00000118,false,Rx,1,4,00,43,00,12,00,00,00,00,
120835570,00000118,false,Rx,1,4,00,44,00,12,00,00,00,00,
120845820,00000118,false,Rx,1,4,00,45,00,12,00,00,00,00,
120855593,00000118,false,Rx,1,4,00,46,00,12,00,00,00,00,
120865810,00000118,false,Rx,1,4,00,47,00,12,00,00,00,00,
120875580,00000118,false,Rx,1,4,00,48,00,12,00,00,00,00,
120885816,00000118,false,Rx,1,4,00,49,00,12,00,00,00,00,
120895842,00000118,false,Rx,1,4,00,4A,00,12,00,00,00,00,
120905803,00000118,false,Rx,1,4,00,4B,00,12,00,00,00,00,
120915582,00000118,false,Rx,1,4,00,4C,00,12,00,00,00,00,
120925792,00000118,false,Rx,1,4,00,4D,00,12,00,00,00,00,
120935583,00000118,false,Rx,1,4,00,4E,00,12,00,00,00,00,
120945765,00000118,false,Rx,1,4,00,4F,00,12,00,00,00,00,
120955610,00000118,false,Rx,1,4,00,40,00,12,00,00,00,00,
120965771,00000118,false,Rx,1,4,00,41,00,12,00,00,00,00,
120975581,00000118,false,Rx,1,4,00,42,00,12,00,00,00,00,
120985777,00000118,false,Rx,1,4,00,43,00,12,00,00,00,00,
120986074,17F0000F,true,Rx,1,8,00,0F,00,00,00,00,00,00,
120995809,00000118,false,Rx,1,4,00,44,00,12,00,00,00,00,
121005748,00000118,false,Rx,1,4,00,45,00,12,00,00,00,00,
121015587,00000118,false,Rx,1,4,00,46,00,12,00,00,00,00,
121025753,00000118,false,Rx,1,4,00,47,00,12,00,00,00,00,
121035585,00000118,false,Rx,1,4,00,48,00,12,00,00,00,00,
121039005,0000070F,false,Rx,0,8,03,22,2B,E4,55,55,55,55,
121045747,00000118,false,Rx,1,4,00,49,00,12,00,00,00,00,
121055605,00000118,false,Rx,1,4,00,4A,00,12,00,00,00,00,
121056678,00000779,false,Rx,1,8,05,62,2B,E4,C9,65,AA,AA,
121065721,00000118,false,Rx,1,4,00,4B,00,12,00,00,00,00,
121075587,00000118,false,Rx,1,4,00,4C,00,12,00,00,00,00,
121085719,00000118,false,Rx,1,4,00,4D,00,12,00,00,00,00,
121095583,00000118,false,Rx,1,4,00,4E,00,12,00,00,00,00,
121105691,00000118,false,Rx,1,4,00,4F,00,12,00,00,00,00,
121115583,00000118,false,Rx,1,4,00,40,00,12,00,00,00,00,
121125697,00000118,false,Rx,1,4,00,41,00,12,00,00,00,00,
121135577,00000118,false,Rx,1,4,00,42,00,12,00,00,00,00,
121145669,00000118,false,Rx,1,4,00,43,00,12,00,00,00,00,
121155573,00000118,false,Rx,1,4,00,44,00,12,00,00,00,00,
121165658,00000118,false,Rx,1,4,00,45,00,12,00,00,00,00,
121175343,00000118,false,Rx,1,4,00,46,00,12,00,00,00,00,
121185661,00000118,false,Rx,1,4,00,47,00,12,00,00,00,00,
121195580,00000118,false,Rx,1,4,00,48,00,12,00,00,00,00,
121205649,00000118,false,Rx,1,4,00,49,00,12,00,00,00,00,
121215361,00000118,false,Rx,1,4,00,4A,00,12,00,00,00,00,
121225637,00000118,false,Rx,1,4,00,4B,00,12,00,00,00,00,
121235341,00000118,false,Rx,1,4,00,4C,00,12,00,00,00,00,
121245986,00000118,false,Rx,1,4,00,4D,00,12,00,00,00,00,
121255323,00000118,false,Rx,1,4,00,4E,00,12,00,00,00,00,
121265641,00000118,false,Rx,1,4,00,4F,00,12,00,00,00,00,
121275637,00000118,false,Rx,1,4,00,40,00,12,00,00,00,00,
121285804,00000118,false,Rx,1,4,00,41,00,12,00,00,00,00,
121295613,00000118,false,Rx,1,4,00,42,00,12,00,00,00,00,
121305624,00000118,false,Rx,1,4,00,43,00,12,00,00,00,00,
121315354,00000118,false,Rx,1,4,00,44,00,12,00,00,00,00,
121325611,00000118,false,Rx,1,4,00,45,00,12,00,00,00,00,
121335452,00000118,false,Rx,1,4,00,46,00,12,00,00,00,00,
121345610,00000118,false,Rx,1,4,00,47,00,12,00,00,00,00,
121355365,00000118,false,Rx,1,4,00,48,00,12,00,00,00,00,
121364997,0000070F,false,Rx,0,8,03,22,02,8D,55,55,55,55,
121365623,00000118,false,Rx,1,4,00,49,00,12,00,00,00,00,
121375371,00000118,false,Rx,1,4,00,4A,00,12,00,00,00,00,
121385623,00000118,false,Rx,1,4,00,4B,00,12,00,00,00,00,
121387670,00000779,false,Rx,1,8,05,62,02,8D,7A,00,AA,AA,
121395604,00000118,false,Rx,1,4,00,4C,00,12,00,00,00,00,
121405604,00000118,false,Rx,1,4,00,4D,00,12,00,00,00,00,
121415365,00000118,false,Rx,1,4,00,4E,00,12,00,00,00,00,
121425610,00000118,false,Rx,1,4,00,4F,00,12,00,00,00,00,
121435367,00000118,false,Rx,1,4,00,40,00,12,00,00,00,00,
121445610,00000118,false,Rx,1,4,00,41,00,12,00,00,00,00,
121455366,00000118,false,Rx,1,4,00,42,00,12,00,00,00,00,
121465627,00000118,false,Rx,1,4,00,43,00,12,00,00,00,00,
121475355,00000118,false,Rx,1,4,00,44,00,12,00,00,00,00,
121485610,00000118,false,Rx,1,4,00,45,00,12,00,00,00,00,
121486150,17F0000F,true,Rx,1,8,00,0F,00,00,00,00,00,00,
121495364,00000118,false,Rx,1,4,00,46,00,12,00,00,00,00,
121505856,00000118,false,Rx,1,4,00,47,00,12,00,00,00,00,
121515614,00000118,false,Rx,1,4,00,48,00,12,00,00,00,00,
121525852,00000118,false,Rx,1,4,00,49,00,12,00,00,00,00,
121535621,00000118,false,Rx,1,4,00,4A,00,12,00,00,00,00,
121545861,00000118,false,Rx,1,4,00,4B,00,12,00,00,00,00,
121555852,00000118,false,Rx,1,4,00,4C,00,12,00,00,00,00,
121565864,00000118,false,Rx,1,4,00,4D,00,12,00,00,00,00,
121575612,00000118,false,Rx,1,4,00,4E,00,12,00,00,00,00,
121585860,00000118,false,Rx,1,4,00,4F,00,12,00,00,00,00,
121595853,00000118,false,Rx,1,4,00,40,00,12,00,00,00,00,
121605854,00000118,false,Rx,1,4,00,41,00,12,00,00,00,00,
121615624,00000118,false,Rx,1,4,00,42,00,12,00,00,00,00,
121625863,00000118,false,Rx,1,4,00,43,00,12,00,00,00,00,
121635600,00000118,false,Rx,1,4,00,44,00,12,00,00,00,00,
121645859,00000118,false,Rx,1,4,00,45,00,12,00,00,00,00,
121655613,00000118,false,Rx,1,4,00,46,00,12,00,00,00,00,
121665967,00000118,false,Rx,1,4,00,47,00,12,00,00,00,00,
121675622,00000118,false,Rx,1,4,00,48,00,12,00,00,00,00,
121684821,0000070F,false,Rx,0,8,03,22,2B,F1,55,55,55,55,
121685852,00000118,false,Rx,1,4,00,49,00,12,00,00,00,00,
121695876,00000118,false,Rx,1,4,00,4A,00,12,00,00,00,00,
121705860,00000118,false,Rx,1,4,00,4B,00,12,00,00,00,00,
121707942,00000779,false,Rx,1,8,05,62,2B,F1,C1,72,AA,AA,
121715607,00000118,false,Rx,1,4,00,4C,00,12,00,00,00,00,
121725856,00000118,false,Rx,1,4,00,4D,00,12,00,00,00,00,
121735608,00000118,false,Rx,1,4,00,4E,00,12,00,00,00,00,
121745791,00000118,false,Rx,1,4,00,4F,00,12,00,00,00,00,
121755678,00000118,false,Rx,1,4,00,40,00,12,00,00,00,00,
121765820,00000118,false,Rx,1,4,00,41,00,12,00,00,00,00,
121775689,00000118,false,Rx,1,4,00,42,00,12,00,00,00,00,
121785621,00000118,false,Rx,1,4,00,43,00,12,00,00,00,00,
121795620,00000118,false,Rx,1,4,00,44,00,12,00,00,00,00,
121805619,00000118,false,Rx,1,4,00,45,00,12,00,00,00,00,
121815630,00000118,false,Rx,1,4,00,46,00,12,00,00,00,00,
121825623,00000118,false,Rx,1,4,00,47,00,12,00,00,00,00,
121835621,00000118,false,Rx,1,4,00,48,00,12,00,00,00,00,
121845620,00000118,false,Rx,1,4,00,49,00,12,00,00,00,00,
121855621,00000118,false,Rx,1,4,00,4A,00,12,00,00,00,00,
121865621,00000118,false,Rx,1,4,00,4B,00,12,00,00,00,00,
121875632,00000118,false,Rx,1,4,00,4C,00,12,00,00,00,00,
121885619,00000118,false,Rx,1,4,00,4D,00,12,00,00,00,00,
121895622,00000118,false,Rx,1,4,00,4E,00,12,00,00,00,00,
121905642,00000118,false,Rx,1,4,00,4F,00,12,00,00,00,00,
121915625,00000118,false,Rx,1,4,00,40,00,12,00,00,00,00,
121925622,00000118,false,Rx,1,4,00,41,00,12,00,00,00,00,
121935382,00000118,false,Rx,1,4,00,42,00,12,00,00,00,00,
121945630,00000118,false,Rx,1,4,00,43,00,12,00,00,00,00,
121955367,00000118,false,Rx,1,4,00,44,00,12,00,00,00,00,
121965620,00000118,false,Rx,1,4,00,45,00,12,00,00,00,00,
121975625,00000118,false,Rx,1,4,00,46,00,12,00,00,00,00,
121985619,00000118,false,Rx,1,4,00,47,00,12,00,00,00,00,
121986158,17F0000F,true,Rx,1,8,00,0F,00,00,00,00,00,00,
121995630,00000118,false,Rx,1,4,00,48,00,12,00,00,00,00,
122005619,00000118,false,Rx,1,4,00,49,00,12,00,00,00,00,
122014618,0000070F,false,Rx,0,8,03,22,2B,E4,55,55,55,55,
122015384,00000118,false,Rx,1,4,00,4A,00,12,00,00,00,00,
122025620,00000118,false,Rx,1,4,00,4B,00,12,00,00,00,00,
122027912,00000779,false,Rx,1,8,05,62,2B,E4,C9,65,AA,AA,
122035369,00000118,false,Rx,1,4,00,4C,00,12,00,00,00,00,
122045619,00000118,false,Rx,1,4,00,4D,00,12,00,00,00,00,
122055369,00000118,false,Rx,1,4,00,4E,00,12,00,00,00,00,
122065623,00000118,false,Rx,1,4,00,4F,00,12,00,00,00,00,
122075378,00000118,false,Rx,1,4,00,40,00,12,00,00,00,00,
122085626,00000118,false,Rx,1,4,00,41,00,12,00,00,00,00,
122095622,00000118,false,Rx,1,4,00,42,00,12,00,00,00,00,
122105621,00000118,false,Rx,1,4,00,43,00,12,00,00,00,00,
122115388,00000118,false,Rx,1,4,00,44,00,12,00,00,00,00,
122125620,00000118,false,Rx,1,4,00,45,00,12,00,00,00,00,
122135369,00000118,false,Rx,1,4,00,46,00,12,00,00,00,00,
122145620,00000118,false,Rx,1,4,00,47,00,12,00,00,00,00,
122155367,00000118,false,Rx,1,4,00,48,00,12,00,00,00,00,
122165621,00000118,false,Rx,1,4,00,49,00,12,00,00,00,00,
122175370,00000118,false,Rx,1,4,00,4A,00,12,00,00,00,00,
122185629,00000118,false,Rx,1,4,00,4B,00,12,00,00,00,00,
122195370,00000118,false,Rx,1,4,00,4C,00,12,00,00,00,00,
122205376,00000118,false,Rx,1,4,00,4D,00,12,00,00,00,00,
122215370,00000118,false,Rx,1,4,00,4E,00,12,00,00,00,00,
122225622,00000118,false,Rx,1,4,00,4F,00,12,00,00,00,00,
122235369,00000118,false,Rx,1,4,00,40,00,12,00,00,00,00,
122245369,00000118,false,Rx,1,4,00,41,00,12,00,00,00,00,
122255738,00000118,false,Rx,1,4,00,42,00,12,00,00,00,00,
122270221,00000118,false,Rx,1,4,00,43,00,12,00,00,00,00,
122275430,00000118,false,Rx,1,4,00,44,00,12,00,00,00,00,
122285462,00000118,false,Rx,1,4,00,45,00,12,00,00,00,00,
122295300,00000118,false,Rx,1,4,00,46,00,12,00,00,00,00,
122305326,00000118,false,Rx,1,4,00,47,00,12,00,00,00,00,
122315172,00000118,false,Rx,1,4,00,48,00,12,00,00,00,00,
122325316,00000118,false,Rx,1,4,00,49,00,12,00,00,00,00,
122328851,0000070F,false,Rx,0,8,03,22,02,8D,55,55,55,55,
122335184,00000118,false,Rx,1,4,00,4A,00,12,00,00,00,00,
122345287,00000118,false,Rx,1,4,00,4B,00,12,00,00,00,00,
122347496,00000779,false,Rx,1,8,05,62,02,8D,7A,00,AA,AA,
122355177,00000118,false,Rx,1,4,00,4C,00,12,00,00,00,00,
122365275,00000118,false,Rx,1,4,00,4D,00,12,00,00,00,00,
122375158,00000118,false,Rx,1,4,00,4E,00,12,00,00,00,00,
122385278,00000118,false,Rx,1,4,00,4F,00,12,00,00,00,00,
122395238,00000118,false,Rx,1,4,00,40,00,12,00,00,00,00,
122405272,00000118,false,Rx,1,4,00,41,00,12,00,00,00,00,
122415115,00000118,false,Rx,1,4,00,42,00,12,00,00,00,00,
122425259,00000118,false,Rx,1,4,00,43,00,12,00,00,00,00,
122435103,00000118,false,Rx,1,4,00,44,00,12,00,00,00,00,
122445229,00000118,false,Rx,1,4,00,45,00,12,00,00,00,00,
122455112,00000118,false,Rx,1,4,00,46,00,12,00,00,00,00,
122465218,00000118,false,Rx,1,4,00,47,00,12,00,00,00,00,
122475096,00000118,false,Rx,1,4,00,48,00,12,00,00,00,00,
122485212,00000118,false,Rx,1,4,00,49,00,12,00,00,00,00,
122485502,17F0000F,true,Rx,1,8,00,0F,00,00,00,00,00,00,
122495188,00000118,false,Rx,1,4,00,4A,00,12,00,00,00,00,
122505614,00000118,false,Rx,1,4,00,4B,00,12,00,00,00,00,
122515459,00000118,false,Rx,1,4,00,4C,00,12,00,00,00,00,
122525600,00000118,false,Rx,1,4,00,4D,00,12,00,00,00,00,
122535446,00000118,false,Rx,1,4,00,4E,00,12,00,00,00,00,
122545573,00000118,false,Rx,1,4,00,4F,00,12,00,00,00,00,
122555453,00000118,false,Rx,1,4,00,40,00,12,00,00,00,00,
122565562,00000118,false,Rx,1,4,00,41,00,12,00,00,00,00,
122575441,00000118,false,Rx,1,4,00,42,00,12,00,00,00,00,
122585550,00000118,false,Rx,1,4,00,43,00,12,00,00,00,00,
122595520,00000118,false,Rx,1,4,00,44,00,12,00,00,00,00,
122605555,00000118,false,Rx,1,4,00,45,00,12,00,00,00,00,
122615407,00000118,false,Rx,1,4,00,46,00,12,00,00,00,00,
122625542,00000118,false,Rx,1,4,00,47,00,12,00,00,00,00,
122635388,00000118,false,Rx,1,4,00,48,00,12,00,00,00,00,
122643279,0000070F,false,Rx,0,8,03,22,2B,F1,55,55,55,55,
122645536,00000118,false,Rx,1,4,00,49,00,12,00,00,00,00,
122655795,00000118,false,Rx,1,4,00,4A,00,12,00,00,00,00,
122657048,00000779,false,Rx,1,8,05,62,2B,F1,8F,72,AA,AA,
122665911,00000118,false,Rx,1,4,00,4B,00,12,00,00,00,00,
122675783,00000118,false,Rx,1,4,00,4C,00,12,00,00,00,00,
122685890,00000118,false,Rx,1,4,00,4D,00,12,00,00,00,00,
122695873,00000118,false,Rx,1,4,00,4E,00,12,00,00,00,00,
122705898,00000118,false,Rx,1,4,00,4F,00,12,00,00,00,00,
122715746,00000118,false,Rx,1,4,00,40,00,12,00,00,00,00,
122725887,00000118,false,Rx,1,4,00,41,00,12,00,00,00,00,
122735731,00000118,false,Rx,1,4,00,42,00,12,00,00,00,00,
122745902,00000118,false,Rx,1,4,00,43,00,12,00,00,00,00,
122761374,00000118,false,Rx,1,4,00,44,00,12,00,00,00,00,
122767208,00000118,false,Rx,1,4,00,45,00,12,00,00,00,00,
122775629,00000118,false,Rx,1,4,00,46,00,12,00,00,00,00,
122785951,00000118,false,Rx,1,4,00,47,00,12,00,00,00,00,
122795731,00000118,false,Rx,1,4,00,48,00,12,00,00,00,00,
122805948,00000118,false,Rx,1,4,00,49,00,12,00,00,00,00,
122815596,00000118,false,Rx,1,4,00,4A,00,12,00,00,00,00,
122825938,00000118,false,Rx,1,4,00,4B,00,12,00,00,00,00,
122835569,00000118,false,Rx,1,4,00,4C,00,12,00,00,00,00,
122845942,00000118,false,Rx,1,4,00,4D,00,12,00,00,00,00,
122855555,00000118,false,Rx,1,4,00,4E,00,12,00,00,00,00,
122865896,00000118,false,Rx,1,4,00,4F,00,12,00,00,00,00,
122875563,00000118,false,Rx,1,4,00,40,00,12,00,00,00,00,
122885885,00000118,false,Rx,1,4,00,41,00,12,00,00,00,00,
122895660,00000118,false,Rx,1,4,00,42,00,12,00,00,00,00,
122905878,00000118,false,Rx,1,4,00,43,00,12,00,00,00,00,
122915536,00000118,false,Rx,1,4,00,44,00,12,00,00,00,00,
122925861,00000118,false,Rx,1,4,00,45,00,12,00,00,00,00,
122935509,00000118,false,Rx,1,4,00,46,00,12,00,00,00,00,
122945213,0000070F,false,Rx,0,8,03,22,2B,E4,55,55,55,55,
122945866,00000118,false,Rx,1,4,00,47,00,12,00,00,00,00,
122955518,00000118,false,Rx,1,4,00,48,00,12,00,00,00,00,
122965837,00000118,false,Rx,1,4,00,49,00,12,00,00,00,00,
122968046,00000779,false,Rx,1,8,05,62,2B,E4,2D,66,AA,AA,
122975514,00000118,false,Rx,1,4,00,4A,00,12,00,00,00,00,
122985826,00000118,false,Rx,1,4,00,4B,00,12,00,00,00,00,
122986123,17F0000F,true,Rx,1,8,00,0F,00,00,00,00,00,00,
122995609,00000118,false,Rx,1,4,00,4C,00,12,00,00,00,00,
123005821,00000118,false,Rx,1,4,00,4D,00,12,00,00,00,00,
123015480,00000118,false,Rx,1,4,00,4E,00,12,00,00,00,00,
123025805,00000118,false,Rx,1,4,00,4F,00,12,00,00,00,00,
123035451,00000118,false,Rx,1,4,00,40,00,12,00,00,00,00,
123045812,00000118,false,Rx,1,4,00,41,00,12,00,00,00,00,
123055439,00000118,false,Rx,1,4,00,42,00,12,00,00,00,00,
123065833,00000118,false,Rx,1,4,00,43,00,12,00,00,00,00,
123075445,00000118,false,Rx,1,4,00,44,00,12,00,00,00,00,
123085768,00000118,false,Rx,1,4,00,45,00,12,00,00,00,00,
123095543,00000118,false,Rx,1,4,00,46,00,12,00,00,00,00,
123105758,00000118,false,Rx,1,4,00,47,00,12,00,00,00,00,
123115423,00000118,false,Rx,1,4,00,48,00,12,00,00,00,00,
123125749,00000118,false,Rx,1,4,00,49,00,12,00,00,00,00,
123135393,00000118,false,Rx,1,4,00,4A,00,12,00,00,00,00,
123145752,00000118,false,Rx,1,4,00,4B,00,12,00,00,00,00,
123155382,00000118,false,Rx,1,4,00,4C,00,12,00,00,00,00,
123165833,00000118,false,Rx,1,4,00,4D,00,12,00,00,00,00,
123175407,00000118,false,Rx,1,4,00,4E,00,12,00,00,00,00,
123185694,00000118,false,Rx,1,4,00,4F,00,12,00,00,00,00,
123195502,00000118,false,Rx,1,4,00,40,00,12,00,00,00,00,
123205691,00000118,false,Rx,1,4,00,41,00,12,00,00,00,00,
123215383,00000118,false,Rx,1,4,00,42,00,12,00,00,00,00,
123225673,00000118,false,Rx,1,4,00,43,00,12,00,00,00,00,
123235353,00000118,false,Rx,1,4,00,44,00,12,00,00,00,00,
123245696,00000118,false,Rx,1,4,00,45,00,12,00,00,00,00,
123255367,00000118,false,Rx,1,4,00,46,00,12,00,00,00,00,
123263142,0000070F,false,Rx,0,8,03,22,02,8D,55,55,55,55,
123265689,00000118,false,Rx,1,4,00,47,00,12,00,00,00,00,
123275860,00000118,false,Rx,1,4,00,48,00,12,00,00,00,00,
123277207,00000779,false,Rx,1,8,05,62,02,8D,7A,00,AA,AA,
123286402,00000118,false,Rx,1,4,00,49,00,12,00,00,00,00,
123295940,00000118,false,Rx,1,4,00,4A,00,12,00,00,00,00,
123306111,00000118,false,Rx,1,4,00,4B,00,12,00,00,00,00,
123315780,00000118,false,Rx,1,4,00,4C,00,12,00,00,00,00,
123326092,00000118,false,Rx,1,4,00,4D,00,12,00,00,00,00,
123335751,00000118,false,Rx,1,4,00,4E,00,12,00,00,00,00,
123346097,00000118,false,Rx,1,4,00,4F,00,12,00,00,00,00,
123355739,00000118,false,Rx,1,4,00,40,00,12,00,00,00,00,
123366090,00000118,false,Rx,1,4,00,41,00,12,00,00,00,00,
123375749,00000118,false,Rx,1,4,00,42,00,12,00,00,00,00,
123386090,00000118,false,Rx,1,4,00,43,00,12,00,00,00,00,
123395842,00000118,false,Rx,1,4,00,44,00,12,00,00,00,00,
123406130,00000118,false,Rx,1,4,00,45,00,12,00,00,00,00,
123415726,00000118,false,Rx,1,4,00,46,00,12,00,00,00,00,
123426087,00000118,false,Rx,1,4,00,47,00,12,00,00,00,00,
123435690,00000118,false,Rx,1,4,00,48,00,12,00,00,00,00,
123446084,00000118,false,Rx,1,4,00,49,00,12,00,00,00,00,
123455682,00000118,false,Rx,1,4,00,4A,00,12,00,00,00,00,
123466084,00000118,false,Rx,1,4,00,4B,00,12,00,00,00,00,
123475687,00000118,false,Rx,1,4,00,4C,00,12,00,00,00,00,
123486087,00000118,false,Rx,1,4,00,4D,00,12,00,00,00,00,
123486626,17F0000F,true,Rx,1,8,00,0F,00,00,00,00,00,00,
123495795,00000118,false,Rx,1,4,00,4E,00,12,00,00,00,00,
123505856,00000118,false,Rx,1,4,00,4F,00,12,00,00,00,00,
123515670,00000118,false,Rx,1,4,00,40,00,12,00,00,00,00,
123525852,00000118,false,Rx,1,4,00,41,00,12,00,00,00,00,
123535636,00000118,false,Rx,1,4,00,42,00,12,00,00,00,00,
123545856,00000118,false,Rx,1,4,00,43,00,12,00,00,00,00,
123555621,00000118,false,Rx,1,4,00,44,00,12,00,00,00,00,
123565847,00000118,false,Rx,1,4,00,45,00,12,00,00,00,00,
123575631,00000118,false,Rx,1,4,00,46,00,12,00,00,00,00,
123581299,0000070F,false,Rx,0,8,03,22,2B,F1,55,55,55,55,
123585847,00000118,false,Rx,1,4,00,47,00,12,00,00,00,00,
123595724,00000118,false,Rx,1,4,00,48,00,12,00,00,00,00,
123596980,00000779,false,Rx,1,8,05,62,2B,F1,8F,72,AA,AA,
123605846,00000118,false,Rx,1,4,00,49,00,12,00,00,00,00,
123615597,00000118,false,Rx,1,4,00,4A,00,12,00,00,00,00,
123625849,00000118,false,Rx,1,4,00,4B,00,12,00,00,00,00,
123635580,00000118,false,Rx,1,4,00,4C,00,12,00,00,00,00,
123645858,00000118,false,Rx,1,4,00,4D,00,12,00,00,00,00,
123655567,00000118,false,Rx,1,4,00,4E,00,12,00,00,00,00,
123665863,00000118,false,Rx,1,4,00,4F,00,12,00,00,00,00,
123675590,00000118,false,Rx,1,4,00,40,00,12,00,00,00,00,
123685851,00000118,false,Rx,1,4,00,41,00,12,00,00,00,00,
123695688,00000118,false,Rx,1,4,00,42,00,12,00,00,00,00,
123705847,00000118,false,Rx,1,4,00,43,00,12,00,00,00,00,
123715557,00000118,false,Rx,1,4,00,44,00,12,00,00,00,00,
123725845,00000118,false,Rx,1,4,00,45,00,12,00,00,00,00,
123735539,00000118,false,Rx,1,4,00,46,00,12,00,00,00,00,
123746798,00000118,false,Rx,1,4,00,47,00,12,00,00,00,00,
123755549,00000118,false,Rx,1,4,00,48,00,12,00,00,00,00,
123765786,00000118,false,Rx,1,4,00,49,00,12,00,00,00,00,
123775681,00000118,false,Rx,1,4,00,4A,00,12,00,00,00,00,
123785868,00000118,false,Rx,1,4,00,4B,00,12,00,00,00,00,
123795670,00000118,false,Rx,1,4,00,4C,00,12,00,00,00,00,
123806075,00000118,false,Rx,1,4,00,4D,00,12,00,00,00,00,
123815663,00000118,false,Rx,1,4,00,4E,00,12,00,00,00,00,
123825895,00000118,false,Rx,1,4,00,4F,00,12,00,00,00,00,
123835621,00000118,false,Rx,1,4,00,40,00,12,00,00,00,00,
123845871,00000118,false,Rx,1,4,00,41,00,12,00,00,00,00,
123855622,00000118,false,Rx,1,4,00,42,00,12,00,00,00,00,
123865621,00000118,false,Rx,1,4,00,43,00,12,00,00,00,00,
123875623,00000118,false,Rx,1,4,00,44,00,12,00,00,00,00,
123885333,0000070F,false,Rx,0,8,03,22,2B,E4,55,55,55,55,
123885620,00000118,false,Rx,1,4,00,45,00,12,00,00,00,00,
123895623,00000118,false,Rx,1,4,00,46,00,12,00,00,00,00,
123905620,00000118,false,Rx,1,4,00,47,00,12,00,00,00,00,
123907908,00000779,false,Rx,1,8,05,62,2B,E4,2D,66,AA,AA,
123915621,00000118,false,Rx,1,4,00,48,00,12,00,00,00,00,
123925652,00000118,false,Rx,1,4,00,49,00,12,00,00,00,00,
123935624,00000118,false,Rx,1,4,00,4A,00,12,00,00,00,00,
123945619,00000118,false,Rx,1,4,00,4B,00,12,00,00,00,00,
123955622,00000118,false,Rx,1,4,00,4C,00,12,00,00,00,00,
123965619,00000118,false,Rx,1,4,00,4D,00,12,00,00,00,00,
123975622,00000118,false,Rx,1,4,00,4E,00,12,00,00,00,00,
123985624,00000118,false,Rx,1,4,00,4F,00,12,00,00,00,00,
123986162,17F0000F,true,Rx,1,8,00,0F,00,00,00,00,00,00,
123995622,00000118,false,Rx,1,4,00,40,00,12,00,00,00,00,
124006119,00000118,false,Rx,1,4,00,41,00,12,00,00,00,00,
124015867,00000118,false,Rx,1,4,00,42,00,12,00,00,00,00,
124026122,00000118,false,Rx,1,4,00,43,00,12,00,00,00,00,
124035866,00000118,false,Rx,1,4,00,44,00,12,00,00,00,00,
124046105,00000118,false,Rx,1,4,00,45,00,12,00,00,00,00,
124055874,00000118,false,Rx,1,4,00,46,00,12,00,00,00,00,
124066110,00000118,false,Rx,1,4,00,47,00,12,00,00,00,00,
124075867,00000118,false,Rx,1,4,00,48,00,12,00,00,00,00,
124086112,00000118,false,Rx,1,4,00,49,00,12,00,00,00,00,
124096111,00000118,false,Rx,1,4,00,4A,00,12,00,00,00,00,
124106114,00000118,false,Rx,1,4,00,4B,00,12,00,00,00,00,
124115951,00000118,false,Rx,1,4,00,4C,00,12,00,00,00,00,
124126121,00000118,false,Rx,1,4,00,4D,00,12,00,00,00,00,
124135868,00000118,false,Rx,1,4,00,4E,00,12,00,00,00,00,
124145871,00000118,false,Rx,1,4,00,4F,00,12,00,00,00,00,
124155868,00000118,false,Rx,1,4,00,40,00,12,00,00,00,00,
124165869,00000118,false,Rx,1,4,00,41,00,12,00,00,00,00,
124175866,00000118,false,Rx,1,4,00,42,00,12,00,00,00,00,
124185874,00000118,false,Rx,1,4,00,43,00,12,00,00,00,00,
124195035,0000070F,false,Rx,0,8,03,22,02,8D,55,55,55,55,
124195867,00000118,false,Rx,1,4,00,44,00,12,00,00,00,00,
124205862,00000118,false,Rx,1,4,00,45,00,12,00,00,00,00,
124216111,00000118,false,Rx,1,4,00,46,00,12,00,00,00,00,
124217438,00000779,false,Rx,1,8,05,62,02,8D,7A,00,AA,AA,
124226351,00000118,false,Rx,1,4,00,47,00,12,00,00,00,00,
124236112,00000118,false,Rx,1,4,00,48,00,12,00,00,00,00,
124246282,00000118,false,Rx,1,4,00,49,00,12,00,00,00,00,
124256192,00000118,false,Rx,1,4,00,4A,00,12,00,00,00,00,
124266467,00000118,false,Rx,1,4,00,4B,00,12,00,00,00,00,
124276203,00000118,false,Rx,1,4,00,4C,00,12,00,00,00,00,
124286399,00000118,false,Rx,1,4,00,4D,00,12,00,00,00,00,
124296358,00000118,false,Rx,1,4,00,4E,00,12,00,00,00,00,
124306354,00000118,false,Rx,1,4,00,4F,00,12,00,00,00,00,
124316114,00000118,false,Rx,1,4,00,40,00,12,00,00,00,00,
124326353,00000118,false,Rx,1,4,00,41,00,12,00,00,00,00,
124336161,00000118,false,Rx,1,4,00,42,00,12,00,00,00,00,
124346357,00000118,false,Rx,1,4,00,43,00,12,00,00,00,00,
124356122,00000118,false,Rx,1,4,00,44,00,12,00,00,00,00,
124366352,00000118,false,Rx,1,4,00,45,00,12,00,00,00,00,
124376223,00000118,false,Rx,1,4,00,46,00,12,00,00,00,00,
124386112,00000118,false,Rx,1,4,00,47,00,12,00,00,00,00,
124396113,00000118,false,Rx,1,4,00,48,00,12,00,00,00,00,
124406112,00000118,false,Rx,1,4,00,49,00,12,00,00,00,00,
124416111,00000118,false,Rx,1,4,00,4A,00,12,00,00,00,00,
124426115,00000118,false,Rx,1,4,00,4B,00,12,00,00,00,00,
124436123,00000118,false,Rx,1,4,00,4C,00,12,00,00,00,00,
124446110,00000118,false,Rx,1,4,00,4D,00,12,00,00,00,00,
124456111,00000118,false,Rx,1,4,00,4E,00,12,00,00,00,00,
124466110,00000118,false,Rx,1,4,00,4F,00,12,00,00,00,00,
124476114,00000118,false,Rx,1,4,00,40,00,12,00,00,00,00,
124486120,00000118,false,Rx,1,4,00,41,00,12,00,00,00,00,
124486653,17F0000F,true,Rx,1,8,00,0F,00,00,00,00,00,00,
124496119,00000118,false,Rx,1,4,00,42,00,12,00,00,00,00,
124506112,00000118,false,Rx,1,4,00,43,00,12,00,00,00,00,
124513179,0000070F,false,Rx,0,8,03,22,2B,F1,55,55,55,55,
124516113,00000118,false,Rx,1,4,00,44,00,12,00,00,00,00,
124526107,00000118,false,Rx,1,4,00,45,00,12,00,00,00,00,
124528401,00000779,false,Rx,1,8,05,62,2B,F1,8F,72,AA,AA,
124536119,00000118,false,Rx,1,4,00,46,00,12,00,00,00,00,
124546112,00000118,false,Rx,1,4,00,47,00,12,00,00,00,00,
124555867,00000118,false,Rx,1,4,00,48,00,12,00,00,00,00,
124566112,00000118,false,Rx,1,4,00,49,00,12,00,00,00,00,
124576110,00000118,false,Rx,1,4,00,4A,00,12,00,00,00,00,
124586119,00000118,false,Rx,1,4,00,4B,00,12,00,00,00,00,
124596118,00000118,false,Rx,1,4,00,4C,00,12,00,00,00,00,
124606109,00000118,false,Rx,1,4,00,4D,00,12,00,00,00,00,
124615873,00000118,false,Rx,1,4,00,4E,00,12,00,00,00,00,
124626116,00000118,false,Rx,1,4,00,4F,00,12,00,00,00,00,
124635875,00000118,false,Rx,1,4,00,40,00,12,00,00,00,00,
124646123,00000118,false,Rx,1,4,00,41,00,12,00,00,00,00,
124655867,00000118,false,Rx,1,4,00,42,00,12,00,00,00,00,
124666112,00000118,false,Rx,1,4,00,43,00,12,00,00,00,00,
124675865,00000118,false,Rx,1,4,00,44,00,12,00,00,00,00,
124686107,00000118,false,Rx,1,4,00,45,00,12,00,00,00,00,
124696111,00000118,false,Rx,1,4,00,46,00,12,00,00,00,00,
124706111,00000118,false,Rx,1,4,00,47,00,12,00,00,00,00,
124715865,00000118,false,Rx,1,4,00,48,00,12,00,00,00,00,
124726113,00000118,false,Rx,1,4,00,49,00,12,00,00,00,00,
124735867,00000118,false,Rx,1,4,00,4A,00,12,00,00,00,00,
124746127,00000118,false,Rx,1,4,00,4B,00,12,00,00,00,00,
124755982,00000118,false,Rx,1,4,00,4C,00,12,00,00,00,00,
124768707,00000118,false,Rx,1,4,00,4D,00,12,00,00,00,00,
124776234,00000118,false,Rx,1,4,00,4E,00,12,00,00,00,00,
124786287,00000118,false,Rx,1,4,00,4F,00,12,00,00,00,00,
124796376,00000118,false,Rx,1,4,00,40,00,12,00,00,00,00,
124806291,00000118,false,Rx,1,4,00,41,00,12,00,00,00,00,
124816133,00000118,false,Rx,1,4,00,42,00,12,00,00,00,00,
124826712,00000118,false,Rx,1,4,00,43,00,12,00,00,00,00,
124830116,0000070F,false,Rx,0,8,03,22,2B,E4,55,55,55,55,
124836143,00000118,false,Rx,1,4,00,44,00,12,00,00,00,00,
124846373,00000118,false,Rx,1,4,00,45,00,12,00,00,00,00,
124848689,00000779,false,Rx,1,8,05,62,2B,E4,2D,66,AA,AA,
124856140,00000118,false,Rx,1,4,00,46,00,12,00,00,00,00,
124866235,00000118,false,Rx,1,4,00,47,00,12,00,00,00,00,
124876117,00000118,false,Rx,1,4,00,48,00,12,00,00,00,00,
124886225,00000118,false,Rx,1,4,00,49,00,12,00,00,00,00,
124896371,00000118,false,Rx,1,4,00,4A,00,12,00,00,00,00,
124906230,00000118,false,Rx,1,4,00,4B,00,12,00,00,00,00,
124916077,00000118,false,Rx,1,4,00,4C,00,12,00,00,00,00,
124926219,00000118,false,Rx,1,4,00,4D,00,12,00,00,00,00,
124936065,00000118,false,Rx,1,4,00,4E,00,12,00,00,00,00,
124946377,00000118,false,Rx,1,4,00,4F,00,12,00,00,00,00,
124956071,00000118,false,Rx,1,4,00,40,00,12,00,00,00,00,
124966180,00000118,false,Rx,1,4,00,41,00,12,00,00,00,00,
124976060,00000118,false,Rx,1,4,00,42,00,12,00,00,00,00,
124986169,00000118,false,Rx,1,4,00,43,00,12,00,00,00,00,
124986466,17F0000F,true,Rx,1,8,00,0F,00,00,00,00,00,00,
124996368,00000118,false,Rx,1,4,00,44,00,12,00,00,00,00,
125006576,00000118,false,Rx,1,4,00,45,00,12,00,00,00,00,
125016420,00000118,false,Rx,1,4,00,46,00,12,00,00,00,00,
125026562,00000118,false,Rx,1,4,00,47,00,12,00,00,00,00,
125036404,00000118,false,Rx,1,4,00,48,00,12,00,00,00,00,
125046552,00000118,false,Rx,1,4,00,49,00,12,00,00,00,00,
125056397,00000118,false,Rx,1,4,00,4A,00,12,00,00,00,00,
125066520,00000118,false,Rx,1,4,00,4B,00,12,00,00,00,00,
125076403,00000118,false,Rx,1,4,00,4C,00,12,00,00,00,00,
125086509,00000118,false,Rx,1,4,00,4D,00,12,00,00,00,00,
125096481,00000118,false,Rx,1,4,00,4E,00,12,00,00,00,00,
125106517,00000118,false,Rx,1,4,00,4F,00,12,00,00,00,00,
125116371,00000118,false,Rx,1,4,00,40,00,12,00,00,00,00,
125126506,00000118,false,Rx,1,4,00,41,00,12,00,00,00,00,
125136351,00000118,false,Rx,1,4,00,42,00,12,00,00,00,00,
125146476,00000118,false,Rx,1,4,00,43,00,12,00,00,00,00,
125152719,0000070F,false,Rx,0,8,03,22,02,8D,55,55,55,55,
125156378,00000118,false,Rx,1,4,00,44,00,12,00,00,00,00,
125166863,00000118,false,Rx,1,4,00,45,00,12,00,00,00,00,
125169174,00000779,false,Rx,1,8,05,62,02,8D,7A,00,AA,AA,
125176755,00000118,false,Rx,1,4,00,46,00,12,00,00,00,00,
125186852,00000118,false,Rx,1,4,00,47,00,12,00,00,00,00,
125196841,00000118,false,Rx,1,4,00,48,00,12,00,00,00,00,
125206840,00000118,false,Rx,1,4,00,49,00,12,00,00,00,00,
125216704,00000118,false,Rx,1,4,00,4A,00,12,00,00,00,00,
125226846,00000118,false,Rx,1,4,00,4B,00,12,00,00,00,00,
125236693,00000118,false,Rx,1,4,00,4C,00,12,00,00,00,00,
125246854,00000118,false,Rx,1,4,00,4D,00,12,00,00,00,00,
125262963,00000118,false,Rx,1,4,00,4E,00,12,00,00,00,00,
125266964,00000118,false,Rx,1,4,00,4F,00,12,00,00,00,00,
125276616,00000118,false,Rx,1,4,00,40,00,12,00,00,00,00,
125287032,00000118,false,Rx,1,4,00,41,00,12,00,00,00,00,
125296766,00000118,false,Rx,1,4,00,42,00,12,00,00,00,00,
125306892,00000118,false,Rx,1,4,00,43,00,12,00,00,00,00,
125316537,00000118,false,Rx,1,4,00,44,00,12,00,00,00,00,
125326896,00000118,false,Rx,1,4,00,45,00,12,00,00,00,00,
125336530,00000118,false,Rx,1,4,00,46,00,12,00,00,00,00,
125346867,00000118,false,Rx,1,4,00,47,00,12,00,00,00,00,
125356544,00000118,false,Rx,1,4,00,48,00,12,00,00,00,00,
125366857,00000118,false,Rx,1,4,00,49,00,12,00,00,00,00,
125376526,00000118,false,Rx,1,4,00,4A,00,12,00,00,00,00,
125386846,00000118,false,Rx,1,4,00,4B,00,12,00,00,00,00,
125396619,00000118,false,Rx,1,4,00,4C,00,12,00,00,00,00,
125406833,00000118,false,Rx,1,4,00,4D,00,12,00,00,00,00,
125416482,00000118,false,Rx,1,4,00,4E,00,12,00,00,00,00,
125426840,00000118,false,Rx,1,4,00,4F,00,12,00,00,00,00,
125436469,00000118,false,Rx,1,4,00,40,00,12,00,00,00,00,
125446842,00000118,false,Rx,1,4,00,41,00,12,00,00,00,00,
125456483,00000118,false,Rx,1,4,00,42,00,12,00,00,00,00,
125466800,00000118,false,Rx,1,4,00,43,00,12,00,00,00,00,
125467656,0000070F,false,Rx,0,8,03,22,2B,F1,55,55,55,55,
125476485,00000118,false,Rx,1,4,00,44,00,12,00,00,00,00,
125487188,00000118,false,Rx,1,4,00,45,00,12,00,00,00,00,
125487481,17F0000F,true,Rx,1,8,00,0F,00,00,00,00,00,00,
125489452,00000779,false,Rx,1,8,05,62,2B,F1,8F,72,AA,AA,
125496974,00000118,false,Rx,1,4,00,46,00,12,00,00,00,00,
125507172,00000118,false,Rx,1,4,00,47,00,12,00,00,00,00,
125516821,00000118,false,Rx,1,4,00,48,00,12,00,00,00,00,
125527179,00000118,false,Rx,1,4,00,49,00,12,00,00,00,00,
125536810,00000118,false,Rx,1,4,00,4A,00,12,00,00,00,00,
125547169,00000118,false,Rx,1,4,00,4B,00,12,00,00,00,00,
125556809,00000118,false,Rx,1,4,00,4C,00,12,00,00,00,00,
125567145,00000118,false,Rx,1,4,00,4D,00,12,00,00,00,00,
125576806,00000118,false,Rx,1,4,00,4E,00,12,00,00,00,00,
125587129,00000118,false,Rx,1,4,00,4F,00,12,00,00,00,00,
125596902,00000118,false,Rx,1,4,00,40,00,12,00,00,00,00,
125607118,00000118,false,Rx,1,4,00,41,00,12,00,00,00,00,
125616768,00000118,false,Rx,1,4,00,42,00,12,00,00,00,00,
125627125,00000118,false,Rx,1,4,00,43,00,12,00,00,00,00,
125636752,00000118,false,Rx,1,4,00,44,00,12,00,00,00,00,
125647093,00000118,false,Rx,1,4,00,45,00,12,00,00,00,00,
125656759,00000118,false,Rx,1,4,00,46,00,12,00,00,00,00,
125667092,00000118,false,Rx,1,4,00,47,00,12,00,00,00,00,
125676746,00000118,false,Rx,1,4,00,48,00,12,00,00,00,00,
125687070,00000118,false,Rx,1,4,00,49,00,12,00,00,00,00,
125696844,00000118,false,Rx,1,4,00,4A,00,12,00,00,00,00,
125707058,00000118,false,Rx,1,4,00,4B,00,12,00,00,00,00,
125716706,00000118,false,Rx,1,4,00,4C,00,12,00,00,00,00,
125727065,00000118,false,Rx,1,4,00,4D,00,12,00,00,00,00,
125736695,00000118,false,Rx,1,4,00,4E,00,12,00,00,00,00,
125747732,00000118,false,Rx,1,4,00,4F,00,12,00,00,00,00,
125762605,00000118,false,Rx,1,4,00,40,00,12,00,00,00,00,
125767042,00000118,false,Rx,1,4,00,41,00,12,00,00,00,00,
125776708,00000118,false,Rx,1,4,00,42,00,12,00,00,00,00,
125787015,00000118,false,Rx,1,4,00,43,00,12,00,00,00,00,
125791457,0000070F,false,Rx,0,8,03,22,2B,E4,55,55,55,55,
125796808,00000118,false,Rx,1,4,00,44,00,12,00,00,00,00,
125807400,00000118,false,Rx,1,4,00,45,00,12,00,00,00,00,
125809597,00000779,false,Rx,1,8,05,62,2B,E4,2D,66,AA,AA,
125817059,00000118,false,Rx,1,4,00,46,00,12,00,00,00,00,
125827407,00000118,false,Rx,1,4,00,47,00,12,00,00,00,00,
125837036,00000118,false,Rx,1,4,00,48,00,12,00,00,00,00,
125847395,00000118,false,Rx,1,4,00,49,00,12,00,00,00,00,
125857049,00000118,false,Rx,1,4,00,4A,00,12,00,00,00,00,
125867382,00000118,false,Rx,1,4,00,4B,00,12,00,00,00,00,
125877049,00000118,false,Rx,1,4,00,4C,00,12,00,00,00,00,
125887355,00000118,false,Rx,1,4,00,4D,00,12,00,00,00,00,
125897127,00000118,false,Rx,1,4,00,4E,00,12,00,00,00,00,
125907344,00000118,false,Rx,1,4,00,4F,00,12,00,00,00,00,
125916992,00000118,false,Rx,1,4,00,40,00,12,00,00,00,00,
125927352,00000118,false,Rx,1,4,00,41,00,12,00,00,00,00,
125936981,00000118,false,Rx,1,4,00,42,00,12,00,00,00,00,
125947340,00000118,false,Rx,1,4,00,43,00,12,00,00,00,00,
125956969,00000118,false,Rx,1,4,00,44,00,12,00,00,00,00,
125967316,00000118,false,Rx,1,4,00,45,00,12,00,00,00,00,
125976975,00000118,false,Rx,1,4,00,46,00,12,00,00,00,00,
125987298,00000118,false,Rx,1,4,00,47,00,12,00,00,00,00,
125987593,17F0000F,true,Rx,1,8,00,0F,00,00,00,00,00,00,
125997076,00000118,false,Rx,1,4,00,48,00,12,00,00,00,00,
126007284,00000118,false,Rx,1,4,00,49,00,12,00,00,00,00,
126016950,00000118,false,Rx,1,4,00,4A,00,12,00,00,00,00,
126027291,00000118,false,Rx,1,4,00,4B,00,12,00,00,00,00,
126036940,00000118,false,Rx,1,4,00,4C,00,12,00,00,00,00,
126047280,00000118,false,Rx,1,4,00,4D,00,12,00,00,00,00,
126056911,00000118,false,Rx,1,4,00,4E,00,12,00,00,00,00,
126067253,00000118,false,Rx,1,4,00,4F,00,12,00,00,00,00,
126076946,00000118,false,Rx,1,4,00,40,00,12,00,00,00,00,
126087242,00000118,false,Rx,1,4,00,41,00,12,00,00,00,00,
126097013,00000118,false,Rx,1,4,00,42,00,12,00,00,00,00,
126103862,0000070F,false,Rx,0,8,03,22,02,8D,55,55,55,55,
126107252,00000118,false,Rx,1,4,00,43,00,12,00,00,00,00,
126116912,00000118,false,Rx,1,4,00,44,00,12,00,00,00,00,
126118148,00000779,false,Rx,1,8,05,62,02,8D,7A,00,AA,AA,
126127247,00000118,false,Rx,1,4,00,45,00,12,00,00,00,00,
126136864,00000118,false,Rx,1,4,00,46,00,12,00,00,00,00,
126147223,00000118,false,Rx,1,4,00,47,00,12,00,00,00,00,
126156852,00000118,false,Rx,1,4,00,48,00,12,00,00,00,00,
126167192,00000118,false,Rx,1,4,00,49,00,12,00,00,00,00,
126176867,00000118,false,Rx,1,4,00,4A,00,12,00,00,00,00,
126187181,00000118,false,Rx,1,4,00,4B,00,12,00,00,00,00,
126196958,00000118,false,Rx,1,4,00,4C,00,12,00,00,00,00,
126207170,00000118,false,Rx,1,4,00,4D,00,12,00,00,00,00,
126216818,00000118,false,Rx,1,4,00,4E,00,12,00,00,00,00,
126227179,00000118,false,Rx,1,4,00,4F,00,12,00,00,00,00,
126236808,00000118,false,Rx,1,4,00,40,00,12,00,00,00,00,
126247248,00000118,false,Rx,1,4,00,41,00,12,00,00,00,00,
126263621,00000118,false,Rx,1,4,00,42,00,12,00,00,00,00,
126267077,00000118,false,Rx,1,4,00,43,00,12,00,00,00,00,
126276901,00000118,false,Rx,1,4,00,44,00,12,00,00,00,00,
126287261,00000118,false,Rx,1,4,00,45,00,12,00,00,00,00,
126296970,00000118,false,Rx,1,4,00,46,00,12,00,00,00,00,
126307089,00000118,false,Rx,1,4,00,47,00,12,00,00,00,00,
126316811,00000118,false,Rx,1,4,00,48,00,12,00,00,00,00,
126327086,00000118,false,Rx,1,4,00,49,00,12,00,00,00,00,
126336802,00000118,false,Rx,1,4,00,4A,00,12,00,00,00,00,
126347085,00000118,false,Rx,1,4,00,4B,00,12,00,00,00,00,
126356810,00000118,false,Rx,1,4,00,4C,00,12,00,00,00,00,
126367084,00000118,false,Rx,1,4,00,4D,00,12,00,00,00,00,
126376807,00000118,false,Rx,1,4,00,4E,00,12,00,00,00,00,
126387105,00000118,false,Rx,1,4,00,4F,00,12,00,00,00,00,
126396894,00000118,false,Rx,1,4,00,40,00,12,00,00,00,00,
126407094,00000118,false,Rx,1,4,00,41,00,12,00,00,00,00,
126416756,00000118,false,Rx,1,4,00,42,00,12,00,00,00,00,
126421640,0000070F,false,Rx,0,8,03,22,2B,F1,55,55,55,55,
126427090,00000118,false,Rx,1,4,00,43,00,12,00,00,00,00,
126436743,00000118,false,Rx,1,4,00,44,00,12,00,00,00,00,
126437998,00000779,false,Rx,1,8,05,62,2B,F1,8F,72,AA,AA,
126447096,00000118,false,Rx,1,4,00,45,00,12,00,00,00,00,
126456771,00000118,false,Rx,1,4,00,46,00,12,00,00,00,00,
126467090,00000118,false,Rx,1,4,00,47,00,12,00,00,00,00,
126476757,00000118,false,Rx,1,4,00,48,00,12,00,00,00,00,
126487089,00000118,false,Rx,1,4,00,49,00,12,00,00,00,00,
126487624,17F0000F,true,Rx,1,8,00,0F,00,00,00,00,00,00,
126496862,00000118,false,Rx,1,4,00,4A,00,12,00,00,00,00,
126507085,00000118,false,Rx,1,4,00,4B,00,12,00,00,00,00,
126516717,00000118,false,Rx,1,4,00,4C,00,12,00,00,00,00,
126527090,00000118,false,Rx,1,4,00,4D,00,12,00,00,00,00,
126536707,00000118,false,Rx,1,4,00,4E,00,12,00,00,00,00,
126547094,00000118,false,Rx,1,4,00,4F,00,12,00,00,00,00,
126556712,00000118,false,Rx,1,4,00,40,00,12,00,00,00,00,
126567095,00000118,false,Rx,1,4,00,41,00,12,00,00,00,00,
126576702,00000118,false,Rx,1,4,00,42,00,12,00,00,00,00,
126587095,00000118,false,Rx,1,4,00,43,00,12,00,00,00,00,
126596796,00000118,false,Rx,1,4,00,44,00,12,00,00,00,00,
126607085,00000118,false,Rx,1,4,00,45,00,12,00,00,00,00,
126616661,00000118,false,Rx,1,4,00,46,00,12,00,00,00,00,
126627092,00000118,false,Rx,1,4,00,47,00,12,00,00,00,00,
126636647,00000118,false,Rx,1,4,00,48,00,12,00,00,00,00,
126646855,00000118,false,Rx,1,4,00,49,00,12,00,00,00,00,
126656654,00000118,false,Rx,1,4,00,4A,00,12,00,00,00,00,
126666843,00000118,false,Rx,1,4,00,4B,00,12,00,00,00,00,
126676644,00000118,false,Rx,1,4,00,4C,00,12,00,00,00,00,
126686853,00000118,false,Rx,1,4,00,4D,00,12,00,00,00,00,
126696740,00000118,false,Rx,1,4,00,4E,00,12,00,00,00,00,
126706850,00000118,false,Rx,1,4,00,4F,00,12,00,00,00,00,
126716603,00000118,false,Rx,1,4,00,40,00,12,00,00,00,00,
126726854,00000118,false,Rx,1,4,00,41,00,12,00,00,00,00,
126736591,00000118,false,Rx,1,4,00,42,00,12,00,00,00,00,
126737506,0000070F,false,Rx,0,8,03,22,2B,E4,55,55,55,55,
126746935,00000118,false,Rx,1,4,00,43,00,12,00,00,00,00,
126762501,00000118,false,Rx,1,4,00,44,00,12,00,00,00,00,
126762519,00000779,false,Rx,1,8,05,62,2B,E4,91,66,AA,AA,
126766907,00000118,false,Rx,1,4,00,45,00,12,00,00,00,00,
126777042,00000118,false,Rx,1,4,00,46,00,12,00,00,00,00,
126787272,00000118,false,Rx,1,4,00,47,00,12,00,00,00,00,
126797063,00000118,false,Rx,1,4,00,48,00,12,00,00,00,00,
126807338,00000118,false,Rx,1,4,00,49,00,12,00,00,00,00,
126816945,00000118,false,Rx,1,4,00,4A,00,12,00,00,00,00,
126827333,00000118,false,Rx,1,4,00,4B,00,12,00,00,00,00,
126836935,00000118,false,Rx,1,4,00,4C,00,12,00,00,00,00,
126847336,00000118,false,Rx,1,4,00,4D,00,12,00,00,00,00,
126856940,00000118,false,Rx,1,4,00,4E,00,12,00,00,00,00,
126867339,00000118,false,Rx,1,4,00,4F,00,12,00,00,00,00,
126876911,00000118,false,Rx,1,4,00,40,00,12,00,00,00,00,
126887341,00000118,false,Rx,1,4,00,41,00,12,00,00,00,00,
126897009,00000118,false,Rx,1,4,00,42,00,12,00,00,00,00,
126907347,00000118,false,Rx,1,4,00,43,00,12,00,00,00,00,
126916868,00000118,false,Rx,1,4,00,44,00,12,00,00,00,00,
126927330,00000118,false,Rx,1,4,00,45,00,12,00,00,00,00,
126936859,00000118,false,Rx,1,4,00,46,00,12,00,00,00,00,
126947091,00000118,false,Rx,1,4,00,47,00,12,00,00,00,00,
126956862,00000118,false,Rx,1,4,00,48,00,12,00,00,00,00,
126967087,00000118,false,Rx,1,4,00,49,00,12,00,00,00,00,
126976852,00000118,false,Rx,1,4,00,4A,00,12,00,00,00,00,
126987083,00000118,false,Rx,1,4,00,4B,00,12,00,00,00,00,
126987620,17F0000F,true,Rx,1,8,00,0F,00,00,00,00,00,00,
126996958,00000118,false,Rx,1,4,00,4C,00,12,00,00,00,00,
127007088,00000118,false,Rx,1,4,00,4D,00,12,00,00,00,00,
127016812,00000118,false,Rx,1,4,00,4E,00,12,00,00,00,00,
127027089,00000118,false,Rx,1,4,00,4F,00,12,00,00,00,00,
127036800,00000118,false,Rx,1,4,00,40,00,12,00,00,00,00,
127047094,00000118,false,Rx,1,4,00,41,00,12,00,00,00,00,
127056805,00000118,false,Rx,1,4,00,42,00,12,00,00,00,00,
127067090,00000118,false,Rx,1,4,00,43,00,12,00,00,00,00,
127069233,0000070F,false,Rx,0,8,03,22,02,8D,55,55,55,55,
127076815,00000118,false,Rx,1,4,00,44,00,12,00,00,00,00,
127087095,00000118,false,Rx,1,4,00,45,00,12,00,00,00,00,
127089208,00000779,false,Rx,1,8,05,62,02,8D,7A,00,AA,AA,
127096904,00000118,false,Rx,1,4,00,46,00,12,00,00,00,00,
127107091,00000118,false,Rx,1,4,00,47,00,12,00,00,00,00,
127116751,00000118,false,Rx,1,4,00,48,00,12,00,00,00,00,
127127096,00000118,false,Rx,1,4,00,49,00,12,00,00,00,00,
127136743,00000118,false,Rx,1,4,00,4A,00,12,00,00,00,00,
127147085,00000118,false,Rx,1,4,00,4B,00,12,00,00,00,00,
127156766,00000118,false,Rx,1,4,00,4C,00,12,00,00,00,00,
127167096,00000118,false,Rx,1,4,00,4D,00,12,00,00,00,00,
127176756,00000118,false,Rx,1,4,00,4E,00,12,00,00,00,00,
127187095,00000118,false,Rx,1,4,00,4F,00,12,00,00,00,00,
127196870,00000118,false,Rx,1,4,00,40,00,12,00,00,00,00,
127207096,00000118,false,Rx,1,4,00,41,00,12,00,00,00,00,
127216715,00000118,false,Rx,1,4,00,42,00,12,00,00,00,00,
127227090,00000118,false,Rx,1,4,00,43,00,12,00,00,00,00,
127236701,00000118,false,Rx,1,4,00,44,00,12,00,00,00,00,
127247085,00000118,false,Rx,1,4,00,45,00,12,00,00,00,00,
127256737,00000118,false,Rx,1,4,00,46,00,12,00,00,00,00,
127267267,00000118,false,Rx,1,4,00,47,00,12,00,00,00,00,
127276781,00000118,false,Rx,1,4,00,48,00,12,00,00,00,00,
127286967,00000118,false,Rx,1,4,00,49,00,12,00,00,00,00,
127296832,00000118,false,Rx,1,4,00,4A,00,12,00,00,00,00,
127306843,00000118,false,Rx,1,4,00,4B,00,12,00,00,00,00,
127316692,00000118,false,Rx,1,4,00,4C,00,12,00,00,00,00,
127326834,00000118,false,Rx,1,4,00,4D,00,12,00,00,00,00,
127336683,00000118,false,Rx,1,4,00,4E,00,12,00,00,00,00,
127346825,00000118,false,Rx,1,4,00,4F,00,12,00,00,00,00,
127356671,00000118,false,Rx,1,4,00,40,00,12,00,00,00,00,
127366797,00000118,false,Rx,1,4,00,41,00,12,00,00,00,00,
127376680,00000118,false,Rx,1,4,00,42,00,12,00,00,00,00,
127383359,0000070F,false,Rx,0,8,03,22,2B,F1,55,55,55,55,
127386808,00000118,false,Rx,1,4,00,43,00,12,00,00,00,00,
127396770,00000118,false,Rx,1,4,00,44,00,12,00,00,00,00,
127398194,00000779,false,Rx,1,8,05,62,2B,F1,5D,72,AA,AA,
127406789,00000118,false,Rx,1,4,00,45,00,12,00,00,00,00,
127416637,00000118,false,Rx,1,4,00,46,00,12,00,00,00,00,
127426778,00000118,false,Rx,1,4,00,47,00,12,00,00,00,00,
127436623,00000118,false,Rx,1,4,00,48,00,12,00,00,00,00,
127446767,00000118,false,Rx,1,4,00,49,00,12,00,00,00,00,
127456614,00000118,false,Rx,1,4,00,4A,00,12,00,00,00,00,
127466736,00000118,false,Rx,1,4,00,4B,00,12,00,00,00,00,
127476620,00000118,false,Rx,1,4,00,4C,00,12,00,00,00,00,
127486727,00000118,false,Rx,1,4,00,4D,00,12,00,00,00,00,
127487024,17F0000F,true,Rx,1,8,00,0F,00,00,00,00,00,00,
127496721,00000118,false,Rx,1,4,00,4E,00,12,00,00,00,00,
127506723,00000118,false,Rx,1,4,00,4F,00,12,00,00,00,00,
127516577,00000118,false,Rx,1,4,00,40,00,12,00,00,00,00,
127526722,00000118,false,Rx,1,4,00,41,00,12,00,00,00,00,
127536567,00000118,false,Rx,1,4,00,42,00,12,00,00,00,00,
127546710,00000118,false,Rx,1,4,00,43,00,12,00,00,00,00,
127556554,00000118,false,Rx,1,4,00,44,00,12,00,00,00,00,
127566679,00000118,false,Rx,1,4,00,45,00,12,00,00,00,00,
127576561,00000118,false,Rx,1,4,00,46,00,12,00,00,00,00,
127586667,00000118,false,Rx,1,4,00,47,00,12,00,00,00,00,
127596638,00000118,false,Rx,1,4,00,48,00,12,00,00,00,00,
127606675,00000118,false,Rx,1,4,00,49,00,12,00,00,00,00,
127616522,00000118,false,Rx,1,4,00,4A,00,12,00,00,00,00,
127626672,00000118,false,Rx,1,4,00,4B,00,12,00,00,00,00,
127636510,00000118,false,Rx,1,4,00,4C,00,12,00,00,00,00,
127646651,00000118,false,Rx,1,4,00,4D,00,12,00,00,00,00,
127656499,00000118,false,Rx,1,4,00,4E,00,12,00,00,00,00,
127666625,00000118,false,Rx,1,4,00,4F,00,12,00,00,00,00,
127676503,00000118,false,Rx,1,4,00,40,00,12,00,00,00,00,
127686612,00000118,false,Rx,1,4,00,41,00,12,00,00,00,00,
127696583,00000118,false,Rx,1,4,00,42,00,12,00,00,00,00,
127702521,0000070F,false,Rx,0,8,03,22,2B,E4,55,55,55,55,
127706642,00000118,false,Rx,1,4,00,43,00,12,00,00,00,00,
127716469,00000118,false,Rx,1,4,00,44,00,12,00,00,00,00,
127717706,00000779,false,Rx,1,8,05,62,2B,E4,91,66,AA,AA,
127726616,00000118,false,Rx,1,4,00,45,00,12,00,00,00,00,
127736850,00000118,false,Rx,1,4,00,46,00,12,00,00,00,00,
127747012,00000118,false,Rx,1,4,00,47,00,12,00,00,00,00,
127762223,00000118,false,Rx,1,4,00,48,00,12,00,00,00,00,
127767085,00000118,false,Rx,1,4,00,49,00,12,00,00,00,00,
127776758,00000118,false,Rx,1,4,00,4A,00,12,00,00,00,00,
127787060,00000118,false,Rx,1,4,00,4B,00,12,00,00,00,00,
127796835,00000118,false,Rx,1,4,00,4C,00,12,00,00,00,00,
127807049,00000118,false,Rx,1,4,00,4D,00,12,00,00,00,00,
127816704,00000118,false,Rx,1,4,00,4E,00,12,00,00,00,00,
127827060,00000118,false,Rx,1,4,00,4F,00,12,00,00,00,00,
127836686,00000118,false,Rx,1,4,00,40,00,12,00,00,00,00,
127847045,00000118,false,Rx,1,4,00,41,00,12,00,00,00,00,
127856675,00000118,false,Rx,1,4,00,42,00,12,00,00,00,00,
127867017,00000118,false,Rx,1,4,00,43,00,12,00,00,00,00,
127876679,00000118,false,Rx,1,4,00,44,00,12,00,00,00,00,
127887004,00000118,false,Rx,1,4,00,45,00,12,00,00,00,00,
127896790,00000118,false,Rx,1,4,00,46,00,12,00,00,00,00,
127907540,00000118,false,Rx,1,4,00,47,00,12,00,00,00,00,
127916639,00000118,false,Rx,1,4,00,48,00,12,00,00,00,00,
127926998,00000118,false,Rx,1,4,00,49,00,12,00,00,00,00,
127936627,00000118,false,Rx,1,4,00,4A,00,12,00,00,00,00,
127946987,00000118,false,Rx,1,4,00,4B,00,12,00,00,00,00,
127956616,00000118,false,Rx,1,4,00,4C,00,12,00,00,00,00,
127966956,00000118,false,Rx,1,4,00,4D,00,12,00,00,00,00,
127976622,00000118,false,Rx,1,4,00,4E,00,12,00,00,00,00,
127986950,00000118,false,Rx,1,4,00,4F,00,12,00,00,00,00,
127987243,17F0000F,true,Rx,1,8,00,0F,00,00,00,00,00,00,
127996727,00000118,false,Rx,1,4,00,40,00,12,00,00,00,00,
128007336,00000118,false,Rx,1,4,00,41,00,12,00,00,00,00,
128016994,00000118,false,Rx,1,4,00,42,00,12,00,00,00,00,
128018219,0000070F,false,Rx,0,8,03,22,02,8D,55,55,55,55,
128027366,00000118,false,Rx,1,4,00,43,00,12,00,00,00,00,
128036969,00000118,false,Rx,1,4,00,44,00,12,00,00,00,00,
128038218,00000779,false,Rx,1,8,05,62,02,8D,79,00,AA,AA,
128047337,00000118,false,Rx,1,4,00,45,00,12,00,00,00,00,
128056961,00000118,false,Rx,1,4,00,46,00,12,00,00,00,00,
128067299,00000118,false,Rx,1,4,00,47,00,12,00,00,00,00,
128076976,00000118,false,Rx,1,4,00,48,00,12,00,00,00,00,
128087288,00000118,false,Rx,1,4,00,49,00,12,00,00,00,00,
128097061,00000118,false,Rx,1,4,00,4A,00,12,00,00,00,00,
128107277,00000118,false,Rx,1,4,00,4B,00,12,00,00,00,00,
128116943,00000118,false,Rx,1,4,00,4C,00,12,00,00,00,00,
128127295,00000118,false,Rx,1,4,00,4D,00,12,00,00,00,00,
128136931,00000118,false,Rx,1,4,00,4E,00,12,00,00,00,00,
128147273,00000118,false,Rx,1,4,00,4F,00,12,00,00,00,00,
128156902,00000118,false,Rx,1,4,00,40,00,12,00,00,00,00,
128167244,00000118,false,Rx,1,4,00,41,00,12,00,00,00,00,
128176908,00000118,false,Rx,1,4,00,42,00,12,00,00,00,00,
128187232,00000118,false,Rx,1,4,00,43,00,12,00,00,00,00,
128197002,00000118,false,Rx,1,4,00,44,00,12,00,00,00,00,
128207219,00000118,false,Rx,1,4,00,45,00,12,00,00,00,00,
128216867,00000118,false,Rx,1,4,00,46,00,12,00,00,00,00,
128227233,00000118,false,Rx,1,4,00,47,00,12,00,00,00,00,
128236854,00000118,false,Rx,1,4,00,48,00,12,00,00,00,00,
128247229,00000118,false,Rx,1,4,00,49,00,12,00,00,00,00,
128256872,00000118,false,Rx,1,4,00,4A,00,12,00,00,00,00,
128267226,00000118,false,Rx,1,4,00,4B,00,12,00,00,00,00,
128277128,00000118,false,Rx,1,4,00,4C,00,12,00,00,00,00,
128287368,00000118,false,Rx,1,4,00,4D,00,12,00,00,00,00,
128297124,00000118,false,Rx,1,4,00,4E,00,12,00,00,00,00,
128307118,00000118,false,Rx,1,4,00,4F,00,12,00,00,00,00,
128317117,00000118,false,Rx,1,4,00,40,00,12,00,00,00,00,
128327126,00000118,false,Rx,1,4,00,41,00,12,00,00,00,00,
128336103,0000070F,false,Rx,0,8,03,22,2B,F1,55,55,55,55,
128336887,00000118,false,Rx,1,4,00,42,00,12,00,00,00,00,
128347121,00000118,false,Rx,1,4,00,43,00,12,00,00,00,00,
128357118,00000118,false,Rx,1,4,00,44,00,12,00,00,00,00,
128358139,00000779,false,Rx,1,8,05,62,2B,F1,5D,72,AA,AA,
128367118,00000118,false,Rx,1,4,00,45,00,12,00,00,00,00,
128376885,00000118,false,Rx,1,4,00,46,00,12,00,00,00,00,
128387114,00000118,false,Rx,1,4,00,47,00,12,00,00,00,00,
128397119,00000118,false,Rx,1,4,00,48,00,12,00,00,00,00,
128407119,00000118,false,Rx,1,4,00,49,00,12,00,00,00,00,
128416875,00000118,false,Rx,1,4,00,4A,00,12,00,00,00,00,
128427126,00000118,false,Rx,1,4,00,4B,00,12,00,00,00,00,
128436878,00000118,false,Rx,1,4,00,4C,00,12,00,00,00,00,
128447121,00000118,false,Rx,1,4,00,4D,00,12,00,00,00,00,
128456880,00000118,false,Rx,1,4,00,4E,00,12,00,00,00,00,
128467126,00000118,false,Rx,1,4,00,4F,00,12,00,00,00,00,
128476873,00000118,false,Rx,1,4,00,40,00,12,00,00,00,00,
128487119,00000118,false,Rx,1,4,00,41,00,12,00,00,00,00,
128487653,17F0000F,true,Rx,1,8,00,0F,00,00,00,00,00,00,
128497131,00000118,false,Rx,1,4,00,42,00,12,00,00,00,00,
128507361,00000118,false,Rx,1,4,00,43,00,12,00,00,00,00,
128517362,00000118,false,Rx,1,4,00,44,00,12,00,00,00,00,
128527363,00000118,false,Rx,1,4,00,45,00,12,00,00,00,00,
128537373,00000118,false,Rx,1,4,00,46,00,12,00,00,00,00,
128547354,00000118,false,Rx,1,4,00,47,00,12,00,00,00,00,
128557361,00000118,false,Rx,1,4,00,48,00,12,00,00,00,00,
128567378,00000118,false,Rx,1,4,00,49,00,12,00,00,00,00,
128577363,00000118,false,Rx,1,4,00,4A,00,12,00,00,00,00,
128587367,00000118,false,Rx,1,4,00,4B,00,12,00,00,00,00,
128597369,00000118,false,Rx,1,4,00,4C,00,12,00,00,00,00,
128607369,00000118,false,Rx,1,4,00,4D,00,12,00,00,00,00,
128617125,00000118,false,Rx,1,4,00,4E,00,12,00,00,00,00,
128627386,00000118,false,Rx,1,4,00,4F,00,12,00,00,00,00,
128637123,00000118,false,Rx,1,4,00,40,00,12,00,00,00,00,
128647360,00000118,false,Rx,1,4,00,41,00,12,00,00,00,00,
128651178,0000070F,false,Rx,0,8,03,22,2B,E4,55,55,55,55,
128657365,00000118,false,Rx,1,4,00,42,00,12,00,00,00,00,
128667362,00000118,false,Rx,1,4,00,43,00,12,00,00,00,00,
128669666,00000779,false,Rx,1,8,05,62,2B,E4,91,66,AA,AA,
128677119,00000118,false,Rx,1,4,00,44,00,12,00,00,00,00,
128687365,00000118,false,Rx,1,4,00,45,00,12,00,00,00,00,
128697369,00000118,false,Rx,1,4,00,46,00,12,00,00,00,00,
128707355,00000118,false,Rx,1,4,00,47,00,12,00,00,00,00,
128717118,00000118,false,Rx,1,4,00,48,00,12,00,00,00,00,
128727365,00000118,false,Rx,1,4,00,49,00,12,00,00,00,00,
128737124,00000118,false,Rx,1,4,00,4A,00,12,00,00,00,00,
128747209,00000118,false,Rx,1,4,00,4B,00,12,00,00,00,00,
128761051,00000118,false,Rx,1,4,00,4C,00,12,00,00,00,00,
128767626,00000118,false,Rx,1,4,00,4D,00,12,00,00,00,00,
128777027,00000118,false,Rx,1,4,00,4E,00,12,00,00,00,00,
128787286,00000118,false,Rx,1,4,00,4F,00,12,00,00,00,00,
128797058,00000118,false,Rx,1,4,00,40,00,12,00,00,00,00,
128807275,00000118,false,Rx,1,4,00,41,00,12,00,00,00,00,
128816950,00000118,false,Rx,1,4,00,42,00,12,00,00,00,00,
128827264,00000118,false,Rx,1,4,00,43,00,12,00,00,00,00,
128836950,00000118,false,Rx,1,4,00,44,00,12,00,00,00,00,
128847271,00000118,false,Rx,1,4,00,45,00,12,00,00,00,00,
128856897,00000118,false,Rx,1,4,00,46,00,12,00,00,00,00,
128867255,00000118,false,Rx,1,4,00,47,00,12,00,00,00,00,
128876885,00000118,false,Rx,1,4,00,48,00,12,00,00,00,00,
128887227,00000118,false,Rx,1,4,00,49,00,12,00,00,00,00,
128897000,00000118,false,Rx,1,4,00,4A,00,12,00,00,00,00,
128907215,00000118,false,Rx,1,4,00,4B,00,12,00,00,00,00,
128916881,00000118,false,Rx,1,4,00,4C,00,12,00,00,00,00,
128927203,00000118,false,Rx,1,4,00,4D,00,12,00,00,00,00,
128936855,00000118,false,Rx,1,4,00,4E,00,12,00,00,00,00,
128947218,00000118,false,Rx,1,4,00,4F,00,12,00,00,00,00,
128956841,00000118,false,Rx,1,4,00,40,00,12,00,00,00,00,
128963515,0000070F,false,Rx,0,8,03,22,02,8D,55,55,55,55,
128967223,00000118,false,Rx,1,4,00,41,00,12,00,00,00,00,
128976829,00000118,false,Rx,1,4,00,42,00,12,00,00,00,00,
128978076,00000779,false,Rx,1,8,05,62,02,8D,79,00,AA,AA,
128987181,00000118,false,Rx,1,4,00,43,00,12,00,00,00,00,
128987477,17F0000F,true,Rx,1,8,00,0F,00,00,00,00,00,00,
128996954,00000118,false,Rx,1,4,00,44,00,12,00,00,00,00,
129007557,00000118,false,Rx,1,4,00,45,00,12,00,00,00,00,
129017225,00000118,false,Rx,1,4,00,46,00,12,00,00,00,00,
129027545,00000118,false,Rx,1,4,00,47,00,12,00,00,00,00,
129037192,00000118,false,Rx,1,4,00,48,00,12,00,00,00,00,
129047559,00000118,false,Rx,1,4,00,49,00,12,00,00,00,00,
129057183,00000118,false,Rx,1,4,00,4A,00,12,00,00,00,00,
129067539,00000118,false,Rx,1,4,00,4B,00,12,00,00,00,00,
129077171,00000118,false,Rx,1,4,00,4C,00,12,00,00,00,00,
129087512,00000118,false,Rx,1,4,00,4D,00,12,00,00,00,00,
129097286,00000118,false,Rx,1,4,00,4E,00,12,00,00,00,00,
129107501,00000118,false,Rx,1,4,00,4F,00,12,00,00,00,00,
129117167,00000118,false,Rx,1,4,00,40,00,12,00,00,00,00,
129127494,00000118,false,Rx,1,4,00,41,00,12,00,00,00,00,
129137138,00000118,false,Rx,1,4,00,42,00,12,00,00,00,00,
129147503,00000118,false,Rx,1,4,00,43,00,12,00,00,00,00,
129157125,00000118,false,Rx,1,4,00,44,00,12,00,00,00,00,
129167482,00000118,false,Rx,1,4,00,45,00,12,00,00,00,00,
129177113,00000118,false,Rx,1,4,00,46,00,12,00,00,00,00,
129187452,00000118,false,Rx,1,4,00,47,00,12,00,00,00,00,
129197225,00000118,false,Rx,1,4,00,48,00,12,00,00,00,00,
129207442,00000118,false,Rx,1,4,00,49,00,12,00,00,00,00,
129217108,00000118,false,Rx,1,4,00,4A,00,12,00,00,00,00,
129227430,00000118,false,Rx,1,4,00,4B,00,12,00,00,00,00,
129237080,00000118,false,Rx,1,4,00,4C,00,12,00,00,00,00,
129247439,00000118,false,Rx,1,4,00,4D,00,12,00,00,00,00,
129257294,00000118,false,Rx,1,4,00,4E,00,12,00,00,00,00,
129271842,00000118,false,Rx,1,4,00,4F,00,12,00,00,00,00,
129277514,00000118,false,Rx,1,4,00,40,00,12,00,00,00,00,
129285158,0000070F,false,Rx,0,8,03,22,2B,F1,55,55,55,55,
129287439,00000118,false,Rx,1,4,00,41,00,12,00,00,00,00,
129297260,00000118,false,Rx,1,4,00,42,00,12,00,00,00,00,
129298503,00000779,false,Rx,1,8,05,62,2B,F1,5D,72,AA,AA,
129307705,00000118,false,Rx,1,4,00,43,00,12,00,00,00,00,
129317950,00000118,false,Rx,1,4,00,44,00,12,00,00,00,00,
129328083,00000118,false,Rx,1,4,00,45,00,12,00,00,00,00,
129337948,00000118,false,Rx,1,4,00,46,00,12,00,00,00,00,
129348062,00000118,false,Rx,1,4,00,47,00,12,00,00,00,00,
129357954,00000118,false,Rx,1,4,00,48,00,12,00,00,00,00,
129368042,00000118,false,Rx,1,4,00,49,00,12,00,00,00,00,
129377943,00000118,false,Rx,1,4,00,4A,00,12,00,00,00,00,
129388035,00000118,false,Rx,1,4,00,4B,00,12,00,00,00,00,
129398001,00000118,false,Rx,1,4,00,4C,00,12,00,00,00,00,
129408037,00000118,false,Rx,1,4,00,4D,00,12,00,00,00,00,
129417882,00000118,false,Rx,1,4,00,4E,00,12,00,00,00,00,
129428027,00000118,false,Rx,1,4,00,4F,00,12,00,00,00,00,
129437871,00000118,false,Rx,1,4,00,40,00,12,00,00,00,00,
129448000,00000118,false,Rx,1,4,00,41,00,12,00,00,00,00,
129457881,00000118,false,Rx,1,4,00,42,00,12,00,00,00,00,
129467986,00000118,false,Rx,1,4,00,43,00,12,00,00,00,00,
129477864,00000118,false,Rx,1,4,00,44,00,12,00,00,00,00,
129487972,00000118,false,Rx,1,4,00,45,00,12,00,00,00,00,
129488506,17F0000F,true,Rx,1,8,00,0F,00,00,00,00,00,00,
129497952,00000118,false,Rx,1,4,00,46,00,12,00,00,00,00,
129508380,00000118,false,Rx,1,4,00,47,00,12,00,00,00,00,
129518222,00000118,false,Rx,1,4,00,48,00,12,00,00,00,00,
129528377,00000118,false,Rx,1,4,00,49,00,12,00,00,00,00,
129538221,00000118,false,Rx,1,4,00,4A,00,12,00,00,00,00,
129548337,00000118,false,Rx,1,4,00,4B,00,12,00,00,00,00,
129558225,00000118,false,Rx,1,4,00,4C,00,12,00,00,00,00,
129568326,00000118,false,Rx,1,4,00,4D,00,12,00,00,00,00,
129578209,00000118,false,Rx,1,4,00,4E,00,12,00,00,00,00,
129588384,00000118,false,Rx,1,4,00,4F,00,12,00,00,00,00,
129598285,00000118,false,Rx,1,4,00,40,00,12,00,00,00,00,
129599845,0000070F,false,Rx,0,8,03,22,2B,E4,55,55,55,55,
129608345,00000118,false,Rx,1,4,00,41,00,12,00,00,00,00,
129618167,00000118,false,Rx,1,4,00,42,00,12,00,00,00,00,
129619408,00000779,false,Rx,1,8,05,62,2B,E4,91,66,AA,AA,
129628330,00000118,false,Rx,1,4,00,43,00,12,00,00,00,00,
129638554,00000118,false,Rx,1,4,00,44,00,12,00,00,00,00,
129648680,00000118,false,Rx,1,4,00,45,00,12,00,00,00,00,
129658569,00000118,false,Rx,1,4,00,46,00,12,00,00,00,00,
129668667,00000118,false,Rx,1,4,00,47,00,12,00,00,00,00,
129678547,00000118,false,Rx,1,4,00,48,00,12,00,00,00,00,
129688870,00000118,false,Rx,1,4,00,49,00,12,00,00,00,00,
129698610,00000118,false,Rx,1,4,00,4A,00,12,00,00,00,00,
129708663,00000118,false,Rx,1,4,00,4B,00,12,00,00,00,00,
129718508,00000118,false,Rx,1,4,00,4C,00,12,00,00,00,00,
129728652,00000118,false,Rx,1,4,00,4D,00,12,00,00,00,00,
129738498,00000118,false,Rx,1,4,00,4E,00,12,00,00,00,00,
129748683,00000118,false,Rx,1,4,00,4F,00,12,00,00,00,00,
129761823,00000118,false,Rx,1,4,00,40,00,12,00,00,00,00,
129768836,00000118,false,Rx,1,4,00,41,00,12,00,00,00,00,
129778376,00000118,false,Rx,1,4,00,42,00,12,00,00,00,00,
129788882,00000118,false,Rx,1,4,00,43,00,12,00,00,00,00,
129798459,00000118,false,Rx,1,4,00,44,00,12,00,00,00,00,
129808695,00000118,false,Rx,1,4,00,45,00,12,00,00,00,00,
129818361,00000118,false,Rx,1,4,00,46,00,12,00,00,00,00,
129828684,00000118,false,Rx,1,4,00,47,00,12,00,00,00,00,
129838329,00000118,false,Rx,1,4,00,48,00,12,00,00,00,00,
129848689,00000118,false,Rx,1,4,00,49,00,12,00,00,00,00,
129858337,00000118,false,Rx,1,4,00,4A,00,12,00,00,00,00,
129868684,00000118,false,Rx,1,4,00,4B,00,12,00,00,00,00,
129878310,00000118,false,Rx,1,4,00,4C,00,12,00,00,00,00,
129888874,00000118,false,Rx,1,4,00,4D,00,12,00,00,00,00,
129898404,00000118,false,Rx,1,4,00,4E,00,12,00,00,00,00,
129908639,00000118,false,Rx,1,4,00,4F,00,12,00,00,00,00,
129918305,00000118,false,Rx,1,4,00,40,00,12,00,00,00,00,
129922078,0000070F,false,Rx,0,8,03,22,02,8D,55,55,55,55,
129928651,00000118,false,Rx,1,4,00,41,00,12,00,00,00,00,
129938274,00000118,false,Rx,1,4,00,42,00,12,00,00,00,00,
129939522,00000779,false,Rx,1,8,05,62,02,8D,79,00,AA,AA,
129948644,00000118,false,Rx,1,4,00,43,00,12,00,00,00,00,
129958261,00000118,false,Rx,1,4,00,44,00,12,00,00,00,00,
129968627,00000118,false,Rx,1,4,00,45,00,12,00,00,00,00,
129978253,00000118,false,Rx,1,4,00,46,00,12,00,00,00,00,
129988634,00000118,false,Rx,1,4,00,47,00,12,00,00,00,00,
129989172,17F0000F,true,Rx,1,8,00,0F,00,00,00,00,00,00,
129998373,00000118,false,Rx,1,4,00,48,00,12,00,00,00,00,
130008981,00000118,false,Rx,1,4,00,49,00,12,00,00,00,00,
130018647,00000118,false,Rx,1,4,00,4A,00,12,00,00,00,00,
130028970,00000118,false,Rx,1,4,00,4B,00,12,00,00,00,00,
130038618,00000118,false,Rx,1,4,00,4C,00,12,00,00,00,00,
130048975,00000118,false,Rx,1,4,00,4D,00,12,00,00,00,00,
130058606,00000118,false,Rx,1,4,00,4E,00,12,00,00,00,00,
130068970,00000118,false,Rx,1,4,00,4F,00,12,00,00,00,00,
130078598,00000118,false,Rx,1,4,00,40,00,12,00,00,00,00,
130089121,00000118,false,Rx,1,4,00,41,00,12,00,00,00,00,
130098688,00000118,false,Rx,1,4,00,42,00,12,00,00,00,00,
130108943,00000118,false,Rx,1,4,00,43,00,12,00,00,00,00,
130118588,00000118,false,Rx,1,4,00,44,00,12,00,00,00,00,
130128943,00000118,false,Rx,1,4,00,45,00,12,00,00,00,00,
130138561,00000118,false,Rx,1,4,00,46,00,12,00,00,00,00,
130148937,00000118,false,Rx,1,4,00,47,00,12,00,00,00,00,
130158545,00000118,false,Rx,1,4,00,48,00,12,00,00,00,00,
130168909,00000118,false,Rx,1,4,00,49,00,12,00,00,00,00,
130178538,00000118,false,Rx,1,4,00,4A,00,12,00,00,00,00,
130189125,00000118,false,Rx,1,4,00,4B,00,12,00,00,00,00,
130198632,00000118,false,Rx,1,4,00,4C,00,12,00,00,00,00,
130208865,00000118,false,Rx,1,4,00,4D,00,12,00,00,00,00,
130218530,00000118,false,Rx,1,4,00,4E,00,12,00,00,00,00,
130228854,00000118,false,Rx,1,4,00,4F,00,12,00,00,00,00,
130235350,0000070F,false,Rx,0,8,03,22,2B,F1,55,55,55,55,
130238524,00000118,false,Rx,1,4,00,40,00,12,00,00,00,00,
130248909,00000118,false,Rx,1,4,00,41,00,12,00,00,00,00,
130251425,00000779,false,Rx,1,8,05,62,2B,F1,5D,72,AA,AA,
130258523,00000118,false,Rx,1,4,00,42,00,12,00,00,00,00,
130268964,00000118,false,Rx,1,4,00,43,00,12,00,00,00,00,
130278624,00000118,false,Rx,1,4,00,44,00,12,00,00,00,00,
130289094,00000118,false,Rx,1,4,00,45,00,12,00,00,00,00,
130298664,00000118,false,Rx,1,4,00,46,00,12,00,00,00,00,
130308852,00000118,false,Rx,1,4,00,47,00,12,00,00,00,00,
130318544,00000118,false,Rx,1,4,00,48,00,12,00,00,00,00,
130328852,00000118,false,Rx,1,4,00,49,00,12,00,00,00,00,
130338950,00000118,false,Rx,1,4,00,4A,00,12,00,00,00,00,
130349339,00000118,false,Rx,1,4,00,4B,00,12,00,00,00,00,
130358886,00000118,false,Rx,1,4,00,4C,00,12,00,00,00,00,
130369332,00000118,false,Rx,1,4,00,4D,00,12,00,00,00,00,
130378896,00000118,false,Rx,1,4,00,4E,00,12,00,00,00,00,
130389338,00000118,false,Rx,1,4,00,4F,00,12,00,00,00,00,
130398987,00000118,false,Rx,1,4,00,40,00,12,00,00,00,00,
130409333,00000118,false,Rx,1,4,00,41,00,12,00,00,00,00,
130418869,00000118,false,Rx,1,4,00,42,00,12,00,00,00,00,
130429092,00000118,false,Rx,1,4,00,43,00,12,00,00,00,00,
130438837,00000118,false,Rx,1,4,00,44,00,12,00,00,00,00,
130449100,00000118,false,Rx,1,4,00,45,00,12,00,00,00,00,
130458827,00000118,false,Rx,1,4,00,46,00,12,00,00,00,00,
130469094,00000118,false,Rx,1,4,00,47,00,12,00,00,00,00,
130478833,00000118,false,Rx,1,4,00,48,00,12,00,00,00,00,
130489089,00000118,false,Rx,1,4,00,49,00,12,00,00,00,00,
130489630,17F0000F,true,Rx,1,8,00,0F,00,00,00,00,00,00,
130498952,00000118,false,Rx,1,4,00,4A,00,12,00,00,00,00,
130509083,00000118,false,Rx,1,4,00,4B,00,12,00,00,00,00,
130518810,00000118,false,Rx,1,4,00,4C,00,12,00,00,00,00,
130529087,00000118,false,Rx,1,4,00,4D,00,12,00,00,00,00,
130538781,00000118,false,Rx,1,4,00,4E,00,12,00,00,00,00,
130549087,00000118,false,Rx,1,4,00,4F,00,12,00,00,00,00,
130551044,0000070F,false,Rx,0,8,03,22,2B,E4,55,55,55,55,
130558792,00000118,false,Rx,1,4,00,40,00,12,00,00,00,00,
130569087,00000118,false,Rx,1,4,00,41,00,12,00,00,00,00,
130571189,00000779,false,Rx,1,8,05,62,2B,E4,91,66,AA,AA,
130578787,00000118,false,Rx,1,4,00,42,00,12,00,00,00,00,
130589086,00000118,false,Rx,1,4,00,43,00,12,00,00,00,00,
130598869,00000118,false,Rx,1,4,00,44,00,12,00,00,00,00,
130609088,00000118,false,Rx,1,4,00,45,00,12,00,00,00,00,
130618772,00000118,false,Rx,1,4,00,46,00,12,00,00,00,00,
130629107,00000118,false,Rx,1,4,00,47,00,12,00,00,00,00,
130638741,00000118,false,Rx,1,4,00,48,00,12,00,00,00,00,
130649088,00000118,false,Rx,1,4,00,49,00,12,00,00,00,00,
130658732,00000118,false,Rx,1,4,00,4A,00,12,00,00,00,00,
130669096,00000118,false,Rx,1,4,00,4B,00,12,00,00,00,00,
130678739,00000118,false,Rx,1,4,00,4C,00,12,00,00,00,00,
130689095,00000118,false,Rx,1,4,00,4D,00,12,00,00,00,00,
130698833,00000118,false,Rx,1,4,00,4E,00,12,00,00,00,00,
130709097,00000118,false,Rx,1,4,00,4F,00,12,00,00,00,00,
130718713,00000118,false,Rx,1,4,00,40,00,12,00,00,00,00,
130729088,00000118,false,Rx,1,4,00,41,00,12,00,00,00,00,
130738685,00000118,false,Rx,1,4,00,42,00,12,00,00,00,00,
130748904,00000118,false,Rx,1,4,00,43,00,12,00,00,00,00,
130758726,00000118,false,Rx,1,4,00,44,00,12,00,00,00,00,
130769749,00000118,false,Rx,1,4,00,45,00,12,00,00,00,00,
130778765,00000118,false,Rx,1,4,00,46,00,12,00,00,00,00,
130788913,00000118,false,Rx,1,4,00,47,00,12,00,00,00,00,
130798792,00000118,false,Rx,1,4,00,48,00,12,00,00,00,00,
130808810,00000118,false,Rx,1,4,00,49,00,12,00,00,00,00,
130818676,00000118,false,Rx,1,4,00,4A,00,12,00,00,00,00,
130828817,00000118,false,Rx,1,4,00,4B,00,12,00,00,00,00,
130838666,00000118,false,Rx,1,4,00,4C,00,12,00,00,00,00,
130848806,00000118,false,Rx,1,4,00,4D,00,12,00,00,00,00,
130858652,00000118,false,Rx,1,4,00,4E,00,12,00,00,00,00,
130868778,00000118,false,Rx,1,4,00,4F,00,12,00,00,00,00,
130878659,00000118,false,Rx,1,4,00,40,00,12,00,00,00,00,
130880169,0000070F,false,Rx,0,8,03,22,02,8D,55,55,55,55,
130888886,00000118,false,Rx,1,4,00,41,00,12,00,00,00,00,
130898740,00000118,false,Rx,1,4,00,42,00,12,00,00,00,00,
130900195,00000779,false,Rx,1,8,05,62,02,8D,79,00,AA,AA,
130909378,00000118,false,Rx,1,4,00,43,00,12,00,00,00,00,
130919015,00000118,false,Rx,1,4,00,44,00,12,00,00,00,00,
130929383,00000118,false,Rx,1,4,00,45,00,12,00,00,00,00,
130939004,00000118,false,Rx,1,4,00,46,00,12,00,00,00,00,
130949376,00000118,false,Rx,1,4,00,47,00,12,00,00,00,00,
130958992,00000118,false,Rx,1,4,00,48,00,12,00,00,00,00,
130969118,00000118,false,Rx,1,4,00,49,00,12,00,00,00,00,
130979000,00000118,false,Rx,1,4,00,4A,00,12,00,00,00,00,
130989362,00000118,false,Rx,1,4,00,4B,00,12,00,00,00,00,
130989897,17F0000F,true,Rx,1,8,00,0F,00,00,00,00,00,00,
130999069,00000118,false,Rx,1,4,00,4C,00,12,00,00,00,00,
131009095,00000118,false,Rx,1,4,00,4D,00,12,00,00,00,00,
131018960,00000118,false,Rx,1,4,00,4E,00,12,00,00,00,00,
131029103,00000118,false,Rx,1,4,00,4F,00,12,00,00,00,00,
131038951,00000118,false,Rx,1,4,00,40,00,12,00,00,00,00,
131049091,00000118,false,Rx,1,4,00,41,00,12,00,00,00,00,
131058951,00000118,false,Rx,1,4,00,42,00,12,00,00,00,00,
131069063,00000118,false,Rx,1,4,00,43,00,12,00,00,00,00,
131078951,00000118,false,Rx,1,4,00,44,00,12,00,00,00,00,
131089168,00000118,false,Rx,1,4,00,45,00,12,00,00,00,00,
131099020,00000118,false,Rx,1,4,00,46,00,12,00,00,00,00,
131109041,00000118,false,Rx,1,4,00,47,00,12,00,00,00,00,
131118900,00000118,false,Rx,1,4,00,48,00,12,00,00,00,00,
131129059,00000118,false,Rx,1,4,00,49,00,12,00,00,00,00,
131138889,00000118,false,Rx,1,4,00,4A,00,12,00,00,00,00,
131149032,00000118,false,Rx,1,4,00,4B,00,12,00,00,00,00,
131158878,00000118,false,Rx,1,4,00,4C,00,12,00,00,00,00,
131169002,00000118,false,Rx,1,4,00,4D,00,12,00,00,00,00,
131178884,00000118,false,Rx,1,4,00,4E,00,12,00,00,00,00,
131189136,00000118,false,Rx,1,4,00,4F,00,12,00,00,00,00,
131198969,00000118,false,Rx,1,4,00,40,00,12,00,00,00,00,
131200021,0000070F,false,Rx,0,8,03,22,2B,F1,55,55,55,55,
131209004,00000118,false,Rx,1,4,00,41,00,12,00,00,00,00,
131218844,00000118,false,Rx,1,4,00,42,00,12,00,00,00,00,
131220187,00000779,false,Rx,1,8,05,62,2B,F1,5D,72,AA,AA,
131228997,00000118,false,Rx,1,4,00,43,00,12,00,00,00,00,
131239374,00000118,false,Rx,1,4,00,44,00,12,00,00,00,00,
131249421,00000118,false,Rx,1,4,00,45,00,12,00,00,00,00,
131265733,00000118,false,Rx,1,4,00,46,00,12,00,00,00,00,
131269493,00000118,false,Rx,1,4,00,47,00,12,00,00,00,00,
131279194,00000118,false,Rx,1,4,00,48,00,12,00,00,00,00,
131289595,00000118,false,Rx,1,4,00,49,00,12,00,00,00,00,
131299239,00000118,false,Rx,1,4,00,4A,00,12,00,00,00,00,
131309581,00000118,false,Rx,1,4,00,4B,00,12,00,00,00,00,
131319115,00000118,false,Rx,1,4,00,4C,00,12,00,00,00,00,
131329590,00000118,false,Rx,1,4,00,4D,00,12,00,00,00,00,
131339105,00000118,false,Rx,1,4,00,4E,00,12,00,00,00,00,
131349586,00000118,false,Rx,1,4,00,4F,00,12,00,00,00,00,
131359091,00000118,false,Rx,1,4,00,40,00,12,00,00,00,00,
131369591,00000118,false,Rx,1,4,00,41,00,12,00,00,00,00,
131379098,00000118,false,Rx,1,4,00,42,00,12,00,00,00,00,
131389588,00000118,false,Rx,1,4,00,43,00,12,00,00,00,00,
131399195,00000118,false,Rx,1,4,00,44,00,12,00,00,00,00,
131409341,00000118,false,Rx,1,4,00,45,00,12,00,00,00,00,
131419057,00000118,false,Rx,1,4,00,46,00,12,00,00,00,00,
131429584,00000118,false,Rx,1,4,00,47,00,12,00,00,00,00,
131439044,00000118,false,Rx,1,4,00,48,00,12,00,00,00,00,
131449339,00000118,false,Rx,1,4,00,49,00,12,00,00,00,00,
131459033,00000118,false,Rx,1,4,00,4A,00,12,00,00,00,00,
131469336,00000118,false,Rx,1,4,00,4B,00,12,00,00,00,00,
131479040,00000118,false,Rx,1,4,00,4C,00,12,00,00,00,00,
131489339,00000118,false,Rx,1,4,00,4D,00,12,00,00,00,00,
131489882,17F0000F,true,Rx,1,8,00,0F,00,00,00,00,00,00,
131499145,00000118,false,Rx,1,4,00,4E,00,12,00,00,00,00,
131509334,00000118,false,Rx,1,4,00,4F,00,12,00,00,00,00,
131513329,0000070F,false,Rx,0,8,03,22,2B,E4,55,55,55,55,
131519023,00000118,false,Rx,1,4,00,40,00,12,00,00,00,00,
131529334,00000118,false,Rx,1,4,00,41,00,12,00,00,00,00,
131531471,00000779,false,Rx,1,8,05,62,2B,E4,F5,66,AA,AA,
131538997,00000118,false,Rx,1,4,00,42,00,12,00,00,00,00,
131549330,00000118,false,Rx,1,4,00,43,00,12,00,00,00,00,
131558974,00000118,false,Rx,1,4,00,44,00,12,00,00,00,00,
131569329,00000118,false,Rx,1,4,00,45,00,12,00,00,00,00,
131578983,00000118,false,Rx,1,4,00,46,00,12,00,00,00,00,
131589334,00000118,false,Rx,1,4,00,47,00,12,00,00,00,00,
131599094,00000118,false,Rx,1,4,00,48,00,12,00,00,00,00,
131609341,00000118,false,Rx,1,4,00,49,00,12,00,00,00,00,
131618961,00000118,false,Rx,1,4,00,4A,00,12,00,00,00,00,
131629346,00000118,false,Rx,1,4,00,4B,00,12,00,00,00,00,
131638953,00000118,false,Rx,1,4,00,4C,00,12,00,00,00,00,
131649340,00000118,false,Rx,1,4,00,4D,00,12,00,00,00,00,
131658950,00000118,false,Rx,1,4,00,4E,00,12,00,00,00,00,
131669335,00000118,false,Rx,1,4,00,4F,00,12,00,00,00,00,
131678950,00000118,false,Rx,1,4,00,40,00,12,00,00,00,00,
131689334,00000118,false,Rx,1,4,00,41,00,12,00,00,00,00,
131699036,00000118,false,Rx,1,4,00,42,00,12,00,00,00,00,
131709339,00000118,false,Rx,1,4,00,43,00,12,00,00,00,00,
131718898,00000118,false,Rx,1,4,00,44,00,12,00,00,00,00,
131729337,00000118,false,Rx,1,4,00,45,00,12,00,00,00,00,
131738889,00000118,false,Rx,1,4,00,46,00,12,00,00,00,00,
131749142,00000118,false,Rx,1,4,00,47,00,12,00,00,00,00,
131761073,00000118,false,Rx,1,4,00,48,00,12,00,00,00,00,
131769767,00000118,false,Rx,1,4,00,49,00,12,00,00,00,00,
131778823,00000118,false,Rx,1,4,00,4A,00,12,00,00,00,00,
131789386,00000118,false,Rx,1,4,00,4B,00,12,00,00,00,00,
131798891,00000118,false,Rx,1,4,00,4C,00,12,00,00,00,00,
131809151,00000118,false,Rx,1,4,00,4D,00,12,00,00,00,00,
131818807,00000118,false,Rx,1,4,00,4E,00,12,00,00,00,00,
131829017,0000070F,false,Rx,0,8,03,22,02,8D,55,55,55,55,
131829131,00000118,false,Rx,1,4,00,4F,00,12,00,00,00,00,
131838822,00000118,false,Rx,1,4,00,40,00,12,00,00,00,00,
131849121,00000118,false,Rx,1,4,00,41,00,12,00,00,00,00,
131851437,00000779,false,Rx,1,8,05,62,02,8D,79,00,AA,AA,
131858777,00000118,false,Rx,1,4,00,42,00,12,00,00,00,00,
131869127,00000118,false,Rx,1,4,00,43,00,12,00,00,00,00,
131878753,00000118,false,Rx,1,4,00,44,00,12,00,00,00,00,
131889356,00000118,false,Rx,1,4,00,45,00,12,00,00,00,00,
131898834,00000118,false,Rx,1,4,00,46,00,12,00,00,00,00,
131909088,00000118,false,Rx,1,4,00,47,00,12,00,00,00,00,
131918749,00000118,false,Rx,1,4,00,48,00,12,00,00,00,00,
131929072,00000118,false,Rx,1,4,00,49,00,12,00,00,00,00,
131939531,00000118,false,Rx,1,4,00,4A,00,12,00,00,00,00,
131949081,00000118,false,Rx,1,4,00,4B,00,12,00,00,00,00,
131958731,00000118,false,Rx,1,4,00,4C,00,12,00,00,00,00,
131969066,00000118,false,Rx,1,4,00,4D,00,12,00,00,00,00,
131978698,00000118,false,Rx,1,4,00,4E,00,12,00,00,00,00,
131989109,00000118,false,Rx,1,4,00,4F,00,12,00,00,00,00,
131989644,17F0000F,true,Rx,1,8,00,0F,00,00,00,00,00,00,
131998784,00000118,false,Rx,1,4,00,40,00,12,00,00,00,00,
132009034,00000118,false,Rx,1,4,00,41,00,12,00,00,00,00,
132018696,00000118,false,Rx,1,4,00,42,00,12,00,00,00,00,
132029017,00000118,false,Rx,1,4,00,43,00,12,00,00,00,00,
132038678,00000118,false,Rx,1,4,00,44,00,12,00,00,00,00,
132049003,00000118,false,Rx,1,4,00,45,00,12,00,00,00,00,
132058653,00000118,false,Rx,1,4,00,46,00,12,00,00,00,00,
132069011,00000118,false,Rx,1,4,00,47,00,12,00,00,00,00,
132078637,00000118,false,Rx,1,4,00,48,00,12,00,00,00,00,
132089107,00000118,false,Rx,1,4,00,49,00,12,00,00,00,00,
132098718,00000118,false,Rx,1,4,00,4A,00,12,00,00,00,00,
132108968,00000118,false,Rx,1,4,00,4B,00,12,00,00,00,00,
132118639,00000118,false,Rx,1,4,00,4C,00,12,00,00,00,00,
132128984,00000118,false,Rx,1,4,00,4D,00,12,00,00,00,00,
132138624,00000118,false,Rx,1,4,00,4E,00,12,00,00,00,00,
132148950,00000118,false,Rx,1,4,00,4F,00,12,00,00,00,00,
132149417,0000070F,false,Rx,0,8,03,22,2B,F1,55,55,55,55,
132158616,00000118,false,Rx,1,4,00,40,00,12,00,00,00,00,
132168955,00000118,false,Rx,1,4,00,41,00,12,00,00,00,00,
132171138,00000779,false,Rx,1,8,05,62,2B,F1,5D,72,AA,AA,
132178592,00000118,false,Rx,1,4,00,42,00,12,00,00,00,00,
132189106,00000118,false,Rx,1,4,00,43,00,12,00,00,00,00,
132198659,00000118,false,Rx,1,4,00,44,00,12,00,00,00,00,
132208911,00000118,false,Rx,1,4,00,45,00,12,00,00,00,00,
132218587,00000118,false,Rx,1,4,00,46,00,12,00,00,00,00,
132228899,00000118,false,Rx,1,4,00,47,00,12,00,00,00,00,
132238568,00000118,false,Rx,1,4,00,48,00,12,00,00,00,00,
132248967,00000118,false,Rx,1,4,00,49,00,12,00,00,00,00,
132263224,00000118,false,Rx,1,4,00,4A,00,12,00,00,00,00,
132269056,00000118,false,Rx,1,4,00,4B,00,12,00,00,00,00,
132278542,00000118,false,Rx,1,4,00,4C,00,12,00,00,00,00,
132289132,00000118,false,Rx,1,4,00,4D,00,12,00,00,00,00,
132298621,00000118,false,Rx,1,4,00,4E,00,12,00,00,00,00,
132308854,00000118,false,Rx,1,4,00,4F,00,12,00,00,00,00,
132318539,00000118,false,Rx,1,4,00,40,00,12,00,00,00,00,
132328845,00000118,false,Rx,1,4,00,41,00,12,00,00,00,00,
132338493,00000118,false,Rx,1,4,00,42,00,12,00,00,00,00,
132348850,00000118,false,Rx,1,4,00,43,00,12,00,00,00,00,
132358478,00000118,false,Rx,1,4,00,44,00,12,00,00,00,00,
132368835,00000118,false,Rx,1,4,00,45,00,12,00,00,00,00,
132378468,00000118,false,Rx,1,4,00,46,00,12,00,00,00,00,
132388870,00000118,false,Rx,1,4,00,47,00,12,00,00,00,00,
132398561,00000118,false,Rx,1,4,00,48,00,12,00,00,00,00,
132408796,00000118,false,Rx,1,4,00,49,00,12,00,00,00,00,
132418464,00000118,false,Rx,1,4,00,4A,00,12,00,00,00,00,
132428790,00000118,false,Rx,1,4,00,4B,00,12,00,00,00,00,
132438433,00000118,false,Rx,1,4,00,4C,00,12,00,00,00,00,
132448791,00000118,false,Rx,1,4,00,4D,00,12,00,00,00,00,
132458420,00000118,false,Rx,1,4,00,4E,00,12,00,00,00,00,
132465107,0000070F,false,Rx,0,8,03,22,2B,E4,55,55,55,55,
132468802,00000118,false,Rx,1,4,00,4F,00,12,00,00,00,00,
132478410,00000118,false,Rx,1,4,00,40,00,12,00,00,00,00,
132479763,00000779,false,Rx,1,8,05,62,2B,E4,F5,66,AA,AA,
132488873,00000118,false,Rx,1,4,00,41,00,12,00,00,00,00,
132489409,17F0000F,true,Rx,1,8,00,0F,00,00,00,00,00,00,
132498512,00000118,false,Rx,1,4,00,42,00,12,00,00,00,00,
132508741,00000118,false,Rx,1,4,00,43,00,12,00,00,00,00,
132518402,00000118,false,Rx,1,4,00,44,00,12,00,00,00,00,
132528728,00000118,false,Rx,1,4,00,45,00,12,00,00,00,00,
132538375,00000118,false,Rx,1,4,00,46,00,12,00,00,00,00,
132548733,00000118,false,Rx,1,4,00,47,00,12,00,00,00,00,
132558362,00000118,false,Rx,1,4,00,48,00,12,00,00,00,00,
132568722,00000118,false,Rx,1,4,00,49,00,12,00,00,00,00,
132578351,00000118,false,Rx,1,4,00,4A,00,12,00,00,00,00,
132588871,00000118,false,Rx,1,4,00,4B,00,12,00,00,00,00,
132598447,00000118,false,Rx,1,4,00,4C,00,12,00,00,00,00,
132608679,00000118,false,Rx,1,4,00,4D,00,12,00,00,00,00,
132618347,00000118,false,Rx,1,4,00,4E,00,12,00,00,00,00,
132628673,00000118,false,Rx,1,4,00,4F,00,12,00,00,00,00,
132638328,00000118,false,Rx,1,4,00,40,00,12,00,00,00,00,
132648677,00000118,false,Rx,1,4,00,41,00,12,00,00,00,00,
132658305,00000118,false,Rx,1,4,00,42,00,12,00,00,00,00,
132668665,00000118,false,Rx,1,4,00,43,00,12,00,00,00,00,
132678292,00000118,false,Rx,1,4,00,44,00,12,00,00,00,00,
132688866,00000118,false,Rx,1,4,00,45,00,12,00,00,00,00,
132698408,00000118,false,Rx,1,4,00,46,00,12,00,00,00,00,
132708622,00000118,false,Rx,1,4,00,47,00,12,00,00,00,00,
132718288,00000118,false,Rx,1,4,00,48,00,12,00,00,00,00,
132728618,00000118,false,Rx,1,4,00,49,00,12,00,00,00,00,
132738259,00000118,false,Rx,1,4,00,4A,00,12,00,00,00,00,
132748634,00000118,false,Rx,1,4,00,4B,00,12,00,00,00,00,
132764139,00000118,false,Rx,1,4,00,4C,00,12,00,00,00,00,
132768600,00000118,false,Rx,1,4,00,4D,00,12,00,00,00,00,
132778274,00000118,false,Rx,1,4,00,4E,00,12,00,00,00,00,
132784532,0000070F,false,Rx,0,8,03,22,02,8D,55,55,55,55,
132788644,00000118,false,Rx,1,4,00,4F,00,12,00,00,00,00,
132798351,00000118,false,Rx,1,4,00,40,00,12,00,00,00,00,
132799596,00000779,false,Rx,1,8,05,62,02,8D,79,00,AA,AA,
132808577,00000118,false,Rx,1,4,00,41,00,12,00,00,00,00,
132818231,00000118,false,Rx,1,4,00,42,00,12,00,00,00,00,
132828558,00000118,false,Rx,1,4,00,43,00,12,00,00,00,00,
132838205,00000118,false,Rx,1,4,00,44,00,12,00,00,00,00,
132848560,00000118,false,Rx,1,4,00,45,00,12,00,00,00,00,
132858190,00000118,false,Rx,1,4,00,46,00,12,00,00,00,00,
132868549,00000118,false,Rx,1,4,00,47,00,12,00,00,00,00,
132878177,00000118,false,Rx,1,4,00,48,00,12,00,00,00,00,
132888628,00000118,false,Rx,1,4,00,49,00,12,00,00,00,00,
132898293,00000118,false,Rx,1,4,00,4A,00,12,00,00,00,00,
132908507,00000118,false,Rx,1,4,00,4B,00,12,00,00,00,00,
132918174,00000118,false,Rx,1,4,00,4C,00,12,00,00,00,00,
132928497,00000118,false,Rx,1,4,00,4D,00,12,00,00,00,00,
132938151,00000118,false,Rx,1,4,00,4E,00,12,00,00,00,00,
132948505,00000118,false,Rx,1,4,00,4F,00,12,00,00,00,00,
132958133,00000118,false,Rx,1,4,00,40,00,12,00,00,00,00,
132968492,00000118,false,Rx,1,4,00,41,00,12,00,00,00,00,
132978122,00000118,false,Rx,1,4,00,42,00,12,00,00,00,00,
132988625,00000118,false,Rx,1,4,00,43,00,12,00,00,00,00,
132989159,17F0000F,true,Rx,1,8,00,0F,00,00,00,00,00,00,
132998241,00000118,false,Rx,1,4,00,44,00,12,00,00,00,00,
133008848,00000118,false,Rx,1,4,00,45,00,12,00,00,00,00,
133018517,00000118,false,Rx,1,4,00,46,00,12,00,00,00,00,
133028836,00000118,false,Rx,1,4,00,47,00,12,00,00,00,00,
133038488,00000118,false,Rx,1,4,00,48,00,12,00,00,00,00,
133048843,00000118,false,Rx,1,4,00,49,00,12,00,00,00,00,
133058475,00000118,false,Rx,1,4,00,4A,00,12,00,00,00,00,
133068831,00000118,false,Rx,1,4,00,4B,00,12,00,00,00,00,
133078463,00000118,false,Rx,1,4,00,4C,00,12,00,00,00,00,
133088877,00000118,false,Rx,1,4,00,4D,00,12,00,00,00,00,
133098558,00000118,false,Rx,1,4,00,4E,00,12,00,00,00,00,
133099625,0000070F,false,Rx,0,8,03,22,2B,F1,55,55,55,55,
133108816,00000118,false,Rx,1,4,00,4F,00,12,00,00,00,00,
133118458,00000118,false,Rx,1,4,00,40,00,12,00,00,00,00,
133119702,00000779,false,Rx,1,8,05,62,2B,F1,2B,72,AA,AA,
133128792,00000118,false,Rx,1,4,00,41,00,12,00,00,00,00,
133138440,00000118,false,Rx,1,4,00,42,00,12,00,00,00,00,
133148791,00000118,false,Rx,1,4,00,43,00,12,00,00,00,00,
133158414,00000118,false,Rx,1,4,00,44,00,12,00,00,00,00,
133168775,00000118,false,Rx,1,4,00,45,00,12,00,00,00,00,
133178404,00000118,false,Rx,1,4,00,46,00,12,00,00,00,00,
133188866,00000118,false,Rx,1,4,00,47,00,12,00,00,00,00,
133198499,00000118,false,Rx,1,4,00,48,00,12,00,00,00,00,
133208733,00000118,false,Rx,1,4,00,49,00,12,00,00,00,00,
133218400,00000118,false,Rx,1,4,00,4A,00,12,00,00,00,00,
133228722,00000118,false,Rx,1,4,00,4B,00,12,00,00,00,00,
133238376,00000118,false,Rx,1,4,00,4C,00,12,00,00,00,00,
133248747,00000118,false,Rx,1,4,00,4D,00,12,00,00,00,00,
133264609,00000118,false,Rx,1,4,00,4E,00,12,00,00,00,00,
133268849,00000118,false,Rx,1,4,00,4F,00,12,00,00,00,00,
133278409,00000118,false,Rx,1,4,00,40,00,12,00,00,00,00,
133288839,00000118,false,Rx,1,4,00,41,00,12,00,00,00,00,
133298462,00000118,false,Rx,1,4,00,42,00,12,00,00,00,00,
133308659,00000118,false,Rx,1,4,00,43,00,12,00,00,00,00,
133318358,00000118,false,Rx,1,4,00,44,00,12,00,00,00,00,
133328648,00000118,false,Rx,1,4,00,45,00,12,00,00,00,00,
133338331,00000118,false,Rx,1,4,00,46,00,12,00,00,00,00,
133348660,00000118,false,Rx,1,4,00,47,00,12,00,00,00,00,
133358318,00000118,false,Rx,1,4,00,48,00,12,00,00,00,00,
133368835,00000118,false,Rx,1,4,00,49,00,12,00,00,00,00,
133378326,00000118,false,Rx,1,4,00,4A,00,12,00,00,00,00,
133388842,00000118,false,Rx,1,4,00,4B,00,12,00,00,00,00,
133398422,00000118,false,Rx,1,4,00,4C,00,12,00,00,00,00,
133408601,00000118,false,Rx,1,4,00,4D,00,12,00,00,00,00,
133418302,00000118,false,Rx,1,4,00,4E,00,12,00,00,00,00,
133419504,0000070F,false,Rx,0,8,03,22,2B,E4,55,55,55,55,
133428613,00000118,false,Rx,1,4,00,4F,00,12,00,00,00,00,
133438273,00000118,false,Rx,1,4,00,40,00,12,00,00,00,00,
133439518,00000779,false,Rx,1,8,05,62,2B,E4,F5,66,AA,AA,
133448614,00000118,false,Rx,1,4,00,41,00,12,00,00,00,00,
133458261,00000118,false,Rx,1,4,00,42,00,12,00,00,00,00,
133468584,00000118,false,Rx,1,4,00,43,00,12,00,00,00,00,
133478267,00000118,false,Rx,1,4,00,44,00,12,00,00,00,00,
133488573,00000118,false,Rx,1,4,00,45,00,12,00,00,00,00,
133489118,17F0000F,true,Rx,1,8,00,0F,00,00,00,00,00,00,
133498375,00000118,false,Rx,1,4,00,46,00,12,00,00,00,00,
133508961,00000118,false,Rx,1,4,00,47,00,12,00,00,00,00,
133518624,00000118,false,Rx,1,4,00,48,00,12,00,00,00,00,
133528952,00000118,false,Rx,1,4,00,49,00,12,00,00,00,00,
133538597,00000118,false,Rx,1,4,00,4A,00,12,00,00,00,00,
133548958,00000118,false,Rx,1,4,00,4B,00,12,00,00,00,00,
133558586,00000118,false,Rx,1,4,00,4C,00,12,00,00,00,00,
133568944,00000118,false,Rx,1,4,00,4D,00,12,00,00,00,00,
133578593,00000118,false,Rx,1,4,00,4E,00,12,00,00,00,00,
133589086,00000118,false,Rx,1,4,00,4F,00,12,00,00,00,00,
133598689,00000118,false,Rx,1,4,00,40,00,12,00,00,00,00,
133608906,00000118,false,Rx,1,4,00,41,00,12,00,00,00,00,
133618569,00000118,false,Rx,1,4,00,42,00,12,00,00,00,00,
133628896,00000118,false,Rx,1,4,00,43,00,12,00,00,00,00,
133638546,00000118,false,Rx,1,4,00,44,00,12,00,00,00,00,
133648906,00000118,false,Rx,1,4,00,45,00,12,00,00,00,00,
133658529,00000118,false,Rx,1,4,00,46,00,12,00,00,00,00,
133668867,00000118,false,Rx,1,4,00,47,00,12,00,00,00,00,
133678533,00000118,false,Rx,1,4,00,48,00,12,00,00,00,00,
133689081,00000118,false,Rx,1,4,00,49,00,12,00,00,00,00,
133698630,00000118,false,Rx,1,4,00,4A,00,12,00,00,00,00,
133708844,00000118,false,Rx,1,4,00,4B,00,12,00,00,00,00,
133718511,00000118,false,Rx,1,4,00,4C,00,12,00,00,00,00,
133728834,00000118,false,Rx,1,4,00,4D,00,12,00,00,00,00,
133731506,0000070F,false,Rx,0,8,03,22,02,8D,55,55,55,55,
133738504,00000118,false,Rx,1,4,00,4E,00,12,00,00,00,00,
133748863,00000118,false,Rx,1,4,00,4F,00,12,00,00,00,00,
133751042,00000779,false,Rx,1,8,05,62,02,8D,79,00,AA,AA,
133762955,00000118,false,Rx,1,4,00,40,00,12,00,00,00,00,
133768879,00000118,false,Rx,1,4,00,41,00,12,00,00,00,00,
133778495,00000118,false,Rx,1,4,00,42,00,12,00,00,00,00,
133788829,00000118,false,Rx,1,4,00,43,00,12,00,00,00,00,
133798571,00000118,false,Rx,1,4,00,44,00,12,00,00,00,00,
133808788,00000118,false,Rx,1,4,00,45,00,12,00,00,00,00,
133818455,00000118,false,Rx,1,4,00,46,00,12,00,00,00,00,
133828776,00000118,false,Rx,1,4,00,47,00,12,00,00,00,00,
133838422,00000118,false,Rx,1,4,00,48,00,12,00,00,00,00,
133848783,00000118,false,Rx,1,4,00,49,00,12,00,00,00,00,
133858420,00000118,false,Rx,1,4,00,4A,00,12,00,00,00,00,
133868847,00000118,false,Rx,1,4,00,4B,00,12,00,00,00,00,
133878420,00000118,false,Rx,1,4,00,4C,00,12,00,00,00,00,
133888831,00000118,false,Rx,1,4,00,4D,00,12,00,00,00,00,
133898516,00000118,false,Rx,1,4,00,4E,00,12,00,00,00,00,
133908714,00000118,false,Rx,1,4,00,4F,00,12,00,00,00,00,
133918414,00000118,false,Rx,1,4,00,40,00,12,00,00,00,00,
133928703,00000118,false,Rx,1,4,00,41,00,12,00,00,00,00,
133938385,00000118,false,Rx,1,4,00,42,00,12,00,00,00,00,
133948709,00000118,false,Rx,1,4,00,43,00,12,00,00,00,00,
133958375,00000118,false,Rx,1,4,00,44,00,12,00,00,00,00,
133968837,00000118,false,Rx,1,4,00,45,00,12,00,00,00,00,
133978379,00000118,false,Rx,1,4,00,46,00,12,00,00,00,00,
133988829,00000118,false,Rx,1,4,00,47,00,12,00,00,00,00,
133989374,17F0000F,true,Rx,1,8,00,0F,00,00,00,00,00,00,
133998480,00000118,false,Rx,1,4,00,48,00,12,00,00,00,00,
134009072,00000118,false,Rx,1,4,00,49,00,12,00,00,00,00,
134018738,00000118,false,Rx,1,4,00,4A,00,12,00,00,00,00,
134029059,00000118,false,Rx,1,4,00,4B,00,12,00,00,00,00,
134038709,00000118,false,Rx,1,4,00,4C,00,12,00,00,00,00,
134049068,00000118,false,Rx,1,4,00,4D,00,12,00,00,00,00,
134052497,0000070F,false,Rx,0,8,03,22,2B,F1,55,55,55,55,
134058724,00000118,false,Rx,1,4,00,4E,00,12,00,00,00,00,
134069039,00000118,false,Rx,1,4,00,4F,00,12,00,00,00,00,
134071222,00000779,false,Rx,1,8,05,62,2B,F1,2B,72,AA,AA,
134078714,00000118,false,Rx,1,4,00,40,00,12,00,00,00,00,
134089080,00000118,false,Rx,1,4,00,41,00,12,00,00,00,00,
134098800,00000118,false,Rx,1,4,00,42,00,12,00,00,00,00,
134109016,00000118,false,Rx,1,4,00,43,00,12,00,00,00,00,
134118679,00000118,false,Rx,1,4,00,44,00,12,00,00,00,00,
134129002,00000118,false,Rx,1,4,00,45,00,12,00,00,00,00,
134138665,00000118,false,Rx,1,4,00,46,00,12,00,00,00,00,
134149008,00000118,false,Rx,1,4,00,47,00,12,00,00,00,00,
134158644,00000118,false,Rx,1,4,00,48,00,12,00,00,00,00,
134168981,00000118,false,Rx,1,4,00,49,00,12,00,00,00,00,
134178645,00000118,false,Rx,1,4,00,4A,00,12,00,00,00,00,
134189089,00000118,false,Rx,1,4,00,4B,00,12,00,00,00,00,
134198742,00000118,false,Rx,1,4,00,4C,00,12,00,00,00,00,
134208956,00000118,false,Rx,1,4,00,4D,00,12,00,00,00,00,
134218623,00000118,false,Rx,1,4,00,4E,00,12,00,00,00,00,
134228950,00000118,false,Rx,1,4,00,4F,00,12,00,00,00,00,
134238593,00000118,false,Rx,1,4,00,40,00,12,00,00,00,00,
134248984,00000118,false,Rx,1,4,00,41,00,12,00,00,00,00,
134258607,00000118,false,Rx,1,4,00,42,00,12,00,00,00,00,
134268713,00000118,false,Rx,1,4,00,43,00,12,00,00,00,00,
134279115,00000118,false,Rx,1,4,00,44,00,12,00,00,00,00,
134289124,00000118,false,Rx,1,4,00,45,00,12,00,00,00,00,
134298877,00000118,false,Rx,1,4,00,46,00,12,00,00,00,00,
134308873,00000118,false,Rx,1,4,00,47,00,12,00,00,00,00,
134318872,00000118,false,Rx,1,4,00,48,00,12,00,00,00,00,
134328873,00000118,false,Rx,1,4,00,49,00,12,00,00,00,00,
134338630,00000118,false,Rx,1,4,00,4A,00,12,00,00,00,00,
134348880,00000118,false,Rx,1,4,00,4B,00,12,00,00,00,00,
134358629,00000118,false,Rx,1,4,00,4C,00,12,00,00,00,00,
134368776,0000070F,false,Rx,0,8,03,22,2B,E4,55,55,55,55,
134368888,00000118,false,Rx,1,4,00,4D,00,12,00,00,00,00,
134378885,00000118,false,Rx,1,4,00,4E,00,12,00,00,00,00,
134389370,00000118,false,Rx,1,4,00,4F,00,12,00,00,00,00,
134391565,00000779,false,Rx,1,8,05,62,2B,E4,F5,66,AA,AA,
134399369,00000118,false,Rx,1,4,00,40,00,12,00,00,00,00,
134409367,00000118,false,Rx,1,4,00,41,00,12,00,00,00,00,
134419118,00000118,false,Rx,1,4,00,42,00,12,00,00,00,00,
134429360,00000118,false,Rx,1,4,00,43,00,12,00,00,00,00,
134439116,00000118,false,Rx,1,4,00,44,00,12,00,00,00,00,
134449362,00000118,false,Rx,1,4,00,45,00,12,00,00,00,00,
134459119,00000118,false,Rx,1,4,00,46,00,12,00,00,00,00,
134469128,00000118,false,Rx,1,4,00,47,00,12,00,00,00,00,
134479125,00000118,false,Rx,1,4,00,48,00,12,00,00,00,00,
134489126,00000118,false,Rx,1,4,00,49,00,12,00,00,00,00,
134489661,17F0000F,true,Rx,1,8,00,0F,00,00,00,00,00,00,
134499188,00000118,false,Rx,1,4,00,4A,00,12,00,00,00,00,
134509117,00000118,false,Rx,1,4,00,4B,00,12,00,00,00,00,
134519120,00000118,false,Rx,1,4,00,4C,00,12,00,00,00,00,
134529118,00000118,false,Rx,1,4,00,4D,00,12,00,00,00,00,
134539123,00000118,false,Rx,1,4,00,4E,00,12,00,00,00,00,
134549118,00000118,false,Rx,1,4,00,4F,00,12,00,00,00,00,
134559123,00000118,false,Rx,1,4,00,40,00,12,00,00,00,00,
134569147,00000118,false,Rx,1,4,00,41,00,12,00,00,00,00,
134579124,00000118,false,Rx,1,4,00,42,00,12,00,00,00,00,
134589121,00000118,false,Rx,1,4,00,43,00,12,00,00,00,00,
134599116,00000118,false,Rx,1,4,00,44,00,12,00,00,00,00,
134609618,00000118,false,Rx,1,4,00,45,00,12,00,00,00,00,
134619362,00000118,false,Rx,1,4,00,46,00,12,00,00,00,00,
134629608,00000118,false,Rx,1,4,00,47,00,12,00,00,00,00,
134639376,00000118,false,Rx,1,4,00,48,00,12,00,00,00,00,
134649615,00000118,false,Rx,1,4,00,49,00,12,00,00,00,00,
134659356,00000118,false,Rx,1,4,00,4A,00,12,00,00,00,00,
134669609,00000118,false,Rx,1,4,00,4B,00,12,00,00,00,00,
134679374,00000118,false,Rx,1,4,00,4C,00,12,00,00,00,00,
134683668,0000070F,false,Rx,0,8,03,22,02,8D,55,55,55,55,
134689612,00000118,false,Rx,1,4,00,4D,00,12,00,00,00,00,
134699369,00000118,false,Rx,1,4,00,4E,00,12,00,00,00,00,
134700606,00000779,false,Rx,1,8,05,62,02,8D,79,00,AA,AA,
134709608,00000118,false,Rx,1,4,00,4F,00,12,00,00,00,00,
134719370,00000118,false,Rx,1,4,00,40,00,12,00,00,00,00,
134729370,00000118,false,Rx,1,4,00,41,00,12,00,00,00,00,
134739367,00000118,false,Rx,1,4,00,42,00,12,00,00,00,00,
134749404,00000118,false,Rx,1,4,00,43,00,12,00,00,00,00,
134763518,00000118,false,Rx,1,4,00,44,00,12,00,00,00,00,
134769844,00000118,false,Rx,1,4,00,45,00,12,00,00,00,00,
134779116,00000118,false,Rx,1,4,00,46,00,12,00,00,00,00,
134789623,00000118,false,Rx,1,4,00,47,00,12,00,00,00,00,
134799137,00000118,false,Rx,1,4,00,48,00,12,00,00,00,00,
134809409,00000118,false,Rx,1,4,00,49,00,12,00,00,00,00,
134819059,00000118,false,Rx,1,4,00,4A,00,12,00,00,00,00,
134829416,00000118,false,Rx,1,4,00,4B,00,12,00,00,00,00,
134839048,00000118,false,Rx,1,4,00,4C,00,12,00,00,00,00,
134849405,00000118,false,Rx,1,4,00,4D,00,12,00,00,00,00,
134859035,00000118,false,Rx,1,4,00,4E,00,12,00,00,00,00,
134869377,00000118,false,Rx,1,4,00,4F,00,12,00,00,00,00,
134879057,00000118,false,Rx,1,4,00,40,00,12,00,00,00,00,
134889610,00000118,false,Rx,1,4,00,41,00,12,00,00,00,00,
134899081,00000118,false,Rx,1,4,00,42,00,12,00,00,00,00,
134909355,00000118,false,Rx,1,4,00,43,00,12,00,00,00,00,
134919000,00000118,false,Rx,1,4,00,44,00,12,00,00,00,00,
134929358,00000118,false,Rx,1,4,00,45,00,12,00,00,00,00,
134938988,00000118,false,Rx,1,4,00,46,00,12,00,00,00,00,
134949347,00000118,false,Rx,1,4,00,47,00,12,00,00,00,00,
134958976,00000118,false,Rx,1,4,00,48,00,12,00,00,00,00,
134969317,00000118,false,Rx,1,4,00,49,00,12,00,00,00,00,
134978986,00000118,false,Rx,1,4,00,4A,00,12,00,00,00,00,
134989355,00000118,false,Rx,1,4,00,4B,00,12,00,00,00,00,
134989889,17F0000F,true,Rx,1,8,00,0F,00,00,00,00,00,00,
134999052,00000118,false,Rx,1,4,00,4C,00,12,00,00,00,00,
135001233,0000070F,false,Rx,0,8,03,22,2B,F1,55,55,55,55,
135009317,00000118,false,Rx,1,4,00,4D,00,12,00,00,00,00,
135018950,00000118,false,Rx,1,4,00,4E,00,12,00,00,00,00,
135020186,00000779,false,Rx,1,8,05,62,2B,F1,2B,72,AA,AA,
135029312,00000118,false,Rx,1,4,00,4F,00,12,00,00,00,00,
135038949,00000118,false,Rx,1,4,00,40,00,12,00,00,00,00,
135049291,00000118,false,Rx,1,4,00,41,00,12,00,00,00,00,
135058939,00000118,false,Rx,1,4,00,42,00,12,00,00,00,00,
135069262,00000118,false,Rx,1,4,00,43,00,12,00,00,00,00,
135078944,00000118,false,Rx,1,4,00,44,00,12,00,00,00,00,
135089360,00000118,false,Rx,1,4,00,45,00,12,00,00,00,00,
135098985,00000118,false,Rx,1,4,00,46,00,12,00,00,00,00,
135109237,00000118,false,Rx,1,4,00,47,00,12,00,00,00,00,
135118884,00000118,false,Rx,1,4,00,48,00,12,00,00,00,00,
135129242,00000118,false,Rx,1,4,00,49,00,12,00,00,00,00,
135138882,00000118,false,Rx,1,4,00,4A,00,12,00,00,00,00,
135149232,00000118,false,Rx,1,4,00,4B,00,12,00,00,00,00,
135158862,00000118,false,Rx,1,4,00,4C,00,12,00,00,00,00,
135169203,00000118,false,Rx,1,4,00,4D,00,12,00,00,00,00,
135178868,00000118,false,Rx,1,4,00,4E,00,12,00,00,00,00,
135189363,00000118,false,Rx,1,4,00,4F,00,12,00,00,00,00,
135198947,00000118,false,Rx,1,4,00,40,00,12,00,00,00,00,
135209180,00000118,false,Rx,1,4,00,41,00,12,00,00,00,00,
135218827,00000118,false,Rx,1,4,00,42,00,12,00,00,00,00,
135229187,00000118,false,Rx,1,4,00,43,00,12,00,00,00,00,
135238814,00000118,false,Rx,1,4,00,44,00,12,00,00,00,00,
135249173,00000118,false,Rx,1,4,00,45,00,12,00,00,00,00,
135258824,00000118,false,Rx,1,4,00,46,00,12,00,00,00,00,
135274097,00000118,false,Rx,1,4,00,47,00,12,00,00,00,00,
135278948,00000118,false,Rx,1,4,00,48,00,12,00,00,00,00,
135289396,00000118,false,Rx,1,4,00,49,00,12,00,00,00,00,
135298962,00000118,false,Rx,1,4,00,4A,00,12,00,00,00,00,
135309031,00000118,false,Rx,1,4,00,4B,00,12,00,00,00,00,
135318877,00000118,false,Rx,1,4,00,4C,00,12,00,00,00,00,
135329020,00000118,false,Rx,1,4,00,4D,00,12,00,00,00,00,
135334461,0000070F,false,Rx,0,8,03,22,2B,E4,55,55,55,55,
135338888,00000118,false,Rx,1,4,00,4E,00,12,00,00,00,00,
135348992,00000118,false,Rx,1,4,00,4F,00,12,00,00,00,00,
135351178,00000779,false,Rx,1,8,05,62,2B,E4,59,67,AA,AA,
135358883,00000118,false,Rx,1,4,00,40,00,12,00,00,00,00,
135368980,00000118,false,Rx,1,4,00,41,00,12,00,00,00,00,
135378861,00000118,false,Rx,1,4,00,42,00,12,00,00,00,00,
135389122,00000118,false,Rx,1,4,00,43,00,12,00,00,00,00,
135398937,00000118,false,Rx,1,4,00,44,00,12,00,00,00,00,
135408974,00000118,false,Rx,1,4,00,45,00,12,00,00,00,00,
135418820,00000118,false,Rx,1,4,00,46,00,12,00,00,00,00,
135428961,00000118,false,Rx,1,4,00,47,00,12,00,00,00,00,
135438806,00000118,false,Rx,1,4,00,48,00,12,00,00,00,00,
135448950,00000118,false,Rx,1,4,00,49,00,12,00,00,00,00,
135458814,00000118,false,Rx,1,4,00,4A,00,12,00,00,00,00,
135468940,00000118,false,Rx,1,4,00,4B,00,12,00,00,00,00,
135478804,00000118,false,Rx,1,4,00,4C,00,12,00,00,00,00,
135489117,00000118,false,Rx,1,4,00,4D,00,12,00,00,00,00,
135489653,17F0000F,true,Rx,1,8,00,0F,00,00,00,00,00,00,
135498871,00000118,false,Rx,1,4,00,4E,00,12,00,00,00,00,
135508939,00000118,false,Rx,1,4,00,4F,00,12,00,00,00,00,
135518761,00000118,false,Rx,1,4,00,40,00,12,00,00,00,00,
135528907,00000118,false,Rx,1,4,00,41,00,12,00,00,00,00,
135538751,00000118,false,Rx,1,4,00,42,00,12,00,00,00,00,
135548877,00000118,false,Rx,1,4,00,43,00,12,00,00,00,00,
135558755,00000118,false,Rx,1,4,00,44,00,12,00,00,00,00,
135568863,00000118,false,Rx,1,4,00,45,00,12,00,00,00,00,
135578745,00000118,false,Rx,1,4,00,46,00,12,00,00,00,00,
135588870,00000118,false,Rx,1,4,00,47,00,12,00,00,00,00,
135598805,00000118,false,Rx,1,4,00,48,00,12,00,00,00,00,
135608859,00000118,false,Rx,1,4,00,49,00,12,00,00,00,00,
135618704,00000118,false,Rx,1,4,00,4A,00,12,00,00,00,00,
135628848,00000118,false,Rx,1,4,00,4B,00,12,00,00,00,00,
135638699,00000118,false,Rx,1,4,00,4C,00,12,00,00,00,00,
135648817,00000118,false,Rx,1,4,00,4D,00,12,00,00,00,00,
135651155,0000070F,false,Rx,0,8,03,22,02,8D,55,55,55,55,
135658721,00000118,false,Rx,1,4,00,4E,00,12,00,00,00,00,
135668807,00000118,false,Rx,1,4,00,4F,00,12,00,00,00,00,
135670996,00000779,false,Rx,1,8,05,62,02,8D,78,00,AA,AA,
135678696,00000118,false,Rx,1,4,00,40,00,12,00,00,00,00,
135688877,00000118,false,Rx,1,4,00,41,00,12,00,00,00,00,
135698759,00000118,false,Rx,1,4,00,42,00,12,00,00,00,00,
135708802,00000118,false,Rx,1,4,00,43,00,12,00,00,00,00,
135718644,00000118,false,Rx,1,4,00,44,00,12,00,00,00,00,
135728788,00000118,false,Rx,1,4,00,45,00,12,00,00,00,00,
135738634,00000118,false,Rx,1,4,00,46,00,12,00,00,00,00,
135748793,00000118,false,Rx,1,4,00,47,00,12,00,00,00,00,
135762224,00000118,false,Rx,1,4,00,48,00,12,00,00,00,00,
135768886,00000118,false,Rx,1,4,00,49,00,12,00,00,00,00,
135778508,00000118,false,Rx,1,4,00,4A,00,12,00,00,00,00,
135788903,00000118,false,Rx,1,4,00,4B,00,12,00,00,00,00,
135798624,00000118,false,Rx,1,4,00,4C,00,12,00,00,00,00,
135808836,00000118,false,Rx,1,4,00,4D,00,12,00,00,00,00,
135818499,00000118,false,Rx,1,4,00,4E,00,12,00,00,00,00,
135828823,00000118,false,Rx,1,4,00,4F,00,12,00,00,00,00,
135838469,00000118,false,Rx,1,4,00,40,00,12,00,00,00,00,
135848830,00000118,false,Rx,1,4,00,41,00,12,00,00,00,00,
135858459,00000118,false,Rx,1,4,00,42,00,12,00,00,00,00,
135868817,00000118,false,Rx,1,4,00,43,00,12,00,00,00,00,
135878445,00000118,false,Rx,1,4,00,44,00,12,00,00,00,00,
135888873,00000118,false,Rx,1,4,00,45,00,12,00,00,00,00,
135898544,00000118,false,Rx,1,4,00,46,00,12,00,00,00,00,
135908781,00000118,false,Rx,1,4,00,47,00,12,00,00,00,00,
135918440,00000118,false,Rx,1,4,00,48,00,12,00,00,00,00,
135928764,00000118,false,Rx,1,4,00,49,00,12,00,00,00,00,
135938412,00000118,false,Rx,1,4,00,4A,00,12,00,00,00,00,
135948770,00000118,false,Rx,1,4,00,4B,00,12,00,00,00,00,
135958400,00000118,false,Rx,1,4,00,4C,00,12,00,00,00,00,
135967681,0000070F,false,Rx,0,8,03,22,2B,F1,55,55,55,55,
135968780,00000118,false,Rx,1,4,00,4D,00,12,00,00,00,00,
135978389,00000118,false,Rx,1,4,00,4E,00,12,00,00,00,00,
135979632,00000779,false,Rx,1,8,05,62,2B,F1,2B,72,AA,AA,
135988874,00000118,false,Rx,1,4,00,4F,00,12,00,00,00,00,
135989410,17F0000F,true,Rx,1,8,00,0F,00,00,00,00,00,00,
135998491,00000118,false,Rx,1,4,00,40,00,12,00,00,00,00,
136008727,00000118,false,Rx,1,4,00,41,00,12,00,00,00,00,
136018383,00000118,false,Rx,1,4,00,42,00,12,00,00,00,00,
136028708,00000118,false,Rx,1,4,00,43,00,12,00,00,00,00,
136038353,00000118,false,Rx,1,4,00,44,00,12,00,00,00,00,
136048711,00000118,false,Rx,1,4,00,45,00,12,00,00,00,00,
136058343,00000118,false,Rx,1,4,00,46,00,12,00,00,00,00,
136068699,00000118,false,Rx,1,4,00,47,00,12,00,00,00,00,
136078330,00000118,false,Rx,1,4,00,48,00,12,00,00,00,00,
136088869,00000118,false,Rx,1,4,00,49,00,12,00,00,00,00,
136098426,00000118,false,Rx,1,4,00,4A,00,12,00,00,00,00,
136108662,00000118,false,Rx,1,4,00,4B,00,12,00,00,00,00,
136118326,00000118,false,Rx,1,4,00,4C,00,12,00,00,00,00,
136128649,00000118,false,Rx,1,4,00,4D,00,12,00,00,00,00,
136138315,00000118,false,Rx,1,4,00,4E,00,12,00,00,00,00,
136148660,00000118,false,Rx,1,4,00,4F,00,12,00,00,00,00,
136158285,00000118,false,Rx,1,4,00,40,00,12,00,00,00,00,
136168645,00000118,false,Rx,1,4,00,41,00,12,00,00,00,00,
136178273,00000118,false,Rx,1,4,00,42,00,12,00,00,00,00,
136188635,00000118,false,Rx,1,4,00,43,00,12,00,00,00,00,
136198386,00000118,false,Rx,1,4,00,44,00,12,00,00,00,00,
136208607,00000118,false,Rx,1,4,00,45,00,12,00,00,00,00,
136218272,00000118,false,Rx,1,4,00,46,00,12,00,00,00,00,
136228591,00000118,false,Rx,1,4,00,47,00,12,00,00,00,00,
136238237,00000118,false,Rx,1,4,00,48,00,12,00,00,00,00,
136248617,00000118,false,Rx,1,4,00,49,00,12,00,00,00,00,
136264326,00000118,false,Rx,1,4,00,4A,00,12,00,00,00,00,
136268744,00000118,false,Rx,1,4,00,4B,00,12,00,00,00,00,
136273199,0000070F,false,Rx,0,8,03,22,2B,E4,55,55,55,55,
136278288,00000118,false,Rx,1,4,00,4C,00,12,00,00,00,00,
136288897,00000118,false,Rx,1,4,00,4D,00,12,00,00,00,00,
136290866,00000779,false,Rx,1,8,05,62,2B,E4,59,67,AA,AA,
136298338,00000118,false,Rx,1,4,00,4E,00,12,00,00,00,00,
136308545,00000118,false,Rx,1,4,00,4F,00,12,00,00,00,00,
136318218,00000118,false,Rx,1,4,00,40,00,12,00,00,00,00,
136328534,00000118,false,Rx,1,4,00,41,00,12,00,00,00,00,
136338181,00000118,false,Rx,1,4,00,42,00,12,00,00,00,00,
136348542,00000118,false,Rx,1,4,00,43,00,12,00,00,00,00,
136358167,00000118,false,Rx,1,4,00,44,00,12,00,00,00,00,
136368527,00000118,false,Rx,1,4,00,45,00,12,00,00,00,00,
136378157,00000118,false,Rx,1,4,00,46,00,12,00,00,00,00,
136388635,00000118,false,Rx,1,4,00,47,00,12,00,00,00,00,
136398270,00000118,false,Rx,1,4,00,48,00,12,00,00,00,00,
136408486,00000118,false,Rx,1,4,00,49,00,12,00,00,00,00,
136418155,00000118,false,Rx,1,4,00,4A,00,12,00,00,00,00,
136428475,00000118,false,Rx,1,4,00,4B,00,12,00,00,00,00,
136438124,00000118,false,Rx,1,4,00,4C,00,12,00,00,00,00,
136448481,00000118,false,Rx,1,4,00,4D,00,12,00,00,00,00,
136458110,00000118,false,Rx,1,4,00,4E,00,12,00,00,00,00,
136468471,00000118,false,Rx,1,4,00,4F,00,12,00,00,00,00,
136478100,00000118,false,Rx,1,4,00,40,00,12,00,00,00,00,
136488631,00000118,false,Rx,1,4,00,41,00,12,00,00,00,00,
136489163,17F0000F,true,Rx,1,8,00,0F,00,00,00,00,00,00,
136498221,00000118,false,Rx,1,4,00,42,00,12,00,00,00,00,
136508830,00000118,false,Rx,1,4,00,43,00,12,00,00,00,00,
136518497,00000118,false,Rx,1,4,00,44,00,12,00,00,00,00,
136528817,00000118,false,Rx,1,4,00,45,00,12,00,00,00,00,
136538465,00000118,false,Rx,1,4,00,46,00,12,00,00,00,00,
136548824,00000118,false,Rx,1,4,00,47,00,12,00,00,00,00,
136558451,00000118,false,Rx,1,4,00,48,00,12,00,00,00,00,
136568812,00000118,false,Rx,1,4,00,49,00,12,00,00,00,00,
136578442,00000118,false,Rx,1,4,00,4A,00,12,00,00,00,00,
136587898,0000070F,false,Rx,0,8,03,22,02,8D,55,55,55,55,
136588822,00000118,false,Rx,1,4,00,4B,00,12,00,00,00,00,
136598557,00000118,false,Rx,1,4,00,4C,00,12,00,00,00,00,
136599804,00000779,false,Rx,1,8,05,62,02,8D,78,00,AA,AA,
136608780,00000118,false,Rx,1,4,00,4D,00,12,00,00,00,00,
136618437,00000118,false,Rx,1,4,00,4E,00,12,00,00,00,00,
136628761,00000118,false,Rx,1,4,00,4F,00,12,00,00,00,00,
136638407,00000118,false,Rx,1,4,00,40,00,12,00,00,00,00,
136648776,00000118,false,Rx,1,4,00,41,00,12,00,00,00,00,
136658396,00000118,false,Rx,1,4,00,42,00,12,00,00,00,00,
136668756,00000118,false,Rx,1,4,00,43,00,12,00,00,00,00,
136678381,00000118,false,Rx,1,4,00,44,00,12,00,00,00,00,
136688873,00000118,false,Rx,1,4,00,45,00,12,00,00,00,00,
136698480,00000118,false,Rx,1,4,00,46,00,12,00,00,00,00,
136708713,00000118,false,Rx,1,4,00,47,00,12,00,00,00,00,
136718377,00000118,false,Rx,1,4,00,48,00,12,00,00,00,00,
136728710,00000118,false,Rx,1,4,00,49,00,12,00,00,00,00,
136738350,00000118,false,Rx,1,4,00,4A,00,12,00,00,00,00,
136748736,00000118,false,Rx,1,4,00,4B,00,12,00,00,00,00,
136758361,00000118,false,Rx,1,4,00,4C,00,12,00,00,00,00,
136768760,00000118,false,Rx,1,4,00,4D,00,12,00,00,00,00,
136778453,00000118,false,Rx,1,4,00,4E,00,12,00,00,00,00,
136788843,00000118,false,Rx,1,4,00,4F,00,12,00,00,00,00,
136798459,00000118,false,Rx,1,4,00,40,00,12,00,00,00,00,
136808640,00000118,false,Rx,1,4,00,41,00,12,00,00,00,00,
136818410,00000118,false,Rx,1,4,00,42,00,12,00,00,00,00,
136828651,00000118,false,Rx,1,4,00,43,00,12,00,00,00,00,
136838309,00000118,false,Rx,1,4,00,44,00,12,00,00,00,00,
136848632,00000118,false,Rx,1,4,00,45,00,12,00,00,00,00,
136858299,00000118,false,Rx,1,4,00,46,00,12,00,00,00,00,
136868830,00000118,false,Rx,1,4,00,47,00,12,00,00,00,00,
136878303,00000118,false,Rx,1,4,00,48,00,12,00,00,00,00,
136888822,00000118,false,Rx,1,4,00,49,00,12,00,00,00,00,
136898400,00000118,false,Rx,1,4,00,4A,00,12,00,00,00,00,
136903882,0000070F,false,Rx,0,8,03,22,2B,F1,55,55,55,55,
136908603,00000118,false,Rx,1,4,00,4B,00,12,00,00,00,00,
136918370,00000118,false,Rx,1,4,00,4C,00,12,00,00,00,00,
136919508,00000779,false,Rx,1,8,05,62,2B,F1,F9,71,AA,AA,
136928598,00000118,false,Rx,1,4,00,4D,00,12,00,00,00,00,
136938254,00000118,false,Rx,1,4,00,4E,00,12,00,00,00,00,
136948598,00000118,false,Rx,1,4,00,4F,00,12,00,00,00,00,
136958242,00000118,false,Rx,1,4,00,40,00,12,00,00,00,00,
136968586,00000118,false,Rx,1,4,00,41,00,12,00,00,00,00,
136978247,00000118,false,Rx,1,4,00,42,00,12,00,00,00,00,
136988574,00000118,false,Rx,1,4,00,43,00,12,00,00,00,00,
136989113,17F0000F,true,Rx,1,8,00,0F,00,00,00,00,00,00,
136998349,00000118,false,Rx,1,4,00,44,00,12,00,00,00,00,
137008950,00000118,false,Rx,1,4,00,45,00,12,00,00,00,00,
137018606,00000118,false,Rx,1,4,00,46,00,12,00,00,00,00,
137028950,00000118,false,Rx,1,4,00,47,00,12,00,00,00,00,
137038573,00000118,false,Rx,1,4,00,48,00,12,00,00,00,00,
137048950,00000118,false,Rx,1,4,00,49,00,12,00,00,00,00,
137058564,00000118,false,Rx,1,4,00,4A,00,12,00,00,00,00,
137068904,00000118,false,Rx,1,4,00,4B,00,12,00,00,00,00,
137078572,00000118,false,Rx,1,4,00,4C,00,12,00,00,00,00,
137089083,00000118,false,Rx,1,4,00,4D,00,12,00,00,00,00,
137098667,00000118,false,Rx,1,4,00,4E,00,12,00,00,00,00,
137108884,00000118,false,Rx,1,4,00,4F,00,12,00,00,00,00,
137118547,00000118,false,Rx,1,4,00,40,00,12,00,00,00,00,
137128873,00000118,false,Rx,1,4,00,41,00,12,00,00,00,00,
137138520,00000118,false,Rx,1,4,00,42,00,12,00,00,00,00,
137148885,00000118,false,Rx,1,4,00,43,00,12,00,00,00,00,
137158506,00000118,false,Rx,1,4,00,44,00,12,00,00,00,00,
137168847,00000118,false,Rx,1,4,00,45,00,12,00,00,00,00,
137178513,00000118,false,Rx,1,4,00,46,00,12,00,00,00,00,
137188842,00000118,false,Rx,1,4,00,47,00,12,00,00,00,00,
137198606,00000118,false,Rx,1,4,00,48,00,12,00,00,00,00,
137208823,00000118,false,Rx,1,4,00,49,00,12,00,00,00,00,
137218472,00000118,false,Rx,1,4,00,4A,00,12,00,00,00,00,
137221566,0000070F,false,Rx,0,8,03,22,2B,E4,55,55,55,55,
137228854,00000118,false,Rx,1,4,00,4B,00,12,00,00,00,00,
137238468,00000118,false,Rx,1,4,00,4C,00,12,00,00,00,00,
137239708,00000779,false,Rx,1,8,05,62,2B,E4,59,67,AA,AA,
137248894,00000118,false,Rx,1,4,00,4D,00,12,00,00,00,00,
137258544,00000118,false,Rx,1,4,00,4E,00,12,00,00,00,00,
137268712,00000118,false,Rx,1,4,00,4F,00,12,00,00,00,00,
137278582,00000118,false,Rx,1,4,00,40,00,12,00,00,00,00,
137288857,00000118,false,Rx,1,4,00,41,00,12,00,00,00,00,
137298623,00000118,false,Rx,1,4,00,42,00,12,00,00,00,00,
137308847,00000118,false,Rx,1,4,00,43,00,12,00,00,00,00,
137318503,00000118,false,Rx,1,4,00,44,00,12,00,00,00,00,
137328847,00000118,false,Rx,1,4,00,45,00,12,00,00,00,00,
137338901,00000118,false,Rx,1,4,00,46,00,12,00,00,00,00,
137349333,00000118,false,Rx,1,4,00,47,00,12,00,00,00,00,
137358842,00000118,false,Rx,1,4,00,48,00,12,00,00,00,00,
137369084,00000118,false,Rx,1,4,00,49,00,12,00,00,00,00,
137378851,00000118,false,Rx,1,4,00,4A,00,12,00,00,00,00,
137389087,00000118,false,Rx,1,4,00,4B,00,12,00,00,00,00,
137398951,00000118,false,Rx,1,4,00,4C,00,12,00,00,00,00,
137409088,00000118,false,Rx,1,4,00,4D,00,12,00,00,00,00,
137418828,00000118,false,Rx,1,4,00,4E,00,12,00,00,00,00,
137429097,00000118,false,Rx,1,4,00,4F,00,12,00,00,00,00,
137438801,00000118,false,Rx,1,4,00,40,00,12,00,00,00,00,
137449101,00000118,false,Rx,1,4,00,41,00,12,00,00,00,00,
137458786,00000118,false,Rx,1,4,00,42,00,12,00,00,00,00,
137469098,00000118,false,Rx,1,4,00,43,00,12,00,00,00,00,
137478790,00000118,false,Rx,1,4,00,44,00,12,00,00,00,00,
137489090,00000118,false,Rx,1,4,00,45,00,12,00,00,00,00,
137489625,17F0000F,true,Rx,1,8,00,0F,00,00,00,00,00,00,
137498897,00000118,false,Rx,1,4,00,46,00,12,00,00,00,00,
137509088,00000118,false,Rx,1,4,00,47,00,12,00,00,00,00,
137518785,00000118,false,Rx,1,4,00,48,00,12,00,00,00,00,
137529086,00000118,false,Rx,1,4,00,49,00,12,00,00,00,00,
137538761,00000118,false,Rx,1,4,00,4A,00,12,00,00,00,00,
137549094,00000118,false,Rx,1,4,00,4B,00,12,00,00,00,00,
137551288,0000070F,false,Rx,0,8,03,22,02,8D,55,55,55,55,
137558769,00000118,false,Rx,1,4,00,4C,00,12,00,00,00,00,
137569092,00000118,false,Rx,1,4,00,4D,00,12,00,00,00,00,
137571134,00000779,false,Rx,1,8,05,62,02,8D,78,00,AA,AA,
137578763,00000118,false,Rx,1,4,00,4E,00,12,00,00,00,00,
137589095,00000118,false,Rx,1,4,00,4F,00,12,00,00,00,00,
137598851,00000118,false,Rx,1,4,00,40,00,12,00,00,00,00,
137609089,00000118,false,Rx,1,4,00,41,00,12,00,00,00,00,
137618731,00000118,false,Rx,1,4,00,42,00,12,00,00,00,00,
137629088,00000118,false,Rx,1,4,00,43,00,12,00,00,00,00,
137638699,00000118,false,Rx,1,4,00,44,00,12,00,00,00,00,
137649100,00000118,false,Rx,1,4,00,45,00,12,00,00,00,00,
137658689,00000118,false,Rx,1,4,00,46,00,12,00,00,00,00,
137669087,00000118,false,Rx,1,4,00,47,00,12,00,00,00,00,
137678695,00000118,false,Rx,1,4,00,48,00,12,00,00,00,00,
137689085,00000118,false,Rx,1,4,00,49,00,12,00,00,00,00,
137698792,00000118,false,Rx,1,4,00,4A,00,12,00,00,00,00,
137709090,00000118,false,Rx,1,4,00,4B,00,12,00,00,00,00,
137718673,00000118,false,Rx,1,4,00,4C,00,12,00,00,00,00,
137729087,00000118,false,Rx,1,4,00,4D,00,12,00,00,00,00,
137738643,00000118,false,Rx,1,4,00,4E,00,12,00,00,00,00,
137749102,00000118,false,Rx,1,4,00,4F,00,12,00,00,00,00,
137758658,00000118,false,Rx,1,4,00,40,00,12,00,00,00,00,
137768721,00000118,false,Rx,1,4,00,41,00,12,00,00,00,00,
137778697,00000118,false,Rx,1,4,00,42,00,12,00,00,00,00,
137788896,00000118,false,Rx,1,4,00,43,00,12,00,00,00,00,
137798872,00000118,false,Rx,1,4,00,44,00,12,00,00,00,00,
137808874,00000118,false,Rx,1,4,00,45,00,12,00,00,00,00,
137818629,00000118,false,Rx,1,4,00,46,00,12,00,00,00,00,
137828874,00000118,false,Rx,1,4,00,47,00,12,00,00,00,00,
137838637,00000118,false,Rx,1,4,00,48,00,12,00,00,00,00,
137848885,00000118,false,Rx,1,4,00,49,00,12,00,00,00,00,
137858631,00000118,false,Rx,1,4,00,4A,00,12,00,00,00,00,
137867804,0000070F,false,Rx,0,8,03,22,2B,F1,55,55,55,55,
137868969,00000118,false,Rx,1,4,00,4B,00,12,00,00,00,00,
137878630,00000118,false,Rx,1,4,00,4C,00,12,00,00,00,00,
137880082,00000779,false,Rx,1,8,05,62,2B,F1,F9,71,AA,AA,
137888877,00000118,false,Rx,1,4,00,4D,00,12,00,00,00,00,
137898875,00000118,false,Rx,1,4,00,4E,00,12,00,00,00,00,
137909123,00000118,false,Rx,1,4,00,4F,00,12,00,00,00,00,
137919118,00000118,false,Rx,1,4,00,40,00,12,00,00,00,00,
137929123,00000118,false,Rx,1,4,00,41,00,12,00,00,00,00,
137939125,00000118,false,Rx,1,4,00,42,00,12,00,00,00,00,
137949121,00000118,false,Rx,1,4,00,43,00,12,00,00,00,00,
137959119,00000118,false,Rx,1,4,00,44,00,12,00,00,00,00,
137969124,00000118,false,Rx,1,4,00,45,00,12,00,00,00,00,
137979121,00000118,false,Rx,1,4,00,46,00,12,00,00,00,00,
137989120,00000118,false,Rx,1,4,00,47,00,12,00,00,00,00,
137989651,17F0000F,true,Rx,1,8,00,0F,00,00,00,00,00,00,
137999117,00000118,false,Rx,1,4,00,48,00,12,00,00,00,00,
138009127,00000118,false,Rx,1,4,00,49,00,12,00,00,00,00,
138019123,00000118,false,Rx,1,4,00,4A,00,12,00,00,00,00,
138029113,00000118,false,Rx,1,4,00,4B,00,12,00,00,00,00,
138039120,00000118,false,Rx,1,4,00,4C,00,12,00,00,00,00,
138049117,00000118,false,Rx,1,4,00,4D,00,12,00,00,00,00,
138058882,00000118,false,Rx,1,4,00,4E,00,12,00,00,00,00,
138069122,00000118,false,Rx,1,4,00,4F,00,12,00,00,00,00,
138079117,00000118,false,Rx,1,4,00,40,00,12,00,00,00,00,
138089127,00000118,false,Rx,1,4,00,41,00,12,00,00,00,00,
138099132,00000118,false,Rx,1,4,00,42,00,12,00,00,00,00,
138109117,00000118,false,Rx,1,4,00,43,00,12,00,00,00,00,
138118872,00000118,false,Rx,1,4,00,44,00,12,00,00,00,00,
138129115,00000118,false,Rx,1,4,00,45,00,12,00,00,00,00,
138138876,00000118,false,Rx,1,4,00,46,00,12,00,00,00,00,
138149130,00000118,false,Rx,1,4,00,47,00,12,00,00,00,00,
138158886,00000118,false,Rx,1,4,00,48,00,12,00,00,00,00,
138169118,00000118,false,Rx,1,4,00,49,00,12,00,00,00,00,
138178876,00000118,false,Rx,1,4,00,4A,00,12,00,00,00,00,
138189116,00000118,false,Rx,1,4,00,4B,00,12,00,00,00,00,
138190981,0000070F,false,Rx,0,8,03,22,2B,E4,55,55,55,55,
138199120,00000118,false,Rx,1,4,00,4C,00,12,00,00,00,00,
138209117,00000118,false,Rx,1,4,00,4D,00,12,00,00,00,00,
138211127,00000779,false,Rx,1,8,05,62,2B,E4,59,67,AA,AA,
138218875,00000118,false,Rx,1,4,00,4E,00,12,00,00,00,00,
138229129,00000118,false,Rx,1,4,00,4F,00,12,00,00,00,00,
138238875,00000118,false,Rx,1,4,00,40,00,12,00,00,00,00,
138249167,00000118,false,Rx,1,4,00,41,00,12,00,00,00,00,
138264778,00000118,false,Rx,1,4,00,42,00,12,00,00,00,00,
138269008,00000118,false,Rx,1,4,00,43,00,12,00,00,00,00,
138278711,00000118,false,Rx,1,4,00,44,00,12,00,00,00,00,
138289298,00000118,false,Rx,1,4,00,45,00,12,00,00,00,00,
138298810,00000118,false,Rx,1,4,00,46,00,12,00,00,00,00,
138309067,00000118,false,Rx,1,4,00,47,00,12,00,00,00,00,
138318688,00000118,false,Rx,1,4,00,48,00,12,00,00,00,00,
138329052,00000118,false,Rx,1,4,00,49,00,12,00,00,00,00,
138338662,00000118,false,Rx,1,4,00,4A,00,12,00,00,00,00,
138349071,00000118,false,Rx,1,4,00,4B,00,12,00,00,00,00,
138358686,00000118,false,Rx,1,4,00,4C,00,12,00,00,00,00,
138369061,00000118,false,Rx,1,4,00,4D,00,12,00,00,00,00,
138378673,00000118,false,Rx,1,4,00,4E,00,12,00,00,00,00,
138389061,00000118,false,Rx,1,4,00,4F,00,12,00,00,00,00,
138398768,00000118,false,Rx,1,4,00,40,00,12,00,00,00,00,
138409063,00000118,false,Rx,1,4,00,41,00,12,00,00,00,00,
138418632,00000118,false,Rx,1,4,00,42,00,12,00,00,00,00,
138429067,00000118,false,Rx,1,4,00,43,00,12,00,00,00,00,
138438618,00000118,false,Rx,1,4,00,44,00,12,00,00,00,00,
138449071,00000118,false,Rx,1,4,00,45,00,12,00,00,00,00,
138458628,00000118,false,Rx,1,4,00,46,00,12,00,00,00,00,
138469079,00000118,false,Rx,1,4,00,47,00,12,00,00,00,00,
138478680,00000118,false,Rx,1,4,00,48,00,12,00,00,00,00,
138489059,00000118,false,Rx,1,4,00,49,00,12,00,00,00,00,
138489601,17F0000F,true,Rx,1,8,00,0F,00,00,00,00,00,00,
138498718,00000118,false,Rx,1,4,00,4A,00,12,00,00,00,00,
138509062,00000118,false,Rx,1,4,00,4B,00,12,00,00,00,00,
138515513,0000070F,false,Rx,0,8,03,22,02,8D,55,55,55,55,
138518596,00000118,false,Rx,1,4,00,4C,00,12,00,00,00,00,
138529062,00000118,false,Rx,1,4,00,4D,00,12,00,00,00,00,
138531016,00000779,false,Rx,1,8,05,62,02,8D,78,00,AA,AA,
138538572,00000118,false,Rx,1,4,00,4E,00,12,00,00,00,00,
138548831,00000118,false,Rx,1,4,00,4F,00,12,00,00,00,00,
138558569,00000118,false,Rx,1,4,00,40,00,12,00,00,00,00,
138568839,00000118,false,Rx,1,4,00,41,00,12,00,00,00,00,
138578557,00000118,false,Rx,1,4,00,42,00,12,00,00,00,00,
138588819,00000118,false,Rx,1,4,00,43,00,12,00,00,00,00,
138598651,00000118,false,Rx,1,4,00,44,00,12,00,00,00,00,
138608809,00000118,false,Rx,1,4,00,45,00,12,00,00,00,00,
138618516,00000118,false,Rx,1,4,00,46,00,12,00,00,00,00,
138628816,00000118,false,Rx,1,4,00,47,00,12,00,00,00,00,
138638503,00000118,false,Rx,1,4,00,48,00,12,00,00,00,00,
138648842,00000118,false,Rx,1,4,00,49,00,12,00,00,00,00,
138658947,00000118,false,Rx,1,4,00,4A,00,12,00,00,00,00,
138669319,00000118,false,Rx,1,4,00,4B,00,12,00,00,00,00,
138678883,00000118,false,Rx,1,4,00,4C,00,12,00,00,00,00,
138689308,00000118,false,Rx,1,4,00,4D,00,12,00,00,00,00,
138698978,00000118,false,Rx,1,4,00,4E,00,12,00,00,00,00,
138709309,00000118,false,Rx,1,4,00,4F,00,12,00,00,00,00,
138718840,00000118,false,Rx,1,4,00,40,00,12,00,00,00,00,
138729315,00000118,false,Rx,1,4,00,41,00,12,00,00,00,00,
138738830,00000118,false,Rx,1,4,00,42,00,12,00,00,00,00,
138749075,00000118,false,Rx,1,4,00,43,00,12,00,00,00,00,
138761842,00000118,false,Rx,1,4,00,44,00,12,00,00,00,00,
138769760,00000118,false,Rx,1,4,00,45,00,12,00,00,00,00,
138778802,00000118,false,Rx,1,4,00,46,00,12,00,00,00,00,
138789132,00000118,false,Rx,1,4,00,47,00,12,00,00,00,00,
138798865,00000118,false,Rx,1,4,00,48,00,12,00,00,00,00,
138809098,00000118,false,Rx,1,4,00,49,00,12,00,00,00,00,
138818747,00000118,false,Rx,1,4,00,4A,00,12,00,00,00,00,
138829104,00000118,false,Rx,1,4,00,4B,00,12,00,00,00,00,
138835635,0000070F,false,Rx,0,8,03,22,2B,F1,55,55,55,55,
138838758,00000118,false,Rx,1,4,00,4C,00,12,00,00,00,00,
138849094,00000118,false,Rx,1,4,00,4D,00,12,00,00,00,00,
138851278,00000779,false,Rx,1,8,05,62,2B,F1,F9,71,AA,AA,
138858734,00000118,false,Rx,1,4,00,4E,00,12,00,00,00,00,
138869084,00000118,false,Rx,1,4,00,4F,00,12,00,00,00,00,
138878735,00000118,false,Rx,1,4,00,40,00,12,00,00,00,00,
138889118,00000118,false,Rx,1,4,00,41,00,12,00,00,00,00,
138898807,00000118,false,Rx,1,4,00,42,00,12,00,00,00,00,
138909043,00000118,false,Rx,1,4,00,43,00,12,00,00,00,00,
138918688,00000118,false,Rx,1,4,00,44,00,12,00,00,00,00,
138929047,00000118,false,Rx,1,4,00,45,00,12,00,00,00,00,
138938678,00000118,false,Rx,1,4,00,46,00,12,00,00,00,00,
138949036,00000118,false,Rx,1,4,00,47,00,12,00,00,00,00,
138958665,00000118,false,Rx,1,4,00,48,00,12,00,00,00,00,
138969006,00000118,false,Rx,1,4,00,49,00,12,00,00,00,00,
138978675,00000118,false,Rx,1,4,00,4A,00,12,00,00,00,00,
138989113,00000118,false,Rx,1,4,00,4B,00,12,00,00,00,00,
138989646,17F0000F,true,Rx,1,8,00,0F,00,00,00,00,00,00,
138998758,00000118,false,Rx,1,4,00,4C,00,12,00,00,00,00,
139008983,00000118,false,Rx,1,4,00,4D,00,12,00,00,00,00,
139018633,00000118,false,Rx,1,4,00,4E,00,12,00,00,00,00,
139028992,00000118,false,Rx,1,4,00,4F,00,12,00,00,00,00,
139038621,00000118,false,Rx,1,4,00,40,00,12,00,00,00,00,
139048979,00000118,false,Rx,1,4,00,41,00,12,00,00,00,00,
139058608,00000118,false,Rx,1,4,00,42,00,12,00,00,00,00,
139068952,00000118,false,Rx,1,4,00,43,00,12,00,00,00,00,
139078613,00000118,false,Rx,1,4,00,44,00,12,00,00,00,00,
139089112,00000118,false,Rx,1,4,00,45,00,12,00,00,00,00,
139098692,00000118,false,Rx,1,4,00,46,00,12,00,00,00,00,
139108944,00000118,false,Rx,1,4,00,47,00,12,00,00,00,00,
139118572,00000118,false,Rx,1,4,00,48,00,12,00,00,00,00,
139128950,00000118,false,Rx,1,4,00,49,00,12,00,00,00,00,
139138563,00000118,false,Rx,1,4,00,4A,00,12,00,00,00,00,
139148942,00000118,false,Rx,1,4,00,4B,00,12,00,00,00,00,
139153494,0000070F,false,Rx,0,8,03,22,2B,E4,55,55,55,55,
139158593,00000118,false,Rx,1,4,00,4C,00,12,00,00,00,00,
139168892,00000118,false,Rx,1,4,00,4D,00,12,00,00,00,00,
139171078,00000779,false,Rx,1,8,05,62,2B,E4,59,67,AA,AA,
139178577,00000118,false,Rx,1,4,00,4E,00,12,00,00,00,00,
139189121,00000118,false,Rx,1,4,00,4F,00,12,00,00,00,00,
139198634,00000118,false,Rx,1,4,00,40,00,12,00,00,00,00,
139208870,00000118,false,Rx,1,4,00,41,00,12,00,00,00,00,
139218517,00000118,false,Rx,1,4,00,42,00,12,00,00,00,00,
139228876,00000118,false,Rx,1,4,00,43,00,12,00,00,00,00,
139238504,00000118,false,Rx,1,4,00,44,00,12,00,00,00,00,
139248861,00000118,false,Rx,1,4,00,45,00,12,00,00,00,00,
139258518,00000118,false,Rx,1,4,00,46,00,12,00,00,00,00,
139268601,00000118,false,Rx,1,4,00,47,00,12,00,00,00,00,
139278655,00000118,false,Rx,1,4,00,48,00,12,00,00,00,00,
139288899,00000118,false,Rx,1,4,00,49,00,12,00,00,00,00,
139298686,00000118,false,Rx,1,4,00,4A,00,12,00,00,00,00,
139308701,00000118,false,Rx,1,4,00,4B,00,12,00,00,00,00,
139318566,00000118,false,Rx,1,4,00,4C,00,12,00,00,00,00,
139328710,00000118,false,Rx,1,4,00,4D,00,12,00,00,00,00,
139338556,00000118,false,Rx,1,4,00,4E,00,12,00,00,00,00,
139348699,00000118,false,Rx,1,4,00,4F,00,12,00,00,00,00,
139358542,00000118,false,Rx,1,4,00,40,00,12,00,00,00,00,
139368669,00000118,false,Rx,1,4,00,41,00,12,00,00,00,00,
139378553,00000118,false,Rx,1,4,00,42,00,12,00,00,00,00,
139388893,00000118,false,Rx,1,4,00,43,00,12,00,00,00,00,
139398632,00000118,false,Rx,1,4,00,44,00,12,00,00,00,00,
139408644,00000118,false,Rx,1,4,00,45,00,12,00,00,00,00,
139418508,00000118,false,Rx,1,4,00,46,00,12,00,00,00,00,
139428651,00000118,false,Rx,1,4,00,47,00,12,00,00,00,00,
139438494,00000118,false,Rx,1,4,00,48,00,12,00,00,00,00,
139448639,00000118,false,Rx,1,4,00,49,00,12,00,00,00,00,
139458486,00000118,false,Rx,1,4,00,4A,00,12,00,00,00,00,
139468610,00000118,false,Rx,1,4,00,4B,00,12,00,00,00,00,
139469811,0000070F,false,Rx,0,8,03,22,02,8D,55,55,55,55,
139478514,00000118,false,Rx,1,4,00,4C,00,12,00,00,00,00,
139488650,00000118,false,Rx,1,4,00,4D,00,12,00,00,00,00,
139489179,17F0000F,true,Rx,1,8,00,0F,00,00,00,00,00,00,
139490891,00000779,false,Rx,1,8,05,62,02,8D,78,00,AA,AA,
139498586,00000118,false,Rx,1,4,00,4E,00,12,00,00,00,00,
139508591,00000118,false,Rx,1,4,00,4F,00,12,00,00,00,00,
139518451,00000118,false,Rx,1,4,00,40,00,12,00,00,00,00,
139528594,00000118,false,Rx,1,4,00,41,00,12,00,00,00,00,
139538439,00000118,false,Rx,1,4,00,42,00,12,00,00,00,00,
139548584,00000118,false,Rx,1,4,00,43,00,12,00,00,00,00,
139558425,00000118,false,Rx,1,4,00,44,00,12,00,00,00,00,
139568552,00000118,false,Rx,1,4,00,45,00,12,00,00,00,00,
139578434,00000118,false,Rx,1,4,00,46,00,12,00,00,00,00,
139588644,00000118,false,Rx,1,4,00,47,00,12,00,00,00,00,
139598528,00000118,false,Rx,1,4,00,48,00,12,00,00,00,00,
139608529,00000118,false,Rx,1,4,00,49,00,12,00,00,00,00,
139618392,00000118,false,Rx,1,4,00,4A,00,12,00,00,00,00,
139628538,00000118,false,Rx,1,4,00,4B,00,12,00,00,00,00,
139638381,00000118,false,Rx,1,4,00,4C,00,12,00,00,00,00,
139648528,00000118,false,Rx,1,4,00,4D,00,12,00,00,00,00,
139658371,00000118,false,Rx,1,4,00,4E,00,12,00,00,00,00,
139668495,00000118,false,Rx,1,4,00,4F,00,12,00,00,00,00,
139678375,00000118,false,Rx,1,4,00,40,00,12,00,00,00,00,
139688721,00000118,false,Rx,1,4,00,41,00,12,00,00,00,00,
139698474,00000118,false,Rx,1,4,00,42,00,12,00,00,00,00,
139708473,00000118,false,Rx,1,4,00,43,00,12,00,00,00,00,
139718332,00000118,false,Rx,1,4,00,44,00,12,00,00,00,00,
139728477,00000118,false,Rx,1,4,00,45,00,12,00,00,00,00,
139738323,00000118,false,Rx,1,4,00,46,00,12,00,00,00,00,
139748501,00000118,false,Rx,1,4,00,47,00,12,00,00,00,00,
139762278,00000118,false,Rx,1,4,00,48,00,12,00,00,00,00,
139768588,00000118,false,Rx,1,4,00,49,00,12,00,00,00,00,
139778220,00000118,false,Rx,1,4,00,4A,00,12,00,00,00,00,
139788646,00000118,false,Rx,1,4,00,4B,00,12,00,00,00,00,
139798312,00000118,false,Rx,1,4,00,4C,00,12,00,00,00,00,
139801816,0000070F,false,Rx,0,8,03,22,2B,F1,55,55,55,55,
139808543,00000118,false,Rx,1,4,00,4D,00,12,00,00,00,00,
139818170,00000118,false,Rx,1,4,00,4E,00,12,00,00,00,00,
139819414,00000779,false,Rx,1,8,05,62,2B,F1,F9,71,AA,AA,
139828541,00000118,false,Rx,1,4,00,4F,00,12,00,00,00,00,
139838158,00000118,false,Rx,1,4,00,40,00,12,00,00,00,00,
139848519,00000118,false,Rx,1,4,00,41,00,12,00,00,00,00,
139858147,00000118,false,Rx,1,4,00,42,00,12,00,00,00,00,
139868488,00000118,false,Rx,1,4,00,43,00,12,00,00,00,00,
139878153,00000118,false,Rx,1,4,00,44,00,12,00,00,00,00,
139888637,00000118,false,Rx,1,4,00,45,00,12,00,00,00,00,
139898251,00000118,false,Rx,1,4,00,46,00,12,00,00,00,00,
139908465,00000118,false,Rx,1,4,00,47,00,12,00,00,00,00,
139918110,00000118,false,Rx,1,4,00,48,00,12,00,00,00,00,
139928470,00000118,false,Rx,1,4,00,49,00,12,00,00,00,00,
139938101,00000118,false,Rx,1,4,00,4A,00,12,00,00,00,00,
139948458,00000118,false,Rx,1,4,00,4B,00,12,00,00,00,00,
139958089,00000118,false,Rx,1,4,00,4C,00,12,00,00,00,00,
139968428,00000118,false,Rx,1,4,00,4D,00,12,00,00,00,00,
139978096,00000118,false,Rx,1,4,00,4E,00,12,00,00,00,00,
139988631,00000118,false,Rx,1,4,00,4F,00,12,00,00,00,00,
139989165,17F0000F,true,Rx,1,8,00,0F,00,00,00,00,00,00,
139998220,00000118,false,Rx,1,4,00,40,00,12,00,00,00,00,
140008825,00000118,false,Rx,1,4,00,41,00,12,00,00,00,00,
140018459,00000118,false,Rx,1,4,00,42,00,12,00,00,00,00,
140028813,00000118,false,Rx,1,4,00,43,00,12,00,00,00,00,
140038440,00000118,false,Rx,1,4,00,44,00,12,00,00,00,00,
140048799,00000118,false,Rx,1,4,00,45,00,12,00,00,00,00,
140058430,00000118,false,Rx,1,4,00,46,00,12,00,00,00,00,
140068771,00000118,false,Rx,1,4,00,47,00,12,00,00,00,00,
140078434,00000118,false,Rx,1,4,00,48,00,12,00,00,00,00,
140088889,00000118,false,Rx,1,4,00,49,00,12,00,00,00,00,
140098519,00000118,false,Rx,1,4,00,4A,00,12,00,00,00,00,
140108751,00000118,false,Rx,1,4,00,4B,00,12,00,00,00,00,
140118396,00000118,false,Rx,1,4,00,4C,00,12,00,00,00,00,
140118443,0000070F,false,Rx,0,8,03,22,2B,E4,55,55,55,55,
140128776,00000118,false,Rx,1,4,00,4D,00,12,00,00,00,00,
140138384,00000118,false,Rx,1,4,00,4E,00,12,00,00,00,00,
140139627,00000779,false,Rx,1,8,05,62,2B,E4,BD,67,AA,AA,
140148769,00000118,false,Rx,1,4,00,4F,00,12,00,00,00,00,
140158372,00000118,false,Rx,1,4,00,40,00,12,00,00,00,00,
140168717,00000118,false,Rx,1,4,00,41,00,12,00,00,00,00,
140178378,00000118,false,Rx,1,4,00,42,00,12,00,00,00,00,
140188880,00000118,false,Rx,1,4,00,43,00,12,00,00,00,00,
140198455,00000118,false,Rx,1,4,00,44,00,12,00,00,00,00,
140208697,00000118,false,Rx,1,4,00,45,00,12,00,00,00,00,
140218339,00000118,false,Rx,1,4,00,46,00,12,00,00,00,00,
140228696,00000118,false,Rx,1,4,00,47,00,12,00,00,00,00,
140238325,00000118,false,Rx,1,4,00,48,00,12,00,00,00,00,
140249467,00000118,false,Rx,1,4,00,49,00,12,00,00,00,00,
140258337,00000118,false,Rx,1,4,00,4A,00,12,00,00,00,00,
140268518,00000118,false,Rx,1,4,00,4B,00,12,00,00,00,00,
140278449,00000118,false,Rx,1,4,00,4C,00,12,00,00,00,00,
140288890,00000118,false,Rx,1,4,00,4D,00,12,00,00,00,00,
140298601,00000118,false,Rx,1,4,00,4E,00,12,00,00,00,00,
140308624,00000118,false,Rx,1,4,00,4F,00,12,00,00,00,00,
140318614,00000118,false,Rx,1,4,00,40,00,12,00,00,00,00,
140328609,00000118,false,Rx,1,4,00,41,00,12,00,00,00,00,
140338373,00000118,false,Rx,1,4,00,42,00,12,00,00,00,00,
140348608,00000118,false,Rx,1,4,00,43,00,12,00,00,00,00,
140358369,00000118,false,Rx,1,4,00,44,00,12,00,00,00,00,
140368615,00000118,false,Rx,1,4,00,45,00,12,00,00,00,00,
140378373,00000118,false,Rx,1,4,00,46,00,12,00,00,00,00,
140388616,00000118,false,Rx,1,4,00,47,00,12,00,00,00,00,
140398606,00000118,false,Rx,1,4,00,48,00,12,00,00,00,00,
140408868,00000118,false,Rx,1,4,00,49,00,12,00,00,00,00,
140418854,00000118,false,Rx,1,4,00,4A,00,12,00,00,00,00,
140428872,00000118,false,Rx,1,4,00,4B,00,12,00,00,00,00,
140438856,00000118,false,Rx,1,4,00,4C,00,12,00,00,00,00,
140441766,0000070F,false,Rx,0,8,03,22,02,8D,55,55,55,55,
140448882,00000118,false,Rx,1,4,00,4D,00,12,00,00,00,00,
140458847,00000118,false,Rx,1,4,00,4E,00,12,00,00,00,00,
140459960,00000779,false,Rx,1,8,05,62,02,8D,78,00,AA,AA,
140468860,00000118,false,Rx,1,4,00,4F,00,12,00,00,00,00,
140478865,00000118,false,Rx,1,4,00,40,00,12,00,00,00,00,
140488860,00000118,false,Rx,1,4,00,41,00,12,00,00,00,00,
140489399,17F0000F,true,Rx,1,8,00,0F,00,00,00,00,00,00,
140498868,00000118,false,Rx,1,4,00,42,00,12,00,00,00,00,
140508905,00000118,false,Rx,1,4,00,43,00,12,00,00,00,00,
140518877,00000118,false,Rx,1,4,00,44,00,12,00,00,00,00,
140528861,00000118,false,Rx,1,4,00,45,00,12,00,00,00,00,
140538852,00000118,false,Rx,1,4,00,46,00,12,00,00,00,00,
140548852,00000118,false,Rx,1,4,00,47,00,12,00,00,00,00,
140558854,00000118,false,Rx,1,4,00,48,00,12,00,00,00,00,
140568858,00000118,false,Rx,1,4,00,49,00,12,00,00,00,00,
140578853,00000118,false,Rx,1,4,00,4A,00,12,00,00,00,00,
140588855,00000118,false,Rx,1,4,00,4B,00,12,00,00,00,00,
140598857,00000118,false,Rx,1,4,00,4C,00,12,00,00,00,00,
140608861,00000118,false,Rx,1,4,00,4D,00,12,00,00,00,00,
140618602,00000118,false,Rx,1,4,00,4E,00,12,00,00,00,00,
140628861,00000118,false,Rx,1,4,00,4F,00,12,00,00,00,00,
140638613,00000118,false,Rx,1,4,00,40,00,12,00,00,00,00,
140648873,00000118,false,Rx,1,4,00,41,00,12,00,00,00,00,
140658619,00000118,false,Rx,1,4,00,42,00,12,00,00,00,00,
140668854,00000118,false,Rx,1,4,00,43,00,12,00,00,00,00,
140678618,00000118,false,Rx,1,4,00,44,00,12,00,00,00,00,
140688863,00000118,false,Rx,1,4,00,45,00,12,00,00,00,00,
140698855,00000118,false,Rx,1,4,00,46,00,12,00,00,00,00,
140708857,00000118,false,Rx,1,4,00,47,00,12,00,00,00,00,
140718614,00000118,false,Rx,1,4,00,48,00,12,00,00,00,00,
140728859,00000118,false,Rx,1,4,00,49,00,12,00,00,00,00,
140738608,00000118,false,Rx,1,4,00,4A,00,12,00,00,00,00,
140749038,00000118,false,Rx,1,4,00,4B,00,12,00,00,00,00,
140763356,00000118,false,Rx,1,4,00,4C,00,12,00,00,00,00,
140768785,00000118,false,Rx,1,4,00,4D,00,12,00,00,00,00,
140770611,0000070F,false,Rx,0,8,03,22,2B,F1,55,55,55,55,
140778468,00000118,false,Rx,1,4,00,4E,00,12,00,00,00,00,
140788887,00000118,false,Rx,1,4,00,4F,00,12,00,00,00,00,
140790961,00000779,false,Rx,1,8,05,62,2B,F1,F9,71,AA,AA,
140798518,00000118,false,Rx,1,4,00,40,00,12,00,00,00,00,
140808744,00000118,false,Rx,1,4,00,41,00,12,00,00,00,00,
140818404,00000118,false,Rx,1,4,00,42,00,12,00,00,00,00,
140828753,00000118,false,Rx,1,4,00,43,00,12,00,00,00,00,
140838377,00000118,false,Rx,1,4,00,44,00,12,00,00,00,00,
140848738,00000118,false,Rx,1,4,00,45,00,12,00,00,00,00,
140858367,00000118,false,Rx,1,4,00,46,00,12,00,00,00,00,
140868707,00000118,false,Rx,1,4,00,47,00,12,00,00,00,00,
140878373,00000118,false,Rx,1,4,00,48,00,12,00,00,00,00,
140888870,00000118,false,Rx,1,4,00,49,00,12,00,00,00,00,
140898452,00000118,false,Rx,1,4,00,4A,00,12,00,00,00,00,
140908683,00000118,false,Rx,1,4,00,4B,00,12,00,00,00,00,
140918337,00000118,false,Rx,1,4,00,4C,00,12,00,00,00,00,
140928693,00000118,false,Rx,1,4,00,4D,00,12,00,00,00,00,
140938321,00000118,false,Rx,1,4,00,4E,00,12,00,00,00,00,
140948681,00000118,false,Rx,1,4,00,4F,00,12,00,00,00,00,
140958311,00000118,false,Rx,1,4,00,40,00,12,00,00,00,00,
140968651,00000118,false,Rx,1,4,00,41,00,12,00,00,00,00,
140978317,00000118,false,Rx,1,4,00,42,00,12,00,00,00,00,
140988868,00000118,false,Rx,1,4,00,43,00,12,00,00,00,00,
140989405,17F0000F,true,Rx,1,8,00,0F,00,00,00,00,00,00,
140998399,00000118,false,Rx,1,4,00,44,00,12,00,00,00,00,
141008626,00000118,false,Rx,1,4,00,45,00,12,00,00,00,00,
141018275,00000118,false,Rx,1,4,00,46,00,12,00,00,00,00,
141028637,00000118,false,Rx,1,4,00,47,00,12,00,00,00,00,
141038261,00000118,false,Rx,1,4,00,48,00,12,00,00,00,00,
141048622,00000118,false,Rx,1,4,00,49,00,12,00,00,00,00,
141058251,00000118,false,Rx,1,4,00,4A,00,12,00,00,00,00,
141068591,00000118,false,Rx,1,4,00,4B,00,12,00,00,00,00,
141078259,00000118,false,Rx,1,4,00,4C,00,12,00,00,00,00,
141088630,00000118,false,Rx,1,4,00,4D,00,12,00,00,00,00,
141089053,0000070F,false,Rx,0,8,03,22,2B,E4,55,55,55,55,
141098376,00000118,false,Rx,1,4,00,4E,00,12,00,00,00,00,
141108570,00000118,false,Rx,1,4,00,4F,00,12,00,00,00,00,
141110753,00000779,false,Rx,1,8,05,62,2B,E4,BD,67,AA,AA,
141118226,00000118,false,Rx,1,4,00,40,00,12,00,00,00,00,
141128579,00000118,false,Rx,1,4,00,41,00,12,00,00,00,00,
141138206,00000118,false,Rx,1,4,00,42,00,12,00,00,00,00,
141148576,00000118,false,Rx,1,4,00,43,00,12,00,00,00,00,
141158193,00000118,false,Rx,1,4,00,44,00,12,00,00,00,00,
141168534,00000118,false,Rx,1,4,00,45,00,12,00,00,00,00,
141178200,00000118,false,Rx,1,4,00,46,00,12,00,00,00,00,
141188625,00000118,false,Rx,1,4,00,47,00,12,00,00,00,00,
141198295,00000118,false,Rx,1,4,00,48,00,12,00,00,00,00,
141208511,00000118,false,Rx,1,4,00,49,00,12,00,00,00,00,
141218159,00000118,false,Rx,1,4,00,4A,00,12,00,00,00,00,
141228524,00000118,false,Rx,1,4,00,4B,00,12,00,00,00,00,
141238147,00000118,false,Rx,1,4,00,4C,00,12,00,00,00,00,
141248521,00000118,false,Rx,1,4,00,4D,00,12,00,00,00,00,
141258286,00000118,false,Rx,1,4,00,4E,00,12,00,00,00,00,
141272818,00000118,false,Rx,1,4,00,4F,00,12,00,00,00,00,
141278267,00000118,false,Rx,1,4,00,40,00,12,00,00,00,00,
141288663,00000118,false,Rx,1,4,00,41,00,12,00,00,00,00,
141298330,00000118,false,Rx,1,4,00,42,00,12,00,00,00,00,
141308365,00000118,false,Rx,1,4,00,43,00,12,00,00,00,00,
141318207,00000118,false,Rx,1,4,00,44,00,12,00,00,00,00,
141328455,00000118,false,Rx,1,4,00,45,00,12,00,00,00,00,
141338198,00000118,false,Rx,1,4,00,46,00,12,00,00,00,00,
141348323,00000118,false,Rx,1,4,00,47,00,12,00,00,00,00,
141358203,00000118,false,Rx,1,4,00,48,00,12,00,00,00,00,
141368309,00000118,false,Rx,1,4,00,49,00,12,00,00,00,00,
141378192,00000118,false,Rx,1,4,00,4A,00,12,00,00,00,00,
141388383,00000118,false,Rx,1,4,00,4B,00,12,00,00,00,00,
141398273,00000118,false,Rx,1,4,00,4C,00,12,00,00,00,00,
141403661,0000070F,false,Rx,0,8,03,22,02,8D,55,55,55,55,
141408329,00000118,false,Rx,1,4,00,4D,00,12,00,00,00,00,
141418151,00000118,false,Rx,1,4,00,4E,00,12,00,00,00,00,
141419400,00000779,false,Rx,1,8,05,62,02,8D,78,00,AA,AA,
141428306,00000118,false,Rx,1,4,00,4F,00,12,00,00,00,00,
141438544,00000118,false,Rx,1,4,00,40,00,12,00,00,00,00,
141448667,00000118,false,Rx,1,4,00,41,00,12,00,00,00,00,
141458547,00000118,false,Rx,1,4,00,42,00,12,00,00,00,00,
141468654,00000118,false,Rx,1,4,00,43,00,12,00,00,00,00,
141478531,00000118,false,Rx,1,4,00,44,00,12,00,00,00,00,
141488869,00000118,false,Rx,1,4,00,45,00,12,00,00,00,00,
141489404,17F0000F,true,Rx,1,8,00,0F,00,00,00,00,00,00,
141498602,00000118,false,Rx,1,4,00,46,00,12,00,00,00,00,
141508647,00000118,false,Rx,1,4,00,47,00,12,00,00,00,00,
141518492,00000118,false,Rx,1,4,00,48,00,12,00,00,00,00,
141528635,00000118,false,Rx,1,4,00,49,00,12,00,00,00,00,
141538488,00000118,false,Rx,1,4,00,4A,00,12,00,00,00,00,
141548606,00000118,false,Rx,1,4,00,4B,00,12,00,00,00,00,
141558488,00000118,false,Rx,1,4,00,4C,00,12,00,00,00,00,
141568595,00000118,false,Rx,1,4,00,4D,00,12,00,00,00,00,
141578476,00000118,false,Rx,1,4,00,4E,00,12,00,00,00,00,
141588630,00000118,false,Rx,1,4,00,4F,00,12,00,00,00,00,
141598536,00000118,false,Rx,1,4,00,40,00,12,00,00,00,00,
141608592,00000118,false,Rx,1,4,00,41,00,12,00,00,00,00,
141618435,00000118,false,Rx,1,4,00,42,00,12,00,00,00,00,
141628580,00000118,false,Rx,1,4,00,43,00,12,00,00,00,00,
141638425,00000118,false,Rx,1,4,00,44,00,12,00,00,00,00,
141648552,00000118,false,Rx,1,4,00,45,00,12,00,00,00,00,
141658431,00000118,false,Rx,1,4,00,46,00,12,00,00,00,00,
141668537,00000118,false,Rx,1,4,00,47,00,12,00,00,00,00,
141678417,00000118,false,Rx,1,4,00,48,00,12,00,00,00,00,
141688633,00000118,false,Rx,1,4,00,49,00,12,00,00,00,00,
141698496,00000118,false,Rx,1,4,00,4A,00,12,00,00,00,00,
141708531,00000118,false,Rx,1,4,00,4B,00,12,00,00,00,00,
141718377,00000118,false,Rx,1,4,00,4C,00,12,00,00,00,00,
141722448,0000070F,false,Rx,0,8,03,22,2B,F1,55,55,55,55,
141728543,00000118,false,Rx,1,4,00,4D,00,12,00,00,00,00,
141738380,00000118,false,Rx,1,4,00,4E,00,12,00,00,00,00,
141739608,00000779,false,Rx,1,8,05,62,2B,F1,D1,71,AA,AA,
141748552,00000118,false,Rx,1,4,00,4F,00,12,00,00,00,00,
141762582,00000118,false,Rx,1,4,00,40,00,12,00,00,00,00,
141768627,00000118,false,Rx,1,4,00,41,00,12,00,00,00,00,
141778255,00000118,false,Rx,1,4,00,42,00,12,00,00,00,00,
141788642,00000118,false,Rx,1,4,00,43,00,12,00,00,00,00,
141798347,00000118,false,Rx,1,4,00,44,00,12,00,00,00,00,
141808564,00000118,false,Rx,1,4,00,45,00,12,00,00,00,00,
141818230,00000118,false,Rx,1,4,00,46,00,12,00,00,00,00,
141828553,00000118,false,Rx,1,4,00,47,00,12,00,00,00,00,
141838300,00000118,false,Rx,1,4,00,48,00,12,00,00,00,00,
141848562,00000118,false,Rx,1,4,00,49,00,12,00,00,00,00,
141858188,00000118,false,Rx,1,4,00,4A,00,12,00,00,00,00,
141868547,00000118,false,Rx,1,4,00,4B,00,12,00,00,00,00,
141878179,00000118,false,Rx,1,4,00,4C,00,12,00,00,00,00,
141888632,00000118,false,Rx,1,4,00,4D,00,12,00,00,00,00,
141898292,00000118,false,Rx,1,4,00,4E,00,12,00,00,00,00,
141908508,00000118,false,Rx,1,4,00,4F,00,12,00,00,00,00,
141918172,00000118,false,Rx,1,4,00,40,00,12,00,00,00,00,
141928496,00000118,false,Rx,1,4,00,41,00,12,00,00,00,00,
141938153,00000118,false,Rx,1,4,00,42,00,12,00,00,00,00,
141948506,00000118,false,Rx,1,4,00,43,00,12,00,00,00,00,
141958128,00000118,false,Rx,1,4,00,44,00,12,00,00,00,00,
141968489,00000118,false,Rx,1,4,00,45,00,12,00,00,00,00,
141978123,00000118,false,Rx,1,4,00,46,00,12,00,00,00,00,
141988633,00000118,false,Rx,1,4,00,47,00,12,00,00,00,00,
141989168,17F0000F,true,Rx,1,8,00,0F,00,00,00,00,00,00,
141998239,00000118,false,Rx,1,4,00,48,00,12,00,00,00,00,
142008847,00000118,false,Rx,1,4,00,49,00,12,00,00,00,00,
142018513,00000118,false,Rx,1,4,00,4A,00,12,00,00,00,00,
142028837,00000118,false,Rx,1,4,00,4B,00,12,00,00,00,00,
142038484,00000118,false,Rx,1,4,00,4C,00,12,00,00,00,00,
142038994,0000070F,false,Rx,0,8,03,22,2B,E4,55,55,55,55,
142048867,00000118,false,Rx,1,4,00,4D,00,12,00,00,00,00,
142058473,00000118,false,Rx,1,4,00,4E,00,12,00,00,00,00,
142059717,00000779,false,Rx,1,8,05,62,2B,E4,BD,67,AA,AA,
142068843,00000118,false,Rx,1,4,00,4F,00,12,00,00,00,00,
142078462,00000118,false,Rx,1,4,00,40,00,12,00,00,00,00,
142088874,00000118,false,Rx,1,4,00,41,00,12,00,00,00,00,
142098556,00000118,false,Rx,1,4,00,42,00,12,00,00,00,00,
142108792,00000118,false,Rx,1,4,00,43,00,12,00,00,00,00,
142118453,00000118,false,Rx,1,4,00,44,00,12,00,00,00,00,
142128779,00000118,false,Rx,1,4,00,45,00,12,00,00,00,00,
142138426,00000118,false,Rx,1,4,00,46,00,12,00,00,00,00,
142148821,00000118,false,Rx,1,4,00,47,00,12,00,00,00,00,
142158417,00000118,false,Rx,1,4,00,48,00,12,00,00,00,00,
142168773,00000118,false,Rx,1,4,00,49,00,12,00,00,00,00,
142178405,00000118,false,Rx,1,4,00,4A,00,12,00,00,00,00,
142188874,00000118,false,Rx,1,4,00,4B,00,12,00,00,00,00,
142198498,00000118,false,Rx,1,4,00,4C,00,12,00,00,00,00,
142208732,00000118,false,Rx,1,4,00,4D,00,12,00,00,00,00,
142218398,00000118,false,Rx,1,4,00,4E,00,12,00,00,00,00,
142228721,00000118,false,Rx,1,4,00,4F,00,12,00,00,00,00,
142238368,00000118,false,Rx,1,4,00,40,00,12,00,00,00,00,
142248743,00000118,false,Rx,1,4,00,41,00,12,00,00,00,00,
142258406,00000118,false,Rx,1,4,00,42,00,12,00,00,00,00,
142274171,00000118,false,Rx,1,4,00,43,00,12,00,00,00,00,
142278466,00000118,false,Rx,1,4,00,44,00,12,00,00,00,00,
142288899,00000118,false,Rx,1,4,00,45,00,12,00,00,00,00,
142298531,00000118,false,Rx,1,4,00,46,00,12,00,00,00,00,
142308585,00000118,false,Rx,1,4,00,47,00,12,00,00,00,00,
142318427,00000118,false,Rx,1,4,00,48,00,12,00,00,00,00,
142328572,00000118,false,Rx,1,4,00,49,00,12,00,00,00,00,
142338419,00000118,false,Rx,1,4,00,4A,00,12,00,00,00,00,
142348544,00000118,false,Rx,1,4,00,4B,00,12,00,00,00,00,
142356311,0000070F,false,Rx,0,8,03,22,02,8D,55,55,55,55,
142358447,00000118,false,Rx,1,4,00,4C,00,12,00,00,00,00,
142368531,00000118,false,Rx,1,4,00,4D,00,12,00,00,00,00,
142370722,00000779,false,Rx,1,8,05,62,02,8D,78,00,AA,AA,
142378422,00000118,false,Rx,1,4,00,4E,00,12,00,00,00,00,
142388635,00000118,false,Rx,1,4,00,4F,00,12,00,00,00,00,
142398492,00000118,false,Rx,1,4,00,40,00,12,00,00,00,00,
142408528,00000118,false,Rx,1,4,00,41,00,12,00,00,00,00,
142418372,00000118,false,Rx,1,4,00,42,00,12,00,00,00,00,
142428516,00000118,false,Rx,1,4,00,43,00,12,00,00,00,00,
142438359,00000118,false,Rx,1,4,00,44,00,12,00,00,00,00,
142448485,00000118,false,Rx,1,4,00,45,00,12,00,00,00,00,
142458368,00000118,false,Rx,1,4,00,46,00,12,00,00,00,00,
142468475,00000118,false,Rx,1,4,00,47,00,12,00,00,00,00,
142478354,00000118,false,Rx,1,4,00,48,00,12,00,00,00,00,
142488626,00000118,false,Rx,1,4,00,49,00,12,00,00,00,00,
142489162,17F0000F,true,Rx,1,8,00,0F,00,00,00,00,00,00,
142498439,00000118,false,Rx,1,4,00,4A,00,12,00,00,00,00,
142508870,00000118,false,Rx,1,4,00,4B,00,12,00,00,00,00,
142518715,00000118,false,Rx,1,4,00,4C,00,12,00,00,00,00,
142528857,00000118,false,Rx,1,4,00,4D,00,12,00,00,00,00,
142538703,00000118,false,Rx,1,4,00,4E,00,12,00,00,00,00,
142548829,00000118,false,Rx,1,4,00,4F,00,12,00,00,00,00,
142558712,00000118,false,Rx,1,4,00,40,00,12,00,00,00,00,
142568817,00000118,false,Rx,1,4,00,41,00,12,00,00,00,00,
142578697,00000118,false,Rx,1,4,00,42,00,12,00,00,00,00,
142588873,00000118,false,Rx,1,4,00,43,00,12,00,00,00,00,
142598755,00000118,false,Rx,1,4,00,44,00,12,00,00,00,00,
142608811,00000118,false,Rx,1,4,00,45,00,12,00,00,00,00,
142618657,00000118,false,Rx,1,4,00,46,00,12,00,00,00,00,
142628799,00000118,false,Rx,1,4,00,47,00,12,00,00,00,00,
142638643,00000118,false,Rx,1,4,00,48,00,12,00,00,00,00,
142648769,00000118,false,Rx,1,4,00,49,00,12,00,00,00,00,
142658666,00000118,false,Rx,1,4,00,4A,00,12,00,00,00,00,
142667960,0000070F,false,Rx,0,8,03,22,2B,F1,55,55,55,55,
142668781,00000118,false,Rx,1,4,00,4B,00,12,00,00,00,00,
142678640,00000118,false,Rx,1,4,00,4C,00,12,00,00,00,00,
142679991,00000779,false,Rx,1,8,05,62,2B,F1,D1,71,AA,AA,
142688874,00000118,false,Rx,1,4,00,4D,00,12,00,00,00,00,
142699098,00000118,false,Rx,1,4,00,4E,00,12,00,00,00,00,
142709154,00000118,false,Rx,1,4,00,4F,00,12,00,00,00,00,
142718998,00000118,false,Rx,1,4,00,40,00,12,00,00,00,00,
142729143,00000118,false,Rx,1,4,00,41,00,12,00,00,00,00,
142738988,00000118,false,Rx,1,4,00,42,00,12,00,00,00,00,
142749577,00000118,false,Rx,1,4,00,43,00,12,00,00,00,00,
142758907,00000118,false,Rx,1,4,00,44,00,12,00,00,00,00,
142769145,00000118,false,Rx,1,4,00,45,00,12,00,00,00,00,
142779001,00000118,false,Rx,1,4,00,46,00,12,00,00,00,00,
142789101,00000118,false,Rx,1,4,00,47,00,12,00,00,00,00,
142799057,00000118,false,Rx,1,4,00,48,00,12,00,00,00,00,
142809094,00000118,false,Rx,1,4,00,49,00,12,00,00,00,00,
142818950,00000118,false,Rx,1,4,00,4A,00,12,00,00,00,00,
142829083,00000118,false,Rx,1,4,00,4B,00,12,00,00,00,00,
142838947,00000118,false,Rx,1,4,00,4C,00,12,00,00,00,00,
142849053,00000118,false,Rx,1,4,00,4D,00,12,00,00,00,00,
142858950,00000118,false,Rx,1,4,00,4E,00,12,00,00,00,00,
142869053,00000118,false,Rx,1,4,00,4F,00,12,00,00,00,00,
142878942,00000118,false,Rx,1,4,00,40,00,12,00,00,00,00,
142889112,00000118,false,Rx,1,4,00,41,00,12,00,00,00,00,
142899001,00000118,false,Rx,1,4,00,42,00,12,00,00,00,00,
142909038,00000118,false,Rx,1,4,00,43,00,12,00,00,00,00,
142918861,00000118,false,Rx,1,4,00,44,00,12,00,00,00,00,
142929024,00000118,false,Rx,1,4,00,45,00,12,00,00,00,00,
142938870,00000118,false,Rx,1,4,00,46,00,12,00,00,00,00,
142948995,00000118,false,Rx,1,4,00,47,00,12,00,00,00,00,
142958856,00000118,false,Rx,1,4,00,48,00,12,00,00,00,00,
142968989,00000118,false,Rx,1,4,00,49,00,12,00,00,00,00,
142978861,00000118,false,Rx,1,4,00,4A,00,12,00,00,00,00,
142985681,0000070F,false,Rx,0,8,03,22,2B,E4,55,55,55,55,
142989101,00000118,false,Rx,1,4,00,4B,00,12,00,00,00,00,
142989645,17F0000F,true,Rx,1,8,00,0F,00,00,00,00,00,00,
142999353,00000118,false,Rx,1,4,00,4C,00,12,00,00,00,00,
143000592,00000779,false,Rx,1,8,05,62,2B,E4,BD,67,AA,AA,
143009387,00000118,false,Rx,1,4,00,4D,00,12,00,00,00,00,
143019624,00000118,false,Rx,1,4,00,4E,00,12,00,00,00,00,
143029769,00000118,false,Rx,1,4,00,4F,00,12,00,00,00,00,
143039613,00000118,false,Rx,1,4,00,40,00,12,00,00,00,00,
143049740,00000118,false,Rx,1,4,00,41,00,12,00,00,00,00,
143059619,00000118,false,Rx,1,4,00,42,00,12,00,00,00,00,
143069732,00000118,false,Rx,1,4,00,43,00,12,00,00,00,00,
143079606,00000118,false,Rx,1,4,00,44,00,12,00,00,00,00,
143089861,00000118,false,Rx,1,4,00,45,00,12,00,00,00,00,
143099668,00000118,false,Rx,1,4,00,46,00,12,00,00,00,00,
143109721,00000118,false,Rx,1,4,00,47,00,12,00,00,00,00,
143119565,00000118,false,Rx,1,4,00,48,00,12,00,00,00,00,
143129709,00000118,false,Rx,1,4,00,49,00,12,00,00,00,00,
143139555,00000118,false,Rx,1,4,00,4A,00,12,00,00,00,00,
143149680,00000118,false,Rx,1,4,00,4B,00,12,00,00,00,00,
143159566,00000118,false,Rx,1,4,00,4C,00,12,00,00,00,00,
143169668,00000118,false,Rx,1,4,00,4D,00,12,00,00,00,00,
143179557,00000118,false,Rx,1,4,00,4E,00,12,00,00,00,00,
143189832,00000118,false,Rx,1,4,00,4F,00,12,00,00,00,00,
143199610,00000118,false,Rx,1,4,00,40,00,12,00,00,00,00,
143209665,00000118,false,Rx,1,4,00,41,00,12,00,00,00,00,
143219509,00000118,false,Rx,1,4,00,42,00,12,00,00,00,00,
143229652,00000118,false,Rx,1,4,00,43,00,12,00,00,00,00,
143239495,00000118,false,Rx,1,4,00,44,00,12,00,00,00,00,
143249654,00000118,false,Rx,1,4,00,45,00,12,00,00,00,00,
143263783,00000118,false,Rx,1,4,00,46,00,12,00,00,00,00,
143270828,00000118,false,Rx,1,4,00,47,00,12,00,00,00,00,
143279383,00000118,false,Rx,1,4,00,48,00,12,00,00,00,00,
143290032,00000118,false,Rx,1,4,00,49,00,12,00,00,00,00,
143299409,00000118,false,Rx,1,4,00,4A,00,12,00,00,00,00,
143303498,0000070F,false,Rx,0,8,03,22,02,8D,55,55,55,55,
143309717,00000118,false,Rx,1,4,00,4B,00,12,00,00,00,00,
143319361,00000118,false,Rx,1,4,00,4C,00,12,00,00,00,00,
143320607,00000779,false,Rx,1,8,05,62,02,8D,77,00,AA,AA,
143329693,00000118,false,Rx,1,4,00,4D,00,12,00,00,00,00,
143339330,00000118,false,Rx,1,4,00,4E,00,12,00,00,00,00,
143349691,00000118,false,Rx,1,4,00,4F,00,12,00,00,00,00,
143359321,00000118,false,Rx,1,4,00,40,00,12,00,00,00,00,
143369679,00000118,false,Rx,1,4,00,41,00,12,00,00,00,00,
143379313,00000118,false,Rx,1,4,00,42,00,12,00,00,00,00,
143389794,00000118,false,Rx,1,4,00,43,00,12,00,00,00,00,
143399364,00000118,false,Rx,1,4,00,44,00,12,00,00,00,00,
143409636,00000118,false,Rx,1,4,00,45,00,12,00,00,00,00,
143419304,00000118,false,Rx,1,4,00,46,00,12,00,00,00,00,
143429624,00000118,false,Rx,1,4,00,47,00,12,00,00,00,00,
143439272,00000118,false,Rx,1,4,00,48,00,12,00,00,00,00,
143449630,00000118,false,Rx,1,4,00,49,00,12,00,00,00,00,
143459262,00000118,false,Rx,1,4,00,4A,00,12,00,00,00,00,
143469619,00000118,false,Rx,1,4,00,4B,00,12,00,00,00,00,
143479255,00000118,false,Rx,1,4,00,4C,00,12,00,00,00,00,
143489809,00000118,false,Rx,1,4,00,4D,00,12,00,00,00,00,
143490347,17F0000F,true,Rx,1,8,00,0F,00,00,00,00,00,00,
143499317,00000118,false,Rx,1,4,00,4E,00,12,00,00,00,00,
143509583,00000118,false,Rx,1,4,00,4F,00,12,00,00,00,00,
143519246,00000118,false,Rx,1,4,00,40,00,12,00,00,00,00,
143529570,00000118,false,Rx,1,4,00,41,00,12,00,00,00,00,
143539216,00000118,false,Rx,1,4,00,42,00,12,00,00,00,00,
143549575,00000118,false,Rx,1,4,00,43,00,12,00,00,00,00,
143559203,00000118,false,Rx,1,4,00,44,00,12,00,00,00,00,
143569561,00000118,false,Rx,1,4,00,45,00,12,00,00,00,00,
143579193,00000118,false,Rx,1,4,00,46,00,12,00,00,00,00,
143589781,00000118,false,Rx,1,4,00,47,00,12,00,00,00,00,
143599249,00000118,false,Rx,1,4,00,48,00,12,00,00,00,00,
143609521,00000118,false,Rx,1,4,00,49,00,12,00,00,00,00,
143619188,00000118,false,Rx,1,4,00,4A,00,12,00,00,00,00,
143619287,0000070F,false,Rx,0,8,03,22,2B,F1,55,55,55,55,
143629535,00000118,false,Rx,1,4,00,4B,00,12,00,00,00,00,
143639158,00000118,false,Rx,1,4,00,4C,00,12,00,00,00,00,
143640401,00000779,false,Rx,1,8,05,62,2B,F1,D1,71,AA,AA,
143649524,00000118,false,Rx,1,4,00,4D,00,12,00,00,00,00,
143659154,00000118,false,Rx,1,4,00,4E,00,12,00,00,00,00,
143669507,00000118,false,Rx,1,4,00,4F,00,12,00,00,00,00,
143679135,00000118,false,Rx,1,4,00,40,00,12,00,00,00,00,
143689555,00000118,false,Rx,1,4,00,41,00,12,00,00,00,00,
143699212,00000118,false,Rx,1,4,00,42,00,12,00,00,00,00,
143709466,00000118,false,Rx,1,4,00,43,00,12,00,00,00,00,
143719128,00000118,false,Rx,1,4,00,44,00,12,00,00,00,00,
143729452,00000118,false,Rx,1,4,00,45,00,12,00,00,00,00,
143739101,00000118,false,Rx,1,4,00,46,00,12,00,00,00,00,
143750187,00000118,false,Rx,1,4,00,47,00,12,00,00,00,00,
143764726,00000118,false,Rx,1,4,00,48,00,12,00,00,00,00,
143769601,00000118,false,Rx,1,4,00,49,00,12,00,00,00,00,
143779130,00000118,false,Rx,1,4,00,4A,00,12,00,00,00,00,
143789567,00000118,false,Rx,1,4,00,4B,00,12,00,00,00,00,
143799209,00000118,false,Rx,1,4,00,4C,00,12,00,00,00,00,
143809388,00000118,false,Rx,1,4,00,4D,00,12,00,00,00,00,
143819089,00000118,false,Rx,1,4,00,4E,00,12,00,00,00,00,
143829381,00000118,false,Rx,1,4,00,4F,00,12,00,00,00,00,
143839061,00000118,false,Rx,1,4,00,40,00,12,00,00,00,00,
143849384,00000118,false,Rx,1,4,00,41,00,12,00,00,00,00,
143859049,00000118,false,Rx,1,4,00,42,00,12,00,00,00,00,
143869554,00000118,false,Rx,1,4,00,43,00,12,00,00,00,00,
143879053,00000118,false,Rx,1,4,00,44,00,12,00,00,00,00,
143889558,00000118,false,Rx,1,4,00,45,00,12,00,00,00,00,
143899154,00000118,false,Rx,1,4,00,46,00,12,00,00,00,00,
143909330,00000118,false,Rx,1,4,00,47,00,12,00,00,00,00,
143919029,00000118,false,Rx,1,4,00,48,00,12,00,00,00,00,
143929319,00000118,false,Rx,1,4,00,49,00,12,00,00,00,00,
143939003,00000118,false,Rx,1,4,00,4A,00,12,00,00,00,00,
143949325,00000118,false,Rx,1,4,00,4B,00,12,00,00,00,00,
143955388,0000070F,false,Rx,0,8,03,22,2B,E4,55,55,55,55,
143959013,00000118,false,Rx,1,4,00,4C,00,12,00,00,00,00,
143969311,00000118,false,Rx,1,4,00,4D,00,12,00,00,00,00,
143971478,00000779,false,Rx,1,8,05,62,2B,E4,21,68,AA,AA,
143979007,00000118,false,Rx,1,4,00,4E,00,12,00,00,00,00,
143989375,00000118,false,Rx,1,4,00,4F,00,12,00,00,00,00,
143989848,17F0000F,true,Rx,1,8,00,0F,00,00,00,00,00,00,
143999101,00000118,false,Rx,1,4,00,40,00,12,00,00,00,00,
144009692,00000118,false,Rx,1,4,00,41,00,12,00,00,00,00,
144019355,00000118,false,Rx,1,4,00,42,00,12,00,00,00,00,
144029680,00000118,false,Rx,1,4,00,43,00,12,00,00,00,00,
144039324,00000118,false,Rx,1,4,00,44,00,12,00,00,00,00,
144049683,00000118,false,Rx,1,4,00,45,00,12,00,00,00,00,
144059315,00000118,false,Rx,1,4,00,46,00,12,00,00,00,00,
144069655,00000118,false,Rx,1,4,00,47,00,12,00,00,00,00,
144079319,00000118,false,Rx,1,4,00,48,00,12,00,00,00,00,
144089804,00000118,false,Rx,1,4,00,49,00,12,00,00,00,00,
144099418,00000118,false,Rx,1,4,00,4A,00,12,00,00,00,00,
144109631,00000118,false,Rx,1,4,00,4B,00,12,00,00,00,00,
144119298,00000118,false,Rx,1,4,00,4C,00,12,00,00,00,00,
144129621,00000118,false,Rx,1,4,00,4D,00,12,00,00,00,00,
144139269,00000118,false,Rx,1,4,00,4E,00,12,00,00,00,00,
144149628,00000118,false,Rx,1,4,00,4F,00,12,00,00,00,00,
144159272,00000118,false,Rx,1,4,00,40,00,12,00,00,00,00,
144169600,00000118,false,Rx,1,4,00,41,00,12,00,00,00,00,
144179264,00000118,false,Rx,1,4,00,42,00,12,00,00,00,00,
144189804,00000118,false,Rx,1,4,00,43,00,12,00,00,00,00,
144199364,00000118,false,Rx,1,4,00,44,00,12,00,00,00,00,
144209574,00000118,false,Rx,1,4,00,45,00,12,00,00,00,00,
144219241,00000118,false,Rx,1,4,00,46,00,12,00,00,00,00,
144229562,00000118,false,Rx,1,4,00,47,00,12,00,00,00,00,
144239208,00000118,false,Rx,1,4,00,48,00,12,00,00,00,00,
144249583,00000118,false,Rx,1,4,00,49,00,12,00,00,00,00,
144265169,00000118,false,Rx,1,4,00,4A,00,12,00,00,00,00,
144268689,0000070F,false,Rx,0,8,03,22,02,8D,55,55,55,55,
144269642,00000118,false,Rx,1,4,00,4B,00,12,00,00,00,00,
144279246,00000118,false,Rx,1,4,00,4C,00,12,00,00,00,00,
144289815,00000118,false,Rx,1,4,00,4D,00,12,00,00,00,00,
144291835,00000779,false,Rx,1,8,05,62,02,8D,77,00,AA,AA,
144299325,00000118,false,Rx,1,4,00,4E,00,12,00,00,00,00,
144309519,00000118,false,Rx,1,4,00,4F,00,12,00,00,00,00,
144319182,00000118,false,Rx,1,4,00,40,00,12,00,00,00,00,
144329507,00000118,false,Rx,1,4,00,41,00,12,00,00,00,00,
144339154,00000118,false,Rx,1,4,00,42,00,12,00,00,00,00,
144349514,00000118,false,Rx,1,4,00,43,00,12,00,00,00,00,
144359139,00000118,false,Rx,1,4,00,44,00,12,00,00,00,00,
144369564,00000118,false,Rx,1,4,00,45,00,12,00,00,00,00,
144379147,00000118,false,Rx,1,4,00,46,00,12,00,00,00,00,
144389565,00000118,false,Rx,1,4,00,47,00,12,00,00,00,00,
144399245,00000118,false,Rx,1,4,00,48,00,12,00,00,00,00,
144409444,00000118,false,Rx,1,4,00,49,00,12,00,00,00,00,
144419142,00000118,false,Rx,1,4,00,4A,00,12,00,00,00,00,
144429429,00000118,false,Rx,1,4,00,4B,00,12,00,00,00,00,
144439112,00000118,false,Rx,1,4,00,4C,00,12,00,00,00,00,
144449434,00000118,false,Rx,1,4,00,4D,00,12,00,00,00,00,
144459102,00000118,false,Rx,1,4,00,4E,00,12,00,00,00,00,
144469563,00000118,false,Rx,1,4,00,4F,00,12,00,00,00,00,
144479107,00000118,false,Rx,1,4,00,40,00,12,00,00,00,00,
144489559,00000118,false,Rx,1,4,00,41,00,12,00,00,00,00,
144490103,17F0000F,true,Rx,1,8,00,0F,00,00,00,00,00,00,
144499212,00000118,false,Rx,1,4,00,42,00,12,00,00,00,00,
144509805,00000118,false,Rx,1,4,00,43,00,12,00,00,00,00,
144519463,00000118,false,Rx,1,4,00,44,00,12,00,00,00,00,
144529788,00000118,false,Rx,1,4,00,45,00,12,00,00,00,00,
144539437,00000118,false,Rx,1,4,00,46,00,12,00,00,00,00,
144549794,00000118,false,Rx,1,4,00,47,00,12,00,00,00,00,
144559424,00000118,false,Rx,1,4,00,48,00,12,00,00,00,00,
144569765,00000118,false,Rx,1,4,00,49,00,12,00,00,00,00,
144579432,00000118,false,Rx,1,4,00,4A,00,12,00,00,00,00,
144586050,0000070F,false,Rx,0,8,03,22,2B,F1,55,55,55,55,
144589788,00000118,false,Rx,1,4,00,4B,00,12,00,00,00,00,
144599527,00000118,false,Rx,1,4,00,4C,00,12,00,00,00,00,
144600769,00000779,false,Rx,1,8,05,62,2B,F1,D1,71,AA,AA,
144609753,00000118,false,Rx,1,4,00,4D,00,12,00,00,00,00,
144619408,00000118,false,Rx,1,4,00,4E,00,12,00,00,00,00,
144629732,00000118,false,Rx,1,4,00,4F,00,12,00,00,00,00,
144639379,00000118,false,Rx,1,4,00,40,00,12,00,00,00,00,
144649738,00000118,false,Rx,1,4,00,41,00,12,00,00,00,00,
144659370,00000118,false,Rx,1,4,00,42,00,12,00,00,00,00,
144669710,00000118,false,Rx,1,4,00,43,00,12,00,00,00,00,
144679372,00000118,false,Rx,1,4,00,44,00,12,00,00,00,00,
144689800,00000118,false,Rx,1,4,00,45,00,12,00,00,00,00,
144699469,00000118,false,Rx,1,4,00,46,00,12,00,00,00,00,
144709694,00000118,false,Rx,1,4,00,47,00,12,00,00,00,00,
144719350,00000118,false,Rx,1,4,00,48,00,12,00,00,00,00,
144729672,00000118,false,Rx,1,4,00,49,00,12,00,00,00,00,
144739322,00000118,false,Rx,1,4,00,4A,00,12,00,00,00,00,
144749706,00000118,false,Rx,1,4,00,4B,00,12,00,00,00,00,
144762653,00000118,false,Rx,1,4,00,4C,00,12,00,00,00,00,
144769816,00000118,false,Rx,1,4,00,4D,00,12,00,00,00,00,
144779321,00000118,false,Rx,1,4,00,4E,00,12,00,00,00,00,
144789817,00000118,false,Rx,1,4,00,4F,00,12,00,00,00,00,
144799376,00000118,false,Rx,1,4,00,40,00,12,00,00,00,00,
144809638,00000118,false,Rx,1,4,00,41,00,12,00,00,00,00,
144819292,00000118,false,Rx,1,4,00,42,00,12,00,00,00,00,
144829620,00000118,false,Rx,1,4,00,43,00,12,00,00,00,00,
144839261,00000118,false,Rx,1,4,00,44,00,12,00,00,00,00,
144849621,00000118,false,Rx,1,4,00,45,00,12,00,00,00,00,
144859251,00000118,false,Rx,1,4,00,46,00,12,00,00,00,00,
144869609,00000118,false,Rx,1,4,00,47,00,12,00,00,00,00,
144879239,00000118,false,Rx,1,4,00,48,00,12,00,00,00,00,
144889804,00000118,false,Rx,1,4,00,49,00,12,00,00,00,00,
144899317,00000118,false,Rx,1,4,00,4A,00,12,00,00,00,00,
144902549,0000070F,false,Rx,0,8,03,22,2B,E4,55,55,55,55,
144909591,00000118,false,Rx,1,4,00,4B,00,12,00,00,00,00,
144919237,00000118,false,Rx,1,4,00,4C,00,12,00,00,00,00,
144920478,00000779,false,Rx,1,8,05,62,2B,E4,21,68,AA,AA,
144929570,00000118,false,Rx,1,4,00,4D,00,12,00,00,00,00,
144939206,00000118,false,Rx,1,4,00,4E,00,12,00,00,00,00,
144949565,00000118,false,Rx,1,4,00,4F,00,12,00,00,00,00,
144959193,00000118,false,Rx,1,4,00,40,00,12,00,00,00,00,
144969554,00000118,false,Rx,1,4,00,41,00,12,00,00,00,00,
144979182,00000118,false,Rx,1,4,00,42,00,12,00,00,00,00,
144989576,00000118,false,Rx,1,4,00,43,00,12,00,00,00,00,
144990112,17F0000F,true,Rx,1,8,00,0F,00,00,00,00,00,00,
144999288,00000118,false,Rx,1,4,00,44,00,12,00,00,00,00,
145009511,00000118,false,Rx,1,4,00,45,00,12,00,00,00,00,
145019181,00000118,false,Rx,1,4,00,46,00,12,00,00,00,00,
145029499,00000118,false,Rx,1,4,00,47,00,12,00,00,00,00,
145039146,00000118,false,Rx,1,4,00,48,00,12,00,00,00,00,
145049504,00000118,false,Rx,1,4,00,49,00,12,00,00,00,00,
145059137,00000118,false,Rx,1,4,00,4A,00,12,00,00,00,00,
145069494,00000118,false,Rx,1,4,00,4B,00,12,00,00,00,00,
145079124,00000118,false,Rx,1,4,00,4C,00,12,00,00,00,00,
145089577,00000118,false,Rx,1,4,00,4D,00,12,00,00,00,00,
145099219,00000118,false,Rx,1,4,00,4E,00,12,00,00,00,00,
145109454,00000118,false,Rx,1,4,00,4F,00,12,00,00,00,00,
145119121,00000118,false,Rx,1,4,00,40,00,12,00,00,00,00,
145129442,00000118,false,Rx,1,4,00,41,00,12,00,00,00,00,
145139089,00000118,false,Rx,1,4,00,42,00,12,00,00,00,00,
145149449,00000118,false,Rx,1,4,00,43,00,12,00,00,00,00,
145159091,00000118,false,Rx,1,4,00,44,00,12,00,00,00,00,
145169436,00000118,false,Rx,1,4,00,45,00,12,00,00,00,00,
145179066,00000118,false,Rx,1,4,00,46,00,12,00,00,00,00,
145189556,00000118,false,Rx,1,4,00,47,00,12,00,00,00,00,
145199159,00000118,false,Rx,1,4,00,48,00,12,00,00,00,00,
145209395,00000118,false,Rx,1,4,00,49,00,12,00,00,00,00,
145217675,0000070F,false,Rx,0,8,03,22,02,8D,55,55,55,55,
145219085,00000118,false,Rx,1,4,00,4A,00,12,00,00,00,00,
145229383,00000118,false,Rx,1,4,00,4B,00,12,00,00,00,00,
145231568,00000779,false,Rx,1,8,05,62,02,8D,77,00,AA,AA,
145239040,00000118,false,Rx,1,4,00,4C,00,12,00,00,00,00,
145249593,00000118,false,Rx,1,4,00,4D,00,12,00,00,00,00,
145259041,00000118,false,Rx,1,4,00,4E,00,12,00,00,00,00,
145269298,00000118,false,Rx,1,4,00,4F,00,12,00,00,00,00,
145279152,00000118,false,Rx,1,4,00,40,00,12,00,00,00,00,
145289618,00000118,false,Rx,1,4,00,41,00,12,00,00,00,00,
145299180,00000118,false,Rx,1,4,00,42,00,12,00,00,00,00,
145309368,00000118,false,Rx,1,4,00,43,00,12,00,00,00,00,
145319092,00000118,false,Rx,1,4,00,44,00,12,00,00,00,00,
145329373,00000118,false,Rx,1,4,00,45,00,12,00,00,00,00,
145339082,00000118,false,Rx,1,4,00,46,00,12,00,00,00,00,
145349363,00000118,false,Rx,1,4,00,47,00,12,00,00,00,00,
145359067,00000118,false,Rx,1,4,00,48,00,12,00,00,00,00,
145369363,00000118,false,Rx,1,4,00,49,00,12,00,00,00,00,
145379077,00000118,false,Rx,1,4,00,4A,00,12,00,00,00,00,
145389366,00000118,false,Rx,1,4,00,4B,00,12,00,00,00,00,
145399139,00000118,false,Rx,1,4,00,4C,00,12,00,00,00,00,
145409370,00000118,false,Rx,1,4,00,4D,00,12,00,00,00,00,
145419036,00000118,false,Rx,1,4,00,4E,00,12,00,00,00,00,
145429364,00000118,false,Rx,1,4,00,4F,00,12,00,00,00,00,
145439024,00000118,false,Rx,1,4,00,40,00,12,00,00,00,00,
145449364,00000118,false,Rx,1,4,00,41,00,12,00,00,00,00,
145459012,00000118,false,Rx,1,4,00,42,00,12,00,00,00,00,
145469361,00000118,false,Rx,1,4,00,43,00,12,00,00,00,00,
145479015,00000118,false,Rx,1,4,00,44,00,12,00,00,00,00,
145489362,00000118,false,Rx,1,4,00,45,00,12,00,00,00,00,
145489900,17F0000F,true,Rx,1,8,00,0F,00,00,00,00,00,00,
145499090,00000118,false,Rx,1,4,00,46,00,12,00,00,00,00,
145509113,00000118,false,Rx,1,4,00,47,00,12,00,00,00,00,
145518975,00000118,false,Rx,1,4,00,48,00,12,00,00,00,00,
145529123,00000118,false,Rx,1,4,00,49,00,12,00,00,00,00,
145535014,0000070F,false,Rx,0,8,03,22,2B,F1,55,55,55,55,
145538989,00000118,false,Rx,1,4,00,4A,00,12,00,00,00,00,
145549107,00000118,false,Rx,1,4,00,4B,00,12,00,00,00,00,
145551295,00000779,false,Rx,1,8,05,62,2B,F1,9F,71,AA,AA,
145558964,00000118,false,Rx,1,4,00,4C,00,12,00,00,00,00,
145569078,00000118,false,Rx,1,4,00,4D,00,12,00,00,00,00,
145578961,00000118,false,Rx,1,4,00,4E,00,12,00,00,00,00,
145589119,00000118,false,Rx,1,4,00,4F,00,12,00,00,00,00,
145599020,00000118,false,Rx,1,4,00,40,00,12,00,00,00,00,
145609057,00000118,false,Rx,1,4,00,41,00,12,00,00,00,00,
145618938,00000118,false,Rx,1,4,00,42,00,12,00,00,00,00,
145629067,00000118,false,Rx,1,4,00,43,00,12,00,00,00,00,
145638906,00000118,false,Rx,1,4,00,44,00,12,00,00,00,00,
145649049,00000118,false,Rx,1,4,00,45,00,12,00,00,00,00,
145658901,00000118,false,Rx,1,4,00,46,00,12,00,00,00,00,
145669022,00000118,false,Rx,1,4,00,47,00,12,00,00,00,00,
145678901,00000118,false,Rx,1,4,00,48,00,12,00,00,00,00,
145689109,00000118,false,Rx,1,4,00,49,00,12,00,00,00,00,
145698962,00000118,false,Rx,1,4,00,4A,00,12,00,00,00,00,
145708997,00000118,false,Rx,1,4,00,4B,00,12,00,00,00,00,
145718862,00000118,false,Rx,1,4,00,4C,00,12,00,00,00,00,
145729005,00000118,false,Rx,1,4,00,4D,00,12,00,00,00,00,
145738858,00000118,false,Rx,1,4,00,4E,00,12,00,00,00,00,
145749432,00000118,false,Rx,1,4,00,4F,00,12,00,00,00,00,
145763992,00000118,false,Rx,1,4,00,40,00,12,00,00,00,00,
145769270,00000118,false,Rx,1,4,00,41,00,12,00,00,00,00,
145778808,00000118,false,Rx,1,4,00,42,00,12,00,00,00,00,
145789072,00000118,false,Rx,1,4,00,43,00,12,00,00,00,00,
145798867,00000118,false,Rx,1,4,00,44,00,12,00,00,00,00,
145809069,00000118,false,Rx,1,4,00,45,00,12,00,00,00,00,
145818732,00000118,false,Rx,1,4,00,46,00,12,00,00,00,00,
145829083,00000118,false,Rx,1,4,00,47,00,12,00,00,00,00,
145838726,00000118,false,Rx,1,4,00,48,00,12,00,00,00,00,
145849059,00000118,false,Rx,1,4,00,49,00,12,00,00,00,00,
145858708,00000118,false,Rx,1,4,00,4A,00,12,00,00,00,00,
145862171,0000070F,false,Rx,0,8,03,22,2B,E4,55,55,55,55,
145869059,00000118,false,Rx,1,4,00,4B,00,12,00,00,00,00,
145878715,00000118,false,Rx,1,4,00,4C,00,12,00,00,00,00,
145880068,00000779,false,Rx,1,8,05,62,2B,E4,21,68,AA,AA,
145889062,00000118,false,Rx,1,4,00,4D,00,12,00,00,00,00,
145898812,00000118,false,Rx,1,4,00,4E,00,12,00,00,00,00,
145909072,00000118,false,Rx,1,4,00,4F,00,12,00,00,00,00,
145918692,00000118,false,Rx,1,4,00,40,00,12,00,00,00,00,
145929056,00000118,false,Rx,1,4,00,41,00,12,00,00,00,00,
145938667,00000118,false,Rx,1,4,00,42,00,12,00,00,00,00,
145949089,00000118,false,Rx,1,4,00,43,00,12,00,00,00,00,
145958666,00000118,false,Rx,1,4,00,44,00,12,00,00,00,00,
145969070,00000118,false,Rx,1,4,00,45,00,12,00,00,00,00,
145978674,00000118,false,Rx,1,4,00,46,00,12,00,00,00,00,
145989082,00000118,false,Rx,1,4,00,47,00,12,00,00,00,00,
145989623,17F0000F,true,Rx,1,8,00,0F,00,00,00,00,00,00,
145998775,00000118,false,Rx,1,4,00,48,00,12,00,00,00,00,
146009065,00000118,false,Rx,1,4,00,49,00,12,00,00,00,00,
146018633,00000118,false,Rx,1,4,00,4A,00,12,00,00,00,00,
146029068,00000118,false,Rx,1,4,00,4B,00,12,00,00,00,00,
146038624,00000118,false,Rx,1,4,00,4C,00,12,00,00,00,00,
146049064,00000118,false,Rx,1,4,00,4D,00,12,00,00,00,00,
146058609,00000118,false,Rx,1,4,00,4E,00,12,00,00,00,00,
146069076,00000118,false,Rx,1,4,00,4F,00,12,00,00,00,00,
146078615,00000118,false,Rx,1,4,00,40,00,12,00,00,00,00,
146089062,00000118,false,Rx,1,4,00,41,00,12,00,00,00,00,
146098711,00000118,false,Rx,1,4,00,42,00,12,00,00,00,00,
146108826,00000118,false,Rx,1,4,00,43,00,12,00,00,00,00,
146118573,00000118,false,Rx,1,4,00,44,00,12,00,00,00,00,
146128828,00000118,false,Rx,1,4,00,45,00,12,00,00,00,00,
146138563,00000118,false,Rx,1,4,00,46,00,12,00,00,00,00,
146148838,00000118,false,Rx,1,4,00,47,00,12,00,00,00,00,
146158588,00000118,false,Rx,1,4,00,48,00,12,00,00,00,00,
146168820,00000118,false,Rx,1,4,00,49,00,12,00,00,00,00,
146178558,00000118,false,Rx,1,4,00,4A,00,12,00,00,00,00,
146188816,00000118,false,Rx,1,4,00,4B,00,12,00,00,00,00,
146194338,0000070F,false,Rx,0,8,03,22,02,8D,55,55,55,55,
146198677,00000118,false,Rx,1,4,00,4C,00,12,00,00,00,00,
146209319,00000118,false,Rx,1,4,00,4D,00,12,00,00,00,00,
146211366,00000779,false,Rx,1,8,05,62,02,8D,77,00,AA,AA,
146218910,00000118,false,Rx,1,4,00,4E,00,12,00,00,00,00,
146229321,00000118,false,Rx,1,4,00,4F,00,12,00,00,00,00,
146238888,00000118,false,Rx,1,4,00,40,00,12,00,00,00,00,
146249317,00000118,false,Rx,1,4,00,41,00,12,00,00,00,00,
146258982,00000118,false,Rx,1,4,00,42,00,12,00,00,00,00,
146269800,00000118,false,Rx,1,4,00,43,00,12,00,00,00,00,
146279001,00000118,false,Rx,1,4,00,44,00,12,00,00,00,00,
146289388,00000118,false,Rx,1,4,00,45,00,12,00,00,00,00,
146299016,00000118,false,Rx,1,4,00,46,00,12,00,00,00,00,
146309050,00000118,false,Rx,1,4,00,47,00,12,00,00,00,00,
146318912,00000118,false,Rx,1,4,00,48,00,12,00,00,00,00,
146329057,00000118,false,Rx,1,4,00,49,00,12,00,00,00,00,
146338904,00000118,false,Rx,1,4,00,4A,00,12,00,00,00,00,
146349052,00000118,false,Rx,1,4,00,4B,00,12,00,00,00,00,
146358892,00000118,false,Rx,1,4,00,4C,00,12,00,00,00,00,
146369015,00000118,false,Rx,1,4,00,4D,00,12,00,00,00,00,
146378900,00000118,false,Rx,1,4,00,4E,00,12,00,00,00,00,
146389137,00000118,false,Rx,1,4,00,4F,00,12,00,00,00,00,
146398975,00000118,false,Rx,1,4,00,40,00,12,00,00,00,00,
146408995,00000118,false,Rx,1,4,00,41,00,12,00,00,00,00,
146418857,00000118,false,Rx,1,4,00,42,00,12,00,00,00,00,
146429000,00000118,false,Rx,1,4,00,43,00,12,00,00,00,00,
146438843,00000118,false,Rx,1,4,00,44,00,12,00,00,00,00,
146448991,00000118,false,Rx,1,4,00,45,00,12,00,00,00,00,
146458835,00000118,false,Rx,1,4,00,46,00,12,00,00,00,00,
146468960,00000118,false,Rx,1,4,00,47,00,12,00,00,00,00,
146478837,00000118,false,Rx,1,4,00,48,00,12,00,00,00,00,
146489112,00000118,false,Rx,1,4,00,49,00,12,00,00,00,00,
146489646,17F0000F,true,Rx,1,8,00,0F,00,00,00,00,00,00,
146498943,00000118,false,Rx,1,4,00,4A,00,12,00,00,00,00,
146508956,00000118,false,Rx,1,4,00,4B,00,12,00,00,00,00,
146511150,0000070F,false,Rx,0,8,03,22,2B,F1,55,55,55,55,
146518820,00000118,false,Rx,1,4,00,4C,00,12,00,00,00,00,
146528951,00000118,false,Rx,1,4,00,4D,00,12,00,00,00,00,
146531127,00000779,false,Rx,1,8,05,62,2B,F1,9F,71,AA,AA,
146538795,00000118,false,Rx,1,4,00,4E,00,12,00,00,00,00,
146548950,00000118,false,Rx,1,4,00,4F,00,12,00,00,00,00,
146558778,00000118,false,Rx,1,4,00,40,00,12,00,00,00,00,
146568900,00000118,false,Rx,1,4,00,41,00,12,00,00,00,00,
146578781,00000118,false,Rx,1,4,00,42,00,12,00,00,00,00,
146589124,00000118,false,Rx,1,4,00,43,00,12,00,00,00,00,
146598856,00000118,false,Rx,1,4,00,44,00,12,00,00,00,00,
146608876,00000118,false,Rx,1,4,00,45,00,12,00,00,00,00,
146618740,00000118,false,Rx,1,4,00,46,00,12,00,00,00,00,
146628882,00000118,false,Rx,1,4,00,47,00,12,00,00,00,00,
146638726,00000118,false,Rx,1,4,00,48,00,12,00,00,00,00,
146648870,00000118,false,Rx,1,4,00,49,00,12,00,00,00,00,
146658717,00000118,false,Rx,1,4,00,4A,00,12,00,00,00,00,
146668848,00000118,false,Rx,1,4,00,4B,00,12,00,00,00,00,
146678723,00000118,false,Rx,1,4,00,4C,00,12,00,00,00,00,
146688873,00000118,false,Rx,1,4,00,4D,00,12,00,00,00,00,
146698800,00000118,false,Rx,1,4,00,4E,00,12,00,00,00,00,
146708821,00000118,false,Rx,1,4,00,4F,00,12,00,00,00,00,
146718683,00000118,false,Rx,1,4,00,40,00,12,00,00,00,00,
146728826,00000118,false,Rx,1,4,00,41,00,12,00,00,00,00,
146738670,00000118,false,Rx,1,4,00,42,00,12,00,00,00,00,
146748850,00000118,false,Rx,1,4,00,43,00,12,00,00,00,00,
146762939,00000118,false,Rx,1,4,00,44,00,12,00,00,00,00,
146768904,00000118,false,Rx,1,4,00,45,00,12,00,00,00,00,
146778577,00000118,false,Rx,1,4,00,46,00,12,00,00,00,00,
146789131,00000118,false,Rx,1,4,00,47,00,12,00,00,00,00,
146798632,00000118,false,Rx,1,4,00,48,00,12,00,00,00,00,
146808867,00000118,false,Rx,1,4,00,49,00,12,00,00,00,00,
146818517,00000118,false,Rx,1,4,00,4A,00,12,00,00,00,00,
146826404,0000070F,false,Rx,0,8,03,22,2B,E4,55,55,55,55,
146828899,00000118,false,Rx,1,4,00,4B,00,12,00,00,00,00,
146838506,00000118,false,Rx,1,4,00,4C,00,12,00,00,00,00,
146839747,00000779,false,Rx,1,8,05,62,2B,E4,21,68,AA,AA,
146848872,00000118,false,Rx,1,4,00,4D,00,12,00,00,00,00,
146858515,00000118,false,Rx,1,4,00,4E,00,12,00,00,00,00,
146868836,00000118,false,Rx,1,4,00,4F,00,12,00,00,00,00,
146878501,00000118,false,Rx,1,4,00,40,00,12,00,00,00,00,
146888878,00000118,false,Rx,1,4,00,41,00,12,00,00,00,00,
146898578,00000118,false,Rx,1,4,00,42,00,12,00,00,00,00,
146908813,00000118,false,Rx,1,4,00,43,00,12,00,00,00,00,
146918456,00000118,false,Rx,1,4,00,44,00,12,00,00,00,00,
146928816,00000118,false,Rx,1,4,00,45,00,12,00,00,00,00,
146938447,00000118,false,Rx,1,4,00,46,00,12,00,00,00,00,
146948806,00000118,false,Rx,1,4,00,47,00,12,00,00,00,00,
146958438,00000118,false,Rx,1,4,00,48,00,12,00,00,00,00,
146968780,00000118,false,Rx,1,4,00,49,00,12,00,00,00,00,
146978442,00000118,false,Rx,1,4,00,4A,00,12,00,00,00,00,
146988867,00000118,false,Rx,1,4,00,4B,00,12,00,00,00,00,
146989403,17F0000F,true,Rx,1,8,00,0F,00,00,00,00,00,00,
146998526,00000118,false,Rx,1,4,00,4C,00,12,00,00,00,00,
147008753,00000118,false,Rx,1,4,00,4D,00,12,00,00,00,00,
147018402,00000118,false,Rx,1,4,00,4E,00,12,00,00,00,00,
147028759,00000118,false,Rx,1,4,00,4F,00,12,00,00,00,00,
147038389,00000118,false,Rx,1,4,00,40,00,12,00,00,00,00,
147048750,00000118,false,Rx,1,4,00,41,00,12,00,00,00,00,
147058377,00000118,false,Rx,1,4,00,42,00,12,00,00,00,00,
147068723,00000118,false,Rx,1,4,00,43,00,12,00,00,00,00,
147078382,00000118,false,Rx,1,4,00,44,00,12,00,00,00,00,
147088878,00000118,false,Rx,1,4,00,45,00,12,00,00,00,00,
147098462,00000118,false,Rx,1,4,00,46,00,12,00,00,00,00,
147108695,00000118,false,Rx,1,4,00,47,00,12,00,00,00,00,
147118340,00000118,false,Rx,1,4,00,48,00,12,00,00,00,00,
147128700,00000118,false,Rx,1,4,00,49,00,12,00,00,00,00,
147138331,00000118,false,Rx,1,4,00,4A,00,12,00,00,00,00,
147143217,0000070F,false,Rx,0,8,03,22,02,8D,55,55,55,55,
147148712,00000118,false,Rx,1,4,00,4B,00,12,00,00,00,00,
147158319,00000118,false,Rx,1,4,00,4C,00,12,00,00,00,00,
147159565,00000779,false,Rx,1,8,05,62,02,8D,77,00,AA,AA,
147168682,00000118,false,Rx,1,4,00,4D,00,12,00,00,00,00,
147178327,00000118,false,Rx,1,4,00,4E,00,12,00,00,00,00,
147188872,00000118,false,Rx,1,4,00,4F,00,12,00,00,00,00,
147198404,00000118,false,Rx,1,4,00,40,00,12,00,00,00,00,
147208639,00000118,false,Rx,1,4,00,41,00,12,00,00,00,00,
147218284,00000118,false,Rx,1,4,00,42,00,12,00,00,00,00,
147228645,00000118,false,Rx,1,4,00,43,00,12,00,00,00,00,
147238272,00000118,false,Rx,1,4,00,44,00,12,00,00,00,00,
147248649,00000118,false,Rx,1,4,00,45,00,12,00,00,00,00,
147265030,00000118,false,Rx,1,4,00,46,00,12,00,00,00,00,
147268747,00000118,false,Rx,1,4,00,47,00,12,00,00,00,00,
147278347,00000118,false,Rx,1,4,00,48,00,12,00,00,00,00,
147289113,00000118,false,Rx,1,4,00,49,00,12,00,00,00,00,
147298394,00000118,false,Rx,1,4,00,4A,00,12,00,00,00,00,
147308582,00000118,false,Rx,1,4,00,4B,00,12,00,00,00,00,
147318246,00000118,false,Rx,1,4,00,4C,00,12,00,00,00,00,
147328583,00000118,false,Rx,1,4,00,4D,00,12,00,00,00,00,
147338233,00000118,false,Rx,1,4,00,4E,00,12,00,00,00,00,
147348587,00000118,false,Rx,1,4,00,4F,00,12,00,00,00,00,
147358239,00000118,false,Rx,1,4,00,40,00,12,00,00,00,00,
147368606,00000118,false,Rx,1,4,00,41,00,12,00,00,00,00,
147378231,00000118,false,Rx,1,4,00,42,00,12,00,00,00,00,
147388591,00000118,false,Rx,1,4,00,43,00,12,00,00,00,00,
147398325,00000118,false,Rx,1,4,00,44,00,12,00,00,00,00,
147408572,00000118,false,Rx,1,4,00,45,00,12,00,00,00,00,
147418186,00000118,false,Rx,1,4,00,46,00,12,00,00,00,00,
147428579,00000118,false,Rx,1,4,00,47,00,12,00,00,00,00,
147438174,00000118,false,Rx,1,4,00,48,00,12,00,00,00,00,
147445997,0000070F,false,Rx,0,8,03,22,2B,F1,55,55,55,55,
147448601,00000118,false,Rx,1,4,00,49,00,12,00,00,00,00,
147458182,00000118,false,Rx,1,4,00,4A,00,12,00,00,00,00,
147459426,00000779,false,Rx,1,8,05,62,2B,F1,9F,71,AA,AA,
147468574,00000118,false,Rx,1,4,00,4B,00,12,00,00,00,00,
147478173,00000118,false,Rx,1,4,00,4C,00,12,00,00,00,00,
147488588,00000118,false,Rx,1,4,00,4D,00,12,00,00,00,00,
147488878,17F0000F,true,Rx,1,8,00,0F,00,00,00,00,00,00,
147498296,00000118,false,Rx,1,4,00,4E,00,12,00,00,00,00,
147508586,00000118,false,Rx,1,4,00,4F,00,12,00,00,00,00,
147518148,00000118,false,Rx,1,4,00,40,00,12,00,00,00,00,
147528589,00000118,false,Rx,1,4,00,41,00,12,00,00,00,00,
147538136,00000118,false,Rx,1,4,00,42,00,12,00,00,00,00,
147548585,00000118,false,Rx,1,4,00,43,00,12,00,00,00,00,
147558139,00000118,false,Rx,1,4,00,44,00,12,00,00,00,00,
147568589,00000118,false,Rx,1,4,00,45,00,12,00,00,00,00,
147578133,00000118,false,Rx,1,4,00,46,00,12,00,00,00,00,
147588585,00000118,false,Rx,1,4,00,47,00,12,00,00,00,00,
147598226,00000118,false,Rx,1,4,00,48,00,12,00,00,00,00,
147608588,00000118,false,Rx,1,4,00,49,00,12,00,00,00,00,
147618089,00000118,false,Rx,1,4,00,4A,00,12,00,00,00,00,
147628588,00000118,false,Rx,1,4,00,4B,00,12,00,00,00,00,
147638078,00000118,false,Rx,1,4,00,4C,00,12,00,00,00,00,
147648587,00000118,false,Rx,1,4,00,4D,00,12,00,00,00,00,
147658084,00000118,false,Rx,1,4,00,4E,00,12,00,00,00,00,
147668349,00000118,false,Rx,1,4,00,4F,00,12,00,00,00,00,
147678076,00000118,false,Rx,1,4,00,40,00,12,00,00,00,00,
147688343,00000118,false,Rx,1,4,00,41,00,12,00,00,00,00,
147698169,00000118,false,Rx,1,4,00,42,00,12,00,00,00,00,
147708346,00000118,false,Rx,1,4,00,43,00,12,00,00,00,00,
147718029,00000118,false,Rx,1,4,00,44,00,12,00,00,00,00,
147728330,00000118,false,Rx,1,4,00,45,00,12,00,00,00,00,
147738019,00000118,false,Rx,1,4,00,46,00,12,00,00,00,00,
147748332,00000118,false,Rx,1,4,00,47,00,12,00,00,00,00,
147758102,00000118,false,Rx,1,4,00,48,00,12,00,00,00,00,
147763122,0000070F,false,Rx,0,8,03,22,2B,E4,55,55,55,55,
147770122,00000118,false,Rx,1,4,00,49,00,12,00,00,00,00,
147778136,00000118,false,Rx,1,4,00,4A,00,12,00,00,00,00,
147779329,00000779,false,Rx,1,8,05,62,2B,E4,21,68,AA,AA,
147788210,00000118,false,Rx,1,4,00,4B,00,12,00,00,00,00,
147798184,00000118,false,Rx,1,4,00,4C,00,12,00,00,00,00,
147808582,00000118,false,Rx,1,4,00,4D,00,12,00,00,00,00,
147818444,00000118,false,Rx,1,4,00,4E,00,12,00,00,00,00,
147828590,00000118,false,Rx,1,4,00,4F,00,12,00,00,00,00,
147838435,00000118,false,Rx,1,4,00,40,00,12,00,00,00,00,
147848579,00000118,false,Rx,1,4,00,41,00,12,00,00,00,00,
147858423,00000118,false,Rx,1,4,00,42,00,12,00,00,00,00,
147868548,00000118,false,Rx,1,4,00,43,00,12,00,00,00,00,
147878426,00000118,false,Rx,1,4,00,44,00,12,00,00,00,00,
147888543,00000118,false,Rx,1,4,00,45,00,12,00,00,00,00,
147898525,00000118,false,Rx,1,4,00,46,00,12,00,00,00,00,
147908523,00000118,false,Rx,1,4,00,47,00,12,00,00,00,00,
147918385,00000118,false,Rx,1,4,00,48,00,12,00,00,00,00,
147928529,00000118,false,Rx,1,4,00,49,00,12,00,00,00,00,
147938375,00000118,false,Rx,1,4,00,4A,00,12,00,00,00,00,
147948517,00000118,false,Rx,1,4,00,4B,00,12,00,00,00,00,
147958364,00000118,false,Rx,1,4,00,4C,00,12,00,00,00,00,
147968489,00000118,false,Rx,1,4,00,4D,00,12,00,00,00,00,
147978369,00000118,false,Rx,1,4,00,4E,00,12,00,00,00,00,
147988490,00000118,false,Rx,1,4,00,4F,00,12,00,00,00,00,
147988775,17F0000F,true,Rx,1,8,00,0F,00,00,00,00,00,00,
147998473,00000118,false,Rx,1,4,00,40,00,12,00,00,00,00,
148008468,00000118,false,Rx,1,4,00,41,00,12,00,00,00,00,
148018328,00000118,false,Rx,1,4,00,42,00,12,00,00,00,00,
148028474,00000118,false,Rx,1,4,00,43,00,12,00,00,00,00,
148038316,00000118,false,Rx,1,4,00,44,00,12,00,00,00,00,
148048459,00000118,false,Rx,1,4,00,45,00,12,00,00,00,00,
148058305,00000118,false,Rx,1,4,00,46,00,12,00,00,00,00,
148068431,00000118,false,Rx,1,4,00,47,00,12,00,00,00,00,
148078329,0000070F,false,Rx,0,8,03,22,02,8D,55,55,55,55,
148078360,00000118,false,Rx,1,4,00,48,00,12,00,00,00,00,
148088449,00000118,false,Rx,1,4,00,49,00,12,00,00,00,00,
148098408,00000118,false,Rx,1,4,00,4A,00,12,00,00,00,00,
148099652,00000779,false,Rx,1,8,05,62,02,8D,77,00,AA,AA,
148108417,00000118,false,Rx,1,4,00,4B,00,12,00,00,00,00,
148118271,00000118,false,Rx,1,4,00,4C,00,12,00,00,00,00,
148128413,00000118,false,Rx,1,4,00,4D,00,12,00,00,00,00,
148138259,00000118,false,Rx,1,4,00,4E,00,12,00,00,00,00,
148148404,00000118,false,Rx,1,4,00,4F,00,12,00,00,00,00,
148158248,00000118,false,Rx,1,4,00,40,00,12,00,00,00,00,
148168389,00000118,false,Rx,1,4,00,41,00,12,00,00,00,00,
148178254,00000118,false,Rx,1,4,00,42,00,12,00,00,00,00,
148188383,00000118,false,Rx,1,4,00,43,00,12,00,00,00,00,
148198352,00000118,false,Rx,1,4,00,44,00,12,00,00,00,00,
148208349,00000118,false,Rx,1,4,00,45,00,12,00,00,00,00,
148218213,00000118,false,Rx,1,4,00,46,00,12,00,00,00,00,
148228355,00000118,false,Rx,1,4,00,47,00,12,00,00,00,00,
148238199,00000118,false,Rx,1,4,00,48,00,12,00,00,00,00,
148248360,00000118,false,Rx,1,4,00,49,00,12,00,00,00,00,
148258218,00000118,false,Rx,1,4,00,4A,00,12,00,00,00,00,
148272726,00000118,false,Rx,1,4,00,4B,00,12,00,00,00,00,
148278217,00000118,false,Rx,1,4,00,4C,00,12,00,00,00,00,
148288473,00000118,false,Rx,1,4,00,4D,00,12,00,00,00,00,
148298276,00000118,false,Rx,1,4,00,4E,00,12,00,00,00,00,
148308323,00000118,false,Rx,1,4,00,4F,00,12,00,00,00,00,
148318155,00000118,false,Rx,1,4,00,40,00,12,00,00,00,00,
148328300,00000118,false,Rx,1,4,00,41,00,12,00,00,00,00,
148338144,00000118,false,Rx,1,4,00,42,00,12,00,00,00,00,
148348271,00000118,false,Rx,1,4,00,43,00,12,00,00,00,00,
148358148,00000118,false,Rx,1,4,00,44,00,12,00,00,00,00,
148368256,00000118,false,Rx,1,4,00,45,00,12,00,00,00,00,
148378139,00000118,false,Rx,1,4,00,46,00,12,00,00,00,00,
148388245,00000118,false,Rx,1,4,00,47,00,12,00,00,00,00,
148398221,00000118,false,Rx,1,4,00,48,00,12,00,00,00,00,
148408251,00000118,false,Rx,1,4,00,49,00,12,00,00,00,00,
148409504,0000070F,false,Rx,0,8,03,22,2B,F1,55,55,55,55,
148418120,00000118,false,Rx,1,4,00,4A,00,12,00,00,00,00,
148428240,00000118,false,Rx,1,4,00,4B,00,12,00,00,00,00,
148430427,00000779,false,Rx,1,8,05,62,2B,F1,9F,71,AA,AA,
148438094,00000118,false,Rx,1,4,00,4C,00,12,00,00,00,00,
148448211,00000118,false,Rx,1,4,00,4D,00,12,00,00,00,00,
148458092,00000118,false,Rx,1,4,00,4E,00,12,00,00,00,00,
148468200,00000118,false,Rx,1,4,00,4F,00,12,00,00,00,00,
148478080,00000118,false,Rx,1,4,00,40,00,12,00,00,00,00,
148488190,00000118,false,Rx,1,4,00,41,00,12,00,00,00,00,
148488486,17F0000F,true,Rx,1,8,00,0F,00,00,00,00,00,00,
148498169,00000118,false,Rx,1,4,00,42,00,12,00,00,00,00,
148508595,00000118,false,Rx,1,4,00,43,00,12,00,00,00,00,
148518438,00000118,false,Rx,1,4,00,44,00,12,00,00,00,00,
148528581,00000118,false,Rx,1,4,00,45,00,12,00,00,00,00,
148538427,00000118,false,Rx,1,4,00,46,00,12,00,00,00,00,
148548551,00000118,false,Rx,1,4,00,47,00,12,00,00,00,00,
148558432,00000118,false,Rx,1,4,00,48,00,12,00,00,00,00,
148568540,00000118,false,Rx,1,4,00,49,00,12,00,00,00,00,
148578422,00000118,false,Rx,1,4,00,4A,00,12,00,00,00,00,
148588528,00000118,false,Rx,1,4,00,4B,00,12,00,00,00,00,
148598503,00000118,false,Rx,1,4,00,4C,00,12,00,00,00,00,
148608538,00000118,false,Rx,1,4,00,4D,00,12,00,00,00,00,
148618381,00000118,false,Rx,1,4,00,4E,00,12,00,00,00,00,
148628526,00000118,false,Rx,1,4,00,4F,00,12,00,00,00,00,
148638370,00000118,false,Rx,1,4,00,40,00,12,00,00,00,00,
148648497,00000118,false,Rx,1,4,00,41,00,12,00,00,00,00,
148658375,00000118,false,Rx,1,4,00,42,00,12,00,00,00,00,
148668498,00000118,false,Rx,1,4,00,43,00,12,00,00,00,00,
148678362,00000118,false,Rx,1,4,00,44,00,12,00,00,00,00,
148688471,00000118,false,Rx,1,4,00,45,00,12,00,00,00,00,
148698442,00000118,false,Rx,1,4,00,46,00,12,00,00,00,00,
148708483,00000118,false,Rx,1,4,00,47,00,12,00,00,00,00,
148718321,00000118,false,Rx,1,4,00,48,00,12,00,00,00,00,
148728466,00000118,false,Rx,1,4,00,49,00,12,00,00,00,00,
148729342,0000070F,false,Rx,0,8,03,22,2B,E4,55,55,55,55,
148738334,00000118,false,Rx,1,4,00,4A,00,12,00,00,00,00,
148748489,00000118,false,Rx,1,4,00,4B,00,12,00,00,00,00,
148750624,00000779,false,Rx,1,8,05,62,2B,E4,85,68,AA,AA,
148763035,00000118,false,Rx,1,4,00,4C,00,12,00,00,00,00,
148768575,00000118,false,Rx,1,4,00,4D,00,12,00,00,00,00,
148778219,00000118,false,Rx,1,4,00,4E,00,12,00,00,00,00,
148788522,00000118,false,Rx,1,4,00,4F,00,12,00,00,00,00,
148798295,00000118,false,Rx,1,4,00,40,00,12,00,00,00,00,
148808513,00000118,false,Rx,1,4,00,41,00,12,00,00,00,00,
148818175,00000118,false,Rx,1,4,00,42,00,12,00,00,00,00,
148828502,00000118,false,Rx,1,4,00,43,00,12,00,00,00,00,
148838144,00000118,false,Rx,1,4,00,44,00,12,00,00,00,00,
148848504,00000118,false,Rx,1,4,00,45,00,12,00,00,00,00,
148858133,00000118,false,Rx,1,4,00,46,00,12,00,00,00,00,
148868492,00000118,false,Rx,1,4,00,47,00,12,00,00,00,00,
148878122,00000118,false,Rx,1,4,00,48,00,12,00,00,00,00,
148888463,00000118,false,Rx,1,4,00,49,00,12,00,00,00,00,
148898236,00000118,false,Rx,1,4,00,4A,00,12,00,00,00,00,
148908458,00000118,false,Rx,1,4,00,4B,00,12,00,00,00,00,
148918118,00000118,false,Rx,1,4,00,4C,00,12,00,00,00,00,
148928440,00000118,false,Rx,1,4,00,4D,00,12,00,00,00,00,
148938089,00000118,false,Rx,1,4,00,4E,00,12,00,00,00,00,
148948447,00000118,false,Rx,1,4,00,4F,00,12,00,00,00,00,
148958077,00000118,false,Rx,1,4,00,40,00,12,00,00,00,00,
148968437,00000118,false,Rx,1,4,00,41,00,12,00,00,00,00,
148978064,00000118,false,Rx,1,4,00,42,00,12,00,00,00,00,
148988406,00000118,false,Rx,1,4,00,43,00,12,00,00,00,00,
148988702,17F0000F,true,Rx,1,8,00,0F,00,00,00,00,00,00,
148998186,00000118,false,Rx,1,4,00,44,00,12,00,00,00,00,
149008796,00000118,false,Rx,1,4,00,45,00,12,00,00,00,00,
149018459,00000118,false,Rx,1,4,00,46,00,12,00,00,00,00,
149028782,00000118,false,Rx,1,4,00,47,00,12,00,00,00,00,
149038427,00000118,false,Rx,1,4,00,48,00,12,00,00,00,00,
149040732,0000070F,false,Rx,0,8,03,22,02,8D,55,55,55,55,
149048809,00000118,false,Rx,1,4,00,49,00,12,00,00,00,00,
149058419,00000118,false,Rx,1,4,00,4A,00,12,00,00,00,00,
149059664,00000779,false,Rx,1,8,05,62,02,8D,77,00,AA,AA,
149068786,00000118,false,Rx,1,4,00,4B,00,12,00,00,00,00,
149078407,00000118,false,Rx,1,4,00,4C,00,12,00,00,00,00,
149088747,00000118,false,Rx,1,4,00,4D,00,12,00,00,00,00,
149098522,00000118,false,Rx,1,4,00,4E,00,12,00,00,00,00,
149108740,00000118,false,Rx,1,4,00,4F,00,12,00,00,00,00,
149118403,00000118,false,Rx,1,4,00,40,00,12,00,00,00,00,
149128725,00000118,false,Rx,1,4,00,41,00,12,00,00,00,00,
149138372,00000118,false,Rx,1,4,00,42,00,12,00,00,00,00,
149148732,00000118,false,Rx,1,4,00,43,00,12,00,00,00,00,
149158359,00000118,false,Rx,1,4,00,44,00,12,00,00,00,00,
149168729,00000118,false,Rx,1,4,00,45,00,12,00,00,00,00,
149178348,00000118,false,Rx,1,4,00,46,00,12,00,00,00,00,
149188688,00000118,false,Rx,1,4,00,47,00,12,00,00,00,00,
149198460,00000118,false,Rx,1,4,00,48,00,12,00,00,00,00,
149208676,00000118,false,Rx,1,4,00,49,00,12,00,00,00,00,
149218349,00000118,false,Rx,1,4,00,4A,00,12,00,00,00,00,
149228666,00000118,false,Rx,1,4,00,4B,00,12,00,00,00,00,
149238315,00000118,false,Rx,1,4,00,4C,00,12,00,00,00,00,
149248717,00000118,false,Rx,1,4,00,4D,00,12,00,00,00,00,
149258329,00000118,false,Rx,1,4,00,4E,00,12,00,00,00,00,
149268565,00000118,false,Rx,1,4,00,4F,00,12,00,00,00,00,
149278434,00000118,false,Rx,1,4,00,40,00,12,00,00,00,00,
149288860,00000118,false,Rx,1,4,00,41,00,12,00,00,00,00,
149298496,00000118,false,Rx,1,4,00,42,00,12,00,00,00,00,
149308612,00000118,false,Rx,1,4,00,43,00,12,00,00,00,00,
149318382,00000118,false,Rx,1,4,00,44,00,12,00,00,00,00,
149328606,00000118,false,Rx,1,4,00,45,00,12,00,00,00,00,
149338749,00000118,false,Rx,1,4,00,46,00,12,00,00,00,00,
149349085,00000118,false,Rx,1,4,00,47,00,12,00,00,00,00,
149358714,00000118,false,Rx,1,4,00,48,00,12,00,00,00,00,
149358790,0000070F,false,Rx,0,8,03,22,2B,F1,55,55,55,55,
149369089,00000118,false,Rx,1,4,00,49,00,12,00,00,00,00,
149378723,00000118,false,Rx,1,4,00,4A,00,12,00,00,00,00,
149379968,00000779,false,Rx,1,8,05,62,2B,F1,9F,71,AA,AA,
149389088,00000118,false,Rx,1,4,00,4B,00,12,00,00,00,00,
149398819,00000118,false,Rx,1,4,00,4C,00,12,00,00,00,00,
149409083,00000118,false,Rx,1,4,00,4D,00,12,00,00,00,00,
149418703,00000118,false,Rx,1,4,00,4E,00,12,00,00,00,00,
149429088,00000118,false,Rx,1,4,00,4F,00,12,00,00,00,00,
149438669,00000118,false,Rx,1,4,00,40,00,12,00,00,00,00,
149449098,00000118,false,Rx,1,4,00,41,00,12,00,00,00,00,
149458657,00000118,false,Rx,1,4,00,42,00,12,00,00,00,00,
149469093,00000118,false,Rx,1,4,00,43,00,12,00,00,00,00,
149478663,00000118,false,Rx,1,4,00,44,00,12,00,00,00,00,
149488849,00000118,false,Rx,1,4,00,45,00,12,00,00,00,00,
149489380,17F0000F,true,Rx,1,8,00,0F,00,00,00,00,00,00,
149498767,00000118,false,Rx,1,4,00,46,00,12,00,00,00,00,
149508855,00000118,false,Rx,1,4,00,47,00,12,00,00,00,00,
149518642,00000118,false,Rx,1,4,00,48,00,12,00,00,00,00,
149528861,00000118,false,Rx,1,4,00,49,00,12,00,00,00,00,
149538613,00000118,false,Rx,1,4,00,4A,00,12,00,00,00,00,
149548849,00000118,false,Rx,1,4,00,4B,00,12,00,00,00,00,
149558601,00000118,false,Rx,1,4,00,4C,00,12,00,00,00,00,
149568847,00000118,false,Rx,1,4,00,4D,00,12,00,00,00,00,
149578606,00000118,false,Rx,1,4,00,4E,00,12,00,00,00,00,
149588849,00000118,false,Rx,1,4,00,4F,00,12,00,00,00,00,
149598702,00000118,false,Rx,1,4,00,40,00,12,00,00,00,00,
149608854,00000118,false,Rx,1,4,00,41,00,12,00,00,00,00,
149618564,00000118,false,Rx,1,4,00,42,00,12,00,00,00,00,
149628860,00000118,false,Rx,1,4,00,43,00,12,00,00,00,00,
149638553,00000118,false,Rx,1,4,00,44,00,12,00,00,00,00,
149648851,00000118,false,Rx,1,4,00,45,00,12,00,00,00,00,
149658542,00000118,false,Rx,1,4,00,46,00,12,00,00,00,00,
149668854,00000118,false,Rx,1,4,00,47,00,12,00,00,00,00,
149678565,00000118,false,Rx,1,4,00,48,00,12,00,00,00,00,
149688843,00000118,false,Rx,1,4,00,49,00,12,00,00,00,00,
149691894,0000070F,false,Rx,0,8,03,22,2B,E4,55,55,55,55,
149698684,00000118,false,Rx,1,4,00,4A,00,12,00,00,00,00,
149708855,00000118,false,Rx,1,4,00,4B,00,12,00,00,00,00,
149710885,00000779,false,Rx,1,8,05,62,2B,E4,85,68,AA,AA,
149718536,00000118,false,Rx,1,4,00,4C,00,12,00,00,00,00,
149728848,00000118,false,Rx,1,4,00,4D,00,12,00,00,00,00,
149738934,00000118,false,Rx,1,4,00,4E,00,12,00,00,00,00,
149749106,00000118,false,Rx,1,4,00,4F,00,12,00,00,00,00,
149762365,00000118,false,Rx,1,4,00,40,00,12,00,00,00,00,
149769943,00000118,false,Rx,1,4,00,41,00,12,00,00,00,00,
149778813,00000118,false,Rx,1,4,00,42,00,12,00,00,00,00,
149789143,00000118,false,Rx,1,4,00,43,00,12,00,00,00,00,
149798912,00000118,false,Rx,1,4,00,44,00,12,00,00,00,00,
149809129,00000118,false,Rx,1,4,00,45,00,12,00,00,00,00,
149818795,00000118,false,Rx,1,4,00,46,00,12,00,00,00,00,
149829130,00000118,false,Rx,1,4,00,47,00,12,00,00,00,00,
149838768,00000118,false,Rx,1,4,00,48,00,12,00,00,00,00,
149849124,00000118,false,Rx,1,4,00,49,00,12,00,00,00,00,
149858755,00000118,false,Rx,1,4,00,4A,00,12,00,00,00,00,
149869111,00000118,false,Rx,1,4,00,4B,00,12,00,00,00,00,
149878744,00000118,false,Rx,1,4,00,4C,00,12,00,00,00,00,
149889082,00000118,false,Rx,1,4,00,4D,00,12,00,00,00,00,
149898857,00000118,false,Rx,1,4,00,4E,00,12,00,00,00,00,
149909073,00000118,false,Rx,1,4,00,4F,00,12,00,00,00,00,
149918738,00000118,false,Rx,1,4,00,40,00,12,00,00,00,00,
149929063,00000118,false,Rx,1,4,00,41,00,12,00,00,00,00,
149938713,00000118,false,Rx,1,4,00,42,00,12,00,00,00,00,
149949068,00000118,false,Rx,1,4,00,43,00,12,00,00,00,00,
149958694,00000118,false,Rx,1,4,00,44,00,12,00,00,00,00,
149969054,00000118,false,Rx,1,4,00,45,00,12,00,00,00,00,
149978685,00000118,false,Rx,1,4,00,46,00,12,00,00,00,00,
149989025,00000118,false,Rx,1,4,00,47,00,12,00,00,00,00,
149989563,17F0000F,true,Rx,1,8,00,0F,00,00,00,00,00,00,
149998805,00000118,false,Rx,1,4,00,48,00,12,00,00,00,00,
150008957,0000070F,false,Rx,0,8,03,22,02,8D,55,55,55,55,
150009412,00000118,false,Rx,1,4,00,49,00,12,00,00,00,00,
150019101,00000118,false,Rx,1,4,00,4A,00,12,00,00,00,00,
150029401,00000118,false,Rx,1,4,00,4B,00,12,00,00,00,00,
150031590,00000779,false,Rx,1,8,05,62,02,8D,76,00,AA,AA,
150039064,00000118,false,Rx,1,4,00,4C,00,12,00,00,00,00,
150049407,00000118,false,Rx,1,4,00,4D,00,12,00,00,00,00,
150059039,00000118,false,Rx,1,4,00,4E,00,12,00,00,00,00,
150069397,00000118,false,Rx,1,4,00,4F,00,12,00,00,00,00,
150079028,00000118,false,Rx,1,4,00,40,00,12,00,00,00,00,
150089381,00000118,false,Rx,1,4,00,41,00,12,00,00,00,00,
150099141,00000118,false,Rx,1,4,00,42,00,12,00,00,00,00,
150109356,00000118,false,Rx,1,4,00,43,00,12,00,00,00,00,
150119020,00000118,false,Rx,1,4,00,44,00,12,00,00,00,00,
150129343,00000118,false,Rx,1,4,00,45,00,12,00,00,00,00,
150138993,00000118,false,Rx,1,4,00,46,00,12,00,00,00,00,
150149350,00000118,false,Rx,1,4,00,47,00,12,00,00,00,00,
150158979,00000118,false,Rx,1,4,00,48,00,12,00,00,00,00,
150169343,00000118,false,Rx,1,4,00,49,00,12,00,00,00,00,
150178971,00000118,false,Rx,1,4,00,4A,00,12,00,00,00,00,
150189378,00000118,false,Rx,1,4,00,4B,00,12,00,00,00,00,
150199083,00000118,false,Rx,1,4,00,4C,00,12,00,00,00,00,
150209298,00000118,false,Rx,1,4,00,4D,00,12,00,00,00,00,
150218963,00000118,false,Rx,1,4,00,4E,00,12,00,00,00,00,
150229288,00000118,false,Rx,1,4,00,4F,00,12,00,00,00,00,
150238969,00000118,false,Rx,1,4,00,40,00,12,00,00,00,00,
150249324,00000118,false,Rx,1,4,00,41,00,12,00,00,00,00,
150263824,00000118,false,Rx,1,4,00,42,00,12,00,00,00,00,
150269313,00000118,false,Rx,1,4,00,43,00,12,00,00,00,00,
150278947,00000118,false,Rx,1,4,00,44,00,12,00,00,00,00,
150289395,00000118,false,Rx,1,4,00,45,00,12,00,00,00,00,
150299024,00000118,false,Rx,1,4,00,46,00,12,00,00,00,00,
150309238,00000118,false,Rx,1,4,00,47,00,12,00,00,00,00,
150318904,00000118,false,Rx,1,4,00,48,00,12,00,00,00,00,
150327157,0000070F,false,Rx,0,8,03,22,2B,F1,55,55,55,55,
150329250,00000118,false,Rx,1,4,00,49,00,12,00,00,00,00,
150338888,00000118,false,Rx,1,4,00,4A,00,12,00,00,00,00,
150340126,00000779,false,Rx,1,8,05,62,2B,F1,9F,71,AA,AA,
150349245,00000118,false,Rx,1,4,00,4B,00,12,00,00,00,00,
150358865,00000118,false,Rx,1,4,00,4C,00,12,00,00,00,00,
150369222,00000118,false,Rx,1,4,00,4D,00,12,00,00,00,00,
150378852,00000118,false,Rx,1,4,00,4E,00,12,00,00,00,00,
150389381,00000118,false,Rx,1,4,00,4F,00,12,00,00,00,00,
150398969,00000118,false,Rx,1,4,00,40,00,12,00,00,00,00,
150409183,00000118,false,Rx,1,4,00,41,00,12,00,00,00,00,
150418848,00000118,false,Rx,1,4,00,42,00,12,00,00,00,00,
150429171,00000118,false,Rx,1,4,00,43,00,12,00,00,00,00,
150438817,00000118,false,Rx,1,4,00,44,00,12,00,00,00,00,
150449181,00000118,false,Rx,1,4,00,45,00,12,00,00,00,00,
150458805,00000118,false,Rx,1,4,00,46,00,12,00,00,00,00,
150469164,00000118,false,Rx,1,4,00,47,00,12,00,00,00,00,
150478793,00000118,false,Rx,1,4,00,48,00,12,00,00,00,00,
150489372,00000118,false,Rx,1,4,00,49,00,12,00,00,00,00,
150489955,17F0000F,true,Rx,1,8,00,0F,00,00,00,00,00,00,
150498935,00000118,false,Rx,1,4,00,4A,00,12,00,00,00,00,
150509523,00000118,false,Rx,1,4,00,4B,00,12,00,00,00,00,
150519189,00000118,false,Rx,1,4,00,4C,00,12,00,00,00,00,
150529510,00000118,false,Rx,1,4,00,4D,00,12,00,00,00,00,
150539161,00000118,false,Rx,1,4,00,4E,00,12,00,00,00,00,
150549524,00000118,false,Rx,1,4,00,4F,00,12,00,00,00,00,
150559149,00000118,false,Rx,1,4,00,40,00,12,00,00,00,00,
150569507,00000118,false,Rx,1,4,00,41,00,12,00,00,00,00,
150579138,00000118,false,Rx,1,4,00,42,00,12,00,00,00,00,
150589629,00000118,false,Rx,1,4,00,43,00,12,00,00,00,00,
150599249,00000118,false,Rx,1,4,00,44,00,12,00,00,00,00,
150609464,00000118,false,Rx,1,4,00,45,00,12,00,00,00,00,
150619132,00000118,false,Rx,1,4,00,46,00,12,00,00,00,00,
150629454,00000118,false,Rx,1,4,00,47,00,12,00,00,00,00,
150639100,00000118,false,Rx,1,4,00,48,00,12,00,00,00,00,
150642301,0000070F,false,Rx,0,8,03,22,2B,E4,55,55,55,55,
150649485,00000118,false,Rx,1,4,00,49,00,12,00,00,00,00,
150659091,00000118,false,Rx,1,4,00,4A,00,12,00,00,00,00,
150660337,00000779,false,Rx,1,8,05,62,2B,E4,85,68,AA,AA,
150669465,00000118,false,Rx,1,4,00,4B,00,12,00,00,00,00,
150679079,00000118,false,Rx,1,4,00,4C,00,12,00,00,00,00,
150689628,00000118,false,Rx,1,4,00,4D,00,12,00,00,00,00,
150699192,00000118,false,Rx,1,4,00,4E,00,12,00,00,00,00,
150709410,00000118,false,Rx,1,4,00,4F,00,12,00,00,00,00,
150719073,00000118,false,Rx,1,4,00,40,00,12,00,00,00,00,
150729397,00000118,false,Rx,1,4,00,41,00,12,00,00,00,00,
150739043,00000118,false,Rx,1,4,00,42,00,12,00,00,00,00,
150749435,00000118,false,Rx,1,4,00,43,00,12,00,00,00,00,
150762744,00000118,false,Rx,1,4,00,44,00,12,00,00,00,00,
150769608,00000118,false,Rx,1,4,00,45,00,12,00,00,00,00,
150779045,00000118,false,Rx,1,4,00,46,00,12,00,00,00,00,
150789395,00000118,false,Rx,1,4,00,47,00,12,00,00,00,00,
150799133,00000118,false,Rx,1,4,00,48,00,12,00,00,00,00,
150809350,00000118,false,Rx,1,4,00,49,00,12,00,00,00,00,
150818998,00000118,false,Rx,1,4,00,4A,00,12,00,00,00,00,
150829356,00000118,false,Rx,1,4,00,4B,00,12,00,00,00,00,
150838986,00000118,false,Rx,1,4,00,4C,00,12,00,00,00,00,
150849343,00000118,false,Rx,1,4,00,4D,00,12,00,00,00,00,
150858982,00000118,false,Rx,1,4,00,4E,00,12,00,00,00,00,
150869371,00000118,false,Rx,1,4,00,4F,00,12,00,00,00,00,
150878982,00000118,false,Rx,1,4,00,40,00,12,00,00,00,00,
150889381,00000118,false,Rx,1,4,00,41,00,12,00,00,00,00,
150899077,00000118,false,Rx,1,4,00,42,00,12,00,00,00,00,
150909293,00000118,false,Rx,1,4,00,43,00,12,00,00,00,00,
150918951,00000118,false,Rx,1,4,00,44,00,12,00,00,00,00,
150929299,00000118,false,Rx,1,4,00,45,00,12,00,00,00,00,
150938947,00000118,false,Rx,1,4,00,46,00,12,00,00,00,00,
150949285,00000118,false,Rx,1,4,00,47,00,12,00,00,00,00,
150958937,00000118,false,Rx,1,4,00,48,00,12,00,00,00,00,
150969369,00000118,false,Rx,1,4,00,49,00,12,00,00,00,00,
150978941,00000118,false,Rx,1,4,00,4A,00,12,00,00,00,00,
150982398,0000070F,false,Rx,0,8,03,22,02,8D,55,55,55,55,
150989375,00000118,false,Rx,1,4,00,4B,00,12,00,00,00,00,
150989951,17F0000F,true,Rx,1,8,00,0F,00,00,00,00,00,00,
150999027,00000118,false,Rx,1,4,00,4C,00,12,00,00,00,00,
151000270,00000779,false,Rx,1,8,05,62,02,8D,76,00,AA,AA,
151009642,00000118,false,Rx,1,4,00,4D,00,12,00,00,00,00,
151019370,00000118,false,Rx,1,4,00,4E,00,12,00,00,00,00,
151029642,00000118,false,Rx,1,4,00,4F,00,12,00,00,00,00,
151039270,00000118,false,Rx,1,4,00,40,00,12,00,00,00,00,
151049630,00000118,false,Rx,1,4,00,41,00,12,00,00,00,00,
151059261,00000118,false,Rx,1,4,00,42,00,12,00,00,00,00,
151069599,00000118,false,Rx,1,4,00,43,00,12,00,00,00,00,
151079263,00000118,false,Rx,1,4,00,44,00,12,00,00,00,00,
151089625,00000118,false,Rx,1,4,00,45,00,12,00,00,00,00,
151099360,00000118,false,Rx,1,4,00,46,00,12,00,00,00,00,
151109574,00000118,false,Rx,1,4,00,47,00,12,00,00,00,00,
151119368,00000118,false,Rx,1,4,00,48,00,12,00,00,00,00,
151129582,00000118,false,Rx,1,4,00,49,00,12,00,00,00,00,
151139211,00000118,false,Rx,1,4,00,4A,00,12,00,00,00,00,
151149570,00000118,false,Rx,1,4,00,4B,00,12,00,00,00,00,
151159203,00000118,false,Rx,1,4,00,4C,00,12,00,00,00,00,
151169548,00000118,false,Rx,1,4,00,4D,00,12,00,00,00,00,
151179207,00000118,false,Rx,1,4,00,4E,00,12,00,00,00,00,
151189626,00000118,false,Rx,1,4,00,4F,00,12,00,00,00,00,
151199304,00000118,false,Rx,1,4,00,40,00,12,00,00,00,00,
151209520,00000118,false,Rx,1,4,00,41,00,12,00,00,00,00,
151219369,00000118,false,Rx,1,4,00,42,00,12,00,00,00,00,
151229525,00000118,false,Rx,1,4,00,43,00,12,00,00,00,00,
151239152,00000118,false,Rx,1,4,00,44,00,12,00,00,00,00,
151249538,00000118,false,Rx,1,4,00,45,00,12,00,00,00,00,
151262951,00000118,false,Rx,1,4,00,46,00,12,00,00,00,00,
151270147,00000118,false,Rx,1,4,00,47,00,12,00,00,00,00,
151279163,00000118,false,Rx,1,4,00,48,00,12,00,00,00,00,
151289647,00000118,false,Rx,1,4,00,49,00,12,00,00,00,00,
151290821,0000070F,false,Rx,0,8,03,22,2B,F1,55,55,55,55,
151299267,00000118,false,Rx,1,4,00,4A,00,12,00,00,00,00,
151309458,00000118,false,Rx,1,4,00,4B,00,12,00,00,00,00,
151311643,00000779,false,Rx,1,8,05,62,2B,F1,6D,71,AA,AA,
151319117,00000118,false,Rx,1,4,00,4C,00,12,00,00,00,00,
151329465,00000118,false,Rx,1,4,00,4D,00,12,00,00,00,00,
151339095,00000118,false,Rx,1,4,00,4E,00,12,00,00,00,00,
151349456,00000118,false,Rx,1,4,00,4F,00,12,00,00,00,00,
151359084,00000118,false,Rx,1,4,00,40,00,12,00,00,00,00,
151369436,00000118,false,Rx,1,4,00,41,00,12,00,00,00,00,
151379092,00000118,false,Rx,1,4,00,42,00,12,00,00,00,00,
151389631,00000118,false,Rx,1,4,00,43,00,12,00,00,00,00,
151399184,00000118,false,Rx,1,4,00,44,00,12,00,00,00,00,
151409400,00000118,false,Rx,1,4,00,45,00,12,00,00,00,00,
151419050,00000118,false,Rx,1,4,00,46,00,12,00,00,00,00,
151429407,00000118,false,Rx,1,4,00,47,00,12,00,00,00,00,
151439037,00000118,false,Rx,1,4,00,48,00,12,00,00,00,00,
151449395,00000118,false,Rx,1,4,00,49,00,12,00,00,00,00,
151459026,00000118,false,Rx,1,4,00,4A,00,12,00,00,00,00,
151469372,00000118,false,Rx,1,4,00,4B,00,12,00,00,00,00,
151479035,00000118,false,Rx,1,4,00,4C,00,12,00,00,00,00,
151489377,00000118,false,Rx,1,4,00,4D,00,12,00,00,00,00,
151489952,17F0000F,true,Rx,1,8,00,0F,00,00,00,00,00,00,
151499138,00000118,false,Rx,1,4,00,4E,00,12,00,00,00,00,
151509745,00000118,false,Rx,1,4,00,4F,00,12,00,00,00,00,
151519390,00000118,false,Rx,1,4,00,40,00,12,00,00,00,00,
151529751,00000118,false,Rx,1,4,00,41,00,12,00,00,00,00,
151539381,00000118,false,Rx,1,4,00,42,00,12,00,00,00,00,
151549739,00000118,false,Rx,1,4,00,43,00,12,00,00,00,00,
151559367,00000118,false,Rx,1,4,00,44,00,12,00,00,00,00,
151569729,00000118,false,Rx,1,4,00,45,00,12,00,00,00,00,
151579356,00000118,false,Rx,1,4,00,46,00,12,00,00,00,00,
151589868,00000118,false,Rx,1,4,00,47,00,12,00,00,00,00,
151599450,00000118,false,Rx,1,4,00,48,00,12,00,00,00,00,
151608436,0000070F,false,Rx,0,8,03,22,2B,E4,55,55,55,55,
151609707,00000118,false,Rx,1,4,00,49,00,12,00,00,00,00,
151619369,00000118,false,Rx,1,4,00,4A,00,12,00,00,00,00,
151620578,00000779,false,Rx,1,8,05,62,2B,E4,85,68,AA,AA,
151629702,00000118,false,Rx,1,4,00,4B,00,12,00,00,00,00,
151639322,00000118,false,Rx,1,4,00,4C,00,12,00,00,00,00,
151649680,00000118,false,Rx,1,4,00,4D,00,12,00,00,00,00,
151659310,00000118,false,Rx,1,4,00,4E,00,12,00,00,00,00,
151669680,00000118,false,Rx,1,4,00,4F,00,12,00,00,00,00,
151679302,00000118,false,Rx,1,4,00,40,00,12,00,00,00,00,
151689875,00000118,false,Rx,1,4,00,41,00,12,00,00,00,00,
151699412,00000118,false,Rx,1,4,00,42,00,12,00,00,00,00,
151709628,00000118,false,Rx,1,4,00,43,00,12,00,00,00,00,
151719368,00000118,false,Rx,1,4,00,44,00,12,00,00,00,00,
151729634,00000118,false,Rx,1,4,00,45,00,12,00,00,00,00,
151739264,00000118,false,Rx,1,4,00,46,00,12,00,00,00,00,
151749646,00000118,false,Rx,1,4,00,47,00,12,00,00,00,00,
151763950,00000118,false,Rx,1,4,00,48,00,12,00,00,00,00,
151770580,00000118,false,Rx,1,4,00,49,00,12,00,00,00,00,
151779279,00000118,false,Rx,1,4,00,4A,00,12,00,00,00,00,
151789809,00000118,false,Rx,1,4,00,4B,00,12,00,00,00,00,
151799354,00000118,false,Rx,1,4,00,4C,00,12,00,00,00,00,
151809569,00000118,false,Rx,1,4,00,4D,00,12,00,00,00,00,
151819369,00000118,false,Rx,1,4,00,4E,00,12,00,00,00,00,
151829578,00000118,false,Rx,1,4,00,4F,00,12,00,00,00,00,
151839206,00000118,false,Rx,1,4,00,40,00,12,00,00,00,00,
151849565,00000118,false,Rx,1,4,00,41,00,12,00,00,00,00,
151859195,00000118,false,Rx,1,4,00,42,00,12,00,00,00,00,
151869566,00000118,false,Rx,1,4,00,43,00,12,00,00,00,00,
151879205,00000118,false,Rx,1,4,00,44,00,12,00,00,00,00,
151889566,00000118,false,Rx,1,4,00,45,00,12,00,00,00,00,
151899296,00000118,false,Rx,1,4,00,46,00,12,00,00,00,00,
151909511,00000118,false,Rx,1,4,00,47,00,12,00,00,00,00,
151919367,00000118,false,Rx,1,4,00,48,00,12,00,00,00,00,
151924080,0000070F,false,Rx,0,8,03,22,02,8D,55,55,55,55,
151929540,00000118,false,Rx,1,4,00,49,00,12,00,00,00,00,
151939148,00000118,false,Rx,1,4,00,4A,00,12,00,00,00,00,
151940392,00000779,false,Rx,1,8,05,62,02,8D,76,00,AA,AA,
151949515,00000118,false,Rx,1,4,00,4B,00,12,00,00,00,00,
151959136,00000118,false,Rx,1,4,00,4C,00,12,00,00,00,00,
151969561,00000118,false,Rx,1,4,00,4D,00,12,00,00,00,00,
151979145,00000118,false,Rx,1,4,00,4E,00,12,00,00,00,00,
151989560,00000118,false,Rx,1,4,00,4F,00,12,00,00,00,00,
151990101,17F0000F,true,Rx,1,8,00,0F,00,00,00,00,00,00,
151999247,00000118,false,Rx,1,4,00,40,00,12,00,00,00,00,
152009854,00000118,false,Rx,1,4,00,41,00,12,00,00,00,00,
152019500,00000118,false,Rx,1,4,00,42,00,12,00,00,00,00,
152029861,00000118,false,Rx,1,4,00,43,00,12,00,00,00,00,
152039488,00000118,false,Rx,1,4,00,44,00,12,00,00,00,00,
152049848,00000118,false,Rx,1,4,00,45,00,12,00,00,00,00,
152059479,00000118,false,Rx,1,4,00,46,00,12,00,00,00,00,
152069818,00000118,false,Rx,1,4,00,47,00,12,00,00,00,00,
152079485,00000118,false,Rx,1,4,00,48,00,12,00,00,00,00,
152089812,00000118,false,Rx,1,4,00,49,00,12,00,00,00,00,
152099581,00000118,false,Rx,1,4,00,4A,00,12,00,00,00,00,
152109796,00000118,false,Rx,1,4,00,4B,00,12,00,00,00,00,
152119443,00000118,false,Rx,1,4,00,4C,00,12,00,00,00,00,
152129801,00000118,false,Rx,1,4,00,4D,00,12,00,00,00,00,
152139432,00000118,false,Rx,1,4,00,4E,00,12,00,00,00,00,
152149791,00000118,false,Rx,1,4,00,4F,00,12,00,00,00,00,
152159419,00000118,false,Rx,1,4,00,40,00,12,00,00,00,00,
152169799,00000118,false,Rx,1,4,00,41,00,12,00,00,00,00,
152179428,00000118,false,Rx,1,4,00,42,00,12,00,00,00,00,
152189838,00000118,false,Rx,1,4,00,43,00,12,00,00,00,00,
152199520,00000118,false,Rx,1,4,00,44,00,12,00,00,00,00,
152209736,00000118,false,Rx,1,4,00,45,00,12,00,00,00,00,
152219386,00000118,false,Rx,1,4,00,46,00,12,00,00,00,00,
152229743,00000118,false,Rx,1,4,00,47,00,12,00,00,00,00,
152239372,00000118,false,Rx,1,4,00,48,00,12,00,00,00,00,
152243870,0000070F,false,Rx,0,8,03,22,2B,F1,55,55,55,55,
152249755,00000118,false,Rx,1,4,00,49,00,12,00,00,00,00,
152259380,00000118,false,Rx,1,4,00,4A,00,12,00,00,00,00,
152260658,00000779,false,Rx,1,8,05,62,2B,F1,6D,71,AA,AA,
152275189,00000118,false,Rx,1,4,00,4B,00,12,00,00,00,00,
152279572,00000118,false,Rx,1,4,00,4C,00,12,00,00,00,00,
152289908,00000118,false,Rx,1,4,00,4D,00,12,00,00,00,00,
152299588,00000118,false,Rx,1,4,00,4E,00,12,00,00,00,00,
152309608,00000118,false,Rx,1,4,00,4F,00,12,00,00,00,00,
152319577,00000118,false,Rx,1,4,00,40,00,12,00,00,00,00,
152329616,00000118,false,Rx,1,4,00,41,00,12,00,00,00,00,
152339582,00000118,false,Rx,1,4,00,42,00,12,00,00,00,00,
152349585,00000118,false,Rx,1,4,00,43,00,12,00,00,00,00,
152359582,00000118,false,Rx,1,4,00,44,00,12,00,00,00,00,
152369573,00000118,false,Rx,1,4,00,45,00,12,00,00,00,00,
152379593,00000118,false,Rx,1,4,00,46,00,12,00,00,00,00,
152389629,00000118,false,Rx,1,4,00,47,00,12,00,00,00,00,
152399582,00000118,false,Rx,1,4,00,48,00,12,00,00,00,00,
152409566,00000118,false,Rx,1,4,00,49,00,12,00,00,00,00,
152419343,00000118,false,Rx,1,4,00,4A,00,12,00,00,00,00,
152429556,00000118,false,Rx,1,4,00,4B,00,12,00,00,00,00,
152439334,00000118,false,Rx,1,4,00,4C,00,12,00,00,00,00,
152449525,00000118,false,Rx,1,4,00,4D,00,12,00,00,00,00,
152459336,00000118,false,Rx,1,4,00,4E,00,12,00,00,00,00,
152469517,00000118,false,Rx,1,4,00,4F,00,12,00,00,00,00,
152479335,00000118,false,Rx,1,4,00,40,00,12,00,00,00,00,
152489629,00000118,false,Rx,1,4,00,41,00,12,00,00,00,00,
152490162,17F0000F,true,Rx,1,8,00,0F,00,00,00,00,00,00,
152499588,00000118,false,Rx,1,4,00,42,00,12,00,00,00,00,
152509511,00000118,false,Rx,1,4,00,43,00,12,00,00,00,00,
152519337,00000118,false,Rx,1,4,00,44,00,12,00,00,00,00,
152529498,00000118,false,Rx,1,4,00,45,00,12,00,00,00,00,
152539351,00000118,false,Rx,1,4,00,46,00,12,00,00,00,00,
152549467,00000118,false,Rx,1,4,00,47,00,12,00,00,00,00,
152559336,00000118,false,Rx,1,4,00,48,00,12,00,00,00,00,
152559758,0000070F,false,Rx,0,8,03,22,2B,E4,55,55,55,55,
152569479,00000118,false,Rx,1,4,00,49,00,12,00,00,00,00,
152579330,00000118,false,Rx,1,4,00,4A,00,12,00,00,00,00,
152580492,00000779,false,Rx,1,8,05,62,2B,E4,85,68,AA,AA,
152589634,00000118,false,Rx,1,4,00,4B,00,12,00,00,00,00,
152599584,00000118,false,Rx,1,4,00,4C,00,12,00,00,00,00,
152609451,00000118,false,Rx,1,4,00,4D,00,12,00,00,00,00,
152619355,00000118,false,Rx,1,4,00,4E,00,12,00,00,00,00,
152629458,00000118,false,Rx,1,4,00,4F,00,12,00,00,00,00,
152639331,00000118,false,Rx,1,4,00,40,00,12,00,00,00,00,
152649430,00000118,false,Rx,1,4,00,41,00,12,00,00,00,00,
152659330,00000118,false,Rx,1,4,00,42,00,12,00,00,00,00,
152669417,00000118,false,Rx,1,4,00,43,00,12,00,00,00,00,
152679339,00000118,false,Rx,1,4,00,44,00,12,00,00,00,00,
152689635,00000118,false,Rx,1,4,00,45,00,12,00,00,00,00,
152699349,00000118,false,Rx,1,4,00,46,00,12,00,00,00,00,
152709393,00000118,false,Rx,1,4,00,47,00,12,00,00,00,00,
152719334,00000118,false,Rx,1,4,00,48,00,12,00,00,00,00,
152729399,00000118,false,Rx,1,4,00,49,00,12,00,00,00,00,
152739343,00000118,false,Rx,1,4,00,4A,00,12,00,00,00,00,
152749403,00000118,false,Rx,1,4,00,4B,00,12,00,00,00,00,
152762163,00000118,false,Rx,1,4,00,4C,00,12,00,00,00,00,
152769765,00000118,false,Rx,1,4,00,4D,00,12,00,00,00,00,
152779093,00000118,false,Rx,1,4,00,4E,00,12,00,00,00,00,
152789626,00000118,false,Rx,1,4,00,4F,00,12,00,00,00,00,
152799191,00000118,false,Rx,1,4,00,40,00,12,00,00,00,00,
152809392,00000118,false,Rx,1,4,00,41,00,12,00,00,00,00,
152819054,00000118,false,Rx,1,4,00,42,00,12,00,00,00,00,
152829384,00000118,false,Rx,1,4,00,43,00,12,00,00,00,00,
152839023,00000118,false,Rx,1,4,00,44,00,12,00,00,00,00,
152849384,00000118,false,Rx,1,4,00,45,00,12,00,00,00,00,
152859014,00000118,false,Rx,1,4,00,46,00,12,00,00,00,00,
152869371,00000118,false,Rx,1,4,00,47,00,12,00,00,00,00,
152876825,0000070F,false,Rx,0,8,03,22,02,8D,55,55,55,55,
152879025,00000118,false,Rx,1,4,00,48,00,12,00,00,00,00,
152889866,00000118,false,Rx,1,4,00,49,00,12,00,00,00,00,
152891951,00000779,false,Rx,1,8,05,62,02,8D,76,00,AA,AA,
152899509,00000118,false,Rx,1,4,00,4A,00,12,00,00,00,00,
152909736,00000118,false,Rx,1,4,00,4B,00,12,00,00,00,00,
152919397,00000118,false,Rx,1,4,00,4C,00,12,00,00,00,00,
152929719,00000118,false,Rx,1,4,00,4D,00,12,00,00,00,00,
152939369,00000118,false,Rx,1,4,00,4E,00,12,00,00,00,00,
152949727,00000118,false,Rx,1,4,00,4F,00,12,00,00,00,00,
152959355,00000118,false,Rx,1,4,00,40,00,12,00,00,00,00,
152969716,00000118,false,Rx,1,4,00,41,00,12,00,00,00,00,
152979344,00000118,false,Rx,1,4,00,42,00,12,00,00,00,00,
152989868,00000118,false,Rx,1,4,00,43,00,12,00,00,00,00,
152990402,17F0000F,true,Rx,1,8,00,0F,00,00,00,00,00,00,
152999447,00000118,false,Rx,1,4,00,44,00,12,00,00,00,00,
153009677,00000118,false,Rx,1,4,00,45,00,12,00,00,00,00,
153019340,00000118,false,Rx,1,4,00,46,00,12,00,00,00,00,
153029660,00000118,false,Rx,1,4,00,47,00,12,00,00,00,00,
153039368,00000118,false,Rx,1,4,00,48,00,12,00,00,00,00,
153049667,00000118,false,Rx,1,4,00,49,00,12,00,00,00,00,
153059299,00000118,false,Rx,1,4,00,4A,00,12,00,00,00,00,
153069655,00000118,false,Rx,1,4,00,4B,00,12,00,00,00,00,
153079287,00000118,false,Rx,1,4,00,4C,00,12,00,00,00,00,
153089867,00000118,false,Rx,1,4,00,4D,00,12,00,00,00,00,
153099400,00000118,false,Rx,1,4,00,4E,00,12,00,00,00,00,
153109619,00000118,false,Rx,1,4,00,4F,00,12,00,00,00,00,
153119281,00000118,false,Rx,1,4,00,40,00,12,00,00,00,00,
153129605,00000118,false,Rx,1,4,00,41,00,12,00,00,00,00,
153139377,00000118,false,Rx,1,4,00,42,00,12,00,00,00,00,
153149612,00000118,false,Rx,1,4,00,43,00,12,00,00,00,00,
153159237,00000118,false,Rx,1,4,00,44,00,12,00,00,00,00,
153169597,00000118,false,Rx,1,4,00,45,00,12,00,00,00,00,
153179239,00000118,false,Rx,1,4,00,46,00,12,00,00,00,00,
153189616,00000118,false,Rx,1,4,00,47,00,12,00,00,00,00,
153192911,0000070F,false,Rx,0,8,03,22,2B,F1,55,55,55,55,
153199362,00000118,false,Rx,1,4,00,48,00,12,00,00,00,00,
153209562,00000118,false,Rx,1,4,00,49,00,12,00,00,00,00,
153211740,00000779,false,Rx,1,8,05,62,2B,F1,6D,71,AA,AA,
153219232,00000118,false,Rx,1,4,00,4A,00,12,00,00,00,00,
153229544,00000118,false,Rx,1,4,00,4B,00,12,00,00,00,00,
153239370,00000118,false,Rx,1,4,00,4C,00,12,00,00,00,00,
153249597,00000118,false,Rx,1,4,00,4D,00,12,00,00,00,00,
153259214,00000118,false,Rx,1,4,00,4E,00,12,00,00,00,00,
153269760,00000118,false,Rx,1,4,00,4F,00,12,00,00,00,00,
153279714,00000118,false,Rx,1,4,00,40,00,12,00,00,00,00,
153290139,00000118,false,Rx,1,4,00,41,00,12,00,00,00,00,
153299774,00000118,false,Rx,1,4,00,42,00,12,00,00,00,00,
153309803,00000118,false,Rx,1,4,00,43,00,12,00,00,00,00,
153319653,00000118,false,Rx,1,4,00,44,00,12,00,00,00,00,
153329797,00000118,false,Rx,1,4,00,45,00,12,00,00,00,00,
153339645,00000118,false,Rx,1,4,00,46,00,12,00,00,00,00,
153349786,00000118,false,Rx,1,4,00,47,00,12,00,00,00,00,
153359630,00000118,false,Rx,1,4,00,48,00,12,00,00,00,00,
153369756,00000118,false,Rx,1,4,00,49,00,12,00,00,00,00,
153379638,00000118,false,Rx,1,4,00,4A,00,12,00,00,00,00,
153389876,00000118,false,Rx,1,4,00,4B,00,12,00,00,00,00,
153399716,00000118,false,Rx,1,4,00,4C,00,12,00,00,00,00,
153409736,00000118,false,Rx,1,4,00,4D,00,12,00,00,00,00,
153419601,00000118,false,Rx,1,4,00,4E,00,12,00,00,00,00,
153429740,00000118,false,Rx,1,4,00,4F,00,12,00,00,00,00,
153439585,00000118,false,Rx,1,4,00,40,00,12,00,00,00,00,
153449730,00000118,false,Rx,1,4,00,41,00,12,00,00,00,00,
153459575,00000118,false,Rx,1,4,00,42,00,12,00,00,00,00,
153469699,00000118,false,Rx,1,4,00,43,00,12,00,00,00,00,
153479578,00000118,false,Rx,1,4,00,44,00,12,00,00,00,00,
153489876,00000118,false,Rx,1,4,00,45,00,12,00,00,00,00,
153490412,17F0000F,true,Rx,1,8,00,0F,00,00,00,00,00,00,
153499664,00000118,false,Rx,1,4,00,46,00,12,00,00,00,00,
153509674,00000118,false,Rx,1,4,00,47,00,12,00,00,00,00,
153511035,0000070F,false,Rx,0,8,03,22,2B,E4,55,55,55,55,
153519564,00000118,false,Rx,1,4,00,48,00,12,00,00,00,00,
153529682,00000118,false,Rx,1,4,00,49,00,12,00,00,00,00,
153531868,00000779,false,Rx,1,8,05,62,2B,E4,85,68,AA,AA,
153539536,00000118,false,Rx,1,4,00,4A,00,12,00,00,00,00,
153549669,00000118,false,Rx,1,4,00,4B,00,12,00,00,00,00,
153559516,00000118,false,Rx,1,4,00,4C,00,12,00,00,00,00,
153569640,00000118,false,Rx,1,4,00,4D,00,12,00,00,00,00,
153579521,00000118,false,Rx,1,4,00,4E,00,12,00,00,00,00,
153589876,00000118,false,Rx,1,4,00,4F,00,12,00,00,00,00,
153599599,00000118,false,Rx,1,4,00,40,00,12,00,00,00,00,
153609617,00000118,false,Rx,1,4,00,41,00,12,00,00,00,00,
153619481,00000118,false,Rx,1,4,00,42,00,12,00,00,00,00,
153629627,00000118,false,Rx,1,4,00,43,00,12,00,00,00,00,
153639469,00000118,false,Rx,1,4,00,44,00,12,00,00,00,00,
153649611,00000118,false,Rx,1,4,00,45,00,12,00,00,00,00,
153659458,00000118,false,Rx,1,4,00,46,00,12,00,00,00,00,
153669583,00000118,false,Rx,1,4,00,47,00,12,00,00,00,00,
153679468,00000118,false,Rx,1,4,00,48,00,12,00,00,00,00,
153689627,00000118,false,Rx,1,4,00,49,00,12,00,00,00,00,
153699541,00000118,false,Rx,1,4,00,4A,00,12,00,00,00,00,
153709558,00000118,false,Rx,1,4,00,4B,00,12,00,00,00,00,
153719430,00000118,false,Rx,1,4,00,4C,00,12,00,00,00,00,
153729567,00000118,false,Rx,1,4,00,4D,00,12,00,00,00,00,
153739412,00000118,false,Rx,1,4,00,4E,00,12,00,00,00,00,
153750147,00000118,false,Rx,1,4,00,4F,00,12,00,00,00,00,
153764689,00000118,false,Rx,1,4,00,40,00,12,00,00,00,00,
153769728,00000118,false,Rx,1,4,00,41,00,12,00,00,00,00,
153779315,00000118,false,Rx,1,4,00,42,00,12,00,00,00,00,
153789842,00000118,false,Rx,1,4,00,43,00,12,00,00,00,00,
153799393,00000118,false,Rx,1,4,00,44,00,12,00,00,00,00,
153809607,00000118,false,Rx,1,4,00,45,00,12,00,00,00,00,
153819301,00000118,false,Rx,1,4,00,46,00,12,00,00,00,00,
153827135,0000070F,false,Rx,0,8,03,22,02,8D,55,55,55,55,
153829614,00000118,false,Rx,1,4,00,47,00,12,00,00,00,00,
153839266,00000118,false,Rx,1,4,00,48,00,12,00,00,00,00,
153849605,00000118,false,Rx,1,4,00,49,00,12,00,00,00,00,
153851789,00000779,false,Rx,1,8,05,62,02,8D,76,00,AA,AA,
153859244,00000118,false,Rx,1,4,00,4A,00,12,00,00,00,00,
153869573,00000118,false,Rx,1,4,00,4B,00,12,00,00,00,00,
153879240,00000118,false,Rx,1,4,00,4C,00,12,00,00,00,00,
153889802,00000118,false,Rx,1,4,00,4D,00,12,00,00,00,00,
153899336,00000118,false,Rx,1,4,00,4E,00,12,00,00,00,00,
153909553,00000118,false,Rx,1,4,00,4F,00,12,00,00,00,00,
153919198,00000118,false,Rx,1,4,00,40,00,12,00,00,00,00,
153929563,00000118,false,Rx,1,4,00,41,00,12,00,00,00,00,
153939186,00000118,false,Rx,1,4,00,42,00,12,00,00,00,00,
153949547,00000118,false,Rx,1,4,00,43,00,12,00,00,00,00,
153959174,00000118,false,Rx,1,4,00,44,00,12,00,00,00,00,
153969515,00000118,false,Rx,1,4,00,45,00,12,00,00,00,00,
153979183,00000118,false,Rx,1,4,00,46,00,12,00,00,00,00,
153989564,00000118,false,Rx,1,4,00,47,00,12,00,00,00,00,
153990106,17F0000F,true,Rx,1,8,00,0F,00,00,00,00,00,00,
153999284,00000118,false,Rx,1,4,00,48,00,12,00,00,00,00,
154009893,00000118,false,Rx,1,4,00,49,00,12,00,00,00,00,
154019540,00000118,false,Rx,1,4,00,4A,00,12,00,00,00,00,
154029900,00000118,false,Rx,1,4,00,4B,00,12,00,00,00,00,
154039530,00000118,false,Rx,1,4,00,4C,00,12,00,00,00,00,
154049886,00000118,false,Rx,1,4,00,4D,00,12,00,00,00,00,
154059518,00000118,false,Rx,1,4,00,4E,00,12,00,00,00,00,
154069860,00000118,false,Rx,1,4,00,4F,00,12,00,00,00,00,
154079523,00000118,false,Rx,1,4,00,40,00,12,00,00,00,00,
154090061,00000118,false,Rx,1,4,00,41,00,12,00,00,00,00,
154099601,00000118,false,Rx,1,4,00,42,00,12,00,00,00,00,
154109835,00000118,false,Rx,1,4,00,43,00,12,00,00,00,00,
154119480,00000118,false,Rx,1,4,00,44,00,12,00,00,00,00,
154129841,00000118,false,Rx,1,4,00,45,00,12,00,00,00,00,
154139470,00000118,false,Rx,1,4,00,46,00,12,00,00,00,00,
154149829,00000118,false,Rx,1,4,00,47,00,12,00,00,00,00,
154159458,00000118,false,Rx,1,4,00,48,00,12,00,00,00,00,
154159628,0000070F,false,Rx,0,8,03,22,2B,F1,55,55,55,55,
154169821,00000118,false,Rx,1,4,00,49,00,12,00,00,00,00,
154179476,00000118,false,Rx,1,4,00,4A,00,12,00,00,00,00,
154180709,00000779,false,Rx,1,8,05,62,2B,F1,6D,71,AA,AA,
154189827,00000118,false,Rx,1,4,00,4B,00,12,00,00,00,00,
154199562,00000118,false,Rx,1,4,00,4C,00,12,00,00,00,00,
154209776,00000118,false,Rx,1,4,00,4D,00,12,00,00,00,00,
154219425,00000118,false,Rx,1,4,00,4E,00,12,00,00,00,00,
154229786,00000118,false,Rx,1,4,00,4F,00,12,00,00,00,00,
154239420,00000118,false,Rx,1,4,00,40,00,12,00,00,00,00,
154249815,00000118,false,Rx,1,4,00,41,00,12,00,00,00,00,
154259427,00000118,false,Rx,1,4,00,42,00,12,00,00,00,00,
154270177,00000118,false,Rx,1,4,00,43,00,12,00,00,00,00,
154279680,00000118,false,Rx,1,4,00,44,00,12,00,00,00,00,
154289845,00000118,false,Rx,1,4,00,45,00,12,00,00,00,00,
154299611,00000118,false,Rx,1,4,00,46,00,12,00,00,00,00,
154309613,00000118,false,Rx,1,4,00,47,00,12,00,00,00,00,
154319608,00000118,false,Rx,1,4,00,48,00,12,00,00,00,00,
154329862,00000118,false,Rx,1,4,00,49,00,12,00,00,00,00,
154339619,00000118,false,Rx,1,4,00,4A,00,12,00,00,00,00,
154349618,00000118,false,Rx,1,4,00,4B,00,12,00,00,00,00,
154359617,00000118,false,Rx,1,4,00,4C,00,12,00,00,00,00,
154369607,00000118,false,Rx,1,4,00,4D,00,12,00,00,00,00,
154379619,00000118,false,Rx,1,4,00,4E,00,12,00,00,00,00,
154389621,00000118,false,Rx,1,4,00,4F,00,12,00,00,00,00,
154399610,00000118,false,Rx,1,4,00,40,00,12,00,00,00,00,
154409953,00000118,false,Rx,1,4,00,41,00,12,00,00,00,00,
154419854,00000118,false,Rx,1,4,00,42,00,12,00,00,00,00,
154429964,00000118,false,Rx,1,4,00,43,00,12,00,00,00,00,
154439874,00000118,false,Rx,1,4,00,44,00,12,00,00,00,00,
154449951,00000118,false,Rx,1,4,00,45,00,12,00,00,00,00,
154459859,00000118,false,Rx,1,4,00,46,00,12,00,00,00,00,
154469936,00000118,false,Rx,1,4,00,47,00,12,00,00,00,00,
154479170,0000070F,false,Rx,0,8,03,22,2B,E4,55,55,55,55,
154479856,00000118,false,Rx,1,4,00,48,00,12,00,00,00,00,
154490104,00000118,false,Rx,1,4,00,49,00,12,00,00,00,00,
154490648,17F0000F,true,Rx,1,8,00,0F,00,00,00,00,00,00,
154500303,00000118,false,Rx,1,4,00,4A,00,12,00,00,00,00,
154501543,00000779,false,Rx,1,8,05,62,2B,E4,E9,68,AA,AA,
154510359,00000118,false,Rx,1,4,00,4B,00,12,00,00,00,00,
154520369,00000118,false,Rx,1,4,00,4C,00,12,00,00,00,00,
154530362,00000118,false,Rx,1,4,00,4D,00,12,00,00,00,00,
154540149,00000118,false,Rx,1,4,00,4E,00,12,00,00,00,00,
154550362,00000118,false,Rx,1,4,00,4F,00,12,00,00,00,00,
154560134,00000118,false,Rx,1,4,00,40,00,12,00,00,00,00,
154570372,00000118,false,Rx,1,4,00,41,00,12,00,00,00,00,
154580141,00000118,false,Rx,1,4,00,42,00,12,00,00,00,00,
154590353,00000118,false,Rx,1,4,00,43,00,12,00,00,00,00,
154600234,00000118,false,Rx,1,4,00,44,00,12,00,00,00,00,
154610356,00000118,false,Rx,1,4,00,45,00,12,00,00,00,00,
154620099,00000118,false,Rx,1,4,00,46,00,12,00,00,00,00,
154630359,00000118,false,Rx,1,4,00,47,00,12,00,00,00,00,
154640100,00000118,false,Rx,1,4,00,48,00,12,00,00,00,00,
154650369,00000118,false,Rx,1,4,00,49,00,12,00,00,00,00,
154660085,00000118,false,Rx,1,4,00,4A,00,12,00,00,00,00,
154670365,00000118,false,Rx,1,4,00,4B,00,12,00,00,00,00,
154680088,00000118,false,Rx,1,4,00,4C,00,12,00,00,00,00,
154690364,00000118,false,Rx,1,4,00,4D,00,12,00,00,00,00,
154700178,00000118,false,Rx,1,4,00,4E,00,12,00,00,00,00,
154710606,00000118,false,Rx,1,4,00,4F,00,12,00,00,00,00,
154720424,00000118,false,Rx,1,4,00,40,00,12,00,00,00,00,
154730606,00000118,false,Rx,1,4,00,41,00,12,00,00,00,00,
154740412,00000118,false,Rx,1,4,00,42,00,12,00,00,00,00,
154750747,00000118,false,Rx,1,4,00,43,00,12,00,00,00,00,
154760433,00000118,false,Rx,1,4,00,44,00,12,00,00,00,00,
154770635,00000118,false,Rx,1,4,00,45,00,12,00,00,00,00,
154780428,00000118,false,Rx,1,4,00,46,00,12,00,00,00,00,
154790615,00000118,false,Rx,1,4,00,47,00,12,00,00,00,00,
154793474,0000070F,false,Rx,0,8,03,22,02,8D,55,55,55,55,
154800607,00000118,false,Rx,1,4,00,48,00,12,00,00,00,00,
154810613,00000118,false,Rx,1,4,00,49,00,12,00,00,00,00,
154812707,00000779,false,Rx,1,8,05,62,02,8D,76,00,AA,AA,
154820608,00000118,false,Rx,1,4,00,4A,00,12,00,00,00,00,
154830620,00000118,false,Rx,1,4,00,4B,00,12,00,00,00,00,
154840368,00000118,false,Rx,1,4,00,4C,00,12,00,00,00,00,
154850614,00000118,false,Rx,1,4,00,4D,00,12,00,00,00,00,
154860365,00000118,false,Rx,1,4,00,4E,00,12,00,00,00,00,
154870608,00000118,false,Rx,1,4,00,4F,00,12,00,00,00,00,
154880366,00000118,false,Rx,1,4,00,40,00,12,00,00,00,00,
154890609,00000118,false,Rx,1,4,00,41,00,12,00,00,00,00,
154900616,00000118,false,Rx,1,4,00,42,00,12,00,00,00,00,
154910611,00000118,false,Rx,1,4,00,43,00,12,00,00,00,00,
154920366,00000118,false,Rx,1,4,00,44,00,12,00,00,00,00,
154930599,00000118,false,Rx,1,4,00,45,00,12,00,00,00,00,
154940362,00000118,false,Rx,1,4,00,46,00,12,00,00,00,00,
154950617,00000118,false,Rx,1,4,00,47,00,12,00,00,00,00,
154960361,00000118,false,Rx,1,4,00,48,00,12,00,00,00,00,
154970612,00000118,false,Rx,1,4,00,49,00,12,00,00,00,00,
154980361,00000118,false,Rx,1,4,00,4A,00,12,00,00,00,00,
154990618,00000118,false,Rx,1,4,00,4B,00,12,00,00,00,00,
154991159,17F0000F,true,Rx,1,8,00,0F,00,00,00,00,00,00,
155000625,00000118,false,Rx,1,4,00,4C,00,12,00,00,00,00,
155010607,00000118,false,Rx,1,4,00,4D,00,12,00,00,00,00,
155020359,00000118,false,Rx,1,4,00,4E,00,12,00,00,00,00,
155030615,00000118,false,Rx,1,4,00,4F,00,12,00,00,00,00,
155040364,00000118,false,Rx,1,4,00,40,00,12,00,00,00,00,
155050611,00000118,false,Rx,1,4,00,41,00,12,00,00,00,00,
155060364,00000118,false,Rx,1,4,00,42,00,12,00,00,00,00,
155070610,00000118,false,Rx,1,4,00,43,00,12,00,00,00,00,
155080367,00000118,false,Rx,1,4,00,44,00,12,00,00,00,00,
155090356,00000118,false,Rx,1,4,00,45,00,12,00,00,00,00,
155100361,00000118,false,Rx,1,4,00,46,00,12,00,00,00,00,
155110361,00000118,false,Rx,1,4,00,47,00,12,00,00,00,00,
155111249,0000070F,false,Rx,0,8,03,22,2B,F1,55,55,55,55,
155120362,00000118,false,Rx,1,4,00,48,00,12,00,00,00,00,
155130366,00000118,false,Rx,1,4,00,49,00,12,00,00,00,00,
155132555,00000779,false,Rx,1,8,05,62,2B,F1,6D,71,AA,AA,
155140366,00000118,false,Rx,1,4,00,4A,00,12,00,00,00,00,
155150369,00000118,false,Rx,1,4,00,4B,00,12,00,00,00,00,
155160378,00000118,false,Rx,1,4,00,4C,00,12,00,00,00,00,
155170358,00000118,false,Rx,1,4,00,4D,00,12,00,00,00,00,
155180373,00000118,false,Rx,1,4,00,4E,00,12,00,00,00,00,
155190363,00000118,false,Rx,1,4,00,4F,00,12,00,00,00,00,
155200364,00000118,false,Rx,1,4,00,40,00,12,00,00,00,00,
155210361,00000118,false,Rx,1,4,00,41,00,12,00,00,00,00,
155220364,00000118,false,Rx,1,4,00,42,00,12,00,00,00,00,
155230366,00000118,false,Rx,1,4,00,43,00,12,00,00,00,00,
155240122,00000118,false,Rx,1,4,00,44,00,12,00,00,00,00,
155250435,00000118,false,Rx,1,4,00,45,00,12,00,00,00,00,
155265224,00000118,false,Rx,1,4,00,46,00,12,00,00,00,00,
155270390,00000118,false,Rx,1,4,00,47,00,12,00,00,00,00,
155280046,00000118,false,Rx,1,4,00,48,00,12,00,00,00,00,
155290617,00000118,false,Rx,1,4,00,49,00,12,00,00,00,00,
155300066,00000118,false,Rx,1,4,00,4A,00,12,00,00,00,00,
155310338,00000118,false,Rx,1,4,00,4B,00,12,00,00,00,00,
155319985,00000118,false,Rx,1,4,00,4C,00,12,00,00,00,00,
155330344,00000118,false,Rx,1,4,00,4D,00,12,00,00,00,00,
155339975,00000118,false,Rx,1,4,00,4E,00,12,00,00,00,00,
155350333,00000118,false,Rx,1,4,00,4F,00,12,00,00,00,00,
155359971,00000118,false,Rx,1,4,00,40,00,12,00,00,00,00,
155370370,00000118,false,Rx,1,4,00,41,00,12,00,00,00,00,
155379971,00000118,false,Rx,1,4,00,42,00,12,00,00,00,00,
155390358,00000118,false,Rx,1,4,00,43,00,12,00,00,00,00,
155400027,00000118,false,Rx,1,4,00,44,00,12,00,00,00,00,
155410278,00000118,false,Rx,1,4,00,45,00,12,00,00,00,00,
155419947,00000118,false,Rx,1,4,00,46,00,12,00,00,00,00,
155429911,0000070F,false,Rx,0,8,03,22,2B,E4,55,55,55,55,
155430362,00000118,false,Rx,1,4,00,47,00,12,00,00,00,00,
155439950,00000118,false,Rx,1,4,00,48,00,12,00,00,00,00,
155450273,00000118,false,Rx,1,4,00,49,00,12,00,00,00,00,
155452458,00000779,false,Rx,1,8,05,62,2B,E4,E9,68,AA,AA,
155459940,00000118,false,Rx,1,4,00,4A,00,12,00,00,00,00,
155470368,00000118,false,Rx,1,4,00,4B,00,12,00,00,00,00,
155479910,00000118,false,Rx,1,4,00,4C,00,12,00,00,00,00,
155490363,00000118,false,Rx,1,4,00,4D,00,12,00,00,00,00,
155490901,17F0000F,true,Rx,1,8,00,0F,00,00,00,00,00,00,
155499977,00000118,false,Rx,1,4,00,4E,00,12,00,00,00,00,
155510222,00000118,false,Rx,1,4,00,4F,00,12,00,00,00,00,
155519870,00000118,false,Rx,1,4,00,40,00,12,00,00,00,00,
155530230,00000118,false,Rx,1,4,00,41,00,12,00,00,00,00,
155539858,00000118,false,Rx,1,4,00,42,00,12,00,00,00,00,
155550217,00000118,false,Rx,1,4,00,43,00,12,00,00,00,00,
155559845,00000118,false,Rx,1,4,00,44,00,12,00,00,00,00,
155570373,00000118,false,Rx,1,4,00,45,00,12,00,00,00,00,
155579852,00000118,false,Rx,1,4,00,46,00,12,00,00,00,00,
155590358,00000118,false,Rx,1,4,00,47,00,12,00,00,00,00,
155599910,00000118,false,Rx,1,4,00,48,00,12,00,00,00,00,
155610162,00000118,false,Rx,1,4,00,49,00,12,00,00,00,00,
155619812,00000118,false,Rx,1,4,00,4A,00,12,00,00,00,00,
155630171,00000118,false,Rx,1,4,00,4B,00,12,00,00,00,00,
155639800,00000118,false,Rx,1,4,00,4C,00,12,00,00,00,00,
155650158,00000118,false,Rx,1,4,00,4D,00,12,00,00,00,00,
155659788,00000118,false,Rx,1,4,00,4E,00,12,00,00,00,00,
155670373,00000118,false,Rx,1,4,00,4F,00,12,00,00,00,00,
155679800,00000118,false,Rx,1,4,00,40,00,12,00,00,00,00,
155690359,00000118,false,Rx,1,4,00,41,00,12,00,00,00,00,
155699854,00000118,false,Rx,1,4,00,42,00,12,00,00,00,00,
155710106,00000118,false,Rx,1,4,00,43,00,12,00,00,00,00,
155719752,00000118,false,Rx,1,4,00,44,00,12,00,00,00,00,
155730110,00000118,false,Rx,1,4,00,45,00,12,00,00,00,00,
155739742,00000118,false,Rx,1,4,00,46,00,12,00,00,00,00,
155749330,0000070F,false,Rx,0,8,03,22,02,8D,55,55,55,55,
155750248,00000118,false,Rx,1,4,00,47,00,12,00,00,00,00,
155764760,00000118,false,Rx,1,4,00,48,00,12,00,00,00,00,
155764775,00000779,false,Rx,1,8,05,62,02,8D,76,00,AA,AA,
155770097,00000118,false,Rx,1,4,00,49,00,12,00,00,00,00,
155779741,00000118,false,Rx,1,4,00,4A,00,12,00,00,00,00,
155790153,00000118,false,Rx,1,4,00,4B,00,12,00,00,00,00,
155799813,00000118,false,Rx,1,4,00,4C,00,12,00,00,00,00,
155810047,00000118,false,Rx,1,4,00,4D,00,12,00,00,00,00,
155819694,00000118,false,Rx,1,4,00,4E,00,12,00,00,00,00,
155830055,00000118,false,Rx,1,4,00,4F,00,12,00,00,00,00,
155839685,00000118,false,Rx,1,4,00,40,00,12,00,00,00,00,
155850043,00000118,false,Rx,1,4,00,41,00,12,00,00,00,00,
155859672,00000118,false,Rx,1,4,00,42,00,12,00,00,00,00,
155870020,00000118,false,Rx,1,4,00,43,00,12,00,00,00,00,
155879678,00000118,false,Rx,1,4,00,44,00,12,00,00,00,00,
155890125,00000118,false,Rx,1,4,00,45,00,12,00,00,00,00,
155899756,00000118,false,Rx,1,4,00,46,00,12,00,00,00,00,
155909989,00000118,false,Rx,1,4,00,47,00,12,00,00,00,00,
155919635,00000118,false,Rx,1,4,00,48,00,12,00,00,00,00,
155929995,00000118,false,Rx,1,4,00,49,00,12,00,00,00,00,
155939626,00000118,false,Rx,1,4,00,4A,00,12,00,00,00,00,
155949983,00000118,false,Rx,1,4,00,4B,00,12,00,00,00,00,
155959615,00000118,false,Rx,1,4,00,4C,00,12,00,00,00,00,
155969953,00000118,false,Rx,1,4,00,4D,00,12,00,00,00,00,
155979623,00000118,false,Rx,1,4,00,4E,00,12,00,00,00,00,
155990120,00000118,false,Rx,1,4,00,4F,00,12,00,00,00,00,
155990651,17F0000F,true,Rx,1,8,00,0F,00,00,00,00,00,00,
155999707,00000118,false,Rx,1,4,00,40,00,12,00,00,00,00,
156009950,00000118,false,Rx,1,4,00,41,00,12,00,00,00,00,
156019579,00000118,false,Rx,1,4,00,42,00,12,00,00,00,00,
156029950,00000118,false,Rx,1,4,00,43,00,12,00,00,00,00,
156039582,00000118,false,Rx,1,4,00,44,00,12,00,00,00,00,
156049963,00000118,false,Rx,1,4,00,45,00,12,00,00,00,00,
156059557,00000118,false,Rx,1,4,00,46,00,12,00,00,00,00,
156067291,0000070F,false,Rx,0,8,03,22,2B,F1,55,55,55,55,
156069937,00000118,false,Rx,1,4,00,47,00,12,00,00,00,00,
156079563,00000118,false,Rx,1,4,00,48,00,12,00,00,00,00,
156080935,00000779,false,Rx,1,8,05,62,2B,F1,3B,71,AA,AA,
156090133,00000118,false,Rx,1,4,00,49,00,12,00,00,00,00,
156099640,00000118,false,Rx,1,4,00,4A,00,12,00,00,00,00,
156109872,00000118,false,Rx,1,4,00,4B,00,12,00,00,00,00,
156119521,00000118,false,Rx,1,4,00,4C,00,12,00,00,00,00,
156129878,00000118,false,Rx,1,4,00,4D,00,12,00,00,00,00,
156139510,00000118,false,Rx,1,4,00,4E,00,12,00,00,00,00,
156149870,00000118,false,Rx,1,4,00,4F,00,12,00,00,00,00,
156159498,00000118,false,Rx,1,4,00,40,00,12,00,00,00,00,
156169840,00000118,false,Rx,1,4,00,41,00,12,00,00,00,00,
156179552,00000118,false,Rx,1,4,00,42,00,12,00,00,00,00,
156189881,00000118,false,Rx,1,4,00,43,00,12,00,00,00,00,
156199580,00000118,false,Rx,1,4,00,44,00,12,00,00,00,00,
156209815,00000118,false,Rx,1,4,00,45,00,12,00,00,00,00,
156219462,00000118,false,Rx,1,4,00,46,00,12,00,00,00,00,
156229821,00000118,false,Rx,1,4,00,47,00,12,00,00,00,00,
156239450,00000118,false,Rx,1,4,00,48,00,12,00,00,00,00,
156249841,00000118,false,Rx,1,4,00,49,00,12,00,00,00,00,
156259541,00000118,false,Rx,1,4,00,4A,00,12,00,00,00,00,
156269695,00000118,false,Rx,1,4,00,4B,00,12,00,00,00,00,
156279576,00000118,false,Rx,1,4,00,4C,00,12,00,00,00,00,
156289885,00000118,false,Rx,1,4,00,4D,00,12,00,00,00,00,
156299631,00000118,false,Rx,1,4,00,4E,00,12,00,00,00,00,
156309652,00000118,false,Rx,1,4,00,4F,00,12,00,00,00,00,
156319512,00000118,false,Rx,1,4,00,40,00,12,00,00,00,00,
156329657,00000118,false,Rx,1,4,00,41,00,12,00,00,00,00,
156339502,00000118,false,Rx,1,4,00,42,00,12,00,00,00,00,
156349645,00000118,false,Rx,1,4,00,43,00,12,00,00,00,00,
156359487,00000118,false,Rx,1,4,00,44,00,12,00,00,00,00,
156369029,0000070F,false,Rx,0,8,03,22,2B,E4,55,55,55,55,
156369637,00000118,false,Rx,1,4,00,45,00,12,00,00,00,00,
156379495,00000118,false,Rx,1,4,00,46,00,12,00,00,00,00,
156380752,00000779,false,Rx,1,8,05,62,2B,E4,E9,68,AA,AA,
156389633,00000118,false,Rx,1,4,00,47,00,12,00,00,00,00,
156399970,00000118,false,Rx,1,4,00,48,00,12,00,00,00,00,
156409992,00000118,false,Rx,1,4,00,49,00,12,00,00,00,00,
156419855,00000118,false,Rx,1,4,00,4A,00,12,00,00,00,00,
156429996,00000118,false,Rx,1,4,00,4B,00,12,00,00,00,00,
156439842,00000118,false,Rx,1,4,00,4C,00,12,00,00,00,00,
156449986,00000118,false,Rx,1,4,00,4D,00,12,00,00,00,00,
156459832,00000118,false,Rx,1,4,00,4E,00,12,00,00,00,00,
156469958,00000118,false,Rx,1,4,00,4F,00,12,00,00,00,00,
156479837,00000118,false,Rx,1,4,00,40,00,12,00,00,00,00,
156490126,00000118,false,Rx,1,4,00,41,00,12,00,00,00,00,
156490654,17F0000F,true,Rx,1,8,00,0F,00,00,00,00,00,00,
156499940,00000118,false,Rx,1,4,00,42,00,12,00,00,00,00,
156509950,00000118,false,Rx,1,4,00,43,00,12,00,00,00,00,
156519794,00000118,false,Rx,1,4,00,44,00,12,00,00,00,00,
156529951,00000118,false,Rx,1,4,00,45,00,12,00,00,00,00,
156539784,00000118,false,Rx,1,4,00,46,00,12,00,00,00,00,
156549947,00000118,false,Rx,1,4,00,47,00,12,00,00,00,00,
156559770,00000118,false,Rx,1,4,00,48,00,12,00,00,00,00,
156569897,00000118,false,Rx,1,4,00,49,00,12,00,00,00,00,
156579779,00000118,false,Rx,1,4,00,4A,00,12,00,00,00,00,
156590119,00000118,false,Rx,1,4,00,4B,00,12,00,00,00,00,
156599857,00000118,false,Rx,1,4,00,4C,00,12,00,00,00,00,
156609874,00000118,false,Rx,1,4,00,4D,00,12,00,00,00,00,
156619738,00000118,false,Rx,1,4,00,4E,00,12,00,00,00,00,
156629883,00000118,false,Rx,1,4,00,4F,00,12,00,00,00,00,
156639728,00000118,false,Rx,1,4,00,40,00,12,00,00,00,00,
156649871,00000118,false,Rx,1,4,00,41,00,12,00,00,00,00,
156659715,00000118,false,Rx,1,4,00,42,00,12,00,00,00,00,
156669842,00000118,false,Rx,1,4,00,43,00,12,00,00,00,00,
156679719,00000118,false,Rx,1,4,00,44,00,12,00,00,00,00,
156683881,0000070F,false,Rx,0,8,03,22,02,8D,55,55,55,55,
156689891,00000118,false,Rx,1,4,00,45,00,12,00,00,00,00,
156699798,00000118,false,Rx,1,4,00,46,00,12,00,00,00,00,
156701042,00000779,false,Rx,1,8,05,62,02,8D,76,00,AA,AA,
156710362,00000118,false,Rx,1,4,00,47,00,12,00,00,00,00,
156720077,00000118,false,Rx,1,4,00,48,00,12,00,00,00,00,
156730365,00000118,false,Rx,1,4,00,49,00,12,00,00,00,00,
156740069,00000118,false,Rx,1,4,00,4A,00,12,00,00,00,00,
156750260,00000118,false,Rx,1,4,00,4B,00,12,00,00,00,00,
156762651,00000118,false,Rx,1,4,00,4C,00,12,00,00,00,00,
156770332,00000118,false,Rx,1,4,00,4D,00,12,00,00,00,00,
156779964,00000118,false,Rx,1,4,00,4E,00,12,00,00,00,00,
156790394,00000118,false,Rx,1,4,00,4F,00,12,00,00,00,00,
156800015,00000118,false,Rx,1,4,00,40,00,12,00,00,00,00,
156810267,00000118,false,Rx,1,4,00,41,00,12,00,00,00,00,
156819934,00000118,false,Rx,1,4,00,42,00,12,00,00,00,00,
156830274,00000118,false,Rx,1,4,00,43,00,12,00,00,00,00,
156839901,00000118,false,Rx,1,4,00,44,00,12,00,00,00,00,
156850260,00000118,false,Rx,1,4,00,45,00,12,00,00,00,00,
156859892,00000118,false,Rx,1,4,00,46,00,12,00,00,00,00,
156870369,00000118,false,Rx,1,4,00,47,00,12,00,00,00,00,
156879895,00000118,false,Rx,1,4,00,48,00,12,00,00,00,00,
156890353,00000118,false,Rx,1,4,00,49,00,12,00,00,00,00,
156899959,00000118,false,Rx,1,4,00,4A,00,12,00,00,00,00,
156910207,00000118,false,Rx,1,4,00,4B,00,12,00,00,00,00,
156919857,00000118,false,Rx,1,4,00,4C,00,12,00,00,00,00,
156930213,00000118,false,Rx,1,4,00,4D,00,12,00,00,00,00,
156939845,00000118,false,Rx,1,4,00,4E,00,12,00,00,00,00,
156950204,00000118,false,Rx,1,4,00,4F,00,12,00,00,00,00,
156959834,00000118,false,Rx,1,4,00,40,00,12,00,00,00,00,
156970369,00000118,false,Rx,1,4,00,41,00,12,00,00,00,00,
156979839,00000118,false,Rx,1,4,00,42,00,12,00,00,00,00,
156990358,00000118,false,Rx,1,4,00,43,00,12,00,00,00,00,
156990895,17F0000F,true,Rx,1,8,00,0F,00,00,00,00,00,00,
156999914,00000118,false,Rx,1,4,00,44,00,12,00,00,00,00,
157000599,0000070F,false,Rx,0,8,03,22,2B,F1,55,55,55,55,
157010173,00000118,false,Rx,1,4,00,45,00,12,00,00,00,00,
157019799,00000118,false,Rx,1,4,00,46,00,12,00,00,00,00,
157021043,00000779,false,Rx,1,8,05,62,2B,F1,3B,71,AA,AA,
157030165,00000118,false,Rx,1,4,00,47,00,12,00,00,00,00,
157039785,00000118,false,Rx,1,4,00,48,00,12,00,00,00,00,
157050144,00000118,false,Rx,1,4,00,49,00,12,00,00,00,00,
157059776,00000118,false,Rx,1,4,00,4A,00,12,00,00,00,00,
157070114,00000118,false,Rx,1,4,00,4B,00,12,00,00,00,00,
157079781,00000118,false,Rx,1,4,00,4C,00,12,00,00,00,00,
157090123,00000118,false,Rx,1,4,00,4D,00,12,00,00,00,00,
157099864,00000118,false,Rx,1,4,00,4E,00,12,00,00,00,00,
157110094,00000118,false,Rx,1,4,00,4F,00,12,00,00,00,00,
157119769,00000118,false,Rx,1,4,00,40,00,12,00,00,00,00,
157130122,00000118,false,Rx,1,4,00,41,00,12,00,00,00,00,
157139728,00000118,false,Rx,1,4,00,42,00,12,00,00,00,00,
157150089,00000118,false,Rx,1,4,00,43,00,12,00,00,00,00,
157159715,00000118,false,Rx,1,4,00,44,00,12,00,00,00,00,
157170056,00000118,false,Rx,1,4,00,45,00,12,00,00,00,00,
157179803,00000118,false,Rx,1,4,00,46,00,12,00,00,00,00,
157190131,00000118,false,Rx,1,4,00,47,00,12,00,00,00,00,
157199850,00000118,false,Rx,1,4,00,48,00,12,00,00,00,00,
157210036,00000118,false,Rx,1,4,00,49,00,12,00,00,00,00,
157219682,00000118,false,Rx,1,4,00,4A,00,12,00,00,00,00,
157230039,00000118,false,Rx,1,4,00,4B,00,12,00,00,00,00,
157239721,00000118,false,Rx,1,4,00,4C,00,12,00,00,00,00,
157253258,00000118,false,Rx,1,4,00,4D,00,12,00,00,00,00,
157259810,00000118,false,Rx,1,4,00,4E,00,12,00,00,00,00,
157269911,00000118,false,Rx,1,4,00,4F,00,12,00,00,00,00,
157279762,00000118,false,Rx,1,4,00,40,00,12,00,00,00,00,
157290134,00000118,false,Rx,1,4,00,41,00,12,00,00,00,00,
157299832,00000118,false,Rx,1,4,00,42,00,12,00,00,00,00,
157309893,00000118,false,Rx,1,4,00,43,00,12,00,00,00,00,
157319734,00000118,false,Rx,1,4,00,44,00,12,00,00,00,00,
157329856,00000118,false,Rx,1,4,00,45,00,12,00,00,00,00,
157333782,0000070F,false,Rx,0,8,03,22,2B,E4,55,55,55,55,
157339761,00000118,false,Rx,1,4,00,46,00,12,00,00,00,00,
157349843,00000118,false,Rx,1,4,00,47,00,12,00,00,00,00,
157352031,00000779,false,Rx,1,8,05,62,2B,E4,E9,68,AA,AA,
157359734,00000118,false,Rx,1,4,00,48,00,12,00,00,00,00,
157369833,00000118,false,Rx,1,4,00,49,00,12,00,00,00,00,
157379697,00000118,false,Rx,1,4,00,4A,00,12,00,00,00,00,
157389882,00000118,false,Rx,1,4,00,4B,00,12,00,00,00,00,
157399774,00000118,false,Rx,1,4,00,4C,00,12,00,00,00,00,
157409830,00000118,false,Rx,1,4,00,4D,00,12,00,00,00,00,
157419673,00000118,false,Rx,1,4,00,4E,00,12,00,00,00,00,
157429800,00000118,false,Rx,1,4,00,4F,00,12,00,00,00,00,
157439680,00000118,false,Rx,1,4,00,40,00,12,00,00,00,00,
157449788,00000118,false,Rx,1,4,00,41,00,12,00,00,00,00,
157459669,00000118,false,Rx,1,4,00,42,00,12,00,00,00,00,
157469778,00000118,false,Rx,1,4,00,43,00,12,00,00,00,00,
157479637,00000118,false,Rx,1,4,00,44,00,12,00,00,00,00,
157489878,00000118,false,Rx,1,4,00,45,00,12,00,00,00,00,
157490413,17F0000F,true,Rx,1,8,00,0F,00,00,00,00,00,00,
157499723,00000118,false,Rx,1,4,00,46,00,12,00,00,00,00,
157509775,00000118,false,Rx,1,4,00,47,00,12,00,00,00,00,
157519615,00000118,false,Rx,1,4,00,48,00,12,00,00,00,00,
157529741,00000118,false,Rx,1,4,00,49,00,12,00,00,00,00,
157539622,00000118,false,Rx,1,4,00,4A,00,12,00,00,00,00,
157549729,00000118,false,Rx,1,4,00,4B,00,12,00,00,00,00,
157559610,00000118,false,Rx,1,4,00,4C,00,12,00,00,00,00,
157569716,00000118,false,Rx,1,4,00,4D,00,12,00,00,00,00,
157579582,00000118,false,Rx,1,4,00,4E,00,12,00,00,00,00,
157589872,00000118,false,Rx,1,4,00,4F,00,12,00,00,00,00,
157599658,00000118,false,Rx,1,4,00,40,00,12,00,00,00,00,
157609715,00000118,false,Rx,1,4,00,41,00,12,00,00,00,00,
157619558,00000118,false,Rx,1,4,00,42,00,12,00,00,00,00,
157629687,00000118,false,Rx,1,4,00,43,00,12,00,00,00,00,
157639561,00000118,false,Rx,1,4,00,44,00,12,00,00,00,00,
157649670,00000118,false,Rx,1,4,00,45,00,12,00,00,00,00,
157652601,0000070F,false,Rx,0,8,03,22,02,8D,55,55,55,55,
157659576,00000118,false,Rx,1,4,00,46,00,12,00,00,00,00,
157669658,00000118,false,Rx,1,4,00,47,00,12,00,00,00,00,
157671845,00000779,false,Rx,1,8,05,62,02,8D,75,00,AA,AA,
157679530,00000118,false,Rx,1,4,00,48,00,12,00,00,00,00,
157689877,00000118,false,Rx,1,4,00,49,00,12,00,00,00,00,
157699601,00000118,false,Rx,1,4,00,4A,00,12,00,00,00,00,
157709654,00000118,false,Rx,1,4,00,4B,00,12,00,00,00,00,
157719506,00000118,false,Rx,1,4,00,4C,00,12,00,00,00,00,
157729623,00000118,false,Rx,1,4,00,4D,00,12,00,00,00,00,
157739507,00000118,false,Rx,1,4,00,4E,00,12,00,00,00,00,
157749789,00000118,false,Rx,1,4,00,4F,00,12,00,00,00,00,
157764366,00000118,false,Rx,1,4,00,40,00,12,00,00,00,00,
157769747,00000118,false,Rx,1,4,00,41,00,12,00,00,00,00,
157779376,00000118,false,Rx,1,4,00,42,00,12,00,00,00,00,
157789883,00000118,false,Rx,1,4,00,43,00,12,00,00,00,00,
157799449,00000118,false,Rx,1,4,00,44,00,12,00,00,00,00,
157809686,00000118,false,Rx,1,4,00,45,00,12,00,00,00,00,
157819356,00000118,false,Rx,1,4,00,46,00,12,00,00,00,00,
157829675,00000118,false,Rx,1,4,00,47,00,12,00,00,00,00,
157839322,00000118,false,Rx,1,4,00,48,00,12,00,00,00,00,
157849680,00000118,false,Rx,1,4,00,49,00,12,00,00,00,00,
157859311,00000118,false,Rx,1,4,00,4A,00,12,00,00,00,00,
157869668,00000118,false,Rx,1,4,00,4B,00,12,00,00,00,00,
157879299,00000118,false,Rx,1,4,00,4C,00,12,00,00,00,00,
157889637,00000118,false,Rx,1,4,00,4D,00,12,00,00,00,00,
157899413,00000118,false,Rx,1,4,00,4E,00,12,00,00,00,00,
157909630,00000118,false,Rx,1,4,00,4F,00,12,00,00,00,00,
157919298,00000118,false,Rx,1,4,00,40,00,12,00,00,00,00,
157929619,00000118,false,Rx,1,4,00,41,00,12,00,00,00,00,
157939264,00000118,false,Rx,1,4,00,42,00,12,00,00,00,00,
157949624,00000118,false,Rx,1,4,00,43,00,12,00,00,00,00,
157959251,00000118,false,Rx,1,4,00,44,00,12,00,00,00,00,
157969610,00000118,false,Rx,1,4,00,45,00,12,00,00,00,00,
157974636,0000070F,false,Rx,0,8,03,22,2B,F1,55,55,55,55,
157979264,00000118,false,Rx,1,4,00,46,00,12,00,00,00,00,
157989625,00000118,false,Rx,1,4,00,47,00,12,00,00,00,00,
157990159,17F0000F,true,Rx,1,8,00,0F,00,00,00,00,00,00,
157991778,00000779,false,Rx,1,8,05,62,2B,F1,3B,71,AA,AA,
157999371,00000118,false,Rx,1,4,00,48,00,12,00,00,00,00,
158009570,00000118,false,Rx,1,4,00,49,00,12,00,00,00,00,
158019239,00000118,false,Rx,1,4,00,4A,00,12,00,00,00,00,
158029558,00000118,false,Rx,1,4,00,4B,00,12,00,00,00,00,
158039206,00000118,false,Rx,1,4,00,4C,00,12,00,00,00,00,
158049564,00000118,false,Rx,1,4,00,4D,00,12,00,00,00,00,
158059193,00000118,false,Rx,1,4,00,4E,00,12,00,00,00,00,
158069555,00000118,false,Rx,1,4,00,4F,00,12,00,00,00,00,
158079182,00000118,false,Rx,1,4,00,40,00,12,00,00,00,00,
158089632,00000118,false,Rx,1,4,00,41,00,12,00,00,00,00,
158099296,00000118,false,Rx,1,4,00,42,00,12,00,00,00,00,
158109513,00000118,false,Rx,1,4,00,43,00,12,00,00,00,00,
158119175,00000118,false,Rx,1,4,00,44,00,12,00,00,00,00,
158129503,00000118,false,Rx,1,4,00,45,00,12,00,00,00,00,
158139148,00000118,false,Rx,1,4,00,46,00,12,00,00,00,00,
158149505,00000118,false,Rx,1,4,00,47,00,12,00,00,00,00,
158159135,00000118,false,Rx,1,4,00,48,00,12,00,00,00,00,
158169509,00000118,false,Rx,1,4,00,49,00,12,00,00,00,00,
158179135,00000118,false,Rx,1,4,00,4A,00,12,00,00,00,00,
158189646,00000118,false,Rx,1,4,00,4B,00,12,00,00,00,00,
158199239,00000118,false,Rx,1,4,00,4C,00,12,00,00,00,00,
158209453,00000118,false,Rx,1,4,00,4D,00,12,00,00,00,00,
158219119,00000118,false,Rx,1,4,00,4E,00,12,00,00,00,00,
158229457,00000118,false,Rx,1,4,00,4F,00,12,00,00,00,00,
158239090,00000118,false,Rx,1,4,00,40,00,12,00,00,00,00,
158249469,00000118,false,Rx,1,4,00,41,00,12,00,00,00,00,
158259092,00000118,false,Rx,1,4,00,42,00,12,00,00,00,00,
158269539,00000118,false,Rx,1,4,00,43,00,12,00,00,00,00,
158279210,00000118,false,Rx,1,4,00,44,00,12,00,00,00,00,
158289610,00000118,false,Rx,1,4,00,45,00,12,00,00,00,00,
158298765,0000070F,false,Rx,0,8,03,22,2B,E4,55,55,55,55,
158299288,00000118,false,Rx,1,4,00,46,00,12,00,00,00,00,
158309362,00000118,false,Rx,1,4,00,47,00,12,00,00,00,00,
158319368,00000118,false,Rx,1,4,00,48,00,12,00,00,00,00,
158320396,00000779,false,Rx,1,8,05,62,2B,E4,E9,68,AA,AA,
158329365,00000118,false,Rx,1,4,00,49,00,12,00,00,00,00,
158339543,00000118,false,Rx,1,4,00,4A,00,12,00,00,00,00,
158349849,00000118,false,Rx,1,4,00,4B,00,12,00,00,00,00,
158359910,00000118,false,Rx,1,4,00,4C,00,12,00,00,00,00,
158370336,00000118,false,Rx,1,4,00,4D,00,12,00,00,00,00,
158379879,00000118,false,Rx,1,4,00,4E,00,12,00,00,00,00,
158390100,00000118,false,Rx,1,4,00,4F,00,12,00,00,00,00,
158399975,00000118,false,Rx,1,4,00,40,00,12,00,00,00,00,
158410089,00000118,false,Rx,1,4,00,41,00,12,00,00,00,00,
158419856,00000118,false,Rx,1,4,00,42,00,12,00,00,00,00,
158430099,00000118,false,Rx,1,4,00,43,00,12,00,00,00,00,
158439826,00000118,false,Rx,1,4,00,44,00,12,00,00,00,00,
158450088,00000118,false,Rx,1,4,00,45,00,12,00,00,00,00,
158459815,00000118,false,Rx,1,4,00,46,00,12,00,00,00,00,
158470086,00000118,false,Rx,1,4,00,47,00,12,00,00,00,00,
158479819,00000118,false,Rx,1,4,00,48,00,12,00,00,00,00,
158490085,00000118,false,Rx,1,4,00,49,00,12,00,00,00,00,
158490622,17F0000F,true,Rx,1,8,00,0F,00,00,00,00,00,00,
158499942,00000118,false,Rx,1,4,00,4A,00,12,00,00,00,00,
158510085,00000118,false,Rx,1,4,00,4B,00,12,00,00,00,00,
158519796,00000118,false,Rx,1,4,00,4C,00,12,00,00,00,00,
158530087,00000118,false,Rx,1,4,00,4D,00,12,00,00,00,00,
158539772,00000118,false,Rx,1,4,00,4E,00,12,00,00,00,00,
158550093,00000118,false,Rx,1,4,00,4F,00,12,00,00,00,00,
158559756,00000118,false,Rx,1,4,00,40,00,12,00,00,00,00,
158570091,00000118,false,Rx,1,4,00,41,00,12,00,00,00,00,
158579783,00000118,false,Rx,1,4,00,42,00,12,00,00,00,00,
158590099,00000118,false,Rx,1,4,00,43,00,12,00,00,00,00,
158599875,00000118,false,Rx,1,4,00,44,00,12,00,00,00,00,
158610090,00000118,false,Rx,1,4,00,45,00,12,00,00,00,00,
158618291,0000070F,false,Rx,0,8,03,22,02,8D,55,55,55,55,
158619780,00000118,false,Rx,1,4,00,46,00,12,00,00,00,00,
158630087,00000118,false,Rx,1,4,00,47,00,12,00,00,00,00,
158632124,00000779,false,Rx,1,8,05,62,02,8D,75,00,AA,AA,
158639738,00000118,false,Rx,1,4,00,48,00,12,00,00,00,00,
158650086,00000118,false,Rx,1,4,00,49,00,12,00,00,00,00,
158659717,00000118,false,Rx,1,4,00,4A,00,12,00,00,00,00,
158670089,00000118,false,Rx,1,4,00,4B,00,12,00,00,00,00,
158679723,00000118,false,Rx,1,4,00,4C,00,12,00,00,00,00,
158690111,00000118,false,Rx,1,4,00,4D,00,12,00,00,00,00,
158699818,00000118,false,Rx,1,4,00,4E,00,12,00,00,00,00,
158710096,00000118,false,Rx,1,4,00,4F,00,12,00,00,00,00,
158719701,00000118,false,Rx,1,4,00,40,00,12,00,00,00,00,
158730099,00000118,false,Rx,1,4,00,41,00,12,00,00,00,00,
158739676,00000118,false,Rx,1,4,00,42,00,12,00,00,00,00,
158749879,00000118,false,Rx,1,4,00,43,00,12,00,00,00,00,
158760485,00000118,false,Rx,1,4,00,44,00,12,00,00,00,00,
158770962,00000118,false,Rx,1,4,00,45,00,12,00,00,00,00,
158779582,00000118,false,Rx,1,4,00,46,00,12,00,00,00,00,
158790138,00000118,false,Rx,1,4,00,47,00,12,00,00,00,00,
158799669,00000118,false,Rx,1,4,00,48,00,12,00,00,00,00,
158809905,00000118,false,Rx,1,4,00,49,00,12,00,00,00,00,
158819570,00000118,false,Rx,1,4,00,4A,00,12,00,00,00,00,
158829891,00000118,false,Rx,1,4,00,4B,00,12,00,00,00,00,
158839572,00000118,false,Rx,1,4,00,4C,00,12,00,00,00,00,
158849899,00000118,false,Rx,1,4,00,4D,00,12,00,00,00,00,
158859535,00000118,false,Rx,1,4,00,4E,00,12,00,00,00,00,
158869889,00000118,false,Rx,1,4,00,4F,00,12,00,00,00,00,
158879518,00000118,false,Rx,1,4,00,40,00,12,00,00,00,00,
158889881,00000118,false,Rx,1,4,00,41,00,12,00,00,00,00,
158899613,00000118,false,Rx,1,4,00,42,00,12,00,00,00,00,
158909848,00000118,false,Rx,1,4,00,43,00,12,00,00,00,00,
158919492,00000118,false,Rx,1,4,00,44,00,12,00,00,00,00,
158929852,00000118,false,Rx,1,4,00,45,00,12,00,00,00,00,
158935325,0000070F,false,Rx,0,8,03,22,2B,F1,55,55,55,55,
158939507,00000118,false,Rx,1,4,00,46,00,12,00,00,00,00,
158949844,00000118,false,Rx,1,4,00,47,00,12,00,00,00,00,
158952172,00000779,false,Rx,1,8,05,62,2B,F1,09,71,AA,AA,
158959478,00000118,false,Rx,1,4,00,48,00,12,00,00,00,00,
158969829,00000118,false,Rx,1,4,00,49,00,12,00,00,00,00,
158979460,00000118,false,Rx,1,4,00,4A,00,12,00,00,00,00,
158989879,00000118,false,Rx,1,4,00,4B,00,12,00,00,00,00,
158990414,17F0000F,true,Rx,1,8,00,0F,00,00,00,00,00,00,
158999562,00000118,false,Rx,1,4,00,4C,00,12,00,00,00,00,
159009788,00000118,false,Rx,1,4,00,4D,00,12,00,00,00,00,
159019436,00000118,false,Rx,1,4,00,4E,00,12,00,00,00,00,
159029796,00000118,false,Rx,1,4,00,4F,00,12,00,00,00,00,
159039427,00000118,false,Rx,1,4,00,40,00,12,00,00,00,00,
159049792,00000118,false,Rx,1,4,00,41,00,12,00,00,00,00,
159059413,00000118,false,Rx,1,4,00,42,00,12,00,00,00,00,
159069774,00000118,false,Rx,1,4,00,43,00,12,00,00,00,00,
159079399,00000118,false,Rx,1,4,00,44,00,12,00,00,00,00,
159089881,00000118,false,Rx,1,4,00,45,00,12,00,00,00,00,
159099496,00000118,false,Rx,1,4,00,46,00,12,00,00,00,00,
159109730,00000118,false,Rx,1,4,00,47,00,12,00,00,00,00,
159119377,00000118,false,Rx,1,4,00,48,00,12,00,00,00,00,
159129736,00000118,false,Rx,1,4,00,49,00,12,00,00,00,00,
159139366,00000118,false,Rx,1,4,00,4A,00,12,00,00,00,00,
159149726,00000118,false,Rx,1,4,00,4B,00,12,00,00,00,00,
159159370,00000118,false,Rx,1,4,00,4C,00,12,00,00,00,00,
159169712,00000118,false,Rx,1,4,00,4D,00,12,00,00,00,00,
159179344,00000118,false,Rx,1,4,00,4E,00,12,00,00,00,00,
159189900,00000118,false,Rx,1,4,00,4F,00,12,00,00,00,00,
159199439,00000118,false,Rx,1,4,00,40,00,12,00,00,00,00,
159209672,00000118,false,Rx,1,4,00,41,00,12,00,00,00,00,
159219370,00000118,false,Rx,1,4,00,42,00,12,00,00,00,00,
159229680,00000118,false,Rx,1,4,00,43,00,12,00,00,00,00,
159239307,00000118,false,Rx,1,4,00,44,00,12,00,00,00,00,
159249717,00000118,false,Rx,1,4,00,45,00,12,00,00,00,00,
159252884,0000070F,false,Rx,0,8,03,22,2B,E4,55,55,55,55,
159264031,00000118,false,Rx,1,4,00,46,00,12,00,00,00,00,
159269672,00000118,false,Rx,1,4,00,47,00,12,00,00,00,00,
159271875,00000779,false,Rx,1,8,05,62,2B,E4,4D,69,AA,AA,
159279307,00000118,false,Rx,1,4,00,48,00,12,00,00,00,00,
159289893,00000118,false,Rx,1,4,00,49,00,12,00,00,00,00,
159299380,00000118,false,Rx,1,4,00,4A,00,12,00,00,00,00,
159309614,00000118,false,Rx,1,4,00,4B,00,12,00,00,00,00,
159319377,00000118,false,Rx,1,4,00,4C,00,12,00,00,00,00,
159329619,00000118,false,Rx,1,4,00,4D,00,12,00,00,00,00,
159339253,00000118,false,Rx,1,4,00,4E,00,12,00,00,00,00,
159349629,00000118,false,Rx,1,4,00,4F,00,12,00,00,00,00,
159359238,00000118,false,Rx,1,4,00,40,00,12,00,00,00,00,
159369582,00000118,false,Rx,1,4,00,41,00,12,00,00,00,00,
159379245,00000118,false,Rx,1,4,00,42,00,12,00,00,00,00,
159389638,00000118,false,Rx,1,4,00,43,00,12,00,00,00,00,
159399338,00000118,false,Rx,1,4,00,44,00,12,00,00,00,00,
159409556,00000118,false,Rx,1,4,00,45,00,12,00,00,00,00,
159419370,00000118,false,Rx,1,4,00,46,00,12,00,00,00,00,
159429561,00000118,false,Rx,1,4,00,47,00,12,00,00,00,00,
159439190,00000118,false,Rx,1,4,00,48,00,12,00,00,00,00,
159449552,00000118,false,Rx,1,4,00,49,00,12,00,00,00,00,
159459183,00000118,false,Rx,1,4,00,4A,00,12,00,00,00,00,
159469522,00000118,false,Rx,1,4,00,4B,00,12,00,00,00,00,
159479186,00000118,false,Rx,1,4,00,4C,00,12,00,00,00,00,
159489630,00000118,false,Rx,1,4,00,4D,00,12,00,00,00,00,
159490162,17F0000F,true,Rx,1,8,00,0F,00,00,00,00,00,00,
159499292,00000118,false,Rx,1,4,00,4E,00,12,00,00,00,00,
159509899,00000118,false,Rx,1,4,00,4F,00,12,00,00,00,00,
159519569,00000118,false,Rx,1,4,00,40,00,12,00,00,00,00,
159529887,00000118,false,Rx,1,4,00,41,00,12,00,00,00,00,
159539534,00000118,false,Rx,1,4,00,42,00,12,00,00,00,00,
159549894,00000118,false,Rx,1,4,00,43,00,12,00,00,00,00,
159559523,00000118,false,Rx,1,4,00,44,00,12,00,00,00,00,
159569880,00000118,false,Rx,1,4,00,45,00,12,00,00,00,00,
159579511,00000118,false,Rx,1,4,00,46,00,12,00,00,00,00,
159585051,0000070F,false,Rx,0,8,03,22,02,8D,55,55,55,55,
159590121,00000118,false,Rx,1,4,00,47,00,12,00,00,00,00,
159599606,00000118,false,Rx,1,4,00,48,00,12,00,00,00,00,
159600851,00000779,false,Rx,1,8,05,62,02,8D,75,00,AA,AA,
159609848,00000118,false,Rx,1,4,00,49,00,12,00,00,00,00,
159619487,00000118,false,Rx,1,4,00,4A,00,12,00,00,00,00,
159629846,00000118,false,Rx,1,4,00,4B,00,12,00,00,00,00,
159639476,00000118,false,Rx,1,4,00,4C,00,12,00,00,00,00,
