Time Stamp,ID,Extended,Dir,Bus,LEN,D1,D2,D3,D4,D5,D6,D7,D8
76036476,00000118,false,Rx,1,4,00,40,4C,00,00,00,00,00,
76046781,00000118,false,Rx,1,4,00,41,4C,00,00,00,00,00,
76056437,00000118,false,Rx,1,4,00,42,4C,00,00,00,00,00,
76066763,00000118,false,Rx,1,4,00,43,4C,00,00,00,00,00,
76076816,00000118,false,Rx,1,4,00,44,4C,00,00,00,00,00,
76087524,00000118,false,Rx,1,4,00,45,4C,00,00,00,00,00,
76087819,17F0000F,true,Rx,1,8,00,0F,00,00,00,00,00,80,
76097076,000005BE,false,Rx,1,8,00,00,00,00,00,00,00,00,
76097238,00000118,false,Rx,1,4,00,46,4C,00,00,00,00,00,
76097337,0000054B,false,Rx,1,8,00,00,00,00,00,00,00,00,
76097444,000003DB,false,Rx,1,8,00,00,00,00,00,00,00,00,
76097548,000003C8,false,Rx,1,8,00,00,00,00,00,00,00,00,
76097656,000003BE,false,Rx,1,8,00,00,00,00,00,00,00,00,
76097762,00000392,false,Rx,1,8,00,00,00,00,00,00,00,00,
76097864,0000018C,false,Rx,1,8,00,00,00,00,00,00,00,00,
76107512,00000118,false,Rx,1,4,00,47,4C,00,00,00,00,00,
76117207,00000118,false,Rx,1,4,00,48,4C,00,00,00,00,00,
76127496,00000118,false,Rx,1,4,00,49,4C,00,00,00,00,00,
76137171,00000118,false,Rx,1,4,00,4A,4C,00,00,00,00,00,
76147499,00000118,false,Rx,1,4,00,4B,4C,00,00,00,00,00,
76157160,00000118,false,Rx,1,4,00,4C,4C,00,00,00,00,00,
76167482,00000118,false,Rx,1,4,00,4D,4C,00,00,00,00,00,
76177142,00000118,false,Rx,1,4,00,4E,4C,00,00,00,00,00,
76187455,00000118,false,Rx,1,4,00,4F,4C,00,00,00,00,00,
76197077,000005BE,false,Rx,1,8,00,00,00,00,00,00,00,00,
76197240,00000118,false,Rx,1,4,00,40,4C,00,00,00,00,00,
76197341,0000054B,false,Rx,1,8,00,00,00,00,00,00,00,00,
76197449,000003DB,false,Rx,1,8,00,00,00,00,00,00,00,00,
76197553,000003C8,false,Rx,1,8,00,00,00,00,00,00,00,00,
76197661,000003BE,false,Rx,1,8,00,00,00,00,00,00,00,00,
76197768,00000392,false,Rx,1,8,00,00,00,00,00,00,00,00,
76197869,0000018C,false,Rx,1,8,00,00,00,00,00,00,00,00,
76207434,00000118,false,Rx,1,4,00,41,4C,00,00,00,00,00,
76217130,00000118,false,Rx,1,4,00,42,4C,00,00,00,00,00,
76227461,00000118,false,Rx,1,4,00,43,4C,00,00,00,00,00,
76237120,00000118,false,Rx,1,4,00,44,4C,00,00,00,00,00,
76247542,00000118,false,Rx,1,4,00,45,4C,00,00,00,00,00,
76257597,00000118,false,Rx,1,4,00,46,4C,00,00,00,00,00,
76267717,00000118,false,Rx,1,4,00,47,4C,00,00,00,00,00,
76277560,00000118,false,Rx,1,4,00,48,4C,00,00,00,00,00,
76287699,00000118,false,Rx,1,4,00,49,4C,00,00,00,00,00,
255098,000005BE,false,Rx,1,8,00,00,00,00,00,00,00,00,
255207,0000054B,false,Rx,1,8,00,00,00,00,00,00,00,00,
255314,000003DB,false,Rx,1,8,00,00,00,00,00,00,00,00,
255418,000003C8,false,Rx,1,8,00,00,00,00,00,00,00,00,
255575,00000118,false,Rx,1,4,00,4A,4C,00,00,00,00,00,
255679,000003BE,false,Rx,1,8,00,00,00,00,00,00,00,00,
255785,00000392,false,Rx,1,8,00,00,00,00,00,00,00,00,
255886,0000018C,false,Rx,1,8,00,00,00,00,00,00,00,00,
265705,00000118,false,Rx,1,4,00,4B,4C,00,00,00,00,00,
275510,00000118,false,Rx,1,4,00,4C,4C,00,00,00,00,00,
286086,00000118,false,Rx,1,4,00,4D,4C,00,00,00,00,00,
297268,00000118,false,Rx,1,4,00,4E,4C,00,00,00,00,00,
307106,00000118,false,Rx,1,4,00,4F,4C,00,00,00,00,00,
316681,00000118,false,Rx,1,4,00,40,4C,00,00,00,00,00,
326862,00000118,false,Rx,1,4,00,41,4C,00,00,00,00,00,
337064,00000118,false,Rx,1,4,00,42,4C,00,00,00,00,00,
347361,00000118,false,Rx,1,4,00,43,4C,00,00,00,00,00,
355081,000005BE,false,Rx,1,8,00,00,00,00,00,00,00,00,
355190,0000054B,false,Rx,1,8,00,00,00,00,00,00,00,00,
355296,000003DB,false,Rx,1,8,00,00,00,00,00,00,00,00,
355395,000003C8,false,Rx,1,8,00,00,00,00,00,00,00,00,
355508,000003BE,false,Rx,1,8,00,00,00,00,00,00,00,00,
355610,00000392,false,Rx,1,8,00,00,00,00,00,00,00,00,
355711,0000018C,false,Rx,1,8,00,00,00,00,00,00,00,00,
357428,00000118,false,Rx,1,4,00,44,4C,00,00,00,00,00,
367661,00000118,false,Rx,1,4,00,45,4C,00,00,00,00,00,
377385,00000118,false,Rx,1,4,00,46,4C,00,00,00,00,00,
382602,00000700,false,Rx,0,8,02,3E,80,55,55,55,55,55,
387690,00000118,false,Rx,1,4,00,47,4C,00,00,00,00,00,
397762,00000118,false,Rx,1,4,00,48,4C,00,00,00,00,00,
408049,00000118,false,Rx,1,4,00,49,4C,00,00,00,00,00,
417746,00000118,false,Rx,1,4,00,4A,4C,00,00,00,00,00,
428039,00000118,false,Rx,1,4,00,4B,4C,00,00,00,00,00,
437733,00000118,false,Rx,1,4,00,4C,4C,00,00,00,00,00,
448020,00000118,false,Rx,1,4,00,4D,4C,00,00,00,00,00,
455078,000005BE,false,Rx,1,8,00,00,00,00,00,00,00,00,
455185,0000054B,false,Rx,1,8,00,00,00,00,00,00,00,00,
455291,000003DB,false,Rx,1,8,00,00,00,00,00,00,00,00,
455396,000003C8,false,Rx,1,8,00,00,00,00,00,00,00,00,
455504,000003BE,false,Rx,1,8,00,00,00,00,00,00,00,00,
455610,00000392,false,Rx,1,8,00,00,00,00,00,00,00,00,
455706,0000018C,false,Rx,1,8,00,00,00,00,00,00,00,00,
457716,00000118,false,Rx,1,4,00,4E,4C,00,00,00,00,00,
468004,00000118,false,Rx,1,4,00,4F,4C,00,00,00,00,00,
477684,00000118,false,Rx,1,4,00,40,4C,00,00,00,00,00,
488008,00000118,false,Rx,1,4,00,41,4C,00,00,00,00,00,
498065,00000118,false,Rx,1,4,00,42,4C,00,00,00,00,00,
508394,00000118,false,Rx,1,4,00,43,4C,00,00,00,00,00,
518050,00000118,false,Rx,1,4,00,44,4C,00,00,00,00,00,
528362,00000118,false,Rx,1,4,00,45,4C,00,00,00,00,00,
538464,00000118,false,Rx,1,4,00,46,4C,00,00,00,00,00,
548746,00000118,false,Rx,1,4,00,47,4C,00,00,00,00,00,
549039,17F0000F,true,Rx,1,8,00,0F,00,00,00,00,00,80,
555078,000005BE,false,Rx,1,8,00,00,00,00,00,00,00,00,
555187,0000054B,false,Rx,1,8,00,00,00,00,00,00,00,00,
555293,000003DB,false,Rx,1,8,00,00,00,00,00,00,00,00,
555397,000003C8,false,Rx,1,8,00,00,00,00,00,00,00,00,
555505,000003BE,false,Rx,1,8,00,00,00,00,00,00,00,00,
555607,00000392,false,Rx,1,8,00,00,00,00,00,00,00,00,
555708,0000018C,false,Rx,1,8,00,00,00,00,00,00,00,00,
558449,00000118,false,Rx,1,4,00,48,4C,00,00,00,00,00,
568726,00000118,false,Rx,1,4,00,49,4C,00,00,00,00,00,
578405,00000118,false,Rx,1,4,00,4A,4C,00,00,00,00,00,
588824,00000118,false,Rx,1,4,00,4B,4C,00,00,00,00,00,
598389,00000118,false,Rx,1,4,00,4C,4C,00,00,00,00,00,
608715,00000118,false,Rx,1,4,00,4D,4C,00,00,00,00,00,
618376,00000118,false,Rx,1,4,00,4E,4C,00,00,00,00,00,
628689,00000118,false,Rx,1,4,00,4F,4C,00,00,00,00,00,
638379,00000118,false,Rx,1,4,00,40,4C,00,00,00,00,00,
648668,00000118,false,Rx,1,4,00,41,4C,00,00,00,00,00,
655076,000005BE,false,Rx,1,8,00,00,00,00,00,00,00,00,
655185,0000054B,false,Rx,1,8,00,00,00,00,00,00,00,00,
655291,000003DB,false,Rx,1,8,00,00,00,00,00,00,00,00,
655390,000003C8,false,Rx,1,8,00,00,00,00,00,00,00,00,
655503,000003BE,false,Rx,1,8,00,00,00,00,00,00,00,00,
655610,00000392,false,Rx,1,8,00,00,00,00,00,00,00,00,
655706,0000018C,false,Rx,1,8,00,00,00,00,00,00,00,00,
658362,00000118,false,Rx,1,4,00,42,4C,00,00,00,00,00,
668654,00000118,false,Rx,1,4,00,43,4C,00,00,00,00,00,
678329,00000118,false,Rx,1,4,00,44,4C,00,00,00,00,00,
688655,00000118,false,Rx,1,4,00,45,4C,00,00,00,00,00,
698357,00000118,false,Rx,1,4,00,46,4C,00,00,00,00,00,
714789,00000118,false,Rx,1,4,00,47,4C,00,00,00,00,00,
718434,00000118,false,Rx,1,4,00,48,4C,00,00,00,00,00,
728629,00000118,false,Rx,1,4,00,49,4C,00,00,00,00,00,
738335,00000118,false,Rx,1,4,00,4A,4C,00,00,00,00,00,
748594,00000118,false,Rx,1,4,00,4B,4C,00,00,00,00,00,
755095,000005BE,false,Rx,1,8,00,00,00,00,00,00,00,00,
755203,0000054B,false,Rx,1,8,00,00,00,00,00,00,00,00,
755309,000003DB,false,Rx,1,8,00,00,00,00,00,00,00,00,
755413,000003C8,false,Rx,1,8,00,00,00,00,00,00,00,00,
755522,000003BE,false,Rx,1,8,00,00,00,00,00,00,00,00,
755628,00000392,false,Rx,1,8,00,00,00,00,00,00,00,00,
755724,0000018C,false,Rx,1,8,00,00,00,00,00,00,00,00,
758388,00000118,false,Rx,1,4,00,4C,4C,00,00,00,00,00,
768594,00000118,false,Rx,1,4,00,4D,4C,00,00,00,00,00,
774912,00000700,false,Rx,0,8,02,3E,80,55,55,55,55,55,
778319,00000118,false,Rx,1,4,00,4E,4C,00,00,00,00,00,
788549,00000118,false,Rx,1,4,00,4F,4C,00,00,00,00,00,
798320,00000118,false,Rx,1,4,00,40,4C,00,00,00,00,00,
808947,00000118,false,Rx,1,4,00,41,4C,00,00,00,00,00,
818786,00000118,false,Rx,1,4,00,42,4C,00,00,00,00,00,
828952,00000118,false,Rx,1,4,00,43,4C,00,00,00,00,00,
838806,00000118,false,Rx,1,4,00,44,4C,00,00,00,00,00,
848916,00000118,false,Rx,1,4,00,45,4C,00,00,00,00,00,
855081,000005BE,false,Rx,1,8,00,00,00,00,00,00,00,00,
855190,0000054B,false,Rx,1,8,00,00,00,00,00,00,00,00,
855296,000003DB,false,Rx,1,8,00,00,00,00,00,00,00,00,
855400,000003C8,false,Rx,1,8,00,00,00,00,00,00,00,00,
855509,000003BE,false,Rx,1,8,00,00,00,00,00,00,00,00,
855614,00000392,false,Rx,1,8,00,00,00,00,00,00,00,00,
855711,0000018C,false,Rx,1,8,00,00,00,00,00,00,00,00,
858661,00000118,false,Rx,1,4,00,46,4C,00,00,00,00,00,
868909,00000118,false,Rx,1,4,00,47,4C,00,00,00,00,00,
878807,00000118,false,Rx,1,4,00,48,4C,00,00,00,00,00,
888865,00000118,false,Rx,1,4,00,49,4C,00,00,00,00,00,
898816,00000118,false,Rx,1,4,00,4A,4C,00,00,00,00,00,
908853,00000118,false,Rx,1,4,00,4B,4C,00,00,00,00,00,
918569,00000118,false,Rx,1,4,00,4C,4C,00,00,00,00,00,
928855,00000118,false,Rx,1,4,00,4D,4C,00,00,00,00,00,
938566,00000118,false,Rx,1,4,00,4E,4C,00,00,00,00,00,
948844,00000118,false,Rx,1,4,00,4F,4C,00,00,00,00,00,
955077,000005BE,false,Rx,1,8,00,00,00,00,00,00,00,00,
955186,0000054B,false,Rx,1,8,00,00,00,00,00,00,00,00,
955293,000003DB,false,Rx,1,8,00,00,00,00,00,00,00,00,
955392,000003C8,false,Rx,1,8,00,00,00,00,00,00,00,00,
955505,000003BE,false,Rx,1,8,00,00,00,00,00,00,00,00,
955611,00000392,false,Rx,1,8,00,00,00,00,00,00,00,00,
955708,0000018C,false,Rx,1,8,00,00,00,00,00,00,00,00,
958636,00000118,false,Rx,1,4,00,40,4C,00,00,00,00,00,
968829,00000118,false,Rx,1,4,00,41,4C,00,00,00,00,00,
978563,00000118,false,Rx,1,4,00,42,4C,00,00,00,00,00,
988793,00000118,false,Rx,1,4,00,43,4C,00,00,00,00,00,
998572,00000118,false,Rx,1,4,00,44,4C,00,00,00,00,00,
1008774,00000118,false,Rx,1,4,00,45,4C,00,00,00,00,00,
1018577,00000118,false,Rx,1,4,00,46,4C,00,00,00,00,00,
1028781,00000118,false,Rx,1,4,00,47,4C,00,00,00,00,00,
1038570,00000118,false,Rx,1,4,00,48,4C,00,00,00,00,00,
1048764,00000118,false,Rx,1,4,00,49,4C,00,00,00,00,00,
1049059,17F0000F,true,Rx,1,8,00,0F,00,00,00,00,00,80,
1055076,000005BE,false,Rx,1,8,00,00,00,00,00,00,00,00,
1055185,0000054B,false,Rx,1,8,00,00,00,00,00,00,00,00,
1055291,000003DB,false,Rx,1,8,00,00,00,00,00,00,00,00,
1055395,000003C8,false,Rx,1,8,00,00,00,00,00,00,00,00,
1055504,000003BE,false,Rx,1,8,00,00,00,00,00,00,00,00,
1055610,00000392,false,Rx,1,8,00,00,00,00,00,00,00,00,
1055706,0000018C,false,Rx,1,8,00,00,00,00,00,00,00,00,
1058894,00000118,false,Rx,1,4,00,4A,4C,00,00,00,00,00,
1069132,00000118,false,Rx,1,4,00,4B,4C,00,00,00,00,00,
1079051,00000118,false,Rx,1,4,00,4C,4C,00,00,00,00,00,
1089095,00000118,false,Rx,1,4,00,4D,4C,00,00,00,00,00,
1099031,00000118,false,Rx,1,4,00,4E,4C,00,00,00,00,00,
1109479,00000118,false,Rx,1,4,00,4F,4C,00,00,00,00,00,
1119292,00000118,false,Rx,1,4,00,40,4C,00,00,00,00,00,
1129466,00000118,false,Rx,1,4,00,41,4C,00,00,00,00,00,
1139284,00000118,false,Rx,1,4,00,42,4C,00,00,00,00,00,
1149451,00000118,false,Rx,1,4,00,43,4C,00,00,00,00,00,
1155075,000005BE,false,Rx,1,8,00,00,00,00,00,00,00,00,
1155183,0000054B,false,Rx,1,8,00,00,00,00,00,00,00,00,
1155290,000003DB,false,Rx,1,8,00,00,00,00,00,00,00,00,
1155389,000003C8,false,Rx,1,8,00,00,00,00,00,00,00,00,
1155502,000003BE,false,Rx,1,8,00,00,00,00,00,00,00,00,
1155603,00000392,false,Rx,1,8,00,00,00,00,00,00,00,00,
1155705,0000018C,false,Rx,1,8,00,00,00,00,00,00,00,00,
1159070,00000700,false,Rx,0,8,02,3E,80,55,55,55,55,55,
1159636,00000118,false,Rx,1,4,00,44,4C,00,00,00,00,00,
1169838,00000118,false,Rx,1,4,00,45,4C,00,00,00,00,00,
1179620,00000118,false,Rx,1,4,00,46,4C,00,00,00,00,00,
1189783,00000118,false,Rx,1,4,00,47,4C,00,00,00,00,00,
1199629,00000118,false,Rx,1,4,00,48,4C,00,00,00,00,00,
1209785,00000118,false,Rx,1,4,00,49,4C,00,00,00,00,00,
1226355,00000118,false,Rx,1,4,00,4A,4C,00,00,00,00,00,
1229963,00000118,false,Rx,1,4,00,4B,4C,00,00,00,00,00,
1239599,00000118,false,Rx,1,4,00,4C,4C,00,00,00,00,00,
1249870,00000118,false,Rx,1,4,00,4D,4C,00,00,00,00,00,
1255089,000005BE,false,Rx,1,8,00,00,00,00,00,00,00,00,
1255198,0000054B,false,Rx,1,8,00,00,00,00,00,00,00,00,
1255305,000003DB,false,Rx,1,8,00,00,00,00,00,00,00,00,
1255409,000003C8,false,Rx,1,8,00,00,00,00,00,00,00,00,
1255516,000003BE,false,Rx,1,8,00,00,00,00,00,00,00,00,
1255623,00000392,false,Rx,1,8,00,00,00,00,00,00,00,00,
1255720,0000018C,false,Rx,1,8,00,00,00,00,00,00,00,00,
1259564,00000118,false,Rx,1,4,00,4E,4C,00,00,00,00,00,
1269857,00000118,false,Rx,1,4,00,4F,4C,00,00,00,00,00,
1279530,00000118,false,Rx,1,4,00,40,4C,00,00,00,00,00,
1290345,00000118,false,Rx,1,4,00,41,4C,00,00,00,00,00,
1300292,00000118,false,Rx,1,4,00,42,4C,00,00,00,00,00,
1310595,00000118,false,Rx,1,4,00,43,4C,00,00,00,00,00,
1320259,00000118,false,Rx,1,4,00,44,4C,00,00,00,00,00,
1330593,00000118,false,Rx,1,4,00,45,4C,00,00,00,00,00,
1340263,00000118,false,Rx,1,4,00,46,4C,00,00,00,00,00,
1350959,00000118,false,Rx,1,4,00,47,4C,00,00,00,00,00,
1355075,000005BE,false,Rx,1,8,00,00,00,00,00,00,00,00,
1355184,0000054B,false,Rx,1,8,00,00,00,00,00,00,00,00,
1355290,000003DB,false,Rx,1,8,00,00,00,00,00,00,00,00,
1355394,000003C8,false,Rx,1,8,00,00,00,00,00,00,00,00,
1355503,000003BE,false,Rx,1,8,00,00,00,00,00,00,00,00,
1355609,00000392,false,Rx,1,8,00,00,00,00,00,00,00,00,
1355705,0000018C,false,Rx,1,8,00,00,00,00,00,00,00,00,
1360630,00000118,false,Rx,1,4,00,48,4C,00,00,00,00,00,
1370936,00000118,false,Rx,1,4,00,49,4C,00,00,00,00,00,
1380614,00000118,false,Rx,1,4,00,4A,4C,00,00,00,00,00,
1390906,00000118,false,Rx,1,4,00,4B,4C,00,00,00,00,00,
1400579,00000118,false,Rx,1,4,00,4C,4C,00,00,00,00,00,
1410907,00000118,false,Rx,1,4,00,4D,4C,00,00,00,00,00,
1420566,00000118,false,Rx,1,4,00,4E,4C,00,00,00,00,00,
1430871,00000118,false,Rx,1,4,00,4F,4C,00,00,00,00,00,
1440570,00000118,false,Rx,1,4,00,40,4C,00,00,00,00,00,
1450860,00000118,false,Rx,1,4,00,41,4C,00,00,00,00,00,
1455074,000005BE,false,Rx,1,8,00,00,00,00,00,00,00,00,
1455184,0000054B,false,Rx,1,8,00,00,00,00,00,00,00,00,
1455289,000003DB,false,Rx,1,8,00,00,00,00,00,00,00,00,
1455394,000003C8,false,Rx,1,8,00,00,00,00,00,00,00,00,
1455502,000003BE,false,Rx,1,8,00,00,00,00,00,00,00,00,
1455608,00000392,false,Rx,1,8,00,00,00,00,00,00,00,00,
1455704,0000018C,false,Rx,1,8,00,00,00,00,00,00,00,00,
1460557,00000118,false,Rx,1,4,00,42,4C,00,00,00,00,00,
1470845,00000118,false,Rx,1,4,00,43,4C,00,00,00,00,00,
1480539,00000118,false,Rx,1,4,00,44,4C,00,00,00,00,00,
1490826,00000118,false,Rx,1,4,00,45,4C,00,00,00,00,00,
1500504,00000118,false,Rx,1,4,00,46,4C,00,00,00,00,00,
1510833,00000118,false,Rx,1,4,00,47,4C,00,00,00,00,00,
1520490,00000118,false,Rx,1,4,00,48,4C,00,00,00,00,00,
1530837,00000118,false,Rx,1,4,00,49,4C,00,00,00,00,00,
1540492,00000118,false,Rx,1,4,00,4A,4C,00,00,00,00,00,
1550786,00000118,false,Rx,1,4,00,4B,4C,00,00,00,00,00,
1551078,17F0000F,true,Rx,1,8,00,0F,00,00,00,00,00,80,
1555074,000005BE,false,Rx,1,8,00,00,00,00,00,00,00,00,
1555184,0000054B,false,Rx,1,8,00,00,00,00,00,00,00,00,
1555290,000003DB,false,Rx,1,8,00,00,00,00,00,00,00,00,
1555390,000003C8,false,Rx,1,8,00,00,00,00,00,00,00,00,
1555502,000003BE,false,Rx,1,8,00,00,00,00,00,00,00,00,
1555609,00000392,false,Rx,1,8,00,00,00,00,00,00,00,00,
1555705,0000018C,false,Rx,1,8,00,00,00,00,00,00,00,00,
1559768,00000700,false,Rx,0,8,02,3E,80,55,55,55,55,55,
1560506,00000118,false,Rx,1,4,00,4C,4C,00,00,00,00,00,
1570765,00000118,false,Rx,1,4,00,4D,4C,00,00,00,00,00,
1580464,00000118,false,Rx,1,4,00,4E,4C,00,00,00,00,00,
1590840,00000118,false,Rx,1,4,00,4F,4C,00,00,00,00,00,
1600429,00000118,false,Rx,1,4,00,40,4C,00,00,00,00,00,
1610756,00000118,false,Rx,1,4,00,41,4C,00,00,00,00,00,
1620413,00000118,false,Rx,1,4,00,42,4C,00,00,00,00,00,
1630850,00000118,false,Rx,1,4,00,43,4C,00,00,00,00,00,
1640835,00000118,false,Rx,1,4,00,44,4C,00,00,00,00,00,
1651105,00000118,false,Rx,1,4,00,45,4C,00,00,00,00,00,
1655083,000005BE,false,Rx,1,8,00,00,00,00,00,00,00,00,
1655192,0000054B,false,Rx,1,8,00,00,00,00,00,00,00,00,
1655298,000003DB,false,Rx,1,8,00,00,00,00,00,00,00,00,
1655402,000003C8,false,Rx,1,8,00,00,00,00,00,00,00,00,
1655511,000003BE,false,Rx,1,8,00,00,00,00,00,00,00,00,
1655617,00000392,false,Rx,1,8,00,00,00,00,00,00,00,00,
1655713,0000018C,false,Rx,1,8,00,00,00,00,00,00,00,00,
1660800,00000118,false,Rx,1,4,00,46,4C,00,00,00,00,00,
1671091,00000118,false,Rx,1,4,00,47,4C,00,00,00,00,00,
1680787,00000118,false,Rx,1,4,00,48,4C,00,00,00,00,00,
1691074,00000118,false,Rx,1,4,00,49,4C,00,00,00,00,00,
1701257,00000118,false,Rx,1,4,00,4A,4C,00,00,00,00,00,
1714393,00000118,false,Rx,1,4,00,4B,4C,00,00,00,00,00,
1721425,00000118,false,Rx,1,4,00,4C,4C,00,00,00,00,00,
1731378,00000118,false,Rx,1,4,00,4D,4C,00,00,00,00,00,
1741197,00000118,false,Rx,1,4,00,4E,4C,00,00,00,00,00,
1751377,00000118,false,Rx,1,4,00,4F,4C,00,00,00,00,00,
1755092,000005BE,false,Rx,1,8,00,00,00,00,00,00,00,00,
1755196,0000054B,false,Rx,1,8,00,00,00,00,00,00,00,00,
1755306,000003DB,false,Rx,1,8,00,00,00,00,00,00,00,00,
1755411,000003C8,false,Rx,1,8,00,00,00,00,00,00,00,00,
1755519,000003BE,false,Rx,1,8,00,00,00,00,00,00,00,00,
1755621,00000392,false,Rx,1,8,00,00,00,00,00,00,00,00,
1755721,0000018C,false,Rx,1,8,00,00,00,00,00,00,00,00,
1761181,00000118,false,Rx,1,4,00,40,4C,00,00,00,00,00,
1771352,00000118,false,Rx,1,4,00,41,4C,00,00,00,00,00,
1781169,00000118,false,Rx,1,4,00,42,4C,00,00,00,00,00,
1791328,00000118,false,Rx,1,4,00,43,4C,00,00,00,00,00,
1801171,00000118,false,Rx,1,4,00,44,4C,00,00,00,00,00,
1811309,00000118,false,Rx,1,4,00,45,4C,00,00,00,00,00,
1821154,00000118,false,Rx,1,4,00,46,4C,00,00,00,00,00,
1831294,00000118,false,Rx,1,4,00,47,4C,00,00,00,00,00,
1841120,00000118,false,Rx,1,4,00,48,4C,00,00,00,00,00,
1851697,00000118,false,Rx,1,4,00,49,4C,00,00,00,00,00,
1855085,000005BE,false,Rx,1,8,00,00,00,00,00,00,00,00,
1855187,0000054B,false,Rx,1,8,00,00,00,00,00,00,00,00,
1855298,000003DB,false,Rx,1,8,00,00,00,00,00,00,00,00,
1855402,000003C8,false,Rx,1,8,00,00,00,00,00,00,00,00,
1855511,000003BE,false,Rx,1,8,00,00,00,00,00,00,00,00,
1855612,00000392,false,Rx,1,8,00,00,00,00,00,00,00,00,
1855713,0000018C,false,Rx,1,8,00,00,00,00,00,00,00,00,
1861505,00000118,false,Rx,1,4,00,4A,4C,00,00,00,00,00,
1871685,00000118,false,Rx,1,4,00,4B,4C,00,00,00,00,00,
1881488,00000118,false,Rx,1,4,00,4C,4C,00,00,00,00,00,
1891648,00000118,false,Rx,1,4,00,4D,4C,00,00,00,00,00,
1901497,00000118,false,Rx,1,4,00,4E,4C,00,00,00,00,00,
1911638,00000118,false,Rx,1,4,00,4F,4C,00,00,00,00,00,
1921478,00000118,false,Rx,1,4,00,40,4C,00,00,00,00,00,
1931619,00000118,false,Rx,1,4,00,41,4C,00,00,00,00,00,
1941442,00000118,false,Rx,1,4,00,42,4C,00,00,00,00,00,
1941872,00000700,false,Rx,0,8,02,3E,80,55,55,55,55,55,
1951648,00000118,false,Rx,1,4,00,43,4C,00,00,00,00,00,
1955077,000005BE,false,Rx,1,8,00,00,00,00,00,00,00,00,
1955185,0000054B,false,Rx,1,8,00,00,00,00,00,00,00,00,
1955292,000003DB,false,Rx,1,8,00,00,00,00,00,00,00,00,
1955396,000003C8,false,Rx,1,8,00,00,00,00,00,00,00,00,
1955503,000003BE,false,Rx,1,8,00,00,00,00,00,00,00,00,
1955610,00000392,false,Rx,1,8,00,00,00,00,00,00,00,00,
1955906,0000018C,false,Rx,1,8,00,00,00,00,00,00,00,00,
1961429,00000118,false,Rx,1,4,00,44,4C,00,00,00,00,00,
1971606,00000118,false,Rx,1,4,00,45,4C,00,00,00,00,00,
1981411,00000118,false,Rx,1,4,00,46,4C,00,00,00,00,00,
1991574,00000118,false,Rx,1,4,00,47,4C,00,00,00,00,00,
2001418,00000118,false,Rx,1,4,00,48,4C,00,00,00,00,00,
2011557,00000118,false,Rx,1,4,00,49,4C,00,00,00,00,00,
2021401,00000118,false,Rx,1,4,00,4A,4C,00,00,00,00,00,
2031544,00000118,false,Rx,1,4,00,4B,4C,00,00,00,00,00,
2041366,00000118,false,Rx,1,4,00,4C,4C,00,00,00,00,00,
2051546,00000118,false,Rx,1,4,00,4D,4C,00,00,00,00,00,
2051841,17F0000F,true,Rx,1,8,00,0F,00,00,00,00,00,80,
2055074,000005BE,false,Rx,1,8,00,00,00,00,00,00,00,00,
2055183,0000054B,false,Rx,1,8,00,00,00,00,00,00,00,00,
2055289,000003DB,false,Rx,1,8,00,00,00,00,00,00,00,00,
2055394,000003C8,false,Rx,1,8,00,00,00,00,00,00,00,00,
2055502,000003BE,false,Rx,1,8,00,00,00,00,00,00,00,00,
2055603,00000392,false,Rx,1,8,00,00,00,00,00,00,00,00,
2055704,0000018C,false,Rx,1,8,00,00,00,00,00,00,00,00,
2061363,00000118,false,Rx,1,4,00,4E,4C,00,00,00,00,00,
2071532,00000118,false,Rx,1,4,00,4F,4C,00,00,00,00,00,
2081345,00000118,false,Rx,1,4,00,40,4C,00,00,00,00,00,
2091498,00000118,false,Rx,1,4,00,41,4C,00,00,00,00,00,
2101739,00000118,false,Rx,1,4,00,42,4C,00,00,00,00,00,
2111882,00000118,false,Rx,1,4,00,43,4C,00,00,00,00,00,
2121725,00000118,false,Rx,1,4,00,44,4C,00,00,00,00,00,
2131865,00000118,false,Rx,1,4,00,45,4C,00,00,00,00,00,
2141690,00000118,false,Rx,1,4,00,46,4C,00,00,00,00,00,
2151871,00000118,false,Rx,1,4,00,47,4C,00,00,00,00,00,
2155074,000005BE,false,Rx,1,8,00,00,00,00,00,00,00,00,
2155183,0000054B,false,Rx,1,8,00,00,00,00,00,00,00,00,
2155290,000003DB,false,Rx,1,8,00,00,00,00,00,00,00,00,
2155394,000003C8,false,Rx,1,8,00,00,00,00,00,00,00,00,
2155502,000003BE,false,Rx,1,8,00,00,00,00,00,00,00,00,
2155603,00000392,false,Rx,1,8,00,00,00,00,00,00,00,00,
2155705,0000018C,false,Rx,1,8,00,00,00,00,00,00,00,00,
2162079,00000118,false,Rx,1,4,00,48,4C,00,00,00,00,00,
2172253,00000118,false,Rx,1,4,00,49,4C,00,00,00,00,00,
2182060,00000118,false,Rx,1,4,00,4A,4C,00,00,00,00,00,
2192378,00000118,false,Rx,1,4,00,4B,4C,00,00,00,00,00,
2202118,00000118,false,Rx,1,4,00,4C,4C,00,00,00,00,00,
2214598,00000118,false,Rx,1,4,00,4D,4C,00,00,00,00,00,
2222089,00000118,false,Rx,1,4,00,4E,4C,00,00,00,00,00,
2232196,00000118,false,Rx,1,4,00,4F,4C,00,00,00,00,00,
2242017,00000118,false,Rx,1,4,00,40,4C,00,00,00,00,00,
2252199,00000118,false,Rx,1,4,00,41,4C,00,00,00,00,00,
2255090,000005BE,false,Rx,1,8,00,00,00,00,00,00,00,00,
2255199,0000054B,false,Rx,1,8,00,00,00,00,00,00,00,00,
2255305,000003DB,false,Rx,1,8,00,00,00,00,00,00,00,00,
2255409,000003C8,false,Rx,1,8,00,00,00,00,00,00,00,00,
2255517,000003BE,false,Rx,1,8,00,00,00,00,00,00,00,00,
2255624,00000392,false,Rx,1,8,00,00,00,00,00,00,00,00,
2255720,0000018C,false,Rx,1,8,00,00,00,00,00,00,00,00,
2261999,00000118,false,Rx,1,4,00,42,4C,00,00,00,00,00,
2272186,00000118,false,Rx,1,4,00,43,4C,00,00,00,00,00,
2281990,00000118,false,Rx,1,4,00,44,4C,00,00,00,00,00,
2292386,00000118,false,Rx,1,4,00,45,4C,00,00,00,00,00,
2301987,00000118,false,Rx,1,4,00,46,4C,00,00,00,00,00,
2312130,00000118,false,Rx,1,4,00,47,4C,00,00,00,00,00,
2321975,00000118,false,Rx,1,4,00,48,4C,00,00,00,00,00,
2332127,00000118,false,Rx,1,4,00,49,4C,00,00,00,00,00,
2341975,00000118,false,Rx,1,4,00,4A,4C,00,00,00,00,00,
2352139,00000118,false,Rx,1,4,00,4B,4C,00,00,00,00,00,
2355117,000005BE,false,Rx,1,8,00,00,00,00,00,00,00,00,
2355216,0000054B,false,Rx,1,8,00,00,00,00,00,00,00,00,
2355323,000003DB,false,Rx,1,8,00,00,00,00,00,00,00,00,
2355431,000003C8,false,Rx,1,8,00,00,00,00,00,00,00,00,
2355540,000003BE,false,Rx,1,8,00,00,00,00,00,00,00,00,
2355646,00000392,false,Rx,1,8,00,00,00,00,00,00,00,00,
2355742,0000018C,false,Rx,1,8,00,00,00,00,00,00,00,00,
2361333,00000700,false,Rx,0,8,02,3E,80,55,55,55,55,55,
2361954,00000118,false,Rx,1,4,00,4C,4C,00,00,00,00,00,
2372529,00000118,false,Rx,1,4,00,4D,4C,00,00,00,00,00,
2382309,00000118,false,Rx,1,4,00,4E,4C,00,00,00,00,00,
2392886,00000118,false,Rx,1,4,00,4F,4C,00,00,00,00,00,
2402694,00000118,false,Rx,1,4,00,40,4C,00,00,00,00,00,
2413253,00000118,false,Rx,1,4,00,41,4C,00,00,00,00,00,
2423097,00000118,false,Rx,1,4,00,42,4C,00,00,00,00,00,
2433239,00000118,false,Rx,1,4,00,43,4C,00,00,00,00,00,
2443079,00000118,false,Rx,1,4,00,44,4C,00,00,00,00,00,
2453223,00000118,false,Rx,1,4,00,45,4C,00,00,00,00,00,
2455078,000005BE,false,Rx,1,8,00,00,00,00,00,00,00,00,
2455180,0000054B,false,Rx,1,8,00,00,00,00,00,00,00,00,
2455290,000003DB,false,Rx,1,8,00,00,00,00,00,00,00,00,
2455395,000003C8,false,Rx,1,8,00,00,00,00,00,00,00,00,
2455503,000003BE,false,Rx,1,8,00,00,00,00,00,00,00,00,
2455610,00000392,false,Rx,1,8,00,00,00,00,00,00,00,00,
2455706,0000018C,false,Rx,1,8,00,00,00,00,00,00,00,00,
2463047,00000118,false,Rx,1,4,00,46,4C,00,00,00,00,00,
2473231,00000118,false,Rx,1,4,00,47,4C,00,00,00,00,00,
2483033,00000118,false,Rx,1,4,00,48,4C,00,00,00,00,00,
2493209,00000118,false,Rx,1,4,00,49,4C,00,00,00,00,00,
2503016,00000118,false,Rx,1,4,00,4A,4C,00,00,00,00,00,
2513178,00000118,false,Rx,1,4,00,4B,4C,00,00,00,00,00,
2523419,00000118,false,Rx,1,4,00,4C,4C,00,00,00,00,00,
2533560,00000118,false,Rx,1,4,00,4D,4C,00,00,00,00,00,
2543416,00000118,false,Rx,1,4,00,4E,4C,00,00,00,00,00,
2553545,00000118,false,Rx,1,4,00,4F,4C,00,00,00,00,00,
2553839,17F0000F,true,Rx,1,8,00,0F,00,00,00,00,00,80,
2555078,000005BE,false,Rx,1,8,00,00,00,00,00,00,00,00,
2555188,0000054B,false,Rx,1,8,00,00,00,00,00,00,00,00,
2555294,000003DB,false,Rx,1,8,00,00,00,00,00,00,00,00,
2555398,000003C8,false,Rx,1,8,00,00,00,00,00,00,00,00,
2555506,000003BE,false,Rx,1,8,00,00,00,00,00,00,00,00,
2555612,00000392,false,Rx,1,8,00,00,00,00,00,00,00,00,
2555709,0000018C,false,Rx,1,8,00,00,00,00,00,00,00,00,
2563779,00000118,false,Rx,1,4,00,40,4C,00,00,00,00,00,
2573966,00000118,false,Rx,1,4,00,41,4C,00,00,00,00,00,
2583812,00000118,false,Rx,1,4,00,42,4C,00,00,00,00,00,
2593968,00000118,false,Rx,1,4,00,43,4C,00,00,00,00,00,
2603739,00000118,false,Rx,1,4,00,44,4C,00,00,00,00,00,
2614298,00000118,false,Rx,1,4,00,45,4C,00,00,00,00,00,
2624143,00000118,false,Rx,1,4,00,46,4C,00,00,00,00,00,
2634286,00000118,false,Rx,1,4,00,47,4C,00,00,00,00,00,
2644130,00000118,false,Rx,1,4,00,48,4C,00,00,00,00,00,
2654267,00000118,false,Rx,1,4,00,49,4C,00,00,00,00,00,
2655093,000005BE,false,Rx,1,8,00,00,00,00,00,00,00,00,
2655202,0000054B,false,Rx,1,8,00,00,00,00,00,00,00,00,
2655308,000003DB,false,Rx,1,8,00,00,00,00,00,00,00,00,
2655408,000003C8,false,Rx,1,8,00,00,00,00,00,00,00,00,
2655521,000003BE,false,Rx,1,8,00,00,00,00,00,00,00,00,
2655622,00000392,false,Rx,1,8,00,00,00,00,00,00,00,00,
2655723,0000018C,false,Rx,1,8,00,00,00,00,00,00,00,00,
2664093,00000118,false,Rx,1,4,00,4A,4C,00,00,00,00,00,
2674275,00000118,false,Rx,1,4,00,4B,4C,00,00,00,00,00,
2684480,00000118,false,Rx,1,4,00,4C,4C,00,00,00,00,00,
2694962,00000118,false,Rx,1,4,00,4D,4C,00,00,00,00,00,
2704964,00000118,false,Rx,1,4,00,4E,4C,00,00,00,00,00,
2714941,00000118,false,Rx,1,4,00,4F,4C,00,00,00,00,00,
2724909,00000118,false,Rx,1,4,00,40,4C,00,00,00,00,00,
2735013,00000118,false,Rx,1,4,00,41,4C,00,00,00,00,00,
2744851,00000118,false,Rx,1,4,00,42,4C,00,00,00,00,00,
2755000,00000118,false,Rx,1,4,00,43,4C,00,00,00,00,00,
2756859,000005BE,false,Rx,1,8,00,00,00,00,00,00,00,00,
2756987,0000054B,false,Rx,1,8,00,00,00,00,00,00,00,00,
2757075,000003DB,false,Rx,1,8,00,00,00,00,00,00,00,00,
2757177,000003C8,false,Rx,1,8,00,00,00,00,00,00,00,00,
2757291,000003BE,false,Rx,1,8,00,00,00,00,00,00,00,00,
2757397,00000392,false,Rx,1,8,00,00,00,00,00,00,00,00,
2757503,0000018C,false,Rx,1,8,00,00,00,00,00,00,00,00,
2761028,00000700,false,Rx,0,8,02,3E,80,55,55,55,55,55,
2764838,00000118,false,Rx,1,4,00,44,4C,00,00,00,00,00,
2775730,00000118,false,Rx,1,4,00,45,4C,00,00,00,00,00,
2785378,00000118,false,Rx,1,4,00,46,4C,00,00,00,00,00,
2795387,00000118,false,Rx,1,4,00,47,4C,00,00,00,00,00,
2805380,00000118,false,Rx,1,4,00,48,4C,00,00,00,00,00,
2815377,00000118,false,Rx,1,4,00,49,4C,00,00,00,00,00,
2825376,00000118,false,Rx,1,4,00,4A,4C,00,00,00,00,00,
2835379,00000118,false,Rx,1,4,00,4B,4C,00,00,00,00,00,
2845376,00000118,false,Rx,1,4,00,4C,4C,00,00,00,00,00,
2855378,00000118,false,Rx,1,4,00,4D,4C,00,00,00,00,00,
2856956,000005BE,false,Rx,1,8,00,00,00,00,00,00,00,00,
2857041,0000054B,false,Rx,1,8,00,00,00,00,00,00,00,00,
2857147,000003DB,false,Rx,1,8,00,00,00,00,00,00,00,00,
2857252,000003C8,false,Rx,1,8,00,00,00,00,00,00,00,00,
2857365,000003BE,false,Rx,1,8,00,00,00,00,00,00,00,00,
2857470,00000392,false,Rx,1,8,00,00,00,00,00,00,00,00,
2857577,0000018C,false,Rx,1,8,00,00,00,00,00,00,00,00,
2865378,00000118,false,Rx,1,4,00,4E,4C,00,00,00,00,00,
2875376,00000118,false,Rx,1,4,00,4F,4C,00,00,00,00,00,
2885144,00000118,false,Rx,1,4,00,40,4C,00,00,00,00,00,
2895873,00000118,false,Rx,1,4,00,41,4C,00,00,00,00,00,
2905618,00000118,false,Rx,1,4,00,42,4C,00,00,00,00,00,
2915865,00000118,false,Rx,1,4,00,43,4C,00,00,00,00,00,
2925616,00000118,false,Rx,1,4,00,44,4C,00,00,00,00,00,
2935866,00000118,false,Rx,1,4,00,45,4C,00,00,00,00,00,
2946121,00000118,false,Rx,1,4,00,46,4C,00,00,00,00,00,
2956112,00000118,false,Rx,1,4,00,47,4C,00,00,00,00,00,
2956971,000005BE,false,Rx,1,8,00,00,00,00,00,00,00,00,
2957059,0000054B,false,Rx,1,8,00,00,00,00,00,00,00,00,
2957165,000003DB,false,Rx,1,8,00,00,00,00,00,00,00,00,
2957269,000003C8,false,Rx,1,8,00,00,00,00,00,00,00,00,
2957382,000003BE,false,Rx,1,8,00,00,00,00,00,00,00,00,
2957488,00000392,false,Rx,1,8,00,00,00,00,00,00,00,00,
2957595,0000018C,false,Rx,1,8,00,00,00,00,00,00,00,00,
2965866,00000118,false,Rx,1,4,00,48,4C,00,00,00,00,00,
2976109,00000118,false,Rx,1,4,00,49,4C,00,00,00,00,00,
2985872,00000118,false,Rx,1,4,00,4A,4C,00,00,00,00,00,
2996113,00000118,false,Rx,1,4,00,4B,4C,00,00,00,00,00,
3006350,00000118,false,Rx,1,4,00,4C,4C,00,00,00,00,00,
3016581,00000118,false,Rx,1,4,00,4D,4C,00,00,00,00,00,
3026355,00000118,false,Rx,1,4,00,4E,4C,00,00,00,00,00,
3036595,00000118,false,Rx,1,4,00,4F,4C,00,00,00,00,00,
3046838,00000118,false,Rx,1,4,00,40,4C,00,00,00,00,00,
3056832,00000118,false,Rx,1,4,00,41,4C,00,00,00,00,00,
3056968,000005BE,false,Rx,1,8,00,00,00,00,00,00,00,00,
3057227,17F0000F,true,Rx,1,8,00,0F,00,00,00,00,00,80,
3057326,0000054B,false,Rx,1,8,00,00,00,00,00,00,00,00,
3057435,000003DB,false,Rx,1,8,00,00,00,00,00,00,00,00,
3057546,000003C8,false,Rx,1,8,00,00,00,00,00,00,00,00,
3057654,000003BE,false,Rx,1,8,00,00,00,00,00,00,00,00,
3057761,00000392,false,Rx,1,8,00,00,00,00,00,00,00,00,
3057866,0000018C,false,Rx,1,8,00,00,00,00,00,00,00,00,
3066595,00000118,false,Rx,1,4,00,42,4C,00,00,00,00,00,
3076844,00000118,false,Rx,1,4,00,43,4C,00,00,00,00,00,
3086973,00000118,false,Rx,1,4,00,44,4C,00,00,00,00,00,
3097368,00000118,false,Rx,1,4,00,45,4C,00,00,00,00,00,
3106957,00000118,false,Rx,1,4,00,46,4C,00,00,00,00,00,
3117118,00000118,false,Rx,1,4,00,47,4C,00,00,00,00,00,
3126966,00000118,false,Rx,1,4,00,48,4C,00,00,00,00,00,
3137102,00000118,false,Rx,1,4,00,49,4C,00,00,00,00,00,
3146955,00000118,false,Rx,1,4,00,4A,4C,00,00,00,00,00,
3155142,00000700,false,Rx,0,8,02,3E,80,55,55,55,55,55,
3157087,00000118,false,Rx,1,4,00,4B,4C,00,00,00,00,00,
3157291,0000054B,false,Rx,1,8,00,00,00,00,00,00,00,00,
3157401,000003DB,false,Rx,1,8,00,00,00,00,00,00,00,00,
3157506,000003C8,false,Rx,1,8,00,00,00,00,00,00,00,00,
3157614,000003BE,false,Rx,1,8,00,00,00,00,00,00,00,00,
3157720,00000392,false,Rx,1,8,00,00,00,00,00,00,00,00,
3157826,0000018C,false,Rx,1,8,00,00,00,00,00,00,00,00,
3166953,00000118,false,Rx,1,4,00,4C,4C,00,00,00,00,00,
3177091,00000118,false,Rx,1,4,00,4D,4C,00,00,00,00,00,
3186899,00000118,false,Rx,1,4,00,4E,4C,00,00,00,00,00,
3197074,00000118,false,Rx,1,4,00,4F,4C,00,00,00,00,00,
3207025,00000118,false,Rx,1,4,00,40,4C,00,00,00,00,00,
3217381,00000118,false,Rx,1,4,00,41,4C,00,00,00,00,00,
3226948,00000118,false,Rx,1,4,00,42,4C,00,00,00,00,00,
3237032,00000118,false,Rx,1,4,00,43,4C,00,00,00,00,00,
3246869,00000118,false,Rx,1,4,00,44,4C,00,00,00,00,00,
3255091,000005BE,false,Rx,1,8,00,00,00,00,00,00,00,00,
3255200,0000054B,false,Rx,1,8,00,00,00,00,00,00,00,00,
3255306,000003DB,false,Rx,1,8,00,00,00,00,00,00,00,00,
3255410,000003C8,false,Rx,1,8,00,00,00,00,00,00,00,00,
3255518,000003BE,false,Rx,1,8,00,00,00,00,00,00,00,00,
3255625,00000392,false,Rx,1,8,00,00,00,00,00,00,00,00,
3255721,0000018C,false,Rx,1,8,00,00,00,00,00,00,00,00,
3257012,00000118,false,Rx,1,4,00,45,4C,00,00,00,00,00,
3266834,00000118,false,Rx,1,4,00,46,4C,00,00,00,00,00,
3277015,00000118,false,Rx,1,4,00,47,4C,00,00,00,00,00,
3286825,00000118,false,Rx,1,4,00,48,4C,00,00,00,00,00,
3297004,00000118,false,Rx,1,4,00,49,4C,00,00,00,00,00,
3306805,00000118,false,Rx,1,4,00,4A,4C,00,00,00,00,00,
3316968,00000118,false,Rx,1,4,00,4B,4C,00,00,00,00,00,
3326808,00000118,false,Rx,1,4,00,4C,4C,00,00,00,00,00,
3336956,00000118,false,Rx,1,4,00,4D,4C,00,00,00,00,00,
3346796,00000118,false,Rx,1,4,00,4E,4C,00,00,00,00,00,
3355075,000005BE,false,Rx,1,8,00,00,00,00,00,00,00,00,
3355184,0000054B,false,Rx,1,8,00,00,00,00,00,00,00,00,
3355290,000003DB,false,Rx,1,8,00,00,00,00,00,00,00,00,
3355395,000003C8,false,Rx,1,8,00,00,00,00,00,00,00,00,
3355503,000003BE,false,Rx,1,8,00,00,00,00,00,00,00,00,
3355609,00000392,false,Rx,1,8,00,00,00,00,00,00,00,00,
3355705,0000018C,false,Rx,1,8,00,00,00,00,00,00,00,00,
3356954,00000118,false,Rx,1,4,00,4F,4C,00,00,00,00,00,
3366761,00000118,false,Rx,1,4,00,40,4C,00,00,00,00,00,
3376955,00000118,false,Rx,1,4,00,41,4C,00,00,00,00,00,
3386753,00000118,false,Rx,1,4,00,42,4C,00,00,00,00,00,
3396947,00000118,false,Rx,1,4,00,43,4C,00,00,00,00,00,
3407130,00000118,false,Rx,1,4,00,44,4C,00,00,00,00,00,
3417389,00000118,false,Rx,1,4,00,45,4C,00,00,00,00,00,
3427135,00000118,false,Rx,1,4,00,46,4C,00,00,00,00,00,
3437386,00000118,false,Rx,1,4,00,47,4C,00,00,00,00,00,
3447119,00000118,false,Rx,1,4,00,48,4C,00,00,00,00,00,
3455077,000005BE,false,Rx,1,8,00,00,00,00,00,00,00,00,
3455186,0000054B,false,Rx,1,8,00,00,00,00,00,00,00,00,
3455292,000003DB,false,Rx,1,8,00,00,00,00,00,00,00,00,
3455396,000003C8,false,Rx,1,8,00,00,00,00,00,00,00,00,
3455504,000003BE,false,Rx,1,8,00,00,00,00,00,00,00,00,
3455611,00000392,false,Rx,1,8,00,00,00,00,00,00,00,00,
3455707,0000018C,false,Rx,1,8,00,00,00,00,00,00,00,00,
3457385,00000118,false,Rx,1,4,00,49,4C,00,00,00,00,00,
3467083,00000118,false,Rx,1,4,00,4A,4C,00,00,00,00,00,
3477386,00000118,false,Rx,1,4,00,4B,4C,00,00,00,00,00,
3487068,00000118,false,Rx,1,4,00,4C,4C,00,00,00,00,00,
3497386,00000118,false,Rx,1,4,00,4D,4C,00,00,00,00,00,
3507054,00000118,false,Rx,1,4,00,4E,4C,00,00,00,00,00,
3517384,00000118,false,Rx,1,4,00,4F,4C,00,00,00,00,00,
3527059,00000118,false,Rx,1,4,00,40,4C,00,00,00,00,00,
3531530,00000700,false,Rx,0,8,02,3E,80,55,55,55,55,55,
3537387,00000118,false,Rx,1,4,00,41,4C,00,00,00,00,00,
3547041,00000118,false,Rx,1,4,00,42,4C,00,00,00,00,00,
3555075,000005BE,false,Rx,1,8,00,00,00,00,00,00,00,00,
3555184,0000054B,false,Rx,1,8,00,00,00,00,00,00,00,00,
3555291,000003DB,false,Rx,1,8,00,00,00,00,00,00,00,00,
3555394,000003C8,false,Rx,1,8,00,00,00,00,00,00,00,00,
3555503,000003BE,false,Rx,1,8,00,00,00,00,00,00,00,00,
3555609,00000392,false,Rx,1,8,00,00,00,00,00,00,00,00,
3555706,0000018C,false,Rx,1,8,00,00,00,00,00,00,00,00,
3557385,00000118,false,Rx,1,4,00,43,4C,00,00,00,00,00,
3557961,17F0000F,true,Rx,1,8,00,0F,00,00,00,00,00,80,
3567007,00000118,false,Rx,1,4,00,44,4C,00,00,00,00,00,
3577385,00000118,false,Rx,1,4,00,45,4C,00,00,00,00,00,
3587082,00000118,false,Rx,1,4,00,46,4C,00,00,00,00,00,
3597396,00000118,false,Rx,1,4,00,47,4C,00,00,00,00,00,
3606979,00000118,false,Rx,1,4,00,48,4C,00,00,00,00,00,
3617136,00000118,false,Rx,1,4,00,49,4C,00,00,00,00,00,
3626980,00000118,false,Rx,1,4,00,4A,4C,00,00,00,00,00,
3637124,00000118,false,Rx,1,4,00,4B,4C,00,00,00,00,00,
3646966,00000118,false,Rx,1,4,00,4C,4C,00,00,00,00,00,
3655075,000005BE,false,Rx,1,8,00,00,00,00,00,00,00,00,
3655184,0000054B,false,Rx,1,8,00,00,00,00,00,00,00,00,
3655290,000003DB,false,Rx,1,8,00,00,00,00,00,00,00,00,
3655395,000003C8,false,Rx,1,8,00,00,00,00,00,00,00,00,
3655503,000003BE,false,Rx,1,8,00,00,00,00,00,00,00,00,
3655609,00000392,false,Rx,1,8,00,00,00,00,00,00,00,00,
3655705,0000018C,false,Rx,1,8,00,00,00,00,00,00,00,00,
3657106,00000118,false,Rx,1,4,00,4D,4C,00,00,00,00,00,
3666953,00000118,false,Rx,1,4,00,4E,4C,00,00,00,00,00,
3677624,00000118,false,Rx,1,4,00,4F,4C,00,00,00,00,00,
3687386,00000118,false,Rx,1,4,00,40,4C,00,00,00,00,00,
3698152,00000118,false,Rx,1,4,00,41,4C,00,00,00,00,00,
3708177,00000118,false,Rx,1,4,00,42,4C,00,00,00,00,00,
3718888,00000118,false,Rx,1,4,00,43,4C,00,00,00,00,00,
3728656,00000118,false,Rx,1,4,00,44,4C,00,00,00,00,00,
3738849,00000118,false,Rx,1,4,00,45,4C,00,00,00,00,00,
3748601,00000118,false,Rx,1,4,00,46,4C,00,00,00,00,00,
3755090,000005BE,false,Rx,1,8,00,00,00,00,00,00,00,00,
3755200,0000054B,false,Rx,1,8,00,00,00,00,00,00,00,00,
3755306,000003DB,false,Rx,1,8,00,00,00,00,00,00,00,00,
3755410,000003C8,false,Rx,1,8,00,00,00,00,00,00,00,00,
3755518,000003BE,false,Rx,1,8,00,00,00,00,00,00,00,00,
3755625,00000392,false,Rx,1,8,00,00,00,00,00,00,00,00,
3755721,0000018C,false,Rx,1,8,00,00,00,00,00,00,00,00,
3758848,00000118,false,Rx,1,4,00,47,4C,00,00,00,00,00,
3768602,00000118,false,Rx,1,4,00,48,4C,00,00,00,00,00,
3778849,00000118,false,Rx,1,4,00,49,4C,00,00,00,00,00,
3788470,00000118,false,Rx,1,4,00,4A,4C,00,00,00,00,00,
3798853,00000118,false,Rx,1,4,00,4B,4C,00,00,00,00,00,
3808597,00000118,false,Rx,1,4,00,4C,4C,00,00,00,00,00,
3818591,00000118,false,Rx,1,4,00,4D,4C,00,00,00,00,00,
3828595,00000118,false,Rx,1,4,00,4E,4C,00,00,00,00,00,
3832596,00000700,false,Rx,0,8,02,3E,80,55,55,55,55,55,
3838596,00000118,false,Rx,1,4,00,4F,4C,00,00,00,00,00,
3848603,00000118,false,Rx,1,4,00,40,4C,00,00,00,00,00,
3855081,000005BE,false,Rx,1,8,00,00,00,00,00,00,00,00,
3855190,0000054B,false,Rx,1,8,00,00,00,00,00,00,00,00,
3855296,000003DB,false,Rx,1,8,00,00,00,00,00,00,00,00,
3855396,000003C8,false,Rx,1,8,00,00,00,00,00,00,00,00,
3855509,000003BE,false,Rx,1,8,00,00,00,00,00,00,00,00,
3855615,00000392,false,Rx,1,8,00,00,00,00,00,00,00,00,
3855711,0000018C,false,Rx,1,8,00,00,00,00,00,00,00,00,
3858608,00000118,false,Rx,1,4,00,41,4C,00,00,00,00,00,
3868359,00000118,false,Rx,1,4,00,42,4C,00,00,00,00,00,
3878599,00000118,false,Rx,1,4,00,43,4C,00,00,00,00,00,
3888857,00000118,false,Rx,1,4,00,44,4C,00,00,00,00,00,
3898954,00000118,false,Rx,1,4,00,45,4C,00,00,00,00,00,
3908855,00000118,false,Rx,1,4,00,46,4C,00,00,00,00,00,
3918909,00000118,false,Rx,1,4,00,47,4C,00,00,00,00,00,
3928841,00000118,false,Rx,1,4,00,48,4C,00,00,00,00,00,
3939292,00000118,false,Rx,1,4,00,49,4C,00,00,00,00,00,
3949540,00000118,false,Rx,1,4,00,4A,4C,00,00,00,00,00,
3955076,000005BE,false,Rx,1,8,00,00,00,00,00,00,00,00,
3955185,0000054B,false,Rx,1,8,00,00,00,00,00,00,00,00,
3955291,000003DB,false,Rx,1,8,00,00,00,00,00,00,00,00,
3955396,000003C8,false,Rx,1,8,00,00,00,00,00,00,00,00,
3955504,000003BE,false,Rx,1,8,00,00,00,00,00,00,00,00,
3955606,00000392,false,Rx,1,8,00,00,00,00,00,00,00,00,
3955706,0000018C,false,Rx,1,8,00,00,00,00,00,00,00,00,
3959680,00000118,false,Rx,1,4,00,4B,4C,00,00,00,00,00,
3969501,00000118,false,Rx,1,4,00,4C,4C,00,00,00,00,00,
3979680,00000118,false,Rx,1,4,00,4D,4C,00,00,00,00,00,
3989888,00000118,false,Rx,1,4,00,4E,4C,00,00,00,00,00,
4000065,00000118,false,Rx,1,4,00,4F,4C,00,00,00,00,00,
4010276,00000118,false,Rx,1,4,00,40,4C,00,00,00,00,00,
4020615,00000118,false,Rx,1,4,00,41,4C,00,00,00,00,00,
4030274,00000118,false,Rx,1,4,00,42,4C,00,00,00,00,00,
4040621,00000118,false,Rx,1,4,00,43,4C,00,00,00,00,00,
4050260,00000118,false,Rx,1,4,00,44,4C,00,00,00,00,00,
4055074,000005BE,false,Rx,1,8,00,00,00,00,00,00,00,00,
4055182,0000054B,false,Rx,1,8,00,00,00,00,00,00,00,00,
4055289,000003DB,false,Rx,1,8,00,00,00,00,00,00,00,00,
4055393,000003C8,false,Rx,1,8,00,00,00,00,00,00,00,00,
4055501,000003BE,false,Rx,1,8,00,00,00,00,00,00,00,00,
4055602,00000392,false,Rx,1,8,00,00,00,00,00,00,00,00,
4055704,0000018C,false,Rx,1,8,00,00,00,00,00,00,00,00,
4060612,00000118,false,Rx,1,4,00,45,4C,00,00,00,00,00,
4061142,17F0000F,true,Rx,1,8,00,0F,00,00,00,00,00,80,
4070378,00000118,false,Rx,1,4,00,46,4C,00,00,00,00,00,
4080627,00000118,false,Rx,1,4,00,47,4C,00,00,00,00,00,
4090211,00000118,false,Rx,1,4,00,48,4C,00,00,00,00,00,
4100614,00000118,false,Rx,1,4,00,49,4C,00,00,00,00,00,
4110196,00000118,false,Rx,1,4,00,4A,4C,00,00,00,00,00,
4120375,00000118,false,Rx,1,4,00,4B,4C,00,00,00,00,00,
4130199,00000118,false,Rx,1,4,00,4C,4C,00,00,00,00,00,
4140371,00000118,false,Rx,1,4,00,4D,4C,00,00,00,00,00,
4150184,00000118,false,Rx,1,4,00,4E,4C,00,00,00,00,00,
4155074,000005BE,false,Rx,1,8,00,00,00,00,00,00,00,00,
4155183,0000054B,false,Rx,1,8,00,00,00,00,00,00,00,00,
4155289,000003DB,false,Rx,1,8,00,00,00,00,00,00,00,00,
4155388,000003C8,false,Rx,1,8,00,00,00,00,00,00,00,00,
4155502,000003BE,false,Rx,1,8,00,00,00,00,00,00,00,00,
4155608,00000392,false,Rx,1,8,00,00,00,00,00,00,00,00,
4155704,0000018C,false,Rx,1,8,00,00,00,00,00,00,00,00,
4160370,00000118,false,Rx,1,4,00,4F,4C,00,00,00,00,00,
4170387,00000118,false,Rx,1,4,00,40,4C,00,00,00,00,00,
4180373,00000118,false,Rx,1,4,00,41,4C,00,00,00,00,00,
4190133,00000118,false,Rx,1,4,00,42,4C,00,00,00,00,00,
4200888,00000118,false,Rx,1,4,00,43,4C,00,00,00,00,00,
4210532,00000118,false,Rx,1,4,00,44,4C,00,00,00,00,00,
4220800,00000118,false,Rx,1,4,00,45,4C,00,00,00,00,00,
4230650,00000118,false,Rx,1,4,00,46,4C,00,00,00,00,00,
4239414,00000700,false,Rx,0,8,02,3E,80,55,55,55,55,55,
4240856,00000118,false,Rx,1,4,00,47,4C,00,00,00,00,00,
4250593,00000118,false,Rx,1,4,00,48,4C,00,00,00,00,00,
4255089,000005BE,false,Rx,1,8,00,00,00,00,00,00,00,00,
4255198,0000054B,false,Rx,1,8,00,00,00,00,00,00,00,00,
4255304,000003DB,false,Rx,1,8,00,00,00,00,00,00,00,00,
4255408,000003C8,false,Rx,1,8,00,00,00,00,00,00,00,00,
4255517,000003BE,false,Rx,1,8,00,00,00,00,00,00,00,00,
4255618,00000392,false,Rx,1,8,00,00,00,00,00,00,00,00,
4255719,0000018C,false,Rx,1,8,00,00,00,00,00,00,00,00,
4260845,00000118,false,Rx,1,4,00,49,4C,00,00,00,00,00,
4270589,00000118,false,Rx,1,4,00,4A,4C,00,00,00,00,00,
4280843,00000118,false,Rx,1,4,00,4B,4C,00,00,00,00,00,
4290581,00000118,false,Rx,1,4,00,4C,4C,00,00,00,00,00,
4300826,00000118,false,Rx,1,4,00,4D,4C,00,00,00,00,00,
4310595,00000118,false,Rx,1,4,00,4E,4C,00,00,00,00,00,
4320850,00000118,false,Rx,1,4,00,4F,4C,00,00,00,00,00,
4330592,00000118,false,Rx,1,4,00,40,4C,00,00,00,00,00,
4340601,00000118,false,Rx,1,4,00,41,4C,00,00,00,00,00,
4350831,00000118,false,Rx,1,4,00,42,4C,00,00,00,00,00,
4355075,000005BE,false,Rx,1,8,00,00,00,00,00,00,00,00,
4355183,0000054B,false,Rx,1,8,00,00,00,00,00,00,00,00,
4355290,000003DB,false,Rx,1,8,00,00,00,00,00,00,00,00,
4355389,000003C8,false,Rx,1,8,00,00,00,00,00,00,00,00,
4355502,000003BE,false,Rx,1,8,00,00,00,00,00,00,00,00,
4355604,00000392,false,Rx,1,8,00,00,00,00,00,00,00,00,
4355705,0000018C,false,Rx,1,8,00,00,00,00,00,00,00,00,
4361076,00000118,false,Rx,1,4,00,43,4C,00,00,00,00,00,
4370843,00000118,false,Rx,1,4,00,44,4C,00,00,00,00,00,
4381082,00000118,false,Rx,1,4,00,45,4C,00,00,00,00,00,
4390869,00000118,false,Rx,1,4,00,46,4C,00,00,00,00,00,
4401087,00000118,false,Rx,1,4,00,47,4C,00,00,00,00,00,
4410831,00000118,false,Rx,1,4,00,48,4C,00,00,00,00,00,
4421087,00000118,false,Rx,1,4,00,49,4C,00,00,00,00,00,
4430848,00000118,false,Rx,1,4,00,4A,4C,00,00,00,00,00,
4441567,00000118,false,Rx,1,4,00,4B,4C,00,00,00,00,00,
4451142,00000118,false,Rx,1,4,00,4C,4C,00,00,00,00,00,
4455076,000005BE,false,Rx,1,8,00,00,00,00,00,00,00,00,
4455185,0000054B,false,Rx,1,8,00,00,00,00,00,00,00,00,
4455292,000003DB,false,Rx,1,8,00,00,00,00,00,00,00,00,
4455396,000003C8,false,Rx,1,8,00,00,00,00,00,00,00,00,
4455504,000003BE,false,Rx,1,8,00,00,00,00,00,00,00,00,
4455610,00000392,false,Rx,1,8,00,00,00,00,00,00,00,00,
4455707,0000018C,false,Rx,1,8,00,00,00,00,00,00,00,00,
4461811,00000118,false,Rx,1,4,00,4D,4C,00,00,00,00,00,
4471504,00000118,false,Rx,1,4,00,4E,4C,00,00,00,00,00,
4482309,00000118,false,Rx,1,4,00,4F,4C,00,00,00,00,00,
4491870,00000118,false,Rx,1,4,00,40,4C,00,00,00,00,00,
4502324,00000118,false,Rx,1,4,00,41,4C,00,00,00,00,00,
4512251,00000118,false,Rx,1,4,00,42,4C,00,00,00,00,00,
4522557,00000118,false,Rx,1,4,00,43,4C,00,00,00,00,00,
4532219,00000118,false,Rx,1,4,00,44,4C,00,00,00,00,00,
4542519,00000118,false,Rx,1,4,00,45,4C,00,00,00,00,00,
4552217,00000118,false,Rx,1,4,00,46,4C,00,00,00,00,00,
4555080,000005BE,false,Rx,1,8,00,00,00,00,00,00,00,00,
4555189,0000054B,false,Rx,1,8,00,00,00,00,00,00,00,00,
4555295,000003DB,false,Rx,1,8,00,00,00,00,00,00,00,00,
4555394,000003C8,false,Rx,1,8,00,00,00,00,00,00,00,00,
4555508,000003BE,false,Rx,1,8,00,00,00,00,00,00,00,00,
4555614,00000392,false,Rx,1,8,00,00,00,00,00,00,00,00,
4555710,0000018C,false,Rx,1,8,00,00,00,00,00,00,00,00,
4562494,00000118,false,Rx,1,4,00,47,4C,00,00,00,00,00,
4562789,17F0000F,true,Rx,1,8,00,0F,00,00,00,00,00,80,
4572198,00000118,false,Rx,1,4,00,48,4C,00,00,00,00,00,
4582538,00000118,false,Rx,1,4,00,49,4C,00,00,00,00,00,
4592243,00000118,false,Rx,1,4,00,4A,4C,00,00,00,00,00,
4602483,00000118,false,Rx,1,4,00,4B,4C,00,00,00,00,00,
4612140,00000118,false,Rx,1,4,00,4C,4C,00,00,00,00,00,
4622551,00000118,false,Rx,1,4,00,4D,4C,00,00,00,00,00,
4632163,00000118,false,Rx,1,4,00,4E,4C,00,00,00,00,00,
4642414,00000118,false,Rx,1,4,00,4F,4C,00,00,00,00,00,
4647431,00000700,false,Rx,0,8,02,3E,80,55,55,55,55,55,
4652169,00000118,false,Rx,1,4,00,40,4C,00,00,00,00,00,
4655074,000005BE,false,Rx,1,8,00,00,00,00,00,00,00,00,
4655183,0000054B,false,Rx,1,8,00,00,00,00,00,00,00,00,
4655289,000003DB,false,Rx,1,8,00,00,00,00,00,00,00,00,
4655394,000003C8,false,Rx,1,8,00,00,00,00,00,00,00,00,
4655502,000003BE,false,Rx,1,8,00,00,00,00,00,00,00,00,
4655608,00000392,false,Rx,1,8,00,00,00,00,00,00,00,00,
4655704,0000018C,false,Rx,1,8,00,00,00,00,00,00,00,00,
4662401,00000118,false,Rx,1,4,00,41,4C,00,00,00,00,00,
4672130,00000118,false,Rx,1,4,00,42,4C,00,00,00,00,00,
4682383,00000118,false,Rx,1,4,00,43,4C,00,00,00,00,00,
4692496,00000118,false,Rx,1,4,00,44,4C,00,00,00,00,00,
4702795,00000118,false,Rx,1,4,00,45,4C,00,00,00,00,00,
4714150,00000118,false,Rx,1,4,00,46,4C,00,00,00,00,00,
4723236,00000118,false,Rx,1,4,00,47,4C,00,00,00,00,00,
4732868,00000118,false,Rx,1,4,00,48,4C,00,00,00,00,00,
4743155,00000118,false,Rx,1,4,00,49,4C,00,00,00,00,00,
4752851,00000118,false,Rx,1,4,00,4A,4C,00,00,00,00,00,
4755791,000005BE,false,Rx,1,8,00,00,00,00,00,00,00,00,
4755900,0000054B,false,Rx,1,8,00,00,00,00,00,00,00,00,
4756006,000003DB,false,Rx,1,8,00,00,00,00,00,00,00,00,
4756105,000003C8,false,Rx,1,8,00,00,00,00,00,00,00,00,
4756218,000003BE,false,Rx,1,8,00,00,00,00,00,00,00,00,
4756325,00000392,false,Rx,1,8,00,00,00,00,00,00,00,00,
4756431,0000018C,false,Rx,1,8,00,00,00,00,00,00,00,00,
4763142,00000118,false,Rx,1,4,00,4B,4C,00,00,00,00,00,
4773235,00000118,false,Rx,1,4,00,4C,4C,00,00,00,00,00,
4783524,00000118,false,Rx,1,4,00,4D,4C,00,00,00,00,00,
4793215,00000118,false,Rx,1,4,00,4E,4C,00,00,00,00,00,
4803529,00000118,false,Rx,1,4,00,4F,4C,00,00,00,00,00,
4813189,00000118,false,Rx,1,4,00,40,4C,00,00,00,00,00,
4823530,00000118,false,Rx,1,4,00,41,4C,00,00,00,00,00,
4833172,00000118,false,Rx,1,4,00,42,4C,00,00,00,00,00,
4843482,00000118,false,Rx,1,4,00,43,4C,00,00,00,00,00,
4853175,00000118,false,Rx,1,4,00,44,4C,00,00,00,00,00,
4855800,000005BE,false,Rx,1,8,00,00,00,00,00,00,00,00,
4855910,0000054B,false,Rx,1,8,00,00,00,00,00,00,00,00,
4856016,000003DB,false,Rx,1,8,00,00,00,00,00,00,00,00,
4856120,000003C8,false,Rx,1,8,00,00,00,00,00,00,00,00,
4856228,000003BE,false,Rx,1,8,00,00,00,00,00,00,00,00,
4856334,00000392,false,Rx,1,8,00,00,00,00,00,00,00,00,
4856444,0000018C,false,Rx,1,8,00,00,00,00,00,00,00,00,
4863463,00000118,false,Rx,1,4,00,45,4C,00,00,00,00,00,
4873159,00000118,false,Rx,1,4,00,46,4C,00,00,00,00,00,
4883451,00000118,false,Rx,1,4,00,47,4C,00,00,00,00,00,
4893130,00000118,false,Rx,1,4,00,48,4C,00,00,00,00,00,
4903451,00000118,false,Rx,1,4,00,49,4C,00,00,00,00,00,
4913510,00000118,false,Rx,1,4,00,4A,4C,00,00,00,00,00,
4923839,00000118,false,Rx,1,4,00,4B,4C,00,00,00,00,00,
4933503,00000118,false,Rx,1,4,00,4C,4C,00,00,00,00,00,
4943802,00000118,false,Rx,1,4,00,4D,4C,00,00,00,00,00,
4953501,00000118,false,Rx,1,4,00,4E,4C,00,00,00,00,00,
4955800,000005BE,false,Rx,1,8,00,00,00,00,00,00,00,00,
4955908,0000054B,false,Rx,1,8,00,00,00,00,00,00,00,00,
4956014,000003DB,false,Rx,1,8,00,00,00,00,00,00,00,00,
4956119,000003C8,false,Rx,1,8,00,00,00,00,00,00,00,00,
4956238,000003BE,false,Rx,1,8,00,00,00,00,00,00,00,00,
4956329,00000392,false,Rx,1,8,00,00,00,00,00,00,00,00,
4956435,0000018C,false,Rx,1,8,00,00,00,00,00,00,00,00,
4963789,00000118,false,Rx,1,4,00,4F,4C,00,00,00,00,00,
4973486,00000118,false,Rx,1,4,00,40,4C,00,00,00,00,00,
4983774,00000118,false,Rx,1,4,00,41,4C,00,00,00,00,00,
4993848,00000118,false,Rx,1,4,00,42,4C,00,00,00,00,00,
5004388,00000118,false,Rx,1,4,00,43,4C,00,00,00,00,00,
5013833,00000118,false,Rx,1,4,00,44,4C,00,00,00,00,00,
5024384,00000118,false,Rx,1,4,00,45,4C,00,00,00,00,00,
5033822,00000118,false,Rx,1,4,00,46,4C,00,00,00,00,00,
5044134,00000118,false,Rx,1,4,00,47,4C,00,00,00,00,00,
5053824,00000118,false,Rx,1,4,00,48,4C,00,00,00,00,00,
5054250,00000135,false,Rx,1,8,00,C0,00,00,00,00,00,00,
5054496,000000B2,false,Rx,1,8,01,05,01,05,3D,05,3D,05,
5054751,000000AD,false,Rx,1,8,42,01,00,FE,00,00,00,00,
5055033,00000700,false,Rx,0,8,02,3E,80,55,55,55,55,55,
5055062,000000A8,false,Rx,1,8,DE,71,00,00,00,64,0F,21,
5055269,000000A7,false,Rx,1,8,AB,41,FA,FA,00,FA,4B,4B,
5055515,0000008A,false,Rx,1,8,F3,11,00,00,00,4C,00,4C,
5055770,00000086,false,Rx,1,8,AF,11,01,00,00,00,00,00,
5056136,000005BE,false,Rx,1,8,00,00,00,00,00,00,00,00,
5056221,0000054B,false,Rx,1,8,00,00,00,00,00,00,00,00,
5056328,000003DB,false,Rx,1,8,00,00,00,00,00,00,00,00,
5056433,000003C8,false,Rx,1,8,00,00,00,00,00,00,00,00,
5056541,000003BE,false,Rx,1,8,00,00,00,00,00,00,00,00,
5056647,00000392,false,Rx,1,8,00,00,00,00,00,00,00,00,
5056753,0000018C,false,Rx,1,8,00,00,00,00,00,00,00,00,
5064136,00000118,false,Rx,1,4,00,49,4C,00,00,00,00,00,
5064673,17F0000F,true,Rx,1,8,00,0F,00,00,00,00,00,80,
5073813,00000118,false,Rx,1,4,00,4A,4C,00,00,00,00,00,
5084630,00000118,false,Rx,1,4,00,4B,4C,00,00,00,00,00,
5094384,00000118,false,Rx,1,4,00,4C,4C,00,00,00,00,00,
5104626,00000118,false,Rx,1,4,00,4D,4C,00,00,00,00,00,
5114387,00000118,false,Rx,1,4,00,4E,4C,00,00,00,00,00,
5124630,00000118,false,Rx,1,4,00,4F,4C,00,00,00,00,00,
5134148,00000118,false,Rx,1,4,00,40,4C,00,00,00,00,00,
5144629,00000118,false,Rx,1,4,00,41,4C,00,00,00,00,00,
5154632,00000118,false,Rx,1,4,00,42,4C,00,00,00,00,00,
5155960,000005BE,false,Rx,1,8,00,00,00,00,00,00,00,00,
5156059,0000054B,false,Rx,1,8,00,00,00,00,00,00,00,00,
5156170,000003DB,false,Rx,1,8,00,00,00,00,00,00,00,00,
5156274,000003C8,false,Rx,1,8,00,00,00,00,00,00,00,00,
5156382,000003BE,false,Rx,1,8,00,00,00,00,00,00,00,00,
5156488,00000392,false,Rx,1,8,00,00,00,00,00,00,00,00,
5156595,0000018C,false,Rx,1,8,00,00,00,00,00,00,00,00,
5164881,00000118,false,Rx,1,4,00,43,4C,00,00,00,00,00,
5174632,00000118,false,Rx,1,4,00,44,4C,00,00,00,00,00,
5184879,00000118,false,Rx,1,4,00,45,4C,00,00,00,00,00,
5194632,00000118,false,Rx,1,4,00,46,4C,00,00,00,00,00,
5205073,00000118,false,Rx,1,4,00,47,4C,00,00,00,00,00,
5216511,00000118,false,Rx,1,4,00,48,4C,00,00,00,00,00,
5225562,00000118,false,Rx,1,4,00,49,4C,00,00,00,00,00,
5234500,00000118,false,Rx,1,4,00,4A,4C,00,00,00,00,00,
5244778,00000118,false,Rx,1,4,00,4B,4C,00,00,00,00,00,
5254470,00000118,false,Rx,1,4,00,4C,4C,00,00,00,00,00,
5255157,000005BE,false,Rx,1,8,00,00,00,00,00,00,00,00,
5255265,0000054B,false,Rx,1,8,00,00,00,00,00,00,00,00,
5255372,000003DB,false,Rx,1,8,00,00,00,00,00,00,00,00,
5255475,000003C8,false,Rx,1,8,00,00,00,00,00,00,00,00,
5255584,000003BE,false,Rx,1,8,00,00,00,00,00,00,00,00,
5255690,00000392,false,Rx,1,8,00,00,00,00,00,00,00,00,
5255786,0000018C,false,Rx,1,8,00,00,00,00,00,00,00,00,
5264759,00000118,false,Rx,1,4,00,4D,4C,00,00,00,00,00,
5274456,00000118,false,Rx,1,4,00,4E,4C,00,00,00,00,00,
5284745,00000118,false,Rx,1,4,00,4F,4C,00,00,00,00,00,
5294424,00000118,false,Rx,1,4,00,40,4C,00,00,00,00,00,
5304749,00000118,false,Rx,1,4,00,41,4C,00,00,00,00,00,
5314406,00000118,false,Rx,1,4,00,42,4C,00,00,00,00,00,
5324733,00000118,false,Rx,1,4,00,43,4C,00,00,00,00,00,
5334392,00000118,false,Rx,1,4,00,44,4C,00,00,00,00,00,
5344702,00000118,false,Rx,1,4,00,45,4C,00,00,00,00,00,
5354395,00000118,false,Rx,1,4,00,46,4C,00,00,00,00,00,
5355098,000005BE,false,Rx,1,8,00,00,00,00,00,00,00,00,
5355199,0000054B,false,Rx,1,8,00,00,00,00,00,00,00,00,
5355310,000003DB,false,Rx,1,8,00,00,00,00,00,00,00,00,
5355414,000003C8,false,Rx,1,8,00,00,00,00,00,00,00,00,
5355522,000003BE,false,Rx,1,8,00,00,00,00,00,00,00,00,
5355629,00000392,false,Rx,1,8,00,00,00,00,00,00,00,00,
5355725,0000018C,false,Rx,1,8,00,00,00,00,00,00,00,00,
5364684,00000118,false,Rx,1,4,00,47,4C,00,00,00,00,00,
5374381,00000118,false,Rx,1,4,00,48,4C,00,00,00,00,00,
5384673,00000118,false,Rx,1,4,00,49,4C,00,00,00,00,00,
5394344,00000118,false,Rx,1,4,00,4A,4C,00,00,00,00,00,
5404672,00000118,false,Rx,1,4,00,4B,4C,00,00,00,00,00,
5414329,00000118,false,Rx,1,4,00,4C,4C,00,00,00,00,00,
5424655,00000118,false,Rx,1,4,00,4D,4C,00,00,00,00,00,
5434315,00000118,false,Rx,1,4,00,4E,4C,00,00,00,00,00,
5444623,00000118,false,Rx,1,4,00,4F,4C,00,00,00,00,00,
5454322,00000118,false,Rx,1,4,00,40,4C,00,00,00,00,00,
5455101,000005BE,false,Rx,1,8,00,00,00,00,00,00,00,00,
5455201,0000054B,false,Rx,1,8,00,00,00,00,00,00,00,00,
5455313,000003DB,false,Rx,1,8,00,00,00,00,00,00,00,00,
5455417,000003C8,false,Rx,1,8,00,00,00,00,00,00,00,00,
5455525,000003BE,false,Rx,1,8,00,00,00,00,00,00,00,00,
5455631,00000392,false,Rx,1,8,00,00,00,00,00,00,00,00,
5455728,0000018C,false,Rx,1,8,00,00,00,00,00,00,00,00,
5465009,00000118,false,Rx,1,4,00,41,4C,00,00,00,00,00,
5466960,00000700,false,Rx,0,8,02,3E,80,55,55,55,55,55,
5475123,00000118,false,Rx,1,4,00,42,4C,00,00,00,00,00,
5485391,00000118,false,Rx,1,4,00,43,4C,00,00,00,00,00,
5495068,00000118,false,Rx,1,4,00,44,4C,00,00,00,00,00,
5505395,00000118,false,Rx,1,4,00,45,4C,00,00,00,00,00,
5515053,00000118,false,Rx,1,4,00,46,4C,00,00,00,00,00,
5525380,00000118,false,Rx,1,4,00,47,4C,00,00,00,00,00,
5535438,00000118,false,Rx,1,4,00,48,4C,00,00,00,00,00,
5545766,00000118,false,Rx,1,4,00,49,4C,00,00,00,00,00,
5555074,000005BE,false,Rx,1,8,00,00,00,00,00,00,00,00,
5555183,0000054B,false,Rx,1,8,00,00,00,00,00,00,00,00,
5555289,000003DB,false,Rx,1,8,00,00,00,00,00,00,00,00,
5555447,00000118,false,Rx,1,4,00,4A,4C,00,00,00,00,00,
5555547,000003C8,false,Rx,1,8,00,00,00,00,00,00,00,00,
5555654,000003BE,false,Rx,1,8,00,00,00,00,00,00,00,00,
5555761,00000392,false,Rx,1,8,00,00,00,00,00,00,00,00,
5555862,0000018C,false,Rx,1,8,00,00,00,00,00,00,00,00,
5565731,00000118,false,Rx,1,4,00,4B,4C,00,00,00,00,00,
5566025,17F0000F,true,Rx,1,8,00,0F,00,00,00,00,00,80,
5575433,00000118,false,Rx,1,4,00,4C,4C,00,00,00,00,00,
5586384,00000118,false,Rx,1,4,00,4D,4C,00,00,00,00,00,
5596386,00000118,false,Rx,1,4,00,4E,4C,00,00,00,00,00,
5606638,00000118,false,Rx,1,4,00,4F,4C,00,00,00,00,00,
5616626,00000118,false,Rx,1,4,00,40,4C,00,00,00,00,00,
5627115,00000118,false,Rx,1,4,00,41,4C,00,00,00,00,00,
5636624,00000118,false,Rx,1,4,00,42,4C,00,00,00,00,00,
5647359,00000118,false,Rx,1,4,00,43,4C,00,00,00,00,00,
5655075,000005BE,false,Rx,1,8,00,00,00,00,00,00,00,00,
5655184,0000054B,false,Rx,1,8,00,00,00,00,00,00,00,00,
5655290,000003DB,false,Rx,1,8,00,00,00,00,00,00,00,00,
5655390,000003C8,false,Rx,1,8,00,00,00,00,00,00,00,00,
5655503,000003BE,false,Rx,1,8,00,00,00,00,00,00,00,00,
5655604,00000392,false,Rx,1,8,00,00,00,00,00,00,00,00,
5655705,0000018C,false,Rx,1,8,00,00,00,00,00,00,00,00,
5656964,00000118,false,Rx,1,4,00,44,4C,00,00,00,00,00,
5667351,00000118,false,Rx,1,4,00,45,4C,00,00,00,00,00,
5677363,00000118,false,Rx,1,4,00,46,4C,00,00,00,00,00,
5687856,00000118,false,Rx,1,4,00,47,4C,00,00,00,00,00,
5697292,00000118,false,Rx,1,4,00,48,4C,00,00,00,00,00,
5714715,00000118,false,Rx,1,4,00,49,4C,00,00,00,00,00,
5717846,00000118,false,Rx,1,4,00,4A,4C,00,00,00,00,00,
5728182,00000118,false,Rx,1,4,00,4B,4C,00,00,00,00,00,
5737865,00000118,false,Rx,1,4,00,4C,4C,00,00,00,00,00,
5748108,00000118,false,Rx,1,4,00,4D,4C,00,00,00,00,00,
5755090,000005BE,false,Rx,1,8,00,00,00,00,00,00,00,00,
5755199,0000054B,false,Rx,1,8,00,00,00,00,00,00,00,00,
5755304,000003DB,false,Rx,1,8,00,00,00,00,00,00,00,00,
5755409,000003C8,false,Rx,1,8,00,00,00,00,00,00,00,00,
5755517,000003BE,false,Rx,1,8,00,00,00,00,00,00,00,00,
5755623,00000392,false,Rx,1,8,00,00,00,00,00,00,00,00,
5755719,0000018C,false,Rx,1,8,00,00,00,00,00,00,00,00,
5757868,00000118,false,Rx,1,4,00,4E,4C,00,00,00,00,00,
5768105,00000118,false,Rx,1,4,00,4F,4C,00,00,00,00,00,
5777880,00000118,false,Rx,1,4,00,40,4C,00,00,00,00,00,
5787983,00000118,false,Rx,1,4,00,41,4C,00,00,00,00,00,
5798104,00000118,false,Rx,1,4,00,42,4C,00,00,00,00,00,
5808355,00000118,false,Rx,1,4,00,43,4C,00,00,00,00,00,
5818106,00000118,false,Rx,1,4,00,44,4C,00,00,00,00,00,
5828349,00000118,false,Rx,1,4,00,45,4C,00,00,00,00,00,
5838111,00000118,false,Rx,1,4,00,46,4C,00,00,00,00,00,
5843959,00000700,false,Rx,0,8,02,3E,80,55,55,55,55,55,
5848357,00000118,false,Rx,1,4,00,47,4C,00,00,00,00,00,
5855083,000005BE,false,Rx,1,8,00,00,00,00,00,00,00,00,
5855186,0000054B,false,Rx,1,8,00,00,00,00,00,00,00,00,
5855298,000003DB,false,Rx,1,8,00,00,00,00,00,00,00,00,
5855402,000003C8,false,Rx,1,8,00,00,00,00,00,00,00,00,
5855510,000003BE,false,Rx,1,8,00,00,00,00,00,00,00,00,
5855611,00000392,false,Rx,1,8,00,00,00,00,00,00,00,00,
5855713,0000018C,false,Rx,1,8,00,00,00,00,00,00,00,00,
5858599,00000118,false,Rx,1,4,00,48,4C,00,00,00,00,00,
5868845,00000118,false,Rx,1,4,00,49,4C,00,00,00,00,00,
5878599,00000118,false,Rx,1,4,00,4A,4C,00,00,00,00,00,
5889086,00000118,false,Rx,1,4,00,4B,4C,00,00,00,00,00,
5898840,00000118,false,Rx,1,4,00,4C,4C,00,00,00,00,00,
5909069,00000118,false,Rx,1,4,00,4D,4C,00,00,00,00,00,
5918838,00000118,false,Rx,1,4,00,4E,4C,00,00,00,00,00,
5929471,00000118,false,Rx,1,4,00,4F,4C,00,00,00,00,00,
5939559,00000118,false,Rx,1,4,00,40,4C,00,00,00,00,00,
5949839,00000118,false,Rx,1,4,00,41,4C,00,00,00,00,00,
5955076,000005BE,false,Rx,1,8,00,00,00,00,00,00,00,00,
5955183,0000054B,false,Rx,1,8,00,00,00,00,00,00,00,00,
5955290,000003DB,false,Rx,1,8,00,00,00,00,00,00,00,00,
5955393,000003C8,false,Rx,1,8,00,00,00,00,00,00,00,00,
5955501,000003BE,false,Rx,1,8,00,00,00,00,00,00,00,00,
5955608,00000392,false,Rx,1,8,00,00,00,00,00,00,00,00,
5955704,0000018C,false,Rx,1,8,00,00,00,00,00,00,00,00,
5959565,00000118,false,Rx,1,4,00,42,4C,00,00,00,00,00,
5969807,00000118,false,Rx,1,4,00,43,4C,00,00,00,00,00,
5979554,00000118,false,Rx,1,4,00,44,4C,00,00,00,00,00,
5989790,00000118,false,Rx,1,4,00,45,4C,00,00,00,00,00,
6000052,00000118,false,Rx,1,4,00,46,4C,00,00,00,00,00,
6010556,00000118,false,Rx,1,4,00,47,4C,00,00,00,00,00,
6020536,00000118,false,Rx,1,4,00,48,4C,00,00,00,00,00,
6031339,00000118,false,Rx,1,4,00,49,4C,00,00,00,00,00,
6041127,00000118,false,Rx,1,4,00,4A,4C,00,00,00,00,00,
6051307,00000118,false,Rx,1,4,00,4B,4C,00,00,00,00,00,
6055078,000005BE,false,Rx,1,8,00,00,00,00,00,00,00,00,
6055181,0000054B,false,Rx,1,8,00,00,00,00,00,00,00,00,
6055292,000003DB,false,Rx,1,8,00,00,00,00,00,00,00,00,
6055396,000003C8,false,Rx,1,8,00,00,00,00,00,00,00,00,
6055505,000003BE,false,Rx,1,8,00,00,00,00,00,00,00,00,
6055611,00000392,false,Rx,1,8,00,00,00,00,00,00,00,00,
6055707,0000018C,false,Rx,1,8,00,00,00,00,00,00,00,00,
6061111,00000118,false,Rx,1,4,00,4C,4C,00,00,00,00,00,
6071291,00000118,false,Rx,1,4,00,4D,4C,00,00,00,00,00,
6071585,17F0000F,true,Rx,1,8,00,0F,00,00,00,00,00,80,
6081110,00000118,false,Rx,1,4,00,4E,4C,00,00,00,00,00,
6091256,00000118,false,Rx,1,4,00,4F,4C,00,00,00,00,00,
6101103,00000118,false,Rx,1,4,00,40,4C,00,00,00,00,00,
6111242,00000118,false,Rx,1,4,00,41,4C,00,00,00,00,00,
6121085,00000118,false,Rx,1,4,00,42,4C,00,00,00,00,00,
6131228,00000118,false,Rx,1,4,00,43,4C,00,00,00,00,00,
6141051,00000118,false,Rx,1,4,00,44,4C,00,00,00,00,00,
6151230,00000118,false,Rx,1,4,00,45,4C,00,00,00,00,00,
6155074,000005BE,false,Rx,1,8,00,00,00,00,00,00,00,00,
6155182,0000054B,false,Rx,1,8,00,00,00,00,00,00,00,00,
6155289,000003DB,false,Rx,1,8,00,00,00,00,00,00,00,00,
6155394,000003C8,false,Rx,1,8,00,00,00,00,00,00,00,00,
6155502,000003BE,false,Rx,1,8,00,00,00,00,00,00,00,00,
6155608,00000392,false,Rx,1,8,00,00,00,00,00,00,00,00,
6155704,0000018C,false,Rx,1,8,00,00,00,00,00,00,00,00,
6161037,00000118,false,Rx,1,4,00,46,4C,00,00,00,00,00,
6171216,00000118,false,Rx,1,4,00,47,4C,00,00,00,00,00,
6181022,00000118,false,Rx,1,4,00,48,4C,00,00,00,00,00,
6191180,00000118,false,Rx,1,4,00,49,4C,00,00,00,00,00,
6201043,00000118,false,Rx,1,4,00,4A,4C,00,00,00,00,00,
6216947,00000118,false,Rx,1,4,00,4B,4C,00,00,00,00,00,
6219971,00000700,false,Rx,0,8,02,3E,80,55,55,55,55,55,
6221003,00000118,false,Rx,1,4,00,4C,4C,00,00,00,00,00,
6231247,00000118,false,Rx,1,4,00,4D,4C,00,00,00,00,00,
6240978,00000118,false,Rx,1,4,00,4E,4C,00,00,00,00,00,
6251153,00000118,false,Rx,1,4,00,4F,4C,00,00,00,00,00,
6255091,000005BE,false,Rx,1,8,00,00,00,00,00,00,00,00,
6255200,0000054B,false,Rx,1,8,00,00,00,00,00,00,00,00,
6255306,000003DB,false,Rx,1,8,00,00,00,00,00,00,00,00,
6255411,000003C8,false,Rx,1,8,00,00,00,00,00,00,00,00,
6255518,000003BE,false,Rx,1,8,00,00,00,00,00,00,00,00,
6255625,00000392,false,Rx,1,8,00,00,00,00,00,00,00,00,
6255721,0000018C,false,Rx,1,8,00,00,00,00,00,00,00,00,
6260964,00000118,false,Rx,1,4,00,40,4C,00,00,00,00,00,
6271140,00000118,false,Rx,1,4,00,41,4C,00,00,00,00,00,
6280955,00000118,false,Rx,1,4,00,42,4C,00,00,00,00,00,
6291509,00000118,false,Rx,1,4,00,43,4C,00,00,00,00,00,
6301348,00000118,false,Rx,1,4,00,44,4C,00,00,00,00,00,
6311487,00000118,false,Rx,1,4,00,45,4C,00,00,00,00,00,
6321334,00000118,false,Rx,1,4,00,46,4C,00,00,00,00,00,
6331476,00000118,false,Rx,1,4,00,47,4C,00,00,00,00,00,
6341300,00000118,false,Rx,1,4,00,48,4C,00,00,00,00,00,
6351477,00000118,false,Rx,1,4,00,49,4C,00,00,00,00,00,
6355075,000005BE,false,Rx,1,8,00,00,00,00,00,00,00,00,
6355184,0000054B,false,Rx,1,8,00,00,00,00,00,00,00,00,
6355290,000003DB,false,Rx,1,8,00,00,00,00,00,00,00,00,
6355394,000003C8,false,Rx,1,8,00,00,00,00,00,00,00,00,
6355503,000003BE,false,Rx,1,8,00,00,00,00,00,00,00,00,
6355609,00000392,false,Rx,1,8,00,00,00,00,00,00,00,00,
6355705,0000018C,false,Rx,1,8,00,00,00,00,00,00,00,00,
6361684,00000118,false,Rx,1,4,00,4A,4C,00,00,00,00,00,
6371868,00000118,false,Rx,1,4,00,4B,4C,00,00,00,00,00,
6382069,00000118,false,Rx,1,4,00,4C,4C,00,00,00,00,00,
6392250,00000118,false,Rx,1,4,00,4D,4C,00,00,00,00,00,
6402089,00000118,false,Rx,1,4,00,4E,4C,00,00,00,00,00,
6412233,00000118,false,Rx,1,4,00,4F,4C,00,00,00,00,00,
6422060,00000118,false,Rx,1,4,00,40,4C,00,00,00,00,00,
6432200,00000118,false,Rx,1,4,00,41,4C,00,00,00,00,00,
6442022,00000118,false,Rx,1,4,00,42,4C,00,00,00,00,00,
6452203,00000118,false,Rx,1,4,00,43,4C,00,00,00,00,00,
6455091,000005BE,false,Rx,1,8,00,00,00,00,00,00,00,00,
6455200,0000054B,false,Rx,1,8,00,00,00,00,00,00,00,00,
6455305,000003DB,false,Rx,1,8,00,00,00,00,00,00,00,00,
6455410,000003C8,false,Rx,1,8,00,00,00,00,00,00,00,00,
6455518,000003BE,false,Rx,1,8,00,00,00,00,00,00,00,00,
6455625,00000392,false,Rx,1,8,00,00,00,00,00,00,00,00,
6455720,0000018C,false,Rx,1,8,00,00,00,00,00,00,00,00,
6462015,00000118,false,Rx,1,4,00,44,4C,00,00,00,00,00,
6472187,00000118,false,Rx,1,4,00,45,4C,00,00,00,00,00,
6481985,00000118,false,Rx,1,4,00,46,4C,00,00,00,00,00,
6492153,00000118,false,Rx,1,4,00,47,4C,00,00,00,00,00,
6501998,00000118,false,Rx,1,4,00,48,4C,00,00,00,00,00,
6512135,00000118,false,Rx,1,4,00,49,4C,00,00,00,00,00,
6521979,00000118,false,Rx,1,4,00,4A,4C,00,00,00,00,00,
6532122,00000118,false,Rx,1,4,00,4B,4C,00,00,00,00,00,
6541955,00000118,false,Rx,1,4,00,4C,4C,00,00,00,00,00,
6552538,00000118,false,Rx,1,4,00,4D,4C,00,00,00,00,00,
6555081,000005BE,false,Rx,1,8,00,00,00,00,00,00,00,00,
6555189,0000054B,false,Rx,1,8,00,00,00,00,00,00,00,00,
6555296,000003DB,false,Rx,1,8,00,00,00,00,00,00,00,00,
6555400,000003C8,false,Rx,1,8,00,00,00,00,00,00,00,00,
6555508,000003BE,false,Rx,1,8,00,00,00,00,00,00,00,00,
6555614,00000392,false,Rx,1,8,00,00,00,00,00,00,00,00,
6555711,0000018C,false,Rx,1,8,00,00,00,00,00,00,00,00,
6562734,00000118,false,Rx,1,4,00,4E,4C,00,00,00,00,00,
6572917,00000118,false,Rx,1,4,00,4F,4C,00,00,00,00,00,
6573202,17F0000F,true,Rx,1,8,00,0F,00,00,00,00,00,80,
6582860,00000118,false,Rx,1,4,00,40,4C,00,00,00,00,00,
6593366,00000118,false,Rx,1,4,00,41,4C,00,00,00,00,00,
6603119,00000118,false,Rx,1,4,00,42,4C,00,00,00,00,00,
6610807,00000700,false,Rx,0,8,02,3E,80,55,55,55,55,55,
6613283,00000118,false,Rx,1,4,00,43,4C,00,00,00,00,00,
6623502,00000118,false,Rx,1,4,00,44,4C,00,00,00,00,00,
6633644,00000118,false,Rx,1,4,00,45,4C,00,00,00,00,00,
6643470,00000118,false,Rx,1,4,00,46,4C,00,00,00,00,00,
6653650,00000118,false,Rx,1,4,00,47,4C,00,00,00,00,00,
6655075,000005BE,false,Rx,1,8,00,00,00,00,00,00,00,00,
6655185,0000054B,false,Rx,1,8,00,00,00,00,00,00,00,00,
6655291,000003DB,false,Rx,1,8,00,00,00,00,00,00,00,00,
6655395,000003C8,false,Rx,1,8,00,00,00,00,00,00,00,00,
6655503,000003BE,false,Rx,1,8,00,00,00,00,00,00,00,00,
6655610,00000392,false,Rx,1,8,00,00,00,00,00,00,00,00,
6655706,0000018C,false,Rx,1,8,00,00,00,00,00,00,00,00,
6663454,00000118,false,Rx,1,4,00,48,4C,00,00,00,00,00,
6673632,00000118,false,Rx,1,4,00,49,4C,00,00,00,00,00,
6683438,00000118,false,Rx,1,4,00,4A,4C,00,00,00,00,00,
6693599,00000118,false,Rx,1,4,00,4B,4C,00,00,00,00,00,
6703483,00000118,false,Rx,1,4,00,4C,4C,00,00,00,00,00,
6714121,00000118,false,Rx,1,4,00,4D,4C,00,00,00,00,00,
6723868,00000118,false,Rx,1,4,00,4E,4C,00,00,00,00,00,
6733568,00000118,false,Rx,1,4,00,4F,4C,00,00,00,00,00,
6743394,00000118,false,Rx,1,4,00,40,4C,00,00,00,00,00,
6753574,00000118,false,Rx,1,4,00,41,4C,00,00,00,00,00,
6755809,000005BE,false,Rx,1,8,00,00,00,00,00,00,00,00,
6755948,0000054B,false,Rx,1,8,00,00,00,00,00,00,00,00,
6756020,000003DB,false,Rx,1,8,00,00,00,00,00,00,00,00,
6756124,000003C8,false,Rx,1,8,00,00,00,00,00,00,00,00,
6756232,000003BE,false,Rx,1,8,00,00,00,00,00,00,00,00,
6756339,00000392,false,Rx,1,8,00,00,00,00,00,00,00,00,
6756445,0000018C,false,Rx,1,8,00,00,00,00,00,00,00,00,
6763778,00000118,false,Rx,1,4,00,42,4C,00,00,00,00,00,
6773964,00000118,false,Rx,1,4,00,43,4C,00,00,00,00,00,
6784379,00000118,false,Rx,1,4,00,44,4C,00,00,00,00,00,
6794387,00000118,false,Rx,1,4,00,45,4C,00,00,00,00,00,
6804621,00000118,false,Rx,1,4,00,46,4C,00,00,00,00,00,
6814868,00000118,false,Rx,1,4,00,47,4C,00,00,00,00,00,
6824619,00000118,false,Rx,1,4,00,48,4C,00,00,00,00,00,
6834862,00000118,false,Rx,1,4,00,49,4C,00,00,00,00,00,
6844617,00000118,false,Rx,1,4,00,4A,4C,00,00,00,00,00,
6854873,00000118,false,Rx,1,4,00,4B,4C,00,00,00,00,00,
6855961,000005BE,false,Rx,1,8,00,00,00,00,00,00,00,00,
6856057,0000054B,false,Rx,1,8,00,00,00,00,00,00,00,00,
6856169,000003DB,false,Rx,1,8,00,00,00,00,00,00,00,00,
6856268,000003C8,false,Rx,1,8,00,00,00,00,00,00,00,00,
6856381,000003BE,false,Rx,1,8,00,00,00,00,00,00,00,00,
6856482,00000392,false,Rx,1,8,00,00,00,00,00,00,00,00,
6856594,0000018C,false,Rx,1,8,00,00,00,00,00,00,00,00,
6865104,00000118,false,Rx,1,4,00,4C,4C,00,00,00,00,00,
6875114,00000118,false,Rx,1,4,00,4D,4C,00,00,00,00,00,
6884883,00000118,false,Rx,1,4,00,4E,4C,00,00,00,00,00,
6895119,00000118,false,Rx,1,4,00,4F,4C,00,00,00,00,00,
6904872,00000118,false,Rx,1,4,00,40,4C,00,00,00,00,00,
6915110,00000118,false,Rx,1,4,00,41,4C,00,00,00,00,00,
6925341,00000118,false,Rx,1,4,00,42,4C,00,00,00,00,00,
6935595,00000118,false,Rx,1,4,00,43,4C,00,00,00,00,00,
6945342,00000118,false,Rx,1,4,00,44,4C,00,00,00,00,00,
6955600,00000118,false,Rx,1,4,00,45,4C,00,00,00,00,00,
6955982,000005BE,false,Rx,1,8,00,00,00,00,00,00,00,00,
6956060,0000054B,false,Rx,1,8,00,00,00,00,00,00,00,00,
6956166,000003DB,false,Rx,1,8,00,00,00,00,00,00,00,00,
6956271,000003C8,false,Rx,1,8,00,00,00,00,00,00,00,00,
6956378,000003BE,false,Rx,1,8,00,00,00,00,00,00,00,00,
6956485,00000392,false,Rx,1,8,00,00,00,00,00,00,00,00,
6956591,0000018C,false,Rx,1,8,00,00,00,00,00,00,00,00,
6965352,00000118,false,Rx,1,4,00,46,4C,00,00,00,00,00,
6975602,00000118,false,Rx,1,4,00,47,4C,00,00,00,00,00,
6985353,00000118,false,Rx,1,4,00,48,4C,00,00,00,00,00,
6995598,00000118,false,Rx,1,4,00,49,4C,00,00,00,00,00,
7005351,00000118,false,Rx,1,4,00,4A,4C,00,00,00,00,00,
7005781,00000700,false,Rx,0,8,02,3E,80,55,55,55,55,55,
7015604,00000118,false,Rx,1,4,00,4B,4C,00,00,00,00,00,
7025350,00000118,false,Rx,1,4,00,4C,4C,00,00,00,00,00,
7035339,00000118,false,Rx,1,4,00,4D,4C,00,00,00,00,00,
7045354,00000118,false,Rx,1,4,00,4E,4C,00,00,00,00,00,
7055843,00000118,false,Rx,1,4,00,4F,4C,00,00,00,00,00,
7055981,000005BE,false,Rx,1,8,00,00,00,00,00,00,00,00,
7056058,0000054B,false,Rx,1,8,00,00,00,00,00,00,00,00,
7056164,000003DB,false,Rx,1,8,00,00,00,00,00,00,00,00,
7056268,000003C8,false,Rx,1,8,00,00,00,00,00,00,00,00,
7056377,000003BE,false,Rx,1,8,00,00,00,00,00,00,00,00,
7056483,00000392,false,Rx,1,8,00,00,00,00,00,00,00,00,
7056589,0000018C,false,Rx,1,8,00,00,00,00,00,00,00,00,
7065594,00000118,false,Rx,1,4,00,40,4C,00,00,00,00,00,
7075872,00000118,false,Rx,1,4,00,41,4C,00,00,00,00,00,
7076136,17F0000F,true,Rx,1,8,00,0F,00,00,00,00,00,80,
7085596,00000118,false,Rx,1,4,00,42,4C,00,00,00,00,00,
7095841,00000118,false,Rx,1,4,00,43,4C,00,00,00,00,00,
7105585,00000118,false,Rx,1,4,00,44,4C,00,00,00,00,00,
7115836,00000118,false,Rx,1,4,00,45,4C,00,00,00,00,00,
7125599,00000118,false,Rx,1,4,00,46,4C,00,00,00,00,00,
7135846,00000118,false,Rx,1,4,00,47,4C,00,00,00,00,00,
7145595,00000118,false,Rx,1,4,00,48,4C,00,00,00,00,00,
7155845,00000118,false,Rx,1,4,00,49,4C,00,00,00,00,00,
7155981,000005BE,false,Rx,1,8,00,00,00,00,00,00,00,00,
7156062,0000054B,false,Rx,1,8,00,00,00,00,00,00,00,00,
7156165,000003DB,false,Rx,1,8,00,00,00,00,00,00,00,00,
7156269,000003C8,false,Rx,1,8,00,00,00,00,00,00,00,00,
7156378,000003BE,false,Rx,1,8,00,00,00,00,00,00,00,00,
7156483,00000392,false,Rx,1,8,00,00,00,00,00,00,00,00,
7156590,0000018C,false,Rx,1,8,00,00,00,00,00,00,00,00,
7165599,00000118,false,Rx,1,4,00,4A,4C,00,00,00,00,00,
7175843,00000118,false,Rx,1,4,00,4B,4C,00,00,00,00,00,
7185593,00000118,false,Rx,1,4,00,4C,4C,00,00,00,00,00,
7195843,00000118,false,Rx,1,4,00,4D,4C,00,00,00,00,00,
7205905,00000118,false,Rx,1,4,00,4E,4C,00,00,00,00,00,
7220104,00000118,false,Rx,1,4,00,4F,4C,00,00,00,00,00,
7227059,00000118,false,Rx,1,4,00,40,4C,00,00,00,00,00,
7235999,00000118,false,Rx,1,4,00,41,4C,00,00,00,00,00,
7245805,00000118,false,Rx,1,4,00,42,4C,00,00,00,00,00,
7255090,000005BE,false,Rx,1,8,00,00,00,00,00,00,00,00,
7255198,0000054B,false,Rx,1,8,00,00,00,00,00,00,00,00,
7255305,000003DB,false,Rx,1,8,00,00,00,00,00,00,00,00,
7255409,000003C8,false,Rx,1,8,00,00,00,00,00,00,00,00,
7255517,000003BE,false,Rx,1,8,00,00,00,00,00,00,00,00,
7255618,00000392,false,Rx,1,8,00,00,00,00,00,00,00,00,
7255720,0000018C,false,Rx,1,8,00,00,00,00,00,00,00,00,
7256032,00000118,false,Rx,1,4,00,43,4C,00,00,00,00,00,
7265789,00000118,false,Rx,1,4,00,44,4C,00,00,00,00,00,
7275974,00000118,false,Rx,1,4,00,45,4C,00,00,00,00,00,
7285786,00000118,false,Rx,1,4,00,46,4C,00,00,00,00,00,
7295955,00000118,false,Rx,1,4,00,47,4C,00,00,00,00,00,
7305786,00000118,false,Rx,1,4,00,48,4C,00,00,00,00,00,
7315943,00000118,false,Rx,1,4,00,49,4C,00,00,00,00,00,
7325769,00000118,false,Rx,1,4,00,4A,4C,00,00,00,00,00,
7335914,00000118,false,Rx,1,4,00,4B,4C,00,00,00,00,00,
7345736,00000118,false,Rx,1,4,00,4C,4C,00,00,00,00,00,
7355075,000005BE,false,Rx,1,8,00,00,00,00,00,00,00,00,
7355184,0000054B,false,Rx,1,8,00,00,00,00,00,00,00,00,
7355290,000003DB,false,Rx,1,8,00,00,00,00,00,00,00,00,
7355394,000003C8,false,Rx,1,8,00,00,00,00,00,00,00,00,
7355502,000003BE,false,Rx,1,8,00,00,00,00,00,00,00,00,
7355609,00000392,false,Rx,1,8,00,00,00,00,00,00,00,00,
7355705,0000018C,false,Rx,1,8,00,00,00,00,00,00,00,00,
7355915,00000118,false,Rx,1,4,00,4D,4C,00,00,00,00,00,
7365721,00000118,false,Rx,1,4,00,4E,4C,00,00,00,00,00,
7375899,00000118,false,Rx,1,4,00,4F,4C,00,00,00,00,00,
7385718,00000118,false,Rx,1,4,00,40,4C,00,00,00,00,00,
7395868,00000118,false,Rx,1,4,00,41,4C,00,00,00,00,00,
7405709,00000118,false,Rx,1,4,00,42,4C,00,00,00,00,00,
7415852,00000118,false,Rx,1,4,00,43,4C,00,00,00,00,00,
7422686,00000700,false,Rx,0,8,02,3E,80,55,55,55,55,55,
7425716,00000118,false,Rx,1,4,00,44,4C,00,00,00,00,00,
7435834,00000118,false,Rx,1,4,00,45,4C,00,00,00,00,00,
7445659,00000118,false,Rx,1,4,00,46,4C,00,00,00,00,00,
7455080,000005BE,false,Rx,1,8,00,00,00,00,00,00,00,00,
7455187,0000054B,false,Rx,1,8,00,00,00,00,00,00,00,00,
7455294,000003DB,false,Rx,1,8,00,00,00,00,00,00,00,00,
7455393,000003C8,false,Rx,1,8,00,00,00,00,00,00,00,00,
7455506,000003BE,false,Rx,1,8,00,00,00,00,00,00,00,00,
7455612,00000392,false,Rx,1,8,00,00,00,00,00,00,00,00,
7455709,0000018C,false,Rx,1,8,00,00,00,00,00,00,00,00,
7455878,00000118,false,Rx,1,4,00,47,4C,00,00,00,00,00,
7465648,00000118,false,Rx,1,4,00,48,4C,00,00,00,00,00,
7475824,00000118,false,Rx,1,4,00,49,4C,00,00,00,00,00,
7485667,00000118,false,Rx,1,4,00,4A,4C,00,00,00,00,00,
7495792,00000118,false,Rx,1,4,00,4B,4C,00,00,00,00,00,
7505634,00000118,false,Rx,1,4,00,4C,4C,00,00,00,00,00,
7515774,00000118,false,Rx,1,4,00,4D,4C,00,00,00,00,00,
7525620,00000118,false,Rx,1,4,00,4E,4C,00,00,00,00,00,
7535758,00000118,false,Rx,1,4,00,4F,4C,00,00,00,00,00,
7545586,00000118,false,Rx,1,4,00,40,4C,00,00,00,00,00,
7555075,000005BE,false,Rx,1,8,00,00,00,00,00,00,00,00,
7555184,0000054B,false,Rx,1,8,00,00,00,00,00,00,00,00,
7555290,000003DB,false,Rx,1,8,00,00,00,00,00,00,00,00,
7555395,000003C8,false,Rx,1,8,00,00,00,00,00,00,00,00,
7555503,000003BE,false,Rx,1,8,00,00,00,00,00,00,00,00,
7555609,00000392,false,Rx,1,8,00,00,00,00,00,00,00,00,
7555768,00000118,false,Rx,1,4,00,41,4C,00,00,00,00,00,
7555865,0000018C,false,Rx,1,8,00,00,00,00,00,00,00,00,
7565968,00000118,false,Rx,1,4,00,42,4C,00,00,00,00,00,
7576161,00000118,false,Rx,1,4,00,43,4C,00,00,00,00,00,
7576443,17F0000F,true,Rx,1,8,00,0F,00,00,00,00,00,80,
7586058,00000118,false,Rx,1,4,00,44,4C,00,00,00,00,00,
7596113,00000118,false,Rx,1,4,00,45,4C,00,00,00,00,00,
7605957,00000118,false,Rx,1,4,00,46,4C,00,00,00,00,00,
7616099,00000118,false,Rx,1,4,00,47,4C,00,00,00,00,00,
7625955,00000118,false,Rx,1,4,00,48,4C,00,00,00,00,00,
7636080,00000118,false,Rx,1,4,00,49,4C,00,00,00,00,00,
7645908,00000118,false,Rx,1,4,00,4A,4C,00,00,00,00,00,
7655077,000005BE,false,Rx,1,8,00,00,00,00,00,00,00,00,
7655186,0000054B,false,Rx,1,8,00,00,00,00,00,00,00,00,
7655292,000003DB,false,Rx,1,8,00,00,00,00,00,00,00,00,
7655397,000003C8,false,Rx,1,8,00,00,00,00,00,00,00,00,
7655504,000003BE,false,Rx,1,8,00,00,00,00,00,00,00,00,
7655611,00000392,false,Rx,1,8,00,00,00,00,00,00,00,00,
7655707,0000018C,false,Rx,1,8,00,00,00,00,00,00,00,00,
7656087,00000118,false,Rx,1,4,00,4B,4C,00,00,00,00,00,
7665891,00000118,false,Rx,1,4,00,4C,4C,00,00,00,00,00,
7676071,00000118,false,Rx,1,4,00,4D,4C,00,00,00,00,00,
7685878,00000118,false,Rx,1,4,00,4E,4C,00,00,00,00,00,
7696038,00000118,false,Rx,1,4,00,4F,4C,00,00,00,00,00,
7705868,00000118,false,Rx,1,4,00,40,4C,00,00,00,00,00,
7717570,00000118,false,Rx,1,4,00,41,4C,00,00,00,00,00,
7725905,00000118,false,Rx,1,4,00,42,4C,00,00,00,00,00,
7736016,00000118,false,Rx,1,4,00,43,4C,00,00,00,00,00,
7746231,00000118,false,Rx,1,4,00,44,4C,00,00,00,00,00,
7755098,000005BE,false,Rx,1,8,00,00,00,00,00,00,00,00,
7755195,0000054B,false,Rx,1,8,00,00,00,00,00,00,00,00,
7755306,000003DB,false,Rx,1,8,00,00,00,00,00,00,00,00,
7755405,000003C8,false,Rx,1,8,00,00,00,00,00,00,00,00,
7755518,000003BE,false,Rx,1,8,00,00,00,00,00,00,00,00,
7755620,00000392,false,Rx,1,8,00,00,00,00,00,00,00,00,
7755721,0000018C,false,Rx,1,8,00,00,00,00,00,00,00,00,
7756413,00000118,false,Rx,1,4,00,45,4C,00,00,00,00,00,
7766215,00000118,false,Rx,1,4,00,46,4C,00,00,00,00,00,
7776396,00000118,false,Rx,1,4,00,47,4C,00,00,00,00,00,
7786205,00000118,false,Rx,1,4,00,48,4C,00,00,00,00,00,
7796376,00000118,false,Rx,1,4,00,49,4C,00,00,00,00,00,
7806206,00000118,false,Rx,1,4,00,4A,4C,00,00,00,00,00,
7816348,00000118,false,Rx,1,4,00,4B,4C,00,00,00,00,00,
7822885,00000700,false,Rx,0,8,02,3E,80,55,55,55,55,55,
7826211,00000118,false,Rx,1,4,00,4C,4C,00,00,00,00,00,
7836330,00000118,false,Rx,1,4,00,4D,4C,00,00,00,00,00,
7846158,00000118,false,Rx,1,4,00,4E,4C,00,00,00,00,00,
7855081,000005BE,false,Rx,1,8,00,00,00,00,00,00,00,00,
7855190,0000054B,false,Rx,1,8,00,00,00,00,00,00,00,00,
7855296,000003DB,false,Rx,1,8,00,00,00,00,00,00,00,00,
7855400,000003C8,false,Rx,1,8,00,00,00,00,00,00,00,00,
7855509,000003BE,false,Rx,1,8,00,00,00,00,00,00,00,00,
7855615,00000392,false,Rx,1,8,00,00,00,00,00,00,00,00,
7855711,0000018C,false,Rx,1,8,00,00,00,00,00,00,00,00,
7856734,00000118,false,Rx,1,4,00,4F,4C,00,00,00,00,00,
7866541,00000118,false,Rx,1,4,00,40,4C,00,00,00,00,00,
7876720,00000118,false,Rx,1,4,00,41,4C,00,00,00,00,00,
7886530,00000118,false,Rx,1,4,00,42,4C,00,00,00,00,00,
7896695,00000118,false,Rx,1,4,00,43,4C,00,00,00,00,00,
7906530,00000118,false,Rx,1,4,00,44,4C,00,00,00,00,00,
7916670,00000118,false,Rx,1,4,00,45,4C,00,00,00,00,00,
7926512,00000118,false,Rx,1,4,00,46,4C,00,00,00,00,00,
7936654,00000118,false,Rx,1,4,00,47,4C,00,00,00,00,00,
7946481,00000118,false,Rx,1,4,00,48,4C,00,00,00,00,00,
7955077,000005BE,false,Rx,1,8,00,00,00,00,00,00,00,00,
7955180,0000054B,false,Rx,1,8,00,00,00,00,00,00,00,00,
7955291,000003DB,false,Rx,1,8,00,00,00,00,00,00,00,00,
7955396,000003C8,false,Rx,1,8,00,00,00,00,00,00,00,00,
7955504,000003BE,false,Rx,1,8,00,00,00,00,00,00,00,00,
7955605,00000392,false,Rx,1,8,00,00,00,00,00,00,00,00,
7955707,0000018C,false,Rx,1,8,00,00,00,00,00,00,00,00,
7956657,00000118,false,Rx,1,4,00,49,4C,00,00,00,00,00,
7966467,00000118,false,Rx,1,4,00,4A,4C,00,00,00,00,00,
7976642,00000118,false,Rx,1,4,00,4B,4C,00,00,00,00,00,
7986447,00000118,false,Rx,1,4,00,4C,4C,00,00,00,00,00,
7996607,00000118,false,Rx,1,4,00,4D,4C,00,00,00,00,00,
8006458,00000118,false,Rx,1,4,00,4E,4C,00,00,00,00,00,
8016591,00000118,false,Rx,1,4,00,4F,4C,00,00,00,00,00,
8026439,00000118,false,Rx,1,4,00,40,4C,00,00,00,00,00,
8036579,00000118,false,Rx,1,4,00,41,4C,00,00,00,00,00,
8046403,00000118,false,Rx,1,4,00,42,4C,00,00,00,00,00,
8055082,000005BE,false,Rx,1,8,00,00,00,00,00,00,00,00,
8055191,0000054B,false,Rx,1,8,00,00,00,00,00,00,00,00,
8055297,000003DB,false,Rx,1,8,00,00,00,00,00,00,00,00,
8055401,000003C8,false,Rx,1,8,00,00,00,00,00,00,00,00,
8055509,000003BE,false,Rx,1,8,00,00,00,00,00,00,00,00,
8055616,00000392,false,Rx,1,8,00,00,00,00,00,00,00,00,
8055712,0000018C,false,Rx,1,8,00,00,00,00,00,00,00,00,
8056583,00000118,false,Rx,1,4,00,43,4C,00,00,00,00,00,
8066387,00000118,false,Rx,1,4,00,44,4C,00,00,00,00,00,
8076565,00000118,false,Rx,1,4,00,45,4C,00,00,00,00,00,
8076859,17F0000F,true,Rx,1,8,00,0F,00,00,00,00,00,80,
8086381,00000118,false,Rx,1,4,00,46,4C,00,00,00,00,00,
8096533,00000118,false,Rx,1,4,00,47,4C,00,00,00,00,00,
8106381,00000118,false,Rx,1,4,00,48,4C,00,00,00,00,00,
8116516,00000118,false,Rx,1,4,00,49,4C,00,00,00,00,00,
8126361,00000118,false,Rx,1,4,00,4A,4C,00,00,00,00,00,
8136502,00000118,false,Rx,1,4,00,4B,4C,00,00,00,00,00,
8146327,00000118,false,Rx,1,4,00,4C,4C,00,00,00,00,00,
8155074,000005BE,false,Rx,1,8,00,00,00,00,00,00,00,00,
8155184,0000054B,false,Rx,1,8,00,00,00,00,00,00,00,00,
8155289,000003DB,false,Rx,1,8,00,00,00,00,00,00,00,00,
8155394,000003C8,false,Rx,1,8,00,00,00,00,00,00,00,00,
8155502,000003BE,false,Rx,1,8,00,00,00,00,00,00,00,00,
8155608,00000392,false,Rx,1,8,00,00,00,00,00,00,00,00,
8155704,0000018C,false,Rx,1,8,00,00,00,00,00,00,00,00,
8156506,00000118,false,Rx,1,4,00,4D,4C,00,00,00,00,00,
8166312,00000118,false,Rx,1,4,00,4E,4C,00,00,00,00,00,
8176489,00000118,false,Rx,1,4,00,4F,4C,00,00,00,00,00,
8186297,00000118,false,Rx,1,4,00,40,4C,00,00,00,00,00,
8196544,00000118,false,Rx,1,4,00,41,4C,00,00,00,00,00,
8206252,00000118,false,Rx,1,4,00,42,4C,00,00,00,00,00,
8215702,00000700,false,Rx,0,8,02,3E,80,55,55,55,55,55,
8216398,00000118,false,Rx,1,4,00,43,4C,00,00,00,00,00,
8226416,00000118,false,Rx,1,4,00,44,4C,00,00,00,00,00,
8236623,00000118,false,Rx,1,4,00,45,4C,00,00,00,00,00,
8246866,00000118,false,Rx,1,4,00,46,4C,00,00,00,00,00,
8255097,000005BE,false,Rx,1,8,00,00,00,00,00,00,00,00,
8255206,0000054B,false,Rx,1,8,00,00,00,00,00,00,00,00,
8255313,000003DB,false,Rx,1,8,00,00,00,00,00,00,00,00,
8255417,000003C8,false,Rx,1,8,00,00,00,00,00,00,00,00,
8255525,000003BE,false,Rx,1,8,00,00,00,00,00,00,00,00,
8255630,00000392,false,Rx,1,8,00,00,00,00,00,00,00,00,
8255727,0000018C,false,Rx,1,8,00,00,00,00,00,00,00,00,
8256955,00000118,false,Rx,1,4,00,47,4C,00,00,00,00,00,
8267111,00000118,false,Rx,1,4,00,48,4C,00,00,00,00,00,
8277352,00000118,false,Rx,1,4,00,49,4C,00,00,00,00,00,
8287111,00000118,false,Rx,1,4,00,4A,4C,00,00,00,00,00,
8297354,00000118,false,Rx,1,4,00,4B,4C,00,00,00,00,00,
8307130,00000118,false,Rx,1,4,00,4C,4C,00,00,00,00,00,
8317349,00000118,false,Rx,1,4,00,4D,4C,00,00,00,00,00,
8327107,00000118,false,Rx,1,4,00,4E,4C,00,00,00,00,00,
8337352,00000118,false,Rx,1,4,00,4F,4C,00,00,00,00,00,
8347109,00000118,false,Rx,1,4,00,40,4C,00,00,00,00,00,
8355083,000005BE,false,Rx,1,8,00,00,00,00,00,00,00,00,
8355192,0000054B,false,Rx,1,8,00,00,00,00,00,00,00,00,
8355298,000003DB,false,Rx,1,8,00,00,00,00,00,00,00,00,
8355403,000003C8,false,Rx,1,8,00,00,00,00,00,00,00,00,
8355510,000003BE,false,Rx,1,8,00,00,00,00,00,00,00,00,
8355617,00000392,false,Rx,1,8,00,00,00,00,00,00,00,00,
8355713,0000018C,false,Rx,1,8,00,00,00,00,00,00,00,00,
8357190,00000118,false,Rx,1,4,00,41,4C,00,00,00,00,00,
8367108,00000118,false,Rx,1,4,00,42,4C,00,00,00,00,00,
8377341,00000118,false,Rx,1,4,00,43,4C,00,00,00,00,00,
8387138,00000118,false,Rx,1,4,00,44,4C,00,00,00,00,00,
8397108,00000118,false,Rx,1,4,00,45,4C,00,00,00,00,00,
8407109,00000118,false,Rx,1,4,00,46,4C,00,00,00,00,00,
8417117,00000118,false,Rx,1,4,00,47,4C,00,00,00,00,00,
8427110,00000118,false,Rx,1,4,00,48,4C,00,00,00,00,00,
8437113,00000118,false,Rx,1,4,00,49,4C,00,00,00,00,00,
8446882,00000118,false,Rx,1,4,00,4A,4C,00,00,00,00,00,
8455083,000005BE,false,Rx,1,8,00,00,00,00,00,00,00,00,
8455192,0000054B,false,Rx,1,8,00,00,00,00,00,00,00,00,
8455298,000003DB,false,Rx,1,8,00,00,00,00,00,00,00,00,
8455397,000003C8,false,Rx,1,8,00,00,00,00,00,00,00,00,
8455511,000003BE,false,Rx,1,8,00,00,00,00,00,00,00,00,
8455612,00000392,false,Rx,1,8,00,00,00,00,00,00,00,00,
8455713,0000018C,false,Rx,1,8,00,00,00,00,00,00,00,00,
8457187,00000118,false,Rx,1,4,00,4B,4C,00,00,00,00,00,
8466870,00000118,false,Rx,1,4,00,4C,4C,00,00,00,00,00,
8477109,00000118,false,Rx,1,4,00,4D,4C,00,00,00,00,00,
8486864,00000118,false,Rx,1,4,00,4E,4C,00,00,00,00,00,
8497105,00000118,false,Rx,1,4,00,4F,4C,00,00,00,00,00,
8507341,00000118,false,Rx,1,4,00,40,4C,00,00,00,00,00,
8517586,00000118,false,Rx,1,4,00,41,4C,00,00,00,00,00,
8527355,00000118,false,Rx,1,4,00,42,4C,00,00,00,00,00,
8537596,00000118,false,Rx,1,4,00,43,4C,00,00,00,00,00,
8547353,00000118,false,Rx,1,4,00,44,4C,00,00,00,00,00,
8555093,000005BE,false,Rx,1,8,00,00,00,00,00,00,00,00,
8555193,0000054B,false,Rx,1,8,00,00,00,00,00,00,00,00,
8555304,000003DB,false,Rx,1,8,00,00,00,00,00,00,00,00,
8555408,000003C8,false,Rx,1,8,00,00,00,00,00,00,00,00,
8555516,000003BE,false,Rx,1,8,00,00,00,00,00,00,00,00,
8555618,00000392,false,Rx,1,8,00,00,00,00,00,00,00,00,
8555718,0000018C,false,Rx,1,8,00,00,00,00,00,00,00,00,
8557442,00000118,false,Rx,1,4,00,45,4C,00,00,00,00,00,
8567359,00000118,false,Rx,1,4,00,46,4C,00,00,00,00,00,
8577601,00000118,false,Rx,1,4,00,47,4C,00,00,00,00,00,
8578140,17F0000F,true,Rx,1,8,00,0F,00,00,00,00,00,80,
8587355,00000118,false,Rx,1,4,00,48,4C,00,00,00,00,00,
8595824,00000700,false,Rx,0,8,02,3E,80,55,55,55,55,55,
8597467,00000118,false,Rx,1,4,00,49,4C,00,00,00,00,00,
8607356,00000118,false,Rx,1,4,00,4A,4C,00,00,00,00,00,
8617357,00000118,false,Rx,1,4,00,4B,4C,00,00,00,00,00,
8627350,00000118,false,Rx,1,4,00,4C,4C,00,00,00,00,00,
8637840,00000118,false,Rx,1,4,00,4D,4C,00,00,00,00,00,
8647580,00000118,false,Rx,1,4,00,4E,4C,00,00,00,00,00,
8655084,000005BE,false,Rx,1,8,00,00,00,00,00,00,00,00,
8655193,0000054B,false,Rx,1,8,00,00,00,00,00,00,00,00,
8655300,000003DB,false,Rx,1,8,00,00,00,00,00,00,00,00,
8655404,000003C8,false,Rx,1,8,00,00,00,00,00,00,00,00,
8655512,000003BE,false,Rx,1,8,00,00,00,00,00,00,00,00,
8655618,00000392,false,Rx,1,8,00,00,00,00,00,00,00,00,
8655715,0000018C,false,Rx,1,8,00,00,00,00,00,00,00,00,
8658326,00000118,false,Rx,1,4,00,4F,4C,00,00,00,00,00,
8667951,00000118,false,Rx,1,4,00,40,4C,00,00,00,00,00,
8678110,00000118,false,Rx,1,4,00,41,4C,00,00,00,00,00,
8687915,00000118,false,Rx,1,4,00,42,4C,00,00,00,00,00,
8698872,00000118,false,Rx,1,4,00,43,4C,00,00,00,00,00,
8714401,00000118,false,Rx,1,4,00,44,4C,00,00,00,00,00,
8718120,00000118,false,Rx,1,4,00,45,4C,00,00,00,00,00,
8727902,00000118,false,Rx,1,4,00,46,4C,00,00,00,00,00,
8738629,00000118,false,Rx,1,4,00,47,4C,00,00,00,00,00,
8748289,00000118,false,Rx,1,4,00,48,4C,00,00,00,00,00,
8755099,000005BE,false,Rx,1,8,00,00,00,00,00,00,00,00,
8755208,0000054B,false,Rx,1,8,00,00,00,00,00,00,00,00,
8755315,000003DB,false,Rx,1,8,00,00,00,00,00,00,00,00,
8755418,000003C8,false,Rx,1,8,00,00,00,00,00,00,00,00,
8755527,000003BE,false,Rx,1,8,00,00,00,00,00,00,00,00,
8755633,00000392,false,Rx,1,8,00,00,00,00,00,00,00,00,
8755729,0000018C,false,Rx,1,8,00,00,00,00,00,00,00,00,
8758614,00000118,false,Rx,1,4,00,49,4C,00,00,00,00,00,
8768254,00000118,false,Rx,1,4,00,4A,4C,00,00,00,00,00,
8778615,00000118,false,Rx,1,4,00,4B,4C,00,00,00,00,00,
8788244,00000118,false,Rx,1,4,00,4C,4C,00,00,00,00,00,
8798619,00000118,false,Rx,1,4,00,4D,4C,00,00,00,00,00,
8808226,00000118,false,Rx,1,4,00,4E,4C,00,00,00,00,00,
8818631,00000118,false,Rx,1,4,00,4F,4C,00,00,00,00,00,
8828214,00000118,false,Rx,1,4,00,40,4C,00,00,00,00,00,
8838370,00000118,false,Rx,1,4,00,41,4C,00,00,00,00,00,
8848212,00000118,false,Rx,1,4,00,42,4C,00,00,00,00,00,
8855087,000005BE,false,Rx,1,8,00,00,00,00,00,00,00,00,
8855196,0000054B,false,Rx,1,8,00,00,00,00,00,00,00,00,
8855302,000003DB,false,Rx,1,8,00,00,00,00,00,00,00,00,
8855407,000003C8,false,Rx,1,8,00,00,00,00,00,00,00,00,
8855515,000003BE,false,Rx,1,8,00,00,00,00,00,00,00,00,
8855621,00000392,false,Rx,1,8,00,00,00,00,00,00,00,00,
8855717,0000018C,false,Rx,1,8,00,00,00,00,00,00,00,00,
8858373,00000118,false,Rx,1,4,00,43,4C,00,00,00,00,00,
8868178,00000118,false,Rx,1,4,00,44,4C,00,00,00,00,00,
8878369,00000118,false,Rx,1,4,00,45,4C,00,00,00,00,00,
8888564,00000118,false,Rx,1,4,00,46,4C,00,00,00,00,00,
8898860,00000118,false,Rx,1,4,00,47,4C,00,00,00,00,00,
8908531,00000118,false,Rx,1,4,00,48,4C,00,00,00,00,00,
8919340,00000118,false,Rx,1,4,00,49,4C,00,00,00,00,00,
8929297,00000118,false,Rx,1,4,00,4A,4C,00,00,00,00,00,
8939591,00000118,false,Rx,1,4,00,4B,4C,00,00,00,00,00,
8949279,00000118,false,Rx,1,4,00,4C,4C,00,00,00,00,00,
8955083,000005BE,false,Rx,1,8,00,00,00,00,00,00,00,00,
8955191,0000054B,false,Rx,1,8,00,00,00,00,00,00,00,00,
8955298,000003DB,false,Rx,1,8,00,00,00,00,00,00,00,00,
8955397,000003C8,false,Rx,1,8,00,00,00,00,00,00,00,00,
8955510,000003BE,false,Rx,1,8,00,00,00,00,00,00,00,00,
8955612,00000392,false,Rx,1,8,00,00,00,00,00,00,00,00,
8955713,0000018C,false,Rx,1,8,00,00,00,00,00,00,00,00,
8959586,00000118,false,Rx,1,4,00,4D,4C,00,00,00,00,00,
8969265,00000118,false,Rx,1,4,00,4E,4C,00,00,00,00,00,
8973426,00000700,false,Rx,0,8,02,3E,80,55,55,55,55,55,
8979611,00000118,false,Rx,1,4,00,4F,4C,00,00,00,00,00,
8989232,00000118,false,Rx,1,4,00,40,4C,00,00,00,00,00,
8999621,00000118,false,Rx,1,4,00,41,4C,00,00,00,00,00,
9009234,00000118,false,Rx,1,4,00,42,4C,00,00,00,00,00,
9019594,00000118,false,Rx,1,4,00,43,4C,00,00,00,00,00,
9029202,00000118,false,Rx,1,4,00,44,4C,00,00,00,00,00,
9039598,00000118,false,Rx,1,4,00,45,4C,00,00,00,00,00,
9049222,00000118,false,Rx,1,4,00,46,4C,00,00,00,00,00,
9055082,000005BE,false,Rx,1,8,00,00,00,00,00,00,00,00,
9055191,0000054B,false,Rx,1,8,00,00,00,00,00,00,00,00,
9055297,000003DB,false,Rx,1,8,00,00,00,00,00,00,00,00,
9055397,000003C8,false,Rx,1,8,00,00,00,00,00,00,00,00,
9055509,000003BE,false,Rx,1,8,00,00,00,00,00,00,00,00,
9055616,00000392,false,Rx,1,8,00,00,00,00,00,00,00,00,
9055712,0000018C,false,Rx,1,8,00,00,00,00,00,00,00,00,
9059601,00000118,false,Rx,1,4,00,47,4C,00,00,00,00,00,
9069209,00000118,false,Rx,1,4,00,48,4C,00,00,00,00,00,
9079599,00000118,false,Rx,1,4,00,49,4C,00,00,00,00,00,
9079893,17F0000F,true,Rx,1,8,00,0F,00,00,00,00,00,80,
9089180,00000118,false,Rx,1,4,00,4A,4C,00,00,00,00,00,
9099594,00000118,false,Rx,1,4,00,4B,4C,00,00,00,00,00,
9109557,00000118,false,Rx,1,4,00,4C,4C,00,00,00,00,00,
9119847,00000118,false,Rx,1,4,00,4D,4C,00,00,00,00,00,
9129509,00000118,false,Rx,1,4,00,4E,4C,00,00,00,00,00,
9139811,00000118,false,Rx,1,4,00,4F,4C,00,00,00,00,00,
9149510,00000118,false,Rx,1,4,00,40,4C,00,00,00,00,00,
9155082,000005BE,false,Rx,1,8,00,00,00,00,00,00,00,00,
9155191,0000054B,false,Rx,1,8,00,00,00,00,00,00,00,00,
9155297,000003DB,false,Rx,1,8,00,00,00,00,00,00,00,00,
9155401,000003C8,false,Rx,1,8,00,00,00,00,00,00,00,00,
9155510,000003BE,false,Rx,1,8,00,00,00,00,00,00,00,00,
9155611,00000392,false,Rx,1,8,00,00,00,00,00,00,00,00,
9155712,0000018C,false,Rx,1,8,00,00,00,00,00,00,00,00,
9159799,00000118,false,Rx,1,4,00,41,4C,00,00,00,00,00,
9169493,00000118,false,Rx,1,4,00,42,4C,00,00,00,00,00,
9179784,00000118,false,Rx,1,4,00,43,4C,00,00,00,00,00,
9189459,00000118,false,Rx,1,4,00,44,4C,00,00,00,00,00,
9199891,00000118,false,Rx,1,4,00,45,4C,00,00,00,00,00,
9209522,00000118,false,Rx,1,4,00,46,4C,00,00,00,00,00,
9219700,00000118,false,Rx,1,4,00,47,4C,00,00,00,00,00,
9229543,00000118,false,Rx,1,4,00,48,4C,00,00,00,00,00,
9239866,00000118,false,Rx,1,4,00,49,4C,00,00,00,00,00,
9249488,00000118,false,Rx,1,4,00,4A,4C,00,00,00,00,00,
9255092,000005BE,false,Rx,1,8,00,00,00,00,00,00,00,00,
9255201,0000054B,false,Rx,1,8,00,00,00,00,00,00,00,00,
9255307,000003DB,false,Rx,1,8,00,00,00,00,00,00,00,00,
9255412,000003C8,false,Rx,1,8,00,00,00,00,00,00,00,00,
9255520,000003BE,false,Rx,1,8,00,00,00,00,00,00,00,00,
9255626,00000392,false,Rx,1,8,00,00,00,00,00,00,00,00,
9255722,0000018C,false,Rx,1,8,00,00,00,00,00,00,00,00,
9259854,00000118,false,Rx,1,4,00,4B,4C,00,00,00,00,00,
9269456,00000118,false,Rx,1,4,00,4C,4C,00,00,00,00,00,
9279854,00000118,false,Rx,1,4,00,4D,4C,00,00,00,00,00,
9289842,00000118,false,Rx,1,4,00,4E,4C,00,00,00,00,00,
9300114,00000118,false,Rx,1,4,00,4F,4C,00,00,00,00,00,
9309807,00000118,false,Rx,1,4,00,40,4C,00,00,00,00,00,
9320097,00000118,false,Rx,1,4,00,41,4C,00,00,00,00,00,
9329811,00000118,false,Rx,1,4,00,42,4C,00,00,00,00,00,
9340103,00000118,false,Rx,1,4,00,43,4C,00,00,00,00,00,
9349794,00000118,false,Rx,1,4,00,44,4C,00,00,00,00,00,
9355075,000005BE,false,Rx,1,8,00,00,00,00,00,00,00,00,
9355185,0000054B,false,Rx,1,8,00,00,00,00,00,00,00,00,
9355291,000003DB,false,Rx,1,8,00,00,00,00,00,00,00,00,
9355395,000003C8,false,Rx,1,8,00,00,00,00,00,00,00,00,
9355503,000003BE,false,Rx,1,8,00,00,00,00,00,00,00,00,
9355610,00000392,false,Rx,1,8,00,00,00,00,00,00,00,00,
9355706,0000018C,false,Rx,1,8,00,00,00,00,00,00,00,00,
9360103,00000118,false,Rx,1,4,00,45,4C,00,00,00,00,00,
9369798,00000118,false,Rx,1,4,00,46,4C,00,00,00,00,00,
9380100,00000118,false,Rx,1,4,00,47,4C,00,00,00,00,00,
9380246,00000700,false,Rx,0,8,02,3E,80,55,55,55,55,55,
9390187,00000118,false,Rx,1,4,00,48,4C,00,00,00,00,00,
9400587,00000118,false,Rx,1,4,00,49,4C,00,00,00,00,00,
9410528,00000118,false,Rx,1,4,00,4A,4C,00,00,00,00,00,
9420843,00000118,false,Rx,1,4,00,4B,4C,00,00,00,00,00,
9430495,00000118,false,Rx,1,4,00,4C,4C,00,00,00,00,00,
9440790,00000118,false,Rx,1,4,00,4D,4C,00,00,00,00,00,
9450482,00000118,false,Rx,1,4,00,4E,4C,00,00,00,00,00,
9455084,000005BE,false,Rx,1,8,00,00,00,00,00,00,00,00,
9455193,0000054B,false,Rx,1,8,00,00,00,00,00,00,00,00,
9455299,000003DB,false,Rx,1,8,00,00,00,00,00,00,00,00,
9455398,000003C8,false,Rx,1,8,00,00,00,00,00,00,00,00,
9455512,000003BE,false,Rx,1,8,00,00,00,00,00,00,00,00,
9455613,00000392,false,Rx,1,8,00,00,00,00,00,00,00,00,
9455714,0000018C,false,Rx,1,8,00,00,00,00,00,00,00,00,
9460771,00000118,false,Rx,1,4,00,4F,4C,00,00,00,00,00,
9470467,00000118,false,Rx,1,4,00,40,4C,00,00,00,00,00,
9480756,00000118,false,Rx,1,4,00,41,4C,00,00,00,00,00,
9490830,00000118,false,Rx,1,4,00,42,4C,00,00,00,00,00,
9501158,00000118,false,Rx,1,4,00,43,4C,00,00,00,00,00,
9510816,00000118,false,Rx,1,4,00,44,4C,00,00,00,00,00,
9521141,00000118,false,Rx,1,4,00,45,4C,00,00,00,00,00,
9530799,00000118,false,Rx,1,4,00,46,4C,00,00,00,00,00,
9541112,00000118,false,Rx,1,4,00,47,4C,00,00,00,00,00,
9550806,00000118,false,Rx,1,4,00,48,4C,00,00,00,00,00,
9555075,000005BE,false,Rx,1,8,00,00,00,00,00,00,00,00,
9555184,0000054B,false,Rx,1,8,00,00,00,00,00,00,00,00,
9555290,000003DB,false,Rx,1,8,00,00,00,00,00,00,00,00,
9555394,000003C8,false,Rx,1,8,00,00,00,00,00,00,00,00,
9555503,000003BE,false,Rx,1,8,00,00,00,00,00,00,00,00,
9555605,00000392,false,Rx,1,8,00,00,00,00,00,00,00,00,
9555705,0000018C,false,Rx,1,8,00,00,00,00,00,00,00,00,
9561092,00000118,false,Rx,1,4,00,49,4C,00,00,00,00,00,
9570788,00000118,false,Rx,1,4,00,4A,4C,00,00,00,00,00,
9581079,00000118,false,Rx,1,4,00,4B,4C,00,00,00,00,00,
9581372,17F0000F,true,Rx,1,8,00,0F,00,00,00,00,00,80,
9590852,00000118,false,Rx,1,4,00,4C,4C,00,00,00,00,00,
9601480,00000118,false,Rx,1,4,00,4D,4C,00,00,00,00,00,
9611140,00000118,false,Rx,1,4,00,4E,4C,00,00,00,00,00,
9621466,00000118,false,Rx,1,4,00,4F,4C,00,00,00,00,00,
9631126,00000118,false,Rx,1,4,00,40,4C,00,00,00,00,00,
9641434,00000118,false,Rx,1,4,00,41,4C,00,00,00,00,00,
9651128,00000118,false,Rx,1,4,00,42,4C,00,00,00,00,00,
9655073,000005BE,false,Rx,1,8,00,00,00,00,00,00,00,00,
9655182,0000054B,false,Rx,1,8,00,00,00,00,00,00,00,00,
9655289,000003DB,false,Rx,1,8,00,00,00,00,00,00,00,00,
9655393,000003C8,false,Rx,1,8,00,00,00,00,00,00,00,00,
9655501,000003BE,false,Rx,1,8,00,00,00,00,00,00,00,00,
9655607,00000392,false,Rx,1,8,00,00,00,00,00,00,00,00,
9655704,0000018C,false,Rx,1,8,00,00,00,00,00,00,00,00,
9661418,00000118,false,Rx,1,4,00,43,4C,00,00,00,00,00,
9671112,00000118,false,Rx,1,4,00,44,4C,00,00,00,00,00,
9681401,00000118,false,Rx,1,4,00,45,4C,00,00,00,00,00,
9691080,00000118,false,Rx,1,4,00,46,4C,00,00,00,00,00,
9701430,00000118,false,Rx,1,4,00,47,4C,00,00,00,00,00,
9715370,00000118,false,Rx,1,4,00,48,4C,00,00,00,00,00,
9721420,00000118,false,Rx,1,4,00,49,4C,00,00,00,00,00,
9731049,00000118,false,Rx,1,4,00,4A,4C,00,00,00,00,00,
9741371,00000118,false,Rx,1,4,00,4B,4C,00,00,00,00,00,
9751050,00000118,false,Rx,1,4,00,4C,4C,00,00,00,00,00,
9755090,000005BE,false,Rx,1,8,00,00,00,00,00,00,00,00,
9755199,0000054B,false,Rx,1,8,00,00,00,00,00,00,00,00,
9755305,000003DB,false,Rx,1,8,00,00,00,00,00,00,00,00,
9755409,000003C8,false,Rx,1,8,00,00,00,00,00,00,00,00,
9755518,000003BE,false,Rx,1,8,00,00,00,00,00,00,00,00,
9755624,00000392,false,Rx,1,8,00,00,00,00,00,00,00,00,
9755720,0000018C,false,Rx,1,8,00,00,00,00,00,00,00,00,
9761338,00000118,false,Rx,1,4,00,4D,4C,00,00,00,00,00,
9771039,00000118,false,Rx,1,4,00,4E,4C,00,00,00,00,00,
9781326,00000118,false,Rx,1,4,00,4F,4C,00,00,00,00,00,
9791026,00000700,false,Rx,0,8,02,3E,80,55,55,55,55,55,
9791056,00000118,false,Rx,1,4,00,40,4C,00,00,00,00,00,
9801352,00000118,false,Rx,1,4,00,41,4C,00,00,00,00,00,
9811387,00000118,false,Rx,1,4,00,42,4C,00,00,00,00,00,
9821714,00000118,false,Rx,1,4,00,43,4C,00,00,00,00,00,
9831371,00000118,false,Rx,1,4,00,44,4C,00,00,00,00,00,
9841683,00000118,false,Rx,1,4,00,45,4C,00,00,00,00,00,
9851376,00000118,false,Rx,1,4,00,46,4C,00,00,00,00,00,
9855080,000005BE,false,Rx,1,8,00,00,00,00,00,00,00,00,
9855189,0000054B,false,Rx,1,8,00,00,00,00,00,00,00,00,
9855295,000003DB,false,Rx,1,8,00,00,00,00,00,00,00,00,
9855400,000003C8,false,Rx,1,8,00,00,00,00,00,00,00,00,
9855508,000003BE,false,Rx,1,8,00,00,00,00,00,00,00,00,
9855609,00000392,false,Rx,1,8,00,00,00,00,00,00,00,00,
9855710,0000018C,false,Rx,1,8,00,00,00,00,00,00,00,00,
9861667,00000118,false,Rx,1,4,00,47,4C,00,00,00,00,00,
9871363,00000118,false,Rx,1,4,00,48,4C,00,00,00,00,00,
9881649,00000118,false,Rx,1,4,00,49,4C,00,00,00,00,00,
9891326,00000118,false,Rx,1,4,00,4A,4C,00,00,00,00,00,
9901654,00000118,false,Rx,1,4,00,4B,4C,00,00,00,00,00,
9911312,00000118,false,Rx,1,4,00,4C,4C,00,00,00,00,00,
9921638,00000118,false,Rx,1,4,00,4D,4C,00,00,00,00,00,
9931697,00000118,false,Rx,1,4,00,4E,4C,00,00,00,00,00,
9942003,00000118,false,Rx,1,4,00,4F,4C,00,00,00,00,00,
9951710,00000118,false,Rx,1,4,00,40,4C,00,00,00,00,00,
9955074,000005BE,false,Rx,1,8,00,00,00,00,00,00,00,00,
9955178,0000054B,false,Rx,1,8,00,00,00,00,00,00,00,00,
9955289,000003DB,false,Rx,1,8,00,00,00,00,00,00,00,00,
9955393,000003C8,false,Rx,1,8,00,00,00,00,00,00,00,00,
9955501,000003BE,false,Rx,1,8,00,00,00,00,00,00,00,00,
9955602,00000392,false,Rx,1,8,00,00,00,00,00,00,00,00,
9955704,0000018C,false,Rx,1,8,00,00,00,00,00,00,00,00,
9961989,00000118,false,Rx,1,4,00,41,4C,00,00,00,00,00,
9971683,00000118,false,Rx,1,4,00,42,4C,00,00,00,00,00,
9981974,00000118,false,Rx,1,4,00,43,4C,00,00,00,00,00,
9991650,00000118,false,Rx,1,4,00,44,4C,00,00,00,00,00,
10001976,00000118,false,Rx,1,4,00,45,4C,00,00,00,00,00,
10012035,00000118,false,Rx,1,4,00,46,4C,00,00,00,00,00,
10022362,00000118,false,Rx,1,4,00,47,4C,00,00,00,00,00,
10032022,00000118,false,Rx,1,4,00,48,4C,00,00,00,00,00,
10042327,00000118,false,Rx,1,4,00,49,4C,00,00,00,00,00,
10052024,00000118,false,Rx,1,4,00,4A,4C,00,00,00,00,00,
10055074,000005BE,false,Rx,1,8,00,00,00,00,00,00,00,00,
10055183,0000054B,false,Rx,1,8,00,00,00,00,00,00,00,00,
10055289,000003DB,false,Rx,1,8,00,00,00,00,00,00,00,00,
10055393,000003C8,false,Rx,1,8,00,00,00,00,00,00,00,00,
10055501,000003BE,false,Rx,1,8,00,00,00,00,00,00,00,00,
10055608,00000392,false,Rx,1,8,00,00,00,00,00,00,00,00,
10055704,0000018C,false,Rx,1,8,00,00,00,00,00,00,00,00,
10062314,00000118,false,Rx,1,4,00,4B,4C,00,00,00,00,00,
10072406,00000118,false,Rx,1,4,00,4C,4C,00,00,00,00,00,
10082698,00000118,false,Rx,1,4,00,4D,4C,00,00,00,00,00,
10082991,17F0000F,true,Rx,1,8,00,0F,00,00,00,00,00,80,
10092383,00000118,false,Rx,1,4,00,4E,4C,00,00,00,00,00,
10102698,00000118,false,Rx,1,4,00,4F,4C,00,00,00,00,00,
10112359,00000118,false,Rx,1,4,00,40,4C,00,00,00,00,00,
10122686,00000118,false,Rx,1,4,00,41,4C,00,00,00,00,00,
10132343,00000118,false,Rx,1,4,00,42,4C,00,00,00,00,00,
10142651,00000118,false,Rx,1,4,00,43,4C,00,00,00,00,00,
10152349,00000118,false,Rx,1,4,00,44,4C,00,00,00,00,00,
10155074,000005BE,false,Rx,1,8,00,00,00,00,00,00,00,00,
10155183,0000054B,false,Rx,1,8,00,00,00,00,00,00,00,00,
10155289,000003DB,false,Rx,1,8,00,00,00,00,00,00,00,00,
10155394,000003C8,false,Rx,1,8,00,00,00,00,00,00,00,00,
10155502,000003BE,false,Rx,1,8,00,00,00,00,00,00,00,00,
10155603,00000392,false,Rx,1,8,00,00,00,00,00,00,00,00,
10155704,0000018C,false,Rx,1,8,00,00,00,00,00,00,00,00,
10163035,00000118,false,Rx,1,4,00,45,4C,00,00,00,00,00,
10172730,00000118,false,Rx,1,4,00,46,4C,00,00,00,00,00,
10183023,00000118,false,Rx,1,4,00,47,4C,00,00,00,00,00,
10193263,00000118,false,Rx,1,4,00,48,4C,00,00,00,00,00,
10200676,00000700,false,Rx,0,8,02,3E,80,55,55,55,55,55,
10202978,00000118,false,Rx,1,4,00,49,4C,00,00,00,00,00,
10213062,00000118,false,Rx,1,4,00,4A,4C,00,00,00,00,00,
10223139,00000118,false,Rx,1,4,00,4B,4C,00,00,00,00,00,
10232868,00000118,false,Rx,1,4,00,4C,4C,00,00,00,00,00,
10243106,00000118,false,Rx,1,4,00,4D,4C,00,00,00,00,00,
10253141,00000118,false,Rx,1,4,00,4E,4C,00,00,00,00,00,
10255422,000005BE,false,Rx,1,8,00,00,00,00,00,00,00,00,
10255530,0000054B,false,Rx,1,8,00,00,00,00,00,00,00,00,
10255637,000003DB,false,Rx,1,8,00,00,00,00,00,00,00,00,
10255736,000003C8,false,Rx,1,8,00,00,00,00,00,00,00,00,
10255849,000003BE,false,Rx,1,8,00,00,00,00,00,00,00,00,
10256029,00000392,false,Rx,1,8,00,00,00,00,00,00,00,00,
10256054,0000018C,false,Rx,1,8,00,00,00,00,00,00,00,00,
10263593,00000118,false,Rx,1,4,00,4F,4C,00,00,00,00,00,
10273599,00000118,false,Rx,1,4,00,40,4C,00,00,00,00,00,
10283837,00000118,false,Rx,1,4,00,41,4C,00,00,00,00,00,
10293841,00000118,false,Rx,1,4,00,42,4C,00,00,00,00,00,
10304149,00000118,false,Rx,1,4,00,43,4C,00,00,00,00,00,
10313840,00000118,false,Rx,1,4,00,44,4C,00,00,00,00,00,
10324131,00000118,false,Rx,1,4,00,45,4C,00,00,00,00,00,
10333835,00000118,false,Rx,1,4,00,46,4C,00,00,00,00,00,
10344099,00000118,false,Rx,1,4,00,47,4C,00,00,00,00,00,
10354349,00000118,false,Rx,1,4,00,48,4C,00,00,00,00,00,
10355440,000005BE,false,Rx,1,8,00,00,00,00,00,00,00,00,
10355547,0000054B,false,Rx,1,8,00,00,00,00,00,00,00,00,
10355653,000003DB,false,Rx,1,8,00,00,00,00,00,00,00,00,
10355758,000003C8,false,Rx,1,8,00,00,00,00,00,00,00,00,
10355865,000003BE,false,Rx,1,8,00,00,00,00,00,00,00,00,
10356024,00000392,false,Rx,1,8,00,00,00,00,00,00,00,00,
10356073,0000018C,false,Rx,1,8,00,00,00,00,00,00,00,00,
10364484,00000118,false,Rx,1,4,00,49,4C,00,00,00,00,00,
10374327,00000118,false,Rx,1,4,00,4A,4C,00,00,00,00,00,
10384498,00000118,false,Rx,1,4,00,4B,4C,00,00,00,00,00,
10394338,00000118,false,Rx,1,4,00,4C,4C,00,00,00,00,00,
10404469,00000118,false,Rx,1,4,00,4D,4C,00,00,00,00,00,
10414559,00000118,false,Rx,1,4,00,4E,4C,00,00,00,00,00,
10425237,00000118,false,Rx,1,4,00,4F,4C,00,00,00,00,00,
10435064,00000118,false,Rx,1,4,00,40,4C,00,00,00,00,00,
10445209,00000118,false,Rx,1,4,00,41,4C,00,00,00,00,00,
10455243,000005BE,false,Rx,1,8,00,00,00,00,00,00,00,00,
10455406,00000118,false,Rx,1,4,00,42,4C,00,00,00,00,00,
10455505,0000054B,false,Rx,1,8,00,00,00,00,00,00,00,00,
10455612,000003DB,false,Rx,1,8,00,00,00,00,00,00,00,00,
10455715,000003C8,false,Rx,1,8,00,00,00,00,00,00,00,00,
10455824,000003BE,false,Rx,1,8,00,00,00,00,00,00,00,00,
10456045,00000392,false,Rx,1,8,00,00,00,00,00,00,00,00,
10456059,0000018C,false,Rx,1,8,00,00,00,00,00,00,00,00,
10465958,00000118,false,Rx,1,4,00,43,4C,00,00,00,00,00,
10475775,00000118,false,Rx,1,4,00,44,4C,00,00,00,00,00,
10485915,00000118,false,Rx,1,4,00,45,4C,00,00,00,00,00,
10495741,00000118,false,Rx,1,4,00,46,4C,00,00,00,00,00,
10505939,00000118,false,Rx,1,4,00,47,4C,00,00,00,00,00,
10516127,00000118,false,Rx,1,4,00,48,4C,00,00,00,00,00,
10526702,00000118,false,Rx,1,4,00,49,4C,00,00,00,00,00,
10536510,00000118,false,Rx,1,4,00,4A,4C,00,00,00,00,00,
10546689,00000118,false,Rx,1,4,00,4B,4C,00,00,00,00,00,
10555366,000005BE,false,Rx,1,8,00,00,00,00,00,00,00,00,
10555464,0000054B,false,Rx,1,8,00,00,00,00,00,00,00,00,
10555596,000003DB,false,Rx,1,8,00,00,00,00,00,00,00,00,
10555690,000003C8,false,Rx,1,8,00,00,00,00,00,00,00,00,
10555804,000003BE,false,Rx,1,8,00,00,00,00,00,00,00,00,
10556023,00000392,false,Rx,1,8,00,00,00,00,00,00,00,00,
10556037,0000018C,false,Rx,1,8,00,00,00,00,00,00,00,00,
10556904,00000118,false,Rx,1,4,00,4C,4C,00,00,00,00,00,
10567066,00000118,false,Rx,1,4,00,4D,4C,00,00,00,00,00,
10576899,00000118,false,Rx,1,4,00,4E,4C,00,00,00,00,00,
10578540,00000700,false,Rx,0,8,02,3E,80,55,55,55,55,55,
10587151,00000118,false,Rx,1,4,00,4F,4C,00,00,00,00,00,
10587445,17F0000F,true,Rx,1,8,00,0F,00,00,00,00,00,80,
10597292,00000118,false,Rx,1,4,00,40,4C,00,00,00,00,00,
10607424,00000118,false,Rx,1,4,00,41,4C,00,00,00,00,00,
10617248,00000118,false,Rx,1,4,00,42,4C,00,00,00,00,00,
10627428,00000118,false,Rx,1,4,00,43,4C,00,00,00,00,00,
10637232,00000118,false,Rx,1,4,00,44,4C,00,00,00,00,00,
10647412,00000118,false,Rx,1,4,00,45,4C,00,00,00,00,00,
10655250,000005BE,false,Rx,1,8,00,00,00,00,00,00,00,00,
10655358,0000054B,false,Rx,1,8,00,00,00,00,00,00,00,00,
10655465,000003DB,false,Rx,1,8,00,00,00,00,00,00,00,00,
10655565,000003C8,false,Rx,1,8,00,00,00,00,00,00,00,00,
10655677,000003BE,false,Rx,1,8,00,00,00,00,00,00,00,00,
10655779,00000392,false,Rx,1,8,00,00,00,00,00,00,00,00,
10655880,0000018C,false,Rx,1,8,00,00,00,00,00,00,00,00,
10657219,00000118,false,Rx,1,4,00,46,4C,00,00,00,00,00,
10667381,00000118,false,Rx,1,4,00,47,4C,00,00,00,00,00,
10677223,00000118,false,Rx,1,4,00,48,4C,00,00,00,00,00,
10687362,00000118,false,Rx,1,4,00,49,4C,00,00,00,00,00,
10697787,00000118,false,Rx,1,4,00,4A,4C,00,00,00,00,00,
10712988,00000118,false,Rx,1,4,00,4B,4C,00,00,00,00,00,
10718368,00000118,false,Rx,1,4,00,4C,4C,00,00,00,00,00,
10727406,00000118,false,Rx,1,4,00,4D,4C,00,00,00,00,00,
10737159,00000118,false,Rx,1,4,00,4E,4C,00,00,00,00,00,
10747734,00000118,false,Rx,1,4,00,4F,4C,00,00,00,00,00,
10756546,000005BE,false,Rx,1,8,00,00,00,00,00,00,00,00,
10756656,0000054B,false,Rx,1,8,00,00,00,00,00,00,00,00,
10756762,000003DB,false,Rx,1,8,00,00,00,00,00,00,00,00,
10756866,000003C8,false,Rx,1,8,00,00,00,00,00,00,00,00,
10757012,000003BE,false,Rx,1,8,00,00,00,00,00,00,00,00,
10757098,00000392,false,Rx,1,8,00,00,00,00,00,00,00,00,
10757177,0000018C,false,Rx,1,8,00,00,00,00,00,00,00,00,
10757543,00000118,false,Rx,1,4,00,40,4C,00,00,00,00,00,
10767706,00000118,false,Rx,1,4,00,41,4C,00,00,00,00,00,
10777549,00000118,false,Rx,1,4,00,42,4C,00,00,00,00,00,
10787696,00000118,false,Rx,1,4,00,43,4C,00,00,00,00,00,
10797531,00000118,false,Rx,1,4,00,44,4C,00,00,00,00,00,
10807670,00000118,false,Rx,1,4,00,45,4C,00,00,00,00,00,
10817495,00000118,false,Rx,1,4,00,46,4C,00,00,00,00,00,
10828076,00000118,false,Rx,1,4,00,47,4C,00,00,00,00,00,
10837881,00000118,false,Rx,1,4,00,48,4C,00,00,00,00,00,
10848058,00000118,false,Rx,1,4,00,49,4C,00,00,00,00,00,
10856528,000005BE,false,Rx,1,8,00,00,00,00,00,00,00,00,
10856637,0000054B,false,Rx,1,8,00,00,00,00,00,00,00,00,
10856743,000003DB,false,Rx,1,8,00,00,00,00,00,00,00,00,
10856847,000003C8,false,Rx,1,8,00,00,00,00,00,00,00,00,
10857024,000003BE,false,Rx,1,8,00,00,00,00,00,00,00,00,
10857068,00000392,false,Rx,1,8,00,00,00,00,00,00,00,00,
10857166,0000018C,false,Rx,1,8,00,00,00,00,00,00,00,00,
10857865,00000118,false,Rx,1,4,00,4A,4C,00,00,00,00,00,
10868028,00000118,false,Rx,1,4,00,4B,4C,00,00,00,00,00,
10877871,00000118,false,Rx,1,4,00,4C,4C,00,00,00,00,00,
10888010,00000118,false,Rx,1,4,00,4D,4C,00,00,00,00,00,
10897855,00000118,false,Rx,1,4,00,4E,4C,00,00,00,00,00,
10907994,00000118,false,Rx,1,4,00,4F,4C,00,00,00,00,00,
10917822,00000118,false,Rx,1,4,00,40,4C,00,00,00,00,00,
10928000,00000118,false,Rx,1,4,00,41,4C,00,00,00,00,00,
10938203,00000118,false,Rx,1,4,00,42,4C,00,00,00,00,00,
10948388,00000118,false,Rx,1,4,00,43,4C,00,00,00,00,00,
10954454,00000700,false,Rx,0,8,02,3E,80,55,55,55,55,55,
10956559,000005BE,false,Rx,1,8,00,00,00,00,00,00,00,00,
10956667,0000054B,false,Rx,1,8,00,00,00,00,00,00,00,00,
10956773,000003DB,false,Rx,1,8,00,00,00,00,00,00,00,00,
10956877,000003C8,false,Rx,1,8,00,00,00,00,00,00,00,00,
10957024,000003BE,false,Rx,1,8,00,00,00,00,00,00,00,00,
10957089,00000392,false,Rx,1,8,00,00,00,00,00,00,00,00,
10957190,0000018C,false,Rx,1,8,00,00,00,00,00,00,00,00,
10958210,00000118,false,Rx,1,4,00,44,4C,00,00,00,00,00,
10968385,00000118,false,Rx,1,4,00,45,4C,00,00,00,00,00,
10978195,00000118,false,Rx,1,4,00,46,4C,00,00,00,00,00,
10988334,00000118,false,Rx,1,4,00,47,4C,00,00,00,00,00,
10998179,00000118,false,Rx,1,4,00,48,4C,00,00,00,00,00,
11008317,00000118,false,Rx,1,4,00,49,4C,00,00,00,00,00,
11018143,00000118,false,Rx,1,4,00,4A,4C,00,00,00,00,00,
11028323,00000118,false,Rx,1,4,00,4B,4C,00,00,00,00,00,
11038129,00000118,false,Rx,1,4,00,4C,4C,00,00,00,00,00,
11048706,00000118,false,Rx,1,4,00,4D,4C,00,00,00,00,00,
11056535,000005BE,false,Rx,1,8,00,00,00,00,00,00,00,00,
11056643,0000054B,false,Rx,1,8,00,00,00,00,00,00,00,00,
11056750,000003DB,false,Rx,1,8,00,00,00,00,00,00,00,00,
11056855,000003C8,false,Rx,1,8,00,00,00,00,00,00,00,00,
11057024,000003BE,false,Rx,1,8,00,00,00,00,00,00,00,00,
11057067,00000392,false,Rx,1,8,00,00,00,00,00,00,00,00,
11057166,0000018C,false,Rx,1,8,00,00,00,00,00,00,00,00,
11058514,00000118,false,Rx,1,4,00,4E,4C,00,00,00,00,00,
11069073,00000118,false,Rx,1,4,00,4F,4C,00,00,00,00,00,
11079319,00000118,false,Rx,1,4,00,40,4C,00,00,00,00,00,
11089459,00000118,false,Rx,1,4,00,41,4C,00,00,00,00,00,
11089753,17F0000F,true,Rx,1,8,00,0F,00,00,00,00,00,80,
11099308,00000118,false,Rx,1,4,00,42,4C,00,00,00,00,00,
11109443,00000118,false,Rx,1,4,00,43,4C,00,00,00,00,00,
11119377,00000118,false,Rx,1,4,00,44,4C,00,00,00,00,00,
11129444,00000118,false,Rx,1,4,00,45,4C,00,00,00,00,00,
11139251,00000118,false,Rx,1,4,00,46,4C,00,00,00,00,00,
11149431,00000118,false,Rx,1,4,00,47,4C,00,00,00,00,00,
11156531,000005BE,false,Rx,1,8,00,00,00,00,00,00,00,00,
11156639,0000054B,false,Rx,1,8,00,00,00,00,00,00,00,00,
11156746,000003DB,false,Rx,1,8,00,00,00,00,00,00,00,00,
11156849,000003C8,false,Rx,1,8,00,00,00,00,00,00,00,00,
11157024,000003BE,false,Rx,1,8,00,00,00,00,00,00,00,00,
11157061,00000392,false,Rx,1,8,00,00,00,00,00,00,00,00,
11157161,0000018C,false,Rx,1,8,00,00,00,00,00,00,00,00,
11159238,00000118,false,Rx,1,4,00,48,4C,00,00,00,00,00,
11169394,00000118,false,Rx,1,4,00,49,4C,00,00,00,00,00,
11179241,00000118,false,Rx,1,4,00,4A,4C,00,00,00,00,00,
11189383,00000118,false,Rx,1,4,00,4B,4C,00,00,00,00,00,
11199249,00000118,false,Rx,1,4,00,4C,4C,00,00,00,00,00,
11211563,00000118,false,Rx,1,4,00,4D,4C,00,00,00,00,00,
11219652,00000118,false,Rx,1,4,00,4E,4C,00,00,00,00,00,
11229370,00000118,false,Rx,1,4,00,4F,4C,00,00,00,00,00,
11239575,00000118,false,Rx,1,4,00,40,4C,00,00,00,00,00,
11250155,00000118,false,Rx,1,4,00,41,4C,00,00,00,00,00,
11257236,000005BE,false,Rx,1,8,00,00,00,00,00,00,00,00,
11257345,0000054B,false,Rx,1,8,00,00,00,00,00,00,00,00,
11257450,000003DB,false,Rx,1,8,00,00,00,00,00,00,00,00,
11257555,000003C8,false,Rx,1,8,00,00,00,00,00,00,00,00,
11257663,000003BE,false,Rx,1,8,00,00,00,00,00,00,00,00,
11257769,00000392,false,Rx,1,8,00,00,00,00,00,00,00,00,
11257865,0000018C,false,Rx,1,8,00,00,00,00,00,00,00,00,
11259965,00000118,false,Rx,1,4,00,42,4C,00,00,00,00,00,
11270141,00000118,false,Rx,1,4,00,43,4C,00,00,00,00,00,
11279960,00000118,false,Rx,1,4,00,44,4C,00,00,00,00,00,
11290103,00000118,false,Rx,1,4,00,45,4C,00,00,00,00,00,
11299955,00000118,false,Rx,1,4,00,46,4C,00,00,00,00,00,
11310091,00000118,false,Rx,1,4,00,47,4C,00,00,00,00,00,
11319953,00000118,false,Rx,1,4,00,48,4C,00,00,00,00,00,
11330074,00000118,false,Rx,1,4,00,49,4C,00,00,00,00,00,
11330504,00000700,false,Rx,0,8,02,3E,80,55,55,55,55,55,
11339940,00000118,false,Rx,1,4,00,4A,4C,00,00,00,00,00,
11350479,00000118,false,Rx,1,4,00,4B,4C,00,00,00,00,00,
11357240,000005BE,false,Rx,1,8,00,00,00,00,00,00,00,00,
11357349,0000054B,false,Rx,1,8,00,00,00,00,00,00,00,00,
11357455,000003DB,false,Rx,1,8,00,00,00,00,00,00,00,00,
11357559,000003C8,false,Rx,1,8,00,00,00,00,00,00,00,00,
11357668,000003BE,false,Rx,1,8,00,00,00,00,00,00,00,00,
11357773,00000392,false,Rx,1,8,00,00,00,00,00,00,00,00,
11357870,0000018C,false,Rx,1,8,00,00,00,00,00,00,00,00,
11360284,00000118,false,Rx,1,4,00,4C,4C,00,00,00,00,00,
11370461,00000118,false,Rx,1,4,00,4D,4C,00,00,00,00,00,
11380274,00000118,false,Rx,1,4,00,4E,4C,00,00,00,00,00,
11390428,00000118,false,Rx,1,4,00,4F,4C,00,00,00,00,00,
11400274,00000118,false,Rx,1,4,00,40,4C,00,00,00,00,00,
11410414,00000118,false,Rx,1,4,00,41,4C,00,00,00,00,00,
11420256,00000118,false,Rx,1,4,00,42,4C,00,00,00,00,00,
11430398,00000118,false,Rx,1,4,00,43,4C,00,00,00,00,00,
11440223,00000118,false,Rx,1,4,00,44,4C,00,00,00,00,00,
11450404,00000118,false,Rx,1,4,00,45,4C,00,00,00,00,00,
11457245,000005BE,false,Rx,1,8,00,00,00,00,00,00,00,00,
11457355,0000054B,false,Rx,1,8,00,00,00,00,00,00,00,00,
11457461,000003DB,false,Rx,1,8,00,00,00,00,00,00,00,00,
11457560,000003C8,false,Rx,1,8,00,00,00,00,00,00,00,00,
11457673,000003BE,false,Rx,1,8,00,00,00,00,00,00,00,00,
11457779,00000392,false,Rx,1,8,00,00,00,00,00,00,00,00,
11457876,0000018C,false,Rx,1,8,00,00,00,00,00,00,00,00,
11460607,00000118,false,Rx,1,4,00,46,4C,00,00,00,00,00,
11470787,00000118,false,Rx,1,4,00,47,4C,00,00,00,00,00,
11481008,00000118,false,Rx,1,4,00,48,4C,00,00,00,00,00,
11491151,00000118,false,Rx,1,4,00,49,4C,00,00,00,00,00,
11500995,00000118,false,Rx,1,4,00,4A,4C,00,00,00,00,00,
11511136,00000118,false,Rx,1,4,00,4B,4C,00,00,00,00,00,
11520981,00000118,false,Rx,1,4,00,4C,4C,00,00,00,00,00,
11531120,00000118,false,Rx,1,4,00,4D,4C,00,00,00,00,00,
11540955,00000118,false,Rx,1,4,00,4E,4C,00,00,00,00,00,
11551124,00000118,false,Rx,1,4,00,4F,4C,00,00,00,00,00,
11557258,000005BE,false,Rx,1,8,00,00,00,00,00,00,00,00,
11557367,0000054B,false,Rx,1,8,00,00,00,00,00,00,00,00,
11557473,000003DB,false,Rx,1,8,00,00,00,00,00,00,00,00,
11557577,000003C8,false,Rx,1,8,00,00,00,00,00,00,00,00,
11557686,000003BE,false,Rx,1,8,00,00,00,00,00,00,00,00,
11557792,00000392,false,Rx,1,8,00,00,00,00,00,00,00,00,
11557889,0000018C,false,Rx,1,8,00,00,00,00,00,00,00,00,
11560950,00000118,false,Rx,1,4,00,40,4C,00,00,00,00,00,
11571512,00000118,false,Rx,1,4,00,41,4C,00,00,00,00,00,
11581717,00000118,false,Rx,1,4,00,42,4C,00,00,00,00,00,
11591968,00000118,false,Rx,1,4,00,43,4C,00,00,00,00,00,
11592259,17F0000F,true,Rx,1,8,00,0F,00,00,00,00,00,80,
11601725,00000118,false,Rx,1,4,00,44,4C,00,00,00,00,00,
11611860,00000118,false,Rx,1,4,00,45,4C,00,00,00,00,00,
11621703,00000118,false,Rx,1,4,00,46,4C,00,00,00,00,00,
11631845,00000118,false,Rx,1,4,00,47,4C,00,00,00,00,00,
11641671,00000118,false,Rx,1,4,00,48,4C,00,00,00,00,00,
11651848,00000118,false,Rx,1,4,00,49,4C,00,00,00,00,00,
11657246,000005BE,false,Rx,1,8,00,00,00,00,00,00,00,00,
11657355,0000054B,false,Rx,1,8,00,00,00,00,00,00,00,00,
11657462,000003DB,false,Rx,1,8,00,00,00,00,00,00,00,00,
11657566,000003C8,false,Rx,1,8,00,00,00,00,00,00,00,00,
11657674,000003BE,false,Rx,1,8,00,00,00,00,00,00,00,00,
11657780,00000392,false,Rx,1,8,00,00,00,00,00,00,00,00,
11657876,0000018C,false,Rx,1,8,00,00,00,00,00,00,00,00,
11661655,00000118,false,Rx,1,4,00,4A,4C,00,00,00,00,00,
11671834,00000118,false,Rx,1,4,00,4B,4C,00,00,00,00,00,
11681638,00000118,false,Rx,1,4,00,4C,4C,00,00,00,00,00,
11691804,00000118,false,Rx,1,4,00,4D,4C,00,00,00,00,00,
11702078,00000118,false,Rx,1,4,00,4E,4C,00,00,00,00,00,
11713029,00000118,false,Rx,1,4,00,4F,4C,00,00,00,00,00,
11722056,00000118,false,Rx,1,4,00,40,4C,00,00,00,00,00,
11724693,00000700,false,Rx,0,8,02,3E,80,55,55,55,55,55,
11732194,00000118,false,Rx,1,4,00,41,4C,00,00,00,00,00,
11741992,00000118,false,Rx,1,4,00,42,4C,00,00,00,00,00,
11752173,00000118,false,Rx,1,4,00,43,4C,00,00,00,00,00,
11758244,000005BE,false,Rx,1,8,00,00,00,00,00,00,00,00,
11758353,0000054B,false,Rx,1,8,00,00,00,00,00,00,00,00,
11758459,000003DB,false,Rx,1,8,00,00,00,00,00,00,00,00,
11758563,000003C8,false,Rx,1,8,00,00,00,00,00,00,00,00,
11758671,000003BE,false,Rx,1,8,00,00,00,00,00,00,00,00,
11758778,00000392,false,Rx,1,8,00,00,00,00,00,00,00,00,
11758874,0000018C,false,Rx,1,8,00,00,00,00,00,00,00,00,
11762377,00000118,false,Rx,1,4,00,44,4C,00,00,00,00,00,
11772988,00000118,false,Rx,1,4,00,45,4C,00,00,00,00,00,
11782763,00000118,false,Rx,1,4,00,46,4C,00,00,00,00,00,
11792959,00000118,false,Rx,1,4,00,47,4C,00,00,00,00,00,
11802768,00000118,false,Rx,1,4,00,48,4C,00,00,00,00,00,
11812905,00000118,false,Rx,1,4,00,49,4C,00,00,00,00,00,
11822751,00000118,false,Rx,1,4,00,4A,4C,00,00,00,00,00,
11832894,00000118,false,Rx,1,4,00,4B,4C,00,00,00,00,00,
11842717,00000118,false,Rx,1,4,00,4C,4C,00,00,00,00,00,
11852894,00000118,false,Rx,1,4,00,4D,4C,00,00,00,00,00,
11858236,000005BE,false,Rx,1,8,00,00,00,00,00,00,00,00,
11858344,0000054B,false,Rx,1,8,00,00,00,00,00,00,00,00,
11858451,000003DB,false,Rx,1,8,00,00,00,00,00,00,00,00,
11858554,000003C8,false,Rx,1,8,00,00,00,00,00,00,00,00,
11858663,000003BE,false,Rx,1,8,00,00,00,00,00,00,00,00,
11858769,00000392,false,Rx,1,8,00,00,00,00,00,00,00,00,
11858866,0000018C,false,Rx,1,8,00,00,00,00,00,00,00,00,
11862702,00000118,false,Rx,1,4,00,4E,4C,00,00,00,00,00,
11872880,00000118,false,Rx,1,4,00,4F,4C,00,00,00,00,00,
11882688,00000118,false,Rx,1,4,00,40,4C,00,00,00,00,00,
11892858,00000118,false,Rx,1,4,00,41,4C,00,00,00,00,00,
11902690,00000118,false,Rx,1,4,00,42,4C,00,00,00,00,00,
11912831,00000118,false,Rx,1,4,00,43,4C,00,00,00,00,00,
11922675,00000118,false,Rx,1,4,00,44,4C,00,00,00,00,00,
11932815,00000118,false,Rx,1,4,00,45,4C,00,00,00,00,00,
11942640,00000118,false,Rx,1,4,00,46,4C,00,00,00,00,00,
11952824,00000118,false,Rx,1,4,00,47,4C,00,00,00,00,00,
11958242,000005BE,false,Rx,1,8,00,00,00,00,00,00,00,00,
11958351,0000054B,false,Rx,1,8,00,00,00,00,00,00,00,00,
11958457,000003DB,false,Rx,1,8,00,00,00,00,00,00,00,00,
11958562,000003C8,false,Rx,1,8,00,00,00,00,00,00,00,00,
11958670,000003BE,false,Rx,1,8,00,00,00,00,00,00,00,00,
11958776,00000392,false,Rx,1,8,00,00,00,00,00,00,00,00,
11958872,0000018C,false,Rx,1,8,00,00,00,00,00,00,00,00,
11962627,00000118,false,Rx,1,4,00,48,4C,00,00,00,00,00,
11972803,00000118,false,Rx,1,4,00,49,4C,00,00,00,00,00,
11983409,00000118,false,Rx,1,4,00,4A,4C,00,00,00,00,00,
11993574,00000118,false,Rx,1,4,00,4B,4C,00,00,00,00,00,
12003413,00000118,false,Rx,1,4,00,4C,4C,00,00,00,00,00,
12013554,00000118,false,Rx,1,4,00,4D,4C,00,00,00,00,00,
12023400,00000118,false,Rx,1,4,00,4E,4C,00,00,00,00,00,
12033538,00000118,false,Rx,1,4,00,4F,4C,00,00,00,00,00,
12043365,00000118,false,Rx,1,4,00,40,4C,00,00,00,00,00,
12053955,00000118,false,Rx,1,4,00,41,4C,00,00,00,00,00,
12058244,000005BE,false,Rx,1,8,00,00,00,00,00,00,00,00,
12058352,0000054B,false,Rx,1,8,00,00,00,00,00,00,00,00,
12058459,000003DB,false,Rx,1,8,00,00,00,00,00,00,00,00,
12058563,000003C8,false,Rx,1,8,00,00,00,00,00,00,00,00,
12058672,000003BE,false,Rx,1,8,00,00,00,00,00,00,00,00,
12058777,00000392,false,Rx,1,8,00,00,00,00,00,00,00,00,
12058874,0000018C,false,Rx,1,8,00,00,00,00,00,00,00,00,
12063748,00000118,false,Rx,1,4,00,42,4C,00,00,00,00,00,
12073948,00000118,false,Rx,1,4,00,43,4C,00,00,00,00,00,
12083734,00000118,false,Rx,1,4,00,44,4C,00,00,00,00,00,
12093897,00000118,false,Rx,1,4,00,45,4C,00,00,00,00,00,
12094188,17F0000F,true,Rx,1,8,00,0F,00,00,00,00,00,80,
12103746,00000118,false,Rx,1,4,00,46,4C,00,00,00,00,00,
12113880,00000118,false,Rx,1,4,00,47,4C,00,00,00,00,00,
12123722,00000118,false,Rx,1,4,00,48,4C,00,00,00,00,00,
12129632,00000700,false,Rx,0,8,02,3E,80,55,55,55,55,55,
12133885,00000118,false,Rx,1,4,00,49,4C,00,00,00,00,00,
12144087,00000118,false,Rx,1,4,00,4A,4C,00,00,00,00,00,
12154267,00000118,false,Rx,1,4,00,4B,4C,00,00,00,00,00,
12158267,000005BE,false,Rx,1,8,00,00,00,00,00,00,00,00,
12158376,0000054B,false,Rx,1,8,00,00,00,00,00,00,00,00,
12158482,000003DB,false,Rx,1,8,00,00,00,00,00,00,00,00,
12158581,000003C8,false,Rx,1,8,00,00,00,00,00,00,00,00,
12158695,000003BE,false,Rx,1,8,00,00,00,00,00,00,00,00,
12158801,00000392,false,Rx,1,8,00,00,00,00,00,00,00,00,
12158897,0000018C,false,Rx,1,8,00,00,00,00,00,00,00,00,
12164072,00000118,false,Rx,1,4,00,4C,4C,00,00,00,00,00,
12174250,00000118,false,Rx,1,4,00,4D,4C,00,00,00,00,00,
12184058,00000118,false,Rx,1,4,00,4E,4C,00,00,00,00,00,
12194216,00000118,false,Rx,1,4,00,4F,4C,00,00,00,00,00,
12204109,00000118,false,Rx,1,4,00,40,4C,00,00,00,00,00,
12217464,00000118,false,Rx,1,4,00,41,4C,00,00,00,00,00,
12224122,00000118,false,Rx,1,4,00,42,4C,00,00,00,00,00,
12234196,00000118,false,Rx,1,4,00,43,4C,00,00,00,00,00,
12244010,00000118,false,Rx,1,4,00,44,4C,00,00,00,00,00,
12254189,00000118,false,Rx,1,4,00,45,4C,00,00,00,00,00,
12255109,000005BE,false,Rx,1,8,00,00,00,00,00,00,00,00,
12255218,0000054B,false,Rx,1,8,00,00,00,00,00,00,00,00,
12255324,000003DB,false,Rx,1,8,00,00,00,00,00,00,00,00,
12255429,000003C8,false,Rx,1,8,00,00,00,00,00,00,00,00,
12255537,000003BE,false,Rx,1,8,00,00,00,00,00,00,00,00,
12255643,00000392,false,Rx,1,8,00,00,00,00,00,00,00,00,
12255739,0000018C,false,Rx,1,8,00,00,00,00,00,00,00,00,
12263996,00000118,false,Rx,1,4,00,46,4C,00,00,00,00,00,
12274177,00000118,false,Rx,1,4,00,47,4C,00,00,00,00,00,
12283984,00000118,false,Rx,1,4,00,48,4C,00,00,00,00,00,
12294540,00000118,false,Rx,1,4,00,49,4C,00,00,00,00,00,
12304386,00000118,false,Rx,1,4,00,4A,4C,00,00,00,00,00,
12314530,00000118,false,Rx,1,4,00,4B,4C,00,00,00,00,00,
12324368,00000118,false,Rx,1,4,00,4C,4C,00,00,00,00,00,
12334509,00000118,false,Rx,1,4,00,4D,4C,00,00,00,00,00,
12344736,00000118,false,Rx,1,4,00,4E,4C,00,00,00,00,00,
12354913,00000118,false,Rx,1,4,00,4F,4C,00,00,00,00,00,
12355116,000005BE,false,Rx,1,8,00,00,00,00,00,00,00,00,
12355217,0000054B,false,Rx,1,8,00,00,00,00,00,00,00,00,
12355323,000003DB,false,Rx,1,8,00,00,00,00,00,00,00,00,
12355432,000003C8,false,Rx,1,8,00,00,00,00,00,00,00,00,
12355541,000003BE,false,Rx,1,8,00,00,00,00,00,00,00,00,
12355646,00000392,false,Rx,1,8,00,00,00,00,00,00,00,00,
12355743,0000018C,false,Rx,1,8,00,00,00,00,00,00,00,00,
12364721,00000118,false,Rx,1,4,00,40,4C,00,00,00,00,00,
12374900,00000118,false,Rx,1,4,00,41,4C,00,00,00,00,00,
12385113,00000118,false,Rx,1,4,00,42,4C,00,00,00,00,00,
12395381,00000118,false,Rx,1,4,00,43,4C,00,00,00,00,00,
12405510,00000118,false,Rx,1,4,00,44,4C,00,00,00,00,00,
12415648,00000118,false,Rx,1,4,00,45,4C,00,00,00,00,00,
12425491,00000118,false,Rx,1,4,00,46,4C,00,00,00,00,00,
12435646,00000118,false,Rx,1,4,00,47,4C,00,00,00,00,00,
12445882,00000118,false,Rx,1,4,00,48,4C,00,00,00,00,00,
12455080,000005BE,false,Rx,1,8,00,00,00,00,00,00,00,00,
12455188,0000054B,false,Rx,1,8,00,00,00,00,00,00,00,00,
12455295,000003DB,false,Rx,1,8,00,00,00,00,00,00,00,00,
12455399,000003C8,false,Rx,1,8,00,00,00,00,00,00,00,00,
12455508,000003BE,false,Rx,1,8,00,00,00,00,00,00,00,00,
12455613,00000392,false,Rx,1,8,00,00,00,00,00,00,00,00,
12455710,0000018C,false,Rx,1,8,00,00,00,00,00,00,00,00,
12456037,00000118,false,Rx,1,4,00,49,4C,00,00,00,00,00,
12465843,00000118,false,Rx,1,4,00,4A,4C,00,00,00,00,00,
12476022,00000118,false,Rx,1,4,00,4B,4C,00,00,00,00,00,
12485831,00000118,false,Rx,1,4,00,4C,4C,00,00,00,00,00,
12496007,00000118,false,Rx,1,4,00,4D,4C,00,00,00,00,00,
12505821,00000118,false,Rx,1,4,00,4E,4C,00,00,00,00,00,
12515973,00000118,false,Rx,1,4,00,4F,4C,00,00,00,00,00,
12525822,00000118,false,Rx,1,4,00,40,4C,00,00,00,00,00,
12535966,00000118,false,Rx,1,4,00,41,4C,00,00,00,00,00,
12540383,00000700,false,Rx,0,8,02,3E,80,55,55,55,55,55,
12545822,00000118,false,Rx,1,4,00,42,4C,00,00,00,00,00,
12555075,000005BE,false,Rx,1,8,00,00,00,00,00,00,00,00,
12555184,0000054B,false,Rx,1,8,00,00,00,00,00,00,00,00,
12555290,000003DB,false,Rx,1,8,00,00,00,00,00,00,00,00,
12555395,000003C8,false,Rx,1,8,00,00,00,00,00,00,00,00,
12555502,000003BE,false,Rx,1,8,00,00,00,00,00,00,00,00,
12555609,00000392,false,Rx,1,8,00,00,00,00,00,00,00,00,
12555705,0000018C,false,Rx,1,8,00,00,00,00,00,00,00,00,
12556044,00000118,false,Rx,1,4,00,43,4C,00,00,00,00,00,
12565777,00000118,false,Rx,1,4,00,44,4C,00,00,00,00,00,
12575957,00000118,false,Rx,1,4,00,45,4C,00,00,00,00,00,
12585844,00000118,false,Rx,1,4,00,46,4C,00,00,00,00,00,
12595952,00000118,false,Rx,1,4,00,47,4C,00,00,00,00,00,
12596226,17F0000F,true,Rx,1,8,00,0F,00,00,00,00,00,80,
12605746,00000118,false,Rx,1,4,00,48,4C,00,00,00,00,00,
12615901,00000118,false,Rx,1,4,00,49,4C,00,00,00,00,00,
12625740,00000118,false,Rx,1,4,00,4A,4C,00,00,00,00,00,
12635881,00000118,false,Rx,1,4,00,4B,4C,00,00,00,00,00,
12645725,00000118,false,Rx,1,4,00,4C,4C,00,00,00,00,00,
12655078,000005BE,false,Rx,1,8,00,00,00,00,00,00,00,00,
12655187,0000054B,false,Rx,1,8,00,00,00,00,00,00,00,00,
12655293,000003DB,false,Rx,1,8,00,00,00,00,00,00,00,00,
12655393,000003C8,false,Rx,1,8,00,00,00,00,00,00,00,00,
12655506,000003BE,false,Rx,1,8,00,00,00,00,00,00,00,00,
12655612,00000392,false,Rx,1,8,00,00,00,00,00,00,00,00,
12655708,0000018C,false,Rx,1,8,00,00,00,00,00,00,00,00,
12655876,00000118,false,Rx,1,4,00,4D,4C,00,00,00,00,00,
12665692,00000118,false,Rx,1,4,00,4E,4C,00,00,00,00,00,
12675869,00000118,false,Rx,1,4,00,4F,4C,00,00,00,00,00,
12686077,00000118,false,Rx,1,4,00,40,4C,00,00,00,00,00,
12696256,00000118,false,Rx,1,4,00,41,4C,00,00,00,00,00,
12706098,00000118,false,Rx,1,4,00,42,4C,00,00,00,00,00,
12718713,00000118,false,Rx,1,4,00,43,4C,00,00,00,00,00,
12726109,00000118,false,Rx,1,4,00,44,4C,00,00,00,00,00,
12736208,00000118,false,Rx,1,4,00,45,4C,00,00,00,00,00,
12746028,00000118,false,Rx,1,4,00,46,4C,00,00,00,00,00,
12755090,000005BE,false,Rx,1,8,00,00,00,00,00,00,00,00,
12755198,0000054B,false,Rx,1,8,00,00,00,00,00,00,00,00,
12755305,000003DB,false,Rx,1,8,00,00,00,00,00,00,00,00,
12755409,000003C8,false,Rx,1,8,00,00,00,00,00,00,00,00,
12755518,000003BE,false,Rx,1,8,00,00,00,00,00,00,00,00,
12755619,00000392,false,Rx,1,8,00,00,00,00,00,00,00,00,
12755720,0000018C,false,Rx,1,8,00,00,00,00,00,00,00,00,
12756209,00000118,false,Rx,1,4,00,47,4C,00,00,00,00,00,
12766416,00000118,false,Rx,1,4,00,48,4C,00,00,00,00,00,
12776594,00000118,false,Rx,1,4,00,49,4C,00,00,00,00,00,
12786800,00000118,false,Rx,1,4,00,4A,4C,00,00,00,00,00,
12796985,00000118,false,Rx,1,4,00,4B,4C,00,00,00,00,00,
12806783,00000118,false,Rx,1,4,00,4C,4C,00,00,00,00,00,
12817348,00000118,false,Rx,1,4,00,4D,4C,00,00,00,00,00,
12827189,00000118,false,Rx,1,4,00,4E,4C,00,00,00,00,00,
12837329,00000118,false,Rx,1,4,00,4F,4C,00,00,00,00,00,
12847174,00000118,false,Rx,1,4,00,40,4C,00,00,00,00,00,
12855081,000005BE,false,Rx,1,8,00,00,00,00,00,00,00,00,
12855190,0000054B,false,Rx,1,8,00,00,00,00,00,00,00,00,
12855297,000003DB,false,Rx,1,8,00,00,00,00,00,00,00,00,
12855401,000003C8,false,Rx,1,8,00,00,00,00,00,00,00,00,
12855509,000003BE,false,Rx,1,8,00,00,00,00,00,00,00,00,
12855615,00000392,false,Rx,1,8,00,00,00,00,00,00,00,00,
12855711,0000018C,false,Rx,1,8,00,00,00,00,00,00,00,00,
12857314,00000118,false,Rx,1,4,00,41,4C,00,00,00,00,00,
12867137,00000118,false,Rx,1,4,00,42,4C,00,00,00,00,00,
12877317,00000118,false,Rx,1,4,00,43,4C,00,00,00,00,00,
12887132,00000118,false,Rx,1,4,00,44,4C,00,00,00,00,00,
12897300,00000118,false,Rx,1,4,00,45,4C,00,00,00,00,00,
12907108,00000118,false,Rx,1,4,00,46,4C,00,00,00,00,00,
12917275,00000118,false,Rx,1,4,00,47,4C,00,00,00,00,00,
12922647,00000700,false,Rx,0,8,02,3E,80,55,55,55,55,55,
12927134,00000118,false,Rx,1,4,00,48,4C,00,00,00,00,00,
12937251,00000118,false,Rx,1,4,00,49,4C,00,00,00,00,00,
12947495,00000118,false,Rx,1,4,00,4A,4C,00,00,00,00,00,
12955080,000005BE,false,Rx,1,8,00,00,00,00,00,00,00,00,
12955179,0000054B,false,Rx,1,8,00,00,00,00,00,00,00,00,
12955285,000003DB,false,Rx,1,8,00,00,00,00,00,00,00,00,
12955394,000003C8,false,Rx,1,8,00,00,00,00,00,00,00,00,
12955503,000003BE,false,Rx,1,8,00,00,00,00,00,00,00,00,
12955609,00000392,false,Rx,1,8,00,00,00,00,00,00,00,00,
12955705,0000018C,false,Rx,1,8,00,00,00,00,00,00,00,00,
12957637,00000118,false,Rx,1,4,00,4B,4C,00,00,00,00,00,
12967461,00000118,false,Rx,1,4,00,4C,4C,00,00,00,00,00,
12977640,00000118,false,Rx,1,4,00,4D,4C,00,00,00,00,00,
12987447,00000118,false,Rx,1,4,00,4E,4C,00,00,00,00,00,
12997624,00000118,false,Rx,1,4,00,4F,4C,00,00,00,00,00,
13007432,00000118,false,Rx,1,4,00,40,4C,00,00,00,00,00,
13017596,00000118,false,Rx,1,4,00,41,4C,00,00,00,00,00,
13027433,00000118,false,Rx,1,4,00,42,4C,00,00,00,00,00,
13037576,00000118,false,Rx,1,4,00,43,4C,00,00,00,00,00,
13047420,00000118,false,Rx,1,4,00,44,4C,00,00,00,00,00,
13055074,000005BE,false,Rx,1,8,00,00,00,00,00,00,00,00,
13055183,0000054B,false,Rx,1,8,00,00,00,00,00,00,00,00,
13055289,000003DB,false,Rx,1,8,00,00,00,00,00,00,00,00,
13055393,000003C8,false,Rx,1,8,00,00,00,00,00,00,00,00,
13055501,000003BE,false,Rx,1,8,00,00,00,00,00,00,00,00,
13055608,00000392,false,Rx,1,8,00,00,00,00,00,00,00,00,
13055704,0000018C,false,Rx,1,8,00,00,00,00,00,00,00,00,
13057560,00000118,false,Rx,1,4,00,45,4C,00,00,00,00,00,
13067384,00000118,false,Rx,1,4,00,46,4C,00,00,00,00,00,
13077965,00000118,false,Rx,1,4,00,47,4C,00,00,00,00,00,
13087772,00000118,false,Rx,1,4,00,48,4C,00,00,00,00,00,
13097955,00000118,false,Rx,1,4,00,49,4C,00,00,00,00,00,
13098243,17F0000F,true,Rx,1,8,00,0F,00,00,00,00,00,80,
13107762,00000118,false,Rx,1,4,00,4A,4C,00,00,00,00,00,
13118320,00000118,false,Rx,1,4,00,4B,4C,00,00,00,00,00,
13128160,00000118,false,Rx,1,4,00,4C,4C,00,00,00,00,00,
13138298,00000118,false,Rx,1,4,00,4D,4C,00,00,00,00,00,
13148144,00000118,false,Rx,1,4,00,4E,4C,00,00,00,00,00,
13155073,000005BE,false,Rx,1,8,00,00,00,00,00,00,00,00,
13155182,0000054B,false,Rx,1,8,00,00,00,00,00,00,00,00,
13155288,000003DB,false,Rx,1,8,00,00,00,00,00,00,00,00,
13155388,000003C8,false,Rx,1,8,00,00,00,00,00,00,00,00,
13155501,000003BE,false,Rx,1,8,00,00,00,00,00,00,00,00,
13155607,00000392,false,Rx,1,8,00,00,00,00,00,00,00,00,
13155704,0000018C,false,Rx,1,8,00,00,00,00,00,00,00,00,
13158283,00000118,false,Rx,1,4,00,4F,4C,00,00,00,00,00,
13168110,00000118,false,Rx,1,4,00,40,4C,00,00,00,00,00,
13178289,00000118,false,Rx,1,4,00,41,4C,00,00,00,00,00,
13188093,00000118,false,Rx,1,4,00,42,4C,00,00,00,00,00,
13198297,00000118,false,Rx,1,4,00,43,4C,00,00,00,00,00,
13208032,00000118,false,Rx,1,4,00,44,4C,00,00,00,00,00,
13218581,00000118,false,Rx,1,4,00,45,4C,00,00,00,00,00,
13228902,00000118,false,Rx,1,4,00,46,4C,00,00,00,00,00,
13238882,00000118,false,Rx,1,4,00,47,4C,00,00,00,00,00,
13248450,00000118,false,Rx,1,4,00,48,4C,00,00,00,00,00,
13255098,000005BE,false,Rx,1,8,00,00,00,00,00,00,00,00,
13255207,0000054B,false,Rx,1,8,00,00,00,00,00,00,00,00,
13255313,000003DB,false,Rx,1,8,00,00,00,00,00,00,00,00,
13255417,000003C8,false,Rx,1,8,00,00,00,00,00,00,00,00,
13255525,000003BE,false,Rx,1,8,00,00,00,00,00,00,00,00,
13255632,00000392,false,Rx,1,8,00,00,00,00,00,00,00,00,
13255728,0000018C,false,Rx,1,8,00,00,00,00,00,00,00,00,
13258625,00000118,false,Rx,1,4,00,49,4C,00,00,00,00,00,
13268415,00000118,false,Rx,1,4,00,4A,4C,00,00,00,00,00,
13278864,00000118,false,Rx,1,4,00,4B,4C,00,00,00,00,00,
13288400,00000118,false,Rx,1,4,00,4C,4C,00,00,00,00,00,
13299106,00000118,false,Rx,1,4,00,4D,4C,00,00,00,00,00,
13302859,00000700,false,Rx,0,8,02,3E,80,55,55,55,55,55,
13309187,00000118,false,Rx,1,4,00,4E,4C,00,00,00,00,00,
13319608,00000118,false,Rx,1,4,00,4F,4C,00,00,00,00,00,
13329177,00000118,false,Rx,1,4,00,40,4C,00,00,00,00,00,
13339821,00000118,false,Rx,1,4,00,41,4C,00,00,00,00,00,
13349914,00000118,false,Rx,1,4,00,42,4C,00,00,00,00,00,
13355076,000005BE,false,Rx,1,8,00,00,00,00,00,00,00,00,
13355185,0000054B,false,Rx,1,8,00,00,00,00,00,00,00,00,
13355291,000003DB,false,Rx,1,8,00,00,00,00,00,00,00,00,
13355396,000003C8,false,Rx,1,8,00,00,00,00,00,00,00,00,
13355504,000003BE,false,Rx,1,8,00,00,00,00,00,00,00,00,
13355605,00000392,false,Rx,1,8,00,00,00,00,00,00,00,00,
13355706,0000018C,false,Rx,1,8,00,00,00,00,00,00,00,00,
13360206,00000118,false,Rx,1,4,00,43,4C,00,00,00,00,00,
13369880,00000118,false,Rx,1,4,00,44,4C,00,00,00,00,00,
13380207,00000118,false,Rx,1,4,00,45,4C,00,00,00,00,00,
13390267,00000118,false,Rx,1,4,00,46,4C,00,00,00,00,00,
13400593,00000118,false,Rx,1,4,00,47,4C,00,00,00,00,00,
13410253,00000118,false,Rx,1,4,00,48,4C,00,00,00,00,00,
13420557,00000118,false,Rx,1,4,00,49,4C,00,00,00,00,00,
13430256,00000118,false,Rx,1,4,00,4A,4C,00,00,00,00,00,
13440545,00000118,false,Rx,1,4,00,4B,4C,00,00,00,00,00,
13450242,00000118,false,Rx,1,4,00,4C,4C,00,00,00,00,00,
13455075,000005BE,false,Rx,1,8,00,00,00,00,00,00,00,00,
13455183,0000054B,false,Rx,1,8,00,00,00,00,00,00,00,00,
13455290,000003DB,false,Rx,1,8,00,00,00,00,00,00,00,00,
13455394,000003C8,false,Rx,1,8,00,00,00,00,00,00,00,00,
13455502,000003BE,false,Rx,1,8,00,00,00,00,00,00,00,00,
13455608,00000392,false,Rx,1,8,00,00,00,00,00,00,00,00,
13455705,0000018C,false,Rx,1,8,00,00,00,00,00,00,00,00,
13460527,00000118,false,Rx,1,4,00,4D,4C,00,00,00,00,00,
13470207,00000118,false,Rx,1,4,00,4E,4C,00,00,00,00,00,
13480531,00000118,false,Rx,1,4,00,4F,4C,00,00,00,00,00,
13490191,00000118,false,Rx,1,4,00,40,4C,00,00,00,00,00,
13500517,00000118,false,Rx,1,4,00,41,4C,00,00,00,00,00,
13510574,00000118,false,Rx,1,4,00,42,4C,00,00,00,00,00,
13520884,00000118,false,Rx,1,4,00,43,4C,00,00,00,00,00,
13530979,00000118,false,Rx,1,4,00,44,4C,00,00,00,00,00,
13541266,00000118,false,Rx,1,4,00,45,4C,00,00,00,00,00,
13551363,00000118,false,Rx,1,4,00,46,4C,00,00,00,00,00,
13555074,000005BE,false,Rx,1,8,00,00,00,00,00,00,00,00,
13555183,0000054B,false,Rx,1,8,00,00,00,00,00,00,00,00,
13555289,000003DB,false,Rx,1,8,00,00,00,00,00,00,00,00,
13555393,000003C8,false,Rx,1,8,00,00,00,00,00,00,00,00,
13555501,000003BE,false,Rx,1,8,00,00,00,00,00,00,00,00,
13555608,00000392,false,Rx,1,8,00,00,00,00,00,00,00,00,
13555704,0000018C,false,Rx,1,8,00,00,00,00,00,00,00,00,
13562053,00000118,false,Rx,1,4,00,47,4C,00,00,00,00,00,
13571748,00000118,false,Rx,1,4,00,48,4C,00,00,00,00,00,
13582616,00000118,false,Rx,1,4,00,49,4C,00,00,00,00,00,
13592203,00000118,false,Rx,1,4,00,4A,4C,00,00,00,00,00,
13602440,00000118,false,Rx,1,4,00,4B,4C,00,00,00,00,00,
13602733,17F0000F,true,Rx,1,8,00,0F,00,00,00,00,00,80,
13612104,00000118,false,Rx,1,4,00,4C,4C,00,00,00,00,00,
13622424,00000118,false,Rx,1,4,00,4D,4C,00,00,00,00,00,
13632090,00000118,false,Rx,1,4,00,4E,4C,00,00,00,00,00,
13642388,00000118,false,Rx,1,4,00,4F,4C,00,00,00,00,00,
13652087,00000118,false,Rx,1,4,00,40,4C,00,00,00,00,00,
13655075,000005BE,false,Rx,1,8,00,00,00,00,00,00,00,00,
13655184,0000054B,false,Rx,1,8,00,00,00,00,00,00,00,00,
13655289,000003DB,false,Rx,1,8,00,00,00,00,00,00,00,00,
13655394,000003C8,false,Rx,1,8,00,00,00,00,00,00,00,00,
13655502,000003BE,false,Rx,1,8,00,00,00,00,00,00,00,00,
13655609,00000392,false,Rx,1,8,00,00,00,00,00,00,00,00,
13655704,0000018C,false,Rx,1,8,00,00,00,00,00,00,00,00,
13662376,00000118,false,Rx,1,4,00,41,4C,00,00,00,00,00,
13672071,00000118,false,Rx,1,4,00,42,4C,00,00,00,00,00,
13682361,00000118,false,Rx,1,4,00,43,4C,00,00,00,00,00,
13692035,00000118,false,Rx,1,4,00,44,4C,00,00,00,00,00,
13694120,0000070F,false,Rx,0,8,03,22,2B,F3,55,55,55,55,
13702436,00000118,false,Rx,1,4,00,45,4C,00,00,00,00,00,
13715863,00000118,false,Rx,1,4,00,46,4C,00,00,00,00,00,
13715884,00000779,false,Rx,1,8,05,62,2B,F3,4C,00,AA,AA,
13723178,00000118,false,Rx,1,4,00,47,4C,00,00,00,00,00,
13732068,00000118,false,Rx,1,4,00,48,4C,00,00,00,00,00,
13742312,00000118,false,Rx,1,4,00,49,4C,00,00,00,00,00,
13752009,00000118,false,Rx,1,4,00,4A,4C,00,00,00,00,00,
13755092,000005BE,false,Rx,1,8,00,00,00,00,00,00,00,00,
13755201,0000054B,false,Rx,1,8,00,00,00,00,00,00,00,00,
13755307,000003DB,false,Rx,1,8,00,00,00,00,00,00,00,00,
13755412,000003C8,false,Rx,1,8,00,00,00,00,00,00,00,00,
13755520,000003BE,false,Rx,1,8,00,00,00,00,00,00,00,00,
13755626,00000392,false,Rx,1,8,00,00,00,00,00,00,00,00,
13755723,0000018C,false,Rx,1,8,00,00,00,00,00,00,00,00,
13762299,00000118,false,Rx,1,4,00,4B,4C,00,00,00,00,00,
13772394,00000118,false,Rx,1,4,00,4C,4C,00,00,00,00,00,
13782689,00000118,false,Rx,1,4,00,4D,4C,00,00,00,00,00,
13792366,00000118,false,Rx,1,4,00,4E,4C,00,00,00,00,00,
13802689,00000118,false,Rx,1,4,00,4F,4C,00,00,00,00,00,
13812346,00000118,false,Rx,1,4,00,40,4C,00,00,00,00,00,
13822673,00000118,false,Rx,1,4,00,41,4C,00,00,00,00,00,
13832329,00000118,false,Rx,1,4,00,42,4C,00,00,00,00,00,
13842643,00000118,false,Rx,1,4,00,43,4C,00,00,00,00,00,
13852333,00000118,false,Rx,1,4,00,44,4C,00,00,00,00,00,
13855082,000005BE,false,Rx,1,8,00,00,00,00,00,00,00,00,
13855190,0000054B,false,Rx,1,8,00,00,00,00,00,00,00,00,
13855297,000003DB,false,Rx,1,8,00,00,00,00,00,00,00,00,
13855401,000003C8,false,Rx,1,8,00,00,00,00,00,00,00,00,
13855509,000003BE,false,Rx,1,8,00,00,00,00,00,00,00,00,
13855615,00000392,false,Rx,1,8,00,00,00,00,00,00,00,00,
13855712,0000018C,false,Rx,1,8,00,00,00,00,00,00,00,00,
13862622,00000118,false,Rx,1,4,00,45,4C,00,00,00,00,00,
13872317,00000118,false,Rx,1,4,00,46,4C,00,00,00,00,00,
13882608,00000118,false,Rx,1,4,00,47,4C,00,00,00,00,00,
13892287,00000118,false,Rx,1,4,00,48,4C,00,00,00,00,00,
13902610,00000118,false,Rx,1,4,00,49,4C,00,00,00,00,00,
13912268,00000118,false,Rx,1,4,00,4A,4C,00,00,00,00,00,
13922598,00000118,false,Rx,1,4,00,4B,4C,00,00,00,00,00,
13932254,00000118,false,Rx,1,4,00,4C,4C,00,00,00,00,00,
13942562,00000118,false,Rx,1,4,00,4D,4C,00,00,00,00,00,
13952663,00000118,false,Rx,1,4,00,4E,4C,00,00,00,00,00,
13955074,000005BE,false,Rx,1,8,00,00,00,00,00,00,00,00,
13955183,0000054B,false,Rx,1,8,00,00,00,00,00,00,00,00,
13955289,000003DB,false,Rx,1,8,00,00,00,00,00,00,00,00,
13955394,000003C8,false,Rx,1,8,00,00,00,00,00,00,00,00,
13955502,000003BE,false,Rx,1,8,00,00,00,00,00,00,00,00,
13955608,00000392,false,Rx,1,8,00,00,00,00,00,00,00,00,
13955704,0000018C,false,Rx,1,8,00,00,00,00,00,00,00,00,
13962955,00000118,false,Rx,1,4,00,4F,4C,00,00,00,00,00,
13972645,00000118,false,Rx,1,4,00,40,4C,00,00,00,00,00,
13982951,00000118,false,Rx,1,4,00,41,4C,00,00,00,00,00,
13992606,00000118,false,Rx,1,4,00,42,4C,00,00,00,00,00,
14002956,00000118,false,Rx,1,4,00,43,4C,00,00,00,00,00,
14012593,00000118,false,Rx,1,4,00,44,4C,00,00,00,00,00,
14013941,0000070F,false,Rx,0,8,03,22,2B,F3,55,55,55,55,
14022955,00000118,false,Rx,1,4,00,45,4C,00,00,00,00,00,
14032577,00000118,false,Rx,1,4,00,46,4C,00,00,00,00,00,
14035064,00000779,false,Rx,1,8,05,62,2B,F3,4C,00,AA,AA,
14042901,00000118,false,Rx,1,4,00,47,4C,00,00,00,00,00,
14052582,00000118,false,Rx,1,4,00,48,4C,00,00,00,00,00,
14055074,000005BE,false,Rx,1,8,00,00,00,00,00,00,00,00,
14055183,0000054B,false,Rx,1,8,00,00,00,00,00,00,00,00,
14055289,000003DB,false,Rx,1,8,00,00,00,00,00,00,00,00,
14055393,000003C8,false,Rx,1,8,00,00,00,00,00,00,00,00,
14055501,000003BE,false,Rx,1,8,00,00,00,00,00,00,00,00,
14055608,00000392,false,Rx,1,8,00,00,00,00,00,00,00,00,
14055704,0000018C,false,Rx,1,8,00,00,00,00,00,00,00,00,
14062870,00000118,false,Rx,1,4,00,49,4C,00,00,00,00,00,
14072566,00000118,false,Rx,1,4,00,4A,4C,00,00,00,00,00,
14083256,00000118,false,Rx,1,4,00,4B,4C,00,00,00,00,00,
14092949,00000118,false,Rx,1,4,00,4C,4C,00,00,00,00,00,
14103257,00000118,false,Rx,1,4,00,4D,4C,00,00,00,00,00,
14103550,17F0000F,true,Rx,1,8,00,0F,00,00,00,00,00,80,
14113324,00000118,false,Rx,1,4,00,4E,4C,00,00,00,00,00,
14123643,00000118,false,Rx,1,4,00,4F,4C,00,00,00,00,00,
14133701,00000118,false,Rx,1,4,00,40,4C,00,00,00,00,00,
14144011,00000118,false,Rx,1,4,00,41,4C,00,00,00,00,00,
14154104,00000118,false,Rx,1,4,00,42,4C,00,00,00,00,00,
14155096,000005BE,false,Rx,1,8,00,00,00,00,00,00,00,00,
14155204,0000054B,false,Rx,1,8,00,00,00,00,00,00,00,00,
14155310,000003DB,false,Rx,1,8,00,00,00,00,00,00,00,00,
14155415,000003C8,false,Rx,1,8,00,00,00,00,00,00,00,00,
14155523,000003BE,false,Rx,1,8,00,00,00,00,00,00,00,00,
14155630,00000392,false,Rx,1,8,00,00,00,00,00,00,00,00,
14155725,0000018C,false,Rx,1,8,00,00,00,00,00,00,00,00,
14164394,00000118,false,Rx,1,4,00,43,4C,00,00,00,00,00,
14174088,00000118,false,Rx,1,4,00,44,4C,00,00,00,00,00,
14184377,00000118,false,Rx,1,4,00,45,4C,00,00,00,00,00,
14194056,00000118,false,Rx,1,4,00,46,4C,00,00,00,00,00,
14204341,00000118,false,Rx,1,4,00,47,4C,00,00,00,00,00,
14214007,00000118,false,Rx,1,4,00,48,4C,00,00,00,00,00,
14224383,00000118,false,Rx,1,4,00,49,4C,00,00,00,00,00,
14234045,00000118,false,Rx,1,4,00,4A,4C,00,00,00,00,00,
14244491,00000118,false,Rx,1,4,00,4B,4C,00,00,00,00,00,
14254032,00000118,false,Rx,1,4,00,4C,4C,00,00,00,00,00,
14256557,000005BE,false,Rx,1,8,00,00,00,00,00,00,00,00,
14256665,0000054B,false,Rx,1,8,00,00,00,00,00,00,00,00,
14256772,000003DB,false,Rx,1,8,00,00,00,00,00,00,00,00,
14256876,000003C8,false,Rx,1,8,00,00,00,00,00,00,00,00,
14257020,000003BE,false,Rx,1,8,00,00,00,00,00,00,00,00,
14257099,00000392,false,Rx,1,8,00,00,00,00,00,00,00,00,
14257201,0000018C,false,Rx,1,8,00,00,00,00,00,00,00,00,
14264316,00000118,false,Rx,1,4,00,4D,4C,00,00,00,00,00,
14274015,00000118,false,Rx,1,4,00,4E,4C,00,00,00,00,00,
14284302,00000118,false,Rx,1,4,00,4F,4C,00,00,00,00,00,
14294381,00000118,false,Rx,1,4,00,40,4C,00,00,00,00,00,
14304708,00000118,false,Rx,1,4,00,41,4C,00,00,00,00,00,
14314363,00000118,false,Rx,1,4,00,42,4C,00,00,00,00,00,
14324691,00000118,false,Rx,1,4,00,43,4C,00,00,00,00,00,
14334348,00000118,false,Rx,1,4,00,44,4C,00,00,00,00,00,
14338729,0000070F,false,Rx,0,8,03,22,2B,F3,55,55,55,55,
14344678,00000118,false,Rx,1,4,00,45,4C,00,00,00,00,00,
14354357,00000118,false,Rx,1,4,00,46,4C,00,00,00,00,00,
14356564,000005BE,false,Rx,1,8,00,00,00,00,00,00,00,00,
14356791,00000779,false,Rx,1,8,05,62,2B,F3,4C,00,AA,AA,
14356891,0000054B,false,Rx,1,8,00,00,00,00,00,00,00,00,
14357005,000003DB,false,Rx,1,8,00,00,00,00,00,00,00,00,
14357101,000003C8,false,Rx,1,8,00,00,00,00,00,00,00,00,
14357212,000003BE,false,Rx,1,8,00,00,00,00,00,00,00,00,
14357320,00000392,false,Rx,1,8,00,00,00,00,00,00,00,00,
14357421,0000018C,false,Rx,1,8,00,00,00,00,00,00,00,00,
14365052,00000118,false,Rx,1,4,00,47,4C,00,00,00,00,00,
14374738,00000118,false,Rx,1,4,00,48,4C,00,00,00,00,00,
14385035,00000118,false,Rx,1,4,00,49,4C,00,00,00,00,00,
14394704,00000118,false,Rx,1,4,00,4A,4C,00,00,00,00,00,
14405030,00000118,false,Rx,1,4,00,4B,4C,00,00,00,00,00,
14414688,00000118,false,Rx,1,4,00,4C,4C,00,00,00,00,00,
14425013,00000118,false,Rx,1,4,00,4D,4C,00,00,00,00,00,
14434672,00000118,false,Rx,1,4,00,4E,4C,00,00,00,00,00,
14444993,00000118,false,Rx,1,4,00,4F,4C,00,00,00,00,00,
14455093,00000118,false,Rx,1,4,00,40,4C,00,00,00,00,00,
14456637,000005BE,false,Rx,1,8,00,00,00,00,00,00,00,00,
14456745,0000054B,false,Rx,1,8,00,00,00,00,00,00,00,00,
14456851,000003DB,false,Rx,1,8,00,00,00,00,00,00,00,00,
14457006,000003C8,false,Rx,1,8,00,00,00,00,00,00,00,00,
14457066,000003BE,false,Rx,1,8,00,00,00,00,00,00,00,00,
14457172,00000392,false,Rx,1,8,00,00,00,00,00,00,00,00,
14457272,0000018C,false,Rx,1,8,00,00,00,00,00,00,00,00,
14465378,00000118,false,Rx,1,4,00,41,4C,00,00,00,00,00,
14475072,00000118,false,Rx,1,4,00,42,4C,00,00,00,00,00,
14485351,00000118,false,Rx,1,4,00,43,4C,00,00,00,00,00,
14495025,00000118,false,Rx,1,4,00,44,4C,00,00,00,00,00,
14505351,00000118,false,Rx,1,4,00,45,4C,00,00,00,00,00,
14515010,00000118,false,Rx,1,4,00,46,4C,00,00,00,00,00,
14525340,00000118,false,Rx,1,4,00,47,4C,00,00,00,00,00,
14534998,00000118,false,Rx,1,4,00,48,4C,00,00,00,00,00,
14545303,00000118,false,Rx,1,4,00,49,4C,00,00,00,00,00,
14555003,00000118,false,Rx,1,4,00,4A,4C,00,00,00,00,00,
14556564,000005BE,false,Rx,1,8,00,00,00,00,00,00,00,00,
14556667,0000054B,false,Rx,1,8,00,00,00,00,00,00,00,00,
14556778,000003DB,false,Rx,1,8,00,00,00,00,00,00,00,00,
14556883,000003C8,false,Rx,1,8,00,00,00,00,00,00,00,00,
14557020,000003BE,false,Rx,1,8,00,00,00,00,00,00,00,00,
14557094,00000392,false,Rx,1,8,00,00,00,00,00,00,00,00,
14557196,0000018C,false,Rx,1,8,00,00,00,00,00,00,00,00,
14565302,00000118,false,Rx,1,4,00,4B,4C,00,00,00,00,00,
14574990,00000118,false,Rx,1,4,00,4C,4C,00,00,00,00,00,
14585517,00000118,false,Rx,1,4,00,4D,4C,00,00,00,00,00,
14594986,00000118,false,Rx,1,4,00,4E,4C,00,00,00,00,00,
14605275,00000118,false,Rx,1,4,00,4F,4C,00,00,00,00,00,
14605570,17F0000F,true,Rx,1,8,00,0F,00,00,00,00,00,80,
14614955,00000118,false,Rx,1,4,00,40,4C,00,00,00,00,00,
14625264,00000118,false,Rx,1,4,00,41,4C,00,00,00,00,00,
14635373,00000118,false,Rx,1,4,00,42,4C,00,00,00,00,00,
14645629,00000118,false,Rx,1,4,00,43,4C,00,00,00,00,00,
14655864,00000118,false,Rx,1,4,00,44,4C,00,00,00,00,00,
14656699,000005BE,false,Rx,1,8,00,00,00,00,00,00,00,00,
14656808,0000054B,false,Rx,1,8,00,00,00,00,00,00,00,00,
14656914,000003DB,false,Rx,1,8,00,00,00,00,00,00,00,00,
14657019,000003C8,false,Rx,1,8,00,00,00,00,00,00,00,00,
14657135,000003BE,false,Rx,1,8,00,00,00,00,00,00,00,00,
14657241,00000392,false,Rx,1,8,00,00,00,00,00,00,00,00,
14657337,0000018C,false,Rx,1,8,00,00,00,00,00,00,00,00,
14665992,00000118,false,Rx,1,4,00,45,4C,00,00,00,00,00,
14669462,0000070F,false,Rx,0,8,03,22,2B,F3,55,55,55,55,
14675860,00000118,false,Rx,1,4,00,46,4C,00,00,00,00,00,
14686028,00000118,false,Rx,1,4,00,47,4C,00,00,00,00,00,
14688272,00000779,false,Rx,1,8,05,62,2B,F3,4C,00,AA,AA,
14695717,00000118,false,Rx,1,4,00,48,4C,00,00,00,00,00,
14705964,00000118,false,Rx,1,4,00,49,4C,00,00,00,00,00,
14715798,00000118,false,Rx,1,4,00,4A,4C,00,00,00,00,00,
14725894,00000118,false,Rx,1,4,00,4B,4C,00,00,00,00,00,
14735849,00000118,false,Rx,1,4,00,4C,4C,00,00,00,00,00,
14745877,00000118,false,Rx,1,4,00,4D,4C,00,00,00,00,00,
14756127,00000118,false,Rx,1,4,00,4E,4C,00,00,00,00,00,
14756158,000005BE,false,Rx,1,8,00,00,00,00,00,00,00,00,
14756170,0000054B,false,Rx,1,8,00,00,00,00,00,00,00,00,
14756182,000003DB,false,Rx,1,8,00,00,00,00,00,00,00,00,
14756268,000003C8,false,Rx,1,8,00,00,00,00,00,00,00,00,
14756376,000003BE,false,Rx,1,8,00,00,00,00,00,00,00,00,
14756482,00000392,false,Rx,1,8,00,00,00,00,00,00,00,00,
14756583,0000018C,false,Rx,1,8,00,00,00,00,00,00,00,00,
14765880,00000118,false,Rx,1,4,00,4F,4C,00,00,00,00,00,
14775859,00000118,false,Rx,1,4,00,40,4C,00,00,00,00,00,
14785867,00000118,false,Rx,1,4,00,41,4C,00,00,00,00,00,
14795848,00000118,false,Rx,1,4,00,42,4C,00,00,00,00,00,
14805842,00000118,false,Rx,1,4,00,43,4C,00,00,00,00,00,
14815843,00000118,false,Rx,1,4,00,44,4C,00,00,00,00,00,
14825852,00000118,false,Rx,1,4,00,45,4C,00,00,00,00,00,
14835850,00000118,false,Rx,1,4,00,46,4C,00,00,00,00,00,
14845859,00000118,false,Rx,1,4,00,47,4C,00,00,00,00,00,
14855846,00000118,false,Rx,1,4,00,48,4C,00,00,00,00,00,
14855971,000005BE,false,Rx,1,8,00,00,00,00,00,00,00,00,
14856058,0000054B,false,Rx,1,8,00,00,00,00,00,00,00,00,
14856164,000003DB,false,Rx,1,8,00,00,00,00,00,00,00,00,
14856269,000003C8,false,Rx,1,8,00,00,00,00,00,00,00,00,
14856376,000003BE,false,Rx,1,8,00,00,00,00,00,00,00,00,
14856483,00000392,false,Rx,1,8,00,00,00,00,00,00,00,00,
14856584,0000018C,false,Rx,1,8,00,00,00,00,00,00,00,00,
14865847,00000118,false,Rx,1,4,00,49,4C,00,00,00,00,00,
14875599,00000118,false,Rx,1,4,00,4A,4C,00,00,00,00,00,
14885869,00000118,false,Rx,1,4,00,4B,4C,00,00,00,00,00,
14895602,00000118,false,Rx,1,4,00,4C,4C,00,00,00,00,00,
14905840,00000118,false,Rx,1,4,00,4D,4C,00,00,00,00,00,
14915594,00000118,false,Rx,1,4,00,4E,4C,00,00,00,00,00,
14925836,00000118,false,Rx,1,4,00,4F,4C,00,00,00,00,00,
14935985,00000118,false,Rx,1,4,00,40,4C,00,00,00,00,00,
14946131,00000118,false,Rx,1,4,00,41,4C,00,00,00,00,00,
14955790,000005BE,false,Rx,1,8,00,00,00,00,00,00,00,00,
14955966,00000118,false,Rx,1,4,00,42,4C,00,00,00,00,00,
14956053,0000054B,false,Rx,1,8,00,00,00,00,00,00,00,00,
14956169,000003DB,false,Rx,1,8,00,00,00,00,00,00,00,00,
14956276,000003C8,false,Rx,1,8,00,00,00,00,00,00,00,00,
14956382,000003BE,false,Rx,1,8,00,00,00,00,00,00,00,00,
14956488,00000392,false,Rx,1,8,00,00,00,00,00,00,00,00,
14956589,0000018C,false,Rx,1,8,00,00,00,00,00,00,00,00,
14966133,00000118,false,Rx,1,4,00,43,4C,00,00,00,00,00,
14975952,00000118,false,Rx,1,4,00,44,4C,00,00,00,00,00,
14984153,0000070F,false,Rx,0,8,03,22,2B,F3,55,55,55,55,
14986113,00000118,false,Rx,1,4,00,45,4C,00,00,00,00,00,
14995955,00000118,false,Rx,1,4,00,46,4C,00,00,00,00,00,
15006079,00000118,false,Rx,1,4,00,47,4C,00,00,00,00,00,
15008428,00000779,false,Rx,1,8,05,62,2B,F3,4C,00,AA,AA,
15015955,00000118,false,Rx,1,4,00,48,4C,00,00,00,00,00,
15026067,00000118,false,Rx,1,4,00,49,4C,00,00,00,00,00,
15035907,00000118,false,Rx,1,4,00,4A,4C,00,00,00,00,00,
15046049,00000118,false,Rx,1,4,00,4B,4C,00,00,00,00,00,
15055852,00000118,false,Rx,1,4,00,4C,4C,00,00,00,00,00,
15055981,000005BE,false,Rx,1,8,00,00,00,00,00,00,00,00,
15056066,0000054B,false,Rx,1,8,00,00,00,00,00,00,00,00,
15056169,000003DB,false,Rx,1,8,00,00,00,00,00,00,00,00,
15056273,000003C8,false,Rx,1,8,00,00,00,00,00,00,00,00,
15056381,000003BE,false,Rx,1,8,00,00,00,00,00,00,00,00,
15056487,00000392,false,Rx,1,8,00,00,00,00,00,00,00,00,
15056588,0000018C,false,Rx,1,8,00,00,00,00,00,00,00,00,
15066054,00000118,false,Rx,1,4,00,4D,4C,00,00,00,00,00,
15075842,00000118,false,Rx,1,4,00,4E,4C,00,00,00,00,00,
15086036,00000118,false,Rx,1,4,00,4F,4C,00,00,00,00,00,
15095850,00000118,false,Rx,1,4,00,40,4C,00,00,00,00,00,
15106004,00000118,false,Rx,1,4,00,41,4C,00,00,00,00,00,
15106298,17F0000F,true,Rx,1,8,00,0F,00,00,00,00,00,80,
15116254,00000118,false,Rx,1,4,00,42,4C,00,00,00,00,00,
15126389,00000118,false,Rx,1,4,00,43,4C,00,00,00,00,00,
15136232,00000118,false,Rx,1,4,00,44,4C,00,00,00,00,00,
15146371,00000118,false,Rx,1,4,00,45,4C,00,00,00,00,00,
15155787,000005BE,false,Rx,1,8,00,00,00,00,00,00,00,00,
15155896,0000054B,false,Rx,1,8,00,00,00,00,00,00,00,00,
15156008,000003DB,false,Rx,1,8,00,00,00,00,00,00,00,00,
15156113,000003C8,false,Rx,1,8,00,00,00,00,00,00,00,00,
15156270,00000118,false,Rx,1,4,00,46,4C,00,00,00,00,00,
15156374,000003BE,false,Rx,1,8,00,00,00,00,00,00,00,00,
15156480,00000392,false,Rx,1,8,00,00,00,00,00,00,00,00,
15156582,0000018C,false,Rx,1,8,00,00,00,00,00,00,00,00,
15166776,00000118,false,Rx,1,4,00,47,4C,00,00,00,00,00,
15176584,00000118,false,Rx,1,4,00,48,4C,00,00,00,00,00,
15186760,00000118,false,Rx,1,4,00,49,4C,00,00,00,00,00,
15196566,00000118,false,Rx,1,4,00,4A,4C,00,00,00,00,00,
15207164,00000118,false,Rx,1,4,00,4B,4C,00,00,00,00,00,
15220867,00000118,false,Rx,1,4,00,4C,4C,00,00,00,00,00,
15227308,00000118,false,Rx,1,4,00,4D,4C,00,00,00,00,00,
15236868,00000118,false,Rx,1,4,00,4E,4C,00,00,00,00,00,
15247168,00000118,false,Rx,1,4,00,4F,4C,00,00,00,00,00,
15255092,000005BE,false,Rx,1,8,00,00,00,00,00,00,00,00,
15255200,0000054B,false,Rx,1,8,00,00,00,00,00,00,00,00,
15255306,000003DB,false,Rx,1,8,00,00,00,00,00,00,00,00,
15255410,000003C8,false,Rx,1,8,00,00,00,00,00,00,00,00,
15255519,000003BE,false,Rx,1,8,00,00,00,00,00,00,00,00,
15255625,00000392,false,Rx,1,8,00,00,00,00,00,00,00,00,
15255722,0000018C,false,Rx,1,8,00,00,00,00,00,00,00,00,
15256866,00000118,false,Rx,1,4,00,40,4C,00,00,00,00,00,
15267156,00000118,false,Rx,1,4,00,41,4C,00,00,00,00,00,
15276853,00000118,false,Rx,1,4,00,42,4C,00,00,00,00,00,
15287147,00000118,false,Rx,1,4,00,43,4C,00,00,00,00,00,
15296815,00000118,false,Rx,1,4,00,44,4C,00,00,00,00,00,
15303302,0000070F,false,Rx,0,8,03,22,2B,F3,55,55,55,55,
15307166,00000118,false,Rx,1,4,00,45,4C,00,00,00,00,00,
15316801,00000118,false,Rx,1,4,00,46,4C,00,00,00,00,00,
15319291,00000779,false,Rx,1,8,05,62,2B,F3,4C,00,AA,AA,
15327141,00000118,false,Rx,1,4,00,47,4C,00,00,00,00,00,
15336788,00000118,false,Rx,1,4,00,48,4C,00,00,00,00,00,
15347092,00000118,false,Rx,1,4,00,49,4C,00,00,00,00,00,
15355075,000005BE,false,Rx,1,8,00,00,00,00,00,00,00,00,
15355184,0000054B,false,Rx,1,8,00,00,00,00,00,00,00,00,
15355290,000003DB,false,Rx,1,8,00,00,00,00,00,00,00,00,
15355390,000003C8,false,Rx,1,8,00,00,00,00,00,00,00,00,
15355503,000003BE,false,Rx,1,8,00,00,00,00,00,00,00,00,
15355604,00000392,false,Rx,1,8,00,00,00,00,00,00,00,00,
15355706,0000018C,false,Rx,1,8,00,00,00,00,00,00,00,00,
15356789,00000118,false,Rx,1,4,00,4A,4C,00,00,00,00,00,
15367079,00000118,false,Rx,1,4,00,4B,4C,00,00,00,00,00,
15376776,00000118,false,Rx,1,4,00,4C,4C,00,00,00,00,00,
15387066,00000118,false,Rx,1,4,00,4D,4C,00,00,00,00,00,
15396742,00000118,false,Rx,1,4,00,4E,4C,00,00,00,00,00,
15407065,00000118,false,Rx,1,4,00,4F,4C,00,00,00,00,00,
15416726,00000118,false,Rx,1,4,00,40,4C,00,00,00,00,00,
15427052,00000118,false,Rx,1,4,00,41,4C,00,00,00,00,00,
15436710,00000118,false,Rx,1,4,00,42,4C,00,00,00,00,00,
15447019,00000118,false,Rx,1,4,00,43,4C,00,00,00,00,00,
15455077,000005BE,false,Rx,1,8,00,00,00,00,00,00,00,00,
15455185,0000054B,false,Rx,1,8,00,00,00,00,00,00,00,00,
15455291,000003DB,false,Rx,1,8,00,00,00,00,00,00,00,00,
15455396,000003C8,false,Rx,1,8,00,00,00,00,00,00,00,00,
15455503,000003BE,false,Rx,1,8,00,00,00,00,00,00,00,00,
15455610,00000392,false,Rx,1,8,00,00,00,00,00,00,00,00,
15455706,0000018C,false,Rx,1,8,00,00,00,00,00,00,00,00,
15456713,00000118,false,Rx,1,4,00,44,4C,00,00,00,00,00,
15467000,00000118,false,Rx,1,4,00,45,4C,00,00,00,00,00,
15476703,00000118,false,Rx,1,4,00,46,4C,00,00,00,00,00,
15486988,00000118,false,Rx,1,4,00,47,4C,00,00,00,00,00,
15496665,00000118,false,Rx,1,4,00,48,4C,00,00,00,00,00,
15506990,00000118,false,Rx,1,4,00,49,4C,00,00,00,00,00,
15517048,00000118,false,Rx,1,4,00,4A,4C,00,00,00,00,00,
15527378,00000118,false,Rx,1,4,00,4B,4C,00,00,00,00,00,
15537034,00000118,false,Rx,1,4,00,4C,4C,00,00,00,00,00,
15547340,00000118,false,Rx,1,4,00,4D,4C,00,00,00,00,00,
15555074,000005BE,false,Rx,1,8,00,00,00,00,00,00,00,00,
15555183,0000054B,false,Rx,1,8,00,00,00,00,00,00,00,00,
15555289,000003DB,false,Rx,1,8,00,00,00,00,00,00,00,00,
15555393,000003C8,false,Rx,1,8,00,00,00,00,00,00,00,00,
15555501,000003BE,false,Rx,1,8,00,00,00,00,00,00,00,00,
15555608,00000392,false,Rx,1,8,00,00,00,00,00,00,00,00,
15555704,0000018C,false,Rx,1,8,00,00,00,00,00,00,00,00,
15557438,00000118,false,Rx,1,4,00,4E,4C,00,00,00,00,00,
15567725,00000118,false,Rx,1,4,00,4F,4C,00,00,00,00,00,
15577427,00000118,false,Rx,1,4,00,40,4C,00,00,00,00,00,
15587802,00000118,false,Rx,1,4,00,41,4C,00,00,00,00,00,
15597786,00000118,false,Rx,1,4,00,42,4C,00,00,00,00,00,
15608115,00000118,false,Rx,1,4,00,43,4C,00,00,00,00,00,
15608409,17F0000F,true,Rx,1,8,00,0F,00,00,00,00,00,80,
15617779,00000118,false,Rx,1,4,00,44,4C,00,00,00,00,00,
15628097,00000118,false,Rx,1,4,00,45,4C,00,00,00,00,00,
15635517,0000070F,false,Rx,0,8,03,22,2B,E6,55,55,55,55,
15637780,00000118,false,Rx,1,4,00,46,4C,00,00,00,00,00,
15648065,00000118,false,Rx,1,4,00,47,4C,00,00,00,00,00,
15650416,00000779,false,Rx,1,8,05,62,2B,E6,10,F4,AA,AA,
15655074,000005BE,false,Rx,1,8,00,00,00,00,00,00,00,00,
15655183,0000054B,false,Rx,1,8,00,00,00,00,00,00,00,00,
15655289,000003DB,false,Rx,1,8,00,00,00,00,00,00,00,00,
15655394,000003C8,false,Rx,1,8,00,00,00,00,00,00,00,00,
15655501,000003BE,false,Rx,1,8,00,00,00,00,00,00,00,00,
15655608,00000392,false,Rx,1,8,00,00,00,00,00,00,00,00,
15655705,0000018C,false,Rx,1,8,00,00,00,00,00,00,00,00,
15657773,00000118,false,Rx,1,4,00,48,4C,00,00,00,00,00,
15668047,00000118,false,Rx,1,4,00,49,4C,00,00,00,00,00,
15677744,00000118,false,Rx,1,4,00,4A,4C,00,00,00,00,00,
15688040,00000118,false,Rx,1,4,00,4B,4C,00,00,00,00,00,
15698225,00000118,false,Rx,1,4,00,4C,4C,00,00,00,00,00,
15707985,00000118,false,Rx,1,4,00,4D,4C,00,00,00,00,00,
15717820,00000118,false,Rx,1,4,00,4E,4C,00,00,00,00,00,
15728350,00000118,false,Rx,1,4,00,4F,4C,00,00,00,00,00,
15738153,00000118,false,Rx,1,4,00,40,4C,00,00,00,00,00,
15748597,00000118,false,Rx,1,4,00,41,4C,00,00,00,00,00,
15755091,000005BE,false,Rx,1,8,00,00,00,00,00,00,00,00,
15755200,0000054B,false,Rx,1,8,00,00,00,00,00,00,00,00,
15755306,000003DB,false,Rx,1,8,00,00,00,00,00,00,00,00,
15755410,000003C8,false,Rx,1,8,00,00,00,00,00,00,00,00,
15755519,000003BE,false,Rx,1,8,00,00,00,00,00,00,00,00,
15755620,00000392,false,Rx,1,8,00,00,00,00,00,00,00,00,
15755721,0000018C,false,Rx,1,8,00,00,00,00,00,00,00,00,
15758117,00000118,false,Rx,1,4,00,42,4C,00,00,00,00,00,
15768597,00000118,false,Rx,1,4,00,43,4C,00,00,00,00,00,
15778112,00000118,false,Rx,1,4,00,44,4C,00,00,00,00,00,
15788486,00000118,false,Rx,1,4,00,45,4C,00,00,00,00,00,
15798115,00000118,false,Rx,1,4,00,46,4C,00,00,00,00,00,
15808601,00000118,false,Rx,1,4,00,47,4C,00,00,00,00,00,
15818118,00000118,false,Rx,1,4,00,48,4C,00,00,00,00,00,
15828356,00000118,false,Rx,1,4,00,49,4C,00,00,00,00,00,
15838117,00000118,false,Rx,1,4,00,4A,4C,00,00,00,00,00,
15848366,00000118,false,Rx,1,4,00,4B,4C,00,00,00,00,00,
15855080,000005BE,false,Rx,1,8,00,00,00,00,00,00,00,00,
15855190,0000054B,false,Rx,1,8,00,00,00,00,00,00,00,00,
15855295,000003DB,false,Rx,1,8,00,00,00,00,00,00,00,00,
15855400,000003C8,false,Rx,1,8,00,00,00,00,00,00,00,00,
15855508,000003BE,false,Rx,1,8,00,00,00,00,00,00,00,00,
15855615,00000392,false,Rx,1,8,00,00,00,00,00,00,00,00,
15855710,0000018C,false,Rx,1,8,00,00,00,00,00,00,00,00,
15858115,00000118,false,Rx,1,4,00,4C,4C,00,00,00,00,00,
15868359,00000118,false,Rx,1,4,00,4D,4C,00,00,00,00,00,
15878122,00000118,false,Rx,1,4,00,4E,4C,00,00,00,00,00,
15888861,00000118,false,Rx,1,4,00,4F,4C,00,00,00,00,00,
15898360,00000118,false,Rx,1,4,00,40,4C,00,00,00,00,00,
15908846,00000118,false,Rx,1,4,00,41,4C,00,00,00,00,00,
15918351,00000118,false,Rx,1,4,00,42,4C,00,00,00,00,00,
15928844,00000118,false,Rx,1,4,00,43,4C,00,00,00,00,00,
15938352,00000118,false,Rx,1,4,00,44,4C,00,00,00,00,00,
15948685,00000118,false,Rx,1,4,00,45,4C,00,00,00,00,00,
15952594,0000070F,false,Rx,0,8,03,22,2B,F3,55,55,55,55,
15955075,000005BE,false,Rx,1,8,00,00,00,00,00,00,00,00,
15955183,0000054B,false,Rx,1,8,00,00,00,00,00,00,00,00,
15955290,000003DB,false,Rx,1,8,00,00,00,00,00,00,00,00,
15955394,000003C8,false,Rx,1,8,00,00,00,00,00,00,00,00,
15955502,000003BE,false,Rx,1,8,00,00,00,00,00,00,00,00,
15955604,00000392,false,Rx,1,8,00,00,00,00,00,00,00,00,
15955705,0000018C,false,Rx,1,8,00,00,00,00,00,00,00,00,
15958350,00000118,false,Rx,1,4,00,46,4C,00,00,00,00,00,
15968847,00000118,false,Rx,1,4,00,47,4C,00,00,00,00,00,
15970916,00000779,false,Rx,1,8,05,62,2B,F3,4C,00,AA,AA,
15978363,00000118,false,Rx,1,4,00,48,4C,00,00,00,00,00,
15988852,00000118,false,Rx,1,4,00,49,4C,00,00,00,00,00,
15998351,00000118,false,Rx,1,4,00,4A,4C,00,00,00,00,00,
16008846,00000118,false,Rx,1,4,00,4B,4C,00,00,00,00,00,
16018352,00000118,false,Rx,1,4,00,4C,4C,00,00,00,00,00,
16028603,00000118,false,Rx,1,4,00,4D,4C,00,00,00,00,00,
16038352,00000118,false,Rx,1,4,00,4E,4C,00,00,00,00,00,
16048592,00000118,false,Rx,1,4,00,4F,4C,00,00,00,00,00,
16055083,000005BE,false,Rx,1,8,00,00,00,00,00,00,00,00,
16055192,0000054B,false,Rx,1,8,00,00,00,00,00,00,00,00,
16055298,000003DB,false,Rx,1,8,00,00,00,00,00,00,00,00,
16055402,000003C8,false,Rx,1,8,00,00,00,00,00,00,00,00,
16055510,000003BE,false,Rx,1,8,00,00,00,00,00,00,00,00,
16055617,00000392,false,Rx,1,8,00,00,00,00,00,00,00,00,
16055713,0000018C,false,Rx,1,8,00,00,00,00,00,00,00,00,
16058353,00000118,false,Rx,1,4,00,40,4C,00,00,00,00,00,
16068597,00000118,false,Rx,1,4,00,41,4C,00,00,00,00,00,
16078355,00000118,false,Rx,1,4,00,42,4C,00,00,00,00,00,
16088603,00000118,false,Rx,1,4,00,43,4C,00,00,00,00,00,
16098352,00000118,false,Rx,1,4,00,44,4C,00,00,00,00,00,
16108607,00000118,false,Rx,1,4,00,45,4C,00,00,00,00,00,
16109144,17F0000F,true,Rx,1,8,00,0F,00,00,00,00,00,80,
16118350,00000118,false,Rx,1,4,00,46,4C,00,00,00,00,00,
16128601,00000118,false,Rx,1,4,00,47,4C,00,00,00,00,00,
16138363,00000118,false,Rx,1,4,00,48,4C,00,00,00,00,00,
16148600,00000118,false,Rx,1,4,00,49,4C,00,00,00,00,00,
16155074,000005BE,false,Rx,1,8,00,00,00,00,00,00,00,00,
16155182,0000054B,false,Rx,1,8,00,00,00,00,00,00,00,00,
16155289,000003DB,false,Rx,1,8,00,00,00,00,00,00,00,00,
16155393,000003C8,false,Rx,1,8,00,00,00,00,00,00,00,00,
16155502,000003BE,false,Rx,1,8,00,00,00,00,00,00,00,00,
16155603,00000392,false,Rx,1,8,00,00,00,00,00,00,00,00,
16155704,0000018C,false,Rx,1,8,00,00,00,00,00,00,00,00,
16158353,00000118,false,Rx,1,4,00,4A,4C,00,00,00,00,00,
16168870,00000118,false,Rx,1,4,00,4B,4C,00,00,00,00,00,
16178963,00000118,false,Rx,1,4,00,4C,4C,00,00,00,00,00,
16189653,00000118,false,Rx,1,4,00,4D,4C,00,00,00,00,00,
16199468,00000118,false,Rx,1,4,00,4E,4C,00,00,00,00,00,
16209679,00000118,false,Rx,1,4,00,4F,4C,00,00,00,00,00,
16220007,00000118,false,Rx,1,4,00,40,4C,00,00,00,00,00,
16230147,00000118,false,Rx,1,4,00,41,4C,00,00,00,00,00,
16240117,00000118,false,Rx,1,4,00,42,4C,00,00,00,00,00,
16250597,00000118,false,Rx,1,4,00,43,4C,00,00,00,00,00,
16255089,000005BE,false,Rx,1,8,00,00,00,00,00,00,00,00,
16255198,0000054B,false,Rx,1,8,00,00,00,00,00,00,00,00,
16255304,000003DB,false,Rx,1,8,00,00,00,00,00,00,00,00,
16255404,000003C8,false,Rx,1,8,00,00,00,00,00,00,00,00,
16255516,000003BE,false,Rx,1,8,00,00,00,00,00,00,00,00,
16255623,00000392,false,Rx,1,8,00,00,00,00,00,00,00,00,
16255719,0000018C,false,Rx,1,8,00,00,00,00,00,00,00,00,
16260104,00000118,false,Rx,1,4,00,44,4C,00,00,00,00,00,
16267677,0000070F,false,Rx,0,8,03,22,2B,E6,55,55,55,55,
16270601,00000118,false,Rx,1,4,00,45,4C,00,00,00,00,00,
16280623,00000118,false,Rx,1,4,00,46,4C,00,00,00,00,00,
16282943,00000779,false,Rx,1,8,05,62,2B,E6,10,79,AA,AA,
16290837,00000118,false,Rx,1,4,00,47,4C,00,00,00,00,00,
16300856,00000118,false,Rx,1,4,00,48,4C,00,00,00,00,00,
16311178,00000118,false,Rx,1,4,00,49,4C,00,00,00,00,00,
16320841,00000118,false,Rx,1,4,00,4A,4C,00,00,00,00,00,
16331167,00000118,false,Rx,1,4,00,4B,4C,00,00,00,00,00,
16340837,00000118,false,Rx,1,4,00,4C,4C,00,00,00,00,00,
16351548,00000118,false,Rx,1,4,00,4D,4C,00,00,00,00,00,
16355075,000005BE,false,Rx,1,8,00,00,00,00,00,00,00,00,
16355184,0000054B,false,Rx,1,8,00,00,00,00,00,00,00,00,
16355290,000003DB,false,Rx,1,8,00,00,00,00,00,00,00,00,
16355395,000003C8,false,Rx,1,8,00,00,00,00,00,00,00,00,
16355503,000003BE,false,Rx,1,8,00,00,00,00,00,00,00,00,
16355609,00000392,false,Rx,1,8,00,00,00,00,00,00,00,00,
16355705,0000018C,false,Rx,1,8,00,00,00,00,00,00,00,00,
16361311,00000118,false,Rx,1,4,00,4E,4C,00,00,00,00,00,
16371495,00000118,false,Rx,1,4,00,4F,4C,00,00,00,00,00,
16381801,00000118,false,Rx,1,4,00,40,4C,00,00,00,00,00,
16391884,00000118,false,Rx,1,4,00,41,4C,00,00,00,00,00,
16402061,00000118,false,Rx,1,4,00,42,4C,00,00,00,00,00,
16412248,00000118,false,Rx,1,4,00,43,4C,00,00,00,00,00,
16422046,00000118,false,Rx,1,4,00,44,4C,00,00,00,00,00,
16432250,00000118,false,Rx,1,4,00,45,4C,00,00,00,00,00,
16442400,00000118,false,Rx,1,4,00,46,4C,00,00,00,00,00,
16453018,00000118,false,Rx,1,4,00,47,4C,00,00,00,00,00,
16455076,000005BE,false,Rx,1,8,00,00,00,00,00,00,00,00,
16455184,0000054B,false,Rx,1,8,00,00,00,00,00,00,00,00,
16455291,000003DB,false,Rx,1,8,00,00,00,00,00,00,00,00,
16455395,000003C8,false,Rx,1,8,00,00,00,00,00,00,00,00,
16455503,000003BE,false,Rx,1,8,00,00,00,00,00,00,00,00,
16455609,00000392,false,Rx,1,8,00,00,00,00,00,00,00,00,
16455706,0000018C,false,Rx,1,8,00,00,00,00,00,00,00,00,
16462805,00000118,false,Rx,1,4,00,48,4C,00,00,00,00,00,
16472966,00000118,false,Rx,1,4,00,49,4C,00,00,00,00,00,
16482807,00000118,false,Rx,1,4,00,4A,4C,00,00,00,00,00,
16492955,00000118,false,Rx,1,4,00,4B,4C,00,00,00,00,00,
16502795,00000118,false,Rx,1,4,00,4C,4C,00,00,00,00,00,
16512950,00000118,false,Rx,1,4,00,4D,4C,00,00,00,00,00,
16522759,00000118,false,Rx,1,4,00,4E,4C,00,00,00,00,00,
16533335,00000118,false,Rx,1,4,00,4F,4C,00,00,00,00,00,
16543144,00000118,false,Rx,1,4,00,40,4C,00,00,00,00,00,
16553721,00000118,false,Rx,1,4,00,41,4C,00,00,00,00,00,
16555083,000005BE,false,Rx,1,8,00,00,00,00,00,00,00,00,
16555192,0000054B,false,Rx,1,8,00,00,00,00,00,00,00,00,
16555298,000003DB,false,Rx,1,8,00,00,00,00,00,00,00,00,
16555402,000003C8,false,Rx,1,8,00,00,00,00,00,00,00,00,
16555510,000003BE,false,Rx,1,8,00,00,00,00,00,00,00,00,
16555617,00000392,false,Rx,1,8,00,00,00,00,00,00,00,00,
16555713,0000018C,false,Rx,1,8,00,00,00,00,00,00,00,00,
16563527,00000118,false,Rx,1,4,00,42,4C,00,00,00,00,00,
16573695,00000118,false,Rx,1,4,00,43,4C,00,00,00,00,00,
16583729,00000118,false,Rx,1,4,00,44,4C,00,00,00,00,00,
16587456,0000070F,false,Rx,0,8,03,22,2B,E7,55,55,55,55,
16593749,00000118,false,Rx,1,4,00,45,4C,00,00,00,00,00,
16603519,00000118,false,Rx,1,4,00,46,4C,00,00,00,00,00,
16605999,00000779,false,Rx,1,8,04,62,2B,E7,22,AA,AA,AA,
16613669,00000118,false,Rx,1,4,00,47,4C,00,00,00,00,00,
16613975,17F0000F,true,Rx,1,8,00,0F,00,00,00,00,00,80,
16623491,00000118,false,Rx,1,4,00,48,4C,00,00,00,00,00,
16633658,00000118,false,Rx,1,4,00,49,4C,00,00,00,00,00,
16643466,00000118,false,Rx,1,4,00,4A,4C,00,00,00,00,00,
16653646,00000118,false,Rx,1,4,00,4B,4C,00,00,00,00,00,
16655080,000005BE,false,Rx,1,8,00,00,00,00,00,00,00,00,
16655188,0000054B,false,Rx,1,8,00,00,00,00,00,00,00,00,
16655295,000003DB,false,Rx,1,8,00,00,00,00,00,00,00,00,
16655394,000003C8,false,Rx,1,8,00,00,00,00,00,00,00,00,
16655507,000003BE,false,Rx,1,8,00,00,00,00,00,00,00,00,
16655609,00000392,false,Rx,1,8,00,00,00,00,00,00,00,00,
16655710,0000018C,false,Rx,1,8,00,00,00,00,00,00,00,00,
16663449,00000118,false,Rx,1,4,00,4C,4C,00,00,00,00,00,
16673610,00000118,false,Rx,1,4,00,4D,4C,00,00,00,00,00,
16683454,00000118,false,Rx,1,4,00,4E,4C,00,00,00,00,00,
16693635,00000118,false,Rx,1,4,00,4F,4C,00,00,00,00,00,
16703377,00000118,false,Rx,1,4,00,40,4C,00,00,00,00,00,
16713715,00000118,false,Rx,1,4,00,41,4C,00,00,00,00,00,
16723977,00000118,false,Rx,1,4,00,42,4C,00,00,00,00,00,
16734138,00000118,false,Rx,1,4,00,43,4C,00,00,00,00,00,
16744340,00000118,false,Rx,1,4,00,44,4C,00,00,00,00,00,
16754355,00000118,false,Rx,1,4,00,45,4C,00,00,00,00,00,
16756400,000005BE,false,Rx,1,8,00,00,00,00,00,00,00,00,
16756509,0000054B,false,Rx,1,8,00,00,00,00,00,00,00,00,
16756616,000003DB,false,Rx,1,8,00,00,00,00,00,00,00,00,
16756720,000003C8,false,Rx,1,8,00,00,00,00,00,00,00,00,
16756828,000003BE,false,Rx,1,8,00,00,00,00,00,00,00,00,
16757033,00000392,false,Rx,1,8,00,00,00,00,00,00,00,00,
16757047,0000018C,false,Rx,1,8,00,00,00,00,00,00,00,00,
16764338,00000118,false,Rx,1,4,00,46,4C,00,00,00,00,00,
16774848,00000118,false,Rx,1,4,00,47,4C,00,00,00,00,00,
16784602,00000118,false,Rx,1,4,00,48,4C,00,00,00,00,00,
16794852,00000118,false,Rx,1,4,00,49,4C,00,00,00,00,00,
16804596,00000118,false,Rx,1,4,00,4A,4C,00,00,00,00,00,
16814850,00000118,false,Rx,1,4,00,4B,4C,00,00,00,00,00,
16824590,00000118,false,Rx,1,4,00,4C,4C,00,00,00,00,00,
16834841,00000118,false,Rx,1,4,00,4D,4C,00,00,00,00,00,
16844594,00000118,false,Rx,1,4,00,4E,4C,00,00,00,00,00,
16854829,00000118,false,Rx,1,4,00,4F,4C,00,00,00,00,00,
16856401,000005BE,false,Rx,1,8,00,00,00,00,00,00,00,00,
16856510,0000054B,false,Rx,1,8,00,00,00,00,00,00,00,00,
16856616,000003DB,false,Rx,1,8,00,00,00,00,00,00,00,00,
16856715,000003C8,false,Rx,1,8,00,00,00,00,00,00,00,00,
16856829,000003BE,false,Rx,1,8,00,00,00,00,00,00,00,00,
16857024,00000392,false,Rx,1,8,00,00,00,00,00,00,00,00,
16857038,0000018C,false,Rx,1,8,00,00,00,00,00,00,00,00,
16864594,00000118,false,Rx,1,4,00,40,4C,00,00,00,00,00,
16874846,00000118,false,Rx,1,4,00,41,4C,00,00,00,00,00,
16884600,00000118,false,Rx,1,4,00,42,4C,00,00,00,00,00,
16894844,00000118,false,Rx,1,4,00,43,4C,00,00,00,00,00,
16904041,0000070F,false,Rx,0,8,03,22,2B,E9,55,55,55,55,
16905057,00000118,false,Rx,1,4,00,44,4C,00,00,00,00,00,
16915088,00000118,false,Rx,1,4,00,45,4C,00,00,00,00,00,
16924844,00000118,false,Rx,1,4,00,46,4C,00,00,00,00,00,
16927320,00000779,false,Rx,1,8,05,62,2B,E9,2E,00,AA,AA,
16935092,00000118,false,Rx,1,4,00,47,4C,00,00,00,00,00,
16944868,00000118,false,Rx,1,4,00,48,4C,00,00,00,00,00,
16955080,00000118,false,Rx,1,4,00,49,4C,00,00,00,00,00,
16956405,000005BE,false,Rx,1,8,00,00,00,00,00,00,00,00,
16956514,0000054B,false,Rx,1,8,00,00,00,00,00,00,00,00,
16956620,000003DB,false,Rx,1,8,00,00,00,00,00,00,00,00,
16956724,000003C8,false,Rx,1,8,00,00,00,00,00,00,00,00,
16956833,000003BE,false,Rx,1,8,00,00,00,00,00,00,00,00,
16957036,00000392,false,Rx,1,8,00,00,00,00,00,00,00,00,
16957066,0000018C,false,Rx,1,8,00,00,00,00,00,00,00,00,
16964830,00000118,false,Rx,1,4,00,4A,4C,00,00,00,00,00,
16975084,00000118,false,Rx,1,4,00,4B,4C,00,00,00,00,00,
16984848,00000118,false,Rx,1,4,00,4C,4C,00,00,00,00,00,
16995077,00000118,false,Rx,1,4,00,4D,4C,00,00,00,00,00,
17004841,00000118,false,Rx,1,4,00,4E,4C,00,00,00,00,00,
17015551,00000118,false,Rx,1,4,00,4F,4C,00,00,00,00,00,
17025179,00000118,false,Rx,1,4,00,40,4C,00,00,00,00,00,
17035569,00000118,false,Rx,1,4,00,41,4C,00,00,00,00,00,
17045162,00000118,false,Rx,1,4,00,42,4C,00,00,00,00,00,
17055562,00000118,false,Rx,1,4,00,43,4C,00,00,00,00,00,
17056404,000005BE,false,Rx,1,8,00,00,00,00,00,00,00,00,
17056513,0000054B,false,Rx,1,8,00,00,00,00,00,00,00,00,
17056619,000003DB,false,Rx,1,8,00,00,00,00,00,00,00,00,
17056723,000003C8,false,Rx,1,8,00,00,00,00,00,00,00,00,
17056831,000003BE,false,Rx,1,8,00,00,00,00,00,00,00,00,
17057175,00000392,false,Rx,1,8,00,00,00,00,00,00,00,00,
17057189,0000018C,false,Rx,1,8,00,00,00,00,00,00,00,00,
17065127,00000118,false,Rx,1,4,00,44,4C,00,00,00,00,00,
17076294,00000118,false,Rx,1,4,00,45,4C,00,00,00,00,00,
17085893,00000118,false,Rx,1,4,00,46,4C,00,00,00,00,00,
17096308,00000118,false,Rx,1,4,00,47,4C,00,00,00,00,00,
17106678,00000118,false,Rx,1,4,00,48,4C,00,00,00,00,00,
17116968,00000118,false,Rx,1,4,00,49,4C,00,00,00,00,00,
17117261,17F0000F,true,Rx,1,8,00,0F,00,00,00,00,00,80,
17127030,00000118,false,Rx,1,4,00,4A,4C,00,00,00,00,00,
17137332,00000118,false,Rx,1,4,00,4B,4C,00,00,00,00,00,
17147027,00000118,false,Rx,1,4,00,4C,4C,00,00,00,00,00,
17156244,000005BE,false,Rx,1,8,00,00,00,00,00,00,00,00,
17156353,0000054B,false,Rx,1,8,00,00,00,00,00,00,00,00,
17156459,000003DB,false,Rx,1,8,00,00,00,00,00,00,00,00,
17156563,000003C8,false,Rx,1,8,00,00,00,00,00,00,00,00,
17156672,000003BE,false,Rx,1,8,00,00,00,00,00,00,00,00,
17156778,00000392,false,Rx,1,8,00,00,00,00,00,00,00,00,
17156874,0000018C,false,Rx,1,8,00,00,00,00,00,00,00,00,
17157316,00000118,false,Rx,1,4,00,4D,4C,00,00,00,00,00,
17167014,00000118,false,Rx,1,4,00,4E,4C,00,00,00,00,00,
17177300,00000118,false,Rx,1,4,00,4F,4C,00,00,00,00,00,
17186980,00000118,false,Rx,1,4,00,40,4C,00,00,00,00,00,
17197327,00000118,false,Rx,1,4,00,41,4C,00,00,00,00,00,
17206974,00000118,false,Rx,1,4,00,42,4C,00,00,00,00,00,
17223248,0000070F,false,Rx,0,8,03,22,2B,F3,55,55,55,55,
17223288,00000118,false,Rx,1,4,00,43,4C,00,00,00,00,00,
17227135,00000118,false,Rx,1,4,00,44,4C,00,00,00,00,00,
17238344,00000118,false,Rx,1,4,00,45,4C,00,00,00,00,00,
17239558,00000779,false,Rx,1,8,05,62,2B,F3,4C,00,AA,AA,
17247611,00000118,false,Rx,1,4,00,46,4C,00,00,00,00,00,
17255789,000005BE,false,Rx,1,8,00,00,00,00,00,00,00,00,
17255898,0000054B,false,Rx,1,8,00,00,00,00,00,00,00,00,
17256012,000003DB,false,Rx,1,8,00,00,00,00,00,00,00,00,
17256117,000003C8,false,Rx,1,8,00,00,00,00,00,00,00,00,
17256225,000003BE,false,Rx,1,8,00,00,00,00,00,00,00,00,
17256331,00000392,false,Rx,1,8,00,00,00,00,00,00,00,00,
17256427,0000018C,false,Rx,1,8,00,00,00,00,00,00,00,00,
17257624,00000118,false,Rx,1,4,00,47,4C,00,00,00,00,00,
17267605,00000118,false,Rx,1,4,00,48,4C,00,00,00,00,00,
17277605,00000118,false,Rx,1,4,00,49,4C,00,00,00,00,00,
17287774,00000118,false,Rx,1,4,00,4A,4C,00,00,00,00,00,
17297955,00000118,false,Rx,1,4,00,4B,4C,00,00,00,00,00,
17308179,00000118,false,Rx,1,4,00,4C,4C,00,00,00,00,00,
17318326,00000118,false,Rx,1,4,00,4D,4C,00,00,00,00,00,
17328168,00000118,false,Rx,1,4,00,4E,4C,00,00,00,00,00,
17338303,00000118,false,Rx,1,4,00,4F,4C,00,00,00,00,00,
17348132,00000118,false,Rx,1,4,00,40,4C,00,00,00,00,00,
17355787,000005BE,false,Rx,1,8,00,00,00,00,00,00,00,00,
17355896,0000054B,false,Rx,1,8,00,00,00,00,00,00,00,00,
17356003,000003DB,false,Rx,1,8,00,00,00,00,00,00,00,00,
17356109,000003C8,false,Rx,1,8,00,00,00,00,00,00,00,00,
17356217,000003BE,false,Rx,1,8,00,00,00,00,00,00,00,00,
17356323,00000392,false,Rx,1,8,00,00,00,00,00,00,00,00,
17356420,0000018C,false,Rx,1,8,00,00,00,00,00,00,00,00,
17358310,00000118,false,Rx,1,4,00,41,4C,00,00,00,00,00,
17368114,00000118,false,Rx,1,4,00,42,4C,00,00,00,00,00,
17378294,00000118,false,Rx,1,4,00,43,4C,00,00,00,00,00,
17388102,00000118,false,Rx,1,4,00,44,4C,00,00,00,00,00,
17398260,00000118,false,Rx,1,4,00,45,4C,00,00,00,00,00,
17408102,00000118,false,Rx,1,4,00,46,4C,00,00,00,00,00,
17418246,00000118,false,Rx,1,4,00,47,4C,00,00,00,00,00,
17428066,00000118,false,Rx,1,4,00,48,4C,00,00,00,00,00,
17438247,00000118,false,Rx,1,4,00,49,4C,00,00,00,00,00,
17448053,00000118,false,Rx,1,4,00,4A,4C,00,00,00,00,00,
17455793,000005BE,false,Rx,1,8,00,00,00,00,00,00,00,00,
17455893,0000054B,false,Rx,1,8,00,00,00,00,00,00,00,00,
17456007,000003DB,false,Rx,1,8,00,00,00,00,00,00,00,00,
17456112,000003C8,false,Rx,1,8,00,00,00,00,00,00,00,00,
17456224,000003BE,false,Rx,1,8,00,00,00,00,00,00,00,00,
17456322,00000392,false,Rx,1,8,00,00,00,00,00,00,00,00,
17456423,0000018C,false,Rx,1,8,00,00,00,00,00,00,00,00,
17458227,00000118,false,Rx,1,4,00,4B,4C,00,00,00,00,00,
17468038,00000118,false,Rx,1,4,00,4C,4C,00,00,00,00,00,
17478216,00000118,false,Rx,1,4,00,4D,4C,00,00,00,00,00,
17488024,00000118,false,Rx,1,4,00,4E,4C,00,00,00,00,00,
17498181,00000118,false,Rx,1,4,00,4F,4C,00,00,00,00,00,
17508028,00000118,false,Rx,1,4,00,40,4C,00,00,00,00,00,
17518170,00000118,false,Rx,1,4,00,41,4C,00,00,00,00,00,
17527995,00000118,false,Rx,1,4,00,42,4C,00,00,00,00,00,
17530667,0000070F,false,Rx,0,8,03,22,2B,E6,55,55,55,55,
17538598,00000118,false,Rx,1,4,00,43,4C,00,00,00,00,00,
17548376,00000118,false,Rx,1,4,00,44,4C,00,00,00,00,00,
17550759,00000779,false,Rx,1,8,05,62,2B,E6,0F,CD,AA,AA,
17555782,000005BE,false,Rx,1,8,00,00,00,00,00,00,00,00,
17555890,0000054B,false,Rx,1,8,00,00,00,00,00,00,00,00,
17556005,000003DB,false,Rx,1,8,00,00,00,00,00,00,00,00,
17556109,000003C8,false,Rx,1,8,00,00,00,00,00,00,00,00,
17556218,000003BE,false,Rx,1,8,00,00,00,00,00,00,00,00,
17556323,00000392,false,Rx,1,8,00,00,00,00,00,00,00,00,
17556420,0000018C,false,Rx,1,8,00,00,00,00,00,00,00,00,
17558966,00000118,false,Rx,1,4,00,45,4C,00,00,00,00,00,
17568762,00000118,false,Rx,1,4,00,46,4C,00,00,00,00,00,
17578955,00000118,false,Rx,1,4,00,47,4C,00,00,00,00,00,
17589239,00000118,false,Rx,1,4,00,48,4C,00,00,00,00,00,
17599306,00000118,false,Rx,1,4,00,49,4C,00,00,00,00,00,
17609150,00000118,false,Rx,1,4,00,4A,4C,00,00,00,00,00,
17619292,00000118,false,Rx,1,4,00,4B,4C,00,00,00,00,00,
17619587,17F0000F,true,Rx,1,8,00,0F,00,00,00,00,00,80,
17629144,00000118,false,Rx,1,4,00,4C,4C,00,00,00,00,00,
17639275,00000118,false,Rx,1,4,00,4D,4C,00,00,00,00,00,
17649103,00000118,false,Rx,1,4,00,4E,4C,00,00,00,00,00,
17655783,000005BE,false,Rx,1,8,00,00,00,00,00,00,00,00,
17655892,0000054B,false,Rx,1,8,00,00,00,00,00,00,00,00,
17656001,000003DB,false,Rx,1,8,00,00,00,00,00,00,00,00,
17656097,000003C8,false,Rx,1,8,00,00,00,00,00,00,00,00,
17656210,000003BE,false,Rx,1,8,00,00,00,00,00,00,00,00,
17656317,00000392,false,Rx,1,8,00,00,00,00,00,00,00,00,
17656413,0000018C,false,Rx,1,8,00,00,00,00,00,00,00,00,
17659278,00000118,false,Rx,1,4,00,4F,4C,00,00,00,00,00,
17669086,00000118,false,Rx,1,4,00,40,4C,00,00,00,00,00,
17679266,00000118,false,Rx,1,4,00,41,4C,00,00,00,00,00,
17689069,00000118,false,Rx,1,4,00,42,4C,00,00,00,00,00,
17699274,00000118,false,Rx,1,4,00,43,4C,00,00,00,00,00,
17716235,00000118,false,Rx,1,4,00,44,4C,00,00,00,00,00,
17719391,00000118,false,Rx,1,4,00,45,4C,00,00,00,00,00,
17729092,00000118,false,Rx,1,4,00,46,4C,00,00,00,00,00,
17739355,00000118,false,Rx,1,4,00,47,4C,00,00,00,00,00,
17749008,00000118,false,Rx,1,4,00,48,4C,00,00,00,00,00,
17755090,000005BE,false,Rx,1,8,00,00,00,00,00,00,00,00,
17755199,0000054B,false,Rx,1,8,00,00,00,00,00,00,00,00,
17755305,000003DB,false,Rx,1,8,00,00,00,00,00,00,00,00,
17755409,000003C8,false,Rx,1,8,00,00,00,00,00,00,00,00,
17755518,000003BE,false,Rx,1,8,00,00,00,00,00,00,00,00,
17755620,00000392,false,Rx,1,8,00,00,00,00,00,00,00,00,
17755720,0000018C,false,Rx,1,8,00,00,00,00,00,00,00,00,
17759639,00000118,false,Rx,1,4,00,49,4C,00,00,00,00,00,
17769772,00000118,false,Rx,1,4,00,4A,4C,00,00,00,00,00,
17780045,00000118,false,Rx,1,4,00,4B,4C,00,00,00,00,00,
17789724,00000118,false,Rx,1,4,00,4C,4C,00,00,00,00,00,
17800045,00000118,false,Rx,1,4,00,4D,4C,00,00,00,00,00,
17809707,00000118,false,Rx,1,4,00,4E,4C,00,00,00,00,00,
17820012,00000118,false,Rx,1,4,00,4F,4C,00,00,00,00,00,
17830120,00000118,false,Rx,1,4,00,40,4C,00,00,00,00,00,
17840400,00000118,false,Rx,1,4,00,41,4C,00,00,00,00,00,
17850093,00000118,false,Rx,1,4,00,42,4C,00,00,00,00,00,
17852045,0000070F,false,Rx,0,8,03,22,2B,E7,55,55,55,55,
17855081,000005BE,false,Rx,1,8,00,00,00,00,00,00,00,00,
17855190,0000054B,false,Rx,1,8,00,00,00,00,00,00,00,00,
17855296,000003DB,false,Rx,1,8,00,00,00,00,00,00,00,00,
17855400,000003C8,false,Rx,1,8,00,00,00,00,00,00,00,00,
17855509,000003BE,false,Rx,1,8,00,00,00,00,00,00,00,00,
17855615,00000392,false,Rx,1,8,00,00,00,00,00,00,00,00,
17855711,0000018C,false,Rx,1,8,00,00,00,00,00,00,00,00,
17860407,00000118,false,Rx,1,4,00,43,4C,00,00,00,00,00,
17870078,00000118,false,Rx,1,4,00,44,4C,00,00,00,00,00,
17872466,00000779,false,Rx,1,8,04,62,2B,E7,22,AA,AA,AA,
17880376,00000118,false,Rx,1,4,00,45,4C,00,00,00,00,00,
17890445,00000118,false,Rx,1,4,00,46,4C,00,00,00,00,00,
17900772,00000118,false,Rx,1,4,00,47,4C,00,00,00,00,00,
17910429,00000118,false,Rx,1,4,00,48,4C,00,00,00,00,00,
17920753,00000118,false,Rx,1,4,00,49,4C,00,00,00,00,00,
17930416,00000118,false,Rx,1,4,00,4A,4C,00,00,00,00,00,
17940724,00000118,false,Rx,1,4,00,4B,4C,00,00,00,00,00,
17950416,00000118,false,Rx,1,4,00,4C,4C,00,00,00,00,00,
17955075,000005BE,false,Rx,1,8,00,00,00,00,00,00,00,00,
17955183,0000054B,false,Rx,1,8,00,00,00,00,00,00,00,00,
17955290,000003DB,false,Rx,1,8,00,00,00,00,00,00,00,00,
17955393,000003C8,false,Rx,1,8,00,00,00,00,00,00,00,00,
17955502,000003BE,false,Rx,1,8,00,00,00,00,00,00,00,00,
17955608,00000392,false,Rx,1,8,00,00,00,00,00,00,00,00,
17955705,0000018C,false,Rx,1,8,00,00,00,00,00,00,00,00,
17960704,00000118,false,Rx,1,4,00,4D,4C,00,00,00,00,00,
17970403,00000118,false,Rx,1,4,00,4E,4C,00,00,00,00,00,
17980689,00000118,false,Rx,1,4,00,4F,4C,00,00,00,00,00,
17990768,00000118,false,Rx,1,4,00,40,4C,00,00,00,00,00,
18001095,00000118,false,Rx,1,4,00,41,4C,00,00,00,00,00,
18010750,00000118,false,Rx,1,4,00,42,4C,00,00,00,00,00,
18021080,00000118,false,Rx,1,4,00,43,4C,00,00,00,00,00,
18030735,00000118,false,Rx,1,4,00,44,4C,00,00,00,00,00,
18041047,00000118,false,Rx,1,4,00,45,4C,00,00,00,00,00,
18050740,00000118,false,Rx,1,4,00,46,4C,00,00,00,00,00,
18055082,000005BE,false,Rx,1,8,00,00,00,00,00,00,00,00,
18055191,0000054B,false,Rx,1,8,00,00,00,00,00,00,00,00,
18055297,000003DB,false,Rx,1,8,00,00,00,00,00,00,00,00,
18055401,000003C8,false,Rx,1,8,00,00,00,00,00,00,00,00,
18055510,000003BE,false,Rx,1,8,00,00,00,00,00,00,00,00,
18055616,00000392,false,Rx,1,8,00,00,00,00,00,00,00,00,
18055712,0000018C,false,Rx,1,8,00,00,00,00,00,00,00,00,
18061030,00000118,false,Rx,1,4,00,47,4C,00,00,00,00,00,
18071128,00000118,false,Rx,1,4,00,48,4C,00,00,00,00,00,
18081414,00000118,false,Rx,1,4,00,49,4C,00,00,00,00,00,
18091089,00000118,false,Rx,1,4,00,4A,4C,00,00,00,00,00,
18101419,00000118,false,Rx,1,4,00,4B,4C,00,00,00,00,00,
18111076,00000118,false,Rx,1,4,00,4C,4C,00,00,00,00,00,
18121402,00000118,false,Rx,1,4,00,4D,4C,00,00,00,00,00,
18121695,17F0000F,true,Rx,1,8,00,0F,00,00,00,00,00,80,
18131068,00000118,false,Rx,1,4,00,4E,4C,00,00,00,00,00,
18141371,00000118,false,Rx,1,4,00,4F,4C,00,00,00,00,00,
18151065,00000118,false,Rx,1,4,00,40,4C,00,00,00,00,00,
18155074,000005BE,false,Rx,1,8,00,00,00,00,00,00,00,00,
18155184,0000054B,false,Rx,1,8,00,00,00,00,00,00,00,00,
18155290,000003DB,false,Rx,1,8,00,00,00,00,00,00,00,00,
18155389,000003C8,false,Rx,1,8,00,00,00,00,00,00,00,00,
18155502,000003BE,false,Rx,1,8,00,00,00,00,00,00,00,00,
18155608,00000392,false,Rx,1,8,00,00,00,00,00,00,00,00,
18155705,0000018C,false,Rx,1,8,00,00,00,00,00,00,00,00,
18161354,00000118,false,Rx,1,4,00,41,4C,00,00,00,00,00,
18171047,00000118,false,Rx,1,4,00,42,4C,00,00,00,00,00,
18172216,0000070F,false,Rx,0,8,03,22,2B,E9,55,55,55,55,
18181363,00000118,false,Rx,1,4,00,43,4C,00,00,00,00,00,
18191014,00000118,false,Rx,1,4,00,44,4C,00,00,00,00,00,
18193502,00000779,false,Rx,1,8,05,62,2B,E9,2D,00,AA,AA,
18201384,00000118,false,Rx,1,4,00,45,4C,00,00,00,00,00,
18215881,00000118,false,Rx,1,4,00,46,4C,00,00,00,00,00,
18221740,00000118,false,Rx,1,4,00,47,4C,00,00,00,00,00,
18231405,00000118,false,Rx,1,4,00,48,4C,00,00,00,00,00,
18241695,00000118,false,Rx,1,4,00,49,4C,00,00,00,00,00,
18251387,00000118,false,Rx,1,4,00,4A,4C,00,00,00,00,00,
18255090,000005BE,false,Rx,1,8,00,00,00,00,00,00,00,00,
18255199,0000054B,false,Rx,1,8,00,00,00,00,00,00,00,00,
18255305,000003DB,false,Rx,1,8,00,00,00,00,00,00,00,00,
18255410,000003C8,false,Rx,1,8,00,00,00,00,00,00,00,00,
18255518,000003BE,false,Rx,1,8,00,00,00,00,00,00,00,00,
18255624,00000392,false,Rx,1,8,00,00,00,00,00,00,00,00,
18255720,0000018C,false,Rx,1,8,00,00,00,00,00,00,00,00,
18261678,00000118,false,Rx,1,4,00,4B,4C,00,00,00,00,00,
18271373,00000118,false,Rx,1,4,00,4C,4C,00,00,00,00,00,
18281660,00000118,false,Rx,1,4,00,4D,4C,00,00,00,00,00,
18291342,00000118,false,Rx,1,4,00,4E,4C,00,00,00,00,00,
18301666,00000118,false,Rx,1,4,00,4F,4C,00,00,00,00,00,
18311724,00000118,false,Rx,1,4,00,40,4C,00,00,00,00,00,
18322051,00000118,false,Rx,1,4,00,41,4C,00,00,00,00,00,
18331707,00000118,false,Rx,1,4,00,42,4C,00,00,00,00,00,
18342020,00000118,false,Rx,1,4,00,43,4C,00,00,00,00,00,
18351713,00000118,false,Rx,1,4,00,44,4C,00,00,00,00,00,
18355076,000005BE,false,Rx,1,8,00,00,00,00,00,00,00,00,
18355180,0000054B,false,Rx,1,8,00,00,00,00,00,00,00,00,
18355292,000003DB,false,Rx,1,8,00,00,00,00,00,00,00,00,
18355396,000003C8,false,Rx,1,8,00,00,00,00,00,00,00,00,
18355504,000003BE,false,Rx,1,8,00,00,00,00,00,00,00,00,
18355605,00000392,false,Rx,1,8,00,00,00,00,00,00,00,00,
18355706,0000018C,false,Rx,1,8,00,00,00,00,00,00,00,00,
18361999,00000118,false,Rx,1,4,00,45,4C,00,00,00,00,00,
18371696,00000118,false,Rx,1,4,00,46,4C,00,00,00,00,00,
18381986,00000118,false,Rx,1,4,00,47,4C,00,00,00,00,00,
18391664,00000118,false,Rx,1,4,00,48,4C,00,00,00,00,00,
18401988,00000118,false,Rx,1,4,00,49,4C,00,00,00,00,00,
18411647,00000118,false,Rx,1,4,00,4A,4C,00,00,00,00,00,
18421976,00000118,false,Rx,1,4,00,4B,4C,00,00,00,00,00,
18431631,00000118,false,Rx,1,4,00,4C,4C,00,00,00,00,00,
18441955,00000118,false,Rx,1,4,00,4D,4C,00,00,00,00,00,
18451643,00000118,false,Rx,1,4,00,4E,4C,00,00,00,00,00,
18455074,000005BE,false,Rx,1,8,00,00,00,00,00,00,00,00,
18455183,0000054B,false,Rx,1,8,00,00,00,00,00,00,00,00,
18455289,000003DB,false,Rx,1,8,00,00,00,00,00,00,00,00,
18455393,000003C8,false,Rx,1,8,00,00,00,00,00,00,00,00,
18455501,000003BE,false,Rx,1,8,00,00,00,00,00,00,00,00,
18455608,00000392,false,Rx,1,8,00,00,00,00,00,00,00,00,
18455704,0000018C,false,Rx,1,8,00,00,00,00,00,00,00,00,
18461939,00000118,false,Rx,1,4,00,4F,4C,00,00,00,00,00,
18471622,00000118,false,Rx,1,4,00,40,4C,00,00,00,00,00,
18481910,00000118,false,Rx,1,4,00,41,4C,00,00,00,00,00,
18484697,0000070F,false,Rx,0,8,03,22,2B,F3,55,55,55,55,
18492002,00000118,false,Rx,1,4,00,42,4C,00,00,00,00,00,
18502313,00000118,false,Rx,1,4,00,43,4C,00,00,00,00,00,
18504705,00000779,false,Rx,1,8,05,62,2B,F3,4C,00,AA,AA,
18511981,00000118,false,Rx,1,4,00,44,4C,00,00,00,00,00,
18522298,00000118,false,Rx,1,4,00,45,4C,00,00,00,00,00,
18531957,00000118,false,Rx,1,4,00,46,4C,00,00,00,00,00,
18542265,00000118,false,Rx,1,4,00,47,4C,00,00,00,00,00,
18551964,00000118,false,Rx,1,4,00,48,4C,00,00,00,00,00,
18555075,000005BE,false,Rx,1,8,00,00,00,00,00,00,00,00,
18555184,0000054B,false,Rx,1,8,00,00,00,00,00,00,00,00,
18555290,000003DB,false,Rx,1,8,00,00,00,00,00,00,00,00,
18555395,000003C8,false,Rx,1,8,00,00,00,00,00,00,00,00,
18555503,000003BE,false,Rx,1,8,00,00,00,00,00,00,00,00,
18555609,00000392,false,Rx,1,8,00,00,00,00,00,00,00,00,
18555705,0000018C,false,Rx,1,8,00,00,00,00,00,00,00,00,
18562246,00000118,false,Rx,1,4,00,49,4C,00,00,00,00,00,
18571966,00000118,false,Rx,1,4,00,4A,4C,00,00,00,00,00,
18582381,00000118,false,Rx,1,4,00,4B,4C,00,00,00,00,00,
18591999,00000118,false,Rx,1,4,00,4C,4C,00,00,00,00,00,
18602235,00000118,false,Rx,1,4,00,4D,4C,00,00,00,00,00,
18611896,00000118,false,Rx,1,4,00,4E,4C,00,00,00,00,00,
18622221,00000118,false,Rx,1,4,00,4F,4C,00,00,00,00,00,
18622515,17F0000F,true,Rx,1,8,00,0F,00,00,00,00,00,80,
18631887,00000118,false,Rx,1,4,00,40,4C,00,00,00,00,00,
18642188,00000118,false,Rx,1,4,00,41,4C,00,00,00,00,00,
18651886,00000118,false,Rx,1,4,00,42,4C,00,00,00,00,00,
18655080,000005BE,false,Rx,1,8,00,00,00,00,00,00,00,00,
18655189,0000054B,false,Rx,1,8,00,00,00,00,00,00,00,00,
18655296,000003DB,false,Rx,1,8,00,00,00,00,00,00,00,00,
18655395,000003C8,false,Rx,1,8,00,00,00,00,00,00,00,00,
18655508,000003BE,false,Rx,1,8,00,00,00,00,00,00,00,00,
18655614,00000392,false,Rx,1,8,00,00,00,00,00,00,00,00,
18655711,0000018C,false,Rx,1,8,00,00,00,00,00,00,00,00,
18662174,00000118,false,Rx,1,4,00,43,4C,00,00,00,00,00,
18671866,00000118,false,Rx,1,4,00,44,4C,00,00,00,00,00,
18682155,00000118,false,Rx,1,4,00,45,4C,00,00,00,00,00,
18691834,00000118,false,Rx,1,4,00,46,4C,00,00,00,00,00,
18702205,00000118,false,Rx,1,4,00,47,4C,00,00,00,00,00,
18715506,00000118,false,Rx,1,4,00,48,4C,00,00,00,00,00,
18722187,00000118,false,Rx,1,4,00,49,4C,00,00,00,00,00,
18731807,00000118,false,Rx,1,4,00,4A,4C,00,00,00,00,00,
18742113,00000118,false,Rx,1,4,00,4B,4C,00,00,00,00,00,
18751819,00000118,false,Rx,1,4,00,4C,4C,00,00,00,00,00,
18755091,000005BE,false,Rx,1,8,00,00,00,00,00,00,00,00,
18755200,0000054B,false,Rx,1,8,00,00,00,00,00,00,00,00,
18755306,000003DB,false,Rx,1,8,00,00,00,00,00,00,00,00,
18755410,000003C8,false,Rx,1,8,00,00,00,00,00,00,00,00,
18755519,000003BE,false,Rx,1,8,00,00,00,00,00,00,00,00,
18755625,00000392,false,Rx,1,8,00,00,00,00,00,00,00,00,
18755721,0000018C,false,Rx,1,8,00,00,00,00,00,00,00,00,
18762094,00000118,false,Rx,1,4,00,4D,4C,00,00,00,00,00,
18771794,00000118,false,Rx,1,4,00,4E,4C,00,00,00,00,00,
18782086,00000118,false,Rx,1,4,00,4F,4C,00,00,00,00,00,
18791763,00000118,false,Rx,1,4,00,40,4C,00,00,00,00,00,
18800648,0000070F,false,Rx,0,8,03,22,2B,E6,55,55,55,55,
18802109,00000118,false,Rx,1,4,00,41,4C,00,00,00,00,00,
18811742,00000118,false,Rx,1,4,00,42,4C,00,00,00,00,00,
18814133,00000779,false,Rx,1,8,05,62,2B,E6,10,79,AA,AA,
18822082,00000118,false,Rx,1,4,00,43,4C,00,00,00,00,00,
18831726,00000118,false,Rx,1,4,00,44,4C,00,00,00,00,00,
18842033,00000118,false,Rx,1,4,00,45,4C,00,00,00,00,00,
18851731,00000118,false,Rx,1,4,00,46,4C,00,00,00,00,00,
18855086,000005BE,false,Rx,1,8,00,00,00,00,00,00,00,00,
18855187,0000054B,false,Rx,1,8,00,00,00,00,00,00,00,00,
18855299,000003DB,false,Rx,1,8,00,00,00,00,00,00,00,00,
18855398,000003C8,false,Rx,1,8,00,00,00,00,00,00,00,00,
18855511,000003BE,false,Rx,1,8,00,00,00,00,00,00,00,00,
18855612,00000392,false,Rx,1,8,00,00,00,00,00,00,00,00,
18855714,0000018C,false,Rx,1,8,00,00,00,00,00,00,00,00,
18862023,00000118,false,Rx,1,4,00,47,4C,00,00,00,00,00,
18871717,00000118,false,Rx,1,4,00,48,4C,00,00,00,00,00,
18882004,00000118,false,Rx,1,4,00,49,4C,00,00,00,00,00,
18891682,00000118,false,Rx,1,4,00,4A,4C,00,00,00,00,00,
18902010,00000118,false,Rx,1,4,00,4B,4C,00,00,00,00,00,
18911666,00000118,false,Rx,1,4,00,4C,4C,00,00,00,00,00,
18921991,00000118,false,Rx,1,4,00,4D,4C,00,00,00,00,00,
18931653,00000118,false,Rx,1,4,00,4E,4C,00,00,00,00,00,
18941958,00000118,false,Rx,1,4,00,4F,4C,00,00,00,00,00,
18951661,00000118,false,Rx,1,4,00,40,4C,00,00,00,00,00,
18955082,000005BE,false,Rx,1,8,00,00,00,00,00,00,00,00,
18955184,0000054B,false,Rx,1,8,00,00,00,00,00,00,00,00,
18955295,000003DB,false,Rx,1,8,00,00,00,00,00,00,00,00,
18955399,000003C8,false,Rx,1,8,00,00,00,00,00,00,00,00,
18955507,000003BE,false,Rx,1,8,00,00,00,00,00,00,00,00,
18955614,00000392,false,Rx,1,8,00,00,00,00,00,00,00,00,
18955710,0000018C,false,Rx,1,8,00,00,00,00,00,00,00,00,
18961958,00000118,false,Rx,1,4,00,41,4C,00,00,00,00,00,
18971638,00000118,false,Rx,1,4,00,42,4C,00,00,00,00,00,
18981948,00000118,false,Rx,1,4,00,43,4C,00,00,00,00,00,
18991606,00000118,false,Rx,1,4,00,44,4C,00,00,00,00,00,
19001950,00000118,false,Rx,1,4,00,45,4C,00,00,00,00,00,
19011589,00000118,false,Rx,1,4,00,46,4C,00,00,00,00,00,
19021938,00000118,false,Rx,1,4,00,47,4C,00,00,00,00,00,
19031577,00000118,false,Rx,1,4,00,48,4C,00,00,00,00,00,
19041883,00000118,false,Rx,1,4,00,49,4C,00,00,00,00,00,
19051979,00000118,false,Rx,1,4,00,4A,4C,00,00,00,00,00,
19055075,000005BE,false,Rx,1,8,00,00,00,00,00,00,00,00,
19055183,0000054B,false,Rx,1,8,00,00,00,00,00,00,00,00,
19055290,000003DB,false,Rx,1,8,00,00,00,00,00,00,00,00,
19055389,000003C8,false,Rx,1,8,00,00,00,00,00,00,00,00,
19055502,000003BE,false,Rx,1,8,00,00,00,00,00,00,00,00,
19055604,00000392,false,Rx,1,8,00,00,00,00,00,00,00,00,
19055705,0000018C,false,Rx,1,8,00,00,00,00,00,00,00,00,
19062271,00000118,false,Rx,1,4,00,4B,4C,00,00,00,00,00,
19071966,00000118,false,Rx,1,4,00,4C,4C,00,00,00,00,00,
19082253,00000118,false,Rx,1,4,00,4D,4C,00,00,00,00,00,
19091950,00000118,false,Rx,1,4,00,4E,4C,00,00,00,00,00,
19102256,00000118,false,Rx,1,4,00,4F,4C,00,00,00,00,00,
19111916,00000118,false,Rx,1,4,00,40,4C,00,00,00,00,00,
19117981,0000070F,false,Rx,0,8,03,22,2B,E7,55,55,55,55,
19122266,00000118,false,Rx,1,4,00,41,4C,00,00,00,00,00,
19122560,17F0000F,true,Rx,1,8,00,0F,00,00,00,00,00,80,
19131906,00000118,false,Rx,1,4,00,42,4C,00,00,00,00,00,
19134293,00000779,false,Rx,1,8,04,62,2B,E7,22,AA,AA,AA,
19142219,00000118,false,Rx,1,4,00,43,4C,00,00,00,00,00,
19152301,00000118,false,Rx,1,4,00,44,4C,00,00,00,00,00,
19155074,000005BE,false,Rx,1,8,00,00,00,00,00,00,00,00,
19155184,0000054B,false,Rx,1,8,00,00,00,00,00,00,00,00,
19155290,000003DB,false,Rx,1,8,00,00,00,00,00,00,00,00,
19155394,000003C8,false,Rx,1,8,00,00,00,00,00,00,00,00,
19155502,000003BE,false,Rx,1,8,00,00,00,00,00,00,00,00,
19155609,00000392,false,Rx,1,8,00,00,00,00,00,00,00,00,
19155705,0000018C,false,Rx,1,8,00,00,00,00,00,00,00,00,
19162593,00000118,false,Rx,1,4,00,45,4C,00,00,00,00,00,
19172287,00000118,false,Rx,1,4,00,46,4C,00,00,00,00,00,
19182577,00000118,false,Rx,1,4,00,47,4C,00,00,00,00,00,
19192254,00000118,false,Rx,1,4,00,48,4C,00,00,00,00,00,
19202606,00000118,false,Rx,1,4,00,49,4C,00,00,00,00,00,
19214382,00000118,false,Rx,1,4,00,4A,4C,00,00,00,00,00,
19222608,00000118,false,Rx,1,4,00,4B,4C,00,00,00,00,00,
19232228,00000118,false,Rx,1,4,00,4C,4C,00,00,00,00,00,
19242530,00000118,false,Rx,1,4,00,4D,4C,00,00,00,00,00,
19252227,00000118,false,Rx,1,4,00,4E,4C,00,00,00,00,00,
19255091,000005BE,false,Rx,1,8,00,00,00,00,00,00,00,00,
19255200,0000054B,false,Rx,1,8,00,00,00,00,00,00,00,00,
19255307,000003DB,false,Rx,1,8,00,00,00,00,00,00,00,00,
19255406,000003C8,false,Rx,1,8,00,00,00,00,00,00,00,00,
19255519,000003BE,false,Rx,1,8,00,00,00,00,00,00,00,00,
19255625,00000392,false,Rx,1,8,00,00,00,00,00,00,00,00,
19255721,0000018C,false,Rx,1,8,00,00,00,00,00,00,00,00,
19262523,00000118,false,Rx,1,4,00,4F,4C,00,00,00,00,00,
19272214,00000118,false,Rx,1,4,00,40,4C,00,00,00,00,00,
19282506,00000118,false,Rx,1,4,00,41,4C,00,00,00,00,00,
19292180,00000118,false,Rx,1,4,00,42,4C,00,00,00,00,00,
19302505,00000118,false,Rx,1,4,00,43,4C,00,00,00,00,00,
19312561,00000118,false,Rx,1,4,00,44,4C,00,00,00,00,00,
19322888,00000118,false,Rx,1,4,00,45,4C,00,00,00,00,00,
19332546,00000118,false,Rx,1,4,00,46,4C,00,00,00,00,00,
19342856,00000118,false,Rx,1,4,00,47,4C,00,00,00,00,00,
19352552,00000118,false,Rx,1,4,00,48,4C,00,00,00,00,00,
19355076,000005BE,false,Rx,1,8,00,00,00,00,00,00,00,00,
19355185,0000054B,false,Rx,1,8,00,00,00,00,00,00,00,00,
19355291,000003DB,false,Rx,1,8,00,00,00,00,00,00,00,00,
19355395,000003C8,false,Rx,1,8,00,00,00,00,00,00,00,00,
19355504,000003BE,false,Rx,1,8,00,00,00,00,00,00,00,00,
19355610,00000392,false,Rx,1,8,00,00,00,00,00,00,00,00,
19355706,0000018C,false,Rx,1,8,00,00,00,00,00,00,00,00,
19362838,00000118,false,Rx,1,4,00,49,4C,00,00,00,00,00,
19372538,00000118,false,Rx,1,4,00,4A,4C,00,00,00,00,00,
19382827,00000118,false,Rx,1,4,00,4B,4C,00,00,00,00,00,
19392501,00000118,false,Rx,1,4,00,4C,4C,00,00,00,00,00,
19402827,00000118,false,Rx,1,4,00,4D,4C,00,00,00,00,00,
19412487,00000118,false,Rx,1,4,00,4E,4C,00,00,00,00,00,
19420963,0000070F,false,Rx,0,8,03,22,2B,E9,55,55,55,55,
19422837,00000118,false,Rx,1,4,00,4F,4C,00,00,00,00,00,
19432472,00000118,false,Rx,1,4,00,40,4C,00,00,00,00,00,
19434857,00000779,false,Rx,1,8,05,62,2B,E9,2D,00,AA,AA,
19442789,00000118,false,Rx,1,4,00,41,4C,00,00,00,00,00,
19452474,00000118,false,Rx,1,4,00,42,4C,00,00,00,00,00,
19455076,000005BE,false,Rx,1,8,00,00,00,00,00,00,00,00,
19455186,0000054B,false,Rx,1,8,00,00,00,00,00,00,00,00,
19455292,000003DB,false,Rx,1,8,00,00,00,00,00,00,00,00,
19455396,000003C8,false,Rx,1,8,00,00,00,00,00,00,00,00,
19455504,000003BE,false,Rx,1,8,00,00,00,00,00,00,00,00,
19455606,00000392,false,Rx,1,8,00,00,00,00,00,00,00,00,
19455707,0000018C,false,Rx,1,8,00,00,00,00,00,00,00,00,
19462765,00000118,false,Rx,1,4,00,43,4C,00,00,00,00,00,
19472460,00000118,false,Rx,1,4,00,44,4C,00,00,00,00,00,
19482748,00000118,false,Rx,1,4,00,45,4C,00,00,00,00,00,
19492424,00000118,false,Rx,1,4,00,46,4C,00,00,00,00,00,
19502753,00000118,false,Rx,1,4,00,47,4C,00,00,00,00,00,
19512410,00000118,false,Rx,1,4,00,48,4C,00,00,00,00,00,
19522735,00000118,false,Rx,1,4,00,49,4C,00,00,00,00,00,
19532393,00000118,false,Rx,1,4,00,4A,4C,00,00,00,00,00,
19542704,00000118,false,Rx,1,4,00,4B,4C,00,00,00,00,00,
19552397,00000118,false,Rx,1,4,00,4C,4C,00,00,00,00,00,
19555076,000005BE,false,Rx,1,8,00,00,00,00,00,00,00,00,
19555184,0000054B,false,Rx,1,8,00,00,00,00,00,00,00,00,
19555291,000003DB,false,Rx,1,8,00,00,00,00,00,00,00,00,
19555395,000003C8,false,Rx,1,8,00,00,00,00,00,00,00,00,
19555503,000003BE,false,Rx,1,8,00,00,00,00,00,00,00,00,
19555609,00000392,false,Rx,1,8,00,00,00,00,00,00,00,00,
19555706,0000018C,false,Rx,1,8,00,00,00,00,00,00,00,00,
19562685,00000118,false,Rx,1,4,00,4D,4C,00,00,00,00,00,
19572388,00000118,false,Rx,1,4,00,4E,4C,00,00,00,00,00,
19582860,00000118,false,Rx,1,4,00,4F,4C,00,00,00,00,00,
19592441,00000118,false,Rx,1,4,00,40,4C,00,00,00,00,00,
19602677,00000118,false,Rx,1,4,00,41,4C,00,00,00,00,00,
19612333,00000118,false,Rx,1,4,00,42,4C,00,00,00,00,00,
19622661,00000118,false,Rx,1,4,00,43,4C,00,00,00,00,00,
19622975,17F0000F,true,Rx,1,8,00,0F,00,00,00,00,00,80,
19632325,00000118,false,Rx,1,4,00,44,4C,00,00,00,00,00,
19642626,00000118,false,Rx,1,4,00,45,4C,00,00,00,00,00,
19652322,00000118,false,Rx,1,4,00,46,4C,00,00,00,00,00,
19655075,000005BE,false,Rx,1,8,00,00,00,00,00,00,00,00,
19655184,0000054B,false,Rx,1,8,00,00,00,00,00,00,00,00,
19655291,000003DB,false,Rx,1,8,00,00,00,00,00,00,00,00,
19655395,000003C8,false,Rx,1,8,00,00,00,00,00,00,00,00,
19655503,000003BE,false,Rx,1,8,00,00,00,00,00,00,00,00,
19655604,00000392,false,Rx,1,8,00,00,00,00,00,00,00,00,
19655706,0000018C,false,Rx,1,8,00,00,00,00,00,00,00,00,
19662612,00000118,false,Rx,1,4,00,47,4C,00,00,00,00,00,
19672309,00000118,false,Rx,1,4,00,48,4C,00,00,00,00,00,
19682595,00000118,false,Rx,1,4,00,49,4C,00,00,00,00,00,
19692271,00000118,false,Rx,1,4,00,4A,4C,00,00,00,00,00,
19702640,00000118,false,Rx,1,4,00,4B,4C,00,00,00,00,00,
19716010,00000118,false,Rx,1,4,00,4C,4C,00,00,00,00,00,
19723021,00000118,false,Rx,1,4,00,4D,4C,00,00,00,00,00,
19732656,00000118,false,Rx,1,4,00,4E,4C,00,00,00,00,00,
19738732,0000070F,false,Rx,0,8,03,22,2B,F3,55,55,55,55,
19742974,00000118,false,Rx,1,4,00,4F,4C,00,00,00,00,00,
19752648,00000118,false,Rx,1,4,00,40,4C,00,00,00,00,00,
19755132,00000779,false,Rx,1,8,05,62,2B,F3,4C,00,AA,AA,
19755238,000005BE,false,Rx,1,8,00,00,00,00,00,00,00,00,
19755342,0000054B,false,Rx,1,8,00,00,00,00,00,00,00,00,
19755448,000003DB,false,Rx,1,8,00,00,00,00,00,00,00,00,
19755552,000003C8,false,Rx,1,8,00,00,00,00,00,00,00,00,
19755661,000003BE,false,Rx,1,8,00,00,00,00,00,00,00,00,
19755767,00000392,false,Rx,1,8,00,00,00,00,00,00,00,00,
19755868,0000018C,false,Rx,1,8,00,00,00,00,00,00,00,00,
19762954,00000118,false,Rx,1,4,00,41,4C,00,00,00,00,00,
19772630,00000118,false,Rx,1,4,00,42,4C,00,00,00,00,00,
19782948,00000118,false,Rx,1,4,00,43,4C,00,00,00,00,00,
19792600,00000118,false,Rx,1,4,00,44,4C,00,00,00,00,00,
19802942,00000118,false,Rx,1,4,00,45,4C,00,00,00,00,00,
19812581,00000118,false,Rx,1,4,00,46,4C,00,00,00,00,00,
19822910,00000118,false,Rx,1,4,00,47,4C,00,00,00,00,00,
19832567,00000118,false,Rx,1,4,00,48,4C,00,00,00,00,00,
19842872,00000118,false,Rx,1,4,00,49,4C,00,00,00,00,00,
19852968,00000118,false,Rx,1,4,00,4A,4C,00,00,00,00,00,
19855080,000005BE,false,Rx,1,8,00,00,00,00,00,00,00,00,
19855189,0000054B,false,Rx,1,8,00,00,00,00,00,00,00,00,
19855295,000003DB,false,Rx,1,8,00,00,00,00,00,00,00,00,
19855399,000003C8,false,Rx,1,8,00,00,00,00,00,00,00,00,
19855508,000003BE,false,Rx,1,8,00,00,00,00,00,00,00,00,
19855614,00000392,false,Rx,1,8,00,00,00,00,00,00,00,00,
19855710,0000018C,false,Rx,1,8,00,00,00,00,00,00,00,00,
19863260,00000118,false,Rx,1,4,00,4B,4C,00,00,00,00,00,
19872956,00000118,false,Rx,1,4,00,4C,4C,00,00,00,00,00,
19883247,00000118,false,Rx,1,4,00,4D,4C,00,00,00,00,00,
19892941,00000118,false,Rx,1,4,00,4E,4C,00,00,00,00,00,
19903245,00000118,false,Rx,1,4,00,4F,4C,00,00,00,00,00,
19912906,00000118,false,Rx,1,4,00,40,4C,00,00,00,00,00,
19923232,00000118,false,Rx,1,4,00,41,4C,00,00,00,00,00,
19932889,00000118,false,Rx,1,4,00,42,4C,00,00,00,00,00,
19943379,00000118,false,Rx,1,4,00,43,4C,00,00,00,00,00,
19952897,00000118,false,Rx,1,4,00,44,4C,00,00,00,00,00,
19955086,000005BE,false,Rx,1,8,00,00,00,00,00,00,00,00,
19955194,0000054B,false,Rx,1,8,00,00,00,00,00,00,00,00,
19955301,000003DB,false,Rx,1,8,00,00,00,00,00,00,00,00,
19955405,000003C8,false,Rx,1,8,00,00,00,00,00,00,00,00,
19955513,000003BE,false,Rx,1,8,00,00,00,00,00,00,00,00,
19955619,00000392,false,Rx,1,8,00,00,00,00,00,00,00,00,
19955716,0000018C,false,Rx,1,8,00,00,00,00,00,00,00,00,
19963182,00000118,false,Rx,1,4,00,45,4C,00,00,00,00,00,
19972878,00000118,false,Rx,1,4,00,46,4C,00,00,00,00,00,
19983173,00000118,false,Rx,1,4,00,47,4C,00,00,00,00,00,
19992845,00000118,false,Rx,1,4,00,48,4C,00,00,00,00,00,
20003170,00000118,false,Rx,1,4,00,49,4C,00,00,00,00,00,
20012827,00000118,false,Rx,1,4,00,4A,4C,00,00,00,00,00,
20023156,00000118,false,Rx,1,4,00,4B,4C,00,00,00,00,00,
20032814,00000118,false,Rx,1,4,00,4C,4C,00,00,00,00,00,
20043120,00000118,false,Rx,1,4,00,4D,4C,00,00,00,00,00,
20052938,0000070F,false,Rx,0,8,03,22,2B,E6,55,55,55,55,
20053356,00000118,false,Rx,1,4,00,4E,4C,00,00,00,00,00,
20055073,000005BE,false,Rx,1,8,00,00,00,00,00,00,00,00,
20055182,0000054B,false,Rx,1,8,00,00,00,00,00,00,00,00,
20055289,000003DB,false,Rx,1,8,00,00,00,00,00,00,00,00,
20055393,000003C8,false,Rx,1,8,00,00,00,00,00,00,00,00,
20055501,000003BE,false,Rx,1,8,00,00,00,00,00,00,00,00,
20055603,00000392,false,Rx,1,8,00,00,00,00,00,00,00,00,
20055704,0000018C,false,Rx,1,8,00,00,00,00,00,00,00,00,
20063530,00000118,false,Rx,1,4,00,4F,4C,00,00,00,00,00,
20073203,00000118,false,Rx,1,4,00,40,4C,00,00,00,00,00,
20075690,00000779,false,Rx,1,8,05,62,2B,E6,10,79,AA,AA,
20083510,00000118,false,Rx,1,4,00,41,4C,00,00,00,00,00,
20093585,00000118,false,Rx,1,4,00,42,4C,00,00,00,00,00,
20104276,00000118,false,Rx,1,4,00,43,4C,00,00,00,00,00,
20114350,00000118,false,Rx,1,4,00,44,4C,00,00,00,00,00,
20124678,00000118,false,Rx,1,4,00,45,4C,00,00,00,00,00,
20124978,17F0000F,true,Rx,1,8,00,0F,00,00,00,00,00,80,
20134343,00000118,false,Rx,1,4,00,46,4C,00,00,00,00,00,
20144664,00000118,false,Rx,1,4,00,47,4C,00,00,00,00,00,
20154323,00000118,false,Rx,1,4,00,48,4C,00,00,00,00,00,
20164663,00000118,false,Rx,1,4,00,49,4C,00,00,00,00,00,
20174324,00000118,false,Rx,1,4,00,4A,4C,00,00,00,00,00,
20184670,00000118,false,Rx,1,4,00,4B,4C,00,00,00,00,00,
20194647,00000118,false,Rx,1,4,00,4C,4C,00,00,00,00,00,
20204559,00000118,false,Rx,1,4,00,4D,4C,00,00,00,00,00,
20214380,00000118,false,Rx,1,4,00,4E,4C,00,00,00,00,00,
20224666,00000118,false,Rx,1,4,00,4F,4C,00,00,00,00,00,
20234380,00000118,false,Rx,1,4,00,40,4C,00,00,00,00,00,
20244619,00000118,false,Rx,1,4,00,41,4C,00,00,00,00,00,
20254384,00000118,false,Rx,1,4,00,42,4C,00,00,00,00,00,
20257394,000005BE,false,Rx,1,8,00,00,00,00,00,00,00,00,
20257503,0000054B,false,Rx,1,8,00,00,00,00,00,00,00,00,
20257609,000003DB,false,Rx,1,8,00,00,00,00,00,00,00,00,
20257713,000003C8,false,Rx,1,8,00,00,00,00,00,00,00,00,
20257822,000003BE,false,Rx,1,8,00,00,00,00,00,00,00,00,
20258022,00000392,false,Rx,1,8,00,00,00,00,00,00,00,00,
20258036,0000018C,false,Rx,1,8,00,00,00,00,00,00,00,00,
20264618,00000118,false,Rx,1,4,00,43,4C,00,00,00,00,00,
20274862,00000118,false,Rx,1,4,00,44,4C,00,00,00,00,00,
20285113,00000118,false,Rx,1,4,00,45,4C,00,00,00,00,00,
20295116,00000118,false,Rx,1,4,00,46,4C,00,00,00,00,00,
20305351,00000118,false,Rx,1,4,00,47,4C,00,00,00,00,00,
20315119,00000118,false,Rx,1,4,00,48,4C,00,00,00,00,00,
20325355,00000118,false,Rx,1,4,00,49,4C,00,00,00,00,00,
20335113,00000118,false,Rx,1,4,00,4A,4C,00,00,00,00,00,
20345358,00000118,false,Rx,1,4,00,4B,4C,00,00,00,00,00,
20355109,00000118,false,Rx,1,4,00,4C,4C,00,00,00,00,00,
20357401,000005BE,false,Rx,1,8,00,00,00,00,00,00,00,00,
20357510,0000054B,false,Rx,1,8,00,00,00,00,00,00,00,00,
20357615,000003DB,false,Rx,1,8,00,00,00,00,00,00,00,00,
20357720,000003C8,false,Rx,1,8,00,00,00,00,00,00,00,00,
20357828,000003BE,false,Rx,1,8,00,00,00,00,00,00,00,00,
20358029,00000392,false,Rx,1,8,00,00,00,00,00,00,00,00,
20358042,0000018C,false,Rx,1,8,00,00,00,00,00,00,00,00,
20365350,00000118,false,Rx,1,4,00,4D,4C,00,00,00,00,00,
20375107,00000118,false,Rx,1,4,00,4E,4C,00,00,00,00,00,
20385377,00000118,false,Rx,1,4,00,4F,4C,00,00,00,00,00,
20395175,0000070F,false,Rx,0,8,03,22,2B,E7,55,55,55,55,
20395206,00000118,false,Rx,1,4,00,40,4C,00,00,00,00,00,
20405353,00000118,false,Rx,1,4,00,41,4C,00,00,00,00,00,
20415122,00000118,false,Rx,1,4,00,42,4C,00,00,00,00,00,
20417274,00000779,false,Rx,1,8,04,62,2B,E7,22,AA,AA,AA,
20425345,00000118,false,Rx,1,4,00,43,4C,00,00,00,00,00,
20435338,00000118,false,Rx,1,4,00,44,4C,00,00,00,00,00,
20445691,00000118,false,Rx,1,4,00,45,4C,00,00,00,00,00,
20455843,00000118,false,Rx,1,4,00,46,4C,00,00,00,00,00,
20457406,000005BE,false,Rx,1,8,00,00,00,00,00,00,00,00,
20457515,0000054B,false,Rx,1,8,00,00,00,00,00,00,00,00,
20457621,000003DB,false,Rx,1,8,00,00,00,00,00,00,00,00,
20457725,000003C8,false,Rx,1,8,00,00,00,00,00,00,00,00,
20457833,000003BE,false,Rx,1,8,00,00,00,00,00,00,00,00,
20458034,00000392,false,Rx,1,8,00,00,00,00,00,00,00,00,
20458048,0000018C,false,Rx,1,8,00,00,00,00,00,00,00,00,
20465993,00000118,false,Rx,1,4,00,47,4C,00,00,00,00,00,
20475851,00000118,false,Rx,1,4,00,48,4C,00,00,00,00,00,
20485976,00000118,false,Rx,1,4,00,49,4C,00,00,00,00,00,
20495844,00000118,false,Rx,1,4,00,4A,4C,00,00,00,00,00,
20506382,00000118,false,Rx,1,4,00,4B,4C,00,00,00,00,00,
20516085,00000118,false,Rx,1,4,00,4C,4C,00,00,00,00,00,
20526367,00000118,false,Rx,1,4,00,4D,4C,00,00,00,00,00,
20536081,00000118,false,Rx,1,4,00,4E,4C,00,00,00,00,00,
20546350,00000118,false,Rx,1,4,00,4F,4C,00,00,00,00,00,
20556075,00000118,false,Rx,1,4,00,40,4C,00,00,00,00,00,
20557402,000005BE,false,Rx,1,8,00,00,00,00,00,00,00,00,
20557510,0000054B,false,Rx,1,8,00,00,00,00,00,00,00,00,
20557617,000003DB,false,Rx,1,8,00,00,00,00,00,00,00,00,
20557720,000003C8,false,Rx,1,8,00,00,00,00,00,00,00,00,
20557829,000003BE,false,Rx,1,8,00,00,00,00,00,00,00,00,
20558029,00000392,false,Rx,1,8,00,00,00,00,00,00,00,00,
20558043,0000018C,false,Rx,1,8,00,00,00,00,00,00,00,00,
20566316,00000118,false,Rx,1,4,00,41,4C,00,00,00,00,00,
20576116,00000118,false,Rx,1,4,00,42,4C,00,00,00,00,00,
20586398,00000118,false,Rx,1,4,00,43,4C,00,00,00,00,00,
20596099,00000118,false,Rx,1,4,00,44,4C,00,00,00,00,00,
20606303,00000118,false,Rx,1,4,00,45,4C,00,00,00,00,00,
20616549,00000118,false,Rx,1,4,00,46,4C,00,00,00,00,00,
20626673,00000118,false,Rx,1,4,00,47,4C,00,00,00,00,00,
20626977,17F0000F,true,Rx,1,8,00,0F,00,00,00,00,00,80,
20636569,00000118,false,Rx,1,4,00,48,4C,00,00,00,00,00,
20646656,00000118,false,Rx,1,4,00,49,4C,00,00,00,00,00,
20656576,00000118,false,Rx,1,4,00,4A,4C,00,00,00,00,00,
20657418,000005BE,false,Rx,1,8,00,00,00,00,00,00,00,00,
20657522,0000054B,false,Rx,1,8,00,00,00,00,00,00,00,00,
20657633,000003DB,false,Rx,1,8,00,00,00,00,00,00,00,00,
20657737,000003C8,false,Rx,1,8,00,00,00,00,00,00,00,00,
20657846,000003BE,false,Rx,1,8,00,00,00,00,00,00,00,00,
20658029,00000392,false,Rx,1,8,00,00,00,00,00,00,00,00,
20658054,0000018C,false,Rx,1,8,00,00,00,00,00,00,00,00,
20666623,00000118,false,Rx,1,4,00,4B,4C,00,00,00,00,00,
20676574,00000118,false,Rx,1,4,00,4C,4C,00,00,00,00,00,
20686605,00000118,false,Rx,1,4,00,4D,4C,00,00,00,00,00,
20696368,00000118,false,Rx,1,4,00,4E,4C,00,00,00,00,00,
20706649,00000118,false,Rx,1,4,00,4F,4C,00,00,00,00,00,
20716672,00000118,false,Rx,1,4,00,40,4C,00,00,00,00,00,
20719511,0000070F,false,Rx,0,8,03,22,2B,E9,55,55,55,55,
20726691,00000118,false,Rx,1,4,00,41,4C,00,00,00,00,00,
20736401,00000118,false,Rx,1,4,00,42,4C,00,00,00,00,00,
20738664,00000779,false,Rx,1,8,05,62,2B,E9,2D,00,AA,AA,
20746630,00000118,false,Rx,1,4,00,43,4C,00,00,00,00,00,
20755090,000005BE,false,Rx,1,8,00,00,00,00,00,00,00,00,
20755200,0000054B,false,Rx,1,8,00,00,00,00,00,00,00,00,
20755306,000003DB,false,Rx,1,8,00,00,00,00,00,00,00,00,
20755406,000003C8,false,Rx,1,8,00,00,00,00,00,00,00,00,
20755518,000003BE,false,Rx,1,8,00,00,00,00,00,00,00,00,
20755624,00000392,false,Rx,1,8,00,00,00,00,00,00,00,00,
20755721,0000018C,false,Rx,1,8,00,00,00,00,00,00,00,00,
20756469,00000118,false,Rx,1,4,00,44,4C,00,00,00,00,00,
20766628,00000118,false,Rx,1,4,00,45,4C,00,00,00,00,00,
20776383,00000118,false,Rx,1,4,00,46,4C,00,00,00,00,00,
20786632,00000118,false,Rx,1,4,00,47,4C,00,00,00,00,00,
20796394,00000118,false,Rx,1,4,00,48,4C,00,00,00,00,00,
20806640,00000118,false,Rx,1,4,00,49,4C,00,00,00,00,00,
20816384,00000118,false,Rx,1,4,00,4A,4C,00,00,00,00,00,
20826637,00000118,false,Rx,1,4,00,4B,4C,00,00,00,00,00,
20836385,00000118,false,Rx,1,4,00,4C,4C,00,00,00,00,00,
20846631,00000118,false,Rx,1,4,00,4D,4C,00,00,00,00,00,
20855081,000005BE,false,Rx,1,8,00,00,00,00,00,00,00,00,
20855189,0000054B,false,Rx,1,8,00,00,00,00,00,00,00,00,
20855296,000003DB,false,Rx,1,8,00,00,00,00,00,00,00,00,
20855395,000003C8,false,Rx,1,8,00,00,00,00,00,00,00,00,
20855508,000003BE,false,Rx,1,8,00,00,00,00,00,00,00,00,
20855610,00000392,false,Rx,1,8,00,00,00,00,00,00,00,00,
20855711,0000018C,false,Rx,1,8,00,00,00,00,00,00,00,00,
20856188,00000118,false,Rx,1,4,00,4E,4C,00,00,00,00,00,
20866626,00000118,false,Rx,1,4,00,4F,4C,00,00,00,00,00,
20876387,00000118,false,Rx,1,4,00,40,4C,00,00,00,00,00,
20886890,00000118,false,Rx,1,4,00,41,4C,00,00,00,00,00,
20896631,00000118,false,Rx,1,4,00,42,4C,00,00,00,00,00,
20906881,00000118,false,Rx,1,4,00,43,4C,00,00,00,00,00,
20917112,00000118,false,Rx,1,4,00,44,4C,00,00,00,00,00,
20927357,00000118,false,Rx,1,4,00,45,4C,00,00,00,00,00,
20937112,00000118,false,Rx,1,4,00,46,4C,00,00,00,00,00,
20947365,00000118,false,Rx,1,4,00,47,4C,00,00,00,00,00,
20955076,000005BE,false,Rx,1,8,00,00,00,00,00,00,00,00,
20955184,0000054B,false,Rx,1,8,00,00,00,00,00,00,00,00,
20955290,000003DB,false,Rx,1,8,00,00,00,00,00,00,00,00,
20955395,000003C8,false,Rx,1,8,00,00,00,00,00,00,00,00,
20955503,000003BE,false,Rx,1,8,00,00,00,00,00,00,00,00,
20955609,00000392,false,Rx,1,8,00,00,00,00,00,00,00,00,
20955705,0000018C,false,Rx,1,8,00,00,00,00,00,00,00,00,
20956967,00000118,false,Rx,1,4,00,48,4C,00,00,00,00,00,
20967354,00000118,false,Rx,1,4,00,49,4C,00,00,00,00,00,
20977113,00000118,false,Rx,1,4,00,4A,4C,00,00,00,00,00,
20987356,00000118,false,Rx,1,4,00,4B,4C,00,00,00,00,00,
20997112,00000118,false,Rx,1,4,00,4C,4C,00,00,00,00,00,
21007358,00000118,false,Rx,1,4,00,4D,4C,00,00,00,00,00,
21016872,00000118,false,Rx,1,4,00,4E,4C,00,00,00,00,00,
21027591,00000118,false,Rx,1,4,00,4F,4C,00,00,00,00,00,
21029637,0000070F,false,Rx,0,8,03,22,2B,F3,55,55,55,55,
21037353,00000118,false,Rx,1,4,00,40,4C,00,00,00,00,00,
21047598,00000118,false,Rx,1,4,00,41,4C,00,00,00,00,00,
21049959,00000779,false,Rx,1,8,05,62,2B,F3,4C,00,AA,AA,
21055076,000005BE,false,Rx,1,8,00,00,00,00,00,00,00,00,
21055185,0000054B,false,Rx,1,8,00,00,00,00,00,00,00,00,
21055291,000003DB,false,Rx,1,8,00,00,00,00,00,00,00,00,
21055396,000003C8,false,Rx,1,8,00,00,00,00,00,00,00,00,
21055503,000003BE,false,Rx,1,8,00,00,00,00,00,00,00,00,
21055610,00000392,false,Rx,1,8,00,00,00,00,00,00,00,00,
21055706,0000018C,false,Rx,1,8,00,00,00,00,00,00,00,00,
21057435,00000118,false,Rx,1,4,00,42,4C,00,00,00,00,00,
21067598,00000118,false,Rx,1,4,00,43,4C,00,00,00,00,00,
21077352,00000118,false,Rx,1,4,00,44,4C,00,00,00,00,00,
21087606,00000118,false,Rx,1,4,00,45,4C,00,00,00,00,00,
21097354,00000118,false,Rx,1,4,00,46,4C,00,00,00,00,00,
21107611,00000118,false,Rx,1,4,00,47,4C,00,00,00,00,00,
21117362,00000118,false,Rx,1,4,00,48,4C,00,00,00,00,00,
21127596,00000118,false,Rx,1,4,00,49,4C,00,00,00,00,00,
21128134,17F0000F,true,Rx,1,8,00,0F,00,00,00,00,00,80,
21137592,00000118,false,Rx,1,4,00,4A,4C,00,00,00,00,00,
21147894,00000118,false,Rx,1,4,00,4B,4C,00,00,00,00,00,
21155075,000005BE,false,Rx,1,8,00,00,00,00,00,00,00,00,
21155184,0000054B,false,Rx,1,8,00,00,00,00,00,00,00,00,
21155290,000003DB,false,Rx,1,8,00,00,00,00,00,00,00,00,
21155395,000003C8,false,Rx,1,8,00,00,00,00,00,00,00,00,
21155503,000003BE,false,Rx,1,8,00,00,00,00,00,00,00,00,
21155604,00000392,false,Rx,1,8,00,00,00,00,00,00,00,00,
21155705,0000018C,false,Rx,1,8,00,00,00,00,00,00,00,00,
21157684,00000118,false,Rx,1,4,00,4C,4C,00,00,00,00,00,
21167857,00000118,false,Rx,1,4,00,4D,4C,00,00,00,00,00,
21177966,00000118,false,Rx,1,4,00,4E,4C,00,00,00,00,00,
21188257,00000118,false,Rx,1,4,00,4F,4C,00,00,00,00,00,
21197986,00000118,false,Rx,1,4,00,40,4C,00,00,00,00,00,
21208318,00000118,false,Rx,1,4,00,41,4C,00,00,00,00,00,
21217993,00000118,false,Rx,1,4,00,42,4C,00,00,00,00,00,
21228245,00000118,false,Rx,1,4,00,43,4C,00,00,00,00,00,
21237976,00000118,false,Rx,1,4,00,44,4C,00,00,00,00,00,
21248368,00000118,false,Rx,1,4,00,45,4C,00,00,00,00,00,
21255099,000005BE,false,Rx,1,8,00,00,00,00,00,00,00,00,
21255208,0000054B,false,Rx,1,8,00,00,00,00,00,00,00,00,
21255315,000003DB,false,Rx,1,8,00,00,00,00,00,00,00,00,
21255419,000003C8,false,Rx,1,8,00,00,00,00,00,00,00,00,
21255527,000003BE,false,Rx,1,8,00,00,00,00,00,00,00,00,
21255628,00000392,false,Rx,1,8,00,00,00,00,00,00,00,00,
21255730,0000018C,false,Rx,1,8,00,00,00,00,00,00,00,00,
21257864,00000118,false,Rx,1,4,00,46,4C,00,00,00,00,00,
21268341,00000118,false,Rx,1,4,00,47,4C,00,00,00,00,00,
21278110,00000118,false,Rx,1,4,00,48,4C,00,00,00,00,00,
21288353,00000118,false,Rx,1,4,00,49,4C,00,00,00,00,00,
21298340,00000118,false,Rx,1,4,00,4A,4C,00,00,00,00,00,
21308600,00000118,false,Rx,1,4,00,4B,4C,00,00,00,00,00,
21318356,00000118,false,Rx,1,4,00,4C,4C,00,00,00,00,00,
21328594,00000118,false,Rx,1,4,00,4D,4C,00,00,00,00,00,
21338352,00000118,false,Rx,1,4,00,4E,4C,00,00,00,00,00,
21348955,00000118,false,Rx,1,4,00,4F,4C,00,00,00,00,00,
21352742,0000070F,false,Rx,0,8,03,22,2B,E6,55,55,55,55,
21355076,000005BE,false,Rx,1,8,00,00,00,00,00,00,00,00,
21355185,0000054B,false,Rx,1,8,00,00,00,00,00,00,00,00,
21355292,000003DB,false,Rx,1,8,00,00,00,00,00,00,00,00,
21355396,000003C8,false,Rx,1,8,00,00,00,00,00,00,00,00,
21355504,000003BE,false,Rx,1,8,00,00,00,00,00,00,00,00,
21355610,00000392,false,Rx,1,8,00,00,00,00,00,00,00,00,
21355707,0000018C,false,Rx,1,8,00,00,00,00,00,00,00,00,
21358596,00000118,false,Rx,1,4,00,40,4C,00,00,00,00,00,
21368913,00000118,false,Rx,1,4,00,41,4C,00,00,00,00,00,
21371306,00000779,false,Rx,1,8,05,62,2B,E6,10,AA,AA,AA,
21378591,00000118,false,Rx,1,4,00,42,4C,00,00,00,00,00,
21388900,00000118,false,Rx,1,4,00,43,4C,00,00,00,00,00,
21398583,00000118,false,Rx,1,4,00,44,4C,00,00,00,00,00,
21408883,00000118,false,Rx,1,4,00,45,4C,00,00,00,00,00,
21418590,00000118,false,Rx,1,4,00,46,4C,00,00,00,00,00,
21428887,00000118,false,Rx,1,4,00,47,4C,00,00,00,00,00,
21438602,00000118,false,Rx,1,4,00,48,4C,00,00,00,00,00,
21448952,00000118,false,Rx,1,4,00,49,4C,00,00,00,00,00,
21455075,000005BE,false,Rx,1,8,00,00,00,00,00,00,00,00,
21455184,0000054B,false,Rx,1,8,00,00,00,00,00,00,00,00,
21455290,000003DB,false,Rx,1,8,00,00,00,00,00,00,00,00,
21455395,000003C8,false,Rx,1,8,00,00,00,00,00,00,00,00,
21455503,000003BE,false,Rx,1,8,00,00,00,00,00,00,00,00,
21455609,00000392,false,Rx,1,8,00,00,00,00,00,00,00,00,
21455705,0000018C,false,Rx,1,8,00,00,00,00,00,00,00,00,
21458581,00000118,false,Rx,1,4,00,4A,4C,00,00,00,00,00,
21468839,00000118,false,Rx,1,4,00,4B,4C,00,00,00,00,00,
21478601,00000118,false,Rx,1,4,00,4C,4C,00,00,00,00,00,
21488839,00000118,false,Rx,1,4,00,4D,4C,00,00,00,00,00,
21498593,00000118,false,Rx,1,4,00,4E,4C,00,00,00,00,00,
21508830,00000118,false,Rx,1,4,00,4F,4C,00,00,00,00,00,
21518595,00000118,false,Rx,1,4,00,40,4C,00,00,00,00,00,
21528846,00000118,false,Rx,1,4,00,41,4C,00,00,00,00,00,
21538592,00000118,false,Rx,1,4,00,42,4C,00,00,00,00,00,
21549195,00000118,false,Rx,1,4,00,43,4C,00,00,00,00,00,
21555075,000005BE,false,Rx,1,8,00,00,00,00,00,00,00,00,
21555183,0000054B,false,Rx,1,8,00,00,00,00,00,00,00,00,
21555290,000003DB,false,Rx,1,8,00,00,00,00,00,00,00,00,
21555394,000003C8,false,Rx,1,8,00,00,00,00,00,00,00,00,
21555502,000003BE,false,Rx,1,8,00,00,00,00,00,00,00,00,
21555608,00000392,false,Rx,1,8,00,00,00,00,00,00,00,00,
21555705,0000018C,false,Rx,1,8,00,00,00,00,00,00,00,00,
21558832,00000118,false,Rx,1,4,00,44,4C,00,00,00,00,00,
21569559,00000118,false,Rx,1,4,00,45,4C,00,00,00,00,00,
21579851,00000118,false,Rx,1,4,00,46,4C,00,00,00,00,00,
21590018,00000118,false,Rx,1,4,00,47,4C,00,00,00,00,00,
21600587,00000118,false,Rx,1,4,00,48,4C,00,00,00,00,00,
21610671,00000118,false,Rx,1,4,00,49,4C,00,00,00,00,00,
21620614,00000118,false,Rx,1,4,00,4A,4C,00,00,00,00,00,
21630699,00000118,false,Rx,1,4,00,4B,4C,00,00,00,00,00,
21630993,17F0000F,true,Rx,1,8,00,0F,00,00,00,00,00,80,
21640872,00000118,false,Rx,1,4,00,4C,4C,00,00,00,00,00,
21651044,00000118,false,Rx,1,4,00,4D,4C,00,00,00,00,00,
21655075,000005BE,false,Rx,1,8,00,00,00,00,00,00,00,00,
21655184,0000054B,false,Rx,1,8,00,00,00,00,00,00,00,00,
21655290,000003DB,false,Rx,1,8,00,00,00,00,00,00,00,00,
21655389,000003C8,false,Rx,1,8,00,00,00,00,00,00,00,00,
21655502,000003BE,false,Rx,1,8,00,00,00,00,00,00,00,00,
21655609,00000392,false,Rx,1,8,00,00,00,00,00,00,00,00,
21655705,0000018C,false,Rx,1,8,00,00,00,00,00,00,00,00,
21660851,00000118,false,Rx,1,4,00,4E,4C,00,00,00,00,00,
21671028,00000118,false,Rx,1,4,00,4F,4C,00,00,00,00,00,
21680836,00000118,false,Rx,1,4,00,40,4C,00,00,00,00,00,
21684025,0000070F,false,Rx,0,8,03,22,2B,E7,55,55,55,55,
21691420,00000118,false,Rx,1,4,00,41,4C,00,00,00,00,00,
21701197,00000118,false,Rx,1,4,00,42,4C,00,00,00,00,00,
21703553,00000779,false,Rx,1,8,04,62,2B,E7,22,AA,AA,AA,
21713731,00000118,false,Rx,1,4,00,43,4C,00,00,00,00,00,
21722292,00000118,false,Rx,1,4,00,44,4C,00,00,00,00,00,
21731376,00000118,false,Rx,1,4,00,45,4C,00,00,00,00,00,
21741186,00000118,false,Rx,1,4,00,46,4C,00,00,00,00,00,
21751768,00000118,false,Rx,1,4,00,47,4C,00,00,00,00,00,
21756790,000005BE,false,Rx,1,8,00,00,00,00,00,00,00,00,
21756898,0000054B,false,Rx,1,8,00,00,00,00,00,00,00,00,
21757012,000003DB,false,Rx,1,8,00,00,00,00,00,00,00,00,
21757117,000003C8,false,Rx,1,8,00,00,00,00,00,00,00,00,
21757225,000003BE,false,Rx,1,8,00,00,00,00,00,00,00,00,
21757331,00000392,false,Rx,1,8,00,00,00,00,00,00,00,00,
21757438,0000018C,false,Rx,1,8,00,00,00,00,00,00,00,00,
21761575,00000118,false,Rx,1,4,00,48,4C,00,00,00,00,00,
21771750,00000118,false,Rx,1,4,00,49,4C,00,00,00,00,00,
21781559,00000118,false,Rx,1,4,00,4A,4C,00,00,00,00,00,
21791730,00000118,false,Rx,1,4,00,4B,4C,00,00,00,00,00,
21801561,00000118,false,Rx,1,4,00,4C,4C,00,00,00,00,00,
21811701,00000118,false,Rx,1,4,00,4D,4C,00,00,00,00,00,
21821556,00000118,false,Rx,1,4,00,4E,4C,00,00,00,00,00,
21831687,00000118,false,Rx,1,4,00,4F,4C,00,00,00,00,00,
21841914,00000118,false,Rx,1,4,00,40,4C,00,00,00,00,00,
21852091,00000118,false,Rx,1,4,00,41,4C,00,00,00,00,00,
21856786,000005BE,false,Rx,1,8,00,00,00,00,00,00,00,00,
21856895,0000054B,false,Rx,1,8,00,00,00,00,00,00,00,00,
21857010,000003DB,false,Rx,1,8,00,00,00,00,00,00,00,00,
21857116,000003C8,false,Rx,1,8,00,00,00,00,00,00,00,00,
21857227,000003BE,false,Rx,1,8,00,00,00,00,00,00,00,00,
21857325,00000392,false,Rx,1,8,00,00,00,00,00,00,00,00,
21857436,0000018C,false,Rx,1,8,00,00,00,00,00,00,00,00,
21862295,00000118,false,Rx,1,4,00,42,4C,00,00,00,00,00,
21872475,00000118,false,Rx,1,4,00,43,4C,00,00,00,00,00,
21882281,00000118,false,Rx,1,4,00,44,4C,00,00,00,00,00,
21892442,00000118,false,Rx,1,4,00,45,4C,00,00,00,00,00,
21902284,00000118,false,Rx,1,4,00,46,4C,00,00,00,00,00,
21912427,00000118,false,Rx,1,4,00,47,4C,00,00,00,00,00,
21922670,00000118,false,Rx,1,4,00,48,4C,00,00,00,00,00,
21932812,00000118,false,Rx,1,4,00,49,4C,00,00,00,00,00,
21942634,00000118,false,Rx,1,4,00,4A,4C,00,00,00,00,00,
21952817,00000118,false,Rx,1,4,00,4B,4C,00,00,00,00,00,
21962655,00000118,false,Rx,1,4,00,4C,4C,00,00,00,00,00,
21972853,00000118,false,Rx,1,4,00,4D,4C,00,00,00,00,00,
21982959,00000118,false,Rx,1,4,00,4E,4C,00,00,00,00,00,
21993021,00000118,false,Rx,1,4,00,4F,4C,00,00,00,00,00,
22000065,0000070F,false,Rx,0,8,03,22,2B,E9,55,55,55,55,
22002903,00000118,false,Rx,1,4,00,40,00,00,00,00,00,00,
22013014,00000118,false,Rx,1,4,00,41,00,00,00,00,00,00,
22015146,00000779,false,Rx,1,8,05,62,2B,E9,00,00,AA,AA,
22022871,00000118,false,Rx,1,4,00,42,00,00,00,00,00,00,
22032997,00000118,false,Rx,1,4,00,43,00,00,00,00,00,00,
22042828,00000118,false,Rx,1,4,00,44,00,00,00,00,00,00,
22052997,00000118,false,Rx,1,4,00,45,00,00,00,00,00,00,
22062845,00000118,false,Rx,1,4,00,46,00,00,00,00,00,00,
22073387,00000118,false,Rx,1,4,00,47,00,00,00,00,00,00,
22083197,00000118,false,Rx,1,4,00,48,00,00,00,00,00,00,
22093347,00000118,false,Rx,1,4,00,49,00,00,00,00,00,00,
22103202,00000118,false,Rx,1,4,00,4A,00,00,00,00,00,00,
22113335,00000118,false,Rx,1,4,00,4B,00,00,00,00,00,00,
22123188,00000118,false,Rx,1,4,00,4C,00,00,00,00,00,00,
22133323,00000118,false,Rx,1,4,00,4D,00,00,00,00,00,00,
22133612,17F0000F,true,Rx,1,8,00,0F,00,00,00,00,00,80,
22143159,00000118,false,Rx,1,4,00,4E,00,00,00,00,00,00,
22153721,00000118,false,Rx,1,4,00,4F,00,00,00,00,00,00,
22163573,00000118,false,Rx,1,4,00,40,00,00,00,00,00,00,
22174107,00000118,false,Rx,1,4,00,41,00,00,00,00,00,00,
22183941,00000118,false,Rx,1,4,00,42,00,00,00,00,00,00,
22194075,00000118,false,Rx,1,4,00,43,00,00,00,00,00,00,
22204022,00000118,false,Rx,1,4,00,44,00,00,00,00,00,00,
22214077,00000118,false,Rx,1,4,00,45,00,00,00,00,00,00,
22223963,00000118,false,Rx,1,4,00,46,00,00,00,00,00,00,
22234081,00000118,false,Rx,1,4,00,47,00,00,00,00,00,00,
22243874,00000118,false,Rx,1,4,00,48,00,00,00,00,00,00,
22254044,00000118,false,Rx,1,4,00,49,00,00,00,00,00,00,
22263898,00000118,false,Rx,1,4,00,4A,00,00,00,00,00,00,
22274430,00000118,false,Rx,1,4,00,4B,00,00,00,00,00,00,
22284250,00000118,false,Rx,1,4,00,4C,00,00,00,00,00,00,
22294394,00000118,false,Rx,1,4,00,4D,00,00,00,00,00,00,
22304248,00000118,false,Rx,1,4,00,4E,00,00,00,00,00,00,
22314780,00000118,false,Rx,1,4,00,4F,00,00,00,00,00,00,
22316853,0000070F,false,Rx,0,8,03,22,2B,F3,55,55,55,55,
22324659,00000118,false,Rx,1,4,00,40,00,00,00,00,00,00,
22334769,00000118,false,Rx,1,4,00,41,00,00,00,00,00,00,
22336955,00000779,false,Rx,1,8,05,62,2B,F3,00,00,AA,AA,
22344630,00000118,false,Rx,1,4,00,42,00,00,00,00,00,00,
22354750,00000118,false,Rx,1,4,00,43,00,00,00,00,00,00,
22364618,00000118,false,Rx,1,4,00,44,00,00,00,00,00,00,
22375153,00000118,false,Rx,1,4,00,45,00,00,00,00,00,00,
22384974,00000118,false,Rx,1,4,00,46,00,00,00,00,00,00,
22395136,00000118,false,Rx,1,4,00,47,00,00,00,00,00,00,
22404955,00000118,false,Rx,1,4,00,48,00,00,00,00,00,00,
22415102,00000118,false,Rx,1,4,00,49,00,00,00,00,00,00,
22424959,00000118,false,Rx,1,4,00,4A,00,00,00,00,00,00,
22435091,00000118,false,Rx,1,4,00,4B,00,00,00,00,00,00,
22444964,00000118,false,Rx,1,4,00,4C,00,00,00,00,00,00,
22455073,00000118,false,Rx,1,4,00,4D,00,00,00,00,00,00,
22464955,00000118,false,Rx,1,4,00,4E,00,00,00,00,00,00,
22475476,00000118,false,Rx,1,4,00,4F,00,00,00,00,00,00,
22485293,00000118,false,Rx,1,4,00,40,00,00,00,00,00,00,
22495464,00000118,false,Rx,1,4,00,41,00,00,00,00,00,00,
22505276,00000118,false,Rx,1,4,00,42,00,00,00,00,00,00,
22515428,00000118,false,Rx,1,4,00,43,00,00,00,00,00,00,
22525280,00000118,false,Rx,1,4,00,44,00,00,00,00,00,00,
22535812,00000118,false,Rx,1,4,00,45,00,00,00,00,00,00,
22545663,00000118,false,Rx,1,4,00,46,00,00,00,00,00,00,
22556362,00000118,false,Rx,1,4,00,47,00,00,00,00,00,00,
22566064,00000118,false,Rx,1,4,00,48,00,00,00,00,00,00,
22576639,00000118,false,Rx,1,4,00,49,00,00,00,00,00,00,
22586676,00000118,false,Rx,1,4,00,4A,00,00,00,00,00,00,
22596645,00000118,false,Rx,1,4,00,4B,00,00,00,00,00,00,
22606643,00000118,false,Rx,1,4,00,4C,00,00,00,00,00,00,
22616647,00000118,false,Rx,1,4,00,4D,00,00,00,00,00,00,
22626640,00000118,false,Rx,1,4,00,4E,00,00,00,00,00,00,
22637128,00000118,false,Rx,1,4,00,4F,00,00,00,00,00,00,
22637659,17F0000F,true,Rx,1,8,00,0F,00,00,00,00,00,80,
22639483,0000070F,false,Rx,0,8,03,22,2B,E6,55,55,55,55,
22646901,00000118,false,Rx,1,4,00,40,00,00,00,00,00,00,
22657123,00000118,false,Rx,1,4,00,41,00,00,00,00,00,00,
22659075,00000779,false,Rx,1,8,05,62,2B,E6,00,0F,AA,AA,
22667370,00000118,false,Rx,1,4,00,42,00,00,00,00,00,00,
22677372,00000118,false,Rx,1,4,00,43,00,00,00,00,00,00,
22687131,00000118,false,Rx,1,4,00,44,00,00,00,00,00,00,
22697325,00000118,false,Rx,1,4,00,45,00,00,00,00,00,00,
22713982,00000118,false,Rx,1,4,00,46,00,00,00,00,00,00,
22717297,00000118,false,Rx,1,4,00,47,00,00,00,00,00,00,
22727167,00000118,false,Rx,1,4,00,48,00,00,00,00,00,00,
22737866,00000118,false,Rx,1,4,00,49,00,00,00,00,00,00,
22747634,00000118,false,Rx,1,4,00,4A,00,00,00,00,00,00,
22758113,00000118,false,Rx,1,4,00,4B,00,00,00,00,00,00,
22768279,00000118,false,Rx,1,4,00,4C,00,00,00,00,00,00,
22778608,00000118,false,Rx,1,4,00,4D,00,00,00,00,00,00,
22788247,00000118,false,Rx,1,4,00,4E,00,00,00,00,00,00,
22798595,00000118,false,Rx,1,4,00,4F,00,00,00,00,00,00,
22808231,00000118,false,Rx,1,4,00,40,00,00,00,00,00,00,
22818593,00000118,false,Rx,1,4,00,41,00,00,00,00,00,00,
22828233,00000118,false,Rx,1,4,00,42,00,00,00,00,00,00,
22838585,00000118,false,Rx,1,4,00,43,00,00,00,00,00,00,
22848220,00000118,false,Rx,1,4,00,44,00,00,00,00,00,00,
22858368,00000118,false,Rx,1,4,00,45,00,00,00,00,00,00,
22868199,00000118,false,Rx,1,4,00,46,00,00,00,00,00,00,
22878587,00000118,false,Rx,1,4,00,47,00,00,00,00,00,00,
22888167,00000118,false,Rx,1,4,00,48,00,00,00,00,00,00,
22898600,00000118,false,Rx,1,4,00,49,00,00,00,00,00,00,
22908154,00000118,false,Rx,1,4,00,4A,00,00,00,00,00,00,
22918356,00000118,false,Rx,1,4,00,4B,00,00,00,00,00,00,
22928558,00000118,false,Rx,1,4,00,4C,00,00,00,00,00,00,
22938842,00000118,false,Rx,1,4,00,4D,00,00,00,00,00,00,
22948549,00000118,false,Rx,1,4,00,4E,00,00,00,00,00,00,
22958837,00000118,false,Rx,1,4,00,4F,00,00,00,00,00,00,
22966739,0000070F,false,Rx,0,8,03,22,2B,E7,55,55,55,55,
22968551,00000118,false,Rx,1,4,00,40,00,00,00,00,00,00,
22978851,00000118,false,Rx,1,4,00,41,00,00,00,00,00,00,
22980838,00000779,false,Rx,1,8,04,62,2B,E7,00,AA,AA,AA,
22988502,00000118,false,Rx,1,4,00,42,00,00,00,00,00,00,
22998826,00000118,false,Rx,1,4,00,43,00,00,00,00,00,00,
23008476,00000118,false,Rx,1,4,00,44,00,00,00,00,00,00,
23018842,00000118,false,Rx,1,4,00,45,00,00,00,00,00,00,
23028477,00000118,false,Rx,1,4,00,46,00,00,00,00,00,00,
23038834,00000118,false,Rx,1,4,00,47,00,00,00,00,00,00,
23048463,00000118,false,Rx,1,4,00,48,00,00,00,00,00,00,
23058840,00000118,false,Rx,1,4,00,49,00,00,00,00,00,00,
23068450,00000118,false,Rx,1,4,00,4A,00,00,00,00,00,00,
23078835,00000118,false,Rx,1,4,00,4B,00,00,00,00,00,00,
23088416,00000118,false,Rx,1,4,00,4C,00,00,00,00,00,00,
23098845,00000118,false,Rx,1,4,00,4D,00,00,00,00,00,00,
23108400,00000118,false,Rx,1,4,00,4E,00,00,00,00,00,00,
23118590,00000118,false,Rx,1,4,00,4F,00,00,00,00,00,00,
23128406,00000118,false,Rx,1,4,00,40,00,00,00,00,00,00,
23138591,00000118,false,Rx,1,4,00,41,00,00,00,00,00,00,
23139126,17F0000F,true,Rx,1,8,00,0F,00,00,00,00,00,80,
23148396,00000118,false,Rx,1,4,00,42,00,00,00,00,00,00,
23159075,00000118,false,Rx,1,4,00,43,00,00,00,00,00,00,
23168754,00000118,false,Rx,1,4,00,44,00,00,00,00,00,00,
23179089,00000118,false,Rx,1,4,00,45,00,00,00,00,00,00,
23189118,00000118,false,Rx,1,4,00,46,00,00,00,00,00,00,
23199476,00000118,false,Rx,1,4,00,47,00,00,00,00,00,00,
23215262,00000118,false,Rx,1,4,00,48,00,00,00,00,00,00,
23219298,00000118,false,Rx,1,4,00,49,00,00,00,00,00,00,
23229169,00000118,false,Rx,1,4,00,4A,00,00,00,00,00,00,
23239834,00000118,false,Rx,1,4,00,4B,00,00,00,00,00,00,
23249513,00000118,false,Rx,1,4,00,4C,00,00,00,00,00,00,
23259832,00000118,false,Rx,1,4,00,4D,00,00,00,00,00,00,
23269479,00000118,false,Rx,1,4,00,4E,00,00,00,00,00,00,
23279828,00000118,false,Rx,1,4,00,4F,00,00,00,00,00,00,
23282904,0000070F,false,Rx,0,8,03,22,2B,E9,55,55,55,55,
23289488,00000118,false,Rx,1,4,00,40,00,00,00,00,00,00,
23300332,00000118,false,Rx,1,4,00,41,00,00,00,00,00,00,
23302219,00000779,false,Rx,1,8,05,62,2B,E9,00,00,AA,AA,
23310239,00000118,false,Rx,1,4,00,42,00,00,00,00,00,00,
23320570,00000118,false,Rx,1,4,00,43,00,00,00,00,00,00,
23330195,00000118,false,Rx,1,4,00,44,00,00,00,00,00,00,
23340455,00000118,false,Rx,1,4,00,45,00,00,00,00,00,00,
23350194,00000118,false,Rx,1,4,00,46,00,00,00,00,00,00,
23360494,00000118,false,Rx,1,4,00,47,00,00,00,00,00,00,
23370164,00000118,false,Rx,1,4,00,48,00,00,00,00,00,00,
23380425,00000118,false,Rx,1,4,00,49,00,00,00,00,00,00,
23390151,00000118,false,Rx,1,4,00,4A,00,00,00,00,00,00,
23400430,00000118,false,Rx,1,4,00,4B,00,00,00,00,00,00,
23410135,00000118,false,Rx,1,4,00,4C,00,00,00,00,00,00,
23420570,00000118,false,Rx,1,4,00,4D,00,00,00,00,00,00,
23430137,00000118,false,Rx,1,4,00,4E,00,00,00,00,00,00,
23440508,00000118,false,Rx,1,4,00,4F,00,00,00,00,00,00,
23450135,00000118,false,Rx,1,4,00,40,00,00,00,00,00,00,
23460575,00000118,false,Rx,1,4,00,41,00,00,00,00,00,00,
23470242,00000118,false,Rx,1,4,00,42,00,00,00,00,00,00,
23480349,00000118,false,Rx,1,4,00,43,00,00,00,00,00,00,
23490070,00000118,false,Rx,1,4,00,44,00,00,00,00,00,00,
23500354,00000118,false,Rx,1,4,00,45,00,00,00,00,00,00,
23510054,00000118,false,Rx,1,4,00,46,00,00,00,00,00,00,
23520317,00000118,false,Rx,1,4,00,47,00,00,00,00,00,00,
23530061,00000118,false,Rx,1,4,00,48,00,00,00,00,00,00,
23540317,00000118,false,Rx,1,4,00,49,00,00,00,00,00,00,
23550046,00000118,false,Rx,1,4,00,4A,00,00,00,00,00,00,
23560330,00000118,false,Rx,1,4,00,4B,00,00,00,00,00,00,
23570038,00000118,false,Rx,1,4,00,4C,00,00,00,00,00,00,
23580321,00000118,false,Rx,1,4,00,4D,00,00,00,00,00,00,
23590086,00000118,false,Rx,1,4,00,4E,00,00,00,00,00,00,
23599468,0000070F,false,Rx,0,8,03,22,2B,F3,55,55,55,55,
23600694,00000118,false,Rx,1,4,00,4F,00,00,00,00,00,00,
23610388,00000118,false,Rx,1,4,00,40,00,00,00,00,00,00,
23620663,00000118,false,Rx,1,4,00,41,00,00,00,00,00,00,
23622785,00000779,false,Rx,1,8,05,62,2B,F3,00,00,AA,AA,
23630377,00000118,false,Rx,1,4,00,42,00,00,00,00,00,00,
23640644,00000118,false,Rx,1,4,00,43,00,00,00,00,00,00,
23640966,17F0000F,true,Rx,1,8,00,0F,00,00,00,00,00,80,
23650359,00000118,false,Rx,1,4,00,44,00,00,00,00,00,00,
23660664,00000118,false,Rx,1,4,00,45,00,00,00,00,00,00,
23670336,00000118,false,Rx,1,4,00,46,00,00,00,00,00,00,
23680614,00000118,false,Rx,1,4,00,47,00,00,00,00,00,00,
23690298,00000118,false,Rx,1,4,00,48,00,00,00,00,00,00,
23700640,00000118,false,Rx,1,4,00,49,00,00,00,00,00,00,
23714958,00000118,false,Rx,1,4,00,4A,00,00,00,00,00,00,
23720785,00000118,false,Rx,1,4,00,4B,00,00,00,00,00,00,
23730327,00000118,false,Rx,1,4,00,4C,00,00,00,00,00,00,
23740571,00000118,false,Rx,1,4,00,4D,00,00,00,00,00,00,
23750274,00000118,false,Rx,1,4,00,4E,00,00,00,00,00,00,
23760589,00000118,false,Rx,1,4,00,4F,00,00,00,00,00,00,
23770265,00000118,false,Rx,1,4,00,40,00,00,00,00,00,00,
23780540,00000118,false,Rx,1,4,00,41,00,00,00,00,00,00,
23790233,00000118,false,Rx,1,4,00,42,00,00,00,00,00,00,
23800542,00000118,false,Rx,1,4,00,43,00,00,00,00,00,00,
23810210,00000118,false,Rx,1,4,00,44,00,00,00,00,00,00,
23820569,00000118,false,Rx,1,4,00,45,00,00,00,00,00,00,
23830213,00000118,false,Rx,1,4,00,46,00,00,00,00,00,00,
23840493,00000118,false,Rx,1,4,00,47,00,00,00,00,00,00,
23850197,00000118,false,Rx,1,4,00,48,00,00,00,00,00,00,
23860512,00000118,false,Rx,1,4,00,49,00,00,00,00,00,00,
23870185,00000118,false,Rx,1,4,00,4A,00,00,00,00,00,00,
23880450,00000118,false,Rx,1,4,00,4B,00,00,00,00,00,00,
23890171,00000118,false,Rx,1,4,00,4C,00,00,00,00,00,00,
23900448,00000118,false,Rx,1,4,00,4D,00,00,00,00,00,00,
23910151,00000118,false,Rx,1,4,00,4E,00,00,00,00,00,00,
23920566,00000118,false,Rx,1,4,00,4F,00,00,00,00,00,00,
23930158,00000118,false,Rx,1,4,00,40,00,00,00,00,00,00,
23931766,0000070F,false,Rx,0,8,03,22,2B,E6,55,55,55,55,
23940425,00000118,false,Rx,1,4,00,41,00,00,00,00,00,00,
23950144,00000118,false,Rx,1,4,00,42,00,00,00,00,00,00,
23951445,00000779,false,Rx,1,8,05,62,2B,E6,00,0F,AA,AA,
23960429,00000118,false,Rx,1,4,00,43,00,00,00,00,00,00,
23970124,00000118,false,Rx,1,4,00,44,00,00,00,00,00,00,
23980373,00000118,false,Rx,1,4,00,45,00,00,00,00,00,00,
23990089,00000118,false,Rx,1,4,00,46,00,00,00,00,00,00,
24000372,00000118,false,Rx,1,4,00,47,00,00,00,00,00,00,
24010072,00000118,false,Rx,1,4,00,48,00,00,00,00,00,00,
24020567,00000118,false,Rx,1,4,00,49,00,00,00,00,00,00,
24030082,00000118,false,Rx,1,4,00,4A,00,00,00,00,00,00,
24040326,00000118,false,Rx,1,4,00,4B,00,00,00,00,00,00,
24050066,00000118,false,Rx,1,4,00,4C,00,00,00,00,00,00,
24060343,00000118,false,Rx,1,4,00,4D,00,00,00,00,00,00,
24070048,00000118,false,Rx,1,4,00,4E,00,00,00,00,00,00,
24080330,00000118,false,Rx,1,4,00,4F,00,00,00,00,00,00,
24090016,00000118,false,Rx,1,4,00,40,00,00,00,00,00,00,
24100320,00000118,false,Rx,1,4,00,41,00,00,00,00,00,00,
24109999,00000118,false,Rx,1,4,00,42,00,00,00,00,00,00,
24120309,00000118,false,Rx,1,4,00,43,00,00,00,00,00,00,
24130003,00000118,false,Rx,1,4,00,44,00,00,00,00,00,00,
24140319,00000118,false,Rx,1,4,00,45,00,00,00,00,00,00,
24140614,17F0000F,true,Rx,1,8,00,0F,00,00,00,00,00,80,
24149994,00000118,false,Rx,1,4,00,46,00,00,00,00,00,00,
24160323,00000118,false,Rx,1,4,00,47,00,00,00,00,00,00,
24169974,00000118,false,Rx,1,4,00,48,00,00,00,00,00,00,
24180313,00000118,false,Rx,1,4,00,49,00,00,00,00,00,00,
24189965,00000118,false,Rx,1,4,00,4A,00,00,00,00,00,00,
24200371,00000118,false,Rx,1,4,00,4B,00,00,00,00,00,00,
24210366,00000118,false,Rx,1,4,00,4C,00,00,00,00,00,00,
24220746,00000118,false,Rx,1,4,00,4D,00,00,00,00,00,00,
24230405,00000118,false,Rx,1,4,00,4E,00,00,00,00,00,00,
24241109,00000118,false,Rx,1,4,00,4F,00,00,00,00,00,00,
24250752,00000118,false,Rx,1,4,00,40,00,00,00,00,00,00,
24260968,0000070F,false,Rx,0,8,03,22,2B,E7,55,55,55,55,
24261107,00000118,false,Rx,1,4,00,41,00,00,00,00,00,00,
24270759,00000118,false,Rx,1,4,00,42,00,00,00,00,00,00,
24281112,00000118,false,Rx,1,4,00,43,00,00,00,00,00,00,
24283025,00000779,false,Rx,1,8,04,62,2B,E7,00,AA,AA,AA,
24290711,00000118,false,Rx,1,4,00,44,00,00,00,00,00,00,
24301105,00000118,false,Rx,1,4,00,45,00,00,00,00,00,00,
24310683,00000118,false,Rx,1,4,00,46,00,00,00,00,00,00,
24321099,00000118,false,Rx,1,4,00,47,00,00,00,00,00,00,
24330687,00000118,false,Rx,1,4,00,48,00,00,00,00,00,00,
24340864,00000118,false,Rx,1,4,00,49,00,00,00,00,00,00,
24350676,00000118,false,Rx,1,4,00,4A,00,00,00,00,00,00,
24361105,00000118,false,Rx,1,4,00,4B,00,00,00,00,00,00,
24370661,00000118,false,Rx,1,4,00,4C,00,00,00,00,00,00,
24380859,00000118,false,Rx,1,4,00,4D,00,00,00,00,00,00,
24390630,00000118,false,Rx,1,4,00,4E,00,00,00,00,00,00,
24400861,00000118,false,Rx,1,4,00,4F,00,00,00,00,00,00,
24410612,00000118,false,Rx,1,4,00,40,00,00,00,00,00,00,
24420858,00000118,false,Rx,1,4,00,41,00,00,00,00,00,00,
24430613,00000118,false,Rx,1,4,00,42,00,00,00,00,00,00,
24440857,00000118,false,Rx,1,4,00,43,00,00,00,00,00,00,
24450599,00000118,false,Rx,1,4,00,44,00,00,00,00,00,00,
24460861,00000118,false,Rx,1,4,00,45,00,00,00,00,00,00,
24470561,00000118,false,Rx,1,4,00,46,00,00,00,00,00,00,
24480853,00000118,false,Rx,1,4,00,47,00,00,00,00,00,00,
24490549,00000118,false,Rx,1,4,00,48,00,00,00,00,00,00,
24500853,00000118,false,Rx,1,4,00,49,00,00,00,00,00,00,
24510535,00000118,false,Rx,1,4,00,4A,00,00,00,00,00,00,
24520872,00000118,false,Rx,1,4,00,4B,00,00,00,00,00,00,
24530539,00000118,false,Rx,1,4,00,4C,00,00,00,00,00,00,
24540860,00000118,false,Rx,1,4,00,4D,00,00,00,00,00,00,
24550522,00000118,false,Rx,1,4,00,4E,00,00,00,00,00,00,
24560867,00000118,false,Rx,1,4,00,4F,00,00,00,00,00,00,
24570491,00000118,false,Rx,1,4,00,40,00,00,00,00,00,00,
24577674,0000070F,false,Rx,0,8,03,22,2B,E9,55,55,55,55,
24580865,00000118,false,Rx,1,4,00,41,00,00,00,00,00,00,
24590605,00000118,false,Rx,1,4,00,42,00,00,00,00,00,00,
24591892,00000779,false,Rx,1,8,05,62,2B,E9,00,00,AA,AA,
24600859,00000118,false,Rx,1,4,00,43,00,00,00,00,00,00,
24610457,00000118,false,Rx,1,4,00,44,00,00,00,00,00,00,
24620857,00000118,false,Rx,1,4,00,45,00,00,00,00,00,00,
24630459,00000118,false,Rx,1,4,00,46,00,00,00,00,00,00,
24640857,00000118,false,Rx,1,4,00,47,00,00,00,00,00,00,
24641389,17F0000F,true,Rx,1,8,00,0F,00,00,00,00,00,80,
24650451,00000118,false,Rx,1,4,00,48,00,00,00,00,00,00,
24661102,00000118,false,Rx,1,4,00,49,00,00,00,00,00,00,
24670814,00000118,false,Rx,1,4,00,4A,00,00,00,00,00,00,
24681106,00000118,false,Rx,1,4,00,4B,00,00,00,00,00,00,
24690802,00000118,false,Rx,1,4,00,4C,00,00,00,00,00,00,
24701149,00000118,false,Rx,1,4,00,4D,00,00,00,00,00,00,
24717146,00000118,false,Rx,1,4,00,4E,00,00,00,00,00,00,
24721152,00000118,false,Rx,1,4,00,4F,00,00,00,00,00,00,
24731205,00000118,false,Rx,1,4,00,40,00,00,00,00,00,00,
24741596,00000118,false,Rx,1,4,00,41,00,00,00,00,00,00,
24751150,00000118,false,Rx,1,4,00,42,00,00,00,00,00,00,
24761590,00000118,false,Rx,1,4,00,43,00,00,00,00,00,00,
24771173,00000118,false,Rx,1,4,00,44,00,00,00,00,00,00,
24781342,00000118,false,Rx,1,4,00,45,00,00,00,00,00,00,
24791304,00000118,false,Rx,1,4,00,46,00,00,00,00,00,00,
24801348,00000118,false,Rx,1,4,00,47,00,00,00,00,00,00,
24811483,00000118,false,Rx,1,4,00,48,00,00,00,00,00,00,
24821839,00000118,false,Rx,1,4,00,49,00,00,00,00,00,00,
24831455,00000118,false,Rx,1,4,00,4A,00,00,00,00,00,00,
24841715,00000118,false,Rx,1,4,00,4B,00,00,00,00,00,00,
24851456,00000118,false,Rx,1,4,00,4C,00,00,00,00,00,00,
24861751,00000118,false,Rx,1,4,00,4D,00,00,00,00,00,00,
24871422,00000118,false,Rx,1,4,00,4E,00,00,00,00,00,00,
24881683,00000118,false,Rx,1,4,00,4F,00,00,00,00,00,00,
24891409,00000118,false,Rx,1,4,00,40,00,00,00,00,00,00,
24891544,0000070F,false,Rx,0,8,03,22,2B,F3,55,55,55,55,
24901716,00000118,false,Rx,1,4,00,41,00,00,00,00,00,00,
24911389,00000118,false,Rx,1,4,00,42,00,00,00,00,00,00,
24912693,00000779,false,Rx,1,8,05,62,2B,F3,00,00,AA,AA,
24921841,00000118,false,Rx,1,4,00,43,00,00,00,00,00,00,
24931393,00000118,false,Rx,1,4,00,44,00,00,00,00,00,00,
24941638,00000118,false,Rx,1,4,00,45,00,00,00,00,00,00,
24951380,00000118,false,Rx,1,4,00,46,00,00,00,00,00,00,
24961656,00000118,false,Rx,1,4,00,47,00,00,00,00,00,00,
24971361,00000118,false,Rx,1,4,00,48,00,00,00,00,00,00,
24981607,00000118,false,Rx,1,4,00,49,00,00,00,00,00,00,
24991331,00000118,false,Rx,1,4,00,4A,00,00,00,00,00,00,
25001615,00000118,false,Rx,1,4,00,4B,00,00,00,00,00,00,
25011316,00000118,false,Rx,1,4,00,4C,00,00,00,00,00,00,
25021595,00000118,false,Rx,1,4,00,4D,00,00,00,00,00,00,
25031318,00000118,false,Rx,1,4,00,4E,00,00,00,00,00,00,
25041587,00000118,false,Rx,1,4,00,4F,00,00,00,00,00,00,
25051304,00000118,false,Rx,1,4,00,40,00,00,00,00,00,00,
25061593,00000118,false,Rx,1,4,00,41,00,00,00,00,00,00,
25071288,00000118,false,Rx,1,4,00,42,00,00,00,00,00,00,
25081586,00000118,false,Rx,1,4,00,43,00,00,00,00,00,00,
25091252,00000118,false,Rx,1,4,00,44,00,00,00,00,00,00,
25101589,00000118,false,Rx,1,4,00,45,00,00,00,00,00,00,
25111235,00000118,false,Rx,1,4,00,46,00,00,00,00,00,00,
25121599,00000118,false,Rx,1,4,00,47,00,00,00,00,00,00,
25131259,00000118,false,Rx,1,4,00,48,00,00,00,00,00,00,
25141902,00000118,false,Rx,1,4,00,49,00,00,00,00,00,00,
25142196,17F0000F,true,Rx,1,8,00,0F,00,00,00,00,00,80,
25151617,00000118,false,Rx,1,4,00,4A,00,00,00,00,00,00,
25161942,00000118,false,Rx,1,4,00,4B,00,00,00,00,00,00,
25171595,00000118,false,Rx,1,4,00,4C,00,00,00,00,00,00,
25181871,00000118,false,Rx,1,4,00,4D,00,00,00,00,00,00,
25191559,00000118,false,Rx,1,4,00,4E,00,00,00,00,00,00,
25201913,00000118,false,Rx,1,4,00,4F,00,00,00,00,00,00,
25207585,0000070F,false,Rx,0,8,03,22,2B,E6,55,55,55,55,
25216903,00000118,false,Rx,1,4,00,40,00,00,00,00,00,00,
25221905,00000118,false,Rx,1,4,00,41,00,00,00,00,00,00,
25223979,00000779,false,Rx,1,8,05,62,2B,E6,00,0F,AA,AA,
25231584,00000118,false,Rx,1,4,00,42,00,00,00,00,00,00,
25241827,00000118,false,Rx,1,4,00,43,00,00,00,00,00,00,
25251533,00000118,false,Rx,1,4,00,44,00,00,00,00,00,00,
25261846,00000118,false,Rx,1,4,00,45,00,00,00,00,00,00,
25271516,00000118,false,Rx,1,4,00,46,00,00,00,00,00,00,
25281796,00000118,false,Rx,1,4,00,47,00,00,00,00,00,00,
25291480,00000118,false,Rx,1,4,00,48,00,00,00,00,00,00,
25301800,00000118,false,Rx,1,4,00,49,00,00,00,00,00,00,
25311478,00000118,false,Rx,1,4,00,4A,00,00,00,00,00,00,
25321853,00000118,false,Rx,1,4,00,4B,00,00,00,00,00,00,
25331473,00000118,false,Rx,1,4,00,4C,00,00,00,00,00,00,
25341751,00000118,false,Rx,1,4,00,4D,00,00,00,00,00,00,
25351457,00000118,false,Rx,1,4,00,4E,00,00,00,00,00,00,
25361770,00000118,false,Rx,1,4,00,4F,00,00,00,00,00,00,
25371442,00000118,false,Rx,1,4,00,40,00,00,00,00,00,00,
25381705,00000118,false,Rx,1,4,00,41,00,00,00,00,00,00,
25391427,00000118,false,Rx,1,4,00,42,00,00,00,00,00,00,
25401705,00000118,false,Rx,1,4,00,43,00,00,00,00,00,00,
25411413,00000118,false,Rx,1,4,00,44,00,00,00,00,00,00,
25421837,00000118,false,Rx,1,4,00,45,00,00,00,00,00,00,
25431411,00000118,false,Rx,1,4,00,46,00,00,00,00,00,00,
25441656,00000118,false,Rx,1,4,00,47,00,00,00,00,00,00,
25451399,00000118,false,Rx,1,4,00,48,00,00,00,00,00,00,
25461677,00000118,false,Rx,1,4,00,49,00,00,00,00,00,00,
25471385,00000118,false,Rx,1,4,00,4A,00,00,00,00,00,00,
25481628,00000118,false,Rx,1,4,00,4B,00,00,00,00,00,00,
25491351,00000118,false,Rx,1,4,00,4C,00,00,00,00,00,00,
25501630,00000118,false,Rx,1,4,00,4D,00,00,00,00,00,00,
25511337,00000118,false,Rx,1,4,00,4E,00,00,00,00,00,00,
25521595,00000118,false,Rx,1,4,00,4F,00,00,00,00,00,00,
25526500,0000070F,false,Rx,0,8,03,22,2B,E7,55,55,55,55,
25531363,00000118,false,Rx,1,4,00,40,00,00,00,00,00,00,
25541999,00000118,false,Rx,1,4,00,41,00,00,00,00,00,00,
25544121,00000779,false,Rx,1,8,04,62,2B,E7,00,AA,AA,AA,
25551714,00000118,false,Rx,1,4,00,42,00,00,00,00,00,00,
25562018,00000118,false,Rx,1,4,00,43,00,00,00,00,00,00,
25571688,00000118,false,Rx,1,4,00,44,00,00,00,00,00,00,
25581968,00000118,false,Rx,1,4,00,45,00,00,00,00,00,00,
25591742,00000118,false,Rx,1,4,00,46,00,00,00,00,00,00,
25601971,00000118,false,Rx,1,4,00,47,00,00,00,00,00,00,
25611640,00000118,false,Rx,1,4,00,48,00,00,00,00,00,00,
25621958,00000118,false,Rx,1,4,00,49,00,00,00,00,00,00,
25631645,00000118,false,Rx,1,4,00,4A,00,00,00,00,00,00,
25641942,00000118,false,Rx,1,4,00,4B,00,00,00,00,00,00,
25642217,17F0000F,true,Rx,1,8,00,0F,00,00,00,00,00,80,
25651637,00000118,false,Rx,1,4,00,4C,00,00,00,00,00,00,
25661955,00000118,false,Rx,1,4,00,4D,00,00,00,00,00,00,
25671614,00000118,false,Rx,1,4,00,4E,00,00,00,00,00,00,
25681892,00000118,false,Rx,1,4,00,4F,00,00,00,00,00,00,
25691580,00000118,false,Rx,1,4,00,40,00,00,00,00,00,00,
25701957,00000118,false,Rx,1,4,00,41,00,00,00,00,00,00,
25717351,00000118,false,Rx,1,4,00,42,00,00,00,00,00,00,
25721886,00000118,false,Rx,1,4,00,43,00,00,00,00,00,00,
25731583,00000118,false,Rx,1,4,00,44,00,00,00,00,00,00,
25741847,00000118,false,Rx,1,4,00,45,00,00,00,00,00,00,
25751550,00000118,false,Rx,1,4,00,46,00,00,00,00,00,00,
25761866,00000118,false,Rx,1,4,00,47,00,00,00,00,00,00,
25771534,00000118,false,Rx,1,4,00,48,00,00,00,00,00,00,
25781816,00000118,false,Rx,1,4,00,49,00,00,00,00,00,00,
25791510,00000118,false,Rx,1,4,00,4A,00,00,00,00,00,00,
25801822,00000118,false,Rx,1,4,00,4B,00,00,00,00,00,00,
25811489,00000118,false,Rx,1,4,00,4C,00,00,00,00,00,00,
25821849,00000118,false,Rx,1,4,00,4D,00,00,00,00,00,00,
25831492,00000118,false,Rx,1,4,00,4E,00,00,00,00,00,00,
25841771,00000118,false,Rx,1,4,00,4F,00,00,00,00,00,00,
25844833,0000070F,false,Rx,0,8,03,22,2B,E9,55,55,55,55,
25851503,00000118,false,Rx,1,4,00,40,00,00,00,00,00,00,
25861793,00000118,false,Rx,1,4,00,41,00,00,00,00,00,00,
25863942,00000779,false,Rx,1,8,05,62,2B,E9,00,00,AA,AA,
25871470,00000118,false,Rx,1,4,00,42,00,00,00,00,00,00,
25881723,00000118,false,Rx,1,4,00,43,00,00,00,00,00,00,
25891446,00000118,false,Rx,1,4,00,44,00,00,00,00,00,00,
25901727,00000118,false,Rx,1,4,00,45,00,00,00,00,00,00,
25911427,00000118,false,Rx,1,4,00,46,00,00,00,00,00,00,
25921850,00000118,false,Rx,1,4,00,47,00,00,00,00,00,00,
25931430,00000118,false,Rx,1,4,00,48,00,00,00,00,00,00,
25941676,00000118,false,Rx,1,4,00,49,00,00,00,00,00,00,
25951423,00000118,false,Rx,1,4,00,4A,00,00,00,00,00,00,
25961699,00000118,false,Rx,1,4,00,4B,00,00,00,00,00,00,
25971404,00000118,false,Rx,1,4,00,4C,00,00,00,00,00,00,
25981646,00000118,false,Rx,1,4,00,4D,00,00,00,00,00,00,
25991367,00000118,false,Rx,1,4,00,4E,00,00,00,00,00,00,
26001650,00000118,false,Rx,1,4,00,4F,00,00,00,00,00,00,
26011356,00000118,false,Rx,1,4,00,40,00,00,00,00,00,00,
26021842,00000118,false,Rx,1,4,00,41,00,00,00,00,00,00,
26031358,00000118,false,Rx,1,4,00,42,00,00,00,00,00,00,
26041601,00000118,false,Rx,1,4,00,43,00,00,00,00,00,00,
26051341,00000118,false,Rx,1,4,00,44,00,00,00,00,00,00,
26061621,00000118,false,Rx,1,4,00,45,00,00,00,00,00,00,
26071325,00000118,false,Rx,1,4,00,46,00,00,00,00,00,00,
26081592,00000118,false,Rx,1,4,00,47,00,00,00,00,00,00,
26091290,00000118,false,Rx,1,4,00,48,00,00,00,00,00,00,
26101588,00000118,false,Rx,1,4,00,49,00,00,00,00,00,00,
26111279,00000118,false,Rx,1,4,00,4A,00,00,00,00,00,00,
26121616,00000118,false,Rx,1,4,00,4B,00,00,00,00,00,00,
26131284,00000118,false,Rx,1,4,00,4C,00,00,00,00,00,00,
26141587,00000118,false,Rx,1,4,00,4D,00,00,00,00,00,00,
26141881,17F0000F,true,Rx,1,8,00,0F,00,00,00,00,00,80,
26151273,00000118,false,Rx,1,4,00,4E,00,00,00,00,00,00,
26161590,00000118,false,Rx,1,4,00,4F,00,00,00,00,00,00,
26163695,0000070F,false,Rx,0,8,03,22,2B,F3,55,55,55,55,
26171278,00000118,false,Rx,1,4,00,40,00,00,00,00,00,00,
26181914,00000118,false,Rx,1,4,00,41,00,00,00,00,00,00,
26184037,00000779,false,Rx,1,8,05,62,2B,F3,00,00,AA,AA,
26191610,00000118,false,Rx,1,4,00,42,00,00,00,00,00,00,
26201865,00000118,false,Rx,1,4,00,43,00,00,00,00,00,00,
26212599,00000118,false,Rx,1,4,00,44,00,00,00,00,00,00,
26221944,00000118,false,Rx,1,4,00,45,00,00,00,00,00,00,
26231580,00000118,false,Rx,1,4,00,46,00,00,00,00,00,00,
26241866,00000118,false,Rx,1,4,00,47,00,00,00,00,00,00,
26251569,00000118,false,Rx,1,4,00,48,00,00,00,00,00,00,
26261885,00000118,false,Rx,1,4,00,49,00,00,00,00,00,00,
26271558,00000118,false,Rx,1,4,00,4A,00,00,00,00,00,00,
26281840,00000118,false,Rx,1,4,00,4B,00,00,00,00,00,00,
26291525,00000118,false,Rx,1,4,00,4C,00,00,00,00,00,00,
26301839,00000118,false,Rx,1,4,00,4D,00,00,00,00,00,00,
26311506,00000118,false,Rx,1,4,00,4E,00,00,00,00,00,00,
26321824,00000118,false,Rx,1,4,00,4F,00,00,00,00,00,00,
26331502,00000118,false,Rx,1,4,00,40,00,00,00,00,00,00,
26341793,00000118,false,Rx,1,4,00,41,00,00,00,00,00,00,
26351496,00000118,false,Rx,1,4,00,42,00,00,00,00,00,00,
26361810,00000118,false,Rx,1,4,00,43,00,00,00,00,00,00,
26371480,00000118,false,Rx,1,4,00,44,00,00,00,00,00,00,
26381759,00000118,false,Rx,1,4,00,45,00,00,00,00,00,00,
26391451,00000118,false,Rx,1,4,00,46,00,00,00,00,00,00,
26401762,00000118,false,Rx,1,4,00,47,00,00,00,00,00,00,
26411428,00000118,false,Rx,1,4,00,48,00,00,00,00,00,00,
26421748,00000118,false,Rx,1,4,00,49,00,00,00,00,00,00,
26431431,00000118,false,Rx,1,4,00,4A,00,00,00,00,00,00,
26441717,00000118,false,Rx,1,4,00,4B,00,00,00,00,00,00,
26451421,00000118,false,Rx,1,4,00,4C,00,00,00,00,00,00,
26461733,00000118,false,Rx,1,4,00,4D,00,00,00,00,00,00,
26471404,00000118,false,Rx,1,4,00,4E,00,00,00,00,00,00,
26481682,00000118,false,Rx,1,4,00,4F,00,00,00,00,00,00,
26491371,00000118,false,Rx,1,4,00,40,00,00,00,00,00,00,
26498095,0000070F,false,Rx,0,8,03,22,2B,E6,55,55,55,55,
26501714,00000118,false,Rx,1,4,00,41,00,00,00,00,00,00,
26511356,00000118,false,Rx,1,4,00,42,00,00,00,00,00,00,
26512722,00000779,false,Rx,1,8,05,62,2B,E6,00,0F,AA,AA,
26521684,00000118,false,Rx,1,4,00,43,00,00,00,00,00,00,
26531339,00000118,false,Rx,1,4,00,44,00,00,00,00,00,00,
26541640,00000118,false,Rx,1,4,00,45,00,00,00,00,00,00,
26551342,00000118,false,Rx,1,4,00,46,00,00,00,00,00,00,
26561657,00000118,false,Rx,1,4,00,47,00,00,00,00,00,00,
26571326,00000118,false,Rx,1,4,00,48,00,00,00,00,00,00,
26581608,00000118,false,Rx,1,4,00,49,00,00,00,00,00,00,
26591385,00000118,false,Rx,1,4,00,4A,00,00,00,00,00,00,
26601627,00000118,false,Rx,1,4,00,4B,00,00,00,00,00,00,
26611280,00000118,false,Rx,1,4,00,4C,00,00,00,00,00,00,
26621596,00000118,false,Rx,1,4,00,4D,00,00,00,00,00,00,
26631263,00000118,false,Rx,1,4,00,4E,00,00,00,00,00,00,
26641568,00000118,false,Rx,1,4,00,4F,00,00,00,00,00,00,
26641856,17F0000F,true,Rx,1,8,00,0F,00,00,00,00,00,80,
26651277,00000118,false,Rx,1,4,00,40,00,00,00,00,00,00,
26661584,00000118,false,Rx,1,4,00,41,00,00,00,00,00,00,
26671251,00000118,false,Rx,1,4,00,42,00,00,00,00,00,00,
26681531,00000118,false,Rx,1,4,00,43,00,00,00,00,00,00,
26691219,00000118,false,Rx,1,4,00,44,00,00,00,00,00,00,
26701621,00000118,false,Rx,1,4,00,45,00,00,00,00,00,00,
26713240,00000118,false,Rx,1,4,00,46,00,00,00,00,00,00,
26721547,00000118,false,Rx,1,4,00,47,00,00,00,00,00,00,
26731188,00000118,false,Rx,1,4,00,48,00,00,00,00,00,00,
26741500,00000118,false,Rx,1,4,00,49,00,00,00,00,00,00,
26751193,00000118,false,Rx,1,4,00,4A,00,00,00,00,00,00,
26761508,00000118,false,Rx,1,4,00,4B,00,00,00,00,00,00,
26771179,00000118,false,Rx,1,4,00,4C,00,00,00,00,00,00,
26781456,00000118,false,Rx,1,4,00,4D,00,00,00,00,00,00,
26791153,00000118,false,Rx,1,4,00,4E,00,00,00,00,00,00,
26801460,00000118,false,Rx,1,4,00,4F,00,00,00,00,00,00,
26811129,00000118,false,Rx,1,4,00,40,00,00,00,00,00,00,
26813051,0000070F,false,Rx,0,8,03,22,2B,E7,55,55,55,55,
26821471,00000118,false,Rx,1,4,00,41,00,00,00,00,00,00,
26831111,00000118,false,Rx,1,4,00,42,00,00,00,00,00,00,
26832413,00000779,false,Rx,1,8,04,62,2B,E7,00,AA,AA,AA,
26841426,00000118,false,Rx,1,4,00,43,00,00,00,00,00,00,
26851115,00000118,false,Rx,1,4,00,44,00,00,00,00,00,00,
26861430,00000118,false,Rx,1,4,00,45,00,00,00,00,00,00,
26871099,00000118,false,Rx,1,4,00,46,00,00,00,00,00,00,
26881378,00000118,false,Rx,1,4,00,47,00,00,00,00,00,00,
26891065,00000118,false,Rx,1,4,00,48,00,00,00,00,00,00,
26901383,00000118,false,Rx,1,4,00,49,00,00,00,00,00,00,
26911054,00000118,false,Rx,1,4,00,4A,00,00,00,00,00,00,
26921370,00000118,false,Rx,1,4,00,4B,00,00,00,00,00,00,
26931037,00000118,false,Rx,1,4,00,4C,00,00,00,00,00,00,
26941333,00000118,false,Rx,1,4,00,4D,00,00,00,00,00,00,
26951048,00000118,false,Rx,1,4,00,4E,00,00,00,00,00,00,
26961354,00000118,false,Rx,1,4,00,4F,00,00,00,00,00,00,
26971025,00000118,false,Rx,1,4,00,40,00,00,00,00,00,00,
26981304,00000118,false,Rx,1,4,00,41,00,00,00,00,00,00,
26990989,00000118,false,Rx,1,4,00,42,00,00,00,00,00,00,
27001307,00000118,false,Rx,1,4,00,43,00,00,00,00,00,00,
27010976,00000118,false,Rx,1,4,00,44,00,00,00,00,00,00,
27021292,00000118,false,Rx,1,4,00,45,00,00,00,00,00,00,
27030959,00000118,false,Rx,1,4,00,46,00,00,00,00,00,00,
27041258,00000118,false,Rx,1,4,00,47,00,00,00,00,00,00,
27050963,00000118,false,Rx,1,4,00,48,00,00,00,00,00,00,
27061276,00000118,false,Rx,1,4,00,49,00,00,00,00,00,00,
27070955,00000118,false,Rx,1,4,00,4A,00,00,00,00,00,00,
27081230,00000118,false,Rx,1,4,00,4B,00,00,00,00,00,00,
27090916,00000118,false,Rx,1,4,00,4C,00,00,00,00,00,00,
27101231,00000118,false,Rx,1,4,00,4D,00,00,00,00,00,00,
27110898,00000118,false,Rx,1,4,00,4E,00,00,00,00,00,00,
27121217,00000118,false,Rx,1,4,00,4F,00,00,00,00,00,00,
27130885,00000118,false,Rx,1,4,00,40,00,00,00,00,00,00,
27134497,0000070F,false,Rx,0,8,03,22,2B,E9,55,55,55,55,
27141208,00000118,false,Rx,1,4,00,41,00,00,00,00,00,00,
27141503,17F0000F,true,Rx,1,8,00,0F,00,00,00,00,00,80,
27150897,00000118,false,Rx,1,4,00,42,00,00,00,00,00,00,
27152204,00000779,false,Rx,1,8,05,62,2B,E9,00,00,AA,AA,
27161211,00000118,false,Rx,1,4,00,43,00,00,00,00,00,00,
27170872,00000118,false,Rx,1,4,00,44,00,00,00,00,00,00,
27181151,00000118,false,Rx,1,4,00,45,00,00,00,00,00,00,
27190836,00000118,false,Rx,1,4,00,46,00,00,00,00,00,00,
27201258,00000118,false,Rx,1,4,00,47,00,00,00,00,00,00,
27214039,00000118,false,Rx,1,4,00,48,00,00,00,00,00,00,
27221165,00000118,false,Rx,1,4,00,49,00,00,00,00,00,00,
27230835,00000118,false,Rx,1,4,00,4A,00,00,00,00,00,00,
27241106,00000118,false,Rx,1,4,00,4B,00,00,00,00,00,00,
27250820,00000118,false,Rx,1,4,00,4C,00,00,00,00,00,00,
27261125,00000118,false,Rx,1,4,00,4D,00,00,00,00,00,00,
27270777,00000118,false,Rx,1,4,00,4E,00,00,00,00,00,00,
27281097,00000118,false,Rx,1,4,00,4F,00,00,00,00,00,00,
27290766,00000118,false,Rx,1,4,00,40,00,00,00,00,00,00,
27301081,00000118,false,Rx,1,4,00,41,00,00,00,00,00,00,
27310746,00000118,false,Rx,1,4,00,42,00,00,00,00,00,00,
27321044,00000118,false,Rx,1,4,00,43,00,00,00,00,00,00,
27330750,00000118,false,Rx,1,4,00,44,00,00,00,00,00,00,
27341030,00000118,false,Rx,1,4,00,45,00,00,00,00,00,00,
27350808,00000118,false,Rx,1,4,00,46,00,00,00,00,00,00,
27361051,00000118,false,Rx,1,4,00,47,00,00,00,00,00,00,
27370701,00000118,false,Rx,1,4,00,48,00,00,00,00,00,00,
27381019,00000118,false,Rx,1,4,00,49,00,00,00,00,00,00,
27390690,00000118,false,Rx,1,4,00,4A,00,00,00,00,00,00,
27401005,00000118,false,Rx,1,4,00,4B,00,00,00,00,00,00,
27410673,00000118,false,Rx,1,4,00,4C,00,00,00,00,00,00,
27420974,00000118,false,Rx,1,4,00,4D,00,00,00,00,00,00,
27430674,00000118,false,Rx,1,4,00,4E,00,00,00,00,00,00,
27440956,00000118,false,Rx,1,4,00,4F,00,00,00,00,00,00,
27446256,0000030B,true,Rx,1,8,10,20,02,00,0C,00,00,24,
27450643,00000118,false,Rx,1,4,00,40,00,00,00,00,00,00,
27460980,00000118,false,Rx,1,4,00,41,00,00,00,00,00,00,
27462642,0000070F,false,Rx,0,8,03,22,2B,F3,55,55,55,55,
27470649,00000118,false,Rx,1,4,00,42,00,00,00,00,00,00,
27480955,00000118,false,Rx,1,4,00,43,00,00,00,00,00,00,
27483067,00000779,false,Rx,1,8,05,62,2B,F3,00,00,AA,AA,
27490621,00000118,false,Rx,1,4,00,44,00,00,00,00,00,00,
27500946,00000118,false,Rx,1,4,00,45,00,00,00,00,00,00,
27510593,00000118,false,Rx,1,4,00,46,00,00,00,00,00,00,
27520893,00000118,false,Rx,1,4,00,47,00,00,00,00,00,00,
27530596,00000118,false,Rx,1,4,00,48,00,00,00,00,00,00,
27540877,00000118,false,Rx,1,4,00,49,00,00,00,00,00,00,
27550584,00000118,false,Rx,1,4,00,4A,00,00,00,00,00,00,
27560901,00000118,false,Rx,1,4,00,4B,00,00,00,00,00,00,
27570551,00000118,false,Rx,1,4,00,4C,00,00,00,00,00,00,
27580866,00000118,false,Rx,1,4,00,4D,00,00,00,00,00,00,
27590624,00000118,false,Rx,1,4,00,4E,00,00,00,00,00,00,
27600851,00000118,false,Rx,1,4,00,4F,00,00,00,00,00,00,
27610521,00000118,false,Rx,1,4,00,40,00,00,00,00,00,00,
27620818,00000118,false,Rx,1,4,00,41,00,00,00,00,00,00,
27630523,00000118,false,Rx,1,4,00,42,00,00,00,00,00,00,
27640801,00000118,false,Rx,1,4,00,43,00,00,00,00,00,00,
27641096,17F0000F,true,Rx,1,8,00,0F,00,00,00,00,00,80,
27650513,00000118,false,Rx,1,4,00,44,00,00,00,00,00,00,
27660824,00000118,false,Rx,1,4,00,45,00,00,00,00,00,00,
27670470,00000118,false,Rx,1,4,00,46,00,00,00,00,00,00,
27680802,00000118,false,Rx,1,4,00,47,00,00,00,00,00,00,
27690458,00000118,false,Rx,1,4,00,48,00,00,00,00,00,00,
27700812,00000118,false,Rx,1,4,00,49,00,00,00,00,00,00,
27715856,00000118,false,Rx,1,4,00,4A,00,00,00,00,00,00,
27720757,00000118,false,Rx,1,4,00,4B,00,00,00,00,00,00,
27730466,00000118,false,Rx,1,4,00,4C,00,00,00,00,00,00,
27740725,00000118,false,Rx,1,4,00,4D,00,00,00,00,00,00,
27750432,00000118,false,Rx,1,4,00,4E,00,00,00,00,00,00,
27760969,00000118,false,Rx,1,4,00,4F,00,00,00,00,00,00,
27770402,00000118,false,Rx,1,4,00,40,00,00,00,00,00,00,
27780245,0000070F,false,Rx,0,8,03,22,2B,E6,55,55,55,55,
27780716,00000118,false,Rx,1,4,00,41,00,00,00,00,00,00,
27790415,00000118,false,Rx,1,4,00,42,00,00,00,00,00,00,
27800700,00000118,false,Rx,1,4,00,43,00,00,00,00,00,00,
27802834,00000779,false,Rx,1,8,05,62,2B,E6,00,0F,AA,AA,
27810379,00000118,false,Rx,1,4,00,44,00,00,00,00,00,00,
27820666,00000118,false,Rx,1,4,00,45,00,00,00,00,00,00,
27830369,00000118,false,Rx,1,4,00,46,00,00,00,00,00,00,
27840648,00000118,false,Rx,1,4,00,47,00,00,00,00,00,00,
27850353,00000118,false,Rx,1,4,00,48,00,00,00,00,00,00,
27860670,00000118,false,Rx,1,4,00,49,00,00,00,00,00,00,
27870328,00000118,false,Rx,1,4,00,4A,00,00,00,00,00,00,
27880639,00000118,false,Rx,1,4,00,4B,00,00,00,00,00,00,
27890309,00000118,false,Rx,1,4,00,4C,00,00,00,00,00,00,
27900623,00000118,false,Rx,1,4,00,4D,00,00,00,00,00,00,
27910291,00000118,false,Rx,1,4,00,4E,00,00,00,00,00,00,
27920587,00000118,false,Rx,1,4,00,4F,00,00,00,00,00,00,
27930296,00000118,false,Rx,1,4,00,40,00,00,00,00,00,00,
27940575,00000118,false,Rx,1,4,00,41,00,00,00,00,00,00,
27950284,00000118,false,Rx,1,4,00,42,00,00,00,00,00,00,
27960593,00000118,false,Rx,1,4,00,43,00,00,00,00,00,00,
27970250,00000118,false,Rx,1,4,00,44,00,00,00,00,00,00,
27980562,00000118,false,Rx,1,4,00,45,00,00,00,00,00,00,
27990229,00000118,false,Rx,1,4,00,46,00,00,00,00,00,00,
28000547,00000118,false,Rx,1,4,00,47,00,00,00,00,00,00,
28010212,00000118,false,Rx,1,4,00,48,00,00,00,00,00,00,
28020512,00000118,false,Rx,1,4,00,49,00,00,00,00,00,00,
28030221,00000118,false,Rx,1,4,00,4A,00,00,00,00,00,00,
28040499,00000118,false,Rx,1,4,00,4B,00,00,00,00,00,00,
28050206,00000118,false,Rx,1,4,00,4C,00,00,00,00,00,00,
28060518,00000118,false,Rx,1,4,00,4D,00,00,00,00,00,00,
28070171,00000118,false,Rx,1,4,00,4E,00,00,00,00,00,00,
28080487,00000118,false,Rx,1,4,00,4F,00,00,00,00,00,00,
28090155,00000118,false,Rx,1,4,00,40,00,00,00,00,00,00,
28096681,0000070F,false,Rx,0,8,03,22,2B,E7,55,55,55,55,
28100496,00000118,false,Rx,1,4,00,41,00,00,00,00,00,00,
28110139,00000118,false,Rx,1,4,00,42,00,00,00,00,00,00,
28111440,00000779,false,Rx,1,8,04,62,2B,E7,00,AA,AA,AA,
28120429,00000118,false,Rx,1,4,00,43,00,00,00,00,00,00,
28130559,00000118,false,Rx,1,4,00,44,00,00,00,00,00,00,
28140821,00000118,false,Rx,1,4,00,45,00,00,00,00,00,00,
28141115,17F0000F,true,Rx,1,8,00,0F,00,00,00,00,00,80,
28150532,00000118,false,Rx,1,4,00,46,00,00,00,00,00,00,
28160842,00000118,false,Rx,1,4,00,47,00,00,00,00,00,00,
28170490,00000118,false,Rx,1,4,00,48,00,00,00,00,00,00,
28180812,00000118,false,Rx,1,4,00,49,00,00,00,00,00,00,
28190478,00000118,false,Rx,1,4,00,4A,00,00,00,00,00,00,
28200827,00000118,false,Rx,1,4,00,4B,00,00,00,00,00,00,
28215429,00000118,false,Rx,1,4,00,4C,00,00,00,00,00,00,
28220773,00000118,false,Rx,1,4,00,4D,00,00,00,00,00,00,
28230485,00000118,false,Rx,1,4,00,4E,00,00,00,00,00,00,
28240744,00000118,false,Rx,1,4,00,4F,00,00,00,00,00,00,
28250453,00000118,false,Rx,1,4,00,40,00,00,00,00,00,00,
28260766,00000118,false,Rx,1,4,00,41,00,00,00,00,00,00,
28270417,00000118,false,Rx,1,4,00,42,00,00,00,00,00,00,
28280735,00000118,false,Rx,1,4,00,43,00,00,00,00,00,00,
28290404,00000118,false,Rx,1,4,00,44,00,00,00,00,00,00,
28300718,00000118,false,Rx,1,4,00,45,00,00,00,00,00,00,
28310384,00000118,false,Rx,1,4,00,46,00,00,00,00,00,00,
28320683,00000118,false,Rx,1,4,00,47,00,00,00,00,00,00,
28330389,00000118,false,Rx,1,4,00,48,00,00,00,00,00,00,
28340668,00000118,false,Rx,1,4,00,49,00,00,00,00,00,00,
28350377,00000118,false,Rx,1,4,00,4A,00,00,00,00,00,00,
28360691,00000118,false,Rx,1,4,00,4B,00,00,00,00,00,00,
28370343,00000118,false,Rx,1,4,00,4C,00,00,00,00,00,00,
28380659,00000118,false,Rx,1,4,00,4D,00,00,00,00,00,00,
28390330,00000118,false,Rx,1,4,00,4E,00,00,00,00,00,00,
28400643,00000118,false,Rx,1,4,00,4F,00,00,00,00,00,00,
28410313,00000118,false,Rx,1,4,00,40,00,00,00,00,00,00,
28413161,0000070F,false,Rx,0,8,03,22,2B,E9,55,55,55,55,
28420633,00000118,false,Rx,1,4,00,41,00,00,00,00,00,00,
28430314,00000118,false,Rx,1,4,00,42,00,00,00,00,00,00,
28431619,00000779,false,Rx,1,8,05,62,2B,E9,00,00,AA,AA,
28440605,00000118,false,Rx,1,4,00,43,00,00,00,00,00,00,
28450300,00000118,false,Rx,1,4,00,44,00,00,00,00,00,00,
28460614,00000118,false,Rx,1,4,00,45,00,00,00,00,00,00,
28470263,00000118,false,Rx,1,4,00,46,00,00,00,00,00,00,
28480584,00000118,false,Rx,1,4,00,47,00,00,00,00,00,00,
28490252,00000118,false,Rx,1,4,00,48,00,00,00,00,00,00,
28500566,00000118,false,Rx,1,4,00,49,00,00,00,00,00,00,
28510238,00000118,false,Rx,1,4,00,4A,00,00,00,00,00,00,
28520535,00000118,false,Rx,1,4,00,4B,00,00,00,00,00,00,
28530239,00000118,false,Rx,1,4,00,4C,00,00,00,00,00,00,
28540518,00000118,false,Rx,1,4,00,4D,00,00,00,00,00,00,
28550222,00000118,false,Rx,1,4,00,4E,00,00,00,00,00,00,
28560538,00000118,false,Rx,1,4,00,4F,00,00,00,00,00,00,
28570190,00000118,false,Rx,1,4,00,40,00,00,00,00,00,00,
28580508,00000118,false,Rx,1,4,00,41,00,00,00,00,00,00,
28590265,00000118,false,Rx,1,4,00,42,00,00,00,00,00,00,
28600489,00000118,false,Rx,1,4,00,43,00,00,00,00,00,00,
28610184,00000118,false,Rx,1,4,00,44,00,00,00,00,00,00,
28620439,00000118,false,Rx,1,4,00,45,00,00,00,00,00,00,
28630177,00000118,false,Rx,1,4,00,46,00,00,00,00,00,00,
28640422,00000118,false,Rx,1,4,00,47,00,00,00,00,00,00,
28640716,17F0000F,true,Rx,1,8,00,0F,00,00,00,00,00,80,
28650169,00000118,false,Rx,1,4,00,48,00,00,00,00,00,00,
28660443,00000118,false,Rx,1,4,00,49,00,00,00,00,00,00,
28670131,00000118,false,Rx,1,4,00,4A,00,00,00,00,00,00,
28680412,00000118,false,Rx,1,4,00,4B,00,00,00,00,00,00,
28690121,00000118,false,Rx,1,4,00,4C,00,00,00,00,00,00,
28700346,00000118,false,Rx,1,4,00,4D,00,00,00,00,00,00,
28711681,00000118,false,Rx,1,4,00,4E,00,00,00,00,00,00,
28720828,00000118,false,Rx,1,4,00,4F,00,00,00,00,00,00,
28728081,0000070F,false,Rx,0,8,03,22,2B,F3,55,55,55,55,
28730093,00000118,false,Rx,1,4,00,40,00,00,00,00,00,00,
28740385,00000118,false,Rx,1,4,00,41,00,00,00,00,00,00,
28742690,00000779,false,Rx,1,8,05,62,2B,F3,00,00,AA,AA,
28750062,00000118,false,Rx,1,4,00,42,00,00,00,00,00,00,
28760385,00000118,false,Rx,1,4,00,43,00,00,00,00,00,00,
28770056,00000118,false,Rx,1,4,00,44,00,00,00,00,00,00,
28780335,00000118,false,Rx,1,4,00,45,00,00,00,00,00,00,
28790047,00000118,false,Rx,1,4,00,46,00,00,00,00,00,00,
28800321,00000118,false,Rx,1,4,00,47,00,00,00,00,00,00,
28810005,00000118,false,Rx,1,4,00,48,00,00,00,00,00,00,
28820323,00000118,false,Rx,1,4,00,49,00,00,00,00,00,00,
28829992,00000118,false,Rx,1,4,00,4A,00,00,00,00,00,00,
28840310,00000118,false,Rx,1,4,00,4B,00,00,00,00,00,00,
28849978,00000118,false,Rx,1,4,00,4C,00,00,00,00,00,00,
28860310,00000118,false,Rx,1,4,00,4D,00,00,00,00,00,00,
28869978,00000118,false,Rx,1,4,00,4E,00,00,00,00,00,00,
28880259,00000118,false,Rx,1,4,00,4F,00,00,00,00,00,00,
28889973,00000118,false,Rx,1,4,00,40,00,00,00,00,00,00,
28900245,00000118,false,Rx,1,4,00,41,00,00,00,00,00,00,
28909949,00000118,false,Rx,1,4,00,42,00,00,00,00,00,00,
28920247,00000118,false,Rx,1,4,00,43,00,00,00,00,00,00,
28929915,00000118,false,Rx,1,4,00,44,00,00,00,00,00,00,
28940232,00000118,false,Rx,1,4,00,45,00,00,00,00,00,00,
28949899,00000118,false,Rx,1,4,00,46,00,00,00,00,00,00,
28955529,000005BE,false,Rx,1,8,00,00,00,00,00,00,00,00,
28955631,0000054B,false,Rx,1,8,00,00,00,00,00,00,00,00,
28955741,000003DB,false,Rx,1,8,00,00,00,00,00,00,00,00,
28955845,000003C8,false,Rx,1,8,00,00,00,00,00,00,00,00,
28956021,000003BE,false,Rx,1,8,00,00,00,00,00,00,00,00,
28956064,00000392,false,Rx,1,8,00,00,00,00,00,00,00,00,
28956161,0000018C,false,Rx,1,8,00,00,00,00,00,00,00,00,
28960197,00000118,false,Rx,1,4,00,47,00,00,00,00,00,00,
28969902,00000118,false,Rx,1,4,00,48,00,00,00,00,00,00,
28980186,00000118,false,Rx,1,4,00,09,00,00,00,00,00,00,
28989903,00000118,false,Rx,1,4,00,0A,00,00,00,00,00,00,
29000262,00000118,false,Rx,1,4,00,0B,00,00,00,00,00,00,
29009947,00000118,false,Rx,1,4,00,0C,01,00,00,00,00,00,
29020249,00000118,false,Rx,1,4,00,0D,01,00,00,00,00,00,
29040235,00000118,false,Rx,1,4,00,0E,03,00,00,00,00,00,
29043963,0000070F,false,Rx,0,8,03,22,2B,E6,55,55,55,55,
29055531,000005BE,false,Rx,1,8,00,00,00,00,00,00,00,00,
29055640,0000054B,false,Rx,1,8,00,00,00,00,00,00,00,00,
29055747,000003DB,false,Rx,1,8,00,00,00,00,00,00,00,00,
29055846,000003C8,false,Rx,1,8,00,00,00,00,00,00,00,00,
29056014,000003BE,false,Rx,1,8,00,00,00,00,00,00,00,00,
29056080,00000392,false,Rx,1,8,00,00,00,00,00,00,00,00,
29056162,0000018C,false,Rx,1,8,00,00,00,00,00,00,00,00,
29062653,00000779,false,Rx,1,8,05,62,2B,E6,06,96,AA,AA,
29140167,00000118,false,Rx,1,4,00,0F,0B,00,00,00,00,00,
29140460,17F0000F,true,Rx,1,8,00,0F,00,00,00,00,00,80,
29155533,000005BE,false,Rx,1,8,00,00,00,00,00,00,00,00,
29155642,0000054B,false,Rx,1,8,00,00,00,00,00,00,00,00,
29155748,000003DB,false,Rx,1,8,00,00,00,00,00,00,00,00,
29155853,000003C8,false,Rx,1,8,00,00,00,00,00,00,00,00,
29156015,000003BE,false,Rx,1,8,00,00,00,00,00,00,00,00,
29156087,00000392,false,Rx,1,8,00,00,00,00,00,00,00,00,
29156163,0000018C,false,Rx,1,8,00,00,00,00,00,00,00,00,
29240448,00000118,false,Rx,1,4,00,00,29,00,00,00,00,00,
29255090,000005BE,false,Rx,1,8,00,00,00,00,00,00,00,00,
29255199,0000054B,false,Rx,1,8,00,00,00,00,00,00,00,00,
29255305,000003DB,false,Rx,1,8,00,00,00,00,00,00,00,00,
29255410,000003C8,false,Rx,1,8,00,00,00,00,00,00,00,00,
29255518,000003BE,false,Rx,1,8,00,00,00,00,00,00,00,00,
29255624,00000392,false,Rx,1,8,00,00,00,00,00,00,00,00,
29255720,0000018C,false,Rx,1,8,00,00,00,00,00,00,00,00,
29340334,00000118,false,Rx,1,4,00,01,97,00,00,00,00,00,
29355076,000005BE,false,Rx,1,8,00,00,00,00,00,00,00,00,
29355179,0000054B,false,Rx,1,8,00,00,00,00,00,00,00,00,
29355290,000003DB,false,Rx,1,8,00,00,00,00,00,00,00,00,
29355394,000003C8,false,Rx,1,8,00,00,00,00,00,00,00,00,
29355503,000003BE,false,Rx,1,8,00,00,00,00,00,00,00,00,
29355604,00000392,false,Rx,1,8,00,00,00,00,00,00,00,00,
29355705,0000018C,false,Rx,1,8,00,00,00,00,00,00,00,00,
29373198,0000070F,false,Rx,0,8,03,22,2B,E7,55,55,55,55,
29392664,00000779,false,Rx,1,8,04,62,2B,E7,3B,AA,AA,AA,
29440262,00000118,false,Rx,1,4,00,02,F9,00,00,00,00,00,
29455086,000005BE,false,Rx,1,8,00,00,00,00,00,00,00,00,
29455185,0000054B,false,Rx,1,8,00,00,00,00,00,00,00,00,
29455292,000003DB,false,Rx,1,8,00,00,00,00,00,00,00,00,
29455401,000003C8,false,Rx,1,8,00,00,00,00,00,00,00,00,
29455509,000003BE,false,Rx,1,8,00,00,00,00,00,00,00,00,
29455615,00000392,false,Rx,1,8,00,00,00,00,00,00,00,00,
29455712,0000018C,false,Rx,1,8,00,00,00,00,00,00,00,00,
29540185,00000118,false,Rx,1,4,00,03,F6,00,00,00,00,00,
29555075,000005BE,false,Rx,1,8,00,00,00,00,00,00,00,00,
29555184,0000054B,false,Rx,1,8,00,00,00,00,00,00,00,00,
29555291,000003DB,false,Rx,1,8,00,00,00,00,00,00,00,00,
29555395,000003C8,false,Rx,1,8,00,00,00,00,00,00,00,00,
29555503,000003BE,false,Rx,1,8,00,00,00,00,00,00,00,00,
29555609,00000392,false,Rx,1,8,00,00,00,00,00,00,00,00,
29555706,0000018C,false,Rx,1,8,00,00,00,00,00,00,00,00,
29640907,00000118,false,Rx,1,4,00,04,F9,00,00,00,00,00,
29641199,17F0000F,true,Rx,1,8,00,0F,00,00,00,00,00,80,
29655074,000005BE,false,Rx,1,8,00,00,00,00,00,00,00,00,
29655183,0000054B,false,Rx,1,8,00,00,00,00,00,00,00,00,
29655290,000003DB,false,Rx,1,8,00,00,00,00,00,00,00,00,
29655394,000003C8,false,Rx,1,8,00,00,00,00,00,00,00,00,
29655502,000003BE,false,Rx,1,8,00,00,00,00,00,00,00,00,
29655608,00000392,false,Rx,1,8,00,00,00,00,00,00,00,00,
29655705,0000018C,false,Rx,1,8,00,00,00,00,00,00,00,00,
29691396,0000070F,false,Rx,0,8,03,22,2B,E9,55,55,55,55,
29715490,00000779,false,Rx,1,8,05,62,2B,E9,4C,00,AA,AA,
29741325,00000118,false,Rx,1,4,00,05,F9,00,00,00,00,00,
29756786,000005BE,false,Rx,1,8,00,00,00,00,00,00,00,00,
29756895,0000054B,false,Rx,1,8,00,00,00,00,00,00,00,00,
29757004,000003DB,false,Rx,1,8,00,00,00,00,00,00,00,00,
29757100,000003C8,false,Rx,1,8,00,00,00,00,00,00,00,00,
29757213,000003BE,false,Rx,1,8,00,00,00,00,00,00,00,00,
29757320,00000392,false,Rx,1,8,00,00,00,00,00,00,00,00,
29757416,0000018C,false,Rx,1,8,00,00,00,00,00,00,00,00,
29841242,00000118,false,Rx,1,4,00,06,FA,00,00,00,00,00,
29856777,000005BE,false,Rx,1,8,00,00,00,00,00,00,00,00,
29856886,0000054B,false,Rx,1,8,00,00,00,00,00,00,00,00,
29857001,000003DB,false,Rx,1,8,00,00,00,00,00,00,00,00,
29857099,000003C8,false,Rx,1,8,00,00,00,00,00,00,00,00,
29857208,000003BE,false,Rx,1,8,00,00,00,00,00,00,00,00,
29857315,00000392,false,Rx,1,8,00,00,00,00,00,00,00,00,
29857411,0000018C,false,Rx,1,8,00,00,00,00,00,00,00,00,
29941162,00000118,false,Rx,1,4,00,07,F9,00,00,00,00,00,
29956790,000005BE,false,Rx,1,8,00,00,00,00,00,00,00,00,
29956893,0000054B,false,Rx,1,8,00,00,00,00,00,00,00,00,
29957004,000003DB,false,Rx,1,8,00,00,00,00,00,00,00,00,
29957109,000003C8,false,Rx,1,8,00,00,00,00,00,00,00,00,
29957218,000003BE,false,Rx,1,8,00,00,00,00,00,00,00,00,
29957320,00000392,false,Rx,1,8,00,00,00,00,00,00,00,00,
29957420,0000018C,false,Rx,1,8,00,00,00,00,00,00,00,00,
30025667,0000070F,false,Rx,0,8,03,22,2B,F3,55,55,55,55,
30041078,00000118,false,Rx,1,4,00,08,F3,00,00,00,00,00,
30043380,00000779,false,Rx,1,8,05,62,2B,F3,F3,00,AA,AA,
30056775,000005BE,false,Rx,1,8,00,00,00,00,00,00,00,00,
30056884,0000054B,false,Rx,1,8,00,00,00,00,00,00,00,00,
30056995,000003DB,false,Rx,1,8,00,00,00,00,00,00,00,00,
30057093,000003C8,false,Rx,1,8,00,00,00,00,00,00,00,00,
30057202,000003BE,false,Rx,1,8,00,00,00,00,00,00,00,00,
30057309,00000392,false,Rx,1,8,00,00,00,00,00,00,00,00,
30057405,0000018C,false,Rx,1,8,00,00,00,00,00,00,00,00,
30141009,00000118,false,Rx,1,4,00,09,FA,00,00,00,00,00,
30141297,17F0000F,true,Rx,1,8,00,0F,00,00,00,00,00,80,
30156792,000005BE,false,Rx,1,8,00,00,00,00,00,00,00,00,
30156900,0000054B,false,Rx,1,8,00,00,00,00,00,00,00,00,
30157007,000003DB,false,Rx,1,8,00,00,00,00,00,00,00,00,
30157113,000003C8,false,Rx,1,8,00,00,00,00,00,00,00,00,
30157221,000003BE,false,Rx,1,8,00,00,00,00,00,00,00,00,
30157327,00000392,false,Rx,1,8,00,00,00,00,00,00,00,00,
30157424,0000018C,false,Rx,1,8,00,00,00,00,00,00,00,00,
30240980,00000118,false,Rx,1,4,00,0A,FA,00,00,00,00,00,
30256551,000005BE,false,Rx,1,8,00,00,00,00,00,00,00,00,
30256655,0000054B,false,Rx,1,8,00,00,00,00,00,00,00,00,
30256766,000003DB,false,Rx,1,8,00,00,00,00,00,00,00,00,
30256870,000003C8,false,Rx,1,8,00,00,00,00,00,00,00,00,
30257020,000003BE,false,Rx,1,8,00,00,00,00,00,00,00,00,
30257079,00000392,false,Rx,1,8,00,00,00,00,00,00,00,00,
30257200,0000018C,false,Rx,1,8,00,00,00,00,00,00,00,00,
30341274,00000118,false,Rx,1,4,00,0B,FA,00,00,00,00,00,
30344267,0000070F,false,Rx,0,8,03,22,2B,E6,55,55,55,55,
30356555,000005BE,false,Rx,1,8,00,00,00,00,00,00,00,00,
30356663,0000054B,false,Rx,1,8,00,00,00,00,00,00,00,00,
30356770,000003DB,false,Rx,1,8,00,00,00,00,00,00,00,00,
30356874,000003C8,false,Rx,1,8,00,00,00,00,00,00,00,00,
30357020,000003BE,false,Rx,1,8,00,00,00,00,00,00,00,00,
30357083,00000392,false,Rx,1,8,00,00,00,00,00,00,00,00,
30357190,0000018C,false,Rx,1,8,00,00,00,00,00,00,00,00,
30363915,00000779,false,Rx,1,8,05,62,2B,E6,26,5B,AA,AA,
30441599,00000118,false,Rx,1,4,00,0C,F9,00,00,00,00,00,
30456546,000005BE,false,Rx,1,8,00,00,00,00,00,00,00,00,
30456647,0000054B,false,Rx,1,8,00,00,00,00,00,00,00,00,
30456758,000003DB,false,Rx,1,8,00,00,00,00,00,00,00,00,
30456862,000003C8,false,Rx,1,8,00,00,00,00,00,00,00,00,
30457018,000003BE,false,Rx,1,8,00,00,00,00,00,00,00,00,
30457094,00000392,false,Rx,1,8,00,00,00,00,00,00,00,00,
30457181,0000018C,false,Rx,1,8,00,00,00,00,00,00,00,00,
30541956,00000118,false,Rx,1,4,00,0D,F5,00,00,00,00,00,
30556553,000005BE,false,Rx,1,8,00,00,00,00,00,00,00,00,
30556662,0000054B,false,Rx,1,8,00,00,00,00,00,00,00,00,
30556768,000003DB,false,Rx,1,8,00,00,00,00,00,00,00,00,
30556868,000003C8,false,Rx,1,8,00,00,00,00,00,00,00,00,
30557024,000003BE,false,Rx,1,8,00,00,00,00,00,00,00,00,
30557082,00000392,false,Rx,1,8,00,00,00,00,00,00,00,00,
30557189,0000018C,false,Rx,1,8,00,00,00,00,00,00,00,00,
30642261,00000118,false,Rx,1,4,00,0E,FA,00,00,00,00,00,
30642534,17F0000F,true,Rx,1,8,00,0F,00,00,00,00,00,80,
30656551,000005BE,false,Rx,1,8,00,00,00,00,00,00,00,00,
30656660,0000054B,false,Rx,1,8,00,00,00,00,00,00,00,00,
30656766,000003DB,false,Rx,1,8,00,00,00,00,00,00,00,00,
30656865,000003C8,false,Rx,1,8,00,00,00,00,00,00,00,00,
30657020,000003BE,false,Rx,1,8,00,00,00,00,00,00,00,00,
30657090,00000392,false,Rx,1,8,00,00,00,00,00,00,00,00,
30657197,0000018C,false,Rx,1,8,00,00,00,00,00,00,00,00,
30663513,0000070F,false,Rx,0,8,03,22,2B,E7,55,55,55,55,
30684476,00000779,false,Rx,1,8,04,62,2B,E7,3E,AA,AA,AA,
30742120,00000118,false,Rx,1,4,00,0F,F9,00,00,00,00,00,
30755099,000005BE,false,Rx,1,8,00,00,00,00,00,00,00,00,
30755207,0000054B,false,Rx,1,8,00,00,00,00,00,00,00,00,
30755313,000003DB,false,Rx,1,8,00,00,00,00,00,00,00,00,
30755418,000003C8,false,Rx,1,8,00,00,00,00,00,00,00,00,
30755526,000003BE,false,Rx,1,8,00,00,00,00,00,00,00,00,
30755632,00000392,false,Rx,1,8,00,00,00,00,00,00,00,00,
30755728,0000018C,false,Rx,1,8,00,00,00,00,00,00,00,00,
30842425,00000118,false,Rx,1,4,00,00,F4,00,00,00,00,00,
30855089,000005BE,false,Rx,1,8,00,00,00,00,00,00,00,00,
30855198,0000054B,false,Rx,1,8,00,00,00,00,00,00,00,00,
30855303,000003DB,false,Rx,1,8,00,00,00,00,00,00,00,00,
30855408,000003C8,false,Rx,1,8,00,00,00,00,00,00,00,00,
30855516,000003BE,false,Rx,1,8,00,00,00,00,00,00,00,00,
30855623,00000392,false,Rx,1,8,00,00,00,00,00,00,00,00,
30855718,0000018C,false,Rx,1,8,00,00,00,00,00,00,00,00,
30942744,00000118,false,Rx,1,4,00,01,F9,00,00,00,00,00,
30955082,000005BE,false,Rx,1,8,00,00,00,00,00,00,00,00,
30955191,0000054B,false,Rx,1,8,00,00,00,00,00,00,00,00,
30955296,000003DB,false,Rx,1,8,00,00,00,00,00,00,00,00,
30955401,000003C8,false,Rx,1,8,00,00,00,00,00,00,00,00,
30955509,000003BE,false,Rx,1,8,00,00,00,00,00,00,00,00,
30955615,00000392,false,Rx,1,8,00,00,00,00,00,00,00,00,
30955711,0000018C,false,Rx,1,8,00,00,00,00,00,00,00,00,
30996115,0000070F,false,Rx,0,8,03,22,2B,E9,55,55,55,55,
31015447,00000779,false,Rx,1,8,05,62,2B,E9,4C,00,AA,AA,
31043064,00000118,false,Rx,1,4,00,02,FA,00,00,00,00,00,
31055082,000005BE,false,Rx,1,8,00,00,00,00,00,00,00,00,
31055191,0000054B,false,Rx,1,8,00,00,00,00,00,00,00,00,
31055298,000003DB,false,Rx,1,8,00,00,00,00,00,00,00,00,
31055402,000003C8,false,Rx,1,8,00,00,00,00,00,00,00,00,
31055510,000003BE,false,Rx,1,8,00,00,00,00,00,00,00,00,
31055616,00000392,false,Rx,1,8,00,00,00,00,00,00,00,00,
31055712,0000018C,false,Rx,1,8,00,00,00,00,00,00,00,00,
31143393,00000118,false,Rx,1,4,00,03,FA,00,00,00,00,00,
31143686,17F0000F,true,Rx,1,8,00,0F,00,00,00,00,00,80,
31155082,000005BE,false,Rx,1,8,00,00,00,00,00,00,00,00,
31155191,0000054B,false,Rx,1,8,00,00,00,00,00,00,00,00,
31155298,000003DB,false,Rx,1,8,00,00,00,00,00,00,00,00,
31155402,000003C8,false,Rx,1,8,00,00,00,00,00,00,00,00,
31155509,000003BE,false,Rx,1,8,00,00,00,00,00,00,00,00,
31155616,00000392,false,Rx,1,8,00,00,00,00,00,00,00,00,
31155712,0000018C,false,Rx,1,8,00,00,00,00,00,00,00,00,
31243329,00000118,false,Rx,1,4,00,04,F9,00,00,00,00,00,
31255773,000005BE,false,Rx,1,8,00,00,00,00,00,00,00,00,
31255882,0000054B,false,Rx,1,8,00,00,00,00,00,00,00,00,
31256001,000003DB,false,Rx,1,8,00,00,00,00,00,00,00,00,
31256096,000003C8,false,Rx,1,8,00,00,00,00,00,00,00,00,
31256208,000003BE,false,Rx,1,8,00,00,00,00,00,00,00,00,
31256315,00000392,false,Rx,1,8,00,00,00,00,00,00,00,00,
31256411,0000018C,false,Rx,1,8,00,00,00,00,00,00,00,00,
31310755,0000070F,false,Rx,0,8,03,22,2B,F3,55,55,55,55,
31325656,00000779,false,Rx,1,8,05,62,2B,F3,F3,00,AA,AA,
31343217,00000118,false,Rx,1,4,00,05,F2,00,00,00,00,00,
31355777,000005BE,false,Rx,1,8,00,00,00,00,00,00,00,00,
31355878,0000054B,false,Rx,1,8,00,00,00,00,00,00,00,00,
31356008,000003DB,false,Rx,1,8,00,00,00,00,00,00,00,00,
31356092,000003C8,false,Rx,1,8,00,00,00,00,00,00,00,00,
31356201,000003BE,false,Rx,1,8,00,00,00,00,00,00,00,00,
31356307,00000392,false,Rx,1,8,00,00,00,00,00,00,00,00,
31356408,0000018C,false,Rx,1,8,00,00,00,00,00,00,00,00,
31443143,00000118,false,Rx,1,4,00,06,FA,00,00,00,00,00,
31455787,000005BE,false,Rx,1,8,00,00,00,00,00,00,00,00,
31455886,0000054B,false,Rx,1,8,00,00,00,00,00,00,00,00,
31456015,000003DB,false,Rx,1,8,00,00,00,00,00,00,00,00,
31456120,000003C8,false,Rx,1,8,00,00,00,00,00,00,00,00,
31456228,000003BE,false,Rx,1,8,00,00,00,00,00,00,00,00,
31456330,00000392,false,Rx,1,8,00,00,00,00,00,00,00,00,
31456431,0000018C,false,Rx,1,8,00,00,00,00,00,00,00,00,
31543084,00000118,false,Rx,1,4,00,07,F6,00,00,00,00,00,
31555802,000005BE,false,Rx,1,8,00,00,00,00,00,00,00,00,
31555912,0000054B,false,Rx,1,8,00,00,00,00,00,00,00,00,
31556029,000003DB,false,Rx,1,8,00,00,00,00,00,00,00,00,
31556133,000003C8,false,Rx,1,8,00,00,00,00,00,00,00,00,
31556242,000003BE,false,Rx,1,8,00,00,00,00,00,00,00,00,
31556352,00000392,false,Rx,1,8,00,00,00,00,00,00,00,00,
31556445,0000018C,false,Rx,1,8,00,00,00,00,00,00,00,00,
31638613,0000070F,false,Rx,0,8,03,22,2B,E6,55,55,55,55,
31643015,00000118,false,Rx,1,4,00,08,FA,00,00,00,00,00,
31643309,17F0000F,true,Rx,1,8,00,0F,00,00,00,00,00,80,
31655407,00000779,false,Rx,1,8,05,62,2B,E6,27,20,AA,AA,
31656000,000005BE,false,Rx,1,8,00,00,00,00,00,00,00,00,
31656103,0000054B,false,Rx,1,8,00,00,00,00,00,00,00,00,
31656215,000003DB,false,Rx,1,8,00,00,00,00,00,00,00,00,
31656319,000003C8,false,Rx,1,8,00,00,00,00,00,00,00,00,
31656426,000003BE,false,Rx,1,8,00,00,00,00,00,00,00,00,
31656530,00000392,false,Rx,1,8,00,00,00,00,00,00,00,00,
31656632,0000018C,false,Rx,1,8,00,00,00,00,00,00,00,00,
31743029,00000118,false,Rx,1,4,00,09,F9,00,00,00,00,00,
31755770,000005BE,false,Rx,1,8,00,00,00,00,00,00,00,00,
31755878,0000054B,false,Rx,1,8,00,00,00,00,00,00,00,00,
31756112,000003DB,false,Rx,1,8,00,00,00,00,00,00,00,00,
31756129,000003C8,false,Rx,1,8,00,00,00,00,00,00,00,00,
31756208,000003BE,false,Rx,1,8,00,00,00,00,00,00,00,00,
31756322,00000392,false,Rx,1,8,00,00,00,00,00,00,00,00,
31756424,0000018C,false,Rx,1,8,00,00,00,00,00,00,00,00,
31843338,00000118,false,Rx,1,4,00,0A,F6,00,00,00,00,00,
31855776,000005BE,false,Rx,1,8,00,00,00,00,00,00,00,00,
31855884,0000054B,false,Rx,1,8,00,00,00,00,00,00,00,00,
31856001,000003DB,false,Rx,1,8,00,00,00,00,00,00,00,00,
31856266,000003C8,false,Rx,1,8,00,00,00,00,00,00,00,00,
31856280,000003BE,false,Rx,1,8,00,00,00,00,00,00,00,00,
31856315,00000392,false,Rx,1,8,00,00,00,00,00,00,00,00,
31856414,0000018C,false,Rx,1,8,00,00,00,00,00,00,00,00,
31943656,00000118,false,Rx,1,4,00,0B,FA,00,00,00,00,00,
31955568,0000070F,false,Rx,0,8,03,22,2B,E7,55,55,55,55,
31955765,000005BE,false,Rx,1,8,00,00,00,00,00,00,00,00,
31955874,0000054B,false,Rx,1,8,00,00,00,00,00,00,00,00,
31956012,000003DB,false,Rx,1,8,00,00,00,00,00,00,00,00,
31956083,000003C8,false,Rx,1,8,00,00,00,00,00,00,00,00,
31956188,000003BE,false,Rx,1,8,00,00,00,00,00,00,00,00,
31956294,00000392,false,Rx,1,8,00,00,00,00,00,00,00,00,
31956401,0000018C,false,Rx,1,8,00,00,00,00,00,00,00,00,
31976083,00000779,false,Rx,1,8,04,62,2B,E7,3E,AA,AA,AA,
32043975,00000118,false,Rx,1,4,00,0C,F9,00,00,00,00,00,
32055775,000005BE,false,Rx,1,8,00,00,00,00,00,00,00,00,
32055884,0000054B,false,Rx,1,8,00,00,00,00,00,00,00,00,
32056001,000003DB,false,Rx,1,8,00,00,00,00,00,00,00,00,
32056092,000003C8,false,Rx,1,8,00,00,00,00,00,00,00,00,
32056205,000003BE,false,Rx,1,8,00,00,00,00,00,00,00,00,
32056311,00000392,false,Rx,1,8,00,00,00,00,00,00,00,00,
32056408,0000018C,false,Rx,1,8,00,00,00,00,00,00,00,00,
32144385,00000118,false,Rx,1,4,00,0D,F4,00,00,00,00,00,
32144901,17F0000F,true,Rx,1,8,00,0F,00,00,00,00,00,80,
32155775,000005BE,false,Rx,1,8,00,00,00,00,00,00,00,00,
32155884,0000054B,false,Rx,1,8,00,00,00,00,00,00,00,00,
32155995,000003DB,false,Rx,1,8,00,00,00,00,00,00,00,00,
32156090,000003C8,false,Rx,1,8,00,00,00,00,00,00,00,00,
32156205,000003BE,false,Rx,1,8,00,00,00,00,00,00,00,00,
32156311,00000392,false,Rx,1,8,00,00,00,00,00,00,00,00,
32156407,0000018C,false,Rx,1,8,00,00,00,00,00,00,00,00,
32244248,00000118,false,Rx,1,4,00,0E,F9,00,00,00,00,00,
32256775,000005BE,false,Rx,1,8,00,00,00,00,00,00,00,00,
32256884,0000054B,false,Rx,1,8,00,00,00,00,00,00,00,00,
32256997,000003DB,false,Rx,1,8,00,00,00,00,00,00,00,00,
32257090,000003C8,false,Rx,1,8,00,00,00,00,00,00,00,00,
32257203,000003BE,false,Rx,1,8,00,00,00,00,00,00,00,00,
32257309,00000392,false,Rx,1,8,00,00,00,00,00,00,00,00,
32257406,0000018C,false,Rx,1,8,00,00,00,00,00,00,00,00,
32274123,0000070F,false,Rx,0,8,03,22,2B,E9,55,55,55,55,
32296653,00000779,false,Rx,1,8,05,62,2B,E9,49,00,AA,AA,
32344544,00000118,false,Rx,1,4,00,0F,F1,00,00,00,00,00,
32356799,000005BE,false,Rx,1,8,00,00,00,00,00,00,00,00,
32356908,0000054B,false,Rx,1,8,00,00,00,00,00,00,00,00,
32357027,000003DB,false,Rx,1,8,00,00,00,00,00,00,00,00,
32357132,000003C8,false,Rx,1,8,00,00,00,00,00,00,00,00,
32357241,000003BE,false,Rx,1,8,00,00,00,00,00,00,00,00,
32357347,00000392,false,Rx,1,8,00,00,00,00,00,00,00,00,
32357443,0000018C,false,Rx,1,8,00,00,00,00,00,00,00,00,
32444876,00000118,false,Rx,1,4,00,00,FA,00,00,00,00,00,
32456812,000005BE,false,Rx,1,8,00,00,00,00,00,00,00,00,
32456914,0000054B,false,Rx,1,8,00,00,00,00,00,00,00,00,
32457019,000003DB,false,Rx,1,8,00,00,00,00,00,00,00,00,
32457124,000003C8,false,Rx,1,8,00,00,00,00,00,00,00,00,
32457233,000003BE,false,Rx,1,8,00,00,00,00,00,00,00,00,
32457339,00000392,false,Rx,1,8,00,00,00,00,00,00,00,00,
32457439,0000018C,false,Rx,1,8,00,00,00,00,00,00,00,00,
32545389,00000118,false,Rx,1,4,00,01,F9,00,00,00,00,00,
32556804,000005BE,false,Rx,1,8,00,00,00,00,00,00,00,00,
32556898,0000054B,false,Rx,1,8,00,00,00,00,00,00,00,00,
32557037,000003DB,false,Rx,1,8,00,00,00,00,00,00,00,00,
32557109,000003C8,false,Rx,1,8,00,00,00,00,00,00,00,00,
32557217,000003BE,false,Rx,1,8,00,00,00,00,00,00,00,00,
32557323,00000392,false,Rx,1,8,00,00,00,00,00,00,00,00,
32557424,0000018C,false,Rx,1,8,00,00,00,00,00,00,00,00,
32606913,0000070F,false,Rx,0,8,03,22,2B,F3,55,55,55,55,
32627834,00000779,false,Rx,1,8,05,62,2B,F3,FA,00,AA,AA,
32645627,00000118,false,Rx,1,4,00,02,FA,00,00,00,00,00,
32646163,17F0000F,true,Rx,1,8,00,0F,00,00,00,00,00,80,
32656773,000005BE,false,Rx,1,8,00,00,00,00,00,00,00,00,
32656882,0000054B,false,Rx,1,8,00,00,00,00,00,00,00,00,
32657002,000003DB,false,Rx,1,8,00,00,00,00,00,00,00,00,
32657102,000003C8,false,Rx,1,8,00,00,00,00,00,00,00,00,
32657214,000003BE,false,Rx,1,8,00,00,00,00,00,00,00,00,
32657321,00000392,false,Rx,1,8,00,00,00,00,00,00,00,00,
32657417,0000018C,false,Rx,1,8,00,00,00,00,00,00,00,00,
32745398,00000118,false,Rx,1,4,00,03,FA,00,00,00,00,00,
32755093,000005BE,false,Rx,1,8,00,00,00,00,00,00,00,00,
32755202,0000054B,false,Rx,1,8,00,00,00,00,00,00,00,00,
32755308,000003DB,false,Rx,1,8,00,00,00,00,00,00,00,00,
32755408,000003C8,false,Rx,1,8,00,00,00,00,00,00,00,00,
32755520,000003BE,false,Rx,1,8,00,00,00,00,00,00,00,00,
32755627,00000392,false,Rx,1,8,00,00,00,00,00,00,00,00,
32755723,0000018C,false,Rx,1,8,00,00,00,00,00,00,00,00,
32845707,00000118,false,Rx,1,4,00,04,D2,00,00,00,00,00,
32855081,000005BE,false,Rx,1,8,00,00,00,00,00,00,00,00,
32855190,0000054B,false,Rx,1,8,00,00,00,00,00,00,00,00,
32855297,000003DB,false,Rx,1,8,00,00,00,00,00,00,00,00,
32855401,000003C8,false,Rx,1,8,00,00,00,00,00,00,00,00,
32855509,000003BE,false,Rx,1,8,00,00,00,00,00,00,00,00,
32855615,00000392,false,Rx,1,8,00,00,00,00,00,00,00,00,
32855712,0000018C,false,Rx,1,8,00,00,00,00,00,00,00,00,
32925409,0000070F,false,Rx,0,8,03,22,2B,E6,55,55,55,55,
32945621,00000118,false,Rx,1,4,00,05,FA,00,00,00,00,00,
32947892,00000779,false,Rx,1,8,05,62,2B,E6,26,D6,AA,AA,
32955075,000005BE,false,Rx,1,8,00,00,00,00,00,00,00,00,
32955184,0000054B,false,Rx,1,8,00,00,00,00,00,00,00,00,
32955290,000003DB,false,Rx,1,8,00,00,00,00,00,00,00,00,
32955394,000003C8,false,Rx,1,8,00,00,00,00,00,00,00,00,
32955503,000003BE,false,Rx,1,8,00,00,00,00,00,00,00,00,
32955609,00000392,false,Rx,1,8,00,00,00,00,00,00,00,00,
32955706,0000018C,false,Rx,1,8,00,00,00,00,00,00,00,00,
33045540,00000118,false,Rx,1,4,00,06,F7,00,00,00,00,00,
33055074,000005BE,false,Rx,1,8,00,00,00,00,00,00,00,00,
33055183,0000054B,false,Rx,1,8,00,00,00,00,00,00,00,00,
33055290,000003DB,false,Rx,1,8,00,00,00,00,00,00,00,00,
33055389,000003C8,false,Rx,1,8,00,00,00,00,00,00,00,00,
33055502,000003BE,false,Rx,1,8,00,00,00,00,00,00,00,00,
33055608,00000392,false,Rx,1,8,00,00,00,00,00,00,00,00,
33055705,0000018C,false,Rx,1,8,00,00,00,00,00,00,00,00,
33145466,00000118,false,Rx,1,4,00,07,FA,00,00,00,00,00,
33145759,17F0000F,true,Rx,1,8,00,0F,00,00,00,00,00,80,
33155075,000005BE,false,Rx,1,8,00,00,00,00,00,00,00,00,
33155183,0000054B,false,Rx,1,8,00,00,00,00,00,00,00,00,
33155289,000003DB,false,Rx,1,8,00,00,00,00,00,00,00,00,
33155389,000003C8,false,Rx,1,8,00,00,00,00,00,00,00,00,
33155502,000003BE,false,Rx,1,8,00,00,00,00,00,00,00,00,
33155608,00000392,false,Rx,1,8,00,00,00,00,00,00,00,00,
33155704,0000018C,false,Rx,1,8,00,00,00,00,00,00,00,00,
33245617,00000118,false,Rx,1,4,00,08,F9,00,00,00,00,00,
33255795,000005BE,false,Rx,1,8,00,00,00,00,00,00,00,00,
33255904,0000054B,false,Rx,1,8,00,00,00,00,00,00,00,00,
33256015,000003DB,false,Rx,1,8,00,00,00,00,00,00,00,00,
33256110,000003C8,false,Rx,1,8,00,00,00,00,00,00,00,00,
33256222,000003BE,false,Rx,1,8,00,00,00,00,00,00,00,00,
33256329,00000392,false,Rx,1,8,00,00,00,00,00,00,00,00,
33256425,0000018C,false,Rx,1,8,00,00,00,00,00,00,00,00,
33258975,0000070F,false,Rx,0,8,03,22,2B,E7,55,55,55,55,
33277915,00000779,false,Rx,1,8,04,62,2B,E7,3F,AA,AA,AA,
33345850,00000118,false,Rx,1,4,00,09,E1,00,00,00,00,00,
33355777,000005BE,false,Rx,1,8,00,00,00,00,00,00,00,00,
33355886,0000054B,false,Rx,1,8,00,00,00,00,00,00,00,00,
33356012,000003DB,false,Rx,1,8,00,00,00,00,00,00,00,00,
33356091,000003C8,false,Rx,1,8,00,00,00,00,00,00,00,00,
33356200,000003BE,false,Rx,1,8,00,00,00,00,00,00,00,00,
33356306,00000392,false,Rx,1,8,00,00,00,00,00,00,00,00,
33356407,0000018C,false,Rx,1,8,00,00,00,00,00,00,00,00,
33445852,00000118,false,Rx,1,4,00,0A,F8,00,00,00,00,00,
33455787,000005BE,false,Rx,1,8,00,00,00,00,00,00,00,00,
33455888,0000054B,false,Rx,1,8,00,00,00,00,00,00,00,00,
33456008,000003DB,false,Rx,1,8,00,00,00,00,00,00,00,00,
33456114,000003C8,false,Rx,1,8,00,00,00,00,00,00,00,00,
33456222,000003BE,false,Rx,1,8,00,00,00,00,00,00,00,00,
33456328,00000392,false,Rx,1,8,00,00,00,00,00,00,00,00,
33456424,0000018C,false,Rx,1,8,00,00,00,00,00,00,00,00,
33546035,00000118,false,Rx,1,4,00,0B,F0,00,00,00,00,00,
33555791,000005BE,false,Rx,1,8,00,00,00,00,00,00,00,00,
33555899,0000054B,false,Rx,1,8,00,00,00,00,00,00,00,00,
33556013,000003DB,false,Rx,1,8,00,00,00,00,00,00,00,00,
33556118,000003C8,false,Rx,1,8,00,00,00,00,00,00,00,00,
33556229,000003BE,false,Rx,1,8,00,00,00,00,00,00,00,00,
33556338,00000392,false,Rx,1,8,00,00,00,00,00,00,00,00,
33556431,0000018C,false,Rx,1,8,00,00,00,00,00,00,00,00,
33589639,0000070F,false,Rx,0,8,03,22,2B,E9,55,55,55,55,
33608648,00000779,false,Rx,1,8,05,62,2B,E9,4A,00,AA,AA,
33646354,00000118,false,Rx,1,4,00,0C,EA,00,00,00,00,00,
33646648,17F0000F,true,Rx,1,8,00,0F,00,00,00,00,00,80,
33655788,000005BE,false,Rx,1,8,00,00,00,00,00,00,00,00,
33655896,0000054B,false,Rx,1,8,00,00,00,00,00,00,00,00,
33656003,000003DB,false,Rx,1,8,00,00,00,00,00,00,00,00,
33656108,000003C8,false,Rx,1,8,00,00,00,00,00,00,00,00,
33656217,000003BE,false,Rx,1,8,00,00,00,00,00,00,00,00,
33656323,00000392,false,Rx,1,8,00,00,00,00,00,00,00,00,
33656419,0000018C,false,Rx,1,8,00,00,00,00,00,00,00,00,
33746304,00000118,false,Rx,1,4,00,0D,EA,00,00,00,00,00,
33755092,000005BE,false,Rx,1,8,00,00,00,00,00,00,00,00,
33755201,0000054B,false,Rx,1,8,00,00,00,00,00,00,00,00,
33755308,000003DB,false,Rx,1,8,00,00,00,00,00,00,00,00,
33755412,000003C8,false,Rx,1,8,00,00,00,00,00,00,00,00,
33755520,000003BE,false,Rx,1,8,00,00,00,00,00,00,00,00,
33755626,00000392,false,Rx,1,8,00,00,00,00,00,00,00,00,
33755723,0000018C,false,Rx,1,8,00,00,00,00,00,00,00,00,
33846214,00000118,false,Rx,1,4,00,0E,F1,00,00,00,00,00,
33855080,000005BE,false,Rx,1,8,00,00,00,00,00,00,00,00,
33855190,0000054B,false,Rx,1,8,00,00,00,00,00,00,00,00,
33855296,000003DB,false,Rx,1,8,00,00,00,00,00,00,00,00,
33855400,000003C8,false,Rx,1,8,00,00,00,00,00,00,00,00,
33855508,000003BE,false,Rx,1,8,00,00,00,00,00,00,00,00,
33855614,00000392,false,Rx,1,8,00,00,00,00,00,00,00,00,
33855711,0000018C,false,Rx,1,8,00,00,00,00,00,00,00,00,
33904296,0000070F,false,Rx,0,8,03,22,2B,F3,55,55,55,55,
33918671,00000779,false,Rx,1,8,05,62,2B,F3,EE,00,AA,AA,
33946534,00000118,false,Rx,1,4,00,0F,FA,00,00,00,00,00,
33955083,000005BE,false,Rx,1,8,00,00,00,00,00,00,00,00,
33955192,0000054B,false,Rx,1,8,00,00,00,00,00,00,00,00,
33955298,000003DB,false,Rx,1,8,00,00,00,00,00,00,00,00,
33955402,000003C8,false,Rx,1,8,00,00,00,00,00,00,00,00,
33955510,000003BE,false,Rx,1,8,00,00,00,00,00,00,00,00,
33955616,00000392,false,Rx,1,8,00,00,00,00,00,00,00,00,
33955712,0000018C,false,Rx,1,8,00,00,00,00,00,00,00,00,
34046861,00000118,false,Rx,1,4,00,00,F3,00,00,00,00,00,
34055075,000005BE,false,Rx,1,8,00,00,00,00,00,00,00,00,
34055184,0000054B,false,Rx,1,8,00,00,00,00,00,00,00,00,
34055290,000003DB,false,Rx,1,8,00,00,00,00,00,00,00,00,
34055394,000003C8,false,Rx,1,8,00,00,00,00,00,00,00,00,
34055502,000003BE,false,Rx,1,8,00,00,00,00,00,00,00,00,
34055609,00000392,false,Rx,1,8,00,00,00,00,00,00,00,00,
34055705,0000018C,false,Rx,1,8,00,00,00,00,00,00,00,00,
34147392,00000118,false,Rx,1,4,00,01,EB,00,00,00,00,00,
34147916,17F0000F,true,Rx,1,8,00,0F,00,00,00,00,00,80,
34155074,000005BE,false,Rx,1,8,00,00,00,00,00,00,00,00,
34155182,0000054B,false,Rx,1,8,00,00,00,00,00,00,00,00,
34155289,000003DB,false,Rx,1,8,00,00,00,00,00,00,00,00,
34155393,000003C8,false,Rx,1,8,00,00,00,00,00,00,00,00,
34155501,000003BE,false,Rx,1,8,00,00,00,00,00,00,00,00,
34155603,00000392,false,Rx,1,8,00,00,00,00,00,00,00,00,
34155704,0000018C,false,Rx,1,8,00,00,00,00,00,00,00,00,
34219286,0000070F,false,Rx,0,8,03,22,2B,E6,55,55,55,55,
34240195,00000779,false,Rx,1,8,05,62,2B,E6,27,B3,AA,AA,
34247911,00000118,false,Rx,1,4,00,02,FA,00,00,00,00,00,
34255092,000005BE,false,Rx,1,8,00,00,00,00,00,00,00,00,
34255201,0000054B,false,Rx,1,8,00,00,00,00,00,00,00,00,
34255307,000003DB,false,Rx,1,8,00,00,00,00,00,00,00,00,
34255407,000003C8,false,Rx,1,8,00,00,00,00,00,00,00,00,
34255519,000003BE,false,Rx,1,8,00,00,00,00,00,00,00,00,
34255621,00000392,false,Rx,1,8,00,00,00,00,00,00,00,00,
34255722,0000018C,false,Rx,1,8,00,00,00,00,00,00,00,00,
34347826,00000118,false,Rx,1,4,00,03,EB,00,00,00,00,00,
34355075,000005BE,false,Rx,1,8,00,00,00,00,00,00,00,00,
34355184,0000054B,false,Rx,1,8,00,00,00,00,00,00,00,00,
34355290,000003DB,false,Rx,1,8,00,00,00,00,00,00,00,00,
34355394,000003C8,false,Rx,1,8,00,00,00,00,00,00,00,00,
34355502,000003BE,false,Rx,1,8,00,00,00,00,00,00,00,00,
34355609,00000392,false,Rx,1,8,00,00,00,00,00,00,00,00,
34355705,0000018C,false,Rx,1,8,00,00,00,00,00,00,00,00,
34447767,00000118,false,Rx,1,4,00,04,FA,00,00,00,00,00,
34455081,000005BE,false,Rx,1,8,00,00,00,00,00,00,00,00,
34455180,0000054B,false,Rx,1,8,00,00,00,00,00,00,00,00,
34455291,000003DB,false,Rx,1,8,00,00,00,00,00,00,00,00,
34455390,000003C8,false,Rx,1,8,00,00,00,00,00,00,00,00,
34455503,000003BE,false,Rx,1,8,00,00,00,00,00,00,00,00,
34455610,00000392,false,Rx,1,8,00,00,00,00,00,00,00,00,
34455706,0000018C,false,Rx,1,8,00,00,00,00,00,00,00,00,
34535005,0000070F,false,Rx,0,8,03,22,2B,E7,55,55,55,55,
34548076,00000118,false,Rx,1,4,00,05,F1,00,00,00,00,00,
34550437,00000779,false,Rx,1,8,04,62,2B,E7,3D,AA,AA,AA,
34555075,000005BE,false,Rx,1,8,00,00,00,00,00,00,00,00,
34555184,0000054B,false,Rx,1,8,00,00,00,00,00,00,00,00,
34555290,000003DB,false,Rx,1,8,00,00,00,00,00,00,00,00,
34555394,000003C8,false,Rx,1,8,00,00,00,00,00,00,00,00,
34555503,000003BE,false,Rx,1,8,00,00,00,00,00,00,00,00,
34555609,00000392,false,Rx,1,8,00,00,00,00,00,00,00,00,
34555705,0000018C,false,Rx,1,8,00,00,00,00,00,00,00,00,
34648420,00000118,false,Rx,1,4,00,06,F1,00,00,00,00,00,
34648689,17F0000F,true,Rx,1,8,00,0F,00,00,00,00,00,80,
34655088,000005BE,false,Rx,1,8,00,00,00,00,00,00,00,00,
34655197,0000054B,false,Rx,1,8,00,00,00,00,00,00,00,00,
34655303,000003DB,false,Rx,1,8,00,00,00,00,00,00,00,00,
34655407,000003C8,false,Rx,1,8,00,00,00,00,00,00,00,00,
34655515,000003BE,false,Rx,1,8,00,00,00,00,00,00,00,00,
34655622,00000392,false,Rx,1,8,00,00,00,00,00,00,00,00,
34655718,0000018C,false,Rx,1,8,00,00,00,00,00,00,00,00,
34748271,00000118,false,Rx,1,4,00,07,FA,00,00,00,00,00,
34755546,000005BE,false,Rx,1,8,00,00,00,00,00,00,00,00,
34755655,0000054B,false,Rx,1,8,00,00,00,00,00,00,00,00,
34755761,000003DB,false,Rx,1,8,00,00,00,00,00,00,00,00,
34755865,000003C8,false,Rx,1,8,00,00,00,00,00,00,00,00,
34756015,000003BE,false,Rx,1,8,00,00,00,00,00,00,00,00,
34756075,00000392,false,Rx,1,8,00,00,00,00,00,00,00,00,
34756176,0000018C,false,Rx,1,8,00,00,00,00,00,00,00,00,
34848580,00000118,false,Rx,1,4,00,08,F9,00,00,00,00,00,
34850750,0000070F,false,Rx,0,8,03,22,2B,E9,55,55,55,55,
34855528,000005BE,false,Rx,1,8,00,00,00,00,00,00,00,00,
34855637,0000054B,false,Rx,1,8,00,00,00,00,00,00,00,00,
34855743,000003DB,false,Rx,1,8,00,00,00,00,00,00,00,00,
34855847,000003C8,false,Rx,1,8,00,00,00,00,00,00,00,00,
34856022,000003BE,false,Rx,1,8,00,00,00,00,00,00,00,00,
34856066,00000392,false,Rx,1,8,00,00,00,00,00,00,00,00,
34856162,0000018C,false,Rx,1,8,00,00,00,00,00,00,00,00,
34870828,00000779,false,Rx,1,8,05,62,2B,E9,4C,00,AA,AA,
34948500,00000118,false,Rx,1,4,00,09,ED,00,00,00,00,00,
34955533,000005BE,false,Rx,1,8,00,00,00,00,00,00,00,00,
34955641,0000054B,false,Rx,1,8,00,00,00,00,00,00,00,00,
34955748,000003DB,false,Rx,1,8,00,00,00,00,00,00,00,00,
34955852,000003C8,false,Rx,1,8,00,00,00,00,00,00,00,00,
34956022,000003BE,false,Rx,1,8,00,00,00,00,00,00,00,00,
34956080,00000392,false,Rx,1,8,00,00,00,00,00,00,00,00,
34956163,0000018C,false,Rx,1,8,00,00,00,00,00,00,00,00,
35048814,00000118,false,Rx,1,4,00,0A,F1,00,00,00,00,00,
35055535,000005BE,false,Rx,1,8,00,00,00,00,00,00,00,00,
35055638,0000054B,false,Rx,1,8,00,00,00,00,00,00,00,00,
35055750,000003DB,false,Rx,1,8,00,00,00,00,00,00,00,00,
35055854,000003C8,false,Rx,1,8,00,00,00,00,00,00,00,00,
35056024,000003BE,false,Rx,1,8,00,00,00,00,00,00,00,00,
35056067,00000392,false,Rx,1,8,00,00,00,00,00,00,00,00,
35056165,0000018C,false,Rx,1,8,00,00,00,00,00,00,00,00,
35149144,00000118,false,Rx,1,4,00,0B,E1,00,00,00,00,00,
35149436,17F0000F,true,Rx,1,8,00,0F,00,00,00,00,00,80,
35155530,000005BE,false,Rx,1,8,00,00,00,00,00,00,00,00,
35155640,0000054B,false,Rx,1,8,00,00,00,00,00,00,00,00,
35155746,000003DB,false,Rx,1,8,00,00,00,00,00,00,00,00,
35155850,000003C8,false,Rx,1,8,00,00,00,00,00,00,00,00,
35156004,000003BE,false,Rx,1,8,00,00,00,00,00,00,00,00,
35156071,00000392,false,Rx,1,8,00,00,00,00,00,00,00,00,
35156173,0000018C,false,Rx,1,8,00,00,00,00,00,00,00,00,
35183776,0000070F,false,Rx,0,8,03,22,2B,F3,55,55,55,55,
35201534,00000779,false,Rx,1,8,05,62,2B,F3,F0,00,AA,AA,
35249087,00000118,false,Rx,1,4,00,0C,FA,00,00,00,00,00,
35255801,000005BE,false,Rx,1,8,00,00,00,00,00,00,00,00,
35255910,0000054B,false,Rx,1,8,00,00,00,00,00,00,00,00,
35256036,000003DB,false,Rx,1,8,00,00,00,00,00,00,00,00,
35256143,000003C8,false,Rx,1,8,00,00,00,00,00,00,00,00,
35256249,000003BE,false,Rx,1,8,00,00,00,00,00,00,00,00,
35256350,00000392,false,Rx,1,8,00,00,00,00,00,00,00,00,
35256461,0000018C,false,Rx,1,8,00,00,00,00,00,00,00,00,
35349790,00000118,false,Rx,1,4,00,0D,F7,00,00,00,00,00,
35355773,000005BE,false,Rx,1,8,00,00,00,00,00,00,00,00,
35355882,0000054B,false,Rx,1,8,00,00,00,00,00,00,00,00,
35355996,000003DB,false,Rx,1,8,00,00,00,00,00,00,00,00,
35356087,000003C8,false,Rx,1,8,00,00,00,00,00,00,00,00,
35356201,000003BE,false,Rx,1,8,00,00,00,00,00,00,00,00,
35356307,00000392,false,Rx,1,8,00,00,00,00,00,00,00,00,
35356413,0000018C,false,Rx,1,8,00,00,00,00,00,00,00,00,
35450515,00000118,false,Rx,1,4,00,0E,EF,00,00,00,00,00,
35455787,000005BE,false,Rx,1,8,00,00,00,00,00,00,00,00,
35455889,0000054B,false,Rx,1,8,00,00,00,00,00,00,00,00,
35456010,000003DB,false,Rx,1,8,00,00,00,00,00,00,00,00,
35456109,000003C8,false,Rx,1,8,00,00,00,00,00,00,00,00,
35456223,000003BE,false,Rx,1,8,00,00,00,00,00,00,00,00,
35456329,00000392,false,Rx,1,8,00,00,00,00,00,00,00,00,
35456435,0000018C,false,Rx,1,8,00,00,00,00,00,00,00,00,
35501703,0000070F,false,Rx,0,8,03,22,2B,E6,55,55,55,55,
35522655,00000779,false,Rx,1,8,05,62,2B,E6,29,3C,AA,AA,
35550434,00000118,false,Rx,1,4,00,0F,FA,00,00,00,00,00,
35555771,000005BE,false,Rx,1,8,00,00,00,00,00,00,00,00,
35555880,0000054B,false,Rx,1,8,00,00,00,00,00,00,00,00,
35556003,000003DB,false,Rx,1,8,00,00,00,00,00,00,00,00,
35556089,000003C8,false,Rx,1,8,00,00,00,00,00,00,00,00,
35556198,000003BE,false,Rx,1,8,00,00,00,00,00,00,00,00,
35556309,00000392,false,Rx,1,8,00,00,00,00,00,00,00,00,
35556415,0000018C,false,Rx,1,8,00,00,00,00,00,00,00,00,
35651173,00000118,false,Rx,1,4,00,00,F1,00,00,00,00,00,
35651450,17F0000F,true,Rx,1,8,00,0F,00,00,00,00,00,80,
35655773,000005BE,false,Rx,1,8,00,00,00,00,00,00,00,00,
35655877,0000054B,false,Rx,1,8,00,00,00,00,00,00,00,00,
35655998,000003DB,false,Rx,1,8,00,00,00,00,00,00,00,00,
35656090,000003C8,false,Rx,1,8,00,00,00,00,00,00,00,00,
35656203,000003BE,false,Rx,1,8,00,00,00,00,00,00,00,00,
35656304,00000392,false,Rx,1,8,00,00,00,00,00,00,00,00,
35656415,0000018C,false,Rx,1,8,00,00,00,00,00,00,00,00,
35751115,00000118,false,Rx,1,4,00,01,F9,00,00,00,00,00,
35755098,000005BE,false,Rx,1,8,00,00,00,00,00,00,00,00,
35755201,0000054B,false,Rx,1,8,00,00,00,00,00,00,00,00,
35755313,000003DB,false,Rx,1,8,00,00,00,00,00,00,00,00,
35755417,000003C8,false,Rx,1,8,00,00,00,00,00,00,00,00,
35755525,000003BE,false,Rx,1,8,00,00,00,00,00,00,00,00,
35755631,00000392,false,Rx,1,8,00,00,00,00,00,00,00,00,
35755728,0000018C,false,Rx,1,8,00,00,00,00,00,00,00,00,
35815543,0000070F,false,Rx,0,8,03,22,2B,E7,55,55,55,55,
35833668,00000779,false,Rx,1,8,04,62,2B,E7,3F,AA,AA,AA,
35851408,00000118,false,Rx,1,4,00,02,F0,00,00,00,00,00,
35855083,000005BE,false,Rx,1,8,00,00,00,00,00,00,00,00,
35855192,0000054B,false,Rx,1,8,00,00,00,00,00,00,00,00,
35855299,000003DB,false,Rx,1,8,00,00,00,00,00,00,00,00,
35855403,000003C8,false,Rx,1,8,00,00,00,00,00,00,00,00,
35855511,000003BE,false,Rx,1,8,00,00,00,00,00,00,00,00,
35855612,00000392,false,Rx,1,8,00,00,00,00,00,00,00,00,
35855714,0000018C,false,Rx,1,8,00,00,00,00,00,00,00,00,
35952130,00000118,false,Rx,1,4,00,03,CD,00,00,00,00,00,
35955097,000005BE,false,Rx,1,8,00,00,00,00,00,00,00,00,
35955194,0000054B,false,Rx,1,8,00,00,00,00,00,00,00,00,
35955306,000003DB,false,Rx,1,8,00,00,00,00,00,00,00,00,
35955411,000003C8,false,Rx,1,8,00,00,00,00,00,00,00,00,
35955518,000003BE,false,Rx,1,8,00,00,00,00,00,00,00,00,
35955620,00000392,false,Rx,1,8,00,00,00,00,00,00,00,00,
35955722,0000018C,false,Rx,1,8,00,00,00,00,00,00,00,00,
36052859,00000118,false,Rx,1,4,00,04,FA,00,00,00,00,00,
36055074,000005BE,false,Rx,1,8,00,00,00,00,00,00,00,00,
36055183,0000054B,false,Rx,1,8,00,00,00,00,00,00,00,00,
36055290,000003DB,false,Rx,1,8,00,00,00,00,00,00,00,00,
36055394,000003C8,false,Rx,1,8,00,00,00,00,00,00,00,00,
36055573,000003BE,false,Rx,1,8,00,00,00,00,00,00,00,00,
36055603,00000392,false,Rx,1,8,00,00,00,00,00,00,00,00,
36055707,0000018C,false,Rx,1,8,00,00,00,00,00,00,00,00,
36130888,0000070F,false,Rx,0,8,03,22,2B,E9,55,55,55,55,
36145764,00000779,false,Rx,1,8,05,62,2B,E9,4E,00,AA,AA,
36153585,00000118,false,Rx,1,4,00,05,FA,00,00,00,00,00,
36153880,17F0000F,true,Rx,1,8,00,0F,00,00,00,00,00,80,
36155075,000005BE,false,Rx,1,8,00,00,00,00,00,00,00,00,
36155184,0000054B,false,Rx,1,8,00,00,00,00,00,00,00,00,
36155290,000003DB,false,Rx,1,8,00,00,00,00,00,00,00,00,
36155394,000003C8,false,Rx,1,8,00,00,00,00,00,00,00,00,
36155503,000003BE,false,Rx,1,8,00,00,00,00,00,00,00,00,
36155609,00000392,false,Rx,1,8,00,00,00,00,00,00,00,00,
36155705,0000018C,false,Rx,1,8,00,00,00,00,00,00,00,00,
36253627,00000118,false,Rx,1,4,00,06,E6,00,00,00,00,00,
36256539,000005BE,false,Rx,1,8,00,00,00,00,00,00,00,00,
36256648,0000054B,false,Rx,1,8,00,00,00,00,00,00,00,00,
36256754,000003DB,false,Rx,1,8,00,00,00,00,00,00,00,00,
36256859,000003C8,false,Rx,1,8,00,00,00,00,00,00,00,00,
36257015,000003BE,false,Rx,1,8,00,00,00,00,00,00,00,00,
36257070,00000392,false,Rx,1,8,00,00,00,00,00,00,00,00,
36257171,0000018C,false,Rx,1,8,00,00,00,00,00,00,00,00,
36353629,00000118,false,Rx,1,4,00,07,EC,00,00,00,00,00,
36356535,000005BE,false,Rx,1,8,00,00,00,00,00,00,00,00,
36356644,0000054B,false,Rx,1,8,00,00,00,00,00,00,00,00,
36356750,000003DB,false,Rx,1,8,00,00,00,00,00,00,00,00,
36356855,000003C8,false,Rx,1,8,00,00,00,00,00,00,00,00,
36357015,000003BE,false,Rx,1,8,00,00,00,00,00,00,00,00,
36357064,00000392,false,Rx,1,8,00,00,00,00,00,00,00,00,
36357165,0000018C,false,Rx,1,8,00,00,00,00,00,00,00,00,
36446247,0000070F,false,Rx,0,8,03,22,2B,F3,55,55,55,55,
36454173,00000118,false,Rx,1,4,00,08,F2,00,00,00,00,00,
36456551,000005BE,false,Rx,1,8,00,00,00,00,00,00,00,00,
36456660,0000054B,false,Rx,1,8,00,00,00,00,00,00,00,00,
36456766,000003DB,false,Rx,1,8,00,00,00,00,00,00,00,00,
36456870,000003C8,false,Rx,1,8,00,00,00,00,00,00,00,00,
36457020,000003BE,false,Rx,1,8,00,00,00,00,00,00,00,00,
36457080,00000392,false,Rx,1,8,00,00,00,00,00,00,00,00,
36457180,0000018C,false,Rx,1,8,00,00,00,00,00,00,00,00,
36465980,00000779,false,Rx,1,8,05,62,2B,F3,EC,00,AA,AA,
36554856,00000118,false,Rx,1,4,00,09,FA,00,00,00,00,00,
36556547,000005BE,false,Rx,1,8,00,00,00,00,00,00,00,00,
36556655,0000054B,false,Rx,1,8,00,00,00,00,00,00,00,00,
36556762,000003DB,false,Rx,1,8,00,00,00,00,00,00,00,00,
36556866,000003C8,false,Rx,1,8,00,00,00,00,00,00,00,00,
36557015,000003BE,false,Rx,1,8,00,00,00,00,00,00,00,00,
36557076,00000392,false,Rx,1,8,00,00,00,00,00,00,00,00,
36557185,0000018C,false,Rx,1,8,00,00,00,00,00,00,00,00,
36655679,00000118,false,Rx,1,4,00,0A,F8,00,00,00,00,00,
36656151,17F0000F,true,Rx,1,8,00,0F,00,00,00,00,00,80,
36656988,000005BE,false,Rx,1,8,00,00,00,00,00,00,00,00,
36657097,0000054B,false,Rx,1,8,00,00,00,00,00,00,00,00,
36657203,000003DB,false,Rx,1,8,00,00,00,00,00,00,00,00,
36657307,000003C8,false,Rx,1,8,00,00,00,00,00,00,00,00,
36657415,000003BE,false,Rx,1,8,00,00,00,00,00,00,00,00,
36657521,00000392,false,Rx,1,8,00,00,00,00,00,00,00,00,
36657618,0000018C,false,Rx,1,8,00,00,00,00,00,00,00,00,
36755115,000005BE,false,Rx,1,8,00,00,00,00,00,00,00,00,
36755198,0000054B,false,Rx,1,8,00,00,00,00,00,00,00,00,
36755305,000003DB,false,Rx,1,8,00,00,00,00,00,00,00,00,
36755409,000003C8,false,Rx,1,8,00,00,00,00,00,00,00,00,
36755573,00000118,false,Rx,1,4,00,0B,F5,00,00,00,00,00,
36755675,000003BE,false,Rx,1,8,00,00,00,00,00,00,00,00,
36755781,00000392,false,Rx,1,8,00,00,00,00,00,00,00,00,
36755883,0000018C,false,Rx,1,8,00,00,00,00,00,00,00,00,
36776436,0000070F,false,Rx,0,8,03,22,2B,E6,55,55,55,55,
36797939,00000779,false,Rx,1,8,05,62,2B,E6,26,8C,AA,AA,
36855080,000005BE,false,Rx,1,8,00,00,00,00,00,00,00,00,
36855189,0000054B,false,Rx,1,8,00,00,00,00,00,00,00,00,
36855296,000003DB,false,Rx,1,8,00,00,00,00,00,00,00,00,
36855455,00000118,false,Rx,1,4,00,0C,F8,00,00,00,00,00,
36855555,000003C8,false,Rx,1,8,00,00,00,00,00,00,00,00,
36855664,000003BE,false,Rx,1,8,00,00,00,00,00,00,00,00,
36855771,00000392,false,Rx,1,8,00,00,00,00,00,00,00,00,
36855872,0000018C,false,Rx,1,8,00,00,00,00,00,00,00,00,
36955083,000005BE,false,Rx,1,8,00,00,00,00,00,00,00,00,
36955181,0000054B,false,Rx,1,8,00,00,00,00,00,00,00,00,
36955287,000003DB,false,Rx,1,8,00,00,00,00,00,00,00,00,
36955396,000003C8,false,Rx,1,8,00,00,00,00,00,00,00,00,
36955504,000003BE,false,Rx,1,8,00,00,00,00,00,00,00,00,
36955611,00000392,false,Rx,1,8,00,00,00,00,00,00,00,00,
36955707,0000018C,false,Rx,1,8,00,00,00,00,00,00,00,00,
36956150,00000118,false,Rx,1,4,00,0D,F5,00,00,00,00,00,
36977119,00000118,false,Rx,1,4,00,4E,F1,00,00,00,00,00,
36986866,00000118,false,Rx,1,4,00,4F,65,00,00,00,00,00,
36997111,00000118,false,Rx,1,4,00,40,65,00,00,00,00,00,
37006866,00000118,false,Rx,1,4,00,41,65,00,00,00,00,00,
37017113,00000118,false,Rx,1,4,00,42,65,00,00,00,00,00,
37026870,00000118,false,Rx,1,4,00,43,65,00,00,00,00,00,
37037120,00000118,false,Rx,1,4,00,44,65,00,00,00,00,00,
37046865,00000118,false,Rx,1,4,00,45,65,00,00,00,00,00,
37055074,000005BE,false,Rx,1,8,00,00,00,00,00,00,00,00,
37055184,0000054B,false,Rx,1,8,00,00,00,00,00,00,00,00,
37055290,000003DB,false,Rx,1,8,00,00,00,00,00,00,00,00,
37055400,000003C8,false,Rx,1,8,00,00,00,00,00,00,00,00,
37055497,000003BE,false,Rx,1,8,00,00,00,00,00,00,00,00,
37055609,00000392,false,Rx,1,8,00,00,00,00,00,00,00,00,
37055705,0000018C,false,Rx,1,8,00,00,00,00,00,00,00,00,
37056966,00000118,false,Rx,1,4,00,46,65,00,00,00,00,00,
37066866,00000118,false,Rx,1,4,00,47,65,00,00,00,00,00,
37077116,00000118,false,Rx,1,4,00,48,65,00,00,00,00,00,
37086883,00000118,false,Rx,1,4,00,49,65,00,00,00,00,00,
37094373,0000070F,false,Rx,0,8,03,22,2B,E7,55,55,55,55,
37097113,00000118,false,Rx,1,4,00,4A,65,00,00,00,00,00,
37106869,00000118,false,Rx,1,4,00,4B,65,00,00,00,00,00,
37109153,00000779,false,Rx,1,8,04,62,2B,E7,25,AA,AA,AA,
37116872,00000118,false,Rx,1,4,00,4C,65,00,00,00,00,00,
37126876,00000118,false,Rx,1,4,00,4D,65,00,00,00,00,00,
37136873,00000118,false,Rx,1,4,00,4E,65,00,00,00,00,00,
37146866,00000118,false,Rx,1,4,00,4F,65,00,00,00,00,00,
37155075,000005BE,false,Rx,1,8,00,00,00,00,00,00,00,00,
37155184,0000054B,false,Rx,1,8,00,00,00,00,00,00,00,00,
37155289,000003DB,false,Rx,1,8,00,00,00,00,00,00,00,00,
37155394,000003C8,false,Rx,1,8,00,00,00,00,00,00,00,00,
37155502,000003BE,false,Rx,1,8,00,00,00,00,00,00,00,00,
37155604,00000392,false,Rx,1,8,00,00,00,00,00,00,00,00,
37155705,0000018C,false,Rx,1,8,00,00,00,00,00,00,00,00,
37156969,00000118,false,Rx,1,4,00,40,65,00,00,00,00,00,
37157504,17F0000F,true,Rx,1,8,00,0F,00,00,00,00,00,80,
37166866,00000118,false,Rx,1,4,00,41,65,00,00,00,00,00,
37176867,00000118,false,Rx,1,4,00,42,65,00,00,00,00,00,
37186622,00000118,false,Rx,1,4,00,43,65,00,00,00,00,00,
37196858,00000118,false,Rx,1,4,00,44,65,00,00,00,00,00,
37206692,00000118,false,Rx,1,4,00,45,65,00,00,00,00,00,
37216846,00000118,false,Rx,1,4,00,46,65,00,00,00,00,00,
37226665,00000118,false,Rx,1,4,00,47,65,00,00,00,00,00,
37236871,00000118,false,Rx,1,4,00,48,65,00,00,00,00,00,
37246614,00000118,false,Rx,1,4,00,49,65,00,00,00,00,00,
37255096,000005BE,false,Rx,1,8,00,00,00,00,00,00,00,00,
37255205,0000054B,false,Rx,1,8,00,00,00,00,00,00,00,00,
37255312,000003DB,false,Rx,1,8,00,00,00,00,00,00,00,00,
37255411,000003C8,false,Rx,1,8,00,00,00,00,00,00,00,00,
37255523,000003BE,false,Rx,1,8,00,00,00,00,00,00,00,00,
37255630,00000392,false,Rx,1,8,00,00,00,00,00,00,00,00,
37255727,0000018C,false,Rx,1,8,00,00,00,00,00,00,00,00,
37256955,00000118,false,Rx,1,4,00,4A,65,00,00,00,00,00,
37266617,00000118,false,Rx,1,4,00,4B,65,00,00,00,00,00,
37276863,00000118,false,Rx,1,4,00,4C,65,00,00,00,00,00,
37286628,00000118,false,Rx,1,4,00,4D,65,00,00,00,00,00,
37296865,00000118,false,Rx,1,4,00,4E,65,00,00,00,00,00,
37306615,00000118,false,Rx,1,4,00,4F,65,00,00,00,00,00,
37316867,00000118,false,Rx,1,4,00,40,65,00,00,00,00,00,
37326620,00000118,false,Rx,1,4,00,41,65,00,00,00,00,00,
37336859,00000118,false,Rx,1,4,00,42,65,00,00,00,00,00,
37346621,00000118,false,Rx,1,4,00,43,65,00,00,00,00,00,
37355076,000005BE,false,Rx,1,8,00,00,00,00,00,00,00,00,
37355185,0000054B,false,Rx,1,8,00,00,00,00,00,00,00,00,
37355292,000003DB,false,Rx,1,8,00,00,00,00,00,00,00,00,
37355391,000003C8,false,Rx,1,8,00,00,00,00,00,00,00,00,
37355504,000003BE,false,Rx,1,8,00,00,00,00,00,00,00,00,
37355610,00000392,false,Rx,1,8,00,00,00,00,00,00,00,00,
37355707,0000018C,false,Rx,1,8,00,00,00,00,00,00,00,00,
37356696,00000118,false,Rx,1,4,00,44,65,00,00,00,00,00,
37366613,00000118,false,Rx,1,4,00,45,65,00,00,00,00,00,
37376866,00000118,false,Rx,1,4,00,46,65,00,00,00,00,00,
37386647,00000118,false,Rx,1,4,00,47,65,00,00,00,00,00,
37396882,00000118,false,Rx,1,4,00,48,65,00,00,00,00,00,
37406626,00000118,false,Rx,1,4,00,49,65,00,00,00,00,00,
37416627,00000118,false,Rx,1,4,00,4A,65,00,00,00,00,00,
37421653,0000070F,false,Rx,0,8,03,22,2B,E9,55,55,55,55,
37426624,00000118,false,Rx,1,4,00,4B,65,00,00,00,00,00,
37436623,00000118,false,Rx,1,4,00,4C,65,00,00,00,00,00,
37439032,00000779,false,Rx,1,8,05,62,2B,E9,31,00,AA,AA,
37446637,00000118,false,Rx,1,4,00,4D,65,00,00,00,00,00,
37455076,000005BE,false,Rx,1,8,00,00,00,00,00,00,00,00,
37455184,0000054B,false,Rx,1,8,00,00,00,00,00,00,00,00,
37455291,000003DB,false,Rx,1,8,00,00,00,00,00,00,00,00,
37455390,000003C8,false,Rx,1,8,00,00,00,00,00,00,00,00,
37455503,000003BE,false,Rx,1,8,00,00,00,00,00,00,00,00,
37455604,00000392,false,Rx,1,8,00,00,00,00,00,00,00,00,
37455706,0000018C,false,Rx,1,8,00,00,00,00,00,00,00,00,
37457203,00000118,false,Rx,1,4,00,4E,65,00,00,00,00,00,
37466868,00000118,false,Rx,1,4,00,4F,65,00,00,00,00,00,
37477118,00000118,false,Rx,1,4,00,40,65,00,00,00,00,00,
37486865,00000118,false,Rx,1,4,00,41,65,00,00,00,00,00,
37497110,00000118,false,Rx,1,4,00,42,65,00,00,00,00,00,
37506862,00000118,false,Rx,1,4,00,43,65,00,00,00,00,00,
37517117,00000118,false,Rx,1,4,00,44,65,00,00,00,00,00,
37526860,00000118,false,Rx,1,4,00,45,65,00,00,00,00,00,
37537112,00000118,false,Rx,1,4,00,46,65,00,00,00,00,00,
37546873,00000118,false,Rx,1,4,00,47,65,00,00,00,00,00,
37555075,000005BE,false,Rx,1,8,00,00,00,00,00,00,00,00,
37555184,0000054B,false,Rx,1,8,00,00,00,00,00,00,00,00,
37555290,000003DB,false,Rx,1,8,00,00,00,00,00,00,00,00,
37555390,000003C8,false,Rx,1,8,00,00,00,00,00,00,00,00,
37555502,000003BE,false,Rx,1,8,00,00,00,00,00,00,00,00,
37555609,00000392,false,Rx,1,8,00,00,00,00,00,00,00,00,
37555705,0000018C,false,Rx,1,8,00,00,00,00,00,00,00,00,
37556966,00000118,false,Rx,1,4,00,48,65,00,00,00,00,00,
37566879,00000118,false,Rx,1,4,00,49,65,00,00,00,00,00,
37577116,00000118,false,Rx,1,4,00,4A,65,00,00,00,00,00,
37586870,00000118,false,Rx,1,4,00,4B,65,00,00,00,00,00,
37597124,00000118,false,Rx,1,4,00,4C,65,00,00,00,00,00,
37606883,00000118,false,Rx,1,4,00,4D,65,00,00,00,00,00,
37617115,00000118,false,Rx,1,4,00,4E,65,00,00,00,00,00,
37626865,00000118,false,Rx,1,4,00,4F,65,00,00,00,00,00,
37636871,00000118,false,Rx,1,4,00,40,65,00,00,00,00,00,
37646865,00000118,false,Rx,1,4,00,41,65,00,00,00,00,00,
37655074,000005BE,false,Rx,1,8,00,00,00,00,00,00,00,00,
37655183,0000054B,false,Rx,1,8,00,00,00,00,00,00,00,00,
37655289,000003DB,false,Rx,1,8,00,00,00,00,00,00,00,00,
37655393,000003C8,false,Rx,1,8,00,00,00,00,00,00,00,00,
37655502,000003BE,false,Rx,1,8,00,00,00,00,00,00,00,00,
37655608,00000392,false,Rx,1,8,00,00,00,00,00,00,00,00,
37655704,0000018C,false,Rx,1,8,00,00,00,00,00,00,00,00,
37656954,00000118,false,Rx,1,4,00,42,65,00,00,00,00,00,
37657479,17F0000F,true,Rx,1,8,00,0F,00,00,00,00,00,80,
37666868,00000118,false,Rx,1,4,00,43,65,00,00,00,00,00,
37676867,00000118,false,Rx,1,4,00,44,65,00,00,00,00,00,
37686863,00000118,false,Rx,1,4,00,45,65,00,00,00,00,00,
37696875,00000118,false,Rx,1,4,00,46,65,00,00,00,00,00,
37706701,00000118,false,Rx,1,4,00,47,65,00,00,00,00,00,
37721187,00000118,false,Rx,1,4,00,48,65,00,00,00,00,00,
37726736,00000118,false,Rx,1,4,00,49,65,00,00,00,00,00,
37736788,00000118,false,Rx,1,4,00,4A,65,00,00,00,00,00,
37741221,0000070F,false,Rx,0,8,03,22,2B,F3,55,55,55,55,
37746631,00000118,false,Rx,1,4,00,4B,65,00,00,00,00,00,
37755089,000005BE,false,Rx,1,8,00,00,00,00,00,00,00,00,
37755192,0000054B,false,Rx,1,8,00,00,00,00,00,00,00,00,
37755303,000003DB,false,Rx,1,8,00,00,00,00,00,00,00,00,
37755403,000003C8,false,Rx,1,8,00,00,00,00,00,00,00,00,
37755516,000003BE,false,Rx,1,8,00,00,00,00,00,00,00,00,
37755617,00000392,false,Rx,1,8,00,00,00,00,00,00,00,00,
37755718,0000018C,false,Rx,1,8,00,00,00,00,00,00,00,00,
37756784,00000118,false,Rx,1,4,00,4C,65,00,00,00,00,00,
37759166,00000779,false,Rx,1,8,05,62,2B,F3,65,00,AA,AA,
37766598,00000118,false,Rx,1,4,00,4D,65,00,00,00,00,00,
37776770,00000118,false,Rx,1,4,00,4E,65,00,00,00,00,00,
37786571,00000118,false,Rx,1,4,00,4F,65,00,00,00,00,00,
37796749,00000118,false,Rx,1,4,00,40,65,00,00,00,00,00,
37806584,00000118,false,Rx,1,4,00,41,65,00,00,00,00,00,
37816719,00000118,false,Rx,1,4,00,42,65,00,00,00,00,00,
37826559,00000118,false,Rx,1,4,00,43,65,00,00,00,00,00,
37836704,00000118,false,Rx,1,4,00,44,65,00,00,00,00,00,
37846525,00000118,false,Rx,1,4,00,45,65,00,00,00,00,00,
37855078,000005BE,false,Rx,1,8,00,00,00,00,00,00,00,00,
37855187,0000054B,false,Rx,1,8,00,00,00,00,00,00,00,00,
37855293,000003DB,false,Rx,1,8,00,00,00,00,00,00,00,00,
37855393,000003C8,false,Rx,1,8,00,00,00,00,00,00,00,00,
37855506,000003BE,false,Rx,1,8,00,00,00,00,00,00,00,00,
37855612,00000392,false,Rx,1,8,00,00,00,00,00,00,00,00,
37855708,0000018C,false,Rx,1,8,00,00,00,00,00,00,00,00,
37856709,00000118,false,Rx,1,4,00,46,65,00,00,00,00,00,
37866508,00000118,false,Rx,1,4,00,47,65,00,00,00,00,00,
37876693,00000118,false,Rx,1,4,00,48,65,00,00,00,00,00,
37886498,00000118,false,Rx,1,4,00,49,65,00,00,00,00,00,
37896659,00000118,false,Rx,1,4,00,4A,65,00,00,00,00,00,
37906501,00000118,false,Rx,1,4,00,4B,65,00,00,00,00,00,
37916643,00000118,false,Rx,1,4,00,4C,65,00,00,00,00,00,
37926484,00000118,false,Rx,1,4,00,4D,65,00,00,00,00,00,
37937028,00000118,false,Rx,1,4,00,4E,65,00,00,00,00,00,
37946849,00000118,false,Rx,1,4,00,4F,65,00,00,00,00,00,
37955076,000005BE,false,Rx,1,8,00,00,00,00,00,00,00,00,
37955185,0000054B,false,Rx,1,8,00,00,00,00,00,00,00,00,
37955291,000003DB,false,Rx,1,8,00,00,00,00,00,00,00,00,
37955396,000003C8,false,Rx,1,8,00,00,00,00,00,00,00,00,
37955504,000003BE,false,Rx,1,8,00,00,00,00,00,00,00,00,
37955610,00000392,false,Rx,1,8,00,00,00,00,00,00,00,00,
37955706,0000018C,false,Rx,1,8,00,00,00,00,00,00,00,00,
37957033,00000118,false,Rx,1,4,00,40,65,00,00,00,00,00,
37966838,00000118,false,Rx,1,4,00,41,65,00,00,00,00,00,
37977017,00000118,false,Rx,1,4,00,42,65,00,00,00,00,00,
37986817,00000118,false,Rx,1,4,00,43,65,00,00,00,00,00,
37996982,00000118,false,Rx,1,4,00,44,65,00,00,00,00,00,
38006824,00000118,false,Rx,1,4,00,45,65,00,00,00,00,00,
38016967,00000118,false,Rx,1,4,00,46,65,00,00,00,00,00,
38026806,00000118,false,Rx,1,4,00,47,65,00,00,00,00,00,
38036956,00000118,false,Rx,1,4,00,48,65,00,00,00,00,00,
38046774,00000118,false,Rx,1,4,00,49,65,00,00,00,00,00,
38055105,000005BE,false,Rx,1,8,00,00,00,00,00,00,00,00,
38055212,0000054B,false,Rx,1,8,00,00,00,00,00,00,00,00,
38055319,000003DB,false,Rx,1,8,00,00,00,00,00,00,00,00,
38055423,000003C8,false,Rx,1,8,00,00,00,00,00,00,00,00,
38055532,000003BE,false,Rx,1,8,00,00,00,00,00,00,00,00,
38055637,00000392,false,Rx,1,8,00,00,00,00,00,00,00,00,
38055734,0000018C,false,Rx,1,8,00,00,00,00,00,00,00,00,
38056957,00000118,false,Rx,1,4,00,4A,65,00,00,00,00,00,
38061150,0000070F,false,Rx,0,8,03,22,2B,E6,55,55,55,55,
38066782,00000118,false,Rx,1,4,00,4B,65,00,00,00,00,00,
38076960,00000118,false,Rx,1,4,00,4C,65,00,00,00,00,00,
38079319,00000779,false,Rx,1,8,05,62,2B,E6,13,D5,AA,AA,
38086764,00000118,false,Rx,1,4,00,4D,65,00,00,00,00,00,
38096916,00000118,false,Rx,1,4,00,4E,65,00,00,00,00,00,
38106749,00000118,false,Rx,1,4,00,4F,65,00,00,00,00,00,
38116893,00000118,false,Rx,1,4,00,40,65,00,00,00,00,00,
38126735,00000118,false,Rx,1,4,00,41,65,00,00,00,00,00,
38136875,00000118,false,Rx,1,4,00,42,65,00,00,00,00,00,
38146696,00000118,false,Rx,1,4,00,43,65,00,00,00,00,00,
38155076,000005BE,false,Rx,1,8,00,00,00,00,00,00,00,00,
38155185,0000054B,false,Rx,1,8,00,00,00,00,00,00,00,00,
38155291,000003DB,false,Rx,1,8,00,00,00,00,00,00,00,00,
38155395,000003C8,false,Rx,1,8,00,00,00,00,00,00,00,00,
38155503,000003BE,false,Rx,1,8,00,00,00,00,00,00,00,00,
38155610,00000392,false,Rx,1,8,00,00,00,00,00,00,00,00,
38155706,0000018C,false,Rx,1,8,00,00,00,00,00,00,00,00,
38156878,00000118,false,Rx,1,4,00,44,65,00,00,00,00,00,
38157173,17F0000F,true,Rx,1,8,00,0F,00,00,00,00,00,80,
38166688,00000118,false,Rx,1,4,00,45,65,00,00,00,00,00,
38176865,00000118,false,Rx,1,4,00,46,65,00,00,00,00,00,
38186749,00000118,false,Rx,1,4,00,47,65,00,00,00,00,00,
38200202,00000118,false,Rx,1,4,00,48,65,00,00,00,00,00,
38206965,00000118,false,Rx,1,4,00,49,65,00,00,00,00,00,
38216842,00000118,false,Rx,1,4,00,4A,65,00,00,00,00,00,
38226655,00000118,false,Rx,1,4,00,4B,65,00,00,00,00,00,
38236818,00000118,false,Rx,1,4,00,4C,65,00,00,00,00,00,
38246622,00000118,false,Rx,1,4,00,4D,65,00,00,00,00,00,
38255088,000005BE,false,Rx,1,8,00,00,00,00,00,00,00,00,
38255196,0000054B,false,Rx,1,8,00,00,00,00,00,00,00,00,
38255303,000003DB,false,Rx,1,8,00,00,00,00,00,00,00,00,
38255407,000003C8,false,Rx,1,8,00,00,00,00,00,00,00,00,
38255515,000003BE,false,Rx,1,8,00,00,00,00,00,00,00,00,
38255621,00000392,false,Rx,1,8,00,00,00,00,00,00,00,00,
38255718,0000018C,false,Rx,1,8,00,00,00,00,00,00,00,00,
38256805,00000118,false,Rx,1,4,00,4E,65,00,00,00,00,00,
38266606,00000118,false,Rx,1,4,00,4F,65,00,00,00,00,00,
38276791,00000118,false,Rx,1,4,00,40,65,00,00,00,00,00,
38286627,00000118,false,Rx,1,4,00,41,65,00,00,00,00,00,
38296754,00000118,false,Rx,1,4,00,42,65,00,00,00,00,00,
38306594,00000118,false,Rx,1,4,00,43,65,00,00,00,00,00,
38316741,00000118,false,Rx,1,4,00,44,65,00,00,00,00,00,
38326559,00000118,false,Rx,1,4,00,45,65,00,00,00,00,00,
38336745,00000118,false,Rx,1,4,00,46,65,00,00,00,00,00,
38346545,00000118,false,Rx,1,4,00,47,65,00,00,00,00,00,
38355078,000005BE,false,Rx,1,8,00,00,00,00,00,00,00,00,
38355188,0000054B,false,Rx,1,8,00,00,00,00,00,00,00,00,
38355294,000003DB,false,Rx,1,8,00,00,00,00,00,00,00,00,
38355398,000003C8,false,Rx,1,8,00,00,00,00,00,00,00,00,
38355506,000003BE,false,Rx,1,8,00,00,00,00,00,00,00,00,
38355612,00000392,false,Rx,1,8,00,00,00,00,00,00,00,00,
38355709,0000018C,false,Rx,1,8,00,00,00,00,00,00,00,00,
38356728,00000118,false,Rx,1,4,00,48,65,00,00,00,00,00,
38366531,00000118,false,Rx,1,4,00,49,65,00,00,00,00,00,
38376693,00000118,false,Rx,1,4,00,4A,65,00,00,00,00,00,
38377750,0000070F,false,Rx,0,8,03,22,2B,E7,55,55,55,55,
38386561,00000118,false,Rx,1,4,00,4B,65,00,00,00,00,00,
38396702,00000118,false,Rx,1,4,00,4C,65,00,00,00,00,00,
38400072,00000779,false,Rx,1,8,04,62,2B,E7,25,AA,AA,AA,
38406701,00000118,false,Rx,1,4,00,4D,65,00,00,00,00,00,
38417086,00000118,false,Rx,1,4,00,4E,65,00,00,00,00,00,
38426883,00000118,false,Rx,1,4,00,4F,65,00,00,00,00,00,
38437067,00000118,false,Rx,1,4,00,40,65,00,00,00,00,00,
38446873,00000118,false,Rx,1,4,00,41,65,00,00,00,00,00,
38455082,000005BE,false,Rx,1,8,00,00,00,00,00,00,00,00,
38455191,0000054B,false,Rx,1,8,00,00,00,00,00,00,00,00,
38455297,000003DB,false,Rx,1,8,00,00,00,00,00,00,00,00,
38455402,000003C8,false,Rx,1,8,00,00,00,00,00,00,00,00,
38455510,000003BE,false,Rx,1,8,00,00,00,00,00,00,00,00,
38455616,00000392,false,Rx,1,8,00,00,00,00,00,00,00,00,
38455712,0000018C,false,Rx,1,8,00,00,00,00,00,00,00,00,
38457051,00000118,false,Rx,1,4,00,42,65,00,00,00,00,00,
38466860,00000118,false,Rx,1,4,00,43,65,00,00,00,00,00,
38477040,00000118,false,Rx,1,4,00,44,65,00,00,00,00,00,
38486875,00000118,false,Rx,1,4,00,45,65,00,00,00,00,00,
38497008,00000118,false,Rx,1,4,00,46,65,00,00,00,00,00,
38506841,00000118,false,Rx,1,4,00,47,65,00,00,00,00,00,
38517009,00000118,false,Rx,1,4,00,48,65,00,00,00,00,00,
38526832,00000118,false,Rx,1,4,00,49,65,00,00,00,00,00,
38537013,00000118,false,Rx,1,4,00,4A,65,00,00,00,00,00,
38546805,00000118,false,Rx,1,4,00,4B,65,00,00,00,00,00,
38555083,000005BE,false,Rx,1,8,00,00,00,00,00,00,00,00,
38555191,0000054B,false,Rx,1,8,00,00,00,00,00,00,00,00,
38555298,000003DB,false,Rx,1,8,00,00,00,00,00,00,00,00,
38556147,000003C8,false,Rx,1,8,00,00,00,00,00,00,00,00,
38556167,000003BE,false,Rx,1,8,00,00,00,00,00,00,00,00,
38556179,00000392,false,Rx,1,8,00,00,00,00,00,00,00,00,
38556191,0000018C,false,Rx,1,8,00,00,00,00,00,00,00,00,
38557010,00000118,false,Rx,1,4,00,4C,65,00,00,00,00,00,
38566785,00000118,false,Rx,1,4,00,4D,65,00,00,00,00,00,
38576955,00000118,false,Rx,1,4,00,4E,65,00,00,00,00,00,
38586955,00000118,false,Rx,1,4,00,4F,65,00,00,00,00,00,
38596966,00000118,false,Rx,1,4,00,40,65,00,00,00,00,00,
38606769,00000118,false,Rx,1,4,00,41,65,00,00,00,00,00,
38616981,00000118,false,Rx,1,4,00,42,65,00,00,00,00,00,
38626769,00000118,false,Rx,1,4,00,43,65,00,00,00,00,00,
38636936,00000118,false,Rx,1,4,00,44,65,00,00,00,00,00,
38646720,00000118,false,Rx,1,4,00,45,65,00,00,00,00,00,
38655888,000005BE,false,Rx,1,8,00,00,00,00,00,00,00,00,
38656023,0000054B,false,Rx,1,8,00,00,00,00,00,00,00,00,
38656086,000003DB,false,Rx,1,8,00,00,00,00,00,00,00,00,
38656191,000003C8,false,Rx,1,8,00,00,00,00,00,00,00,00,
38656299,000003BE,false,Rx,1,8,00,00,00,00,00,00,00,00,
38656405,00000392,false,Rx,1,8,00,00,00,00,00,00,00,00,
38656506,0000018C,false,Rx,1,8,00,00,00,00,00,00,00,00,
38656901,00000118,false,Rx,1,4,00,46,65,00,00,00,00,00,
38657193,17F0000F,true,Rx,1,8,00,0F,00,00,00,00,00,80,
38666720,00000118,false,Rx,1,4,00,47,65,00,00,00,00,00,
38676866,00000118,false,Rx,1,4,00,48,65,00,00,00,00,00,
38686707,00000118,false,Rx,1,4,00,49,65,00,00,00,00,00,
38693343,0000070F,false,Rx,0,8,03,22,2B,E9,55,55,55,55,
38696878,00000118,false,Rx,1,4,00,4A,65,00,00,00,00,00,
38706483,00000118,false,Rx,1,4,00,4B,65,00,00,00,00,00,
38709002,00000779,false,Rx,1,8,05,62,2B,E9,32,00,AA,AA,
38717239,00000118,false,Rx,1,4,00,4C,65,00,00,00,00,00,
38726586,00000118,false,Rx,1,4,00,4D,65,00,00,00,00,00,
38736946,00000118,false,Rx,1,4,00,4E,65,00,00,00,00,00,
38746591,00000118,false,Rx,1,4,00,4F,65,00,00,00,00,00,
38755089,000005BE,false,Rx,1,8,00,00,00,00,00,00,00,00,
38755197,0000054B,false,Rx,1,8,00,00,00,00,00,00,00,00,
38755304,000003DB,false,Rx,1,8,00,00,00,00,00,00,00,00,
38755408,000003C8,false,Rx,1,8,00,00,00,00,00,00,00,00,
38755516,000003BE,false,Rx,1,8,00,00,00,00,00,00,00,00,
38755622,00000392,false,Rx,1,8,00,00,00,00,00,00,00,00,
38755719,0000018C,false,Rx,1,8,00,00,00,00,00,00,00,00,
38756878,00000118,false,Rx,1,4,00,40,65,00,00,00,00,00,
38766574,00000118,false,Rx,1,4,00,41,65,00,00,00,00,00,
38776863,00000118,false,Rx,1,4,00,42,65,00,00,00,00,00,
38786554,00000118,false,Rx,1,4,00,43,65,00,00,00,00,00,
38796853,00000118,false,Rx,1,4,00,44,65,00,00,00,00,00,
38806521,00000118,false,Rx,1,4,00,45,65,00,00,00,00,00,
38816854,00000118,false,Rx,1,4,00,46,65,00,00,00,00,00,
38826513,00000118,false,Rx,1,4,00,47,65,00,00,00,00,00,
38836836,00000118,false,Rx,1,4,00,48,65,00,00,00,00,00,
38846493,00000118,false,Rx,1,4,00,49,65,00,00,00,00,00,
38855087,000005BE,false,Rx,1,8,00,00,00,00,00,00,00,00,
38855197,0000054B,false,Rx,1,8,00,00,00,00,00,00,00,00,
38855303,000003DB,false,Rx,1,8,00,00,00,00,00,00,00,00,
38855402,000003C8,false,Rx,1,8,00,00,00,00,00,00,00,00,
38855515,000003BE,false,Rx,1,8,00,00,00,00,00,00,00,00,
38855622,00000392,false,Rx,1,8,00,00,00,00,00,00,00,00,
38855718,0000018C,false,Rx,1,8,00,00,00,00,00,00,00,00,
38856803,00000118,false,Rx,1,4,00,4A,65,00,00,00,00,00,
38866495,00000118,false,Rx,1,4,00,4B,65,00,00,00,00,00,
38876785,00000118,false,Rx,1,4,00,4C,65,00,00,00,00,00,
38886485,00000118,false,Rx,1,4,00,4D,65,00,00,00,00,00,
38896771,00000118,false,Rx,1,4,00,4E,65,00,00,00,00,00,
38906444,00000118,false,Rx,1,4,00,4F,65,00,00,00,00,00,
38916775,00000118,false,Rx,1,4,00,40,65,00,00,00,00,00,
38926440,00000118,false,Rx,1,4,00,41,65,00,00,00,00,00,
38936759,00000118,false,Rx,1,4,00,42,65,00,00,00,00,00,
38946419,00000118,false,Rx,1,4,00,43,65,00,00,00,00,00,
38955128,000005BE,false,Rx,1,8,00,00,00,00,00,00,00,00,
38955223,0000054B,false,Rx,1,8,00,00,00,00,00,00,00,00,
38955330,000003DB,false,Rx,1,8,00,00,00,00,00,00,00,00,
38955434,000003C8,false,Rx,1,8,00,00,00,00,00,00,00,00,
38955547,000003BE,false,Rx,1,8,00,00,00,00,00,00,00,00,
38955654,00000392,false,Rx,1,8,00,00,00,00,00,00,00,00,
38955750,0000018C,false,Rx,1,8,00,00,00,00,00,00,00,00,
38956826,00000118,false,Rx,1,4,00,44,65,00,00,00,00,00,
38966441,00000118,false,Rx,1,4,00,45,65,00,00,00,00,00,
38976734,00000118,false,Rx,1,4,00,46,65,00,00,00,00,00,
38986408,00000118,false,Rx,1,4,00,47,65,00,00,00,00,00,
38996696,00000118,false,Rx,1,4,00,48,65,00,00,00,00,00,
39006370,00000118,false,Rx,1,4,00,49,65,00,00,00,00,00,
39010950,0000070F,false,Rx,0,8,03,22,2B,F3,55,55,55,55,
39016723,00000118,false,Rx,1,4,00,4A,65,00,00,00,00,00,
39026360,00000118,false,Rx,1,4,00,4B,65,00,00,00,00,00,
39028942,00000779,false,Rx,1,8,05,62,2B,F3,65,00,AA,AA,
39036694,00000118,false,Rx,1,4,00,4C,65,00,00,00,00,00,
39046341,00000118,false,Rx,1,4,00,4D,65,00,00,00,00,00,
39055083,000005BE,false,Rx,1,8,00,00,00,00,00,00,00,00,
39055192,0000054B,false,Rx,1,8,00,00,00,00,00,00,00,00,
39055298,000003DB,false,Rx,1,8,00,00,00,00,00,00,00,00,
39055403,000003C8,false,Rx,1,8,00,00,00,00,00,00,00,00,
39055511,000003BE,false,Rx,1,8,00,00,00,00,00,00,00,00,
39055617,00000392,false,Rx,1,8,00,00,00,00,00,00,00,00,
39055714,0000018C,false,Rx,1,8,00,00,00,00,00,00,00,00,
39056650,00000118,false,Rx,1,4,00,4E,65,00,00,00,00,00,
39066346,00000118,false,Rx,1,4,00,4F,65,00,00,00,00,00,
39076660,00000118,false,Rx,1,4,00,40,65,00,00,00,00,00,
39086345,00000118,false,Rx,1,4,00,41,65,00,00,00,00,00,
39096640,00000118,false,Rx,1,4,00,42,65,00,00,00,00,00,
39106292,00000118,false,Rx,1,4,00,43,65,00,00,00,00,00,
39116622,00000118,false,Rx,1,4,00,44,65,00,00,00,00,00,
39126278,00000118,false,Rx,1,4,00,45,65,00,00,00,00,00,
39136611,00000118,false,Rx,1,4,00,46,65,00,00,00,00,00,
39146265,00000118,false,Rx,1,4,00,47,65,00,00,00,00,00,
39155081,000005BE,false,Rx,1,8,00,00,00,00,00,00,00,00,
39155191,0000054B,false,Rx,1,8,00,00,00,00,00,00,00,00,
39155297,000003DB,false,Rx,1,8,00,00,00,00,00,00,00,00,
39155401,000003C8,false,Rx,1,8,00,00,00,00,00,00,00,00,
39155509,000003BE,false,Rx,1,8,00,00,00,00,00,00,00,00,
39155616,00000392,false,Rx,1,8,00,00,00,00,00,00,00,00,
39155712,0000018C,false,Rx,1,8,00,00,00,00,00,00,00,00,
39156575,00000118,false,Rx,1,4,00,48,65,00,00,00,00,00,
39156869,17F0000F,true,Rx,1,8,00,0F,00,00,00,00,00,80,
39166275,00000118,false,Rx,1,4,00,49,65,00,00,00,00,00,
39176559,00000118,false,Rx,1,4,00,4A,65,00,00,00,00,00,
39186271,00000118,false,Rx,1,4,00,4B,65,00,00,00,00,00,
39202715,00000118,false,Rx,1,4,00,4C,65,00,00,00,00,00,
39206397,00000118,false,Rx,1,4,00,4D,65,00,00,00,00,00,
39216550,00000118,false,Rx,1,4,00,4E,65,00,00,00,00,00,
39226358,00000118,false,Rx,1,4,00,4F,65,00,00,00,00,00,
39236549,00000118,false,Rx,1,4,00,40,65,00,00,00,00,00,
39246319,00000118,false,Rx,1,4,00,41,65,00,00,00,00,00,
39255786,000005BE,false,Rx,1,8,00,00,00,00,00,00,00,00,
39255888,0000054B,false,Rx,1,8,00,00,00,00,00,00,00,00,
39256004,000003DB,false,Rx,1,8,00,00,00,00,00,00,00,00,
39256112,000003C8,false,Rx,1,8,00,00,00,00,00,00,00,00,
39256217,000003BE,false,Rx,1,8,00,00,00,00,00,00,00,00,
39256323,00000392,false,Rx,1,8,00,00,00,00,00,00,00,00,
39256419,0000018C,false,Rx,1,8,00,00,00,00,00,00,00,00,
39256587,00000118,false,Rx,1,4,00,42,65,00,00,00,00,00,
39266303,00000118,false,Rx,1,4,00,43,65,00,00,00,00,00,
39276481,00000118,false,Rx,1,4,00,44,65,00,00,00,00,00,
39286332,00000118,false,Rx,1,4,00,45,65,00,00,00,00,00,
39296487,00000118,false,Rx,1,4,00,46,65,00,00,00,00,00,
39306314,00000118,false,Rx,1,4,00,47,65,00,00,00,00,00,
39316473,00000118,false,Rx,1,4,00,48,65,00,00,00,00,00,
39326298,00000118,false,Rx,1,4,00,49,65,00,00,00,00,00,
39336460,00000118,false,Rx,1,4,00,4A,65,00,00,00,00,00,
39340705,0000070F,false,Rx,0,8,03,22,2B,E6,55,55,55,55,
39346346,00000118,false,Rx,1,4,00,4B,65,00,00,00,00,00,
39355858,000005BE,false,Rx,1,8,00,00,00,00,00,00,00,00,
39355991,0000054B,false,Rx,1,8,00,00,00,00,00,00,00,00,
39356035,000003DB,false,Rx,1,8,00,00,00,00,00,00,00,00,
39356140,000003C8,false,Rx,1,8,00,00,00,00,00,00,00,00,
39356252,000003BE,false,Rx,1,8,00,00,00,00,00,00,00,00,
39356419,00000118,false,Rx,1,4,00,4C,65,00,00,00,00,00,
39356615,0000018C,false,Rx,1,8,00,00,00,00,00,00,00,00,
39358800,00000779,false,Rx,1,8,05,62,2B,E6,13,73,AA,AA,
39366320,00000118,false,Rx,1,4,00,4D,65,00,00,00,00,00,
39376409,00000118,false,Rx,1,4,00,4E,65,00,00,00,00,00,
39386106,00000118,false,Rx,1,4,00,4F,65,00,00,00,00,00,
39396410,00000118,false,Rx,1,4,00,40,65,00,00,00,00,00,
39406308,00000118,false,Rx,1,4,00,41,65,00,00,00,00,00,
39416396,00000118,false,Rx,1,4,00,42,65,00,00,00,00,00,
39426058,00000118,false,Rx,1,4,00,43,65,00,00,00,00,00,
39436370,00000118,false,Rx,1,4,00,44,65,00,00,00,00,00,
39446077,00000118,false,Rx,1,4,00,45,65,00,00,00,00,00,
39455779,000005BE,false,Rx,1,8,00,00,00,00,00,00,00,00,
39455889,0000054B,false,Rx,1,8,00,00,00,00,00,00,00,00,
39456011,000003DB,false,Rx,1,8,00,00,00,00,00,00,00,00,
39456105,000003C8,false,Rx,1,8,00,00,00,00,00,00,00,00,
39456217,000003BE,false,Rx,1,8,00,00,00,00,00,00,00,00,
39456375,00000118,false,Rx,1,4,00,46,65,00,00,00,00,00,
39456477,00000392,false,Rx,1,8,00,00,00,00,00,00,00,00,
39456578,0000018C,false,Rx,1,8,00,00,00,00,00,00,00,00,
39466066,00000118,false,Rx,1,4,00,47,65,00,00,00,00,00,
39476331,00000118,false,Rx,1,4,00,48,65,00,00,00,00,00,
39486075,00000118,false,Rx,1,4,00,49,65,00,00,00,00,00,
39496340,00000118,false,Rx,1,4,00,4A,65,00,00,00,00,00,
39506079,00000118,false,Rx,1,4,00,4B,65,00,00,00,00,00,
39516316,00000118,false,Rx,1,4,00,4C,65,00,00,00,00,00,
39526076,00000118,false,Rx,1,4,00,4D,65,00,00,00,00,00,
39536290,00000118,false,Rx,1,4,00,4E,65,00,00,00,00,00,
39546080,00000118,false,Rx,1,4,00,4F,65,00,00,00,00,00,
39555781,000005BE,false,Rx,1,8,00,00,00,00,00,00,00,00,
39555889,0000054B,false,Rx,1,8,00,00,00,00,00,00,00,00,
39556003,000003DB,false,Rx,1,8,00,00,00,00,00,00,00,00,
39556111,000003C8,false,Rx,1,8,00,00,00,00,00,00,00,00,
39556270,00000118,false,Rx,1,4,00,40,65,00,00,00,00,00,
39556373,000003BE,false,Rx,1,8,00,00,00,00,00,00,00,00,
39556480,00000392,false,Rx,1,8,00,00,00,00,00,00,00,00,
39556580,0000018C,false,Rx,1,8,00,00,00,00,00,00,00,00,
39566064,00000118,false,Rx,1,4,00,41,65,00,00,00,00,00,
39576255,00000118,false,Rx,1,4,00,42,65,00,00,00,00,00,
39586074,00000118,false,Rx,1,4,00,43,65,00,00,00,00,00,
39596656,00000118,false,Rx,1,4,00,44,65,00,00,00,00,00,
39606550,00000118,false,Rx,1,4,00,45,65,00,00,00,00,00,
39616626,00000118,false,Rx,1,4,00,46,65,00,00,00,00,00,
39626316,00000118,false,Rx,1,4,00,47,65,00,00,00,00,00,
39636615,00000118,false,Rx,1,4,00,48,65,00,00,00,00,00,
39646323,00000118,false,Rx,1,4,00,49,65,00,00,00,00,00,
39655784,000005BE,false,Rx,1,8,00,00,00,00,00,00,00,00,
39655892,0000054B,false,Rx,1,8,00,00,00,00,00,00,00,00,
39656003,000003DB,false,Rx,1,8,00,00,00,00,00,00,00,00,
39656102,000003C8,false,Rx,1,8,00,00,00,00,00,00,00,00,
39656215,000003BE,false,Rx,1,8,00,00,00,00,00,00,00,00,
39656317,00000392,false,Rx,1,8,00,00,00,00,00,00,00,00,
39656417,0000018C,false,Rx,1,8,00,00,00,00,00,00,00,00,
39656585,00000118,false,Rx,1,4,00,4A,65,00,00,00,00,00,
39656880,17F0000F,true,Rx,1,8,00,0F,00,00,00,00,00,80,
39664823,0000070F,false,Rx,0,8,03,22,2B,E7,55,55,55,55,
39666539,00000118,false,Rx,1,4,00,4B,65,00,00,00,00,00,
39676577,00000118,false,Rx,1,4,00,4C,65,00,00,00,00,00,
39678959,00000779,false,Rx,1,8,04,62,2B,E7,26,AA,AA,AA,
39686323,00000118,false,Rx,1,4,00,4D,65,00,00,00,00,00,
39696675,00000118,false,Rx,1,4,00,4E,65,00,00,00,00,00,
39708907,00000118,false,Rx,1,4,00,4F,65,00,00,00,00,00,
39717118,00000118,false,Rx,1,4,00,40,65,00,00,00,00,00,
39726236,00000118,false,Rx,1,4,00,41,65,00,00,00,00,00,
39736533,00000118,false,Rx,1,4,00,42,65,00,00,00,00,00,
39746235,00000118,false,Rx,1,4,00,43,65,00,00,00,00,00,
39755111,000005BE,false,Rx,1,8,00,00,00,00,00,00,00,00,
39755206,0000054B,false,Rx,1,8,00,00,00,00,00,00,00,00,
39755312,000003DB,false,Rx,1,8,00,00,00,00,00,00,00,00,
39755416,000003C8,false,Rx,1,8,00,00,00,00,00,00,00,00,
39755529,000003BE,false,Rx,1,8,00,00,00,00,00,00,00,00,
39755635,00000392,false,Rx,1,8,00,00,00,00,00,00,00,00,
39755732,0000018C,false,Rx,1,8,00,00,00,00,00,00,00,00,
39756514,00000118,false,Rx,1,4,00,44,65,00,00,00,00,00,
39766211,00000118,false,Rx,1,4,00,45,65,00,00,00,00,00,
39776513,00000118,false,Rx,1,4,00,46,65,00,00,00,00,00,
39786376,00000118,false,Rx,1,4,00,47,65,00,00,00,00,00,
39796510,00000118,false,Rx,1,4,00,48,65,00,00,00,00,00,
39806161,00000118,false,Rx,1,4,00,49,65,00,00,00,00,00,
39816491,00000118,false,Rx,1,4,00,4A,65,00,00,00,00,00,
39826147,00000118,false,Rx,1,4,00,4B,65,00,00,00,00,00,
39836455,00000118,false,Rx,1,4,00,4C,65,00,00,00,00,00,
39846155,00000118,false,Rx,1,4,00,4D,65,00,00,00,00,00,
39855079,000005BE,false,Rx,1,8,00,00,00,00,00,00,00,00,
39855188,0000054B,false,Rx,1,8,00,00,00,00,00,00,00,00,
39855293,000003DB,false,Rx,1,8,00,00,00,00,00,00,00,00,
39855398,000003C8,false,Rx,1,8,00,00,00,00,00,00,00,00,
39855506,000003BE,false,Rx,1,8,00,00,00,00,00,00,00,00,
39855612,00000392,false,Rx,1,8,00,00,00,00,00,00,00,00,
39855708,0000018C,false,Rx,1,8,00,00,00,00,00,00,00,00,
39856442,00000118,false,Rx,1,4,00,4E,65,00,00,00,00,00,
39866131,00000118,false,Rx,1,4,00,4F,65,00,00,00,00,00,
39876427,00000118,false,Rx,1,4,00,40,65,00,00,00,00,00,
39886107,00000118,false,Rx,1,4,00,41,65,00,00,00,00,00,
39896429,00000118,false,Rx,1,4,00,42,65,00,00,00,00,00,
39906084,00000118,false,Rx,1,4,00,43,65,00,00,00,00,00,
39916413,00000118,false,Rx,1,4,00,44,65,00,00,00,00,00,
39926068,00000118,false,Rx,1,4,00,45,65,00,00,00,00,00,
39936380,00000118,false,Rx,1,4,00,46,65,00,00,00,00,00,
39946078,00000118,false,Rx,1,4,00,47,65,00,00,00,00,00,
39955076,000005BE,false,Rx,1,8,00,00,00,00,00,00,00,00,
39955184,0000054B,false,Rx,1,8,00,00,00,00,00,00,00,00,
39955291,000003DB,false,Rx,1,8,00,00,00,00,00,00,00,00,
39955395,000003C8,false,Rx,1,8,00,00,00,00,00,00,00,00,
39955503,000003BE,false,Rx,1,8,00,00,00,00,00,00,00,00,
39955609,00000392,false,Rx,1,8,00,00,00,00,00,00,00,00,
39955706,0000018C,false,Rx,1,8,00,00,00,00,00,00,00,00,
39956365,00000118,false,Rx,1,4,00,48,65,00,00,00,00,00,
39966059,00000118,false,Rx,1,4,00,49,65,00,00,00,00,00,
39971973,0000070F,false,Rx,0,8,03,22,2B,E9,55,55,55,55,
39976408,00000118,false,Rx,1,4,00,4A,65,00,00,00,00,00,
39986024,00000118,false,Rx,1,4,00,4B,65,00,00,00,00,00,
39988511,00000779,false,Rx,1,8,05,62,2B,E9,32,00,AA,AA,
39996363,00000118,false,Rx,1,4,00,4C,65,00,00,00,00,00,
40006009,00000118,false,Rx,1,4,00,4D,65,00,00,00,00,00,
40016343,00000118,false,Rx,1,4,00,4E,65,00,00,00,00,00,
40025992,00000118,false,Rx,1,4,00,4F,65,00,00,00,00,00,
40036376,00000118,false,Rx,1,4,00,40,65,00,00,00,00,00,
40045999,00000118,false,Rx,1,4,00,41,65,00,00,00,00,00,
40055079,000005BE,false,Rx,1,8,00,00,00,00,00,00,00,00,
40055187,0000054B,false,Rx,1,8,00,00,00,00,00,00,00,00,
40055293,000003DB,false,Rx,1,8,00,00,00,00,00,00,00,00,
40055392,000003C8,false,Rx,1,8,00,00,00,00,00,00,00,00,
40055506,000003BE,false,Rx,1,8,00,00,00,00,00,00,00,00,
40055612,00000392,false,Rx,1,8,00,00,00,00,00,00,00,00,
40055708,0000018C,false,Rx,1,8,00,00,00,00,00,00,00,00,
40056289,00000118,false,Rx,1,4,00,42,65,00,00,00,00,00,
40065985,00000118,false,Rx,1,4,00,43,65,00,00,00,00,00,
40076278,00000118,false,Rx,1,4,00,44,65,00,00,00,00,00,
40085956,00000118,false,Rx,1,4,00,45,65,00,00,00,00,00,
40096276,00000118,false,Rx,1,4,00,46,65,00,00,00,00,00,
40105952,00000118,false,Rx,1,4,00,47,65,00,00,00,00,00,
40116267,00000118,false,Rx,1,4,00,48,65,00,00,00,00,00,
40125917,00000118,false,Rx,1,4,00,49,65,00,00,00,00,00,
40136376,00000118,false,Rx,1,4,00,4A,65,00,00,00,00,00,
40145939,00000118,false,Rx,1,4,00,4B,65,00,00,00,00,00,
40155091,000005BE,false,Rx,1,8,00,00,00,00,00,00,00,00,
40155192,0000054B,false,Rx,1,8,00,00,00,00,00,00,00,00,
40155302,000003DB,false,Rx,1,8,00,00,00,00,00,00,00,00,
40155407,000003C8,false,Rx,1,8,00,00,00,00,00,00,00,00,
40155515,000003BE,false,Rx,1,8,00,00,00,00,00,00,00,00,
40155617,00000392,false,Rx,1,8,00,00,00,00,00,00,00,00,
40155717,0000018C,false,Rx,1,8,00,00,00,00,00,00,00,00,
40156211,00000118,false,Rx,1,4,00,4C,65,00,00,00,00,00,
40156505,17F0000F,true,Rx,1,8,00,0F,00,00,00,00,00,80,
40165918,00000118,false,Rx,1,4,00,4D,65,00,00,00,00,00,
40176197,00000118,false,Rx,1,4,00,4E,65,00,00,00,00,00,
40185871,00000118,false,Rx,1,4,00,4F,65,00,00,00,00,00,
40196827,00000118,false,Rx,1,4,00,40,65,00,00,00,00,00,
40211960,00000118,false,Rx,1,4,00,41,65,00,00,00,00,00,
40217505,00000118,false,Rx,1,4,00,42,65,00,00,00,00,00,
40225938,00000118,false,Rx,1,4,00,43,65,00,00,00,00,00,
40236150,00000118,false,Rx,1,4,00,44,65,00,00,00,00,00,
40245844,00000118,false,Rx,1,4,00,45,65,00,00,00,00,00,
40255542,000005BE,false,Rx,1,8,00,00,00,00,00,00,00,00,
40255643,0000054B,false,Rx,1,8,00,00,00,00,00,00,00,00,
40255753,000003DB,false,Rx,1,8,00,00,00,00,00,00,00,00,
40255858,000003C8,false,Rx,1,8,00,00,00,00,00,00,00,00,
40256033,000003BE,false,Rx,1,8,00,00,00,00,00,00,00,00,
40256141,00000118,false,Rx,1,4,00,46,65,00,00,00,00,00,
40256337,0000018C,false,Rx,1,8,00,00,00,00,00,00,00,00,
40265836,00000118,false,Rx,1,4,00,47,65,00,00,00,00,00,
40276121,00000118,false,Rx,1,4,00,48,65,00,00,00,00,00,
40285802,00000118,false,Rx,1,4,00,49,65,00,00,00,00,00,
40286581,0000070F,false,Rx,0,8,03,22,2B,F3,55,55,55,55,
40296151,00000118,false,Rx,1,4,00,4A,65,00,00,00,00,00,
40305779,00000118,false,Rx,1,4,00,4B,65,00,00,00,00,00,
40308215,00000779,false,Rx,1,8,05,62,2B,F3,65,00,AA,AA,
40316120,00000118,false,Rx,1,4,00,4C,65,00,00,00,00,00,
40325773,00000118,false,Rx,1,4,00,4D,65,00,00,00,00,00,
40336077,00000118,false,Rx,1,4,00,4E,65,00,00,00,00,00,
40345768,00000118,false,Rx,1,4,00,4F,65,00,00,00,00,00,
40355542,000005BE,false,Rx,1,8,00,00,00,00,00,00,00,00,
40355635,0000054B,false,Rx,1,8,00,00,00,00,00,00,00,00,
40355742,000003DB,false,Rx,1,8,00,00,00,00,00,00,00,00,
40355850,000003C8,false,Rx,1,8,00,00,00,00,00,00,00,00,
40356030,000003BE,false,Rx,1,8,00,00,00,00,00,00,00,00,
40356127,00000118,false,Rx,1,4,00,40,65,00,00,00,00,00,
40356222,00000392,false,Rx,1,8,00,00,00,00,00,00,00,00,
40356329,0000018C,false,Rx,1,8,00,00,00,00,00,00,00,00,
40365756,00000118,false,Rx,1,4,00,41,65,00,00,00,00,00,
40376282,00000118,false,Rx,1,4,00,42,65,00,00,00,00,00,
40385737,00000118,false,Rx,1,4,00,43,65,00,00,00,00,00,
40396054,00000118,false,Rx,1,4,00,44,65,00,00,00,00,00,
40405712,00000118,false,Rx,1,4,00,45,65,00,00,00,00,00,
40416017,00000118,false,Rx,1,4,00,46,65,00,00,00,00,00,
40425707,00000118,false,Rx,1,4,00,47,65,00,00,00,00,00,
40435999,00000118,false,Rx,1,4,00,48,65,00,00,00,00,00,
40445694,00000118,false,Rx,1,4,00,49,65,00,00,00,00,00,
40455532,000005BE,false,Rx,1,8,00,00,00,00,00,00,00,00,
40455632,0000054B,false,Rx,1,8,00,00,00,00,00,00,00,00,
40455743,000003DB,false,Rx,1,8,00,00,00,00,00,00,00,00,
40455847,000003C8,false,Rx,1,8,00,00,00,00,00,00,00,00,
40456013,00000118,false,Rx,1,4,00,4A,65,00,00,00,00,00,
40456112,000003BE,false,Rx,1,8,00,00,00,00,00,00,00,00,
40456220,00000392,false,Rx,1,8,00,00,00,00,00,00,00,00,
40456322,0000018C,false,Rx,1,8,00,00,00,00,00,00,00,00,
40465681,00000118,false,Rx,1,4,00,4B,65,00,00,00,00,00,
40475972,00000118,false,Rx,1,4,00,4C,65,00,00,00,00,00,
40485647,00000118,false,Rx,1,4,00,4D,65,00,00,00,00,00,
40495973,00000118,false,Rx,1,4,00,4E,65,00,00,00,00,00,
40505627,00000118,false,Rx,1,4,00,4F,65,00,00,00,00,00,
40515956,00000118,false,Rx,1,4,00,40,65,00,00,00,00,00,
40525638,00000118,false,Rx,1,4,00,41,65,00,00,00,00,00,
40535943,00000118,false,Rx,1,4,00,42,65,00,00,00,00,00,
40545614,00000118,false,Rx,1,4,00,43,65,00,00,00,00,00,
40555532,000005BE,false,Rx,1,8,00,00,00,00,00,00,00,00,
40555640,0000054B,false,Rx,1,8,00,00,00,00,00,00,00,00,
40555747,000003DB,false,Rx,1,8,00,00,00,00,00,00,00,00,
40555907,00000118,false,Rx,1,4,00,44,65,00,00,00,00,00,
40556021,000003C8,false,Rx,1,8,00,00,00,00,00,00,00,00,
40556114,000003BE,false,Rx,1,8,00,00,00,00,00,00,00,00,
40556221,00000392,false,Rx,1,8,00,00,00,00,00,00,00,00,
40556322,0000018C,false,Rx,1,8,00,00,00,00,00,00,00,00,
40565606,00000118,false,Rx,1,4,00,45,65,00,00,00,00,00,
40575894,00000118,false,Rx,1,4,00,46,65,00,00,00,00,00,
40585639,00000118,false,Rx,1,4,00,47,65,00,00,00,00,00,
40595914,00000118,false,Rx,1,4,00,48,65,00,00,00,00,00,
40605552,00000118,false,Rx,1,4,00,49,65,00,00,00,00,00,
40615253,0000070F,false,Rx,0,8,03,22,2B,E6,55,55,55,55,
40616072,00000118,false,Rx,1,4,00,4A,65,00,00,00,00,00,
40625579,00000118,false,Rx,1,4,00,4B,65,00,00,00,00,00,
40635860,00000118,false,Rx,1,4,00,4C,65,00,00,00,00,00,
40638224,00000779,false,Rx,1,8,05,62,2B,E6,13,BC,AA,AA,
40645554,00000118,false,Rx,1,4,00,4D,65,00,00,00,00,00,
40655539,000005BE,false,Rx,1,8,00,00,00,00,00,00,00,00,
40655648,0000054B,false,Rx,1,8,00,00,00,00,00,00,00,00,
40655754,000003DB,false,Rx,1,8,00,00,00,00,00,00,00,00,
40655911,00000118,false,Rx,1,4,00,4E,65,00,00,00,00,00,
40656015,000003C8,false,Rx,1,8,00,00,00,00,00,00,00,00,
40656300,17F0000F,true,Rx,1,8,00,0F,00,00,00,00,00,80,
40656404,000003BE,false,Rx,1,8,00,00,00,00,00,00,00,00,
40656510,00000392,false,Rx,1,8,00,00,00,00,00,00,00,00,
40656621,0000018C,false,Rx,1,8,00,00,00,00,00,00,00,00,
40665536,00000118,false,Rx,1,4,00,4F,65,00,00,00,00,00,
40675819,00000118,false,Rx,1,4,00,40,65,00,00,00,00,00,
40685494,00000118,false,Rx,1,4,00,41,65,00,00,00,00,00,
40695855,00000118,false,Rx,1,4,00,42,65,00,00,00,00,00,
40705538,00000118,false,Rx,1,4,00,43,65,00,00,00,00,00,
40715859,00000118,false,Rx,1,4,00,44,65,00,00,00,00,00,
40725571,00000118,false,Rx,1,4,00,45,65,00,00,00,00,00,
40735700,00000118,false,Rx,1,4,00,46,65,00,00,00,00,00,
40745537,00000118,false,Rx,1,4,00,47,65,00,00,00,00,00,
40755088,000005BE,false,Rx,1,8,00,00,00,00,00,00,00,00,
40755197,0000054B,false,Rx,1,8,00,00,00,00,00,00,00,00,
40755303,000003DB,false,Rx,1,8,00,00,00,00,00,00,00,00,
40755408,000003C8,false,Rx,1,8,00,00,00,00,00,00,00,00,
40755516,000003BE,false,Rx,1,8,00,00,00,00,00,00,00,00,
40755681,00000118,false,Rx,1,4,00,48,65,00,00,00,00,00,
40755783,00000392,false,Rx,1,8,00,00,00,00,00,00,00,00,
40755884,0000018C,false,Rx,1,8,00,00,00,00,00,00,00,00,
40765507,00000118,false,Rx,1,4,00,49,65,00,00,00,00,00,
40775697,00000118,false,Rx,1,4,00,4A,65,00,00,00,00,00,
40785489,00000118,false,Rx,1,4,00,4B,65,00,00,00,00,00,
40795671,00000118,false,Rx,1,4,00,4C,65,00,00,00,00,00,
40805475,00000118,false,Rx,1,4,00,4D,65,00,00,00,00,00,
40815636,00000118,false,Rx,1,4,00,4E,65,00,00,00,00,00,
40825476,00000118,false,Rx,1,4,00,4F,65,00,00,00,00,00,
40835622,00000118,false,Rx,1,4,00,40,65,00,00,00,00,00,
40845466,00000118,false,Rx,1,4,00,41,65,00,00,00,00,00,
40855080,000005BE,false,Rx,1,8,00,00,00,00,00,00,00,00,
40855189,0000054B,false,Rx,1,8,00,00,00,00,00,00,00,00,
40855295,000003DB,false,Rx,1,8,00,00,00,00,00,00,00,00,
40855399,000003C8,false,Rx,1,8,00,00,00,00,00,00,00,00,
40855507,000003BE,false,Rx,1,8,00,00,00,00,00,00,00,00,
40855665,00000118,false,Rx,1,4,00,42,65,00,00,00,00,00,
40855767,00000392,false,Rx,1,8,00,00,00,00,00,00,00,00,
40855868,0000018C,false,Rx,1,8,00,00,00,00,00,00,00,00,
40865425,00000118,false,Rx,1,4,00,43,65,00,00,00,00,00,
40875610,00000118,false,Rx,1,4,00,44,65,00,00,00,00,00,
40885413,00000118,false,Rx,1,4,00,45,65,00,00,00,00,00,
40895594,00000118,false,Rx,1,4,00,46,65,00,00,00,00,00,
40905396,00000118,false,Rx,1,4,00,47,65,00,00,00,00,00,
40915561,00000118,false,Rx,1,4,00,48,65,00,00,00,00,00,
40925402,00000118,false,Rx,1,4,00,49,65,00,00,00,00,00,
40935545,00000118,false,Rx,1,4,00,4A,65,00,00,00,00,00,
40945383,00000118,false,Rx,1,4,00,4B,65,00,00,00,00,00,
40952028,0000070F,false,Rx,0,8,03,22,2B,E7,55,55,55,55,
40955082,000005BE,false,Rx,1,8,00,00,00,00,00,00,00,00,
40955181,0000054B,false,Rx,1,8,00,00,00,00,00,00,00,00,
40955287,000003DB,false,Rx,1,8,00,00,00,00,00,00,00,00,
40955396,000003C8,false,Rx,1,8,00,00,00,00,00,00,00,00,
40955554,00000118,false,Rx,1,4,00,4C,65,00,00,00,00,00,
40955658,000003BE,false,Rx,1,8,00,00,00,00,00,00,00,00,
40955764,00000392,false,Rx,1,8,00,00,00,00,00,00,00,00,
40955864,0000018C,false,Rx,1,8,00,00,00,00,00,00,00,00,
40965353,00000118,false,Rx,1,4,00,4D,65,00,00,00,00,00,
40967834,00000779,false,Rx,1,8,04,62,2B,E7,26,AA,AA,AA,
40975548,00000118,false,Rx,1,4,00,4E,65,00,00,00,00,00,
40985334,00000118,false,Rx,1,4,00,4F,65,00,00,00,00,00,
40995518,00000118,false,Rx,1,4,00,40,65,00,00,00,00,00,
41005325,00000118,false,Rx,1,4,00,41,65,00,00,00,00,00,
41015486,00000118,false,Rx,1,4,00,42,65,00,00,00,00,00,
41025322,00000118,false,Rx,1,4,00,43,65,00,00,00,00,00,
41035471,00000118,false,Rx,1,4,00,44,65,00,00,00,00,00,
41045312,00000118,false,Rx,1,4,00,45,65,00,00,00,00,00,
41055078,000005BE,false,Rx,1,8,00,00,00,00,00,00,00,00,
41055186,0000054B,false,Rx,1,8,00,00,00,00,00,00,00,00,
41055293,000003DB,false,Rx,1,8,00,00,00,00,00,00,00,00,
41055454,00000118,false,Rx,1,4,00,46,65,00,00,00,00,00,
41055554,000003C8,false,Rx,1,8,00,00,00,00,00,00,00,00,
41055662,000003BE,false,Rx,1,8,00,00,00,00,00,00,00,00,
41055768,00000392,false,Rx,1,8,00,00,00,00,00,00,00,00,
41055869,0000018C,false,Rx,1,8,00,00,00,00,00,00,00,00,
41065273,00000118,false,Rx,1,4,00,47,65,00,00,00,00,00,
41075463,00000118,false,Rx,1,4,00,48,65,00,00,00,00,00,
41085261,00000118,false,Rx,1,4,00,49,65,00,00,00,00,00,
41095442,00000118,false,Rx,1,4,00,4A,65,00,00,00,00,00,
41105245,00000118,false,Rx,1,4,00,4B,65,00,00,00,00,00,
41115405,00000118,false,Rx,1,4,00,4C,65,00,00,00,00,00,
41125259,00000118,false,Rx,1,4,00,4D,65,00,00,00,00,00,
41135395,00000118,false,Rx,1,4,00,4E,65,00,00,00,00,00,
41145232,00000118,false,Rx,1,4,00,4F,65,00,00,00,00,00,
41155086,000005BE,false,Rx,1,8,00,00,00,00,00,00,00,00,
41155188,0000054B,false,Rx,1,8,00,00,00,00,00,00,00,00,
41155299,000003DB,false,Rx,1,8,00,00,00,00,00,00,00,00,
41155457,00000118,false,Rx,1,4,00,40,65,00,00,00,00,00,
41155556,000003C8,false,Rx,1,8,00,00,00,00,00,00,00,00,
41155845,17F0000F,true,Rx,1,8,00,0F,00,00,00,00,00,80,
41156054,000003BE,false,Rx,1,8,00,00,00,00,00,00,00,00,
41156066,00000392,false,Rx,1,8,00,00,00,00,00,00,00,00,
41156176,0000018C,false,Rx,1,8,00,00,00,00,00,00,00,00,
41165211,00000118,false,Rx,1,4,00,41,65,00,00,00,00,00,
41175385,00000118,false,Rx,1,4,00,42,65,00,00,00,00,00,
41185203,00000118,false,Rx,1,4,00,43,65,00,00,00,00,00,
41201886,00000118,false,Rx,1,4,00,44,65,00,00,00,00,00,
41205106,00000118,false,Rx,1,4,00,45,65,00,00,00,00,00,
41215448,00000118,false,Rx,1,4,00,46,65,00,00,00,00,00,
41225103,00000118,false,Rx,1,4,00,47,65,00,00,00,00,00,
41235411,00000118,false,Rx,1,4,00,48,65,00,00,00,00,00,
41245085,00000118,false,Rx,1,4,00,49,65,00,00,00,00,00,
41255097,000005BE,false,Rx,1,8,00,00,00,00,00,00,00,00,
41255194,0000054B,false,Rx,1,8,00,00,00,00,00,00,00,00,
41255299,000003DB,false,Rx,1,8,00,00,00,00,00,00,00,00,
41255462,00000118,false,Rx,1,4,00,4A,65,00,00,00,00,00,
41255562,000003C8,false,Rx,1,8,00,00,00,00,00,00,00,00,
41255670,000003BE,false,Rx,1,8,00,00,00,00,00,00,00,00,
41255776,00000392,false,Rx,1,8,00,00,00,00,00,00,00,00,
41255877,0000018C,false,Rx,1,8,00,00,00,00,00,00,00,00,
41264774,0000070F,false,Rx,0,8,03,22,2B,E9,55,55,55,55,
41265077,00000118,false,Rx,1,4,00,4B,65,00,00,00,00,00,
41275383,00000118,false,Rx,1,4,00,4C,65,00,00,00,00,00,
41285096,00000118,false,Rx,1,4,00,4D,65,00,00,00,00,00,
41287541,00000779,false,Rx,1,8,05,62,2B,E9,31,00,AA,AA,
41295365,00000118,false,Rx,1,4,00,4E,65,00,00,00,00,00,
41305085,00000118,false,Rx,1,4,00,4F,65,00,00,00,00,00,
41315349,00000118,false,Rx,1,4,00,40,65,00,00,00,00,00,
41325085,00000118,false,Rx,1,4,00,41,65,00,00,00,00,00,
41335334,00000118,false,Rx,1,4,00,42,65,00,00,00,00,00,
41345076,00000118,false,Rx,1,4,00,43,65,00,00,00,00,00,
41355076,000005BE,false,Rx,1,8,00,00,00,00,00,00,00,00,
41355185,0000054B,false,Rx,1,8,00,00,00,00,00,00,00,00,
41355341,00000118,false,Rx,1,4,00,44,65,00,00,00,00,00,
41355443,000003DB,false,Rx,1,8,00,00,00,00,00,00,00,00,
41355546,000003C8,false,Rx,1,8,00,00,00,00,00,00,00,00,
41355655,000003BE,false,Rx,1,8,00,00,00,00,00,00,00,00,
41355762,00000392,false,Rx,1,8,00,00,00,00,00,00,00,00,
41355862,0000018C,false,Rx,1,8,00,00,00,00,00,00,00,00,
41365073,00000118,false,Rx,1,4,00,45,65,00,00,00,00,00,
41375283,00000118,false,Rx,1,4,00,46,65,00,00,00,00,00,
41385087,00000118,false,Rx,1,4,00,47,65,00,00,00,00,00,
41395270,00000118,false,Rx,1,4,00,48,65,00,00,00,00,00,
41405080,00000118,false,Rx,1,4,00,49,65,00,00,00,00,00,
41415283,00000118,false,Rx,1,4,00,4A,65,00,00,00,00,00,
41425079,00000118,false,Rx,1,4,00,4B,65,00,00,00,00,00,
41435256,00000118,false,Rx,1,4,00,4C,65,00,00,00,00,00,
41445085,00000118,false,Rx,1,4,00,4D,65,00,00,00,00,00,
41455076,000005BE,false,Rx,1,8,00,00,00,00,00,00,00,00,
41455238,00000118,false,Rx,1,4,00,4E,65,00,00,00,00,00,
41455337,0000054B,false,Rx,1,8,00,00,00,00,00,00,00,00,
41455444,000003DB,false,Rx,1,8,00,00,00,00,00,00,00,00,
41455550,000003C8,false,Rx,1,8,00,00,00,00,00,00,00,00,
41455658,000003BE,false,Rx,1,8,00,00,00,00,00,00,00,00,
41455764,00000392,false,Rx,1,8,00,00,00,00,00,00,00,00,
41455865,0000018C,false,Rx,1,8,00,00,00,00,00,00,00,00,
41465079,00000118,false,Rx,1,4,00,4F,65,00,00,00,00,00,
41475209,00000118,false,Rx,1,4,00,40,65,00,00,00,00,00,
41485091,00000118,false,Rx,1,4,00,41,65,00,00,00,00,00,
41495192,00000118,false,Rx,1,4,00,42,65,00,00,00,00,00,
41504846,00000118,false,Rx,1,4,00,43,65,00,00,00,00,00,
41515195,00000118,false,Rx,1,4,00,44,65,00,00,00,00,00,
41524834,00000118,false,Rx,1,4,00,45,65,00,00,00,00,00,
41535182,00000118,false,Rx,1,4,00,46,65,00,00,00,00,00,
41544862,00000118,false,Rx,1,4,00,47,65,00,00,00,00,00,
41555075,000005BE,false,Rx,1,8,00,00,00,00,00,00,00,00,
41555184,0000054B,false,Rx,1,8,00,00,00,00,00,00,00,00,
41555290,000003DB,false,Rx,1,8,00,00,00,00,00,00,00,00,
41555394,000003C8,false,Rx,1,8,00,00,00,00,00,00,00,00,
41555502,000003BE,false,Rx,1,8,00,00,00,00,00,00,00,00,
41555660,00000118,false,Rx,1,4,00,48,65,00,00,00,00,00,
41555761,00000392,false,Rx,1,8,00,00,00,00,00,00,00,00,
41555863,0000018C,false,Rx,1,8,00,00,00,00,00,00,00,00,
41565327,00000118,false,Rx,1,4,00,49,65,00,00,00,00,00,
41575514,00000118,false,Rx,1,4,00,4A,65,00,00,00,00,00,
41580444,0000070F,false,Rx,0,8,03,22,2B,F3,55,55,55,55,
41585503,00000118,false,Rx,1,4,00,4B,65,00,00,00,00,00,
41595516,00000118,false,Rx,1,4,00,4C,65,00,00,00,00,00,
41597844,00000779,false,Rx,1,8,05,62,2B,F3,65,00,AA,AA,
41605330,00000118,false,Rx,1,4,00,4D,65,00,00,00,00,00,
41615519,00000118,false,Rx,1,4,00,4E,65,00,00,00,00,00,
41625397,00000118,false,Rx,1,4,00,4F,65,00,00,00,00,00,
41635506,00000118,false,Rx,1,4,00,40,65,00,00,00,00,00,
41645324,00000118,false,Rx,1,4,00,41,65,00,00,00,00,00,
41655078,000005BE,false,Rx,1,8,00,00,00,00,00,00,00,00,
41655187,0000054B,false,Rx,1,8,00,00,00,00,00,00,00,00,
41655293,000003DB,false,Rx,1,8,00,00,00,00,00,00,00,00,
41655397,000003C8,false,Rx,1,8,00,00,00,00,00,00,00,00,
41655555,00000118,false,Rx,1,4,00,42,65,00,00,00,00,00,
41655659,000003BE,false,Rx,1,8,00,00,00,00,00,00,00,00,
41656051,17F0000F,true,Rx,1,8,00,0F,00,00,00,00,00,80,
41656074,00000392,false,Rx,1,8,00,00,00,00,00,00,00,00,
41656157,0000018C,false,Rx,1,8,00,00,00,00,00,00,00,00,
41665319,00000118,false,Rx,1,4,00,43,65,00,00,00,00,00,
41675453,00000118,false,Rx,1,4,00,44,65,00,00,00,00,00,
41685165,00000118,false,Rx,1,4,00,45,65,00,00,00,00,00,
41695467,00000118,false,Rx,1,4,00,46,65,00,00,00,00,00,
41705394,00000118,false,Rx,1,4,00,47,65,00,00,00,00,00,
41715466,00000118,false,Rx,1,4,00,48,65,00,00,00,00,00,
41725100,00000118,false,Rx,1,4,00,49,65,00,00,00,00,00,
41735429,00000118,false,Rx,1,4,00,4A,65,00,00,00,00,00,
41745083,00000118,false,Rx,1,4,00,4B,65,00,00,00,00,00,
41755327,000005BE,false,Rx,1,8,00,00,00,00,00,00,00,00,
41755488,00000118,false,Rx,1,4,00,4C,65,00,00,00,00,00,
41755587,0000054B,false,Rx,1,8,00,00,00,00,00,00,00,00,
41755694,000003DB,false,Rx,1,8,00,00,00,00,00,00,00,00,
41755798,000003C8,false,Rx,1,8,00,00,00,00,00,00,00,00,
41755906,000003BE,false,Rx,1,8,00,00,00,00,00,00,00,00,
41756046,00000392,false,Rx,1,8,00,00,00,00,00,00,00,00,
41756113,0000018C,false,Rx,1,8,00,00,00,00,00,00,00,00,
41765088,00000118,false,Rx,1,4,00,4D,65,00,00,00,00,00,
41775379,00000118,false,Rx,1,4,00,4E,65,00,00,00,00,00,
41785070,00000118,false,Rx,1,4,00,4F,65,00,00,00,00,00,
41795378,00000118,false,Rx,1,4,00,40,65,00,00,00,00,00,
41805041,00000118,false,Rx,1,4,00,41,65,00,00,00,00,00,
41815368,00000118,false,Rx,1,4,00,42,65,00,00,00,00,00,
41825024,00000118,false,Rx,1,4,00,43,65,00,00,00,00,00,
41835351,00000118,false,Rx,1,4,00,44,65,00,00,00,00,00,
41845006,00000118,false,Rx,1,4,00,45,65,00,00,00,00,00,
41855377,00000118,false,Rx,1,4,00,46,65,00,00,00,00,00,
41855483,000005BE,false,Rx,1,8,00,00,00,00,00,00,00,00,
41855588,0000054B,false,Rx,1,8,00,00,00,00,00,00,00,00,
41855694,000003DB,false,Rx,1,8,00,00,00,00,00,00,00,00,
41855798,000003C8,false,Rx,1,8,00,00,00,00,00,00,00,00,
41855906,000003BE,false,Rx,1,8,00,00,00,00,00,00,00,00,
41856033,00000392,false,Rx,1,8,00,00,00,00,00,00,00,00,
41856113,0000018C,false,Rx,1,8,00,00,00,00,00,00,00,00,
41865014,00000118,false,Rx,1,4,00,47,65,00,00,00,00,00,
41875304,00000118,false,Rx,1,4,00,48,65,00,00,00,00,00,
41884998,00000118,false,Rx,1,4,00,49,65,00,00,00,00,00,
41895292,00000118,false,Rx,1,4,00,4A,65,00,00,00,00,00,
41904828,0000070F,false,Rx,0,8,03,22,2B,E6,55,55,55,55,
41904978,00000118,false,Rx,1,4,00,4B,65,00,00,00,00,00,
41915314,00000118,false,Rx,1,4,00,4C,65,00,00,00,00,00,
41924955,00000118,false,Rx,1,4,00,4D,65,00,00,00,00,00,
41927430,00000779,false,Rx,1,8,05,62,2B,E6,12,C7,AA,AA,
41935288,00000118,false,Rx,1,4,00,4E,65,00,00,00,00,00,
41944950,00000118,false,Rx,1,4,00,4F,65,00,00,00,00,00,
41955378,00000118,false,Rx,1,4,00,40,65,00,00,00,00,00,
41955483,000005BE,false,Rx,1,8,00,00,00,00,00,00,00,00,
41955587,0000054B,false,Rx,1,8,00,00,00,00,00,00,00,00,
41955693,000003DB,false,Rx,1,8,00,00,00,00,00,00,00,00,
41955798,000003C8,false,Rx,1,8,00,00,00,00,00,00,00,00,
41955906,000003BE,false,Rx,1,8,00,00,00,00,00,00,00,00,
41956041,00000392,false,Rx,1,8,00,00,00,00,00,00,00,00,
41956118,0000018C,false,Rx,1,8,00,00,00,00,00,00,00,00,
41964955,00000118,false,Rx,1,4,00,41,65,00,00,00,00,00,
41975227,00000118,false,Rx,1,4,00,42,65,00,00,00,00,00,
41984940,00000118,false,Rx,1,4,00,43,65,00,00,00,00,00,
41995210,00000118,false,Rx,1,4,00,44,65,00,00,00,00,00,
42004889,00000118,false,Rx,1,4,00,45,65,00,00,00,00,00,
42015216,00000118,false,Rx,1,4,00,46,65,00,00,00,00,00,
42024850,00000118,false,Rx,1,4,00,47,65,00,00,00,00,00,
42035200,00000118,false,Rx,1,4,00,48,65,00,00,00,00,00,
42044840,00000118,false,Rx,1,4,00,49,65,00,00,00,00,00,
42055389,00000118,false,Rx,1,4,00,4A,65,00,00,00,00,00,
42055483,000005BE,false,Rx,1,8,00,00,00,00,00,00,00,00,
42055595,0000054B,false,Rx,1,8,00,00,00,00,00,00,00,00,
42055701,000003DB,false,Rx,1,8,00,00,00,00,00,00,00,00,
42055806,000003C8,false,Rx,1,8,00,00,00,00,00,00,00,00,
42055914,000003BE,false,Rx,1,8,00,00,00,00,00,00,00,00,
42056058,00000392,false,Rx,1,8,00,00,00,00,00,00,00,00,
42056121,0000018C,false,Rx,1,8,00,00,00,00,00,00,00,00,
42064842,00000118,false,Rx,1,4,00,4B,65,00,00,00,00,00,
42075152,00000118,false,Rx,1,4,00,4C,65,00,00,00,00,00,
42084844,00000118,false,Rx,1,4,00,4D,65,00,00,00,00,00,
42095137,00000118,false,Rx,1,4,00,4E,65,00,00,00,00,00,
42104857,00000118,false,Rx,1,4,00,4F,65,00,00,00,00,00,
42115141,00000118,false,Rx,1,4,00,40,65,00,00,00,00,00,
42124842,00000118,false,Rx,1,4,00,41,65,00,00,00,00,00,
42135125,00000118,false,Rx,1,4,00,42,65,00,00,00,00,00,
42145034,00000118,false,Rx,1,4,00,43,65,00,00,00,00,00,
42155323,000005BE,false,Rx,1,8,00,00,00,00,00,00,00,00,
42155490,00000118,false,Rx,1,4,00,44,65,00,00,00,00,00,
42155589,0000054B,false,Rx,1,8,00,00,00,00,00,00,00,00,
42155878,17F0000F,true,Rx,1,8,00,0F,00,00,00,00,00,80,
42156013,000003DB,false,Rx,1,8,00,00,00,00,00,00,00,00,
42156083,000003C8,false,Rx,1,8,00,00,00,00,00,00,00,00,
42156202,000003BE,false,Rx,1,8,00,00,00,00,00,00,00,00,
42156317,00000392,false,Rx,1,8,00,00,00,00,00,00,00,00,
42156422,0000018C,false,Rx,1,8,00,00,00,00,00,00,00,00,
42165370,00000118,false,Rx,1,4,00,45,65,00,00,00,00,00,
42175476,00000118,false,Rx,1,4,00,46,65,00,00,00,00,00,
42185181,00000118,false,Rx,1,4,00,47,65,00,00,00,00,00,
42202727,00000118,false,Rx,1,4,00,48,65,00,00,00,00,00,
42205184,00000118,false,Rx,1,4,00,49,65,00,00,00,00,00,
42215484,00000118,false,Rx,1,4,00,4A,65,00,00,00,00,00,
42222551,0000070F,false,Rx,0,8,03,22,2B,E7,55,55,55,55,
42225140,00000118,false,Rx,1,4,00,4B,65,00,00,00,00,00,
42235447,00000118,false,Rx,1,4,00,4C,65,00,00,00,00,00,
42237827,00000779,false,Rx,1,8,04,62,2B,E7,25,AA,AA,AA,
42245121,00000118,false,Rx,1,4,00,4D,65,00,00,00,00,00,
42255319,000005BE,false,Rx,1,8,00,00,00,00,00,00,00,00,
42255482,00000118,false,Rx,1,4,00,4E,65,00,00,00,00,00,
42255581,0000054B,false,Rx,1,8,00,00,00,00,00,00,00,00,
42255687,000003DB,false,Rx,1,8,00,00,00,00,00,00,00,00,
42255792,000003C8,false,Rx,1,8,00,00,00,00,00,00,00,00,
42255900,000003BE,false,Rx,1,8,00,00,00,00,00,00,00,00,
42256046,00000392,false,Rx,1,8,00,00,00,00,00,00,00,00,
42256114,0000018C,false,Rx,1,8,00,00,00,00,00,00,00,00,
42265106,00000118,false,Rx,1,4,00,4F,65,00,00,00,00,00,
42275402,00000118,false,Rx,1,4,00,40,65,00,00,00,00,00,
42285103,00000118,false,Rx,1,4,00,41,65,00,00,00,00,00,
42295384,00000118,false,Rx,1,4,00,42,65,00,00,00,00,00,
42305152,00000118,false,Rx,1,4,00,43,65,00,00,00,00,00,
42315395,00000118,false,Rx,1,4,00,44,65,00,00,00,00,00,
42325045,00000118,false,Rx,1,4,00,45,65,00,00,00,00,00,
42335375,00000118,false,Rx,1,4,00,46,65,00,00,00,00,00,
42345027,00000118,false,Rx,1,4,00,47,65,00,00,00,00,00,
42355378,00000118,false,Rx,1,4,00,48,65,00,00,00,00,00,
42355484,000005BE,false,Rx,1,8,00,00,00,00,00,00,00,00,
42355588,0000054B,false,Rx,1,8,00,00,00,00,00,00,00,00,
42355695,000003DB,false,Rx,1,8,00,00,00,00,00,00,00,00,
42355799,000003C8,false,Rx,1,8,00,00,00,00,00,00,00,00,
42355907,000003BE,false,Rx,1,8,00,00,00,00,00,00,00,00,
42356044,00000392,false,Rx,1,8,00,00,00,00,00,00,00,00,
42356114,0000018C,false,Rx,1,8,00,00,00,00,00,00,00,00,
42365031,00000118,false,Rx,1,4,00,49,65,00,00,00,00,00,
42375323,00000118,false,Rx,1,4,00,4A,65,00,00,00,00,00,
42385015,00000118,false,Rx,1,4,00,4B,65,00,00,00,00,00,
42395305,00000118,false,Rx,1,4,00,4C,65,00,00,00,00,00,
42404985,00000118,false,Rx,1,4,00,4D,65,00,00,00,00,00,
42415313,00000118,false,Rx,1,4,00,4E,65,00,00,00,00,00,
42424964,00000118,false,Rx,1,4,00,4F,65,00,00,00,00,00,
42435299,00000118,false,Rx,1,4,00,40,65,00,00,00,00,00,
42444963,00000118,false,Rx,1,4,00,41,65,00,00,00,00,00,
42455377,00000118,false,Rx,1,4,00,42,65,00,00,00,00,00,
42455483,000005BE,false,Rx,1,8,00,00,00,00,00,00,00,00,
42455587,0000054B,false,Rx,1,8,00,00,00,00,00,00,00,00,
42455693,000003DB,false,Rx,1,8,00,00,00,00,00,00,00,00,
42455797,000003C8,false,Rx,1,8,00,00,00,00,00,00,00,00,
42455906,000003BE,false,Rx,1,8,00,00,00,00,00,00,00,00,
42456056,00000392,false,Rx,1,8,00,00,00,00,00,00,00,00,
42456113,0000018C,false,Rx,1,8,00,00,00,00,00,00,00,00,
42464957,00000118,false,Rx,1,4,00,43,65,00,00,00,00,00,
42475278,00000118,false,Rx,1,4,00,44,65,00,00,00,00,00,
42484955,00000118,false,Rx,1,4,00,45,65,00,00,00,00,00,
42495233,00000118,false,Rx,1,4,00,46,65,00,00,00,00,00,
42504904,00000118,false,Rx,1,4,00,47,65,00,00,00,00,00,
42515245,00000118,false,Rx,1,4,00,48,65,00,00,00,00,00,
42524892,00000118,false,Rx,1,4,00,49,65,00,00,00,00,00,
42535221,00000118,false,Rx,1,4,00,4A,65,00,00,00,00,00,
42539963,0000070F,false,Rx,0,8,03,22,2B,E9,55,55,55,55,
42544898,00000118,false,Rx,1,4,00,4B,65,00,00,00,00,00,
42555375,00000118,false,Rx,1,4,00,4C,65,00,00,00,00,00,
42555481,000005BE,false,Rx,1,8,00,00,00,00,00,00,00,00,
42555585,0000054B,false,Rx,1,8,00,00,00,00,00,00,00,00,
42555691,000003DB,false,Rx,1,8,00,00,00,00,00,00,00,00,
42555796,000003C8,false,Rx,1,8,00,00,00,00,00,00,00,00,
42555904,000003BE,false,Rx,1,8,00,00,00,00,00,00,00,00,
42556041,00000392,false,Rx,1,8,00,00,00,00,00,00,00,00,
42556113,0000018C,false,Rx,1,8,00,00,00,00,00,00,00,00,
42557566,00000779,false,Rx,1,8,05,62,2B,E9,31,00,AA,AA,
42564878,00000118,false,Rx,1,4,00,4D,65,00,00,00,00,00,
42575172,00000118,false,Rx,1,4,00,4E,65,00,00,00,00,00,
42585012,00000118,false,Rx,1,4,00,4F,65,00,00,00,00,00,
42595156,00000118,false,Rx,1,4,00,40,65,00,00,00,00,00,
42604842,00000118,false,Rx,1,4,00,41,65,00,00,00,00,00,
42615164,00000118,false,Rx,1,4,00,42,65,00,00,00,00,00,
42624838,00000118,false,Rx,1,4,00,43,65,00,00,00,00,00,
42635170,00000118,false,Rx,1,4,00,44,65,00,00,00,00,00,
42644853,00000118,false,Rx,1,4,00,45,65,00,00,00,00,00,
42655111,00000118,false,Rx,1,4,00,46,65,00,00,00,00,00,
42655650,17F0000F,true,Rx,1,8,00,0F,00,00,00,00,00,80,
42655756,000005BE,false,Rx,1,8,00,00,00,00,00,00,00,00,
42655861,0000054B,false,Rx,1,8,00,00,00,00,00,00,00,00,
42656027,000003DB,false,Rx,1,8,00,00,00,00,00,00,00,00,
42656097,000003C8,false,Rx,1,8,00,00,00,00,00,00,00,00,
42656193,000003BE,false,Rx,1,8,00,00,00,00,00,00,00,00,
42656295,00000392,false,Rx,1,8,00,00,00,00,00,00,00,00,
42656397,0000018C,false,Rx,1,8,00,00,00,00,00,00,00,00,
42664836,00000118,false,Rx,1,4,00,47,65,00,00,00,00,00,
42675094,00000118,false,Rx,1,4,00,48,65,00,00,00,00,00,
42685094,00000118,false,Rx,1,4,00,49,65,00,00,00,00,00,
42695103,00000118,false,Rx,1,4,00,4A,65,00,00,00,00,00,
42704642,00000118,false,Rx,1,4,00,4B,65,00,00,00,00,00,
42715179,00000118,false,Rx,1,4,00,4C,65,00,00,00,00,00,
42724888,00000118,false,Rx,1,4,00,4D,65,00,00,00,00,00,
42735111,00000118,false,Rx,1,4,00,4E,65,00,00,00,00,00,
42744865,00000118,false,Rx,1,4,00,4F,65,00,00,00,00,00,
42755113,00000118,false,Rx,1,4,00,40,65,00,00,00,00,00,
42756196,000005BE,false,Rx,1,8,00,00,00,00,00,00,00,00,
42756304,0000054B,false,Rx,1,8,00,00,00,00,00,00,00,00,
42756410,000003DB,false,Rx,1,8,00,00,00,00,00,00,00,00,
42756515,000003C8,false,Rx,1,8,00,00,00,00,00,00,00,00,
42756623,000003BE,false,Rx,1,8,00,00,00,00,00,00,00,00,
42756725,00000392,false,Rx,1,8,00,00,00,00,00,00,00,00,
42756825,0000018C,false,Rx,1,8,00,00,00,00,00,00,00,00,
42764864,00000118,false,Rx,1,4,00,41,65,00,00,00,00,00,
42775113,00000118,false,Rx,1,4,00,42,65,00,00,00,00,00,
42784873,00000118,false,Rx,1,4,00,43,65,00,00,00,00,00,
42795114,00000118,false,Rx,1,4,00,44,65,00,00,00,00,00,
42804872,00000118,false,Rx,1,4,00,45,65,00,00,00,00,00,
42815122,00000118,false,Rx,1,4,00,46,65,00,00,00,00,00,
42824643,00000118,false,Rx,1,4,00,47,65,00,00,00,00,00,
42835131,00000118,false,Rx,1,4,00,48,65,00,00,00,00,00,
42844630,00000118,false,Rx,1,4,00,49,65,00,00,00,00,00,
42855839,00000118,false,Rx,1,4,00,4A,65,00,00,00,00,00,
42856195,000005BE,false,Rx,1,8,00,00,00,00,00,00,00,00,
42856303,0000054B,false,Rx,1,8,00,00,00,00,00,00,00,00,
42856410,000003DB,false,Rx,1,8,00,00,00,00,00,00,00,00,
42856514,000003C8,false,Rx,1,8,00,00,00,00,00,00,00,00,
42856623,000003BE,false,Rx,1,8,00,00,00,00,00,00,00,00,
42856724,00000392,false,Rx,1,8,00,00,00,00,00,00,00,00,
42856825,0000018C,false,Rx,1,8,00,00,00,00,00,00,00,00,
42865604,00000118,false,Rx,1,4,00,4B,65,00,00,00,00,00,
42870790,0000070F,false,Rx,0,8,03,22,2B,F3,55,55,55,55,
42875837,00000118,false,Rx,1,4,00,4C,65,00,00,00,00,00,
42885596,00000118,false,Rx,1,4,00,4D,65,00,00,00,00,00,
42887854,00000779,false,Rx,1,8,05,62,2B,F3,65,00,AA,AA,
42895837,00000118,false,Rx,1,4,00,4E,65,00,00,00,00,00,
42905594,00000118,false,Rx,1,4,00,4F,65,00,00,00,00,00,
42915842,00000118,false,Rx,1,4,00,40,65,00,00,00,00,00,
42925369,00000118,false,Rx,1,4,00,41,65,00,00,00,00,00,
42936115,00000118,false,Rx,1,4,00,42,65,00,00,00,00,00,
42945838,00000118,false,Rx,1,4,00,43,65,00,00,00,00,00,
42956084,00000118,false,Rx,1,4,00,44,65,00,00,00,00,00,
42956191,000005BE,false,Rx,1,8,00,00,00,00,00,00,00,00,
42956295,0000054B,false,Rx,1,8,00,00,00,00,00,00,00,00,
42956401,000003DB,false,Rx,1,8,00,00,00,00,00,00,00,00,
42956505,000003C8,false,Rx,1,8,00,00,00,00,00,00,00,00,
42956613,000003BE,false,Rx,1,8,00,00,00,00,00,00,00,00,
42956720,00000392,false,Rx,1,8,00,00,00,00,00,00,00,00,
42956821,0000018C,false,Rx,1,8,00,00,00,00,00,00,00,00,
42965853,00000118,false,Rx,1,4,00,45,65,00,00,00,00,00,
42976076,00000118,false,Rx,1,4,00,46,65,00,00,00,00,00,
42986332,00000118,false,Rx,1,4,00,47,4C,00,00,00,00,00,
42996448,00000118,false,Rx,1,4,00,48,4C,00,00,00,00,00,
43006336,00000118,false,Rx,1,4,00,49,4C,00,00,00,00,00,
43016459,00000118,false,Rx,1,4,00,4A,4C,00,00,00,00,00,
43026334,00000118,false,Rx,1,4,00,4B,4C,00,00,00,00,00,
43036443,00000118,false,Rx,1,4,00,4C,4C,00,00,00,00,00,
43046327,00000118,false,Rx,1,4,00,4D,4C,00,00,00,00,00,
43056038,000005BE,false,Rx,1,8,00,00,00,00,00,00,00,00,
43056147,0000054B,false,Rx,1,8,00,00,00,00,00,00,00,00,
43056253,000003DB,false,Rx,1,8,00,00,00,00,00,00,00,00,
43056357,000003C8,false,Rx,1,8,00,00,00,00,00,00,00,00,
43056517,00000118,false,Rx,1,4,00,4E,4C,00,00,00,00,00,
43056620,000003BE,false,Rx,1,8,00,00,00,00,00,00,00,00,
43056727,00000392,false,Rx,1,8,00,00,00,00,00,00,00,00,
43056827,0000018C,false,Rx,1,8,00,00,00,00,00,00,00,00,
43066574,00000118,false,Rx,1,4,00,4F,4C,00,00,00,00,00,
43076778,00000118,false,Rx,1,4,00,40,4C,00,00,00,00,00,
43086577,00000118,false,Rx,1,4,00,41,4C,00,00,00,00,00,
43096759,00000118,false,Rx,1,4,00,42,4C,00,00,00,00,00,
43106568,00000118,false,Rx,1,4,00,43,4C,00,00,00,00,00,
43116765,00000118,false,Rx,1,4,00,44,4C,00,00,00,00,00,
43126576,00000118,false,Rx,1,4,00,45,4C,00,00,00,00,00,
43137148,00000118,false,Rx,1,4,00,46,4C,00,00,00,00,00,
43147306,00000118,false,Rx,1,4,00,47,4C,00,00,00,00,00,
43156033,000005BE,false,Rx,1,8,00,00,00,00,00,00,00,00,
43156142,0000054B,false,Rx,1,8,00,00,00,00,00,00,00,00,
43156248,000003DB,false,Rx,1,8,00,00,00,00,00,00,00,00,
43156353,000003C8,false,Rx,1,8,00,00,00,00,00,00,00,00,
43156461,000003BE,false,Rx,1,8,00,00,00,00,00,00,00,00,
43156567,00000392,false,Rx,1,8,00,00,00,00,00,00,00,00,
43156663,0000018C,false,Rx,1,8,00,00,00,00,00,00,00,00,
43157497,00000118,false,Rx,1,4,00,48,4C,00,00,00,00,00,
43157791,17F0000F,true,Rx,1,8,00,0F,00,00,00,00,00,80,
43167689,00000118,false,Rx,1,4,00,49,4C,00,00,00,00,00,
43177846,00000118,false,Rx,1,4,00,4A,4C,00,00,00,00,00,
43187708,00000118,false,Rx,1,4,00,4B,4C,00,00,00,00,00,
43189605,0000070F,false,Rx,0,8,03,22,2B,E6,55,55,55,55,
43203694,00000118,false,Rx,1,4,00,4C,4C,00,00,00,00,00,
43207828,00000118,false,Rx,1,4,00,4D,4C,00,00,00,00,00,
43210082,00000779,false,Rx,1,8,05,62,2B,E6,10,79,AA,AA,
43218321,00000118,false,Rx,1,4,00,4E,4C,00,00,00,00,00,
43228423,00000118,false,Rx,1,4,00,4F,4C,00,00,00,00,00,
43238634,00000118,false,Rx,1,4,00,40,4C,00,00,00,00,00,
43248823,00000118,false,Rx,1,4,00,41,4C,00,00,00,00,00,
43256783,000005BE,false,Rx,1,8,00,00,00,00,00,00,00,00,
43256892,0000054B,false,Rx,1,8,00,00,00,00,00,00,00,00,
43256999,000003DB,false,Rx,1,8,00,00,00,00,00,00,00,00,
43257097,000003C8,false,Rx,1,8,00,00,00,00,00,00,00,00,
43257211,000003BE,false,Rx,1,8,00,00,00,00,00,00,00,00,
43257317,00000392,false,Rx,1,8,00,00,00,00,00,00,00,00,
43257423,0000018C,false,Rx,1,8,00,00,00,00,00,00,00,00,
43258998,00000118,false,Rx,1,4,00,42,4C,00,00,00,00,00,
43268818,00000118,false,Rx,1,4,00,43,4C,00,00,00,00,00,
43278965,00000118,false,Rx,1,4,00,44,4C,00,00,00,00,00,
43288809,00000118,false,Rx,1,4,00,45,4C,00,00,00,00,00,
43298963,00000118,false,Rx,1,4,00,46,4C,00,00,00,00,00,
43308799,00000118,false,Rx,1,4,00,47,4C,00,00,00,00,00,
43318956,00000118,false,Rx,1,4,00,48,4C,00,00,00,00,00,
43328775,00000118,false,Rx,1,4,00,49,4C,00,00,00,00,00,
43338963,00000118,false,Rx,1,4,00,4A,4C,00,00,00,00,00,
43348747,00000118,false,Rx,1,4,00,4B,4C,00,00,00,00,00,
43356782,000005BE,false,Rx,1,8,00,00,00,00,00,00,00,00,
43356892,0000054B,false,Rx,1,8,00,00,00,00,00,00,00,00,
43357002,000003DB,false,Rx,1,8,00,00,00,00,00,00,00,00,
43357108,000003C8,false,Rx,1,8,00,00,00,00,00,00,00,00,
43357216,000003BE,false,Rx,1,8,00,00,00,00,00,00,00,00,
43357322,00000392,false,Rx,1,8,00,00,00,00,00,00,00,00,
43357428,0000018C,false,Rx,1,8,00,00,00,00,00,00,00,00,
43358943,00000118,false,Rx,1,4,00,4C,4C,00,00,00,00,00,
43368730,00000118,false,Rx,1,4,00,4D,4C,00,00,00,00,00,
43379292,00000118,false,Rx,1,4,00,4E,4C,00,00,00,00,00,
43389134,00000118,false,Rx,1,4,00,4F,4C,00,00,00,00,00,
43399275,00000118,false,Rx,1,4,00,40,4C,00,00,00,00,00,
43409120,00000118,false,Rx,1,4,00,41,4C,00,00,00,00,00,
43419257,00000118,false,Rx,1,4,00,42,4C,00,00,00,00,00,
43429090,00000118,false,Rx,1,4,00,43,4C,00,00,00,00,00,
43439264,00000118,false,Rx,1,4,00,44,4C,00,00,00,00,00,
43449467,00000118,false,Rx,1,4,00,45,4C,00,00,00,00,00,
43456791,000005BE,false,Rx,1,8,00,00,00,00,00,00,00,00,
43456899,0000054B,false,Rx,1,8,00,00,00,00,00,00,00,00,
43457376,000003DB,false,Rx,1,8,00,00,00,00,00,00,00,00,
43457393,000003C8,false,Rx,1,8,00,00,00,00,00,00,00,00,
43457405,000003BE,false,Rx,1,8,00,00,00,00,00,00,00,00,
43457434,00000392,false,Rx,1,8,00,00,00,00,00,00,00,00,
43457446,0000018C,false,Rx,1,8,00,00,00,00,00,00,00,00,
43459647,00000118,false,Rx,1,4,00,46,4C,00,00,00,00,00,
43469460,00000118,false,Rx,1,4,00,47,4C,00,00,00,00,00,
43479615,00000118,false,Rx,1,4,00,48,4C,00,00,00,00,00,
43489457,00000118,false,Rx,1,4,00,49,4C,00,00,00,00,00,
43499598,00000118,false,Rx,1,4,00,4A,4C,00,00,00,00,00,
43505421,0000070F,false,Rx,0,8,03,22,2B,E7,55,55,55,55,
43509468,00000118,false,Rx,1,4,00,4B,4C,00,00,00,00,00,
43519581,00000118,false,Rx,1,4,00,4C,4C,00,00,00,00,00,
43521972,00000779,false,Rx,1,8,04,62,2B,E7,22,AA,AA,AA,
43529418,00000118,false,Rx,1,4,00,4D,4C,00,00,00,00,00,
43539992,00000118,false,Rx,1,4,00,4E,4C,00,00,00,00,00,
43549791,00000118,false,Rx,1,4,00,4F,4C,00,00,00,00,00,
43556779,000005BE,false,Rx,1,8,00,00,00,00,00,00,00,00,
43556888,0000054B,false,Rx,1,8,00,00,00,00,00,00,00,00,
43557005,000003DB,false,Rx,1,8,00,00,00,00,00,00,00,00,
43557110,000003C8,false,Rx,1,8,00,00,00,00,00,00,00,00,
43557218,000003BE,false,Rx,1,8,00,00,00,00,00,00,00,00,
43557324,00000392,false,Rx,1,8,00,00,00,00,00,00,00,00,
43557431,0000018C,false,Rx,1,8,00,00,00,00,00,00,00,00,
43559973,00000118,false,Rx,1,4,00,40,4C,00,00,00,00,00,
43569779,00000118,false,Rx,1,4,00,41,4C,00,00,00,00,00,
43579955,00000118,false,Rx,1,4,00,42,4C,00,00,00,00,00,
43589901,00000118,false,Rx,1,4,00,43,4C,00,00,00,00,00,
43599945,00000118,false,Rx,1,4,00,44,4C,00,00,00,00,00,
43609770,00000118,false,Rx,1,4,00,45,4C,00,00,00,00,00,
43619912,00000118,false,Rx,1,4,00,46,4C,00,00,00,00,00,
43629733,00000118,false,Rx,1,4,00,47,4C,00,00,00,00,00,
43639913,00000118,false,Rx,1,4,00,48,4C,00,00,00,00,00,
43649716,00000118,false,Rx,1,4,00,49,4C,00,00,00,00,00,
43656791,000005BE,false,Rx,1,8,00,00,00,00,00,00,00,00,
43656900,0000054B,false,Rx,1,8,00,00,00,00,00,00,00,00,
43657005,000003DB,false,Rx,1,8,00,00,00,00,00,00,00,00,
43657110,000003C8,false,Rx,1,8,00,00,00,00,00,00,00,00,
43657218,000003BE,false,Rx,1,8,00,00,00,00,00,00,00,00,
43657325,00000392,false,Rx,1,8,00,00,00,00,00,00,00,00,
43657430,0000018C,false,Rx,1,8,00,00,00,00,00,00,00,00,
43659895,00000118,false,Rx,1,4,00,4A,4C,00,00,00,00,00,
43660190,17F0000F,true,Rx,1,8,00,0F,00,00,00,00,00,80,
43669711,00000118,false,Rx,1,4,00,4B,4C,00,00,00,00,00,
43679859,00000118,false,Rx,1,4,00,4C,4C,00,00,00,00,00,
43689706,00000118,false,Rx,1,4,00,4D,4C,00,00,00,00,00,
43699847,00000118,false,Rx,1,4,00,4E,4C,00,00,00,00,00,
43709690,00000118,false,Rx,1,4,00,4F,4C,00,00,00,00,00,
43719841,00000118,false,Rx,1,4,00,40,4C,00,00,00,00,00,
43730007,00000118,false,Rx,1,4,00,41,4C,00,00,00,00,00,
43740550,00000118,false,Rx,1,4,00,42,4C,00,00,00,00,00,
43750107,00000118,false,Rx,1,4,00,43,4C,00,00,00,00,00,
43755108,000005BE,false,Rx,1,8,00,00,00,00,00,00,00,00,
43755210,0000054B,false,Rx,1,8,00,00,00,00,00,00,00,00,
43755321,000003DB,false,Rx,1,8,00,00,00,00,00,00,00,00,
43755426,000003C8,false,Rx,1,8,00,00,00,00,00,00,00,00,
43755533,000003BE,false,Rx,1,8,00,00,00,00,00,00,00,00,
43755640,00000392,false,Rx,1,8,00,00,00,00,00,00,00,00,
43755736,0000018C,false,Rx,1,8,00,00,00,00,00,00,00,00,
43760390,00000118,false,Rx,1,4,00,44,4C,00,00,00,00,00,
43770043,00000118,false,Rx,1,4,00,45,4C,00,00,00,00,00,
43780387,00000118,false,Rx,1,4,00,46,4C,00,00,00,00,00,
43790650,00000118,false,Rx,1,4,00,47,4C,00,00,00,00,00,
43800634,00000118,false,Rx,1,4,00,48,4C,00,00,00,00,00,
43810631,00000118,false,Rx,1,4,00,49,4C,00,00,00,00,00,
43820634,00000118,false,Rx,1,4,00,4A,4C,00,00,00,00,00,
43822354,0000070F,false,Rx,0,8,03,22,2B,E9,55,55,55,55,
43830645,00000118,false,Rx,1,4,00,4B,4C,00,00,00,00,00,
43840645,00000118,false,Rx,1,4,00,4C,4C,00,00,00,00,00,
43843089,00000779,false,Rx,1,8,05,62,2B,E9,2E,00,AA,AA,
43850632,00000118,false,Rx,1,4,00,4D,4C,00,00,00,00,00,
43855082,000005BE,false,Rx,1,8,00,00,00,00,00,00,00,00,
43855191,0000054B,false,Rx,1,8,00,00,00,00,00,00,00,00,
43855297,000003DB,false,Rx,1,8,00,00,00,00,00,00,00,00,
43855401,000003C8,false,Rx,1,8,00,00,00,00,00,00,00,00,
43855510,000003BE,false,Rx,1,8,00,00,00,00,00,00,00,00,
43855616,00000392,false,Rx,1,8,00,00,00,00,00,00,00,00,
43855712,0000018C,false,Rx,1,8,00,00,00,00,00,00,00,00,
43860630,00000118,false,Rx,1,4,00,4E,4C,00,00,00,00,00,
43870391,00000118,false,Rx,1,4,00,4F,4C,00,00,00,00,00,
43880635,00000118,false,Rx,1,4,00,40,4C,00,00,00,00,00,
43890402,00000118,false,Rx,1,4,00,41,4C,00,00,00,00,00,
43900629,00000118,false,Rx,1,4,00,42,4C,00,00,00,00,00,
43910387,00000118,false,Rx,1,4,00,43,4C,00,00,00,00,00,
43920625,00000118,false,Rx,1,4,00,44,4C,00,00,00,00,00,
43930868,00000118,false,Rx,1,4,00,45,4C,00,00,00,00,00,
43940887,00000118,false,Rx,1,4,00,46,4C,00,00,00,00,00,
43950877,00000118,false,Rx,1,4,00,47,4C,00,00,00,00,00,
43955077,000005BE,false,Rx,1,8,00,00,00,00,00,00,00,00,
43955187,0000054B,false,Rx,1,8,00,00,00,00,00,00,00,00,
43955294,000003DB,false,Rx,1,8,00,00,00,00,00,00,00,00,
43955393,000003C8,false,Rx,1,8,00,00,00,00,00,00,00,00,
43955506,000003BE,false,Rx,1,8,00,00,00,00,00,00,00,00,
43955607,00000392,false,Rx,1,8,00,00,00,00,00,00,00,00,
43955709,0000018C,false,Rx,1,8,00,00,00,00,00,00,00,00,
43960875,00000118,false,Rx,1,4,00,48,4C,00,00,00,00,00,
43970876,00000118,false,Rx,1,4,00,49,4C,00,00,00,00,00,
43980875,00000118,false,Rx,1,4,00,4A,4C,00,00,00,00,00,
43990882,00000118,false,Rx,1,4,00,4B,4C,00,00,00,00,00,
44000902,00000118,false,Rx,1,4,00,4C,4C,00,00,00,00,00,
44010632,00000118,false,Rx,1,4,00,4D,4C,00,00,00,00,00,
44020875,00000118,false,Rx,1,4,00,4E,4C,00,00,00,00,00,
44030629,00000118,false,Rx,1,4,00,4F,4C,00,00,00,00,00,
44040880,00000118,false,Rx,1,4,00,40,4C,00,00,00,00,00,
44050634,00000118,false,Rx,1,4,00,41,4C,00,00,00,00,00,
44055076,000005BE,false,Rx,1,8,00,00,00,00,00,00,00,00,
44055185,0000054B,false,Rx,1,8,00,00,00,00,00,00,00,00,
44055292,000003DB,false,Rx,1,8,00,00,00,00,00,00,00,00,
44055396,000003C8,false,Rx,1,8,00,00,00,00,00,00,00,00,
44055504,000003BE,false,Rx,1,8,00,00,00,00,00,00,00,00,
44055610,00000392,false,Rx,1,8,00,00,00,00,00,00,00,00,
44055707,0000018C,false,Rx,1,8,00,00,00,00,00,00,00,00,
44060871,00000118,false,Rx,1,4,00,42,4C,00,00,00,00,00,
44070628,00000118,false,Rx,1,4,00,43,4C,00,00,00,00,00,
44080876,00000118,false,Rx,1,4,00,44,4C,00,00,00,00,00,
44090635,00000118,false,Rx,1,4,00,45,4C,00,00,00,00,00,
44100886,00000118,false,Rx,1,4,00,46,4C,00,00,00,00,00,
44111119,00000118,false,Rx,1,4,00,47,4C,00,00,00,00,00,
44121354,00000118,false,Rx,1,4,00,48,4C,00,00,00,00,00,
44131122,00000118,false,Rx,1,4,00,49,4C,00,00,00,00,00,
44141117,00000118,false,Rx,1,4,00,4A,4C,00,00,00,00,00,
44151124,00000118,false,Rx,1,4,00,4B,4C,00,00,00,00,00,
44153445,0000070F,false,Rx,0,8,03,22,2B,F3,55,55,55,55,
44155077,000005BE,false,Rx,1,8,00,00,00,00,00,00,00,00,
44155186,0000054B,false,Rx,1,8,00,00,00,00,00,00,00,00,
44155292,000003DB,false,Rx,1,8,00,00,00,00,00,00,00,00,
44155396,000003C8,false,Rx,1,8,00,00,00,00,00,00,00,00,
44155505,000003BE,false,Rx,1,8,00,00,00,00,00,00,00,00,
44155611,00000392,false,Rx,1,8,00,00,00,00,00,00,00,00,
44155707,0000018C,false,Rx,1,8,00,00,00,00,00,00,00,00,
44161118,00000118,false,Rx,1,4,00,4C,4C,00,00,00,00,00,
44161642,17F0000F,true,Rx,1,8,00,0F,00,00,00,00,00,80,
44171110,00000118,false,Rx,1,4,00,4D,4C,00,00,00,00,00,
44173322,00000779,false,Rx,1,8,05,62,2B,F3,4C,00,AA,AA,
44181117,00000118,false,Rx,1,4,00,4E,4C,00,00,00,00,00,
44191116,00000118,false,Rx,1,4,00,4F,4C,00,00,00,00,00,
44201215,00000118,false,Rx,1,4,00,40,4C,00,00,00,00,00,
44211201,00000118,false,Rx,1,4,00,41,4C,00,00,00,00,00,
44221634,00000118,false,Rx,1,4,00,42,4C,00,00,00,00,00,
44231366,00000118,false,Rx,1,4,00,43,4C,00,00,00,00,00,
44241595,00000118,false,Rx,1,4,00,44,4C,00,00,00,00,00,
44251364,00000118,false,Rx,1,4,00,45,4C,00,00,00,00,00,
44255091,000005BE,false,Rx,1,8,00,00,00,00,00,00,00,00,
44255201,0000054B,false,Rx,1,8,00,00,00,00,00,00,00,00,
44255307,000003DB,false,Rx,1,8,00,00,00,00,00,00,00,00,
44255412,000003C8,false,Rx,1,8,00,00,00,00,00,00,00,00,
44255519,000003BE,false,Rx,1,8,00,00,00,00,00,00,00,00,
44255626,00000392,false,Rx,1,8,00,00,00,00,00,00,00,00,
44255722,0000018C,false,Rx,1,8,00,00,00,00,00,00,00,00,
44261601,00000118,false,Rx,1,4,00,46,4C,00,00,00,00,00,
44271363,00000118,false,Rx,1,4,00,47,4C,00,00,00,00,00,
44281594,00000118,false,Rx,1,4,00,48,4C,00,00,00,00,00,
44291117,00000118,false,Rx,1,4,00,49,4C,00,00,00,00,00,
44301626,00000118,false,Rx,1,4,00,4A,4C,00,00,00,00,00,
44311125,00000118,false,Rx,1,4,00,4B,4C,00,00,00,00,00,
44321593,00000118,false,Rx,1,4,00,4C,4C,00,00,00,00,00,
44331111,00000118,false,Rx,1,4,00,4D,4C,00,00,00,00,00,
44341607,00000118,false,Rx,1,4,00,4E,4C,00,00,00,00,00,
44351124,00000118,false,Rx,1,4,00,4F,4C,00,00,00,00,00,
44355076,000005BE,false,Rx,1,8,00,00,00,00,00,00,00,00,
44355185,0000054B,false,Rx,1,8,00,00,00,00,00,00,00,00,
44355291,000003DB,false,Rx,1,8,00,00,00,00,00,00,00,00,
44355395,000003C8,false,Rx,1,8,00,00,00,00,00,00,00,00,
44355503,000003BE,false,Rx,1,8,00,00,00,00,00,00,00,00,
44355610,00000392,false,Rx,1,8,00,00,00,00,00,00,00,00,
44355706,0000018C,false,Rx,1,8,00,00,00,00,00,00,00,00,
44361602,00000118,false,Rx,1,4,00,40,4C,00,00,00,00,00,
44371602,00000118,false,Rx,1,4,00,41,4C,00,00,00,00,00,
44381840,00000118,false,Rx,1,4,00,42,4C,00,00,00,00,00,
44391616,00000118,false,Rx,1,4,00,43,4C,00,00,00,00,00,
44401844,00000118,false,Rx,1,4,00,44,4C,00,00,00,00,00,
44411862,00000118,false,Rx,1,4,00,45,4C,00,00,00,00,00,
44422187,00000118,false,Rx,1,4,00,46,4C,00,00,00,00,00,
44431846,00000118,false,Rx,1,4,00,47,4C,00,00,00,00,00,
44442155,00000118,false,Rx,1,4,00,48,4C,00,00,00,00,00,
44451848,00000118,false,Rx,1,4,00,49,4C,00,00,00,00,00,
44455079,000005BE,false,Rx,1,8,00,00,00,00,00,00,00,00,
44455180,0000054B,false,Rx,1,8,00,00,00,00,00,00,00,00,
44455291,000003DB,false,Rx,1,8,00,00,00,00,00,00,00,00,
44455396,000003C8,false,Rx,1,8,00,00,00,00,00,00,00,00,
44455507,000003BE,false,Rx,1,8,00,00,00,00,00,00,00,00,
44455677,00000392,false,Rx,1,8,00,00,00,00,00,00,00,00,
44455707,0000018C,false,Rx,1,8,00,00,00,00,00,00,00,00,
44462143,00000118,false,Rx,1,4,00,4A,4C,00,00,00,00,00,
44470278,0000070F,false,Rx,0,8,03,22,2B,E6,55,55,55,55,
44471853,00000118,false,Rx,1,4,00,4B,4C,00,00,00,00,00,
44482147,00000118,false,Rx,1,4,00,4C,4C,00,00,00,00,00,
44491840,00000118,false,Rx,1,4,00,4D,4C,00,00,00,00,00,
44494404,00000779,false,Rx,1,8,05,62,2B,E6,10,C3,AA,AA,
44502139,00000118,false,Rx,1,4,00,4E,4C,00,00,00,00,00,
44511845,00000118,false,Rx,1,4,00,4F,4C,00,00,00,00,00,
44522113,00000118,false,Rx,1,4,00,40,4C,00,00,00,00,00,
44531841,00000118,false,Rx,1,4,00,41,4C,00,00,00,00,00,
44542077,00000118,false,Rx,1,4,00,42,4C,00,00,00,00,00,
44551851,00000118,false,Rx,1,4,00,43,4C,00,00,00,00,00,
44555076,000005BE,false,Rx,1,8,00,00,00,00,00,00,00,00,
44555185,0000054B,false,Rx,1,8,00,00,00,00,00,00,00,00,
44555291,000003DB,false,Rx,1,8,00,00,00,00,00,00,00,00,
44555390,000003C8,false,Rx,1,8,00,00,00,00,00,00,00,00,
44555503,000003BE,false,Rx,1,8,00,00,00,00,00,00,00,00,
44555610,00000392,false,Rx,1,8,00,00,00,00,00,00,00,00,
44555706,0000018C,false,Rx,1,8,00,00,00,00,00,00,00,00,
44562065,00000118,false,Rx,1,4,00,44,4C,00,00,00,00,00,
44571848,00000118,false,Rx,1,4,00,45,4C,00,00,00,00,00,
44582048,00000118,false,Rx,1,4,00,46,4C,00,00,00,00,00,
44591848,00000118,false,Rx,1,4,00,47,4C,00,00,00,00,00,
44602054,00000118,false,Rx,1,4,00,48,4C,00,00,00,00,00,
44611853,00000118,false,Rx,1,4,00,49,4C,00,00,00,00,00,
44622037,00000118,false,Rx,1,4,00,4A,4C,00,00,00,00,00,
44631846,00000118,false,Rx,1,4,00,4B,4C,00,00,00,00,00,
44642059,00000118,false,Rx,1,4,00,4C,4C,00,00,00,00,00,
44651848,00000118,false,Rx,1,4,00,4D,4C,00,00,00,00,00,
44655080,000005BE,false,Rx,1,8,00,00,00,00,00,00,00,00,
44655188,0000054B,false,Rx,1,8,00,00,00,00,00,00,00,00,
44655295,000003DB,false,Rx,1,8,00,00,00,00,00,00,00,00,
44655399,000003C8,false,Rx,1,8,00,00,00,00,00,00,00,00,
44655507,000003BE,false,Rx,1,8,00,00,00,00,00,00,00,00,
44655614,00000392,false,Rx,1,8,00,00,00,00,00,00,00,00,
44655710,0000018C,false,Rx,1,8,00,00,00,00,00,00,00,00,
44661996,00000118,false,Rx,1,4,00,4E,4C,00,00,00,00,00,
44662281,17F0000F,true,Rx,1,8,00,0F,00,00,00,00,00,80,
44671849,00000118,false,Rx,1,4,00,4F,4C,00,00,00,00,00,
44681974,00000118,false,Rx,1,4,00,40,4C,00,00,00,00,00,
44691842,00000118,false,Rx,1,4,00,41,4C,00,00,00,00,00,
44701975,00000118,false,Rx,1,4,00,42,4C,00,00,00,00,00,
44711658,00000118,false,Rx,1,4,00,43,4C,00,00,00,00,00,
44725682,00000118,false,Rx,1,4,00,44,4C,00,00,00,00,00,
44733048,00000118,false,Rx,1,4,00,45,4C,00,00,00,00,00,
44742661,00000118,false,Rx,1,4,00,46,4C,00,00,00,00,00,
44752478,00000118,false,Rx,1,4,00,47,4C,00,00,00,00,00,
44755098,000005BE,false,Rx,1,8,00,00,00,00,00,00,00,00,
44755206,0000054B,false,Rx,1,8,00,00,00,00,00,00,00,00,
44755313,000003DB,false,Rx,1,8,00,00,00,00,00,00,00,00,
44755417,000003C8,false,Rx,1,8,00,00,00,00,00,00,00,00,
44755525,000003BE,false,Rx,1,8,00,00,00,00,00,00,00,00,
44755631,00000392,false,Rx,1,8,00,00,00,00,00,00,00,00,
44755728,0000018C,false,Rx,1,8,00,00,00,00,00,00,00,00,
44762661,00000118,false,Rx,1,4,00,48,4C,00,00,00,00,00,
44772462,00000118,false,Rx,1,4,00,49,4C,00,00,00,00,00,
44782640,00000118,false,Rx,1,4,00,4A,4C,00,00,00,00,00,
44786811,0000070F,false,Rx,0,8,03,22,2B,E7,55,55,55,55,
44792480,00000118,false,Rx,1,4,00,4B,4C,00,00,00,00,00,
44802598,00000118,false,Rx,1,4,00,4C,4C,00,00,00,00,00,
44804991,00000779,false,Rx,1,8,04,62,2B,E7,22,AA,AA,AA,
44812460,00000118,false,Rx,1,4,00,4D,4C,00,00,00,00,00,
44822591,00000118,false,Rx,1,4,00,4E,4C,00,00,00,00,00,
44832426,00000118,false,Rx,1,4,00,4F,4C,00,00,00,00,00,
44842577,00000118,false,Rx,1,4,00,40,4C,00,00,00,00,00,
44852401,00000118,false,Rx,1,4,00,41,4C,00,00,00,00,00,
44855090,000005BE,false,Rx,1,8,00,00,00,00,00,00,00,00,
44855199,0000054B,false,Rx,1,8,00,00,00,00,00,00,00,00,
44855305,000003DB,false,Rx,1,8,00,00,00,00,00,00,00,00,
44855409,000003C8,false,Rx,1,8,00,00,00,00,00,00,00,00,
44855517,000003BE,false,Rx,1,8,00,00,00,00,00,00,00,00,
44855624,00000392,false,Rx,1,8,00,00,00,00,00,00,00,00,
44855720,0000018C,false,Rx,1,8,00,00,00,00,00,00,00,00,
44862574,00000118,false,Rx,1,4,00,42,4C,00,00,00,00,00,
44872389,00000118,false,Rx,1,4,00,43,4C,00,00,00,00,00,
44882563,00000118,false,Rx,1,4,00,44,4C,00,00,00,00,00,
44892370,00000118,false,Rx,1,4,00,45,4C,00,00,00,00,00,
44902528,00000118,false,Rx,1,4,00,46,4C,00,00,00,00,00,
44912376,00000118,false,Rx,1,4,00,47,4C,00,00,00,00,00,
44922514,00000118,false,Rx,1,4,00,48,4C,00,00,00,00,00,
44932358,00000118,false,Rx,1,4,00,49,4C,00,00,00,00,00,
44942499,00000118,false,Rx,1,4,00,4A,4C,00,00,00,00,00,
44952325,00000118,false,Rx,1,4,00,4B,4C,00,00,00,00,00,
44955158,000005BE,false,Rx,1,8,00,00,00,00,00,00,00,00,
44955268,0000054B,false,Rx,1,8,00,00,00,00,00,00,00,00,
44955373,000003DB,false,Rx,1,8,00,00,00,00,00,00,00,00,
44955478,000003C8,false,Rx,1,8,00,00,00,00,00,00,00,00,
44955587,000003BE,false,Rx,1,8,00,00,00,00,00,00,00,00,
44955693,00000392,false,Rx,1,8,00,00,00,00,00,00,00,00,
44955789,0000018C,false,Rx,1,8,00,00,00,00,00,00,00,00,
44962506,00000118,false,Rx,1,4,00,4C,4C,00,00,00,00,00,
44972311,00000118,false,Rx,1,4,00,4D,4C,00,00,00,00,00,
44982890,00000118,false,Rx,1,4,00,4E,4C,00,00,00,00,00,
44992694,00000118,false,Rx,1,4,00,4F,4C,00,00,00,00,00,
45002854,00000118,false,Rx,1,4,00,40,4C,00,00,00,00,00,
45012698,00000118,false,Rx,1,4,00,41,4C,00,00,00,00,00,
45022839,00000118,false,Rx,1,4,00,42,4C,00,00,00,00,00,
45032685,00000118,false,Rx,1,4,00,43,4C,00,00,00,00,00,
45042822,00000118,false,Rx,1,4,00,44,4C,00,00,00,00,00,
45052649,00000118,false,Rx,1,4,00,45,4C,00,00,00,00,00,
45055090,000005BE,false,Rx,1,8,00,00,00,00,00,00,00,00,
45055199,0000054B,false,Rx,1,8,00,00,00,00,00,00,00,00,
45055306,000003DB,false,Rx,1,8,00,00,00,00,00,00,00,00,
45055410,000003C8,false,Rx,1,8,00,00,00,00,00,00,00,00,
45055518,000003BE,false,Rx,1,8,00,00,00,00,00,00,00,00,
45055624,00000392,false,Rx,1,8,00,00,00,00,00,00,00,00,
45055720,0000018C,false,Rx,1,8,00,00,00,00,00,00,00,00,
45062827,00000118,false,Rx,1,4,00,46,4C,00,00,00,00,00,
45072636,00000118,false,Rx,1,4,00,47,4C,00,00,00,00,00,
45082815,00000118,false,Rx,1,4,00,48,4C,00,00,00,00,00,
45092616,00000118,false,Rx,1,4,00,49,4C,00,00,00,00,00,
45102776,00000118,false,Rx,1,4,00,4A,4C,00,00,00,00,00,
45103380,0000070F,false,Rx,0,8,03,22,2B,E9,55,55,55,55,
45112647,00000118,false,Rx,1,4,00,4B,4C,00,00,00,00,00,
45122761,00000118,false,Rx,1,4,00,4C,4C,00,00,00,00,00,
45125152,00000779,false,Rx,1,8,05,62,2B,E9,2D,00,AA,AA,
45132616,00000118,false,Rx,1,4,00,4D,4C,00,00,00,00,00,
45142748,00000118,false,Rx,1,4,00,4E,4C,00,00,00,00,00,
45152573,00000118,false,Rx,1,4,00,4F,4C,00,00,00,00,00,
45155083,000005BE,false,Rx,1,8,00,00,00,00,00,00,00,00,
45155192,0000054B,false,Rx,1,8,00,00,00,00,00,00,00,00,
45155298,000003DB,false,Rx,1,8,00,00,00,00,00,00,00,00,
45155398,000003C8,false,Rx,1,8,00,00,00,00,00,00,00,00,
45155511,000003BE,false,Rx,1,8,00,00,00,00,00,00,00,00,
45155612,00000392,false,Rx,1,8,00,00,00,00,00,00,00,00,
45155714,0000018C,false,Rx,1,8,00,00,00,00,00,00,00,00,
45162751,00000118,false,Rx,1,4,00,40,4C,00,00,00,00,00,
45163049,17F0000F,true,Rx,1,8,00,0F,00,00,00,00,00,80,
45172568,00000118,false,Rx,1,4,00,41,4C,00,00,00,00,00,
45182734,00000118,false,Rx,1,4,00,42,4C,00,00,00,00,00,
45192670,00000118,false,Rx,1,4,00,43,4C,00,00,00,00,00,
45205412,00000118,false,Rx,1,4,00,44,4C,00,00,00,00,00,
45212588,00000118,false,Rx,1,4,00,45,4C,00,00,00,00,00,
45222690,00000118,false,Rx,1,4,00,46,4C,00,00,00,00,00,
45232512,00000118,false,Rx,1,4,00,47,4C,00,00,00,00,00,
45242691,00000118,false,Rx,1,4,00,48,4C,00,00,00,00,00,
45252496,00000118,false,Rx,1,4,00,49,4C,00,00,00,00,00,
45255098,000005BE,false,Rx,1,8,00,00,00,00,00,00,00,00,
45255206,0000054B,false,Rx,1,8,00,00,00,00,00,00,00,00,
45255313,000003DB,false,Rx,1,8,00,00,00,00,00,00,00,00,
45255417,000003C8,false,Rx,1,8,00,00,00,00,00,00,00,00,
45255525,000003BE,false,Rx,1,8,00,00,00,00,00,00,00,00,
45255631,00000392,false,Rx,1,8,00,00,00,00,00,00,00,00,
45255728,0000018C,false,Rx,1,8,00,00,00,00,00,00,00,00,
45262674,00000118,false,Rx,1,4,00,4A,4C,00,00,00,00,00,
45272893,00000118,false,Rx,1,4,00,4B,4C,00,00,00,00,00,
45283042,00000118,false,Rx,1,4,00,4C,4C,00,00,00,00,00,
45292883,00000118,false,Rx,1,4,00,4D,4C,00,00,00,00,00,
45303026,00000118,false,Rx,1,4,00,4E,4C,00,00,00,00,00,
45312867,00000118,false,Rx,1,4,00,4F,4C,00,00,00,00,00,
45323013,00000118,false,Rx,1,4,00,40,4C,00,00,00,00,00,
45332836,00000118,false,Rx,1,4,00,41,4C,00,00,00,00,00,
45343013,00000118,false,Rx,1,4,00,42,4C,00,00,00,00,00,
45352821,00000118,false,Rx,1,4,00,43,4C,00,00,00,00,00,
45355082,000005BE,false,Rx,1,8,00,00,00,00,00,00,00,00,
45355192,0000054B,false,Rx,1,8,00,00,00,00,00,00,00,00,
45355298,000003DB,false,Rx,1,8,00,00,00,00,00,00,00,00,
45355402,000003C8,false,Rx,1,8,00,00,00,00,00,00,00,00,
45355510,000003BE,false,Rx,1,8,00,00,00,00,00,00,00,00,
45355617,00000392,false,Rx,1,8,00,00,00,00,00,00,00,00,
45355713,0000018C,false,Rx,1,8,00,00,00,00,00,00,00,00,
45362997,00000118,false,Rx,1,4,00,44,4C,00,00,00,00,00,
45372804,00000118,false,Rx,1,4,00,45,4C,00,00,00,00,00,
45382964,00000118,false,Rx,1,4,00,46,4C,00,00,00,00,00,
45392811,00000118,false,Rx,1,4,00,47,4C,00,00,00,00,00,
45402955,00000118,false,Rx,1,4,00,48,4C,00,00,00,00,00,
45412792,00000118,false,Rx,1,4,00,49,4C,00,00,00,00,00,
45422955,00000118,false,Rx,1,4,00,4A,4C,00,00,00,00,00,
45429675,0000070F,false,Rx,0,8,03,22,2B,F3,55,55,55,55,
45432784,00000118,false,Rx,1,4,00,4B,4C,00,00,00,00,00,
45442955,00000118,false,Rx,1,4,00,4C,4C,00,00,00,00,00,
45445276,00000779,false,Rx,1,8,05,62,2B,F3,4C,00,AA,AA,
45452754,00000118,false,Rx,1,4,00,4D,4C,00,00,00,00,00,
45455084,000005BE,false,Rx,1,8,00,00,00,00,00,00,00,00,
45455193,0000054B,false,Rx,1,8,00,00,00,00,00,00,00,00,
45455298,000003DB,false,Rx,1,8,00,00,00,00,00,00,00,00,
45455403,000003C8,false,Rx,1,8,00,00,00,00,00,00,00,00,
45455511,000003BE,false,Rx,1,8,00,00,00,00,00,00,00,00,
45455613,00000392,false,Rx,1,8,00,00,00,00,00,00,00,00,
45455713,0000018C,false,Rx,1,8,00,00,00,00,00,00,00,00,
45462943,00000118,false,Rx,1,4,00,4E,4C,00,00,00,00,00,
45472727,00000118,false,Rx,1,4,00,4F,4C,00,00,00,00,00,
45482891,00000118,false,Rx,1,4,00,40,4C,00,00,00,00,00,
45492732,00000118,false,Rx,1,4,00,41,4C,00,00,00,00,00,
45502871,00000118,false,Rx,1,4,00,42,4C,00,00,00,00,00,
45512718,00000118,false,Rx,1,4,00,43,4C,00,00,00,00,00,
45522857,00000118,false,Rx,1,4,00,44,4C,00,00,00,00,00,
45532681,00000118,false,Rx,1,4,00,45,4C,00,00,00,00,00,
45542860,00000118,false,Rx,1,4,00,46,4C,00,00,00,00,00,
45553468,00000118,false,Rx,1,4,00,47,4C,00,00,00,00,00,
45555082,000005BE,false,Rx,1,8,00,00,00,00,00,00,00,00,
45555190,0000054B,false,Rx,1,8,00,00,00,00,00,00,00,00,
45555297,000003DB,false,Rx,1,8,00,00,00,00,00,00,00,00,
45555401,000003C8,false,Rx,1,8,00,00,00,00,00,00,00,00,
45555509,000003BE,false,Rx,1,8,00,00,00,00,00,00,00,00,
45555610,00000392,false,Rx,1,8,00,00,00,00,00,00,00,00,
45555712,0000018C,false,Rx,1,8,00,00,00,00,00,00,00,00,
45563646,00000118,false,Rx,1,4,00,48,4C,00,00,00,00,00,
45573450,00000118,false,Rx,1,4,00,49,4C,00,00,00,00,00,
45583801,00000118,false,Rx,1,4,00,4A,4C,00,00,00,00,00,
45593490,00000118,false,Rx,1,4,00,4B,4C,00,00,00,00,00,
45603596,00000118,false,Rx,1,4,00,4C,4C,00,00,00,00,00,
45613456,00000118,false,Rx,1,4,00,4D,4C,00,00,00,00,00,
45623584,00000118,false,Rx,1,4,00,4E,4C,00,00,00,00,00,
45633405,00000118,false,Rx,1,4,00,4F,4C,00,00,00,00,00,
45643585,00000118,false,Rx,1,4,00,40,4C,00,00,00,00,00,
45653392,00000118,false,Rx,1,4,00,41,4C,00,00,00,00,00,
45655083,000005BE,false,Rx,1,8,00,00,00,00,00,00,00,00,
45655193,0000054B,false,Rx,1,8,00,00,00,00,00,00,00,00,
45655299,000003DB,false,Rx,1,8,00,00,00,00,00,00,00,00,
45655403,000003C8,false,Rx,1,8,00,00,00,00,00,00,00,00,
45655510,000003BE,false,Rx,1,8,00,00,00,00,00,00,00,00,
45655617,00000392,false,Rx,1,8,00,00,00,00,00,00,00,00,
45655714,0000018C,false,Rx,1,8,00,00,00,00,00,00,00,00,
45663568,00000118,false,Rx,1,4,00,42,4C,00,00,00,00,00,
45663862,17F0000F,true,Rx,1,8,00,0F,00,00,00,00,00,80,
45673784,00000118,false,Rx,1,4,00,43,4C,00,00,00,00,00,
45683961,00000118,false,Rx,1,4,00,44,4C,00,00,00,00,00,
45693711,00000118,false,Rx,1,4,00,45,4C,00,00,00,00,00,
45703850,00000118,false,Rx,1,4,00,46,4C,00,00,00,00,00,
45713884,00000118,false,Rx,1,4,00,47,4C,00,00,00,00,00,
45723906,00000118,false,Rx,1,4,00,48,4C,00,00,00,00,00,
45733839,00000118,false,Rx,1,4,00,49,4C,00,00,00,00,00,
45737728,0000070F,false,Rx,0,8,03,22,2B,E6,55,55,55,55,
45744330,00000118,false,Rx,1,4,00,4A,4C,00,00,00,00,00,
45754115,00000118,false,Rx,1,4,00,4B,4C,00,00,00,00,00,
45755119,000005BE,false,Rx,1,8,00,00,00,00,00,00,00,00,
45755228,0000054B,false,Rx,1,8,00,00,00,00,00,00,00,00,
45755334,000003DB,false,Rx,1,8,00,00,00,00,00,00,00,00,
45755439,000003C8,false,Rx,1,8,00,00,00,00,00,00,00,00,
45755547,000003BE,false,Rx,1,8,00,00,00,00,00,00,00,00,
45755653,00000392,false,Rx,1,8,00,00,00,00,00,00,00,00,
45755749,0000018C,false,Rx,1,8,00,00,00,00,00,00,00,00,
45756555,00000779,false,Rx,1,8,05,62,2B,E6,10,60,AA,AA,
45764304,00000118,false,Rx,1,4,00,4C,4C,00,00,00,00,00,
45774098,00000118,false,Rx,1,4,00,4D,4C,00,00,00,00,00,
45784382,00000118,false,Rx,1,4,00,4E,4C,00,00,00,00,00,
45794108,00000118,false,Rx,1,4,00,4F,4C,00,00,00,00,00,
45804245,00000118,false,Rx,1,4,00,40,4C,00,00,00,00,00,
45814088,00000118,false,Rx,1,4,00,41,4C,00,00,00,00,00,
45824227,00000118,false,Rx,1,4,00,42,4C,00,00,00,00,00,
45834054,00000118,false,Rx,1,4,00,43,4C,00,00,00,00,00,
45844231,00000118,false,Rx,1,4,00,44,4C,00,00,00,00,00,
45854038,00000118,false,Rx,1,4,00,45,4C,00,00,00,00,00,
45855103,000005BE,false,Rx,1,8,00,00,00,00,00,00,00,00,
45855212,0000054B,false,Rx,1,8,00,00,00,00,00,00,00,00,
45855318,000003DB,false,Rx,1,8,00,00,00,00,00,00,00,00,
45855423,000003C8,false,Rx,1,8,00,00,00,00,00,00,00,00,
45855531,000003BE,false,Rx,1,8,00,00,00,00,00,00,00,00,
45855637,00000392,false,Rx,1,8,00,00,00,00,00,00,00,00,
45855734,0000018C,false,Rx,1,8,00,00,00,00,00,00,00,00,
45864226,00000118,false,Rx,1,4,00,46,4C,00,00,00,00,00,
45874023,00000118,false,Rx,1,4,00,47,4C,00,00,00,00,00,
45884382,00000118,false,Rx,1,4,00,48,4C,00,00,00,00,00,
45894029,00000118,false,Rx,1,4,00,49,4C,00,00,00,00,00,
45904167,00000118,false,Rx,1,4,00,4A,4C,00,00,00,00,00,
45914411,00000118,false,Rx,1,4,00,4B,4C,00,00,00,00,00,
45924550,00000118,false,Rx,1,4,00,4C,4C,00,00,00,00,00,
45934445,00000118,false,Rx,1,4,00,4D,4C,00,00,00,00,00,
45944556,00000118,false,Rx,1,4,00,4E,4C,00,00,00,00,00,
45954360,00000118,false,Rx,1,4,00,4F,4C,00,00,00,00,00,
45955112,000005BE,false,Rx,1,8,00,00,00,00,00,00,00,00,
45955213,0000054B,false,Rx,1,8,00,00,00,00,00,00,00,00,
45955323,000003DB,false,Rx,1,8,00,00,00,00,00,00,00,00,
45955422,000003C8,false,Rx,1,8,00,00,00,00,00,00,00,00,
45955536,000003BE,false,Rx,1,8,00,00,00,00,00,00,00,00,
45955642,00000392,false,Rx,1,8,00,00,00,00,00,00,00,00,
45955738,0000018C,false,Rx,1,8,00,00,00,00,00,00,00,00,
45964541,00000118,false,Rx,1,4,00,40,4C,00,00,00,00,00,
45974348,00000118,false,Rx,1,4,00,41,4C,00,00,00,00,00,
45984943,00000118,false,Rx,1,4,00,42,4C,00,00,00,00,00,
45995135,00000118,false,Rx,1,4,00,43,4C,00,00,00,00,00,
46005377,00000118,false,Rx,1,4,00,44,4C,00,00,00,00,00,
46015134,00000118,false,Rx,1,4,00,45,4C,00,00,00,00,00,
46025378,00000118,false,Rx,1,4,00,46,4C,00,00,00,00,00,
46035519,00000118,false,Rx,1,4,00,47,4C,00,00,00,00,00,
46045865,00000118,false,Rx,1,4,00,48,4C,00,00,00,00,00,
46054564,0000070F,false,Rx,0,8,03,22,2B,E7,55,55,55,55,
46055104,000005BE,false,Rx,1,8,00,00,00,00,00,00,00,00,
46055213,0000054B,false,Rx,1,8,00,00,00,00,00,00,00,00,
46055319,000003DB,false,Rx,1,8,00,00,00,00,00,00,00,00,
46055423,000003C8,false,Rx,1,8,00,00,00,00,00,00,00,00,
46055581,00000118,false,Rx,1,4,00,49,4C,00,00,00,00,00,
46055685,000003BE,false,Rx,1,8,00,00,00,00,00,00,00,00,
46055791,00000392,false,Rx,1,8,00,00,00,00,00,00,00,00,
46055892,0000018C,false,Rx,1,8,00,00,00,00,00,00,00,00,
46065866,00000118,false,Rx,1,4,00,4A,4C,00,00,00,00,00,
46068022,00000779,false,Rx,1,8,04,62,2B,E7,22,AA,AA,AA,
46075470,00000118,false,Rx,1,4,00,4B,4C,00,00,00,00,00,
46085870,00000118,false,Rx,1,4,00,4C,4C,00,00,00,00,00,
46095837,00000118,false,Rx,1,4,00,4D,4C,00,00,00,00,00,
46106111,00000118,false,Rx,1,4,00,4E,4C,00,00,00,00,00,
46115819,00000118,false,Rx,1,4,00,4F,4C,00,00,00,00,00,
46126105,00000118,false,Rx,1,4,00,40,4C,00,00,00,00,00,
46136207,00000118,false,Rx,1,4,00,41,4C,00,00,00,00,00,
46146601,00000118,false,Rx,1,4,00,42,4C,00,00,00,00,00,
46155084,000005BE,false,Rx,1,8,00,00,00,00,00,00,00,00,
46155193,0000054B,false,Rx,1,8,00,00,00,00,00,00,00,00,
46155300,000003DB,false,Rx,1,8,00,00,00,00,00,00,00,00,
46155399,000003C8,false,Rx,1,8,00,00,00,00,00,00,00,00,
46155512,000003BE,false,Rx,1,8,00,00,00,00,00,00,00,00,
46155613,00000392,false,Rx,1,8,00,00,00,00,00,00,00,00,
46155715,0000018C,false,Rx,1,8,00,00,00,00,00,00,00,00,
46156190,00000118,false,Rx,1,4,00,43,4C,00,00,00,00,00,
46166593,00000118,false,Rx,1,4,00,44,4C,00,00,00,00,00,
46166887,17F0000F,true,Rx,1,8,00,0F,00,00,00,00,00,80,
46176162,00000118,false,Rx,1,4,00,45,4C,00,00,00,00,00,
46186596,00000118,false,Rx,1,4,00,46,4C,00,00,00,00,00,
46196145,00000118,false,Rx,1,4,00,47,4C,00,00,00,00,00,
46206390,00000118,false,Rx,1,4,00,48,4C,00,00,00,00,00,
46220259,00000118,false,Rx,1,4,00,49,4C,00,00,00,00,00,
46226896,00000118,false,Rx,1,4,00,4A,4C,00,00,00,00,00,
46236104,00000118,false,Rx,1,4,00,4B,4C,00,00,00,00,00,
46246378,00000118,false,Rx,1,4,00,4C,4C,00,00,00,00,00,
46255091,000005BE,false,Rx,1,8,00,00,00,00,00,00,00,00,
46255200,0000054B,false,Rx,1,8,00,00,00,00,00,00,00,00,
46255306,000003DB,false,Rx,1,8,00,00,00,00,00,00,00,00,
46255410,000003C8,false,Rx,1,8,00,00,00,00,00,00,00,00,
46255518,000003BE,false,Rx,1,8,00,00,00,00,00,00,00,00,
46255624,00000392,false,Rx,1,8,00,00,00,00,00,00,00,00,
46255721,0000018C,false,Rx,1,8,00,00,00,00,00,00,00,00,
46256076,00000118,false,Rx,1,4,00,4D,4C,00,00,00,00,00,
46266366,00000118,false,Rx,1,4,00,4E,4C,00,00,00,00,00,
46276061,00000118,false,Rx,1,4,00,4F,4C,00,00,00,00,00,
46286351,00000118,false,Rx,1,4,00,40,4C,00,00,00,00,00,
46296034,00000118,false,Rx,1,4,00,41,4C,00,00,00,00,00,
46306354,00000118,false,Rx,1,4,00,42,4C,00,00,00,00,00,
46316014,00000118,false,Rx,1,4,00,43,4C,00,00,00,00,00,
46326338,00000118,false,Rx,1,4,00,44,4C,00,00,00,00,00,
46335995,00000118,false,Rx,1,4,00,45,4C,00,00,00,00,00,
46346304,00000118,false,Rx,1,4,00,46,4C,00,00,00,00,00,
46355083,000005BE,false,Rx,1,8,00,00,00,00,00,00,00,00,
46355192,0000054B,false,Rx,1,8,00,00,00,00,00,00,00,00,
46355297,000003DB,false,Rx,1,8,00,00,00,00,00,00,00,00,
46355402,000003C8,false,Rx,1,8,00,00,00,00,00,00,00,00,
46355510,000003BE,false,Rx,1,8,00,00,00,00,00,00,00,00,
46355617,00000392,false,Rx,1,8,00,00,00,00,00,00,00,00,
46355712,0000018C,false,Rx,1,8,00,00,00,00,00,00,00,00,
46356032,00000118,false,Rx,1,4,00,47,4C,00,00,00,00,00,
46366290,00000118,false,Rx,1,4,00,48,4C,00,00,00,00,00,
46370267,0000070F,false,Rx,0,8,03,22,2B,E9,55,55,55,55,
46376009,00000118,false,Rx,1,4,00,49,4C,00,00,00,00,00,
46386274,00000118,false,Rx,1,4,00,4A,4C,00,00,00,00,00,
46388657,00000779,false,Rx,1,8,05,62,2B,E9,2D,00,AA,AA,
46396364,00000118,false,Rx,1,4,00,4B,4C,00,00,00,00,00,
46406678,00000118,false,Rx,1,4,00,4C,4C,00,00,00,00,00,
46416334,00000118,false,Rx,1,4,00,4D,4C,00,00,00,00,00,
46426663,00000118,false,Rx,1,4,00,4E,4C,00,00,00,00,00,
46436326,00000118,false,Rx,1,4,00,4F,4C,00,00,00,00,00,
46446630,00000118,false,Rx,1,4,00,40,4C,00,00,00,00,00,
46455077,000005BE,false,Rx,1,8,00,00,00,00,00,00,00,00,
46455184,0000054B,false,Rx,1,8,00,00,00,00,00,00,00,00,
46455291,000003DB,false,Rx,1,8,00,00,00,00,00,00,00,00,
46455395,000003C8,false,Rx,1,8,00,00,00,00,00,00,00,00,
46455503,000003BE,false,Rx,1,8,00,00,00,00,00,00,00,00,
46455609,00000392,false,Rx,1,8,00,00,00,00,00,00,00,00,
46455706,0000018C,false,Rx,1,8,00,00,00,00,00,00,00,00,
46456325,00000118,false,Rx,1,4,00,41,4C,00,00,00,00,00,
46466612,00000118,false,Rx,1,4,00,42,4C,00,00,00,00,00,
46476311,00000118,false,Rx,1,4,00,43,4C,00,00,00,00,00,
46486997,00000118,false,Rx,1,4,00,44,4C,00,00,00,00,00,
46496674,00000118,false,Rx,1,4,00,45,4C,00,00,00,00,00,
46507000,00000118,false,Rx,1,4,00,46,4C,00,00,00,00,00,
46516660,00000118,false,Rx,1,4,00,47,4C,00,00,00,00,00,
46526987,00000118,false,Rx,1,4,00,48,4C,00,00,00,00,00,
46536644,00000118,false,Rx,1,4,00,49,4C,00,00,00,00,00,
46546954,00000118,false,Rx,1,4,00,4A,4C,00,00,00,00,00,
46555075,000005BE,false,Rx,1,8,00,00,00,00,00,00,00,00,
46555184,0000054B,false,Rx,1,8,00,00,00,00,00,00,00,00,
46555290,000003DB,false,Rx,1,8,00,00,00,00,00,00,00,00,
46555389,000003C8,false,Rx,1,8,00,00,00,00,00,00,00,00,
46555502,000003BE,false,Rx,1,8,00,00,00,00,00,00,00,00,
46555609,00000392,false,Rx,1,8,00,00,00,00,00,00,00,00,
46555705,0000018C,false,Rx,1,8,00,00,00,00,00,00,00,00,
46556648,00000118,false,Rx,1,4,00,4B,4C,00,00,00,00,00,
46567335,00000118,false,Rx,1,4,00,4C,4C,00,00,00,00,00,
46577031,00000118,false,Rx,1,4,00,4D,4C,00,00,00,00,00,
46587811,00000118,false,Rx,1,4,00,4E,4C,00,00,00,00,00,
46597397,00000118,false,Rx,1,4,00,4F,4C,00,00,00,00,00,
46607726,00000118,false,Rx,1,4,00,40,4C,00,00,00,00,00,
46617383,00000118,false,Rx,1,4,00,41,4C,00,00,00,00,00,
46627709,00000118,false,Rx,1,4,00,42,4C,00,00,00,00,00,
46637369,00000118,false,Rx,1,4,00,43,4C,00,00,00,00,00,
46647688,00000118,false,Rx,1,4,00,44,4C,00,00,00,00,00,
46655088,000005BE,false,Rx,1,8,00,00,00,00,00,00,00,00,
46655186,0000054B,false,Rx,1,8,00,00,00,00,00,00,00,00,
46655296,000003DB,false,Rx,1,8,00,00,00,00,00,00,00,00,
46655401,000003C8,false,Rx,1,8,00,00,00,00,00,00,00,00,
46655509,000003BE,false,Rx,1,8,00,00,00,00,00,00,00,00,
46655611,00000392,false,Rx,1,8,00,00,00,00,00,00,00,00,
46655711,0000018C,false,Rx,1,8,00,00,00,00,00,00,00,00,
46657372,00000118,false,Rx,1,4,00,45,4C,00,00,00,00,00,
46667658,00000118,false,Rx,1,4,00,46,4C,00,00,00,00,00,
46667975,17F0000F,true,Rx,1,8,00,0F,00,00,00,00,00,80,
46677365,00000118,false,Rx,1,4,00,47,4C,00,00,00,00,00,
46687646,00000118,false,Rx,1,4,00,48,4C,00,00,00,00,00,
46688215,0000070F,false,Rx,0,8,03,22,2B,F3,55,55,55,55,
46698939,00000118,false,Rx,1,4,00,49,4C,00,00,00,00,00,
46707598,00000118,false,Rx,1,4,00,4A,4C,00,00,00,00,00,
46717381,00000779,false,Rx,1,8,05,62,2B,F3,4C,00,AA,AA,
46717484,00000118,false,Rx,1,4,00,4B,4C,00,00,00,00,00,
46727646,00000118,false,Rx,1,4,00,4C,4C,00,00,00,00,00,
46737427,00000118,false,Rx,1,4,00,4D,4C,00,00,00,00,00,
46747643,00000118,false,Rx,1,4,00,4E,4C,00,00,00,00,00,
46755090,000005BE,false,Rx,1,8,00,00,00,00,00,00,00,00,
46755199,0000054B,false,Rx,1,8,00,00,00,00,00,00,00,00,
46755306,000003DB,false,Rx,1,8,00,00,00,00,00,00,00,00,
46755405,000003C8,false,Rx,1,8,00,00,00,00,00,00,00,00,
46755518,000003BE,false,Rx,1,8,00,00,00,00,00,00,00,00,
46755619,00000392,false,Rx,1,8,00,00,00,00,00,00,00,00,
46755720,0000018C,false,Rx,1,8,00,00,00,00,00,00,00,00,
46757384,00000118,false,Rx,1,4,00,4F,4C,00,00,00,00,00,
46767631,00000118,false,Rx,1,4,00,40,4C,00,00,00,00,00,
46777387,00000118,false,Rx,1,4,00,41,4C,00,00,00,00,00,
46787730,00000118,false,Rx,1,4,00,42,4C,00,00,00,00,00,
46797398,00000118,false,Rx,1,4,00,43,4C,00,00,00,00,00,
46807592,00000118,false,Rx,1,4,00,44,4C,00,00,00,00,00,
46817390,00000118,false,Rx,1,4,00,45,4C,00,00,00,00,00,
46827630,00000118,false,Rx,1,4,00,46,4C,00,00,00,00,00,
46837385,00000118,false,Rx,1,4,00,47,4C,00,00,00,00,00,
46847628,00000118,false,Rx,1,4,00,48,4C,00,00,00,00,00,
46855081,000005BE,false,Rx,1,8,00,00,00,00,00,00,00,00,
46855190,0000054B,false,Rx,1,8,00,00,00,00,00,00,00,00,
46855296,000003DB,false,Rx,1,8,00,00,00,00,00,00,00,00,
46855401,000003C8,false,Rx,1,8,00,00,00,00,00,00,00,00,
46855509,000003BE,false,Rx,1,8,00,00,00,00,00,00,00,00,
46855610,00000392,false,Rx,1,8,00,00,00,00,00,00,00,00,
46855711,0000018C,false,Rx,1,8,00,00,00,00,00,00,00,00,
46857384,00000118,false,Rx,1,4,00,49,4C,00,00,00,00,00,
46867628,00000118,false,Rx,1,4,00,4A,4C,00,00,00,00,00,
46877386,00000118,false,Rx,1,4,00,4B,4C,00,00,00,00,00,
46887895,00000118,false,Rx,1,4,00,4C,4C,00,00,00,00,00,
46897629,00000118,false,Rx,1,4,00,4D,4C,00,00,00,00,00,
46907879,00000118,false,Rx,1,4,00,4E,4C,00,00,00,00,00,
46918126,00000118,false,Rx,1,4,00,4F,4C,00,00,00,00,00,
46928356,00000118,false,Rx,1,4,00,40,4C,00,00,00,00,00,
46938118,00000118,false,Rx,1,4,00,41,4C,00,00,00,00,00,
46948359,00000118,false,Rx,1,4,00,42,4C,00,00,00,00,00,
46955075,000005BE,false,Rx,1,8,00,00,00,00,00,00,00,00,
46955183,0000054B,false,Rx,1,8,00,00,00,00,00,00,00,00,
46955290,000003DB,false,Rx,1,8,00,00,00,00,00,00,00,00,
46955390,000003C8,false,Rx,1,8,00,00,00,00,00,00,00,00,
46955503,000003BE,false,Rx,1,8,00,00,00,00,00,00,00,00,
46955604,00000392,false,Rx,1,8,00,00,00,00,00,00,00,00,
46955705,0000018C,false,Rx,1,8,00,00,00,00,00,00,00,00,
46957881,00000118,false,Rx,1,4,00,43,4C,00,00,00,00,00,
46968810,00000118,false,Rx,1,4,00,44,4C,00,00,00,00,00,
46977907,00000118,false,Rx,1,4,00,45,4C,00,00,00,00,00,
46988387,00000118,false,Rx,1,4,00,46,4C,00,00,00,00,00,
46998119,00000118,false,Rx,1,4,00,47,4C,00,00,00,00,00,
47008356,00000118,false,Rx,1,4,00,48,4C,00,00,00,00,00,
47017878,00000118,false,Rx,1,4,00,49,4C,00,00,00,00,00,
47021812,0000070F,false,Rx,0,8,03,22,2B,E6,55,55,55,55,
47028357,00000118,false,Rx,1,4,00,4A,4C,00,00,00,00,00,
47038354,00000118,false,Rx,1,4,00,4B,4C,00,00,00,00,00,
47040678,00000779,false,Rx,1,8,05,62,2B,E6,10,60,AA,AA,
47048605,00000118,false,Rx,1,4,00,4C,4C,00,00,00,00,00,
47055085,000005BE,false,Rx,1,8,00,00,00,00,00,00,00,00,
47055194,0000054B,false,Rx,1,8,00,00,00,00,00,00,00,00,
47055300,000003DB,false,Rx,1,8,00,00,00,00,00,00,00,00,
47055399,000003C8,false,Rx,1,8,00,00,00,00,00,00,00,00,
47055513,000003BE,false,Rx,1,8,00,00,00,00,00,00,00,00,
47055614,00000392,false,Rx,1,8,00,00,00,00,00,00,00,00,
47055715,0000018C,false,Rx,1,8,00,00,00,00,00,00,00,00,
47058357,00000118,false,Rx,1,4,00,4D,4C,00,00,00,00,00,
47068593,00000118,false,Rx,1,4,00,4E,4C,00,00,00,00,00,
47078351,00000118,false,Rx,1,4,00,4F,4C,00,00,00,00,00,
47088598,00000118,false,Rx,1,4,00,40,4C,00,00,00,00,00,
47098839,00000118,false,Rx,1,4,00,41,4C,00,00,00,00,00,
47109325,00000118,false,Rx,1,4,00,42,4C,00,00,00,00,00,
47119008,00000118,false,Rx,1,4,00,43,4C,00,00,00,00,00,
47129326,00000118,false,Rx,1,4,00,44,4C,00,00,00,00,00,
47138984,00000118,false,Rx,1,4,00,45,4C,00,00,00,00,00,
47149311,00000118,false,Rx,1,4,00,46,4C,00,00,00,00,00,
47155075,000005BE,false,Rx,1,8,00,00,00,00,00,00,00,00,
47155184,0000054B,false,Rx,1,8,00,00,00,00,00,00,00,00,
47155333,000003DB,false,Rx,1,8,00,00,00,00,00,00,00,00,
47155390,000003C8,false,Rx,1,8,00,00,00,00,00,00,00,00,
47155498,000003BE,false,Rx,1,8,00,00,00,00,00,00,00,00,
47155604,00000392,false,Rx,1,8,00,00,00,00,00,00,00,00,
47155705,0000018C,false,Rx,1,8,00,00,00,00,00,00,00,00,
47158972,00000118,false,Rx,1,4,00,47,4C,00,00,00,00,00,
47169279,00000118,false,Rx,1,4,00,48,4C,00,00,00,00,00,
47169573,17F0000F,true,Rx,1,8,00,0F,00,00,00,00,00,80,
47178980,00000118,false,Rx,1,4,00,49,4C,00,00,00,00,00,
47189748,00000118,false,Rx,1,4,00,4A,4C,00,00,00,00,00,
47204728,00000118,false,Rx,1,4,00,4B,4C,00,00,00,00,00,
47209311,00000118,false,Rx,1,4,00,4C,4C,00,00,00,00,00,
47219421,00000118,false,Rx,1,4,00,4D,4C,00,00,00,00,00,
47229591,00000118,false,Rx,1,4,00,4E,4C,00,00,00,00,00,
47239383,00000118,false,Rx,1,4,00,4F,4C,00,00,00,00,00,
47249565,00000118,false,Rx,1,4,00,40,4C,00,00,00,00,00,
47255091,000005BE,false,Rx,1,8,00,00,00,00,00,00,00,00,
47255200,0000054B,false,Rx,1,8,00,00,00,00,00,00,00,00,
47255306,000003DB,false,Rx,1,8,00,00,00,00,00,00,00,00,
47255411,000003C8,false,Rx,1,8,00,00,00,00,00,00,00,00,
47255518,000003BE,false,Rx,1,8,00,00,00,00,00,00,00,00,
47255625,00000392,false,Rx,1,8,00,00,00,00,00,00,00,00,
47255721,0000018C,false,Rx,1,8,00,00,00,00,00,00,00,00,
47259369,00000118,false,Rx,1,4,00,41,4C,00,00,00,00,00,
47269576,00000118,false,Rx,1,4,00,42,4C,00,00,00,00,00,
47279335,00000118,false,Rx,1,4,00,43,4C,00,00,00,00,00,
47290058,00000118,false,Rx,1,4,00,44,4C,00,00,00,00,00,
47300100,00000118,false,Rx,1,4,00,45,4C,00,00,00,00,00,
47310555,00000118,false,Rx,1,4,00,46,4C,00,00,00,00,00,
47320095,00000118,false,Rx,1,4,00,47,4C,00,00,00,00,00,
47330342,00000118,false,Rx,1,4,00,48,4C,00,00,00,00,00,
47330769,0000070F,false,Rx,0,8,03,22,2B,E7,55,55,55,55,
47340092,00000118,false,Rx,1,4,00,49,4C,00,00,00,00,00,
47350321,00000118,false,Rx,1,4,00,4A,4C,00,00,00,00,00,
47352667,00000779,false,Rx,1,8,04,62,2B,E7,22,AA,AA,AA,
47355075,000005BE,false,Rx,1,8,00,00,00,00,00,00,00,00,
47355184,0000054B,false,Rx,1,8,00,00,00,00,00,00,00,00,
47355290,000003DB,false,Rx,1,8,00,00,00,00,00,00,00,00,
47355394,000003C8,false,Rx,1,8,00,00,00,00,00,00,00,00,
47355503,000003BE,false,Rx,1,8,00,00,00,00,00,00,00,00,
47355609,00000392,false,Rx,1,8,00,00,00,00,00,00,00,00,
47355705,0000018C,false,Rx,1,8,00,00,00,00,00,00,00,00,
47360066,00000118,false,Rx,1,4,00,4B,4C,00,00,00,00,00,
47370308,00000118,false,Rx,1,4,00,4C,4C,00,00,00,00,00,
47380419,00000118,false,Rx,1,4,00,4D,4C,00,00,00,00,00,
47391130,00000118,false,Rx,1,4,00,4E,4C,00,00,00,00,00,
47400785,00000118,false,Rx,1,4,00,4F,4C,00,00,00,00,00,
47411112,00000118,false,Rx,1,4,00,40,4C,00,00,00,00,00,
47420772,00000118,false,Rx,1,4,00,41,4C,00,00,00,00,00,
47431080,00000118,false,Rx,1,4,00,42,4C,00,00,00,00,00,
47440777,00000118,false,Rx,1,4,00,43,4C,00,00,00,00,00,
47451061,00000118,false,Rx,1,4,00,44,4C,00,00,00,00,00,
47460793,00000118,false,Rx,1,4,00,45,4C,00,00,00,00,00,
47471056,00000118,false,Rx,1,4,00,46,4C,00,00,00,00,00,
47480682,00000118,false,Rx,1,4,00,47,00,00,00,00,00,00,
47490910,00000118,false,Rx,1,4,00,48,00,00,00,00,00,00,
47500576,00000118,false,Rx,1,4,00,49,00,00,00,00,00,00,
47510899,00000118,false,Rx,1,4,00,4A,00,00,00,00,00,00,
47520564,00000118,false,Rx,1,4,00,4B,00,00,00,00,00,00,
47530867,00000118,false,Rx,1,4,00,4C,00,00,00,00,00,00,
47540567,00000118,false,Rx,1,4,00,4D,00,00,00,00,00,00,
47550848,00000118,false,Rx,1,4,00,4E,00,00,00,00,00,00,
47560585,00000118,false,Rx,1,4,00,4F,00,00,00,00,00,00,
47570835,00000118,false,Rx,1,4,00,40,00,00,00,00,00,00,
47580524,00000118,false,Rx,1,4,00,41,00,00,00,00,00,00,
47590948,00000118,false,Rx,1,4,00,42,00,00,00,00,00,00,
47600501,00000118,false,Rx,1,4,00,43,00,00,00,00,00,00,
47610822,00000118,false,Rx,1,4,00,44,00,00,00,00,00,00,
47620486,00000118,false,Rx,1,4,00,45,00,00,00,00,00,00,
47630786,00000118,false,Rx,1,4,00,46,00,00,00,00,00,00,
47640489,00000118,false,Rx,1,4,00,47,00,00,00,00,00,00,
47640557,0000070F,false,Rx,0,8,03,22,2B,E9,55,55,55,55,
47650794,00000118,false,Rx,1,4,00,48,00,00,00,00,00,00,
47660509,00000118,false,Rx,1,4,00,49,00,00,00,00,00,00,
47661814,00000779,false,Rx,1,8,05,62,2B,E9,00,00,AA,AA,
47670771,00000118,false,Rx,1,4,00,4A,00,00,00,00,00,00,
47671068,17F0000F,true,Rx,1,8,00,0F,00,00,00,00,00,80,
47680449,00000118,false,Rx,1,4,00,4B,00,00,00,00,00,00,
47690763,00000118,false,Rx,1,4,00,4C,00,00,00,00,00,00,
47700450,00000118,false,Rx,1,4,00,4D,00,00,00,00,00,00,
47710674,00000118,false,Rx,1,4,00,4E,00,00,00,00,00,00,
47720576,00000118,false,Rx,1,4,00,4F,00,00,00,00,00,00,
47730755,00000118,false,Rx,1,4,00,40,00,00,00,00,00,00,
47740396,00000118,false,Rx,1,4,00,41,00,00,00,00,00,00,
47750716,00000118,false,Rx,1,4,00,42,00,00,00,00,00,00,
47760414,00000118,false,Rx,1,4,00,43,00,00,00,00,00,00,
47770680,00000118,false,Rx,1,4,00,44,00,00,00,00,00,00,
47780384,00000118,false,Rx,1,4,00,45,00,00,00,00,00,00,
47790670,00000118,false,Rx,1,4,00,46,00,00,00,00,00,00,
47800367,00000118,false,Rx,1,4,00,47,00,00,00,00,00,00,
47810649,00000118,false,Rx,1,4,00,48,00,00,00,00,00,00,
47820334,00000118,false,Rx,1,4,00,49,00,00,00,00,00,00,
47830657,00000118,false,Rx,1,4,00,4A,00,00,00,00,00,00,
47840325,00000118,false,Rx,1,4,00,4B,00,00,00,00,00,00,
47850640,00000118,false,Rx,1,4,00,4C,00,00,00,00,00,00,
47860339,00000118,false,Rx,1,4,00,4D,00,00,00,00,00,00,
47870605,00000118,false,Rx,1,4,00,4E,00,00,00,00,00,00,
47880306,00000118,false,Rx,1,4,00,4F,00,00,00,00,00,00,
47890592,00000118,false,Rx,1,4,00,40,00,00,00,00,00,00,
47900294,00000118,false,Rx,1,4,00,41,00,00,00,00,00,00,
47910575,00000118,false,Rx,1,4,00,42,00,00,00,00,00,00,
47920258,00000118,false,Rx,1,4,00,43,00,00,00,00,00,00,
47930578,00000118,false,Rx,1,4,00,44,00,00,00,00,00,00,
47940243,00000118,false,Rx,1,4,00,45,00,00,00,00,00,00,
47950565,00000118,false,Rx,1,4,00,46,00,00,00,00,00,00,
47955482,0000070F,false,Rx,0,8,03,22,2B,F3,55,55,55,55,
47960287,00000118,false,Rx,1,4,00,47,00,00,00,00,00,00,
47970527,00000118,false,Rx,1,4,00,48,00,00,00,00,00,00,
47972660,00000779,false,Rx,1,8,05,62,2B,F3,00,00,AA,AA,
47980243,00000118,false,Rx,1,4,00,49,00,00,00,00,00,00,
47990516,00000118,false,Rx,1,4,00,4A,00,00,00,00,00,00,
48000217,00000118,false,Rx,1,4,00,4B,00,00,00,00,00,00,
48010500,00000118,false,Rx,1,4,00,4C,00,00,00,00,00,00,
48020181,00000118,false,Rx,1,4,00,4D,00,00,00,00,00,00,
48030502,00000118,false,Rx,1,4,00,4E,00,00,00,00,00,00,
48040169,00000118,false,Rx,1,4,00,4F,00,00,00,00,00,00,
48050490,00000118,false,Rx,1,4,00,40,00,00,00,00,00,00,
48060189,00000118,false,Rx,1,4,00,41,00,00,00,00,00,00,
48070454,00000118,false,Rx,1,4,00,42,00,00,00,00,00,00,
48080156,00000118,false,Rx,1,4,00,43,00,00,00,00,00,00,
48090437,00000118,false,Rx,1,4,00,44,00,00,00,00,00,00,
48100140,00000118,false,Rx,1,4,00,45,00,00,00,00,00,00,
48110421,00000118,false,Rx,1,4,00,46,00,00,00,00,00,00,
48120104,00000118,false,Rx,1,4,00,47,00,00,00,00,00,00,
48130423,00000118,false,Rx,1,4,00,48,00,00,00,00,00,00,
48140090,00000118,false,Rx,1,4,00,49,00,00,00,00,00,00,
48150412,00000118,false,Rx,1,4,00,4A,00,00,00,00,00,00,
48160111,00000118,false,Rx,1,4,00,4B,00,00,00,00,00,00,
48170378,00000118,false,Rx,1,4,00,4C,00,00,00,00,00,00,
48170672,17F0000F,true,Rx,1,8,00,0F,00,00,00,00,00,80,
48180085,00000118,false,Rx,1,4,00,4D,00,00,00,00,00,00,
48190361,00000118,false,Rx,1,4,00,4E,00,00,00,00,00,00,
48200088,00000118,false,Rx,1,4,00,4F,00,00,00,00,00,00,
48215717,00000118,false,Rx,1,4,00,40,00,00,00,00,00,00,
48220059,00000118,false,Rx,1,4,00,41,00,00,00,00,00,00,
48230368,00000118,false,Rx,1,4,00,42,00,00,00,00,00,00,
48240101,00000118,false,Rx,1,4,00,43,00,00,00,00,00,00,
48250337,00000118,false,Rx,1,4,00,44,00,00,00,00,00,00,
48260097,00000118,false,Rx,1,4,00,45,00,00,00,00,00,00,
48270299,00000118,false,Rx,1,4,00,46,00,00,00,00,00,00,
48270978,0000070F,false,Rx,0,8,03,22,2B,E6,55,55,55,55,
48280120,00000118,false,Rx,1,4,00,47,00,00,00,00,00,00,
48290283,00000118,false,Rx,1,4,00,48,00,00,00,00,00,00,
48292416,00000779,false,Rx,1,8,05,62,2B,E6,00,0F,AA,AA,
48300111,00000118,false,Rx,1,4,00,49,00,00,00,00,00,00,
48310272,00000118,false,Rx,1,4,00,4A,00,00,00,00,00,00,
48320121,00000118,false,Rx,1,4,00,4B,00,00,00,00,00,00,
48330275,00000118,false,Rx,1,4,00,4C,00,00,00,00,00,00,
48340101,00000118,false,Rx,1,4,00,4D,00,00,00,00,00,00,
48350262,00000118,false,Rx,1,4,00,4E,00,00,00,00,00,00,
48360101,00000118,false,Rx,1,4,00,4F,00,00,00,00,00,00,
48370227,00000118,false,Rx,1,4,00,40,00,00,00,00,00,00,
48380101,00000118,false,Rx,1,4,00,41,00,00,00,00,00,00,
48390211,00000118,false,Rx,1,4,00,42,00,00,00,00,00,00,
48400106,00000118,false,Rx,1,4,00,43,00,00,00,00,00,00,
48410194,00000118,false,Rx,1,4,00,44,00,00,00,00,00,00,
48419859,00000118,false,Rx,1,4,00,45,00,00,00,00,00,00,
48430196,00000118,false,Rx,1,4,00,46,00,00,00,00,00,00,
48439871,00000118,false,Rx,1,4,00,47,00,00,00,00,00,00,
48450189,00000118,false,Rx,1,4,00,48,00,00,00,00,00,00,
48459877,00000118,false,Rx,1,4,00,49,00,00,00,00,00,00,
48470150,00000118,false,Rx,1,4,00,4A,00,00,00,00,00,00,
48479887,00000118,false,Rx,1,4,00,4B,00,00,00,00,00,00,
48490136,00000118,false,Rx,1,4,00,4C,00,00,00,00,00,00,
48499861,00000118,false,Rx,1,4,00,4D,00,00,00,00,00,00,
48510118,00000118,false,Rx,1,4,00,4E,00,00,00,00,00,00,
48519863,00000118,false,Rx,1,4,00,4F,00,00,00,00,00,00,
48530124,00000118,false,Rx,1,4,00,40,00,00,00,00,00,00,
48539863,00000118,false,Rx,1,4,00,41,00,00,00,00,00,00,
48550108,00000118,false,Rx,1,4,00,42,00,00,00,00,00,00,
48559863,00000118,false,Rx,1,4,00,43,00,00,00,00,00,00,
48570072,00000118,false,Rx,1,4,00,44,00,00,00,00,00,00,
48579857,00000118,false,Rx,1,4,00,45,00,00,00,00,00,00,
48590146,00000118,false,Rx,1,4,00,46,00,00,00,00,00,00,
48597599,0000070F,false,Rx,0,8,03,22,2B,E7,55,55,55,55,
48599894,00000118,false,Rx,1,4,00,47,00,00,00,00,00,00,
48610040,00000118,false,Rx,1,4,00,48,00,00,00,00,00,00,
48612170,00000779,false,Rx,1,8,04,62,2B,E7,00,AA,AA,AA,
48619872,00000118,false,Rx,1,4,00,49,00,00,00,00,00,00,
48630048,00000118,false,Rx,1,4,00,4A,00,00,00,00,00,00,
48639882,00000118,false,Rx,1,4,00,4B,00,00,00,00,00,00,
48650050,00000118,false,Rx,1,4,00,4C,00,00,00,00,00,00,
48659886,00000118,false,Rx,1,4,00,4D,00,00,00,00,00,00,
48669996,00000118,false,Rx,1,4,00,4E,00,00,00,00,00,00,
48670291,17F0000F,true,Rx,1,8,00,0F,00,00,00,00,00,80,
48679861,00000118,false,Rx,1,4,00,4F,00,00,00,00,00,00,
48689983,00000118,false,Rx,1,4,00,40,00,00,00,00,00,00,
48699756,00000118,false,Rx,1,4,00,41,00,00,00,00,00,00,
48713378,00000118,false,Rx,1,4,00,42,00,00,00,00,00,00,
48720144,00000118,false,Rx,1,4,00,43,00,00,00,00,00,00,
48729904,00000118,false,Rx,1,4,00,44,00,00,00,00,00,00,
48739707,00000118,false,Rx,1,4,00,45,00,00,00,00,00,00,
48749879,00000118,false,Rx,1,4,00,46,00,00,00,00,00,00,
48760130,00000118,false,Rx,1,4,00,47,00,00,00,00,00,00,
48770644,00000118,false,Rx,1,4,00,48,00,00,00,00,00,00,
48780501,00000118,false,Rx,1,4,00,49,00,00,00,00,00,00,
48791041,00000118,false,Rx,1,4,00,4A,00,00,00,00,00,00,
48800885,00000118,false,Rx,1,4,00,4B,00,00,00,00,00,00,
48811417,00000118,false,Rx,1,4,00,4C,00,00,00,00,00,00,
48821247,00000118,false,Rx,1,4,00,4D,00,00,00,00,00,00,
48831419,00000118,false,Rx,1,4,00,4E,00,00,00,00,00,00,
48841230,00000118,false,Rx,1,4,00,4F,00,00,00,00,00,00,
48851405,00000118,false,Rx,1,4,00,40,00,00,00,00,00,00,
48861253,00000118,false,Rx,1,4,00,41,00,00,00,00,00,00,
48871771,00000118,false,Rx,1,4,00,42,00,00,00,00,00,00,
48881619,00000118,false,Rx,1,4,00,43,00,00,00,00,00,00,
48892154,00000118,false,Rx,1,4,00,44,00,00,00,00,00,00,
48902002,00000118,false,Rx,1,4,00,45,00,00,00,00,00,00,
48905904,0000070F,false,Rx,0,8,03,22,2B,E9,55,55,55,55,
48912560,00000118,false,Rx,1,4,00,46,00,00,00,00,00,00,
48922379,00000118,false,Rx,1,4,00,47,00,00,00,00,00,00,
48923712,00000779,false,Rx,1,8,05,62,2B,E9,00,00,AA,AA,
48932549,00000118,false,Rx,1,4,00,48,00,00,00,00,00,00,
48942354,00000118,false,Rx,1,4,00,49,00,00,00,00,00,00,
48952527,00000118,false,Rx,1,4,00,4A,00,00,00,00,00,00,
48962782,00000118,false,Rx,1,4,00,4B,00,00,00,00,00,00,
48973400,00000118,false,Rx,1,4,00,4C,00,00,00,00,00,00,
48983123,00000118,false,Rx,1,4,00,4D,00,00,00,00,00,00,
48993388,00000118,false,Rx,1,4,00,4E,00,00,00,00,00,00,
49003125,00000118,false,Rx,1,4,00,4F,00,00,00,00,00,00,
49013889,00000118,false,Rx,1,4,00,40,00,00,00,00,00,00,
49023640,00000118,false,Rx,1,4,00,41,00,00,00,00,00,00,
49034131,00000118,false,Rx,1,4,00,42,00,00,00,00,00,00,
49043882,00000118,false,Rx,1,4,00,43,00,00,00,00,00,00,
49054136,00000118,false,Rx,1,4,00,44,00,00,00,00,00,00,
49063882,00000118,false,Rx,1,4,00,45,00,00,00,00,00,00,
49074130,00000118,false,Rx,1,4,00,46,00,00,00,00,00,00,
49083884,00000118,false,Rx,1,4,00,47,00,00,00,00,00,00,
49094130,00000118,false,Rx,1,4,00,48,00,00,00,00,00,00,
49103891,00000118,false,Rx,1,4,00,49,00,00,00,00,00,00,
49114620,00000118,false,Rx,1,4,00,4A,00,00,00,00,00,00,
49124381,00000118,false,Rx,1,4,00,4B,00,00,00,00,00,00,
49134879,00000118,false,Rx,1,4,00,4C,00,00,00,00,00,00,
49144614,00000118,false,Rx,1,4,00,4D,00,00,00,00,00,00,
49154865,00000118,false,Rx,1,4,00,4E,00,00,00,00,00,00,
49164619,00000118,false,Rx,1,4,00,4F,00,00,00,00,00,00,
49174877,00000118,false,Rx,1,4,00,40,00,00,00,00,00,00,
49175171,17F0000F,true,Rx,1,8,00,0F,00,00,00,00,00,80,
49184616,00000118,false,Rx,1,4,00,41,00,00,00,00,00,00,
49194866,00000118,false,Rx,1,4,00,42,00,00,00,00,00,00,
49204729,00000118,false,Rx,1,4,00,43,00,00,00,00,00,00,
49215276,00000118,false,Rx,1,4,00,44,00,00,00,00,00,00,
49224074,0000070F,false,Rx,0,8,03,22,2B,F3,55,55,55,55,
49224560,00000118,false,Rx,1,4,00,45,00,00,00,00,00,00,
49235119,00000118,false,Rx,1,4,00,46,00,00,00,00,00,00,
49244942,00000118,false,Rx,1,4,00,47,00,00,00,00,00,00,
49246457,00000779,false,Rx,1,8,05,62,2B,F3,00,00,AA,AA,
49255105,00000118,false,Rx,1,4,00,48,00,00,00,00,00,00,
49265107,00000118,false,Rx,1,4,00,49,00,00,00,00,00,00,
49275647,00000118,false,Rx,1,4,00,4A,00,00,00,00,00,00,
49285398,00000118,false,Rx,1,4,00,4B,00,00,00,00,00,00,
49295643,00000118,false,Rx,1,4,00,4C,00,00,00,00,00,00,
49305386,00000118,false,Rx,1,4,00,4D,00,00,00,00,00,00,
49315886,00000118,false,Rx,1,4,00,4E,00,00,00,00,00,00,
49325906,00000118,false,Rx,1,4,00,4F,00,00,00,00,00,00,
49335889,00000118,false,Rx,1,4,00,40,00,00,00,00,00,00,
49345641,00000118,false,Rx,1,4,00,41,00,00,00,00,00,00,
49355885,00000118,false,Rx,1,4,00,42,00,00,00,00,00,00,
49366130,00000118,false,Rx,1,4,00,43,00,00,00,00,00,00,
49376633,00000118,false,Rx,1,4,00,44,00,00,00,00,00,00,
49386630,00000118,false,Rx,1,4,00,45,00,00,00,00,00,00,
49396620,00000118,false,Rx,1,4,00,46,00,00,00,00,00,00,
49406621,00000118,false,Rx,1,4,00,47,00,00,00,00,00,00,
49416626,00000118,false,Rx,1,4,00,48,00,00,00,00,00,00,
49426623,00000118,false,Rx,1,4,00,49,00,00,00,00,00,00,
49436620,00000118,false,Rx,1,4,00,4A,00,00,00,00,00,00,
49446387,00000118,false,Rx,1,4,00,4B,00,00,00,00,00,00,
49456633,00000118,false,Rx,1,4,00,4C,00,00,00,00,00,00,
49466371,00000118,false,Rx,1,4,00,4D,00,00,00,00,00,00,
49476622,00000118,false,Rx,1,4,00,4E,00,00,00,00,00,00,
49486369,00000118,false,Rx,1,4,00,4F,00,00,00,00,00,00,
49496622,00000118,false,Rx,1,4,00,40,00,00,00,00,00,00,
49506371,00000118,false,Rx,1,4,00,41,00,00,00,00,00,00,
49516619,00000118,false,Rx,1,4,00,42,00,00,00,00,00,00,
49526374,00000118,false,Rx,1,4,00,43,00,00,00,00,00,00,
49536631,00000118,false,Rx,1,4,00,44,00,00,00,00,00,00,
49546376,00000118,false,Rx,1,4,00,45,00,00,00,00,00,00,
49556620,00000118,false,Rx,1,4,00,46,00,00,00,00,00,00,
49564150,00000700,false,Rx,0,8,02,3E,80,55,55,55,55,55,
49566895,00000118,false,Rx,1,4,00,47,00,00,00,00,00,00,
49576868,00000118,false,Rx,1,4,00,48,00,00,00,00,00,00,
49587152,00000118,false,Rx,1,4,00,49,00,00,00,00,00,00,
49597386,00000118,false,Rx,1,4,00,4A,00,00,00,00,00,00,
49607067,00000118,false,Rx,1,4,00,4B,00,00,00,00,00,00,
49617623,00000118,false,Rx,1,4,00,4C,00,00,00,00,00,00,
49627432,00000118,false,Rx,1,4,00,4D,00,00,00,00,00,00,
49637620,00000118,false,Rx,1,4,00,4E,00,00,00,00,00,00,
49647398,00000118,false,Rx,1,4,00,4F,00,00,00,00,00,00,
49657617,00000118,false,Rx,1,4,00,40,00,00,00,00,00,00,
49667438,00000118,false,Rx,1,4,00,41,00,00,00,00,00,00,
49678103,00000118,false,Rx,1,4,00,42,00,00,00,00,00,00,
49678638,17F0000F,true,Rx,1,8,00,0F,00,00,00,00,00,80,
49688174,00000118,false,Rx,1,4,00,43,00,00,00,00,00,00,
49698908,00000118,false,Rx,1,4,00,44,00,00,00,00,00,00,
49708255,00000118,false,Rx,1,4,00,45,00,00,00,00,00,00,
49718283,00000118,false,Rx,1,4,00,46,00,00,00,00,00,00,
49728151,00000118,false,Rx,1,4,00,47,00,00,00,00,00,00,
49738390,00000118,false,Rx,1,4,00,48,00,00,00,00,00,00,
49748379,00000118,false,Rx,1,4,00,49,00,00,00,00,00,00,
49758880,00000118,false,Rx,1,4,00,4A,00,00,00,00,00,00,
49768640,00000118,false,Rx,1,4,00,4B,00,00,00,00,00,00,
49778898,00000118,false,Rx,1,4,00,4C,00,00,00,00,00,00,
49788648,00000118,false,Rx,1,4,00,4D,00,00,00,00,00,00,
49798881,00000118,false,Rx,1,4,00,4E,00,00,00,00,00,00,
49808652,00000118,false,Rx,1,4,00,4F,00,00,00,00,00,00,
49818886,00000118,false,Rx,1,4,00,40,00,00,00,00,00,00,
49828632,00000118,false,Rx,1,4,00,41,00,00,00,00,00,00,
49839127,00000118,false,Rx,1,4,00,42,00,00,00,00,00,00,
49848874,00000118,false,Rx,1,4,00,43,00,00,00,00,00,00,
49859130,00000118,false,Rx,1,4,00,44,00,00,00,00,00,00,
49868872,00000118,false,Rx,1,4,00,45,00,00,00,00,00,00,
49879126,00000118,false,Rx,1,4,00,46,00,00,00,00,00,00,
49888889,00000118,false,Rx,1,4,00,47,00,00,00,00,00,00,
49899131,00000118,false,Rx,1,4,00,48,00,00,00,00,00,00,
49908877,00000118,false,Rx,1,4,00,49,00,00,00,00,00,00,
49919125,00000118,false,Rx,1,4,00,4A,00,00,00,00,00,00,
49928879,00000118,false,Rx,1,4,00,4B,00,00,00,00,00,00,
49939375,00000118,false,Rx,1,4,00,4C,00,00,00,00,00,00,
49949205,00000118,false,Rx,1,4,00,4D,00,00,00,00,00,00,
49959610,00000118,false,Rx,1,4,00,4E,00,00,00,00,00,00,
49965279,00000700,false,Rx,0,8,02,3E,80,55,55,55,55,55,
49969363,00000118,false,Rx,1,4,00,4F,00,00,00,00,00,00,
49979369,00000118,false,Rx,1,4,00,40,00,00,00,00,00,00,
49989374,00000118,false,Rx,1,4,00,41,00,00,00,00,00,00,
49999365,00000118,false,Rx,1,4,00,42,00,00,00,00,00,00,
50009123,00000118,false,Rx,1,4,00,43,00,00,00,00,00,00,
50019373,00000118,false,Rx,1,4,00,44,00,00,00,00,00,00,
50029128,00000118,false,Rx,1,4,00,45,00,00,00,00,00,00,
50039361,00000118,false,Rx,1,4,00,46,00,00,00,00,00,00,
50049121,00000118,false,Rx,1,4,00,47,00,00,00,00,00,00,
50059364,00000118,false,Rx,1,4,00,48,00,00,00,00,00,00,
50069165,00000118,false,Rx,1,4,00,49,00,00,00,00,00,00,
50079368,00000118,false,Rx,1,4,00,4A,00,00,00,00,00,00,
50089136,00000118,false,Rx,1,4,00,4B,00,00,00,00,00,00,
50099374,00000118,false,Rx,1,4,00,4C,00,00,00,00,00,00,
50109119,00000118,false,Rx,1,4,00,4D,00,00,00,00,00,00,
50119371,00000118,false,Rx,1,4,00,4E,00,00,00,00,00,00,
50129122,00000118,false,Rx,1,4,00,4F,00,00,00,00,00,00,
50139372,00000118,false,Rx,1,4,00,40,00,00,00,00,00,00,
50149123,00000118,false,Rx,1,4,00,41,00,00,00,00,00,00,
50159863,00000118,false,Rx,1,4,00,42,00,00,00,00,00,00,
50169609,00000118,false,Rx,1,4,00,43,00,00,00,00,00,00,
50179622,00000118,false,Rx,1,4,00,44,00,00,00,00,00,00,
50180158,17F0000F,true,Rx,1,8,00,0F,00,00,00,00,00,80,
50189414,00000118,false,Rx,1,4,00,45,00,00,00,00,00,00,
50206250,00000118,false,Rx,1,4,00,46,00,00,00,00,00,00,
50209381,00000118,false,Rx,1,4,00,47,00,00,00,00,00,00,
50219669,00000118,false,Rx,1,4,00,48,00,00,00,00,00,00,
50229371,00000118,false,Rx,1,4,00,49,00,00,00,00,00,00,
50239858,00000118,false,Rx,1,4,00,4A,00,00,00,00,00,00,
50249376,00000118,false,Rx,1,4,00,4B,00,00,00,00,00,00,
50259623,00000118,false,Rx,1,4,00,4C,00,00,00,00,00,00,
50269362,00000118,false,Rx,1,4,00,4D,00,00,00,00,00,00,
50279609,00000118,false,Rx,1,4,00,4E,00,00,00,00,00,00,
50289373,00000118,false,Rx,1,4,00,4F,00,00,00,00,00,00,
50299622,00000118,false,Rx,1,4,00,40,00,00,00,00,00,00,
50309364,00000118,false,Rx,1,4,00,41,00,00,00,00,00,00,
50319612,00000118,false,Rx,1,4,00,42,00,00,00,00,00,00,
50329371,00000118,false,Rx,1,4,00,43,00,00,00,00,00,00,
50339620,00000118,false,Rx,1,4,00,44,00,00,00,00,00,00,
50345614,00000700,false,Rx,0,8,02,3E,80,55,55,55,55,55,
50349360,00000118,false,Rx,1,4,00,45,00,00,00,00,00,00,
50359612,00000118,false,Rx,1,4,00,46,00,00,00,00,00,00,
50369362,00000118,false,Rx,1,4,00,47,00,00,00,00,00,00,
50379609,00000118,false,Rx,1,4,00,48,00,00,00,00,00,00,
50389389,00000118,false,Rx,1,4,00,49,00,00,00,00,00,00,
50399620,00000118,false,Rx,1,4,00,4A,00,00,00,00,00,00,
50409129,00000118,false,Rx,1,4,00,4B,00,00,00,00,00,00,
50414657,0000070F,false,Rx,0,1,A8,00,00,00,00,00,00,00,
50419633,00000118,false,Rx,1,4,00,4C,00,00,00,00,00,00,
50429120,00000118,false,Rx,1,4,00,4D,00,00,00,00,00,00,
50439621,00000118,false,Rx,1,4,00,4E,00,00,00,00,00,00,
50449120,00000118,false,Rx,1,4,00,4F,00,00,00,00,00,00,
50459619,00000118,false,Rx,1,4,00,40,00,00,00,00,00,00,
50469124,00000118,false,Rx,1,4,00,41,00,00,00,00,00,00,
50479610,00000118,false,Rx,1,4,00,42,00,00,00,00,00,00,
50489122,00000118,false,Rx,1,4,00,43,00,00,00,00,00,00,
50499624,00000118,false,Rx,1,4,00,44,00,00,00,00,00,00,
50509118,00000118,false,Rx,1,4,00,45,00,00,00,00,00,00,
50519611,00000118,false,Rx,1,4,00,46,00,00,00,00,00,00,
50529123,00000118,false,Rx,1,4,00,47,00,00,00,00,00,00,
50539609,00000118,false,Rx,1,4,00,48,00,00,00,00,00,00,
50549132,00000118,false,Rx,1,4,00,49,00,00,00,00,00,00,
50559613,00000118,false,Rx,1,4,00,4A,00,00,00,00,00,00,
50569127,00000118,false,Rx,1,4,00,4B,00,00,00,00,00,00,
50579374,00000118,false,Rx,1,4,00,4C,00,00,00,00,00,00,
50589119,00000118,false,Rx,1,4,00,4D,00,00,00,00,00,00,
50599366,00000118,false,Rx,1,4,00,4E,00,00,00,00,00,00,
50609120,00000118,false,Rx,1,4,00,4F,00,00,00,00,00,00,
50619373,00000118,false,Rx,1,4,00,40,00,00,00,00,00,00,
50629124,00000118,false,Rx,1,4,00,41,00,00,00,00,00,00,
50639365,00000118,false,Rx,1,4,00,42,00,00,00,00,00,00,
50649122,00000118,false,Rx,1,4,00,43,00,00,00,00,00,00,
50659467,00000118,false,Rx,1,4,00,44,00,00,00,00,00,00,
50669133,00000118,false,Rx,1,4,00,45,00,00,00,00,00,00,
50679369,00000118,false,Rx,1,4,00,46,00,00,00,00,00,00,
50679910,17F0000F,true,Rx,1,8,00,0F,00,00,00,00,00,80,
50689123,00000118,false,Rx,1,4,00,47,00,00,00,00,00,00,
50699699,00000118,false,Rx,1,4,00,48,00,00,00,00,00,00,
50709036,00000118,false,Rx,1,4,00,49,00,00,00,00,00,00,
50719540,00000118,false,Rx,1,4,00,4A,00,00,00,00,00,00,
50729386,00000118,false,Rx,1,4,00,4B,00,00,00,00,00,00,
50739647,00000118,false,Rx,1,4,00,4C,00,00,00,00,00,00,
50749638,00000118,false,Rx,1,4,00,4D,00,00,00,00,00,00,
50760129,00000118,false,Rx,1,4,00,4E,00,00,00,00,00,00,
50769884,00000118,false,Rx,1,4,00,4F,00,00,00,00,00,00,
50780134,00000118,false,Rx,1,4,00,40,00,00,00,00,00,00,
50789904,00000118,false,Rx,1,4,00,41,00,00,00,00,00,00,
50800140,00000118,false,Rx,1,4,00,42,00,00,00,00,00,00,
50809890,00000118,false,Rx,1,4,00,43,00,00,00,00,00,00,
50819887,00000118,false,Rx,1,4,00,44,00,00,00,00,00,00,
50829881,00000118,false,Rx,1,4,00,45,00,00,00,00,00,00,
50839884,00000118,false,Rx,1,4,00,46,00,00,00,00,00,00,
50849890,00000118,false,Rx,1,4,00,47,00,00,00,00,00,00,
50859887,00000118,false,Rx,1,4,00,48,00,00,00,00,00,00,
50869883,00000118,false,Rx,1,4,00,49,00,00,00,00,00,00,
50879889,00000118,false,Rx,1,4,00,4A,00,00,00,00,00,00,
50890148,00000118,false,Rx,1,4,00,4B,00,00,00,00,00,00,
50900383,00000118,false,Rx,1,4,00,4C,00,00,00,00,00,00,
50910130,00000118,false,Rx,1,4,00,4D,00,00,00,00,00,00,
50920371,00000118,false,Rx,1,4,00,4E,00,00,00,00,00,00,
50930128,00000118,false,Rx,1,4,00,4F,00,00,00,00,00,00,
50940627,00000118,false,Rx,1,4,00,40,00,00,00,00,00,00,
50950462,00000118,false,Rx,1,4,00,41,00,00,00,00,00,00,
50960621,00000118,false,Rx,1,4,00,42,00,00,00,00,00,00,
50970618,00000118,false,Rx,1,4,00,43,00,00,00,00,00,00,
50980636,00000118,false,Rx,1,4,00,44,00,00,00,00,00,00,
50990610,00000118,false,Rx,1,4,00,45,00,00,00,00,00,00,
51000620,00000118,false,Rx,1,4,00,46,00,00,00,00,00,00,
51010371,00000118,false,Rx,1,4,00,47,00,00,00,00,00,00,
51020618,00000118,false,Rx,1,4,00,48,00,00,00,00,00,00,
51030376,00000118,false,Rx,1,4,00,49,00,00,00,00,00,00,
51040620,00000118,false,Rx,1,4,00,4A,00,00,00,00,00,00,
51050383,00000118,false,Rx,1,4,00,4B,00,00,00,00,00,00,
51060633,00000118,false,Rx,1,4,00,4C,00,00,00,00,00,00,
51070369,00000118,false,Rx,1,4,00,4D,00,00,00,00,00,00,
51080617,00000118,false,Rx,1,4,00,4E,00,00,00,00,00,00,
51090370,00000118,false,Rx,1,4,00,4F,00,00,00,00,00,00,
51100624,00000118,false,Rx,1,4,00,40,00,00,00,00,00,00,
51110380,00000118,false,Rx,1,4,00,41,00,00,00,00,00,00,
51120620,00000118,false,Rx,1,4,00,42,00,00,00,00,00,00,
51130373,00000118,false,Rx,1,4,00,43,00,00,00,00,00,00,
51140631,00000118,false,Rx,1,4,00,44,00,00,00,00,00,00,
51150365,00000118,false,Rx,1,4,00,45,00,00,00,00,00,00,
51160867,00000118,false,Rx,1,4,00,46,00,00,00,00,00,00,
51170872,00000118,false,Rx,1,4,00,47,00,00,00,00,00,00,
51180865,00000118,false,Rx,1,4,00,48,00,00,00,00,00,00,
51181159,17F0000F,true,Rx,1,8,00,0F,00,00,00,00,00,80,
51190872,00000118,false,Rx,1,4,00,49,00,00,00,00,00,00,
51200849,00000118,false,Rx,1,4,00,4A,00,00,00,00,00,00,
51211007,00000118,false,Rx,1,4,00,4B,00,00,00,00,00,00,
51220943,00000118,false,Rx,1,4,00,4C,00,00,00,00,00,00,
51230691,00000118,false,Rx,1,4,00,4D,00,00,00,00,00,00,
51241363,00000118,false,Rx,1,4,00,4E,00,00,00,00,00,00,
51251120,00000118,false,Rx,1,4,00,4F,00,00,00,00,00,00,
51261618,00000118,false,Rx,1,4,00,40,00,00,00,00,00,00,
51271363,00000118,false,Rx,1,4,00,41,00,00,00,00,00,00,
51281617,00000118,false,Rx,1,4,00,42,00,00,00,00,00,00,
51291365,00000118,false,Rx,1,4,00,43,00,00,00,00,00,00,
51301620,00000118,false,Rx,1,4,00,44,00,00,00,00,00,00,
51311367,00000118,false,Rx,1,4,00,45,00,00,00,00,00,00,
51321620,00000118,false,Rx,1,4,00,46,00,00,00,00,00,00,
51331400,00000118,false,Rx,1,4,00,47,00,00,00,00,00,00,
51341609,00000118,false,Rx,1,4,00,48,00,00,00,00,00,00,
51351372,00000118,false,Rx,1,4,00,49,00,00,00,00,00,00,
51361613,00000118,false,Rx,1,4,00,4A,00,00,00,00,00,00,
51371374,00000118,false,Rx,1,4,00,4B,00,00,00,00,00,00,
51381622,00000118,false,Rx,1,4,00,4C,00,00,00,00,00,00,
51391385,00000118,false,Rx,1,4,00,4D,00,00,00,00,00,00,
51401610,00000118,false,Rx,1,4,00,4E,00,00,00,00,00,00,
51411361,00000118,false,Rx,1,4,00,4F,00,00,00,00,00,00,
51421622,00000118,false,Rx,1,4,00,40,00,00,00,00,00,00,
51431363,00000118,false,Rx,1,4,00,41,00,00,00,00,00,00,
51441865,00000118,false,Rx,1,4,00,42,00,00,00,00,00,00,
51451874,00000118,false,Rx,1,4,00,43,00,00,00,00,00,00,
51461866,00000118,false,Rx,1,4,00,44,00,00,00,00,00,00,
51471848,00000118,false,Rx,1,4,00,45,00,00,00,00,00,00,
51481859,00000118,false,Rx,1,4,00,46,00,00,00,00,00,00,
51491613,00000118,false,Rx,1,4,00,47,00,00,00,00,00,00,
51501857,00000118,false,Rx,1,4,00,48,00,00,00,00,00,00,
51511618,00000118,false,Rx,1,4,00,49,00,00,00,00,00,00,
51521863,00000118,false,Rx,1,4,00,4A,00,00,00,00,00,00,
51531625,00000118,false,Rx,1,4,00,4B,00,00,00,00,00,00,
51541868,00000118,false,Rx,1,4,00,4C,00,00,00,00,00,00,
51551605,00000118,false,Rx,1,4,00,4D,00,00,00,00,00,00,
51561859,00000118,false,Rx,1,4,00,4E,00,00,00,00,00,00,
51571617,00000118,false,Rx,1,4,00,4F,00,00,00,00,00,00,
51581869,00000118,false,Rx,1,4,00,40,00,00,00,00,00,00,
51591610,00000118,false,Rx,1,4,00,41,00,00,00,00,00,00,
51601856,00000118,false,Rx,1,4,00,42,00,00,00,00,00,00,
51611610,00000118,false,Rx,1,4,00,43,00,00,00,00,00,00,
51621867,00000118,false,Rx,1,4,00,44,00,00,00,00,00,00,
51631601,00000118,false,Rx,1,4,00,45,00,00,00,00,00,00,
51641861,00000118,false,Rx,1,4,00,46,00,00,00,00,00,00,
51651613,00000118,false,Rx,1,4,00,47,00,00,00,00,00,00,
51662076,00000118,false,Rx,1,4,00,48,00,00,00,00,00,00,
51671867,00000118,false,Rx,1,4,00,49,00,00,00,00,00,00,
51682052,00000118,false,Rx,1,4,00,4A,00,00,00,00,00,00,
51682575,17F0000F,true,Rx,1,8,00,0F,00,00,00,00,00,80,
51691871,00000118,false,Rx,1,4,00,4B,00,00,00,00,00,00,
51702099,00000118,false,Rx,1,4,00,4C,00,00,00,00,00,00,
51713262,00000118,false,Rx,1,4,00,4D,00,00,00,00,00,00,
51722115,00000118,false,Rx,1,4,00,4E,00,00,00,00,00,00,
51731795,00000118,false,Rx,1,4,00,4F,00,00,00,00,00,00,
51742057,00000118,false,Rx,1,4,00,40,00,00,00,00,00,00,
51751759,00000118,false,Rx,1,4,00,41,00,00,00,00,00,00,
51762076,00000118,false,Rx,1,4,00,42,00,00,00,00,00,00,
51771723,00000118,false,Rx,1,4,00,43,00,00,00,00,00,00,
51782046,00000118,false,Rx,1,4,00,44,00,00,00,00,00,00,
51791719,00000118,false,Rx,1,4,00,45,00,00,00,00,00,00,
51802029,00000118,false,Rx,1,4,00,46,00,00,00,00,00,00,
51811692,00000118,false,Rx,1,4,00,47,00,00,00,00,00,00,
51821992,00000118,false,Rx,1,4,00,48,00,00,00,00,00,00,
51831707,00000118,false,Rx,1,4,00,49,00,00,00,00,00,00,
51841981,00000118,false,Rx,1,4,00,4A,00,00,00,00,00,00,
51851683,00000118,false,Rx,1,4,00,4B,00,00,00,00,00,00,
51862001,00000118,false,Rx,1,4,00,4C,00,00,00,00,00,00,
51871648,00000118,false,Rx,1,4,00,4D,00,00,00,00,00,00,
51881973,00000118,false,Rx,1,4,00,4E,00,00,00,00,00,00,
51891633,00000118,false,Rx,1,4,00,4F,00,00,00,00,00,00,
51901957,00000118,false,Rx,1,4,00,40,00,00,00,00,00,00,
51911619,00000118,false,Rx,1,4,00,41,00,00,00,00,00,00,
51921936,00000118,false,Rx,1,4,00,42,00,00,00,00,00,00,
51931628,00000118,false,Rx,1,4,00,43,00,00,00,00,00,00,
51941903,00000118,false,Rx,1,4,00,44,00,00,00,00,00,00,
51951608,00000118,false,Rx,1,4,00,45,00,00,00,00,00,00,
51961943,00000118,false,Rx,1,4,00,46,00,00,00,00,00,00,
51971571,00000118,false,Rx,1,4,00,47,00,00,00,00,00,00,
51981889,00000118,false,Rx,1,4,00,48,00,00,00,00,00,00,
51991556,00000118,false,Rx,1,4,00,49,00,00,00,00,00,00,
52001879,00000118,false,Rx,1,4,00,4A,00,00,00,00,00,00,
52011543,00000118,false,Rx,1,4,00,4B,00,00,00,00,00,00,
52021845,00000118,false,Rx,1,4,00,4C,00,00,00,00,00,00,
52031548,00000118,false,Rx,1,4,00,4D,00,00,00,00,00,00,
52041827,00000118,false,Rx,1,4,00,4E,00,00,00,00,00,00,
52051528,00000118,false,Rx,1,4,00,4F,00,00,00,00,00,00,
52061849,00000118,false,Rx,1,4,00,40,00,00,00,00,00,00,
52071500,00000118,false,Rx,1,4,00,41,00,00,00,00,00,00,
52081819,00000118,false,Rx,1,4,00,42,00,00,00,00,00,00,
52091479,00000118,false,Rx,1,4,00,43,00,00,00,00,00,00,
52101801,00000118,false,Rx,1,4,00,44,00,00,00,00,00,00,
52111465,00000118,false,Rx,1,4,00,45,00,00,00,00,00,00,
52121765,00000118,false,Rx,1,4,00,46,00,00,00,00,00,00,
52131467,00000118,false,Rx,1,4,00,47,00,00,00,00,00,00,
52141750,00000118,false,Rx,1,4,00,48,00,00,00,00,00,00,
52151453,00000118,false,Rx,1,4,00,49,00,00,00,00,00,00,
52161773,00000118,false,Rx,1,4,00,4A,00,00,00,00,00,00,
52171420,00000118,false,Rx,1,4,00,4B,00,00,00,00,00,00,
52181741,00000118,false,Rx,1,4,00,4C,00,00,00,00,00,00,
52182035,17F0000F,true,Rx,1,8,00,0F,00,00,00,00,00,80,
52191411,00000118,false,Rx,1,4,00,4D,00,00,00,00,00,00,
52202010,00000118,false,Rx,1,4,00,4E,00,00,00,00,00,00,
52217001,00000118,false,Rx,1,4,00,4F,00,00,00,00,00,00,
52221709,00000118,false,Rx,1,4,00,40,00,00,00,00,00,00,
52231416,00000118,false,Rx,1,4,00,41,00,00,00,00,00,00,
52241677,00000118,false,Rx,1,4,00,42,00,00,00,00,00,00,
52251377,00000118,false,Rx,1,4,00,43,00,00,00,00,00,00,
52261695,00000118,false,Rx,1,4,00,44,00,00,00,00,00,00,
52271342,00000118,false,Rx,1,4,00,45,00,00,00,00,00,00,
52281662,00000118,false,Rx,1,4,00,46,00,00,00,00,00,00,
52291326,00000118,false,Rx,1,4,00,47,00,00,00,00,00,00,
52301646,00000118,false,Rx,1,4,00,48,00,00,00,00,00,00,
52311312,00000118,false,Rx,1,4,00,49,00,00,00,00,00,00,
52321616,00000118,false,Rx,1,4,00,4A,00,00,00,00,00,00,
52331318,00000118,false,Rx,1,4,00,4B,00,00,00,00,00,00,
52341605,00000118,false,Rx,1,4,00,4C,00,00,00,00,00,00,
52351300,00000118,false,Rx,1,4,00,4D,00,00,00,00,00,00,
52361619,00000118,false,Rx,1,4,00,4E,00,00,00,00,00,00,
52371267,00000118,false,Rx,1,4,00,4F,00,00,00,00,00,00,
52381589,00000118,false,Rx,1,4,00,40,00,00,00,00,00,00,
52391254,00000118,false,Rx,1,4,00,41,00,00,00,00,00,00,
52401572,00000118,false,Rx,1,4,00,42,00,00,00,00,00,00,
52411236,00000118,false,Rx,1,4,00,43,00,00,00,00,00,00,
52421538,00000118,false,Rx,1,4,00,44,00,00,00,00,00,00,
52431240,00000118,false,Rx,1,4,00,45,00,00,00,00,00,00,
52441525,00000118,false,Rx,1,4,00,46,00,00,00,00,00,00,
52451231,00000118,false,Rx,1,4,00,47,00,00,00,00,00,00,
52461541,00000118,false,Rx,1,4,00,48,00,00,00,00,00,00,
52471191,00000118,false,Rx,1,4,00,49,00,00,00,00,00,00,
52481513,00000118,false,Rx,1,4,00,4A,00,00,00,00,00,00,
52491177,00000118,false,Rx,1,4,00,4B,00,00,00,00,00,00,
52501497,00000118,false,Rx,1,4,00,4C,00,00,00,00,00,00,
52511159,00000118,false,Rx,1,4,00,4D,00,00,00,00,00,00,
52521461,00000118,false,Rx,1,4,00,4E,00,00,00,00,00,00,
52531163,00000118,false,Rx,1,4,00,4F,00,00,00,00,00,00,
52541449,00000118,false,Rx,1,4,00,40,00,00,00,00,00,00,
52551153,00000118,false,Rx,1,4,00,41,00,00,00,00,00,00,
52561465,00000118,false,Rx,1,4,00,42,00,00,00,00,00,00,
52571113,00000118,false,Rx,1,4,00,43,00,00,00,00,00,00,
52581436,00000118,false,Rx,1,4,00,44,00,00,00,00,00,00,
52591189,00000118,false,Rx,1,4,00,45,00,00,00,00,00,00,
52601417,00000118,false,Rx,1,4,00,46,00,00,00,00,00,00,
52611084,00000118,false,Rx,1,4,00,47,00,00,00,00,00,00,
52621384,00000118,false,Rx,1,4,00,48,00,00,00,00,00,00,
52631086,00000118,false,Rx,1,4,00,49,00,00,00,00,00,00,
52641372,00000118,false,Rx,1,4,00,4A,00,00,00,00,00,00,
52651077,00000118,false,Rx,1,4,00,4B,00,00,00,00,00,00,
52661420,00000118,false,Rx,1,4,00,4C,00,00,00,00,00,00,
52671045,00000118,false,Rx,1,4,00,4D,00,00,00,00,00,00,
52681358,00000118,false,Rx,1,4,00,4E,00,00,00,00,00,00,
52681653,17F0000F,true,Rx,1,8,00,0F,00,00,00,00,00,80,
52691030,00000118,false,Rx,1,4,00,4F,00,00,00,00,00,00,
52701375,00000118,false,Rx,1,4,00,40,00,00,00,00,00,00,
52715406,00000118,false,Rx,1,4,00,41,00,00,00,00,00,00,
52721345,00000118,false,Rx,1,4,00,42,00,00,00,00,00,00,
52731019,00000118,false,Rx,1,4,00,43,00,00,00,00,00,00,
52741295,00000118,false,Rx,1,4,00,44,00,00,00,00,00,00,
52751000,00000118,false,Rx,1,4,00,45,00,00,00,00,00,00,
52761312,00000118,false,Rx,1,4,00,46,00,00,00,00,00,00,
52770961,00000118,false,Rx,1,4,00,47,00,00,00,00,00,00,
52781287,00000118,false,Rx,1,4,00,48,00,00,00,00,00,00,
52790960,00000118,false,Rx,1,4,00,49,00,00,00,00,00,00,
52801270,00000118,false,Rx,1,4,00,4A,00,00,00,00,00,00,
52810952,00000118,false,Rx,1,4,00,4B,00,00,00,00,00,00,
52821236,00000118,false,Rx,1,4,00,4C,00,00,00,00,00,00,
52830955,00000118,false,Rx,1,4,00,4D,00,00,00,00,00,00,
52841218,00000118,false,Rx,1,4,00,4E,00,00,00,00,00,00,
52850943,00000118,false,Rx,1,4,00,4F,00,00,00,00,00,00,
52861244,00000118,false,Rx,1,4,00,40,00,00,00,00,00,00,
52870886,00000118,false,Rx,1,4,00,41,00,00,00,00,00,00,
52881207,00000118,false,Rx,1,4,00,42,00,00,00,00,00,00,
52890871,00000118,false,Rx,1,4,00,43,00,00,00,00,00,00,
52901191,00000118,false,Rx,1,4,00,44,00,00,00,00,00,00,
52910855,00000118,false,Rx,1,4,00,45,00,00,00,00,00,00,
52921155,00000118,false,Rx,1,4,00,46,00,00,00,00,00,00,
52930860,00000118,false,Rx,1,4,00,47,00,00,00,00,00,00,
52941140,00000118,false,Rx,1,4,00,48,00,00,00,00,00,00,
52950853,00000118,false,Rx,1,4,00,49,00,00,00,00,00,00,
52961166,00000118,false,Rx,1,4,00,4A,00,00,00,00,00,00,
52970822,00000118,false,Rx,1,4,00,4B,00,00,00,00,00,00,
52981135,00000118,false,Rx,1,4,00,4C,00,00,00,00,00,00,
52990801,00000118,false,Rx,1,4,00,4D,00,00,00,00,00,00,
53001116,00000118,false,Rx,1,4,00,4E,00,00,00,00,00,00,
53010779,00000118,false,Rx,1,4,00,4F,00,00,00,00,00,00,
53021084,00000118,false,Rx,1,4,00,40,00,00,00,00,00,00,
53030785,00000118,false,Rx,1,4,00,41,00,00,00,00,00,00,
53041066,00000118,false,Rx,1,4,00,42,00,00,00,00,00,00,
53050768,00000118,false,Rx,1,4,00,43,00,00,00,00,00,00,
53061088,00000118,false,Rx,1,4,00,44,00,00,00,00,00,00,
53070732,00000118,false,Rx,1,4,00,45,00,00,00,00,00,00,
53081052,00000118,false,Rx,1,4,00,46,00,00,00,00,00,00,
53090717,00000118,false,Rx,1,4,00,47,00,00,00,00,00,00,
53101037,00000118,false,Rx,1,4,00,48,00,00,00,00,00,00,
53110702,00000118,false,Rx,1,4,00,49,00,00,00,00,00,00,
53121007,00000118,false,Rx,1,4,00,4A,00,00,00,00,00,00,
53130709,00000118,false,Rx,1,4,00,4B,00,00,00,00,00,00,
53140992,00000118,false,Rx,1,4,00,4C,00,00,00,00,00,00,
53150692,00000118,false,Rx,1,4,00,4D,00,00,00,00,00,00,
53161010,00000118,false,Rx,1,4,00,4E,00,00,00,00,00,00,
53170656,00000118,false,Rx,1,4,00,4F,00,00,00,00,00,00,
53180979,00000118,false,Rx,1,4,00,40,00,00,00,00,00,00,
53181273,17F0000F,true,Rx,1,8,00,0F,00,00,00,00,00,80,
53190651,00000118,false,Rx,1,4,00,41,00,00,00,00,00,00,
53200990,00000118,false,Rx,1,4,00,42,00,00,00,00,00,00,
53213023,00000118,false,Rx,1,4,00,43,00,00,00,00,00,00,
53221101,00000118,false,Rx,1,4,00,44,00,00,00,00,00,00,
53230641,00000118,false,Rx,1,4,00,45,00,00,00,00,00,00,
53240911,00000118,false,Rx,1,4,00,46,00,00,00,00,00,00,
53250616,00000118,false,Rx,1,4,00,47,00,00,00,00,00,00,
53260964,00000118,false,Rx,1,4,00,48,00,00,00,00,00,00,
53270581,00000118,false,Rx,1,4,00,49,00,00,00,00,00,00,
53280910,00000118,false,Rx,1,4,00,4A,00,00,00,00,00,00,
53290568,00000118,false,Rx,1,4,00,4B,00,00,00,00,00,00,
53300887,00000118,false,Rx,1,4,00,4C,00,00,00,00,00,00,
53310550,00000118,false,Rx,1,4,00,4D,00,00,00,00,00,00,
53320852,00000118,false,Rx,1,4,00,4E,00,00,00,00,00,00,
53330555,00000118,false,Rx,1,4,00,4F,00,00,00,00,00,00,
53340838,00000118,false,Rx,1,4,00,40,00,00,00,00,00,00,
53350542,00000118,false,Rx,1,4,00,41,00,00,00,00,00,00,
53360858,00000118,false,Rx,1,4,00,42,00,00,00,00,00,00,
53370511,00000118,false,Rx,1,4,00,43,00,00,00,00,00,00,
53380825,00000118,false,Rx,1,4,00,44,00,00,00,00,00,00,
