Time Stamp,ID,Extended,Dir,Bus,LEN,D1,D2,D3,D4,D5,D6,D7,D8
9726496,00000106,false,Rx,0,8,AD,8F,65,00,08,00,EF,10,
9726513,0000011E,false,Rx,0,8,96,0F,00,00,00,00,00,00,
9726526,0000030B,false,Rx,0,8,10,0D,02,00,08,00,00,00,
9726539,00000040,false,Rx,0,8,73,0E,00,00,C1,00,00,00,
9726553,00000117,false,Rx,0,8,02,0A,00,40,68,00,00,FF,
9726566,000000A7,false,Rx,0,8,07,8E,20,82,FD,21,A8,3E,
9726579,00000108,false,Rx,0,8,28,15,CF,25,54,FE,00,00,
9726592,000000A8,false,Rx,0,8,DC,AE,1E,98,82,64,94,0D,
9727899,00000121,false,Rx,0,8,5E,0F,00,00,38,57,7E,FE,
9740510,000000B2,false,Rx,0,8,00,00,00,00,00,00,00,00,
9740546,000000FD,false,Rx,0,8,71,DF,1F,80,00,00,00,00,
9740562,00000104,false,Rx,0,8,51,3F,A6,00,E6,00,02,31,
9740575,00000116,false,Rx,0,8,79,0F,08,26,78,9F,7C,FF,
9740588,000003E5,false,Rx,0,8,A3,14,00,00,00,00,00,00,
9740602,0000012E,false,Rx,0,8,D1,EB,7F,00,FE,00,C0,FF,
9740614,000000A7,false,Rx,0,8,D9,8F,20,82,FD,21,A8,3E,
9740628,000000A8,false,Rx,0,8,6B,AF,1E,98,82,64,90,0D,
9750812,000002B7,false,Rx,0,8,57,0E,00,00,00,00,00,00,
9750840,00000117,false,Rx,0,8,66,0B,00,40,68,00,00,FF,
9750855,000000A7,false,Rx,0,8,10,80,20,82,FD,21,A8,3E,
9750868,000000A8,false,Rx,0,8,93,A0,1E,98,82,64,88,0D,
9750881,00000120,false,Rx,0,8,3F,00,00,00,01,04,FF,01,
9750894,00000121,false,Rx,0,8,90,00,00,00,38,57,7E,FE,
9750907,0000009F,false,Rx,0,8,8C,32,1D,80,03,12,00,40,
9750920,00000086,false,Rx,0,8,C2,02,2D,20,00,00,00,00,
9757589,0000030D,false,Rx,0,4,04,00,00,00,00,00,00,00,
9757608,0000012E,false,Rx,0,8,72,EC,7F,00,FE,00,C0,FF,
9757622,000000A7,false,Rx,0,8,98,81,20,82,FD,21,A8,3E,
9757635,000000A8,false,Rx,0,8,A1,A1,1E,98,82,64,84,0D,
9757648,000006B4,false,Rx,0,8,02,57,33,37,32,32,38,33,
9757673,0000011D,false,Rx,0,8,15,02,00,C8,00,00,00,00,
9757686,00000086,false,Rx,0,8,A6,03,2D,20,00,00,00,00,
9758349,0000009F,false,Rx,0,8,E8,33,1D,80,03,12,00,40,
9770151,000000B2,false,Rx,0,8,00,00,00,00,00,00,00,00,
9770184,00000101,false,Rx,0,8,53,01,7E,F1,A1,0A,40,00,
9770200,00000106,false,Rx,0,8,8B,81,65,00,08,00,EF,10,
9770213,0000011E,false,Rx,0,8,B0,01,00,00,00,00,00,00,
9770297,0000031B,false,Rx,0,8,46,06,00,00,00,38,15,00,
9770310,000000AD,false,Rx,0,8,88,ED,BF,FF,8F,20,00,10,
9777810,00000117,false,Rx,0,8,75,0C,00,40,68,00,00,FF,
9777840,000000A7,false,Rx,0,8,EC,82,20,82,FD,21,A8,3E,
9777854,000000A8,false,Rx,0,8,75,A2,1E,98,82,64,80,0D,
9777867,00000365,false,Rx,0,8,C1,C6,17,40,8E,02,AC,7A,
9777881,00000120,false,Rx,0,8,CA,01,00,00,01,04,FF,01,
9777906,00000121,false,Rx,0,8,FC,01,00,00,38,57,7E,FE,
9777919,0000032A,false,Rx,0,8,0E,08,00,00,44,04,00,00,
9777932,00000086,false,Rx,0,8,B5,04,2D,20,00,00,00,00,
9784720,000000B2,false,Rx,0,8,00,00,00,00,00,00,00,00,
9784740,00000101,false,Rx,0,8,BA,02,7E,F1,A1,08,40,00,
9784754,00000106,false,Rx,0,8,27,82,65,00,08,00,EF,10,
9784767,0000011E,false,Rx,0,8,1C,02,00,00,00,00,00,00,
9784780,00000380,false,Rx,0,8,79,0E,40,00,00,00,00,FF,
9784793,000003EC,false,Rx,0,8,C1,00,00,00,00,08,01,00,
9793524,00000117,false,Rx,0,8,11,0D,00,40,68,00,00,FF,
9793551,000000A7,false,Rx,0,8,4E,84,60,82,FD,21,A8,3E,
9793655,000000A8,false,Rx,0,8,4D,A4,1E,98,82,64,7C,0D,
9793668,0000011B,false,Rx,0,8,00,20,00,00,00,00,00,00,
9793681,00000120,false,Rx,0,8,32,02,00,00,01,04,FF,01,
9793694,00000121,false,Rx,0,8,73,02,00,00,38,57,7E,FE,
9793707,0000009F,false,Rx,0,8,33,36,1D,80,03,12,00,40,
9793720,00000086,false,Rx,0,8,7D,06,2D,20,00,00,00,00,
9804112,000002B7,false,Rx,0,8,FE,0F,00,00,00,00,00,00,
9804147,0000012E,false,Rx,0,8,82,EE,7F,00,FE,00,C0,FF,
9804162,000000A7,false,Rx,0,8,BF,85,60,82,FD,25,A8,3E,
9804175,000000A8,false,Rx,0,8,1F,A5,1E,98,82,64,78,0D,
9804188,0000011D,false,Rx,0,8,62,04,00,C8,00,00,00,00,
9804201,00000086,false,Rx,0,8,19,07,2D,20,00,00,00,00,
9804214,0000009F,false,Rx,0,8,57,37,1D,80,03,12,00,40,
9804227,000000B2,false,Rx,0,8,00,00,00,00,00,00,00,00,
9813305,00000118,false,Rx,1,4,00,0C,0D,12,00,00,00,00,
9814066,00000117,false,Rx,0,8,BD,0E,00,40,68,00,00,FF,
9814082,000000A7,false,Rx,0,8,2C,86,60,82,FD,25,A8,3E,
9814096,000000A8,false,Rx,0,8,2F,A6,1E,98,82,64,78,0D,
9814109,00000120,false,Rx,0,8,E0,03,00,00,01,04,FF,01,
9814122,00000121,false,Rx,0,8,81,03,00,00,38,57,7E,FE,
9814135,0000009F,false,Rx,0,8,A0,38,1D,80,03,13,00,40,
9814148,00000086,false,Rx,0,8,5B,08,2D,20,00,00,00,00,
9814162,000000B1,false,Rx,0,8,76,26,00,00,00,00,00,00,
9824188,000003DB,false,Rx,0,8,50,00,01,00,04,20,01,6E,
9824212,000000AD,false,Rx,0,8,B4,E2,BF,FF,8F,20,00,10,
9824225,000000A7,false,Rx,0,8,A5,87,60,82,FD,25,A8,3E,
9824239,0000012E,false,Rx,0,8,85,EF,7F,00,FE,00,C0,FF,
9824252,000000A8,false,Rx,0,8,3A,A7,1E,98,82,64,78,0D,
9824265,00000365,false,Rx,0,8,C1,C6,17,40,90,02,AC,7A,
9824278,0000032A,false,Rx,0,8,6A,09,00,00,44,04,00,00,
9824291,00000086,false,Rx,0,8,3F,09,2D,20,00,00,00,00,
9828386,000000B2,false,Rx,0,8,00,00,00,00,00,00,00,00,
9828402,00000101,false,Rx,0,8,C9,04,7E,F1,A1,05,40,00,
9828415,00000106,false,Rx,0,8,50,84,65,00,08,00,EF,10,
9828428,0000011E,false,Rx,0,8,6B,04,00,00,00,00,00,00,
9828443,17332610,true,Rx,0,8,39,82,03,00,26,00,03,02,
9828456,0000030B,false,Rx,0,8,10,0F,02,00,08,00,00,00,
9828469,00000040,false,Rx,0,8,55,00,00,00,C1,00,00,00,
9841032,000003E5,false,Rx,0,8,E2,15,00,00,00,00,00,00,
9841067,0000012E,false,Rx,0,8,AC,E0,7F,00,FE,00,C0,FF,
9841083,000000A7,false,Rx,0,8,38,89,60,82,FD,25,A8,3E,
9841096,000000A8,false,Rx,0,8,52,A9,1E,98,82,64,7C,0D,
9841109,0000011D,false,Rx,0,8,AA,06,00,C8,00,00,00,00,
9841122,00000086,false,Rx,0,8,F7,0B,2D,20,00,00,00,00,
9841136,0000009F,false,Rx,0,8,B9,3B,1D,80,03,12,00,40,
9841150,17F00012,true,Rx,0,8,20,12,00,00,00,00,00,00,
9851234,000002B7,false,Rx,0,8,DC,00,00,00,00,00,00,00,
9851258,00000117,false,Rx,0,8,9B,00,00,40,68,00,00,FF,
9851272,000000A7,false,Rx,0,8,3E,8A,60,82,FD,25,A8,3E,
9851285,000000A8,false,Rx,0,8,0D,AA,1E,98,82,64,7C,0D,
9851298,00000120,false,Rx,0,8,B4,05,00,00,01,04,FF,01,
9851311,00000121,false,Rx,0,8,0B,05,00,00,38,57,7E,FE,
9856069,00000086,false,Rx,0,8,E4,0C,2D,20,00,00,00,00,
9856102,0000009F,false,Rx,0,8,AA,3C,1D,80,03,12,00,40,
9856117,00000497,false,Rx,0,8,00,40,00,00,64,46,00,20,
9856131,000000B2,false,Rx,0,8,00,00,00,00,00,00,00,00,
9856144,000000FD,false,Rx,0,8,B7,D5,1F,80,00,00,00,00,
9856157,00000104,false,Rx,0,8,C8,35,A6,00,E6,00,02,31,
9856170,00000108,false,Rx,0,8,6A,1A,CF,25,54,FE,00,00,
9856183,00000116,false,Rx,0,8,E0,05,08,26,78,9F,7C,FF,
9859944,0000011D,false,Rx,0,8,CE,07,00,C8,00,00,00,00,
9859993,00000086,false,Rx,0,8,80,0D,2D,20,00,00,00,00,
9860006,0000009F,false,Rx,0,8,CE,3D,1D,80,03,12,00,40,
9860019,000000B2,false,Rx,0,8,00,00,00,00,00,00,00,00,
9873056,00000380,false,Rx,0,8,1D,0F,40,00,00,00,00,FF,
9873091,000000AD,false,Rx,0,8,E3,E7,BF,FF,8F,20,00,10,
9873108,00000117,false,Rx,0,8,FF,01,00,40,68,00,00,FF,
9873121,000000A7,false,Rx,0,8,EF,8C,60,82,FD,25,A8,3E,
9873134,000000A8,false,Rx,0,8,AE,AC,1E,98,82,64,74,0D,
9873147,00000365,false,Rx,0,8,C1,C6,17,40,8E,02,AC,7A,
9873160,00000120,false,Rx,0,8,5B,06,00,00,01,04,FF,01,
9873173,00000121,false,Rx,0,8,0C,06,00,00,38,57,7E,FE,
9882110,00000116,false,Rx,0,8,4C,06,08,26,78,9F,7C,FF,
9882146,0000030B,false,Rx,0,8,10,00,02,00,08,00,00,00,
9885462,1B000010,true,Rx,0,8,10,00,04,05,09,00,00,00,
9885477,00000040,false,Rx,0,8,31,01,00,00,C1,00,00,00,
9885490,00000041,false,Rx,0,8,1D,00,00,00,00,00,00,00,
9885521,0000012E,false,Rx,0,8,6B,E2,7F,00,FE,00,C0,FF,
9885534,000000A7,false,Rx,0,8,1F,8D,60,82,FD,25,A8,3E,
9885547,00000108,false,Rx,0,8,0E,1B,CF,25,54,FE,00,00,
9885560,000000A8,false,Rx,0,8,BD,AD,1E,98,82,64,74,0D,
9885573,00000520,false,Rx,0,8,44,04,00,08,00,0A,00,00,
9896522,000000A8,false,Rx,0,8,32,AE,1E,D8,82,64,74,0D,
9896559,0000011B,false,Rx,0,8,00,20,00,00,00,00,00,00,
9896690,00000120,false,Rx,0,8,59,07,00,00,01,04,FF,01,
9896703,00000121,false,Rx,0,8,5F,07,00,00,38,57,7E,FE,
9896716,0000009F,false,Rx,0,8,44,30,1D,80,03,12,00,40,
9896730,00000086,false,Rx,0,8,0A,00,2D,20,00,00,00,00,
9896743,00000391,false,Rx,0,8,12,65,25,56,00,28,00,22,
9896756,000003BE,false,Rx,0,8,3D,14,E6,01,88,80,00,80,
9906430,0000011D,false,Rx,0,8,E8,09,00,C8,00,00,00,00,
9906461,00000086,false,Rx,0,8,6E,01,2D,20,00,00,00,00,
9906475,0000009F,false,Rx,0,8,20,31,1D,80,03,12,00,40,
9906488,000000B2,false,Rx,0,8,00,00,00,00,00,00,00,00,
9906501,00000101,false,Rx,0,8,E4,08,7D,F1,A1,06,40,00,
9906514,00000106,false,Rx,0,8,BE,88,65,00,08,00,EF,10,
9906527,00000108,false,Rx,0,8,1D,1C,CF,25,54,FE,00,00,
9906540,0000011E,false,Rx,0,8,85,08,00,00,00,00,00,00,
9916189,00000121,false,Rx,0,8,12,08,00,C0,37,57,7E,FE,
9916222,0000009F,false,Rx,0,8,8C,32,1D,80,03,12,00,40,
9916238,00000086,false,Rx,0,8,C2,02,2D,20,00,00,00,00,
9916251,000000B1,false,Rx,0,8,85,27,00,00,00,00,00,00,
9916284,000000B2,false,Rx,0,8,00,00,00,00,00,00,00,00,
9916297,000000FD,false,Rx,0,8,58,D8,1F,80,00,00,00,00,
9916310,00000104,false,Rx,0,8,42,38,A6,00,E6,00,02,31,
9924474,00000116,false,Rx,0,8,6A,08,08,26,78,9F,7C,FF,
9924508,0000031B,false,Rx,0,8,25,09,00,00,00,38,15,00,
9924522,000003C8,false,Rx,0,8,00,00,54,24,05,12,80,4D,
9924655,00000668,false,Rx,0,8,82,00,00,29,00,03,31,01,
9924669,000003DB,false,Rx,0,8,50,00,01,00,04,20,01,6E,
9924682,000000AD,false,Rx,0,8,F9,EC,BF,FF,8F,20,00,10,
9924695,0000012E,false,Rx,0,8,D5,E4,7F,00,FE,00,C0,FF,
9924708,00000365,false,Rx,0,8,C1,C6,17,40,8F,02,AC,7A,
9930715,00000117,false,Rx,0,8,24,04,00,40,68,00,00,FF,
9930746,000000A7,false,Rx,0,8,7F,82,60,82,FD,25,A8,3E,
9930760,00000108,false,Rx,0,8,79,1D,CF,25,54,FE,00,00,
9930773,000000A8,false,Rx,0,8,43,A2,1E,D8,82,64,74,0D,
9930786,00000396,false,Rx,0,8,78,00,00,11,00,00,00,00,
9930799,00000120,false,Rx,0,8,56,09,00,00,01,04,FF,01,
9930812,00000121,false,Rx,0,8,ED,09,00,C0,37,57,7E,FE,
9930825,0000009F,false,Rx,0,8,FB,34,1D,80,03,12,00,40,
9934339,000003E5,false,Rx,0,8,EB,16,00,00,00,00,00,00,
9951863,000000B2,false,Rx,0,8,00,00,00,00,00,00,00,00,
9951897,00000101,false,Rx,0,8,6D,0A,7D,F1,A1,09,40,00,
9951912,00000106,false,Rx,0,8,76,8A,65,00,08,00,EF,10,
9951925,0000011E,false,Rx,0,8,4D,0A,00,00,00,00,00,00,
9951938,000002B7,false,Rx,0,8,55,02,00,00,00,00,00,00,
9951951,00000130,false,Rx,0,8,2E,81,2D,80,08,00,04,00,
9951964,00000380,false,Rx,0,8,5F,00,40,00,00,00,00,FF,
9951977,00000117,false,Rx,0,8,40,05,00,40,68,00,00,FF,
9962749,0000012E,false,Rx,0,8,7F,E6,7F,00,FE,00,C0,FF,
9962772,000000A7,false,Rx,0,8,BF,85,60,82,FD,25,A8,3E,
9962916,000000A8,false,Rx,0,8,61,A5,1E,D8,82,64,80,0D,
9962929,000006B4,false,Rx,0,8,00,F2,F6,7B,AC,57,56,57,
9962942,0000011D,false,Rx,0,8,33,0C,00,C8,00,00,00,00,
9962955,00000086,false,Rx,0,8,19,07,2D,20,00,00,00,00,
9962968,0000009F,false,Rx,0,8,57,37,1D,80,03,12,00,40,
9962981,000000B2,false,Rx,0,8,00,00,00,00,00,00,00,00,
9973441,000000AD,false,Rx,0,8,50,E1,BF,FF,8F,20,00,10,
9973467,00000117,false,Rx,0,8,EC,06,00,40,68,00,00,FF,
9973604,000000A7,false,Rx,0,8,2C,86,60,82,FD,25,A8,3E,
9973617,000000A8,false,Rx,0,8,69,A6,1E,D8,82,64,84,0D,
9973630,00000365,false,Rx,0,8,C1,C6,17,40,8F,02,AC,7A,
9973643,00000120,false,Rx,0,8,21,0B,00,00,01,04,FF,01,
9973656,00000121,false,Rx,0,8,23,0B,00,C0,37,57,7E,FE,
9973669,0000032A,false,Rx,0,8,B1,0C,00,00,44,04,00,00,
9983379,0000012E,false,Rx,0,8,6C,E7,7F,00,FE,00,C0,FF,
9983402,000000A7,false,Rx,0,8,A5,87,60,82,FD,25,A8,3E,
9983416,00000108,false,Rx,0,8,B1,1F,CF,25,54,FE,00,00,
9983429,000000A8,false,Rx,0,8,34,A7,1E,D8,82,64,88,0D,
9983442,0000011D,false,Rx,0,8,57,0D,00,C8,00,00,00,00,
9983455,00000086,false,Rx,0,8,3F,09,2D,20,00,00,00,00,
9983587,0000009F,false,Rx,0,8,C4,39,1D,80,03,13,00,40,
9983600,000000B2,false,Rx,0,8,00,00,00,00,00,00,00,00,
9993007,000003EC,false,Rx,0,8,C1,00,00,00,00,08,01,00,
9993031,00000117,false,Rx,0,8,88,07,00,40,68,00,00,FF,
9993045,000000A7,false,Rx,0,8,E8,88,60,82,FD,25,A8,3E,
9993058,000000A8,false,Rx,0,8,16,A8,1E,D8,82,64,88,0D,
9993071,0000011B,false,Rx,0,8,00,20,00,00,00,00,00,00,
9993084,00000120,false,Rx,0,8,FB,0C,00,00,01,04,FF,01,
9993097,00000121,false,Rx,0,8,E6,0C,00,C0,37,57,7E,FE,
9993110,0000009F,false,Rx,0,8,DD,3A,1D,80,03,12,00,40,
10003433,000002B7,false,Rx,0,8,0C,03,00,00,00,00,00,00,
10003458,0000012E,false,Rx,0,8,05,E8,7F,00,FE,00,C0,FF,
10003472,000000A7,false,Rx,0,8,38,89,60,82,FD,25,A8,3E,
10003485,000000A8,false,Rx,0,8,64,A9,1E,D8,82,64,88,0D,
10003498,0000011D,false,Rx,0,8,FB,0E,00,C8,00,00,00,00,
10003511,00000086,false,Rx,0,8,F7,0B,2D,20,00,00,00,00,
10003524,0000009F,false,Rx,0,8,B9,3B,1D,80,03,12,00,40,
10003538,000000B2,false,Rx,0,8,00,00,00,00,00,00,00,00,
10010896,00000117,false,Rx,0,8,CA,08,00,40,68,00,00,FF,
10010916,000000A7,false,Rx,0,8,3E,8A,60,82,FD,25,A8,3E,
10010930,000000A8,false,Rx,0,8,3B,AA,1E,D8,82,64,88,0D,
10010943,00000120,false,Rx,0,8,4B,0D,00,00,01,04,FF,01,
10010956,00000121,false,Rx,0,8,F5,0D,00,C0,37,57,7E,FE,
10010969,0000009F,false,Rx,0,8,AA,3C,1D,80,03,12,00,40,
10010982,00000086,false,Rx,0,8,E4,0C,2D,20,00,00,00,00,
10010995,000000B1,false,Rx,0,8,30,28,00,00,00,00,00,00,
10019101,000001A2,false,Rx,0,8,69,02,10,00,E1,06,80,13,
10019124,0000031B,false,Rx,0,8,B0,0B,00,00,00,38,15,00,
10019140,1B000013,true,Rx,0,8,13,00,04,01,01,00,00,00,
10019153,000003C8,false,Rx,0,8,00,00,54,24,05,12,80,4D,
10019166,000003DB,false,Rx,0,8,50,00,01,00,04,20,01,6E,
10019179,000000AD,false,Rx,0,8,BC,E6,BF,FF,8F,20,00,10,
10019192,000000A7,false,Rx,0,8,50,8B,60,82,FD,25,A8,3E,
10019205,0000012E,false,Rx,0,8,79,E9,7F,00,FE,00,C0,FF,
10028753,0000009F,false,Rx,0,8,CE,3D,1D,80,03,12,00,40,
10028767,0000011D,false,Rx,0,8,9F,0F,00,C8,00,00,00,00,
10028780,000000B2,false,Rx,0,8,00,00,00,00,00,00,00,00,
10028793,00000101,false,Rx,0,8,58,0E,7E,F2,A1,0B,40,00,
10028806,00000106,false,Rx,0,8,C9,8E,65,00,08,00,EF,10,
10028819,0000011E,false,Rx,0,8,F2,0E,00,00,00,00,00,00,
10028833,0000030B,false,Rx,0,8,10,03,02,00,08,00,00,00,
10028846,00000040,false,Rx,0,8,EA,04,00,00,C1,00,00,00,
10034633,00000381,false,Rx,0,8,FF,FF,FF,FF,FF,FF,FF,2F,
10034655,00000382,false,Rx,0,8,FF,FF,FF,FF,FF,FF,FF,2F,
10034669,000000B2,false,Rx,0,8,00,00,00,00,00,00,00,00,
10034682,000000FD,false,Rx,0,8,E6,DE,1F,80,00,00,00,00,
10034695,00000104,false,Rx,0,8,35,3E,A6,00,E6,00,02,31,
10034709,17F00072,true,Rx,0,8,00,00,00,00,00,00,00,00,
10034723,00000116,false,Rx,0,8,1D,0E,08,26,78,9F,7C,FF,
10034736,00000126,false,Rx,0,8,E0,30,00,00,03,FE,07,00,
10046783,0000011D,false,Rx,0,8,DD,00,00,C8,00,00,00,00,
10046812,00000086,false,Rx,0,8,48,0F,2D,20,00,00,00,00,
10046946,0000009F,false,Rx,0,8,06,3F,1D,80,03,12,00,40,
10046959,000000B2,false,Rx,0,8,00,00,00,00,00,00,00,00,
10046972,00000101,false,Rx,0,8,89,0F,7D,F1,A1,0C,40,00,
10046985,00000106,false,Rx,0,8,AD,8F,65,00,08,00,EF,10,
10046998,0000011E,false,Rx,0,8,96,0F,00,00,00,00,00,00,
10047011,000002B7,false,Rx,0,8,BC,04,00,00,00,00,00,00,
10058603,0000009F,false,Rx,0,8,44,30,1D,80,03,12,00,40,
10058630,00000086,false,Rx,0,8,0A,00,2D,20,00,00,00,00,
10058644,00000497,false,Rx,0,8,00,40,00,00,64,46,00,20,
10058752,000000B2,false,Rx,0,8,00,00,00,00,00,00,00,00,
10058765,000000FD,false,Rx,0,8,71,DF,1F,80,00,00,00,00,
10058778,00000104,false,Rx,0,8,51,3F,A6,00,E6,00,02,31,
10058791,00000108,false,Rx,0,8,3B,12,CF,25,54,FE,00,00,
10058805,00000116,false,Rx,0,8,79,0F,08,26,78,9F,7C,FF,
10068128,000000B2,false,Rx,0,8,00,00,00,00,00,00,00,00,
10068160,00000101,false,Rx,0,8,3B,00,7E,F2,A1,09,40,00,
10068176,00000106,false,Rx,0,8,EF,80,65,00,08,00,EF,10,
10072505,0000011E,false,Rx,0,8,D4,00,00,00,00,00,00,00,
10072658,0000031B,false,Rx,0,8,89,0C,00,00,00,38,15,00,
10072672,000000AD,false,Rx,0,8,94,EB,BF,FF,8F,20,00,10,
10072685,00000117,false,Rx,0,8,66,0B,00,40,68,00,00,FF,
10072698,000000A7,false,Rx,0,8,83,80,60,82,FD,25,A8,3E,
10072726,000000A8,false,Rx,0,8,9D,A0,1E,D8,82,64,78,0D,
10072739,00000365,false,Rx,0,8,C1,C6,17,40,8E,02,AC,7A,
10072752,00000120,false,Rx,0,8,3F,00,00,00,01,04,FF,01,
10083230,00000520,false,Rx,0,8,20,05,00,08,00,0A,00,00,
10083255,0000012E,false,Rx,0,8,72,EC,7F,00,FE,00,C0,FF,
10085912,000000A7,false,Rx,0,8,0B,81,60,82,FD,25,A8,3E,
10085938,00000108,false,Rx,0,8,5F,13,CF,25,54,FE,00,00,
10085952,000000A8,false,Rx,0,8,E7,A1,1E,D8,82,64,78,0D,
10085966,0000011D,false,Rx,0,8,15,02,00,C8,00,00,00,00,
10085979,00000086,false,Rx,0,8,A6,03,2D,20,00,00,00,00,
10085992,0000009F,false,Rx,0,8,5D,33,1D,80,03,13,00,40,
10086005,000000B2,false,Rx,0,8,00,00,00,00,00,00,00,00,
10086018,00000101,false,Rx,0,8,98,01,7D,F2,A1,07,40,00,
10096240,0000011B,false,Rx,0,8,00,20,00,00,00,00,00,00,
10096265,00000120,false,Rx,0,8,CA,01,00,00,01,04,FF,01,
10098946,00000121,false,Rx,0,8,72,01,00,C0,37,57,7E,FE,
10098971,0000009F,false,Rx,0,8,4E,34,1D,80,03,13,00,40,
10098984,00000086,false,Rx,0,8,B5,04,2D,20,00,00,00,00,
10099127,00000391,false,Rx,0,8,12,65,25,57,00,28,00,22,
10099140,000003BE,false,Rx,0,8,5F,16,E6,01,88,80,00,80,
10099153,000000B2,false,Rx,0,8,00,00,00,00,00,00,00,00,
10099166,000000FD,false,Rx,0,8,01,D1,1F,80,00,00,00,00,
10099180,00000104,false,Rx,0,8,77,31,A6,00,E6,00,02,31,
10106795,00000118,false,Rx,1,4,00,0F,0F,12,00,00,00,00,
10106816,17F0000F,true,Rx,1,8,00,0F,00,00,00,00,00,80,
10110742,000000B2,false,Rx,0,8,00,00,00,00,00,00,00,00,
10110768,00000101,false,Rx,0,8,46,02,7E,F2,A1,08,40,00,
10110782,00000106,false,Rx,0,8,27,82,65,00,08,00,EF,10,
10110795,00000108,false,Rx,0,8,4C,14,CF,25,54,FE,00,00,
10110808,0000011E,false,Rx,0,8,1C,02,00,00,00,00,00,00,
10110834,0000030D,false,Rx,0,4,04,00,00,00,00,00,00,00,
10110847,00000395,false,Rx,0,8,18,0D,24,06,B4,3E,4B,1C,
10110860,00000380,false,Rx,0,8,97,02,40,00,00,00,00,FF,
10120836,000003C8,false,Rx,0,8,00,00,54,24,05,12,80,4D,
10120863,000003DB,false,Rx,0,8,50,00,01,00,04,20,01,6E,
10120878,000000AD,false,Rx,0,8,9E,E0,BF,FF,8F,20,00,10,
10120891,00000668,false,Rx,0,8,82,00,00,29,00,03,31,01,
10120905,0000012E,false,Rx,0,8,82,EE,7F,00,FE,00,C0,FF,
10120918,000000A7,false,Rx,0,8,BF,85,60,82,FD,25,A8,3E,
10120931,000000A8,false,Rx,0,8,FA,A5,1E,D8,82,64,6C,0D,
10120944,00000365,false,Rx,0,8,C1,C6,17,40,90,02,AC,7A,
10131495,0000030B,false,Rx,0,8,10,05,02,00,08,00,00,00,
10131520,00000040,false,Rx,0,8,22,06,00,00,C1,00,00,00,
10131534,00000117,false,Rx,0,8,BD,0E,00,40,68,00,00,FF,
10131547,000000A7,false,Rx,0,8,2C,86,60,82,FD,25,A8,3E,
10131560,00000108,false,Rx,0,8,28,15,CF,25,54,FE,00,00,
10131573,000000A8,false,Rx,0,8,62,A6,1E,D8,82,64,70,0D,
10131586,00000396,false,Rx,0,8,B0,02,00,11,00,00,00,00,
10131599,00000120,false,Rx,0,8,E0,03,00,00,01,04,FF,01,
10136932,000003E5,false,Rx,0,8,5A,18,00,00,00,00,00,00,
10136949,0000012E,false,Rx,0,8,85,EF,7F,00,FE,00,C0,FF,
10136962,000000A7,false,Rx,0,8,A5,87,60,82,FD,25,A8,3E,
10136975,000000A8,false,Rx,0,8,DF,A7,1E,D8,82,64,6C,0D,
10136989,1B000012,true,Rx,0,8,12,00,04,01,11,00,00,00,
10138496,0000011D,false,Rx,0,8,06,05,00,C8,00,00,00,00,
10138513,00000086,false,Rx,0,8,3F,09,2D,20,00,00,00,00,
10138526,0000009F,false,Rx,0,8,71,39,1D,80,03,12,00,40,
10147154,000000B2,false,Rx,0,8,00,00,00,00,00,00,00,00,
10147185,00000101,false,Rx,0,8,88,04,7E,F1,A1,0A,40,00,
10149409,00000106,false,Rx,0,8,50,84,65,00,08,00,EF,10,
10149426,0000011E,false,Rx,0,8,6B,04,00,00,00,00,00,00,
10149439,000002B7,false,Rx,0,8,92,06,00,00,00,00,00,00,
10149452,00000117,false,Rx,0,8,D9,0F,00,40,68,00,00,FF,
10149465,000000A7,false,Rx,0,8,4A,98,60,82,FD,25,A8,3E,
10149479,000000A8,false,Rx,0,8,C5,A8,1E,D8,82,64,68,0D,
10149492,00000120,false,Rx,0,8,B6,04,00,00,01,04,FF,01,
10149505,00000121,false,Rx,0,8,B2,04,00,C0,37,57,7E,FE,
10160836,000000B2,false,Rx,0,8,00,00,00,00,00,00,00,00,
10160860,000000FD,false,Rx,0,8,2D,D4,1F,80,00,00,00,00,
10160874,00000104,false,Rx,0,8,AC,34,A6,00,E6,00,02,31,
10160888,00000108,false,Rx,0,8,84,16,CF,25,54,FE,00,00,
10160901,00000116,false,Rx,0,8,84,04,08,26,78,9F,7C,FF,
10160913,0000030D,false,Rx,0,4,04,00,00,00,00,00,00,00,
10160926,0000012E,false,Rx,0,8,AC,E0,7F,00,FE,00,C0,FF,
10160940,000000A7,false,Rx,0,8,B1,99,A0,82,FD,25,A8,3E,
10169611,000000AD,false,Rx,0,8,A2,E5,BF,FF,8F,20,00,10,
10169767,00000117,false,Rx,0,8,9B,00,00,40,68,00,00,FF,
10169784,000000A7,false,Rx,0,8,B7,9A,A0,82,FD,25,A8,3E,
10169797,000000A8,false,Rx,0,8,D0,AA,1E,D8,82,64,6C,0D,
10169810,00000365,false,Rx,0,8,C1,C6,17,40,8F,02,AC,7A,
10169824,00000120,false,Rx,0,8,B4,05,00,00,01,04,FF,01,
10169837,00000121,false,Rx,0,8,85,05,00,C0,37,57,7E,FE,
10169850,0000032A,false,Rx,0,8,5F,00,00,00,44,04,00,00,
10181885,000000B2,false,Rx,0,8,00,00,00,00,00,00,00,00,
10181912,000000FD,false,Rx,0,8,B7,D5,1F,80,00,00,00,00,
10182053,00000104,false,Rx,0,8,C8,35,A6,00,E6,00,02,31,
10182066,00000116,false,Rx,0,8,E0,05,08,26,78,9F,7C,FF,
10182079,0000030B,false,Rx,0,8,10,06,02,00,08,00,00,00,
10182092,000006B7,false,Rx,0,8,9D,27,A1,73,06,18,00,6E,
10182105,000006B8,false,Rx,0,8,A6,27,B4,70,26,6C,00,00,
10182119,00000040,false,Rx,0,8,46,07,00,00,C1,00,00,00,
10193883,00000380,false,Rx,0,8,F3,03,40,00,00,00,00,FF,
10193913,000003EC,false,Rx,0,8,C1,00,00,00,00,08,01,00,
10193929,00000117,false,Rx,0,8,FF,01,00,40,68,00,00,FF,
10193942,000000A7,false,Rx,0,8,66,9C,A0,82,FD,25,A8,3E,
10193955,000000A8,false,Rx,0,8,03,AC,1E,D8,82,64,6C,0D,
10193968,0000011B,false,Rx,0,8,00,20,00,00,00,00,00,00,
10193982,00000120,false,Rx,0,8,5B,06,00,00,01,04,FF,01,
10193995,00000121,false,Rx,0,8,82,06,00,C0,37,57,7E,FE,
10200559,0000012E,false,Rx,0,8,6B,E2,7F,00,FE,00,C0,FF,
10200591,000000A7,false,Rx,0,8,96,9D,A0,82,FD,25,A8,3E,
10200604,000000A8,false,Rx,0,8,B8,AD,1E,D8,82,64,70,0D,
10202556,0000011D,false,Rx,0,8,8C,08,00,C8,00,00,00,00,
10202580,00000086,false,Rx,0,8,48,0F,2D,20,00,00,00,00,
10202596,0000009F,false,Rx,0,8,06,3F,1D,80,03,12,00,40,
10202609,000000B2,false,Rx,0,8,00,00,00,00,00,00,00,00,
10202622,00000101,false,Rx,0,8,E3,07,7D,F1,A1,04,40,00,
10202635,00000106,false,Rx,0,8,FC,87,65,00,08,00,EF,10,
10202648,00000108,false,Rx,0,8,A2,18,CF,25,54,FE,00,00,
10236462,00000120,false,Rx,0,8,00,08,00,00,01,04,FF,01,
10236496,00000121,false,Rx,0,8,12,08,00,C0,37,57,7E,FE,
10236510,00000396,false,Rx,0,8,D4,03,00,11,00,00,00,00,
10236523,0000009F,false,Rx,0,8,8C,32,1D,80,03,12,00,40,
10236536,00000086,false,Rx,0,8,C2,02,2D,20,00,00,00,00,
10236549,000000B2,false,Rx,0,8,00,00,00,00,00,00,00,00,
10236563,000000FD,false,Rx,0,8,58,D8,1F,80,00,00,00,00,
10236575,00000104,false,Rx,0,8,42,38,A6,00,E6,00,02,31,
10239769,0000011D,false,Rx,0,8,44,0A,00,C8,00,00,00,00,
10239784,00000086,false,Rx,0,8,A6,03,2D,20,00,00,00,00,
10239797,0000009F,false,Rx,0,8,E8,33,1D,80,03,12,00,40,
10240339,000000B2,false,Rx,0,8,00,00,00,00,00,00,00,00,
10252847,000002B7,false,Rx,0,8,12,08,00,00,00,00,00,00,
10252877,00000117,false,Rx,0,8,24,04,00,40,68,00,00,FF,
10252891,000000A7,false,Rx,0,8,7F,82,60,82,FD,25,A8,3E,
10252904,000000A8,false,Rx,0,8,38,A2,1E,D8,82,64,88,0D,
10252917,000003FE,false,Rx,0,8,FF,3F,FF,FF,00,00,00,10,
10252930,00000120,false,Rx,0,8,56,09,00,00,01,04,FF,01,
10252943,00000121,false,Rx,0,8,ED,09,00,C0,37,57,7E,FE,
10252956,0000009F,false,Rx,0,8,FB,34,1D,80,03,12,00,40,
10261556,0000012E,false,Rx,0,8,35,E5,7F,00,FE,00,C0,FF,
10261581,000000A7,false,Rx,0,8,FE,83,60,82,FD,25,A8,3E,
10261595,000000A8,false,Rx,0,8,EF,A3,1E,D8,82,64,8C,0D,
10261608,0000011D,false,Rx,0,8,20,0B,00,C8,00,00,00,00,
10261622,00000086,false,Rx,0,8,D1,05,2D,20,00,00,00,00,
10261635,0000009F,false,Rx,0,8,9F,35,1D,80,03,12,00,40,
10261648,000000B2,false,Rx,0,8,00,00,00,00,00,00,00,00,
10261661,00000101,false,Rx,0,8,EB,0A,7E,F1,A1,08,40,00,
10264617,00000380,false,Rx,0,8,E0,04,40,00,00,00,00,FF,
10265339,000000AD,false,Rx,0,8,03,EF,BF,FF,8F,20,00,10,
10265354,00000117,false,Rx,0,8,40,05,00,40,68,00,00,FF,
10266338,000000A7,false,Rx,0,8,C4,84,60,82,FD,25,A8,3E,
10278101,0000032A,false,Rx,0,8,97,02,00,00,44,04,00,00,
10278252,00000086,false,Rx,0,8,7D,06,2D,20,00,00,00,00,
10278268,0000009F,false,Rx,0,8,33,36,1D,80,03,12,00,40,
10278281,000003C0,false,Rx,0,4,C5,0C,03,00,00,00,00,00,
10278294,00000381,false,Rx,0,8,FF,FF,FF,FF,FF,FF,FF,5F,
10278307,00000584,false,Rx,0,6,E9,06,00,00,00,00,00,00,
10278320,00000382,false,Rx,0,8,FF,FF,FF,FF,FF,FF,FF,5F,
10286910,000005F0,false,Rx,0,8,64,E4,64,00,00,64,00,00,
10286924,000000B2,false,Rx,0,8,00,00,00,00,00,00,00,00,
10287073,000000FD,false,Rx,0,8,26,DA,1F,80,00,00,00,00,
10287086,00000104,false,Rx,0,8,8A,3A,A6,00,E6,00,02,31,
10287099,00000116,false,Rx,0,8,A2,0A,08,26,78,9F,7C,FF,
10287112,0000030B,false,Rx,0,8,10,08,02,00,08,00,00,00,
10287127,1B000010,true,Rx,0,8,10,00,04,05,09,00,00,00,
10287155,00000040,false,Rx,0,8,60,09,00,00,C1,00,00,00,
10298000,000000B2,false,Rx,0,8,00,00,00,00,00,00,00,00,
10298030,00000101,false,Rx,0,8,7B,0B,7E,F1,A1,06,40,00,
10298044,00000106,false,Rx,0,8,A8,8B,65,00,08,00,F0,10,
10298156,0000011E,false,Rx,0,8,29,0B,00,00,00,00,00,00,
10298169,00000117,false,Rx,0,8,EC,06,00,40,68,00,00,FF,
10298182,000000A7,false,Rx,0,8,2C,86,60,82,FD,25,A8,3E,
10298195,000000A8,false,Rx,0,8,B1,A6,1E,D8,82,64,90,0D,
10298208,0000011B,false,Rx,0,8,00,20,00,00,00,00,00,00,
10308269,000000FD,false,Rx,0,8,09,DB,1F,80,00,00,00,00,
10308289,00000104,false,Rx,0,8,EE,3B,A6,00,E6,00,02,31,
10308303,00000116,false,Rx,0,8,C6,0B,08,26,78,9F,7C,FF,
10311272,00000392,false,Rx,0,8,AC,28,00,00,00,00,00,04,
10311295,000002B7,false,Rx,0,8,7D,09,00,00,00,00,00,00,
10311308,0000012E,false,Rx,0,8,6C,E7,7F,00,FE,00,C0,FF,
10311321,000000A7,false,Rx,0,8,36,87,20,82,FD,21,A8,3E,
10314799,000000A8,false,Rx,0,8,34,A7,1E,D8,82,64,88,0D,
10314813,0000011D,false,Rx,0,8,57,0D,00,C8,00,00,00,00,
10314826,00000086,false,Rx,0,8,3F,09,2D,20,00,00,00,00,
10314939,0000009F,false,Rx,0,8,71,39,1D,80,03,12,00,40,
10314952,000000B2,false,Rx,0,8,00,00,00,00,00,00,00,00,
10314965,00000101,false,Rx,0,8,9C,0C,7E,F1,A1,08,40,00,
10314978,00000106,false,Rx,0,8,BB,8C,65,00,08,00,F0,10,
10324730,00000121,false,Rx,0,8,E6,0C,00,C0,37,57,7E,FE,
10324747,0000009F,false,Rx,0,8,DD,3A,1D,80,03,12,00,40,
10324761,00000086,false,Rx,0,8,93,0A,2D,20,00,00,00,00,
10324774,000000B1,false,Rx,0,8,C2,2B,00,00,00,00,00,00,
10324787,000000B2,false,Rx,0,8,00,00,00,00,00,00,00,00,
10324800,000000FD,false,Rx,0,8,90,DC,1F,80,00,00,00,00,
10324813,00000104,false,Rx,0,8,FD,3C,A6,00,E6,00,02,31,
10324826,00000116,false,Rx,0,8,D5,0C,08,26,78,9F,7C,FF,
10334643,000000A7,false,Rx,0,8,3E,8A,60,82,FD,25,A8,3E,
10334665,000000A8,false,Rx,0,8,73,AA,1E,D8,82,64,84,0D,
10334681,00000108,false,Rx,0,8,79,1D,CF,25,54,FE,00,00,
10334694,00000396,false,Rx,0,8,C7,04,00,11,00,00,00,00,
10334707,00000120,false,Rx,0,8,4B,0D,00,00,01,04,FF,01,
10334720,00000121,false,Rx,0,8,F5,0D,00,C0,37,57,7E,FE,
10334734,0000009F,false,Rx,0,8,AA,3C,1D,80,03,12,00,40,
10334747,00000086,false,Rx,0,8,E4,0C,2D,20,00,00,00,00,
10339372,0000012E,false,Rx,0,8,79,E9,7F,00,FE,00,C0,FF,
10339387,000000A7,false,Rx,0,8,50,8B,60,82,FD,25,A8,3E,
10339401,000000A8,false,Rx,0,8,BE,AB,1E,D8,82,64,84,0D,
10339414,1B000012,true,Rx,0,8,12,00,04,01,11,00,00,00,
10339427,0000011D,false,Rx,0,8,9F,0F,00,C8,00,00,00,00,
10339440,00000086,false,Rx,0,8,80,0D,2D,20,00,00,00,00,
10339453,0000009F,false,Rx,0,8,CE,3D,1D,80,03,12,00,40,
10354443,000002B7,false,Rx,0,8,73,0A,00,00,00,00,00,00,
10354474,00000380,false,Rx,0,8,84,05,40,00,00,00,00,FF,
10354490,00000117,false,Rx,0,8,AE,09,00,40,68,00,00,FF,
10354503,000000A7,false,Rx,0,8,EF,8C,60,82,FD,25,A8,3E,
10354516,000000A8,false,Rx,0,8,A0,AC,1E,D8,82,64,84,0D,
10354529,00000120,false,Rx,0,8,20,0E,00,00,01,04,FF,01,
10354542,00000121,false,Rx,0,8,66,0E,00,C0,37,57,7E,FE,
10354556,0000009F,false,Rx,0,8,62,3E,1D,80,03,12,00,40,
10362541,0000012E,false,Rx,0,8,25,EA,7F,00,FE,00,C0,FF,
10362566,000000A7,false,Rx,0,8,1F,8D,60,82,FD,25,A8,3E,
10362583,000000A8,false,Rx,0,8,B3,AD,1E,D8,82,64,84,0D,
10362596,000006B4,false,Rx,0,8,00,F2,F6,7B,AC,57,56,57,
10362609,0000011D,false,Rx,0,8,DD,00,00,C8,00,00,00,00,
10362622,00000086,false,Rx,0,8,48,0F,2D,20,00,00,00,00,
10362635,0000009F,false,Rx,0,8,B3,3F,1D,80,03,13,00,40,
10362648,000000B2,false,Rx,0,8,00,00,00,00,00,00,00,00,
10364568,000000AD,false,Rx,0,8,70,E9,BF,FF,8F,20,00,10,
10365339,00000117,false,Rx,0,8,02,0A,00,40,68,00,00,FF,
10378625,000000B2,false,Rx,0,8,00,00,00,00,00,00,00,00,
10378658,000000FD,false,Rx,0,8,71,DF,1F,80,00,00,00,00,
10378675,00000104,false,Rx,0,8,51,3F,A6,00,E6,00,02,31,
10378688,00000116,false,Rx,0,8,79,0F,08,26,78,9F,7C,FF,
10378701,0000030B,false,Rx,0,8,10,0A,02,00,08,00,00,00,
10378714,00000040,false,Rx,0,8,A8,0B,00,00,C1,00,00,00,
10378727,0000012E,false,Rx,0,8,D1,EB,7F,00,FE,00,C0,FF,
10378740,000000A7,false,Rx,0,8,4A,8F,60,82,FD,25,A8,3E,
10388654,000000B2,false,Rx,0,8,00,00,00,00,00,00,00,00,
10388679,00000101,false,Rx,0,8,00,00,7D,F1,A1,07,40,00,
10388693,00000106,false,Rx,0,8,55,80,65,00,08,00,F0,10,
10388706,0000011E,false,Rx,0,8,D4,00,00,00,00,00,00,00,
10388719,000003EC,false,Rx,0,8,C1,00,00,00,00,08,01,00,
10388733,00000117,false,Rx,0,8,66,0B,00,40,68,00,00,FF,
10388746,000000A7,false,Rx,0,8,83,80,60,82,FD,25,A8,3E,
10388759,000000A8,false,Rx,0,8,96,A0,1E,D8,82,64,8C,0D,
10399110,000000B2,false,Rx,0,8,00,00,00,00,00,00,00,00,
10399135,000000FD,false,Rx,0,8,0B,D0,1F,80,00,00,00,00,
10399149,00000104,false,Rx,0,8,13,30,A6,00,E6,00,02,31,
10399162,00000116,false,Rx,0,8,3B,00,08,26,78,9F,7C,FF,
10399175,00000392,false,Rx,0,8,C8,29,00,00,00,00,00,04,
10399188,0000065D,false,Rx,0,8,01,32,2B,10,00,00,62,7A,
10399203,17F00013,true,Rx,0,8,20,13,00,00,00,00,00,80,
10399216,000002B7,false,Rx,0,8,05,0B,00,00,00,00,00,00,
10409216,0000009F,false,Rx,0,8,5D,33,1D,80,03,13,00,40,
10409243,000000B2,false,Rx,0,8,00,00,00,00,00,00,00,00,
10409257,00000101,false,Rx,0,8,25,01,7D,F1,A1,08,40,00,
10409270,00000106,false,Rx,0,8,31,81,65,00,08,00,F0,10,
10409283,00000108,false,Rx,0,8,F3,10,CF,25,54,FE,00,00,
10409296,0000011E,false,Rx,0,8,B0,01,00,00,00,00,00,00,
10409309,000001AB,false,Rx,0,8,19,08,00,02,00,00,04,00,
10416756,0000030D,false,Rx,0,4,04,00,00,00,00,00,00,00,
10416795,0000064A,false,Rx,0,4,00,00,00,00,00,00,00,00,
10416809,1A555521,true,Rx,0,8,00,00,0A,00,00,00,00,00,
10416822,00000395,false,Rx,0,8,18,0B,24,06,B4,3E,4B,1C,
10416835,00000117,false,Rx,0,8,75,0C,00,40,68,00,00,FF,
10416848,000000A7,false,Rx,0,8,7F,82,60,82,FD,25,A8,3E,
10416861,000000A8,false,Rx,0,8,90,A2,1E,D8,82,64,94,0D,
10416874,00000120,false,Rx,0,8,CA,01,00,00,01,04,FF,01,
10426211,0000032A,false,Rx,0,8,84,05,00,00,44,04,00,00,
10426236,00000086,false,Rx,0,8,D1,05,2D,20,00,00,00,00,
10426251,0000009F,false,Rx,0,8,2A,35,1D,80,03,13,00,40,
10426264,0000011D,false,Rx,0,8,71,03,00,C8,00,00,00,00,
10426277,000000B2,false,Rx,0,8,00,00,00,00,00,00,00,00,
10426290,00000101,false,Rx,0,8,4A,02,7E,F1,A1,0B,40,00,
10426303,00000106,false,Rx,0,8,9D,82,65,00,08,00,F0,10,
10426316,0000011E,false,Rx,0,8,1C,02,00,00,00,00,00,00,
10435606,0000030B,false,Rx,0,8,10,0B,02,00,08,00,00,00,
10435620,00000040,false,Rx,0,8,BB,0C,00,00,C1,00,00,00,
10435770,00000380,false,Rx,0,8,28,06,40,00,00,00,00,FF,
10435783,00000117,false,Rx,0,8,11,0D,00,40,68,00,00,FF,
10435796,000000A7,false,Rx,0,8,57,84,20,82,FD,21,A8,3E,
10435809,00000108,false,Rx,0,8,97,11,CF,25,54,FE,00,00,
10435834,000000A8,false,Rx,0,8,D3,A4,1E,D8,82,64,94,0D,
10435847,00000396,false,Rx,0,8,A3,05,00,11,00,00,00,00,
10442247,0000011D,false,Rx,0,8,62,04,00,C8,00,00,00,00,
10442265,00000086,false,Rx,0,8,19,07,2D,20,00,00,00,00,
10442279,0000009F,false,Rx,0,8,57,37,1D,80,03,12,00,40,
10442292,000000B2,false,Rx,0,8,00,00,00,00,00,00,00,00,
10442305,00000101,false,Rx,0,8,9F,03,7E,F1,A1,07,40,00,
10442318,00000106,false,Rx,0,8,F9,83,65,00,08,00,F0,10,
10442798,0000011E,false,Rx,0,8,78,03,00,00,00,00,00,00,
10444339,000002B7,false,Rx,0,8,E6,0C,00,00,00,00,00,00,
10445339,00000117,false,Rx,0,8,BD,0E,00,40,68,00,00,FF,
10457003,00000121,false,Rx,0,8,0F,03,00,C0,37,57,7E,FE,
10457035,0000009F,false,Rx,0,8,15,38,1D,80,03,12,00,40,
10457051,00000086,false,Rx,0,8,5B,08,2D,20,00,00,00,00,
10457064,00000497,false,Rx,0,8,00,40,00,00,64,46,00,20,
10457078,0000054B,false,Rx,0,8,00,00,00,00,00,00,00,24,
10457092,17F0000A,true,Rx,0,8,00,0A,00,00,00,00,00,80,
10457105,000000B2,false,Rx,0,8,00,00,00,00,00,00,00,00,
10457118,000000FD,false,Rx,0,8,BB,D3,1F,80,00,00,00,00,
10467690,0000011D,false,Rx,0,8,06,05,00,C8,00,00,00,00,
10467786,00000086,false,Rx,0,8,3F,09,2D,20,00,00,00,00,
10467814,0000009F,false,Rx,0,8,71,39,1D,80,03,12,00,40,
10467827,000000B2,false,Rx,0,8,00,00,00,00,00,00,00,00,
10467840,00000101,false,Rx,0,8,CD,04,7E,F1,A1,08,40,00,
10467853,00000106,false,Rx,0,8,EA,84,65,00,08,00,F0,10,
10467867,0000011E,false,Rx,0,8,6B,04,00,00,00,00,00,00,
10467879,0000031B,false,Rx,0,8,CB,04,00,00,00,38,15,00,
10476549,00000584,false,Rx,0,6,BD,07,00,00,00,00,00,00,
10476576,000005F0,false,Rx,0,8,64,E4,64,00,00,64,00,00,
10476592,000000B2,false,Rx,0,8,00,00,00,00,00,00,00,00,
10476605,000000FD,false,Rx,0,8,2D,D4,1F,80,00,00,00,00,
10476708,00000104,false,Rx,0,8,AC,34,A6,00,E6,00,02,31,
10476721,00000116,false,Rx,0,8,84,04,08,26,78,9F,7C,FF,
10476735,0000030B,false,Rx,0,8,10,0C,02,00,08,00,00,00,
10476748,1B000010,true,Rx,0,8,10,00,04,05,09,00,00,00,
10485929,00000108,false,Rx,0,8,5F,13,CF,25,54,FE,00,00,
10485944,000000A8,false,Rx,0,8,5C,A9,1E,D8,82,64,8C,0D,
10485958,0000011D,false,Rx,0,8,AA,06,00,C8,00,00,00,00,
10485971,00000086,false,Rx,0,8,F7,0B,2D,20,00,00,00,00,
10485984,0000009F,false,Rx,0,8,B9,3B,1D,80,03,12,00,40,
10485997,000000B2,false,Rx,0,8,00,00,00,00,00,00,00,00,
10486010,00000101,false,Rx,0,8,1C,05,7E,F1,A1,09,40,00,
10486023,00000106,false,Rx,0,8,8E,85,65,00,08,00,F0,10,
10495489,0000011B,false,Rx,0,8,00,20,00,00,00,00,00,00,
10495514,00000120,false,Rx,0,8,B4,05,00,00,01,04,FF,01,
10495527,00000121,false,Rx,0,8,85,05,00,C0,37,57,7E,FE,
10495541,00000391,false,Rx,0,8,13,65,25,59,00,28,00,22,
10495554,00000086,false,Rx,0,8,E4,0C,2D,20,00,00,00,00,
10495567,0000009F,false,Rx,0,8,AA,3C,1D,80,03,12,00,40,
10495580,000003BE,false,Rx,0,8,C1,1A,E6,01,88,80,00,80,
10495593,000000B2,false,Rx,0,8,00,00,00,00,00,00,00,00,
10503881,0000011D,false,Rx,0,8,CE,07,00,C8,00,00,00,00,
10503906,00000086,false,Rx,0,8,80,0D,2D,20,00,00,00,00,
10503920,0000009F,false,Rx,0,8,CE,3D,1D,80,03,12,00,40,
10503933,000000B2,false,Rx,0,8,00,00,00,00,00,00,00,00,
10503946,00000101,false,Rx,0,8,36,06,7D,F1,A1,08,40,00,
10503959,00000106,false,Rx,0,8,22,86,65,00,08,00,F0,10,
10503972,00000108,false,Rx,0,8,4C,14,CF,25,54,FE,00,00,
10503985,0000011E,false,Rx,0,8,A3,06,00,00,00,00,00,00,
10514379,00000380,false,Rx,0,8,4C,07,40,00,00,00,00,FF,
10514404,00000117,false,Rx,0,8,FF,01,00,40,68,00,00,FF,
10514417,000000A7,false,Rx,0,8,EF,8C,60,82,FD,25,A8,3E,
10514464,000000A8,false,Rx,0,8,D0,AC,1E,D8,82,64,8C,0D,
10514477,00000120,false,Rx,0,8,5B,06,00,00,01,04,FF,01,
10514490,00000121,false,Rx,0,8,82,06,00,C0,37,57,7E,FE,
10514503,0000009F,false,Rx,0,8,62,3E,1D,80,03,12,00,40,
10514516,00000086,false,Rx,0,8,2C,0E,2D,20,00,00,00,00,
10522520,000000A7,false,Rx,0,8,1F,8D,60,82,FD,25,A8,3E,
10522567,0000012E,false,Rx,0,8,6B,E2,7F,00,FE,00,C0,FF,
10522581,000000A8,false,Rx,0,8,6B,AD,1E,D8,82,64,90,0D,
10522594,00000365,false,Rx,0,8,C1,C6,17,40,8F,02,AC,7A,
10522607,0000032A,false,Rx,0,8,4C,07,00,00,44,04,00,00,
10522621,00000086,false,Rx,0,8,48,0F,2D,20,00,00,00,00,
10522634,0000009F,false,Rx,0,8,06,3F,1D,80,03,12,00,40,
10522647,0000011D,false,Rx,0,8,8C,08,00,C8,00,00,00,00,
10531231,00000117,false,Rx,0,8,53,02,00,40,68,00,00,FF,
10531259,000000A7,false,Rx,0,8,94,8E,60,82,FD,25,A8,3E,
10531273,00000108,false,Rx,0,8,28,15,CF,25,54,FE,00,00,
10531286,000000A8,false,Rx,0,8,E1,AE,1E,D8,82,64,94,0D,
10531299,00000396,false,Rx,0,8,0F,06,00,11,00,00,00,00,
10531312,00000120,false,Rx,0,8,59,07,00,00,01,04,FF,01,
10539883,00000121,false,Rx,0,8,D1,07,00,C0,37,57,7E,FE,
10539915,0000009F,false,Rx,0,8,44,30,1D,80,03,12,00,40,
10539929,00000086,false,Rx,0,8,0A,00,2D,20,00,00,00,00,
10539981,000000B2,false,Rx,0,8,00,00,00,00,00,00,00,00,
10539994,000000FD,false,Rx,0,8,9F,D7,1F,80,00,00,00,00,
10540007,00000104,false,Rx,0,8,00,37,A6,00,E6,00,02,31,
10540021,17F00072,true,Rx,0,8,00,00,00,00,00,00,00,00,
10540035,00000116,false,Rx,0,8,28,07,08,26,78,9F,7C,FF,
10545965,00000101,false,Rx,0,8,96,08,7E,F1,A1,09,40,00,
10545991,00000106,false,Rx,0,8,04,88,65,00,08,00,F0,10,
10546004,0000011E,false,Rx,0,8,85,08,00,00,00,00,00,00,
10546018,000002B7,false,Rx,0,8,57,0E,00,00,00,00,00,00,
10546031,00000117,false,Rx,0,8,37,03,00,40,68,00,00,FF,
10546044,000000A7,false,Rx,0,8,83,80,60,82,FD,25,A8,3E,
10546057,000000A8,false,Rx,0,8,76,A0,1E,D8,82,64,9C,0D,
10546339,00000120,false,Rx,0,8,00,08,00,00,01,04,FF,01,
10561083,000000B2,false,Rx,0,8,00,00,00,00,00,00,00,00,
10561187,000000FD,false,Rx,0,8,58,D8,1F,80,00,00,00,00,
10561202,00000104,false,Rx,0,8,42,38,A6,00,E6,00,02,31,
10561215,00000108,false,Rx,0,8,84,16,CF,25,54,FE,00,00,
10561228,00000116,false,Rx,0,8,6A,08,08,26,78,9F,7C,FF,
10561241,0000030D,false,Rx,0,4,04,00,00,00,00,00,00,00,
10561255,17330A10,true,Rx,0,4,32,98,01,01,00,00,00,00,
10561268,0000012E,false,Rx,0,8,D5,E4,7F,00,FE,00,C0,FF,
10571792,00000086,false,Rx,0,8,A6,03,2D,20,00,00,00,00,
10571807,0000009F,false,Rx,0,8,E8,33,1D,80,03,12,00,40,
10571820,000000B2,false,Rx,0,8,00,00,00,00,00,00,00,00,
10571833,00000101,false,Rx,0,8,47,09,7E,F1,A1,08,40,00,
10571846,00000106,false,Rx,0,8,60,89,65,00,08,00,F0,10,
10571859,0000011E,false,Rx,0,8,E1,09,00,00,00,00,00,00,
10571872,0000031B,false,Rx,0,8,46,06,00,00,00,38,15,00,
10571886,000000AD,false,Rx,0,8,88,ED,BF,FF,8F,20,00,10,
10582314,00000040,false,Rx,0,8,17,0F,00,00,C1,00,00,00,
10583386,00000585,false,Rx,0,8,09,3C,00,7F,14,00,00,00,
10583403,0000012E,false,Rx,0,8,35,E5,7F,00,FE,00,C0,FF,
10583417,000000A7,false,Rx,0,8,6D,83,20,82,FD,21,A8,3E,
10583430,00000108,false,Rx,0,8,E0,17,CF,25,54,FE,00,00,
10583570,000000A8,false,Rx,0,8,37,A3,1E,D8,82,64,98,0D,
10583583,0000011D,false,Rx,0,8,20,0B,00,C8,00,00,00,00,
10583596,00000086,false,Rx,0,8,D1,05,2D,20,00,00,00,00,
10583609,0000009F,false,Rx,0,8,9F,35,1D,80,03,12,00,40,
10593731,00000380,false,Rx,0,8,0E,08,40,00,00,00,00,FF,
10593755,000003EC,false,Rx,0,8,C1,00,00,00,00,08,01,00,
10593769,00000117,false,Rx,0,8,40,05,00,40,68,00,00,FF,
10593914,000000A7,false,Rx,0,8,57,84,20,82,FD,21,A8,3E,
10593927,000000A8,false,Rx,0,8,9B,A4,1E,D8,82,64,98,0D,
10593940,0000011B,false,Rx,0,8,00,20,00,00,00,00,00,00,
10593953,00000120,false,Rx,0,8,8D,0A,00,00,01,04,FF,01,
10593966,00000121,false,Rx,0,8,88,0A,00,C0,37,57,7E,FE,
10602666,0000012E,false,Rx,0,8,7F,E6,7F,00,FE,00,C0,FF,
10602691,000000A7,false,Rx,0,8,2C,85,20,82,FD,21,A8,3E,
10602790,000000A8,false,Rx,0,8,B9,A5,1E,D8,82,64,94,0D,
10602803,0000011D,false,Rx,0,8,33,0C,00,C8,00,00,00,00,
10602816,00000086,false,Rx,0,8,19,07,2D,20,00,00,00,00,
10602829,0000009F,false,Rx,0,8,57,37,1D,80,03,12,00,40,
10602843,000000B2,false,Rx,0,8,00,00,00,00,00,00,00,00,
10602856,00000101,false,Rx,0,8,8F,0B,7E,F1,A1,08,40,00,
10613009,00000117,false,Rx,0,8,EC,06,00,40,68,00,00,FF,
10613033,000000A7,false,Rx,0,8,BF,86,20,82,FD,21,A8,3E,
10613047,000000A8,false,Rx,0,8,B1,A6,1E,D8,82,64,90,0D,
10613060,00000120,false,Rx,0,8,21,0B,00,00,01,04,FF,01,
10613073,00000121,false,Rx,0,8,23,0B,00,C0,37,57,7E,FE,
10613086,0000009F,false,Rx,0,8,15,38,1D,80,03,12,00,40,
10613099,00000086,false,Rx,0,8,5B,08,2D,20,00,00,00,00,
10613112,000000B1,false,Rx,0,8,71,2E,00,00,00,00,00,00,
10620321,000003DB,false,Rx,0,8,50,00,01,00,04,20,01,6E,
10620507,000000AD,false,Rx,0,8,B4,E2,BF,FF,8F,20,00,10,
10620521,0000012E,false,Rx,0,8,6C,E7,7F,00,FE,00,C0,FF,
10620534,000000A7,false,Rx,0,8,2F,87,60,82,FD,21,A8,3E,
10620547,000000A8,false,Rx,0,8,0C,A7,1E,D8,82,64,8C,0D,
10620560,00000365,false,Rx,0,8,C1,C6,17,40,8F,02,AC,7A,
10620573,0000032A,false,Rx,0,8,6A,09,00,00,44,04,00,00,
10620586,00000086,false,Rx,0,8,3F,09,2D,20,00,00,00,00,
10623023,0000011E,false,Rx,0,8,3A,0C,00,00,00,00,00,00,
10623037,0000030B,false,Rx,0,8,10,0F,02,00,08,00,00,00,
10623050,00000040,false,Rx,0,8,55,00,00,00,C1,00,00,00,
10636821,0000009F,false,Rx,0,8,DD,3A,1D,80,03,12,00,40,
10636849,00000086,false,Rx,0,8,93,0A,2D,20,00,00,00,00,
10636984,000000B2,false,Rx,0,8,00,00,00,00,00,00,00,00,
10636997,000000FD,false,Rx,0,8,90,DC,1F,80,00,00,00,00,
10637010,00000104,false,Rx,0,8,FD,3C,A6,00,E6,00,02,31,
10637023,00000116,false,Rx,0,8,D5,0C,08,26,78,9F,7C,FF,
10637036,000003E5,false,Rx,0,8,63,1D,00,00,00,00,00,00,
10637049,0000012E,false,Rx,0,8,05,E8,7F,00,FE,00,C0,FF,
10644998,0000011D,false,Rx,0,8,FB,0E,00,C8,00,00,00,00,
10645023,00000086,false,Rx,0,8,F7,0B,2D,20,00,00,00,00,
10645036,0000009F,false,Rx,0,8,B9,3B,1D,80,03,12,00,40,
10645050,000000B2,false,Rx,0,8,00,00,00,00,00,00,00,00,
10645063,00000101,false,Rx,0,8,3B,0D,7D,F1,A1,0B,40,00,
10645076,00000106,false,Rx,0,8,DF,8D,65,00,08,00,F0,10,
10645089,0000011E,false,Rx,0,8,5E,0D,00,00,00,00,00,00,
10645102,000002B7,false,Rx,0,8,DC,00,00,00,00,00,00,00,
10647692,000000A7,false,Rx,0,8,3E,8A,60,82,FD,25,A8,3E,
10647708,000000A8,false,Rx,0,8,AB,AA,1E,D8,82,64,90,0D,
10647721,00000120,false,Rx,0,8,4B,0D,00,00,01,04,FF,01,
10647734,00000121,false,Rx,0,8,F5,0D,00,C0,37,57,7E,FE,
10662410,0000012E,false,Rx,0,8,79,E9,7F,00,FE,00,C0,FF,
10662437,000000A7,false,Rx,0,8,50,8B,60,82,FD,25,A8,3E,
10662451,000000A8,false,Rx,0,8,5E,AB,1E,D8,82,64,94,0D,
10662464,0000011D,false,Rx,0,8,9F,0F,00,C8,00,00,00,00,
10662477,00000086,false,Rx,0,8,80,0D,2D,20,00,00,00,00,
10662490,0000009F,false,Rx,0,8,CE,3D,1D,80,03,12,00,40,
10662503,000000B2,false,Rx,0,8,00,00,00,00,00,00,00,00,
10662516,00000101,false,Rx,0,8,9B,0E,7E,F1,A1,0E,40,00,
10673794,00000380,false,Rx,0,8,6A,09,40,00,00,00,00,FF,
10673817,000000AD,false,Rx,0,8,E3,E7,BF,FF,8F,20,00,10,
10673831,00000117,false,Rx,0,8,AE,09,00,40,68,00,00,FF,
10673845,000000A7,false,Rx,0,8,EF,8C,60,82,FD,25,A8,3E,
10673858,000000A8,false,Rx,0,8,08,AC,1E,D8,82,64,98,0D,
10673871,00000365,false,Rx,0,8,C1,C6,17,40,8F,02,AC,7A,
10673884,00000120,false,Rx,0,8,20,0E,00,00,01,04,FF,01,
10673897,00000121,false,Rx,0,8,66,0E,00,C0,37,57,7E,FE,
10687602,00000520,false,Rx,0,8,AA,08,00,08,00,0A,00,00,
10687788,0000012E,false,Rx,0,8,25,EA,7F,00,FE,00,C0,FF,
10687805,000000A7,false,Rx,0,8,1F,8D,60,82,FD,25,A8,3E,
10687818,00000108,false,Rx,0,8,0E,1B,CF,25,54,FE,00,00,
10687831,000000A8,false,Rx,0,8,1B,AD,1E,D8,82,64,98,0D,
10687844,0000011D,false,Rx,0,8,DD,00,00,C8,00,00,00,00,
10687873,00000086,false,Rx,0,8,48,0F,2D,20,00,00,00,00,
10687898,0000009F,false,Rx,0,8,06,3F,1D,80,03,12,00,40,
10698604,00000640,false,Rx,0,8,A0,51,4D,95,80,A0,59,01,
10698637,000000B2,false,Rx,0,8,00,00,00,00,00,00,00,00,
10698651,000000FD,false,Rx,0,8,71,DF,1F,80,00,00,00,00,
10698664,00000104,false,Rx,0,8,51,3F,A6,00,E6,00,02,31,
10698677,00000116,false,Rx,0,8,79,0F,08,26,78,9F,7C,FF,
10698690,00000392,false,Rx,0,8,13,2C,00,00,00,00,00,04,
10698703,0000065F,false,Rx,0,8,2E,20,00,00,00,00,37,7A,
10698716,00000670,false,Rx,0,8,20,10,00,00,00,01,00,88,
10708707,000000B2,false,Rx,0,8,00,00,00,00,00,00,00,00,
10708744,00000101,false,Rx,0,8,CB,00,7D,F1,A1,0C,40,00,
10708760,00000106,false,Rx,0,8,55,80,65,00,08,00,F0,10,
10708774,00000108,false,Rx,0,8,1D,1C,CF,25,54,FE,00,00,
10708787,0000011E,false,Rx,0,8,D4,00,00,00,00,00,00,00,
10708800,0000030D,false,Rx,0,4,04,00,00,00,00,00,00,00,
10708812,00000395,false,Rx,0,8,18,09,24,06,B4,3E,4B,1C,
10708826,00000117,false,Rx,0,8,66,0B,00,40,68,00,00,FF,
10719925,000000B1,false,Rx,0,8,4D,2F,00,00,00,00,00,00,
10719958,000000B2,false,Rx,0,8,00,00,00,00,00,00,00,00,
10719974,000000FD,false,Rx,0,8,0B,D0,1F,80,00,00,00,00,
10719987,00000104,false,Rx,0,8,13,30,A6,00,E6,00,02,31,
10720031,00000116,false,Rx,0,8,3B,00,08,26,78,9F,7C,FF,
10720044,0000031B,false,Rx,0,8,25,09,00,00,00,38,15,00,
10720057,000003C8,false,Rx,0,8,00,00,54,24,05,12,80,4D,
10720070,00000668,false,Rx,0,8,82,00,00,29,00,03,31,01,
10728071,00000101,false,Rx,0,8,21,01,7D,F1,A1,05,40,00,
10728283,00000106,false,Rx,0,8,31,81,65,00,08,00,F0,10,
10728299,0000011E,false,Rx,0,8,B0,01,00,00,00,00,00,00,
10728313,0000030B,false,Rx,0,8,10,01,02,00,08,00,00,00,
10733312,00000040,false,Rx,0,8,9D,02,00,00,C1,00,00,00,
10734477,00000117,false,Rx,0,8,75,0C,00,40,68,00,00,FF,
10734492,000000A7,false,Rx,0,8,EC,82,20,82,FD,21,A8,3E,
10734505,00000108,false,Rx,0,8,79,1D,CF,25,54,FE,00,00,
10734518,000000A8,false,Rx,0,8,90,A2,1E,D8,82,64,94,0D,
10734532,00000396,false,Rx,0,8,29,08,00,11,00,00,00,00,
10734545,00000120,false,Rx,0,8,CA,01,00,00,01,04,FF,01,
10734558,00000121,false,Rx,0,8,72,01,00,C0,37,57,7E,FE,
10734571,0000009F,false,Rx,0,8,FB,34,1D,80,03,12,00,40,
10744531,0000012E,false,Rx,0,8,58,ED,7F,00,FE,00,C0,FF,
10744562,000000A7,false,Rx,0,8,74,83,60,82,FD,21,A8,3E,
10744685,000000A8,false,Rx,0,8,47,A3,1E,D8,82,64,90,0D,
10744699,1B000012,true,Rx,0,8,12,00,04,01,11,00,00,00,
10744713,0000011D,false,Rx,0,8,71,03,00,C8,00,00,00,00,
10744726,00000086,false,Rx,0,8,D1,05,2D,20,00,00,00,00,
10744739,0000009F,false,Rx,0,8,9F,35,1D,80,03,12,00,40,
10744752,000000B2,false,Rx,0,8,00,00,00,00,00,00,00,00,
10750907,00000117,false,Rx,0,8,11,0D,00,40,68,00,00,FF,
10750927,000000A7,false,Rx,0,8,4E,84,60,82,FD,21,A8,3E,
10750941,000000A8,false,Rx,0,8,EB,A4,1E,D8,82,64,90,0D,
10750954,00000120,false,Rx,0,8,32,02,00,00,01,04,FF,01,
10750967,00000121,false,Rx,0,8,FD,02,00,C0,37,57,7E,FE,
10750980,0000009F,false,Rx,0,8,33,36,1D,80,03,12,00,40,
10750994,00000086,false,Rx,0,8,7D,06,2D,20,00,00,00,00,
10751018,00000381,false,Rx,0,8,FF,FF,FF,FF,FF,FF,FF,BF,
10751871,0000030D,false,Rx,0,4,04,00,00,00,00,00,00,00,
10764575,0000012E,false,Rx,0,8,82,EE,7F,00,FE,00,C0,FF,
10764608,000000A7,false,Rx,0,8,35,85,60,82,FD,21,A8,3E,
10764622,000000A8,false,Rx,0,8,81,A5,1E,D8,82,64,90,0D,
10764635,000006B4,false,Rx,0,8,00,F2,F6,7B,AC,57,56,57,
10764648,0000011D,false,Rx,0,8,62,04,00,C8,00,00,00,00,
10764662,00000086,false,Rx,0,8,19,07,2D,20,00,00,00,00,
10764675,0000009F,false,Rx,0,8,57,37,1D,80,03,12,00,40,
10764688,000000B2,false,Rx,0,8,00,00,00,00,00,00,00,00,
10775430,00000117,false,Rx,0,8,BD,0E,00,40,68,00,00,FF,
10775570,000000A7,false,Rx,0,8,2C,86,60,82,FD,25,A8,3E,
10775584,000000A8,false,Rx,0,8,B1,A6,1E,D8,82,64,90,0D,
10775597,00000365,false,Rx,0,8,C1,C6,17,40,8E,02,AC,7A,
10775610,00000120,false,Rx,0,8,E0,03,00,00,01,04,FF,01,
10775624,00000121,false,Rx,0,8,0F,03,00,C0,37,57,7E,FE,
10775637,0000032A,false,Rx,0,8,B1,0C,00,00,44,04,00,00,
10775660,00000086,false,Rx,0,8,5B,08,2D,20,00,00,00,00,
10785797,000000A8,false,Rx,0,8,A4,A7,1E,D8,82,64,90,0D,
10785826,0000011D,false,Rx,0,8,06,05,00,C8,00,00,00,00,
10785943,00000086,false,Rx,0,8,3F,09,2D,20,00,00,00,00,
10785956,0000009F,false,Rx,0,8,71,39,1D,80,03,12,00,40,
10785969,000000B2,false,Rx,0,8,00,00,00,00,00,00,00,00,
10785982,00000101,false,Rx,0,8,0A,04,7D,F1,A1,06,40,00,
10785995,00000106,false,Rx,0,8,EA,84,65,00,08,00,F0,10,
10786008,0000011E,false,Rx,0,8,6B,04,00,00,00,00,00,00,
10797290,0000011B,false,Rx,0,8,00,20,00,00,00,00,00,00,
10797318,00000120,false,Rx,0,8,B6,04,00,00,01,04,FF,01,
10799923,00000121,false,Rx,0,8,B2,04,00,C0,37,57,7E,FE,
10799938,0000009F,false,Rx,0,8,DD,3A,1D,80,03,12,00,40,
10800100,00000086,false,Rx,0,8,93,0A,2D,20,00,00,00,00,
10800113,00000391,false,Rx,0,8,12,65,25,59,00,28,00,22,
10800126,000003BE,false,Rx,0,8,89,1D,E6,01,88,80,00,80,
10800139,000000B2,false,Rx,0,8,00,00,00,00,00,00,00,00,
10800165,000000FD,false,Rx,0,8,2D,D4,1F,80,00,00,00,00,
10800178,00000104,false,Rx,0,8,AC,34,A6,00,E6,00,02,31,
10810273,00000101,false,Rx,0,8,9A,05,7D,F1,A1,08,40,00,
10810298,00000106,false,Rx,0,8,8E,85,65,00,08,00,F0,10,
10810312,00000108,false,Rx,0,8,F3,10,CF,25,54,FE,00,00,
10813955,0000011E,false,Rx,0,8,0F,05,00,00,00,00,00,00,
10813969,000001AB,false,Rx,0,8,9E,0A,00,02,00,00,04,00,
10813982,0000030D,false,Rx,0,4,04,00,00,00,00,00,00,00,
10814085,00000395,false,Rx,0,8,18,03,24,06,B4,3E,4B,1C,
10814098,00000117,false,Rx,0,8,9B,00,00,40,68,00,00,FF,
10814111,000000A7,false,Rx,0,8,AD,8A,20,82,FD,21,A8,3E,
10814124,000000A8,false,Rx,0,8,E3,AA,1E,D8,82,64,9C,0D,
10814138,00000120,false,Rx,0,8,B4,05,00,00,01,04,FF,01,
10822882,000000FD,false,Rx,0,8,B7,D5,1F,80,00,00,00,00,
10822896,00000104,false,Rx,0,8,C8,35,A6,00,E6,00,02,31,
10822909,00000116,false,Rx,0,8,E0,05,08,26,78,9F,7C,FF,
10822922,000001A2,false,Rx,0,8,C3,06,10,00,E1,06,80,13,
10822935,0000031B,false,Rx,0,8,B0,0B,00,00,00,38,15,00,
10822950,1B000013,true,Rx,0,8,13,00,04,01,01,00,00,00,
10822963,000003C8,false,Rx,0,8,00,00,54,24,05,12,80,4D,
10822976,000003DB,false,Rx,0,8,50,00,01,00,04,20,01,6E,
10832681,00000380,false,Rx,0,8,A2,0B,40,00,00,00,00,FF,
10832704,00000117,false,Rx,0,8,FF,01,00,40,68,00,00,FF,
10832718,000000A7,false,Rx,0,8,7C,8C,20,82,FD,21,A8,3E,
10832817,00000108,false,Rx,0,8,97,11,CF,25,54,FE,00,00,
10832830,000000A8,false,Rx,0,8,40,AC,1E,D8,82,64,94,0D,
10832843,00000396,false,Rx,0,8,4D,09,00,11,00,00,00,00,
10832856,00000120,false,Rx,0,8,5B,06,00,00,01,04,FF,01,
10832869,00000121,false,Rx,0,8,82,06,00,C0,37,57,7E,FE,
10839228,00000382,false,Rx,0,8,FF,FF,FF,FF,FF,FF,FF,CF,
10839242,000000B2,false,Rx,0,8,00,00,00,00,00,00,00,00,
10839255,000000FD,false,Rx,0,8,A5,D6,1F,80,00,00,00,00,
10839269,00000104,false,Rx,0,8,64,36,A6,00,E6,00,02,31,
10839282,00000116,false,Rx,0,8,4C,06,08,26,78,9F,7C,FF,
10839295,000003E5,false,Rx,0,8,D1,1F,00,00,00,00,00,00,
10839308,0000012E,false,Rx,0,8,6B,E2,7F,00,FE,00,C0,FF,
10839321,000000A7,false,Rx,0,8,8C,8D,20,82,FD,21,A8,3E,
10839816,000000A8,false,Rx,0,8,6B,AD,1E,D8,82,64,90,0D,
10876665,000000AD,false,Rx,0,8,94,EB,BF,FF,8F,20,00,10,
10876817,00000117,false,Rx,0,8,37,03,00,40,68,00,00,FF,
10876833,000000A7,false,Rx,0,8,09,80,60,82,FD,21,A8,3E,
10876846,000000A8,false,Rx,0,8,4E,A0,1E,D8,82,64,98,0D,
10876859,00000365,false,Rx,0,8,C1,C6,17,40,8E,02,AC,7A,
10876872,00000120,false,Rx,0,8,00,08,00,00,01,04,FF,01,
10876885,00000121,false,Rx,0,8,12,08,00,C0,37,57,7E,FE,
10876898,0000032A,false,Rx,0,8,79,0E,00,00,44,04,00,00,
10886186,0000011D,false,Rx,0,8,44,0A,00,C8,00,00,00,00,
10886209,00000086,false,Rx,0,8,A6,03,2D,20,00,00,00,00,
10886223,0000009F,false,Rx,0,8,5D,33,1D,80,03,13,00,40,
10886236,000000B2,false,Rx,0,8,00,00,00,00,00,00,00,00,
10886249,00000101,false,Rx,0,8,84,09,7D,F1,A1,0B,40,00,
10886262,00000106,false,Rx,0,8,60,89,65,00,08,00,F0,10,
10886275,0000011E,false,Rx,0,8,E1,09,00,00,00,00,00,00,
10886288,00000117,false,Rx,0,8,24,04,00,40,68,00,00,FF,
10895642,0000011B,false,Rx,0,8,00,20,00,00,00,00,00,00,
10895678,00000120,false,Rx,0,8,56,09,00,00,01,04,FF,01,
10895692,00000121,false,Rx,0,8,ED,09,00,C0,37,57,7E,FE,
10895705,0000009F,false,Rx,0,8,4E,34,1D,80,03,13,00,40,
10895718,00000086,false,Rx,0,8,B5,04,2D,20,00,00,00,00,
10895731,00000391,false,Rx,0,8,13,65,25,59,00,28,00,22,
10895744,000003BE,false,Rx,0,8,96,1E,E6,01,88,80,00,80,
10895758,000000B2,false,Rx,0,8,00,00,00,00,00,00,00,00,
10902669,0000011D,false,Rx,0,8,20,0B,00,C8,00,00,00,00,
10902693,00000086,false,Rx,0,8,D1,05,2D,20,00,00,00,00,
10902707,0000009F,false,Rx,0,8,2A,35,1D,80,03,13,00,40,
10902720,000000B2,false,Rx,0,8,00,00,00,00,00,00,00,00,
10902733,00000101,false,Rx,0,8,AA,0A,7E,F1,A1,07,40,00,
10902746,00000106,false,Rx,0,8,CC,8A,65,00,08,00,F0,10,
10902759,00000108,false,Rx,0,8,4C,14,CF,25,54,FE,00,00,
10902772,0000011E,false,Rx,0,8,4D,0A,00,00,00,00,00,00,
10904516,00000380,false,Rx,0,8,B1,0C,40,00,00,00,00,FF,
10905339,00000117,false,Rx,0,8,40,05,00,40,68,00,00,FF,
10919636,0000009F,false,Rx,0,8,33,36,1D,80,03,12,00,40,
10919671,00000086,false,Rx,0,8,7D,06,2D,20,00,00,00,00,
10919686,00000381,false,Rx,0,8,FF,FF,FF,FF,FF,FF,FF,DF,
10919700,00000382,false,Rx,0,8,FF,FF,FF,FF,FF,FF,FF,DF,
10919713,000000B1,false,Rx,0,8,D6,21,00,00,00,00,00,00,
10919726,000000B2,false,Rx,0,8,00,00,00,00,00,00,00,00,
10919739,000000FD,false,Rx,0,8,26,DA,1F,80,00,00,00,00,
10919752,00000104,false,Rx,0,8,8A,3A,A6,00,E6,00,02,31,
10929750,000000B2,false,Rx,0,8,00,00,00,00,00,00,00,00,
10929774,00000101,false,Rx,0,8,3A,0B,7E,F1,A1,09,40,00,
10929787,00000106,false,Rx,0,8,A8,8B,65,00,08,00,F0,10,
10929800,0000011E,false,Rx,0,8,29,0B,00,00,00,00,00,00,
10929813,0000030B,false,Rx,0,8,10,05,02,00,08,00,00,00,
10929827,00000040,false,Rx,0,8,22,06,00,00,C1,00,00,00,
10929840,00000117,false,Rx,0,8,EC,06,00,40,68,00,00,FF,
10929853,000000A7,false,Rx,0,8,2C,86,60,82,FD,25,A8,3E,
10938429,000000B2,false,Rx,0,8,00,00,00,00,00,00,00,00,
10938457,000000FD,false,Rx,0,8,09,DB,1F,80,00,00,00,00,
10938472,00000104,false,Rx,0,8,EE,3B,A6,00,E6,00,02,31,
10938485,00000116,false,Rx,0,8,C6,0B,08,26,78,9F,7C,FF,
10938498,000003E5,false,Rx,0,8,3A,10,00,00,00,00,00,00,
10938512,0000012E,false,Rx,0,8,6C,E7,7F,00,FE,00,C0,FF,
10938525,000000A7,false,Rx,0,8,A5,87,60,82,FD,25,A8,3E,
10938538,000000A8,false,Rx,0,8,D4,A7,1E,D8,82,64,98,0D,
10948128,000000B2,false,Rx,0,8,00,00,00,00,00,00,00,00,
10948151,00000101,false,Rx,0,8,29,0C,7E,F1,A1,09,40,00,
10948165,00000106,false,Rx,0,8,BB,8C,65,00,08,00,F0,10,
10948178,0000011E,false,Rx,0,8,3A,0C,00,00,00,00,00,00,
10948191,000002B7,false,Rx,0,8,92,06,00,00,00,00,00,00,
10948204,00000130,false,Rx,0,8,82,82,2D,80,08,00,04,00,
10948217,00000117,false,Rx,0,8,88,07,00,40,68,00,00,FF,
10948230,000000A7,false,Rx,0,8,E8,88,60,82,FD,25,A8,3E,
10953925,0000009F,false,Rx,0,8,98,3A,1D,80,03,10,00,40,
10953939,00000086,false,Rx,0,8,93,0A,2D,20,00,00,00,00,
10953953,00000497,false,Rx,0,8,00,40,00,00,64,46,00,20,
10953966,0000054B,false,Rx,0,8,00,00,00,00,00,00,00,24,
10953980,17F0000A,true,Rx,0,8,00,0A,00,00,00,00,00,80,
10953993,000000B2,false,Rx,0,8,00,00,00,00,00,00,00,00,
10954007,000000FD,false,Rx,0,8,90,DC,1F,80,00,00,00,00,
10954020,00000108,false,Rx,0,8,84,16,CF,25,54,FE,00,00,
10968692,0000011D,false,Rx,0,8,FB,0E,00,C8,00,00,00,00,
10968723,00000086,false,Rx,0,8,F7,0B,2D,20,00,00,00,00,
10968739,0000009F,false,Rx,0,8,FC,3B,1D,80,03,10,00,40,
10968752,000000B2,false,Rx,0,8,00,00,00,00,00,00,00,00,
10968765,00000101,false,Rx,0,8,08,0D,7E,F1,A1,0B,40,00,
10968778,00000106,false,Rx,0,8,DF,8D,65,00,08,00,F0,10,
10968791,0000011E,false,Rx,0,8,5E,0D,00,00,00,00,00,00,
10968805,0000031B,false,Rx,0,8,C7,0E,00,00,00,38,15,00,
10979222,000000B2,false,Rx,0,8,00,00,00,00,00,00,00,00,
10979245,000000FD,false,Rx,0,8,19,DD,1F,80,00,00,00,00,
10981843,00000104,false,Rx,0,8,99,3D,A6,00,E6,00,02,31,
10981872,00000116,false,Rx,0,8,B1,0D,08,26,78,9F,7C,FF,
10981887,17330710,true,Rx,0,8,80,08,31,C3,38,07,81,00,
10981900,0000030B,false,Rx,0,8,10,06,02,00,08,00,00,00,
10981914,00000040,false,Rx,0,8,46,07,00,00,C1,00,00,00,
10981927,0000012E,false,Rx,0,8,79,E9,7F,00,FE,00,C0,FF,
10981940,000000A7,false,Rx,0,8,86,CB,60,82,FD,25,A8,3E,
10981953,00000108,false,Rx,0,8,E0,17,CF,25,54,FE,00,00,
10992180,00000380,false,Rx,0,8,D5,0D,40,00,00,00,00,FF,
10992205,000003EC,false,Rx,0,8,C1,00,00,00,00,08,01,00,
10994218,00000117,false,Rx,0,8,AE,09,00,40,68,00,00,FF,
10994239,000000A7,false,Rx,0,8,0B,0C,21,82,FD,21,A8,3E,
10994252,000000A8,false,Rx,0,8,40,AC,1E,D8,82,64,94,0D,
10998290,0000011B,false,Rx,0,8,00,20,00,00,00,00,00,00,
10998305,00000120,false,Rx,0,8,20,0E,00,00,01,04,FF,01,
11000683,00000121,false,Rx,0,8,18,FE,C0,C1,17,57,7E,FE,
11000698,0000009F,false,Rx,0,8,27,3E,1D,80,03,10,00,40,
11000723,00000086,false,Rx,0,8,2C,0E,2D,20,00,00,00,00,
11000737,00000391,false,Rx,0,8,12,65,25,59,00,38,00,22,
11000750,000003BE,false,Rx,0,8,9B,1F,E6,01,88,80,00,80,
11000763,00000381,false,Rx,0,8,FF,FF,FF,FF,FF,FF,FF,EF,
11000776,00000382,false,Rx,0,8,FF,FF,FF,FF,FF,FF,FF,EF,
11000789,000000B2,false,Rx,0,8,00,00,00,00,00,00,00,00,
11005329,000001AB,false,Rx,0,8,00,0B,00,02,00,00,04,00,
11005343,0000030D,false,Rx,0,4,04,00,00,00,00,00,00,00,
11005355,00000395,false,Rx,0,8,18,07,24,06,B4,3E,4B,1C,
11005369,00000117,false,Rx,0,8,02,0A,00,40,68,00,00,FF,
11006338,000000A7,false,Rx,0,8,FC,7E,61,82,FD,25,A8,3E,
11006352,000000A8,false,Rx,0,8,D9,AE,1E,D8,82,64,90,0D,
11006365,00000120,false,Rx,0,8,F5,0F,00,00,01,04,FF,01,
11019021,00000104,false,Rx,0,8,51,3F,A6,00,E6,00,02,31,
11019050,000003C8,false,Rx,0,8,00,00,54,24,05,12,80,4D,
11019186,00000116,false,Rx,0,8,79,0F,08,26,78,9F,7C,FF,
11019199,000001A2,false,Rx,0,8,AB,07,10,00,E1,06,80,13,
11019212,0000031B,false,Rx,0,8,03,0F,00,00,00,38,15,00,
11019227,1B000013,true,Rx,0,8,13,00,04,01,01,00,00,00,
11019241,000003DB,false,Rx,0,8,50,00,01,00,04,20,01,6E,
11019253,000000AD,false,Rx,0,8,21,EA,BF,FF,8F,20,00,10,
11027771,000000A8,false,Rx,0,8,56,AF,1E,D8,82,64,90,0D,
11027800,00000365,false,Rx,0,8,C1,C6,17,40,8F,02,AC,7A,
11027814,0000032A,false,Rx,0,8,3B,01,00,00,44,04,00,00,
11027827,00000086,false,Rx,0,8,6E,01,2D,20,00,00,00,00,
11027840,0000009F,false,Rx,0,8,65,31,1D,80,03,10,00,40,
11027853,0000011D,false,Rx,0,8,B9,01,00,C8,00,00,00,00,
11027866,000000B2,false,Rx,0,8,00,00,00,00,00,00,00,00,
11027879,00000101,false,Rx,0,8,C3,00,7E,F2,A1,10,40,00,
11037226,000000B2,false,Rx,0,8,00,00,00,00,00,00,00,00,
11037250,000000FD,false,Rx,0,8,0B,D0,1F,80,00,00,00,00,
11039904,00000104,false,Rx,0,8,13,30,A6,00,E6,00,02,31,
11039932,17F00072,true,Rx,0,8,00,00,00,00,00,00,00,00,
11039946,00000116,false,Rx,0,8,3B,00,08,26,78,9F,7C,FF,
11040129,00000126,false,Rx,0,8,84,31,00,00,03,FE,07,00,
11040142,000003E5,false,Rx,0,8,7B,11,00,00,00,00,00,00,
11040168,0000012E,false,Rx,0,8,72,EC,7F,00,FE,00,C0,FF,
11040181,000000A7,false,Rx,0,8,C7,91,A1,82,FD,29,A8,3E,
11040194,000000A8,false,Rx,0,8,AE,A1,1E,18,83,64,90,0D,
11050503,0000009F,false,Rx,0,8,AD,33,1D,80,03,10,00,40,
11050545,000000B2,false,Rx,0,8,00,00,00,00,00,00,00,00,
11050560,00000101,false,Rx,0,8,E6,01,7D,F2,A1,0D,40,00,
11050572,00000106,false,Rx,0,8,31,81,65,00,08,00,F0,10,
11050586,0000011E,false,Rx,0,8,B0,01,00,00,00,00,00,00,
11050599,000002B7,false,Rx,0,8,12,08,00,00,00,00,00,00,
11050612,00000117,false,Rx,0,8,75,0C,00,40,68,00,00,FF,
11050625,000000A7,false,Rx,0,8,53,92,A1,82,FD,29,B8,3E,
11056413,00000116,false,Rx,0,8,5F,01,08,26,78,9F,7C,FF,
11056434,0000030D,false,Rx,0,4,00,00,00,00,00,00,00,00,
11056447,0000012E,false,Rx,0,8,58,ED,7F,00,FE,00,C0,FF,
11056460,000000A7,false,Rx,0,8,D2,93,A1,82,FD,29,B8,3E,
11056474,000000A8,false,Rx,0,8,0A,B3,1E,58,83,64,94,0D,
11058338,0000011D,false,Rx,0,8,71,03,00,C8,00,00,00,00,
11058353,00000086,false,Rx,0,8,D1,05,2D,20,00,00,00,00,
11058366,0000009F,false,Rx,0,8,6F,35,1D,80,03,11,00,40,
11062407,000000B2,false,Rx,0,8,00,00,00,00,00,00,00,00,
11062434,00000101,false,Rx,0,8,30,02,7D,F2,A1,0A,40,00,
11075294,00000380,false,Rx,0,8,79,0E,40,00,00,00,00,FF,
11076571,000000AD,false,Rx,0,8,03,EF,BF,FF,8F,20,00,10,
11076587,00000117,false,Rx,0,8,11,0D,00,40,68,00,00,FF,
11076702,000000A7,false,Rx,0,8,D6,74,A1,82,FD,29,B8,3E,
11076715,000000A8,false,Rx,0,8,91,B4,1E,98,83,64,9C,0D,
11076728,00000365,false,Rx,0,8,C1,C6,17,40,8F,02,AC,7A,
11076741,00000120,false,Rx,0,8,32,02,00,00,01,04,FF,01,
11076755,00000121,false,Rx,0,8,F1,F2,41,A1,17,57,7E,FE,
11076767,0000032A,false,Rx,0,8,97,02,00,00,44,04,00,00,
11084983,00000381,false,Rx,0,8,FF,FF,FF,FF,FF,FF,FF,FF,
11084997,00000382,false,Rx,0,8,FF,FF,FF,FF,FF,FF,FF,FF,
11085230,000000B2,false,Rx,0,8,00,00,00,00,00,00,00,00,
11085243,000000FD,false,Rx,0,8,CE,D2,1F,80,00,00,00,00,
11085256,00000584,false,Rx,0,6,68,0A,00,00,00,00,00,00,
11085269,00000104,false,Rx,0,8,DB,32,A6,00,E6,00,02,31,
11092524,16A9540A,true,Rx,0,8,00,10,00,41,00,00,00,00,
11092549,00000116,false,Rx,0,8,F3,02,08,26,78,9F,7C,FF,
11092563,0000030B,false,Rx,0,8,10,08,02,00,08,00,00,00,
11092685,1B000010,true,Rx,0,8,10,00,04,05,09,00,00,00,
11092698,00000040,false,Rx,0,8,60,09,00,00,C1,00,00,00,
11092711,000005F0,false,Rx,0,8,64,E4,64,00,00,64,00,00,
11092724,00000520,false,Rx,0,8,62,0A,00,08,00,0A,00,00,
11092737,0000012E,false,Rx,0,8,82,EE,7F,00,FE,00,C0,FF,
11102697,00000117,false,Rx,0,8,BD,0E,00,40,68,00,00,FF,
11102723,000000A7,false,Rx,0,8,EA,B6,60,82,FD,25,98,3E,
11102736,000000A8,false,Rx,0,8,8C,96,DE,17,83,64,9C,0D,
11102840,0000011B,false,Rx,0,8,00,20,00,00,00,00,00,00,
11102853,00000120,false,Rx,0,8,E0,03,00,00,01,04,FF,01,
11102866,00000121,false,Rx,0,8,21,73,E0,A2,17,57,7E,FE,
11102879,0000009F,false,Rx,0,8,6F,38,1D,80,03,15,00,40,
11102892,00000086,false,Rx,0,8,5B,08,2D,20,00,00,00,00,
11111318,00000392,false,Rx,0,8,FD,20,00,00,00,00,00,04,
11113269,000002B7,false,Rx,0,8,7D,09,00,00,00,00,00,00,
11113284,0000012E,false,Rx,0,8,85,EF,7F,00,FE,00,C0,FF,
11113297,000000A7,false,Rx,0,8,A3,87,E0,82,FD,2D,98,3E,
11113310,000000A8,false,Rx,0,8,99,97,DE,17,83,64,9C,0D,
11117477,0000011D,false,Rx,0,8,06,05,00,C8,00,00,00,00,
11117513,00000086,false,Rx,0,8,3F,09,2D,20,00,00,00,00,
11117529,0000009F,false,Rx,0,8,4E,39,1D,80,03,17,00,40,
11117543,000000B2,false,Rx,0,8,00,00,00,00,00,00,00,00,
11117556,00000101,false,Rx,0,8,47,04,7D,F2,A1,0A,40,00,
11117569,00000106,false,Rx,0,8,EA,84,65,00,08,00,F0,10,
11117582,00000108,false,Rx,0,8,1D,1C,CF,25,54,FE,00,00,
11117608,0000011E,false,Rx,0,8,6B,04,00,00,00,00,00,00,
11127237,000000B2,false,Rx,0,8,00,00,00,00,00,00,00,00,
11127264,00000101,false,Rx,0,8,55,05,7D,F1,A1,0E,40,00,
11129840,00000106,false,Rx,0,8,8E,85,65,00,08,00,F0,10,
11129854,0000011E,false,Rx,0,8,0F,05,00,00,00,00,00,00,
11129867,0000030B,false,Rx,0,8,10,09,02,00,08,00,00,00,
11129880,00000040,false,Rx,0,8,CC,0A,00,00,C1,00,00,00,
11129893,00000117,false,Rx,0,8,9B,00,00,40,68,00,00,FF,
11129907,000000A7,false,Rx,0,8,F8,BA,60,82,FD,25,98,3E,
11129920,00000108,false,Rx,0,8,79,1D,CF,25,54,FE,00,00,
11129933,000000A8,false,Rx,0,8,96,9A,DE,17,83,64,9C,0D,
11138777,000000B2,false,Rx,0,8,00,00,00,00,00,00,00,00,
11138802,000000FD,false,Rx,0,8,B7,D5,1F,80,00,00,00,00,
11138929,00000104,false,Rx,0,8,77,35,A6,00,E6,00,02,4E,
11138942,00000116,false,Rx,0,8,E0,05,08,26,78,9F,7C,FF,
11138956,000003E5,false,Rx,0,8,A6,12,00,00,00,00,00,00,
11138969,0000012E,false,Rx,0,8,A2,E1,7F,00,FE,00,C0,FF,
11138982,000000A7,false,Rx,0,8,21,CB,60,83,FD,31,98,3E,
11138995,000000A8,false,Rx,0,8,FD,9B,FE,57,83,64,9C,0D,
11147833,000000B2,false,Rx,0,8,00,00,00,00,00,00,00,00,
11147856,00000101,false,Rx,0,8,F9,06,7D,F1,A1,0E,40,00,
11147870,00000106,false,Rx,0,8,22,86,65,00,08,00,F0,10,
11147883,0000011E,false,Rx,0,8,A3,06,00,00,00,00,00,00,
11147896,000002B7,false,Rx,0,8,73,0A,00,00,00,00,00,00,
11147910,00000380,false,Rx,0,8,1D,0F,40,00,00,00,00,FF,
11147923,00000117,false,Rx,0,8,FF,01,00,40,68,00,00,FF,
11147936,000000A7,false,Rx,0,8,B6,DC,60,83,FD,35,98,3E,
11157035,00000381,false,Rx,0,8,FF,FF,FF,FF,FF,FF,FF,0F,
11157060,00000382,false,Rx,0,8,FF,FF,FF,FF,FF,FF,FF,0F,
11157074,00000497,false,Rx,0,8,00,40,00,00,64,46,00,20,
11157087,000000B2,false,Rx,0,8,00,00,00,00,00,00,00,00,
11157100,000000FD,false,Rx,0,8,A5,D6,1F,80,00,00,00,00,
11157113,00000104,false,Rx,0,8,CF,36,A6,00,E6,00,02,4D,
11157126,00000108,false,Rx,0,8,D5,1E,CF,25,54,FE,00,00,
11157139,00000116,false,Rx,0,8,4C,06,08,26,78,9F,7C,FF,
11160827,0000011D,false,Rx,0,8,8C,08,00,C8,00,00,00,00,
11160842,00000086,false,Rx,0,8,48,0F,2D,20,00,00,00,00,
11160856,0000009F,false,Rx,0,8,06,3F,1D,80,03,12,00,40,
11160869,000000B2,false,Rx,0,8,00,00,00,00,00,00,00,00,
11160882,00000101,false,Rx,0,8,6D,07,7D,F1,A1,0D,40,00,
11160895,00000106,false,Rx,0,8,46,87,65,00,08,00,F0,10,
11174311,000000AD,false,Rx,0,8,70,E9,BF,FF,8F,20,00,10,
11175126,00000117,false,Rx,0,8,53,02,00,40,68,00,00,FF,
11175141,000000A7,false,Rx,0,8,0B,EE,60,83,FD,35,A8,3E,
11175155,000000A8,false,Rx,0,8,D2,AE,FE,57,83,64,C0,0D,
11175168,00000365,false,Rx,0,8,C1,C6,17,40,90,02,AC,7A,
11175181,00000120,false,Rx,0,8,59,07,00,00,01,04,FF,01,
11175194,00000121,false,Rx,0,8,D7,07,00,80,37,5F,7E,FE,
11175208,0000032A,false,Rx,0,8,E0,04,00,00,44,04,00,00,
11175221,00000086,false,Rx,0,8,0A,00,2D,20,00,00,00,00,
11182938,000006B8,false,Rx,0,8,A6,27,B4,70,26,6C,00,00,
11182954,00000040,false,Rx,0,8,A8,0B,00,00,C1,00,00,00,
11182968,0000012E,false,Rx,0,8,F2,E3,7F,00,FE,00,C0,FF,
11182981,000000A7,false,Rx,0,8,D5,EF,60,83,FD,35,A8,3E,
11182994,00000108,false,Rx,0,8,B1,1F,CF,25,54,FE,00,00,
11183007,000000A8,false,Rx,0,8,6A,AF,FE,97,83,64,C8,0D,
11183020,0000011D,false,Rx,0,8,E8,09,00,C8,00,00,00,00,
11183033,00000086,false,Rx,0,8,6E,01,2D,20,00,00,00,00,
11185026,000003EC,false,Rx,0,8,C1,00,00,00,00,08,01,00,
11185040,00000117,false,Rx,0,8,37,03,00,40,68,00,00,FF,
11186338,000000A7,false,Rx,0,8,EF,E0,A0,83,FE,35,A8,3E,
11200212,00000640,false,Rx,0,8,A0,51,4D,95,80,A0,59,01,
11200242,000000B2,false,Rx,0,8,00,00,00,00,00,00,00,00,
11200268,000000FD,false,Rx,0,8,58,D8,1F,80,00,00,00,00,
11200291,00000104,false,Rx,0,8,28,38,A6,00,E6,00,02,4A,
11206294,00000116,false,Rx,0,8,6A,08,08,26,78,9F,7C,FF,
11207519,00000392,false,Rx,0,8,99,21,00,00,00,00,00,04,
11207537,0000065F,false,Rx,0,8,2E,20,00,00,00,00,37,7A,
11207552,00000670,false,Rx,0,8,20,10,00,00,00,01,00,88,
11207684,000002B7,false,Rx,0,8,05,0B,00,00,00,00,00,00,
11207697,0000012E,false,Rx,0,8,D5,E4,7F,00,FE,00,C0,FF,
11207710,000000A7,false,Rx,0,8,2F,E1,E0,83,FE,39,B8,3E,
11207723,000000A8,false,Rx,0,8,F2,B1,1E,D8,83,64,DC,0D,
11207736,0000011D,false,Rx,0,8,44,0A,00,C8,00,00,00,00,
11217966,000000B1,false,Rx,0,8,44,24,00,00,00,00,00,00,
11218135,000000B2,false,Rx,0,8,00,00,00,00,00,00,00,00,
11218152,000000FD,false,Rx,0,8,6A,D9,1F,80,00,00,00,00,
11218165,00000104,false,Rx,0,8,58,39,A6,00,E6,00,02,49,
11218178,00000116,false,Rx,0,8,0E,09,08,26,78,9F,7C,FF,
11218191,000001A2,false,Rx,0,8,B6,08,10,00,E1,06,80,13,
11218204,0000031B,false,Rx,0,8,D7,03,00,00,00,38,15,00,
11218219,1B000013,true,Rx,0,8,13,00,04,01,01,00,00,00,
11227856,00000365,false,Rx,0,8,C1,C6,17,40,91,02,AC,7A,
11227889,0000032A,false,Rx,0,8,84,05,00,00,44,04,00,00,
11227903,00000086,false,Rx,0,8,D1,05,2D,20,00,00,00,00,
11227916,0000009F,false,Rx,0,8,9F,35,1D,80,03,12,00,40,
11227929,0000011D,false,Rx,0,8,20,0B,00,C8,00,00,00,00,
11227943,000000B2,false,Rx,0,8,00,00,00,00,00,00,00,00,
11227956,00000101,false,Rx,0,8,1F,0A,7E,F1,A1,06,40,00,
11227969,00000106,false,Rx,0,8,CC,8A,65,00,08,00,F0,10,
11237397,00000381,false,Rx,0,8,FF,FF,FF,FF,FF,FF,FF,1F,
11237425,00000382,false,Rx,0,8,FF,FF,FF,FF,FF,FF,FF,1F,
11237440,000000B2,false,Rx,0,8,00,00,00,00,00,00,00,00,
11237454,000000FD,false,Rx,0,8,26,DA,1F,80,00,00,00,00,
11237467,00000104,false,Rx,0,8,1D,3A,A6,00,E6,00,02,48,
11237480,00000116,false,Rx,0,8,A2,0A,08,26,78,9F,7C,FF,
11237493,000003E5,false,Rx,0,8,F2,13,00,00,00,00,00,00,
11237506,0000012E,false,Rx,0,8,7F,E6,7F,00,FE,00,C0,FF,
11247099,00000086,false,Rx,0,8,19,07,2D,20,00,00,00,00,
11247132,0000009F,false,Rx,0,8,E2,37,1D,80,03,13,00,40,
11247148,000000B2,false,Rx,0,8,00,00,00,00,00,00,00,00,
11247161,00000101,false,Rx,0,8,3E,0B,7E,F1,A1,04,40,00,
11247174,00000106,false,Rx,0,8,A8,8B,65,00,08,00,F0,10,
11247187,0000011E,false,Rx,0,8,29,0B,00,00,00,00,00,00,
11247200,000002B7,false,Rx,0,8,E6,0C,00,00,00,00,00,00,
11247213,00000117,false,Rx,0,8,EC,06,00,40,68,00,00,FF,
11256544,0000009F,false,Rx,0,8,A0,38,1D,80,03,13,00,40,
11256567,00000086,false,Rx,0,8,5B,08,2D,20,00,00,00,00,
11256702,00000497,false,Rx,0,8,00,40,00,00,64,46,00,20,
11256715,000000B2,false,Rx,0,8,00,00,00,00,00,00,00,00,
11256728,000000FD,false,Rx,0,8,09,DB,1F,80,00,00,00,00,
11256741,00000104,false,Rx,0,8,3D,3B,A6,00,E6,00,02,47,
11256754,00000108,false,Rx,0,8,3B,12,CF,25,54,FE,00,00,
11256767,00000116,false,Rx,0,8,C6,0B,08,26,78,9F,7C,FF,
11263645,0000011D,false,Rx,0,8,57,0D,00,C8,00,00,00,00,
11263667,00000086,false,Rx,0,8,3F,09,2D,20,00,00,00,00,
11263683,0000009F,false,Rx,0,8,71,39,1D,80,03,12,00,40,
11263696,000000B2,false,Rx,0,8,00,00,00,00,00,00,00,00,
11263709,00000101,false,Rx,0,8,98,0C,7E,F1,A1,05,40,00,
11263722,00000106,false,Rx,0,8,BB,8C,65,00,08,00,F0,10,
11263735,0000011E,false,Rx,0,8,3A,0C,00,00,00,00,00,00,
11263749,0000031B,false,Rx,0,8,CB,04,00,00,00,38,15,00,
11264835,000000AD,false,Rx,0,8,35,E3,BF,FF,8F,20,00,10,
11279100,00000086,false,Rx,0,8,93,0A,2D,20,00,00,00,00,
11279136,0000009F,false,Rx,0,8,2D,3A,1D,80,03,11,00,40,
11279150,000003C0,false,Rx,0,4,BB,06,03,00,00,00,00,00,
11279163,00000584,false,Rx,0,6,3C,0B,00,00,00,00,00,00,
11279175,000005F0,false,Rx,0,8,64,E4,64,00,00,64,00,00,
11279189,000000B2,false,Rx,0,8,00,00,00,00,00,00,00,00,
11279202,000000FD,false,Rx,0,8,90,DC,1F,80,00,00,00,00,
11279215,00000104,false,Rx,0,8,C7,3C,A6,00,E6,00,02,46,
11288499,000000A8,false,Rx,0,8,39,B9,1E,D8,84,64,44,0E,
11288520,0000011D,false,Rx,0,8,FB,0E,00,C8,00,00,00,00,
11288533,00000086,false,Rx,0,8,F7,0B,2D,20,00,00,00,00,
11288547,0000009F,false,Rx,0,8,49,3B,1D,80,03,11,00,40,
11288559,000000B2,false,Rx,0,8,00,00,00,00,00,00,00,00,
11288573,00000101,false,Rx,0,8,FC,0D,7E,F1,A1,05,40,00,
11288586,00000106,false,Rx,0,8,DF,8D,65,00,08,00,F0,10,
11288599,0000011E,false,Rx,0,8,5E,0D,00,00,00,00,00,00,
11299863,000000B2,false,Rx,0,8,00,00,00,00,00,00,00,00,
11300052,000000FD,false,Rx,0,8,19,DD,1F,80,00,00,00,00,
11300068,00000104,false,Rx,0,8,B7,3D,A6,00,E6,00,02,45,
11300081,00000116,false,Rx,0,8,B1,0D,08,26,78,9F,7C,FF,
11300094,00000392,false,Rx,0,8,35,22,00,00,00,00,00,04,
11300107,000002B7,false,Rx,0,8,D3,0D,00,00,00,00,00,00,
11300120,0000012E,false,Rx,0,8,79,E9,7F,00,FE,00,C0,FF,
11300146,000000A7,false,Rx,0,8,2E,EB,A0,84,FF,49,B8,3E,
11310649,00000101,false,Rx,0,8,A8,0E,7E,F2,A1,08,40,00,
11310675,00000106,false,Rx,0,8,73,8E,65,00,08,00,F0,10,
11310689,00000108,false,Rx,0,8,4C,14,CF,25,54,FE,00,00,
11310702,0000011E,false,Rx,0,8,F2,0E,00,00,00,00,00,00,
11310715,0000030D,false,Rx,0,4,00,00,00,00,00,00,00,00,
11310728,00000395,false,Rx,0,8,18,05,24,06,B3,3E,4B,1C,
11310741,00000380,false,Rx,0,8,3B,01,40,00,00,00,00,FF,
11310754,00000117,false,Rx,0,8,AE,09,00,40,68,00,00,FF,
11319500,0000031B,false,Rx,0,8,26,05,00,00,00,38,15,00,
11319522,000003C8,false,Rx,0,8,00,00,54,24,05,12,80,4D,
11319536,00000668,false,Rx,0,8,82,00,00,29,00,03,31,01,
11319624,000003DB,false,Rx,0,8,50,00,01,00,04,20,01,6E,
11319637,000000AD,false,Rx,0,8,74,E8,BF,FF,8F,20,00,10,
11319650,000000A7,false,Rx,0,8,B9,ED,60,84,00,46,B8,3E,
11319664,0000012E,false,Rx,0,8,25,EA,7F,00,FE,00,C0,FF,
11319677,000000A8,false,Rx,0,8,00,BD,1E,18,85,64,8C,0E,
11329654,000000B2,false,Rx,0,8,00,00,00,00,00,00,00,00,
11329683,00000101,false,Rx,0,8,85,0F,7E,F1,A1,09,40,00,
11329783,00000106,false,Rx,0,8,17,8F,65,00,08,00,F0,10,
11329796,0000011E,false,Rx,0,8,96,0F,00,00,00,00,00,00,
11329809,0000030B,false,Rx,0,8,10,0D,02,00,08,00,00,00,
11329822,00000040,false,Rx,0,8,73,0E,00,00,C1,00,00,00,
11329835,00000117,false,Rx,0,8,02,0A,00,40,68,00,00,FF,
11329848,00000108,false,Rx,0,8,28,15,CF,25,54,FE,00,00,
11339037,000000B2,false,Rx,0,8,00,00,00,00,00,00,00,00,
11339063,000000FD,false,Rx,0,8,71,DF,1F,80,00,00,00,00,
11339077,00000104,false,Rx,0,8,96,3F,A6,00,E6,00,02,44,
11339090,00000116,false,Rx,0,8,79,0F,08,26,78,9F,7C,FF,
11339103,000003E5,false,Rx,0,8,A3,14,00,00,00,00,00,00,
11339116,000006AE,false,Rx,0,4,00,00,10,00,00,00,00,00,
11339129,000006B2,false,Rx,0,8,71,9D,27,A1,A1,40,EF,27,
11339142,0000012E,false,Rx,0,8,D1,EB,7F,00,FE,00,C0,FF,
11348445,000000B2,false,Rx,0,8,00,00,00,00,00,00,00,00,
11348473,00000101,false,Rx,0,8,82,00,7E,F1,A1,0B,40,00,
11348489,00000106,false,Rx,0,8,55,80,65,00,08,00,F0,10,
11348502,0000011E,false,Rx,0,8,D4,00,00,00,00,00,00,00,
11348515,000002B7,false,Rx,0,8,57,0E,00,00,00,00,00,00,
11348528,00000117,false,Rx,0,8,66,0B,00,40,68,00,00,FF,
11348541,000000A7,false,Rx,0,8,C2,E0,E0,83,00,3E,B8,3E,
11348554,000000A8,false,Rx,0,8,B0,B0,1E,D8,84,64,BC,0E,
11358396,00000497,false,Rx,0,8,00,40,00,00,64,46,00,20,
11358424,000000B2,false,Rx,0,8,00,00,00,00,00,00,00,00,
11358438,000000FD,false,Rx,0,8,0B,D0,1F,80,00,00,00,00,
11358452,00000104,false,Rx,0,8,15,30,A6,00,E6,00,02,43,
11358465,00000108,false,Rx,0,8,84,16,CF,25,54,FE,00,00,
11358478,00000116,false,Rx,0,8,CC,00,08,26,78,DF,7C,FF,
11358491,0000030D,false,Rx,0,4,00,00,00,00,00,00,00,00,
11358504,0000012E,false,Rx,0,8,72,EC,7F,00,FE,00,C0,FF,
11364852,000000B2,false,Rx,0,8,00,00,00,00,00,00,00,00,
11364876,00000101,false,Rx,0,8,EA,01,7E,F2,A1,08,40,00,
11364890,00000106,false,Rx,0,8,31,81,65,00,08,00,F0,10,
11364902,0000011E,false,Rx,0,8,B0,01,00,00,00,00,00,00,
11364916,0000031B,false,Rx,0,8,46,06,00,00,00,38,15,00,
11364929,000000AD,false,Rx,0,8,88,ED,BF,FF,8F,20,00,10,
11365948,00000117,false,Rx,0,8,75,0C,00,40,68,00,00,FF,
11365962,000000A7,false,Rx,0,8,64,D2,A0,83,00,3A,B8,3E,
11365975,000000A8,false,Rx,0,8,D8,B2,1E,D8,84,64,CC,0E,
11378652,0000009F,false,Rx,0,8,FB,34,1D,80,03,12,00,40,
11378667,000003C0,false,Rx,0,4,0E,07,03,00,00,00,00,00,
11378680,000000B2,false,Rx,0,8,00,00,00,00,00,00,00,00,
11378693,000000FD,false,Rx,0,8,01,D1,1F,80,00,00,00,00,
11378707,00000104,false,Rx,0,8,98,31,A6,00,E6,00,02,42,
11378720,00000116,false,Rx,0,8,A8,01,08,26,78,DF,7C,FF,
11378733,0000030B,false,Rx,0,8,10,0E,02,00,08,00,00,00,
11378746,00000040,false,Rx,0,8,17,0F,00,00,C1,00,00,00,
11389430,000000B2,false,Rx,0,8,00,00,00,00,00,00,00,00,
11389469,00000101,false,Rx,0,8,EF,02,7E,F4,A1,02,40,00,
11389486,00000106,false,Rx,0,8,9D,82,65,00,08,00,F0,10,
11389499,0000011E,false,Rx,0,8,1C,02,00,00,00,00,00,00,
11389512,00000380,false,Rx,0,8,97,02,40,00,00,00,00,FF,
11389526,000003EC,false,Rx,0,8,C1,00,00,00,00,08,01,00,
11389539,00000117,false,Rx,0,8,11,0D,00,40,68,00,00,FF,
11389564,000000A7,false,Rx,0,8,45,D4,60,83,00,36,B8,3E,
11399849,000000B2,false,Rx,0,8,00,00,00,00,00,00,00,00,
11399884,000000FD,false,Rx,0,8,CE,D2,1F,80,00,00,00,00,
11399898,00000104,false,Rx,0,8,34,32,A6,00,E6,00,02,42,
11399911,00000116,false,Rx,0,8,04,02,08,26,78,DF,7C,FF,
11399924,00000392,false,Rx,0,8,51,23,00,00,00,00,00,04,
11399937,0000065D,false,Rx,0,8,83,33,2B,10,00,00,62,7A,
11399952,17F00013,true,Rx,0,8,20,13,00,00,00,00,00,80,
11399965,000002B7,false,Rx,0,8,FE,0F,00,00,00,00,00,00,
11410502,00000101,false,Rx,0,8,97,03,7E,F6,A1,00,00,00,
11410524,00000106,false,Rx,0,8,F9,83,65,00,08,00,F0,10,
11410538,00000108,false,Rx,0,8,A2,18,CF,25,54,FE,00,00,
11410552,0000011E,false,Rx,0,8,78,03,00,00,00,00,00,00,
11410565,000001AB,false,Rx,0,8,A0,0D,00,02,00,00,04,00,
11410577,0000030D,false,Rx,0,4,00,00,00,00,00,00,00,00,
11410590,0000064A,false,Rx,0,4,00,00,00,00,00,00,00,00,
11410618,1A555521,true,Rx,0,8,00,00,0A,00,00,00,00,00,
11420604,000003C8,false,Rx,0,8,00,00,54,24,05,12,80,4D,
11420637,00000104,false,Rx,0,8,44,33,A6,00,E6,00,02,41,
11420653,00000116,false,Rx,0,8,60,03,08,26,78,DF,7C,FF,
11420667,000001A2,false,Rx,0,8,A3,09,10,00,E1,06,80,13,
11420680,0000031B,false,Rx,0,8,A6,07,00,00,00,38,15,00,
11420694,1B000013,true,Rx,0,8,13,00,04,01,01,00,00,00,
11420707,000003DB,false,Rx,0,8,50,00,01,00,04,20,01,6E,
11420721,000000AD,false,Rx,0,8,B4,E2,BF,FF,8F,20,00,10,
11431699,0000030B,false,Rx,0,8,10,0F,02,00,08,00,00,00,
11431909,00000040,false,Rx,0,8,55,00,00,00,C1,00,00,00,
11431923,00000117,false,Rx,0,8,D9,0F,00,40,68,00,00,FF,
11431936,000000A7,false,Rx,0,8,2B,D8,60,83,FF,35,B8,3E,
11431949,00000108,false,Rx,0,8,E3,19,D0,25,54,FE,00,00,
11431962,000000A8,false,Rx,0,8,63,B8,1E,58,84,64,EC,0E,
11432035,00000396,false,Rx,0,8,3A,0F,00,11,00,00,00,00,
11432050,00000120,false,Rx,0,8,B6,04,00,00,01,04,FF,01,
11441039,000003E5,false,Rx,0,8,E2,15,00,00,00,00,00,00,
11441063,0000012E,false,Rx,0,8,AC,E0,7F,00,FE,00,C0,FF,
11441076,000000A7,false,Rx,0,8,68,D9,20,83,FF,31,B8,3E,
11441090,000000A8,false,Rx,0,8,B9,B9,1E,58,84,64,F0,0E,
11441103,0000011D,false,Rx,0,8,AA,06,00,C8,00,00,00,00,
11441116,00000086,false,Rx,0,8,F7,0B,2D,20,00,00,00,00,
11441129,0000009F,false,Rx,0,8,B9,3B,1D,80,03,12,00,40,
11441142,000000B2,false,Rx,0,8,00,00,00,00,00,00,00,00,
11450230,000002B7,false,Rx,0,8,DC,00,00,00,00,00,00,00,
11450252,00000117,false,Rx,0,8,9B,00,00,40,68,00,00,FF,
11450266,000000A7,false,Rx,0,8,6E,DA,20,83,FF,31,B8,3E,
11450279,000000A8,false,Rx,0,8,AB,BA,1E,18,84,64,F8,0E,
11450292,00000120,false,Rx,0,8,B4,05,00,00,01,04,FF,01,
11450306,00000121,false,Rx,0,8,C4,05,00,40,37,5F,7E,FE,
11450319,0000009F,false,Rx,0,8,AA,3C,1D,80,03,12,00,40,
11456543,00000086,false,Rx,0,8,E4,0C,2D,20,00,00,00,00,
11456557,00000497,false,Rx,0,8,00,40,00,00,64,46,00,20,
11456691,0000054B,false,Rx,0,8,00,00,00,00,00,00,00,24,
11456705,17F0000A,true,Rx,0,8,00,0A,00,00,00,00,00,80,
11456718,000000B2,false,Rx,0,8,00,00,00,00,00,00,00,00,
11456731,000000FD,false,Rx,0,8,B7,D5,1F,80,00,00,00,00,
11456745,00000108,false,Rx,0,8,6A,1A,CF,25,54,FE,00,00,
11456786,00000104,false,Rx,0,8,DA,35,A6,00,E6,00,02,40,
11464844,0000011D,false,Rx,0,8,CE,07,00,C8,00,00,00,00,
11464871,00000086,false,Rx,0,8,80,0D,2D,20,00,00,00,00,
11464885,0000009F,false,Rx,0,8,CE,3D,1D,80,03,12,00,40,
11464898,000000B2,false,Rx,0,8,00,00,00,00,00,00,00,00,
11464911,00000101,false,Rx,0,8,E7,06,7D,FF,A1,11,40,00,
11464924,00000106,false,Rx,0,8,22,86,65,00,08,00,F0,10,
11464937,0000011E,false,Rx,0,8,A3,06,00,00,00,00,00,00,
11464950,0000031B,false,Rx,0,8,11,08,00,00,00,39,15,00,
11467153,000000A7,false,Rx,0,8,1D,CC,20,83,FF,31,B8,3E,
11467168,000000A8,false,Rx,0,8,A2,BC,1E,18,84,64,08,0F,
11467181,00000365,false,Rx,0,8,C1,C6,18,40,8D,02,AC,7A,
11489195,00000121,false,Rx,0,8,90,07,00,40,37,5F,7E,FE,
11489220,0000009F,false,Rx,0,8,44,30,1D,80,03,12,00,40,
11499711,000002B7,false,Rx,0,8,8D,01,00,00,00,00,00,00,
11499739,0000012E,false,Rx,0,8,F2,E3,7F,00,FE,00,C0,FF,
11499753,000000A7,false,Rx,0,8,15,CF,20,83,FE,31,B8,3E,
11499766,000000A8,false,Rx,0,8,8C,BF,1E,18,84,64,08,0F,
11499779,0000011D,false,Rx,0,8,E8,09,00,C8,00,00,00,00,
11499792,00000086,false,Rx,0,8,6E,01,2D,20,00,00,00,00,
11499806,0000009F,false,Rx,0,8,20,31,1D,80,03,12,00,40,
11509035,000000B2,false,Rx,0,8,00,00,00,00,00,00,00,00,
11509060,00000101,false,Rx,0,8,1E,08,7D,02,A2,17,40,00,
11509192,00000106,false,Rx,0,8,8E,88,65,00,08,04,F0,10,
11509205,00000108,false,Rx,0,8,C1,1C,D0,24,55,FE,00,00,
11509219,0000011E,false,Rx,0,8,85,08,00,00,00,00,00,00,
11509231,0000030D,false,Rx,0,4,00,00,00,00,00,00,00,00,
11509244,00000395,false,Rx,0,8,18,09,24,06,B3,40,4D,1C,
11509258,00000117,false,Rx,0,8,37,03,00,40,68,00,00,FF,
11518527,00000121,false,Rx,0,8,53,08,00,40,37,5F,7E,FE,
11518672,0000009F,false,Rx,0,8,8C,32,1D,80,03,12,00,40,
11518685,00000086,false,Rx,0,8,C2,02,2D,20,00,00,00,00,
11518698,000000B1,false,Rx,0,8,85,27,00,00,00,00,00,00,
11518711,000000B2,false,Rx,0,8,00,00,00,00,00,00,00,00,
11518724,000000FD,false,Rx,0,8,58,D8,1F,80,00,00,00,00,
11518737,00000104,false,Rx,0,8,50,38,A6,00,E6,00,02,40,
11518750,00000116,false,Rx,0,8,6F,08,09,2A,88,DF,7C,0F,
11530153,000000B2,false,Rx,0,8,00,00,00,00,00,00,00,00,
11530178,00000101,false,Rx,0,8,6B,09,7D,03,A2,15,40,00,
11532801,00000106,false,Rx,0,8,EA,89,65,00,08,04,F0,10,
11532825,0000011E,false,Rx,0,8,E1,09,00,00,00,00,00,00,
11532838,0000030B,false,Rx,0,8,10,01,02,00,08,00,00,00,
11532851,00000040,false,Rx,0,8,9D,02,00,00,C1,00,00,00,
11532987,00000117,false,Rx,0,8,24,04,00,40,68,00,00,FF,
11533000,000000A7,false,Rx,0,8,20,C2,20,83,FE,31,B8,3E,
11533013,00000108,false,Rx,0,8,A5,1D,D0,24,55,FE,00,00,
11533026,000000A8,false,Rx,0,8,3F,B2,1E,D8,83,64,0C,0F,
11540652,000003E5,false,Rx,0,8,EB,16,00,00,00,00,00,00,
11540691,0000012E,false,Rx,0,8,35,E5,7F,00,FE,00,C0,FF,
11540704,000000A7,false,Rx,0,8,A1,C3,20,83,FE,31,B8,3E,
11540718,000000A8,false,Rx,0,8,E8,B3,1E,D8,83,64,08,0F,
11540732,1B000012,true,Rx,0,8,12,00,04,01,11,00,00,00,
11540745,0000011D,false,Rx,0,8,20,0B,00,C8,00,00,00,00,
11540758,00000086,false,Rx,0,8,D1,05,2D,20,00,00,00,00,
11540772,0000009F,false,Rx,0,8,9F,35,1D,80,03,12,00,40,
11550307,000002B7,false,Rx,0,8,55,02,00,00,00,00,00,00,
11552403,00000380,false,Rx,0,8,E0,04,40,00,00,00,00,FF,
11552416,00000117,false,Rx,0,8,40,05,00,40,68,00,00,FF,
11552429,000000A7,false,Rx,0,8,43,C4,20,83,FD,31,B8,3E,
11552443,000000A8,false,Rx,0,8,44,B4,1E,D8,83,64,08,0F,
11552456,00000120,false,Rx,0,8,8D,0A,00,00,01,04,FF,01,
11552469,00000121,false,Rx,0,8,8E,0A,00,80,37,5F,7E,FE,
11552482,0000009F,false,Rx,0,8,33,36,1D,80,03,12,00,40,
11562144,17330A10,true,Rx,0,8,32,9F,00,00,FF,FF,FF,FF,
11562304,0000012E,false,Rx,0,8,7F,E6,7F,00,FE,00,C0,FF,
11562320,000000A7,false,Rx,0,8,38,C5,20,83,FD,31,B8,3E,
11565581,000000A8,false,Rx,0,8,66,B5,1E,D8,83,64,04,0F,
11565595,000006B4,false,Rx,0,8,00,F2,F6,7B,AC,57,56,57,
11565608,0000011D,false,Rx,0,8,33,0C,00,C8,00,00,00,00,
11565621,00000086,false,Rx,0,8,19,07,2D,20,00,00,00,00,
11565634,0000009F,false,Rx,0,8,57,37,1D,80,03,12,00,40,
11565647,000000B2,false,Rx,0,8,00,00,00,00,00,00,00,00,
11565661,00000101,false,Rx,0,8,4F,0B,7E,05,A2,0F,40,00,
11565674,00000106,false,Rx,0,8,2C,8B,65,00,08,04,F1,10,
11570384,00000365,false,Rx,0,8,C1,C6,18,40,8D,02,AC,7A,
11570400,00000120,false,Rx,0,8,21,0B,00,00,01,04,FF,01,
11570413,00000121,false,Rx,0,8,25,0B,00,80,37,5F,7E,FE,
11570426,0000032A,false,Rx,0,8,B1,0C,00,00,44,04,00,00,
11570439,00000086,false,Rx,0,8,5B,08,2D,20,00,00,00,00,
11570452,0000009F,false,Rx,0,8,15,38,1D,80,03,12,00,40,
11570465,000003C0,false,Rx,0,4,FA,09,03,00,00,00,00,00,
11584512,00000585,false,Rx,0,8,09,3C,00,7F,14,00,00,00,
11584541,0000012E,false,Rx,0,8,6C,E7,7F,00,FE,00,C0,FF,
11584557,000000A7,false,Rx,0,8,22,C7,20,83,FD,31,B8,3E,
11584570,000000A8,false,Rx,0,8,D1,B7,1E,D8,83,64,F8,0E,
11584769,00000108,false,Rx,0,8,6D,1F,D0,24,55,FE,00,00,
11584796,0000011D,false,Rx,0,8,57,0D,00,C8,00,00,00,00,
11584810,00000086,false,Rx,0,8,3F,09,2D,20,00,00,00,00,
11584823,0000009F,false,Rx,0,8,71,39,1D,80,03,12,00,40,
11595562,000000A7,false,Rx,0,8,CD,D8,20,83,FD,31,B8,3E,
11595587,000000A8,false,Rx,0,8,BB,B8,1E,D8,83,64,F4,0E,
11595600,0000011B,false,Rx,0,8,00,20,00,00,00,00,00,00,
11595626,00000120,false,Rx,0,8,FB,0C,00,00,01,04,FF,01,
11595639,00000121,false,Rx,0,8,E0,0C,00,80,37,5F,7E,FE,
11595652,0000009F,false,Rx,0,8,DD,3A,1D,80,03,12,00,40,
11595665,00000086,false,Rx,0,8,93,0A,2D,20,00,00,00,00,
11595678,00000391,false,Rx,0,8,14,65,27,5E,00,28,00,22,
11605476,0000011D,false,Rx,0,8,FB,0E,00,C8,00,00,00,00,
11605620,00000086,false,Rx,0,8,F7,0B,2D,20,00,00,00,00,
11605634,0000009F,false,Rx,0,8,B9,3B,1D,80,03,12,00,40,
11605647,000000B2,false,Rx,0,8,00,00,00,00,00,00,00,00,
11605661,00000101,false,Rx,0,8,EE,0D,7E,07,A2,05,40,00,
11605673,00000106,false,Rx,0,8,5B,8D,65,00,08,04,F1,10,
11605687,00000108,false,Rx,0,8,2F,10,D0,24,55,FE,00,00,
11605714,0000011E,false,Rx,0,8,5E,0D,00,00,00,00,00,00,
11616308,00000120,false,Rx,0,8,4B,0D,00,00,01,04,FF,01,
11617484,00000121,false,Rx,0,8,F3,0D,00,80,37,5F,7E,FE,
11617500,0000009F,false,Rx,0,8,AA,3C,1D,80,03,12,00,40,
11617514,00000086,false,Rx,0,8,E4,0C,2D,20,00,00,00,00,
11617527,000000B1,false,Rx,0,8,30,28,00,00,00,00,00,00,
11617664,000000B2,false,Rx,0,8,00,00,00,00,00,00,00,00,
11617677,000000FD,false,Rx,0,8,19,DD,1F,80,00,00,00,00,
11617690,00000104,false,Rx,0,8,8B,3D,A6,00,E6,00,02,40,
11617704,00000116,false,Rx,0,8,55,0D,09,2A,98,1F,7D,0F,
11627814,0000032A,false,Rx,0,8,D5,0D,00,00,44,04,00,00,
11627828,00000086,false,Rx,0,8,80,0D,2D,20,00,00,00,00,
11627965,0000009F,false,Rx,0,8,CE,3D,1D,80,03,12,00,40,
11627978,0000011D,false,Rx,0,8,9F,0F,00,C8,00,00,00,00,
11627991,000000B2,false,Rx,0,8,00,00,00,00,00,00,00,00,
11628004,00000101,false,Rx,0,8,DE,0E,7E,09,A2,04,40,00,
11628017,00000106,false,Rx,0,8,F7,8E,65,00,08,04,F1,10,
11628048,0000011E,false,Rx,0,8,F2,0E,00,00,00,00,00,00,
11637407,00000381,false,Rx,0,8,FF,FF,FF,FF,FF,FF,FF,6F,
11637433,00000382,false,Rx,0,8,FF,FF,FF,FF,FF,FF,FF,6F,
11637448,000000B2,false,Rx,0,8,00,00,00,00,00,00,00,00,
11637461,000000FD,false,Rx,0,8,E6,DE,1F,80,00,00,00,00,
11637474,00000104,false,Rx,0,8,27,3E,A6,00,E6,00,02,40,
11637487,00000116,false,Rx,0,8,B5,0E,0A,2E,98,1F,7D,0F,
11637500,000003E5,false,Rx,0,8,F7,17,00,00,00,00,00,00,
11637513,0000012E,false,Rx,0,8,25,EA,7F,00,FE,00,C0,FF,
11646249,00000086,false,Rx,0,8,48,0F,2D,20,00,00,00,00,
11646278,0000009F,false,Rx,0,8,06,3F,1D,80,03,12,00,40,
11646294,000000B2,false,Rx,0,8,00,00,00,00,00,00,00,00,
11646307,00000101,false,Rx,0,8,C0,0F,7D,0A,A2,05,40,00,
11646320,00000106,false,Rx,0,8,93,8F,65,00,08,04,F1,10,
11651086,0000011E,false,Rx,0,8,96,0F,00,00,00,00,00,00,
11651100,000002B7,false,Rx,0,8,BC,04,00,00,00,00,00,00,
11651113,00000117,false,Rx,0,8,02,0A,00,40,68,00,00,FF,
11651126,000000A7,false,Rx,0,8,B1,DE,20,83,FD,31,B8,3E,
11651139,000000A8,false,Rx,0,8,33,BE,1E,D8,83,64,D0,0E,
11651152,00000120,false,Rx,0,8,F5,0F,00,00,01,04,FF,01,
11651177,00000121,false,Rx,0,8,D6,0F,00,80,37,5F,7E,FE,
11651190,0000009F,false,Rx,0,8,F1,30,1D,80,03,13,00,40,
11658606,00000116,false,Rx,0,8,D1,0F,0A,2E,98,1F,7D,0F,
11658628,0000030D,false,Rx,0,4,00,00,00,00,00,00,00,00,
11658642,0000012E,false,Rx,0,8,D1,EB,7F,00,FE,00,C0,FF,
11658775,000000A7,false,Rx,0,8,FC,DF,60,83,FD,35,B8,3E,
11658788,000000A8,false,Rx,0,8,64,BF,1E,D8,83,64,C4,0E,
11658802,0000011D,false,Rx,0,8,B9,01,00,C8,00,00,00,00,
11658815,00000086,false,Rx,0,8,6E,01,2D,20,00,00,00,00,
11658828,0000009F,false,Rx,0,8,95,31,1D,80,03,13,00,40,
11668320,000000B2,false,Rx,0,8,00,00,00,00,00,00,00,00,
11669051,00000101,false,Rx,0,8,D2,00,7D,0B,A2,08,40,00,
11669065,00000106,false,Rx,0,8,DF,80,65,00,08,04,F0,10,
11669079,0000011E,false,Rx,0,8,D4,00,00,00,00,00,00,00,
11669092,0000031B,false,Rx,0,8,CC,0C,00,00,00,3A,15,00,
11669105,000000AD,false,Rx,0,8,94,EB,BF,FF,8F,20,00,10,
11669118,00000117,false,Rx,0,8,66,0B,00,40,68,00,00,FF,
11669131,000000A7,false,Rx,0,8,35,D0,60,83,FD,35,B8,3E,
11669144,000000A8,false,Rx,0,8,82,B0,1E,D8,83,64,BC,0E,
11672291,00000584,false,Rx,0,6,EB,0D,00,00,00,00,00,00,
11672303,000005F0,false,Rx,0,8,64,E4,64,00,00,64,00,00,
11672316,000000B2,false,Rx,0,8,00,00,00,00,00,00,00,00,
11672337,000000FD,false,Rx,0,8,0B,D0,1F,80,00,00,00,00,
11672350,00000104,false,Rx,0,8,01,30,A6,00,E6,00,02,40,
11685238,00000520,false,Rx,0,8,71,0D,00,08,00,0A,00,00,
11685267,0000012E,false,Rx,0,8,72,EC,7F,00,FE,00,C0,FF,
11687131,000000A7,false,Rx,0,8,10,D1,60,83,FC,35,B8,3E,
11687152,00000108,false,Rx,0,8,83,13,D0,24,55,FE,00,00,
11687165,000000A8,false,Rx,0,8,88,B1,1E,D8,83,64,B4,0E,
11687178,0000011D,false,Rx,0,8,15,02,00,C8,00,00,00,00,
11687191,00000086,false,Rx,0,8,A6,03,2D,20,00,00,00,00,
11687204,0000009F,false,Rx,0,8,5D,33,1D,80,03,13,00,40,
11687218,000000B2,false,Rx,0,8,00,00,00,00,00,00,00,00,
11687231,00000101,false,Rx,0,8,BF,01,7D,0C,A2,0C,40,00,
11697510,00000117,false,Rx,0,8,75,0C,00,40,68,00,00,FF,
11697526,000000A7,false,Rx,0,8,FE,D2,A0,83,FC,39,B8,3E,
11697539,000000A8,false,Rx,0,8,CC,B2,1E,D8,83,64,A8,0E,
11697552,0000011B,false,Rx,0,8,00,20,00,00,00,00,00,00,
11697565,00000120,false,Rx,0,8,CA,01,00,00,01,04,FF,01,
11697592,00000121,false,Rx,0,8,74,01,00,80,37,5F,7E,FE,
11697605,0000009F,false,Rx,0,8,FB,34,1D,80,03,12,00,40,
11697618,00000086,false,Rx,0,8,B5,04,2D,20,00,00,00,00,
11711165,000000B2,false,Rx,0,8,00,00,3E,00,00,00,00,00,
11711197,00000101,false,Rx,0,8,4F,02,7D,0D,A2,16,40,00,
11711213,00000106,false,Rx,0,8,17,82,65,00,08,04,F0,10,
11715568,00000108,false,Rx,0,8,90,14,D0,24,55,FE,00,00,
11715601,0000011E,false,Rx,0,8,1C,02,00,00,00,00,00,00,
11715744,0000030D,false,Rx,0,4,00,00,00,00,00,00,00,00,
11715757,00000395,false,Rx,0,8,18,0D,24,06,B3,40,4D,1C,
11715771,00000380,false,Rx,0,8,28,06,40,00,00,00,00,FF,
11715783,00000117,false,Rx,0,8,11,0D,00,40,68,00,00,FF,
11715797,000000A7,false,Rx,0,8,45,D4,A0,83,FC,39,B8,3E,
11715810,000000A8,false,Rx,0,8,FF,B4,1E,D8,83,64,A0,0E,
11716085,0000012E,false,Rx,0,8,82,EE,7F,00,FE,00,C0,FF,
11725982,00000365,false,Rx,0,8,C1,C6,18,40,8F,02,AC,7A,
11725996,0000032A,false,Rx,0,8,1D,0F,00,00,44,04,00,00,
11726143,00000086,false,Rx,0,8,19,07,2D,20,00,00,00,00,
11726156,0000009F,false,Rx,0,8,57,37,1D,80,03,12,00,40,
11726169,0000011D,false,Rx,0,8,62,04,00,C8,00,00,00,00,
11726182,000000B2,false,Rx,0,8,52,00,3E,00,55,00,58,00,
11726195,00000101,false,Rx,0,8,A9,03,7D,0E,A2,1C,40,00,
11735964,00000120,false,Rx,0,8,E0,03,00,00,01,04,FF,01,
11736078,00000121,false,Rx,0,8,4E,03,00,40,37,5F,7E,FE,
11736091,0000009F,false,Rx,0,8,A0,38,1D,80,03,13,00,40,
11736104,00000086,false,Rx,0,8,5B,08,2D,20,00,00,00,00,
11736117,000000B2,false,Rx,0,8,52,00,3E,00,55,00,58,00,
11736130,000000FD,false,Rx,0,8,DB,D3,1F,80,42,00,00,00,
11736160,00000104,false,Rx,0,8,AD,33,A6,00,E6,00,02,40,
11736173,00000116,false,Rx,0,8,2A,03,0B,32,A8,5F,7D,0F,
11746079,000000A8,false,Rx,0,8,17,B7,1E,D8,83,64,8C,0E,
11746123,0000011D,false,Rx,0,8,06,05,00,C8,00,00,00,00,
11746137,00000086,false,Rx,0,8,3F,09,2D,20,00,00,00,00,
11746150,0000009F,false,Rx,0,8,C4,39,1D,80,03,13,00,40,
11746163,000000B2,false,Rx,0,8,52,00,3E,00,55,00,58,00,
11746177,00000101,false,Rx,0,8,94,04,7D,0F,A2,1B,40,00,
11746190,00000106,false,Rx,0,8,60,84,65,00,08,04,F0,10,
11746203,0000011E,false,Rx,0,8,64,04,00,00,00,00,30,00,
11754135,00000121,false,Rx,0,8,F3,04,00,40,37,5F,7E,FE,
11754158,0000009F,false,Rx,0,8,DD,3A,1D,80,03,12,00,40,
11754253,00000086,false,Rx,0,8,93,0A,2D,20,00,00,00,00,
11754267,00000497,false,Rx,0,8,00,40,00,00,64,46,00,20,
11754280,000000B2,false,Rx,0,8,52,00,3E,00,55,00,58,00,
11754293,000000FD,false,Rx,0,8,4D,D4,1F,80,42,00,00,00,
11754306,00000104,false,Rx,0,8,BE,34,A6,00,E6,00,02,40,
11754319,00000108,false,Rx,0,8,58,16,D0,24,55,FE,00,00,
11761473,00000116,false,Rx,0,8,39,04,0B,32,A8,5F,7D,0F,
11761486,0000030D,false,Rx,0,4,00,00,00,00,00,00,00,00,
11761623,0000012E,false,Rx,0,8,AC,E0,7F,00,FE,00,C0,FF,
11761636,000000A7,false,Rx,0,8,E3,E9,E0,83,FC,3D,B8,3E,
11761649,000000A8,false,Rx,0,8,71,B9,1E,18,84,64,74,0E,
11761662,000006B4,false,Rx,0,8,01,5A,5A,5A,41,55,5A,48,
11761675,0000011D,false,Rx,0,8,AA,06,00,C8,00,00,00,00,
11761748,00000086,false,Rx,0,8,F7,0B,2D,20,00,00,00,00,
11770226,000000AD,false,Rx,0,8,A2,E5,BF,FF,8F,20,00,10,
11770254,00000117,false,Rx,0,8,9B,00,00,40,68,00,00,FF,
11770268,000000A7,false,Rx,0,8,4D,EA,20,84,FC,3D,B8,3E,
11770292,000000A8,false,Rx,0,8,2E,BA,1E,18,84,64,74,0E,
11770305,00000365,false,Rx,0,8,C1,C6,18,40,8E,02,AC,7A,
11770319,00000120,false,Rx,0,8,B4,05,00,00,01,04,FF,01,
11773243,00000121,false,Rx,0,8,C4,05,00,40,37,5F,7E,FE,
11773256,0000032A,false,Rx,0,8,5F,00,00,00,44,04,00,00,
11773269,00000086,false,Rx,0,8,E4,0C,2D,20,00,00,00,00,
11773282,0000009F,false,Rx,0,8,AA,3C,1D,80,03,12,00,40,
11773295,000003C0,false,Rx,0,4,BF,0B,03,00,00,00,00,00,
11773308,000000B2,false,Rx,0,8,52,00,7D,00,55,00,58,00,
11773321,000000FD,false,Rx,0,8,D7,D5,1F,80,42,00,00,00,
11788625,0000011D,false,Rx,0,8,CE,07,00,C8,00,00,00,00,
11788659,00000086,false,Rx,0,8,80,0D,2D,20,00,00,00,00,
11788676,0000009F,false,Rx,0,8,CE,3D,1D,80,03,12,00,40,
11788689,000000B2,false,Rx,0,8,85,00,7D,00,8B,00,8B,00,
11788702,00000101,false,Rx,0,8,61,06,7E,11,A2,15,40,00,
11788715,00000106,false,Rx,0,8,A8,86,65,00,08,04,F0,10,
11788728,0000011E,false,Rx,0,8,B2,06,00,00,00,00,50,00,
11788741,00000380,false,Rx,0,8,4C,07,40,00,00,00,00,FF,
11799461,00000381,false,Rx,0,8,FF,FF,FF,FF,FF,FF,FF,8F,
11799490,00000382,false,Rx,0,8,FF,FF,FF,FF,FF,FF,FF,8F,
11799593,000000B2,false,Rx,0,8,85,00,7D,00,8B,00,8B,00,
11799606,000000FD,false,Rx,0,8,D6,D6,1F,80,68,00,00,00,
11799619,00000104,false,Rx,0,8,76,36,A6,00,E6,00,02,40,
11799632,00000116,false,Rx,0,8,F3,06,0C,36,B8,9F,7D,0F,
11799646,00000392,false,Rx,0,8,EE,27,00,00,00,00,00,04,
11799658,000002B7,false,Rx,0,8,C0,07,00,00,00,00,00,00,
11808163,000000B2,false,Rx,0,8,85,00,7D,00,8B,00,8B,00,
11808353,00000101,false,Rx,0,8,F9,07,7E,12,A2,15,40,00,
11808367,00000106,false,Rx,0,8,C2,87,65,00,08,04,F1,10,
11808380,00000108,false,Rx,0,8,7E,18,D0,24,55,FE,00,00,
11808393,0000011E,false,Rx,0,8,39,07,00,00,00,00,70,00,
11808406,000001AB,false,Rx,0,8,C6,00,00,00,00,00,04,00,
11808441,0000030D,false,Rx,0,4,00,00,00,00,00,00,00,00,
11808454,00000395,false,Rx,0,8,18,07,24,06,B3,40,4D,1C,
11821804,000000B1,false,Rx,0,8,42,2A,00,00,00,00,00,00,
11821964,000000B2,false,Rx,0,8,85,00,7D,00,8B,00,8B,00,
11821980,000000FD,false,Rx,0,8,EC,D7,1F,80,68,00,00,00,
11821993,00000104,false,Rx,0,8,12,37,A6,00,E6,00,02,40,
11822006,00000116,false,Rx,0,8,97,07,0C,36,B8,9F,7D,0F,
11822019,000001A2,false,Rx,0,8,B2,0B,10,00,E1,06,80,13,
11822032,0000031B,false,Rx,0,8,A6,0F,92,00,00,3C,15,00,
11822047,1B000013,true,Rx,0,8,13,00,04,01,09,00,00,00,
11832113,00000040,false,Rx,0,8,04,08,00,00,C1,00,00,00,
11832135,00000117,false,Rx,0,8,37,03,00,40,68,00,00,FF,
11832149,000000A7,false,Rx,0,8,BF,E0,60,84,FC,45,B8,3E,
11832162,00000108,false,Rx,0,8,1A,19,D0,24,55,FE,00,00,
11832175,000000A8,false,Rx,0,8,78,B0,1E,98,84,64,38,0E,
11832188,00000396,false,Rx,0,8,D4,03,00,11,00,00,00,00,
11832201,00000120,false,Rx,0,8,00,08,00,00,01,04,FF,01,
11832215,00000121,false,Rx,0,8,6E,08,00,00,37,5F,7E,FE,
11842173,000003E5,false,Rx,0,8,B7,19,00,00,00,00,00,00,
11842196,0000012E,false,Rx,0,8,D5,E4,7F,00,FE,00,C0,FF,
11844789,000000A7,false,Rx,0,8,AD,E1,A0,84,FC,49,B8,3E,
11844816,000000A8,false,Rx,0,8,4A,B1,1E,98,84,64,34,0E,
11844829,0000011D,false,Rx,0,8,44,0A,00,C8,00,00,00,00,
11844843,00000086,false,Rx,0,8,A6,03,2D,20,00,00,00,00,
11844883,0000009F,false,Rx,0,8,E8,33,1D,80,03,12,00,40,
11844897,17F00012,true,Rx,0,8,20,12,00,00,00,00,00,00,
11844910,000000B2,false,Rx,0,8,AC,00,A5,00,B0,00,B2,00,
11844923,00000101,false,Rx,0,8,04,09,7D,14,A2,10,40,00,
11852952,000000A7,false,Rx,0,8,D9,E2,A0,84,FC,49,B8,3E,
11852976,000000A8,false,Rx,0,8,36,B2,1E,98,84,64,2C,0E,
11852989,00000120,false,Rx,0,8,56,09,00,00,01,04,FF,01,
11853003,00000121,false,Rx,0,8,91,09,00,00,37,5F,7E,FE,
11853016,0000009F,false,Rx,0,8,FB,34,1D,80,03,12,00,40,
11853029,00000086,false,Rx,0,8,B5,04,2D,20,00,00,00,00,
11853042,00000497,false,Rx,0,8,00,40,00,00,64,46,00,20,
11853055,000000B2,false,Rx,0,8,AC,00,A5,00,B0,00,B2,00,
11863206,0000012E,false,Rx,0,8,35,E5,7F,00,FE,00,C0,FF,
11863232,000000A7,false,Rx,0,8,58,E3,A0,84,FC,49,B8,3E,
11863246,000000A8,false,Rx,0,8,A9,B3,1E,98,84,64,24,0E,
11863259,0000011D,false,Rx,0,8,20,0B,00,C8,00,00,00,00,
11863272,00000086,false,Rx,0,8,D1,05,2D,20,00,00,00,00,
11863285,0000009F,false,Rx,0,8,9F,35,1D,80,03,12,00,40,
11863298,000000B2,false,Rx,0,8,AC,00,A5,00,B0,00,B2,00,
11863311,00000101,false,Rx,0,8,49,0A,7D,15,A2,11,40,00,
11866716,00000106,false,Rx,0,8,DF,8A,6C,00,08,04,F0,10,
11866742,0000011E,false,Rx,0,8,6F,0A,00,00,00,00,A0,00,
11866756,0000031B,false,Rx,0,8,8E,00,BC,00,00,3D,15,00,
11866768,00000380,false,Rx,0,8,0E,08,40,00,00,00,00,FF,
11869963,0000032A,false,Rx,0,8,97,02,00,00,44,04,00,00,
11869990,00000086,false,Rx,0,8,7D,06,2D,20,00,00,00,00,
11875000,000000FD,false,Rx,0,8,4B,DA,1F,80,85,00,00,00,
11875023,00000104,false,Rx,0,8,98,3A,A6,00,E6,00,02,40,
11875037,00000116,false,Rx,0,8,EA,0A,0D,3A,C8,1F,7E,0F,
11875050,0000030B,false,Rx,0,8,10,08,02,00,08,00,04,00,
11875065,1B000010,true,Rx,0,8,10,00,04,05,09,00,00,00,
11895399,000000A7,false,Rx,0,8,BB,F6,E0,84,FC,4D,B8,3E,
11895431,000000A8,false,Rx,0,8,C5,B6,1E,D8,84,64,08,0E,
11895447,0000011B,false,Rx,0,8,00,20,00,00,00,00,00,00,
11895460,00000120,false,Rx,0,8,21,0B,00,00,01,04,FF,01,
11895473,00000121,false,Rx,0,8,B5,0B,00,C0,36,5F,7E,FE,
11895486,0000009F,false,Rx,0,8,15,38,1D,80,03,12,00,40,
11895499,00000086,false,Rx,0,8,5B,08,2D,20,00,00,00,00,
11895512,00000391,false,Rx,0,8,15,65,28,66,00,28,00,22,
11906393,0000011D,false,Rx,0,8,57,0D,00,C8,00,00,00,00,
11906558,00000086,false,Rx,0,8,3F,09,2D,20,00,00,00,00,
11906572,0000009F,false,Rx,0,8,71,39,1D,80,03,12,00,40,
11906585,000000B2,false,Rx,0,8,CC,00,C7,00,CF,00,CF,00,
11906598,00000101,false,Rx,0,8,F5,0C,7D,16,A2,0E,40,00,
11906611,00000106,false,Rx,0,8,5C,8C,6D,00,08,04,F0,10,
11906625,00000108,false,Rx,0,8,35,1C,D1,24,55,FE,00,00,
11906638,0000011E,false,Rx,0,8,06,0C,00,00,00,00,C0,00,
11917029,0000009F,false,Rx,0,8,DD,3A,1D,80,03,12,00,40,
11917054,00000086,false,Rx,0,8,93,0A,2D,20,00,00,00,00,
11917190,000000B1,false,Rx,0,8,C2,2B,00,00,00,00,00,00,
11917203,000000B2,false,Rx,0,8,CC,00,C7,00,CF,00,CF,00,
11917216,000000FD,false,Rx,0,8,72,DC,1F,80,9C,00,00,00,
11917230,00000104,false,Rx,0,8,EF,3C,A6,00,E6,00,02,40,
11917243,00000116,false,Rx,0,8,08,0C,0E,3E,D8,1F,7E,0F,
11917256,0000031B,false,Rx,0,8,2A,01,DC,00,00,3E,15,00,
11924958,000003DB,false,Rx,0,8,50,00,01,00,04,20,01,6E,
11924996,000000AD,false,Rx,0,8,97,E4,BF,FF,8F,20,00,10,
11925137,000000A7,false,Rx,0,8,87,E9,20,85,FB,51,B8,3E,
11925150,0000012E,false,Rx,0,8,05,E8,7F,00,FE,00,C0,FF,
11925164,000000A8,false,Rx,0,8,3D,B9,1E,18,85,64,F0,0D,
11925177,00000365,false,Rx,0,8,C1,C6,18,40,8F,02,AC,7A,
11925190,0000032A,false,Rx,0,8,F3,03,00,00,44,04,00,00,
11925203,00000086,false,Rx,0,8,F7,0B,2D,20,00,00,00,00,
11934575,00000117,false,Rx,0,8,CA,08,00,40,68,00,00,FF,
11934687,000000A7,false,Rx,0,8,81,EA,20,85,FB,51,B8,3E,
11934700,00000108,false,Rx,0,8,51,1D,D1,24,55,FE,00,00,
11934713,000000A8,false,Rx,0,8,BA,BA,1E,18,85,64,E4,0D,
11934726,00000396,false,Rx,0,8,C7,04,00,11,00,00,00,00,
11934739,00000120,false,Rx,0,8,4B,0D,00,00,01,04,FF,01,
11934752,00000121,false,Rx,0,8,63,0D,00,C0,36,5F,7E,FE,
11934765,0000009F,false,Rx,0,8,AA,3C,1D,80,03,12,00,40,
11944223,0000012E,false,Rx,0,8,79,E9,7F,00,FE,00,C0,FF,
11944248,000000A7,false,Rx,0,8,EF,EB,20,85,FB,51,B8,3E,
11944320,000000A8,false,Rx,0,8,77,BB,1E,18,85,64,E4,0D,
11948302,00000641,false,Rx,0,8,70,23,2B,58,14,14,E4,52,
11948317,1B000012,true,Rx,0,8,12,00,04,01,11,00,00,00,
11949852,0000011D,false,Rx,0,8,9F,0F,00,C8,00,00,00,00,
11949865,00000086,false,Rx,0,8,80,0D,2D,20,00,00,00,00,
11949878,0000009F,false,Rx,0,8,CE,3D,1D,80,03,12,00,40,
11949891,000000B2,false,Rx,0,8,EA,00,E5,00,E6,00,E8,00,
11949904,00000101,false,Rx,0,8,80,0E,7D,16,A2,15,40,00,
11949918,00000106,false,Rx,0,8,EB,8E,6D,04,08,04,F0,10,
11949930,0000011E,false,Rx,0,8,2E,0E,00,00,00,00,D0,00,
11949944,000001AB,false,Rx,0,8,89,01,00,02,00,00,04,00,
11959496,000000B2,false,Rx,0,8,EA,00,E5,00,E6,00,E8,00,
11959527,16A954C5,true,Rx,0,8,00,FF,00,00,00,00,00,00,
11959543,000000FD,false,Rx,0,8,ED,DE,1F,80,AD,00,00,00,
11959556,00000108,false,Rx,0,8,FD,1E,D1,24,55,FE,00,00,
11959569,00000104,false,Rx,0,8,27,3E,A6,00,E6,00,02,40,
11959582,17F0000A,true,Rx,0,8,00,0A,00,00,00,00,00,80,
11959596,00000116,false,Rx,0,8,61,0E,0F,42,E8,5F,7E,0F,
11959609,0000030D,false,Rx,0,4,00,00,00,00,00,00,00,00,
11968867,000000B2,false,Rx,0,8,EA,00,FE,00,E6,00,E8,00,
11968893,00000101,false,Rx,0,8,27,0F,7E,16,A2,16,40,00,
11968909,00000106,false,Rx,0,8,8F,8F,6D,04,08,04,F0,10,
11968922,0000011E,false,Rx,0,8,4A,0F,00,00,00,00,D0,00,
11968935,0000031B,false,Rx,0,8,0A,02,F4,00,00,3F,15,00,
11968948,000000AD,false,Rx,0,8,70,E9,BF,FF,8F,20,00,10,
11968962,00000117,false,Rx,0,8,02,0A,00,40,68,00,00,FF,
11968975,000000A7,false,Rx,0,8,D0,DE,20,85,FC,51,B8,3E,
11976820,000000B2,false,Rx,0,8,02,01,FE,00,FE,00,FF,00,
11976844,000000FD,false,Rx,0,8,D6,DF,1F,80,BF,00,00,00,
11976858,00000104,false,Rx,0,8,D7,3F,A6,00,E6,00,02,00,
11976872,00000116,false,Rx,0,8,B0,0F,10,46,F8,9F,7E,0F,
11976885,0000030B,false,Rx,0,8,10,0A,02,00,08,00,06,00,
11976899,17330710,true,Rx,0,3,31,C4,0A,00,00,00,00,00,
11976912,00000040,false,Rx,0,8,A8,0B,00,00,C1,00,00,00,
11976925,0000012E,false,Rx,0,8,D1,EB,7F,00,FE,00,C0,FF,
11979936,0000011D,false,Rx,0,8,B9,01,00,C8,00,00,00,00,
11979958,00000086,false,Rx,0,8,6E,01,2D,20,00,00,00,00,
11979971,0000009F,false,Rx,0,8,20,31,1D,80,03,12,00,40,
11980339,000000B2,false,Rx,0,8,02,01,FE,00,FE,00,FF,00,
11992799,000003EC,false,Rx,0,8,C1,00,00,00,00,08,01,00,
11992830,00000117,false,Rx,0,8,66,0B,00,40,68,00,00,FF,
11992846,000000A7,false,Rx,0,8,C7,D0,20,85,FC,51,B8,3E,
11992859,000000A8,false,Rx,0,8,12,B0,1E,98,85,64,D8,0D,
11992872,0000011B,false,Rx,0,8,00,20,00,00,00,00,00,00,
11992885,00000120,false,Rx,0,8,3F,00,00,00,01,04,FF,01,
11992898,00000121,false,Rx,0,8,B5,00,00,80,36,5F,7E,FE,
11992911,0000009F,false,Rx,0,8,8C,32,1D,80,03,12,00,40,
12003386,000002B7,false,Rx,0,8,05,0B,00,00,00,00,00,00,
12003411,0000012E,false,Rx,0,8,72,EC,7F,00,FE,00,C0,FF,
12003425,000000A7,false,Rx,0,8,4F,D1,20,85,FC,51,B8,3E,
12003438,000000A8,false,Rx,0,8,18,B1,1E,98,85,64,D0,0D,
12003451,0000011D,false,Rx,0,8,15,02,00,C8,00,00,00,00,
12003464,00000086,false,Rx,0,8,A6,03,2D,20,00,00,00,00,
12003477,0000009F,false,Rx,0,8,E8,33,1D,80,03,12,00,40,
12003490,000000B2,false,Rx,0,8,17,01,13,01,FE,00,FF,00,
12013411,00000117,false,Rx,0,8,75,0C,00,40,68,00,00,FF,
12013436,000000A7,false,Rx,0,8,3B,D2,20,85,FC,51,B8,3E,
12013450,000000A8,false,Rx,0,8,F4,B2,1E,98,85,64,D0,0D,
12013463,00000120,false,Rx,0,8,CA,01,00,00,01,04,FF,01,
12013476,00000121,false,Rx,0,8,D9,01,00,80,36,5F,7E,FE,
12013489,0000009F,false,Rx,0,8,FB,34,1D,80,03,12,00,40,
12013502,00000086,false,Rx,0,8,B5,04,2D,20,00,00,00,00,
12013515,000000B1,false,Rx,0,8,E0,2C,00,00,00,00,00,00,
12023728,000003DB,false,Rx,0,8,50,00,01,00,04,20,01,6E,
12023753,000000AD,false,Rx,0,8,52,EE,BF,FF,8F,20,00,10,
12023767,000000A7,false,Rx,0,8,BA,D3,20,85,FC,51,B8,3E,
12023780,0000012E,false,Rx,0,8,58,ED,7F,00,FE,00,C0,FF,
12023793,000000A8,false,Rx,0,8,B3,B3,1E,98,85,64,CC,0D,
12023806,00000365,false,Rx,0,8,C1,C6,18,40,8F,02,AC,7A,
12023820,0000032A,false,Rx,0,8,84,05,00,00,44,04,00,00,
12023833,00000086,false,Rx,0,8,D1,05,2D,20,00,00,00,00,
12033938,00000380,false,Rx,0,8,C6,0A,40,00,00,00,00,FF,
12033963,00000117,false,Rx,0,8,11,0D,00,40,68,00,00,FF,
12033977,000000A7,false,Rx,0,8,80,D4,20,85,FC,51,B8,3E,
12033990,00000108,false,Rx,0,8,BF,11,D1,24,55,FE,00,00,
12034003,000000A8,false,Rx,0,8,27,B4,1E,98,85,64,C8,0D,
12034016,00000396,false,Rx,0,8,A3,05,00,11,00,00,00,00,
12034029,00000120,false,Rx,0,8,32,02,00,00,01,04,FF,01,
12034042,00000121,false,Rx,0,8,56,02,00,80,36,5F,7E,FE,
12045514,0000012E,false,Rx,0,8,82,EE,7F,00,FE,00,C0,FF,
12045542,000000A7,false,Rx,0,8,FB,D5,20,85,FC,51,B8,3E,
12045682,000000A8,false,Rx,0,8,05,B5,1E,98,85,64,C4,0D,
12045695,0000011D,false,Rx,0,8,62,04,00,C8,00,00,00,00,
12045708,00000086,false,Rx,0,8,19,07,2D,20,00,00,00,00,
12045721,0000009F,false,Rx,0,8,57,37,1D,80,03,12,00,40,
12045735,000000B2,false,Rx,0,8,26,01,28,01,23,01,15,01,
12045748,00000101,false,Rx,0,8,16,03,7E,13,A2,18,40,00,
12056778,00000120,false,Rx,0,8,E0,03,00,00,01,04,FF,01,
12056806,00000121,false,Rx,0,8,A4,03,00,80,36,5F,7E,FE,
12056822,0000009F,false,Rx,0,8,15,38,1D,80,03,12,00,40,
12056835,00000086,false,Rx,0,8,5B,08,2D,20,00,00,00,00,
12056848,00000497,false,Rx,0,8,00,40,00,00,64,46,00,20,
12056861,000000B2,false,Rx,0,8,26,01,28,01,23,01,28,01,
12056874,000000FD,false,Rx,0,8,4C,D3,1F,80,DC,00,00,00,
12056887,00000108,false,Rx,0,8,13,12,D1,24,55,FE,00,00,
12065726,0000011D,false,Rx,0,8,06,05,00,C8,00,00,00,00,
12065759,00000086,false,Rx,0,8,3F,09,2D,20,00,00,00,00,
12065775,0000009F,false,Rx,0,8,71,39,1D,80,03,12,00,40,
12065788,000000B2,false,Rx,0,8,26,01,28,01,23,01,28,01,
12065801,00000101,false,Rx,0,8,AD,04,7E,11,A2,18,40,00,
12065814,00000106,false,Rx,0,8,7B,84,74,04,08,04,F0,30,
12065828,0000011E,false,Rx,0,8,62,04,00,00,00,00,10,01,
12065841,0000031B,false,Rx,0,8,A0,04,38,01,00,42,15,00,
12074192,00000365,false,Rx,0,8,C1,C6,18,40,8E,02,AC,7A,
12074217,00000120,false,Rx,0,8,B6,04,00,00,01,04,FF,01,
12074232,00000121,false,Rx,0,8,19,04,00,80,36,5F,7E,FE,
12074245,0000032A,false,Rx,0,8,28,06,00,00,44,04,00,00,
12074258,00000086,false,Rx,0,8,93,0A,2D,20,00,00,00,00,
12074271,0000009F,false,Rx,0,8,DD,3A,1D,80,03,12,00,40,
12074284,00000366,false,Rx,0,8,00,00,00,00,80,03,00,00,
12074297,000003C0,false,Rx,0,4,80,0E,03,00,00,00,00,00,
12080296,00000584,false,Rx,0,6,43,0F,00,00,00,00,00,00,
12080810,000000FD,false,Rx,0,8,DA,D4,1F,80,DC,00,00,00,
12080825,00000104,false,Rx,0,8,2A,34,A6,00,E6,00,02,00,
12080840,16A9540A,true,Rx,0,8,00,10,00,41,00,00,00,00,
12080853,00000116,false,Rx,0,8,71,04,12,4E,28,60,7F,0F,
12080866,0000030B,false,Rx,0,8,10,0C,02,00,08,00,07,00,
12080880,000005F0,false,Rx,0,8,64,E4,64,00,00,64,00,00,
12080893,1B000010,true,Rx,0,8,10,00,04,05,09,00,00,00,
12080906,00000040,false,Rx,0,8,DF,0D,00,00,C1,00,00,00,
12095081,00000117,false,Rx,0,8,9B,00,00,40,68,00,00,FF,
12097037,000000A7,false,Rx,0,8,75,CA,20,85,FD,51,B8,3E,
12097058,000000A8,false,Rx,0,8,68,BA,1E,58,85,64,C4,0D,
12097072,0000011B,false,Rx,0,8,00,20,00,00,00,00,00,00,
12097085,00000120,false,Rx,0,8,B4,05,00,00,01,04,FF,01,
12097098,00000121,false,Rx,0,8,2E,05,00,80,36,5F,7E,FE,
12097111,0000009F,false,Rx,0,8,AA,3C,1D,80,03,12,00,40,
12097124,00000086,false,Rx,0,8,E4,0C,2D,20,00,00,00,00,
12097137,00000391,false,Rx,0,8,17,65,27,6D,00,28,00,22,
12105488,000000FD,false,Rx,0,8,8A,D5,1F,80,E6,00,00,00,
12105601,00000104,false,Rx,0,8,4E,35,A6,00,E6,00,02,00,
12105615,00000116,false,Rx,0,8,B3,05,13,52,28,60,7F,0F,
12105628,00000392,false,Rx,0,8,64,2A,00,00,00,00,00,04,
12105641,000002B7,false,Rx,0,8,D3,0D,00,00,00,00,00,00,
12105654,0000012E,false,Rx,0,8,A2,E1,7F,00,FE,00,C0,FF,
12105682,000000A7,false,Rx,0,8,1B,CB,20,85,FD,51,B8,3E,
12105695,000000A8,false,Rx,0,8,A5,BB,1E,58,85,64,C4,0D,
12114752,00000380,false,Rx,0,8,A2,0B,40,00,00,00,00,FF,
12114897,00000117,false,Rx,0,8,FF,01,00,40,68,00,00,FF,
12114913,000000A7,false,Rx,0,8,1C,CC,E0,84,FD,4D,B8,3E,
12114937,000000A8,false,Rx,0,8,F3,BC,1E,58,85,64,C8,0D,
12114950,00000120,false,Rx,0,8,5B,06,00,00,01,04,FF,01,
12114975,00000121,false,Rx,0,8,29,06,00,80,36,5F,7E,FE,
12114989,0000009F,false,Rx,0,8,62,3E,1D,80,03,12,00,40,
12115002,00000086,false,Rx,0,8,2C,0E,2D,20,00,00,00,00,
12121570,0000012E,false,Rx,0,8,6B,E2,7F,00,FE,00,C0,FF,
12121590,000000A7,false,Rx,0,8,93,CD,20,85,FD,4D,B8,3E,
12121604,000000A8,false,Rx,0,8,E0,BD,1E,58,85,64,C8,0D,
12121617,00000365,false,Rx,0,8,C1,C6,18,40,90,02,AC,7A,
12121630,0000032A,false,Rx,0,8,4C,07,00,00,44,04,00,00,
12121643,00000086,false,Rx,0,8,48,0F,2D,20,00,00,00,00,
12121656,0000009F,false,Rx,0,8,06,3F,1D,80,03,12,00,40,
12121670,0000011D,false,Rx,0,8,8C,08,00,C8,00,00,00,00,
12122924,00000040,false,Rx,0,8,73,0E,00,00,C1,00,00,00,
12144642,000003E5,false,Rx,0,8,57,1C,00,00,00,00,00,00,
12144673,0000012E,false,Rx,0,8,F2,E3,7F,00,FE,00,C0,FF,
12144687,000000A7,false,Rx,0,8,01,CF,20,85,FD,51,B8,3E,
12144700,000000A8,false,Rx,0,8,75,BF,1E,58,85,64,D4,0D,
12144715,1B000012,true,Rx,0,8,12,00,04,01,11,00,00,00,
12144728,0000011D,false,Rx,0,8,E8,09,00,C8,00,00,00,00,
12144741,00000086,false,Rx,0,8,6E,01,2D,20,00,00,00,00,
12144754,0000009F,false,Rx,0,8,20,31,1D,80,03,12,00,40,
12154100,00000117,false,Rx,0,8,37,03,00,40,68,00,00,FF,
12154126,000000A7,false,Rx,0,8,C8,C0,20,85,FD,51,B8,3E,
12154140,000000A8,false,Rx,0,8,1D,B0,1E,58,85,64,D4,0D,
12154153,00000120,false,Rx,0,8,00,08,00,00,01,04,FF,01,
12154166,00000121,false,Rx,0,8,B9,08,00,80,36,5F,7E,FE,
12154179,0000009F,false,Rx,0,8,7C,32,1D,80,03,11,00,40,
12154192,00000086,false,Rx,0,8,C2,02,2D,20,00,00,00,00,
12154206,00000497,false,Rx,0,8,00,40,00,00,64,46,00,20,
12161571,0000012E,false,Rx,0,8,D5,E4,7F,00,FE,00,C0,FF,
12161601,000000A7,false,Rx,0,8,40,C1,20,85,FD,51,B8,3E,
12161620,000000A8,false,Rx,0,8,67,B1,1E,58,85,64,D4,0D,
12161633,000006B4,false,Rx,0,8,02,57,33,37,32,32,38,33,
12161646,0000011D,false,Rx,0,8,44,0A,00,C8,00,00,00,00,
12167448,00000086,false,Rx,0,8,A6,03,2D,20,00,00,00,00,
12167461,0000009F,false,Rx,0,8,9A,33,1D,80,03,0F,00,40,
12167474,000000B2,false,Rx,0,8,45,01,42,01,3D,01,40,01,
12167487,00000101,false,Rx,0,8,EC,09,7D,04,A2,18,40,00,
12167501,00000106,false,Rx,0,8,68,89,7D,04,08,04,F0,30,
12167514,0000011E,false,Rx,0,8,07,09,00,00,00,00,30,01,
12167527,0000031B,false,Rx,0,8,7F,06,52,01,00,45,15,00,
12178293,0000009F,false,Rx,0,8,89,34,1D,80,03,0F,00,40,
12178318,000003C0,false,Rx,0,4,35,0F,03,00,00,00,00,00,
12180061,000000B2,false,Rx,0,8,4D,01,4A,01,3D,01,40,01,
12180075,000000FD,false,Rx,0,8,01,D9,1F,80,EF,00,00,00,
12180088,00000104,false,Rx,0,8,A0,39,A6,00,E6,00,02,00,
12180102,00000116,false,Rx,0,8,0A,09,15,5A,58,20,80,0F,
12180115,0000030B,false,Rx,0,8,10,0E,02,00,08,00,08,00,
12180128,000006B7,false,Rx,0,8,9D,27,A1,73,06,18,00,6E,
12180141,000006B8,false,Rx,0,8,A6,27,B4,70,26,6C,00,00,
12180154,00000040,false,Rx,0,8,17,0F,00,00,C1,00,00,00,
12180321,0000009F,false,Rx,0,8,ED,35,1D,80,03,0F,00,40,
12183777,000000B2,false,Rx,0,8,4D,01,4A,01,42,01,42,01,
12183790,00000101,false,Rx,0,8,11,0A,7D,01,A2,1F,40,00,
12183803,00000106,false,Rx,0,8,96,8A,80,04,08,04,F0,30,
12183817,0000011E,false,Rx,0,8,AB,0A,00,00,00,00,30,01,
12185339,00000380,false,Rx,0,8,B1,0C,40,00,00,00,00,FF,
12198969,00000121,false,Rx,0,8,31,0A,20,A0,36,5F,7E,FE,
12199004,0000009F,false,Rx,0,8,41,36,1D,80,03,0F,00,40,
12199020,00000086,false,Rx,0,8,7D,06,2D,20,00,00,00,00,
12199034,00000391,false,Rx,0,8,17,65,28,6D,00,28,00,22,
12199047,000003BE,false,Rx,0,8,67,1D,E6,51,88,80,00,80,
12199060,00000640,false,Rx,0,8,A0,51,4E,96,7F,A0,59,01,
12199073,00000381,false,Rx,0,8,FF,FF,FF,FF,FF,FF,FF,DF,
12199086,00000382,false,Rx,0,8,FF,FF,FF,FF,FF,FF,FF,DF,
12202997,000000B2,false,Rx,0,8,4D,01,4D,01,42,01,42,01,
12203012,00000101,false,Rx,0,8,DC,0B,7D,FF,A1,1D,40,00,
12203025,00000106,false,Rx,0,8,C1,8B,83,04,08,04,F0,30,
12203038,00000108,false,Rx,0,8,8A,18,D1,24,55,FE,00,00,
12203051,0000011E,false,Rx,0,8,CF,0B,00,00,00,00,30,01,
12203064,000001AB,false,Rx,0,8,44,04,00,02,00,00,05,00,
12216104,00000117,false,Rx,0,8,EC,06,00,40,68,00,00,FF,
12216143,000000A7,false,Rx,0,8,DF,C6,E0,84,FD,4D,B8,3E,
12216160,000000A8,false,Rx,0,8,72,B6,1E,58,85,64,C4,0D,
12216173,00000120,false,Rx,0,8,21,0B,00,00,01,04,FF,01,
12216186,00000121,false,Rx,0,8,88,0B,00,80,36,5F,7E,FE,
12216199,0000009F,false,Rx,0,8,D2,38,1D,80,03,0E,00,40,
12216212,00000086,false,Rx,0,8,5B,08,2D,20,00,00,00,00,
12216225,000000B1,false,Rx,0,8,71,2E,00,00,00,00,00,00,
12226285,000003C8,false,Rx,0,8,00,00,54,24,04,12,80,4D,
12227448,000003DB,false,Rx,0,8,50,00,01,00,04,20,01,6E,
12227466,000000AD,false,Rx,0,8,B4,E2,BF,FF,8F,20,00,10,
12227480,000000A7,false,Rx,0,8,56,C7,E0,84,FD,4D,B8,3E,
12227493,0000012E,false,Rx,0,8,6C,E7,7F,00,FE,00,C0,FF,
12227624,000000A8,false,Rx,0,8,68,B7,1E,98,85,64,C8,0D,
12227637,00000365,false,Rx,0,8,C1,C6,18,40,8F,02,AC,7A,
12227650,0000032A,false,Rx,0,8,6A,09,00,00,44,04,00,00,
12227663,00000086,false,Rx,0,8,3F,09,2D,20,00,00,00,00,
12237914,000000B2,false,Rx,0,8,50,01,4D,01,3C,01,3C,01,
12237938,000000FD,false,Rx,0,8,8E,DC,1F,80,ED,00,00,00,
12238073,00000104,false,Rx,0,8,7B,3C,A6,00,E6,00,02,00,
12238086,00000116,false,Rx,0,8,37,0C,17,62,68,A0,80,0F,
12238099,000003E5,false,Rx,0,8,63,1D,00,00,00,00,00,00,
12238112,0000012E,false,Rx,0,8,05,E8,7F,00,FE,00,C0,FF,
12238125,000000A7,false,Rx,0,8,CB,C9,E0,84,FD,4D,B8,3E,
12238138,000000A8,false,Rx,0,8,70,B9,1E,98,85,64,C4,0D,
12248035,000000B2,false,Rx,0,8,4E,01,4D,01,3C,01,3C,01,
12248060,00000101,false,Rx,0,8,E3,0D,7C,F8,A1,18,40,00,
12248075,00000106,false,Rx,0,8,B6,8D,83,04,08,04,F0,30,
12248088,0000011E,false,Rx,0,8,B8,0D,00,00,00,00,30,01,
12248101,000002B7,false,Rx,0,8,DC,00,00,00,00,00,00,00,
12248114,00000117,false,Rx,0,8,CA,08,00,40,68,00,00,FF,
12248127,000000A7,false,Rx,0,8,D2,BA,E0,84,FD,4D,B8,3E,
12248140,000000A8,false,Rx,0,8,2F,BA,1E,98,85,64,C4,0D,
12256807,00000497,false,Rx,0,8,00,40,00,00,64,46,00,20,
12256821,000000B2,false,Rx,0,8,4E,01,4D,01,3C,01,3C,01,
12256834,000000FD,false,Rx,0,8,07,DD,1F,80,ED,00,00,00,
12256848,00000104,false,Rx,0,8,1F,3D,A6,00,E6,00,02,00,
12256861,00000108,false,Rx,0,8,42,1A,D1,24,55,FE,00,00,
12256874,00000116,false,Rx,0,8,0A,0D,18,66,78,A0,80,0F,
12256887,0000030D,false,Rx,0,4,00,00,00,00,00,00,00,00,
12256900,0000012E,false,Rx,0,8,79,E9,7F,00,FE,00,C0,FF,
12266310,0000011D,false,Rx,0,8,9F,0F,00,C8,00,00,00,00,
12267116,00000086,false,Rx,0,8,80,0D,2D,20,00,00,00,00,
12267131,0000009F,false,Rx,0,8,09,3D,1D,80,03,0E,00,40,
12267145,000000B2,false,Rx,0,8,4E,01,4D,01,3C,01,3C,01,
12267158,00000101,false,Rx,0,8,44,0E,7D,F4,A1,12,40,00,
12267171,00000106,false,Rx,0,8,1A,8E,83,04,08,04,F0,30,
12267185,0000011E,false,Rx,0,8,14,0E,00,00,00,00,30,01,
12267198,0000031B,false,Rx,0,8,5E,08,50,01,00,48,15,00,
12267211,00000380,false,Rx,0,8,D5,0D,40,00,00,00,00,FF,
12279230,0000032A,false,Rx,0,8,C6,0A,00,00,44,04,00,00,
12279255,00000086,false,Rx,0,8,2C,0E,2D,20,00,00,00,00,
12281820,0000009F,false,Rx,0,8,10,3E,1D,80,03,0F,00,40,
12281842,000003C0,false,Rx,0,4,74,00,03,00,00,00,00,00,
12281856,00000381,false,Rx,0,8,FF,FF,FF,FF,FF,FF,FF,EF,
12281869,00000584,false,Rx,0,6,3E,00,00,00,00,00,00,00,
12281882,00000382,false,Rx,0,8,FF,FF,FF,FF,FF,FF,FF,EF,
12281895,000005F0,false,Rx,0,8,64,E4,64,00,00,64,00,00,
12281908,000000B2,false,Rx,0,8,4B,01,4D,01,3C,01,3C,01,
12281922,000000FD,false,Rx,0,8,F8,DE,1F,80,ED,00,00,00,
12287202,00000117,false,Rx,0,8,02,0A,00,40,68,00,00,FF,
12287218,000000A7,false,Rx,0,8,EB,BE,A0,84,FD,49,B8,3E,
12287231,000000A8,false,Rx,0,8,9B,BE,1E,98,85,64,B0,0D,
12287244,0000011B,false,Rx,0,8,00,20,00,00,00,00,00,00,
12287257,00000120,false,Rx,0,8,F5,0F,00,00,01,04,FF,01,
12287271,00000121,false,Rx,0,8,7B,0F,00,80,36,5F,7E,FE,
12287339,0000009F,false,Rx,0,8,36,30,1D,80,03,0F,00,40,
12288383,00000086,false,Rx,0,8,0A,00,2D,20,00,00,00,00,
12300701,000000B2,false,Rx,0,8,4B,01,4D,01,43,01,45,01,
12300748,000000FD,false,Rx,0,8,D2,DF,1F,80,F3,00,00,00,
12300764,00000104,false,Rx,0,8,D7,3F,A6,00,E6,00,02,00,
12300777,00000116,false,Rx,0,8,3B,0F,19,6A,88,E0,80,0F,
12300790,00000392,false,Rx,0,8,13,2C,00,00,00,00,00,04,
12300803,000002B7,false,Rx,0,8,8D,01,00,00,00,00,00,00,
12300816,0000012E,false,Rx,0,8,D1,EB,7F,00,FE,00,C0,FF,
12300829,000000A7,false,Rx,0,8,BF,BF,A0,84,FD,4D,B8,3E,
12308996,0000011E,false,Rx,0,8,32,00,00,00,00,00,30,01,
12309027,0000030D,false,Rx,0,4,00,00,00,00,00,00,00,00,
12309042,00000395,false,Rx,0,8,18,09,24,06,B1,41,4D,1C,
12309055,00000117,false,Rx,0,8,66,0B,00,40,68,00,00,FF,
12309068,000000A7,false,Rx,0,8,6F,B0,E0,84,FD,4D,B8,3E,
12309081,000000A8,false,Rx,0,8,A4,B0,1E,98,85,64,A4,0D,
12309094,00000120,false,Rx,0,8,3F,00,00,00,01,04,FF,01,
12309107,00000121,false,Rx,0,8,B5,00,00,80,36,5F,7E,FE,
12320137,000000B1,false,Rx,0,8,4D,2F,00,00,00,00,00,00,
12320165,000000B2,false,Rx,0,8,48,01,4D,01,47,01,45,01,
12320179,000000FD,false,Rx,0,8,37,D0,1F,80,F5,00,00,00,
12320193,00000104,false,Rx,0,8,95,30,A6,00,E6,00,02,00,
12320206,00000116,false,Rx,0,8,AB,00,1A,6A,98,20,81,0F,
12320219,0000031B,false,Rx,0,8,30,09,5A,01,00,4A,15,00,
12320232,000003C8,false,Rx,0,8,00,00,54,24,04,12,80,4D,
12320245,00000668,false,Rx,0,8,82,00,00,29,00,03,31,01,
12330319,0000012E,false,Rx,0,8,72,EC,7F,00,FE,00,C0,FF,
12331605,000000A8,false,Rx,0,8,E6,B1,1E,98,85,64,A0,0D,
12331622,00000365,false,Rx,0,8,C1,C6,18,40,8F,02,AC,7A,
12331635,0000032A,false,Rx,0,8,A2,0B,00,00,44,04,00,00,
12332168,00000086,false,Rx,0,8,A6,03,2D,20,00,00,00,00,
12332181,0000009F,false,Rx,0,8,9A,33,1D,80,03,0F,00,40,
12332194,0000011D,false,Rx,0,8,15,02,00,C8,00,00,00,00,
12332207,000000B2,false,Rx,0,8,48,01,4D,01,47,01,48,01,
12332220,00000101,false,Rx,0,8,C6,01,7E,ED,A1,16,40,00,
12341703,00000108,false,Rx,0,8,89,1D,D1,24,56,FE,00,00,
12341718,00000396,false,Rx,0,8,29,08,00,11,00,00,00,00,
12341732,00000120,false,Rx,0,8,CA,01,00,00,01,04,FF,01,
12341745,00000121,false,Rx,0,8,D9,01,00,80,36,5F,7E,FE,
12341758,0000009F,false,Rx,0,8,89,34,1D,80,03,0F,00,40,
12341896,00000086,false,Rx,0,8,B5,04,2D,20,00,00,00,00,
12341909,000000B2,false,Rx,0,8,48,01,43,01,47,01,48,01,
12341922,000000FD,false,Rx,0,8,E5,D1,1F,80,F6,00,00,00,
12352193,17F00012,true,Rx,0,8,20,12,00,00,00,00,00,00,
12352226,000000B2,false,Rx,0,8,43,01,43,01,47,01,48,01,
12352243,00000101,false,Rx,0,8,CE,02,7E,EC,A1,15,40,00,
12352256,00000106,false,Rx,0,8,00,82,82,04,08,04,F0,30,
12352269,0000011E,false,Rx,0,8,FA,02,00,00,00,00,30,01,
12352282,000002B7,false,Rx,0,8,55,02,00,00,00,00,00,00,
12352295,00000380,false,Rx,0,8,79,0E,40,00,00,00,00,FF,
12352308,00000117,false,Rx,0,8,11,0D,00,40,68,00,00,FF,
12352321,000000A7,false,Rx,0,8,28,B4,E0,84,FD,4D,B8,3E,
12361828,000000A8,false,Rx,0,8,71,B4,1E,58,85,64,98,0D,
12361842,00000120,false,Rx,0,8,32,02,00,00,01,04,FF,01,
12361855,00000121,false,Rx,0,8,56,02,00,80,36,5F,7E,FE,
12361868,0000009F,false,Rx,0,8,76,36,1D,80,03,10,00,40,
12361881,00000086,false,Rx,0,8,7D,06,2D,20,00,00,00,00,
12361894,00000381,false,Rx,0,8,FF,FF,FF,FF,FF,FF,FF,FF,
12361908,00000382,false,Rx,0,8,FF,FF,FF,FF,FF,FF,FF,FF,
12369780,000000AD,false,Rx,0,8,50,E1,BF,FF,8F,20,00,10,
12369805,00000117,false,Rx,0,8,BD,0E,00,40,68,00,00,FF,
12369819,000000A7,false,Rx,0,8,A0,C6,20,85,FD,4D,B8,3E,
12369832,000000A8,false,Rx,0,8,63,B6,1E,58,85,64,94,0D,
12369984,00000365,false,Rx,0,8,C1,C6,18,40,90,02,AC,7A,
12370000,00000120,false,Rx,0,8,E0,03,00,00,01,04,FF,01,
12370013,00000121,false,Rx,0,8,A4,03,00,80,36,5F,7E,FE,
12370026,0000032A,false,Rx,0,8,B1,0C,00,00,44,04,00,00,
12379942,000000FD,false,Rx,0,8,B5,D3,1F,80,F2,00,00,00,
12379969,00000104,false,Rx,0,8,39,33,A6,00,E6,00,02,00,
12380149,00000116,false,Rx,0,8,82,03,1B,72,B8,A0,81,0F,
12380162,0000030B,false,Rx,0,8,10,02,02,02,08,00,08,00,
12380175,00000040,false,Rx,0,8,F9,03,00,00,C1,00,00,00,
12380188,0000012E,false,Rx,0,8,85,EF,7F,00,FE,00,C0,FF,
12380215,000000A7,false,Rx,0,8,EE,C7,20,85,FD,51,B8,3E,
12380239,00000108,false,Rx,0,8,41,1F,D1,24,56,FE,00,00,
12387489,00000106,false,Rx,0,8,44,84,81,04,08,04,F0,30,
12387511,0000011E,false,Rx,0,8,8D,04,00,00,00,00,30,01,
12387525,000003EC,false,Rx,0,8,C1,00,00,00,00,08,01,00,
12387550,00000117,false,Rx,0,8,D9,0F,00,40,68,00,00,FF,
12387563,000000A7,false,Rx,0,8,A3,C8,20,85,FD,51,B8,3E,
12387576,000000A8,false,Rx,0,8,24,B8,1E,58,85,64,9C,0D,
12387589,0000011B,false,Rx,0,8,00,20,00,00,00,00,00,00,
12387602,00000120,false,Rx,0,8,B6,04,00,00,01,04,FF,01,
12390170,00000391,false,Rx,0,8,17,65,27,6E,00,28,00,22,
12390185,000003BE,false,Rx,0,8,75,1F,E6,51,88,80,00,80,
12390198,000000B2,false,Rx,0,8,3F,01,3D,01,40,01,3F,01,
12402055,17F00013,true,Rx,0,8,20,13,00,00,00,00,00,80,
12402087,000002B7,false,Rx,0,8,0C,03,00,00,00,00,00,00,
12402101,0000012E,false,Rx,0,8,AC,E0,7F,00,FE,00,C0,FF,
12402126,000000A7,false,Rx,0,8,73,C9,20,85,FD,51,B8,3E,
12402139,000000A8,false,Rx,0,8,11,B9,1E,58,85,64,A0,0D,
12402152,0000011D,false,Rx,0,8,AA,06,00,C8,00,00,00,00,
12402165,00000086,false,Rx,0,8,F7,0B,2D,20,00,00,00,00,
12402178,0000009F,false,Rx,0,8,49,3B,1D,80,03,11,00,40,
12406042,00000117,false,Rx,0,8,9B,00,00,40,68,00,00,FF,
12406055,000000A7,false,Rx,0,8,75,CA,20,85,FD,51,B8,3E,
12406069,000000A8,false,Rx,0,8,3E,BA,1E,58,85,64,A8,0D,
12406093,00000118,false,Rx,1,4,00,06,09,12,00,00,00,00,
12406369,00000120,false,Rx,0,8,B4,05,00,00,01,04,FF,01,
12415722,00000121,false,Rx,0,8,2E,05,00,80,36,5F,7E,FE,
12415756,0000009F,false,Rx,0,8,5A,3C,1D,80,03,11,00,40,
12415772,00000086,false,Rx,0,8,E4,0C,2D,20,00,00,00,00,
12415785,000000B1,false,Rx,0,8,13,20,00,00,00,00,00,00,
12415798,0000008A,false,Rx,0,8,B3,32,00,00,00,00,00,FA,
12415811,000000B2,false,Rx,0,8,39,01,39,01,40,01,3F,01,
12415824,000000FD,false,Rx,0,8,DC,D5,1F,80,EF,00,00,00,
12415837,000003C8,false,Rx,0,8,00,00,54,24,04,12,80,4D,
12426180,00000365,false,Rx,0,8,C1,C6,18,40,8F,02,AC,7A,
12426207,0000032A,false,Rx,0,8,D5,0D,00,00,44,04,00,00,
12428830,00000086,false,Rx,0,8,80,0D,2D,20,00,00,00,00,
12428844,0000009F,false,Rx,0,8,CE,3D,1D,80,03,12,00,40,
12428857,0000011D,false,Rx,0,8,CE,07,00,C8,00,00,00,00,
12428959,000000B2,false,Rx,0,8,39,01,39,01,3A,01,39,01,
12428972,00000101,false,Rx,0,8,5E,06,7D,EA,A1,1E,40,00,
12428986,00000106,false,Rx,0,8,8C,86,81,04,08,04,F0,30,
12428999,0000011E,false,Rx,0,8,A5,06,00,00,00,00,20,01,
12429012,0000030B,false,Rx,0,8,10,03,02,02,08,00,08,00,
12439041,00000381,false,Rx,0,8,FF,FF,FF,FF,FF,FF,FF,0F,
12439064,00000382,false,Rx,0,8,FF,FF,FF,FF,FF,FF,FF,0F,
12439193,000000B2,false,Rx,0,8,39,01,39,01,3A,01,39,01,
12439208,000000FD,false,Rx,0,8,24,D6,1F,80,EB,00,00,00,
12439221,00000104,false,Rx,0,8,E2,36,A6,00,E6,00,02,00,
12439234,00000116,false,Rx,0,8,67,06,1D,7A,C8,E0,81,0F,
12439247,000003E5,false,Rx,0,8,D1,1F,00,00,00,00,00,00,
12439261,0000012E,false,Rx,0,8,6B,E2,7F,00,FE,00,C0,FF,
12448926,00000086,false,Rx,0,8,48,0F,2D,20,00,00,00,00,
12448940,0000009F,false,Rx,0,8,C9,3F,1D,80,03,14,00,40,
12449077,000000B2,false,Rx,0,8,34,01,34,01,3A,01,39,01,
12449090,00000101,false,Rx,0,8,ED,07,7E,EA,A1,24,40,00,
12449103,00000106,false,Rx,0,8,E8,87,81,04,08,04,F0,30,
12449116,0000011E,false,Rx,0,8,C1,07,00,00,00,00,20,01,
12449129,000002B7,false,Rx,0,8,BC,04,00,00,00,00,00,00,
12449142,00000117,false,Rx,0,8,53,02,00,40,68,00,00,FF,
12458989,00000497,false,Rx,0,8,00,40,00,00,64,46,00,20,
12459012,0000054B,false,Rx,0,8,00,00,00,00,00,00,00,24,
12459148,17F0000A,true,Rx,0,8,00,0A,00,00,00,00,00,80,
12459161,000000B2,false,Rx,0,8,34,01,34,01,34,01,39,01,
12459174,000000FD,false,Rx,0,8,6B,D7,1F,80,E9,00,00,00,
12459187,00000108,false,Rx,0,8,13,12,D1,24,55,FE,00,00,
12459200,00000104,false,Rx,0,8,86,37,A6,00,E6,00,02,00,
12459213,00000116,false,Rx,0,8,CD,07,1E,7A,D8,20,82,0F,
12467194,0000011D,false,Rx,0,8,E8,09,00,C8,00,00,00,00,
12467210,00000086,false,Rx,0,8,6E,01,2D,20,00,00,00,00,
12467223,0000009F,false,Rx,0,8,EF,31,1D,80,03,14,00,40,
12467236,000000B2,false,Rx,0,8,34,01,34,01,34,01,32,01,
12467249,00000101,false,Rx,0,8,16,08,7E,E9,A1,26,40,00,
12467262,00000106,false,Rx,0,8,AA,88,81,04,08,04,F0,30,
12467276,0000011E,false,Rx,0,8,83,08,00,00,00,00,20,01,
12467288,0000031B,false,Rx,0,8,00,0C,46,01,00,4E,15,00,
12477014,000000AD,false,Rx,0,8,94,EB,BF,FF,8F,20,00,10,
12477040,00000117,false,Rx,0,8,37,03,00,40,68,00,00,FF,
12477054,000000A7,false,Rx,0,8,C8,C0,20,85,FD,51,B8,3E,
12477067,000000A8,false,Rx,0,8,03,B0,1E,58,85,64,B4,0D,
12477080,00000365,false,Rx,0,8,C1,C6,18,40,8E,02,AC,7A,
12477094,00000120,false,Rx,0,8,00,08,00,00,01,04,FF,01,
12477237,00000121,false,Rx,0,8,B9,08,00,80,36,5F,7E,FE,
12477250,0000032A,false,Rx,0,8,79,0E,00,00,44,04,00,00,
12486210,000003C0,false,Rx,0,4,31,02,03,00,00,00,00,00,
12486227,00000584,false,Rx,0,6,6A,01,00,00,00,00,00,00,
12486240,000005F0,false,Rx,0,8,64,E4,64,00,00,64,00,00,
12486253,000000B2,false,Rx,0,8,34,01,31,01,34,01,32,01,
12486266,000000FD,false,Rx,0,8,65,D8,1F,80,E6,00,00,00,
12486279,00000104,false,Rx,0,8,C4,38,A6,00,E6,00,02,00,
12486292,00000116,false,Rx,0,8,07,08,1E,7E,D8,60,82,0F,
12486305,0000030B,false,Rx,0,8,10,04,02,02,08,00,07,00,
12490346,00000040,false,Rx,0,8,8E,05,00,00,C1,00,00,00,
12490359,00000520,false,Rx,0,8,9F,01,00,08,00,0A,00,00,
12490372,0000012E,false,Rx,0,8,D5,E4,7F,00,FE,00,C0,FF,
12490385,000000A7,false,Rx,0,8,40,C1,20,85,FD,51,B8,3E,
12490398,00000108,false,Rx,0,8,77,13,D1,24,55,FE,00,00,
12490411,000000A8,false,Rx,0,8,06,B1,1E,98,85,64,B0,0D,
12490425,0000011D,false,Rx,0,8,44,0A,00,C8,00,00,00,00,
12506160,000002B7,false,Rx,0,8,44,05,00,00,00,00,00,00,
12506195,0000012E,false,Rx,0,8,35,E5,7F,00,FE,00,C0,FF,
12506212,000000A7,false,Rx,0,8,B5,C3,20,85,FD,51,B8,3E,
12506225,000000A8,false,Rx,0,8,75,B3,1E,98,85,64,B8,0D,
12506238,0000011D,false,Rx,0,8,20,0B,00,C8,00,00,00,00,
12506251,00000086,false,Rx,0,8,D1,05,2D,20,00,00,00,00,
12506264,0000009F,false,Rx,0,8,2A,35,1D,80,03,13,00,40,
12506278,000000B2,false,Rx,0,8,2F,01,31,01,2E,01,2C,01,
12517134,00000108,false,Rx,0,8,64,14,D1,24,55,FE,00,00,
12517176,0000011E,false,Rx,0,8,4B,0A,00,00,00,00,20,01,
12517192,0000030D,false,Rx,0,4,00,00,00,00,00,00,00,00,
12517205,00000395,false,Rx,0,8,18,0D,24,06,B2,41,4D,1C,
12517218,00000380,false,Rx,0,8,5F,00,40,00,00,00,00,FF,
12517231,00000117,false,Rx,0,8,40,05,00,40,68,00,00,FF,
12517244,000000A7,false,Rx,0,8,8F,C4,20,85,FD,51,B8,3E,
12517257,000000A8,false,Rx,0,8,E1,B4,1E,98,85,64,BC,0D,
12526876,0000009F,false,Rx,0,8,33,36,1D,80,03,12,00,40,
12526907,00000086,false,Rx,0,8,7D,06,2D,20,00,00,00,00,
12526920,00000381,false,Rx,0,8,FF,FF,FF,FF,FF,FF,FF,1F,
12527046,00000382,false,Rx,0,8,FF,FF,FF,FF,FF,FF,FF,1F,
12527059,000000B1,false,Rx,0,8,D6,21,00,00,00,00,00,00,
12527072,000000B2,false,Rx,0,8,2F,01,2C,01,2E,01,2C,01,
12527086,000000FD,false,Rx,0,8,F1,DA,1F,80,E2,00,00,00,
12527099,00000104,false,Rx,0,8,0C,3A,A6,00,E6,00,02,00,
12527321,000000B2,false,Rx,0,8,2B,01,2C,01,2C,01,2C,01,
12537435,00000101,false,Rx,0,8,4B,0B,7E,E8,A1,13,40,00,
12537451,00000106,false,Rx,0,8,06,8B,81,04,08,04,F0,30,
12537465,0000011E,false,Rx,0,8,2F,0B,00,00,00,00,20,01,
12537594,0000030B,false,Rx,0,8,10,05,02,02,08,00,07,00,
12537607,00000040,false,Rx,0,8,22,06,00,00,C1,00,00,00,
12537620,00000117,false,Rx,0,8,EC,06,00,40,68,00,00,FF,
12537633,000000A7,false,Rx,0,8,67,C6,20,85,FD,51,B8,3E,
12537646,000000A8,false,Rx,0,8,35,B6,1E,98,85,64,C4,0D,
12547809,0000011D,false,Rx,0,8,57,0D,00,C8,00,00,00,00,
12547823,00000086,false,Rx,0,8,3F,09,2D,20,00,00,00,00,
12547956,0000009F,false,Rx,0,8,03,39,1D,80,03,0F,00,40,
12547969,000000B2,false,Rx,0,8,2B,01,2C,01,28,01,26,01,
12547983,00000101,false,Rx,0,8,A7,0C,7E,E7,A1,0D,40,00,
12547996,00000106,false,Rx,0,8,15,8C,81,04,08,04,F0,30,
12548009,0000011E,false,Rx,0,8,3C,0C,00,00,00,00,20,01,
12548022,000002B7,false,Rx,0,8,92,06,00,00,00,00,00,00,
12562262,00000497,false,Rx,0,8,00,40,00,00,64,46,00,20,
12562290,000000B2,false,Rx,0,8,26,01,26,01,28,01,26,01,
12564048,000000FD,false,Rx,0,8,CA,DC,1F,80,DD,00,00,00,
12564064,00000104,false,Rx,0,8,7B,3C,A6,00,E6,00,02,00,
12564077,00000108,false,Rx,0,8,AC,16,D1,24,55,FE,00,00,
12564091,00000116,false,Rx,0,8,83,0C,20,86,08,E1,82,0F,
12564103,0000030D,false,Rx,0,4,00,00,00,00,00,00,00,00,
12564118,17330A10,true,Rx,0,4,32,A0,00,01,00,00,00,00,
12564131,0000012E,false,Rx,0,8,05,E8,7F,00,FE,00,C0,FF,
12564144,000000A7,false,Rx,0,8,73,C9,20,85,FD,51,B8,3E,
12571031,000000AD,false,Rx,0,8,A2,E5,BF,FF,8F,20,00,10,
12571049,00000117,false,Rx,0,8,CA,08,00,40,68,00,00,FF,
12571063,000000A7,false,Rx,0,8,CD,CA,E0,84,FD,4D,B8,3E,
12571076,000000A8,false,Rx,0,8,F7,BA,1E,98,85,64,D0,0D,
12571089,00000365,false,Rx,0,8,C1,C6,18,40,8E,02,AC,7A,
12571102,00000120,false,Rx,0,8,4B,0D,00,00,01,04,FF,01,
12571115,00000121,false,Rx,0,8,AC,0D,00,40,36,5E,7E,FE,
12571128,0000032A,false,Rx,0,8,5F,00,00,00,44,04,00,00,
12578487,00000040,false,Rx,0,8,46,07,00,00,C1,00,00,00,
12578509,0000012E,false,Rx,0,8,79,E9,7F,00,FE,00,C0,FF,
12578523,000000A7,false,Rx,0,8,A3,CB,E0,84,FD,4D,B8,3E,
12578536,00000585,false,Rx,0,8,09,3C,00,7F,14,00,00,00,
12578549,000000A8,false,Rx,0,8,AA,BB,1E,98,85,64,C8,0D,
12578562,00000108,false,Rx,0,8,C8,17,D1,24,55,FE,00,00,
12578575,0000011D,false,Rx,0,8,9F,0F,00,C8,00,00,00,00,
12578588,00000086,false,Rx,0,8,80,0D,2D,20,00,00,00,00,
12580881,000000B2,false,Rx,0,8,26,01,21,01,21,01,23,01,
12580901,00000101,false,Rx,0,8,AC,0E,7D,E7,A1,0E,40,00,
12591514,00000380,false,Rx,0,8,3B,01,40,00,00,00,00,FF,
12591545,000003EC,false,Rx,0,8,C1,00,00,00,00,08,01,00,
12591561,00000117,false,Rx,0,8,AE,09,00,40,68,00,00,FF,
12591574,000000A7,false,Rx,0,8,BE,DC,E0,84,FD,4D,B8,3E,
12591587,000000A8,false,Rx,0,8,C4,BC,1E,98,85,64,C0,0D,
12591600,0000011B,false,Rx,0,8,00,20,00,00,00,00,00,00,
12591613,00000120,false,Rx,0,8,20,0E,00,00,01,04,FF,01,
12591627,00000121,false,Rx,0,8,CF,0E,00,40,36,5D,7E,FE,
12594667,000002B7,false,Rx,0,8,C0,07,00,00,00,00,00,00,
12595342,0000012E,false,Rx,0,8,25,EA,7F,00,FE,00,C0,FF,
12595355,000000A7,false,Rx,0,8,4E,DD,E0,84,FD,4D,B8,3E,
12596341,000000A8,false,Rx,0,8,61,BD,1E,98,85,64,BC,0D,
12607052,0000011D,false,Rx,0,8,DD,00,00,C8,00,00,00,00,
12607079,00000086,false,Rx,0,8,48,0F,2D,20,00,00,00,00,
12607093,0000009F,false,Rx,0,8,F6,3F,1D,80,03,11,00,40,
12607106,000000B2,false,Rx,0,8,21,01,21,01,20,01,21,01,
12607120,00000101,false,Rx,0,8,BD,0F,7D,E8,A1,14,40,00,
12607133,00000106,false,Rx,0,8,B9,8F,81,04,08,04,F0,30,
12607146,00000108,false,Rx,0,8,8A,18,D1,24,55,FE,00,00,
12607159,0000011E,false,Rx,0,8,9F,0F,00,00,00,00,10,01,
12617568,000000A8,false,Rx,0,8,EB,BE,1E,98,85,64,B8,0D,
12617600,00000120,false,Rx,0,8,F5,0F,00,00,01,04,FF,01,
12617614,00000121,false,Rx,0,8,79,0F,00,40,36,5D,7E,FE,
12617627,0000009F,false,Rx,0,8,01,30,1D,80,03,10,00,40,
12617640,00000086,false,Rx,0,8,0A,00,2D,20,00,00,00,00,
12617653,000000B1,false,Rx,0,8,D9,22,00,00,00,00,00,00,
12617666,000000B2,false,Rx,0,8,21,01,21,01,20,01,20,01,
12617679,000000FD,false,Rx,0,8,6C,DF,1F,80,D8,00,00,00,
12624288,0000011D,false,Rx,0,8,B9,01,00,C8,00,00,00,00,
12624311,000000B2,false,Rx,0,8,21,01,1B,01,20,01,20,01,
12624331,00000101,false,Rx,0,8,FF,00,7D,E8,A1,14,40,00,
12624345,00000106,false,Rx,0,8,C8,80,82,04,08,04,F0,30,
12624358,0000011E,false,Rx,0,8,DD,00,00,00,00,00,10,01,
12624371,0000030B,false,Rx,0,8,10,07,02,02,08,00,07,00,
12624529,00000040,false,Rx,0,8,04,08,00,00,C1,00,00,00,
12634416,00000117,false,Rx,0,8,66,0B,00,40,68,00,00,FF,
12634442,000000A7,false,Rx,0,8,41,D0,A0,84,FD,49,B8,3E,
12634587,000000A8,false,Rx,0,8,44,B0,1E,98,85,64,B4,0D,
12634600,00000108,false,Rx,0,8,EE,19,D1,24,55,FE,00,00,
12634613,00000396,false,Rx,0,8,85,0B,00,11,00,00,00,00,
12634626,00000120,false,Rx,0,8,3F,00,00,00,01,04,FF,01,
12634639,00000121,false,Rx,0,8,B7,00,00,40,36,5D,7E,FE,
12634652,0000009F,false,Rx,0,8,7C,32,1D,80,03,11,00,40,
12644725,0000012E,false,Rx,0,8,72,EC,7F,00,FE,00,C0,FF,
12644751,000000A7,false,Rx,0,8,C9,D1,A0,84,FD,49,B8,3E,
12644908,000000A8,false,Rx,0,8,3E,B1,1E,98,85,64,B4,0D,
12644921,0000011D,false,Rx,0,8,15,02,00,C8,00,00,00,00,
12644934,00000086,false,Rx,0,8,A6,03,2D,20,00,00,00,00,
12644947,0000009F,false,Rx,0,8,18,33,1D,80,03,11,00,40,
12644960,000000B2,false,Rx,0,8,1B,01,1B,01,17,01,18,01,
12644973,00000101,false,Rx,0,8,9F,01,7D,E8,A1,19,40,00,
12653852,000000A7,false,Rx,0,8,BD,D2,A0,84,FD,49,B8,3E,
12653877,000000A8,false,Rx,0,8,EA,B2,1E,98,85,64,B0,0D,
12653891,00000120,false,Rx,0,8,CA,01,00,00,01,04,FF,01,
12653904,00000121,false,Rx,0,8,6E,01,00,40,36,5C,7E,FE,
12653917,0000009F,false,Rx,0,8,0B,34,1D,80,03,11,00,40,
12653930,00000086,false,Rx,0,8,B5,04,2D,20,00,00,00,00,
12653943,00000497,false,Rx,0,8,00,40,00,00,64,46,00,20,
12653956,000000B2,false,Rx,0,8,1B,01,1B,01,17,01,18,01,
12664142,0000012E,false,Rx,0,8,58,ED,7F,00,FE,00,C0,FF,
12664166,000000A7,false,Rx,0,8,3C,D3,A0,84,FD,49,B8,3E,
12664180,000000A8,false,Rx,0,8,05,B3,1E,98,85,64,B0,0D,
12664289,0000011D,false,Rx,0,8,71,03,00,C8,00,00,00,00,
12664302,00000086,false,Rx,0,8,D1,05,2D,20,00,00,00,00,
12664315,0000009F,false,Rx,0,8,6F,35,1D,80,03,11,00,40,
12671093,000000B2,false,Rx,0,8,1B,01,15,01,17,01,18,01,
12671113,00000101,false,Rx,0,8,86,02,7D,E8,A1,18,40,00,
12671127,00000106,false,Rx,0,8,00,82,82,04,08,04,F0,30,
12671140,0000011E,false,Rx,0,8,15,02,00,00,00,00,10,01,
12671153,0000031B,false,Rx,0,8,7C,00,28,01,00,53,15,00,
12671167,00000380,false,Rx,0,8,97,02,40,00,00,00,00,FF,
12671179,000000AD,false,Rx,0,8,03,EF,BF,FF,8F,20,00,10,
12671193,00000117,false,Rx,0,8,11,0D,00,40,68,00,00,FF,
12680601,00000584,false,Rx,0,6,96,02,00,00,00,00,00,00,
12680615,00000382,false,Rx,0,8,FF,FF,FF,FF,FF,FF,FF,3F,
12680628,000005F0,false,Rx,0,8,64,E4,64,00,00,64,00,00,
12680641,000000B2,false,Rx,0,8,15,01,15,01,17,01,18,01,
12680654,000000FD,false,Rx,0,8,5D,D2,1F,80,D2,00,00,00,
12680667,00000104,false,Rx,0,8,5D,32,A6,00,E6,00,02,00,
12680681,00000116,false,Rx,0,8,87,02,23,92,38,A1,83,0F,
12680694,0000030B,false,Rx,0,8,10,08,02,02,08,00,07,00,
12690540,00000117,false,Rx,0,8,BD,0E,00,40,68,00,00,FF,
12690709,000000A7,false,Rx,0,8,5F,D6,A0,84,FD,45,B8,3E,
12690725,000000A8,false,Rx,0,8,F3,B6,1E,98,85,64,B0,0D,
12690738,0000011B,false,Rx,0,8,00,20,00,00,00,00,00,00,
12690751,00000120,false,Rx,0,8,E0,03,00,00,01,04,FF,01,
12690764,00000086,false,Rx,0,8,5B,08,2D,20,00,00,00,00,
12690778,0000009F,false,Rx,0,8,E5,38,1D,80,03,11,00,40,
12690814,00000121,false,Rx,0,8,69,03,00,40,36,5B,7E,FE,
12696937,00000116,false,Rx,0,8,0E,03,24,96,38,A1,83,0F,
12696967,00000392,false,Rx,0,8,FD,20,00,00,00,00,00,04,
12696981,00000640,false,Rx,0,8,A0,51,4E,96,7F,A0,59,01,
12696994,0000065F,false,Rx,0,8,2E,20,00,00,00,00,37,79,
12697008,00000670,false,Rx,0,8,20,10,00,00,00,01,00,88,
12697021,000002B7,false,Rx,0,8,7D,09,00,00,00,00,00,00,
12697034,0000012E,false,Rx,0,8,85,EF,7F,00,FE,00,C0,FF,
12697047,000000A7,false,Rx,0,8,FD,D7,60,84,FD,45,B8,3E,
12697821,0000011D,false,Rx,0,8,06,05,00,C8,00,00,00,00,
12710259,000000B2,false,Rx,0,8,15,01,0D,01,15,01,17,01,
12710288,00000101,false,Rx,0,8,F2,04,7D,E7,A1,12,40,00,
12710305,00000106,false,Rx,0,8,77,84,82,04,08,04,F0,30,
12714011,00000108,false,Rx,0,8,35,1C,D1,24,55,FE,00,00,
12714041,0000011E,false,Rx,0,8,82,04,00,00,00,00,00,01,
12714054,0000030D,false,Rx,0,4,00,00,00,00,00,00,00,00,
12714067,00000395,false,Rx,0,8,18,01,24,06,B2,41,4D,1C,
12714080,00000117,false,Rx,0,8,D9,0F,00,40,68,00,00,FF,
12714094,000000A7,false,Rx,0,8,B0,D8,60,84,FD,45,B8,3E,
12714106,000000A8,false,Rx,0,8,1C,B8,1E,98,85,64,A4,0D,
12714120,00000120,false,Rx,0,8,B6,04,00,00,01,04,FF,01,
12722138,000003DB,false,Rx,0,8,50,00,01,00,04,20,01,6E,
12722161,000000AD,false,Rx,0,8,97,E4,BF,FF,8F,20,00,10,
12722176,000000A7,false,Rx,0,8,F3,D9,20,84,FD,41,B8,3E,
12722189,0000012E,false,Rx,0,8,AC,E0,7F,00,FE,00,C0,FF,
12722202,000000A8,false,Rx,0,8,11,B9,1E,58,85,64,A0,0D,
12722216,00000365,false,Rx,0,8,C1,C6,18,40,8F,02,AC,7A,
12722229,0000032A,false,Rx,0,8,F3,03,00,00,44,04,00,00,
12722242,00000086,false,Rx,0,8,F7,0B,2D,20,00,00,00,00,
12724059,0000030B,false,Rx,0,8,10,09,02,02,08,00,07,00,
12724073,00000040,false,Rx,0,8,CC,0A,00,00,C1,00,00,00,
12725339,00000117,false,Rx,0,8,9B,00,00,40,68,00,00,FF,
12736535,000000A8,false,Rx,0,8,31,BA,1E,58,85,64,98,0D,
12736568,00000108,false,Rx,0,8,51,1D,D1,24,55,FE,00,00,
12736583,00000396,false,Rx,0,8,96,0C,00,11,00,00,00,00,
12736596,00000120,false,Rx,0,8,B4,05,00,00,01,04,FF,01,
12736610,00000121,false,Rx,0,8,A4,05,00,80,36,5B,7E,FE,
12736623,0000009F,false,Rx,0,8,1F,3C,1D,80,03,13,00,40,
12736636,00000086,false,Rx,0,8,E4,0C,2D,20,00,00,00,00,
12736649,000000B2,false,Rx,0,8,0F,01,0D,01,0D,01,0F,01,
12747512,0000011D,false,Rx,0,8,CE,07,00,C8,00,00,00,00,
12747559,00000086,false,Rx,0,8,80,0D,2D,20,00,00,00,00,
12747575,0000009F,false,Rx,0,8,01,3D,1D,80,03,14,00,40,
12747588,000000B2,false,Rx,0,8,0F,01,0C,01,0D,01,0F,01,
12747601,00000101,false,Rx,0,8,4F,06,7E,E8,A1,1A,40,00,
12747614,00000106,false,Rx,0,8,8C,86,81,04,08,04,F0,30,
12747627,0000011E,false,Rx,0,8,4A,06,00,00,00,00,00,01,
12747640,000002B7,false,Rx,0,8,73,0A,00,00,00,00,00,00,
12757436,00000381,false,Rx,0,8,FF,FF,FF,FF,FF,FF,FF,4F,
12757465,00000382,false,Rx,0,8,FF,FF,FF,FF,FF,FF,FF,4F,
12757479,00000497,false,Rx,0,8,00,40,00,00,64,46,00,20,
12757492,000000B2,false,Rx,0,8,0C,01,07,01,0D,01,0F,01,
12757506,000000FD,false,Rx,0,8,B9,D6,1F,80,CB,00,00,00,
12757518,00000108,false,Rx,0,8,FD,1E,D1,24,55,FE,00,00,
12757544,00000104,false,Rx,0,8,E2,36,A6,00,E6,00,02,00,
12757558,00000116,false,Rx,0,8,C3,06,25,9A,58,21,84,0F,
12762404,0000009F,false,Rx,0,8,C9,3F,1D,80,03,14,00,40,
12762423,000000B2,false,Rx,0,8,0C,01,07,01,07,01,0C,01,
12762436,00000101,false,Rx,0,8,2B,07,7E,E8,A1,1A,40,00,
12762449,00000106,false,Rx,0,8,DB,87,82,04,08,04,F0,30,
12762462,0000011E,false,Rx,0,8,2E,07,00,00,00,00,00,01,
12762476,0000031B,false,Rx,0,8,70,02,1A,01,00,56,15,00,
12791911,000000B2,false,Rx,0,8,0C,01,07,01,07,01,07,01,
12791945,00000101,false,Rx,0,8,6D,08,7E,E8,A1,17,40,00,
12791960,00000106,false,Rx,0,8,A4,88,81,04,08,04,F1,30,
12791974,0000011E,false,Rx,0,8,6C,08,00,00,00,00,00,01,
12791986,000003EC,false,Rx,0,8,C1,00,00,00,00,08,01,00,
12792000,00000117,false,Rx,0,8,37,03,00,40,68,00,00,FF,
12792013,000000A7,false,Rx,0,8,48,D0,20,84,FD,41,B8,3E,
12792026,000000A8,false,Rx,0,8,4A,B0,1E,18,85,64,78,0D,
12797449,000002B7,false,Rx,0,8,05,0B,00,00,00,00,00,00,
12797466,0000012E,false,Rx,0,8,D5,E4,7F,00,FE,00,C0,FF,
12797479,000000A7,false,Rx,0,8,C0,D1,20,84,FD,41,B8,3E,
12797493,000000A8,false,Rx,0,8,DA,B1,1E,D8,84,64,78,0D,
12797506,0000011D,false,Rx,0,8,44,0A,00,C8,00,00,00,00,
12798339,00000086,false,Rx,0,8,A6,03,2D,20,00,00,00,00,
12798353,0000009F,false,Rx,0,8,5D,33,1D,80,03,13,00,40,
12800339,000000B2,false,Rx,0,8,05,01,01,01,04,01,07,01,
12811971,00000106,false,Rx,0,8,C0,89,81,04,08,04,F1,30,
12812005,00000108,false,Rx,0,8,DB,10,D1,24,55,FE,00,00,
12812019,0000011E,false,Rx,0,8,D2,09,00,00,00,00,F0,00,
12812032,000001AB,false,Rx,0,8,AA,07,00,02,00,00,05,00,
12812045,0000030D,false,Rx,0,4,00,00,00,00,00,00,00,00,
12812058,00000395,false,Rx,0,8,18,0B,24,06,B2,41,4D,1C,
12812071,00000117,false,Rx,0,8,24,04,00,40,68,00,00,FF,
12812084,000000A7,false,Rx,0,8,B4,D2,20,84,FD,41,B8,3E,
12822782,000003DB,false,Rx,0,8,50,00,01,00,04,20,01,6E,
12822809,000000AD,false,Rx,0,8,52,EE,BF,FF,8F,20,00,10,
12822823,000000A7,false,Rx,0,8,35,D3,20,84,FD,41,B8,3E,
12822836,000000A8,false,Rx,0,8,91,B3,1E,D8,84,64,74,0D,
12822849,0000012E,false,Rx,0,8,35,E5,7F,00,FE,00,C0,FF,
12822862,00000365,false,Rx,0,8,C1,C6,18,40,8F,02,AC,7A,
12822875,0000032A,false,Rx,0,8,84,05,00,00,44,04,00,00,
12822889,00000086,false,Rx,0,8,D1,05,2D,20,00,00,00,00,
12832615,00000380,false,Rx,0,8,E0,04,40,00,00,00,00,FF,
12832640,00000117,false,Rx,0,8,40,05,00,40,68,00,00,FF,
12832654,000000A7,false,Rx,0,8,0F,D4,20,84,FD,41,B8,3E,
12832753,000000A8,false,Rx,0,8,AD,B4,1E,D8,84,64,6C,0D,
12832766,00000108,false,Rx,0,8,BF,11,D1,24,55,FE,00,00,
12832779,00000396,false,Rx,0,8,F2,0D,00,11,00,00,00,00,
12832792,00000120,false,Rx,0,8,8D,0A,00,00,01,04,FF,01,
12832805,00000121,false,Rx,0,8,D1,0A,00,C0,36,59,7E,FE,
12842717,00000104,false,Rx,0,8,0C,3A,A6,00,E6,00,02,00,
12842752,00000116,false,Rx,0,8,CB,0A,27,A2,68,A1,84,0F,
12842766,000003E5,false,Rx,0,8,F2,13,00,00,00,00,00,00,
12842779,0000012E,false,Rx,0,8,7F,E6,7F,00,FE,00,C0,FF,
12842876,000000A7,false,Rx,0,8,74,D5,20,84,FD,41,B8,3E,
12842890,000000A8,false,Rx,0,8,B7,B5,1E,D8,84,64,64,0D,
12842903,0000011D,false,Rx,0,8,33,0C,00,C8,00,00,00,00,
12842916,00000086,false,Rx,0,8,19,07,2D,20,00,00,00,00,
12852763,000002B7,false,Rx,0,8,E6,0C,00,00,00,00,00,00,
12852787,00000117,false,Rx,0,8,EC,06,00,40,68,00,00,FF,
12852801,000000A7,false,Rx,0,8,3E,D6,E0,83,FC,3D,B8,3E,
12852814,000000A8,false,Rx,0,8,F8,B6,1E,D8,84,64,5C,0D,
12852827,00000120,false,Rx,0,8,21,0B,00,00,01,04,FF,01,
12852840,00000121,false,Rx,0,8,CF,0B,00,C0,36,58,7E,FE,
12852853,0000009F,false,Rx,0,8,D2,38,1D,80,03,0E,00,40,
12852866,00000086,false,Rx,0,8,5B,08,2D,20,00,00,00,00,
12862686,0000012E,false,Rx,0,8,6C,E7,7F,00,FE,00,C0,FF,
12862711,000000A7,false,Rx,0,8,B7,D7,E0,83,FC,3D,B8,3E,
12862725,000000A8,false,Rx,0,8,ED,B7,1E,D8,84,64,5C,0D,
12862864,0000011D,false,Rx,0,8,57,0D,00,C8,00,00,00,00,
12862878,00000086,false,Rx,0,8,3F,09,2D,20,00,00,00,00,
12862890,0000009F,false,Rx,0,8,46,39,1D,80,03,0D,00,40,
12862904,000000B2,false,Rx,0,8,FF,00,FB,00,FB,00,F9,00,
12862917,00000101,false,Rx,0,8,DE,0C,7D,E8,A1,12,40,00,
12871916,000000AD,false,Rx,0,8,35,E3,BF,FF,8F,20,00,10,
12871944,00000117,false,Rx,0,8,88,07,00,40,68,00,00,FF,
12871958,000000A7,false,Rx,0,8,57,D8,E0,83,FD,3D,B8,3E,
12871971,000000A8,false,Rx,0,8,F7,B8,1E,D8,84,64,58,0D,
12871984,00000365,false,Rx,0,8,C1,C6,18,40,8F,02,AC,7A,
12871997,00000120,false,Rx,0,8,FB,0C,00,00,01,04,FF,01,
12872010,00000121,false,Rx,0,8,0A,0C,00,C0,36,58,7E,FE,
12872023,0000032A,false,Rx,0,8,28,06,00,00,44,04,00,00,
12880459,00000116,false,Rx,0,8,E5,0C,28,A6,78,A1,84,0F,
12880473,0000030B,false,Rx,0,8,10,0C,02,02,08,00,06,00,
12880488,1B000010,true,Rx,0,8,10,00,04,05,09,00,00,00,
12880501,00000040,false,Rx,0,8,DF,0D,00,00,C1,00,00,00,
12880525,00000041,false,Rx,0,8,7A,03,00,00,00,00,00,00,
12880538,0000012E,false,Rx,0,8,05,E8,7F,00,FE,00,C0,FF,
12880551,000000A7,false,Rx,0,8,2A,D9,E0,83,FC,3D,B8,3E,
12880564,00000108,false,Rx,0,8,77,13,D1,24,55,FE,00,00,
12885392,0000011E,false,Rx,0,8,6D,0D,00,00,00,00,F0,00,
12885425,00000117,false,Rx,0,8,CA,08,00,40,68,00,00,FF,
12885438,000000A7,false,Rx,0,8,2C,DA,E0,83,FC,3D,B8,3E,
12886339,000000A8,false,Rx,0,8,72,BA,1E,D8,84,64,44,0D,
12886355,0000011B,false,Rx,0,8,00,20,00,00,00,00,00,00,
12894049,00000120,false,Rx,0,8,4B,0D,00,00,01,04,FF,01,
12894081,00000121,false,Rx,0,8,58,0D,00,C0,36,57,7E,FE,
12894097,0000009F,false,Rx,0,8,9D,3C,1D,80,03,0D,00,40,
12894110,00000086,false,Rx,0,8,E4,0C,2D,20,00,00,00,00,
12894123,00000391,false,Rx,0,8,16,66,26,69,00,28,00,22,
12894136,000003BE,false,Rx,0,8,D3,14,E6,51,88,80,00,80,
12894149,000000B2,false,Rx,0,8,F8,00,F6,00,F6,00,F9,00,
12894163,000000FD,false,Rx,0,8,F9,DD,1F,80,BA,00,00,00,
12900168,00000116,false,Rx,0,8,F9,0D,29,A6,88,E1,84,0F,
12900193,00000392,false,Rx,0,8,35,22,00,00,00,00,00,04,
12900208,17F00013,true,Rx,0,8,20,13,00,00,00,00,00,80,
12900221,000002B7,false,Rx,0,8,D3,0D,00,00,00,00,00,00,
12900234,0000012E,false,Rx,0,8,79,E9,7F,00,FE,00,C0,FF,
12900247,000000A7,false,Rx,0,8,42,DB,E0,83,FC,3D,B8,3E,
12900260,000000A8,false,Rx,0,8,87,BB,1E,D8,84,64,40,0D,
12900286,0000011D,false,Rx,0,8,9F,0F,00,C8,00,00,00,00,
12900809,000000B2,false,Rx,0,8,F8,00,F6,00,F6,00,F4,00,
12914759,00000380,false,Rx,0,8,84,05,40,00,00,00,00,FF,
12914788,00000117,false,Rx,0,8,AE,09,00,40,68,00,00,FF,
12914801,000000A7,false,Rx,0,8,FD,DC,E0,83,FC,3D,B8,3E,
12914814,000000A8,false,Rx,0,8,17,BC,1E,D8,84,64,38,0D,
12914828,00000120,false,Rx,0,8,20,0E,00,00,01,04,FF,01,
12914841,00000121,false,Rx,0,8,CB,0E,00,C0,36,57,7E,FE,
12914854,0000009F,false,Rx,0,8,A5,3E,1D,80,03,0E,00,40,
12914867,00000086,false,Rx,0,8,2C,0E,2D,20,00,00,00,00,
12922442,000000A7,false,Rx,0,8,0D,DD,E0,83,FC,3D,B8,3E,
12922465,000000A8,false,Rx,0,8,4C,BD,1E,D8,84,64,34,0D,
12922479,0000012E,false,Rx,0,8,25,EA,7F,00,FE,00,C0,FF,
12922492,00000365,false,Rx,0,8,C1,C6,18,40,90,02,AC,7A,
12922505,0000032A,false,Rx,0,8,4C,07,00,00,44,04,00,00,
12922518,00000086,false,Rx,0,8,48,0F,2D,20,00,00,00,00,
12922531,0000009F,false,Rx,0,8,C1,3F,1D,80,03,0E,00,40,
12922544,0000011D,false,Rx,0,8,DD,00,00,C8,00,00,00,00,
12925043,00000040,false,Rx,0,8,73,0E,00,00,C1,00,00,00,
12925056,00000117,false,Rx,0,8,02,0A,00,40,68,00,00,FF,
12925339,000000A7,false,Rx,0,8,86,DE,E0,83,FC,3D,B8,3E,
12939314,000000B2,false,Rx,0,8,F1,00,F0,00,F6,00,F4,00,
12940538,000000FD,false,Rx,0,8,E4,DF,1F,80,B8,00,00,00,
12940555,00000104,false,Rx,0,8,D7,3F,A6,00,E6,00,02,00,
12940570,00000116,false,Rx,0,8,51,0F,29,AA,98,21,85,0F,
12940583,000003E5,false,Rx,0,8,A3,14,00,00,00,00,00,00,
12940596,0000012E,false,Rx,0,8,D1,EB,7F,00,FE,00,C0,FF,
12940610,000000A7,false,Rx,0,8,58,DF,E0,83,FC,3D,B8,3E,
12940623,000000A8,false,Rx,0,8,E4,BF,1E,98,84,64,28,0D,
12940636,00000641,false,Rx,0,8,63,24,2B,58,14,14,E4,52,
12949205,0000011E,false,Rx,0,8,07,00,00,00,00,00,E0,00,
12949230,000002B7,false,Rx,0,8,57,0E,00,00,00,00,00,00,
12951663,00000130,false,Rx,0,8,F5,84,2D,80,08,00,04,00,
12951687,00000117,false,Rx,0,8,66,0B,00,40,68,00,00,FF,
12951701,000000A7,false,Rx,0,8,E5,D0,20,84,FC,41,B8,3E,
12951714,000000A8,false,Rx,0,8,FC,B0,1E,98,84,64,20,0D,
12951727,00000120,false,Rx,0,8,3F,00,00,00,01,04,FF,01,
12951740,00000121,false,Rx,0,8,B3,00,00,C0,36,57,7E,FE,
12951753,0000009F,false,Rx,0,8,4B,32,1D,80,03,0E,00,40,
12951767,00000086,false,Rx,0,8,C2,02,2D,20,00,00,00,00,
12960936,0000012E,false,Rx,0,8,72,EC,7F,00,FE,00,C0,FF,
12960962,000000A7,false,Rx,0,8,6D,D1,20,84,FC,41,B8,3E,
12961118,000000A8,false,Rx,0,8,C1,B1,1E,98,84,64,1C,0D,
12961131,000006B4,false,Rx,0,8,02,57,33,37,32,32,38,33,
12961144,0000011D,false,Rx,0,8,15,02,00,C8,00,00,00,00,
12961157,00000086,false,Rx,0,8,A6,03,2D,20,00,00,00,00,
12961170,0000009F,false,Rx,0,8,2F,33,1D,80,03,0E,00,40,
12961183,000000B2,false,Rx,0,8,F1,00,F0,00,EE,00,ED,00,
12971286,000000AD,false,Rx,0,8,88,ED,BF,FF,8F,20,00,10,
12972395,00000117,false,Rx,0,8,75,0C,00,40,68,00,00,FF,
12972412,000000A7,false,Rx,0,8,19,D2,20,84,FC,41,B8,3E,
12972426,000000A8,false,Rx,0,8,6A,B2,1E,98,84,64,20,0D,
12972439,00000365,false,Rx,0,8,C1,C6,18,40,90,02,AC,7A,
12972452,00000120,false,Rx,0,8,CA,01,00,00,01,04,FF,01,
12972465,00000121,false,Rx,0,8,DF,01,00,C0,36,57,7E,FE,
12972479,0000032A,false,Rx,0,8,0E,08,00,00,44,04,00,00,
12972492,00000086,false,Rx,0,8,B5,04,2D,20,00,00,00,00,
12980971,00000040,false,Rx,0,8,17,0F,00,00,C1,00,00,00,
12980996,0000012E,false,Rx,0,8,58,ED,7F,00,FE,00,C0,FF,
12981010,000000A7,false,Rx,0,8,98,D3,20,84,FC,41,B8,3E,
12981023,000000A8,false,Rx,0,8,FA,B3,1E,98,84,64,18,0D,
12981036,00000108,false,Rx,0,8,C8,17,D1,24,55,FE,00,00,
12981049,0000011D,false,Rx,0,8,71,03,00,C8,00,00,00,00,
12981062,00000086,false,Rx,0,8,D1,05,2D,20,00,00,00,00,
12981075,0000009F,false,Rx,0,8,ED,35,1D,80,03,0F,00,40,
12984410,00000380,false,Rx,0,8,28,06,40,00,00,00,00,FF,
12989739,000003EC,false,Rx,0,8,C1,00,00,00,00,08,01,00,
12989770,00000117,false,Rx,0,8,11,0D,00,40,68,00,00,FF,
12989890,000000A7,false,Rx,0,8,6B,E4,20,84,FC,41,B8,3E,
12989903,000000A8,false,Rx,0,8,26,B4,1E,98,84,64,10,0D,
12989916,0000011B,false,Rx,0,8,00,20,00,00,00,00,00,00,
12989929,00000120,false,Rx,0,8,32,02,00,00,01,04,FF,01,
12989942,00000121,false,Rx,0,8,50,02,00,C0,36,57,7E,FE,
12989955,0000009F,false,Rx,0,8,41,36,1D,80,03,0F,00,40,
12996645,000000B2,false,Rx,0,8,EB,00,EA,00,E6,00,E6,00,
12996665,000000FD,false,Rx,0,8,C5,D2,1F,80,AD,00,00,00,
12996678,00000104,false,Rx,0,8,5D,32,A6,00,E6,00,02,00,
12996771,00000116,false,Rx,0,8,82,02,2B,B2,A8,61,85,0F,
12996784,00000392,false,Rx,0,8,51,23,00,00,00,00,00,04,
12996801,000002B7,false,Rx,0,8,FE,0F,00,00,00,00,00,00,
12996814,0000012E,false,Rx,0,8,82,EE,7F,00,FE,00,C0,FF,
12996827,000000A7,false,Rx,0,8,83,E5,60,84,FC,45,B8,3E,
13003183,000000A8,false,Rx,0,8,E4,B5,1E,98,84,64,0C,0D,
13003200,0000011D,false,Rx,0,8,62,04,00,C8,00,00,00,00,
13003213,00000086,false,Rx,0,8,19,07,2D,20,00,00,00,00,
13003226,0000009F,false,Rx,0,8,25,37,1D,80,03,0F,00,40,
13003240,000000B2,false,Rx,0,8,EB,00,EA,00,E6,00,E6,00,
13003253,00000101,false,Rx,0,8,5B,03,7D,E8,A1,0E,40,00,
13003266,00000106,false,Rx,0,8,6A,83,82,04,08,04,F1,30,
13003279,00000108,false,Rx,0,8,8A,18,D1,24,55,FE,00,00,
13003800,00000395,false,Rx,0,8,18,0F,24,06,B2,41,4D,1C,
13017173,00000086,false,Rx,0,8,5B,08,2D,20,00,00,00,00,
13017204,000000B1,false,Rx,0,8,76,26,00,00,00,00,00,00,
13017219,000000B2,false,Rx,0,8,EB,00,EA,00,E6,00,E6,00,
13017232,000000FD,false,Rx,0,8,B0,D3,1F,80,AD,00,00,00,
13017245,00000104,false,Rx,0,8,39,33,A6,00,E6,00,02,00,
13017258,000003C8,false,Rx,0,8,00,00,54,24,04,12,80,4D,
13017301,00000116,false,Rx,0,8,E6,03,2B,B2,A8,61,85,0F,
13017314,000001A2,false,Rx,0,8,88,01,10,00,E1,06,80,13,
13027133,0000031B,false,Rx,0,8,86,07,F4,00,00,5B,15,00,
13027164,1B000013,true,Rx,0,8,13,00,04,01,09,00,00,00,
13027180,000003DB,false,Rx,0,8,50,00,01,00,04,20,01,6E,
13027193,000000AD,false,Rx,0,8,B4,E2,BF,FF,8F,20,00,10,
13027206,000000A7,false,Rx,0,8,99,E7,60,84,FC,45,B8,3E,
13027219,0000012E,false,Rx,0,8,85,EF,7F,00,FE,00,C0,FF,
13027232,000000A8,false,Rx,0,8,89,B7,1E,98,84,64,00,0D,
13027245,00000365,false,Rx,0,8,C1,C6,18,40,90,02,AC,7A,
13034320,0000011D,false,Rx,0,8,06,05,00,C8,00,00,00,00,
13035595,000000B2,false,Rx,0,8,E3,00,E0,00,E6,00,E6,00,
13035610,00000101,false,Rx,0,8,8F,04,7D,E8,A1,12,40,00,
13035624,00000106,false,Rx,0,8,8D,84,83,04,08,04,F1,30,
13035637,0000011E,false,Rx,0,8,B7,04,00,00,00,00,D0,00,
13035650,0000030B,false,Rx,0,8,10,0F,02,02,08,00,06,00,
13035663,00000040,false,Rx,0,8,55,00,00,00,C1,00,00,00,
13035676,00000117,false,Rx,0,8,D9,0F,00,40,68,00,00,FF,
13035689,000000A7,false,Rx,0,8,D4,E8,60,84,FC,45,B8,3E,
13035780,00000086,false,Rx,0,8,93,0A,2D,20,00,00,00,00,
13044211,000000B2,false,Rx,0,8,E3,00,E0,00,E5,00,E6,00,
13046830,000000FD,false,Rx,0,8,8B,D4,1F,80,AC,00,00,00,
13046858,00000104,false,Rx,0,8,2A,34,A6,00,E6,00,02,00,
13046873,17F00072,true,Rx,0,8,00,00,00,00,00,00,00,00,
13046886,00000116,false,Rx,0,8,1A,04,2B,B2,B8,A1,85,0F,
13046992,00000126,false,Rx,0,8,4C,33,00,00,03,FE,07,00,
13047006,000003E5,false,Rx,0,8,E2,15,00,00,00,00,00,00,
13047019,0000012E,false,Rx,0,8,AC,E0,7F,00,FE,00,C0,FF,
13057471,000000A7,false,Rx,0,8,9E,E9,A0,84,FC,49,B8,3E,
13057628,000000A8,false,Rx,0,8,E4,B9,1E,D8,84,64,00,0D,
13057641,0000011D,false,Rx,0,8,AA,06,00,C8,00,00,00,00,
13057654,00000086,false,Rx,0,8,F7,0B,2D,20,00,00,00,00,
13057667,0000009F,false,Rx,0,8,B9,3B,1D,80,03,12,00,40,
13057693,000000B2,false,Rx,0,8,E3,00,E0,00,DF,00,DD,00,
13057706,00000101,false,Rx,0,8,20,05,7D,E8,A1,19,40,00,
13057719,00000106,false,Rx,0,8,7B,85,84,04,08,04,F1,30,
13067144,00000108,false,Rx,0,8,42,1A,D1,24,55,FE,00,00,
13067184,00000116,false,Rx,0,8,93,05,2C,B6,B8,A1,85,0F,
13067197,0000030D,false,Rx,0,4,00,00,00,00,00,00,00,00,
13067210,0000012E,false,Rx,0,8,A2,E1,7F,00,FE,00,C0,FF,
13067223,000000A7,false,Rx,0,8,5B,EB,A0,84,FD,49,B8,3E,
13067236,000000A8,false,Rx,0,8,4E,BB,1E,D8,84,64,04,0D,
13067250,0000011D,false,Rx,0,8,CE,07,00,C8,00,00,00,00,
13067262,00000086,false,Rx,0,8,80,0D,2D,20,00,00,00,00,
13075928,0000009F,false,Rx,0,8,CE,3D,1D,80,03,12,00,40,
13075957,000000B2,false,Rx,0,8,E3,00,E0,00,DF,00,DD,00,
13075971,00000101,false,Rx,0,8,78,06,7D,E8,A1,17,40,00,
13075996,00000106,false,Rx,0,8,23,86,85,04,08,04,F1,30,
13076009,0000011E,false,Rx,0,8,7F,06,00,00,00,00,D0,00,
13076022,0000031B,false,Rx,0,8,2F,08,EA,00,00,5C,15,00,
13076035,00000380,false,Rx,0,8,4C,07,40,00,00,00,00,FF,
13076048,000000AD,false,Rx,0,8,E3,E7,BF,FF,8F,20,00,10,
13076321,000005F0,false,Rx,0,8,64,E4,64,00,00,64,00,00,
13085425,1B000010,true,Rx,0,8,10,00,04,05,09,00,00,00,
13085556,00000040,false,Rx,0,8,31,01,00,00,C1,00,00,00,
13085569,00000520,false,Rx,0,8,44,04,00,08,00,0A,00,00,
13085582,0000012E,false,Rx,0,8,6B,E2,7F,00,FE,00,C0,FF,
13085595,000000A7,false,Rx,0,8,14,ED,A0,84,FD,49,B8,3E,
13085608,00000108,false,Rx,0,8,26,1B,D1,24,55,FE,00,00,
13085621,000000A8,false,Rx,0,8,7B,BD,1E,D8,84,64,00,0D,
13096214,0000011B,false,Rx,0,8,00,20,00,00,00,00,00,00,
13096241,00000120,false,Rx,0,8,59,07,00,00,01,04,FF,01,
13098856,00000121,false,Rx,0,8,41,07,00,80,36,57,7E,FE,
13098871,0000009F,false,Rx,0,8,01,30,1D,80,03,10,00,40,
13099012,00000086,false,Rx,0,8,0A,00,2D,20,00,00,00,00,
13099027,00000391,false,Rx,0,8,16,66,27,69,00,28,00,22,
13099040,000003BE,false,Rx,0,8,B1,16,E6,51,88,80,00,80,
13099053,000000B2,false,Rx,0,8,DC,00,D9,00,D5,00,D4,00,
13099066,000000FD,false,Rx,0,8,A5,D7,1F,80,9F,00,00,00,
13099114,00000104,false,Rx,0,8,86,37,A6,00,E6,00,02,00,
13104337,000000B2,false,Rx,0,8,DC,00,D9,00,D5,00,D4,00,
13104353,00000101,false,Rx,0,8,77,08,7D,E6,A1,17,40,00,
13104366,00000106,false,Rx,0,8,36,88,86,04,08,04,F1,30,
13104379,00000108,false,Rx,0,8,35,1C,D1,24,55,FE,00,00,
13104392,0000011E,false,Rx,0,8,59,08,00,00,00,00,D0,00,
13104406,0000030D,false,Rx,0,4,00,00,00,00,00,00,00,00,
13104418,00000395,false,Rx,0,8,18,09,24,06,B2,41,4D,1C,
13105340,00000117,false,Rx,0,8,37,03,00,40,68,00,00,FF,
13119958,000000B1,false,Rx,0,8,85,27,00,00,00,00,00,00,
13119989,000000B2,false,Rx,0,8,DC,00,D9,00,D5,00,D4,00,
13120006,000000FD,false,Rx,0,8,62,D8,1F,80,9F,00,00,00,
13120133,00000104,false,Rx,0,8,C4,38,A6,00,E6,00,02,00,
13120146,000003C8,false,Rx,0,8,00,00,54,24,05,12,80,4D,
13120159,00000116,false,Rx,0,8,CA,08,2D,BA,C8,E1,85,0F,
13120173,0000031B,false,Rx,0,8,B1,09,E0,00,00,5D,15,00,
13120186,000003DB,false,Rx,0,8,50,00,01,00,04,20,01,6E,
13123904,0000009F,false,Rx,0,8,2F,33,1D,80,03,0E,00,40,
13123920,0000011D,false,Rx,0,8,44,0A,00,C8,00,00,00,00,
13123933,000000B2,false,Rx,0,8,D2,00,CE,00,D5,00,D4,00,
13123946,00000101,false,Rx,0,8,AA,09,7E,E6,A1,13,40,00,
13123959,00000106,false,Rx,0,8,52,89,86,04,08,04,F1,30,
13123972,0000011E,false,Rx,0,8,DD,09,00,00,00,00,C0,00,
13136461,0000009F,false,Rx,0,8,3C,34,1D,80,03,0E,00,40,
13136489,00000086,false,Rx,0,8,B5,04,2D,20,00,00,00,00,
13136624,000000B2,false,Rx,0,8,D1,00,CE,00,D5,00,D4,00,
13136637,000000FD,false,Rx,0,8,50,D9,1F,80,9F,00,00,00,
13136650,00000104,false,Rx,0,8,A0,39,A6,00,E6,00,02,00,
13136663,00000116,false,Rx,0,8,53,09,2D,BA,D8,21,86,0F,
13136676,000003E5,false,Rx,0,8,EB,16,00,00,00,00,00,00,
13136689,0000012E,false,Rx,0,8,35,E5,7F,00,FE,00,C0,FF,
13145835,0000011D,false,Rx,0,8,20,0B,00,C8,00,00,00,00,
13145860,00000086,false,Rx,0,8,D1,05,2D,20,00,00,00,00,
13145873,0000009F,false,Rx,0,8,58,35,1D,80,03,0E,00,40,
13145887,000000B2,false,Rx,0,8,D1,00,CE,00,CB,00,D4,00,
13145900,00000101,false,Rx,0,8,BF,0A,7E,E5,A1,11,40,00,
13145913,00000106,false,Rx,0,8,0A,8A,87,04,08,04,F1,30,
13145926,0000011E,false,Rx,0,8,71,0A,00,00,00,00,C0,00,
13145939,000002B7,false,Rx,0,8,55,02,00,00,00,00,00,00,
13156234,00000121,false,Rx,0,8,18,0A,00,80,36,57,7E,FE,
13156259,0000009F,false,Rx,0,8,41,36,1D,80,03,0F,00,40,
13158988,00000086,false,Rx,0,8,7D,06,2D,20,00,00,00,00,
13159006,00000381,false,Rx,0,8,FF,FF,FF,FF,FF,FF,FF,9F,
13159020,00000382,false,Rx,0,8,FF,FF,FF,FF,FF,FF,FF,9F,
13159033,00000497,false,Rx,0,8,00,40,00,00,64,46,00,20,
13159046,000000B2,false,Rx,0,8,D1,00,CE,00,C9,00,C7,00,
13159059,000000FD,false,Rx,0,8,4A,DA,1F,80,96,00,00,00,
13159072,00000108,false,Rx,0,8,25,1E,D1,24,56,FE,00,00,
13159085,00000104,false,Rx,0,8,0C,3A,A6,00,E6,00,02,00,
13169492,000000B2,false,Rx,0,8,D1,00,CE,00,C9,00,C7,00,
13169517,00000101,false,Rx,0,8,FD,0B,7E,E4,A1,0C,40,00,
13169647,00000106,false,Rx,0,8,6E,8B,87,04,08,04,F1,30,
13169661,0000011E,false,Rx,0,8,15,0B,00,00,00,00,C0,00,
13169674,0000031B,false,Rx,0,8,FB,0A,D4,00,00,5E,15,00,
13169687,000000AD,false,Rx,0,8,50,E1,BF,FF,8F,20,00,10,
13169700,00000117,false,Rx,0,8,EC,06,00,40,68,00,00,FF,
13169713,000000A7,false,Rx,0,8,B4,E6,E0,84,FD,4D,B8,3E,
13178558,000000B2,false,Rx,0,8,D1,00,CE,00,C9,00,C7,00,
13178583,000000FD,false,Rx,0,8,65,DB,1F,80,96,00,00,00,
13178597,00000104,false,Rx,0,8,68,3B,A6,00,E6,00,02,00,
13178610,00000116,false,Rx,0,8,D7,0B,2E,BE,D8,21,86,0F,
13178623,0000030B,false,Rx,0,8,10,02,02,02,08,00,05,00,
13178636,000006B7,false,Rx,0,8,9D,27,A1,73,06,18,00,6E,
13178649,000006B8,false,Rx,0,8,A6,27,B4,70,26,6C,00,00,
13178663,00000040,false,Rx,0,8,F9,03,00,00,C1,00,00,00,
13189847,000000B2,false,Rx,0,8,C3,00,C1,00,C9,00,C7,00,
13189876,00000101,false,Rx,0,8,6D,0C,7E,E3,A1,0C,40,00,
13190010,00000106,false,Rx,0,8,82,8C,88,04,08,04,F1,30,
13190023,0000011E,false,Rx,0,8,06,0C,00,00,00,00,C0,00,
13190036,000003EC,false,Rx,0,8,C1,00,00,00,00,08,01,00,
13190050,00000117,false,Rx,0,8,88,07,00,40,68,00,00,FF,
13190063,000000A7,false,Rx,0,8,70,E8,E0,84,FD,4D,B8,3E,
13190076,000000A8,false,Rx,0,8,3C,B8,1E,98,85,64,E0,0C,
13197932,000000FD,false,Rx,0,8,FC,DC,1F,80,96,00,00,00,
13197963,00000104,false,Rx,0,8,7B,3C,A6,00,E6,00,02,00,
13197976,0000065F,false,Rx,0,8,2E,20,00,00,00,00,37,79,
13197989,00000116,false,Rx,0,8,77,0C,2E,BE,E8,61,86,0F,
13198002,00000392,false,Rx,0,8,26,25,00,00,00,00,00,04,
13198016,00000670,false,Rx,0,8,20,10,00,00,00,01,00,88,
13198029,000002B7,false,Rx,0,8,0C,03,00,00,00,00,00,00,
13198042,0000012E,false,Rx,0,8,05,E8,7F,00,FE,00,C0,FF,
13205853,000000B2,false,Rx,0,8,C3,00,C1,00,BB,00,C4,00,
13205881,00000101,false,Rx,0,8,5D,0D,7E,E2,A1,0C,40,00,
13205895,00000106,false,Rx,0,8,E6,8D,88,04,08,04,F1,30,
13205908,00000108,false,Rx,0,8,03,10,D1,24,56,FE,00,00,
13205921,0000011E,false,Rx,0,8,9C,0D,00,00,00,00,B0,00,
13205934,000001AB,false,Rx,0,8,7D,09,00,02,00,00,05,00,
13205948,0000030D,false,Rx,0,4,00,00,00,00,00,00,00,00,
13205960,00000395,false,Rx,0,8,18,03,24,06,B3,41,4F,1C,
13208769,00000120,false,Rx,0,8,4B,0D,00,00,01,04,FF,01,
13208788,00000121,false,Rx,0,8,65,0D,00,80,36,57,7E,FE,
13208802,0000009F,false,Rx,0,8,AA,3C,1D,80,03,12,00,40,
13208816,00000086,false,Rx,0,8,E4,0C,2D,20,00,00,00,00,
13221744,1B000013,true,Rx,0,8,13,00,04,01,09,00,00,00,
13221775,000003DB,false,Rx,0,8,50,00,01,00,04,20,01,6E,
13221792,000000AD,false,Rx,0,8,BC,E6,BF,FF,8F,20,00,10,
13221805,000000A7,false,Rx,0,8,D2,FB,20,85,FD,51,B8,3E,
13221818,0000012E,false,Rx,0,8,79,E9,7F,00,FE,00,C0,FF,
13221831,000000A8,false,Rx,0,8,AC,BB,1E,98,85,64,E8,0C,
13221844,00000365,false,Rx,0,8,C1,C6,18,40,90,02,AC,7A,
13221857,0000032A,false,Rx,0,8,D5,0D,00,00,44,04,00,00,
13230923,00000040,false,Rx,0,8,EA,04,00,00,C1,00,00,00,
13230949,00000380,false,Rx,0,8,6A,09,40,00,00,00,00,FF,
13230963,00000117,false,Rx,0,8,AE,09,00,40,68,00,00,FF,
13230976,000000A7,false,Rx,0,8,6D,FC,20,85,FD,51,B8,3E,
13230989,000000A8,false,Rx,0,8,22,BC,1E,98,85,64,F0,0C,
13231002,00000108,false,Rx,0,8,67,11,D1,24,56,FE,00,00,
13231015,00000396,false,Rx,0,8,1C,01,00,11,00,00,00,00,
13231029,00000120,false,Rx,0,8,20,0E,00,00,01,04,FF,01,
13239598,000003E5,false,Rx,0,8,F7,17,00,00,00,00,00,00,
13239621,0000012E,false,Rx,0,8,25,EA,7F,00,FE,00,C0,FF,
13239635,000000A7,false,Rx,0,8,9D,FD,20,85,FD,51,B8,3E,
13239649,000000A8,false,Rx,0,8,41,BD,1E,98,85,64,F8,0C,
13239661,000003E8,false,Rx,0,8,00,B7,00,00,00,00,00,00,
13239675,0000011D,false,Rx,0,8,DD,00,00,C8,00,00,00,00,
13239688,00000086,false,Rx,0,8,48,0F,2D,20,00,00,00,00,
13239701,0000009F,false,Rx,0,8,06,3F,1D,80,03,12,00,40,
13250760,000000B2,false,Rx,0,8,B5,00,B3,00,BA,00,B8,00,
13250785,00000101,false,Rx,0,8,FA,0F,7E,E0,A1,10,40,00,
13250935,00000106,false,Rx,0,8,2E,8F,88,04,08,04,F1,30,
13250948,0000011E,false,Rx,0,8,54,0F,00,00,00,00,B0,00,
13250961,000002B7,false,Rx,0,8,BC,04,00,00,00,00,00,00,
13250974,00000117,false,Rx,0,8,02,0A,00,40,68,00,00,FF,
13250988,000000A7,false,Rx,0,8,16,FE,20,85,FD,51,B8,3E,
13251001,000000A8,false,Rx,0,8,CB,BE,1E,98,85,64,FC,0C,
13261284,0000030D,false,Rx,0,4,00,00,00,00,00,00,00,00,
13261307,0000012E,false,Rx,0,8,D1,EB,7F,00,FE,00,C0,FF,
13261321,000000A7,false,Rx,0,8,C8,FF,20,85,FD,51,B8,3E,
13263268,000000A8,false,Rx,0,8,D6,BF,1E,98,85,64,00,0D,
13263281,0000011D,false,Rx,0,8,B9,01,00,C8,00,00,00,00,
13263294,00000086,false,Rx,0,8,6E,01,2D,20,00,00,00,00,
13263307,0000009F,false,Rx,0,8,65,31,1D,80,03,10,00,40,
13263320,000000B2,false,Rx,0,8,B3,00,B2,00,B5,00,B8,00,
13268290,00000101,false,Rx,0,8,B8,00,7E,E0,A1,10,40,00,
13268303,00000106,false,Rx,0,8,6C,80,88,04,08,04,F1,30,
13268316,0000011E,false,Rx,0,8,16,00,00,00,00,00,B0,00,
13271953,0000031B,false,Rx,0,8,04,0C,C2,00,00,5F,15,00,
13271967,000000AD,false,Rx,0,8,94,EB,BF,FF,8F,20,00,10,
13271980,00000117,false,Rx,0,8,66,0B,00,40,68,00,00,FF,
13272092,000000A7,false,Rx,0,8,C6,F0,20,85,FD,4D,B8,3E,
13272105,000000A8,false,Rx,0,8,BE,B0,1E,98,85,64,00,0D,
13272119,00000365,false,Rx,0,8,C1,C6,18,40,91,02,AC,7A,
13272131,00000120,false,Rx,0,8,3F,00,00,00,01,04,FF,01,
13272145,00000121,false,Rx,0,8,C9,00,00,40,36,57,7E,FE,
13280860,000005F0,false,Rx,0,8,64,E4,64,00,00,64,00,00,
13280874,000000B2,false,Rx,0,8,B3,00,B2,00,AC,00,AF,00,
13280887,000000FD,false,Rx,0,8,54,D0,1F,80,82,00,00,00,
13280901,00000104,false,Rx,0,8,95,30,A6,00,E6,00,02,00,
13280914,00000116,false,Rx,0,8,41,00,30,C2,F8,A1,86,0F,
13280927,0000030B,false,Rx,0,8,10,04,02,01,08,00,04,00,
13280941,1B000010,true,Rx,0,8,10,00,04,05,09,00,00,00,
13280955,00000040,false,Rx,0,8,8E,05,00,00,C1,00,00,00,
13289910,00000117,false,Rx,0,8,75,0C,00,40,68,00,00,FF,
13289935,000000A7,false,Rx,0,8,45,F2,E0,84,FD,4D,B8,3E,
13289949,000000A8,false,Rx,0,8,60,B2,1E,98,85,64,0C,0D,
13290047,0000011B,false,Rx,0,8,00,20,00,00,00,00,00,00,
13290060,00000120,false,Rx,0,8,CA,01,00,00,01,04,FF,01,
13290073,00000121,false,Rx,0,8,A5,01,00,40,36,57,7E,FE,
13290124,0000009F,false,Rx,0,8,BE,34,1D,80,03,10,00,40,
13290137,00000086,false,Rx,0,8,B5,04,2D,20,00,00,00,00,
13299319,000000FD,false,Rx,0,8,99,D1,1F,80,7F,00,00,00,
13302219,00000104,false,Rx,0,8,F1,31,A6,00,E6,00,02,00,
13302234,00000116,false,Rx,0,8,5A,01,30,C6,F8,A1,86,0F,
13304835,00000392,false,Rx,0,8,8A,26,00,00,00,00,00,04,
13304861,000002B7,false,Rx,0,8,44,05,00,00,00,00,00,00,
13304875,0000012E,false,Rx,0,8,58,ED,7F,00,FE,00,C0,FF,
13304888,000000A7,false,Rx,0,8,C4,F3,E0,84,FD,4D,B8,3E,
13304919,000000A8,false,Rx,0,8,27,B3,1E,98,85,64,10,0D,
13304932,0000011D,false,Rx,0,8,71,03,00,C8,00,00,00,00,
13304945,00000086,false,Rx,0,8,D1,05,2D,20,00,00,00,00,
13304958,0000009F,false,Rx,0,8,DA,35,1D,80,03,10,00,40,
13309594,000000A7,false,Rx,0,8,FE,F4,E0,84,FD,4D,B8,3E,
13309611,000000A8,false,Rx,0,8,B3,B4,1E,98,85,64,14,0D,
13309625,00000120,false,Rx,0,8,32,02,00,00,01,04,FF,01,
13309638,00000121,false,Rx,0,8,2A,02,00,40,36,57,7E,FE,
13309651,0000009F,false,Rx,0,8,76,36,1D,80,03,10,00,40,
13309664,00000086,false,Rx,0,8,7D,06,2D,20,00,00,00,00,
13309677,00000381,false,Rx,0,8,FF,FF,FF,FF,FF,FF,FF,BF,
13326900,000000A7,false,Rx,0,8,85,F5,E0,84,FD,4D,B8,3E,
13326935,000000A8,false,Rx,0,8,91,B5,1E,98,85,64,18,0D,
13326952,0000012E,false,Rx,0,8,82,EE,7F,00,FE,00,C0,FF,
13326965,00000365,false,Rx,0,8,C1,C6,18,40,8F,02,AC,7A,
13326978,0000032A,false,Rx,0,8,1D,0F,00,00,44,04,00,00,
13326991,00000086,false,Rx,0,8,19,07,2D,20,00,00,00,00,
13327004,0000009F,false,Rx,0,8,12,37,1D,80,03,10,00,40,
13327017,0000011D,false,Rx,0,8,62,04,00,C8,00,00,00,00,
13337561,0000009F,false,Rx,0,8,50,38,1D,80,03,10,00,40,
13337585,00000086,false,Rx,0,8,5B,08,2D,20,00,00,00,00,
13337599,000000B2,false,Rx,0,8,9F,00,9F,00,A8,00,A7,00,
13337612,000000FD,false,Rx,0,8,8E,D3,1F,80,7E,00,00,00,
13337625,00000104,false,Rx,0,8,39,33,A6,00,E6,00,02,00,
13337639,00000116,false,Rx,0,8,EE,03,30,C6,08,E2,86,0F,
13337652,000003E5,false,Rx,0,8,5A,18,00,00,00,00,00,00,
13337665,000006B2,false,Rx,0,8,71,9D,27,A1,A1,40,EF,28,
13347401,17F00012,true,Rx,0,8,20,12,00,00,00,00,00,00,
13347426,000000B2,false,Rx,0,8,9F,00,9F,00,9C,00,A2,00,
13347442,00000101,false,Rx,0,8,43,04,7E,DE,A1,0F,40,00,
13347455,00000106,false,Rx,0,8,D3,84,88,04,08,04,F1,30,
13347468,0000011E,false,Rx,0,8,46,04,00,00,00,00,90,00,
13347481,000002B7,false,Rx,0,8,92,06,00,00,00,00,00,00,
13347507,00000117,false,Rx,0,8,D9,0F,00,40,68,00,00,FF,
13347520,000000A7,false,Rx,0,8,02,08,21,85,FD,51,B8,3E,
13358267,00000497,false,Rx,0,8,00,40,00,00,64,46,00,20,
13359402,000000B2,false,Rx,0,8,9F,00,9F,00,96,00,97,00,
13359418,000000FD,false,Rx,0,8,D1,D4,1F,80,71,00,00,00,
13359434,00000108,false,Rx,0,8,74,16,D1,24,56,FE,00,00,
13359447,00000104,false,Rx,0,8,2A,34,A6,00,E6,00,02,00,
13359560,00000116,false,Rx,0,8,09,04,31,C6,08,E2,86,0F,
13359573,0000030D,false,Rx,0,4,00,00,00,00,00,00,00,00,
13359586,0000012E,false,Rx,0,8,AC,E0,7F,00,FE,00,C0,FF,
13359599,000000A7,false,Rx,0,8,D2,09,21,85,FD,51,B8,3E,
13367238,000000B2,false,Rx,0,8,9F,00,9F,00,96,00,94,00,
13368929,00000101,false,Rx,0,8,51,05,7D,DE,A1,0D,40,00,
13368948,00000106,false,Rx,0,8,B7,85,88,04,08,04,F1,30,
13368962,0000011E,false,Rx,0,8,22,05,00,00,00,00,90,00,
13369101,0000031B,false,Rx,0,8,2B,0E,9E,00,00,61,15,00,
13369115,000000AD,false,Rx,0,8,A2,E5,BF,FF,8F,20,00,10,
13369128,00000117,false,Rx,0,8,9B,00,00,40,68,00,00,FF,
13369141,000000A7,false,Rx,0,8,D4,0A,21,85,FD,51,B8,3E,
13369154,000000A8,false,Rx,0,8,B4,BA,1E,98,85,64,28,0D,
13379105,000000B2,false,Rx,0,8,9F,00,9F,00,96,00,94,00,
13379130,000000FD,false,Rx,0,8,E6,D5,1F,80,70,00,00,00,
13379262,00000104,false,Rx,0,8,4E,35,A6,00,E6,00,02,00,
13379275,00000116,false,Rx,0,8,EC,05,31,CA,08,E2,86,0F,
13379288,0000030B,false,Rx,0,8,10,06,02,01,08,00,04,00,
13379301,00000040,false,Rx,0,8,46,07,00,00,C1,00,00,00,
13379314,0000012E,false,Rx,0,8,A2,E1,7F,00,FE,00,C0,FF,
13386256,000000A7,false,Rx,0,8,BA,0B,21,85,FD,51,B8,3E,
13386280,00000108,false,Rx,0,8,10,17,D1,24,56,FE,00,00,
13386298,000000A8,false,Rx,0,8,E9,BB,1E,98,85,64,30,0D,
13386311,0000011D,false,Rx,0,8,CE,07,00,C8,00,00,00,00,
13389700,00000086,false,Rx,0,8,80,0D,2D,20,00,00,00,00,
13389722,0000009F,false,Rx,0,8,09,3D,1D,80,03,0E,00,40,
13389829,000000B2,false,Rx,0,8,9C,00,9B,00,96,00,94,00,
13389842,00000101,false,Rx,0,8,87,06,7D,DE,A1,0A,40,00,
13389855,00000106,false,Rx,0,8,1B,86,88,04,08,04,F1,30,
13389868,0000011E,false,Rx,0,8,8E,06,00,00,00,00,90,00,
13389881,00000380,false,Rx,0,8,A2,0B,40,00,00,00,00,FF,
13389895,000003EC,false,Rx,0,8,C1,00,00,00,00,08,01,00,
13398752,000000B2,false,Rx,0,8,91,00,90,00,96,00,94,00,
13398777,000000FD,false,Rx,0,8,F4,D6,1F,80,70,00,00,00,
13398791,00000104,false,Rx,0,8,E2,36,A6,00,E6,00,02,00,
13398804,00000116,false,Rx,0,8,40,06,31,CA,08,E2,86,0F,
13398817,00000392,false,Rx,0,8,EE,27,00,00,00,00,00,04,
13398830,0000065D,false,Rx,0,8,FD,35,2B,10,00,00,62,7A,
13398845,17F00013,true,Rx,0,8,20,13,00,00,00,00,00,80,
13398858,000002B7,false,Rx,0,8,C0,07,00,00,00,00,00,00,
13405508,000000B2,false,Rx,0,8,89,00,88,00,96,00,94,00,
13405531,00000101,false,Rx,0,8,E3,07,7D,DE,A1,0A,40,00,
13405547,00000106,false,Rx,0,8,7F,87,88,04,08,04,F1,30,
13405560,00000108,false,Rx,0,8,52,18,D1,24,56,FE,00,00,
13405573,0000011E,false,Rx,0,8,EA,07,00,00,00,00,90,00,
13405586,000001AB,false,Rx,0,8,90,0A,00,02,00,00,05,00,
13405599,0000030D,false,Rx,0,4,00,00,00,00,00,00,00,00,
13405612,0000064A,false,Rx,0,4,00,00,00,00,00,00,00,00,
13406838,00000120,false,Rx,0,8,59,07,00,00,01,04,FF,01,
13426831,00000086,false,Rx,0,8,6E,01,2D,20,00,00,00,00,
13426861,0000009F,false,Rx,0,8,52,31,1D,80,03,0F,00,40,
13426877,0000011D,false,Rx,0,8,E8,09,00,C8,00,00,00,00,
13426890,000000B2,false,Rx,0,8,89,00,88,00,8D,00,94,00,
13426903,00000101,false,Rx,0,8,A5,08,7D,DE,A1,07,40,00,
13426916,00000106,false,Rx,0,8,3D,88,88,04,08,04,F1,30,
13426929,0000011E,false,Rx,0,8,48,08,00,00,00,00,80,00,
13426943,0000030B,false,Rx,0,8,10,07,02,01,08,00,04,00,
13437848,0000009F,false,Rx,0,8,FE,32,1D,80,03,0F,00,40,
13437872,00000086,false,Rx,0,8,C2,02,2D,20,00,00,00,00,
13437886,000000B2,false,Rx,0,8,89,00,88,00,83,00,8B,00,
13437899,000000FD,false,Rx,0,8,4F,D8,1F,80,66,00,00,00,
13437913,00000104,false,Rx,0,8,C4,38,A6,00,E6,00,02,00,
13437925,00000116,false,Rx,0,8,87,08,31,CA,18,22,87,0F,
13437939,000003E5,false,Rx,0,8,B7,19,00,00,00,00,00,00,
13437952,0000012E,false,Rx,0,8,D5,E4,7F,00,FE,00,C0,FF,
13447782,000000B2,false,Rx,0,8,89,00,88,00,7F,00,83,00,
13447806,00000101,false,Rx,0,8,80,09,7D,DE,A1,08,40,00,
13447942,00000106,false,Rx,0,8,59,89,88,04,08,04,F1,30,
13447955,0000011E,false,Rx,0,8,2C,09,00,00,00,00,80,00,
13447968,000002B7,false,Rx,0,8,12,08,00,00,00,00,00,00,
13447981,00000117,false,Rx,0,8,24,04,00,40,68,00,00,FF,
13447994,000000A7,false,Rx,0,8,D7,02,A1,84,FE,45,B8,3E,
13448007,000000A8,false,Rx,0,8,0E,B2,1E,98,85,64,64,0D,
13458136,00000497,false,Rx,0,8,00,40,00,00,64,46,00,20,
13458161,0000054B,false,Rx,0,8,00,00,00,00,00,00,00,24,
13458177,17F0000A,true,Rx,0,8,00,0A,00,00,00,00,00,80,
13458190,000000B2,false,Rx,0,8,89,00,88,00,7F,00,7C,00,
13458203,000000FD,false,Rx,0,8,C2,D9,1F,80,5E,00,00,00,
13458216,00000108,false,Rx,0,8,9A,1A,D1,24,56,FE,00,00,
13458229,00000104,false,Rx,0,8,A0,39,A6,00,E6,00,02,00,
13458243,00000116,false,Rx,0,8,D0,09,32,CA,18,22,87,0F,
13467442,0000009F,false,Rx,0,8,DA,35,1D,80,03,10,00,40,
13467459,000000B2,false,Rx,0,8,89,00,88,00,7F,00,7A,00,
13467608,00000101,false,Rx,0,8,13,0A,7D,DE,A1,0D,40,00,
13467622,00000106,false,Rx,0,8,F5,8A,88,04,08,04,F1,30,
13467635,0000011E,false,Rx,0,8,80,0A,00,00,00,00,80,00,
13467648,0000031B,false,Rx,0,8,04,00,82,00,00,62,15,00,
13467674,00000380,false,Rx,0,8,B1,0C,40,00,00,00,00,FF,
13467687,000000AD,false,Rx,0,8,03,EF,BF,FF,8F,20,00,10,
13478495,000003C0,false,Rx,0,4,C5,0C,03,00,00,00,00,00,
13478519,00000381,false,Rx,0,8,FF,FF,FF,FF,FF,FF,FF,DF,
13478533,00000584,false,Rx,0,6,E9,06,00,00,00,00,00,00,
13478546,00000382,false,Rx,0,8,FF,FF,FF,FF,FF,FF,FF,DF,
13478559,000005F0,false,Rx,0,8,64,E4,64,00,00,64,00,00,
13478572,000000B2,false,Rx,0,8,89,00,88,00,7F,00,7A,00,
13478586,000000FD,false,Rx,0,8,56,DA,1F,80,5D,00,00,00,
13478599,00000104,false,Rx,0,8,0C,3A,A6,00,E6,00,02,00,
13488016,000000B2,false,Rx,0,8,82,00,80,00,7F,00,7A,00,
13488040,00000101,false,Rx,0,8,F5,0B,7D,DE,A1,13,40,00,
13488054,00000106,false,Rx,0,8,91,8B,88,04,08,04,F1,30,
13488067,0000011E,false,Rx,0,8,D7,0B,00,00,00,00,70,00,
13488080,00000117,false,Rx,0,8,EC,06,00,40,68,00,00,FF,
13488093,000000A7,false,Rx,0,8,AD,F6,60,84,FE,41,A8,3E,
13488106,000000A8,false,Rx,0,8,5A,A6,1E,58,85,64,78,0D,
13488119,0000011B,false,Rx,0,8,00,20,00,00,00,00,00,00,
13495630,000000B2,false,Rx,0,8,7A,00,7A,00,7F,00,7A,00,
13495654,000000FD,false,Rx,0,8,79,DB,1F,80,5D,00,00,00,
13495668,00000104,false,Rx,0,8,68,3B,A6,00,E6,00,02,00,
13495681,00000116,false,Rx,0,8,67,0B,32,CE,18,22,87,0F,
13495694,00000392,false,Rx,0,8,AC,28,00,00,00,00,00,04,
13495708,000002B7,false,Rx,0,8,7D,09,00,00,00,00,00,00,
13495721,0000012E,false,Rx,0,8,6C,E7,7F,00,FE,00,C0,FF,
13495734,000000A7,false,Rx,0,8,24,F7,60,84,FE,41,A8,3E,
13504587,0000011D,false,Rx,0,8,57,0D,00,C8,00,00,00,00,
13504611,00000086,false,Rx,0,8,3F,09,2D,20,00,00,00,00,
13504625,0000009F,false,Rx,0,8,03,39,1D,80,03,0F,00,40,
13504638,000000B2,false,Rx,0,8,74,00,74,00,7F,00,7A,00,
13504651,00000101,false,Rx,0,8,53,0C,7D,DE,A1,12,40,00,
13504664,00000106,false,Rx,0,8,82,8C,88,04,08,04,F1,30,
13504677,00000108,false,Rx,0,8,ED,1C,D1,24,56,FE,00,00,
13504690,0000011E,false,Rx,0,8,C4,0C,00,00,00,00,70,00,
13512693,00000117,false,Rx,0,8,88,07,00,40,68,00,00,FF,
13512718,000000A7,false,Rx,0,8,70,F8,20,84,FE,41,A8,3E,
13512732,000000A8,false,Rx,0,8,68,A8,1E,18,85,64,7C,0D,
13512745,00000120,false,Rx,0,8,FB,0C,00,00,01,04,FF,01,
13512758,00000121,false,Rx,0,8,76,0C,00,80,36,57,7E,FE,
13512771,0000009F,false,Rx,0,8,AF,3A,1D,80,03,0F,00,40,
13512784,00000086,false,Rx,0,8,93,0A,2D,20,00,00,00,00,
13512797,000000B1,false,Rx,0,8,C2,2B,00,00,00,00,00,00,
13516278,00000668,false,Rx,0,8,82,00,00,29,00,03,36,01,
13516293,000003DB,false,Rx,0,8,50,00,01,00,04,20,01,6E,
13516305,000000AD,false,Rx,0,8,97,E4,BF,FF,8F,20,00,10,
13516319,000000A7,false,Rx,0,8,A0,F9,20,84,FE,41,A8,3E,
13516339,0000012E,false,Rx,0,8,05,E8,7F,00,FE,00,C0,FF,
13525909,000000B2,false,Rx,0,8,6A,00,6A,00,7A,00,7A,00,
13525941,00000101,false,Rx,0,8,C7,0D,7D,DE,A1,11,40,00,
13525956,00000106,false,Rx,0,8,E6,8D,88,04,08,04,F1,30,
13525969,0000011E,false,Rx,0,8,A0,0D,00,00,00,00,70,00,
13525983,0000030B,false,Rx,0,8,10,09,02,01,08,00,03,00,
13525996,00000040,false,Rx,0,8,CC,0A,00,00,C1,00,00,00,
13526009,00000117,false,Rx,0,8,CA,08,00,40,68,00,00,FF,
13526022,000000A7,false,Rx,0,8,A6,FA,20,84,FE,41,A8,3E,
13536427,00000121,false,Rx,0,8,65,0D,00,80,36,57,7E,FE,
13536452,0000009F,false,Rx,0,8,D8,3C,1D,80,03,0F,00,40,
13536585,00000086,false,Rx,0,8,E4,0C,2D,20,00,00,00,00,
13536598,000000B2,false,Rx,0,8,6A,00,6A,00,74,00,7A,00,
13536611,000000FD,false,Rx,0,8,83,DD,1F,80,59,00,00,00,
13536626,17F00072,true,Rx,0,8,00,00,00,00,00,00,00,00,
13536639,00000104,false,Rx,0,8,1F,3D,A6,00,E6,00,02,00,
13536652,00000116,false,Rx,0,8,A3,0D,32,CE,28,62,87,0F,
13545398,0000011D,false,Rx,0,8,9F,0F,00,C8,00,00,00,00,
13545423,00000086,false,Rx,0,8,80,0D,2D,20,00,00,00,00,
13545436,0000009F,false,Rx,0,8,BC,3D,1D,80,03,0F,00,40,
13545562,000000B2,false,Rx,0,8,6A,00,6A,00,6E,00,74,00,
13545576,00000101,false,Rx,0,8,2E,0E,7D,DE,A1,13,40,00,
13545589,00000106,false,Rx,0,8,4A,8E,88,04,08,04,F1,30,
13545602,0000011E,false,Rx,0,8,EC,0E,00,00,00,00,60,00,
13545615,000002B7,false,Rx,0,8,73,0A,00,00,00,00,00,00,
13557545,00000120,false,Rx,0,8,20,0E,00,00,01,04,FF,01,
13557699,00000121,false,Rx,0,8,CB,0E,00,C0,36,57,7E,FE,
13557714,0000009F,false,Rx,0,8,10,3E,1D,80,03,0F,00,40,
13557745,00000086,false,Rx,0,8,2C,0E,2D,20,00,00,00,00,
13557758,00000381,false,Rx,0,8,FF,FF,FF,FF,FF,FF,FF,EF,
13557772,00000382,false,Rx,0,8,FF,FF,FF,FF,FF,FF,FF,EF,
13557785,00000497,false,Rx,0,8,00,40,00,00,64,46,00,20,
13557798,000000B2,false,Rx,0,8,6A,00,6A,00,69,00,6E,00,
13568902,000000B2,false,Rx,0,8,6A,00,6A,00,63,00,69,00,
13568926,00000101,false,Rx,0,8,C0,0F,7E,DD,A1,11,40,00,
13568940,00000106,false,Rx,0,8,2E,8F,88,04,08,04,F1,30,
13569077,0000011E,false,Rx,0,8,88,0F,00,00,00,00,60,00,
13569091,0000031B,false,Rx,0,8,0A,02,6C,00,00,62,15,00,
13569104,000000AD,false,Rx,0,8,70,E9,BF,FF,8F,20,00,10,
13569117,00000117,false,Rx,0,8,02,0A,00,40,68,00,00,FF,
13569130,000000A7,false,Rx,0,8,78,FE,E0,83,FE,3D,A8,3E,
13579820,000000B2,false,Rx,0,8,6A,00,6A,00,60,00,63,00,
13579850,000000FD,false,Rx,0,8,32,DF,1F,80,49,00,00,00,
13579923,00000104,false,Rx,0,8,D7,3F,A6,00,E6,00,02,00,
13579937,00000116,false,Rx,0,8,6B,0F,32,CE,28,62,87,0F,
13579950,0000030B,false,Rx,0,8,10,0A,02,01,08,00,02,00,
13579963,00000040,false,Rx,0,8,A8,0B,00,00,C1,00,00,00,
13579976,0000012E,false,Rx,0,8,D1,EB,7F,00,FE,00,C0,FF,
13579989,000000A7,false,Rx,0,8,A6,FF,E0,83,FE,3D,A8,3E,
13587109,00000101,false,Rx,0,8,82,00,7E,DD,A1,11,40,00,
13587133,00000106,false,Rx,0,8,6C,80,88,04,08,04,F1,30,
13587147,0000011E,false,Rx,0,8,CA,00,00,00,00,00,60,00,
13587160,000003EC,false,Rx,0,8,C1,00,00,00,00,08,01,00,
13587173,00000117,false,Rx,0,8,66,0B,00,40,68,00,00,FF,
13587186,000000A7,false,Rx,0,8,6F,F0,E0,83,FE,3D,A8,3E,
13587199,000000A8,false,Rx,0,8,AE,A0,1E,D8,84,64,A0,0D,
13587212,0000011B,false,Rx,0,8,00,20,00,00,00,00,00,00,
13588539,00000086,false,Rx,0,8,C2,02,2D,20,00,00,00,00,
13588554,00000391,false,Rx,0,8,16,65,26,6A,00,28,00,22,
13598371,000000B2,false,Rx,0,8,6A,00,6A,00,5D,00,5B,00,
13598518,000000FD,false,Rx,0,8,59,D0,1F,80,45,00,00,00,
13598532,00000104,false,Rx,0,8,95,30,A6,00,E6,00,02,00,
13598545,00000116,false,Rx,0,8,DD,00,33,CE,28,62,87,0F,
13598558,00000392,false,Rx,0,8,C8,29,00,00,00,00,00,04,
13598571,000002B7,false,Rx,0,8,05,0B,00,00,00,00,00,00,
13598585,0000012E,false,Rx,0,8,72,EC,7F,00,FE,00,C0,FF,
13598598,000000A7,false,Rx,0,8,3F,F1,E0,83,FD,3D,A8,3E,
13607978,000000B2,false,Rx,0,8,6A,00,6A,00,5D,00,56,00,
13608003,00000101,false,Rx,0,8,64,01,7E,DD,A1,0F,40,00,
13608139,00000106,false,Rx,0,8,08,81,88,04,08,04,F1,30,
13608153,00000108,false,Rx,0,8,03,10,D1,24,56,FE,00,00,
13608166,0000011E,false,Rx,0,8,AE,01,00,00,00,00,60,00,
13608179,000001AB,false,Rx,0,8,0E,0B,00,02,00,00,05,00,
13608192,0000030D,false,Rx,0,4,00,00,00,00,00,00,00,00,
13608205,00000395,false,Rx,0,8,18,0B,24,06,B4,41,4F,1C,
13615523,000000B1,false,Rx,0,8,E0,2C,00,00,00,00,00,00,
13615545,000000B2,false,Rx,0,8,66,00,66,00,5D,00,56,00,
13615559,000000FD,false,Rx,0,8,FE,D1,1F,80,44,00,00,00,
13615583,00000104,false,Rx,0,8,F1,31,A6,00,E6,00,02,00,
13615596,000003C8,false,Rx,0,8,00,00,54,24,05,12,80,4D,
13615609,00000116,false,Rx,0,8,EB,01,33,D2,28,62,87,0F,
13615623,000001A2,false,Rx,0,8,D2,04,10,00,E1,06,80,13,
13615636,0000031B,false,Rx,0,8,1F,03,60,00,00,63,15,00,
13618659,0000012E,false,Rx,0,8,58,ED,7F,00,FE,00,C0,FF,
13618675,00000365,false,Rx,0,8,C1,C6,18,40,8E,02,AC,7A,
13618688,0000032A,false,Rx,0,8,84,05,00,00,44,04,00,00,
13618701,00000086,false,Rx,0,8,D1,05,2D,20,00,00,00,00,
13631508,00000040,false,Rx,0,8,BB,0C,00,00,C1,00,00,00,
13631534,00000380,false,Rx,0,8,79,0E,40,00,00,00,00,FF,
13631549,00000117,false,Rx,0,8,11,0D,00,40,68,00,00,FF,
13631562,000000A7,false,Rx,0,8,31,F4,A0,83,FE,3D,A8,3E,
13631575,00000108,false,Rx,0,8,67,11,D1,24,56,FE,00,00,
13631588,000000A8,false,Rx,0,8,D6,A4,1E,98,84,64,B8,0D,
13631601,00000396,false,Rx,0,8,A3,05,00,11,00,00,00,00,
13631614,00000120,false,Rx,0,8,32,02,00,00,01,04,FF,01,
13635852,000003E5,false,Rx,0,8,A4,1B,00,00,00,00,00,00,
13635869,0000012E,false,Rx,0,8,82,EE,7F,00,FE,00,C0,FF,
13635882,000000A7,false,Rx,0,8,4A,F5,A0,83,FE,3D,A8,3E,
13635895,000000A8,false,Rx,0,8,84,A5,1E,98,84,64,BC,0D,
13637338,0000011D,false,Rx,0,8,62,04,00,C8,00,00,00,00,
13638339,00000086,false,Rx,0,8,19,07,2D,20,00,00,00,00,
13649449,000000B2,false,Rx,0,8,59,00,58,00,5D,00,56,00,
13649542,00000101,false,Rx,0,8,6F,03,7D,DD,A1,0C,40,00,
13649556,00000106,false,Rx,0,8,C0,83,88,04,08,04,F1,30,
13649573,0000011E,false,Rx,0,8,69,03,00,00,00,00,50,00,
13649586,000002B7,false,Rx,0,8,E6,0C,00,00,00,00,00,00,
13649599,00000117,false,Rx,0,8,BD,0E,00,40,68,00,00,FF,
13650108,000000A7,false,Rx,0,8,D9,F6,A0,83,FE,3D,A8,3E,
13650121,000000A8,false,Rx,0,8,02,A6,1E,98,84,64,C0,0D,
13659362,000000FD,false,Rx,0,8,44,D3,1F,80,44,00,00,00,
13659507,00000104,false,Rx,0,8,39,33,A6,00,E6,00,02,00,
13659521,00000108,false,Rx,0,8,CB,12,D1,24,56,FE,00,00,
13659534,00000116,false,Rx,0,8,23,03,33,D2,28,62,87,0F,
13659547,0000030D,false,Rx,0,4,00,00,00,00,00,00,00,00,
13659560,0000012E,false,Rx,0,8,85,EF,7F,00,FE,00,C0,FF,
13659573,000000A7,false,Rx,0,8,DA,F7,A0,83,FE,39,A8,3E,
13659586,000000A8,false,Rx,0,8,67,A7,1E,98,84,64,C8,0D,
13670259,000000B2,false,Rx,0,8,52,00,52,00,5D,00,56,00,
13670284,00000101,false,Rx,0,8,4F,04,7E,DD,A1,0C,40,00,
13670309,00000106,false,Rx,0,8,D3,84,88,04,08,04,F1,30,
13673674,0000011E,false,Rx,0,8,7A,04,00,00,00,00,50,00,
13673704,0000031B,false,Rx,0,8,03,04,60,00,00,63,15,00,
13673718,000000AD,false,Rx,0,8,35,E3,BF,FF,8F,20,00,10,
13673731,00000117,false,Rx,0,8,D9,0F,00,40,68,00,00,FF,
13673744,000000A7,false,Rx,0,8,97,F8,A0,83,FE,39,A8,3E,
13673757,000000A8,false,Rx,0,8,ED,A8,1E,98,84,64,D4,0D,
13673770,00000365,false,Rx,0,8,C1,C6,18,40,8F,02,AC,7A,
13673783,00000120,false,Rx,0,8,B6,04,00,00,01,04,FF,01,
13682127,00000520,false,Rx,0,8,E8,07,00,08,00,0A,00,00,
13682152,0000012E,false,Rx,0,8,AC,E0,7F,00,FE,00,C0,FF,
13682166,000000A7,false,Rx,0,8,47,F9,A0,83,FE,39,A8,3E,
13682179,00000108,false,Rx,0,8,AF,13,D1,24,56,FE,00,00,
13682192,000000A8,false,Rx,0,8,D7,A9,1E,98,84,64,D8,0D,
13682205,0000011D,false,Rx,0,8,AA,06,00,C8,00,00,00,00,
13682218,00000086,false,Rx,0,8,F7,0B,2D,20,00,00,00,00,
13682231,0000009F,false,Rx,0,8,CB,3B,1D,80,03,0F,00,40,
13691216,00000117,false,Rx,0,8,9B,00,00,40,68,00,00,FF,
13691241,000000A7,false,Rx,0,8,41,FA,A0,83,FE,39,A8,3E,
13691255,000000A8,false,Rx,0,8,B0,AA,1E,98,84,64,DC,0D,
13691268,0000011B,false,Rx,0,8,00,20,00,00,00,00,00,00,
13691282,00000120,false,Rx,0,8,B4,05,00,00,01,04,FF,01,
13691295,00000121,false,Rx,0,8,28,05,00,C0,36,57,7E,FE,
13691308,0000009F,false,Rx,0,8,EF,3C,1D,80,03,10,00,40,
13699496,00000086,false,Rx,0,8,E4,0C,2D,20,00,00,00,00,
13699518,00000391,false,Rx,0,8,16,66,27,67,00,28,00,22,
13699590,000003BE,false,Rx,0,8,DC,1C,E6,51,88,80,00,80,
13699603,00000640,false,Rx,0,8,A0,51,4E,97,7F,A0,59,01,
13699616,000000B2,false,Rx,0,8,4A,00,4A,00,55,00,56,00,
13699633,000000FD,false,Rx,0,8,0F,D5,1F,80,41,00,00,00,
13699646,00000104,false,Rx,0,8,4E,35,A6,00,E6,00,02,00,
13700157,00000116,false,Rx,0,8,54,05,33,D2,28,62,87,0F,
13708899,00000101,false,Rx,0,8,0D,06,7E,DD,A1,08,40,00,
13708914,00000106,false,Rx,0,8,E4,86,87,04,08,04,F1,30,
13709048,00000108,false,Rx,0,8,BC,14,D1,24,56,FE,00,00,
13709062,0000011E,false,Rx,0,8,B2,06,00,00,00,00,50,00,
13709075,0000030D,false,Rx,0,4,00,00,00,00,00,00,00,00,
13709087,00000395,false,Rx,0,8,18,05,24,06,B4,41,4F,1C,
13709101,00000380,false,Rx,0,8,1D,0F,40,00,00,00,00,FF,
13709147,00000117,false,Rx,0,8,FF,01,00,40,68,00,00,FF,
13717405,00000382,false,Rx,0,8,FF,FF,FF,FF,FF,FF,FF,0F,
13717434,000000B1,false,Rx,0,8,6E,2D,00,00,00,00,00,00,
13717448,000000B2,false,Rx,0,8,44,00,44,00,4F,00,53,00,
13717461,000000FD,false,Rx,0,8,F0,D6,1F,80,3C,00,00,00,
13717486,00000104,false,Rx,0,8,E2,36,A6,00,E6,00,02,00,
13717499,000003C8,false,Rx,0,8,00,00,54,24,05,12,80,4D,
13717512,00000116,false,Rx,0,8,F8,06,33,D2,28,62,87,0F,
13717525,0000031B,false,Rx,0,8,0E,05,54,00,00,63,15,00,
13720934,0000009F,false,Rx,0,8,43,3F,1D,80,03,10,00,40,
13720958,0000011D,false,Rx,0,8,8C,08,00,C8,00,00,00,00,
13720971,000000B2,false,Rx,0,8,42,00,42,00,4B,00,50,00,
13720984,00000101,false,Rx,0,8,AA,07,7D,DD,A1,0B,40,00,
13734667,00000117,false,Rx,0,8,53,02,00,40,68,00,00,FF,
13734846,000000A7,false,Rx,0,8,33,FE,A0,83,FD,39,A8,3E,
13734863,00000108,false,Rx,0,8,D8,15,D1,24,56,FE,00,00,
13734876,000000A8,false,Rx,0,8,8A,AE,1E,98,84,64,D0,0D,
13734889,00000396,false,Rx,0,8,0F,06,00,11,00,00,00,00,
13734902,00000120,false,Rx,0,8,59,07,00,00,01,04,FF,01,
13734915,00000121,false,Rx,0,8,7C,07,00,C0,36,57,7E,FE,
13734928,0000009F,false,Rx,0,8,01,30,1D,80,03,10,00,40,
13745502,00000104,false,Rx,0,8,86,37,A6,00,E6,00,02,00,
13745541,00000116,false,Rx,0,8,9C,07,33,D2,28,62,87,0F,
13745556,000003E5,false,Rx,0,8,57,1C,00,00,00,00,00,00,
13745569,0000012E,false,Rx,0,8,F2,E3,7F,00,FE,00,C0,FF,
13745582,000000A7,false,Rx,0,8,ED,FF,A0,83,FD,39,A8,3E,
13745595,000000A8,false,Rx,0,8,05,AF,1E,98,84,64,D0,0D,
13745609,1B000012,true,Rx,0,8,12,00,04,01,11,00,00,00,
13745623,0000011D,false,Rx,0,8,E8,09,00,C8,00,00,00,00,
13750679,00000120,false,Rx,0,8,00,08,00,00,01,04,FF,01,
13750701,00000121,false,Rx,0,8,BF,08,00,C0,36,57,7E,FE,
13750715,0000009F,false,Rx,0,8,C9,32,1D,80,03,10,00,40,
13750729,00000086,false,Rx,0,8,C2,02,2D,20,00,00,00,00,
13750741,00000497,false,Rx,0,8,00,40,00,00,64,46,00,20,
13750755,000000B2,false,Rx,0,8,3E,00,3C,00,44,00,48,00,
13768468,000000B2,false,Rx,0,8,3A,00,3A,00,41,00,45,00,
13768505,00000101,false,Rx,0,8,80,09,7E,DD,A1,0E,40,00,
13768521,00000106,false,Rx,0,8,59,89,88,04,08,04,F1,30,
13768534,0000011E,false,Rx,0,8,10,09,00,00,00,00,40,00,
13768548,0000031B,false,Rx,0,8,73,06,46,00,00,63,15,00,
13768561,000000AD,false,Rx,0,8,88,ED,BF,FF,8F,20,00,10,
13768574,00000117,false,Rx,0,8,24,04,00,40,68,00,00,FF,
13768587,000000A7,false,Rx,0,8,D8,F2,A0,83,FD,39,A8,3E,
13771831,000000B2,false,Rx,0,8,39,00,39,00,3F,00,42,00,
13771845,000000FD,false,Rx,0,8,83,D9,1F,80,31,00,00,00,
13771858,00000104,false,Rx,0,8,A0,39,A6,00,E6,00,02,00,
13771871,00000116,false,Rx,0,8,BA,09,33,D2,28,62,87,0F,
13794520,000002B7,false,Rx,0,8,FE,0F,00,00,00,00,00,00,
13803233,000000A8,false,Rx,0,8,D2,A5,1E,98,84,64,D0,0D,
13803262,0000011D,false,Rx,0,8,33,0C,00,C8,00,00,00,00,
13803312,00000086,false,Rx,0,8,19,07,2D,20,00,00,00,00,
13803332,0000009F,false,Rx,0,8,90,37,1D,80,03,0E,00,40,
13803345,000000B2,false,Rx,0,8,34,00,34,00,3A,00,3E,00,
13803358,00000101,false,Rx,0,8,C6,0B,7E,DD,A1,07,40,00,
13803371,00000106,false,Rx,0,8,65,8B,89,04,08,04,F1,30,
13803384,00000108,false,Rx,0,8,52,18,D1,24,56,FE,00,00,
13837014,00000086,false,Rx,0,8,93,0A,2D,20,00,00,00,00,
13837045,000000B2,false,Rx,0,8,31,00,31,00,36,00,37,00,
13837061,000000FD,false,Rx,0,8,5B,DC,1F,80,29,00,00,00,
13837074,00000104,false,Rx,0,8,7B,3C,A6,00,E6,00,02,00,
13837087,00000116,false,Rx,0,8,61,0C,33,D2,28,62,87,0F,
13837100,000003E5,false,Rx,0,8,63,1D,00,00,00,00,00,00,
13837113,0000012E,false,Rx,0,8,05,E8,7F,00,FE,00,C0,FF,
13837127,000000A7,false,Rx,0,8,3D,E9,A0,83,FD,39,A8,3E,
13848839,0000011D,false,Rx,0,8,FB,0E,00,C8,00,00,00,00,
13848866,00000086,false,Rx,0,8,F7,0B,2D,20,00,00,00,00,
13848880,0000009F,false,Rx,0,8,F4,3B,1D,80,03,0A,00,40,
13848895,17F00012,true,Rx,0,8,20,12,00,00,00,00,00,00,
13848908,000000B2,false,Rx,0,8,30,00,30,00,34,00,36,00,
13848921,00000101,false,Rx,0,8,2F,0D,7E,E1,A1,05,40,00,
13848934,00000106,false,Rx,0,8,47,8D,8C,04,08,04,F1,30,
13848947,0000011E,false,Rx,0,8,51,0D,00,00,00,00,30,00,
13856500,00000497,false,Rx,0,8,00,40,00,00,64,46,00,20,
13856528,000000B2,false,Rx,0,8,2E,00,2E,00,34,00,34,00,
13856542,000000FD,false,Rx,0,8,59,DD,1F,80,27,00,20,00,
13856555,00000108,false,Rx,0,8,9A,1A,D1,24,56,FE,00,00,
13856569,00000104,false,Rx,0,8,1F,3D,A6,00,E6,00,02,00,
13856581,00000116,false,Rx,0,8,05,0D,33,D2,28,62,87,0F,
13856595,0000030D,false,Rx,0,4,00,00,00,00,00,00,00,00,
13856608,0000012E,false,Rx,0,8,79,E9,7F,00,FE,00,C0,FF,
13857783,0000011D,false,Rx,0,8,9F,0F,00,C8,00,00,00,00,
13868282,000000AD,false,Rx,0,8,E3,E7,BF,FF,8F,20,00,10,
13868313,00000380,false,Rx,0,8,3B,01,40,00,00,00,00,FF,
13868335,00000117,false,Rx,0,8,AE,09,00,40,68,00,00,FF,
13868349,000000A7,false,Rx,0,8,EA,EC,A0,83,FD,39,A8,3E,
13868362,000000A8,false,Rx,0,8,63,AC,1E,98,84,64,DC,0D,
13868375,00000365,false,Rx,0,8,C1,C6,18,40,8E,02,AC,7A,
13868388,00000120,false,Rx,0,8,20,0E,00,00,01,04,FF,01,
13868401,00000121,false,Rx,0,8,CB,0E,00,C0,36,57,7E,FE,
13880691,0000012E,false,Rx,0,8,25,EA,7F,00,FE,00,C0,FF,
13880719,000000A7,false,Rx,0,8,1A,ED,A0,83,FD,39,A8,3E,
13880736,00000108,false,Rx,0,8,FE,1B,D1,24,56,FE,00,00,
13880749,000000A8,false,Rx,0,8,48,AD,1E,98,84,64,D8,0D,
13880762,00000520,false,Rx,0,8,AA,08,00,08,00,0A,00,00,
13880775,0000011D,false,Rx,0,8,DD,00,00,C8,00,00,00,00,
13880788,00000086,false,Rx,0,8,48,0F,2D,20,00,00,00,00,
13880801,0000009F,false,Rx,0,8,31,3F,1D,80,03,0D,00,40,
13889297,00000117,false,Rx,0,8,02,0A,00,40,68,00,00,FF,
13889334,000000A7,false,Rx,0,8,91,EE,A0,83,FD,39,A8,3E,
13889347,000000A8,false,Rx,0,8,C2,AE,1E,98,84,64,DC,0D,
13889361,0000011B,false,Rx,0,8,00,20,00,00,00,00,00,00,
13889374,00000120,false,Rx,0,8,F5,0F,00,00,01,04,FF,01,
13889387,00000121,false,Rx,0,8,7D,0F,00,C0,36,57,7E,FE,
13889400,0000009F,false,Rx,0,8,BC,30,1D,80,03,0B,00,40,
13889413,00000086,false,Rx,0,8,0A,00,2D,20,00,00,00,00,
13896296,00000104,false,Rx,0,8,D7,3F,A6,00,E6,00,02,00,
13896320,00000116,false,Rx,0,8,CD,0F,33,D2,28,62,87,0F,
13896341,00000392,false,Rx,0,8,13,2C,00,00,00,00,00,04,
13896356,17F00013,true,Rx,0,8,20,13,00,00,00,00,00,80,
13896369,000002B7,false,Rx,0,8,8D,01,00,00,00,00,00,00,
13896382,0000012E,false,Rx,0,8,D1,EB,7F,00,FE,00,C0,FF,
13896395,000000A7,false,Rx,0,8,4F,EF,A0,83,FD,39,A8,3E,
13896408,000000A8,false,Rx,0,8,0A,AF,1E,98,84,64,E0,0D,
13903888,00000086,false,Rx,0,8,6E,01,2D,20,00,00,00,00,
13903917,0000009F,false,Rx,0,8,A2,31,1D,80,03,0C,00,40,
13903931,000000B2,false,Rx,0,8,29,00,29,00,2C,00,2E,00,
13903944,00000101,false,Rx,0,8,5E,00,7D,EE,A1,04,40,00,
13903958,00000108,false,Rx,0,8,ED,1C,D1,24,56,FE,00,00,
13903970,00000106,false,Rx,0,8,66,80,8E,04,08,04,F1,39,
13903984,0000011E,false,Rx,0,8,3B,00,00,00,00,00,20,00,
13903997,0000030D,false,Rx,0,4,00,01,00,00,00,00,00,00,
13940115,000003E5,false,Rx,0,8,E1,1E,00,00,00,00,00,00,
13940145,0000012E,false,Rx,0,8,58,ED,7F,00,FE,00,C0,FF,
13940159,000000A7,false,Rx,0,8,FB,E3,A0,83,FD,39,A8,3E,
13940172,000000A8,false,Rx,0,8,1B,A3,1E,98,84,64,E0,0D,
13940185,00000641,false,Rx,0,8,07,25,2B,58,14,14,E4,52,
13940200,1B000012,true,Rx,0,8,12,00,04,01,11,00,00,00,
13940213,0000011D,false,Rx,0,8,71,03,00,C8,00,00,00,00,
13940226,00000086,false,Rx,0,8,D1,05,2D,20,00,00,00,00,
13952732,000002B7,false,Rx,0,8,55,02,00,00,00,00,00,00,
13952758,00000130,false,Rx,0,8,91,85,2D,80,08,00,04,00,
13952773,00000380,false,Rx,0,8,97,02,40,00,00,00,00,FF,
13952786,00000117,false,Rx,0,8,11,0D,00,40,68,00,00,FF,
13952799,000000A7,false,Rx,0,8,C1,E4,A0,83,FD,39,A8,3E,
13952812,000000A8,false,Rx,0,8,8F,A4,1E,98,84,64,E4,0D,
13952825,00000120,false,Rx,0,8,32,02,00,00,01,04,FF,01,
13952838,00000121,false,Rx,0,8,50,02,00,C0,36,57,7E,FE,
13963001,0000012E,false,Rx,0,8,82,EE,7F,00,FE,00,C0,FF,
13963028,000000A7,false,Rx,0,8,BA,E5,A0,83,FD,39,A8,3E,
13963243,000000A8,false,Rx,0,8,DD,A5,1E,98,84,64,E0,0D,
13967539,000006B4,false,Rx,0,8,00,F2,F6,7B,AC,57,56,57,
13967568,0000011D,false,Rx,0,8,62,04,00,C8,00,00,00,00,
13967584,00000086,false,Rx,0,8,19,07,2D,20,00,00,00,00,
13967597,0000009F,false,Rx,0,8,25,37,1D,80,03,0F,00,40,
13967610,000000B2,false,Rx,0,8,25,00,25,00,28,00,29,00,
13967623,00000101,false,Rx,0,8,88,03,7D,F8,A1,0E,40,00,
13967636,00000106,false,Rx,0,8,DC,83,92,04,08,04,F1,39,
13967649,0000011E,false,Rx,0,8,78,03,00,00,00,00,00,00,
13978022,000000B2,false,Rx,0,8,25,00,25,00,28,00,29,00,
13978047,000000FD,false,Rx,0,8,E9,D3,1F,80,1E,00,20,00,
13978180,00000104,false,Rx,0,8,39,33,A6,00,E6,00,02,00,
13978193,00000116,false,Rx,0,8,DF,03,33,D2,28,62,87,FF,
13978206,0000030B,false,Rx,0,8,10,02,02,00,08,00,01,00,
13978220,17330710,true,Rx,0,4,31,CE,00,01,00,00,00,00,
13978233,00000040,false,Rx,0,8,F9,03,00,00,C1,00,00,00,
13978246,0000012E,false,Rx,0,8,85,EF,7F,00,FE,00,C0,FF,
13988014,00000086,false,Rx,0,8,3F,09,2D,20,00,00,00,00,
13988043,0000009F,false,Rx,0,8,34,39,1D,80,03,10,00,40,
13988057,000000B2,false,Rx,0,8,23,00,23,00,26,00,28,00,
13988070,00000101,false,Rx,0,8,4D,04,7D,F9,A1,10,40,00,
13988083,00000106,false,Rx,0,8,D7,84,95,04,08,00,F1,39,
13988096,0000011E,false,Rx,0,8,6B,04,00,00,00,00,00,00,
13988110,000003EC,false,Rx,0,8,C1,00,00,00,00,08,01,00,
13988123,00000117,false,Rx,0,8,D9,0F,00,40,68,00,00,FF,
13996943,0000009F,false,Rx,0,8,AF,3A,1D,80,03,0F,00,40,
13996968,00000086,false,Rx,0,8,93,0A,2D,20,00,00,00,00,
13996982,00000391,false,Rx,0,8,16,66,27,68,00,28,00,22,
13996995,000003BE,false,Rx,0,8,75,1F,E6,51,88,80,00,80,
13997008,000000B2,false,Rx,0,8,23,00,23,00,26,00,26,00,
13997021,000000FD,false,Rx,0,8,A7,D4,1F,80,1D,00,20,00,
13997035,00000104,false,Rx,0,8,2A,34,A6,00,E6,00,02,00,
13997048,00000116,false,Rx,0,8,CC,04,33,D2,28,62,87,FF,
14005639,0000011D,false,Rx,0,8,AA,06,00,C8,00,00,00,00,
14005685,00000086,false,Rx,0,8,F7,0B,2D,20,00,00,00,00,
14005699,0000009F,false,Rx,0,8,7E,3B,1D,80,03,0E,00,40,
14005712,000000B2,false,Rx,0,8,22,00,22,00,25,00,26,00,
14005725,00000101,false,Rx,0,8,4E,05,7E,F8,A1,10,40,00,
14005738,00000108,false,Rx,0,8,03,10,D1,24,56,FE,00,00,
14005751,00000106,false,Rx,0,8,8B,85,98,04,08,00,F1,39,
14005764,0000011E,false,Rx,0,8,0F,05,00,00,00,00,00,00,
14013239,00000120,false,Rx,0,8,B4,05,00,00,01,04,FF,01,
14013264,00000121,false,Rx,0,8,28,05,00,C0,36,57,7E,FE,
14013277,0000009F,false,Rx,0,8,6D,3C,1D,80,03,0E,00,40,
14013290,00000086,false,Rx,0,8,E4,0C,2D,20,00,00,00,00,
14013304,000000B1,false,Rx,0,8,13,20,00,00,00,00,00,00,
14013317,000000B2,false,Rx,0,8,22,00,22,00,25,00,25,00,
14021022,000000FD,false,Rx,0,8,90,D5,1F,80,1C,00,20,00,
14021036,00000104,false,Rx,0,8,4E,35,A6,00,E6,00,02,00,
14021182,000003C8,false,Rx,0,8,00,00,54,24,05,12,80,4D,
14021195,00000116,false,Rx,0,8,A8,05,33,D2,28,62,87,FF,
14021208,000001A2,false,Rx,0,8,FF,06,10,00,E1,06,80,16,
14021221,0000031B,false,Rx,0,8,07,0B,26,00,00,63,15,00,
14021250,1B000013,true,Rx,0,8,13,00,04,01,01,00,00,00,
14021263,000003DB,false,Rx,0,8,50,00,01,00,04,20,01,6E,
14027067,00000365,false,Rx,0,8,C1,C6,18,40,8F,02,AC,7A,
14027087,0000032A,false,Rx,0,8,D5,0D,00,00,44,04,00,00,
14027101,00000086,false,Rx,0,8,80,0D,2D,20,00,00,00,00,
14027114,0000009F,false,Rx,0,8,BC,3D,1D,80,03,0F,00,40,
14027127,0000011D,false,Rx,0,8,CE,07,00,C8,00,00,00,00,
14027141,000000B2,false,Rx,0,8,20,00,20,00,23,00,25,00,
14027154,00000101,false,Rx,0,8,E1,06,7D,F7,A1,08,40,00,
14027167,00000106,false,Rx,0,8,E0,86,9A,04,08,00,F1,39,
14027782,00000120,false,Rx,0,8,5B,06,00,00,01,04,FF,01,
14038641,000000FD,false,Rx,0,8,B0,D6,1F,80,1B,00,20,00,
14038674,17F00072,true,Rx,0,8,00,00,00,00,00,00,00,00,
14038688,00000104,false,Rx,0,8,E2,36,A6,00,E6,00,02,00,
14038701,00000126,false,Rx,0,8,5F,34,00,00,03,FE,07,00,
14038714,00000116,false,Rx,0,8,04,06,33,D2,28,62,87,FF,
14038728,000003E5,false,Rx,0,8,D1,1F,00,00,00,00,00,00,
14038744,0000012E,false,Rx,0,8,6B,E2,7F,00,FE,00,C0,FF,
14038757,000000A7,false,Rx,0,8,B8,FD,A0,83,FD,39,A8,3E,
14042436,000000B2,false,Rx,0,8,20,00,20,00,22,00,23,00,
14042453,00000101,false,Rx,0,8,AF,07,7E,F5,A1,04,40,00,
14042467,00000106,false,Rx,0,8,E2,87,9C,04,08,00,F1,39,
14042480,0000011E,false,Rx,0,8,C7,07,00,00,00,00,00,00,
14072944,000000AD,false,Rx,0,8,94,EB,BF,FF,8F,20,00,10,
14072990,00000117,false,Rx,0,8,37,03,00,40,68,00,00,FF,
14073007,000000A7,false,Rx,0,8,24,F0,A0,83,FD,39,A8,3E,
14073021,000000A8,false,Rx,0,8,C5,A0,1E,98,84,64,CC,0D,
14073034,00000365,false,Rx,0,8,C1,C6,18,40,8F,02,AC,7A,
14073047,00000120,false,Rx,0,8,00,08,00,00,01,04,FF,01,
14073060,00000121,false,Rx,0,8,BF,08,00,C0,36,57,7E,FE,
14073073,0000032A,false,Rx,0,8,79,0E,00,00,44,04,00,00,
14081531,0000012E,false,Rx,0,8,D5,E4,7F,00,FE,00,C0,FF,
14081549,000000A7,false,Rx,0,8,AC,F1,A0,83,FD,39,A8,3E,
14081563,00000108,false,Rx,0,8,AF,13,D1,24,56,FE,00,00,
14081576,000000A8,false,Rx,0,8,2F,A1,1E,98,84,64,D4,0D,
14081589,00000520,false,Rx,0,8,CE,09,00,08,00,0A,00,00,
14081602,0000011D,false,Rx,0,8,44,0A,00,C8,00,00,00,00,
14081615,00000086,false,Rx,0,8,A6,03,2D,20,00,00,00,00,
14081628,0000009F,false,Rx,0,8,2F,33,1D,80,03,0E,00,40,
14089288,00000117,false,Rx,0,8,24,04,00,40,68,00,00,FF,
14089312,000000A7,false,Rx,0,8,7A,E2,A0,83,FD,39,A8,3E,
14090643,000000A8,false,Rx,0,8,B3,A2,1E,98,84,64,DC,0D,
14090676,0000011B,false,Rx,0,8,00,20,00,00,00,00,00,00,
14090689,00000120,false,Rx,0,8,56,09,00,00,01,04,FF,01,
14090702,00000121,false,Rx,0,8,40,09,00,C0,36,57,7E,FE,
14090716,0000009F,false,Rx,0,8,79,34,1D,80,03,0C,00,40,
14090729,00000086,false,Rx,0,8,B5,04,2D,20,00,00,00,00,
14090742,00000391,false,Rx,0,8,16,66,26,67,00,28,00,22,
14090755,000003BE,false,Rx,0,8,CC,10,E6,51,88,80,00,80,
14097678,00000116,false,Rx,0,8,46,09,33,D2,28,62,87,FF,
14097703,00000392,false,Rx,0,8,DB,2E,00,00,00,00,00,04,
14097729,000002B7,false,Rx,0,8,44,05,00,00,00,00,00,00,
14097742,0000012E,false,Rx,0,8,35,E5,7F,00,FE,00,C0,FF,
14097755,000000A7,false,Rx,0,8,FB,E3,A0,83,FD,39,A8,3E,
14097768,000000A8,false,Rx,0,8,1B,A3,1E,98,84,64,E0,0D,
14097781,0000011D,false,Rx,0,8,20,0B,00,C8,00,00,00,00,
14097795,00000086,false,Rx,0,8,D1,05,2D,20,00,00,00,00,
14100531,000000B2,false,Rx,0,8,1F,00,1F,00,1F,00,1F,00,
14100547,00000101,false,Rx,0,8,8C,0A,7D,F0,A1,08,40,00,
14100575,00000108,false,Rx,0,8,BC,14,D1,24,56,FE,00,00,
14111175,00000106,false,Rx,0,8,AF,8A,9E,04,08,00,F1,39,
14111203,0000011E,false,Rx,0,8,4D,0A,00,00,00,00,00,00,
14111218,0000030D,false,Rx,0,4,00,01,00,00,00,00,00,00,
14111230,00000395,false,Rx,0,8,18,0D,24,06,B4,41,4F,1C,
14111244,00000380,false,Rx,0,8,E0,04,40,00,00,00,00,FF,
14111257,00000117,false,Rx,0,8,40,05,00,40,68,00,00,FF,
14111270,000000A7,false,Rx,0,8,C1,E4,A0,83,FD,39,A8,3E,
14111283,000000A8,false,Rx,0,8,8F,A4,1E,98,84,64,E4,0D,
14117424,0000009F,false,Rx,0,8,7E,36,1D,80,03,0A,00,40,
14117451,00000086,false,Rx,0,8,7D,06,2D,20,00,00,00,00,
14117477,00000381,false,Rx,0,8,FF,FF,FF,FF,FF,FF,FF,5F,
14117490,00000382,false,Rx,0,8,FF,FF,FF,FF,FF,FF,FF,5F,
14117503,000000B1,false,Rx,0,8,D6,21,00,00,00,00,00,00,
14117516,000000B2,false,Rx,0,8,1D,00,1D,00,1F,00,1F,00,
14117529,000000FD,false,Rx,0,8,22,DA,1F,80,17,00,20,00,
14117542,00000104,false,Rx,0,8,0C,3A,A6,00,E6,00,02,00,
14119564,0000011D,false,Rx,0,8,33,0C,00,C8,00,00,00,00,
14120342,000000B2,false,Rx,0,8,1D,00,1D,00,1F,00,1F,00,
14128091,00000040,false,Rx,0,8,22,06,00,00,C1,00,00,00,
14128117,00000117,false,Rx,0,8,EC,06,00,40,68,00,00,FF,
14128131,000000A7,false,Rx,0,8,B3,E6,60,83,FD,35,A8,3E,
14128144,000000A8,false,Rx,0,8,A5,A6,1E,98,84,64,EC,0D,
14128157,00000108,false,Rx,0,8,D8,15,D1,24,56,FE,00,00,
14128170,00000396,false,Rx,0,8,E1,0A,00,11,00,00,00,00,
14128184,00000120,false,Rx,0,8,21,0B,00,00,01,04,FF,01,
14128197,00000121,false,Rx,0,8,64,0B,00,00,37,57,7E,FE,
14144974,000000B2,false,Rx,0,8,1B,00,1B,00,1D,00,1F,00,
14144999,00000101,false,Rx,0,8,E0,0C,7D,EF,A1,09,40,00,
14145013,00000106,false,Rx,0,8,D8,8C,9E,04,08,00,F1,39,
14145026,0000011E,false,Rx,0,8,3A,0C,00,00,00,00,00,00,
14145039,000002B7,false,Rx,0,8,92,06,00,00,00,00,00,00,
14145052,00000117,false,Rx,0,8,88,07,00,40,68,00,00,FF,
14145348,000000A7,false,Rx,0,8,77,E8,60,83,FD,35,A8,3E,
14146338,000000A8,false,Rx,0,8,7D,A8,1E,58,84,64,F0,0D,
14155786,00000121,false,Rx,0,8,A1,0C,00,00,37,57,7E,FE,
14155816,0000009F,false,Rx,0,8,90,3A,1D,80,03,0A,00,40,
14155829,00000086,false,Rx,0,8,93,0A,2D,20,00,00,00,00,
14155843,00000497,false,Rx,0,8,00,40,00,00,64,46,00,20,
14155856,000000B2,false,Rx,0,8,1B,00,1B,00,1D,00,1F,00,
14155869,000000FD,false,Rx,0,8,39,DC,1F,80,16,00,20,00,
14155882,00000108,false,Rx,0,8,74,16,D1,24,56,FE,00,00,
14155895,00000104,false,Rx,0,8,7B,3C,A6,00,E6,00,02,00,
14162593,000006B4,false,Rx,0,8,01,5A,5A,5A,41,55,5A,48,
14162617,0000011D,false,Rx,0,8,FB,0E,00,C8,00,00,00,00,
14162631,00000086,false,Rx,0,8,F7,0B,2D,20,00,00,00,00,
14162644,0000009F,false,Rx,0,8,F4,3B,1D,80,03,0A,00,40,
14162657,000000B2,false,Rx,0,8,1B,00,1B,00,1D,00,1D,00,
14162670,00000101,false,Rx,0,8,50,0D,7D,F0,A1,0E,40,00,
14162683,00000106,false,Rx,0,8,BC,8D,9E,04,08,00,F1,39,
14162696,0000011E,false,Rx,0,8,5E,0D,00,00,00,00,00,00,
14166160,000000AD,false,Rx,0,8,A2,E5,BF,FF,8F,20,00,10,
14166175,00000117,false,Rx,0,8,CA,08,00,40,68,00,00,FF,
14166188,000000A7,false,Rx,0,8,A1,EA,60,83,FD,35,A8,3E,
14166212,000000A8,false,Rx,0,8,68,AA,1E,58,84,64,F4,0D,
14166225,00000365,false,Rx,0,8,C1,C6,18,40,8E,02,AC,7A,
14179124,00000086,false,Rx,0,8,E4,0C,2D,20,00,00,00,00,
14179153,0000009F,false,Rx,0,8,E7,3C,1D,80,03,0A,00,40,
14179253,000003C0,false,Rx,0,4,84,03,03,00,00,00,00,00,
14179266,000000B2,false,Rx,0,8,1A,00,1A,00,1D,00,1D,00,
14179279,000000FD,false,Rx,0,8,B0,DD,1F,80,16,00,20,00,
14179292,00000104,false,Rx,0,8,1F,3D,A6,00,E6,00,02,00,
14179305,00000116,false,Rx,0,8,F9,0D,33,D2,28,62,87,FF,
14179319,0000030B,false,Rx,0,8,10,06,02,00,08,00,01,00,
14188902,000006B7,false,Rx,0,8,9D,27,A1,73,06,18,00,6E,
14188916,000006B8,false,Rx,0,8,A6,27,B4,70,26,6C,00,00,
14189047,00000040,false,Rx,0,8,46,07,00,00,C1,00,00,00,
14189060,0000012E,false,Rx,0,8,79,E9,7F,00,FE,00,C0,FF,
14189073,000000A7,false,Rx,0,8,CF,EB,60,83,FD,35,A8,3E,
14189086,000000A8,false,Rx,0,8,D5,AB,1E,58,84,64,FC,0D,
14189099,00000108,false,Rx,0,8,10,17,D1,24,56,FE,00,00,
14189113,0000011D,false,Rx,0,8,9F,0F,00,C8,00,00,00,00,
14200995,00000121,false,Rx,0,8,21,0E,00,00,37,57,7E,FE,
14201018,0000009F,false,Rx,0,8,2F,3E,1D,80,03,0A,00,40,
14201032,00000086,false,Rx,0,8,2C,0E,2D,20,00,00,00,00,
14201058,00000391,false,Rx,0,8,15,66,26,65,00,28,00,22,
14201071,000003BE,false,Rx,0,8,B8,11,E6,51,88,80,00,80,
14201084,00000640,false,Rx,0,8,A0,51,4E,97,80,A0,59,01,
14201097,00000381,false,Rx,0,8,FF,FF,FF,FF,FF,FF,FF,6F,
14201110,00000382,false,Rx,0,8,FF,FF,FF,FF,FF,FF,FF,6F,
14210047,00000101,false,Rx,0,8,07,0F,7D,F2,A1,11,40,00,
14210068,00000108,false,Rx,0,8,52,18,D1,24,56,FE,00,00,
14212406,00000106,false,Rx,0,8,74,8F,9E,04,08,00,F1,39,
14212426,0000011E,false,Rx,0,8,96,0F,00,00,00,00,00,00,
14212442,000001AB,false,Rx,0,8,62,0F,00,02,00,00,04,00,
14212455,0000030D,false,Rx,0,4,00,01,00,00,00,00,00,00,
14212468,00000395,false,Rx,0,8,18,07,24,06,B4,41,4F,1C,
14212481,00000117,false,Rx,0,8,02,0A,00,40,68,00,00,FF,
14212494,000000A7,false,Rx,0,8,D3,EE,60,83,FE,35,A8,3E,
14212507,000000A8,false,Rx,0,8,95,AE,1E,58,84,64,18,0E,
14223141,000003DB,false,Rx,0,8,50,00,01,00,04,20,01,6E,
14224465,000000AD,false,Rx,0,8,21,EA,BF,FF,8F,20,00,10,
14224484,000000A7,false,Rx,0,8,0D,EF,60,83,FE,35,A8,3E,
14224500,0000012E,false,Rx,0,8,D1,EB,7F,00,FE,00,C0,FF,
14224648,000000A8,false,Rx,0,8,65,AF,1E,58,84,64,20,0E,
14224661,00000365,false,Rx,0,8,C1,C6,18,40,8F,02,AC,7A,
14224674,0000032A,false,Rx,0,8,3B,01,00,00,44,04,00,00,
14224687,00000086,false,Rx,0,8,6E,01,2D,20,00,00,00,00,
14224700,0000009F,false,Rx,0,8,6D,31,1D,80,03,0A,00,40,
14231540,000000A7,false,Rx,0,8,C4,E0,60,83,FE,35,A8,3E,
14231570,00000108,false,Rx,0,8,36,19,D1,24,56,FE,00,00,
14231586,000000A8,false,Rx,0,8,30,A0,1E,18,84,64,20,0E,
14231599,00000396,false,Rx,0,8,85,0B,00,11,00,00,00,00,
14231612,00000120,false,Rx,0,8,3F,00,00,00,01,04,FF,01,
14231625,00000121,false,Rx,0,8,59,00,00,00,37,57,7E,FE,
14231638,00000385,false,Rx,0,8,00,32,22,00,01,22,31,01,
14231652,0000009F,false,Rx,0,8,0E,32,1D,80,03,0C,00,40,
14234586,000003E5,false,Rx,0,8,7B,11,00,00,00,00,00,00,
14235375,0000012E,false,Rx,0,8,72,EC,7F,00,FE,00,C0,FF,
14243059,0000011D,false,Rx,0,8,15,02,00,C8,00,00,00,00,
14243093,00000086,false,Rx,0,8,A6,03,2D,20,00,00,00,00,
14243312,0000009F,false,Rx,0,8,6A,33,1D,80,03,0C,00,40,
14243357,000000B2,false,Rx,0,8,18,00,18,00,1A,00,1A,00,
14243370,00000101,false,Rx,0,8,FE,01,7D,F4,A1,0B,40,00,
14243384,00000106,false,Rx,0,8,52,81,9E,04,08,00,F1,39,
14243397,0000011E,false,Rx,0,8,B0,01,00,00,00,00,00,00,
14253170,000002B7,false,Rx,0,8,12,08,00,00,00,00,00,00,
14253202,00000117,false,Rx,0,8,75,0C,00,40,68,00,00,FF,
14253218,000000A7,false,Rx,0,8,38,E2,60,83,FE,35,A8,3E,
14253231,000000A8,false,Rx,0,8,EE,A2,1E,18,84,64,2C,0E,
14253244,00000120,false,Rx,0,8,CA,01,00,00,01,04,FF,01,
14253257,000003FE,false,Rx,0,8,FF,3F,FF,FF,00,00,00,10,
14253270,00000121,false,Rx,0,8,35,01,00,00,37,57,7E,FE,
14253283,0000009F,false,Rx,0,8,79,34,1D,80,03,0C,00,40,
14253321,000000B2,false,Rx,0,8,17,00,17,00,18,00,1A,00,
14263031,000000FD,false,Rx,0,8,EF,D1,1F,80,13,00,20,00,
14263047,00000108,false,Rx,0,8,9A,1A,D1,24,56,FE,00,00,
14263060,00000104,false,Rx,0,8,F1,31,A6,00,E6,00,02,00,
14263073,00000116,false,Rx,0,8,17,01,33,D2,28,62,87,FF,
14263086,0000030D,false,Rx,0,4,00,01,00,00,00,00,00,00,
14263099,0000012E,false,Rx,0,8,58,ED,7F,00,FE,00,C0,FF,
14263112,000000A7,false,Rx,0,8,33,E3,60,83,FE,31,A8,3E,
14271898,000000AD,false,Rx,0,8,03,EF,BF,FF,8F,20,00,10,
14271921,00000380,false,Rx,0,8,28,06,40,00,00,00,00,FF,
14271938,00000117,false,Rx,0,8,11,0D,00,40,68,00,00,FF,
14271951,000000A7,false,Rx,0,8,10,E4,20,83,FE,31,A8,3E,
14276552,000000A8,false,Rx,0,8,75,A4,1E,18,84,64,38,0E,
14276585,00000365,false,Rx,0,8,C1,C6,18,40,8D,02,AC,7A,
14276599,00000120,false,Rx,0,8,32,02,00,00,01,04,FF,01,
14276734,00000121,false,Rx,0,8,87,02,00,40,37,57,7E,FE,
14276747,0000032A,false,Rx,0,8,97,02,00,00,44,04,00,00,
14276760,00000086,false,Rx,0,8,7D,06,2D,20,00,00,00,00,
14276773,0000009F,false,Rx,0,8,41,36,1D,80,03,0F,00,40,
14276786,000003C0,false,Rx,0,4,FE,04,03,00,00,00,00,00,
14287304,0000011D,false,Rx,0,8,62,04,00,C8,00,00,00,00,
14289023,00000086,false,Rx,0,8,19,07,2D,20,00,00,00,00,
14289043,0000009F,false,Rx,0,8,25,37,1D,80,03,0F,00,40,
14289057,000000B2,false,Rx,0,8,17,00,17,00,18,00,18,00,
14289070,00000101,false,Rx,0,8,A5,03,7E,F5,A1,05,40,00,
14289084,00000106,false,Rx,0,8,9A,83,9E,04,08,00,F1,39,
14289097,0000011E,false,Rx,0,8,78,03,00,00,00,00,00,00,
14289110,00000117,false,Rx,0,8,BD,0E,00,40,68,00,00,FF,
14289123,000000A7,false,Rx,0,8,F8,E6,20,83,FE,31,A8,3E,
14297199,000000B2,false,Rx,0,8,17,00,17,00,17,00,18,00,
14297261,000000FD,false,Rx,0,8,F8,D3,1F,80,12,00,20,00,
14297274,00000104,false,Rx,0,8,39,33,A6,00,E6,00,02,00,
14297287,00000116,false,Rx,0,8,DF,03,33,D2,28,62,87,FF,
14297300,00000392,false,Rx,0,8,FD,20,00,00,00,00,00,04,
14297314,000002B7,false,Rx,0,8,7D,09,00,00,00,00,00,00,
14305005,0000012E,false,Rx,0,8,85,EF,7F,00,FE,00,C0,FF,
14305036,000000A7,false,Rx,0,8,71,E7,20,83,FE,31,A8,3E,
14305052,000000A8,false,Rx,0,8,C4,A7,1E,18,84,64,48,0E,
14305065,0000011D,false,Rx,0,8,06,05,00,C8,00,00,00,00,
14305078,00000086,false,Rx,0,8,3F,09,2D,20,00,00,00,00,
14305091,0000009F,false,Rx,0,8,34,39,1D,80,03,10,00,40,
14305104,000000B2,false,Rx,0,8,15,00,15,00,17,00,18,00,
14305117,00000101,false,Rx,0,8,E6,04,7E,F4,A1,08,40,00,
14313305,000000A7,false,Rx,0,8,3C,E8,20,83,FE,31,A8,3E,
14313815,000000A8,false,Rx,0,8,DE,A8,1E,18,84,64,4C,0E,
14313833,00000120,false,Rx,0,8,B6,04,00,00,01,04,FF,01,
14313846,00000121,false,Rx,0,8,C8,04,00,40,37,57,7E,FE,
14313860,0000009F,false,Rx,0,8,AF,3A,1D,80,03,0F,00,40,
14313873,00000086,false,Rx,0,8,93,0A,2D,20,00,00,00,00,
14313886,000000B1,false,Rx,0,8,E8,23,00,00,00,00,00,00,
14313899,000000B2,false,Rx,0,8,15,00,15,00,17,00,17,00,
14313912,000000FD,false,Rx,0,8,6E,D4,1F,80,12,00,20,00,
14322980,000000A8,false,Rx,0,8,AC,A9,1E,18,84,64,4C,0E,
14323011,0000012E,false,Rx,0,8,AC,E0,7F,00,FE,00,C0,FF,
14323026,00000365,false,Rx,0,8,C1,C6,18,40,8E,02,AC,7A,
14323039,0000032A,false,Rx,0,8,F3,03,00,00,44,04,00,00,
14323053,00000086,false,Rx,0,8,F7,0B,2D,20,00,00,00,00,
14323066,0000009F,false,Rx,0,8,CB,3B,1D,80,03,0F,00,40,
14323079,0000011D,false,Rx,0,8,AA,06,00,C8,00,00,00,00,
14323092,000000B2,false,Rx,0,8,15,00,15,00,17,00,17,00,
14331505,00000117,false,Rx,0,8,9B,00,00,40,68,00,00,FF,
14331530,000000A7,false,Rx,0,8,EA,EA,20,83,FE,31,A8,3E,
14331544,00000108,false,Rx,0,8,89,1D,D1,24,56,FE,00,00,
14331557,000000A8,false,Rx,0,8,63,AA,1E,18,84,64,54,0E,
14331570,00000396,false,Rx,0,8,96,0C,00,11,00,00,00,00,
14331583,00000120,false,Rx,0,8,B4,05,00,00,01,04,FF,01,
14331596,00000121,false,Rx,0,8,FF,05,00,40,37,57,7E,FE,
14331610,0000009F,false,Rx,0,8,D8,3C,1D,80,03,0F,00,40,
14335900,000003E5,false,Rx,0,8,A6,12,00,00,00,00,00,00,
14335917,000006B2,false,Rx,0,8,71,9D,27,A1,A1,40,6F,29,
14335931,000006AE,false,Rx,0,4,00,00,10,00,00,00,00,00,
14335943,0000012E,false,Rx,0,8,A2,E1,7F,00,FE,00,C0,FF,
14335956,000000A7,false,Rx,0,8,84,EB,20,83,FE,31,A8,3E,
14335969,000000A8,false,Rx,0,8,DE,AB,1E,18,84,64,5C,0E,
14347368,0000011D,false,Rx,0,8,CE,07,00,C8,00,00,00,00,
14347397,00000086,false,Rx,0,8,80,0D,2D,20,00,00,00,00,
14347411,0000009F,false,Rx,0,8,BC,3D,1D,80,03,0F,00,40,
14347425,17F00012,true,Rx,0,8,20,12,00,00,00,00,00,00,
14347777,000000B2,false,Rx,0,8,15,00,15,00,15,00,17,00,
14347790,00000101,false,Rx,0,8,9B,06,7E,F4,A1,09,40,00,
14347803,00000106,false,Rx,0,8,41,86,9E,04,08,00,F1,39,
14347816,0000011E,false,Rx,0,8,A3,06,00,00,00,00,00,00,
14358131,00000381,false,Rx,0,8,FF,FF,FF,FF,FF,FF,FF,8F,
14358162,00000382,false,Rx,0,8,FF,FF,FF,FF,FF,FF,FF,8F,
14358178,00000497,false,Rx,0,8,00,40,00,00,64,46,00,20,
14358191,000000B2,false,Rx,0,8,14,00,14,00,15,00,15,00,
14358204,000000FD,false,Rx,0,8,3E,D6,1F,80,11,00,20,00,
14358217,00000108,false,Rx,0,8,25,1E,D1,24,56,FE,00,00,
14358230,00000104,false,Rx,0,8,E2,36,A6,00,E6,00,02,00,
14358243,00000116,false,Rx,0,8,04,06,33,D2,28,62,87,FF,
14368442,00000086,false,Rx,0,8,48,0F,2D,20,00,00,00,00,
14368460,0000009F,false,Rx,0,8,C1,3F,1D,80,03,0E,00,40,
14368595,000000B2,false,Rx,0,8,14,00,14,00,15,00,15,00,
14368608,00000101,false,Rx,0,8,0A,07,7D,F3,A1,0B,40,00,
14368621,00000106,false,Rx,0,8,25,87,9E,04,08,00,F1,39,
14368634,0000011E,false,Rx,0,8,C7,07,00,00,00,00,00,00,
14368647,0000031B,false,Rx,0,8,46,02,18,00,00,63,15,00,
14368660,000000AD,false,Rx,0,8,70,E9,BF,FF,8F,20,00,10,
14378566,000000B2,false,Rx,0,8,14,00,14,00,15,00,15,00,
14378594,000000FD,false,Rx,0,8,04,D7,1F,80,11,00,20,00,
14378608,00000104,false,Rx,0,8,86,37,A6,00,E6,00,02,00,
14378621,00000116,false,Rx,0,8,60,07,33,D2,28,62,87,FF,
14378634,0000030B,false,Rx,0,8,10,0A,02,00,08,00,01,00,
14378647,00000040,false,Rx,0,8,A8,0B,00,00,C1,00,00,00,
14378661,0000012E,false,Rx,0,8,F2,E3,7F,00,FE,00,C0,FF,
14378674,000000A7,false,Rx,0,8,59,EF,20,83,FE,2D,A8,3E,
14389435,000000B2,false,Rx,0,8,14,00,14,00,15,00,15,00,
14389463,00000101,false,Rx,0,8,FD,08,7D,F3,A1,0A,40,00,
14389477,00000106,false,Rx,0,8,67,88,9E,04,08,00,F1,39,
14389490,0000011E,false,Rx,0,8,85,08,00,00,00,00,00,00,
14389503,000003EC,false,Rx,0,8,C1,00,00,00,00,08,01,00,
14389516,00000117,false,Rx,0,8,37,03,00,40,68,00,00,FF,
14389529,000000A7,false,Rx,0,8,37,E0,E0,82,FD,2D,A8,3E,
14389542,000000A8,false,Rx,0,8,F9,A0,1E,18,84,64,64,0E,
14399873,000000B2,false,Rx,0,8,14,00,14,00,14,00,15,00,
14399913,000000FD,false,Rx,0,8,6E,D8,1F,80,10,00,20,00,
14399929,00000104,false,Rx,0,8,C4,38,A6,00,E6,00,02,00,
14399942,00000116,false,Rx,0,8,22,08,33,D2,28,62,87,FF,
14399955,00000392,false,Rx,0,8,99,21,00,00,00,00,00,04,
14399968,0000065D,false,Rx,0,8,F3,36,2B,10,00,00,62,7A,
14399983,17F00013,true,Rx,0,8,20,13,00,00,00,00,00,80,
14399996,000002B7,false,Rx,0,8,05,0B,00,00,00,00,00,00,
14410702,000000B2,false,Rx,0,8,14,00,14,00,14,00,15,00,
14410863,00000101,false,Rx,0,8,99,09,7D,F3,A1,0A,40,00,
14410878,00000108,false,Rx,0,8,03,10,D1,24,56,FE,00,00,
14410892,00000106,false,Rx,0,8,F7,89,9F,04,08,00,F1,39,
14410923,0000011E,false,Rx,0,8,E1,09,00,00,00,00,00,00,
14410936,000001AB,false,Rx,0,8,6E,00,00,02,00,00,04,00,
14410949,0000030D,false,Rx,0,4,00,01,00,00,00,00,00,00,
14410962,0000064A,false,Rx,0,4,00,00,00,00,00,00,00,00,
14420164,00000116,false,Rx,0,8,46,09,33,D2,28,62,87,FF,
14420197,000001A2,false,Rx,0,8,17,08,10,00,E1,06,00,1A,
14420211,0000031B,false,Rx,0,8,21,03,16,00,00,63,15,00,
14420225,1B000013,true,Rx,0,8,13,00,04,01,01,00,00,00,
14420238,000003DB,false,Rx,0,8,50,00,01,00,04,20,01,6E,
14420252,000000AD,false,Rx,0,8,52,EE,BF,FF,8F,20,00,10,
14420265,000000A7,false,Rx,0,8,4A,E3,E0,82,FD,2D,A8,3E,
14420278,0000012E,false,Rx,0,8,35,E5,7F,00,FE,00,C0,FF,
14429471,00000086,false,Rx,0,8,D1,05,2D,20,00,00,00,00,
14429505,0000009F,false,Rx,0,8,D2,35,1D,80,03,0A,00,40,
14429519,0000011D,false,Rx,0,8,20,0B,00,C8,00,00,00,00,
14429532,000000B2,false,Rx,0,8,14,00,14,00,14,00,14,00,
14429545,00000101,false,Rx,0,8,91,0A,7D,F2,A1,09,40,00,
14429558,00000106,false,Rx,0,8,5B,8A,9F,04,08,00,F1,39,
14429572,0000011E,false,Rx,0,8,4D,0A,00,00,00,00,00,00,
14429585,0000030B,false,Rx,0,8,10,0B,02,00,08,00,01,00,
14435440,000000B2,false,Rx,0,8,14,00,14,00,14,00,14,00,
14435460,000000FD,false,Rx,0,8,10,DA,1F,80,10,00,20,00,
14435474,00000104,false,Rx,0,8,0C,3A,A6,00,E6,00,02,00,
14435487,00000116,false,Rx,0,8,EA,0A,33,D2,28,62,87,FF,
14435500,000003E5,false,Rx,0,8,F2,13,00,00,00,00,00,00,
14435523,0000012E,false,Rx,0,8,7F,E6,7F,00,FE,00,C0,FF,
14435537,000000A7,false,Rx,0,8,0B,E5,E0,82,FD,2D,A8,3E,
14435550,000000A8,false,Rx,0,8,9B,A5,1E,D8,83,64,78,0E,
14452020,000000B2,false,Rx,0,8,14,00,14,00,14,00,14,00,
14452059,00000101,false,Rx,0,8,B0,0B,7D,F2,A1,0B,40,00,
14452075,00000106,false,Rx,0,8,3F,8B,9F,04,08,00,F1,39,
14452088,0000011E,false,Rx,0,8,29,0B,00,00,00,00,00,00,
14452101,000002B7,false,Rx,0,8,E6,0C,00,00,00,00,00,00,
14452114,00000117,false,Rx,0,8,EC,06,00,40,68,00,00,FF,
14452128,000000A7,false,Rx,0,8,98,E6,E0,82,FD,2D,A8,3E,
14452141,000000A8,false,Rx,0,8,AB,A6,1E,D8,83,64,78,0E,
14461571,0000030D,false,Rx,0,4,00,01,00,00,00,00,00,00,
14461602,0000012E,false,Rx,0,8,6C,E7,7F,00,FE,00,C0,FF,
14461616,000000A7,false,Rx,0,8,11,E7,E0,82,FD,2D,A8,3E,
14461629,000000A8,false,Rx,0,8,86,A7,1E,D8,83,64,7C,0E,
14461642,0000011D,false,Rx,0,8,57,0D,00,C8,00,00,00,00,
14461655,00000086,false,Rx,0,8,3F,09,2D,20,00,00,00,00,
14461668,0000009F,false,Rx,0,8,CC,39,1D,80,03,09,00,40,
14461682,000000B2,false,Rx,0,8,14,00,14,00,14,00,14,00,
14471808,000000AD,false,Rx,0,8,35,E3,BF,FF,8F,20,00,10,
14471838,00000117,false,Rx,0,8,88,07,00,40,68,00,00,FF,
14471854,000000A7,false,Rx,0,8,5C,E8,E0,82,FD,2D,A8,3E,
14471867,000000A8,false,Rx,0,8,E7,A8,1E,D8,83,64,84,0E,
14471880,00000365,false,Rx,0,8,C1,C6,18,40,8D,02,AC,7A,
14471894,00000120,false,Rx,0,8,FB,0C,00,00,01,04,FF,01,
14471907,00000121,false,Rx,0,8,9C,0C,00,40,37,57,7E,FE,
14471920,0000032A,false,Rx,0,8,28,06,00,00,44,04,00,00,
14482472,1B000010,true,Rx,0,8,10,00,04,05,09,00,00,00,
14482496,00000040,false,Rx,0,8,DF,0D,00,00,C1,00,00,00,
14482510,0000012E,false,Rx,0,8,05,E8,7F,00,FE,00,C0,FF,
14482523,00000520,false,Rx,0,8,06,0B,00,08,00,0A,00,00,
14482536,00000108,false,Rx,0,8,AF,13,D1,24,56,FE,00,00,
14482549,000000A7,false,Rx,0,8,8C,E9,E0,82,FD,2D,A8,3E,
14482562,000000A8,false,Rx,0,8,95,A9,1E,D8,83,64,84,0E,
14482575,0000011D,false,Rx,0,8,FB,0E,00,C8,00,00,00,00,
14491396,00000117,false,Rx,0,8,CA,08,00,40,68,00,00,FF,
14491421,000000A7,false,Rx,0,8,8A,EA,E0,82,FD,2D,A8,3E,
14491435,000000A8,false,Rx,0,8,F2,AA,1E,D8,83,64,80,0E,
14491448,0000011B,false,Rx,0,8,00,20,00,00,00,00,00,00,
14491461,00000120,false,Rx,0,8,4B,0D,00,00,01,04,FF,01,
14491474,00000121,false,Rx,0,8,8F,0D,00,40,37,57,7E,FE,
14491487,0000009F,false,Rx,0,8,28,3C,1D,80,03,0C,00,40,
14491500,00000086,false,Rx,0,8,E4,0C,2D,20,00,00,00,00,
14500403,000002B7,false,Rx,0,8,D3,0D,00,00,00,00,00,00,
14500427,0000012E,false,Rx,0,8,79,E9,7F,00,FE,00,C0,FF,
14500440,000000A7,false,Rx,0,8,E4,EB,E0,82,FD,2D,A8,3E,
14500454,000000A8,false,Rx,0,8,3F,AB,1E,D8,83,64,80,0E,
14500467,0000011D,false,Rx,0,8,9F,0F,00,C8,00,00,00,00,
14500480,00000086,false,Rx,0,8,80,0D,2D,20,00,00,00,00,
14500493,0000009F,false,Rx,0,8,4C,3D,1D,80,03,0C,00,40,
14500506,000000B2,false,Rx,0,8,12,00,12,00,14,00,14,00,
14507846,00000106,false,Rx,0,8,E4,8E,9F,04,08,00,F1,39,
14507869,0000011E,false,Rx,0,8,F2,0E,00,00,00,00,00,00,
14508012,0000030D,false,Rx,0,4,00,01,00,00,00,00,00,00,
14508025,00000395,false,Rx,0,8,18,05,24,06,B3,41,4F,1C,
14508038,00000380,false,Rx,0,8,6A,09,40,00,00,00,00,FF,
14508051,00000117,false,Rx,0,8,AE,09,00,40,68,00,00,FF,
14508064,000000A7,false,Rx,0,8,5B,EC,E0,82,FD,2D,A8,3E,
14508077,000000A8,false,Rx,0,8,21,AC,1E,D8,83,64,80,0E,
14515512,00000381,false,Rx,0,8,FF,FF,FF,FF,FF,FF,FF,AF,
14515536,00000382,false,Rx,0,8,FF,FF,FF,FF,FF,FF,FF,AF,
14515562,000000B1,false,Rx,0,8,8B,25,00,00,00,00,00,00,
14515575,000000B2,false,Rx,0,8,12,00,12,00,14,00,14,00,
14515588,000000FD,false,Rx,0,8,C0,DE,1F,80,0F,00,20,00,
14515601,00000104,false,Rx,0,8,B3,3E,A6,00,E6,00,02,00,
14515614,000003C8,false,Rx,0,8,00,00,54,24,05,12,80,4D,
14515627,00000116,false,Rx,0,8,55,0E,33,D2,28,62,87,FF,
14524871,0000012E,false,Rx,0,8,25,EA,7F,00,FE,00,C0,FF,
14524896,00000365,false,Rx,0,8,C1,C6,18,40,8E,02,AC,7A,
14524910,0000032A,false,Rx,0,8,4C,07,00,00,44,04,00,00,
14524923,00000086,false,Rx,0,8,48,0F,2D,20,00,00,00,00,
14524936,0000009F,false,Rx,0,8,4B,3F,1D,80,03,0A,00,40,
14524949,0000011D,false,Rx,0,8,DD,00,00,C8,00,00,00,00,
14524962,000000B2,false,Rx,0,8,12,00,12,00,12,00,14,00,
14524975,00000101,false,Rx,0,8,3C,0F,7E,F2,A1,0B,40,00,
14535207,000000A7,false,Rx,0,8,20,EE,E0,82,FD,2D,A8,3E,
14535231,00000108,false,Rx,0,8,D8,15,D1,24,56,FE,00,00,
14535244,000000A8,false,Rx,0,8,FB,AE,1E,D8,83,64,7C,0E,
14535258,00000396,false,Rx,0,8,5E,0E,00,11,00,00,00,00,
14535271,00000120,false,Rx,0,8,F5,0F,00,00,01,04,FF,01,
14535284,00000121,false,Rx,0,8,AA,0F,00,40,37,57,7E,FE,
14535297,0000009F,false,Rx,0,8,09,30,1D,80,03,0A,00,40,
14535310,00000086,false,Rx,0,8,0A,00,2D,20,00,00,00,00,
14538747,000000B2,false,Rx,0,8,12,00,12,00,12,00,12,00,
14538764,000000FD,false,Rx,0,8,FA,DF,1F,80,0E,00,20,00,
14538778,17F00072,true,Rx,0,8,00,00,00,00,00,00,00,00,
14538791,00000104,false,Rx,0,8,D7,3F,A6,00,E6,00,02,00,
14538805,00000116,false,Rx,0,8,31,0F,33,D2,28,62,87,FF,
14538818,000003E5,false,Rx,0,8,A3,14,00,00,00,00,00,00,
14544221,000002B7,false,Rx,0,8,57,0E,00,00,00,00,00,00,
14545339,00000117,false,Rx,0,8,66,0B,00,40,68,00,00,FF,
14562632,00000104,false,Rx,0,8,95,30,A6,00,E6,00,02,00,
14562774,00000116,false,Rx,0,8,73,00,33,D2,28,62,87,FF,
14562788,0000030D,false,Rx,0,4,00,01,00,00,00,00,00,00,
14562802,17330A10,true,Rx,0,8,32,82,03,01,0A,00,04,03,
14562815,0000012E,false,Rx,0,8,72,EC,7F,00,FE,00,C0,FF,
14562828,000000A7,false,Rx,0,8,BF,E1,E0,82,FD,2D,A8,3E,
14562875,000000A8,false,Rx,0,8,1D,A1,1E,D8,83,64,80,0E,
14562888,000006B4,false,Rx,0,8,02,57,33,37,32,32,38,33,
14573505,000000AD,false,Rx,0,8,88,ED,BF,FF,8F,20,00,10,
14573535,00000117,false,Rx,0,8,75,0C,00,40,68,00,00,FF,
14573550,000000A7,false,Rx,0,8,CB,E2,E0,82,FD,2D,A8,3E,
14573563,000000A8,false,Rx,0,8,F1,A2,1E,D8,83,64,80,0E,
14573576,00000365,false,Rx,0,8,C1,C6,18,40,8D,02,AC,7A,
14573589,00000120,false,Rx,0,8,CA,01,00,00,01,04,FF,01,
14573602,00000121,false,Rx,0,8,08,01,00,40,37,57,7E,FE,
14573615,0000032A,false,Rx,0,8,0E,08,00,00,44,04,00,00,
14586671,0000012E,false,Rx,0,8,58,ED,7F,00,FE,00,C0,FF,
14586700,000000A7,false,Rx,0,8,83,D3,E0,82,FD,2D,A8,3E,
14586859,00000108,false,Rx,0,8,10,17,D1,24,56,FE,00,00,
14586873,000000A8,false,Rx,0,8,65,A3,1E,D8,83,64,7C,0E,
14586886,0000011D,false,Rx,0,8,71,03,00,C8,00,00,00,00,
14586899,00000086,false,Rx,0,8,D1,05,2D,20,00,00,00,00,
14586912,0000009F,false,Rx,0,8,A8,35,1D,80,03,0D,00,40,
14586938,00000585,false,Rx,0,8,09,3C,00,7F,14,00,00,00,
14597177,0000009F,false,Rx,0,8,F4,36,1D,80,03,0E,00,40,
14598914,00000086,false,Rx,0,8,7D,06,2D,20,00,00,00,00,
14598940,00000391,false,Rx,0,8,14,66,26,60,00,28,00,22,
14598956,000003BE,false,Rx,0,8,AC,15,E6,51,88,80,00,80,
14599100,00000381,false,Rx,0,8,FF,FF,FF,FF,FF,FF,FF,BF,
14599114,00000382,false,Rx,0,8,FF,FF,FF,FF,FF,FF,FF,BF,
14599127,000000B2,false,Rx,0,8,11,00,11,00,11,00,12,00,
14599140,000000FD,false,Rx,0,8,9D,D2,1F,80,0D,00,20,00,
14599153,00000104,false,Rx,0,8,5D,32,A6,00,E6,00,02,00,
14609624,000000B2,false,Rx,0,8,11,00,11,00,11,00,12,00,
14609647,00000101,false,Rx,0,8,B5,03,7D,F3,A1,0B,40,00,
14609660,00000108,false,Rx,0,8,52,18,D1,24,56,FE,00,00,
14609674,00000106,false,Rx,0,8,7C,83,9F,04,08,00,F2,39,
14609687,0000011E,false,Rx,0,8,78,03,00,00,00,00,00,00,
14609700,000001AB,false,Rx,0,8,89,01,00,02,00,00,04,00,
14609713,0000030D,false,Rx,0,4,00,01,00,00,00,00,00,00,
14609726,00000395,false,Rx,0,8,18,0F,24,06,B3,41,4F,1C,
14618544,000000B2,false,Rx,0,8,11,00,11,00,11,00,11,00,
14618666,000000FD,false,Rx,0,8,E8,D3,1F,80,0D,00,20,00,
14618682,000003C8,false,Rx,0,8,00,00,54,24,05,12,80,4D,
14618695,00000104,false,Rx,0,8,39,33,A6,00,E6,00,02,00,
14623514,00000116,false,Rx,0,8,DF,03,33,D2,28,62,87,FF,
14623528,000001A2,false,Rx,0,8,9F,09,10,00,E1,06,80,16,
14623541,0000031B,false,Rx,0,8,F1,07,12,00,00,63,15,00,
14623556,1B000013,true,Rx,0,8,13,00,04,01,01,00,00,00,
14623569,000003DB,false,Rx,0,8,50,00,01,00,04,20,01,6E,
14623582,000000AD,false,Rx,0,8,B4,E2,BF,FF,8F,20,00,10,
14623595,0000012E,false,Rx,0,8,85,EF,7F,00,FE,00,C0,FF,
14623609,000000A7,false,Rx,0,8,D8,D7,E0,82,FD,2D,A8,3E,
14631480,00000117,false,Rx,0,8,D9,0F,00,40,68,00,00,FF,
14631502,00000108,false,Rx,0,8,36,19,D1,24,56,FE,00,00,
14631518,000000A7,false,Rx,0,8,95,D8,E0,82,FD,2D,A8,3E,
14631531,000000A8,false,Rx,0,8,3F,A8,1E,D8,83,64,90,0E,
14631544,00000396,false,Rx,0,8,3A,0F,00,11,00,00,00,00,
14631557,00000120,false,Rx,0,8,B6,04,00,00,01,04,FF,01,
14631570,00000121,false,Rx,0,8,C8,04,00,40,37,57,7E,FE,
14631583,0000009F,false,Rx,0,8,AF,3A,1D,80,03,0F,00,40,
14639475,000003E5,false,Rx,0,8,E2,15,00,00,00,00,00,00,
14639504,0000012E,false,Rx,0,8,AC,E0,7F,00,FE,00,C0,FF,
14639521,000000A7,false,Rx,0,8,CF,D9,E0,82,FD,29,A8,3E,
14639534,000000A8,false,Rx,0,8,75,A9,1E,D8,83,64,94,0E,
14639547,0000011D,false,Rx,0,8,AA,06,00,C8,00,00,00,00,
14639560,00000086,false,Rx,0,8,F7,0B,2D,20,00,00,00,00,
14639573,0000009F,false,Rx,0,8,7E,3B,1D,80,03,0E,00,40,
14642636,000000B2,false,Rx,0,8,11,00,0F,00,11,00,11,00,
14642653,00000101,false,Rx,0,8,44,05,7E,F3,A1,0A,40,00,
14642666,00000106,false,Rx,0,8,B5,85,A0,04,08,00,F2,39,
14642679,0000011E,false,Rx,0,8,0F,05,00,00,00,00,00,00,
14644398,000002B7,false,Rx,0,8,DC,00,00,00,00,00,00,00,
14655627,00000117,false,Rx,0,8,9B,00,00,40,68,00,00,FF,
14655668,000000A7,false,Rx,0,8,C9,DA,E0,82,FD,29,A8,3E,
14655684,000000A8,false,Rx,0,8,5A,AA,1E,D8,83,64,9C,0E,
14655697,00000120,false,Rx,0,8,B4,05,00,00,01,04,FF,01,
14655710,00000121,false,Rx,0,8,B8,05,00,80,37,57,7E,FE,
14655723,0000009F,false,Rx,0,8,6D,3C,1D,80,03,0E,00,40,
14655737,00000086,false,Rx,0,8,E4,0C,2D,20,00,00,00,00,
14655750,00000497,false,Rx,0,8,00,40,00,00,64,46,00,20,
14666555,0000011D,false,Rx,0,8,CE,07,00,C8,00,00,00,00,
14666580,00000086,false,Rx,0,8,80,0D,2D,20,00,00,00,00,
14666594,0000009F,false,Rx,0,8,BC,3D,1D,80,03,0F,00,40,
14666731,000000B2,false,Rx,0,8,0F,00,0F,00,11,00,11,00,
14666744,00000101,false,Rx,0,8,A9,06,7E,F3,A1,05,40,00,
14666757,00000106,false,Rx,0,8,19,86,A0,04,08,00,F2,39,
14666770,0000011E,false,Rx,0,8,A3,06,00,00,00,00,00,00,
14666783,0000031B,false,Rx,0,8,F3,08,12,00,00,63,15,00,
14676241,0000032A,false,Rx,0,8,C6,0A,00,00,44,04,00,00,
14676268,00000086,false,Rx,0,8,2C,0E,2D,20,00,00,00,00,
14676282,0000009F,false,Rx,0,8,A5,3E,1D,80,03,0E,00,40,
14676295,000003C0,false,Rx,0,4,4F,08,03,00,00,00,00,00,
14676308,00000381,false,Rx,0,8,FF,FF,FF,FF,FF,FF,FF,CF,
14676321,00000382,false,Rx,0,8,FF,FF,FF,FF,FF,FF,FF,CF,
14680799,00000584,false,Rx,0,6,BF,0C,00,00,00,00,00,00,
14680815,000005F0,false,Rx,0,8,64,E4,64,00,00,64,00,00,
14680840,000000B2,false,Rx,0,8,0F,00,0F,00,11,00,11,00,
14680853,000000FD,false,Rx,0,8,F6,D6,1F,80,0D,00,20,00,
14680866,00000104,false,Rx,0,8,E2,36,A6,00,E6,00,02,00,
14680879,00000116,false,Rx,0,8,04,06,33,D2,28,62,87,FF,
14680893,0000030B,false,Rx,0,8,10,00,02,00,08,00,00,00,
14680907,1B000010,true,Rx,0,8,10,00,04,05,09,00,00,00,
14712922,00000395,false,Rx,0,8,18,09,24,06,B3,41,4F,1C,
14712954,00000117,false,Rx,0,8,37,03,00,40,68,00,00,FF,
14712968,000000A7,false,Rx,0,8,6D,D0,A0,82,FD,29,A8,3E,
14712981,000000A8,false,Rx,0,8,F2,A0,1E,98,83,64,9C,0E,
14712994,00000120,false,Rx,0,8,00,08,00,00,01,04,FF,01,
14713008,00000121,false,Rx,0,8,2F,08,00,80,37,57,7E,FE,
14713021,0000009F,false,Rx,0,8,C1,32,1D,80,03,0A,00,40,
14713034,00000086,false,Rx,0,8,C2,02,2D,20,00,00,00,00,
14723480,00000668,false,Rx,0,8,82,00,00,29,00,03,36,01,
14723512,000003DB,false,Rx,0,8,50,00,01,00,04,20,01,6E,
14723587,000000AD,false,Rx,0,8,F9,EC,BF,FF,8F,20,00,10,
14723600,000000A7,false,Rx,0,8,E5,D1,A0,82,FD,29,A8,3E,
14723613,0000012E,false,Rx,0,8,D5,E4,7F,00,FE,00,C0,FF,
14723626,000000A8,false,Rx,0,8,88,A1,1E,98,83,64,9C,0E,
14723643,00000365,false,Rx,0,8,C1,C6,18,40,8E,02,AC,7A,
14723656,0000032A,false,Rx,0,8,A2,0B,00,00,44,04,00,00,
14731849,00000117,false,Rx,0,8,24,04,00,40,68,00,00,FF,
14731875,000000A7,false,Rx,0,8,91,D2,A0,82,FD,29,A8,3E,
14731889,000000A8,false,Rx,0,8,23,A2,1E,98,83,64,A0,0E,
14731902,00000108,false,Rx,0,8,89,1D,D1,24,56,FE,00,00,
14731915,00000396,false,Rx,0,8,78,00,00,11,00,00,00,00,
14731928,00000120,false,Rx,0,8,56,09,00,00,01,04,FF,01,
14731941,00000121,false,Rx,0,8,D0,09,00,80,37,57,7E,FE,
14731955,0000009F,false,Rx,0,8,B6,34,1D,80,03,0A,00,40,
14741072,000003E5,false,Rx,0,8,EB,16,00,00,00,00,00,00,
14741105,0000012E,false,Rx,0,8,35,E5,7F,00,FE,00,C0,FF,
14741121,000000A7,false,Rx,0,8,10,D3,A0,82,FD,29,A8,3E,
14741134,000000A8,false,Rx,0,8,CC,A3,1E,98,83,64,A0,0E,
14741149,1B000012,true,Rx,0,8,12,00,04,01,11,00,00,00,
14741162,0000011D,false,Rx,0,8,20,0B,00,C8,00,00,00,00,
14741175,00000086,false,Rx,0,8,D1,05,2D,20,00,00,00,00,
14741188,0000009F,false,Rx,0,8,D2,35,1D,80,03,0A,00,40,
14744340,000002B7,false,Rx,0,8,55,02,00,00,00,00,00,00,
14745342,00000380,false,Rx,0,8,B1,0C,40,00,00,00,00,FF,
14745358,00000117,false,Rx,0,8,40,05,00,40,68,00,00,FF,
14745370,000000A7,false,Rx,0,8,2A,D4,A0,82,FD,29,A8,3E,
14757904,0000009F,false,Rx,0,8,7E,36,1D,80,03,0A,00,40,
14757935,00000086,false,Rx,0,8,7D,06,2D,20,00,00,00,00,
14757951,00000381,false,Rx,0,8,FF,FF,FF,FF,FF,FF,FF,DF,
14757964,00000382,false,Rx,0,8,FF,FF,FF,FF,FF,FF,FF,DF,
14757977,00000497,false,Rx,0,8,00,40,00,00,64,46,00,20,
14757990,000000B2,false,Rx,0,8,00,00,00,00,0F,00,0F,00,
14758003,000000FD,false,Rx,0,8,D8,DA,1F,80,0C,00,20,00,
14758017,00000108,false,Rx,0,8,25,1E,D1,24,56,FE,00,00,
14769046,000000B2,false,Rx,0,8,00,00,00,00,0F,00,0F,00,
14769072,00000101,false,Rx,0,8,48,0B,7D,F1,A1,06,40,00,
14769086,00000106,false,Rx,0,8,93,8B,A0,04,08,00,F2,39,
14769099,0000011E,false,Rx,0,8,29,0B,00,00,00,00,00,00,
14769112,0000031B,false,Rx,0,8,EF,0A,10,00,00,63,15,00,
14769125,000000AD,false,Rx,0,8,50,E1,BF,FF,8F,20,00,10,
14769138,00000117,false,Rx,0,8,EC,06,00,40,68,00,00,FF,
14769151,000000A7,false,Rx,0,8,C2,D6,A0,82,FD,29,A8,3E,
14777927,00000121,false,Rx,0,8,1E,0B,00,80,37,57,7E,FE,
14777952,0000032A,false,Rx,0,8,B1,0C,00,00,44,04,00,00,
14777965,00000086,false,Rx,0,8,5B,08,2D,20,00,00,00,00,
14777978,0000009F,false,Rx,0,8,58,38,1D,80,03,0A,00,40,
14777991,000003C0,false,Rx,0,4,FA,09,03,00,00,00,00,00,
14778004,000000B2,false,Rx,0,8,00,00,00,00,0F,00,0F,00,
14778018,000000FD,false,Rx,0,8,F7,DB,1F,80,0C,00,20,00,
14778030,00000104,false,Rx,0,8,68,3B,A6,00,E6,00,02,00,
14788430,000000B2,false,Rx,0,8,00,00,00,00,0F,00,0F,00,
14788456,00000101,false,Rx,0,8,1E,0C,7D,F1,A1,04,40,00,
14788470,00000106,false,Rx,0,8,80,8C,A0,04,08,00,F2,39,
14788483,0000011E,false,Rx,0,8,3A,0C,00,00,00,00,00,00,
14788497,000003EC,false,Rx,0,8,C1,00,00,00,00,08,01,00,
14788510,00000117,false,Rx,0,8,88,07,00,40,68,00,00,FF,
14788523,000000A7,false,Rx,0,8,06,D8,A0,82,FD,29,A8,3E,
14788536,000000A8,false,Rx,0,8,0D,A8,1E,98,83,64,A0,0E,
14799627,000000B2,false,Rx,0,8,00,00,00,00,00,00,0F,00,
14799653,000000FD,false,Rx,0,8,E0,DC,1F,80,06,00,20,00,
14799667,00000104,false,Rx,0,8,7B,3C,A6,00,E6,00,02,00,
14799680,00000116,false,Rx,0,8,9D,0C,33,D2,28,62,87,FF,
14799693,00000392,false,Rx,0,8,26,25,00,00,00,00,00,04,
14799706,000002B7,false,Rx,0,8,0C,03,00,00,00,00,00,00,
14799719,0000012E,false,Rx,0,8,05,E8,7F,00,FE,00,C0,FF,
14799732,000000A7,false,Rx,0,8,D6,D9,A0,82,FD,29,A8,3E,
14810529,000000B2,false,Rx,0,8,00,00,00,00,00,00,00,00,
14810560,00000101,false,Rx,0,8,33,0D,7D,F2,A1,05,40,00,
14810576,00000108,false,Rx,0,8,03,10,D1,24,56,FE,00,00,
14810589,00000106,false,Rx,0,8,E4,8D,A0,04,08,00,F2,39,
14810602,0000011E,false,Rx,0,8,5E,0D,00,00,00,00,00,00,
14810615,000001AB,false,Rx,0,8,12,02,00,02,00,00,04,00,
14810628,0000030D,false,Rx,0,4,00,01,00,00,00,00,00,00,
14810641,00000395,false,Rx,0,8,18,03,24,06,B3,41,4F,5C,
14821008,00000104,false,Rx,0,8,1F,3D,A6,00,E6,00,02,00,
14821034,00000116,false,Rx,0,8,F9,0D,33,D2,28,62,87,FF,
14821048,000001A2,false,Rx,0,8,6A,0A,10,00,E1,06,80,16,
14821061,0000031B,false,Rx,0,8,FA,0B,00,00,00,63,15,00,
14821075,1B000013,true,Rx,0,8,13,00,04,01,01,00,00,00,
14821089,000003DB,false,Rx,0,8,50,00,01,00,04,20,01,6E,
14821102,000000AD,false,Rx,0,8,BC,E6,BF,FF,8F,20,00,10,
14821126,000000A7,false,Rx,0,8,BE,DB,A0,82,FD,29,A8,3E,
14830397,17332610,true,Rx,0,3,39,8F,00,00,00,00,00,00,
14830420,00000040,false,Rx,0,8,EA,04,00,00,C1,00,00,00,
14830433,00000380,false,Rx,0,8,D5,0D,40,00,00,00,00,FF,
14830446,00000117,false,Rx,0,8,AE,09,00,40,68,00,00,FF,
14830459,000000A7,false,Rx,0,8,01,DC,A0,82,FD,29,A8,3E,
14830473,00000108,false,Rx,0,8,67,11,D1,24,56,FE,00,00,
14830486,000000A8,false,Rx,0,8,F3,AC,1E,98,83,64,A0,0E,
14830499,00000396,false,Rx,0,8,1C,01,00,11,00,00,00,00,
14840684,00000116,false,Rx,0,8,55,0E,33,D2,28,62,87,FF,
14840834,000003E5,false,Rx,0,8,F7,17,00,00,00,00,00,00,
14840849,0000012E,false,Rx,0,8,25,EA,7F,00,FE,00,C0,FF,
14840862,000000A7,false,Rx,0,8,F1,DD,A0,82,FD,29,A8,3E,
14840875,000000A8,false,Rx,0,8,E0,AD,1E,98,83,64,A0,0E,
14840888,0000011D,false,Rx,0,8,DD,00,00,C8,00,00,00,00,
14840901,00000086,false,Rx,0,8,48,0F,2D,20,00,00,00,00,
14840914,0000009F,false,Rx,0,8,4B,3F,1D,80,03,0A,00,40,
14846306,000002B7,false,Rx,0,8,BC,04,00,00,00,00,00,00,
14846330,00000117,false,Rx,0,8,02,0A,00,40,68,00,00,FF,
14846355,000000A7,false,Rx,0,8,7A,DE,A0,82,FD,29,A8,3E,
14846368,000000A8,false,Rx,0,8,22,AE,1E,98,83,64,A8,0E,
14846381,00000120,false,Rx,0,8,F5,0F,00,00,01,04,FF,01,
14846394,00000121,false,Rx,0,8,ED,0F,00,80,37,57,7E,FE,
14847375,0000009F,false,Rx,0,8,BC,30,1D,80,03,0B,00,40,
14848343,00000086,false,Rx,0,8,0A,00,2D,20,00,00,00,00,
14855212,000000B2,false,Rx,0,8,00,00,00,00,00,00,00,00,
14855242,000000FD,false,Rx,0,8,9E,DF,1F,80,00,00,20,00,
14855269,00000108,false,Rx,0,8,CB,12,D1,24,56,FE,00,00,
14855283,00000104,false,Rx,0,8,D7,3F,A6,00,E6,00,02,00,
14855296,00000116,false,Rx,0,8,31,0F,33,D2,28,62,87,FF,
14855309,0000030D,false,Rx,0,4,00,01,00,00,00,00,00,00,
14855321,0000012E,false,Rx,0,8,D1,EB,7F,00,FE,00,C0,FF,
14855342,000000A7,false,Rx,0,8,A4,DF,A0,82,FD,29,A8,3E,
14868625,000000B2,false,Rx,0,8,00,00,00,00,00,00,00,00,
14868658,00000101,false,Rx,0,8,8E,00,7E,F2,A1,08,40,00,
14868676,00000106,false,Rx,0,8,6E,80,A0,04,08,00,F2,39,
14868689,0000011E,false,Rx,0,8,D4,00,00,00,00,00,00,00,
14868702,0000031B,false,Rx,0,8,C3,0C,00,00,00,63,15,00,
14868715,000000AD,false,Rx,0,8,94,EB,BF,FF,8F,20,00,10,
14868728,00000117,false,Rx,0,8,66,0B,00,40,68,00,00,FF,
14868741,000000A7,false,Rx,0,8,6D,D0,A0,82,FD,29,A8,3E,
14876493,00000584,false,Rx,0,6,EB,0D,00,00,00,00,00,00,
14876523,000000B2,false,Rx,0,8,00,00,00,00,00,00,00,00,
14876536,000005F0,false,Rx,0,8,64,E4,64,00,00,64,00,00,
14876549,000000FD,false,Rx,0,8,E4,D0,1F,80,00,00,20,00,
14876562,00000104,false,Rx,0,8,95,30,A6,00,E6,00,02,00,
14876576,00000116,false,Rx,0,8,73,00,33,D2,28,62,87,FF,
14876589,0000030B,false,Rx,0,8,10,04,02,00,08,00,00,00,
14876602,1B000010,true,Rx,0,8,10,00,04,05,09,00,00,00,
14883499,0000011D,false,Rx,0,8,15,02,00,C8,00,00,00,00,
14883522,00000086,false,Rx,0,8,A6,03,2D,20,00,00,00,00,
14883536,0000009F,false,Rx,0,8,A5,33,1D,80,03,0A,00,40,
14883549,000000B2,false,Rx,0,8,00,00,00,00,00,00,00,00,
14883562,00000101,false,Rx,0,8,16,01,7D,F2,A1,0E,40,00,
14883575,00000106,false,Rx,0,8,0A,81,A0,04,08,00,F2,39,
14883588,0000011E,false,Rx,0,8,B0,01,00,00,00,00,00,00,
14887434,00000117,false,Rx,0,8,75,0C,00,40,68,00,00,FF,
14887456,000000A7,false,Rx,0,8,91,D2,A0,82,FD,29,A8,3E,
14887469,000000A8,false,Rx,0,8,1B,A2,1E,98,83,64,A4,0E,
14887482,0000011B,false,Rx,0,8,00,20,00,00,00,00,00,00,
14887496,00000120,false,Rx,0,8,CA,01,00,00,01,04,FF,01,
14899418,000002B7,false,Rx,0,8,44,05,00,00,00,00,00,00,
14899572,0000012E,false,Rx,0,8,58,ED,7F,00,FE,00,C0,FF,
14899588,000000A7,false,Rx,0,8,10,D3,A0,82,FD,29,A8,3E,
14899601,000000A8,false,Rx,0,8,CC,A3,1E,98,83,64,A0,0E,
14899614,0000011D,false,Rx,0,8,71,03,00,C8,00,00,00,00,
14899627,00000086,false,Rx,0,8,D1,05,2D,20,00,00,00,00,
14899640,0000009F,false,Rx,0,8,67,35,1D,80,03,0B,00,40,
14908273,000000B2,false,Rx,0,8,00,00,00,00,00,00,00,00,
14908298,00000101,false,Rx,0,8,21,02,7D,F3,A1,08,40,00,
14908312,00000108,false,Rx,0,8,BC,14,D1,24,56,FE,00,00,
14912514,00000106,false,Rx,0,8,A6,82,A0,04,08,00,F2,39,
14912528,0000011E,false,Rx,0,8,1C,02,00,00,00,00,00,00,
14912541,0000030D,false,Rx,0,4,00,01,00,00,00,00,00,00,
14912613,0000064A,false,Rx,0,4,00,00,00,00,00,00,00,00,
14912626,00000395,false,Rx,0,8,18,0D,24,06,B3,41,4F,5C,
14912639,00000380,false,Rx,0,8,79,0E,40,00,00,00,00,FF,
14912652,00000117,false,Rx,0,8,11,0D,00,40,68,00,00,FF,
14912665,000000A7,false,Rx,0,8,2A,D4,A0,82,FD,29,A8,3E,
14922873,00000668,false,Rx,0,8,82,00,00,29,00,03,36,01,
14922898,000003DB,false,Rx,0,8,50,00,01,00,04,20,01,6E,
14923036,000000AD,false,Rx,0,8,9E,E0,BF,FF,8F,20,00,10,
14923049,0000012E,false,Rx,0,8,82,EE,7F,00,FE,00,C0,FF,
14923062,000000A7,false,Rx,0,8,51,D5,A0,82,FD,29,A8,3E,
14923075,000000A8,false,Rx,0,8,75,A5,1E,98,83,64,98,0E,
14923088,00000365,false,Rx,0,8,C1,C6,18,40,8E,02,AC,7A,
14923101,0000032A,false,Rx,0,8,1D,0F,00,00,44,04,00,00,
14932271,00000117,false,Rx,0,8,BD,0E,00,40,68,00,00,FF,
14932296,00000108,false,Rx,0,8,D8,15,D1,24,56,FE,00,00,
14932310,00000396,false,Rx,0,8,B0,02,00,11,00,00,00,00,
14934591,000000A7,false,Rx,0,8,C2,D6,A0,82,FD,29,A8,3E,
14934609,000000A8,false,Rx,0,8,45,A6,1E,98,83,64,98,0E,
14934622,00000120,false,Rx,0,8,E0,03,00,00,01,04,FF,01,
14934635,00000121,false,Rx,0,8,32,03,00,80,37,57,7E,FE,
14934648,00000086,false,Rx,0,8,5B,08,2D,20,00,00,00,00,
14934662,0000009F,false,Rx,0,8,ED,38,1D,80,03,0B,00,40,
14934674,000000B2,false,Rx,0,8,00,00,00,00,00,00,00,00,
14934688,000000FD,false,Rx,0,8,54,D3,1F,80,00,00,20,00,
14945077,0000012E,false,Rx,0,8,85,EF,7F,00,FE,00,C0,FF,
14945102,000000A7,false,Rx,0,8,4B,D7,A0,82,FD,29,A8,3E,
14945117,1B000012,true,Rx,0,8,12,00,04,01,11,00,00,00,
14945130,000000A8,false,Rx,0,8,50,A7,1E,98,83,64,98,0E,
14945143,00000641,false,Rx,0,8,AB,26,2B,58,14,14,E4,52,
14945157,0000011D,false,Rx,0,8,06,05,00,C8,00,00,00,00,
14945170,00000086,false,Rx,0,8,3F,09,2D,20,00,00,00,00,
14945183,0000009F,false,Rx,0,8,F3,39,1D,80,03,0C,00,40,
14949401,000000A8,false,Rx,0,8,3A,A8,1E,98,83,64,94,0E,
14949417,00000120,false,Rx,0,8,B6,04,00,00,01,04,FF,01,
14949430,00000121,false,Rx,0,8,8F,04,00,80,37,57,7E,FE,
14949443,0000009F,false,Rx,0,8,EA,3A,1D,80,03,0D,00,40,
14949457,00000086,false,Rx,0,8,93,0A,2D,20,00,00,00,00,
14949470,00000497,false,Rx,0,8,00,40,00,00,64,46,00,20,
14950339,0000054B,false,Rx,0,8,00,00,00,00,00,00,00,24,
14963314,0000012E,false,Rx,0,8,AC,E0,7F,00,FE,00,C0,FF,
14964831,000000A7,false,Rx,0,8,D6,D9,A0,82,FD,29,A8,3E,
14964848,000000A8,false,Rx,0,8,48,A9,1E,98,83,64,94,0E,
14964864,000006B4,false,Rx,0,8,01,5A,5A,5A,41,55,5A,48,
14964970,0000011D,false,Rx,0,8,AA,06,00,C8,00,00,00,00,
14964983,00000086,false,Rx,0,8,F7,0B,2D,20,00,00,00,00,
14964996,0000009F,false,Rx,0,8,8E,3B,1D,80,03,0D,00,40,
14965010,000000B2,false,Rx,0,8,00,00,00,00,00,00,00,00,
14965023,00000101,false,Rx,0,8,7B,05,7E,F3,A1,0F,40,00,
14974933,000000A7,false,Rx,0,8,D0,DA,A0,82,FD,29,A8,3E,
14974957,000000A8,false,Rx,0,8,17,AA,1E,98,83,64,94,0E,
14974971,00000365,false,Rx,0,8,C1,C6,18,40,8D,02,AC,7A,
14974984,00000120,false,Rx,0,8,B4,05,00,00,01,04,FF,01,
14974997,00000121,false,Rx,0,8,B8,05,00,80,37,57,7E,FE,
14975010,0000032A,false,Rx,0,8,5F,00,00,00,44,04,00,00,
14975023,00000086,false,Rx,0,8,E4,0C,2D,20,00,00,00,00,
14975036,0000009F,false,Rx,0,8,9D,3C,1D,80,03,0D,00,40,
14984767,000000A7,false,Rx,0,8,BE,DB,A0,82,FD,29,A8,3E,
14984792,000000A8,false,Rx,0,8,DA,AB,1E,98,83,64,94,0E,
14984927,00000108,false,Rx,0,8,10,17,D1,24,56,FE,00,00,
14984940,0000011D,false,Rx,0,8,CE,07,00,C8,00,00,00,00,
14984953,00000086,false,Rx,0,8,80,0D,2D,20,00,00,00,00,
14984967,0000009F,false,Rx,0,8,09,3D,1D,80,03,0E,00,40,
14984980,000000B2,false,Rx,0,8,00,00,00,00,00,00,00,00,
14984993,00000101,false,Rx,0,8,92,06,7E,F3,A1,0D,40,00,
14994048,000000A7,false,Rx,0,8,01,DC,A0,82,FD,29,A8,3E,
14994194,000000A8,false,Rx,0,8,8C,AC,1E,98,83,64,98,0E,
14994209,0000011B,false,Rx,0,8,00,20,00,00,00,00,00,00,
14994223,00000120,false,Rx,0,8,5B,06,00,00,01,04,FF,01,
14994236,00000121,false,Rx,0,8,BF,06,00,80,37,57,7E,FE,
14994249,0000009F,false,Rx,0,8,A5,3E,1D,80,03,0E,00,40,
14994262,00000086,false,Rx,0,8,2C,0E,2D,20,00,00,00,00,
14994275,00000391,false,Rx,0,8,13,66,26,5D,00,28,00,22,
15004044,00000382,false,Rx,0,8,FF,FF,FF,FF,FF,FF,FF,0F,
15004059,000000B2,false,Rx,0,8,00,00,00,00,00,00,00,00,
15004166,000000FD,false,Rx,0,8,4A,D6,1F,80,00,00,20,00,
15004180,00000104,false,Rx,0,8,E2,36,A6,00,E6,00,02,00,
15004194,00000116,false,Rx,0,8,04,06,33,D2,28,62,87,FF,
15004207,00000392,false,Rx,0,8,EE,27,00,00,00,00,00,04,
15004220,000002B7,false,Rx,0,8,C0,07,00,00,00,00,00,00,
15004233,0000012E,false,Rx,0,8,6B,E2,7F,00,FE,00,C0,FF,
15014092,000000B2,false,Rx,0,8,00,00,00,00,00,00,00,00,
15014117,00000101,false,Rx,0,8,EB,07,7D,F2,A1,0A,40,00,
15014131,00000108,false,Rx,0,8,52,18,D1,24,56,FE,00,00,
15014259,00000106,false,Rx,0,8,89,87,A1,04,08,00,F2,39,
15014272,0000011E,false,Rx,0,8,C7,07,00,00,00,00,00,00,
15014286,000001AB,false,Rx,0,8,81,03,00,02,00,00,04,00,
15014298,0000030D,false,Rx,0,4,00,01,00,00,00,00,00,00,
15014311,00000395,false,Rx,0,8,18,07,24,06,B3,41,4F,5C,
15022479,00000117,false,Rx,0,8,53,02,00,40,68,00,00,FF,
15022508,000000A7,false,Rx,0,8,7A,DE,A0,82,FD,29,A8,3E,
15022522,000000A8,false,Rx,0,8,65,AE,1E,98,83,64,94,0E,
15022535,00000120,false,Rx,0,8,59,07,00,00,01,04,FF,01,
15022548,00000121,false,Rx,0,8,EC,07,00,80,37,57,7E,FE,
15022561,0000009F,false,Rx,0,8,36,30,1D,80,03,0F,00,40,
15022574,00000086,false,Rx,0,8,0A,00,2D,20,00,00,00,00,
15022587,000000B1,false,Rx,0,8,42,2A,00,00,00,00,00,00,
15031468,0000030B,false,Rx,0,8,10,07,02,00,08,00,00,00,
15031496,00000040,false,Rx,0,8,04,08,00,00,C1,00,00,00,
15031602,00000117,false,Rx,0,8,37,03,00,40,68,00,00,FF,
15031615,000000A7,false,Rx,0,8,6D,D0,A0,82,FD,29,A8,3E,
15031628,000000A8,false,Rx,0,8,CA,A0,1E,98,83,64,98,0E,
15031641,00000108,false,Rx,0,8,36,19,D1,24,56,FE,00,00,
15031654,00000396,false,Rx,0,8,D4,03,00,11,00,00,00,00,
15031668,00000120,false,Rx,0,8,00,08,00,00,01,04,FF,01,
15040028,000003E5,false,Rx,0,8,B7,19,00,00,00,00,00,00,
15040051,0000012E,false,Rx,0,8,D5,E4,7F,00,FE,00,C0,FF,
15040065,000000A7,false,Rx,0,8,E5,D1,A0,82,FD,29,A8,3E,
15040103,000000A8,false,Rx,0,8,88,A1,1E,98,83,64,9C,0E,
15040116,0000011D,false,Rx,0,8,44,0A,00,C8,00,00,00,00,
15040129,00000086,false,Rx,0,8,A6,03,2D,20,00,00,00,00,
15040142,0000009F,false,Rx,0,8,9A,33,1D,80,03,0F,00,40,
15040155,000000B2,false,Rx,0,8,00,00,00,00,00,00,00,00,
15048264,00000101,false,Rx,0,8,02,09,7D,F2,A1,0C,40,00,
15048290,00000106,false,Rx,0,8,AF,89,A1,04,08,00,F2,39,
15048306,0000011E,false,Rx,0,8,E1,09,00,00,00,00,00,00,
15048319,000002B7,false,Rx,0,8,12,08,00,00,00,00,00,00,
15050784,00000117,false,Rx,0,8,24,04,00,40,68,00,00,FF,
15050798,000000A7,false,Rx,0,8,91,D2,A0,82,FD,29,A8,3E,
15050811,000000A8,false,Rx,0,8,64,A2,1E,98,83,64,9C,0E,
15050824,00000120,false,Rx,0,8,56,09,00,00,01,04,FF,01,
15050837,00000121,false,Rx,0,8,D0,09,00,80,37,57,7E,FE,
15050850,0000009F,false,Rx,0,8,89,34,1D,80,03,0F,00,40,
15050874,00000086,false,Rx,0,8,B5,04,2D,20,00,00,00,00,
15050887,00000497,false,Rx,0,8,00,40,00,00,64,46,00,20,
15051807,00000116,false,Rx,0,8,46,09,33,D2,28,62,87,FF,
15062658,0000012E,false,Rx,0,8,35,E5,7F,00,FE,00,C0,FF,
15062687,000000A7,false,Rx,0,8,10,D3,A0,82,FD,29,A8,3E,
15062702,000000A8,false,Rx,0,8,8B,A3,1E,98,83,64,9C,0E,
15062715,0000011D,false,Rx,0,8,20,0B,00,C8,00,00,00,00,
15062728,00000086,false,Rx,0,8,D1,05,2D,20,00,00,00,00,
15062741,0000009F,false,Rx,0,8,58,35,1D,80,03,0E,00,40,
15062754,000000B2,false,Rx,0,8,00,00,00,00,00,00,00,00,
15062767,00000101,false,Rx,0,8,91,0A,7D,F2,A1,09,40,00,
15065715,000000AD,false,Rx,0,8,03,EF,BF,FF,8F,20,00,10,
15065736,00000380,false,Rx,0,8,5F,00,40,00,00,00,00,FF,
15078413,0000009F,false,Rx,0,8,41,36,1D,80,03,0F,00,40,
15078445,00000366,false,Rx,0,8,00,00,00,00,80,03,00,00,
15078461,000003C0,false,Rx,0,4,C5,0C,03,00,00,00,00,00,
15078474,00000381,false,Rx,0,8,FF,FF,FF,FF,FF,FF,FF,1F,
15078486,00000382,false,Rx,0,8,FF,FF,FF,FF,FF,FF,FF,1F,
15078500,000000B2,false,Rx,0,8,00,00,00,00,00,00,00,00,
15078513,00000584,false,Rx,0,6,17,0E,00,00,00,00,00,00,
15078526,000000FD,false,Rx,0,8,C9,DA,1F,80,00,00,20,00,
15092206,000000B2,false,Rx,0,8,00,00,00,00,00,00,00,00,
15092231,00000101,false,Rx,0,8,05,0B,7D,F2,A1,0A,40,00,
15092244,00000106,false,Rx,0,8,67,8B,A1,04,08,00,F2,39,
15092257,0000011E,false,Rx,0,8,29,0B,00,00,00,00,00,00,
15092271,00000117,false,Rx,0,8,EC,06,00,40,68,00,00,FF,
15092284,000000A7,false,Rx,0,8,C2,D6,A0,82,FD,29,A8,3E,
15092297,000000A8,false,Rx,0,8,02,A6,1E,98,83,64,A4,0E,
15092310,0000011B,false,Rx,0,8,00,20,00,00,00,00,00,00,
15101678,00000120,false,Rx,0,8,21,0B,00,00,01,04,FF,01,
15101707,00000121,false,Rx,0,8,1E,0B,00,80,37,57,7E,FE,
15101720,0000009F,false,Rx,0,8,D2,38,1D,80,03,0E,00,40,
15101860,00000086,false,Rx,0,8,5B,08,2D,20,00,00,00,00,
15101873,00000391,false,Rx,0,8,13,66,26,5C,00,28,00,22,
15101886,000003BE,false,Rx,0,8,2F,1A,E6,51,88,80,00,80,
15101899,000000B2,false,Rx,0,8,00,00,00,00,00,00,00,00,
15101912,000000FD,false,Rx,0,8,E6,DB,1F,80,00,00,20,00,
15112393,00000395,false,Rx,0,8,18,01,24,06,B3,41,4F,5C,
15112417,00000117,false,Rx,0,8,88,07,00,40,68,00,00,FF,
15112431,000000A7,false,Rx,0,8,06,D8,A0,82,FD,29,A8,3E,
15112444,000000A8,false,Rx,0,8,45,A8,1E,98,83,64,AC,0E,
15112457,00000120,false,Rx,0,8,FB,0C,00,00,01,04,FF,01,
15112470,00000121,false,Rx,0,8,DB,0C,00,80,37,57,7E,FE,
15112484,0000009F,false,Rx,0,8,EA,3A,1D,80,03,0D,00,40,
15112497,00000086,false,Rx,0,8,93,0A,2D,20,00,00,00,00,
15123297,000003DB,false,Rx,0,8,50,00,01,00,04,20,01,6E,
15124225,000000AD,false,Rx,0,8,97,E4,BF,FF,8F,20,00,10,
15124242,0000012E,false,Rx,0,8,05,E8,7F,00,FE,00,C0,FF,
15124256,000000A7,false,Rx,0,8,D6,D9,A0,82,FD,29,A8,3E,
15124269,00000668,false,Rx,0,8,82,00,00,29,00,03,36,01,
15124282,000000A8,false,Rx,0,8,37,A9,1E,98,83,64,AC,0E,
15124295,00000365,false,Rx,0,8,C1,C6,18,40,8E,02,AC,7A,
15124308,0000032A,false,Rx,0,8,F3,03,00,00,44,04,00,00,
15124321,00000086,false,Rx,0,8,F7,0B,2D,20,00,00,00,00,
15130701,0000009F,false,Rx,0,8,3B,3B,1D,80,03,0C,00,40,
15130714,0000011D,false,Rx,0,8,FB,0E,00,C8,00,00,00,00,
15130728,000000B2,false,Rx,0,8,00,00,00,00,00,00,00,00,
15130741,00000101,false,Rx,0,8,37,0D,7D,F2,A1,08,40,00,
15130754,00000106,false,Rx,0,8,10,8D,A1,04,08,00,F2,39,
15130767,0000011E,false,Rx,0,8,5E,0D,00,00,00,00,00,00,
15130780,0000030B,false,Rx,0,8,10,09,02,00,08,00,00,00,
15137493,000003E5,false,Rx,0,8,2F,1A,00,00,00,00,00,00,
15137514,0000012E,false,Rx,0,8,79,E9,7F,00,FE,00,C0,FF,
15137528,000000A7,false,Rx,0,8,24,DB,60,82,FD,25,A8,3E,
15137541,000000A8,false,Rx,0,8,A5,AB,1E,98,83,64,AC,0E,
15137555,1B000012,true,Rx,0,8,12,00,04,01,11,00,00,00,
15137569,0000011D,false,Rx,0,8,9F,0F,00,C8,00,00,00,00,
15137582,00000086,false,Rx,0,8,80,0D,2D,20,00,00,00,00,
15138829,0000009F,false,Rx,0,8,36,3D,1D,80,03,0B,00,40,
15141728,000000B2,false,Rx,0,8,00,00,00,00,00,00,00,00,
15141757,00000101,false,Rx,0,8,2A,0E,7D,F2,A1,04,40,00,
15152074,00000380,false,Rx,0,8,3B,01,40,00,00,00,00,FF,
15152102,00000117,false,Rx,0,8,AE,09,00,40,68,00,00,FF,
15152116,000000A7,false,Rx,0,8,9B,DC,60,82,FD,25,A8,3E,
15152129,000000A8,false,Rx,0,8,FC,AC,1E,58,83,64,AC,0E,
15152142,00000120,false,Rx,0,8,20,0E,00,00,01,04,FF,01,
15152155,00000121,false,Rx,0,8,5B,0E,00,80,37,57,7E,FE,
15152169,0000009F,false,Rx,0,8,2F,3E,1D,80,03,0A,00,40,
15152182,00000086,false,Rx,0,8,2C,0E,2D,20,00,00,00,00,
15155339,0000012E,false,Rx,0,8,25,EA,7F,00,FE,00,C0,FF,
15155352,000000A7,false,Rx,0,8,6B,DD,60,82,FD,25,A8,3E,
15156390,000000A8,false,Rx,0,8,47,AD,1E,58,83,64,B0,0E,
15167514,000006B4,false,Rx,0,8,00,F2,F6,7B,AC,57,56,57,
15167541,0000011D,false,Rx,0,8,DD,00,00,C8,00,00,00,00,
15167555,00000086,false,Rx,0,8,48,0F,2D,20,00,00,00,00,
15167568,0000009F,false,Rx,0,8,4B,3F,1D,80,03,0A,00,40,
15167581,000000B2,false,Rx,0,8,00,00,00,00,00,00,00,00,
15167594,00000101,false,Rx,0,8,AB,0F,7D,F3,A1,08,40,00,
15167607,00000106,false,Rx,0,8,EB,8F,A2,04,08,00,F2,39,
15167620,0000011E,false,Rx,0,8,96,0F,00,00,00,00,00,00,
15178670,000003C0,false,Rx,0,4,70,0D,03,00,00,00,00,00,
15178694,000000B2,false,Rx,0,8,00,00,00,00,00,00,00,00,
15178708,000000FD,false,Rx,0,8,9E,DF,1F,80,00,00,20,00,
15178809,00000104,false,Rx,0,8,D7,3F,A6,00,E6,00,02,00,
15178822,00000116,false,Rx,0,8,31,0F,33,D2,28,62,87,FF,
15178835,0000030B,false,Rx,0,8,10,0A,02,00,08,00,00,00,
15178849,000006B7,false,Rx,0,8,9D,27,A1,73,06,18,00,6E,
15178888,000006B8,false,Rx,0,8,A6,27,B4,70,26,6C,00,00,
15187130,000000B2,false,Rx,0,8,00,00,00,00,00,00,00,00,
15187155,00000101,false,Rx,0,8,2A,00,7E,F3,A1,0B,40,00,
15187280,00000106,false,Rx,0,8,A9,80,A2,04,08,00,F2,39,
15187293,0000011E,false,Rx,0,8,D4,00,00,00,00,00,00,00,
15187306,000003EC,false,Rx,0,8,C1,00,00,00,00,08,01,00,
15187319,00000117,false,Rx,0,8,66,0B,00,40,68,00,00,FF,
15194702,000000A7,false,Rx,0,8,F7,D0,60,82,FD,25,A8,3E,
15194716,000000A8,false,Rx,0,8,8D,A0,1E,98,83,64,A4,0E,
15194876,0000011B,false,Rx,0,8,00,20,00,00,00,00,00,00,
15194890,00000120,false,Rx,0,8,3F,00,00,00,01,04,FF,01,
15194903,00000121,false,Rx,0,8,23,00,00,80,37,57,7E,FE,
15194916,0000009F,false,Rx,0,8,0E,32,1D,80,03,0C,00,40,
15194943,00000086,false,Rx,0,8,C2,02,2D,20,00,00,00,00,
15194956,00000391,false,Rx,0,8,13,66,26,5C,00,28,00,22,
15207387,000000A7,false,Rx,0,8,7F,D1,60,82,FD,25,A8,3E,
15207559,000000A8,false,Rx,0,8,CF,A1,1E,98,83,64,A0,0E,
15207576,0000011D,false,Rx,0,8,15,02,00,C8,00,00,00,00,
15207589,00000086,false,Rx,0,8,A6,03,2D,20,00,00,00,00,
15207602,0000009F,false,Rx,0,8,6A,33,1D,80,03,0C,00,40,
15207615,000000B2,false,Rx,0,8,00,00,00,00,00,00,00,00,
15207628,00000101,false,Rx,0,8,4E,01,7E,F3,A1,0B,40,00,
15207641,00000108,false,Rx,0,8,03,10,D1,24,56,FE,00,00,
15218196,000000B1,false,Rx,0,8,E0,2C,00,00,00,00,00,00,
15218226,000000B2,false,Rx,0,8,00,00,00,00,00,00,00,00,
15220844,000000FD,false,Rx,0,8,EE,D1,1F,80,00,00,20,00,
15220883,00000104,false,Rx,0,8,F1,31,A6,00,E6,00,02,00,
15220897,000003C8,false,Rx,0,8,00,00,54,24,00,12,80,4D,
15221007,00000116,false,Rx,0,8,17,01,33,D2,28,62,87,FF,
15221020,000001A2,false,Rx,0,8,24,0C,10,00,E1,06,80,16,
15221033,0000031B,false,Rx,0,8,9D,03,00,00,00,63,15,00,
15221047,1B000013,true,Rx,0,8,13,00,04,01,01,00,00,00,
15221061,000003DB,false,Rx,0,8,50,00,01,00,04,20,01,6E,
15230107,00000040,false,Rx,0,8,BB,0C,00,00,C1,00,00,00,
15230132,00000380,false,Rx,0,8,97,02,40,00,00,00,00,FF,
15230260,00000117,false,Rx,0,8,11,0D,00,40,68,00,00,FF,
15230273,000000A7,false,Rx,0,8,12,C4,60,82,FD,25,A8,3E,
15230286,000000A8,false,Rx,0,8,6F,A4,1E,58,83,64,AC,0E,
15230299,00000108,false,Rx,0,8,67,11,D1,24,56,FE,00,00,
15230313,00000396,false,Rx,0,8,A3,05,00,11,00,00,00,00,
15238090,00000120,false,Rx,0,8,32,02,00,00,01,04,FF,01,
15238118,00000121,false,Rx,0,8,C0,02,00,80,37,57,7E,FE,
15238131,00000385,false,Rx,0,8,00,32,22,00,01,22,31,01,
15238144,0000009F,false,Rx,0,8,B1,36,1D,80,03,0C,00,40,
15238157,00000086,false,Rx,0,8,7D,06,2D,20,00,00,00,00,
15238171,00000381,false,Rx,0,8,FF,FF,FF,FF,FF,FF,FF,3F,
15238184,00000382,false,Rx,0,8,FF,FF,FF,FF,FF,FF,FF,3F,
15238197,000000B2,false,Rx,0,8,00,00,00,00,00,00,00,00,
15238321,00000086,false,Rx,0,8,19,07,2D,20,00,00,00,00,
15245610,0000009F,false,Rx,0,8,D5,37,1D,80,03,0C,00,40,
15245624,000000B2,false,Rx,0,8,00,00,00,00,00,00,00,00,
15245762,00000101,false,Rx,0,8,C3,03,7E,F3,A1,09,40,00,
15245775,00000106,false,Rx,0,8,05,83,A2,04,08,00,F2,39,
15245788,0000011E,false,Rx,0,8,78,03,00,00,00,00,00,00,
15245801,000002B7,false,Rx,0,8,E6,0C,00,00,00,00,00,00,
15245814,00000117,false,Rx,0,8,BD,0E,00,40,68,00,00,FF,
15253885,00000120,false,Rx,0,8,E0,03,00,00,01,04,FF,01,
15253922,000003FE,false,Rx,0,8,FF,3F,FF,FF,00,00,00,10,
15253938,00000121,false,Rx,0,8,32,03,00,80,37,57,7E,FE,
15253951,0000009F,false,Rx,0,8,97,38,1D,80,03,0C,00,40,
15253964,00000086,false,Rx,0,8,5B,08,2D,20,00,00,00,00,
15253977,00000497,false,Rx,0,8,00,40,00,00,64,46,00,20,
15253990,000000B2,false,Rx,0,8,00,00,00,00,00,00,00,00,
15254003,000000FD,false,Rx,0,8,54,D3,1F,80,00,00,20,00,
15256756,0000012E,false,Rx,0,8,85,EF,7F,00,FE,00,C0,FF,
15256771,000000A7,false,Rx,0,8,FF,B7,20,82,FD,21,A8,3E,
15256794,000000A8,false,Rx,0,8,18,A7,1E,58,83,64,A8,0E,
15257338,0000011D,false,Rx,0,8,06,05,00,C8,00,00,00,00,
15269233,000000B2,false,Rx,0,8,00,00,00,00,00,00,00,00,
15269263,00000101,false,Rx,0,8,13,04,7D,F3,A1,0A,40,00,
15269279,00000106,false,Rx,0,8,E2,84,A3,04,08,00,F2,39,
15269292,0000011E,false,Rx,0,8,6B,04,00,00,00,00,00,00,
15269305,0000031B,false,Rx,0,8,81,04,00,00,00,63,15,00,
15269318,000003BE,false,Rx,0,8,C9,1C,E6,51,C8,80,00,80,
15276526,000000AD,false,Rx,0,8,D8,E3,BF,FF,00,1C,00,00,
15276541,00000117,false,Rx,0,8,D9,0F,00,40,68,00,00,FF,
15276554,000000A7,false,Rx,0,8,10,A8,20,82,FD,21,A8,3E,
15276567,000000A8,false,Rx,0,8,3A,A8,1E,58,83,64,A8,0E,
15276580,00000120,false,Rx,0,8,B6,04,00,00,01,04,FF,01,
15276593,00000365,false,Rx,0,8,C1,C6,18,40,8E,02,AC,7A,
15276606,00000121,false,Rx,0,8,8F,04,00,80,37,57,7E,FE,
15276620,0000032A,false,Rx,0,8,28,06,00,00,44,04,00,00,
15284380,0000011D,false,Rx,0,8,AA,06,00,C8,00,00,00,00,
15284463,00000086,false,Rx,0,8,F7,0B,2D,20,00,00,00,00,
15284476,0000009F,false,Rx,0,8,7E,3B,1D,80,03,0E,00,40,
15284490,000000B2,false,Rx,0,8,00,00,00,00,00,00,00,00,
15284503,00000101,false,Rx,0,8,77,05,7D,F3,A1,0A,40,00,
15284516,00000106,false,Rx,0,8,86,85,A3,04,08,00,F2,39,
15284529,0000011E,false,Rx,0,8,0F,05,00,00,00,00,00,00,
15293584,00000117,false,Rx,0,8,9B,00,00,40,68,00,00,FF,
15293608,000000A7,false,Rx,0,8,13,9A,E0,81,FD,1D,B8,3E,
15293745,000000A8,false,Rx,0,8,82,BA,1E,58,83,64,9C,0E,
15293758,0000011B,false,Rx,0,8,00,20,00,00,00,00,00,00,
15293771,00000120,false,Rx,0,8,B4,05,00,00,01,04,FF,01,
15293784,00000121,false,Rx,0,8,B8,05,00,80,37,57,7E,FE,
15293797,0000009F,false,Rx,0,8,D8,3C,1D,80,03,0F,00,40,
15293859,00000086,false,Rx,0,8,E4,0C,2D,20,00,00,00,00,
15304178,0000012E,false,Rx,0,8,A2,E1,7F,00,FE,00,C0,FF,
15304202,000000A7,false,Rx,0,8,EE,9B,A0,81,FD,19,B8,3E,
15307466,000000A8,false,Rx,0,8,77,BB,1E,58,83,64,98,0E,
15307482,0000011D,false,Rx,0,8,CE,07,00,C8,00,00,00,00,
15307495,00000086,false,Rx,0,8,80,0D,2D,20,00,00,00,00,
15307508,0000009F,false,Rx,0,8,8B,3D,1D,80,03,10,00,40,
15307521,000000B2,false,Rx,0,8,00,00,00,00,00,00,00,00,
15307534,00000101,false,Rx,0,8,9E,06,7D,F3,A1,08,40,00,
15307547,00000108,false,Rx,0,8,BC,14,D1,24,56,FE,00,00,
15307560,00000106,false,Rx,0,8,2A,86,A3,04,08,00,F2,39,
15318459,00000381,false,Rx,0,8,FF,FF,FF,FF,FF,FF,FF,4F,
15318490,00000382,false,Rx,0,8,FF,FF,FF,FF,FF,FF,FF,4F,
15318505,000000B1,false,Rx,0,8,6E,2D,00,00,00,00,00,00,
15318518,000000B2,false,Rx,0,8,00,00,00,00,00,00,00,00,
15318531,000000FD,false,Rx,0,8,4A,D6,1F,80,00,00,20,00,
15318545,00000104,false,Rx,0,8,FE,36,A6,00,E6,00,00,00,
15318558,000003C8,false,Rx,0,8,00,00,54,24,00,12,00,4D,
15318571,00000116,false,Rx,0,8,04,06,33,D2,28,62,87,FF,
15323898,000000B2,false,Rx,0,8,00,00,00,00,00,00,00,00,
15323920,00000101,false,Rx,0,8,1F,07,7D,F2,A1,04,40,00,
15323934,00000106,false,Rx,0,8,BA,87,A2,04,08,00,F2,39,
15323946,0000011E,false,Rx,0,8,C7,07,00,00,00,00,00,00,
15323960,0000030B,false,Rx,0,8,10,0D,02,00,08,00,00,00,
15350603,000000B2,false,Rx,0,8,00,00,00,00,00,00,00,00,
15350658,00000101,false,Rx,0,8,EC,08,7D,F2,A1,08,40,00,
15350674,00000106,false,Rx,0,8,F8,88,A2,04,08,00,F2,39,
15350687,0000011E,false,Rx,0,8,85,08,00,00,00,00,00,00,
15350700,000002B7,false,Rx,0,8,57,0E,00,00,00,00,00,00,
15350714,00000117,false,Rx,0,8,37,03,00,40,68,00,00,FF,
15350727,000000A7,false,Rx,0,8,0A,70,20,81,FD,11,B8,3E,
15350740,000000A8,false,Rx,0,8,62,B0,1E,18,83,64,90,0E,
15357482,00000104,false,Rx,0,8,C4,38,A6,00,E6,00,02,00,
15357508,00000116,false,Rx,0,8,22,08,33,D2,28,62,87,FF,
15357523,0000030D,false,Rx,0,4,00,01,00,00,00,00,00,00,
15357536,0000012E,false,Rx,0,8,D5,E4,7F,00,FE,00,C0,FF,
15357549,000000A7,false,Rx,0,8,82,71,20,81,FD,11,B8,3E,
15357562,000000A8,false,Rx,0,8,CA,B1,1E,D8,82,64,94,0E,
15357575,000006B4,false,Rx,0,8,02,57,33,37,32,32,38,33,
15357588,0000011D,false,Rx,0,8,44,0A,00,C8,00,00,00,00,
15375487,000000AD,false,Rx,0,8,EF,ED,BF,FF,00,18,00,00,
15375520,00000117,false,Rx,0,8,24,04,00,40,68,00,00,FF,
15375537,000000A7,false,Rx,0,8,F6,72,20,81,FD,11,B8,3E,
15375681,000000A8,false,Rx,0,8,6B,B2,1E,98,82,64,9C,0E,
15375694,00000120,false,Rx,0,8,56,09,00,00,01,04,FF,01,
15375707,00000365,false,Rx,0,8,C1,C6,18,40,8E,02,AC,7A,
15375720,00000121,false,Rx,0,8,63,09,00,00,38,57,7E,FE,
15375733,0000032A,false,Rx,0,8,0E,08,00,00,44,04,00,00,
15385480,0000011D,false,Rx,0,8,20,0B,00,C8,00,00,00,00,
15385505,00000086,false,Rx,0,8,D1,05,2D,20,00,00,00,00,
15385519,0000009F,false,Rx,0,8,58,35,1D,80,03,0E,00,40,
15385532,000000B2,false,Rx,0,8,00,00,00,00,00,00,00,00,
15385545,00000101,false,Rx,0,8,D8,0A,7D,F1,A1,08,40,00,
15385558,00000106,false,Rx,0,8,30,8A,A2,04,08,00,F2,39,
15385571,0000011E,false,Rx,0,8,4D,0A,00,00,00,00,00,00,
15385596,00000380,false,Rx,0,8,E0,04,40,00,00,00,00,FF,
15396851,0000011B,false,Rx,0,8,00,20,00,00,00,00,00,00,
15396876,00000120,false,Rx,0,8,8D,0A,00,00,01,04,FF,01,
15396889,00000121,false,Rx,0,8,06,0A,00,00,38,57,7E,FE,
15396903,0000009F,false,Rx,0,8,04,36,1D,80,03,0D,00,40,
15396916,00000086,false,Rx,0,8,7D,06,2D,20,00,00,00,00,
15396929,00000391,false,Rx,0,8,12,66,24,57,00,28,00,22,
15396942,000003BE,false,Rx,0,8,75,1F,E6,51,88,80,00,80,
15396955,00000381,false,Rx,0,8,FF,FF,FF,FF,FF,FF,FF,5F,
15406653,0000011D,false,Rx,0,8,33,0C,00,C8,00,00,00,00,
15406678,00000086,false,Rx,0,8,19,07,2D,20,00,00,00,00,
15406692,0000009F,false,Rx,0,8,D5,37,1D,80,03,0C,00,40,
15406705,000003DB,false,Rx,0,8,50,00,01,00,04,20,01,6E,
15406718,000000B2,false,Rx,0,8,00,00,00,00,00,00,00,00,
15406731,00000101,false,Rx,0,8,09,0B,7D,F1,A1,09,40,00,
15406744,00000108,false,Rx,0,8,FF,18,D1,24,57,FE,00,00,
15406757,00000106,false,Rx,0,8,54,8B,A2,04,08,00,F2,39,
15414271,0000009F,false,Rx,0,8,58,38,1D,80,03,0A,00,40,
15414291,00000086,false,Rx,0,8,5B,08,2D,20,00,00,00,00,
15414305,000000B1,false,Rx,0,8,71,2E,00,00,00,00,00,00,
15414318,0000008A,false,Rx,0,8,CB,15,00,00,00,00,00,FA,
15419913,000000B2,false,Rx,0,8,00,00,00,00,00,00,00,00,
15419930,000003C8,false,Rx,0,8,00,00,54,24,00,12,00,4D,
15420071,000000FD,false,Rx,0,8,E6,DB,1F,80,00,00,20,00,
15420084,00000104,false,Rx,0,8,68,3B,A6,00,E6,00,02,00,
15420098,00000116,false,Rx,0,8,8E,0B,33,D2,28,62,87,FF,
15420162,000001A2,false,Rx,0,8,D3,0D,10,00,E1,06,80,13,
15420175,0000031B,false,Rx,0,8,EC,07,00,00,00,63,15,00,
15420190,1B000013,true,Rx,0,8,13,00,04,01,01,00,00,00,
15430197,00000101,false,Rx,0,8,60,0C,7D,F1,A1,0E,40,00,
15430220,00000106,false,Rx,0,8,47,8C,A2,04,08,00,F2,39,
15430234,0000011E,false,Rx,0,8,3A,0C,00,00,00,00,00,00,
15430247,0000030B,false,Rx,0,8,10,0F,02,00,08,00,00,00,
15430260,00000040,false,Rx,0,8,55,00,00,00,C1,00,00,00,
15430273,00000117,false,Rx,0,8,88,07,00,40,68,00,00,FF,
15430286,000000A7,false,Rx,0,8,A6,78,20,81,FD,0D,B8,3E,
15430299,00000108,false,Rx,0,8,9B,19,D1,24,57,FE,00,00,
15437007,00000396,false,Rx,0,8,6B,07,00,11,00,00,00,00,
15437037,00000120,false,Rx,0,8,FB,0C,00,00,01,04,FF,01,
15437050,00000121,false,Rx,0,8,55,0C,00,40,38,57,7E,FE,
15437063,0000009F,false,Rx,0,8,D5,3A,1D,80,03,08,00,40,
15437076,00000086,false,Rx,0,8,93,0A,2D,20,00,00,00,00,
15437090,000000B2,false,Rx,0,8,00,00,00,00,00,00,00,00,
15437103,000000FD,false,Rx,0,8,7F,DC,1F,80,00,00,20,00,
15437116,00000104,false,Rx,0,8,7B,3C,A6,00,E6,00,02,00,
15445498,00000086,false,Rx,0,8,F7,0B,2D,20,00,00,00,00,
15445522,0000009F,false,Rx,0,8,04,3B,1D,80,03,09,00,40,
15445536,000000B2,false,Rx,0,8,00,00,00,00,00,00,00,00,
15445549,00000101,false,Rx,0,8,3B,0D,7E,F2,A1,0D,40,00,
15445562,00000106,false,Rx,0,8,D7,8D,A3,04,08,00,F2,39,
15445575,0000011E,false,Rx,0,8,5E,0D,00,00,00,00,00,00,
15445588,000002B7,false,Rx,0,8,DC,00,00,00,00,00,00,00,
15445601,00000117,false,Rx,0,8,CA,08,00,40,68,00,00,FF,
15454895,00000120,false,Rx,0,8,4B,0D,00,00,01,04,FF,01,
15454920,00000121,false,Rx,0,8,46,0D,00,40,38,57,7E,FE,
15454933,0000009F,false,Rx,0,8,E7,3C,1D,80,03,0A,00,40,
15454946,00000086,false,Rx,0,8,E4,0C,2D,20,00,00,00,00,
15454960,00000497,false,Rx,0,8,00,40,00,00,64,46,00,20,
15454973,0000054B,false,Rx,0,8,00,00,00,00,00,00,00,24,
15454987,17F0000A,true,Rx,0,8,00,0A,00,00,00,00,00,80,
15455000,000000B2,false,Rx,0,8,00,00,00,00,00,00,00,00,
15460225,000000A7,false,Rx,0,8,81,7B,E0,80,FD,0D,A8,3E,
15460242,000000A8,false,Rx,0,8,24,AB,1E,18,82,64,C0,0E,
15460255,0000011D,false,Rx,0,8,9F,0F,00,C8,00,00,00,00,
15460268,00000086,false,Rx,0,8,80,0D,2D,20,00,00,00,00,
15460281,0000009F,false,Rx,0,8,83,3D,1D,80,03,0A,00,40,
15460294,000000B2,false,Rx,0,8,00,00,00,00,00,00,00,00,
15461339,00000101,false,Rx,0,8,BD,0E,7E,F3,A1,07,40,00,
15461352,00000106,false,Rx,0,8,8F,8E,A2,04,08,00,F2,39,
15474557,000000AD,false,Rx,0,8,C9,E7,BF,FF,00,00,00,00,
15474588,00000380,false,Rx,0,8,84,05,40,00,00,00,00,FF,
15474604,00000117,false,Rx,0,8,AE,09,00,40,68,00,00,FF,
15474618,000000A7,false,Rx,0,8,3E,7C,E0,80,FD,0D,A8,3E,
15474631,000000A8,false,Rx,0,8,8C,AC,1E,18,82,64,BC,0E,
15474644,00000120,false,Rx,0,8,20,0E,00,00,01,04,FF,01,
15474657,00000365,false,Rx,0,8,C1,C6,18,40,8E,02,AC,7A,
15474670,00000121,false,Rx,0,8,D5,0E,00,40,38,57,7E,FE,
15486013,00000520,false,Rx,0,8,FB,00,00,08,00,0A,00,00,
15486038,000000A7,false,Rx,0,8,CE,7D,E0,80,FD,0D,A8,3E,
15486191,00000108,false,Rx,0,8,53,1B,D1,24,57,FE,00,00,
15486204,000000A8,false,Rx,0,8,A2,AD,1E,58,82,64,BC,0E,
15486217,0000011D,false,Rx,0,8,DD,00,00,C8,00,00,00,00,
15486230,00000086,false,Rx,0,8,48,0F,2D,20,00,00,00,00,
15486243,0000009F,false,Rx,0,8,BB,3F,1D,80,03,09,00,40,
15486257,000000B2,false,Rx,0,8,00,00,00,00,00,00,00,00,
15493750,000000A7,false,Rx,0,8,45,7E,E0,80,FD,0D,A8,3E,
15493764,000000A8,false,Rx,0,8,10,AE,1E,58,82,64,BC,0E,
15493777,0000011B,false,Rx,0,8,00,20,00,00,00,00,00,00,
15493790,00000120,false,Rx,0,8,F5,0F,00,00,01,04,FF,01,
15493804,00000121,false,Rx,0,8,63,0F,00,40,38,57,7E,FE,
15493846,0000009F,false,Rx,0,8,F9,30,1D,80,03,09,00,40,
15493858,00000086,false,Rx,0,8,0A,00,2D,20,00,00,00,00,
15493872,00000391,false,Rx,0,8,11,66,25,51,00,28,00,22,
15503919,000003DB,false,Rx,0,8,50,00,01,00,04,20,01,6E,
15503944,0000012E,false,Rx,0,8,D1,EB,7F,00,FE,00,C0,FF,
15503958,000000A7,false,Rx,0,8,9B,7F,E0,80,FD,0D,A8,3E,
15503971,000000A8,false,Rx,0,8,9F,AF,1E,58,82,64,BC,0E,
15503984,0000011D,false,Rx,0,8,B9,01,00,C8,00,00,00,00,
15503997,00000086,false,Rx,0,8,6E,01,2D,20,00,00,00,00,
15504010,0000009F,false,Rx,0,8,6D,31,1D,80,03,0A,00,40,
15504023,000000B2,false,Rx,0,8,00,00,00,00,00,00,00,00,
15510905,00000117,false,Rx,0,8,66,0B,00,40,68,00,00,FF,
15510942,000000A7,false,Rx,0,8,52,70,E0,80,FD,0D,A8,3E,
15510956,000000A8,false,Rx,0,8,CA,A0,1E,18,82,64,BC,0E,
15510969,00000120,false,Rx,0,8,3F,00,00,00,01,04,FF,01,
15510982,00000121,false,Rx,0,8,AD,00,00,40,38,57,7E,FE,
15510995,0000009F,false,Rx,0,8,0E,32,1D,80,03,0C,00,40,
15511008,00000086,false,Rx,0,8,C2,02,2D,20,00,00,00,00,
15511022,000000B1,false,Rx,0,8,4D,2F,00,00,00,00,00,00,
15518795,00000116,false,Rx,0,8,73,00,33,D2,28,62,87,FF,
15518823,0000031B,false,Rx,0,8,6F,09,00,00,00,63,15,00,
15518966,00000668,false,Rx,0,8,82,00,00,29,00,03,31,01,
15518979,000000AD,false,Rx,0,8,2F,EC,BF,FF,00,14,00,00,
15518992,0000012E,false,Rx,0,8,72,EC,7F,00,FE,00,C0,FF,
15519006,000000A7,false,Rx,0,8,DA,71,E0,80,FD,0D,A8,3E,
15519019,000000A8,false,Rx,0,8,C0,A1,1E,18,82,64,B4,0E,
15519032,00000365,false,Rx,0,8,C1,C6,18,40,8F,02,AC,7A,
15529245,000000B2,false,Rx,0,8,00,00,00,00,00,00,00,00,
15529270,00000101,false,Rx,0,8,3D,01,7E,F4,A1,08,40,00,
15531974,00000106,false,Rx,0,8,39,81,A3,04,08,00,F2,39,
15532000,0000011E,false,Rx,0,8,B0,01,00,00,00,00,00,00,
15532014,0000030B,false,Rx,0,8,10,01,02,00,08,00,00,00,
15532150,00000040,false,Rx,0,8,9D,02,00,00,C1,00,00,00,
15532163,00000117,false,Rx,0,8,75,0C,00,40,68,00,00,FF,
15532176,000000A7,false,Rx,0,8,AE,72,E0,80,FD,0D,A8,3E,
15532189,000000A8,false,Rx,0,8,2C,A2,1E,18,82,64,B4,0E,
15532202,00000108,false,Rx,0,8,24,1D,D1,24,57,FE,00,00,
15539181,17F00072,true,Rx,0,8,00,00,00,00,00,00,00,00,
15539206,00000104,false,Rx,0,8,ED,31,A6,00,E6,00,00,00,
15539220,00000116,false,Rx,0,8,17,01,33,D2,28,62,87,FF,
15539233,000003E5,false,Rx,0,8,E1,1E,00,00,00,00,00,00,
15539246,0000012E,false,Rx,0,8,58,ED,7F,00,FE,00,C0,FF,
15539259,000000A7,false,Rx,0,8,2F,73,E0,80,FD,0D,A8,3E,
15539273,000000A8,false,Rx,0,8,53,A3,1E,18,82,64,AC,0E,
15539286,1B000012,true,Rx,0,8,12,00,04,01,11,00,00,00,
15548066,0000009F,false,Rx,0,8,E5,35,1D,80,03,15,00,40,
15548098,000000B2,false,Rx,0,8,00,00,00,00,00,00,00,00,
15548111,00000101,false,Rx,0,8,D4,02,7E,F4,A1,0A,40,00,
15548125,00000106,false,Rx,0,8,95,82,A3,04,08,00,F2,39,
15548138,0000011E,false,Rx,0,8,1C,02,00,00,00,00,00,00,
15548151,000002B7,false,Rx,0,8,55,02,00,00,00,00,00,00,
15548164,00000380,false,Rx,0,8,28,06,40,00,00,00,00,FF,
15548177,00000117,false,Rx,0,8,11,0D,00,40,68,00,00,FF,
15557961,00000381,false,Rx,0,8,FF,FF,FF,FF,FF,FF,FF,7F,
15557989,00000382,false,Rx,0,8,FF,FF,FF,FF,FF,FF,FF,7F,
15558005,00000497,false,Rx,0,8,00,40,00,00,64,46,00,20,
15558018,000000B2,false,Rx,0,8,00,00,00,00,00,00,00,00,
15558031,000000FD,false,Rx,0,8,21,D2,1F,80,00,00,20,00,
15558044,00000108,false,Rx,0,8,88,1E,D1,24,57,FE,00,00,
15558058,00000104,false,Rx,0,8,41,32,A6,00,E6,00,00,00,
15558070,00000116,false,Rx,0,8,BB,02,33,D2,28,62,87,FF,
15563059,000000B2,false,Rx,0,8,00,00,00,00,00,00,00,00,
15563074,00000101,false,Rx,0,8,01,03,7E,F4,A1,06,40,00,
15563087,00000106,false,Rx,0,8,F1,83,A3,04,08,00,F2,39,
15563100,0000011E,false,Rx,0,8,78,03,00,00,00,00,00,00,
15563114,0000031B,false,Rx,0,8,35,0A,00,00,00,63,15,00,
15565995,000000AD,false,Rx,0,8,86,E1,BF,FF,00,14,00,00,
15566017,00000117,false,Rx,0,8,BD,0E,00,40,68,00,00,FF,
15566035,000000A7,false,Rx,0,8,1D,76,E0,80,FD,0D,B8,3E,
15576002,00000120,false,Rx,0,8,E0,03,00,00,01,04,FF,01,
15576038,00000365,false,Rx,0,8,C1,C6,18,40,90,02,AC,7A,
15576174,00000121,false,Rx,0,8,BC,03,00,40,38,57,7E,FE,
15576187,0000032A,false,Rx,0,8,B1,0C,00,00,44,04,00,00,
15576200,00000086,false,Rx,0,8,5B,08,2D,20,00,00,00,00,
15576213,0000009F,false,Rx,0,8,DA,38,1D,80,03,14,00,40,
15576227,000003C0,false,Rx,0,4,C1,01,03,00,00,00,00,00,
15576240,000000B2,false,Rx,0,8,00,00,00,00,00,00,00,00,
15588282,00000104,false,Rx,0,8,25,33,A6,00,E6,00,00,00,
15589915,00000116,false,Rx,0,8,DF,03,33,D2,28,62,87,FF,
15589937,0000030B,false,Rx,0,8,10,02,02,00,08,00,00,00,
15589953,00000040,false,Rx,0,8,F9,03,00,00,C1,00,00,00,
15589966,0000012E,false,Rx,0,8,85,EF,7F,00,FE,00,C0,FF,
15589979,000000A7,false,Rx,0,8,94,77,E0,80,FD,0D,B8,3E,
15589992,000000A8,false,Rx,0,8,50,B7,1E,58,82,64,94,0E,
15590006,00000108,false,Rx,0,8,EC,1F,D1,24,57,FE,00,00,
15590019,0000011D,false,Rx,0,8,06,05,00,C8,00,00,00,00,
15603248,000000FD,false,Rx,0,8,C2,D4,1F,80,00,00,20,00,
15603270,00000104,false,Rx,0,8,36,34,A6,00,E6,00,00,00,
15603284,00000116,false,Rx,0,8,CC,04,33,D2,28,62,87,FF,
15603297,00000392,false,Rx,0,8,77,2D,00,00,00,00,00,04,
15603310,000002B7,false,Rx,0,8,0C,03,00,00,00,00,00,00,
15609353,000003DB,false,Rx,0,8,50,00,01,00,04,20,01,6E,
15609385,0000012E,false,Rx,0,8,AC,E0,7F,00,FE,00,C0,FF,
15609399,000000A7,false,Rx,0,8,09,79,E0,80,FD,0D,B8,3E,
15609500,000000A8,false,Rx,0,8,48,B9,1E,58,82,64,98,0E,
15609513,0000011D,false,Rx,0,8,AA,06,00,C8,00,00,00,00,
15609526,00000086,false,Rx,0,8,F7,0B,2D,20,00,00,00,00,
15609539,0000009F,false,Rx,0,8,C3,3B,1D,80,03,15,00,40,
15609552,000000B2,false,Rx,0,8,00,00,00,00,00,00,00,00,
15619931,000000B2,false,Rx,0,8,00,00,00,00,00,00,00,00,
15619956,000000FD,false,Rx,0,8,58,D5,1F,80,00,00,20,00,
15619970,00000104,false,Rx,0,8,52,35,A6,00,E6,00,00,00,
15620103,00000116,false,Rx,0,8,A8,05,33,D2,28,62,87,FF,
15620153,000001A2,false,Rx,0,8,78,0E,10,00,E1,06,80,13,
15620167,0000031B,false,Rx,0,8,FA,0B,00,00,00,63,15,00,
15620181,1B000013,true,Rx,0,8,13,00,04,01,01,00,00,00,
15620208,000003C8,false,Rx,0,8,00,00,54,24,00,12,00,4D,
15629380,000000B2,false,Rx,0,8,00,00,00,00,00,00,00,00,
15629394,00000101,false,Rx,0,8,3A,06,7D,F2,A1,0B,40,00,
15629407,00000106,false,Rx,0,8,2A,86,A3,04,08,00,F2,39,
15629420,0000011E,false,Rx,0,8,A3,06,00,00,00,00,00,00,
15629434,0000030B,false,Rx,0,8,10,03,02,00,08,00,00,00,
15629447,00000040,false,Rx,0,8,EA,04,00,00,C1,00,00,00,
15629460,00000380,false,Rx,0,8,4C,07,40,00,00,00,00,FF,
15629473,00000117,false,Rx,0,8,FF,01,00,40,68,00,00,FF,
15638898,000000B2,false,Rx,0,8,00,00,00,00,00,00,00,00,
15638925,000000FD,false,Rx,0,8,4A,D6,1F,80,00,00,20,00,
15639058,00000104,false,Rx,0,8,FE,36,A6,00,E6,00,00,00,
15639071,00000116,false,Rx,0,8,04,06,33,D2,28,62,87,FF,
15639084,000003E5,false,Rx,0,8,D1,1F,00,00,00,00,00,00,
15639097,0000012E,false,Rx,0,8,6B,E2,7F,00,FE,00,C0,FF,
15639110,000000A7,false,Rx,0,8,2E,7D,E0,80,FD,0D,B8,3E,
15639123,000000A8,false,Rx,0,8,43,BD,3E,58,82,64,A8,0E,
15648363,000000B2,false,Rx,0,8,00,00,00,00,00,00,00,00,
15648387,00000101,false,Rx,0,8,EF,07,7D,F2,A1,07,40,00,
15648491,00000106,false,Rx,0,8,4E,87,A3,04,08,00,F2,39,
15648505,0000011E,false,Rx,0,8,C7,07,00,00,00,00,00,00,
15648518,000002B7,false,Rx,0,8,BC,04,00,00,00,00,00,00,
15648531,00000117,false,Rx,0,8,53,02,00,40,68,00,00,FF,
15648544,000000A7,false,Rx,0,8,07,6E,E0,80,FD,0D,B8,3E,
15648557,000000A8,false,Rx,0,8,C9,BE,3E,58,82,64,AC,0E,
15657556,00000497,false,Rx,0,8,00,40,00,00,64,46,00,20,
15657580,000000B2,false,Rx,0,8,00,00,00,00,00,00,00,00,
15657594,000000FD,false,Rx,0,8,70,D7,1F,80,00,00,20,00,
15657715,00000108,false,Rx,0,8,66,12,D1,24,57,FE,00,00,
15657729,00000104,false,Rx,0,8,9A,37,A6,00,E6,00,00,00,
15657741,00000116,false,Rx,0,8,60,07,33,D2,28,62,87,FF,
15657755,0000030D,false,Rx,0,4,00,01,00,00,00,00,00,00,
15657768,0000012E,false,Rx,0,8,F2,E3,7F,00,FE,00,C0,FF,
15663847,000000B2,false,Rx,0,8,00,00,00,00,00,00,00,00,
15663864,00000101,false,Rx,0,8,DF,08,7E,F2,A1,08,40,00,
15663878,00000106,false,Rx,0,8,0C,88,A3,04,08,00,F2,39,
15663891,0000011E,false,Rx,0,8,85,08,00,00,00,00,00,00,
15663904,0000031B,false,Rx,0,8,C3,0C,00,00,00,63,15,00,
15664827,000000AD,false,Rx,0,8,42,EB,BF,FF,00,14,00,00,
15664840,00000117,false,Rx,0,8,37,03,00,40,68,00,00,FF,
15665347,000000A7,false,Rx,0,8,10,60,E0,80,FD,0D,B8,3E,
15666338,000000A8,false,Rx,0,8,5E,B0,3E,58,82,64,A4,0E,
15680403,00000584,false,Rx,0,6,6A,01,00,00,00,00,00,00,
15680433,000005F0,false,Rx,0,8,64,E4,64,00,00,64,00,00,
15680448,000000B2,false,Rx,0,8,00,00,00,00,00,00,00,00,
15680462,000000FD,false,Rx,0,8,B7,D8,1F,80,00,00,20,00,
15680475,00000104,false,Rx,0,8,D8,38,A6,00,E6,00,00,00,
15680488,00000116,false,Rx,0,8,22,08,33,D2,28,62,87,FF,
15680501,0000030B,false,Rx,0,8,10,04,02,00,08,00,00,00,
15680514,1B000010,true,Rx,0,8,10,00,04,05,09,00,00,00,
15691501,0000011E,false,Rx,0,8,E1,09,00,00,00,00,00,00,
15691528,00000117,false,Rx,0,8,24,04,00,40,68,00,00,FF,
15691544,000000A7,false,Rx,0,8,12,62,E0,80,FD,0D,C8,3E,
15691557,000000A8,false,Rx,0,8,A8,C2,3E,58,82,64,9C,0E,
15691570,0000011B,false,Rx,0,8,00,20,00,00,00,00,00,00,
15691583,00000120,false,Rx,0,8,56,09,00,00,01,04,FF,01,
15691596,00000121,false,Rx,0,8,19,09,00,80,38,57,7E,FE,
15691610,0000009F,false,Rx,0,8,F3,34,1D,80,03,08,00,40,
15701399,00000670,false,Rx,0,8,20,10,00,00,00,01,00,88,
15701422,000002B7,false,Rx,0,8,44,05,00,00,00,00,00,00,
15701436,000003DB,false,Rx,0,8,50,00,01,00,04,20,01,6E,
15701449,0000012E,false,Rx,0,8,35,E5,7F,00,FE,00,C0,FF,
15701462,000000A7,false,Rx,0,8,93,63,E0,80,FD,0D,C8,3E,
15701475,000000A8,false,Rx,0,8,47,C3,3E,58,82,64,9C,0E,
15701488,0000011D,false,Rx,0,8,20,0B,00,C8,00,00,00,00,
15701502,00000086,false,Rx,0,8,D1,05,2D,20,00,00,00,00,
15714039,00000101,false,Rx,0,8,56,0A,7E,F2,A1,07,40,00,
15714188,00000108,false,Rx,0,8,11,14,D1,24,57,FE,00,00,
15714204,00000106,false,Rx,0,8,C4,8A,A3,04,08,00,F2,39,
15714217,0000011E,false,Rx,0,8,4D,0A,00,00,00,00,00,00,
15714230,0000030D,false,Rx,0,4,00,01,00,00,00,00,00,00,
15714243,00000395,false,Rx,0,8,18,0D,24,06,B3,41,50,5C,
15714256,00000380,false,Rx,0,8,0E,08,40,00,00,00,00,FF,
15714270,00000117,false,Rx,0,8,40,05,00,40,68,00,00,FF,
15724318,00000120,false,Rx,0,8,8D,0A,00,00,01,04,FF,01,
15725507,00000121,false,Rx,0,8,7C,0A,00,80,38,57,7E,FE,
15725520,0000009F,false,Rx,0,8,B1,36,1D,80,03,0C,00,40,
15725645,00000086,false,Rx,0,8,7D,06,2D,20,00,00,00,00,
15725658,00000381,false,Rx,0,8,FF,FF,FF,FF,FF,FF,FF,9F,
15725671,00000382,false,Rx,0,8,FF,FF,FF,FF,FF,FF,FF,9F,
15725684,000000B1,false,Rx,0,8,D6,21,00,00,00,00,00,00,
15725697,000000B2,false,Rx,0,8,00,00,00,00,00,00,00,00,
15725711,000000FD,false,Rx,0,8,C9,DA,1F,80,00,00,20,00,
15733814,00000365,false,Rx,0,8,C1,C6,18,40,8E,02,AC,7A,
15733852,0000032A,false,Rx,0,8,1D,0F,00,00,44,04,00,00,
15733868,00000086,false,Rx,0,8,19,07,2D,20,00,00,00,00,
15733881,0000009F,false,Rx,0,8,60,37,1D,80,03,0D,00,40,
15733894,0000011D,false,Rx,0,8,33,0C,00,C8,00,00,00,00,
15733907,000000B2,false,Rx,0,8,00,00,00,00,00,00,00,00,
15733920,00000101,false,Rx,0,8,87,0B,7E,F2,A1,06,40,00,
15733934,00000106,false,Rx,0,8,A0,8B,A3,04,08,00,F2,39,
15742528,0000009F,false,Rx,0,8,22,38,1D,80,03,0D,00,40,
15742543,00000086,false,Rx,0,8,5B,08,2D,20,00,00,00,00,
15742557,000000B2,false,Rx,0,8,00,00,00,00,00,00,00,00,
15742570,000000FD,false,Rx,0,8,E6,DB,1F,80,00,00,20,00,
15742583,00000104,false,Rx,0,8,74,3B,A6,00,E6,00,00,00,
15742596,00000116,false,Rx,0,8,8E,0B,33,D2,28,62,87,FF,
15742609,000003E5,false,Rx,0,8,3A,10,00,00,00,00,00,00,
15742622,0000012E,false,Rx,0,8,6C,E7,7F,00,FE,00,C0,FF,
15752552,000002B7,false,Rx,0,8,92,06,00,00,00,00,00,00,
15752574,00000117,false,Rx,0,8,88,07,00,40,68,00,00,FF,
15752588,000000A7,false,Rx,0,8,85,68,E0,80,FD,0D,C8,3E,
15752602,000000A8,false,Rx,0,8,83,C8,3E,18,82,64,98,0E,
15752615,00000120,false,Rx,0,8,FB,0C,00,00,01,04,FF,01,
15752628,00000121,false,Rx,0,8,12,0C,00,80,38,57,7E,FE,
15752641,0000009F,false,Rx,0,8,90,3A,1D,80,03,0A,00,40,
15752654,00000086,false,Rx,0,8,93,0A,2D,20,00,00,00,00,
15763539,0000012E,false,Rx,0,8,05,E8,7F,00,FE,00,C0,FF,
15763577,000000A7,false,Rx,0,8,55,69,E0,80,FD,0D,C8,3E,
15763593,000000A8,false,Rx,0,8,F1,C9,3E,18,82,64,98,0E,
15763606,000006B4,false,Rx,0,8,01,5A,5A,5A,41,55,5A,48,
15763619,0000011D,false,Rx,0,8,FB,0E,00,C8,00,00,00,00,
15763632,00000086,false,Rx,0,8,F7,0B,2D,20,00,00,00,00,
15763646,0000009F,false,Rx,0,8,3B,3B,1D,80,03,0C,00,40,
15763659,000000B2,false,Rx,0,8,00,00,00,00,00,00,00,00,
15768597,000000AD,false,Rx,0,8,74,E5,BF,FF,00,14,00,00,
15768614,00000117,false,Rx,0,8,CA,08,00,40,68,00,00,FF,
15768628,000000A7,false,Rx,0,8,53,6A,E0,80,FD,0D,C8,3E,
15768641,000000A8,false,Rx,0,8,E6,CA,3E,18,82,64,94,0E,
15768654,00000120,false,Rx,0,8,4B,0D,00,00,01,04,FF,01,
15768667,00000365,false,Rx,0,8,C1,C6,18,40,8E,02,AC,7A,
15768680,00000121,false,Rx,0,8,01,0D,00,80,38,57,7E,FE,
15781710,00000040,false,Rx,0,8,46,07,00,00,C1,00,00,00,
15781729,0000012E,false,Rx,0,8,79,E9,7F,00,FE,00,C0,FF,
15781742,000000A7,false,Rx,0,8,3D,6B,E0,80,FD,0D,C8,3E,
15781755,000000A8,false,Rx,0,8,2B,CB,3E,18,82,64,94,0E,
15781769,00000108,false,Rx,0,8,BD,17,D1,24,57,FE,00,00,
15781782,0000011D,false,Rx,0,8,9F,0F,00,C8,00,00,00,00,
15781795,00000086,false,Rx,0,8,80,0D,2D,20,00,00,00,00,
15781808,0000009F,false,Rx,0,8,F9,3D,1D,80,03,0D,00,40,
15784759,00000380,false,Rx,0,8,6A,09,40,00,00,00,00,FF,
15784775,000003EC,false,Rx,0,8,C1,00,00,00,00,08,01,00,
15785490,00000117,false,Rx,0,8,AE,09,00,40,68,00,00,FF,
15785506,000000A7,false,Rx,0,8,82,6C,E0,80,FD,0D,C8,3E,
15796966,0000009F,false,Rx,0,8,E0,3E,1D,80,03,0C,00,40,
15797001,000003BE,false,Rx,0,8,C6,14,E6,51,C8,80,00,80,
15797018,00000381,false,Rx,0,8,FF,FF,FF,FF,FF,FF,FF,AF,
15797031,00000382,false,Rx,0,8,FF,FF,FF,FF,FF,FF,FF,AF,
15797044,000000B2,false,Rx,0,8,00,00,00,00,00,00,00,00,
15797057,000000FD,false,Rx,0,8,09,DE,1F,80,00,00,20,00,
15797070,00000104,false,Rx,0,8,AF,3E,A6,00,E6,00,00,00,
15797083,00000116,false,Rx,0,8,55,0E,33,D2,28,62,87,FF,
15807446,00000086,false,Rx,0,8,48,0F,2D,20,00,00,00,00,
15807470,0000009F,false,Rx,0,8,84,3F,1D,80,03,0C,00,40,
15807484,000000B2,false,Rx,0,8,00,00,00,00,00,00,00,00,
15807497,00000101,false,Rx,0,8,1A,0F,7D,F3,A1,04,40,00,
15807510,00000108,false,Rx,0,8,FF,18,D1,24,57,FE,00,00,
15807523,00000106,false,Rx,0,8,11,8F,A3,04,08,00,F3,39,
15807536,0000011E,false,Rx,0,8,96,0F,00,00,00,00,00,00,
15807549,000001AB,false,Rx,0,8,A4,07,00,02,00,00,04,00,
15818405,000000B1,false,Rx,0,8,D9,22,00,00,00,00,00,00,
15818433,000000B2,false,Rx,0,8,00,00,00,00,00,00,00,00,
15818567,000000FD,false,Rx,0,8,9E,DF,1F,80,00,00,20,00,
15818580,00000104,false,Rx,0,8,CB,3F,A6,00,E6,00,00,00,
15818594,000003C8,false,Rx,0,8,00,00,54,24,00,12,00,4D,
15818607,00000116,false,Rx,0,8,31,0F,33,D2,28,62,87,FF,
15818620,000001A2,false,Rx,0,8,33,0F,10,00,E1,06,80,13,
15818633,0000031B,false,Rx,0,8,49,0F,00,00,00,63,15,00,
15826567,000000B2,false,Rx,0,8,00,00,00,00,00,00,00,00,
15826717,00000101,false,Rx,0,8,DA,00,7E,F3,A1,08,40,00,
15826731,00000106,false,Rx,0,8,C1,80,A4,04,08,00,F3,39,
15826744,0000011E,false,Rx,0,8,D4,00,00,00,00,00,00,00,
15826758,0000030B,false,Rx,0,8,10,07,02,00,08,00,00,00,
15826772,17332610,true,Rx,0,4,39,92,03,01,00,00,00,00,
15826785,00000040,false,Rx,0,8,04,08,00,00,C1,00,00,00,
15826798,00000117,false,Rx,0,8,66,0B,00,40,68,00,00,FF,
15837301,0000009F,false,Rx,0,8,4B,32,1D,80,03,0E,00,40,
15838522,00000086,false,Rx,0,8,C2,02,2D,20,00,00,00,00,
15838539,000000B2,false,Rx,0,8,00,00,00,00,00,00,00,00,
15838555,000000FD,false,Rx,0,8,E4,D0,1F,80,00,00,20,00,
15838671,00000104,false,Rx,0,8,89,30,A6,00,E6,00,00,00,
15838686,00000116,false,Rx,0,8,73,00,33,D2,28,62,87,FF,
15838699,000003E5,false,Rx,0,8,7B,11,00,00,00,00,00,00,
15838712,0000012E,false,Rx,0,8,72,EC,7F,00,FE,00,C0,FF,
15838725,000000A7,false,Rx,0,8,66,61,E0,80,FD,0D,C8,3E,
15846028,000000B2,false,Rx,0,8,00,00,00,00,00,00,00,00,
15846052,00000101,false,Rx,0,8,7D,01,7D,F3,A1,0B,40,00,
15846066,00000106,false,Rx,0,8,AB,81,A4,04,08,00,F2,39,
15846079,0000011E,false,Rx,0,8,B0,01,00,00,00,00,00,00,
15846092,000002B7,false,Rx,0,8,12,08,00,00,00,00,00,00,
15846105,00000117,false,Rx,0,8,75,0C,00,40,68,00,00,FF,
15846118,000000A7,false,Rx,0,8,12,62,E0,80,FD,0D,C8,3E,
15846131,000000A8,false,Rx,0,8,7E,C2,3E,18,82,64,78,0E,
15853626,00000121,false,Rx,0,8,BB,01,00,C0,38,57,7E,FE,
15853659,0000009F,false,Rx,0,8,FB,34,1D,80,03,12,00,40,
15853673,00000086,false,Rx,0,8,B5,04,2D,20,00,00,00,00,
15853686,00000497,false,Rx,0,8,00,40,00,00,64,46,00,20,
15853699,000000B2,false,Rx,0,8,00,00,00,00,00,00,00,00,
15853712,000000FD,false,Rx,0,8,EE,D1,1F,80,00,00,20,00,
15853725,00000108,false,Rx,0,8,37,1A,D1,24,57,FE,00,00,
15853739,00000104,false,Rx,0,8,ED,31,A6,00,E6,00,00,00,
15856192,0000012E,false,Rx,0,8,58,ED,7F,00,FE,00,C0,FF,
15856217,000000A7,false,Rx,0,8,93,63,E0,80,FD,0D,C8,3E,
15856230,000000A8,false,Rx,0,8,91,C3,3E,18,82,64,78,0E,
15867043,0000011D,false,Rx,0,8,71,03,00,C8,00,00,00,00,
15867078,00000086,false,Rx,0,8,D1,05,2D,20,00,00,00,00,
15867092,0000009F,false,Rx,0,8,2A,35,1D,80,03,13,00,40,
15867105,000000B2,false,Rx,0,8,00,00,00,00,00,00,00,00,
15867118,00000101,false,Rx,0,8,57,02,7E,F3,A1,0A,40,00,
15867131,00000106,false,Rx,0,8,09,82,A4,04,08,00,F3,39,
15867168,0000011E,false,Rx,0,8,1C,02,00,00,00,00,00,00,
15867181,0000031B,false,Rx,0,8,44,00,00,00,00,63,15,00,
15870917,00000086,false,Rx,0,8,7D,06,2D,20,00,00,00,00,
15870930,0000009F,false,Rx,0,8,49,36,1D,80,03,15,00,40,
15870943,000003C0,false,Rx,0,4,FE,04,03,00,00,00,00,00,
15870956,00000381,false,Rx,0,8,FF,FF,FF,FF,FF,FF,FF,BF,
15870979,00000584,false,Rx,0,6,96,02,00,00,00,00,00,00,
15870993,00000382,false,Rx,0,8,FF,FF,FF,FF,FF,FF,FF,BF,
15886532,00000041,false,Rx,0,8,E2,06,00,00,00,00,00,00,
15886567,0000012E,false,Rx,0,8,82,EE,7F,00,FE,00,C0,FF,
15886583,000000A7,false,Rx,0,8,AD,65,20,81,FD,0D,C8,3E,
15886596,00000108,false,Rx,0,8,53,1B,D1,24,57,FE,00,00,
15886609,000000A8,false,Rx,0,8,1F,C5,3E,18,82,64,74,0E,
15886622,00000520,false,Rx,0,8,33,02,00,08,00,0A,00,00,
15886635,0000011D,false,Rx,0,8,62,04,00,C8,00,00,00,00,
15886648,00000086,false,Rx,0,8,19,07,2D,20,00,00,00,00,
15896945,0000009F,false,Rx,0,8,9B,38,1D,80,03,1B,00,40,
15896976,00000086,false,Rx,0,8,5B,08,2D,20,00,00,00,00,
15896990,00000391,false,Rx,0,8,0F,66,24,49,00,28,00,22,
15897003,000003BE,false,Rx,0,8,B9,15,E6,51,C8,80,00,80,
15897017,000000B2,false,Rx,0,8,00,00,00,00,00,00,00,00,
15897029,000000FD,false,Rx,0,8,54,D3,1F,80,00,00,20,00,
15897043,00000104,false,Rx,0,8,25,33,A6,00,E6,00,00,00,
15897056,00000116,false,Rx,0,8,DF,03,33,D2,28,62,87,FF,
15904041,00000086,false,Rx,0,8,3F,09,2D,20,00,00,00,00,
15904061,0000009F,false,Rx,0,8,FF,39,1D,80,03,1B,00,40,
15904074,000000B2,false,Rx,0,8,00,00,00,00,00,00,00,00,
15904087,00000101,false,Rx,0,8,13,04,7D,F3,A1,0A,40,00,
15904101,00000108,false,Rx,0,8,40,1C,D1,24,57,FE,00,00,
15904114,00000106,false,Rx,0,8,7E,84,A4,04,08,00,F3,39,
15904127,0000011E,false,Rx,0,8,6B,04,00,00,00,00,00,00,
15904140,0000030D,false,Rx,0,4,00,01,00,00,00,00,00,00,
15905520,00000117,false,Rx,0,8,D9,0F,00,40,68,00,00,FF,
15905535,000000A7,false,Rx,0,8,3D,68,20,81,FD,11,C8,3E,
15916466,00000120,false,Rx,0,8,B6,04,00,00,01,04,FF,01,
15916497,00000121,false,Rx,0,8,7B,04,00,C0,38,57,7E,FE,
15916513,0000009F,false,Rx,0,8,53,3A,1D,80,03,1B,00,40,
15916526,00000086,false,Rx,0,8,93,0A,2D,20,00,00,00,00,
15916539,000000B1,false,Rx,0,8,E8,23,00,00,00,00,00,00,
15916552,000000B2,false,Rx,0,8,00,00,00,00,00,00,00,00,
15916565,000000FD,false,Rx,0,8,C2,D4,1F,80,00,00,20,00,
15916578,000003C8,false,Rx,0,8,00,00,54,24,00,12,00,4D,
15923891,0000032A,false,Rx,0,8,F3,03,00,00,44,04,00,00,
15923915,00000086,false,Rx,0,8,03,0B,2C,20,00,00,00,00,
15923928,0000009F,false,Rx,0,8,72,3B,1D,80,03,19,00,40,
15923941,0000011D,false,Rx,0,8,AA,06,00,C8,00,00,00,00,
15923955,000000B2,false,Rx,0,8,00,00,00,00,00,00,00,00,
15923968,00000101,false,Rx,0,8,23,05,7D,F2,A1,0A,40,00,
15923981,00000106,false,Rx,0,8,1A,85,A4,04,08,00,F3,39,
15923994,0000011E,false,Rx,0,8,0F,05,00,00,00,00,00,00,
15934952,00000117,false,Rx,0,8,9B,00,00,40,68,00,00,FF,
15934976,000000A7,false,Rx,0,8,2C,6A,20,81,FD,0D,C8,3E,
15934990,000000A8,false,Rx,0,8,FF,CA,5E,18,82,64,78,0E,
15935004,00000108,false,Rx,0,8,24,1D,D1,24,57,FE,00,00,
15935017,00000396,false,Rx,0,8,96,0C,00,11,00,00,00,00,
15935030,00000120,false,Rx,0,8,B4,05,00,00,01,04,FF,01,
15935043,00000121,false,Rx,0,8,4C,05,00,C0,38,57,7E,FE,
15935056,0000009F,false,Rx,0,8,D4,3C,1D,80,03,18,00,40,
15943190,000000A7,false,Rx,0,8,42,6B,20,81,FD,0D,C8,3E,
15943218,000000A8,false,Rx,0,8,32,CB,5E,18,82,64,78,0E,
15943235,1B000012,true,Rx,0,8,12,00,04,01,11,00,00,00,
15943248,00000641,false,Rx,0,8,CF,27,2B,58,14,14,E4,52,
15943261,0000011D,false,Rx,0,8,CE,07,00,C8,00,00,00,00,
15943275,00000086,false,Rx,0,8,80,0D,2D,20,00,00,00,00,
15943288,0000009F,false,Rx,0,8,B0,3D,1D,80,03,18,00,40,
15943301,000000B2,false,Rx,0,8,00,00,00,00,00,00,00,00,
15952996,00000106,false,Rx,0,8,B6,86,A4,04,08,00,F3,39,
15953021,0000011E,false,Rx,0,8,A3,06,00,00,00,00,00,00,
15953035,000002B7,false,Rx,0,8,73,0A,00,00,00,00,00,00,
15953168,00000130,false,Rx,0,8,59,87,2D,80,08,00,04,00,
15953181,00000117,false,Rx,0,8,FF,01,00,40,68,00,00,FF,
15953194,00000380,false,Rx,0,8,A2,0B,40,00,00,00,00,FF,
15953208,000000A7,false,Rx,0,8,3A,6C,20,81,FD,11,C8,3E,
15953221,000000A8,false,Rx,0,8,2C,CC,5E,18,82,64,78,0E,
15960168,00000382,false,Rx,0,8,FF,FF,FF,FF,FF,FF,FF,CF,
15960199,00000497,false,Rx,0,8,00,40,00,00,64,46,00,20,
15960215,0000054B,false,Rx,0,8,00,00,00,00,00,00,00,24,
15960228,000000B2,false,Rx,0,8,00,00,00,00,00,00,00,00,
15960241,00000108,false,Rx,0,8,88,1E,D1,24,57,FE,00,00,
15960254,000000FD,false,Rx,0,8,4A,D6,1F,80,00,00,20,00,
15960269,16A954C5,true,Rx,0,8,00,FF,00,00,00,00,00,00,
15960282,00000104,false,Rx,0,8,FE,36,A6,00,E6,00,00,00,
15961760,0000012E,false,Rx,0,8,6B,E2,7F,00,FE,00,C0,FF,
15961773,000000A7,false,Rx,0,8,0D,6D,20,81,FD,0D,C8,3E,
15992746,000003EC,false,Rx,0,8,C1,00,00,00,00,08,01,00,
15992775,00000117,false,Rx,0,8,37,03,00,40,68,00,00,FF,
15992791,000000A7,false,Rx,0,8,56,60,20,81,FD,11,C8,3E,
15992804,000000A8,false,Rx,0,8,6A,C0,5E,18,82,64,78,0E,
15992817,0000011B,false,Rx,0,8,00,20,00,00,00,00,00,00,
15992830,00000120,false,Rx,0,8,00,08,00,00,01,04,FF,01,
15992844,00000121,false,Rx,0,8,DB,08,00,C0,38,57,7E,FE,
15992857,0000009F,false,Rx,0,8,B3,32,1D,80,03,17,00,40,
16002123,000002B7,false,Rx,0,8,05,0B,00,00,00,00,00,00,
16002148,000003DB,false,Rx,0,8,50,00,01,00,04,20,01,6E,
16002280,0000012E,false,Rx,0,8,D5,E4,7F,00,FE,00,C0,FF,
16002293,000000A7,false,Rx,0,8,DE,61,20,81,FD,11,C8,3E,
16002306,000000A8,false,Rx,0,8,10,C1,5E,18,82,64,78,0E,
16002319,0000011D,false,Rx,0,8,44,0A,00,C8,00,00,00,00,
16009631,00000086,false,Rx,0,8,52,03,2C,20,00,00,00,00,
16009645,0000009F,false,Rx,0,8,96,33,1D,80,03,18,00,40,
16009658,000000B2,false,Rx,0,8,00,00,00,00,00,00,00,00,
16009671,00000101,false,Rx,0,8,47,09,7D,F2,A1,0E,40,00,
16009684,00000108,false,Rx,0,8,AE,10,D1,24,57,FE,00,00,
16009698,00000106,false,Rx,0,8,F4,89,A4,04,08,00,F3,39,
16009711,0000011E,false,Rx,0,8,E1,09,00,00,00,00,00,00,
16009724,000001AB,false,Rx,0,8,19,08,00,02,00,00,04,00,
16020509,000000B2,false,Rx,0,8,00,00,00,00,00,00,00,00,
16020534,000000FD,false,Rx,0,8,85,D9,1F,80,00,00,20,00,
16020548,00000104,false,Rx,0,8,BC,39,A6,00,E6,00,00,00,
16020561,00000116,false,Rx,0,8,46,09,33,D2,28,62,87,FF,
16020574,000001A2,false,Rx,0,8,E4,00,10,00,E1,06,80,13,
16020598,0000031B,false,Rx,0,8,9D,03,00,00,00,63,15,00,
16020613,1B000013,true,Rx,0,8,13,00,04,01,01,00,00,00,
16020626,000003C8,false,Rx,0,8,00,00,54,24,00,12,00,4D,
16031516,0000011E,false,Rx,0,8,4D,0A,00,00,00,00,00,00,
16031541,0000030B,false,Rx,0,8,10,0B,02,00,08,00,00,00,
16031555,00000040,false,Rx,0,8,BB,0C,00,00,C1,00,00,00,
16031568,00000380,false,Rx,0,8,B1,0C,40,00,00,00,00,FF,
16031581,00000117,false,Rx,0,8,40,05,00,40,68,00,00,FF,
16031594,000000A7,false,Rx,0,8,D6,64,20,81,FD,0D,C8,3E,
16031607,000000A8,false,Rx,0,8,FC,C4,5E,18,82,64,80,0E,
16031621,00000108,false,Rx,0,8,CA,11,D1,24,57,FE,00,00,
16040971,000003E5,false,Rx,0,8,F2,13,00,00,00,00,00,00,
16041125,0000012E,false,Rx,0,8,7F,E6,7F,00,FE,00,C0,FF,
16041141,000000A7,false,Rx,0,8,D2,65,E0,80,FD,0D,C8,3E,
16041154,000000A8,false,Rx,0,8,96,C5,5E,18,82,64,80,0E,
16041167,0000011D,false,Rx,0,8,33,0C,00,C8,00,00,00,00,
16041181,00000086,false,Rx,0,8,ED,07,2C,20,00,00,00,00,
16041194,0000009F,false,Rx,0,8,68,37,1D,80,03,17,00,40,
16041207,000000B2,false,Rx,0,8,00,00,00,00,00,00,00,00,
16049910,000002B7,false,Rx,0,8,E6,0C,00,00,00,00,00,00,
16049935,00000117,false,Rx,0,8,EC,06,00,40,68,00,00,FF,
16049949,000000A7,false,Rx,0,8,41,66,E0,80,FD,0D,C8,3E,
16049962,000000A8,false,Rx,0,8,DD,C6,5E,18,82,64,7C,0E,
16049975,00000120,false,Rx,0,8,21,0B,00,00,01,04,FF,01,
16049988,00000121,false,Rx,0,8,EA,0B,00,C0,38,57,7E,FE,
16050001,0000009F,false,Rx,0,8,2A,38,1D,80,03,17,00,40,
16050014,00000086,false,Rx,0,8,AF,08,2C,20,00,00,00,00,
16055168,000000B2,false,Rx,0,8,00,00,00,00,00,00,00,00,
16055185,000000FD,false,Rx,0,8,E6,DB,1F,80,00,00,20,00,
16055198,00000108,false,Rx,0,8,66,12,D1,24,57,FE,00,00,
16055211,00000104,false,Rx,0,8,74,3B,A6,00,E6,00,00,00,
16055400,00000116,false,Rx,0,8,8E,0B,33,D2,28,62,87,FF,
16055414,0000030D,false,Rx,0,4,00,01,00,00,00,00,00,00,
16055436,0000012E,false,Rx,0,8,6C,E7,7F,00,FE,00,C0,FF,
16055449,000000A7,false,Rx,0,8,C8,67,E0,80,FD,0D,C8,3E,
16066413,0000011D,false,Rx,0,8,57,0D,00,C8,00,00,00,00,
16066444,00000086,false,Rx,0,8,CB,09,2C,20,00,00,00,00,
16066458,0000009F,false,Rx,0,8,0B,39,1D,80,03,15,00,40,
16066471,000000B2,false,Rx,0,8,00,00,00,00,00,00,00,00,
16066484,00000101,false,Rx,0,8,57,0C,7D,F2,A1,05,40,00,
16066498,00000106,false,Rx,0,8,2F,8C,A4,04,08,00,F3,39,
16066510,0000011E,false,Rx,0,8,3A,0C,00,00,00,00,00,00,
16066524,0000031B,false,Rx,0,8,81,04,00,00,00,63,15,00,
16073925,0000032A,false,Rx,0,8,28,06,00,00,44,04,00,00,
16073953,00000086,false,Rx,0,8,93,0A,2D,20,00,00,00,00,
16073967,0000009F,false,Rx,0,8,A7,3A,1D,80,03,15,00,40,
16076557,00000366,false,Rx,0,8,00,00,00,00,80,03,00,00,
16076579,000003C0,false,Rx,0,4,BB,06,03,00,00,00,00,00,
16076591,000000B2,false,Rx,0,8,00,00,00,00,00,00,00,00,
16076605,00000584,false,Rx,0,6,C2,03,00,00,00,00,00,00,
16076618,000000FD,false,Rx,0,8,7F,DC,1F,80,00,00,20,00,
16076631,00000104,false,Rx,0,8,67,3C,A6,00,E6,00,00,00,
16076645,16A9540A,true,Rx,0,8,00,10,00,41,00,00,00,00,
16085533,00000086,false,Rx,0,8,03,0B,2C,20,00,00,00,00,
16085783,0000009F,false,Rx,0,8,C3,3B,1D,80,03,15,00,40,
16085811,000000B2,false,Rx,0,8,00,00,00,00,00,00,00,00,
16085824,00000101,false,Rx,0,8,37,0D,7D,F2,A1,08,40,00,
16085837,00000106,false,Rx,0,8,4B,8D,A4,04,08,00,F3,39,
16093509,0000011E,false,Rx,0,8,5E,0D,00,00,00,00,00,00,
16093541,00000117,false,Rx,0,8,CA,08,00,40,68,00,00,FF,
16093555,000000A7,false,Rx,0,8,53,6A,E0,80,FD,0D,C8,3E,
16093651,000000A8,false,Rx,0,8,C7,CA,5E,18,82,64,7C,0E,
16093664,0000011B,false,Rx,0,8,00,20,00,00,00,00,00,00,
16093677,00000120,false,Rx,0,8,4B,0D,00,00,01,04,FF,01,
16093690,00000121,false,Rx,0,8,3C,0D,00,C0,38,57,7E,FE,
16093703,0000009F,false,Rx,0,8,65,3C,1D,80,03,14,00,40,
16102453,000002B7,false,Rx,0,8,D3,0D,00,00,00,00,00,00,
16102482,000003DB,false,Rx,0,8,50,00,01,00,04,20,01,6E,
16102495,0000012E,false,Rx,0,8,79,E9,7F,00,FE,00,C0,FF,
16102509,000000A7,false,Rx,0,8,3D,6B,E0,80,FD,0D,C8,3E,
16102522,000000A8,false,Rx,0,8,0A,CB,5E,18,82,64,7C,0E,
16102535,0000011D,false,Rx,0,8,9F,0F,00,C8,00,00,00,00,
16102548,00000086,false,Rx,0,8,74,0D,2C,20,00,00,00,00,
16102561,0000009F,false,Rx,0,8,01,3D,1D,80,03,14,00,40,
16115424,00000380,false,Rx,0,8,D5,0D,40,00,00,00,00,FF,
16115453,00000117,false,Rx,0,8,AE,09,00,40,68,00,00,FF,
16115581,000000A7,false,Rx,0,8,82,6C,E0,80,FD,0D,C8,3E,
16115594,000000A8,false,Rx,0,8,14,CC,5E,18,82,64,7C,0E,
16115607,00000120,false,Rx,0,8,20,0E,00,00,01,04,FF,01,
16115620,00000121,false,Rx,0,8,AF,0E,00,C0,38,57,7E,FE,
16115633,0000009F,false,Rx,0,8,AD,3E,1D,80,03,14,00,40,
16115646,00000086,false,Rx,0,8,D8,0E,2C,20,00,00,00,00,
16125298,00000365,false,Rx,0,8,C1,C6,18,40,8E,02,AC,7A,
16127256,0000032A,false,Rx,0,8,4C,07,00,00,44,04,00,00,
16127286,00000086,false,Rx,0,8,BC,0F,2C,20,00,00,00,00,
16127302,0000009F,false,Rx,0,8,B3,3F,1D,80,03,13,00,40,
16130781,0000011D,false,Rx,0,8,DD,00,00,C8,00,00,00,00,
16130810,000000B2,false,Rx,0,8,00,00,00,00,00,00,00,00,
16130824,00000101,false,Rx,0,8,BA,0F,7D,F2,A1,0A,40,00,
16130837,00000106,false,Rx,0,8,83,8F,A4,04,08,00,F3,39,
16130850,0000011E,false,Rx,0,8,96,0F,00,00,00,00,00,00,
16130875,0000030B,false,Rx,0,8,10,0D,02,00,08,00,00,00,
16130888,00000040,false,Rx,0,8,73,0E,00,00,C1,00,00,00,
16130901,00000117,false,Rx,0,8,02,0A,00,40,68,00,00,FF,
16138213,000003E5,false,Rx,0,8,A3,14,00,00,00,00,00,00,
16138238,0000012E,false,Rx,0,8,D1,EB,7F,00,FE,00,C0,FF,
16138251,000000A7,false,Rx,0,8,27,6F,E0,80,FD,0D,C8,3E,
16141519,000000A8,false,Rx,0,8,4A,CF,5E,18,82,64,74,0E,
16141546,1B000012,true,Rx,0,8,12,00,04,01,11,00,00,00,
16141559,0000011D,false,Rx,0,8,B9,01,00,C8,00,00,00,00,
16141573,00000086,false,Rx,0,8,9A,01,2C,20,00,00,00,00,
16141586,0000009F,false,Rx,0,8,EF,31,1D,80,03,14,00,40,
16141599,000000B2,false,Rx,0,8,00,00,00,00,00,00,00,00,
16141612,00000101,false,Rx,0,8,19,00,7D,F3,A1,0B,40,00,
16141625,00000106,false,Rx,0,8,C1,80,A4,04,08,00,F3,39,
16146606,000002B7,false,Rx,0,8,57,0E,00,00,00,00,00,00,
16146631,00000117,false,Rx,0,8,66,0B,00,40,68,00,00,FF,
16146644,000000A7,false,Rx,0,8,EE,60,E0,80,FD,0D,C8,3E,
16146657,000000A8,false,Rx,0,8,52,C0,5E,18,82,64,7C,0E,
16146670,00000120,false,Rx,0,8,3F,00,00,00,01,04,FF,01,
16146683,00000121,false,Rx,0,8,D7,00,00,C0,38,57,7E,FE,
16156343,0000009F,false,Rx,0,8,F6,32,1D,80,03,15,00,40,
16156391,00000086,false,Rx,0,8,36,02,2C,20,00,00,00,00,
16156561,00000497,false,Rx,0,8,00,40,00,00,64,46,00,20,
16156574,000000B2,false,Rx,0,8,00,00,00,00,00,00,00,00,
16156588,000000FD,false,Rx,0,8,E4,D0,1F,80,00,00,20,00,
16156614,00000108,false,Rx,0,8,D9,16,D1,24,57,FE,00,00,
16156627,00000104,false,Rx,0,8,89,30,A6,00,E6,00,00,00,
16156640,00000116,false,Rx,0,8,73,00,33,D2,28,62,87,FF,
16164077,0000011D,false,Rx,0,8,15,02,00,C8,00,00,00,00,
16164222,00000086,false,Rx,0,8,52,03,2C,20,00,00,00,00,
16164236,0000009F,false,Rx,0,8,92,33,1D,80,03,15,00,40,
16164249,000000B2,false,Rx,0,8,00,00,00,00,00,00,00,00,
16170315,00000101,false,Rx,0,8,CC,01,7D,F3,A1,07,40,00,
16171442,00000106,false,Rx,0,8,A5,81,A4,04,08,00,F3,39,
16171456,0000011E,false,Rx,0,8,B0,01,00,00,00,00,00,00,
16171601,0000031B,false,Rx,0,8,0C,06,00,00,00,63,15,00,
16171614,000000AD,false,Rx,0,8,5E,ED,BF,FF,00,14,00,00,
16171627,00000117,false,Rx,0,8,75,0C,00,40,68,00,00,FF,
16171640,000000A7,false,Rx,0,8,12,62,E0,80,FD,0D,C8,3E,
16171653,000000A8,false,Rx,0,8,FC,C2,5E,18,82,64,78,0E,
16171687,00000120,false,Rx,0,8,CA,01,00,00,01,04,FF,01,
16177609,000006B7,false,Rx,0,8,9D,27,A1,73,06,18,00,6E,
16177628,000006B8,false,Rx,0,8,A6,27,B4,70,26,6C,00,00,
16177641,00000040,false,Rx,0,8,17,0F,00,00,C1,00,00,00,
16177655,0000012E,false,Rx,0,8,58,ED,7F,00,FE,00,C0,FF,
16177668,000000A7,false,Rx,0,8,93,63,E0,80,FD,0D,C8,3E,
16177681,000000A8,false,Rx,0,8,5B,C3,5E,18,82,64,74,0E,
16177694,00000108,false,Rx,0,8,BD,17,D1,24,57,FE,00,00,
16177707,0000011D,false,Rx,0,8,71,03,00,C8,00,00,00,00,
16180341,000000B2,false,Rx,0,8,00,00,00,00,00,00,00,00,
16190318,000003EC,false,Rx,0,8,C1,00,00,00,00,08,01,00,
16191473,00000380,false,Rx,0,8,79,0E,40,00,00,00,00,FF,
16191489,00000117,false,Rx,0,8,11,0D,00,40,68,00,00,FF,
16191502,000000A7,false,Rx,0,8,A9,64,E0,80,FD,0D,C8,3E,
16191515,000000A8,false,Rx,0,8,CF,C4,5E,18,82,64,70,0E,
16191528,0000011B,false,Rx,0,8,00,20,00,00,00,00,00,00,
16191541,00000120,false,Rx,0,8,32,02,00,00,01,04,FF,01,
16191554,00000121,false,Rx,0,8,34,02,00,C0,38,57,7E,FE,
16191567,0000009F,false,Rx,0,8,0C,36,1D,80,03,17,00,40,
16200829,000002B7,false,Rx,0,8,FE,0F,00,00,00,00,00,00,
16200854,000003DB,false,Rx,0,8,50,00,01,00,04,20,01,6E,
16200867,0000012E,false,Rx,0,8,82,EE,7F,00,FE,00,C0,FF,
16200988,000000A7,false,Rx,0,8,D2,65,E0,80,FD,0D,C8,3E,
16201001,000000A8,false,Rx,0,8,0D,C5,5E,18,82,64,6C,0E,
16201014,0000011D,false,Rx,0,8,62,04,00,C8,00,00,00,00,
16201027,00000086,false,Rx,0,8,ED,07,2C,20,00,00,00,00,
16201040,0000009F,false,Rx,0,8,68,37,1D,80,03,17,00,40,
16210017,00000106,false,Rx,0,8,6D,83,A4,04,08,00,F3,39,
16210049,0000011E,false,Rx,0,8,78,03,00,00,00,00,00,00,
16210063,000001AB,false,Rx,0,8,73,09,00,02,00,00,04,00,
16210171,0000030D,false,Rx,0,4,00,01,00,00,00,00,00,00,
16210184,00000395,false,Rx,0,8,18,0F,24,06,B4,41,50,5C,
16210198,00000117,false,Rx,0,8,BD,0E,00,40,68,00,00,FF,
16210211,000000A7,false,Rx,0,8,41,66,E0,80,FD,0D,C8,3E,
16210238,000000A8,false,Rx,0,8,05,C6,5E,18,82,64,68,0E,
16221777,000000B2,false,Rx,0,8,00,00,00,00,00,00,00,00,
16221821,000000FD,false,Rx,0,8,54,D3,1F,80,00,00,20,00,
16221837,000003C8,false,Rx,0,8,00,00,54,24,00,12,00,4D,
16221850,00000104,false,Rx,0,8,CA,33,A6,00,E6,00,20,00,
16221863,00000116,false,Rx,0,8,DF,03,33,D2,28,62,87,FF,
16221876,000001A2,false,Rx,0,8,88,01,10,00,E1,06,80,13,
16221890,0000031B,false,Rx,0,8,EC,07,00,00,00,63,15,00,
16221904,1B000013,true,Rx,0,8,13,00,04,01,01,00,00,00,
16231865,00000040,false,Rx,0,8,55,00,00,00,C1,00,00,00,
16231898,00000117,false,Rx,0,8,D9,0F,00,40,68,00,00,FF,
16231911,000000A7,false,Rx,0,8,65,68,E0,80,FD,0D,D8,3E,
16231924,000000A8,false,Rx,0,8,A8,D8,5E,18,82,64,6C,0E,
16231937,00000108,false,Rx,0,8,9B,19,D1,24,57,FE,00,00,
16231951,00000385,false,Rx,0,8,00,32,22,00,01,22,31,01,
16231964,00000120,false,Rx,0,8,B6,04,00,00,01,04,FF,01,
16231977,00000121,false,Rx,0,8,7B,04,00,C0,38,57,7E,FE,
16241112,000003E5,false,Rx,0,8,E2,15,00,00,00,00,00,00,
16241142,0000012E,false,Rx,0,8,AC,E0,7F,00,FE,00,C0,FF,
16241157,000000A7,false,Rx,0,8,B5,69,E0,80,FD,0D,D8,3E,
16241171,000000A8,false,Rx,0,8,45,D9,5E,D8,81,64,6C,0E,
16241183,000003E8,false,Rx,0,8,00,B7,00,00,00,00,00,00,
16241197,0000011D,false,Rx,0,8,AA,06,00,C8,00,00,00,00,
16241210,00000086,false,Rx,0,8,03,0B,2C,20,00,00,00,00,
16241223,0000009F,false,Rx,0,8,86,3B,1D,80,03,17,00,40,
16249101,000002B7,false,Rx,0,8,DC,00,00,00,00,00,00,00,
16249130,00000117,false,Rx,0,8,9B,00,00,40,68,00,00,FF,
16249147,000000A7,false,Rx,0,8,B3,6A,E0,80,FD,0D,D8,3E,
16249160,000000A8,false,Rx,0,8,1A,DA,5E,D8,81,64,6C,0E,
16249173,000003FE,false,Rx,0,8,FF,3F,FF,FF,00,00,00,10,
16249186,00000120,false,Rx,0,8,B4,05,00,00,01,04,FF,01,
16249199,00000121,false,Rx,0,8,4C,05,00,C0,38,57,7E,FE,
16249212,0000009F,false,Rx,0,8,95,3C,1D,80,03,17,00,40,
16256971,00000497,false,Rx,0,8,00,40,00,00,64,46,00,20,
16257092,000000B2,false,Rx,0,8,00,00,00,00,00,00,00,00,
16257105,000000FD,false,Rx,0,8,58,D5,1F,80,00,00,20,00,
16257148,00000108,false,Rx,0,8,37,1A,D1,24,57,FE,00,00,
16257161,00000104,false,Rx,0,8,BD,35,A6,00,E6,00,20,00,
16257174,00000116,false,Rx,0,8,A8,05,33,D2,28,62,87,FF,
16257187,0000030D,false,Rx,0,4,00,01,00,00,00,00,00,00,
16257200,0000012E,false,Rx,0,8,A2,E1,7F,00,FE,00,C0,FF,
16265657,00000086,false,Rx,0,8,74,0D,2C,20,00,00,00,00,
16265681,0000009F,false,Rx,0,8,44,3D,1D,80,03,16,00,40,
16265697,000000B2,false,Rx,0,8,00,00,00,00,00,00,00,00,
16265710,00000101,false,Rx,0,8,F5,06,7D,F2,A1,0D,40,00,
16265723,00000106,false,Rx,0,8,B6,86,A4,04,08,00,F3,39,
16265736,0000011E,false,Rx,0,8,A3,06,00,00,00,00,00,00,
16265750,0000031B,false,Rx,0,8,EE,08,00,00,00,63,15,00,
16265763,000000AD,false,Rx,0,8,35,E7,BF,FF,00,14,00,00,
16276490,00000120,false,Rx,0,8,5B,06,00,00,01,04,FF,01,
16276522,00000365,false,Rx,0,8,C1,C6,18,40,8D,02,AC,7A,
16276538,00000121,false,Rx,0,8,4B,06,00,C0,38,57,7E,FE,
16276551,0000032A,false,Rx,0,8,C6,0A,00,00,44,04,00,00,
16276564,00000086,false,Rx,0,8,D8,0E,2C,20,00,00,00,00,
16276577,0000009F,false,Rx,0,8,E8,3E,1D,80,03,16,00,40,
16276590,000003C0,false,Rx,0,4,4F,08,03,00,00,00,00,00,
16276603,00000381,false,Rx,0,8,FF,FF,FF,FF,FF,FF,FF,0F,
16281539,0000011D,false,Rx,0,8,8C,08,00,C8,00,00,00,00,
16281554,00000086,false,Rx,0,8,BC,0F,2C,20,00,00,00,00,
16281567,0000009F,false,Rx,0,8,7C,3F,1D,80,03,15,00,40,
16281581,000000B2,false,Rx,0,8,00,00,00,00,00,00,00,00,
16281604,00000101,false,Rx,0,8,91,07,7D,F2,A1,0D,40,00,
16281617,00000106,false,Rx,0,8,D2,87,A4,04,08,00,F3,39,
16281630,0000011E,false,Rx,0,8,C7,07,00,00,00,00,00,00,
16294205,00000117,false,Rx,0,8,53,02,00,40,68,00,00,FF,
16294243,000000A7,false,Rx,0,8,94,6E,A0,80,FD,09,B8,3E,
16294259,000000A8,false,Rx,0,8,11,BE,1E,98,81,64,7C,0E,
16294272,0000011B,false,Rx,0,8,00,20,00,00,00,00,00,00,
16294285,00000120,false,Rx,0,8,59,07,00,00,01,04,FF,01,
16294298,00000121,false,Rx,0,8,18,07,00,C0,38,57,7E,FE,
16294311,0000009F,false,Rx,0,8,8B,30,1D,80,03,14,00,40,
16302932,00000086,false,Rx,0,8,FE,00,2C,20,00,00,00,00,
16302961,00000391,false,Rx,0,8,0F,66,24,48,00,28,00,22,
16302974,000003BE,false,Rx,0,8,F1,19,E6,51,C8,80,00,80,
16303103,000000B2,false,Rx,0,8,00,00,00,00,00,00,00,00,
16303116,000000FD,false,Rx,0,8,70,D7,1F,80,00,00,20,00,
16303129,00000104,false,Rx,0,8,E1,37,A6,00,E6,00,20,40,
16303142,00000116,false,Rx,0,8,60,07,33,D2,28,62,87,FF,
16303155,00000392,false,Rx,0,8,42,24,00,00,00,00,00,04,
16313547,00000108,false,Rx,0,8,40,1C,D1,24,57,FE,00,00,
16313560,00000106,false,Rx,0,8,90,88,A4,04,08,00,F3,39,
16313574,0000011E,false,Rx,0,8,85,08,00,00,00,00,00,00,
16313587,0000030D,false,Rx,0,4,00,01,00,00,00,00,00,00,
16313600,00000395,false,Rx,0,8,18,09,24,06,B4,41,50,5C,
16313642,00000117,false,Rx,0,8,37,03,00,40,68,00,00,FF,
16313655,000000A7,false,Rx,0,8,10,60,E0,80,FD,0D,B8,3E,
16313668,000000A8,false,Rx,0,8,B5,B0,1E,98,81,64,84,0E,
16323689,000000AD,false,Rx,0,8,2F,EC,BF,FF,00,14,00,00,
16323711,0000012E,false,Rx,0,8,D5,E4,7F,00,FE,00,C0,FF,
16323845,000000A7,false,Rx,0,8,98,61,E0,80,FD,0D,B8,3E,
16323860,000000A8,false,Rx,0,8,87,B1,1E,98,81,64,88,0E,
16323873,00000365,false,Rx,0,8,C1,C6,18,40,8E,02,AC,7A,
16323886,0000032A,false,Rx,0,8,A2,0B,00,00,44,04,00,00,
16323899,00000086,false,Rx,0,8,52,03,2C,20,00,00,00,00,
16323913,0000009F,false,Rx,0,8,18,33,1D,80,03,11,00,40,
16333932,00000040,false,Rx,0,8,9D,02,00,00,C1,00,00,00,
16333962,00000117,false,Rx,0,8,24,04,00,40,68,00,00,FF,
16333976,000000A7,false,Rx,0,8,EC,62,E0,80,FD,0D,B8,3E,
16334075,000000A8,false,Rx,0,8,53,B2,1E,98,81,64,8C,0E,
16334088,00000108,false,Rx,0,8,24,1D,D1,24,57,FE,00,00,
16334101,00000396,false,Rx,0,8,78,00,00,11,00,00,00,00,
16334114,00000120,false,Rx,0,8,56,09,00,00,01,04,FF,01,
16334127,00000121,false,Rx,0,8,24,09,00,C0,38,57,7E,FE,
16343584,00000116,false,Rx,0,8,46,09,33,D2,28,62,87,FF,
16343601,000006B2,false,Rx,0,8,71,9D,27,A1,A1,40,6F,2A,
16343615,000003E5,false,Rx,0,8,EB,16,00,00,00,00,00,00,
16343628,0000012E,false,Rx,0,8,35,E5,7F,00,FE,00,C0,FF,
16343641,000006AE,false,Rx,0,4,00,00,10,00,00,00,00,00,
16343654,000000A7,false,Rx,0,8,93,63,E0,80,FD,0D,C8,3E,
16343667,000000A8,false,Rx,0,8,90,C3,3E,98,81,64,90,0E,
16343682,1B000012,true,Rx,0,8,12,00,04,01,11,00,00,00,
16352527,000002B7,false,Rx,0,8,55,02,00,00,00,00,00,00,
16352555,00000380,false,Rx,0,8,5F,00,40,00,00,00,00,FF,
16352569,00000117,false,Rx,0,8,40,05,00,40,68,00,00,FF,
16352582,000000A7,false,Rx,0,8,A9,64,E0,80,FD,0D,C8,3E,
16352595,000000A8,false,Rx,0,8,4C,C4,3E,98,81,64,98,0E,
16352609,00000120,false,Rx,0,8,8D,0A,00,00,01,04,FF,01,
16352622,00000121,false,Rx,0,8,41,0A,00,C0,38,57,7E,FE,
16352635,0000009F,false,Rx,0,8,F4,36,1D,80,03,0E,00,40,
16362640,0000012E,false,Rx,0,8,7F,E6,7F,00,FE,00,C0,FF,
16362673,000000A7,false,Rx,0,8,D2,65,E0,80,FD,0D,C8,3E,
16362690,000000A8,false,Rx,0,8,23,C5,3E,D8,81,64,9C,0E,
16362703,000006B4,false,Rx,0,8,00,F2,F6,7B,AC,57,56,57,
16362716,0000011D,false,Rx,0,8,33,0C,00,C8,00,00,00,00,
16362729,00000086,false,Rx,0,8,ED,07,2C,20,00,00,00,00,
16362742,0000009F,false,Rx,0,8,90,37,1D,80,03,0E,00,40,
16362755,000000B2,false,Rx,0,8,00,00,00,00,00,00,00,00,
16371364,000000AD,false,Rx,0,8,86,E1,BF,FF,00,14,00,00,
16371518,00000117,false,Rx,0,8,EC,06,00,40,68,00,00,FF,
16371531,000000A7,false,Rx,0,8,41,66,E0,80,FD,0D,C8,3E,
16371545,000000A8,false,Rx,0,8,54,C6,3E,D8,81,64,A0,0E,
16371557,00000120,false,Rx,0,8,21,0B,00,00,01,04,FF,01,
16371571,00000365,false,Rx,0,8,C1,C6,18,40,8F,02,AC,7A,
16371584,00000121,false,Rx,0,8,EA,0B,00,C0,38,57,7E,FE,
16371597,0000032A,false,Rx,0,8,B1,0C,00,00,44,04,00,00,
16379123,00000040,false,Rx,0,8,F9,03,00,00,C1,00,00,00,
16379151,0000012E,false,Rx,0,8,6C,E7,7F,00,FE,00,C0,FF,
16379165,000000A7,false,Rx,0,8,C8,67,E0,80,FD,0D,C8,3E,
16379179,00000108,false,Rx,0,8,EC,1F,D1,24,57,FE,00,00,
16379192,000000A8,false,Rx,0,8,41,C7,3E,D8,81,64,A0,0E,
16379205,0000011D,false,Rx,0,8,57,0D,00,C8,00,00,00,00,
16379218,00000086,false,Rx,0,8,CB,09,2C,20,00,00,00,00,
16379231,0000009F,false,Rx,0,8,46,39,1D,80,03,0D,00,40,
16383274,000000B2,false,Rx,0,8,00,00,00,00,00,00,00,00,
16383289,00000101,false,Rx,0,8,94,0C,7E,F2,A1,06,40,00,
16383302,00000106,false,Rx,0,8,2F,8C,A4,04,08,00,F3,39,
16383316,0000011E,false,Rx,0,8,3A,0C,00,00,00,00,00,00,
16385387,000003EC,false,Rx,0,8,C1,00,00,00,00,08,01,00,
16385402,00000117,false,Rx,0,8,88,07,00,40,68,00,00,FF,
16385415,000000A7,false,Rx,0,8,85,68,E0,80,FD,0D,C8,3E,
16396760,000000A8,false,Rx,0,8,5B,C8,3E,D8,81,64,A4,0E,
16396877,0000011B,false,Rx,0,8,00,20,00,00,00,00,00,00,
16396893,00000120,false,Rx,0,8,FB,0C,00,00,01,04,FF,01,
16396907,00000121,false,Rx,0,8,2F,0C,00,C0,38,57,7E,FE,
16396920,0000009F,false,Rx,0,8,1A,3A,1D,80,03,0E,00,40,
16396933,00000086,false,Rx,0,8,67,0A,2C,20,00,00,00,00,
16404016,00000391,false,Rx,0,8,0F,66,25,48,00,28,00,22,
16404030,000003BE,false,Rx,0,8,3A,1A,E6,51,C8,80,00,80,
16404043,000000B2,false,Rx,0,8,00,00,00,00,00,00,00,00,
16404056,000000FD,false,Rx,0,8,7F,DC,1F,80,00,00,20,00,
16404069,00000104,false,Rx,0,8,F3,3C,A6,00,E6,00,00,40,
16404082,00000116,false,Rx,0,8,9D,0C,33,D2,28,62,87,FF,
16404096,00000392,false,Rx,0,8,26,25,00,00,00,00,00,04,
16413267,000001AB,false,Rx,0,8,9E,0A,00,02,00,00,04,00,
16413299,0000030D,false,Rx,0,4,00,01,00,00,00,00,00,00,
16413312,0000064A,false,Rx,0,4,00,00,00,00,00,00,00,00,
16416885,1A555521,true,Rx,0,8,00,00,0A,00,00,00,00,00,
16416912,00000395,false,Rx,0,8,18,03,24,06,B4,41,50,5C,
16416926,00000117,false,Rx,0,8,CA,08,00,40,68,00,00,FF,
16417026,000000A7,false,Rx,0,8,B3,6A,E0,80,FD,0D,D8,3E,
16417039,000000A8,false,Rx,0,8,B9,DA,5E,18,82,64,AC,0E,
16417052,00000120,false,Rx,0,8,4B,0D,00,00,01,04,FF,01,
16417065,00000121,false,Rx,0,8,3C,0D,00,C0,38,57,7E,FE,
16417078,0000009F,false,Rx,0,8,6D,3C,1D,80,03,0E,00,40,
16424622,00000365,false,Rx,0,8,C1,C6,18,40,8F,02,AC,7A,
16424651,0000032A,false,Rx,0,8,D5,0D,00,00,44,04,00,00,
16424665,00000086,false,Rx,0,8,74,0D,2C,20,00,00,00,00,
16424690,0000009F,false,Rx,0,8,09,3D,1D,80,03,0E,00,40,
16424704,0000011D,false,Rx,0,8,9F,0F,00,C8,00,00,00,00,
16424717,000000B2,false,Rx,0,8,00,00,00,00,00,00,00,00,
16424730,00000101,false,Rx,0,8,9F,0E,7D,F2,A1,05,40,00,
16424743,00000106,false,Rx,0,8,E7,8E,A4,04,08,00,F3,39,
16435704,000000A7,false,Rx,0,8,62,6C,E0,80,FD,0D,D8,3E,
16435735,00000108,false,Rx,0,8,CA,11,D1,24,57,FE,00,00,
16435851,000000A8,false,Rx,0,8,C2,DC,5E,18,82,64,B0,0E,
16435864,00000396,false,Rx,0,8,1C,01,00,11,00,00,00,00,
16435877,00000120,false,Rx,0,8,20,0E,00,00,01,04,FF,01,
16435890,00000121,false,Rx,0,8,AF,0E,00,C0,38,57,7E,FE,
16435903,0000009F,false,Rx,0,8,10,3E,1D,80,03,0F,00,40,
16435916,00000086,false,Rx,0,8,D8,0E,2C,20,00,00,00,00,
16446113,0000011D,false,Rx,0,8,DD,00,00,C8,00,00,00,00,
16446138,00000086,false,Rx,0,8,BC,0F,2C,20,00,00,00,00,
16446272,0000009F,false,Rx,0,8,74,3F,1D,80,03,0F,00,40,
16446285,000000B2,false,Rx,0,8,00,00,00,00,00,00,00,00,
16446298,00000101,false,Rx,0,8,AB,0F,7D,F3,A1,08,40,00,
16446311,00000106,false,Rx,0,8,83,8F,A4,04,08,00,F3,39,
16453652,0000011E,false,Rx,0,8,96,0F,00,00,00,00,00,00,
16453681,000002B7,false,Rx,0,8,BC,04,00,00,00,00,00,00,
16453695,00000117,false,Rx,0,8,02,0A,00,40,68,00,00,FF,
16453708,000000A7,false,Rx,0,8,8A,6E,A0,80,FD,09,D8,3E,
16453721,000000A8,false,Rx,0,8,F3,DE,5E,18,82,64,A8,0E,
16453734,00000120,false,Rx,0,8,F5,0F,00,00,01,04,FF,01,
16453747,00000121,false,Rx,0,8,19,0F,00,C0,38,57,7E,FE,
16453760,0000009F,false,Rx,0,8,36,30,1D,80,03,0F,00,40,
16462943,0000012E,false,Rx,0,8,D1,EB,7F,00,FE,00,C0,FF,
16462968,000000A7,false,Rx,0,8,54,6F,A0,80,FD,09,D8,3E,
16462982,000000A8,false,Rx,0,8,7C,DF,5E,18,82,64,A8,0E,
16462995,0000011D,false,Rx,0,8,B9,01,00,C8,00,00,00,00,
16463008,00000086,false,Rx,0,8,9A,01,2C,20,00,00,00,00,
16463021,0000009F,false,Rx,0,8,52,31,1D,80,03,0F,00,40,
16463035,000000B2,false,Rx,0,8,00,00,00,00,00,00,00,00,
16463048,00000101,false,Rx,0,8,5C,00,7D,F3,A1,09,40,00,
16472480,000000AD,false,Rx,0,8,42,EB,BF,FF,00,14,00,00,
16472506,00000117,false,Rx,0,8,66,0B,00,40,68,00,00,FF,
16472522,000000A7,false,Rx,0,8,9D,60,A0,80,FD,09,D8,3E,
16472535,000000A8,false,Rx,0,8,5C,D0,5E,18,82,64,A4,0E,
16472548,00000120,false,Rx,0,8,3F,00,00,00,01,04,FF,01,
16472561,00000365,false,Rx,0,8,C1,C6,18,40,8D,02,AC,7A,
16472574,00000121,false,Rx,0,8,D7,00,00,C0,38,57,7E,FE,
16472588,0000032A,false,Rx,0,8,79,0E,00,00,44,04,00,00,
16481742,0000012E,false,Rx,0,8,72,EC,7F,00,FE,00,C0,FF,
16481780,00000520,false,Rx,0,8,20,05,00,08,00,0A,00,00,
16481796,000000A7,false,Rx,0,8,15,61,A0,80,FD,09,D8,3E,
16481809,00000108,false,Rx,0,8,02,13,D1,24,57,FE,00,00,
16481822,000000A8,false,Rx,0,8,C6,D1,5E,D8,81,64,9C,0E,
16481835,0000011D,false,Rx,0,8,15,02,00,C8,00,00,00,00,
16481848,00000086,false,Rx,0,8,52,03,2C,20,00,00,00,00,
16481861,0000009F,false,Rx,0,8,9A,33,1D,80,03,0F,00,40,
16485274,00000117,false,Rx,0,8,75,0C,00,40,68,00,00,FF,
16485291,000000A7,false,Rx,0,8,61,62,A0,80,FD,09,D8,3E,
16486338,000000A8,false,Rx,0,8,12,D2,5E,D8,81,64,98,0E,
16486362,0000011B,false,Rx,0,8,00,20,00,00,00,00,00,00,
16486375,00000120,false,Rx,0,8,CA,01,00,00,01,04,FF,01,
16499540,0000009F,false,Rx,0,8,89,34,1D,80,03,0F,00,40,
16499574,000003BE,false,Rx,0,8,4C,1B,E6,51,C8,80,00,80,
16499590,000000B2,false,Rx,0,8,00,00,00,00,00,00,00,00,
16499603,000000FD,false,Rx,0,8,EE,D1,1F,80,00,00,20,00,
16499617,00000104,false,Rx,0,8,79,31,A6,00,E6,00,00,40,
16499630,00000116,false,Rx,0,8,17,01,33,D2,28,62,87,FF,
16499643,00000392,false,Rx,0,8,8A,26,00,00,00,00,00,04,
16499656,000002B7,false,Rx,0,8,44,05,00,00,00,00,00,00,
16510221,000000B2,false,Rx,0,8,00,00,00,00,00,00,00,00,
16511799,00000101,false,Rx,0,8,C4,02,7D,F2,A1,04,40,00,
16511820,00000108,false,Rx,0,8,11,14,D1,24,57,FE,00,00,
16511833,00000106,false,Rx,0,8,09,82,A4,04,08,00,F3,39,
16511847,0000011E,false,Rx,0,8,1C,02,00,00,00,00,00,00,
16511860,0000030D,false,Rx,0,4,00,01,00,00,00,00,00,00,
16511872,00000395,false,Rx,0,8,18,0D,24,06,B4,41,50,5C,
16511886,00000380,false,Rx,0,8,97,02,40,00,00,00,00,FF,
16511899,00000117,false,Rx,0,8,11,0D,00,40,68,00,00,FF,
16522419,00000668,false,Rx,0,8,82,00,00,29,00,03,31,01,
16522448,000000AD,false,Rx,0,8,48,E0,BF,FF,00,14,00,00,
16522580,0000012E,false,Rx,0,8,82,EE,7F,00,FE,00,C0,FF,
16522593,000000A7,false,Rx,0,8,A1,65,A0,80,FD,09,D8,3E,
16522607,000000A8,false,Rx,0,8,4B,D5,5E,D8,81,64,90,0E,
16522620,00000365,false,Rx,0,8,C1,C6,18,40,8E,02,AC,7A,
16522633,0000032A,false,Rx,0,8,1D,0F,00,00,44,04,00,00,
16522646,00000086,false,Rx,0,8,ED,07,2C,20,00,00,00,00,
16532702,00000117,false,Rx,0,8,BD,0E,00,40,68,00,00,FF,
16532726,000000A7,false,Rx,0,8,32,66,A0,80,FD,09,D8,3E,
16532740,000000A8,false,Rx,0,8,7B,D6,5E,D8,81,64,90,0E,
16532872,00000108,false,Rx,0,8,75,15,D1,24,57,FE,00,00,
16532885,00000396,false,Rx,0,8,B0,02,00,11,00,00,00,00,
16532899,00000120,false,Rx,0,8,E0,03,00,00,01,04,FF,01,
16532912,00000121,false,Rx,0,8,C6,03,00,C0,38,57,7E,FE,
16532925,0000009F,false,Rx,0,8,67,38,1D,80,03,0F,00,40,
16542254,000003E5,false,Rx,0,8,5A,18,00,00,00,00,00,00,
16542283,0000012E,false,Rx,0,8,85,EF,7F,00,FE,00,C0,FF,
16542297,000000A7,false,Rx,0,8,BB,67,A0,80,FD,09,D8,3E,
16542310,000000A8,false,Rx,0,8,6E,D7,5E,D8,81,64,90,0E,
16547254,1B000012,true,Rx,0,8,12,00,04,01,11,00,00,00,
16547269,0000011D,false,Rx,0,8,06,05,00,C8,00,00,00,00,
16549878,00000086,false,Rx,0,8,CB,09,2C,20,00,00,00,00,
16549906,0000009F,false,Rx,0,8,B6,39,1D,80,03,0E,00,40,
16549918,000000B2,false,Rx,0,8,00,00,00,00,00,00,00,00,
16549932,00000101,false,Rx,0,8,F6,04,7D,F2,A1,06,40,00,
16550039,00000106,false,Rx,0,8,7E,84,A4,04,08,00,F3,39,
16550053,0000011E,false,Rx,0,8,6B,04,00,00,00,00,00,00,
16550065,000002B7,false,Rx,0,8,92,06,00,00,00,00,00,00,
16550079,00000117,false,Rx,0,8,D9,0F,00,40,68,00,00,FF,
16558060,000000FD,false,Rx,0,8,C2,D4,1F,80,00,00,20,00,
16558085,00000108,false,Rx,0,8,D9,16,D1,24,57,FE,00,00,
16558098,00000104,false,Rx,0,8,A2,34,A6,00,E6,00,00,40,
16558111,00000116,false,Rx,0,8,CC,04,33,D2,28,62,87,FF,
16558125,0000030D,false,Rx,0,4,00,01,00,00,00,00,00,00,
16558139,17330A10,true,Rx,0,3,32,84,0A,00,00,00,00,00,
16558152,0000012E,false,Rx,0,8,AC,E0,7F,00,FE,00,C0,FF,
16558165,000000A7,false,Rx,0,8,B5,69,E0,80,FD,0D,D8,3E,
16561770,000000B2,false,Rx,0,8,00,00,00,00,00,00,00,00,
16561787,00000101,false,Rx,0,8,92,05,7D,F2,A1,06,40,00,
16561800,00000106,false,Rx,0,8,1A,85,A4,04,08,00,F3,39,
16561813,0000011E,false,Rx,0,8,0F,05,00,00,00,00,00,00,
16561826,0000031B,false,Rx,0,8,8D,0E,00,00,00,63,15,00,
16575182,00000120,false,Rx,0,8,B4,05,00,00,01,04,FF,01,
16575211,00000121,false,Rx,0,8,4C,05,00,C0,38,57,7E,FE,
16575241,00000086,false,Rx,0,8,10,0C,2C,20,00,00,00,00,
16575254,0000009F,false,Rx,0,8,6D,3C,1D,80,03,0E,00,40,
16575268,0000032A,false,Rx,0,8,5F,00,00,00,44,04,00,00,
16575281,000003C0,false,Rx,0,4,BF,0B,03,00,00,00,00,00,
16575294,000000B2,false,Rx,0,8,00,00,00,00,00,00,00,00,
16575307,000000FD,false,Rx,0,8,58,D5,1F,80,00,00,20,00,
16583934,00000116,false,Rx,0,8,A8,05,33,D2,28,62,87,FF,
16583948,0000030B,false,Rx,0,8,10,06,02,00,08,00,00,00,
16583961,00000040,false,Rx,0,8,46,07,00,00,C1,00,00,00,
16583974,0000012E,false,Rx,0,8,A2,E1,7F,00,FE,00,C0,FF,
16583987,000000A7,false,Rx,0,8,DD,6B,E0,80,FD,0D,D8,3E,
16584000,000000A8,false,Rx,0,8,AC,DB,5E,D8,81,64,90,0E,
16584013,00000108,false,Rx,0,8,BD,17,D1,24,57,FE,00,00,
16584026,0000011D,false,Rx,0,8,CE,07,00,C8,00,00,00,00,
16587882,000003EC,false,Rx,0,8,C1,00,00,00,00,08,01,00,
16587898,00000380,false,Rx,0,8,F3,03,40,00,00,00,00,FF,
16587912,00000117,false,Rx,0,8,FF,01,00,40,68,00,00,FF,
16587924,000000A7,false,Rx,0,8,E8,6C,E0,80,FD,09,D8,3E,
16587938,000000A8,false,Rx,0,8,8A,DC,5E,D8,81,64,94,0E,
16587951,0000011B,false,Rx,0,8,00,20,00,00,00,00,00,00,
16598547,00000382,false,Rx,0,8,FF,FF,FF,FF,FF,FF,FF,4F,
16598581,000000B2,false,Rx,0,8,00,00,00,00,00,00,00,00,
16598595,000000FD,false,Rx,0,8,4A,D6,1F,80,00,00,20,00,
16598608,00000104,false,Rx,0,8,6A,36,A6,00,E6,00,00,40,
16598621,00000116,false,Rx,0,8,04,06,33,D2,28,62,87,FF,
16598634,00000392,false,Rx,0,8,EE,27,00,00,00,00,00,04,
16598647,000002B7,false,Rx,0,8,C0,07,00,00,00,00,00,00,
16598660,000003DB,false,Rx,0,8,50,00,01,00,04,20,01,6E,
16601205,000000B2,false,Rx,0,8,00,00,00,00,00,00,00,00,
16608879,000000A8,false,Rx,0,8,83,DE,5E,D8,81,64,88,0E,
16608908,00000120,false,Rx,0,8,59,07,00,00,01,04,FF,01,
16631748,0000009F,false,Rx,0,8,17,31,1D,80,03,0D,00,40,
16631778,0000011D,false,Rx,0,8,E8,09,00,C8,00,00,00,00,
16631912,000000B2,false,Rx,0,8,00,00,00,00,00,00,00,00,
16631925,00000101,false,Rx,0,8,D3,08,7D,F2,A1,0D,40,00,
16631938,00000106,false,Rx,0,8,90,88,A4,04,08,00,F3,39,
16631951,0000011E,false,Rx,0,8,85,08,00,00,00,00,00,00,
16631965,0000030B,false,Rx,0,8,10,07,02,00,08,00,00,00,
16631978,00000040,false,Rx,0,8,04,08,00,00,C1,00,00,00,
16642307,000003E5,false,Rx,0,8,B7,19,00,00,00,00,00,00,
16643470,0000012E,false,Rx,0,8,D5,E4,7F,00,FE,00,C0,FF,
16643486,000000A7,false,Rx,0,8,86,61,E0,80,FD,0D,D8,3E,
16643500,000000A8,false,Rx,0,8,15,D1,5E,D8,81,64,7C,0E,
16643513,0000011D,false,Rx,0,8,44,0A,00,C8,00,00,00,00,
16643628,00000086,false,Rx,0,8,52,03,2C,20,00,00,00,00,
16643642,0000009F,false,Rx,0,8,DF,33,1D,80,03,0D,00,40,
16643655,000000B2,false,Rx,0,8,00,00,00,00,00,00,00,00,
16643668,00000101,false,Rx,0,8,47,09,7D,F2,A1,0E,40,00,
16653174,000002B7,false,Rx,0,8,12,08,00,00,00,00,00,00,
16653196,00000117,false,Rx,0,8,24,04,00,40,68,00,00,FF,
16655844,000000A7,false,Rx,0,8,F2,62,E0,80,FD,0D,D8,3E,
16655872,000000A8,false,Rx,0,8,C1,D2,5E,D8,81,64,78,0E,
16655886,00000120,false,Rx,0,8,56,09,00,00,01,04,FF,01,
16655899,00000121,false,Rx,0,8,24,09,00,C0,38,57,7E,FE,
16656008,0000009F,false,Rx,0,8,CC,34,1D,80,03,0D,00,40,
16656021,00000086,false,Rx,0,8,B5,04,2D,20,00,00,00,00,
16656035,00000497,false,Rx,0,8,00,40,00,00,64,46,00,20,
16656048,000000B2,false,Rx,0,8,00,00,00,00,00,00,00,00,
16665668,0000011D,false,Rx,0,8,20,0B,00,C8,00,00,00,00,
16665691,00000086,false,Rx,0,8,25,05,2C,20,00,00,00,00,
16665705,0000009F,false,Rx,0,8,A8,35,1D,80,03,0D,00,40,
16665718,000000B2,false,Rx,0,8,00,00,00,00,00,00,00,00,
16665731,00000101,false,Rx,0,8,AE,0A,7D,F2,A1,0C,40,00,
16665744,00000106,false,Rx,0,8,58,8A,A4,04,08,00,F3,39,
16665757,0000011E,false,Rx,0,8,4D,0A,00,00,00,00,00,00,
16665770,0000031B,false,Rx,0,8,44,00,00,00,00,63,15,00,
16675005,00000365,false,Rx,0,8,C1,C6,18,40,8E,02,AC,7A,
16675041,00000120,false,Rx,0,8,8D,0A,00,00,01,04,FF,01,
16675056,00000121,false,Rx,0,8,41,0A,00,C0,38,57,7E,FE,
16675069,0000032A,false,Rx,0,8,97,02,00,00,44,04,00,00,
16675083,00000086,false,Rx,0,8,89,06,2C,20,00,00,00,00,
16675096,0000009F,false,Rx,0,8,04,36,1D,80,03,0D,00,40,
16675109,000003C0,false,Rx,0,4,C5,0C,03,00,00,00,00,00,
16675122,00000381,false,Rx,0,8,FF,FF,FF,FF,FF,FF,FF,5F,
16684258,000000A7,false,Rx,0,8,32,65,E0,80,FD,0D,D8,3E,
16684280,00000108,false,Rx,0,8,53,1B,D1,24,57,FE,00,00,
16686692,000000A8,false,Rx,0,8,AB,D5,5E,D8,81,64,80,0E,
16686717,0000011D,false,Rx,0,8,33,0C,00,C8,00,00,00,00,
16686730,00000086,false,Rx,0,8,ED,07,2C,20,00,00,00,00,
16686744,0000009F,false,Rx,0,8,60,37,1D,80,03,0D,00,40,
16686757,000000B2,false,Rx,0,8,00,00,00,00,00,00,00,00,
16686770,00000101,false,Rx,0,8,AD,0B,7E,F3,A1,0C,40,00,
16686783,00000106,false,Rx,0,8,3C,8B,A4,04,08,00,F3,39,
16686796,0000011E,false,Rx,0,8,29,0B,00,00,00,00,00,00,
16691520,0000009F,false,Rx,0,8,22,38,1D,80,03,0D,00,40,
16691535,00000086,false,Rx,0,8,AF,08,2C,20,00,00,00,00,
16691548,00000391,false,Rx,0,8,0F,66,24,46,00,28,00,22,
16691562,000003BE,false,Rx,0,8,72,1D,E6,51,C8,80,00,80,
16691575,00000640,false,Rx,0,8,A0,51,4E,97,80,A0,59,01,
16691588,000000B2,false,Rx,0,8,00,00,00,00,00,00,00,00,
16691601,000000FD,false,Rx,0,8,E6,DB,1F,80,00,00,20,00,
16706169,0000012E,false,Rx,0,8,6C,E7,7F,00,FE,00,C0,FF,
16706305,000000A7,false,Rx,0,8,28,67,E0,80,FD,0D,D8,3E,
16706321,000000A8,false,Rx,0,8,F5,D7,5E,D8,81,64,7C,0E,
16708833,0000011D,false,Rx,0,8,57,0D,00,C8,00,00,00,00,
16708847,00000086,false,Rx,0,8,CB,09,2C,20,00,00,00,00,
16708860,0000009F,false,Rx,0,8,46,39,1D,80,03,0D,00,40,
16708994,000000B2,false,Rx,0,8,00,00,00,00,00,00,00,00,
16709007,00000101,false,Rx,0,8,75,0C,7E,F3,A1,07,40,00,
16709020,00000108,false,Rx,0,8,40,1C,D1,24,57,FE,00,00,
16709033,00000106,false,Rx,0,8,2F,8C,A4,04,08,00,F3,39,
16718692,000000B1,false,Rx,0,8,C2,2B,00,00,00,00,00,00,
16718721,000000B2,false,Rx,0,8,00,00,00,00,00,00,00,00,
16718738,000000FD,false,Rx,0,8,7F,DC,1F,80,00,00,20,00,
16718751,000003C8,false,Rx,0,8,00,00,54,24,00,12,00,4D,
16718764,00000104,false,Rx,0,8,F3,3C,A6,00,E6,00,00,40,
16718777,00000116,false,Rx,0,8,9D,0C,33,D2,28,62,87,FF,
16718790,0000031B,false,Rx,0,8,92,01,00,00,00,63,15,00,
16718803,00000668,false,Rx,0,8,82,00,00,29,00,03,31,01,
16728641,000000B2,false,Rx,0,8,00,00,00,00,00,00,00,00,
16728793,00000101,false,Rx,0,8,50,0D,7E,F3,A1,08,40,00,
16728810,00000106,false,Rx,0,8,4B,8D,A4,04,08,00,F3,39,
16728823,0000011E,false,Rx,0,8,5E,0D,00,00,00,00,00,00,
16728836,0000030B,false,Rx,0,8,10,09,02,00,08,00,00,00,
16728849,00000040,false,Rx,0,8,CC,0A,00,00,C1,00,00,00,
16728862,00000117,false,Rx,0,8,CA,08,00,40,68,00,00,FF,
16728875,000000A7,false,Rx,0,8,B3,6A,E0,80,FD,0D,D8,3E,
16739735,00000108,false,Rx,0,8,24,1D,D1,24,57,FE,00,00,
16739784,00000396,false,Rx,0,8,C7,04,00,11,00,00,00,00,
16739801,00000120,false,Rx,0,8,4B,0D,00,00,01,04,FF,01,
16739814,00000121,false,Rx,0,8,3C,0D,00,C0,38,57,7E,FE,
16739827,0000009F,false,Rx,0,8,9D,3C,1D,80,03,0D,00,40,
16739840,00000086,false,Rx,0,8,10,0C,2C,20,00,00,00,00,
16739853,000000B2,false,Rx,0,8,00,00,00,00,00,00,00,00,
16739866,000000FD,false,Rx,0,8,F6,DD,1F,80,00,00,20,00,
16750620,000000B2,false,Rx,0,8,00,00,00,00,00,00,00,00,
16750652,00000101,false,Rx,0,8,7A,0E,7D,F3,A1,09,40,00,
16750666,00000106,false,Rx,0,8,E7,8E,A4,04,08,00,F3,39,
16750679,0000011E,false,Rx,0,8,F2,0E,00,00,00,00,00,00,
16750704,000002B7,false,Rx,0,8,73,0A,00,00,00,00,00,00,
16750717,00000380,false,Rx,0,8,84,05,40,00,00,00,00,FF,
16750730,00000117,false,Rx,0,8,AE,09,00,40,68,00,00,FF,
16750743,000000A7,false,Rx,0,8,AB,5C,E0,80,FD,0D,D8,3E,
16761587,00000104,false,Rx,0,8,3B,3E,A6,00,E6,00,00,40,
16761620,00000116,false,Rx,0,8,55,0E,33,D2,28,62,87,FF,
16761636,0000030D,false,Rx,0,4,00,01,00,00,00,00,00,00,
16761649,0000012E,false,Rx,0,8,25,EA,7F,00,FE,00,C0,FF,
16761662,000000A7,false,Rx,0,8,5B,5D,E0,80,FD,0D,D8,3E,
16761675,000000A8,false,Rx,0,8,02,DD,5E,D8,81,64,78,0E,
16761688,000006B4,false,Rx,0,8,00,F2,F6,7B,AC,57,56,57,
16761701,0000011D,false,Rx,0,8,DD,00,00,C8,00,00,00,00,
16769857,000000AD,false,Rx,0,8,A6,E9,BF,FF,00,14,00,00,
16769893,00000117,false,Rx,0,8,02,0A,00,40,68,00,00,FF,
16769909,000000A7,false,Rx,0,8,D0,5E,E0,80,FD,0D,D8,3E,
16769922,000000A8,false,Rx,0,8,88,DE,5E,D8,81,64,7C,0E,
16769936,00000120,false,Rx,0,8,F5,0F,00,00,01,04,FF,01,
16769949,00000365,false,Rx,0,8,C1,C6,19,40,8D,02,AC,7A,
16769962,00000121,false,Rx,0,8,19,0F,00,C0,38,57,7E,FE,
16770161,0000032A,false,Rx,0,8,E0,04,00,00,44,04,00,00,
16772885,000000FD,false,Rx,0,8,9E,DF,1F,80,00,00,20,00,
16772905,00000104,false,Rx,0,8,5F,3F,A6,00,E6,00,00,40,
16772918,00000116,false,Rx,0,8,31,0F,33,D2,28,62,87,FF,
16772931,0000030B,false,Rx,0,8,10,0A,02,00,08,00,00,00,
16783647,0000012E,false,Rx,0,8,D1,EB,7F,00,FE,00,C0,FF,
16783681,000000A7,false,Rx,0,8,9D,5F,A0,80,FD,09,D8,3E,
16783698,000000A8,false,Rx,0,8,7C,DF,5E,D8,81,64,80,0E,
16783711,00000108,false,Rx,0,8,EC,1F,D1,24,57,FE,00,00,
16783724,0000011D,false,Rx,0,8,B9,01,00,C8,00,00,00,00,
16783737,00000086,false,Rx,0,8,9A,01,2C,20,00,00,00,00,
16783750,0000009F,false,Rx,0,8,52,31,1D,80,03,0F,00,40,
16783763,000000B2,false,Rx,0,8,00,00,00,00,00,00,00,00,
16791066,000003EC,false,Rx,0,8,C1,00,00,00,00,08,01,00,
16791091,00000117,false,Rx,0,8,66,0B,00,40,68,00,00,FF,
16791105,000000A7,false,Rx,0,8,54,50,A0,80,FD,09,D8,3E,
16791118,000000A8,false,Rx,0,8,14,D0,5E,D8,81,64,80,0E,
16791131,0000011B,false,Rx,0,8,00,20,00,00,00,00,00,00,
16791145,00000120,false,Rx,0,8,3F,00,00,00,01,04,FF,01,
16791158,00000121,false,Rx,0,8,D7,00,00,C0,38,57,7E,FE,
16791171,00000391,false,Rx,0,8,0F,66,24,47,00,28,00,22,
16794564,000002B7,false,Rx,0,8,05,0B,00,00,00,00,00,00,
16794597,000003DB,false,Rx,0,8,50,00,01,00,04,20,01,6E,
16806490,0000012E,false,Rx,0,8,72,EC,7F,00,FE,00,C0,FF,
16806524,000000A7,false,Rx,0,8,DC,51,A0,80,FD,09,D8,3E,
16806541,000000A8,false,Rx,0,8,15,D1,5E,D8,81,64,7C,0E,
16806554,0000011D,false,Rx,0,8,15,02,00,C8,00,00,00,00,
16806567,00000086,false,Rx,0,8,52,03,2C,20,00,00,00,00,
16806580,0000009F,false,Rx,0,8,9A,33,1D,80,03,0F,00,40,
16806593,000000B2,false,Rx,0,8,00,00,00,00,00,00,00,00,
16806606,00000101,false,Rx,0,8,0B,01,7E,F3,A1,09,40,00,
16817570,0000009F,false,Rx,0,8,89,34,1D,80,03,0F,00,40,
16817594,00000086,false,Rx,0,8,41,04,2C,20,00,00,00,00,
16817608,000000B1,false,Rx,0,8,E0,2C,00,00,00,00,00,00,
16817621,000000B2,false,Rx,0,8,00,00,00,00,00,00,00,00,
16817635,000000FD,false,Rx,0,8,EE,D1,1F,80,00,00,20,00,
16817647,000003C8,false,Rx,0,8,00,00,54,24,00,12,00,4D,
16817661,00000104,false,Rx,0,8,79,31,A6,00,E6,00,00,40,
16817674,00000116,false,Rx,0,8,17,01,33,D2,28,62,87,FF,
16824999,000000B2,false,Rx,0,8,00,00,00,00,00,00,00,00,
16825020,00000101,false,Rx,0,8,D1,02,7D,F3,A1,0B,40,00,
16825034,00000106,false,Rx,0,8,5C,82,A1,04,08,00,F3,39,
16825047,0000011E,false,Rx,0,8,1C,02,00,00,00,00,00,00,
16825060,0000030B,false,Rx,0,8,10,0B,02,00,08,00,00,00,
16825075,17332610,true,Rx,0,8,39,82,03,00,26,00,03,02,
16825088,00000040,false,Rx,0,8,BB,0C,00,00,C1,00,00,00,
16825101,00000380,false,Rx,0,8,28,06,40,00,00,00,00,FF,
16826623,000000A7,false,Rx,0,8,B1,44,A0,80,FD,09,D8,3E,
16826638,000000A8,false,Rx,0,8,F2,D4,5E,D8,81,64,70,0E,
16837268,00000381,false,Rx,0,8,FF,FF,FF,FF,FF,FF,FF,7F,
16837298,00000382,false,Rx,0,8,FF,FF,FF,FF,FF,FF,FF,7F,
16837313,000000B2,false,Rx,0,8,00,00,00,00,00,00,00,00,
16840706,000000FD,false,Rx,0,8,21,D2,1F,80,00,00,20,00,
16840731,00000104,false,Rx,0,8,D5,32,A6,00,E6,00,00,40,
16840745,00000116,false,Rx,0,8,BB,02,33,D2,28,62,87,FF,
16840901,000003E5,false,Rx,0,8,A4,1B,00,00,00,00,00,00,
16840914,0000012E,false,Rx,0,8,82,EE,7F,00,FE,00,C0,FF,
16840927,000000A7,false,Rx,0,8,CA,45,A0,80,FD,09,D8,3E,
16840940,000000A8,false,Rx,0,8,30,D5,5E,D8,81,64,6C,0E,
16840953,0000011D,false,Rx,0,8,62,04,00,C8,00,00,00,00,
16851512,000002B7,false,Rx,0,8,E6,0C,00,00,00,00,00,00,
16851541,00000117,false,Rx,0,8,BD,0E,00,40,68,00,00,FF,
16851555,000000A7,false,Rx,0,8,59,46,A0,80,FD,09,D8,3E,
16851568,000000A8,false,Rx,0,8,3D,D6,5E,98,81,64,6C,0E,
16851581,00000120,false,Rx,0,8,E0,03,00,00,01,04,FF,01,
16851595,00000121,false,Rx,0,8,C6,03,00,C0,38,57,7E,FE,
16851607,0000009F,false,Rx,0,8,67,38,1D,80,03,0F,00,40,
16851621,00000086,false,Rx,0,8,AF,08,2C,20,00,00,00,00,
16864099,0000012E,false,Rx,0,8,85,EF,7F,00,FE,00,C0,FF,
16864127,000000A7,false,Rx,0,8,D0,47,A0,80,FD,09,D8,3E,
16864142,000000A8,false,Rx,0,8,58,D7,5E,98,81,64,64,0E,
16864155,0000011D,false,Rx,0,8,06,05,00,C8,00,00,00,00,
16864168,00000086,false,Rx,0,8,CB,09,2C,20,00,00,00,00,
16864181,0000009F,false,Rx,0,8,03,39,1D,80,03,0F,00,40,
16864194,000000B2,false,Rx,0,8,00,00,00,00,00,00,00,00,
16864207,00000101,false,Rx,0,8,47,04,7D,F2,A1,0A,40,00,
16871482,000000AD,false,Rx,0,8,E3,E3,BF,FF,00,14,00,00,
16871511,00000117,false,Rx,0,8,D9,0F,00,40,68,00,00,FF,
16871525,000000A7,false,Rx,0,8,7D,48,A0,80,FD,09,C8,3E,
16871538,000000A8,false,Rx,0,8,A7,C8,5E,98,81,64,5C,0E,
16871551,00000120,false,Rx,0,8,B6,04,00,00,01,04,FF,01,
16871565,00000365,false,Rx,0,8,C0,C6,19,40,8E,02,AC,7A,
16871578,00000121,false,Rx,0,8,91,04,00,00,39,57,7E,FE,
16871591,0000032A,false,Rx,0,8,28,06,00,00,44,04,00,00,
16873664,1B000010,true,Rx,0,8,10,00,04,05,09,00,00,00,
16873714,00000040,false,Rx,0,8,DF,0D,00,00,C1,00,00,00,
16884775,00000108,false,Rx,0,8,02,13,D1,24,57,FE,00,00,
16884888,000000A8,false,Rx,0,8,ED,C9,5E,98,81,64,58,0E,
16884905,00000520,false,Rx,0,8,E8,07,00,08,00,0A,00,00,
16884918,0000011D,false,Rx,0,8,AA,06,00,C8,00,00,00,00,
16884931,00000086,false,Rx,0,8,03,0B,2C,20,00,00,00,00,
16884944,0000009F,false,Rx,0,8,CB,3B,1D,80,03,0F,00,40,
16884957,000000B2,false,Rx,0,8,00,00,00,00,00,00,00,00,
16884970,00000101,false,Rx,0,8,23,05,7D,F2,A1,0A,40,00,
16892380,000000A7,false,Rx,0,8,AB,4A,A0,80,FD,09,C8,3E,
16892403,000000A8,false,Rx,0,8,FA,CA,5E,98,81,64,54,0E,
16892416,0000011B,false,Rx,0,8,00,20,00,00,00,00,00,00,
16892430,00000120,false,Rx,0,8,B4,05,00,00,01,04,FF,01,
16892443,00000121,false,Rx,0,8,A6,05,00,00,39,57,7E,FE,
16892456,0000009F,false,Rx,0,8,D8,3C,1D,80,03,0F,00,40,
16892469,00000086,false,Rx,0,8,10,0C,2C,20,00,00,00,00,
16892482,00000391,false,Rx,0,8,0E,66,23,45,00,28,00,22,
16896342,000002B7,false,Rx,0,8,D3,0D,00,00,00,00,00,00,
16896361,000003DB,false,Rx,0,8,50,00,01,00,04,20,01,6E,
16896374,0000012E,false,Rx,0,8,A2,E1,7F,00,FE,00,C0,FF,
16896387,000000A7,false,Rx,0,8,C5,4B,A0,80,FD,09,C8,3E,
16896400,000000A8,false,Rx,0,8,37,CB,5E,98,81,64,54,0E,
16908501,0000009F,false,Rx,0,8,BC,3D,1D,80,03,0F,00,40,
16908529,000000B2,false,Rx,0,8,00,00,00,00,00,00,00,00,
16908543,00000101,false,Rx,0,8,8F,06,7D,F2,A1,0A,40,00,
16908556,00000108,false,Rx,0,8,11,14,D1,24,57,FE,00,00,
16908569,00000106,false,Rx,0,8,17,86,A0,04,08,00,F3,39,
16908582,0000011E,false,Rx,0,8,A3,06,00,00,00,00,00,00,
16908595,0000030D,false,Rx,0,4,00,01,00,00,00,00,00,00,
16908608,00000395,false,Rx,0,8,18,05,24,06,B4,41,50,5C,
16919721,00000381,false,Rx,0,8,FF,FF,FF,FF,FF,FF,FF,8F,
16919746,00000382,false,Rx,0,8,FF,FF,FF,FF,FF,FF,FF,8F,
16919888,000000B1,false,Rx,0,8,6E,2D,00,00,00,00,00,00,
16919901,000000B2,false,Rx,0,8,00,00,00,00,00,00,00,00,
16919915,000000FD,false,Rx,0,8,4A,D6,1F,80,00,00,20,00,
16919928,000003C8,false,Rx,0,8,00,00,54,24,00,12,00,4D,
16919941,00000104,false,Rx,0,8,6A,36,A6,00,E6,00,00,40,
16919954,00000116,false,Rx,0,8,04,06,33,D2,28,62,87,FF,
16930577,000000B2,false,Rx,0,8,00,00,00,00,00,00,00,00,
16930601,00000101,false,Rx,0,8,EB,07,7D,F2,A1,0A,40,00,
16930614,00000106,false,Rx,0,8,73,87,A0,04,08,00,F3,39,
16930628,0000030B,false,Rx,0,8,10,0D,02,00,08,00,00,00,
16930640,0000011E,false,Rx,0,8,C7,07,00,00,00,00,00,00,
16930654,00000040,false,Rx,0,8,73,0E,00,00,C1,00,00,00,
16930667,00000117,false,Rx,0,8,53,02,00,40,68,00,00,FF,
16930680,000000A7,false,Rx,0,8,01,4E,A0,80,FD,09,C8,3E,
16931320,00000116,false,Rx,0,8,60,07,33,D2,28,62,87,FF,
16940737,000003E5,false,Rx,0,8,57,1C,00,00,00,00,00,00,
16940751,0000012E,false,Rx,0,8,F2,E3,7F,00,FE,00,C0,FF,
16940904,000000A7,false,Rx,0,8,DF,4F,A0,80,FD,09,C8,3E,
16940917,000000A8,false,Rx,0,8,97,CF,5E,98,81,64,4C,0E,
16940932,1B000012,true,Rx,0,8,12,00,04,01,11,00,00,00,
16940957,00000641,false,Rx,0,8,8D,28,2B,58,14,14,E4,52,
16940970,0000011D,false,Rx,0,8,E8,09,00,C8,00,00,00,00,
16951227,000002B7,false,Rx,0,8,57,0E,00,00,00,00,00,00,
16951252,00000130,false,Rx,0,8,EF,88,2C,80,08,00,04,00,
16952909,00000117,false,Rx,0,8,37,03,00,40,68,00,00,FF,
16952922,000000A7,false,Rx,0,8,16,40,A0,80,FD,09,C8,3E,
16953068,000000A8,false,Rx,0,8,C7,C0,5E,98,81,64,48,0E,
16953081,00000120,false,Rx,0,8,00,08,00,00,01,04,FF,01,
16953094,00000121,false,Rx,0,8,31,08,00,00,39,57,7E,FE,
16953107,0000009F,false,Rx,0,8,FE,32,1D,80,03,0F,00,40,
16953120,00000086,false,Rx,0,8,36,02,2C,20,00,00,00,00,
16963818,0000012E,false,Rx,0,8,D5,E4,7F,00,FE,00,C0,FF,
16963847,000000A7,false,Rx,0,8,9E,41,A0,80,FD,09,C8,3E,
16963862,000000A8,false,Rx,0,8,F5,C1,5E,98,81,64,44,0E,
16963876,000006B4,false,Rx,0,8,02,57,33,37,32,32,38,33,
16963889,0000011D,false,Rx,0,8,44,0A,00,C8,00,00,00,00,
16963902,00000086,false,Rx,0,8,52,03,2C,20,00,00,00,00,
16963915,0000009F,false,Rx,0,8,9A,33,1D,80,03,0F,00,40,
16963928,000000B2,false,Rx,0,8,00,00,00,00,00,00,00,00,
16972072,000000AD,false,Rx,0,8,5E,ED,BF,FF,00,14,00,00,
16972100,00000117,false,Rx,0,8,24,04,00,40,68,00,00,FF,
16972116,000000A7,false,Rx,0,8,EA,42,A0,80,FD,09,C8,3E,
16972129,000000A8,false,Rx,0,8,21,C2,5E,98,81,64,40,0E,
16972142,00000120,false,Rx,0,8,56,09,00,00,01,04,FF,01,
16972156,00000365,false,Rx,0,8,C0,C6,19,40,8F,02,AC,7A,
16972169,00000121,false,Rx,0,8,24,09,00,C0,38,57,7E,FE,
16972182,0000032A,false,Rx,0,8,0E,08,00,00,44,04,00,00,
16981212,00000040,false,Rx,0,8,17,0F,00,00,C1,00,00,00,
16981236,0000012E,false,Rx,0,8,35,E5,7F,00,FE,00,C0,FF,
16981250,000000A7,false,Rx,0,8,6B,43,A0,80,FD,09,C8,3E,
16981263,000000A8,false,Rx,0,8,78,C3,5E,98,81,64,3C,0E,
16981276,00000108,false,Rx,0,8,BD,17,D1,24,57,FE,00,00,
16981289,0000011D,false,Rx,0,8,20,0B,00,C8,00,00,00,00,
16981302,00000086,false,Rx,0,8,25,05,2C,20,00,00,00,00,
16981315,0000009F,false,Rx,0,8,DA,35,1D,80,03,10,00,40,
16991167,000000B2,false,Rx,0,8,00,00,00,00,00,00,00,00,
16991187,00000101,false,Rx,0,8,91,0A,7D,F2,A1,09,40,00,
16991214,00000106,false,Rx,0,8,B3,8A,9E,04,08,00,F3,39,
16991228,0000011E,false,Rx,0,8,4D,0A,00,00,00,00,00,00,
16991241,000003EC,false,Rx,0,8,C1,00,00,00,00,08,01,00,
16991254,00000117,false,Rx,0,8,40,05,00,40,68,00,00,FF,
16991267,00000380,false,Rx,0,8,0E,08,40,00,00,00,00,FF,
16991280,000000A7,false,Rx,0,8,51,44,A0,80,FD,09,C8,3E,
16996285,00000121,false,Rx,0,8,41,0A,00,C0,38,57,7E,FE,
16996299,00000391,false,Rx,0,8,0E,66,24,44,00,28,00,22,
16996312,00000086,false,Rx,0,8,89,06,2C,20,00,00,00,00,
16996332,0000009F,false,Rx,0,8,76,36,1D,80,03,10,00,40,
16996345,000003BE,false,Rx,0,8,D9,10,E6,51,C8,80,00,80,
16996358,00000381,false,Rx,0,8,FF,FF,FF,FF,FF,FF,FF,9F,
16996371,00000382,false,Rx,0,8,FF,FF,FF,FF,FF,FF,FF,9F,
16996385,000000B2,false,Rx,0,8,00,00,00,00,00,00,00,00,
17010607,000000B2,false,Rx,0,8,00,00,00,00,00,00,00,00,
17010637,00000101,false,Rx,0,8,05,0B,7D,F2,A1,0A,40,00,
17010651,00000108,false,Rx,0,8,FF,18,D1,24,57,FE,00,00,
17010664,00000106,false,Rx,0,8,E4,8B,9D,04,08,00,F3,39,
17010677,0000011E,false,Rx,0,8,29,0B,00,00,00,00,00,00,
17010690,000001AB,false,Rx,0,8,A0,0D,00,02,00,00,04,00,
17010703,00000395,false,Rx,0,8,18,0F,24,06,B4,41,50,5C,
17010716,0000030D,false,Rx,0,4,00,01,00,00,00,00,00,00,
17021959,00000104,false,Rx,0,8,DC,3B,A6,00,E6,00,00,45,
17021984,00000116,false,Rx,0,8,8E,0B,33,D2,28,62,87,FF,
17021998,000001A2,false,Rx,0,8,74,05,10,00,E1,06,80,13,
17022011,0000031B,false,Rx,0,8,EC,07,00,00,00,63,15,00,
17022025,1B000013,true,Rx,0,8,13,00,04,01,01,00,00,00,
17022038,000000AD,false,Rx,0,8,62,E2,BF,FF,00,14,00,00,
17022052,0000012E,false,Rx,0,8,6C,E7,7F,00,FE,00,C0,FF,
17022065,000000A7,false,Rx,0,8,84,47,E0,80,FC,09,C8,3E,
17031960,00000040,false,Rx,0,8,55,00,00,00,C1,00,00,00,
17031984,00000117,false,Rx,0,8,88,07,00,40,68,00,00,FF,
17031998,000000A7,false,Rx,0,8,64,48,E0,80,FD,09,C8,3E,
17032011,000000A8,false,Rx,0,8,61,C8,5E,98,81,64,28,0E,
17032024,00000108,false,Rx,0,8,9B,19,D1,24,57,FE,00,00,
17032037,00000396,false,Rx,0,8,6B,07,00,11,00,00,00,00,
17032050,00000120,false,Rx,0,8,FB,0C,00,00,01,04,FF,01,
17032064,00000121,false,Rx,0,8,2F,0C,00,C0,38,57,7E,FE,
17042195,000003E5,false,Rx,0,8,63,1D,00,00,00,00,00,00,
17042220,0000012E,false,Rx,0,8,05,E8,7F,00,FE,00,C0,FF,
17044915,000000A7,false,Rx,0,8,3E,49,E0,80,FD,0D,C8,3E,
17044940,000000A8,false,Rx,0,8,13,C9,5E,98,81,64,28,0E,
17044953,0000011D,false,Rx,0,8,FB,0E,00,C8,00,00,00,00,
17045090,00000086,false,Rx,0,8,03,0B,2C,20,00,00,00,00,
17045103,0000009F,false,Rx,0,8,FC,3B,1D,80,03,10,00,40,
17045116,000000B2,false,Rx,0,8,00,00,00,00,00,00,00,00,
17045150,00000101,false,Rx,0,8,50,0D,7E,F3,A1,08,40,00,
17045163,00000106,false,Rx,0,8,67,8D,9C,04,08,00,F3,39,
17053893,000000A8,false,Rx,0,8,49,CA,5E,D8,81,64,2C,0E,
17053918,00000120,false,Rx,0,8,4B,0D,00,00,01,04,FF,01,
17053932,00000121,false,Rx,0,8,3C,0D,00,C0,38,57,7E,FE,
17053945,0000009F,false,Rx,0,8,EF,3C,1D,80,03,10,00,40,
17053958,00000086,false,Rx,0,8,E4,0C,2D,20,00,00,00,00,
17053972,00000497,false,Rx,0,8,00,40,00,00,64,46,00,20,
17053985,000000B2,false,Rx,0,8,00,00,00,00,00,00,00,00,
17053998,000000FD,false,Rx,0,8,F6,DD,1F,80,00,00,20,00,
17062770,0000012E,false,Rx,0,8,79,E9,7F,00,FE,00,C0,FF,
17062794,000000A7,false,Rx,0,8,56,4B,E0,80,FD,0D,C8,3E,
17062808,000000A8,false,Rx,0,8,84,CB,5E,D8,81,64,2C,0E,
17062821,0000011D,false,Rx,0,8,9F,0F,00,C8,00,00,00,00,
17062834,00000086,false,Rx,0,8,74,0D,2C,20,00,00,00,00,
17062847,0000009F,false,Rx,0,8,8B,3D,1D,80,03,10,00,40,
17062860,000000B2,false,Rx,0,8,00,00,00,00,00,00,00,00,
17062873,00000101,false,Rx,0,8,37,0E,7E,F3,A1,03,40,00,
17072453,000000AD,false,Rx,0,8,35,E7,BF,FF,00,14,00,00,
17072478,00000117,false,Rx,0,8,AE,09,00,40,68,00,00,FF,
17072491,00000380,false,Rx,0,8,6A,09,40,00,00,00,00,FF,
17072504,000000A7,false,Rx,0,8,E9,4C,E0,80,FD,0D,C8,3E,
17072518,000000A8,false,Rx,0,8,A7,CC,5E,98,81,64,2C,0E,
17072531,00000120,false,Rx,0,8,20,0E,00,00,01,04,FF,01,
17072544,00000365,false,Rx,0,8,C0,C6,19,40,90,02,AC,7A,
17072557,00000121,false,Rx,0,8,AF,0E,00,C0,38,57,7E,FE,
17081394,000005F0,false,Rx,0,8,64,E4,64,00,00,64,00,00,
17081418,00000040,false,Rx,0,8,31,01,00,00,C1,00,00,00,
17081432,0000012E,false,Rx,0,8,25,EA,7F,00,FE,00,C0,FF,
17081445,00000520,false,Rx,0,8,AA,08,00,08,00,0A,00,00,
17081458,000000A7,false,Rx,0,8,19,4D,E0,80,FD,0D,C8,3E,
17081471,00000108,false,Rx,0,8,53,1B,D1,24,57,FE,00,00,
17081484,000000A8,false,Rx,0,8,B4,CD,5E,98,81,64,2C,0E,
17081497,0000011D,false,Rx,0,8,DD,00,00,C8,00,00,00,00,
17090589,00000117,false,Rx,0,8,02,0A,00,40,68,00,00,FF,
17090614,000000A7,false,Rx,0,8,92,4E,E0,80,FD,0D,C8,3E,
17090759,000000A8,false,Rx,0,8,3E,CE,5E,98,81,64,28,0E,
17090772,0000011B,false,Rx,0,8,00,20,00,00,00,00,00,00,
17090785,00000120,false,Rx,0,8,F5,0F,00,00,01,04,FF,01,
17090799,00000121,false,Rx,0,8,F3,0F,00,00,39,57,7E,FE,
17090812,0000009F,false,Rx,0,8,01,30,1D,80,03,10,00,40,
17090825,00000086,false,Rx,0,8,FE,00,2C,20,00,00,00,00,
17097274,00000116,false,Rx,0,8,31,0F,33,D2,28,62,87,FF,
17097297,00000392,false,Rx,0,8,13,2C,00,00,00,00,00,04,
17097311,000002B7,false,Rx,0,8,8D,01,00,00,00,00,00,00,
17097974,000003DB,false,Rx,0,8,50,00,01,00,04,20,01,6E,
17097987,0000012E,false,Rx,0,8,D1,EB,7F,00,FE,00,C0,FF,
17098000,000000A7,false,Rx,0,8,C6,4F,E0,80,FD,09,C8,3E,
17098013,000000A8,false,Rx,0,8,F9,CF,5E,98,81,64,24,0E,
17098026,0000011D,false,Rx,0,8,B9,01,00,C8,00,00,00,00,
17112303,00000395,false,Rx,0,8,18,09,24,06,B4,41,50,5C,
17113738,00000117,false,Rx,0,8,66,0B,00,40,68,00,00,FF,
17113759,000000A7,false,Rx,0,8,85,40,E0,80,FD,0D,C8,3E,
17113773,000000A8,false,Rx,0,8,91,C0,5E,98,81,64,24,0E,
17113786,00000120,false,Rx,0,8,3F,00,00,00,01,04,FF,01,
17113799,00000121,false,Rx,0,8,3D,00,00,00,39,57,7E,FE,
17113812,0000009F,false,Rx,0,8,C9,32,1D,80,03,10,00,40,
17113825,00000086,false,Rx,0,8,36,02,2C,20,00,00,00,00,
17113838,000000B1,false,Rx,0,8,4D,2F,00,00,00,00,00,00,
17125578,000000AD,false,Rx,0,8,2F,EC,BF,FF,00,14,00,00,
17125614,0000012E,false,Rx,0,8,72,EC,7F,00,FE,00,C0,FF,
17125628,000000A7,false,Rx,0,8,0D,41,E0,80,FD,0D,C8,3E,
17125641,00000668,false,Rx,0,8,82,00,00,29,00,03,31,01,
17125654,000000A8,false,Rx,0,8,D3,C1,5E,98,81,64,20,0E,
17125667,00000365,false,Rx,0,8,C0,C6,19,40,91,02,AC,7A,
17125680,0000032A,false,Rx,0,8,A2,0B,00,00,44,04,00,00,
17125693,00000086,false,Rx,0,8,52,03,2C,20,00,00,00,00,
17138721,00000120,false,Rx,0,8,CA,01,00,00,01,04,FF,01,
17138745,00000121,false,Rx,0,8,51,01,00,00,39,57,7E,FE,
17138758,0000009F,false,Rx,0,8,89,34,1D,80,03,0F,00,40,
17138771,00000086,false,Rx,0,8,41,04,2C,20,00,00,00,00,
17138785,000000B2,false,Rx,0,8,00,00,00,00,00,00,00,00,
17138798,000000FD,false,Rx,0,8,EE,D1,1F,80,00,00,20,00,
17138811,00000104,false,Rx,0,8,3D,31,A6,00,E6,00,00,4F,
17138824,00000116,false,Rx,0,8,17,01,33,D2,28,62,87,FF,
17148525,000000B2,false,Rx,0,8,00,00,00,00,00,00,00,00,
17148550,00000101,false,Rx,0,8,C4,02,7D,F2,A1,04,40,00,
17148564,00000106,false,Rx,0,8,84,82,98,04,08,00,F3,39,
17148577,0000011E,false,Rx,0,8,1C,02,00,00,00,00,00,00,
17148590,000002B7,false,Rx,0,8,55,02,00,00,00,00,00,00,
17148603,00000380,false,Rx,0,8,C6,0A,40,00,00,00,00,FF,
17148616,00000117,false,Rx,0,8,11,0D,00,40,68,00,00,FF,
17148629,000000A7,false,Rx,0,8,C2,44,E0,80,FD,0D,C8,3E,
17157666,00000381,false,Rx,0,8,FF,FF,FF,FF,FF,FF,FF,BF,
17157693,00000382,false,Rx,0,8,FF,FF,FF,FF,FF,FF,FF,BF,
17157809,00000497,false,Rx,0,8,00,40,00,00,64,46,00,20,
17157822,000000B2,false,Rx,0,8,00,00,00,00,00,00,00,00,
17157835,000000FD,false,Rx,0,8,21,D2,1F,80,00,00,20,00,
17157848,00000108,false,Rx,0,8,88,1E,D1,24,57,FE,00,00,
17157861,00000104,false,Rx,0,8,F0,32,A6,00,E6,00,00,50,
17157874,00000116,false,Rx,0,8,BB,02,33,D2,28,62,87,FF,
17167982,0000009F,false,Rx,0,8,25,37,1D,80,03,0F,00,40,
17168019,000000B2,false,Rx,0,8,00,00,00,00,00,00,00,00,
17168035,00000101,false,Rx,0,8,15,03,7D,F2,A1,05,40,00,
17168048,00000106,false,Rx,0,8,1F,83,97,04,08,00,F3,39,
17168061,0000011E,false,Rx,0,8,78,03,00,00,00,00,00,00,
17168074,0000031B,false,Rx,0,8,35,0A,00,00,00,63,15,00,
17168087,000000AD,false,Rx,0,8,86,E1,BF,FF,00,14,00,00,
17168101,00000117,false,Rx,0,8,BD,0E,00,40,68,00,00,FF,
17177964,000000B2,false,Rx,0,8,00,00,00,00,00,00,00,00,
17177977,000000FD,false,Rx,0,8,54,D3,1F,80,00,00,20,00,
17177990,00000104,false,Rx,0,8,7D,33,A6,00,E6,00,00,51,
17178004,00000116,false,Rx,0,8,DF,03,33,D2,28,62,87,FF,
17178017,0000030B,false,Rx,0,8,10,02,02,00,08,00,00,00,
17178030,000006B7,false,Rx,0,8,9D,27,A1,73,06,18,00,6E,
17178043,000006B8,false,Rx,0,8,A6,27,B4,70,26,6C,00,00,
17178056,00000040,false,Rx,0,8,F9,03,00,00,C1,00,00,00,
17185862,000000B2,false,Rx,0,8,00,00,00,00,00,00,00,00,
17185886,00000101,false,Rx,0,8,02,04,7D,F2,A1,08,40,00,
17185900,00000106,false,Rx,0,8,F3,84,98,04,08,00,F3,39,
17185913,0000011E,false,Rx,0,8,6B,04,00,00,00,00,00,00,
17185926,000003EC,false,Rx,0,8,C1,00,00,00,00,08,01,00,
17185955,00000117,false,Rx,0,8,D9,0F,00,40,68,00,00,FF,
17185968,000000A7,false,Rx,0,8,EE,48,E0,80,FD,0D,C8,3E,
17185981,000000A8,false,Rx,0,8,B6,C8,5E,98,81,64,0C,0E,
17188209,00000120,false,Rx,0,8,B6,04,00,00,01,04,FF,01,
17188226,00000121,false,Rx,0,8,7B,04,00,C0,38,57,7E,FE,
17188239,0000009F,false,Rx,0,8,AF,3A,1D,80,03,0F,00,40,
17198680,000000B2,false,Rx,0,8,00,00,00,00,00,00,00,00,
17198708,000000FD,false,Rx,0,8,C2,D4,1F,80,00,00,20,00,
17198725,0000065F,false,Rx,0,8,2E,20,00,00,00,00,37,7A,
17198738,00000104,false,Rx,0,8,6E,34,A6,00,E6,00,00,51,
17198752,00000116,false,Rx,0,8,CC,04,33,D2,28,62,87,FF,
17198764,00000392,false,Rx,0,8,77,2D,00,00,00,00,00,04,
17198778,00000670,false,Rx,0,8,20,10,00,00,00,01,00,88,
17198791,000002B7,false,Rx,0,8,0C,03,00,00,00,00,00,00,
17201868,000000B2,false,Rx,0,8,00,00,00,00,00,00,00,00,
17201894,00000101,false,Rx,0,8,92,05,7D,F2,A1,06,40,00,
17201907,00000108,false,Rx,0,8,AE,10,D1,24,57,FE,00,00,
17201920,00000106,false,Rx,0,8,97,85,98,04,08,00,F3,39,
17216094,00000117,false,Rx,0,8,9B,00,00,40,68,00,00,FF,
17216127,000000A7,false,Rx,0,8,38,4A,E0,80,FD,0D,C8,3E,
17216143,000000A8,false,Rx,0,8,A3,CA,5E,98,81,64,08,0E,
17216156,00000120,false,Rx,0,8,B4,05,00,00,01,04,FF,01,
17216170,00000121,false,Rx,0,8,4C,05,00,C0,38,57,7E,FE,
17216183,0000009F,false,Rx,0,8,D8,3C,1D,80,03,0F,00,40,
17216196,00000086,false,Rx,0,8,10,0C,2C,20,00,00,00,00,
17216209,000000B1,false,Rx,0,8,13,20,00,00,00,00,00,00,
17225401,000003C8,false,Rx,0,8,00,00,54,24,00,12,00,4D,
17225419,00000104,false,Rx,0,8,0A,35,A6,00,E6,00,00,51,
17225432,00000116,false,Rx,0,8,A8,05,33,D2,28,62,87,FF,
17225445,000001A2,false,Rx,0,8,C3,06,10,00,E1,06,80,13,
17225458,0000031B,false,Rx,0,8,FA,0B,00,00,00,63,15,00,
17225473,1B000013,true,Rx,0,8,13,00,04,01,01,00,00,00,
17225486,000000AD,false,Rx,0,8,6A,E6,BF,FF,00,14,00,00,
17225499,0000012E,false,Rx,0,8,A2,E1,7F,00,FE,00,C0,FF,
17236250,00000396,false,Rx,0,8,4D,09,00,11,00,00,00,00,
17237296,00000120,false,Rx,0,8,5B,06,00,00,01,04,FF,01,
17237313,00000121,false,Rx,0,8,4B,06,00,C0,38,57,7E,FE,
17238822,00000385,false,Rx,0,8,00,32,22,00,01,22,31,01,
17238835,0000009F,false,Rx,0,8,A5,3E,1D,80,03,0E,00,40,
17238848,00000086,false,Rx,0,8,D8,0E,2C,20,00,00,00,00,
17238861,00000381,false,Rx,0,8,FF,FF,FF,FF,FF,FF,FF,CF,
17238874,00000382,false,Rx,0,8,FF,FF,FF,FF,FF,FF,FF,CF,
17238888,000000B2,false,Rx,0,8,00,00,00,00,00,00,00,00,
17238901,000000FD,false,Rx,0,8,4A,D6,1F,80,00,00,20,00,
17238914,00000104,false,Rx,0,8,A6,36,A6,00,E6,00,00,51,
17241902,000000B2,false,Rx,0,8,00,00,00,00,00,00,00,00,
17241921,00000101,false,Rx,0,8,EB,07,7D,F2,A1,0A,40,00,
17241934,00000106,false,Rx,0,8,51,87,98,04,08,00,F2,39,
17241947,0000011E,false,Rx,0,8,C7,07,00,00,00,00,00,00,
17245453,000002B7,false,Rx,0,8,BC,04,00,00,00,00,00,00,
17269968,0000009F,false,Rx,0,8,52,31,1D,80,03,0F,00,40,
17270003,000000B2,false,Rx,0,8,00,00,00,00,00,00,00,00,
17270037,00000101,false,Rx,0,8,A5,08,7E,F2,A1,0F,40,00,
17270050,00000106,false,Rx,0,8,13,88,98,04,08,00,F2,39,
17270064,0000011E,false,Rx,0,8,85,08,00,00,00,00,00,00,
17270077,0000031B,false,Rx,0,8,C3,0C,00,00,00,63,15,00,
17270090,000000AD,false,Rx,0,8,42,EB,BF,FF,00,14,00,00,
17270103,00000117,false,Rx,0,8,37,03,00,40,68,00,00,FF,
17279561,000000FD,false,Rx,0,8,B7,D8,1F,80,00,00,20,00,
17279583,00000104,false,Rx,0,8,80,38,A6,00,E6,00,00,51,
17279597,00000116,false,Rx,0,8,22,08,33,D2,28,62,87,FF,
17279610,0000030B,false,Rx,0,8,10,04,02,00,08,00,00,00,
17279624,1B000010,true,Rx,0,8,10,00,04,05,09,00,00,00,
17279638,00000040,false,Rx,0,8,8E,05,00,00,C1,00,00,00,
17279651,0000012E,false,Rx,0,8,D5,E4,7F,00,FE,00,C0,FF,
17279664,00000520,false,Rx,0,8,CE,09,00,08,00,0A,00,00,
17289298,000000B2,false,Rx,0,8,00,00,00,00,00,00,00,00,
17290261,00000101,false,Rx,0,8,AA,09,7E,F3,A1,0A,40,00,
17290276,00000106,false,Rx,0,8,9E,89,98,04,08,00,F2,38,
17290292,0000011E,false,Rx,0,8,E1,09,00,00,00,00,00,00,
17290305,00000117,false,Rx,0,8,24,04,00,40,68,00,00,FF,
17290318,000000A7,false,Rx,0,8,79,42,E0,80,FD,0D,C8,3E,
17297057,000000A8,false,Rx,0,8,5D,C2,3E,98,81,64,30,0E,
17297107,0000011B,false,Rx,0,8,00,20,00,00,00,00,00,00,
17297120,00000120,false,Rx,0,8,56,09,00,00,01,04,FF,01,
17297133,00000121,false,Rx,0,8,24,09,00,C0,38,57,7E,FE,
17297146,0000009F,false,Rx,0,8,89,34,1D,80,03,0F,00,40,
17297159,00000086,false,Rx,0,8,41,04,2C,20,00,00,00,00,
17297172,00000391,false,Rx,0,8,0F,66,24,46,00,28,00,22,
17297185,000003BE,false,Rx,0,8,31,13,E6,51,C8,80,00,80,
17303527,000000A7,false,Rx,0,8,F8,43,E0,80,FD,0D,C8,3E,
17303555,000000A8,false,Rx,0,8,FA,C3,3E,98,81,64,3C,0E,
17303569,0000011D,false,Rx,0,8,20,0B,00,C8,00,00,00,00,
17303582,00000086,false,Rx,0,8,25,05,2C,20,00,00,00,00,
17303595,0000009F,false,Rx,0,8,ED,35,1D,80,03,0F,00,40,
17303608,000000B2,false,Rx,0,8,00,00,00,00,00,00,00,00,
17303621,00000101,false,Rx,0,8,74,0A,7D,F3,A1,05,40,00,
17303635,00000108,false,Rx,0,8,11,14,D1,24,57,FE,00,00,
17305529,00000380,false,Rx,0,8,B1,0C,40,00,00,00,00,FF,
17305546,00000117,false,Rx,0,8,40,05,00,40,68,00,00,FF,
17321974,00000668,false,Rx,0,8,82,00,00,29,00,03,31,01,
17322003,000000AD,false,Rx,0,8,48,E0,BF,FF,00,14,00,00,
17322016,0000012E,false,Rx,0,8,7F,E6,7F,00,FE,00,C0,FF,
17322029,000000A7,false,Rx,0,8,2A,45,A0,80,FD,09,C8,3E,
17322042,000000A8,false,Rx,0,8,FA,C5,3E,98,81,64,48,0E,
17322056,00000365,false,Rx,0,8,C0,C6,1A,40,8E,02,AC,7A,
17322069,0000032A,false,Rx,0,8,1D,0F,00,00,44,04,00,00,
17322082,00000086,false,Rx,0,8,ED,07,2C,20,00,00,00,00,
17331471,00000040,false,Rx,0,8,22,06,00,00,C1,00,00,00,
17331486,00000117,false,Rx,0,8,EC,06,00,40,68,00,00,FF,
17331704,000000A7,false,Rx,0,8,B9,46,A0,80,FD,09,C8,3E,
17331717,000000A8,false,Rx,0,8,82,C6,3E,98,81,64,44,0E,
17331730,00000108,false,Rx,0,8,75,15,D1,24,57,FE,00,00,
17331743,00000396,false,Rx,0,8,E1,0A,00,11,00,00,00,00,
17331830,00000120,false,Rx,0,8,21,0B,00,00,01,04,FF,01,
17331843,00000121,false,Rx,0,8,EA,0B,00,C0,38,57,7E,FE,
17343565,000000B2,false,Rx,0,8,00,00,00,00,00,00,00,00,
17343601,000000FD,false,Rx,0,8,09,DB,1F,80,00,00,00,00,
17343730,00000104,false,Rx,0,8,F2,3B,A6,00,E6,00,00,31,
17343744,00000116,false,Rx,0,8,8E,0B,33,D2,28,62,87,FF,
17343757,000006B2,false,Rx,0,8,71,9D,27,A1,A1,40,EF,2A,
17343770,000003E5,false,Rx,0,8,3A,10,00,00,00,00,00,00,
17343783,0000012E,false,Rx,0,8,6C,E7,7F,00,FE,00,C0,FF,
17343796,000000A7,false,Rx,0,8,30,47,A0,80,FD,09,C8,3E,
17354619,00000117,false,Rx,0,8,88,07,00,40,68,00,00,FF,
17354644,000000A7,false,Rx,0,8,7D,48,A0,80,FD,09,C8,3E,
17354658,000000A8,false,Rx,0,8,C5,C8,3E,98,81,64,4C,0E,
17354671,00000120,false,Rx,0,8,FB,0C,00,00,01,04,FF,01,
17354684,00000121,false,Rx,0,8,2F,0C,00,C0,38,57,7E,FE,
17354697,0000009F,false,Rx,0,8,98,3A,1D,80,03,10,00,40,
17354710,00000086,false,Rx,0,8,67,0A,2C,20,00,00,00,00,
17354761,00000497,false,Rx,0,8,00,40,00,00,64,46,00,20,
17363838,000000A7,false,Rx,0,8,AD,49,A0,80,FD,09,C8,3E,
17363863,000000A8,false,Rx,0,8,B7,C9,3E,98,81,64,4C,0E,
17363876,000006B4,false,Rx,0,8,01,5A,5A,5A,41,55,5A,48,
17363889,0000011D,false,Rx,0,8,FB,0E,00,C8,00,00,00,00,
17363902,00000086,false,Rx,0,8,03,0B,2C,20,00,00,00,00,
17363916,0000009F,false,Rx,0,8,FC,3B,1D,80,03,10,00,40,
17363929,000000B2,false,Rx,0,8,00,00,00,00,00,00,00,00,
17363942,00000101,false,Rx,0,8,D2,0D,7D,F3,A1,04,40,00,
17373659,000000AD,false,Rx,0,8,74,E5,BF,FF,00,14,00,00,
17373689,00000117,false,Rx,0,8,CA,08,00,40,68,00,00,FF,
17373817,000000A7,false,Rx,0,8,AB,4A,A0,80,FD,09,C8,3E,
17373831,000000A8,false,Rx,0,8,7D,CA,3E,D8,81,64,50,0E,
17373844,00000120,false,Rx,0,8,4B,0D,00,00,01,04,FF,01,
17373857,00000365,false,Rx,0,8,C0,C6,1A,40,8D,02,AC,7A,
17373870,00000121,false,Rx,0,8,3C,0D,00,C0,38,57,7E,FE,
17373883,0000032A,false,Rx,0,8,5F,00,00,00,44,04,00,00,
17381398,0000012E,false,Rx,0,8,79,E9,7F,00,FE,00,C0,FF,
17381423,000000A7,false,Rx,0,8,C5,4B,A0,80,FD,09,C8,3E,
17381437,000000A8,false,Rx,0,8,88,CB,3E,D8,81,64,54,0E,
17381450,00000108,false,Rx,0,8,BD,17,D1,24,57,FE,00,00,
17381463,0000011D,false,Rx,0,8,9F,0F,00,C8,00,00,00,00,
17381476,00000086,false,Rx,0,8,74,0D,2C,20,00,00,00,00,
17381490,0000009F,false,Rx,0,8,8B,3D,1D,80,03,10,00,40,
17381503,000000B2,false,Rx,0,8,00,00,00,00,00,00,00,00,
17391288,000003EC,false,Rx,0,8,C1,00,00,00,00,08,01,00,
17391313,00000117,false,Rx,0,8,AE,09,00,40,68,00,00,FF,
17393054,00000380,false,Rx,0,8,D5,0D,40,00,00,00,00,FF,
17393070,000000A7,false,Rx,0,8,7A,4C,A0,80,FD,09,C8,3E,
17393084,000000A8,false,Rx,0,8,96,CC,3E,D8,81,64,54,0E,
17393097,0000011B,false,Rx,0,8,00,20,00,00,00,00,00,00,
17393110,00000120,false,Rx,0,8,20,0E,00,00,01,04,FF,01,
17393123,00000121,false,Rx,0,8,AF,0E,00,C0,38,57,7E,FE,
17393136,0000009F,false,Rx,0,8,10,3E,1D,80,03,0F,00,40,
17393149,00000086,false,Rx,0,8,D8,0E,2C,20,00,00,00,00,
17402647,00000392,false,Rx,0,8,BF,2F,00,00,00,00,00,04,
17402664,0000065D,false,Rx,0,8,7D,39,2B,10,00,00,62,7A,
17402679,17F00013,true,Rx,0,8,20,13,00,00,00,00,00,80,
17402692,000002B7,false,Rx,0,8,C0,07,00,00,00,00,00,00,
17402705,000003DB,false,Rx,0,8,50,00,01,00,04,20,01,6E,
17402718,0000012E,false,Rx,0,8,25,EA,7F,00,FE,00,C0,FF,
17402731,000000A7,false,Rx,0,8,8A,4D,A0,80,FD,09,C8,3E,
17402744,000000A8,false,Rx,0,8,CD,CD,3E,D8,81,64,58,0E,
17405700,00000395,false,Rx,0,8,18,07,24,06,B4,41,50,5C,
17405714,00000117,false,Rx,0,8,02,0A,00,40,68,00,00,FF,
17405727,000000A7,false,Rx,0,8,01,4E,A0,80,FD,09,C8,3E,
17405740,000000A8,false,Rx,0,8,7A,CE,3E,98,81,64,5C,0E,
17416930,000000B1,false,Rx,0,8,D9,22,00,00,00,00,00,00,
17416960,0000008A,false,Rx,0,8,68,37,00,00,00,00,00,FA,
17417131,000000B2,false,Rx,0,8,00,00,00,00,00,00,00,00,
17417145,000003C8,false,Rx,0,8,00,00,54,24,00,12,00,4D,
17417158,000000FD,false,Rx,0,8,71,DF,1F,80,00,00,00,00,
17417171,00000104,false,Rx,0,8,4D,3F,A6,00,E6,00,00,31,
17417184,00000116,false,Rx,0,8,31,0F,33,D2,28,62,87,FF,
17417210,000001A2,false,Rx,0,8,AB,07,10,00,E1,06,80,13,
17426694,0000032A,false,Rx,0,8,3B,01,00,00,44,04,00,00,
17426732,00000086,false,Rx,0,8,9A,01,2C,20,00,00,00,00,
17426745,0000009F,false,Rx,0,8,52,31,1D,80,03,0F,00,40,
17426758,0000011D,false,Rx,0,8,B9,01,00,C8,00,00,00,00,
17426772,000000B2,false,Rx,0,8,00,00,00,00,00,00,00,00,
17426785,00000101,false,Rx,0,8,ED,00,7D,F3,A1,05,40,00,
17426798,00000106,false,Rx,0,8,2E,80,98,04,08,00,F2,30,
17426869,0000011E,false,Rx,0,8,D4,00,00,00,00,00,00,00,
17436663,0000009F,false,Rx,0,8,FE,32,1D,80,03,0F,00,40,
17436688,00000086,false,Rx,0,8,36,02,2C,20,00,00,00,00,
17436828,000000B2,false,Rx,0,8,00,00,00,00,00,00,00,00,
17436841,000000FD,false,Rx,0,8,0B,D0,1F,80,00,00,00,00,
17436855,00000104,false,Rx,0,8,0F,30,A6,00,E6,00,00,31,
17436868,00000116,false,Rx,0,8,73,00,33,D2,28,62,87,FF,
17436881,000003E5,false,Rx,0,8,7B,11,00,00,00,00,00,00,
17436894,0000012E,false,Rx,0,8,72,EC,7F,00,FE,00,C0,FF,
17446955,0000011D,false,Rx,0,8,15,02,00,C8,00,00,00,00,
17446980,00000086,false,Rx,0,8,52,03,2C,20,00,00,00,00,
17446994,0000009F,false,Rx,0,8,9A,33,1D,80,03,0F,00,40,
17447007,000000B2,false,Rx,0,8,00,00,00,00,00,00,00,00,
17447020,00000101,false,Rx,0,8,89,01,7D,F3,A1,05,40,00,
17447033,00000106,false,Rx,0,8,4A,81,98,04,08,00,F2,30,
17447047,0000011E,false,Rx,0,8,B0,01,00,00,00,00,00,00,
17447060,000002B7,false,Rx,0,8,12,08,00,00,00,00,00,00,
17456592,00000086,false,Rx,0,8,41,04,2C,20,00,00,00,00,
17456618,00000497,false,Rx,0,8,00,40,00,00,64,46,00,20,
17456632,0000054B,false,Rx,0,8,00,00,00,00,00,00,00,24,
17456646,17F0000A,true,Rx,0,8,00,0A,00,00,00,00,00,80,
17456659,000000B2,false,Rx,0,8,00,00,00,00,00,00,00,00,
17456673,000000FD,false,Rx,0,8,01,D1,1F,80,00,00,00,00,
17456686,00000108,false,Rx,0,8,37,1A,D1,24,57,FE,00,00,
17456699,00000104,false,Rx,0,8,6B,31,A6,00,E6,00,00,31,
17465814,0000011D,false,Rx,0,8,71,03,00,C8,00,00,00,00,
17465867,00000086,false,Rx,0,8,25,05,2C,20,00,00,00,00,
17465883,0000009F,false,Rx,0,8,58,35,1D,80,03,0E,00,40,
17465896,000000B2,false,Rx,0,8,00,00,00,00,00,00,00,00,
17465909,00000101,false,Rx,0,8,25,02,7D,F3,A1,05,40,00,
17465922,00000106,false,Rx,0,8,E6,82,98,04,08,00,F2,30,
17465936,0000011E,false,Rx,0,8,1C,02,00,00,00,00,00,00,
17465949,0000031B,false,Rx,0,8,44,00,00,00,00,63,15,00,
17474221,00000120,false,Rx,0,8,32,02,00,00,01,04,FF,01,
17474246,00000121,false,Rx,0,8,DE,02,00,00,39,57,7E,FE,
17474260,0000032A,false,Rx,0,8,97,02,00,00,44,04,00,00,
17474273,00000086,false,Rx,0,8,89,06,2C,20,00,00,00,00,
17474286,0000009F,false,Rx,0,8,F4,36,1D,80,03,0E,00,40,
17474299,000003C0,false,Rx,0,4,FE,04,03,00,00,00,00,00,
17474312,00000381,false,Rx,0,8,FF,FF,FF,FF,FF,FF,FF,FF,
17481544,00000584,false,Rx,0,6,68,0A,00,00,00,00,00,00,
17481578,00000382,false,Rx,0,8,FF,FF,FF,FF,FF,FF,FF,FF,
17481592,000005F0,false,Rx,0,8,64,E4,64,00,00,64,00,00,
17481605,000000B2,false,Rx,0,8,00,00,00,00,00,00,00,00,
17481873,000000FD,false,Rx,0,8,CE,D2,1F,80,00,00,00,00,
17481886,00000104,false,Rx,0,8,C7,32,A6,00,E6,00,00,31,
17481899,00000116,false,Rx,0,8,BB,02,33,D2,28,62,87,FF,
17481912,0000030B,false,Rx,0,8,10,08,02,00,08,00,00,00,
17490375,00000117,false,Rx,0,8,BD,0E,00,40,68,00,00,FF,
17490413,000000A7,false,Rx,0,8,B9,46,A0,80,FD,09,C8,3E,
17490427,000000A8,false,Rx,0,8,62,C6,3E,58,81,64,68,0E,
17490440,0000011B,false,Rx,0,8,00,20,00,00,00,00,00,00,
17490453,00000120,false,Rx,0,8,E0,03,00,00,01,04,FF,01,
17490466,00000121,false,Rx,0,8,2C,03,00,00,39,57,7E,FE,
17490479,0000009F,false,Rx,0,8,D2,38,1D,80,03,0E,00,40,
17490492,00000086,false,Rx,0,8,AF,08,2C,20,00,00,00,00,
17500270,00000104,false,Rx,0,8,A3,33,A6,00,E6,00,00,31,
17500295,00000116,false,Rx,0,8,DF,03,33,D2,28,62,87,FF,
17502973,00000392,false,Rx,0,8,FD,20,00,00,00,00,00,04,
17502995,000002B7,false,Rx,0,8,7D,09,00,00,00,00,00,00,
17503008,000003DB,false,Rx,0,8,50,00,01,00,04,20,01,6E,
17503143,0000012E,false,Rx,0,8,85,EF,7F,00,FE,00,C0,FF,
17503156,000000A7,false,Rx,0,8,30,47,A0,80,FD,09,C8,3E,
17503169,000000A8,false,Rx,0,8,4F,C7,3E,58,81,64,6C,0E,
17503182,0000011D,false,Rx,0,8,06,05,00,C8,00,00,00,00,
17503195,00000086,false,Rx,0,8,CB,09,2C,20,00,00,00,00,
17509477,00000117,false,Rx,0,8,D9,0F,00,40,68,00,00,FF,
17509495,000000A7,false,Rx,0,8,E7,48,60,80,FD,05,C8,3E,
17509509,000000A8,false,Rx,0,8,6D,C8,3E,58,81,64,6C,0E,
17509522,00000120,false,Rx,0,8,B6,04,00,00,01,04,FF,01,
17509535,00000121,false,Rx,0,8,91,04,00,00,39,57,7E,FE,
17509548,0000009F,false,Rx,0,8,1A,3A,1D,80,03,0E,00,40,
17509562,00000086,false,Rx,0,8,67,0A,2C,20,00,00,00,00,
17510787,000000B1,false,Rx,0,8,E8,23,00,00,00,00,00,00,
17510801,000000B2,false,Rx,0,8,00,00,00,00,00,00,00,00,
17523737,0000012E,false,Rx,0,8,AC,E0,7F,00,FE,00,C0,FF,
17523764,000000A7,false,Rx,0,8,37,49,60,80,FD,05,C8,3E,
17523779,000000A8,false,Rx,0,8,B7,C9,3E,58,81,64,70,0E,
17523792,00000365,false,Rx,0,8,C0,C6,1A,40,8E,02,AC,7A,
17523805,0000032A,false,Rx,0,8,F3,03,00,00,44,04,00,00,
17523818,00000086,false,Rx,0,8,03,0B,2C,20,00,00,00,00,
17523831,0000009F,false,Rx,0,8,7E,3B,1D,80,03,0E,00,40,
17523844,0000011D,false,Rx,0,8,AA,06,00,C8,00,00,00,00,
17527558,00000117,false,Rx,0,8,9B,00,00,40,68,00,00,FF,
17527583,000000A7,false,Rx,0,8,31,4A,60,80,FD,05,C8,3E,
17527597,000000A8,false,Rx,0,8,E8,CA,3E,58,81,64,70,0E,
17527610,00000108,false,Rx,0,8,24,1D,D1,24,57,FE,00,00,
17538295,000000B2,false,Rx,0,8,00,00,00,00,00,00,00,00,
17539449,000000FD,false,Rx,0,8,B7,D5,1F,80,00,00,00,00,
17539468,17F00072,true,Rx,0,8,00,00,00,00,00,00,00,00,
17539484,00000104,false,Rx,0,8,D4,35,A6,00,E6,00,00,31,
17539497,00000116,false,Rx,0,8,A8,05,33,D2,28,62,87,FF,
17539623,000003E5,false,Rx,0,8,A6,12,00,00,00,00,00,00,
17539636,0000012E,false,Rx,0,8,A2,E1,7F,00,FE,00,C0,FF,
17539649,000000A7,false,Rx,0,8,5F,4B,60,80,FD,05,C8,3E,
17539663,000000A8,false,Rx,0,8,1D,CB,3E,58,81,64,74,0E,
17549872,000000B2,false,Rx,0,8,00,00,00,00,00,00,00,00,
17549897,00000101,false,Rx,0,8,9A,06,7D,F3,A1,05,40,00,
17550034,00000106,false,Rx,0,8,59,86,98,04,08,00,F2,30,
17550047,0000011E,false,Rx,0,8,A3,06,00,00,00,00,00,00,
17550060,000002B7,false,Rx,0,8,73,0A,00,00,00,00,00,00,
17550073,00000380,false,Rx,0,8,1D,0F,40,00,00,00,00,FF,
17550087,00000117,false,Rx,0,8,FF,01,00,40,68,00,00,FF,
17550115,000000A7,false,Rx,0,8,E0,4C,60,80,FD,05,C8,3E,
17560164,000000FD,false,Rx,0,8,A5,D6,1F,80,00,00,00,00,
17560189,00000108,false,Rx,0,8,88,1E,D1,24,57,FE,00,00,
17562853,00000104,false,Rx,0,8,78,36,A6,00,E6,00,00,31,
17562873,00000116,false,Rx,0,8,04,06,33,D2,28,62,87,FF,
17562886,0000030D,false,Rx,0,4,04,00,00,00,00,00,00,00,
17563027,17330A10,true,Rx,0,3,32,8D,10,00,00,00,00,00,
17563040,0000012E,false,Rx,0,8,6B,E2,7F,00,FE,00,C0,FF,
17563053,000000A7,false,Rx,0,8,10,4D,60,80,FD,05,C8,3E,
17563066,000000A8,false,Rx,0,8,1B,CD,3E,58,81,64,80,0E,
17563079,000006B4,false,Rx,0,8,00,F2,F6,7B,AC,57,56,57,
17572321,000000AD,false,Rx,0,8,A6,E9,BF,FF,00,14,00,00,
17573972,00000117,false,Rx,0,8,53,02,00,40,68,00,00,FF,
17573987,000000A7,false,Rx,0,8,9B,4E,60,80,FD,05,C8,3E,
17574121,000000A8,false,Rx,0,8,D9,CE,3E,58,81,64,88,0E,
17574134,00000120,false,Rx,0,8,59,07,00,00,01,04,FF,01,
17574147,00000365,false,Rx,0,8,C0,C6,1A,40,8D,02,AC,7A,
17574160,00000121,false,Rx,0,8,18,07,00,C0,38,57,7E,FE,
17574173,0000032A,false,Rx,0,8,E0,04,00,00,44,04,00,00,
17574187,00000086,false,Rx,0,8,FE,00,2C,20,00,00,00,00,
17582016,0000012E,false,Rx,0,8,F2,E3,7F,00,FE,00,C0,FF,
17582031,000000A7,false,Rx,0,8,45,4F,60,80,FD,05,C8,3E,
17582044,000000A8,false,Rx,0,8,6E,CF,3E,58,81,64,8C,0E,
17582057,00000108,false,Rx,0,8,EC,1F,D1,24,57,FE,00,00,
17582070,0000011D,false,Rx,0,8,E8,09,00,C8,00,00,00,00,
17582083,00000086,false,Rx,0,8,9A,01,2C,20,00,00,00,00,
17582096,0000009F,false,Rx,0,8,52,31,1D,80,03,0F,00,40,
17582110,000000B2,false,Rx,0,8,00,00,00,00,00,00,00,00,
17592828,000003EC,false,Rx,0,8,C1,00,00,00,00,08,01,00,
17592857,00000117,false,Rx,0,8,37,03,00,40,68,00,00,FF,
17592870,000000A7,false,Rx,0,8,8C,40,60,80,FD,05,C8,3E,
17592883,000000A8,false,Rx,0,8,06,C0,3E,58,81,64,8C,0E,
17592896,0000011B,false,Rx,0,8,00,20,00,00,00,00,00,00,
17592910,00000120,false,Rx,0,8,00,08,00,00,01,04,FF,01,
17592923,00000121,false,Rx,0,8,31,08,00,00,39,57,7E,FE,
17592936,0000009F,false,Rx,0,8,FE,32,1D,80,03,0F,00,40,
17599009,000002B7,false,Rx,0,8,05,0B,00,00,00,00,00,00,
17599032,000003DB,false,Rx,0,8,50,00,01,00,04,20,01,6E,
17599046,0000012E,false,Rx,0,8,D5,E4,7F,00,FE,00,C0,FF,
17599060,000000A7,false,Rx,0,8,04,41,60,80,FD,05,C8,3E,
17599072,000000A8,false,Rx,0,8,7C,C1,3E,58,81,64,8C,0E,
17599086,0000011D,false,Rx,0,8,44,0A,00,C8,00,00,00,00,
17599099,00000086,false,Rx,0,8,52,03,2C,20,00,00,00,00,
17608717,000000B2,false,Rx,0,8,00,00,00,00,00,00,00,00,
17608748,00000101,false,Rx,0,8,9D,09,7D,F3,A1,07,40,00,
17608765,00000108,false,Rx,0,8,AE,10,D1,24,57,FE,00,00,
17608778,00000106,false,Rx,0,8,1B,89,98,04,08,00,F2,30,
17608791,0000011E,false,Rx,0,8,E1,09,00,00,00,00,00,00,
17608804,000001AB,false,Rx,0,8,87,01,00,02,00,00,05,00,
17608817,0000030D,false,Rx,0,4,04,00,00,00,00,00,00,00,
17608830,00000395,false,Rx,0,8,18,0B,24,06,B4,41,50,5C,
17611757,000000B1,false,Rx,0,8,44,24,00,00,00,00,00,00,
17611770,000000B2,false,Rx,0,8,00,00,00,00,00,00,00,00,
17611783,000000FD,false,Rx,0,8,6A,D9,1F,80,00,00,00,00,
17611796,000003C8,false,Rx,0,8,00,00,54,24,00,12,00,4D,
17624505,000000AD,false,Rx,0,8,84,EE,BF,FF,00,14,00,00,
17624536,0000012E,false,Rx,0,8,35,E5,7F,00,FE,00,C0,FF,
17624552,000000A7,false,Rx,0,8,F1,43,60,80,FD,05,C8,3E,
17624566,000000A8,false,Rx,0,8,7F,C3,3E,58,81,64,8C,0E,
17624579,00000365,false,Rx,0,8,C0,C6,1A,40,8E,02,AC,7A,
17624592,0000032A,false,Rx,0,8,84,05,00,00,44,04,00,00,
17624605,00000086,false,Rx,0,8,25,05,2C,20,00,00,00,00,
17624618,0000009F,false,Rx,0,8,58,35,1D,80,03,0E,00,40,
17636508,000000A7,false,Rx,0,8,CB,44,60,80,FD,05,C8,3E,
17636534,00000108,false,Rx,0,8,CA,11,D1,24,57,FE,00,00,
17636548,000000A8,false,Rx,0,8,7B,C4,3E,58,81,64,90,0E,
17636561,00000396,false,Rx,0,8,F2,0D,00,11,00,00,00,00,
17636574,00000120,false,Rx,0,8,8D,0A,00,00,01,04,FF,01,
17636588,00000121,false,Rx,0,8,AB,0A,00,00,39,57,7E,FE,
17636601,0000009F,false,Rx,0,8,F4,36,1D,80,03,0E,00,40,
17636614,00000086,false,Rx,0,8,89,06,2C,20,00,00,00,00,
17648312,0000011D,false,Rx,0,8,33,0C,00,C8,00,00,00,00,
17649515,00000086,false,Rx,0,8,ED,07,2C,20,00,00,00,00,
17649530,0000009F,false,Rx,0,8,90,37,1D,80,03,0E,00,40,
17649546,000000B2,false,Rx,0,8,00,00,00,00,00,00,00,00,
17649559,00000101,false,Rx,0,8,55,0B,7D,F3,A1,07,40,00,
17649686,00000106,false,Rx,0,8,D3,8B,98,04,08,00,F2,30,
17649699,0000011E,false,Rx,0,8,29,0B,00,00,00,00,00,00,
17649713,000002B7,false,Rx,0,8,E6,0C,00,00,00,00,00,00,
17649726,00000117,false,Rx,0,8,EC,06,00,40,68,00,00,FF,
17656072,000000B2,false,Rx,0,8,00,00,00,00,00,00,00,00,
17656093,000000FD,false,Rx,0,8,09,DB,1F,80,00,00,00,00,
17656106,00000108,false,Rx,0,8,66,12,D1,24,57,FE,00,00,
17656119,00000104,false,Rx,0,8,F2,3B,A6,00,E6,00,00,31,
17656132,00000116,false,Rx,0,8,8E,0B,33,D2,28,62,87,FF,
17656145,0000030D,false,Rx,0,4,04,00,00,00,00,00,00,00,
17656158,0000012E,false,Rx,0,8,6C,E7,7F,00,FE,00,C0,FF,
17656171,000000A7,false,Rx,0,8,AA,47,60,80,FD,05,C8,3E,
17657338,0000011D,false,Rx,0,8,57,0D,00,C8,00,00,00,00,
17668680,0000009F,false,Rx,0,8,B6,39,1D,80,03,0E,00,40,
17668712,000000B2,false,Rx,0,8,00,00,00,00,00,00,00,00,
17668728,00000101,false,Rx,0,8,07,0C,7D,F3,A1,08,40,00,
17668741,00000106,false,Rx,0,8,C0,8C,98,04,08,00,F2,30,
17668755,0000011E,false,Rx,0,8,3A,0C,00,00,00,00,00,00,
17668768,0000031B,false,Rx,0,8,81,04,00,00,00,63,15,00,
17668781,000000AD,false,Rx,0,8,E3,E3,BF,FF,00,14,00,00,
17668794,00000117,false,Rx,0,8,88,07,00,40,68,00,00,FF,
17679130,00000584,false,Rx,0,6,3C,0B,00,00,00,00,00,00,
17679154,000005F0,false,Rx,0,8,64,E4,64,00,00,64,00,00,
17679168,000000B2,false,Rx,0,8,00,00,00,00,00,00,00,00,
17679181,000000FD,false,Rx,0,8,90,DC,1F,80,00,00,00,00,
17679194,00000104,false,Rx,0,8,E1,3C,A6,00,E6,00,00,31,
17679207,00000116,false,Rx,0,8,9D,0C,33,D2,28,62,87,FF,
17679220,0000030B,false,Rx,0,8,10,0C,02,00,08,00,00,00,
17679234,1B000010,true,Rx,0,8,10,00,04,05,09,00,00,00,
17679321,0000011D,false,Rx,0,8,FB,0E,00,C8,00,00,00,00,
17687197,00000086,false,Rx,0,8,03,0B,2C,20,00,00,00,00,
17687211,0000009F,false,Rx,0,8,CB,3B,1D,80,03,0F,00,40,
17689600,000000B2,false,Rx,0,8,00,00,00,00,00,00,00,00,
17689616,00000101,false,Rx,0,8,63,0D,7D,F3,A1,08,40,00,
17689629,00000106,false,Rx,0,8,A4,8D,98,04,08,00,F2,30,
17689642,0000011E,false,Rx,0,8,5E,0D,00,00,00,00,00,00,
17689655,00000117,false,Rx,0,8,CA,08,00,40,68,00,00,FF,
17689669,000000A7,false,Rx,0,8,31,4A,60,80,FD,05,C8,3E,
17689682,000000A8,false,Rx,0,8,AB,CA,3E,58,81,64,88,0E,
17689695,0000011B,false,Rx,0,8,00,20,00,00,00,00,00,00,
17696319,000000B2,false,Rx,0,8,00,00,00,00,00,00,00,00,
17698908,000000FD,false,Rx,0,8,19,DD,1F,80,00,00,00,00,
17698940,0000065F,false,Rx,0,8,2E,20,00,00,00,00,37,7A,
17698957,00000104,false,Rx,0,8,85,3D,A6,00,E6,00,00,31,
17698970,00000116,false,Rx,0,8,F9,0D,33,D2,28,62,87,FF,
17698983,00000670,false,Rx,0,8,20,10,00,00,00,01,00,88,
17698996,00000392,false,Rx,0,8,35,22,00,00,00,00,00,04,
17699009,000002B7,false,Rx,0,8,D3,0D,00,00,00,00,00,00,
17699023,000003DB,false,Rx,0,8,50,00,01,00,04,20,01,6E,
17727941,0000032A,false,Rx,0,8,4C,07,00,00,44,04,00,00,
17727970,00000086,false,Rx,0,8,BC,0F,2C,20,00,00,00,00,
17727984,0000009F,false,Rx,0,8,C1,3F,1D,80,03,0E,00,40,
17727997,0000011D,false,Rx,0,8,DD,00,00,C8,00,00,00,00,
17728010,000000B2,false,Rx,0,8,00,00,00,00,00,00,00,00,
17728024,00000101,false,Rx,0,8,5B,0F,7D,F3,A1,0B,40,00,
17728037,00000106,false,Rx,0,8,6C,8F,98,04,08,00,F2,30,
17728050,0000011E,false,Rx,0,8,96,0F,00,00,00,00,00,00,
17738439,000000B2,false,Rx,0,8,00,00,00,00,00,00,00,00,
17738464,000000FD,false,Rx,0,8,71,DF,1F,80,00,00,00,00,
17738598,00000104,false,Rx,0,8,4D,3F,A6,00,E6,00,00,31,
17738611,00000116,false,Rx,0,8,31,0F,33,D2,28,62,87,FF,
17738625,000003E5,false,Rx,0,8,A3,14,00,00,00,00,00,00,
17738638,0000012E,false,Rx,0,8,D1,EB,7F,00,FE,00,C0,FF,
17738651,000000A7,false,Rx,0,8,45,4F,60,80,FD,05,C8,3E,
17738664,000000A8,false,Rx,0,8,56,CF,3E,58,81,64,88,0E,
17745574,000000B2,false,Rx,0,8,00,00,00,00,00,00,00,00,
17745595,00000101,false,Rx,0,8,AC,00,7D,F3,A1,0A,40,00,
17745608,00000106,false,Rx,0,8,2E,80,98,04,08,00,F2,30,
17745621,0000011E,false,Rx,0,8,D4,00,00,00,00,00,00,00,
17745635,000002B7,false,Rx,0,8,57,0E,00,00,00,00,00,00,
17745648,00000117,false,Rx,0,8,66,0B,00,40,68,00,00,FF,
17745661,000000A7,false,Rx,0,8,8C,40,60,80,FD,05,C8,3E,
17745674,000000A8,false,Rx,0,8,76,C0,3E,58,81,64,84,0E,
17756892,00000120,false,Rx,0,8,3F,00,00,00,01,04,FF,01,
17756917,00000121,false,Rx,0,8,3D,00,00,00,39,57,7E,FE,
17757062,0000009F,false,Rx,0,8,4B,32,1D,80,03,0E,00,40,
17757075,00000086,false,Rx,0,8,36,02,2C,20,00,00,00,00,
17757089,00000497,false,Rx,0,8,00,40,00,00,64,46,00,20,
17757102,000000B2,false,Rx,0,8,00,00,00,00,00,00,00,00,
17757115,000000FD,false,Rx,0,8,0B,D0,1F,80,00,00,00,00,
17757128,00000108,false,Rx,0,8,D9,16,D1,24,57,FE,00,00,
17768421,00000086,false,Rx,0,8,52,03,2C,20,00,00,00,00,
17768575,0000009F,false,Rx,0,8,2F,33,1D,80,03,0E,00,40,
17768589,000000B2,false,Rx,0,8,00,00,00,00,00,00,00,00,
17768602,00000101,false,Rx,0,8,D9,01,7D,F2,A1,08,40,00,
17768616,00000106,false,Rx,0,8,4A,81,98,04,08,00,F2,30,
17768628,0000011E,false,Rx,0,8,B0,01,00,00,00,00,00,00,
17768642,0000031B,false,Rx,0,8,0C,06,00,00,00,63,15,00,
17768655,000000AD,false,Rx,0,8,5E,ED,BF,FF,00,14,00,00,
17779208,000000B2,false,Rx,0,8,00,00,00,00,00,00,00,00,
17779237,000000FD,false,Rx,0,8,01,D1,1F,80,00,00,00,00,
17779251,00000104,false,Rx,0,8,6B,31,A6,00,E6,00,00,31,
17779264,00000116,false,Rx,0,8,17,01,33,D2,28,62,87,FF,
17779277,0000030B,false,Rx,0,8,10,0E,02,00,08,00,00,00,
17779291,00000040,false,Rx,0,8,17,0F,00,00,C1,00,00,00,
17779304,0000012E,false,Rx,0,8,58,ED,7F,00,FE,00,C0,FF,
17779317,000000A7,false,Rx,0,8,F1,43,60,80,FD,05,C8,3E,
17785731,000000A8,false,Rx,0,8,42,C3,3E,18,81,64,8C,0E,
17785749,00000108,false,Rx,0,8,BD,17,D1,24,57,FE,00,00,
17785762,0000011D,false,Rx,0,8,71,03,00,C8,00,00,00,00,
17785775,00000086,false,Rx,0,8,25,05,2C,20,00,00,00,00,
17785789,0000009F,false,Rx,0,8,58,35,1D,80,03,0E,00,40,
17785802,000000B2,false,Rx,0,8,00,00,00,00,00,00,00,00,
17785815,00000101,false,Rx,0,8,C4,02,7D,F2,A1,04,40,00,
17785828,00000106,false,Rx,0,8,E6,82,98,04,08,00,F2,30,
17797813,000000FD,false,Rx,0,8,CE,D2,1F,80,00,00,00,00,
17797843,00000104,false,Rx,0,8,C7,32,A6,00,E6,00,00,31,
17797859,00000116,false,Rx,0,8,BB,02,33,D2,28,62,87,FF,
17797872,00000392,false,Rx,0,8,51,23,00,00,00,00,00,04,
17797885,000002B7,false,Rx,0,8,FE,0F,00,00,00,00,00,00,
17797898,000003DB,false,Rx,0,8,50,00,01,00,04,20,01,6E,
17797911,0000012E,false,Rx,0,8,82,EE,7F,00,FE,00,C0,FF,
17797924,000000A7,false,Rx,0,8,B0,45,60,80,FD,05,C8,3E,
17807234,0000009F,false,Rx,0,8,90,37,1D,80,03,0E,00,40,
17807254,000000B2,false,Rx,0,8,00,00,00,00,00,00,00,00,
17807267,00000101,false,Rx,0,8,11,03,7D,F2,A1,08,40,00,
17807293,00000108,false,Rx,0,8,FF,18,D1,24,57,FE,00,00,
17807306,00000106,false,Rx,0,8,82,83,98,04,08,00,F2,30,
17807320,0000011E,false,Rx,0,8,78,03,00,00,00,00,00,00,
17812736,000001AB,false,Rx,0,8,1C,02,00,02,00,00,05,00,
17812753,0000030D,false,Rx,0,4,04,00,00,00,00,00,00,00,
17812765,00000395,false,Rx,0,8,18,0F,24,06,B4,41,50,5C,
17812778,00000117,false,Rx,0,8,BD,0E,00,40,68,00,00,FF,
17812792,000000A7,false,Rx,0,8,23,46,60,80,FD,05,C8,3E,
17812805,000000A8,false,Rx,0,8,89,C6,3E,58,81,64,8C,0E,
17812818,00000120,false,Rx,0,8,E0,03,00,00,01,04,FF,01,
17812831,00000121,false,Rx,0,8,2C,03,00,00,39,57,7E,FE,
17815736,000000AD,false,Rx,0,8,62,E2,BF,FF,00,14,00,00,
17815752,0000012E,false,Rx,0,8,85,EF,7F,00,FE,00,C0,FF,
17815765,000000A7,false,Rx,0,8,AA,47,60,80,FD,05,C8,3E,
17815778,000000A8,false,Rx,0,8,34,C7,3E,58,81,64,90,0E,
17827643,000000B2,false,Rx,0,8,00,00,00,00,00,00,00,00,
17827671,00000101,false,Rx,0,8,B7,04,7D,F2,A1,09,40,00,
17827684,00000106,false,Rx,0,8,91,84,98,04,08,00,F2,30,
17827787,0000011E,false,Rx,0,8,6B,04,00,00,00,00,00,00,
17827801,0000030B,false,Rx,0,8,10,0F,02,00,08,00,00,00,
17827815,17332610,true,Rx,0,8,39,83,38,07,20,00,00,00,
17827828,00000040,false,Rx,0,8,55,00,00,00,C1,00,00,00,
17827841,00000117,false,Rx,0,8,D9,0F,00,40,68,00,00,FF,
17834433,000000B2,false,Rx,0,8,00,00,00,00,00,00,00,00,
17834456,000000FD,false,Rx,0,8,2D,D4,1F,80,00,00,00,00,
17834470,00000104,false,Rx,0,8,B0,34,A6,00,E6,00,00,31,
17834483,00000116,false,Rx,0,8,CC,04,33,D2,28,62,87,FF,
17840775,000003E5,false,Rx,0,8,E2,15,00,00,00,00,00,00,
17840817,0000012E,false,Rx,0,8,AC,E0,7F,00,FE,00,C0,FF,
17840832,000000A7,false,Rx,0,8,37,49,60,80,FD,05,C8,3E,
17840845,000000A8,false,Rx,0,8,14,C9,3E,58,81,64,98,0E,
17840858,0000011D,false,Rx,0,8,AA,06,00,C8,00,00,00,00,
17840872,00000086,false,Rx,0,8,03,0B,2C,20,00,00,00,00,
17840885,0000009F,false,Rx,0,8,FC,3B,1D,80,03,10,00,40,
17840899,17F00012,true,Rx,0,8,20,12,00,00,00,00,00,00,
17845926,000002B7,false,Rx,0,8,DC,00,00,00,00,00,00,00,
17845943,00000117,false,Rx,0,8,9B,00,00,40,68,00,00,FF,
17845956,000000A7,false,Rx,0,8,31,4A,60,80,FD,05,C8,3E,
17845969,000000A8,false,Rx,0,8,03,CA,3E,58,81,64,94,0E,
17845983,00000120,false,Rx,0,8,B4,05,00,00,01,04,FF,01,
17846339,00000121,false,Rx,0,8,A6,05,00,00,39,57,7E,FE,
17854943,0000009F,false,Rx,0,8,EF,3C,1D,80,03,10,00,40,
17854974,00000086,false,Rx,0,8,E4,0C,2D,20,00,00,00,00,
17854988,00000497,false,Rx,0,8,00,40,00,00,64,46,00,20,
17855001,000000B2,false,Rx,0,8,00,00,00,00,00,00,00,00,
17855014,000000FD,false,Rx,0,8,B7,D5,1F,80,00,00,00,00,
17855027,00000108,false,Rx,0,8,37,1A,D1,24,57,FE,00,00,
17855040,00000104,false,Rx,0,8,D4,35,A6,00,E6,00,00,31,
17855053,00000116,false,Rx,0,8,A8,05,33,D2,28,62,87,FF,
17866878,000000A7,false,Rx,0,8,D5,4B,60,80,FD,01,C8,3E,
17867056,000000A8,false,Rx,0,8,CE,CB,3E,58,81,64,94,0E,
17867072,0000011D,false,Rx,0,8,CE,07,00,C8,00,00,00,00,
17867085,00000086,false,Rx,0,8,74,0D,2C,20,00,00,00,00,
17867099,0000009F,false,Rx,0,8,BC,3D,1D,80,03,0F,00,40,
17867112,000000B2,false,Rx,0,8,00,00,00,00,00,00,00,00,
17867125,00000101,false,Rx,0,8,CA,06,7D,F2,A1,08,40,00,
17867150,00000106,false,Rx,0,8,59,86,98,04,08,00,F2,30,
17876704,0000009F,false,Rx,0,8,27,3E,1D,80,03,10,00,40,
17876728,000003C0,false,Rx,0,4,4F,08,03,00,00,00,00,00,
17876741,00000381,false,Rx,0,8,FF,FF,FF,FF,FF,FF,FF,4F,
17876755,00000584,false,Rx,0,6,BF,0C,00,00,00,00,00,00,
17876767,00000382,false,Rx,0,8,FF,FF,FF,FF,FF,FF,FF,4F,
17876781,000005F0,false,Rx,0,8,64,E4,64,00,00,64,00,00,
17876794,000000B2,false,Rx,0,8,00,00,00,00,00,00,00,00,
17876807,000000FD,false,Rx,0,8,A5,D6,1F,80,00,00,00,00,
17881302,0000011D,false,Rx,0,8,8C,08,00,C8,00,00,00,00,
17881319,00000086,false,Rx,0,8,BC,0F,2C,20,00,00,00,00,
17881339,0000009F,false,Rx,0,8,74,3F,1D,80,03,0F,00,40,
17881362,000000B2,false,Rx,0,8,00,00,00,00,00,00,00,00,
17881375,00000101,false,Rx,0,8,FA,07,7D,F3,A1,08,40,00,
17881388,00000106,false,Rx,0,8,3D,87,98,04,08,00,F2,30,
17908101,0000009F,false,Rx,0,8,65,31,1D,80,03,10,00,40,
17908241,000000B2,false,Rx,0,8,00,00,00,00,00,00,00,00,
17908259,00000101,false,Rx,0,8,0D,08,7D,F3,A1,09,40,00,
17908272,00000108,false,Rx,0,8,40,1C,D1,24,57,FE,00,00,
17908285,00000106,false,Rx,0,8,7F,88,98,04,08,00,F2,30,
17908298,0000011E,false,Rx,0,8,85,08,00,00,00,00,00,00,
17908311,0000030D,false,Rx,0,4,04,00,00,00,00,00,00,00,
17915354,0000064A,false,Rx,0,4,00,00,00,00,00,00,00,00,
17915384,00000395,false,Rx,0,8,18,09,24,06,B4,41,50,1C,
17915397,00000117,false,Rx,0,8,37,03,00,40,68,00,00,FF,
17915410,000000A7,false,Rx,0,8,00,30,20,80,FD,01,C8,3E,
17915436,000000A8,false,Rx,0,8,4E,C0,3E,58,81,64,80,0E,
17915449,00000120,false,Rx,0,8,00,08,00,00,01,04,FF,01,
17915462,00000121,false,Rx,0,8,31,08,00,00,39,57,7E,FE,
17915475,0000009F,false,Rx,0,8,FE,32,1D,80,03,0F,00,40,
17919288,00000365,false,Rx,0,8,C0,C6,19,40,8E,02,AC,7A,
17919303,0000032A,false,Rx,0,8,A2,0B,00,00,44,04,00,00,
17919316,00000086,false,Rx,0,8,52,03,2C,20,00,00,00,00,
17919336,0000009F,false,Rx,0,8,AD,33,1D,80,03,10,00,40,
17919349,0000011D,false,Rx,0,8,44,0A,00,C8,00,00,00,00,
17932953,00000040,false,Rx,0,8,9D,02,00,00,C1,00,00,00,
17932984,00000117,false,Rx,0,8,24,04,00,40,68,00,00,FF,
17933000,000000A7,false,Rx,0,8,E3,42,20,80,FD,01,C8,3E,
17933013,000000A8,false,Rx,0,8,D3,C2,3E,58,81,64,74,0E,
17933026,00000108,false,Rx,0,8,24,1D,D1,24,57,FE,00,00,
17933039,00000396,false,Rx,0,8,78,00,00,11,00,00,00,00,
17933053,00000120,false,Rx,0,8,56,09,00,00,01,04,FF,01,
17933066,00000121,false,Rx,0,8,CE,09,00,00,39,57,7E,FE,
17943385,000003E5,false,Rx,0,8,EB,16,00,00,00,00,00,00,
17943410,0000012E,false,Rx,0,8,35,E5,7F,00,FE,00,C0,FF,
17943425,1B000012,true,Rx,0,8,12,00,04,01,11,00,00,00,
17943438,000000A7,false,Rx,0,8,EE,33,60,80,FD,05,C8,3E,
17943451,000000A8,false,Rx,0,8,74,C3,3E,58,81,64,78,0E,
17943464,00000641,false,Rx,0,8,E9,29,2B,58,14,14,E4,52,
17943477,0000011D,false,Rx,0,8,20,0B,00,C8,00,00,00,00,
17943491,00000086,false,Rx,0,8,25,05,2C,20,00,00,00,00,
17954124,000002B7,false,Rx,0,8,55,02,00,00,00,00,00,00,
17954147,00000130,false,Rx,0,8,7F,89,2D,80,08,00,04,00,
17954161,00000117,false,Rx,0,8,40,05,00,40,68,00,00,FF,
17954174,00000380,false,Rx,0,8,E0,04,40,00,00,00,00,FF,
17954187,000000A7,false,Rx,0,8,5E,34,60,80,FD,01,C8,3E,
17954200,000000A8,false,Rx,0,8,DD,C4,3E,18,81,64,7C,0E,
17954213,00000120,false,Rx,0,8,8D,0A,00,00,01,04,FF,01,
17954227,00000121,false,Rx,0,8,AB,0A,00,00,39,57,7E,FE,
17964672,00000108,false,Rx,0,8,88,1E,D1,24,57,FE,00,00,
17964698,000000FD,false,Rx,0,8,26,DA,1F,80,00,00,00,00,
17964842,16A954C5,true,Rx,0,8,00,FF,00,00,00,00,00,00,
17964856,00000104,false,Rx,0,8,6A,3A,A6,00,E6,00,12,31,
17964869,17F0000A,true,Rx,0,8,00,0A,00,00,00,00,00,80,
17964882,00000116,false,Rx,0,8,EA,0A,33,D2,28,62,87,FF,
17964895,0000030D,false,Rx,0,4,04,00,00,00,00,00,00,00,
17964908,0000012E,false,Rx,0,8,7F,E6,7F,00,FE,00,C0,FF,
17974245,000000A7,false,Rx,0,8,3C,36,60,80,FD,05,C8,3E,
17974270,000000A8,false,Rx,0,8,FC,C6,3E,18,81,64,80,0E,
17974283,00000120,false,Rx,0,8,21,0B,00,00,01,04,FF,01,
17978415,00000365,false,Rx,0,8,C0,C6,19,40,8E,02,AC,7A,
17978449,00000121,false,Rx,0,8,3D,0B,00,40,39,57,7E,FE,
17978462,0000032A,false,Rx,0,8,B1,0C,00,00,44,04,00,00,
17978475,00000086,false,Rx,0,8,AF,08,2C,20,00,00,00,00,
17978575,0000009F,false,Rx,0,8,15,38,1D,80,03,12,00,40,
17978588,000003C0,false,Rx,0,4,FA,09,03,00,00,00,00,00,
17978600,000000B2,false,Rx,0,8,00,00,00,00,00,00,00,00,
17978614,000000FD,false,Rx,0,8,09,DB,1F,80,00,00,00,00,
17989194,000000B2,false,Rx,0,8,00,00,00,00,00,00,00,00,
17989219,00000101,false,Rx,0,8,B6,0C,7D,F3,A1,04,40,00,
17989233,00000106,false,Rx,0,8,C0,8C,98,04,08,00,F2,30,
17992163,0000011E,false,Rx,0,8,3A,0C,00,00,00,00,00,00,
17992178,000003EC,false,Rx,0,8,C1,00,00,00,00,08,01,00,
17992191,00000117,false,Rx,0,8,88,07,00,40,68,00,00,FF,
17992204,000000A7,false,Rx,0,8,F8,38,60,80,FD,05,C8,3E,
17992217,000000A8,false,Rx,0,8,CB,C8,3E,18,81,64,80,0E,
17992230,0000011B,false,Rx,0,8,00,20,00,00,00,00,00,00,
17992243,00000120,false,Rx,0,8,FB,0C,00,00,01,04,FF,01,
17992256,00000121,false,Rx,0,8,C5,0C,00,00,39,57,7E,FE,
18001571,000000FD,false,Rx,0,8,90,DC,1F,80,00,00,00,00,
18001585,00000104,false,Rx,0,8,1D,3C,A6,00,E6,00,12,31,
18001599,00000116,false,Rx,0,8,9D,0C,33,D2,28,62,87,FF,
18001612,00000392,false,Rx,0,8,26,25,00,00,00,00,00,04,
18001625,000002B7,false,Rx,0,8,0C,03,00,00,00,00,00,00,
18001638,000003DB,false,Rx,0,8,50,00,01,00,04,20,01,6E,
18001651,0000012E,false,Rx,0,8,05,E8,7F,00,FE,00,C0,FF,
18001664,000000A7,false,Rx,0,8,28,39,60,80,FD,05,C8,3E,
18010854,00000395,false,Rx,0,8,18,03,24,06,B4,41,50,1C,
18010879,00000117,false,Rx,0,8,CA,08,00,40,68,00,00,FF,
18011025,000000A7,false,Rx,0,8,A4,3A,60,80,FD,01,C8,3E,
18011038,000000A8,false,Rx,0,8,9D,CA,3E,18,81,64,7C,0E,
18011051,00000120,false,Rx,0,8,4B,0D,00,00,01,04,FF,01,
18011064,00000121,false,Rx,0,8,D6,0D,00,00,39,57,7E,FE,
18011077,0000009F,false,Rx,0,8,AA,3C,1D,80,03,12,00,40,
18011090,00000086,false,Rx,0,8,10,0C,2C,20,00,00,00,00,
18018767,000001A2,false,Rx,0,8,56,0A,10,00,E1,06,80,13,
18018792,0000031B,false,Rx,0,8,FA,0B,00,00,00,63,15,00,
18018807,1B000013,true,Rx,0,8,13,00,04,01,01,00,00,00,
18018821,000000AD,false,Rx,0,8,6A,E6,BF,FF,00,14,00,00,
18018834,0000012E,false,Rx,0,8,79,E9,7F,00,FE,00,C0,FF,
18018847,000000A7,false,Rx,0,8,40,3B,60,80,FD,05,C8,3E,
18018860,000000A8,false,Rx,0,8,50,CB,3E,18,81,64,7C,0E,
18018873,00000365,false,Rx,0,8,C0,C6,19,40,8E,02,AC,7A,
18021680,000000B2,false,Rx,0,8,00,00,00,00,00,00,00,00,
18021694,00000101,false,Rx,0,8,A8,0E,7E,F2,A1,08,40,00,
18021707,00000106,false,Rx,0,8,08,8E,98,04,08,00,F2,30,
18021721,0000011E,false,Rx,0,8,F2,0E,00,00,00,00,00,00,
18036626,00000108,false,Rx,0,8,CA,11,D1,24,57,FE,00,00,
18036654,00000396,false,Rx,0,8,1C,01,00,11,00,00,00,00,
18036670,00000120,false,Rx,0,8,20,0E,00,00,01,04,FF,01,
18036683,00000121,false,Rx,0,8,45,0E,00,00,39,57,7E,FE,
18036696,0000009F,false,Rx,0,8,62,3E,1D,80,03,12,00,40,
18036709,00000086,false,Rx,0,8,D8,0E,2C,20,00,00,00,00,
18036723,00000381,false,Rx,0,8,FF,FF,FF,FF,FF,FF,FF,6F,
18036736,00000382,false,Rx,0,8,FF,FF,FF,FF,FF,FF,FF,6F,
18046158,0000011D,false,Rx,0,8,DD,00,00,C8,00,00,00,00,
18046183,00000086,false,Rx,0,8,BC,0F,2C,20,00,00,00,00,
18046197,0000009F,false,Rx,0,8,06,3F,1D,80,03,12,00,40,
18046210,000000B2,false,Rx,0,8,00,00,00,00,00,00,00,00,
18046223,00000101,false,Rx,0,8,BE,0F,7D,F2,A1,07,40,00,
18046236,00000106,false,Rx,0,8,CD,8F,9C,04,08,00,F2,30,
18046249,0000011E,false,Rx,0,8,96,0F,00,00,00,00,00,00,
18046262,000002B7,false,Rx,0,8,BC,04,00,00,00,00,00,00,
18054745,00000121,false,Rx,0,8,F3,0F,00,00,39,57,7E,FE,
18054839,0000009F,false,Rx,0,8,44,30,1D,80,03,12,00,40,
18054853,00000086,false,Rx,0,8,FE,00,2C,20,00,00,00,00,
18054869,00000497,false,Rx,0,8,00,40,00,00,64,46,00,20,
18054882,000000B2,false,Rx,0,8,00,00,00,00,00,00,00,00,
18061188,000000FD,false,Rx,0,8,71,DF,1F,80,00,00,00,00,
18061217,00000108,false,Rx,0,8,66,12,D1,24,57,FE,00,00,
18061230,00000104,false,Rx,0,8,E7,3F,A6,00,E6,00,12,4F,
18061244,00000116,false,Rx,0,8,31,0F,33,D2,28,62,87,FF,
18061256,0000030D,false,Rx,0,4,00,00,00,00,00,00,00,00,
18061269,0000012E,false,Rx,0,8,D1,EB,7F,00,FE,00,C0,FF,
18061282,000000A7,false,Rx,0,8,37,3F,20,80,FD,01,B8,3E,
18061296,000000A8,false,Rx,0,8,46,BF,1E,D8,80,64,70,0E,
18061321,00000086,false,Rx,0,8,9A,01,2C,20,00,00,00,00,
18070922,0000009F,false,Rx,0,8,20,31,1D,80,03,12,00,40,
18070936,000000B2,false,Rx,0,8,00,00,00,00,00,00,00,00,
18070949,00000101,false,Rx,0,8,CF,00,7E,F2,A1,07,40,00,
18070962,00000106,false,Rx,0,8,F6,80,A1,04,08,00,F2,30,
18070975,0000011E,false,Rx,0,8,D4,00,00,00,00,00,00,00,
18070989,0000031B,false,Rx,0,8,C3,0C,00,00,00,63,15,00,
18071002,000000AD,false,Rx,0,8,42,EB,BF,FF,00,14,00,00,
18080533,0000030B,false,Rx,0,8,10,04,02,00,08,00,00,00,
18080559,16A9540A,true,Rx,0,8,00,10,00,41,00,00,00,00,
18080706,1B000010,true,Rx,0,8,10,00,04,05,09,00,00,00,
18080719,00000040,false,Rx,0,8,8E,05,00,00,C1,00,00,00,
18080733,000005F0,false,Rx,0,8,64,E4,64,00,00,64,00,00,
18080745,0000012E,false,Rx,0,8,72,EC,7F,00,FE,00,C0,FF,
18080759,00000520,false,Rx,0,8,71,0D,00,08,00,0A,00,00,
18080772,000000A7,false,Rx,0,8,76,31,20,80,FD,01,B8,3E,
18091287,00000117,false,Rx,0,8,75,0C,00,40,68,00,00,FF,
18091312,000000A7,false,Rx,0,8,91,32,60,80,FD,05,B8,3E,
18093613,000000A8,false,Rx,0,8,80,B2,1E,D8,80,64,74,0E,
18093638,0000011B,false,Rx,0,8,00,20,00,00,00,00,00,00,
18093651,00000120,false,Rx,0,8,CA,01,00,00,01,04,FF,01,
18093664,00000121,false,Rx,0,8,51,01,00,00,39,57,7E,FE,
18093677,0000009F,false,Rx,0,8,FB,34,1D,80,03,12,00,40,
18093691,00000086,false,Rx,0,8,41,04,2C,20,00,00,00,00,
18093704,00000391,false,Rx,0,8,0E,66,24,42,00,28,00,22,
18093717,000003BE,false,Rx,0,8,4C,1B,E6,51,C8,80,00,80,
18102139,000002B7,false,Rx,0,8,44,05,00,00,00,00,00,00,
18102167,000003DB,false,Rx,0,8,50,00,01,00,04,20,01,6E,
18102181,0000012E,false,Rx,0,8,58,ED,7F,00,FE,00,C0,FF,
18102194,000000A7,false,Rx,0,8,10,33,60,80,FD,05,B8,3E,
18102207,000000A8,false,Rx,0,8,F5,B3,1E,18,81,64,7C,0E,
18102220,0000011D,false,Rx,0,8,71,03,00,C8,00,00,00,00,
18102233,00000086,false,Rx,0,8,25,05,2C,20,00,00,00,00,
18102246,0000009F,false,Rx,0,8,6F,35,1D,80,03,11,00,40,
18102321,0000030D,false,Rx,0,4,00,00,00,00,00,00,00,00,
18104044,00000395,false,Rx,0,8,18,0D,24,06,B4,41,50,1C,
18113198,00000380,false,Rx,0,8,28,06,40,00,00,00,00,FF,
18113230,00000117,false,Rx,0,8,11,0D,00,40,68,00,00,FF,
18113245,000000A7,false,Rx,0,8,2A,34,60,80,FD,05,B8,3E,
18113259,000000A8,false,Rx,0,8,59,B4,1E,18,81,64,7C,0E,
18113272,00000120,false,Rx,0,8,32,02,00,00,01,04,FF,01,
18113285,00000121,false,Rx,0,8,DE,02,00,00,39,57,7E,FE,
18113298,0000009F,false,Rx,0,8,C3,36,1D,80,03,11,00,40,
18113311,00000086,false,Rx,0,8,89,06,2C,20,00,00,00,00,
18122033,00000381,false,Rx,0,8,FF,FF,FF,FF,FF,FF,FF,7F,
18122067,00000382,false,Rx,0,8,FF,FF,FF,FF,FF,FF,FF,7F,
18122081,000000B1,false,Rx,0,8,ED,29,00,00,00,00,00,00,
18122094,000000B2,false,Rx,0,8,00,00,00,00,00,00,00,00,
18122107,000000FD,false,Rx,0,8,CE,D2,1F,80,00,00,00,00,
18122120,00000104,false,Rx,0,8,99,32,A6,00,E6,00,02,4C,
18122133,000003C8,false,Rx,0,8,00,00,54,24,00,12,00,4D,
18122146,00000116,false,Rx,0,8,BB,02,33,D2,28,62,87,FF,
18123465,00000101,false,Rx,0,8,50,03,7D,F2,A1,07,40,00,
18123479,00000106,false,Rx,0,8,3C,83,A7,04,08,00,F2,30,
18137745,000000B2,false,Rx,0,8,00,00,00,00,00,00,00,00,
18137774,000000FD,false,Rx,0,8,BB,D3,1F,80,00,00,00,00,
18137788,00000104,false,Rx,0,8,D5,33,A6,00,E6,00,02,4A,
18137801,00000116,false,Rx,0,8,DF,03,33,D2,28,62,87,FF,
18137814,0000012E,false,Rx,0,8,85,EF,7F,00,FE,00,C0,FF,
18137827,000003E5,false,Rx,0,8,5A,18,00,00,00,00,00,00,
18137840,000000A7,false,Rx,0,8,B5,37,60,80,FD,05,C8,3E,
18137854,000000A8,false,Rx,0,8,E2,C7,3E,18,81,64,74,0E,
18149019,000000B2,false,Rx,0,8,00,00,00,00,00,00,00,00,
18149047,00000101,false,Rx,0,8,80,04,7E,F2,A1,04,40,00,
18149061,00000106,false,Rx,0,8,24,84,A9,04,08,00,F2,30,
18149074,0000011E,false,Rx,0,8,6B,04,00,00,00,00,00,00,
18149087,000002B7,false,Rx,0,8,92,06,00,00,00,00,00,00,
18149100,00000117,false,Rx,0,8,D9,0F,00,40,68,00,00,FF,
18149113,000000A7,false,Rx,0,8,F8,38,60,80,FD,05,C8,3E,
18149126,000000A8,false,Rx,0,8,C0,C8,3E,18,81,64,74,0E,
18157476,00000497,false,Rx,0,8,00,40,00,00,64,46,00,20,
18157501,000000B2,false,Rx,0,8,00,00,00,00,00,00,00,00,
18157650,000000FD,false,Rx,0,8,2D,D4,1F,80,00,00,00,00,
18157663,00000108,false,Rx,0,8,D9,16,D1,24,57,FE,00,00,
18157676,00000104,false,Rx,0,8,D2,34,A6,00,E6,00,02,49,
18157689,00000116,false,Rx,0,8,CC,04,33,D2,28,62,87,FF,
18157702,0000030D,false,Rx,0,4,00,00,00,00,00,00,00,00,
18157715,0000012E,false,Rx,0,8,AC,E0,7F,00,FE,00,C0,FF,
18166816,000000B2,false,Rx,0,8,00,00,00,00,00,00,00,00,
18166969,00000101,false,Rx,0,8,55,05,7E,F2,A1,08,40,00,
18166986,00000106,false,Rx,0,8,73,85,AA,04,08,00,F2,30,
18166999,0000011E,false,Rx,0,8,0F,05,00,00,00,00,00,00,
18167012,0000031B,false,Rx,0,8,8D,0E,00,00,00,63,15,00,
18167025,000000AD,false,Rx,0,8,74,E5,BF,FF,00,14,00,00,
18167058,00000117,false,Rx,0,8,9B,00,00,40,68,00,00,FF,
18167071,000000A7,false,Rx,0,8,BD,3A,20,80,FD,01,C8,3E,
18177206,00000086,false,Rx,0,8,10,0C,2C,20,00,00,00,00,
18177231,0000009F,false,Rx,0,8,EF,3C,1D,80,03,10,00,40,
18177245,000003C0,false,Rx,0,4,BF,0B,03,00,00,00,00,00,
18177257,000000B2,false,Rx,0,8,00,00,00,00,00,00,00,00,
18177282,000000FD,false,Rx,0,8,B7,D5,1F,80,00,00,00,00,
18177295,00000104,false,Rx,0,8,5F,35,A6,00,E6,00,02,48,
18177308,00000116,false,Rx,0,8,A8,05,33,D2,28,62,87,FF,
18177321,0000030B,false,Rx,0,8,10,06,02,00,08,00,00,00,
18185638,000006B7,false,Rx,0,8,9D,27,A1,73,06,18,00,6E,
18185651,000006B8,false,Rx,0,8,A6,27,B4,70,26,6C,00,00,
18185664,00000040,false,Rx,0,8,46,07,00,00,C1,00,00,00,
18185678,0000012E,false,Rx,0,8,A2,E1,7F,00,FE,00,C0,FF,
18185691,000000A7,false,Rx,0,8,40,3B,60,80,FD,05,C8,3E,
18185704,00000108,false,Rx,0,8,BD,17,D1,24,57,FE,00,00,
18185717,000000A8,false,Rx,0,8,A7,CB,5E,58,81,64,70,0E,
18196115,00000120,false,Rx,0,8,5B,06,00,00,01,04,FF,01,
18196140,00000121,false,Rx,0,8,A1,06,00,00,39,57,7E,FE,
18196154,0000009F,false,Rx,0,8,27,3E,1D,80,03,10,00,40,
18196167,00000086,false,Rx,0,8,D8,0E,2C,20,00,00,00,00,
18196180,00000391,false,Rx,0,8,0E,66,23,44,00,28,00,22,
18196193,000003BE,false,Rx,0,8,C9,1C,E6,51,C8,80,00,80,
18196206,00000640,false,Rx,0,8,A0,51,4E,96,80,A0,59,01,
18196219,00000381,false,Rx,0,8,FF,FF,FF,FF,FF,FF,FF,8F,
18206698,000002B7,false,Rx,0,8,C0,07,00,00,00,00,00,00,
18206842,000003DB,false,Rx,0,8,50,00,01,00,04,20,01,6E,
18206855,0000012E,false,Rx,0,8,6B,E2,7F,00,FE,00,C0,FF,
18206868,000000A7,false,Rx,0,8,0F,3D,60,80,FD,05,C8,3E,
18206881,000000A8,false,Rx,0,8,3A,CD,5E,58,81,64,68,0E,
18206894,0000011D,false,Rx,0,8,8C,08,00,C8,00,00,00,00,
18206907,00000086,false,Rx,0,8,BC,0F,2C,20,00,00,00,00,
18206938,0000009F,false,Rx,0,8,43,3F,1D,80,03,10,00,40,
18216711,00000086,false,Rx,0,8,FE,00,2C,20,00,00,00,00,
18216743,000000B1,false,Rx,0,8,42,2A,00,00,00,00,00,00,
18216848,000000B2,false,Rx,0,8,00,00,00,00,00,00,00,00,
18216861,000000FD,false,Rx,0,8,9F,D7,1F,80,00,00,00,00,
18216874,000003C8,false,Rx,0,8,00,00,54,24,00,12,00,4D,
18216888,00000104,false,Rx,0,8,3A,37,A6,00,E6,00,02,46,
18216901,00000116,false,Rx,0,8,60,07,33,D2,28,62,87,FF,
18216914,000001A2,false,Rx,0,8,B2,0B,10,00,E1,06,80,13,
18224066,000000A7,false,Rx,0,8,5A,3F,60,80,FD,05,C8,3E,
18224079,000000A8,false,Rx,0,8,97,CF,5E,58,81,64,70,0E,
18224093,00000365,false,Rx,0,8,C0,C6,19,40,8F,02,AC,7A,
18224106,0000032A,false,Rx,0,8,3B,01,00,00,44,04,00,00,
18224119,00000086,false,Rx,0,8,9A,01,2C,20,00,00,00,00,
18224132,0000009F,false,Rx,0,8,65,31,1D,80,03,10,00,40,
18224145,0000011D,false,Rx,0,8,E8,09,00,C8,00,00,00,00,
18224158,000000B2,false,Rx,0,8,00,00,00,00,00,00,00,00,
18226172,00000117,false,Rx,0,8,37,03,00,40,68,00,00,FF,
18226185,000000A7,false,Rx,0,8,93,30,60,80,FD,05,C8,3E,
18226198,000000A8,false,Rx,0,8,57,C0,5E,58,81,64,6C,0E,
18239845,000000B2,false,Rx,0,8,00,00,00,00,00,00,00,00,
18239879,000000FD,false,Rx,0,8,58,D8,1F,80,00,00,00,00,
18239896,00000104,false,Rx,0,8,6C,38,A6,00,E6,00,02,45,
18239909,00000116,false,Rx,0,8,22,08,33,D2,28,62,87,FF,
18239922,0000012E,false,Rx,0,8,D5,E4,7F,00,FE,00,C0,FF,
18239936,000003E5,false,Rx,0,8,B7,19,00,00,00,00,00,00,
18239949,000000A7,false,Rx,0,8,1B,31,60,80,FD,05,C8,3E,
18239962,000000A8,false,Rx,0,8,28,C1,5E,18,81,64,68,0E,
18249721,000000B2,false,Rx,0,8,00,00,00,00,00,00,00,00,
18249750,00000101,false,Rx,0,8,CD,09,7D,F2,A1,0A,40,00,
18249765,00000106,false,Rx,0,8,19,89,B1,04,08,00,F2,30,
18249779,0000011E,false,Rx,0,8,E1,09,00,00,00,00,00,00,
18249791,000002B7,false,Rx,0,8,12,08,00,00,00,00,00,00,
18249805,00000117,false,Rx,0,8,24,04,00,40,68,00,00,FF,
18249818,000000A7,false,Rx,0,8,6F,32,60,80,FD,05,C8,3E,
18249831,000000A8,false,Rx,0,8,C4,C2,5E,18,81,64,68,0E,
18255040,000000B2,false,Rx,0,8,00,00,00,00,00,00,00,00,
18255064,000000FD,false,Rx,0,8,6A,D9,1F,80,00,00,00,00,
18255077,00000108,false,Rx,0,8,37,1A,D1,24,57,FE,00,00,
18255103,00000104,false,Rx,0,8,08,39,A6,00,E6,00,02,45,
18255116,00000116,false,Rx,0,8,46,09,33,D2,28,62,87,FF,
18255129,0000030D,false,Rx,0,4,00,00,00,00,00,00,00,00,
18263537,0000011E,false,Rx,0,8,4D,0A,00,00,00,00,00,00,
18263568,0000031B,false,Rx,0,8,44,00,00,00,00,63,15,00,
18273446,000000AD,false,Rx,0,8,D5,EF,BF,FF,00,14,00,00,
18273483,00000117,false,Rx,0,8,40,05,00,40,68,00,00,FF,
18273497,00000380,false,Rx,0,8,0E,08,40,00,00,00,00,FF,
18273510,000000A7,false,Rx,0,8,D4,34,60,80,FD,05,C8,3E,
18273523,000000A8,false,Rx,0,8,05,C4,3E,18,81,64,68,0E,
18273536,00000120,false,Rx,0,8,8D,0A,00,00,01,04,FF,01,
18273549,00000365,false,Rx,0,8,C0,C6,19,40,8D,02,AC,7A,
18273562,00000121,false,Rx,0,8,96,0A,00,40,39,57,7E,FE,
18284919,0000012E,false,Rx,0,8,7F,E6,7F,00,FE,00,C0,FF,
18284952,00000520,false,Rx,0,8,DD,0E,00,08,00,0A,00,00,
18284965,000000A7,false,Rx,0,8,AF,35,60,80,FD,05,C8,3E,
18284978,00000108,false,Rx,0,8,53,1B,D1,24,57,FE,00,00,
18284992,000000A8,false,Rx,0,8,27,C5,3E,18,81,64,64,0E,
18285005,0000011D,false,Rx,0,8,33,0C,00,C8,00,00,00,00,
18285018,00000086,false,Rx,0,8,ED,07,2C,20,00,00,00,00,
18285031,0000009F,false,Rx,0,8,A7,37,1D,80,03,11,00,40,
18294151,000000A8,false,Rx,0,8,17,C6,3E,18,81,64,64,0E,
18294185,0000011B,false,Rx,0,8,00,20,00,00,00,00,00,00,
18294199,00000120,false,Rx,0,8,21,0B,00,00,01,04,FF,01,
18294212,00000121,false,Rx,0,8,00,0B,00,00,39,57,7E,FE,
18294225,0000009F,false,Rx,0,8,E5,38,1D,80,03,11,00,40,
18294238,00000086,false,Rx,0,8,AF,08,2C,20,00,00,00,00,
18294251,00000391,false,Rx,0,8,0D,66,24,40,00,28,00,22,
18294264,000003BE,false,Rx,0,8,72,1D,E6,51,C8,80,00,80,
18303286,00000116,false,Rx,0,8,8E,0B,33,D2,28,62,87,FF,
18303315,00000392,false,Rx,0,8,AC,28,00,00,00,00,00,04,
18305166,000002B7,false,Rx,0,8,7D,09,00,00,00,00,00,00,
18305183,000003DB,false,Rx,0,8,50,00,01,00,04,20,01,6E,
18305317,0000012E,false,Rx,0,8,6C,E7,7F,00,FE,00,C0,FF,
18309058,000000A7,false,Rx,0,8,B5,37,60,80,FD,05,C8,3E,
18309074,000000A8,false,Rx,0,8,4A,C7,3E,18,81,64,68,0E,
18309172,0000011D,false,Rx,0,8,57,0D,00,C8,00,00,00,00,
18309186,00000086,false,Rx,0,8,CB,09,2C,20,00,00,00,00,
18309199,0000009F,false,Rx,0,8,34,39,1D,80,03,10,00,40,
18309212,000000B2,false,Rx,0,8,00,00,00,00,00,00,00,00,
18309225,00000101,false,Rx,0,8,E6,0C,7D,F2,A1,09,40,00,
18309238,00000108,false,Rx,0,8,40,1C,D1,24,57,FE,00,00,
18316851,00000117,false,Rx,0,8,88,07,00,40,68,00,00,FF,
18316879,000000A7,false,Rx,0,8,F8,38,60,80,FD,05,C8,3E,
18316896,000000A8,false,Rx,0,8,20,C8,3E,18,81,64,64,0E,
18316909,00000120,false,Rx,0,8,FB,0C,00,00,01,04,FF,01,
18316922,00000121,false,Rx,0,8,C5,0C,00,00,39,57,7E,FE,
18316935,0000009F,false,Rx,0,8,2D,3A,1D,80,03,11,00,40,
18316948,00000086,false,Rx,0,8,67,0A,2C,20,00,00,00,00,
18316961,000000B1,false,Rx,0,8,C2,2B,00,00,00,00,00,00,
18317890,00000086,false,Rx,0,8,03,0B,2C,20,00,00,00,00,
18320843,000000B2,false,Rx,0,8,00,00,00,00,00,00,00,00,
18320876,00000101,false,Rx,0,8,82,0D,7D,F2,A1,09,40,00,
18327170,00000040,false,Rx,0,8,CC,0A,00,00,C1,00,00,00,
18327201,00000117,false,Rx,0,8,CA,08,00,40,68,00,00,FF,
18327218,000000A7,false,Rx,0,8,2E,3A,60,80,FD,05,C8,3E,
18327230,00000108,false,Rx,0,8,24,1D,D1,24,57,FE,00,00,
18327244,000000A8,false,Rx,0,8,35,CA,3E,18,81,64,60,0E,
18344817,0000012E,false,Rx,0,8,79,E9,7F,00,FE,00,C0,FF,
18344849,000003E5,false,Rx,0,8,2F,1A,00,00,00,00,00,00,
18344863,000000A7,false,Rx,0,8,40,3B,60,80,FD,05,C8,3E,
18344876,000000A8,false,Rx,0,8,42,CB,5E,18,81,64,64,0E,
18344889,000006AE,false,Rx,0,4,00,00,10,00,00,00,00,00,
18344904,1B000012,true,Rx,0,8,12,00,04,01,11,00,00,00,
18344917,0000011D,false,Rx,0,8,9F,0F,00,C8,00,00,00,00,
18345179,00000086,false,Rx,0,8,74,0D,2C,20,00,00,00,00,
18354641,00000101,false,Rx,0,8,54,0E,7D,F2,A1,0E,40,00,
18354722,00000106,false,Rx,0,8,AB,8E,B5,04,08,00,F2,30,
18354736,0000011E,false,Rx,0,8,F2,0E,00,00,00,00,00,00,
18354749,000002B7,false,Rx,0,8,73,0A,00,00,00,00,00,00,
18354762,00000380,false,Rx,0,8,6A,09,40,00,00,00,00,FF,
18354775,00000117,false,Rx,0,8,AE,09,00,40,68,00,00,FF,
18354788,000000A7,false,Rx,0,8,FF,3C,60,80,FD,05,C8,3E,
18354801,000000A8,false,Rx,0,8,61,CC,5E,58,81,64,64,0E,
18366516,000000A7,false,Rx,0,8,0F,3D,60,80,FD,05,C8,3E,
18366549,000000A8,false,Rx,0,8,4A,CD,5E,58,81,64,60,0E,
18366563,000006B4,false,Rx,0,8,00,F2,F6,7B,AC,57,56,57,
18366576,0000011D,false,Rx,0,8,DD,00,00,C8,00,00,00,00,
18366590,00000086,false,Rx,0,8,BC,0F,2C,20,00,00,00,00,
18366603,0000009F,false,Rx,0,8,F6,3F,1D,80,03,11,00,40,
18366616,000000B2,false,Rx,0,8,00,00,00,00,00,00,00,00,
18366629,00000101,false,Rx,0,8,75,0F,7D,F2,A1,0C,40,00,
18377679,00000086,false,Rx,0,8,FE,00,2C,20,00,00,00,00,
18377704,0000009F,false,Rx,0,8,01,30,1D,80,03,10,00,40,
18377841,000003C0,false,Rx,0,4,70,0D,03,00,00,00,00,00,
18377854,000000B2,false,Rx,0,8,00,00,00,00,00,00,00,00,
18377867,000000FD,false,Rx,0,8,71,DF,1F,80,00,00,00,00,
18377880,00000104,false,Rx,0,8,AA,3F,A6,00,E6,00,02,41,
18377893,00000116,false,Rx,0,8,31,0F,33,D2,28,62,87,FF,
18377906,0000030B,false,Rx,0,8,10,0A,02,00,08,00,00,00,
18384823,000000B2,false,Rx,0,8,00,00,00,00,00,00,00,00,
18384842,00000101,false,Rx,0,8,4D,00,7D,F2,A1,0B,40,00,
18384856,00000106,false,Rx,0,8,83,80,B5,04,08,00,F3,30,
18389239,0000011E,false,Rx,0,8,D4,00,00,00,00,00,00,00,
18389271,000003EC,false,Rx,0,8,C1,00,00,00,00,08,01,00,
18389285,00000117,false,Rx,0,8,66,0B,00,40,68,00,00,FF,
18393390,000000A7,false,Rx,0,8,93,30,60,80,FD,05,C8,3E,
18393404,000000A8,false,Rx,0,8,60,C0,5E,58,81,64,58,0E,
18393417,0000011B,false,Rx,0,8,00,20,00,00,00,00,00,00,
18393430,00000120,false,Rx,0,8,3F,00,00,00,01,04,FF,01,
18393444,00000121,false,Rx,0,8,3D,00,00,00,39,57,7E,FE,
18393457,0000009F,false,Rx,0,8,7C,32,1D,80,03,11,00,40,
18393470,00000086,false,Rx,0,8,36,02,2C,20,00,00,00,00,
18393483,00000391,false,Rx,0,8,0E,66,23,42,00,28,00,22,
18403620,000002B7,false,Rx,0,8,05,0B,00,00,00,00,00,00,
18403646,000003DB,false,Rx,0,8,50,00,01,00,04,20,01,6E,
18403660,0000012E,false,Rx,0,8,72,EC,7F,00,FE,00,C0,FF,
18403673,000000A7,false,Rx,0,8,1B,31,60,80,FD,05,C8,3E,
18403686,000000A8,false,Rx,0,8,22,C1,5E,58,81,64,5C,0E,
18403699,0000011D,false,Rx,0,8,15,02,00,C8,00,00,00,00,
18403712,00000086,false,Rx,0,8,52,03,2C,20,00,00,00,00,
18403725,0000009F,false,Rx,0,8,18,33,1D,80,03,11,00,40,
18413053,00000117,false,Rx,0,8,75,0C,00,40,68,00,00,FF,
18413076,000000A7,false,Rx,0,8,6F,32,60,80,FD,05,C8,3E,
18413090,000000A8,false,Rx,0,8,F6,C2,5E,58,81,64,58,0E,
18413103,00000120,false,Rx,0,8,CA,01,00,00,01,04,FF,01,
18413116,00000121,false,Rx,0,8,51,01,00,00,39,57,7E,FE,
18413129,0000009F,false,Rx,0,8,0B,34,1D,80,03,11,00,40,
18413143,00000086,false,Rx,0,8,41,04,2C,20,00,00,00,00,
18413156,000000B1,false,Rx,0,8,E0,2C,00,00,00,00,00,00,
18420787,000000AD,false,Rx,0,8,84,EE,BF,FF,00,14,00,00,
18420811,0000012E,false,Rx,0,8,58,ED,7F,00,FE,00,C0,FF,
18420825,000000A7,false,Rx,0,8,EE,33,60,80,FD,05,C8,3E,
18420837,000000A8,false,Rx,0,8,19,C3,5E,58,81,64,58,0E,
18420851,00000365,false,Rx,0,8,C0,C6,19,40,8E,02,AC,7A,
18420876,0000032A,false,Rx,0,8,84,05,00,00,44,04,00,00,
18420889,00000086,false,Rx,0,8,25,05,2C,20,00,00,00,00,
18420902,0000009F,false,Rx,0,8,6F,35,1D,80,03,11,00,40,
18428626,0000030B,false,Rx,0,8,10,0B,02,00,08,00,00,00,
18428649,00000040,false,Rx,0,8,BB,0C,00,00,C1,00,00,00,
18428663,00000380,false,Rx,0,8,C6,0A,40,00,00,00,00,FF,
18428676,00000117,false,Rx,0,8,11,0D,00,40,68,00,00,FF,
18428689,000000A7,false,Rx,0,8,D4,34,60,80,FD,05,C8,3E,
18428702,00000108,false,Rx,0,8,CA,11,D1,24,57,FE,00,00,
18428715,000000A8,false,Rx,0,8,FD,C4,5E,58,81,64,54,0E,
18428728,00000396,false,Rx,0,8,A3,05,00,11,00,00,00,00,
18439058,00000381,false,Rx,0,8,FF,FF,FF,FF,FF,FF,FF,BF,
18439082,00000382,false,Rx,0,8,FF,FF,FF,FF,FF,FF,FF,BF,
18439095,000000B2,false,Rx,0,8,00,00,00,00,00,00,00,00,
18439109,000000FD,false,Rx,0,8,CE,D2,1F,80,00,00,00,00,
18439122,00000104,false,Rx,0,8,C9,32,A6,00,E6,00,02,40,
18439135,00000116,false,Rx,0,8,BB,02,33,D2,28,62,87,FF,
18439148,0000012E,false,Rx,0,8,82,EE,7F,00,FE,00,C0,FF,
18439161,000003E5,false,Rx,0,8,A4,1B,00,00,00,00,00,00,
18447967,000000B2,false,Rx,0,8,00,00,00,00,00,00,00,00,
18447992,00000101,false,Rx,0,8,11,03,7D,F2,A1,08,40,00,
18448006,00000106,false,Rx,0,8,1C,83,B6,04,08,00,F3,30,
18448019,0000011E,false,Rx,0,8,78,03,00,00,00,00,00,00,
18448032,000002B7,false,Rx,0,8,E6,0C,00,00,00,00,00,00,
18448045,00000117,false,Rx,0,8,BD,0E,00,40,68,00,00,FF,
18448058,000000A7,false,Rx,0,8,3C,36,60,80,FD,05,C8,3E,
18448071,000000A8,false,Rx,0,8,37,C6,5E,58,81,64,4C,0E,
18457681,00000497,false,Rx,0,8,00,40,00,00,64,46,00,20,
18457705,0000054B,false,Rx,0,8,00,00,00,00,00,00,00,24,
18457720,17F0000A,true,Rx,0,8,00,0A,00,00,00,00,00,80,
18457733,000000B2,false,Rx,0,8,00,00,00,00,00,00,00,00,
18457747,000000FD,false,Rx,0,8,BB,D3,1F,80,00,00,00,00,
18457759,00000108,false,Rx,0,8,66,12,D1,24,57,FE,00,00,
18457773,00000104,false,Rx,0,8,AD,33,A6,00,E6,00,02,40,
18457786,00000116,false,Rx,0,8,DF,03,33,D2,28,62,87,FF,
18466616,000000B2,false,Rx,0,8,00,00,00,00,00,00,00,00,
18466642,00000101,false,Rx,0,8,80,04,7E,F2,A1,04,40,00,
18466657,00000106,false,Rx,0,8,0F,84,B6,04,08,00,F3,30,
18466670,0000011E,false,Rx,0,8,6B,04,00,00,00,00,00,00,
18466684,0000031B,false,Rx,0,8,81,04,00,00,00,63,15,00,
18466697,000000AD,false,Rx,0,8,E3,E3,BF,FF,00,14,00,00,
18466710,00000117,false,Rx,0,8,D9,0F,00,40,68,00,00,FF,
18466723,000000A7,false,Rx,0,8,F8,38,60,80,FD,05,C8,3E,
18477224,0000032A,false,Rx,0,8,28,06,00,00,44,04,00,00,
18477259,00000086,false,Rx,0,8,67,0A,2C,20,00,00,00,00,
18477273,0000009F,false,Rx,0,8,2D,3A,1D,80,03,11,00,40,
18477286,000003C0,false,Rx,0,4,80,0E,03,00,00,00,00,00,
18477299,00000584,false,Rx,0,6,43,0F,00,00,00,00,00,00,
18477312,000005F0,false,Rx,0,8,64,E4,64,00,00,64,00,00,
18484347,000000B2,false,Rx,0,8,00,00,00,00,00,00,00,00,
18484374,000000FD,false,Rx,0,8,2D,D4,1F,80,00,00,00,00,
18484388,00000104,false,Rx,0,8,BE,34,A6,00,E6,00,02,40,
18484401,00000116,false,Rx,0,8,CC,04,33,D2,28,62,87,FF,
18484414,0000030B,false,Rx,0,8,10,0C,02,00,08,00,00,00,
18484429,1B000010,true,Rx,0,8,10,00,04,05,09,00,00,00,
18484480,00000040,false,Rx,0,8,DF,0D,00,00,C1,00,00,00,
18484493,0000012E,false,Rx,0,8,AC,E0,7F,00,FE,00,C0,FF,
18495202,000000A7,false,Rx,0,8,2E,3A,60,80,FD,05,C8,3E,
18495227,000000A8,false,Rx,0,8,10,CA,5E,18,81,64,4C,0E,
18495241,0000011B,false,Rx,0,8,00,20,00,00,00,00,00,00,
18495254,00000120,false,Rx,0,8,B4,05,00,00,01,04,FF,01,
18495267,00000121,false,Rx,0,8,9B,05,00,40,39,57,7E,FE,
18495280,0000009F,false,Rx,0,8,5A,3C,1D,80,03,11,00,40,
18495294,00000086,false,Rx,0,8,10,0C,2C,20,00,00,00,00,
18495307,00000391,false,Rx,0,8,0D,66,23,41,00,28,00,22,
18503803,000000B2,false,Rx,0,8,00,00,00,00,00,00,00,00,
18503821,000000FD,false,Rx,0,8,B7,D5,1F,80,00,00,00,00,
18503834,00000104,false,Rx,0,8,DA,35,A6,00,E6,00,02,40,
18503912,00000116,false,Rx,0,8,A8,05,33,D2,28,62,87,FF,
18503925,00000392,false,Rx,0,8,64,2A,00,00,00,00,00,04,
18503939,000002B7,false,Rx,0,8,D3,0D,00,00,00,00,00,00,
18503952,000003DB,false,Rx,0,8,50,00,01,00,04,20,01,6E,
18511415,0000012E,false,Rx,0,8,A2,E1,7F,00,FE,00,C0,FF,
18511454,000000A7,false,Rx,0,8,40,3B,60,80,FD,05,C8,3E,
18511468,000000A8,false,Rx,0,8,E5,CB,5E,18,81,64,48,0E,
18511605,0000011D,false,Rx,0,8,CE,07,00,C8,00,00,00,00,
18511618,00000086,false,Rx,0,8,74,0D,2C,20,00,00,00,00,
18511631,0000009F,false,Rx,0,8,3E,3D,1D,80,03,11,00,40,
18511644,000000B2,false,Rx,0,8,00,00,00,00,00,00,00,00,
18511657,00000101,false,Rx,0,8,1C,06,7E,F3,A1,04,40,00,
18520177,00000668,false,Rx,0,8,82,00,00,29,00,03,31,01,
18520199,000000AD,false,Rx,0,8,A2,E8,BF,FF,00,14,00,00,
18520214,0000012E,false,Rx,0,8,6B,E2,7F,00,FE,00,C0,FF,
18520228,000000A7,false,Rx,0,8,0F,3D,60,80,FD,05,C8,3E,
18520241,000000A8,false,Rx,0,8,A0,CD,5E,18,81,64,44,0E,
18520254,00000365,false,Rx,0,8,C0,C6,18,40,8F,02,AC,7A,
18520267,0000032A,false,Rx,0,8,4C,07,00,00,44,04,00,00,
18520280,00000086,false,Rx,0,8,BC,0F,2C,20,00,00,00,00,
18522275,00000101,false,Rx,0,8,7C,07,7E,F3,A1,09,40,00,
18522288,00000106,false,Rx,0,8,90,87,B5,04,08,00,F3,30,
18522301,0000011E,false,Rx,0,8,C7,07,00,00,00,00,00,00,
18558436,00000497,false,Rx,0,8,00,40,00,00,64,46,00,20,
18558467,000000B2,false,Rx,0,8,00,00,00,00,00,00,00,00,
18558481,000000FD,false,Rx,0,8,58,D8,1F,80,00,00,00,00,
18558494,00000108,false,Rx,0,8,D9,16,D1,24,57,FE,00,00,
18558507,00000104,false,Rx,0,8,50,38,A6,00,E6,00,02,40,
18558520,00000116,false,Rx,0,8,22,08,33,D2,28,62,87,FF,
18558534,0000030D,false,Rx,0,4,00,00,00,00,00,00,00,00,
18558548,17330A10,true,Rx,0,8,32,8E,04,04,00,00,07,01,
18568766,000000B2,false,Rx,0,8,00,00,00,00,00,00,00,00,
18568790,00000101,false,Rx,0,8,CD,09,7D,F2,A1,0A,40,00,
18568803,00000106,false,Rx,0,8,B6,89,B5,04,08,00,F3,30,
18568939,0000011E,false,Rx,0,8,E1,09,00,00,00,00,00,00,
18568953,0000031B,false,Rx,0,8,0C,06,00,00,00,63,15,00,
18568966,000000AD,false,Rx,0,8,5E,ED,BF,FF,00,14,00,00,
18568979,00000117,false,Rx,0,8,24,04,00,40,68,00,00,FF,
18568993,000000A7,false,Rx,0,8,6F,32,60,80,FD,05,C8,3E,
18579227,000000B2,false,Rx,0,8,00,00,00,00,00,00,00,00,
18579253,000000FD,false,Rx,0,8,6A,D9,1F,80,00,00,00,00,
18582462,00000104,false,Rx,0,8,34,39,A6,00,E6,00,02,40,
18582487,00000116,false,Rx,0,8,46,09,33,D2,28,62,87,FF,
18582501,0000030B,false,Rx,0,8,10,0E,02,00,08,00,00,00,
18582514,00000040,false,Rx,0,8,17,0F,00,00,C1,00,00,00,
18582527,0000012E,false,Rx,0,8,35,E5,7F,00,FE,00,C0,FF,
18582540,000000A7,false,Rx,0,8,EE,33,60,80,FD,05,C8,3E,
18582554,00000108,false,Rx,0,8,BD,17,D1,24,57,FE,00,00,
18582567,000000A8,false,Rx,0,8,02,C3,5E,18,81,64,3C,0E,
18593296,000003EC,false,Rx,0,8,C1,00,00,00,00,08,01,00,
18593321,00000117,false,Rx,0,8,40,05,00,40,68,00,00,FF,
18594429,00000380,false,Rx,0,8,B1,0C,40,00,00,00,00,FF,
18594442,000000A7,false,Rx,0,8,D4,34,60,80,FD,05,C8,3E,
18594455,000000A8,false,Rx,0,8,18,C4,5E,18,81,64,40,0E,
18594593,0000011B,false,Rx,0,8,00,20,00,00,00,00,00,00,
18594607,00000120,false,Rx,0,8,8D,0A,00,00,01,04,FF,01,
18594619,00000121,false,Rx,0,8,96,0A,00,40,39,57,7E,FE,
18594633,0000009F,false,Rx,0,8,C3,36,1D,80,03,11,00,40,
18605111,000000A7,false,Rx,0,8,AF,35,60,80,FD,05,C8,3E,
18605149,000000A8,false,Rx,0,8,72,C5,5E,18,81,64,40,0E,
18605163,0000011D,false,Rx,0,8,33,0C,00,C8,00,00,00,00,
18605176,00000086,false,Rx,0,8,ED,07,2C,20,00,00,00,00,
18605189,0000009F,false,Rx,0,8,A7,37,1D,80,03,11,00,40,
18605202,000000B2,false,Rx,0,8,00,00,00,00,00,00,00,00,
18605215,00000101,false,Rx,0,8,B4,0B,7D,F2,A1,06,40,00,
18605228,00000108,false,Rx,0,8,FF,18,D1,24,57,FE,00,00,
18613040,000000A8,false,Rx,0,8,7A,C6,5E,18,81,64,44,0E,
18613055,00000120,false,Rx,0,8,21,0B,00,00,01,04,FF,01,
18613068,00000121,false,Rx,0,8,3D,0B,00,40,39,57,7E,FE,
18613081,0000009F,false,Rx,0,8,15,38,1D,80,03,12,00,40,
18613094,00000086,false,Rx,0,8,AF,08,2C,20,00,00,00,00,
18613107,000000B1,false,Rx,0,8,71,2E,00,00,00,00,00,00,
18613120,000000B2,false,Rx,0,8,00,00,00,00,00,00,00,00,
18613133,000000FD,false,Rx,0,8,09,DB,1F,80,00,00,00,00,
18623645,000000AD,false,Rx,0,8,62,E2,BF,FF,00,14,00,00,
18623671,0000012E,false,Rx,0,8,6C,E7,7F,00,FE,00,C0,FF,
18623810,000000A7,false,Rx,0,8,B5,37,60,80,FD,05,C8,3E,
18623823,000000A8,false,Rx,0,8,27,C7,5E,18,81,64,48,0E,
18623836,00000365,false,Rx,0,8,C0,C6,18,40,8F,02,AC,7A,
18623849,0000032A,false,Rx,0,8,6A,09,00,00,44,04,00,00,
18623862,00000086,false,Rx,0,8,CB,09,2C,20,00,00,00,00,
18623875,0000009F,false,Rx,0,8,81,39,1D,80,03,11,00,40,
18632838,00000117,false,Rx,0,8,88,07,00,40,68,00,00,FF,
18632861,000000A7,false,Rx,0,8,F8,38,60,80,FD,05,C8,3E,
18632875,000000A8,false,Rx,0,8,05,C8,5E,18,81,64,48,0E,
18632888,00000108,false,Rx,0,8,9B,19,D1,24,57,FE,00,00,
18632902,00000396,false,Rx,0,8,6B,07,00,11,00,00,00,00,
18632914,00000120,false,Rx,0,8,FB,0C,00,00,01,04,FF,01,
18632928,00000121,false,Rx,0,8,F8,0C,00,40,39,57,7E,FE,
18632941,0000009F,false,Rx,0,8,2D,3A,1D,80,03,11,00,40,
18636397,0000012E,false,Rx,0,8,05,E8,7F,00,FE,00,C0,FF,
18636412,000003E5,false,Rx,0,8,63,1D,00,00,00,00,00,00,
18636425,000000A7,false,Rx,0,8,28,39,60,80,FD,05,C8,3E,
18636438,000000A8,false,Rx,0,8,77,C9,5E,18,81,64,48,0E,
18637575,0000011D,false,Rx,0,8,FB,0E,00,C8,00,00,00,00,
18645479,000000B2,false,Rx,0,8,00,00,00,00,00,00,00,00,
18645512,00000101,false,Rx,0,8,5C,0D,7D,F3,A1,0D,40,00,
18645528,00000106,false,Rx,0,8,09,8D,B5,04,08,00,F3,30,
18645542,0000011E,false,Rx,0,8,5E,0D,00,00,00,00,00,00,
18645555,000002B7,false,Rx,0,8,DC,00,00,00,00,00,00,00,
18645568,00000117,false,Rx,0,8,CA,08,00,40,68,00,00,FF,
18645581,000000A7,false,Rx,0,8,2E,3A,60,80,FD,05,C8,3E,
18645594,000000A8,false,Rx,0,8,28,CA,5E,18,81,64,48,0E,
18658845,00000120,false,Rx,0,8,4B,0D,00,00,01,04,FF,01,
18658873,00000121,false,Rx,0,8,EB,0D,00,40,39,57,7E,FE,
18658889,0000009F,false,Rx,0,8,5A,3C,1D,80,03,11,00,40,
18658902,00000086,false,Rx,0,8,10,0C,2C,20,00,00,00,00,
18658915,00000497,false,Rx,0,8,00,40,00,00,64,46,00,20,
18658928,000000B2,false,Rx,0,8,00,00,00,00,00,00,00,00,
18658941,000000FD,false,Rx,0,8,19,DD,1F,80,00,00,00,00,
18658954,00000108,false,Rx,0,8,37,1A,D1,24,57,FE,00,00,
18668567,000000B2,false,Rx,0,8,00,00,00,00,00,00,00,00,
18668592,00000101,false,Rx,0,8,3F,0E,7D,F3,A1,0B,40,00,
18668606,00000106,false,Rx,0,8,A5,8E,B5,04,08,00,F3,30,
18668619,0000011E,false,Rx,0,8,F2,0E,00,00,00,00,00,00,
18668632,0000031B,false,Rx,0,8,EE,08,00,00,00,63,15,00,
18668645,000000AD,false,Rx,0,8,35,E7,BF,FF,00,14,00,00,
18668658,00000117,false,Rx,0,8,AE,09,00,40,68,00,00,FF,
18668671,00000380,false,Rx,0,8,D5,0D,40,00,00,00,00,FF,
18679318,00000381,false,Rx,0,8,FF,FF,FF,FF,FF,FF,FF,EF,
18680430,00000382,false,Rx,0,8,FF,FF,FF,FF,FF,FF,FF,EF,
18680444,00000584,false,Rx,0,6,3E,00,00,00,00,00,00,00,
18680457,000005F0,false,Rx,0,8,64,E4,64,00,00,64,00,00,
18680610,000000B2,false,Rx,0,8,00,00,00,00,00,00,00,00,
18680627,000000FD,false,Rx,0,8,E6,DE,1F,80,00,00,00,00,
18680640,00000104,false,Rx,0,8,27,3E,A6,00,E6,00,02,40,
18680653,00000116,false,Rx,0,8,55,0E,33,D2,28,62,87,FF,
18680679,0000030B,false,Rx,0,8,10,00,02,00,08,00,00,00,
18691441,00000117,false,Rx,0,8,02,0A,00,40,68,00,00,FF,
18691466,000000A7,false,Rx,0,8,84,3E,60,80,FD,05,C8,3E,
18691601,000000A8,false,Rx,0,8,5A,CE,5E,18,81,64,48,0E,
18691614,0000011B,false,Rx,0,8,00,20,00,00,00,00,00,00,
18691627,00000086,false,Rx,0,8,FE,00,2C,20,00,00,00,00,
18691640,0000009F,false,Rx,0,8,01,30,1D,80,03,10,00,40,
18691654,00000120,false,Rx,0,8,F5,0F,00,00,01,04,FF,01,
18691667,00000121,false,Rx,0,8,CE,0F,00,40,39,57,7E,FE,
18703749,00000640,false,Rx,0,8,A0,51,4E,96,80,A0,59,01,
18703780,0000065F,false,Rx,0,8,2E,20,00,00,00,00,37,7A,
18703796,00000670,false,Rx,0,8,20,10,00,00,00,01,00,88,
18703809,000002B7,false,Rx,0,8,8D,01,00,00,00,00,00,00,
18703823,000003DB,false,Rx,0,8,50,00,01,00,04,20,01,6E,
18703835,0000012E,false,Rx,0,8,D1,EB,7F,00,FE,00,C0,FF,
18703849,000000A7,false,Rx,0,8,5A,3F,60,80,FD,05,C8,3E,
18703862,000000A8,false,Rx,0,8,D5,CF,5E,18,81,64,48,0E,
18712978,00000117,false,Rx,0,8,66,0B,00,40,68,00,00,FF,
18713006,000000A7,false,Rx,0,8,93,30,60,80,FD,05,C8,3E,
18713020,000000A8,false,Rx,0,8,F5,C0,5E,18,81,64,44,0E,
18713033,00000120,false,Rx,0,8,3F,00,00,00,01,04,FF,01,
18713046,00000121,false,Rx,0,8,00,00,00,40,39,57,7E,FE,
18713059,0000009F,false,Rx,0,8,7C,32,1D,80,03,11,00,40,
18713072,00000086,false,Rx,0,8,36,02,2C,20,00,00,00,00,
18713085,000000B1,false,Rx,0,8,4D,2F,00,00,00,00,00,00,
18722586,00000668,false,Rx,0,8,82,00,00,29,00,03,31,01,
18722617,000000AD,false,Rx,0,8,2F,EC,BF,FF,00,14,00,00,
18722634,0000012E,false,Rx,0,8,72,EC,7F,00,FE,00,C0,FF,
18722706,000000A7,false,Rx,0,8,1B,31,60,80,FD,05,C8,3E,
18722719,000000A8,false,Rx,0,8,8F,C1,5E,18,81,64,44,0E,
18722732,00000365,false,Rx,0,8,C0,C6,18,40,8F,02,AC,7A,
18722746,0000032A,false,Rx,0,8,A2,0B,00,00,44,04,00,00,
18722759,00000086,false,Rx,0,8,52,03,2C,20,00,00,00,00,
18732511,00000117,false,Rx,0,8,75,0C,00,40,68,00,00,FF,
18732546,000000A7,false,Rx,0,8,6F,32,60,80,FD,05,C8,3E,
18732562,000000A8,false,Rx,0,8,2B,C2,5E,18,81,64,48,0E,
18732575,00000108,false,Rx,0,8,24,1D,D1,24,57,FE,00,00,
18732588,00000396,false,Rx,0,8,29,08,00,11,00,00,00,00,
18732601,00000120,false,Rx,0,8,CA,01,00,00,01,04,FF,01,
18732614,00000121,false,Rx,0,8,6C,01,00,40,39,57,7E,FE,
18732628,0000009F,false,Rx,0,8,BE,34,1D,80,03,10,00,40,
18737532,0000012E,false,Rx,0,8,58,ED,7F,00,FE,00,C0,FF,
18737552,000003E5,false,Rx,0,8,E1,1E,00,00,00,00,00,00,
18737566,000000A7,false,Rx,0,8,EE,33,60,80,FD,05,C8,3E,
18737579,1B000012,true,Rx,0,8,12,00,04,01,11,00,00,00,
18737592,000000A8,false,Rx,0,8,C4,C3,5E,18,81,64,48,0E,
18737605,0000011D,false,Rx,0,8,71,03,00,C8,00,00,00,00,
18737619,00000086,false,Rx,0,8,25,05,2C,20,00,00,00,00,
18750789,0000011E,false,Rx,0,8,1C,02,00,00,00,00,00,00,
18750823,000002B7,false,Rx,0,8,55,02,00,00,00,00,00,00,
18750840,00000380,false,Rx,0,8,79,0E,40,00,00,00,00,FF,
18750853,00000117,false,Rx,0,8,11,0D,00,40,68,00,00,FF,
18750878,000000A7,false,Rx,0,8,D4,34,60,80,FD,05,C8,3E,
18750891,000000A8,false,Rx,0,8,50,C4,5E,18,81,64,4C,0E,
18750904,00000120,false,Rx,0,8,32,02,00,00,01,04,FF,01,
18750917,00000121,false,Rx,0,8,E3,02,00,40,39,57,7E,FE,
18760167,0000030D,false,Rx,0,4,00,00,00,00,00,00,00,00,
18760193,0000012E,false,Rx,0,8,82,EE,7F,00,FE,00,C0,FF,
18760206,000000A7,false,Rx,0,8,AF,35,60,80,FD,05,C8,3E,
18760219,000000A8,false,Rx,0,8,92,C5,5E,18,81,64,50,0E,
18760233,000006B4,false,Rx,0,8,00,F2,F6,7B,AC,57,56,57,
18765292,0000011D,false,Rx,0,8,62,04,00,C8,00,00,00,00,
18765319,00000086,false,Rx,0,8,ED,07,2C,20,00,00,00,00,
18768204,0000009F,false,Rx,0,8,A7,37,1D,80,03,11,00,40,
18768217,000000B2,false,Rx,0,8,00,00,00,00,00,00,00,00,
18768231,00000101,false,Rx,0,8,F0,03,7D,F3,A1,09,40,00,
18772519,00000106,false,Rx,0,8,2F,83,B5,04,08,00,F3,30,
18772533,0000011E,false,Rx,0,8,78,03,00,00,00,00,00,00,
18772546,0000031B,false,Rx,0,8,35,0A,00,00,00,63,15,00,
18772560,000000AD,false,Rx,0,8,86,E1,BF,FF,00,14,00,00,
18772605,00000117,false,Rx,0,8,BD,0E,00,40,68,00,00,FF,
18772618,000000A7,false,Rx,0,8,3C,36,60,80,FD,05,C8,3E,
18772631,000000A8,false,Rx,0,8,A2,C6,5E,18,81,64,50,0E,
18772644,00000120,false,Rx,0,8,E0,03,00,00,01,04,FF,01,
18783379,00000040,false,Rx,0,8,F9,03,00,00,C1,00,00,00,
18783408,0000012E,false,Rx,0,8,85,EF,7F,00,FE,00,C0,FF,
18783424,000000A7,false,Rx,0,8,B5,37,60,80,FD,05,C8,3E,
18783438,00000108,false,Rx,0,8,EC,1F,D1,24,57,FE,00,00,
18783451,000000A8,false,Rx,0,8,B7,C7,5E,18,81,64,50,0E,
18783464,0000011D,false,Rx,0,8,06,05,00,C8,00,00,00,00,
18783477,00000086,false,Rx,0,8,CB,09,2C,20,00,00,00,00,
18783490,0000009F,false,Rx,0,8,81,39,1D,80,03,11,00,40,
18793168,000003EC,false,Rx,0,8,C1,00,00,00,00,08,01,00,
18793197,00000117,false,Rx,0,8,D9,0F,00,40,68,00,00,FF,
18793213,000000A7,false,Rx,0,8,F8,38,60,80,FD,05,C8,3E,
18793226,000000A8,false,Rx,0,8,3D,C8,5E,18,81,64,4C,0E,
18793239,0000011B,false,Rx,0,8,00,20,00,00,00,00,00,00,
18793252,00000120,false,Rx,0,8,B6,04,00,00,01,04,FF,01,
18793265,00000121,false,Rx,0,8,AC,04,00,40,39,57,7E,FE,
18793279,0000009F,false,Rx,0,8,98,3A,1D,80,03,10,00,40,
18803129,000000B2,false,Rx,0,8,00,00,00,00,00,00,00,00,
18803144,000000FD,false,Rx,0,8,2D,D4,1F,80,00,00,00,00,
18803157,00000104,false,Rx,0,8,BE,34,A6,00,E6,00,02,40,
18803170,00000116,false,Rx,0,8,CC,04,33,D2,28,62,87,FF,
18803183,00000392,false,Rx,0,8,77,2D,00,00,00,00,00,04,
18803196,000002B7,false,Rx,0,8,0C,03,00,00,00,00,00,00,
18803209,000003DB,false,Rx,0,8,50,00,01,00,04,20,01,6E,
18803222,0000012E,false,Rx,0,8,AC,E0,7F,00,FE,00,C0,FF,
18809812,00000108,false,Rx,0,8,AE,10,D1,24,57,FE,00,00,
18810034,00000106,false,Rx,0,8,58,85,B5,04,08,00,F3,30,
18810048,0000011E,false,Rx,0,8,0F,05,00,00,00,00,00,00,
18810062,000001AB,false,Rx,0,8,AA,07,00,02,00,00,05,00,
18810151,0000030D,false,Rx,0,4,00,00,00,00,00,00,00,00,
18810164,00000395,false,Rx,0,8,18,03,24,06,B4,41,50,1C,
18810177,00000117,false,Rx,0,8,9B,00,00,40,68,00,00,FF,
18810202,000000A7,false,Rx,0,8,2E,3A,60,80,FD,05,C8,3E,
18818803,000000FD,false,Rx,0,8,B7,D5,1F,80,00,00,00,00,
18818825,000003C8,false,Rx,0,8,00,00,54,24,00,12,00,4D,
18818839,00000104,false,Rx,0,8,DA,35,A6,00,E6,00,02,40,
18818852,00000116,false,Rx,0,8,A8,05,33,D2,28,62,87,FF,
18818865,000001A2,false,Rx,0,8,78,0E,10,00,E1,06,80,13,
18818878,0000031B,false,Rx,0,8,FA,0B,00,00,00,63,15,00,
18818893,1B000013,true,Rx,0,8,13,00,04,01,01,00,00,00,
18818906,000000AD,false,Rx,0,8,6A,E6,BF,FF,00,14,00,00,
18828431,000000B2,false,Rx,0,8,00,00,00,00,00,00,00,00,
18828453,00000101,false,Rx,0,8,40,06,7D,F2,A1,0C,40,00,
18828593,00000106,false,Rx,0,8,F4,86,B5,04,08,00,F3,30,
18828606,0000011E,false,Rx,0,8,A3,06,00,00,00,00,00,00,
18828619,0000030B,false,Rx,0,8,10,03,02,00,08,00,00,00,
18828634,17332610,true,Rx,0,3,39,84,0A,00,00,00,00,00,
18828647,00000040,false,Rx,0,8,EA,04,00,00,C1,00,00,00,
18828660,00000117,false,Rx,0,8,FF,01,00,40,68,00,00,FF,
18837157,00000381,false,Rx,0,8,FF,FF,FF,FF,FF,FF,FF,0F,
18837182,00000382,false,Rx,0,8,FF,FF,FF,FF,FF,FF,FF,0F,
18837196,000000B2,false,Rx,0,8,00,00,00,00,00,00,00,00,
18837209,000000FD,false,Rx,0,8,A5,D6,1F,80,00,00,00,00,
18837222,00000104,false,Rx,0,8,76,36,A6,00,E6,00,02,40,
18837235,00000116,false,Rx,0,8,04,06,33,D2,28,62,87,FF,
18837260,0000012E,false,Rx,0,8,6B,E2,7F,00,FE,00,C0,FF,
18837273,000003E5,false,Rx,0,8,D1,1F,00,00,00,00,00,00,
18839664,00000086,false,Rx,0,8,BC,0F,2C,20,00,00,00,00,
18839679,0000009F,false,Rx,0,8,F6,3F,1D,80,03,11,00,40,
18839694,17F00012,true,Rx,0,8,20,12,00,00,00,00,00,00,
18840403,000000B2,false,Rx,0,8,00,00,00,00,00,00,00,00,
18856014,000002B7,false,Rx,0,8,BC,04,00,00,00,00,00,00,
18856053,00000117,false,Rx,0,8,53,02,00,40,68,00,00,FF,
18856070,000000A7,false,Rx,0,8,84,3E,60,80,FD,05,C8,3E,
18856083,000000A8,false,Rx,0,8,2A,CE,5E,18,81,64,40,0E,
18856096,00000120,false,Rx,0,8,59,07,00,00,01,04,FF,01,
18856109,00000121,false,Rx,0,8,CF,07,00,40,39,57,7E,FE,
18856122,0000009F,false,Rx,0,8,B4,30,1D,80,03,11,00,40,
18856135,00000086,false,Rx,0,8,FE,00,2C,20,00,00,00,00,
18867248,00000108,false,Rx,0,8,66,12,D1,24,57,FE,00,00,
18867281,00000104,false,Rx,0,8,12,37,A6,00,E6,00,02,40,
18867295,00000116,false,Rx,0,8,60,07,33,D2,28,62,87,FF,
18867308,0000030D,false,Rx,0,4,00,00,00,00,00,00,00,00,
18867321,0000012E,false,Rx,0,8,F2,E3,7F,00,FE,00,C0,FF,
18872867,000000A7,false,Rx,0,8,5A,3F,60,80,FD,05,C8,3E,
18872977,000000A8,false,Rx,0,8,A5,CF,5E,18,81,64,40,0E,
18872990,0000011D,false,Rx,0,8,E8,09,00,C8,00,00,00,00,
18873003,00000086,false,Rx,0,8,9A,01,2C,20,00,00,00,00,
18873016,0000009F,false,Rx,0,8,D0,31,1D,80,03,11,00,40,
18873029,000000B2,false,Rx,0,8,00,00,00,00,00,00,00,00,
18873042,00000101,false,Rx,0,8,6A,08,7E,F2,A1,09,40,00,
18883098,0000009F,false,Rx,0,8,7C,32,1D,80,03,11,00,40,
18883118,000003C0,false,Rx,0,4,31,02,03,00,00,00,00,00,
18883132,00000584,false,Rx,0,6,6A,01,00,00,00,00,00,00,
18883269,000005F0,false,Rx,0,8,64,E4,64,00,00,64,00,00,
18883282,000000B2,false,Rx,0,8,00,00,00,00,00,00,00,00,
18883295,000000FD,false,Rx,0,8,58,D8,1F,80,00,00,00,00,
18883308,00000104,false,Rx,0,8,50,38,A6,00,E6,00,02,40,
18883321,00000116,false,Rx,0,8,22,08,33,D2,28,62,87,FF,
18891918,0000030B,false,Rx,0,8,10,04,02,00,08,00,00,00,
18892059,1B000010,true,Rx,0,8,10,00,04,05,09,00,00,00,
18892073,00000040,false,Rx,0,8,8E,05,00,00,C1,00,00,00,
18892086,00000041,false,Rx,0,8,C5,09,00,00,00,00,00,00,
18892099,0000012E,false,Rx,0,8,D5,E4,7F,00,FE,00,C0,FF,
18892112,000000A7,false,Rx,0,8,1B,31,60,80,FD,05,C8,3E,
18892144,00000108,false,Rx,0,8,02,13,D1,24,57,FE,00,00,
18901449,00000121,false,Rx,0,8,F3,09,00,40,39,57,7E,FE,
18901464,0000009F,false,Rx,0,8,BE,34,1D,80,03,10,00,40,
18901477,00000086,false,Rx,0,8,41,04,2C,20,00,00,00,00,
18901490,00000391,false,Rx,0,8,0D,66,24,40,00,28,00,22,
18901503,000003BE,false,Rx,0,8,31,13,E6,51,C8,80,00,80,
18901721,000000B2,false,Rx,0,8,00,00,00,00,00,00,00,00,
18901734,000000FD,false,Rx,0,8,6A,D9,1F,80,00,00,00,00,
18901810,00000104,false,Rx,0,8,34,39,A6,00,E6,00,02,40,
18911976,00000395,false,Rx,0,8,18,0D,24,06,B4,41,50,1C,
18911999,00000380,false,Rx,0,8,5F,00,40,00,00,00,00,FF,
18912013,00000117,false,Rx,0,8,40,05,00,40,68,00,00,FF,
18912026,000000A7,false,Rx,0,8,D4,34,60,80,FD,05,C8,3E,
18912039,000000A8,false,Rx,0,8,96,C4,5E,18,81,64,38,0E,
18912053,00000120,false,Rx,0,8,8D,0A,00,00,01,04,FF,01,
18912066,00000121,false,Rx,0,8,AB,0A,00,00,39,57,7E,FE,
18912079,0000009F,false,Rx,0,8,76,36,1D,80,03,10,00,40,
18920872,00000668,false,Rx,0,8,82,00,00,29,00,03,31,01,
18920895,000000AD,false,Rx,0,8,48,E0,BF,FF,00,14,00,00,
18920908,0000012E,false,Rx,0,8,7F,E6,7F,00,FE,00,C0,FF,
18920922,00000365,false,Rx,0,8,C0,C6,18,40,8E,02,AC,7A,
18920935,000000A7,false,Rx,0,8,AF,35,60,80,FD,05,C8,3E,
18920948,000000A8,false,Rx,0,8,FC,C5,5E,18,81,64,38,0E,
18920961,0000032A,false,Rx,0,8,1D,0F,00,00,44,04,00,00,
18920974,00000086,false,Rx,0,8,ED,07,2C,20,00,00,00,00,
18928621,00000040,false,Rx,0,8,22,06,00,00,C1,00,00,00,
18928845,00000117,false,Rx,0,8,EC,06,00,40,68,00,00,FF,
18928859,000000A7,false,Rx,0,8,3C,36,60,80,FD,05,C8,3E,
18928872,000000A8,false,Rx,0,8,CC,C6,5E,18,81,64,38,0E,
18928885,00000108,false,Rx,0,8,75,15,D1,24,57,FE,00,00,
18929004,00000396,false,Rx,0,8,E1,0A,00,11,00,00,00,00,
18929017,00000120,false,Rx,0,8,21,0B,00,00,01,04,FF,01,
18929030,00000121,false,Rx,0,8,00,0B,00,00,39,57,7E,FE,
18938222,000000B2,false,Rx,0,8,00,00,00,00,00,00,00,00,
18938246,000000FD,false,Rx,0,8,09,DB,1F,80,00,00,00,00,
18938259,00000104,false,Rx,0,8,68,3B,A6,00,E6,00,02,00,
18938273,00000116,false,Rx,0,8,8E,0B,33,D2,28,62,87,FF,
18938286,0000012E,false,Rx,0,8,6C,E7,7F,00,FE,00,C0,FF,
18938299,000003E5,false,Rx,0,8,3A,10,00,00,00,00,00,00,
18938312,000000A7,false,Rx,0,8,B5,37,60,80,FD,05,C8,3E,
18942526,000000A8,false,Rx,0,8,E1,C7,5E,18,81,64,3C,0E,
18942543,1B000012,true,Rx,0,8,12,00,04,01,11,00,00,00,
18942556,00000641,false,Rx,0,8,45,2A,2B,58,14,14,E4,52,
18942569,0000011D,false,Rx,0,8,57,0D,00,C8,00,00,00,00,
18942582,00000086,false,Rx,0,8,CB,09,2C,20,00,00,00,00,
18942595,0000009F,false,Rx,0,8,34,39,1D,80,03,10,00,40,
18942608,000000B2,false,Rx,0,8,00,00,00,00,00,00,00,00,
18942621,00000101,false,Rx,0,8,75,0C,7E,F3,A1,07,40,00,
18944364,000002B7,false,Rx,0,8,92,06,00,00,00,00,00,00,
18955467,000000A8,false,Rx,0,8,B3,C8,5E,18,81,64,34,0E,
18955493,00000120,false,Rx,0,8,FB,0C,00,00,01,04,FF,01,
18955507,00000121,false,Rx,0,8,C5,0C,00,00,39,57,7E,FE,
18955520,0000009F,false,Rx,0,8,98,3A,1D,80,03,10,00,40,
18955533,00000086,false,Rx,0,8,67,0A,2C,20,00,00,00,00,
18955547,00000497,false,Rx,0,8,00,40,00,00,64,46,00,20,
18955560,0000054B,false,Rx,0,8,00,00,00,00,00,00,00,24,
18955574,17F0000A,true,Rx,0,8,00,0A,00,00,00,00,00,80,
18966778,000006B4,false,Rx,0,8,01,5A,5A,5A,41,55,5A,48,
18966803,0000011D,false,Rx,0,8,FB,0E,00,C8,00,00,00,00,
18966820,00000086,false,Rx,0,8,03,0B,2C,20,00,00,00,00,
18966833,0000009F,false,Rx,0,8,FC,3B,1D,80,03,10,00,40,
18966846,000000B2,false,Rx,0,8,00,00,00,00,00,00,00,00,
18966859,00000101,false,Rx,0,8,F0,0D,7E,F2,A1,06,40,00,
18966872,00000106,false,Rx,0,8,09,8D,B5,04,08,00,F3,30,
18966885,0000011E,false,Rx,0,8,5E,0D,00,00,00,00,00,00,
18974383,00000086,false,Rx,0,8,10,0C,2C,20,00,00,00,00,
18974409,0000009F,false,Rx,0,8,EF,3C,1D,80,03,10,00,40,
18974425,000003C0,false,Rx,0,4,84,03,03,00,00,00,00,00,
18974438,000000B2,false,Rx,0,8,00,00,00,00,00,00,00,00,
18974451,000000FD,false,Rx,0,8,19,DD,1F,80,00,00,00,00,
18974464,00000104,false,Rx,0,8,1F,3D,A6,00,E6,00,02,00,
18974477,0000030B,false,Rx,0,8,10,06,02,00,08,00,00,00,
18974490,00000116,false,Rx,0,8,F9,0D,33,D2,28,62,87,FF,
18983320,0000012E,false,Rx,0,8,79,E9,7F,00,FE,00,C0,FF,
18984025,000000A7,false,Rx,0,8,40,3B,60,80,FD,05,C8,3E,
18984041,000000A8,false,Rx,0,8,C3,CB,5E,18,81,64,2C,0E,
18984054,00000108,false,Rx,0,8,BD,17,D1,24,57,FE,00,00,
18984067,0000011D,false,Rx,0,8,9F,0F,00,C8,00,00,00,00,
18984080,00000086,false,Rx,0,8,74,0D,2C,20,00,00,00,00,
18984093,0000009F,false,Rx,0,8,8B,3D,1D,80,03,10,00,40,
18984107,000000B2,false,Rx,0,8,00,00,00,00,00,00,00,00,
18984120,00000101,false,Rx,0,8,19,0E,7E,F2,A1,04,40,00,
18994479,000003EC,false,Rx,0,8,C1,00,00,00,00,08,01,00,
18994502,00000117,false,Rx,0,8,AE,09,00,40,68,00,00,FF,
18994516,00000380,false,Rx,0,8,3B,01,40,00,00,00,00,FF,
18994670,000000A7,false,Rx,0,8,FF,3C,60,80,FD,05,C8,3E,
18994685,000000A8,false,Rx,0,8,E5,CC,5E,18,81,64,28,0E,
18994698,0000011B,false,Rx,0,8,00,20,00,00,00,00,00,00,
18994711,00000120,false,Rx,0,8,20,0E,00,00,01,04,FF,01,
18994724,00000121,false,Rx,0,8,45,0E,00,00,39,57,7E,FE,
19005667,000000A7,false,Rx,0,8,0F,3D,60,80,FD,05,C8,3E,
19005821,000000A8,false,Rx,0,8,F6,CD,5E,18,81,64,28,0E,
19005839,0000011D,false,Rx,0,8,DD,00,00,C8,00,00,00,00,
19005851,00000086,false,Rx,0,8,BC,0F,2C,20,00,00,00,00,
19005877,0000009F,false,Rx,0,8,43,3F,1D,80,03,10,00,40,
19005890,000000B2,false,Rx,0,8,00,00,00,00,00,00,00,00,
19005903,00000108,false,Rx,0,8,FF,18,D1,24,57,FE,00,00,
19005916,00000101,false,Rx,0,8,C8,0F,7E,F2,A1,05,40,00,
19014772,00000121,false,Rx,0,8,F3,0F,00,00,39,57,7E,FE,
19014799,0000009F,false,Rx,0,8,01,30,1D,80,03,10,00,40,
19014812,00000086,false,Rx,0,8,FE,00,2C,20,00,00,00,00,
19014825,000000B1,false,Rx,0,8,D9,22,00,00,00,00,00,00,
19014839,000000B2,false,Rx,0,8,00,00,00,00,00,00,00,00,
19014852,000000FD,false,Rx,0,8,71,DF,1F,80,00,00,00,00,
19014865,000003C8,false,Rx,0,8,00,00,54,24,00,12,00,4D,
19014878,00000104,false,Rx,0,8,D7,3F,A6,00,E6,00,02,00,
19023951,000000A7,false,Rx,0,8,5A,3F,60,80,FD,05,C8,3E,
19024169,000000A8,false,Rx,0,8,F6,CF,5E,58,81,64,28,0E,
19024183,00000365,false,Rx,0,8,C0,C6,18,40,8F,02,AC,7A,
19024196,0000032A,false,Rx,0,8,3B,01,00,00,44,04,00,00,
19024296,00000086,false,Rx,0,8,9A,01,2C,20,00,00,00,00,
19024310,0000009F,false,Rx,0,8,65,31,1D,80,03,10,00,40,
19030531,0000011D,false,Rx,0,8,B9,01,00,C8,00,00,00,00,
19030563,000000B2,false,Rx,0,8,00,00,00,00,00,00,00,00,
19030577,00000101,false,Rx,0,8,7E,00,7E,F2,A1,0B,40,00,
19030590,00000106,false,Rx,0,8,83,80,B5,04,08,00,F3,30,
19030603,0000011E,false,Rx,0,8,D4,00,00,00,00,00,00,00,
19030616,0000030B,false,Rx,0,8,10,07,02,00,08,00,00,00,
19030629,00000040,false,Rx,0,8,04,08,00,00,C1,00,00,00,
19030642,00000117,false,Rx,0,8,66,0B,00,40,68,00,00,FF,
19040990,00000104,false,Rx,0,8,95,30,A6,00,E6,00,02,00,
19041015,00000116,false,Rx,0,8,73,00,33,D2,28,62,87,FF,
19041029,00000126,false,Rx,0,8,D5,39,00,00,03,FE,07,00,
19041042,0000012E,false,Rx,0,8,72,EC,7F,00,FE,00,C0,FF,
19041055,000003E5,false,Rx,0,8,7B,11,00,00,00,00,00,00,
19041069,000000A7,false,Rx,0,8,1B,31,60,80,FD,05,C8,3E,
19041082,000000A8,false,Rx,0,8,94,C1,5E,58,81,64,20,0E,
19041095,0000011D,false,Rx,0,8,15,02,00,C8,00,00,00,00,
19045412,000002B7,false,Rx,0,8,12,08,00,00,00,00,00,00,
19045428,00000117,false,Rx,0,8,75,0C,00,40,68,00,00,FF,
19045441,000000A7,false,Rx,0,8,6F,32,60,80,FD,05,C8,3E,
19045454,000000A8,false,Rx,0,8,3F,C2,5E,58,81,64,1C,0E,
19046339,00000120,false,Rx,0,8,CA,01,00,00,01,04,FF,01,
19046352,00000121,false,Rx,0,8,51,01,00,00,39,57,7E,FE,
19047483,0000009F,false,Rx,0,8,BE,34,1D,80,03,10,00,40,
19057375,00000497,false,Rx,0,8,00,40,00,00,64,46,00,20,
19057405,000000B2,false,Rx,0,8,00,00,00,00,00,00,00,00,
19057419,000000FD,false,Rx,0,8,01,D1,1F,80,00,00,00,00,
19057433,00000108,false,Rx,0,8,37,1A,D1,24,57,FE,00,00,
19057446,00000104,false,Rx,0,8,F1,31,A6,00,E6,00,02,00,
19057470,00000116,false,Rx,0,8,17,01,33,D2,28,62,87,FF,
19057484,0000030D,false,Rx,0,4,00,00,00,00,00,00,00,00,
19057497,0000012E,false,Rx,0,8,58,ED,7F,00,FE,00,C0,FF,
19065803,000000B2,false,Rx,0,8,00,00,00,00,00,00,00,00,
19065855,00000101,false,Rx,0,8,4A,02,7D,F2,A1,0D,40,00,
19065871,00000106,false,Rx,0,8,4B,82,B5,04,08,00,F3,30,
19065884,0000011E,false,Rx,0,8,1C,02,00,00,00,00,00,00,
19065897,0000031B,false,Rx,0,8,44,00,00,00,00,63,15,00,
19065911,000000AD,false,Rx,0,8,D5,EF,BF,FF,00,14,00,00,
19065924,00000117,false,Rx,0,8,11,0D,00,40,68,00,00,FF,
19065937,00000380,false,Rx,0,8,97,02,40,00,00,00,00,FF,
19068375,00000365,false,Rx,0,8,C0,C6,18,40,8E,02,AC,7A,
19068394,00000121,false,Rx,0,8,DE,02,00,00,39,57,7E,FE,
19075754,00000366,false,Rx,0,8,00,00,00,00,80,03,00,00,
19075795,000003C0,false,Rx,0,4,FE,04,03,00,00,00,00,00,
19075809,00000381,false,Rx,0,8,FF,FF,FF,FF,FF,FF,FF,3F,
19075822,00000382,false,Rx,0,8,FF,FF,FF,FF,FF,FF,FF,3F,
19075835,000000B2,false,Rx,0,8,00,00,00,00,00,00,00,00,
19075848,000000FD,false,Rx,0,8,CE,D2,1F,80,00,00,00,00,
19075861,00000104,false,Rx,0,8,5D,32,A6,00,E6,00,02,00,
19075875,00000584,false,Rx,0,6,96,02,00,00,00,00,00,00,
19087769,0000011D,false,Rx,0,8,62,04,00,C8,00,00,00,00,
19087795,00000086,false,Rx,0,8,ED,07,2C,20,00,00,00,00,
19087935,0000009F,false,Rx,0,8,A7,37,1D,80,03,11,00,40,
19087948,000000B2,false,Rx,0,8,00,00,00,00,00,00,00,00,
19087962,00000101,false,Rx,0,8,11,03,7D,F2,A1,08,40,00,
19087975,00000106,false,Rx,0,8,2F,83,B5,04,08,00,F3,30,
19087988,0000011E,false,Rx,0,8,78,03,00,00,00,00,00,00,
19088001,00000117,false,Rx,0,8,BD,0E,00,40,68,00,00,FF,
19098298,000000B2,false,Rx,0,8,00,00,00,00,00,00,00,00,
19099400,000000FD,false,Rx,0,8,BB,D3,1F,80,00,00,00,00,
19099416,00000104,false,Rx,0,8,39,33,A6,00,E6,00,02,00,
19099430,00000116,false,Rx,0,8,DF,03,33,D2,28,62,87,FF,
19099443,00000392,false,Rx,0,8,FD,20,00,00,00,00,00,04,
19099583,000002B7,false,Rx,0,8,7D,09,00,00,00,00,00,00,
19099596,000003DB,false,Rx,0,8,50,00,01,00,04,20,01,6E,
19099609,0000012E,false,Rx,0,8,85,EF,7F,00,FE,00,C0,FF,
19099622,000000A7,false,Rx,0,8,B5,37,60,80,FD,05,C8,3E,
19108753,000000B2,false,Rx,0,8,00,00,00,00,00,00,00,00,
19108778,00000101,false,Rx,0,8,F2,04,7D,F2,A1,0B,40,00,
19108911,00000108,false,Rx,0,8,40,1C,D1,24,57,FE,00,00,
19108924,00000106,false,Rx,0,8,3C,84,B5,04,08,00,F3,30,
19108937,0000011E,false,Rx,0,8,6B,04,00,00,00,00,00,00,
19108950,0000030D,false,Rx,0,4,00,00,00,00,00,00,00,00,
19108963,00000395,false,Rx,0,8,18,01,24,06,B4,41,50,1C,
19108976,00000117,false,Rx,0,8,D9,0F,00,40,68,00,00,FF,
19117897,000000B1,false,Rx,0,8,E8,23,00,00,00,00,00,00,
19117925,000000B2,false,Rx,0,8,00,00,00,00,00,00,00,00,
19117939,000000FD,false,Rx,0,8,2D,D4,1F,80,00,00,00,00,
19117952,000003C8,false,Rx,0,8,00,00,54,24,00,12,00,4D,
19117965,00000104,false,Rx,0,8,2A,34,A6,00,E6,00,02,00,
19117978,00000116,false,Rx,0,8,CC,04,33,D2,28,62,87,FF,
19117991,0000031B,false,Rx,0,8,92,01,00,00,00,63,15,00,
19118004,000000AD,false,Rx,0,8,41,E4,BF,FF,00,14,00,00,
19127784,000000B2,false,Rx,0,8,00,00,00,00,00,00,00,00,
19127810,00000101,false,Rx,0,8,27,05,7D,F2,A1,07,40,00,
19127824,00000106,false,Rx,0,8,AC,85,B4,04,08,00,F3,30,
19127930,0000011E,false,Rx,0,8,0F,05,00,00,00,00,00,00,
19127943,0000030B,false,Rx,0,8,10,09,02,00,08,00,00,00,
19127957,00000040,false,Rx,0,8,CC,0A,00,00,C1,00,00,00,
19127970,00000117,false,Rx,0,8,9B,00,00,40,68,00,00,FF,
19127983,000000A7,false,Rx,0,8,2E,3A,60,80,FD,05,C8,3E,
19135427,00000121,false,Rx,0,8,A6,05,00,00,39,57,7E,FE,
19135458,0000009F,false,Rx,0,8,5A,3C,1D,80,03,11,00,40,
19135600,00000086,false,Rx,0,8,10,0C,2C,20,00,00,00,00,
19135613,000000B2,false,Rx,0,8,00,00,00,00,00,00,00,00,
19135626,000000FD,false,Rx,0,8,B7,D5,1F,80,00,00,00,00,
19135639,00000104,false,Rx,0,8,4E,35,A6,00,E6,00,02,00,
19135653,00000116,false,Rx,0,8,A8,05,33,D2,28,62,87,FF,
19135698,0000012E,false,Rx,0,8,A2,E1,7F,00,FE,00,C0,FF,
19144018,0000011D,false,Rx,0,8,CE,07,00,C8,00,00,00,00,
19144043,00000086,false,Rx,0,8,74,0D,2C,20,00,00,00,00,
19144057,0000009F,false,Rx,0,8,3E,3D,1D,80,03,11,00,40,
19144070,000000B2,false,Rx,0,8,00,00,00,00,00,00,00,00,
19144083,00000101,false,Rx,0,8,3A,06,7D,F2,A1,0B,40,00,
19144096,00000106,false,Rx,0,8,00,86,B4,04,08,00,F3,30,
19144109,0000011E,false,Rx,0,8,A3,06,00,00,00,00,00,00,
19144123,000002B7,false,Rx,0,8,73,0A,00,00,00,00,00,00,
19148529,00000380,false,Rx,0,8,F3,03,40,00,00,00,00,FF,
19148550,00000117,false,Rx,0,8,FF,01,00,40,68,00,00,FF,
19148563,000000A7,false,Rx,0,8,FF,3C,60,80,FD,05,C8,3E,
19148576,000000A8,false,Rx,0,8,D8,CC,5E,58,81,64,28,0E,
19148589,00000120,false,Rx,0,8,5B,06,00,00,01,04,FF,01,
19159157,000000FD,false,Rx,0,8,A5,D6,1F,80,00,00,00,00,
19159189,00000108,false,Rx,0,8,88,1E,D1,24,57,FE,00,00,
19159203,00000104,false,Rx,0,8,E2,36,A6,00,E6,00,02,00,
19159216,00000116,false,Rx,0,8,04,06,33,D2,28,62,87,FF,
19159229,0000030D,false,Rx,0,4,00,00,00,00,00,00,00,00,
19159242,0000012E,false,Rx,0,8,6B,E2,7F,00,FE,00,C0,FF,
19159255,000000A7,false,Rx,0,8,0F,3D,60,80,FD,05,C8,3E,
19159268,000000A8,false,Rx,0,8,CB,CD,5E,58,81,64,28,0E,
19160902,000000B2,false,Rx,0,8,00,00,00,00,00,00,00,00,
19160916,00000101,false,Rx,0,8,24,07,7D,F2,A1,0C,40,00,
19166350,000000AD,false,Rx,0,8,A6,E9,BF,FF,00,14,00,00,
19166380,00000117,false,Rx,0,8,53,02,00,40,68,00,00,FF,
19173235,0000032A,false,Rx,0,8,E0,04,00,00,44,04,00,00,
19173260,00000086,false,Rx,0,8,FE,00,2C,20,00,00,00,00,
19173276,0000009F,false,Rx,0,8,01,30,1D,80,03,10,00,40,
19173289,000003C0,false,Rx,0,4,4B,05,03,00,00,00,00,00,
19173302,000000B2,false,Rx,0,8,00,00,00,00,00,00,00,00,
19173315,000000FD,false,Rx,0,8,9F,D7,1F,80,00,00,00,00,
19173335,00000104,false,Rx,0,8,86,37,A6,00,E6,00,02,00,
19173349,00000116,false,Rx,0,8,60,07,33,D2,28,62,87,FF,
19175732,0000012E,false,Rx,0,8,F2,E3,7F,00,FE,00,C0,FF,
19175750,000000A7,false,Rx,0,8,5A,3F,60,80,FD,05,C8,3E,
19188898,0000009F,false,Rx,0,8,65,31,1D,80,03,10,00,40,
19188929,000000B2,false,Rx,0,8,00,00,00,00,00,00,00,00,
19188942,00000101,false,Rx,0,8,0D,08,7D,F3,A1,09,40,00,
19188956,00000106,false,Rx,0,8,26,88,B4,04,08,00,F3,30,
19188969,0000011E,false,Rx,0,8,85,08,00,00,00,00,00,00,
19188982,000003EC,false,Rx,0,8,C1,00,00,00,00,08,01,00,
19188995,00000117,false,Rx,0,8,37,03,00,40,68,00,00,FF,
19189008,000000A7,false,Rx,0,8,93,30,60,80,FD,05,C8,3E,
19200909,000000B2,false,Rx,0,8,00,00,00,00,00,00,00,00,
19200937,000000FD,false,Rx,0,8,58,D8,1F,80,00,00,00,00,
19200953,0000065F,false,Rx,0,8,2E,20,00,00,00,00,37,7A,
19200966,00000104,false,Rx,0,8,C4,38,A6,00,E6,00,02,00,
19200980,00000670,false,Rx,0,8,20,10,00,00,00,01,00,88,
19200992,00000116,false,Rx,0,8,22,08,33,D2,28,62,87,FF,
19201006,00000392,false,Rx,0,8,99,21,00,00,00,00,00,04,
19201019,000002B7,false,Rx,0,8,05,0B,00,00,00,00,00,00,
19211511,000001AB,false,Rx,0,8,7D,09,00,02,00,00,05,00,
19211537,0000030D,false,Rx,0,4,00,00,00,00,00,00,00,00,
19211551,00000395,false,Rx,0,8,18,0B,24,06,B4,41,50,1C,
19211564,00000117,false,Rx,0,8,24,04,00,40,68,00,00,FF,
19211577,000000A7,false,Rx,0,8,6F,32,60,80,FD,05,C8,3E,
19211604,000000A8,false,Rx,0,8,30,C2,5E,58,81,64,2C,0E,
19211617,00000120,false,Rx,0,8,56,09,00,00,01,04,FF,01,
19211630,00000121,false,Rx,0,8,CE,09,00,00,39,57,7E,FE,
19223063,1B000013,true,Rx,0,8,13,00,04,01,01,00,00,00,
19223101,000000AD,false,Rx,0,8,84,EE,BF,FF,00,14,00,00,
19223117,0000012E,false,Rx,0,8,35,E5,7F,00,FE,00,C0,FF,
19223130,000000A7,false,Rx,0,8,EE,33,60,80,FD,05,C8,3E,
19223143,000000A8,false,Rx,0,8,4F,C3,5E,58,81,64,34,0E,
19223156,00000365,false,Rx,0,8,C0,C6,18,40,8E,02,AC,7A,
19223169,0000032A,false,Rx,0,8,84,05,00,00,44,04,00,00,
19223182,00000086,false,Rx,0,8,25,05,2C,20,00,00,00,00,
19232219,00000117,false,Rx,0,8,40,05,00,40,68,00,00,FF,
19232242,00000380,false,Rx,0,8,E0,04,40,00,00,00,00,FF,
19232255,000000A7,false,Rx,0,8,D4,34,60,80,FD,05,C8,3E,
19232268,000000A8,false,Rx,0,8,E3,C4,5E,58,81,64,34,0E,
19232282,00000108,false,Rx,0,8,CA,11,D1,24,57,FE,00,00,
19232295,00000396,false,Rx,0,8,F2,0D,00,11,00,00,00,00,
19232308,00000120,false,Rx,0,8,8D,0A,00,00,01,04,FF,01,
19232321,00000121,false,Rx,0,8,AB,0A,00,00,39,57,7E,FE,
19238749,00000385,false,Rx,0,8,00,32,22,00,01,22,31,01,
19238763,0000009F,false,Rx,0,8,C3,36,1D,80,03,11,00,40,
19238776,00000086,false,Rx,0,8,89,06,2C,20,00,00,00,00,
19238879,00000381,false,Rx,0,8,FF,FF,FF,FF,FF,FF,FF,5F,
19238892,00000382,false,Rx,0,8,FF,FF,FF,FF,FF,FF,FF,5F,
19238906,000000B2,false,Rx,0,8,00,00,00,00,00,00,00,00,
19238919,000000FD,false,Rx,0,8,26,DA,1F,80,00,00,00,00,
19246902,000000B2,false,Rx,0,8,00,00,00,00,00,00,00,00,
19246932,00000101,false,Rx,0,8,F5,0B,7D,F2,A1,09,40,00,
19246947,00000106,false,Rx,0,8,8A,8B,B4,04,08,00,F3,30,
19246960,0000011E,false,Rx,0,8,29,0B,00,00,00,00,00,00,
19246974,000002B7,false,Rx,0,8,E6,0C,00,00,00,00,00,00,
19247011,00000117,false,Rx,0,8,EC,06,00,40,68,00,00,FF,
19247024,000000A7,false,Rx,0,8,3C,36,60,80,FD,05,C8,3E,
19247037,000000A8,false,Rx,0,8,F1,C6,5E,58,81,64,38,0E,
19249158,00000086,false,Rx,0,8,AF,08,2C,20,00,00,00,00,
19249338,00000497,false,Rx,0,8,00,40,00,00,64,46,00,20,
19250399,000000B2,false,Rx,0,8,00,00,00,00,00,00,00,00,
19266910,0000011D,false,Rx,0,8,57,0D,00,C8,00,00,00,00,
19267091,00000086,false,Rx,0,8,CB,09,2C,20,00,00,00,00,
19267108,0000009F,false,Rx,0,8,81,39,1D,80,03,11,00,40,
19267121,000000B2,false,Rx,0,8,00,00,00,00,00,00,00,00,
19267134,00000101,false,Rx,0,8,12,0C,7D,F2,A1,07,40,00,
19267147,00000106,false,Rx,0,8,99,8C,B4,04,08,00,F3,30,
19267160,0000011E,false,Rx,0,8,3A,0C,00,00,00,00,00,00,
19267187,0000031B,false,Rx,0,8,81,04,00,00,00,63,15,00,
19276508,0000009F,false,Rx,0,8,2D,3A,1D,80,03,11,00,40,
19276534,000003C0,false,Rx,0,4,BB,06,03,00,00,00,00,00,
19276548,00000584,false,Rx,0,6,C2,03,00,00,00,00,00,00,
19276560,000005F0,false,Rx,0,8,64,E4,64,00,00,64,00,00,
19276574,000000B2,false,Rx,0,8,00,00,00,00,00,00,00,00,
19276587,000000FD,false,Rx,0,8,90,DC,1F,80,00,00,00,00,
19276600,00000104,false,Rx,0,8,7B,3C,A6,00,E6,00,02,00,
19276613,00000116,false,Rx,0,8,9D,0C,33,D2,28,62,87,FF,
19286441,0000011D,false,Rx,0,8,FB,0E,00,C8,00,00,00,00,
19286601,00000086,false,Rx,0,8,03,0B,2C,20,00,00,00,00,
19286617,0000009F,false,Rx,0,8,49,3B,1D,80,03,11,00,40,
19286630,000000B2,false,Rx,0,8,00,00,00,00,00,00,00,00,
19286643,00000101,false,Rx,0,8,37,0D,7D,F2,A1,08,40,00,
19286656,00000106,false,Rx,0,8,FD,8D,B4,04,08,00,F3,30,
19286669,0000011E,false,Rx,0,8,5E,0D,00,00,00,00,00,00,
19286682,00000117,false,Rx,0,8,CA,08,00,40,68,00,00,FF,
19297430,0000009F,false,Rx,0,8,5A,3C,1D,80,03,11,00,40,
19297594,00000086,false,Rx,0,8,10,0C,2C,20,00,00,00,00,
19297610,00000391,false,Rx,0,8,0E,66,23,42,00,28,00,22,
19297623,000003BE,false,Rx,0,8,28,17,E6,51,C8,80,00,80,
19297636,000000B2,false,Rx,0,8,00,00,00,00,00,00,00,00,
19297649,000000FD,false,Rx,0,8,19,DD,1F,80,00,00,00,00,
19297662,00000104,false,Rx,0,8,1F,3D,A6,00,E6,00,02,00,
19297676,00000116,false,Rx,0,8,F9,0D,33,D2,28,62,87,FF,
19309628,000000B2,false,Rx,0,8,00,00,00,00,00,00,00,00,
19309793,00000101,false,Rx,0,8,DA,0E,7D,F2,A1,07,40,00,
19309809,00000108,false,Rx,0,8,11,14,D1,24,57,FE,00,00,
19309822,00000106,false,Rx,0,8,51,8E,B4,04,08,00,F3,30,
19309835,0000011E,false,Rx,0,8,F2,0E,00,00,00,00,00,00,
19309848,0000030D,false,Rx,0,4,00,00,00,00,00,00,00,00,
19309861,00000395,false,Rx,0,8,18,05,24,06,B4,41,50,1C,
19309874,00000380,false,Rx,0,8,84,05,40,00,00,00,00,FF,
19320437,000000B2,false,Rx,0,8,00,00,00,00,00,00,00,00,
19320460,000000FD,false,Rx,0,8,E6,DE,1F,80,00,00,00,00,
19320474,000003C8,false,Rx,0,8,00,00,54,24,00,12,00,4D,
19320487,00000104,false,Rx,0,8,B3,3E,A6,00,E6,00,02,00,
19320500,00000116,false,Rx,0,8,55,0E,33,D2,28,62,87,FF,
19320513,0000031B,false,Rx,0,8,6C,05,00,00,00,63,15,00,
19320526,00000668,false,Rx,0,8,82,00,00,29,00,03,31,01,
19320539,000000AD,false,Rx,0,8,A2,E8,BF,FF,00,14,00,00,
19328659,0000011E,false,Rx,0,8,96,0F,00,00,00,00,00,00,
19328689,0000030B,false,Rx,0,8,10,0D,02,00,08,00,00,00,
19328908,00000040,false,Rx,0,8,73,0E,00,00,C1,00,00,00,
19328921,00000117,false,Rx,0,8,02,0A,00,40,68,00,00,FF,
19328957,000000A7,false,Rx,0,8,17,3E,20,80,FD,01,C8,3E,
19328970,000000A8,false,Rx,0,8,D1,CE,5E,58,81,64,34,0E,
19328983,00000108,false,Rx,0,8,75,15,D1,24,57,FE,00,00,
19329103,00000396,false,Rx,0,8,5E,0E,00,11,00,00,00,00,
19337225,000000B2,false,Rx,0,8,00,00,00,00,00,00,00,00,
19337262,000000FD,false,Rx,0,8,71,DF,1F,80,00,00,00,00,
19337275,00000104,false,Rx,0,8,D7,3F,A6,00,E6,00,02,00,
19337288,00000116,false,Rx,0,8,31,0F,33,D2,28,62,87,FF,
19337302,000006B2,false,Rx,0,8,71,9D,27,A1,A1,40,EF,2B,
19337315,0000012E,false,Rx,0,8,D1,EB,7F,00,FE,00,C0,FF,
19344663,000003E5,false,Rx,0,8,A3,14,00,00,00,00,00,00,
19344686,000000A7,false,Rx,0,8,C9,3F,20,80,FD,01,C8,3E,
19344809,000000A8,false,Rx,0,8,63,CF,5E,18,81,64,34,0E,
19344824,1B000012,true,Rx,0,8,12,00,04,01,11,00,00,00,
19344837,000006AE,false,Rx,0,4,00,00,10,00,00,00,00,00,
19344850,0000011D,false,Rx,0,8,B9,01,00,C8,00,00,00,00,
19344863,00000086,false,Rx,0,8,9A,01,2C,20,00,00,00,00,
19344876,0000009F,false,Rx,0,8,20,31,1D,80,03,12,00,40,
19351653,000000A7,false,Rx,0,8,93,30,60,80,FD,05,C8,3E,
19351676,000000A8,false,Rx,0,8,43,C0,5E,18,81,64,38,0E,
19351690,00000120,false,Rx,0,8,3F,00,00,00,01,04,FF,01,
19351703,00000121,false,Rx,0,8,00,00,00,40,39,57,7E,FE,
19351716,00000086,false,Rx,0,8,C2,02,2D,20,00,00,00,00,
19351729,0000009F,false,Rx,0,8,8C,32,1D,80,03,12,00,40,
19351742,00000497,false,Rx,0,8,00,40,00,00,64,46,00,20,
19351756,000000B2,false,Rx,0,8,00,00,00,00,00,00,00,00,
19363694,0000012E,false,Rx,0,8,72,EC,7F,00,FE,00,C0,FF,
19363844,000000A7,false,Rx,0,8,1B,31,60,80,FD,05,C8,3E,
19363859,000000A8,false,Rx,0,8,71,C1,5E,18,81,64,34,0E,
19363872,000006B4,false,Rx,0,8,02,57,33,37,32,32,38,33,
19363885,0000011D,false,Rx,0,8,15,02,00,C8,00,00,00,00,
19363898,00000086,false,Rx,0,8,52,03,2C,20,00,00,00,00,
19363911,0000009F,false,Rx,0,8,E8,33,1D,80,03,12,00,40,
19363928,000000B2,false,Rx,0,8,00,00,00,00,00,00,00,00,
19375732,00000106,false,Rx,0,8,13,81,B4,04,08,00,F3,30,
19375770,0000011E,false,Rx,0,8,B0,01,00,00,00,00,00,00,
19375891,0000031B,false,Rx,0,8,0C,06,00,00,00,63,15,00,
19375906,000000AD,false,Rx,0,8,5E,ED,BF,FF,00,14,00,00,
19375919,00000117,false,Rx,0,8,75,0C,00,40,68,00,00,FF,
19375932,000000A7,false,Rx,0,8,6F,32,60,80,FD,05,C8,3E,
19375946,000000A8,false,Rx,0,8,A5,C2,5E,18,81,64,30,0E,
19375959,00000120,false,Rx,0,8,CA,01,00,00,01,04,FF,01,
19383346,00000104,false,Rx,0,8,F1,31,A6,00,E6,00,02,00,
19383375,00000116,false,Rx,0,8,17,01,33,D2,28,62,87,FF,
19383389,0000030B,false,Rx,0,8,10,0E,02,00,08,00,00,00,
19383402,00000040,false,Rx,0,8,17,0F,00,00,C1,00,00,00,
19383415,0000012E,false,Rx,0,8,58,ED,7F,00,FE,00,C0,FF,
19383428,000000A7,false,Rx,0,8,4C,23,60,80,FD,05,C8,3E,
19383442,00000108,false,Rx,0,8,BD,17,D1,24,57,FE,00,00,
19383455,000000A8,false,Rx,0,8,4A,C3,5E,18,81,64,30,0E,
19393209,000003EC,false,Rx,0,8,C1,00,00,00,00,08,01,00,
19393238,00000117,false,Rx,0,8,11,0D,00,40,68,00,00,FF,
19393254,00000380,false,Rx,0,8,28,06,40,00,00,00,00,FF,
19393268,000000A7,false,Rx,0,8,FC,24,60,80,FD,01,C8,3E,
19393281,000000A8,false,Rx,0,8,DE,C4,5E,18,81,64,34,0E,
19393294,0000011B,false,Rx,0,8,00,20,00,00,00,00,00,00,
19393307,00000120,false,Rx,0,8,32,02,00,00,01,04,FF,01,
19393320,00000121,false,Rx,0,8,E3,02,00,40,39,57,7E,FE,
19402724,0000009F,false,Rx,0,8,86,36,1D,80,03,13,00,40,
19402737,00000086,false,Rx,0,8,89,06,2C,20,00,00,00,00,
19402848,00000391,false,Rx,0,8,0D,66,23,41,00,28,00,22,
19402861,000003BE,false,Rx,0,8,D2,18,E6,51,C8,80,00,80,
19402875,00000381,false,Rx,0,8,FF,FF,FF,FF,FF,FF,FF,7F,
19402888,00000382,false,Rx,0,8,FF,FF,FF,FF,FF,FF,FF,7F,
19402901,000000B2,false,Rx,0,8,00,00,00,00,00,00,00,00,
19402914,000000FD,false,Rx,0,8,CE,D2,1F,80,00,00,00,00,
19413100,0000009F,false,Rx,0,8,98,37,1D,80,03,14,00,40,
19413121,000000B2,false,Rx,0,8,00,00,00,00,00,00,00,00,
19413135,00000101,false,Rx,0,8,67,03,7E,F2,A1,0A,40,00,
19413263,00000108,false,Rx,0,8,FF,18,D1,24,57,FE,00,00,
19413276,00000106,false,Rx,0,8,DB,83,B4,04,08,00,F3,30,
19413289,0000011E,false,Rx,0,8,78,03,00,00,00,00,00,00,
19413303,000001AB,false,Rx,0,8,90,0A,00,02,00,00,05,00,
19413316,0000030D,false,Rx,0,4,00,00,00,00,00,00,00,00,
19423137,0000064A,false,Rx,0,4,00,00,00,00,00,00,00,00,
19423157,1A555521,true,Rx,0,8,00,00,0A,00,00,00,00,00,
19423291,00000395,false,Rx,0,8,18,0F,24,06,B4,41,50,1C,
19423304,00000117,false,Rx,0,8,BD,0E,00,40,68,00,00,FF,
19423317,000000A7,false,Rx,0,8,9E,26,60,80,FD,05,C8,3E,
19429086,000000A8,false,Rx,0,8,CC,C6,5E,18,81,64,38,0E,
19429100,00000120,false,Rx,0,8,E0,03,00,00,01,04,FF,01,
19429114,00000121,false,Rx,0,8,11,03,00,40,39,57,7E,FE,
19429127,0000009F,false,Rx,0,8,DA,38,1D,80,03,14,00,40,
19429140,00000086,false,Rx,0,8,AF,08,2C,20,00,00,00,00,
19429153,000000B1,false,Rx,0,8,76,26,00,00,00,00,00,00,
19429166,0000008A,false,Rx,0,8,4E,39,00,00,00,00,00,FA,
19429179,000000B2,false,Rx,0,8,00,00,00,00,00,00,00,00,
19438260,000000A7,false,Rx,0,8,17,27,60,80,FD,05,C8,3E,
19438275,000000A8,false,Rx,0,8,91,C7,5E,18,81,64,34,0E,
19438288,00000365,false,Rx,0,8,C0,C6,18,40,8E,02,AC,7A,
19438301,0000032A,false,Rx,0,8,6A,09,00,00,44,04,00,00,
19438314,00000086,false,Rx,0,8,CB,09,2C,20,00,00,00,00,
19441950,0000009F,false,Rx,0,8,BE,39,1D,80,03,14,00,40,
19441967,0000011D,false,Rx,0,8,06,05,00,C8,00,00,00,00,
19441980,000000B2,false,Rx,0,8,00,00,00,00,00,00,00,00,
19441993,00000101,false,Rx,0,8,74,04,7E,F2,A1,0A,40,00,
19442007,00000106,false,Rx,0,8,C8,84,B4,04,08,00,F3,30,
19442020,0000011E,false,Rx,0,8,6B,04,00,00,00,00,00,00,
19442033,0000030B,false,Rx,0,8,10,0F,02,00,08,00,00,00,
19442046,00000040,false,Rx,0,8,55,00,00,00,C1,00,00,00,
19444382,000000B2,false,Rx,0,8,00,00,00,00,00,00,00,00,
19444398,00000101,false,Rx,0,8,23,05,7D,F2,A1,0A,40,00,
19444420,00000106,false,Rx,0,8,AC,85,B4,04,08,00,F3,30,
19452801,000000A7,false,Rx,0,8,8C,2A,60,80,FD,05,C8,3E,
19452830,000000A8,false,Rx,0,8,A6,CA,5E,18,81,64,30,0E,
19452843,00000120,false,Rx,0,8,B4,05,00,00,01,04,FF,01,
19452857,00000121,false,Rx,0,8,9B,05,00,40,39,57,7E,FE,
19452870,0000009F,false,Rx,0,8,65,3C,1D,80,03,14,00,40,
19452883,00000086,false,Rx,0,8,10,0C,2C,20,00,00,00,00,
19452896,00000497,false,Rx,0,8,00,40,00,00,64,46,00,20,
19452909,0000054B,false,Rx,0,8,00,00,00,00,00,00,00,24,
19455656,0000012E,false,Rx,0,8,A2,E1,7F,00,FE,00,C0,FF,
19455669,000000A7,false,Rx,0,8,E2,2B,60,80,FD,05,C8,3E,
19455682,000000A8,false,Rx,0,8,6B,CB,5E,18,81,64,30,0E,
19457340,0000011D,false,Rx,0,8,CE,07,00,C8,00,00,00,00,
19468793,0000009F,false,Rx,0,8,01,3D,1D,80,03,14,00,40,
19468821,000000B2,false,Rx,0,8,00,00,00,00,00,00,00,00,
19468838,00000101,false,Rx,0,8,BC,06,7E,F2,A1,0A,40,00,
19468851,00000106,false,Rx,0,8,00,86,B4,04,08,00,F3,30,
19468864,0000011E,false,Rx,0,8,A3,06,00,00,00,00,00,00,
19468877,0000031B,false,Rx,0,8,EE,08,00,00,00,63,15,00,
19468890,000000AD,false,Rx,0,8,35,E7,BF,FF,00,14,00,00,
19468904,00000117,false,Rx,0,8,FF,01,00,40,68,00,00,FF,
19480009,00000381,false,Rx,0,8,FF,FF,FF,FF,FF,FF,FF,8F,
19480034,00000382,false,Rx,0,8,FF,FF,FF,FF,FF,FF,FF,8F,
19480048,00000584,false,Rx,0,6,41,04,00,00,00,00,00,00,
19480061,000005F0,false,Rx,0,8,64,E4,64,00,00,64,00,00,
19480074,000000B2,false,Rx,0,8,00,00,00,00,00,00,00,00,
19480088,000000FD,false,Rx,0,8,A5,D6,1F,80,00,00,00,00,
19480101,00000104,false,Rx,0,8,11,36,A6,00,E6,00,20,00,
19480150,00000116,false,Rx,0,8,04,06,33,D2,28,62,87,FF,
19490166,00000101,false,Rx,0,8,DC,07,7E,F2,A1,07,40,00,
19490227,00000106,false,Rx,0,8,64,87,B4,04,08,00,F3,30,
19490240,0000011E,false,Rx,0,8,C7,07,00,00,00,00,00,00,
19490254,00000117,false,Rx,0,8,53,02,00,40,68,00,00,FF,
19490267,000000A7,false,Rx,0,8,26,2E,60,80,FD,05,C8,3E,
19490280,000000A8,false,Rx,0,8,7C,CE,5E,18,81,64,2C,0E,
19490293,0000011B,false,Rx,0,8,00,20,00,00,00,00,00,00,
19490306,00000120,false,Rx,0,8,59,07,00,00,01,04,FF,01,
19499314,0000009F,false,Rx,0,8,F1,30,1D,80,03,13,00,40,
19500071,00000086,false,Rx,0,8,FE,00,2C,20,00,00,00,00,
19500086,00000391,false,Rx,0,8,0D,66,23,41,00,28,00,22,
19500100,000003BE,false,Rx,0,8,F1,19,E6,51,C8,80,00,80,
19500113,000000B2,false,Rx,0,8,00,00,00,00,00,00,00,00,
19500142,000000FD,false,Rx,0,8,9F,D7,1F,80,00,00,00,00,
19507092,00000104,false,Rx,0,8,75,37,A6,00,E6,00,20,00,
19507106,00000116,false,Rx,0,8,60,07,33,D2,28,62,87,FF,
19507119,00000392,false,Rx,0,8,42,24,00,00,00,00,00,04,
19507132,000002B7,false,Rx,0,8,8D,01,00,00,00,00,00,00,
19507145,000003DB,false,Rx,0,8,50,00,01,00,04,20,01,6E,
19507158,0000012E,false,Rx,0,8,F2,E3,7F,00,FE,00,C0,FF,
19507171,000000A7,false,Rx,0,8,F8,2F,60,80,FD,05,C8,3E,
19507184,000000A8,false,Rx,0,8,F3,CF,5E,18,81,64,2C,0E,
19517258,0000030D,false,Rx,0,4,00,00,00,00,00,00,00,00,
19517289,00000395,false,Rx,0,8,18,09,24,06,B4,41,50,1C,
19517303,00000117,false,Rx,0,8,37,03,00,40,68,00,00,FF,
19517316,000000A7,false,Rx,0,8,31,20,60,80,FD,05,C8,3E,
19522287,000000A8,false,Rx,0,8,9B,C0,5E,18,81,64,2C,0E,
19522302,00000120,false,Rx,0,8,00,08,00,00,01,04,FF,01,
19522315,00000121,false,Rx,0,8,0C,08,00,40,39,57,7E,FE,
19525889,0000009F,false,Rx,0,8,39,32,1D,80,03,13,00,40,
19525914,00000086,false,Rx,0,8,36,02,2C,20,00,00,00,00,
19525928,000000B1,false,Rx,0,8,85,27,00,00,00,00,00,00,
19525941,000000B2,false,Rx,0,8,00,00,00,00,00,00,00,00,
19525954,000000FD,false,Rx,0,8,58,D8,1F,80,00,00,00,00,
19525967,000003C8,false,Rx,0,8,00,00,54,24,00,12,00,4D,
19525980,00000104,false,Rx,0,8,A3,38,A6,00,E6,00,20,40,
19525994,00000116,false,Rx,0,8,22,08,33,D2,28,62,87,FF,
19533907,00000121,false,Rx,0,8,F3,09,00,40,39,57,7E,FE,
19534021,0000009F,false,Rx,0,8,FB,34,1D,80,03,12,00,40,
19534035,00000086,false,Rx,0,8,41,04,2C,20,00,00,00,00,
19534048,000000B2,false,Rx,0,8,00,00,00,00,00,00,00,00,
19534063,17F00072,true,Rx,0,8,00,00,00,00,00,00,00,00,
19534076,000000FD,false,Rx,0,8,6A,D9,1F,80,00,00,00,00,
19534089,00000104,false,Rx,0,8,C7,39,A6,00,E6,00,20,40,
19534102,00000116,false,Rx,0,8,46,09,33,D2,28,62,87,FF,
19541620,0000012E,false,Rx,0,8,35,E5,7F,00,FE,00,C0,FF,
19541645,000003E5,false,Rx,0,8,EB,16,00,00,00,00,00,00,
19541659,000000A7,false,Rx,0,8,4C,23,60,80,FD,05,C8,3E,
19541672,000000A8,false,Rx,0,8,3A,C3,5E,18,81,64,38,0E,
19541686,1B000012,true,Rx,0,8,12,00,04,01,11,00,00,00,
19541699,0000011D,false,Rx,0,8,20,0B,00,C8,00,00,00,00,
19541713,00000086,false,Rx,0,8,25,05,2C,20,00,00,00,00,
19541726,0000009F,false,Rx,0,8,9F,35,1D,80,03,12,00,40,
19552132,000002B7,false,Rx,0,8,55,02,00,00,00,00,00,00,
19552157,00000380,false,Rx,0,8,0E,08,40,00,00,00,00,FF,
19552171,00000117,false,Rx,0,8,40,05,00,40,68,00,00,FF,
19552184,000000A7,false,Rx,0,8,76,24,60,80,FD,05,C8,3E,
19552197,000000A8,false,Rx,0,8,DE,C4,5E,18,81,64,34,0E,
19552210,00000120,false,Rx,0,8,8D,0A,00,00,01,04,FF,01,
19552223,00000121,false,Rx,0,8,96,0A,00,40,39,57,7E,FE,
19552236,0000009F,false,Rx,0,8,33,36,1D,80,03,12,00,40,
19556456,000000FD,false,Rx,0,8,26,DA,1F,80,00,00,00,00,
19556472,00000104,false,Rx,0,8,84,3A,A6,00,E6,00,00,40,
19556485,00000116,false,Rx,0,8,EA,0A,33,D2,28,62,87,FF,
19556498,0000030D,false,Rx,0,4,00,00,00,00,00,00,00,00,
19556534,17330A10,true,Rx,0,3,32,8F,00,00,00,00,00,00,
19556547,0000012E,false,Rx,0,8,7F,E6,7F,00,FE,00,C0,FF,
19556560,000000A7,false,Rx,0,8,1F,25,A0,7F,FD,F9,A7,3E,
19570654,000000B2,false,Rx,0,8,00,00,00,00,00,00,00,00,
19570684,00000101,false,Rx,0,8,3A,0B,7D,F2,A1,0F,40,00,
19570699,00000106,false,Rx,0,8,8A,8B,B4,04,08,00,F3,30,
19570712,0000011E,false,Rx,0,8,29,0B,00,00,00,00,00,00,
19570725,0000031B,false,Rx,0,8,35,0A,00,00,00,63,15,00,
19570738,000000AD,false,Rx,0,8,86,E1,BF,FF,00,14,00,00,
19570751,00000117,false,Rx,0,8,EC,06,00,40,68,00,00,FF,
19570764,000000A7,false,Rx,0,8,63,26,A0,7F,FD,F9,87,3E,
19581482,0000030B,false,Rx,0,8,10,02,02,00,08,00,00,00,
19581507,00000116,false,Rx,0,8,8E,0B,33,D2,28,62,87,FF,
19581521,00000040,false,Rx,0,8,F9,03,00,00,C1,00,00,00,
19581534,0000012E,false,Rx,0,8,6C,E7,7F,00,FE,00,C0,FF,
19581547,000000A7,false,Rx,0,8,EA,27,A0,7F,FD,F9,87,3E,
19581560,000000A8,false,Rx,0,8,27,87,BE,17,80,64,34,0E,
19581573,00000108,false,Rx,0,8,EC,1F,D1,24,57,FE,00,00,
19581586,0000011D,false,Rx,0,8,57,0D,00,C8,00,00,00,00,
19591829,00000585,false,Rx,0,8,09,3C,00,7F,14,00,00,00,
19591854,000003EC,false,Rx,0,8,C1,00,00,00,00,08,01,00,
19591867,00000117,false,Rx,0,8,88,07,00,40,68,00,00,FF,
19591880,000000A7,false,Rx,0,8,A7,28,A0,7F,FD,F9,87,3E,
19591894,000000A8,false,Rx,0,8,4D,88,BE,17,80,64,38,0E,
19591907,0000011B,false,Rx,0,8,00,20,00,00,00,00,00,00,
19591920,00000120,false,Rx,0,8,FB,0C,00,00,01,04,FF,01,
19591933,00000121,false,Rx,0,8,C5,0C,00,00,39,57,7E,FE,
19602265,000002B7,false,Rx,0,8,0C,03,00,00,00,00,00,00,
19602290,000003DB,false,Rx,0,8,50,00,01,00,04,20,01,6E,
19602303,0000012E,false,Rx,0,8,05,E8,7F,00,FE,00,C0,FF,
19602316,000000A7,false,Rx,0,8,77,29,A0,7F,FD,F9,87,3E,
19607602,000000A8,false,Rx,0,8,3F,89,BE,17,80,64,38,0E,
19607624,0000011D,false,Rx,0,8,FB,0E,00,C8,00,00,00,00,
19607637,00000086,false,Rx,0,8,03,0B,2C,20,00,00,00,00,
19607650,0000009F,false,Rx,0,8,B9,3B,1D,80,03,12,00,40,
19607663,000000B2,false,Rx,0,8,00,00,00,00,00,00,00,00,
19607676,00000108,false,Rx,0,8,AE,10,D1,24,57,FE,00,00,
19607689,00000101,false,Rx,0,8,BD,0D,7D,F2,A1,0C,40,00,
19607702,00000106,false,Rx,0,8,FD,8D,B4,04,08,00,F3,30,
19616597,000000B1,false,Rx,0,8,30,28,00,00,00,00,00,00,
19616622,000000B2,false,Rx,0,8,00,00,00,00,00,00,00,00,
19616757,000003C8,false,Rx,0,8,00,00,54,24,00,12,00,4D,
19616784,000000FD,false,Rx,0,8,19,DD,1F,80,00,00,00,00,
19616797,00000104,false,Rx,0,8,97,3D,A6,00,E6,00,00,40,
19616810,00000116,false,Rx,0,8,F9,0D,33,D2,28,62,87,FF,
19616823,000001A2,false,Rx,0,8,69,02,10,00,E1,06,80,13,
19616837,0000031B,false,Rx,0,8,FA,0B,00,00,00,63,15,00,
19624577,00000086,false,Rx,0,8,74,0D,2C,20,00,00,00,00,
19624615,0000009F,false,Rx,0,8,CE,3D,1D,80,03,12,00,40,
19624629,0000011D,false,Rx,0,8,9F,0F,00,C8,00,00,00,00,
19624642,000000B2,false,Rx,0,8,00,00,00,00,00,00,00,00,
19624655,00000101,false,Rx,0,8,6F,0E,7D,F2,A1,06,40,00,
19624669,00000106,false,Rx,0,8,51,8E,B4,04,08,00,F3,30,
19624682,0000030B,false,Rx,0,8,10,03,02,00,08,00,00,00,
19624695,0000011E,false,Rx,0,8,F2,0E,00,00,00,00,00,00,
19635046,000000A7,false,Rx,0,8,3F,2C,20,80,FD,01,88,3E,
19635077,00000108,false,Rx,0,8,CA,11,D1,24,57,FE,00,00,
19635094,000000A8,false,Rx,0,8,FD,8C,DE,97,80,64,44,0E,
19635107,00000396,false,Rx,0,8,1C,01,00,11,00,00,00,00,
19635120,00000120,false,Rx,0,8,20,0E,00,00,01,04,FF,01,
19635133,00000121,false,Rx,0,8,45,0E,00,00,39,57,7E,FE,
19635146,0000009F,false,Rx,0,8,62,3E,1D,80,03,12,00,40,
19635160,00000086,false,Rx,0,8,D8,0E,2C,20,00,00,00,00,
19644139,000000A8,false,Rx,0,8,39,9D,DE,D7,80,64,48,0E,
19644162,0000011D,false,Rx,0,8,DD,00,00,C8,00,00,00,00,
19644176,00000086,false,Rx,0,8,BC,0F,2C,20,00,00,00,00,
19644189,0000009F,false,Rx,0,8,06,3F,1D,80,03,12,00,40,
19644202,000000B2,false,Rx,0,8,00,00,00,00,00,00,00,00,
19644215,00000101,false,Rx,0,8,0B,0F,7D,F2,A1,06,40,00,
19644229,00000106,false,Rx,0,8,35,8F,B4,04,08,00,F3,30,
19644242,0000011E,false,Rx,0,8,96,0F,00,00,00,00,00,00,
19654023,00000117,false,Rx,0,8,02,0A,00,40,68,00,00,FF,
19654048,000000A7,false,Rx,0,8,A4,2E,20,80,FD,01,98,3E,
19654062,000000A8,false,Rx,0,8,B3,9E,DE,D7,80,64,4C,0E,
19654075,00000120,false,Rx,0,8,F5,0F,00,00,01,04,FF,01,
19654088,00000121,false,Rx,0,8,F3,0F,00,00,39,57,7E,FE,
19654101,0000009F,false,Rx,0,8,44,30,1D,80,03,12,00,40,
19654114,00000086,false,Rx,0,8,FE,00,2C,20,00,00,00,00,
19654128,00000497,false,Rx,0,8,00,40,00,00,64,46,00,20,
19658982,0000012E,false,Rx,0,8,D1,EB,7F,00,FE,00,C0,FF,
19658998,000000A7,false,Rx,0,8,7A,2F,20,80,FD,01,98,3E,
19659011,000000A8,false,Rx,0,8,AC,9F,DE,D7,80,64,54,0E,
19659024,0000011D,false,Rx,0,8,B9,01,00,C8,00,00,00,00,
19659037,00000086,false,Rx,0,8,9A,01,2C,20,00,00,00,00,
19659050,0000009F,false,Rx,0,8,EF,31,1D,80,03,14,00,40,
19660339,000000B2,false,Rx,0,8,00,00,00,00,00,00,00,00,
19661339,00000101,false,Rx,0,8,BD,00,7D,F2,A1,08,40,00,
19677033,00000117,false,Rx,0,8,66,0B,00,40,68,00,00,FF,
19677066,000000A7,false,Rx,0,8,B3,20,20,80,FD,01,98,3E,
19677083,000000A8,false,Rx,0,8,8C,90,DE,D7,80,64,58,0E,
19677096,00000120,false,Rx,0,8,3F,00,00,00,01,04,FF,01,
19677109,00000365,false,Rx,0,8,C1,C6,18,40,8F,02,AC,7A,
19677122,00000121,false,Rx,0,8,D7,00,00,C0,38,57,7E,FE,
19677135,0000032A,false,Rx,0,8,79,0E,00,00,44,04,00,00,
19677161,00000086,false,Rx,0,8,36,02,2C,20,00,00,00,00,
19688265,0000012E,false,Rx,0,8,72,EC,7F,00,FE,00,C0,FF,
19688296,00000520,false,Rx,0,8,20,05,00,08,00,0A,00,00,
19688310,000000A7,false,Rx,0,8,3B,21,20,80,FD,01,98,3E,
19691957,00000108,false,Rx,0,8,02,13,D1,24,57,FE,00,00,
19691986,000000A8,false,Rx,0,8,F8,91,FE,17,81,64,60,0E,
19692000,0000011D,false,Rx,0,8,15,02,00,C8,00,00,00,00,
19692013,00000086,false,Rx,0,8,52,03,2C,20,00,00,00,00,
19692026,0000009F,false,Rx,0,8,27,33,1D,80,03,14,00,40,
19692040,000000B2,false,Rx,0,8,00,00,00,00,00,00,00,00,
19692053,00000101,false,Rx,0,8,5F,01,7E,F2,A1,09,40,00,
19692066,00000106,false,Rx,0,8,13,81,B4,04,08,00,F3,30,
19701978,000002B7,false,Rx,0,8,44,05,00,00,00,00,00,00,
19702007,000003DB,false,Rx,0,8,50,00,01,00,04,20,01,6E,
19702027,0000012E,false,Rx,0,8,58,ED,7F,00,FE,00,C0,FF,
19702040,000000A7,false,Rx,0,8,C1,23,20,80,FD,01,A8,3E,
19702053,000000A8,false,Rx,0,8,42,A3,FE,17,81,64,68,0E,
19708856,0000011D,false,Rx,0,8,71,03,00,C8,00,00,00,00,
19708875,00000086,false,Rx,0,8,25,05,2C,20,00,00,00,00,
19708888,0000009F,false,Rx,0,8,50,35,1D,80,03,14,00,40,
19708901,000000B2,false,Rx,0,8,00,00,00,00,00,00,00,00,
19708914,00000108,false,Rx,0,8,11,14,D1,24,57,FE,00,00,
19708927,00000101,false,Rx,0,8,85,02,7D,F2,A1,0B,40,00,
19708940,00000106,false,Rx,0,8,BF,82,B4,04,08,00,F3,30,
19708953,0000011E,false,Rx,0,8,1C,02,00,00,00,00,00,00,
19720202,00000381,false,Rx,0,8,FF,FF,FF,FF,FF,FF,FF,BF,
19720235,00000382,false,Rx,0,8,FF,FF,FF,FF,FF,FF,FF,BF,
19720252,000000B1,false,Rx,0,8,ED,29,00,00,00,00,00,00,
19720265,000000B2,false,Rx,0,8,00,00,00,00,00,00,00,00,
19720278,000000FD,false,Rx,0,8,CE,D2,1F,80,00,00,00,00,
19720291,000003C8,false,Rx,0,8,00,00,54,24,00,12,00,4D,
19720304,00000104,false,Rx,0,8,D5,32,A6,00,E6,00,00,40,
19720317,00000116,false,Rx,0,8,BB,02,33,D2,28,62,87,FF,
19729705,0000031B,false,Rx,0,8,C8,0D,00,00,00,63,15,00,
19729719,00000668,false,Rx,0,8,82,00,00,29,00,03,31,01,
19729849,000000AD,false,Rx,0,8,48,E0,BF,FF,00,14,00,00,
19729862,0000012E,false,Rx,0,8,82,EE,7F,00,FE,00,C0,FF,
19729875,000000A7,false,Rx,0,8,80,25,20,80,FD,01,A8,3E,
19729889,000000A8,false,Rx,0,8,BC,A5,FE,17,81,64,6C,0E,
19729902,00000365,false,Rx,0,8,C1,C6,18,40,8E,02,AC,7A,
19729949,0000032A,false,Rx,0,8,1D,0F,00,00,44,04,00,00,
19738496,000000FD,false,Rx,0,8,BB,D3,1F,80,00,00,00,00,
19738519,00000104,false,Rx,0,8,B1,33,A6,00,E6,00,00,40,
19738801,00000116,false,Rx,0,8,DF,03,33,D2,28,62,87,FF,
19738815,0000012E,false,Rx,0,8,85,EF,7F,00,FE,00,C0,FF,
19738908,000003E5,false,Rx,0,8,5A,18,00,00,00,00,00,00,
19738920,000000A7,false,Rx,0,8,9A,27,20,80,FD,01,A8,3E,
19738934,000000A8,false,Rx,0,8,09,A7,FE,17,81,64,74,0E,
19738948,1B000012,true,Rx,0,8,12,00,04,01,11,00,00,00,
19748072,000000B2,false,Rx,0,8,00,00,00,00,00,00,00,00,
19748212,00000101,false,Rx,0,8,CD,04,7D,F2,A1,0E,40,00,
19748228,00000106,false,Rx,0,8,C8,84,B4,04,08,00,F3,30,
19748241,0000011E,false,Rx,0,8,6B,04,00,00,00,00,00,00,
19748254,000002B7,false,Rx,0,8,92,06,00,00,00,00,00,00,
19748267,00000117,false,Rx,0,8,D9,0F,00,40,68,00,00,FF,
19748280,000000A7,false,Rx,0,8,D7,28,20,80,FD,01,A8,3E,
19748293,000000A8,false,Rx,0,8,63,A8,FE,17,81,64,78,0E,
19757498,0000009F,false,Rx,0,8,68,3A,1D,80,03,13,00,40,
19757512,00000086,false,Rx,0,8,93,0A,2D,20,00,00,00,00,
19757525,00000497,false,Rx,0,8,00,40,00,00,64,46,00,20,
19757538,000000B2,false,Rx,0,8,00,00,00,00,00,00,00,00,
19757563,00000108,false,Rx,0,8,D9,16,D1,24,57,FE,00,00,
19757576,000000FD,false,Rx,0,8,2D,D4,1F,80,00,00,00,00,
19757590,00000104,false,Rx,0,8,A2,34,A6,00,E6,00,00,40,
19757603,00000116,false,Rx,0,8,CC,04,33,D2,28,62,87,FF,
19761948,000000B2,false,Rx,0,8,00,00,00,00,00,00,00,00,
19761966,00000101,false,Rx,0,8,EC,05,7D,F2,A1,0C,40,00,
19761980,00000106,false,Rx,0,8,AC,85,B4,04,08,00,F3,30,
19761993,0000011E,false,Rx,0,8,0F,05,00,00,00,00,00,00,
19762006,0000031B,false,Rx,0,8,8D,0E,00,00,00,63,15,00,
19764422,000000AD,false,Rx,0,8,74,E5,BF,FF,00,14,00,00,
19775897,00000117,false,Rx,0,8,9B,00,00,40,68,00,00,FF,
19775932,000000A7,false,Rx,0,8,0D,2A,E0,7F,FD,FD,A7,3E,
19776035,000000A8,false,Rx,0,8,BB,AA,1E,18,81,64,7C,0E,
19776049,00000120,false,Rx,0,8,B4,05,00,00,01,04,FF,01,
19776062,00000365,false,Rx,0,8,C1,C6,18,40,8D,02,AC,7A,
19776075,00000121,false,Rx,0,8,A6,05,00,00,39,57,7E,FE,
19776088,0000032A,false,Rx,0,8,5F,00,00,00,44,04,00,00,
19776101,00000086,false,Rx,0,8,10,0C,2C,20,00,00,00,00,
19786981,00000040,false,Rx,0,8,46,07,00,00,C1,00,00,00,
19787119,0000012E,false,Rx,0,8,A2,E1,7F,00,FE,00,C0,FF,
19787132,000000A7,false,Rx,0,8,8F,2B,20,80,FD,01,B8,3E,
19787145,000000A8,false,Rx,0,8,D4,BB,1E,18,81,64,7C,0E,
19787158,00000108,false,Rx,0,8,BD,17,D1,24,57,FE,00,00,
19787171,0000011D,false,Rx,0,8,CE,07,00,C8,00,00,00,00,
19787211,00000086,false,Rx,0,8,74,0D,2C,20,00,00,00,00,
19787224,0000009F,false,Rx,0,8,CE,3D,1D,80,03,12,00,40,
19796506,000000A7,false,Rx,0,8,3C,2C,E0,7F,FD,FD,B7,3E,
19796541,000000A8,false,Rx,0,8,B1,BC,1E,18,81,64,80,0E,
19796557,0000011B,false,Rx,0,8,00,20,00,00,00,00,00,00,
19796570,00000120,false,Rx,0,8,5B,06,00,00,01,04,FF,01,
19796583,00000121,false,Rx,0,8,A1,06,00,00,39,57,7E,FE,
19796597,0000009F,false,Rx,0,8,D7,3E,1D,80,03,13,00,40,
19796610,00000086,false,Rx,0,8,D8,0E,2C,20,00,00,00,00,
19796623,00000391,false,Rx,0,8,0E,66,23,45,00,28,00,22,
19803243,0000011D,false,Rx,0,8,8C,08,00,C8,00,00,00,00,
19803262,00000086,false,Rx,0,8,BC,0F,2C,20,00,00,00,00,
19803276,0000009F,false,Rx,0,8,B3,3F,1D,80,03,13,00,40,
19803289,000000B2,false,Rx,0,8,00,00,00,00,00,00,00,00,
19803302,00000108,false,Rx,0,8,FF,18,D1,24,57,FE,00,00,
19803315,00000101,false,Rx,0,8,D8,07,7E,F2,A1,0A,40,00,
19803335,00000106,false,Rx,0,8,64,87,B4,04,08,00,F3,30,
19803348,0000011E,false,Rx,0,8,C7,07,00,00,00,00,00,00,
19829094,0000032A,false,Rx,0,8,3B,01,00,00,44,04,00,00,
19829128,00000086,false,Rx,0,8,9A,01,2C,20,00,00,00,00,
19829144,0000009F,false,Rx,0,8,20,31,1D,80,03,12,00,40,
19829157,0000011D,false,Rx,0,8,E8,09,00,C8,00,00,00,00,
19829170,000000B2,false,Rx,0,8,00,00,00,00,00,00,00,00,
19829183,00000101,false,Rx,0,8,AD,08,7D,F2,A1,07,40,00,
19829196,00000106,false,Rx,0,8,26,88,B4,04,08,00,F3,30,
19829209,0000030B,false,Rx,0,8,10,07,02,00,08,00,00,00,
19837140,00000120,false,Rx,0,8,00,08,00,00,01,04,FF,01,
19837176,00000121,false,Rx,0,8,31,08,00,00,39,57,7E,FE,
19838950,0000009F,false,Rx,0,8,39,32,1D,80,03,13,00,40,
19838967,00000086,false,Rx,0,8,36,02,2C,20,00,00,00,00,
19838980,000000B2,false,Rx,0,8,00,00,00,00,00,00,00,00,
19838993,000000FD,false,Rx,0,8,58,D8,1F,80,00,00,00,00,
19839006,00000104,false,Rx,0,8,4C,38,A6,00,E6,00,00,40,
19839019,00000116,false,Rx,0,8,22,08,33,D2,28,62,87,FF,
19839032,0000012E,false,Rx,0,8,D5,E4,7F,00,FE,00,C0,FF,
19839046,000003E5,false,Rx,0,8,B7,19,00,00,00,00,00,00,
19848976,000000B2,false,Rx,0,8,00,00,00,00,00,00,00,00,
19848998,00000101,false,Rx,0,8,88,09,7D,F2,A1,08,40,00,
19849012,00000106,false,Rx,0,8,42,89,B4,04,08,00,F3,30,
19849025,0000011E,false,Rx,0,8,E1,09,00,00,00,00,00,00,
19849038,000002B7,false,Rx,0,8,12,08,00,00,00,00,00,00,
19849051,00000117,false,Rx,0,8,24,04,00,40,68,00,00,FF,
19849065,000000A7,false,Rx,0,8,AC,22,E0,7F,FD,FD,B7,3E,
19849078,000000A8,false,Rx,0,8,B9,B2,3E,18,81,64,78,0E,
19858848,00000497,false,Rx,0,8,00,40,00,00,64,46,00,20,
19858880,000000B2,false,Rx,0,8,00,00,00,00,00,00,00,00,
19858894,00000108,false,Rx,0,8,37,1A,D1,24,57,FE,00,00,
19858907,000000FD,false,Rx,0,8,6A,D9,1F,80,00,00,00,00,
19858920,00000104,false,Rx,0,8,28,39,A6,00,E6,00,00,40,
19858933,00000116,false,Rx,0,8,46,09,33,D2,28,62,87,FF,
19858946,0000030D,false,Rx,0,4,00,00,00,00,00,00,00,00,
19858959,0000012E,false,Rx,0,8,35,E5,7F,00,FE,00,C0,FF,
19863785,000000B2,false,Rx,0,8,00,00,00,00,00,00,00,00,
19863801,00000101,false,Rx,0,8,D4,0A,7D,F2,A1,0B,40,00,
19863814,00000106,false,Rx,0,8,EE,8A,B4,04,08,00,F3,30,
19863828,0000011E,false,Rx,0,8,4D,0A,00,00,00,00,00,00,
19863841,0000031B,false,Rx,0,8,44,00,00,00,00,63,15,00,
19864491,000000AD,false,Rx,0,8,D5,EF,BF,FF,00,14,00,00,
19878139,0000032A,false,Rx,0,8,97,02,00,00,44,04,00,00,
19878167,00000086,false,Rx,0,8,89,06,2C,20,00,00,00,00,
19878182,0000009F,false,Rx,0,8,86,36,1D,80,03,13,00,40,
19878195,000003C0,false,Rx,0,4,C5,0C,03,00,00,00,00,00,
19878208,00000381,false,Rx,0,8,FF,FF,FF,FF,FF,FF,FF,DF,
19878221,00000382,false,Rx,0,8,FF,FF,FF,FF,FF,FF,FF,DF,
19878234,00000584,false,Rx,0,6,E9,06,00,00,00,00,00,00,
19878247,000005F0,false,Rx,0,8,64,E4,64,00,00,64,00,00,
19888403,1B000010,true,Rx,0,8,10,00,04,05,09,00,00,00,
19888432,00000040,false,Rx,0,8,60,09,00,00,C1,00,00,00,
19888446,00000041,false,Rx,0,8,7F,0A,00,00,00,00,00,00,
19888573,0000012E,false,Rx,0,8,7F,E6,7F,00,FE,00,C0,FF,
19888586,000000A7,false,Rx,0,8,92,25,E0,7F,FD,FD,C7,3E,
19888599,00000108,false,Rx,0,8,53,1B,D1,24,57,FE,00,00,
19888612,000000A8,false,Rx,0,8,8F,C5,3E,18,81,64,78,0E,
19888625,00000520,false,Rx,0,8,8C,06,00,08,00,0A,00,00,
19895749,000000B2,false,Rx,0,8,00,00,00,00,00,00,00,00,
19895770,000000FD,false,Rx,0,8,09,DB,1F,80,00,00,00,00,
19895784,00000104,false,Rx,0,8,E0,3B,A6,00,E6,00,00,40,
19895797,00000116,false,Rx,0,8,8E,0B,33,D2,28,62,87,FF,
19895810,00000392,false,Rx,0,8,AC,28,00,00,00,00,00,04,
19895825,17F00013,true,Rx,0,8,20,13,00,00,00,00,00,80,
19895838,000002B7,false,Rx,0,8,7D,09,00,00,00,00,00,00,
19895851,000003DB,false,Rx,0,8,50,00,01,00,04,20,01,6E,
19906410,0000011D,false,Rx,0,8,57,0D,00,C8,00,00,00,00,
19906434,00000086,false,Rx,0,8,CB,09,2C,20,00,00,00,00,
19906569,0000009F,false,Rx,0,8,BE,39,1D,80,03,14,00,40,
19906582,000000B2,false,Rx,0,8,00,00,00,00,00,00,00,00,
19906595,00000108,false,Rx,0,8,40,1C,D1,24,57,FE,00,00,
19906608,00000101,false,Rx,0,8,16,0C,7D,F2,A1,0A,40,00,
19906621,00000106,false,Rx,0,8,99,8C,B4,04,08,00,F3,30,
19906634,0000011E,false,Rx,0,8,3A,0C,00,00,00,00,00,00,
19916516,0000009F,false,Rx,0,8,12,3A,1D,80,03,14,00,40,
19916546,00000086,false,Rx,0,8,67,0A,2C,20,00,00,00,00,
19916560,000000B1,false,Rx,0,8,C2,2B,00,00,00,00,00,00,
19916573,000000B2,false,Rx,0,8,00,00,00,00,00,00,00,00,
19916586,000000FD,false,Rx,0,8,90,DC,1F,80,00,00,00,00,
19916599,000003C8,false,Rx,0,8,00,00,54,24,00,12,00,4D,
19916612,00000104,false,Rx,0,8,F3,3C,A6,00,E6,00,00,40,
19916625,00000116,false,Rx,0,8,9D,0C,33,D2,28,62,87,FF,
19925264,0000032A,false,Rx,0,8,F3,03,00,00,44,04,00,00,
19925290,00000086,false,Rx,0,8,03,0B,2C,20,00,00,00,00,
19925305,0000009F,false,Rx,0,8,76,3B,1D,80,03,14,00,40,
19925319,0000011D,false,Rx,0,8,FB,0E,00,C8,00,00,00,00,
19930200,000000B2,false,Rx,0,8,00,00,00,00,00,00,00,00,
19930213,00000101,false,Rx,0,8,BD,0D,7D,F2,A1,0C,40,00,
19930227,00000106,false,Rx,0,8,FD,8D,B4,04,08,00,F3,30,
19930240,0000011E,false,Rx,0,8,5E,0D,00,00,00,00,00,00,
19930253,0000030B,false,Rx,0,8,10,09,02,00,08,00,00,00,
19930266,00000040,false,Rx,0,8,CC,0A,00,00,C1,00,00,00,
19930279,00000117,false,Rx,0,8,CA,08,00,40,68,00,00,FF,
19930292,000000A7,false,Rx,0,8,13,2A,E0,7F,FD,FD,C7,3E,
19937885,00000396,false,Rx,0,8,C7,04,00,11,00,00,00,00,
19938006,00000120,false,Rx,0,8,4B,0D,00,00,01,04,FF,01,
19938019,00000121,false,Rx,0,8,EB,0D,00,40,39,57,7E,FE,
19938032,0000009F,false,Rx,0,8,65,3C,1D,80,03,14,00,40,
19938045,00000086,false,Rx,0,8,10,0C,2C,20,00,00,00,00,
19938058,000000B2,false,Rx,0,8,00,00,00,00,00,00,00,00,
19938071,000000FD,false,Rx,0,8,19,DD,1F,80,00,00,00,00,
19938084,00000104,false,Rx,0,8,97,3D,A6,00,E6,00,00,40,
19938222,00000086,false,Rx,0,8,74,0D,2C,20,00,00,00,00,
19947534,0000009F,false,Rx,0,8,7B,3D,1D,80,03,13,00,40,
19947548,000000B2,false,Rx,0,8,00,00,00,00,00,00,00,00,
19947682,00000101,false,Rx,0,8,2E,0E,7D,F2,A1,09,40,00,
19947695,00000106,false,Rx,0,8,7B,8E,B4,04,08,00,F4,30,
19947708,0000011E,false,Rx,0,8,F2,0E,00,00,00,00,00,00,
19947722,000002B7,false,Rx,0,8,73,0A,00,00,00,00,00,00,
19947735,00000130,false,Rx,0,8,B7,8B,2D,80,08,00,04,00,
19957796,00000381,false,Rx,0,8,FF,FF,FF,FF,FF,FF,FF,EF,
19957821,00000382,false,Rx,0,8,FF,FF,FF,FF,FF,FF,FF,EF,
19957956,00000497,false,Rx,0,8,00,40,00,00,64,46,00,20,
19957969,0000054B,false,Rx,0,8,00,00,00,00,00,00,00,24,
19958040,000000B2,false,Rx,0,8,00,00,00,00,00,00,00,00,
19958053,00000108,false,Rx,0,8,88,1E,D1,24,57,FE,00,00,
19958090,000000FD,false,Rx,0,8,E6,DE,1F,80,00,00,00,00,
19958104,16A954C5,true,Rx,0,8,00,FF,00,00,00,00,00,00,
19964810,000000B2,false,Rx,0,8,00,00,00,00,00,00,00,00,
19964835,00000101,false,Rx,0,8,5B,0F,7D,F3,A1,0B,40,00,
19964849,00000106,false,Rx,0,8,1F,8F,B4,04,08,00,F4,30,
19964862,0000011E,false,Rx,0,8,96,0F,00,00,00,00,00,00,
19964875,0000031B,false,Rx,0,8,F1,02,00,00,00,63,15,00,
19964888,000000AD,false,Rx,0,8,A6,E9,BF,FF,00,14,00,00,
19964901,00000117,false,Rx,0,8,02,0A,00,40,68,00,00,FF,
19966553,000000A7,false,Rx,0,8,B9,2E,E0,7F,FD,FD,C7,3E,
19966569,000000A8,false,Rx,0,8,8D,CE,5E,18,81,64,6C,0E,
19966582,00000120,false,Rx,0,8,F5,0F,00,00,01,04,FF,01,
19978122,000000B2,false,Rx,0,8,00,00,00,00,00,00,00,00,
19978151,000000FD,false,Rx,0,8,71,DF,1F,80,00,00,00,00,
19978286,00000104,false,Rx,0,8,5F,3F,A6,00,E6,00,00,40,
19978299,0000030B,false,Rx,0,8,10,0A,02,00,08,00,00,00,
19978312,00000116,false,Rx,0,8,31,0F,33,D2,28,62,87,FF,
19983442,17330710,true,Rx,0,3,31,CD,00,00,00,00,00,00,
19983471,00000040,false,Rx,0,8,A8,0B,00,00,C1,00,00,00,
19983485,0000012E,false,Rx,0,8,D1,EB,7F,00,FE,00,C0,FF,
19983498,000000A7,false,Rx,0,8,67,2F,E0,7F,FD,FD,C7,3E,
19983515,000000A8,false,Rx,0,8,02,CF,5E,18,81,64,6C,0E,
19983528,00000108,false,Rx,0,8,EC,1F,D1,24,57,FE,00,00,
19983541,0000011D,false,Rx,0,8,B9,01,00,C8,00,00,00,00,
19992451,00000086,false,Rx,0,8,9A,01,2C,20,00,00,00,00,
19992468,0000009F,false,Rx,0,8,95,31,1D,80,03,13,00,40,
19992482,000000B2,false,Rx,0,8,00,00,00,00,00,00,00,00,
19992495,00000101,false,Rx,0,8,AC,00,7D,F3,A1,0A,40,00,
19992508,00000106,false,Rx,0,8,77,80,B4,04,08,00,F3,30,
19992521,0000011E,false,Rx,0,8,D4,00,00,00,00,00,00,00,
19992534,000003EC,false,Rx,0,8,C1,00,00,00,00,08,01,00,
19992547,00000117,false,Rx,0,8,66,0B,00,40,68,00,00,FF,
20003449,000002B7,false,Rx,0,8,05,0B,00,00,00,00,00,00,
20003474,000003DB,false,Rx,0,8,50,00,01,00,04,20,01,6E,
20003488,0000012E,false,Rx,0,8,72,EC,7F,00,FE,00,C0,FF,
20003501,000000A7,false,Rx,0,8,26,21,E0,7F,FD,FD,C7,3E,
20003514,000000A8,false,Rx,0,8,28,C1,5E,18,81,64,68,0E,
20003527,0000011D,false,Rx,0,8,15,02,00,C8,00,00,00,00,
20003540,00000086,false,Rx,0,8,52,03,2C,20,00,00,00,00,
20003554,0000009F,false,Rx,0,8,5D,33,1D,80,03,13,00,40,
20014277,00000117,false,Rx,0,8,75,0C,00,40,68,00,00,FF,
20014301,000000A7,false,Rx,0,8,52,22,E0,7F,FD,FD,C7,3E,
20014314,000000A8,false,Rx,0,8,5E,C2,5E,D8,80,64,60,0E,
20017023,00000120,false,Rx,0,8,CA,01,00,00,01,04,FF,01,
20017040,00000121,false,Rx,0,8,6C,01,00,40,39,57,7E,FE,
20017053,0000009F,false,Rx,0,8,FB,34,1D,80,03,12,00,40,
20017067,00000086,false,Rx,0,8,41,04,2C,20,00,00,00,00,
20017080,000000B1,false,Rx,0,8,E0,2C,00,00,00,00,00,00,
20017093,000000B2,false,Rx,0,8,00,00,00,00,00,00,00,00,
20017106,000000FD,false,Rx,0,8,01,D1,1F,80,00,00,00,00,
20017119,000003C8,false,Rx,0,8,00,00,54,24,00,12,00,4D,
20024661,0000009F,false,Rx,0,8,9F,35,1D,80,03,12,00,40,
20024684,0000011D,false,Rx,0,8,71,03,00,C8,00,00,00,00,
20024700,000000B2,false,Rx,0,8,00,00,00,00,00,00,00,00,
20024713,00000101,false,Rx,0,8,57,02,7E,F3,A1,0A,40,00,
20024726,00000106,false,Rx,0,8,F3,82,B2,04,08,00,F4,30,
20024739,0000011E,false,Rx,0,8,1C,02,00,00,00,00,00,00,
20024752,0000030B,false,Rx,0,8,10,0B,02,00,08,00,00,00,
20024959,00000040,false,Rx,0,8,BB,0C,00,00,C1,00,00,00,
20033694,000000A7,false,Rx,0,8,E9,24,E0,7F,FD,FD,C7,3E,
20033717,000000A8,false,Rx,0,8,5A,C4,5E,D8,80,64,5C,0E,
20033731,00000108,false,Rx,0,8,CA,11,D1,24,57,FE,00,00,
20033744,00000396,false,Rx,0,8,A3,05,00,11,00,00,00,00,
20033757,00000120,false,Rx,0,8,32,02,00,00,01,04,FF,01,
20033770,00000121,false,Rx,0,8,E3,02,00,40,39,57,7E,FE,
20033783,0000009F,false,Rx,0,8,33,36,1D,80,03,12,00,40,
20033797,00000086,false,Rx,0,8,89,06,2C,20,00,00,00,00,
20043945,0000012E,false,Rx,0,8,82,EE,7F,00,FE,00,C0,FF,
20043969,000003E5,false,Rx,0,8,A4,1B,00,00,00,00,00,00,
20043984,000000A7,false,Rx,0,8,92,25,E0,7F,FD,FD,C7,3E,
20043997,000000A8,false,Rx,0,8,08,C5,5E,D8,80,64,58,0E,
20044010,0000011D,false,Rx,0,8,62,04,00,C8,00,00,00,00,
20044023,00000086,false,Rx,0,8,ED,07,2C,20,00,00,00,00,
20044036,0000009F,false,Rx,0,8,57,37,1D,80,03,12,00,40,
20044049,000000B2,false,Rx,0,8,00,00,00,00,00,00,00,00,
20051959,00000117,false,Rx,0,8,BD,0E,00,40,68,00,00,FF,
20051982,000000A7,false,Rx,0,8,01,26,E0,7F,FD,FD,C7,3E,
20051996,000000A8,false,Rx,0,8,38,C6,5E,D8,80,64,58,0E,
20052009,00000120,false,Rx,0,8,E0,03,00,00,01,04,FF,01,
20052022,00000121,false,Rx,0,8,11,03,00,40,39,57,7E,FE,
20052035,0000009F,false,Rx,0,8,15,38,1D,80,03,12,00,40,
20052049,00000086,false,Rx,0,8,AF,08,2C,20,00,00,00,00,
20052062,00000497,false,Rx,0,8,00,40,00,00,64,46,00,20,
20060674,0000012E,false,Rx,0,8,85,EF,7F,00,FE,00,C0,FF,
20060705,000000A7,false,Rx,0,8,88,27,E0,7F,FD,FD,C7,3E,
20060719,000000A8,false,Rx,0,8,2D,C7,5E,D8,80,64,58,0E,
20060732,0000011D,false,Rx,0,8,06,05,00,C8,00,00,00,00,
20060745,00000086,false,Rx,0,8,CB,09,2C,20,00,00,00,00,
20060758,0000009F,false,Rx,0,8,C4,39,1D,80,03,13,00,40,
20060771,000000B2,false,Rx,0,8,00,00,00,00,00,00,00,00,
20060784,00000101,false,Rx,0,8,74,04,7E,F2,A1,0A,40,00,
20067968,0000011E,false,Rx,0,8,6B,04,00,00,00,00,00,00,
20067992,0000031B,false,Rx,0,8,81,04,00,00,00,63,15,00,
20068008,000000AD,false,Rx,0,8,E3,E3,BF,FF,00,14,00,00,
20068021,00000117,false,Rx,0,8,D9,0F,00,40,68,00,00,FF,
20068034,000000A7,false,Rx,0,8,C5,28,E0,7F,FD,FD,C7,3E,
20068047,000000A8,false,Rx,0,8,0F,C8,5E,D8,80,64,58,0E,
20068060,00000365,false,Rx,0,8,C0,C6,18,40,8E,02,AC,7A,
20068073,00000120,false,Rx,0,8,B6,04,00,00,01,04,FF,01,
20070077,00000366,false,Rx,0,8,00,00,00,00,80,03,00,00,
20070091,000003C0,false,Rx,0,4,80,0E,03,00,00,00,00,00,
20070338,000000B2,false,Rx,0,8,00,00,00,00,00,00,00,00,
20088567,000000B2,false,Rx,0,8,00,00,00,00,00,00,00,00,
20088596,00000101,false,Rx,0,8,E0,05,7E,F2,A1,09,40,00,
20088610,00000106,false,Rx,0,8,31,85,AC,04,08,00,F4,30,
20088623,0000011E,false,Rx,0,8,0F,05,00,00,00,00,00,00,
20088637,00000117,false,Rx,0,8,9B,00,00,40,68,00,00,FF,
20088650,000000A7,false,Rx,0,8,13,2A,E0,7F,FD,FD,C7,3E,
20088663,000000A8,false,Rx,0,8,FA,CA,5E,D8,80,64,4C,0E,
20088676,0000011B,false,Rx,0,8,00,20,00,00,00,00,00,00,
20098951,000000B2,false,Rx,0,8,00,00,00,00,00,00,00,00,
20099108,000000FD,false,Rx,0,8,B7,D5,1F,80,00,00,00,00,
20099124,00000104,false,Rx,0,8,C6,35,A6,00,E6,00,00,40,
20099137,00000116,false,Rx,0,8,A8,05,33,D2,28,62,87,FF,
20099150,00000392,false,Rx,0,8,64,2A,00,00,00,00,00,04,
20099163,000002B7,false,Rx,0,8,D3,0D,00,00,00,00,00,00,
20099177,000003DB,false,Rx,0,8,50,00,01,00,04,20,01,6E,
20099190,0000012E,false,Rx,0,8,A2,E1,7F,00,FE,00,C0,FF,
20109287,000000B2,false,Rx,0,8,00,00,00,00,00,00,00,00,
20109310,00000108,false,Rx,0,8,11,14,D1,24,57,FE,00,00,
20111965,00000101,false,Rx,0,8,40,06,7D,F2,A1,0C,40,00,
20111992,00000106,false,Rx,0,8,FB,86,AA,04,08,00,F4,30,
20112006,0000011E,false,Rx,0,8,A3,06,00,00,00,00,00,00,
20112138,0000030D,false,Rx,0,4,00,00,00,00,00,00,00,00,
20112151,00000395,false,Rx,0,8,18,05,24,06,B4,41,50,1C,
20112164,00000380,false,Rx,0,8,1D,0F,40,00,00,00,00,FF,
20112178,00000117,false,Rx,0,8,FF,01,00,40,68,00,00,FF,
20112191,000000A7,false,Rx,0,8,C2,2C,E0,7F,FD,FD,C7,3E,
20122080,000000B2,false,Rx,0,8,00,00,00,00,00,00,00,00,
20122110,000000FD,false,Rx,0,8,A5,D6,1F,80,00,00,00,00,
20122123,000003C8,false,Rx,0,8,00,00,54,24,00,12,00,4D,
20122137,00000104,false,Rx,0,8,6A,36,A6,00,E6,00,00,40,
20122150,00000116,false,Rx,0,8,04,06,33,D2,28,62,87,FF,
20122163,0000031B,false,Rx,0,8,6C,05,00,00,00,63,15,00,
20122176,000000AD,false,Rx,0,8,A2,E8,BF,FF,00,14,00,00,
20122189,0000012E,false,Rx,0,8,6B,E2,7F,00,FE,00,C0,FF,
20132153,00000106,false,Rx,0,8,58,87,A8,04,08,00,F4,30,
20132185,0000011E,false,Rx,0,8,C7,07,00,00,00,00,00,00,
20132201,0000030B,false,Rx,0,8,10,0D,02,00,08,00,00,00,
20132214,00000040,false,Rx,0,8,73,0E,00,00,C1,00,00,00,
20132227,00000117,false,Rx,0,8,53,02,00,40,68,00,00,FF,
20132240,000000A7,false,Rx,0,8,B5,2E,20,80,FD,01,C8,3E,
20132254,000000A8,false,Rx,0,8,F8,CE,5E,D8,80,64,44,0E,
20132266,00000108,false,Rx,0,8,75,15,D1,24,57,FE,00,00,
20141446,00000086,false,Rx,0,8,0A,00,2D,20,00,00,00,00,
20141460,000000B2,false,Rx,0,8,00,00,00,00,00,00,00,00,
20141473,000000FD,false,Rx,0,8,9F,D7,1F,80,00,00,00,00,
20141486,00000104,false,Rx,0,8,0E,37,A6,00,E6,00,00,40,
20141499,00000116,false,Rx,0,8,60,07,33,D2,28,62,87,FF,
20141513,0000012E,false,Rx,0,8,F2,E3,7F,00,FE,00,C0,FF,
20141526,000000A7,false,Rx,0,8,6B,2F,20,80,FD,01,C8,3E,
20141539,000003E5,false,Rx,0,8,57,1C,00,00,00,00,00,00,
20152433,000002B7,false,Rx,0,8,57,0E,00,00,00,00,00,00,
20152459,00000117,false,Rx,0,8,37,03,00,40,68,00,00,FF,
20152473,000000A7,false,Rx,0,8,A2,20,20,80,FD,01,C8,3E,
20152486,000000A8,false,Rx,0,8,91,C0,5E,D8,80,64,3C,0E,
20152499,00000120,false,Rx,0,8,00,08,00,00,01,04,FF,01,
20152512,00000121,false,Rx,0,8,0C,08,00,40,39,57,7E,FE,
20152525,0000009F,false,Rx,0,8,8C,32,1D,80,03,12,00,40,
20152538,00000086,false,Rx,0,8,36,02,2C,20,00,00,00,00,
20162931,0000012E,false,Rx,0,8,D5,E4,7F,00,FE,00,C0,FF,
20162955,000000A7,false,Rx,0,8,2A,21,20,80,FD,01,C8,3E,
20162969,000000A8,false,Rx,0,8,D3,C1,5E,D8,80,64,38,0E,
20162982,000006B4,false,Rx,0,8,02,57,33,37,32,32,38,33,
20162995,0000011D,false,Rx,0,8,44,0A,00,C8,00,00,00,00,
20163008,00000086,false,Rx,0,8,52,03,2C,20,00,00,00,00,
20163021,0000009F,false,Rx,0,8,E8,33,1D,80,03,12,00,40,
20163034,000000B2,false,Rx,0,8,00,00,00,00,00,00,00,00,
20169876,000000AD,false,Rx,0,8,5E,ED,BF,FF,00,14,00,00,
20169900,00000117,false,Rx,0,8,24,04,00,40,68,00,00,FF,
20169913,000000A7,false,Rx,0,8,5E,22,20,80,FD,01,C8,3E,
20169926,000000A8,false,Rx,0,8,77,C2,5E,D8,80,64,34,0E,
20169939,00000120,false,Rx,0,8,56,09,00,00,01,04,FF,01,
20169953,00000365,false,Rx,0,8,C0,C6,18,40,8F,02,AC,7A,
20169966,00000121,false,Rx,0,8,F3,09,00,40,39,57,7E,FE,
20169979,0000032A,false,Rx,0,8,0E,08,00,00,44,04,00,00,
20171531,000000B2,false,Rx,0,8,00,00,00,00,00,00,00,00,
20171545,000000FD,false,Rx,0,8,6A,D9,1F,80,00,00,00,00,
20186230,0000012E,false,Rx,0,8,35,E5,7F,00,FE,00,C0,FF,
20187489,000000A7,false,Rx,0,8,DF,23,20,80,FD,01,C8,3E,
20187507,000000A8,false,Rx,0,8,98,C3,5E,D8,80,64,34,0E,
20187523,00000108,false,Rx,0,8,BD,17,D1,24,57,FE,00,00,
20187536,0000011D,false,Rx,0,8,20,0B,00,C8,00,00,00,00,
20187549,00000086,false,Rx,0,8,25,05,2C,20,00,00,00,00,
20187563,0000009F,false,Rx,0,8,9F,35,1D,80,03,12,00,40,
20187576,000000B2,false,Rx,0,8,00,00,00,00,00,00,00,00,
20187684,00000101,false,Rx,0,8,61,0A,7D,F2,A1,0A,40,00,
20198959,00000391,false,Rx,0,8,0D,66,23,3E,00,28,00,22,
20198993,000003BE,false,Rx,0,8,D9,10,E6,51,C8,80,00,80,
20199009,00000640,false,Rx,0,8,A0,51,4E,96,80,A0,59,01,
20199022,00000381,false,Rx,0,8,FF,FF,FF,FF,FF,FF,FF,1F,
20199114,00000382,false,Rx,0,8,FF,FF,FF,FF,FF,FF,FF,1F,
20199127,000000B2,false,Rx,0,8,00,00,00,00,00,00,00,00,
20199141,0000065F,false,Rx,0,8,2E,20,00,00,00,00,37,7A,
20199154,000000FD,false,Rx,0,8,26,DA,1F,80,00,00,00,00,
20209537,00000086,false,Rx,0,8,ED,07,2C,20,00,00,00,00,
20209552,0000009F,false,Rx,0,8,57,37,1D,80,03,12,00,40,
20209727,000000B2,false,Rx,0,8,00,00,00,00,00,00,00,00,
20209740,00000108,false,Rx,0,8,FF,18,D1,24,57,FE,00,00,
20209768,00000101,false,Rx,0,8,05,0B,7D,F2,A1,0A,40,00,
20209781,00000106,false,Rx,0,8,1C,8B,A2,04,08,00,F4,30,
20209794,0000011E,false,Rx,0,8,29,0B,00,00,00,00,00,00,
20209807,000001AB,false,Rx,0,8,22,0E,00,02,00,00,05,00,
20219829,000000B2,false,Rx,0,8,00,00,00,00,00,00,00,00,
20219985,000000FD,false,Rx,0,8,09,DB,1F,80,00,00,00,00,
20220001,000003C8,false,Rx,0,8,00,00,54,24,00,12,00,4D,
20220014,00000104,false,Rx,0,8,35,3B,A6,00,E6,00,00,44,
20220027,00000116,false,Rx,0,8,8E,0B,33,D2,28,62,87,FF,
20220041,000001A2,false,Rx,0,8,74,05,10,00,E1,06,80,13,
20220054,0000031B,false,Rx,0,8,EC,07,00,00,00,63,15,00,
20220068,1B000013,true,Rx,0,8,13,00,04,01,01,00,00,00,
20230362,00000101,false,Rx,0,8,21,0C,7E,F2,A1,07,40,00,
20230387,00000106,false,Rx,0,8,3C,8C,A1,04,08,00,F4,30,
20230505,0000030B,false,Rx,0,8,10,0F,02,00,08,00,00,00,
20230519,0000011E,false,Rx,0,8,3A,0C,00,00,00,00,00,00,
20230532,00000040,false,Rx,0,8,55,00,00,00,C1,00,00,00,
20230545,00000117,false,Rx,0,8,88,07,00,40,68,00,00,FF,
20230558,000000A7,false,Rx,0,8,C9,28,20,80,FD,01,C8,3E,
20230571,000000A8,false,Rx,0,8,81,C8,5E,D8,80,64,20,0E,
20240759,00000104,false,Rx,0,8,26,3C,A6,00,E6,00,00,44,
20240788,00000116,false,Rx,0,8,9D,0C,33,D2,28,62,87,FF,
20240935,0000012E,false,Rx,0,8,05,E8,7F,00,FE,00,C0,FF,
20240949,000003E5,false,Rx,0,8,63,1D,00,00,00,00,00,00,
20240962,000000A7,false,Rx,0,8,19,29,20,80,FD,01,C8,3E,
20240975,000000A8,false,Rx,0,8,B4,C9,5E,D8,80,64,1C,0E,
20240988,000003E8,false,Rx,0,8,00,B7,00,00,00,00,00,00,
20241001,0000011D,false,Rx,0,8,FB,0E,00,C8,00,00,00,00,
20249196,000002B7,false,Rx,0,8,DC,00,00,00,00,00,00,00,
20249219,00000117,false,Rx,0,8,CA,08,00,40,68,00,00,FF,
20249233,000000A7,false,Rx,0,8,1F,2A,20,80,FD,01,C8,3E,
20249246,000000A8,false,Rx,0,8,D3,CA,5E,D8,80,64,18,0E,
20249259,00000120,false,Rx,0,8,4B,0D,00,00,01,04,FF,01,
20249306,000003FE,false,Rx,0,8,FF,3F,FF,FF,00,00,00,10,
20249319,00000121,false,Rx,0,8,EB,0D,00,40,39,57,7E,FE,
20257584,0000009F,false,Rx,0,8,AA,3C,1D,80,03,12,00,40,
20257598,00000086,false,Rx,0,8,10,0C,2C,20,00,00,00,00,
20257611,00000497,false,Rx,0,8,00,40,00,00,64,46,00,20,
20257624,000000B2,false,Rx,0,8,00,00,00,00,00,00,00,00,
20257637,00000108,false,Rx,0,8,37,1A,D1,24,57,FE,00,00,
20257651,000000FD,false,Rx,0,8,19,DD,1F,80,00,00,00,00,
20257664,00000104,false,Rx,0,8,AB,3D,A6,00,E6,00,00,45,
20257677,00000116,false,Rx,0,8,F9,0D,33,D2,28,62,87,FF,
20264786,000000B2,false,Rx,0,8,00,00,00,00,00,00,00,00,
20264821,00000101,false,Rx,0,8,FC,0E,7E,F3,A1,08,40,00,
20264836,00000106,false,Rx,0,8,00,8E,A0,04,08,00,F4,30,
20264850,0000011E,false,Rx,0,8,F2,0E,00,00,00,00,00,00,
20264862,0000031B,false,Rx,0,8,EE,08,00,00,00,63,15,00,
20264876,000000AD,false,Rx,0,8,35,E7,BF,FF,00,14,00,00,
20264889,00000117,false,Rx,0,8,AE,09,00,40,68,00,00,FF,
20264902,00000380,false,Rx,0,8,3B,01,40,00,00,00,00,FF,
20266905,000000A7,false,Rx,0,8,CE,2C,20,80,FD,01,C8,3E,
20266941,000000A8,false,Rx,0,8,D8,CC,5E,D8,80,64,0C,0E,
20287075,0000011D,false,Rx,0,8,DD,00,00,C8,00,00,00,00,
20287105,00000086,false,Rx,0,8,BC,0F,2C,20,00,00,00,00,
20287121,0000009F,false,Rx,0,8,06,3F,1D,80,03,12,00,40,
20287134,000000B2,false,Rx,0,8,00,00,00,00,00,00,00,00,
20287147,00000101,false,Rx,0,8,4A,0F,7D,F2,A1,09,40,00,
20287160,00000106,false,Rx,0,8,DA,8F,9F,04,08,00,F4,30,
20287186,0000011E,false,Rx,0,8,96,0F,00,00,00,00,00,00,
20287199,00000117,false,Rx,0,8,02,0A,00,40,68,00,00,FF,
20297110,00000391,false,Rx,0,8,0D,66,24,3E,00,28,00,22,
20297133,000003BE,false,Rx,0,8,AD,11,E6,51,C8,80,00,80,
20297282,000000B2,false,Rx,0,8,00,00,00,00,00,00,00,00,
20297295,000000FD,false,Rx,0,8,71,DF,1F,80,00,00,00,00,
20297308,00000104,false,Rx,0,8,77,3F,A6,00,E6,00,00,46,
20297321,00000116,false,Rx,0,8,31,0F,33,D2,28,62,87,FF,
20302631,00000392,false,Rx,0,8,13,2C,00,00,00,00,00,04,
20302644,000002B7,false,Rx,0,8,8D,01,00,00,00,00,00,00,
20302657,000003DB,false,Rx,0,8,50,00,01,00,04,20,01,6E,
20302670,0000012E,false,Rx,0,8,D1,EB,7F,00,FE,00,C0,FF,
20302684,000000A7,false,Rx,0,8,C6,2F,20,80,FC,01,C8,3E,
20302697,000000A8,false,Rx,0,8,53,CF,3E,D8,80,64,FC,0D,
20302710,0000011D,false,Rx,0,8,B9,01,00,C8,00,00,00,00,
20313584,00000117,false,Rx,0,8,66,0B,00,40,68,00,00,FF,
20313609,000000A7,false,Rx,0,8,0F,20,20,80,FC,01,C8,3E,
20313623,000000A8,false,Rx,0,8,3B,C0,3E,D8,80,64,FC,0D,
20313636,00000120,false,Rx,0,8,3F,00,00,00,01,04,FF,01,
20313649,00000121,false,Rx,0,8,00,00,00,40,39,57,7E,FE,
20313662,0000009F,false,Rx,0,8,8C,32,1D,80,03,12,00,40,
20313679,00000086,false,Rx,0,8,36,02,2C,20,00,00,00,00,
20313692,000000B1,false,Rx,0,8,4D,2F,00,00,00,00,00,00,
20323684,000000AD,false,Rx,0,8,2F,EC,BF,FF,00,14,00,00,
20323708,0000012E,false,Rx,0,8,72,EC,7F,00,FE,00,C0,FF,
20323721,000000A7,false,Rx,0,8,33,21,60,80,FD,01,C8,3E,
20323831,000000A8,false,Rx,0,8,79,C1,3E,D8,80,64,F8,0D,
20323844,00000365,false,Rx,0,8,C0,C6,19,40,90,02,AC,7A,
20323857,0000032A,false,Rx,0,8,A2,0B,00,00,44,04,00,00,
20323870,00000086,false,Rx,0,8,52,03,2C,20,00,00,00,00,
20323883,0000009F,false,Rx,0,8,E8,33,1D,80,03,12,00,40,
20333965,0000030B,false,Rx,0,8,10,01,02,00,08,00,00,00,
20334226,00000040,false,Rx,0,8,9D,02,00,00,C1,00,00,00,
20337136,00000117,false,Rx,0,8,75,0C,00,40,68,00,00,FF,
20337156,000000A7,false,Rx,0,8,47,22,60,80,FD,01,C8,3E,
20337170,000000A8,false,Rx,0,8,37,C2,3E,18,81,64,F4,0D,
20337283,00000108,false,Rx,0,8,24,1D,D1,24,57,FE,00,00,
20337296,00000396,false,Rx,0,8,29,08,00,11,00,00,00,00,
20337309,00000120,false,Rx,0,8,CA,01,00,00,01,04,FF,01,
20343994,00000121,false,Rx,0,8,6C,01,00,40,39,57,7E,FE,
20344029,0000009F,false,Rx,0,8,FB,34,1D,80,03,12,00,40,
20344043,00000086,false,Rx,0,8,41,04,2C,20,00,00,00,00,
20344056,000000B2,false,Rx,0,8,00,00,00,00,00,00,00,00,
20344156,000000FD,false,Rx,0,8,01,D1,1F,80,00,00,00,00,
20344169,00000104,false,Rx,0,8,C0,31,A6,00,E6,00,00,4D,
20344182,00000116,false,Rx,0,8,17,01,33,D2,28,62,87,FF,
20344199,000006B2,false,Rx,0,8,71,9D,27,A1,A1,40,6F,2C,
20352665,000000A8,false,Rx,0,8,E0,C3,3E,18,81,64,F0,0D,
20352692,000003E5,false,Rx,0,8,E1,1E,00,00,00,00,00,00,
20352708,1B000012,true,Rx,0,8,12,00,04,01,11,00,00,00,
20352721,000006AE,false,Rx,0,4,00,00,10,00,00,00,00,00,
20352733,0000011D,false,Rx,0,8,71,03,00,C8,00,00,00,00,
20352747,00000086,false,Rx,0,8,25,05,2C,20,00,00,00,00,
20352760,0000009F,false,Rx,0,8,9F,35,1D,80,03,12,00,40,
20352773,17F00012,true,Rx,0,8,20,12,00,00,00,00,00,00,
20362015,0000012E,false,Rx,0,8,82,EE,7F,00,FE,00,C0,FF,
20362038,000000A7,false,Rx,0,8,A0,25,60,80,FC,05,C8,3E,
20362052,000000A8,false,Rx,0,8,FE,C5,3E,18,81,64,E4,0D,
20362065,000006B4,false,Rx,0,8,00,F2,F6,7B,AC,57,56,57,
20362078,0000011D,false,Rx,0,8,62,04,00,C8,00,00,00,00,
20362091,00000086,false,Rx,0,8,ED,07,2C,20,00,00,00,00,
20362104,0000009F,false,Rx,0,8,57,37,1D,80,03,12,00,40,
20362117,000000B2,false,Rx,0,8,00,00,00,00,00,00,00,00,
20372544,000000AD,false,Rx,0,8,86,E1,BF,FF,00,14,00,00,
20372577,00000117,false,Rx,0,8,BD,0E,00,40,68,00,00,FF,
20372593,000000A7,false,Rx,0,8,33,26,60,80,FC,05,C8,3E,
20372606,000000A8,false,Rx,0,8,B1,C6,3E,18,81,64,DC,0D,
20372620,00000120,false,Rx,0,8,E0,03,00,00,01,04,FF,01,
20372633,00000365,false,Rx,0,8,C0,C6,19,40,91,02,AC,7A,
20372646,00000121,false,Rx,0,8,2C,03,00,00,39,57,7E,FE,
20372659,0000032A,false,Rx,0,8,B1,0C,00,00,44,04,00,00,
20375813,00000040,false,Rx,0,8,F9,03,00,00,C1,00,00,00,
20375827,0000012E,false,Rx,0,8,85,EF,7F,00,FE,00,C0,FF,
20375840,000000A7,false,Rx,0,8,BA,27,60,80,FC,05,C8,3E,
20375853,00000108,false,Rx,0,8,EC,1F,D1,24,57,FE,00,00,
20386946,00000117,false,Rx,0,8,D9,0F,00,40,68,00,00,FF,
20386970,000000A7,false,Rx,0,8,F7,28,60,80,FC,05,C8,3E,
20399113,00000391,false,Rx,0,8,0D,66,24,41,00,28,00,22,
20399144,000003BE,false,Rx,0,8,C2,12,E6,51,C8,80,00,80,
20399273,000000B2,false,Rx,0,8,00,00,00,00,00,00,00,00,
20399286,000000FD,false,Rx,0,8,2D,D4,1F,80,00,00,00,00,
20399299,00000104,false,Rx,0,8,87,34,A6,00,E6,00,00,50,
20399312,00000116,false,Rx,0,8,CC,04,33,D2,28,62,87,FF,
20403321,00000392,false,Rx,0,8,77,2D,00,00,00,00,00,04,
20404065,0000065D,false,Rx,0,8,73,3C,2B,10,00,00,62,7A,
20404276,17F00013,true,Rx,0,8,20,13,00,00,00,00,00,80,
20404291,000002B7,false,Rx,0,8,0C,03,00,00,00,00,00,00,
20408730,000003DB,false,Rx,0,8,50,00,01,00,04,20,01,6E,
20408755,0000012E,false,Rx,0,8,AC,E0,7F,00,FE,00,C0,FF,
20408769,000000A7,false,Rx,0,8,27,29,60,80,FC,05,C8,3E,
20408782,000000A8,false,Rx,0,8,AE,C9,5E,18,81,64,C8,0D,
20408795,0000011D,false,Rx,0,8,AA,06,00,C8,00,00,00,00,
20408808,00000086,false,Rx,0,8,03,0B,2C,20,00,00,00,00,
20408821,0000009F,false,Rx,0,8,49,3B,1D,80,03,11,00,40,
20408834,000000B2,false,Rx,0,8,00,00,00,00,00,00,00,00,
20419546,000000B1,false,Rx,0,8,13,20,00,00,00,00,00,00,
20419571,0000008A,false,Rx,0,8,E2,3A,00,00,00,00,00,FA,
20419700,000000B2,false,Rx,0,8,00,00,00,00,00,00,00,00,
20419713,000003C8,false,Rx,0,8,00,00,54,24,00,12,00,4D,
20419726,000000FD,false,Rx,0,8,B7,D5,1F,80,00,00,00,00,
20419739,00000104,false,Rx,0,8,0A,35,A6,00,E6,00,00,51,
20419752,00000116,false,Rx,0,8,A8,05,33,D2,28,62,87,FF,
20419765,000001A2,false,Rx,0,8,C3,06,10,00,E1,06,80,13,
20430375,000000B2,false,Rx,0,8,00,00,00,00,00,00,00,00,
20430400,00000101,false,Rx,0,8,3E,06,7D,F2,A1,06,40,00,
20430428,00000106,false,Rx,0,8,90,86,9A,04,08,00,F3,30,
20430441,0000030B,false,Rx,0,8,10,03,02,00,08,00,00,00,
20430454,0000011E,false,Rx,0,8,A3,06,00,00,00,00,00,00,
20430467,00000040,false,Rx,0,8,EA,04,00,00,C1,00,00,00,
20430480,00000117,false,Rx,0,8,FF,01,00,40,68,00,00,FF,
20430493,00000380,false,Rx,0,8,F3,03,40,00,00,00,00,FF,
20439431,00000116,false,Rx,0,8,04,06,33,D2,28,62,87,FF,
20439456,0000012E,false,Rx,0,8,6B,E2,7F,00,FE,00,C0,FF,
20439471,000000A7,false,Rx,0,8,9A,2D,A0,80,FC,09,C8,3E,
20439483,000003E5,false,Rx,0,8,D1,1F,00,00,00,00,00,00,
20439497,000000A8,false,Rx,0,8,BF,CD,5E,18,81,64,B0,0D,
20439510,0000011D,false,Rx,0,8,8C,08,00,C8,00,00,00,00,
20439523,00000086,false,Rx,0,8,BC,0F,2C,20,00,00,00,00,
20439536,0000009F,false,Rx,0,8,06,3F,1D,80,03,12,00,40,
20442806,000000B2,false,Rx,0,8,00,00,00,00,00,00,00,00,
20442822,00000101,false,Rx,0,8,1B,07,7D,F2,A1,09,40,00,
20442835,00000106,false,Rx,0,8,00,87,9B,04,08,00,F3,30,
20442848,0000011E,false,Rx,0,8,C7,07,00,00,00,00,00,00,
20473551,000000AD,false,Rx,0,8,42,EB,BF,FF,00,14,00,00,
20473583,00000117,false,Rx,0,8,37,03,00,40,68,00,00,FF,
20473600,000000A7,false,Rx,0,8,06,20,A0,80,FC,09,C8,3E,
20473613,000000A8,false,Rx,0,8,9A,C0,5E,18,81,64,B8,0D,
20473626,00000120,false,Rx,0,8,00,08,00,00,01,04,FF,01,
20473639,00000365,false,Rx,0,8,C0,C6,19,40,92,02,AC,7A,
20473652,00000121,false,Rx,0,8,31,08,00,00,39,57,7E,FE,
20473665,0000032A,false,Rx,0,8,79,0E,00,00,44,04,00,00,
20479070,0000012E,false,Rx,0,8,D5,E4,7F,00,FE,00,C0,FF,
20479085,000000A7,false,Rx,0,8,23,21,A0,80,FD,09,C8,3E,
20479098,000000A8,false,Rx,0,8,E0,C1,5E,18,81,64,B8,0D,
20479111,00000108,false,Rx,0,8,02,13,D1,24,57,FE,00,00,
20479124,00000520,false,Rx,0,8,CE,09,00,08,00,0A,00,00,
20479137,0000011D,false,Rx,0,8,44,0A,00,C8,00,00,00,00,
20479150,00000086,false,Rx,0,8,52,03,2C,20,00,00,00,00,
20479163,0000009F,false,Rx,0,8,18,33,1D,80,03,11,00,40,
20492622,00000117,false,Rx,0,8,24,04,00,40,68,00,00,FF,
20492651,000000A7,false,Rx,0,8,57,22,A0,80,FD,09,C8,3E,
20492665,000000A8,false,Rx,0,8,0C,C2,5E,18,81,64,B8,0D,
20492678,0000011B,false,Rx,0,8,00,20,00,00,00,00,00,00,
20492691,00000120,false,Rx,0,8,56,09,00,00,01,04,FF,01,
20492704,00000121,false,Rx,0,8,CE,09,00,00,39,57,7E,FE,
20492718,0000009F,false,Rx,0,8,0B,34,1D,80,03,11,00,40,
20492730,00000086,false,Rx,0,8,41,04,2C,20,00,00,00,00,
20503407,000002B7,false,Rx,0,8,44,05,00,00,00,00,00,00,
20503438,000003DB,false,Rx,0,8,50,00,01,00,04,20,01,6E,
20503454,0000012E,false,Rx,0,8,35,E5,7F,00,FE,00,C0,FF,
20503467,000000A7,false,Rx,0,8,D6,23,A0,80,FD,09,C8,3E,
20503480,000000A8,false,Rx,0,8,AB,C3,5E,18,81,64,B4,0D,
20503493,0000011D,false,Rx,0,8,20,0B,00,C8,00,00,00,00,
20503507,00000086,false,Rx,0,8,25,05,2C,20,00,00,00,00,
20503520,0000009F,false,Rx,0,8,6F,35,1D,80,03,11,00,40,
20514188,00000117,false,Rx,0,8,40,05,00,40,68,00,00,FF,
20514212,00000380,false,Rx,0,8,E0,04,40,00,00,00,00,FF,
20514226,000000A7,false,Rx,0,8,EC,24,A0,80,FD,09,C8,3E,
20514239,000000A8,false,Rx,0,8,77,C4,5E,18,81,64,BC,0D,
20514252,00000120,false,Rx,0,8,8D,0A,00,00,01,04,FF,01,
20514265,00000121,false,Rx,0,8,AB,0A,00,00,39,57,7E,FE,
20514279,0000009F,false,Rx,0,8,C3,36,1D,80,03,11,00,40,
20514292,00000086,false,Rx,0,8,89,06,2C,20,00,00,00,00,
20524248,000000B1,false,Rx,0,8,D6,21,00,00,00,00,00,00,
20524262,000000B2,false,Rx,0,8,00,00,00,00,00,00,00,00,
20524275,000000FD,false,Rx,0,8,26,DA,1F,80,00,00,00,00,
20524288,000003C8,false,Rx,0,8,00,00,54,24,00,12,00,4D,
20529357,00000104,false,Rx,0,8,96,3A,A6,00,E6,00,00,31,
20529388,00000116,false,Rx,0,8,EA,0A,33,D2,28,62,87,FF,
20529402,0000031B,false,Rx,0,8,C8,0D,00,00,00,63,15,00,
20529415,00000668,false,Rx,0,8,82,00,00,29,00,03,31,01,
20529428,000000AD,false,Rx,0,8,48,E0,BF,FF,00,14,00,00,
20529441,0000012E,false,Rx,0,8,7F,E6,7F,00,FE,00,C0,FF,
20529454,000000A7,false,Rx,0,8,97,25,A0,80,FD,09,C8,3E,
20529467,000000A8,false,Rx,0,8,AB,C5,5E,18,81,64,C0,0D,
20538598,000000B2,false,Rx,0,8,00,00,00,00,00,00,00,00,
20538628,17F00072,true,Rx,0,8,00,00,00,00,00,00,00,00,
20538642,000000FD,false,Rx,0,8,09,DB,1F,80,00,00,00,00,
20538654,00000104,false,Rx,0,8,F2,3B,A6,00,E6,00,00,31,
20538668,00000116,false,Rx,0,8,8E,0B,33,D2,28,62,87,FF,
20538681,0000012E,false,Rx,0,8,6C,E7,7F,00,FE,00,C0,FF,
20538694,000000A7,false,Rx,0,8,8D,27,A0,80,FD,09,C8,3E,
20538707,000003E5,false,Rx,0,8,3A,10,00,00,00,00,00,00,
20549101,000000B2,false,Rx,0,8,00,00,00,00,00,00,00,00,
20549126,00000101,false,Rx,0,8,07,0C,7D,F3,A1,08,40,00,
20549140,00000106,false,Rx,0,8,FD,8C,9B,04,08,00,F3,30,
20549153,0000011E,false,Rx,0,8,3A,0C,00,00,00,00,00,00,
20549166,000002B7,false,Rx,0,8,92,06,00,00,00,00,00,00,
20549179,00000117,false,Rx,0,8,88,07,00,40,68,00,00,FF,
20549192,000000A7,false,Rx,0,8,5A,28,60,80,FD,05,C8,3E,
20549205,000000A8,false,Rx,0,8,CE,C8,3E,18,81,64,D0,0D,
20557803,00000497,false,Rx,0,8,00,40,00,00,64,46,00,20,
20557820,000000B2,false,Rx,0,8,00,00,00,00,00,00,00,00,
20557835,00000108,false,Rx,0,8,D9,16,D1,24,57,FE,00,00,
20557848,000000FD,false,Rx,0,8,90,DC,1F,80,00,00,00,00,
20557862,00000104,false,Rx,0,8,E1,3C,A6,00,E6,00,00,31,
20557875,00000116,false,Rx,0,8,9D,0C,33,D2,28,62,87,FF,
20557888,0000030D,false,Rx,0,4,04,00,00,00,00,00,00,00,
20557901,0000012E,false,Rx,0,8,05,E8,7F,00,FE,00,C0,FF,
20565304,000000B2,false,Rx,0,8,00,00,00,00,00,00,00,00,
20567240,00000101,false,Rx,0,8,5C,0D,7D,F3,A1,0D,40,00,
20567259,00000106,false,Rx,0,8,97,8D,9B,04,08,00,F2,30,
20567273,0000011E,false,Rx,0,8,5E,0D,00,00,00,00,00,00,
20567286,0000031B,false,Rx,0,8,8D,0E,00,00,00,63,15,00,
20567299,000000AD,false,Rx,0,8,74,E5,BF,FF,00,14,00,00,
20567312,00000117,false,Rx,0,8,CA,08,00,40,68,00,00,FF,
20574780,000000A7,false,Rx,0,8,A7,2A,A0,80,FD,05,C8,3E,
20574808,000000A8,false,Rx,0,8,93,CA,3E,18,81,64,D8,0D,
20574822,00000120,false,Rx,0,8,4B,0D,00,00,01,04,FF,01,
20574954,00000365,false,Rx,0,8,C0,C6,1A,40,8E,02,AC,7A,
20574967,00000121,false,Rx,0,8,D6,0D,00,00,39,57,7E,FE,
20574980,0000032A,false,Rx,0,8,5F,00,00,00,44,04,00,00,
20574993,00000086,false,Rx,0,8,10,0C,2C,20,00,00,00,00,
20575006,0000009F,false,Rx,0,8,5A,3C,1D,80,03,11,00,40,
20581084,000000A8,false,Rx,0,8,66,CB,3E,18,81,64,DC,0D,
20581101,00000108,false,Rx,0,8,BD,17,D1,24,57,FE,00,00,
20581114,0000011D,false,Rx,0,8,9F,0F,00,C8,00,00,00,00,
20581127,00000086,false,Rx,0,8,74,0D,2C,20,00,00,00,00,
20581141,0000009F,false,Rx,0,8,3E,3D,1D,80,03,11,00,40,
20581154,000000B2,false,Rx,0,8,00,00,00,00,00,00,00,00,
20581167,00000101,false,Rx,0,8,F0,0E,7D,F3,A1,0D,40,00,
20581180,00000106,false,Rx,0,8,3B,8E,9B,04,08,00,F2,30,
20583341,00000585,false,Rx,0,8,09,3C,00,7F,14,00,00,00,
20595134,000003EC,false,Rx,0,8,C1,00,00,00,00,08,01,00,
20595162,00000117,false,Rx,0,8,AE,09,00,40,68,00,00,FF,
20595176,00000380,false,Rx,0,8,84,05,40,00,00,00,00,FF,
20595190,000000A7,false,Rx,0,8,5D,2C,60,80,FD,05,C8,3E,
20595203,000000A8,false,Rx,0,8,07,CC,3E,18,81,64,E4,0D,
20595216,0000011B,false,Rx,0,8,00,20,00,00,00,00,00,00,
20595229,00000120,false,Rx,0,8,20,0E,00,00,01,04,FF,01,
20595242,00000121,false,Rx,0,8,45,0E,00,00,39,57,7E,FE,
20605283,00000382,false,Rx,0,8,FF,FF,FF,FF,FF,FF,FF,6F,
20605298,000000B2,false,Rx,0,8,00,00,00,00,00,00,00,00,
20605311,000000FD,false,Rx,0,8,E6,DE,1F,80,00,00,00,00,
20607654,00000104,false,Rx,0,8,29,3E,A6,00,E6,00,00,31,
20607671,00000116,false,Rx,0,8,55,0E,33,D2,28,62,87,FF,
20607685,00000392,false,Rx,0,8,BF,2F,00,00,00,00,00,04,
20607698,000002B7,false,Rx,0,8,C0,07,00,00,00,00,00,00,
20607711,000003DB,false,Rx,0,8,50,00,01,00,04,20,01,6E,
20607724,0000012E,false,Rx,0,8,25,EA,7F,00,FE,00,C0,FF,
20607737,000000A7,false,Rx,0,8,AD,2D,60,80,FD,05,C8,3E,
20607750,000000A8,false,Rx,0,8,5C,CD,3E,18,81,64,E8,0D,
20618159,000000B1,false,Rx,0,8,D9,22,00,00,00,00,00,00,
20618184,000000B2,false,Rx,0,8,00,00,00,00,00,00,00,00,
20618290,000000FD,false,Rx,0,8,71,DF,1F,80,00,00,00,00,
20618303,000003C8,false,Rx,0,8,00,00,54,24,00,12,00,4D,
20618317,00000104,false,Rx,0,8,4D,3F,A6,00,E6,00,00,31,
20624649,00000116,false,Rx,0,8,31,0F,33,D2,28,62,87,FF,
20624667,000001A2,false,Rx,0,8,AB,07,10,00,E1,06,80,13,
20624805,0000031B,false,Rx,0,8,49,0F,00,00,00,63,15,00,
20624819,1B000013,true,Rx,0,8,13,00,04,01,01,00,00,00,
20624833,000000AD,false,Rx,0,8,F7,EA,BF,FF,00,14,00,00,
20624846,0000012E,false,Rx,0,8,D1,EB,7F,00,FE,00,C0,FF,
20624874,000000A7,false,Rx,0,8,F8,2F,60,80,FD,05,C8,3E,
20624887,000000A8,false,Rx,0,8,59,CF,3E,18,81,64,EC,0D,
20634629,000000A8,false,Rx,0,8,99,C0,3E,18,81,64,F0,0D,
20634656,00000108,false,Rx,0,8,9B,19,D1,24,57,FE,00,00,
20634670,00000120,false,Rx,0,8,3F,00,00,00,01,04,FF,01,
20634683,00000121,false,Rx,0,8,3D,00,00,00,39,57,7E,FE,
20634697,00000396,false,Rx,0,8,85,0B,00,11,00,00,00,00,
20634710,0000009F,false,Rx,0,8,7C,32,1D,80,03,11,00,40,
20634723,00000086,false,Rx,0,8,36,02,2C,20,00,00,00,00,
20634736,000000B2,false,Rx,0,8,00,00,00,00,00,00,00,00,
20646420,000003E5,false,Rx,0,8,7B,11,00,00,00,00,00,00,
20646447,000000A7,false,Rx,0,8,B9,21,60,80,FD,05,C8,3E,
20646588,000000A8,false,Rx,0,8,E3,C1,3E,18,81,64,F0,0D,
20646601,0000011D,false,Rx,0,8,15,02,00,C8,00,00,00,00,
20646614,00000086,false,Rx,0,8,52,03,2C,20,00,00,00,00,
20646627,0000009F,false,Rx,0,8,18,33,1D,80,03,11,00,40,
20646640,000000B2,false,Rx,0,8,00,00,00,00,00,00,00,00,
20646653,00000101,false,Rx,0,8,07,01,7D,F3,A1,0C,40,00,
20655672,0000009F,false,Rx,0,8,0B,34,1D,80,03,11,00,40,
20655696,00000086,false,Rx,0,8,41,04,2C,20,00,00,00,00,
20655710,00000497,false,Rx,0,8,00,40,00,00,64,46,00,20,
20655723,000000B2,false,Rx,0,8,00,00,00,00,00,00,00,00,
20655736,00000108,false,Rx,0,8,37,1A,D1,24,57,FE,00,00,
20655749,000000FD,false,Rx,0,8,01,D1,1F,80,00,00,00,00,
20655763,00000104,false,Rx,0,8,6B,31,A6,00,E6,00,00,31,
20655776,00000116,false,Rx,0,8,17,01,33,D2,28,62,87,FF,
20663388,0000011D,false,Rx,0,8,71,03,00,C8,00,00,00,00,
20663413,00000086,false,Rx,0,8,25,05,2C,20,00,00,00,00,
20663427,0000009F,false,Rx,0,8,9F,35,1D,80,03,12,00,40,
20663440,000000B2,false,Rx,0,8,00,00,00,00,00,00,00,00,
20663453,00000101,false,Rx,0,8,4A,02,7D,F2,A1,0D,40,00,
20663466,00000106,false,Rx,0,8,D5,82,9B,04,08,00,F2,30,
20663479,0000011E,false,Rx,0,8,1C,02,00,00,00,00,00,00,
20663492,0000031B,false,Rx,0,8,44,00,00,00,00,63,15,00,
20672589,00000117,false,Rx,0,8,11,0D,00,40,68,00,00,FF,
20672614,000000AD,false,Rx,0,8,D5,EF,BF,FF,00,14,00,00,
20672628,00000380,false,Rx,0,8,28,06,40,00,00,00,00,FF,
20672641,000000A7,false,Rx,0,8,76,24,60,80,FD,05,C8,3E,
20672654,000000A8,false,Rx,0,8,49,C4,3E,58,81,64,F4,0D,
20672667,00000120,false,Rx,0,8,32,02,00,00,01,04,FF,01,
20672680,00000365,false,Rx,0,8,C0,C6,1A,40,8E,02,AC,7A,
20672694,00000121,false,Rx,0,8,DE,02,00,00,39,57,7E,FE,
20681635,0000012E,false,Rx,0,8,82,EE,7F,00,FE,00,C0,FF,
20681661,000000A7,false,Rx,0,8,0D,25,60,80,FD,05,C8,3E,
20681675,000000A8,false,Rx,0,8,23,C5,3E,58,81,64,F4,0D,
20681688,00000108,false,Rx,0,8,53,1B,D1,24,57,FE,00,00,
20681701,00000520,false,Rx,0,8,62,0A,00,08,00,0A,00,00,
20681715,0000011D,false,Rx,0,8,62,04,00,C8,00,00,00,00,
20681728,00000086,false,Rx,0,8,ED,07,2C,20,00,00,00,00,
20681741,0000009F,false,Rx,0,8,A7,37,1D,80,03,11,00,40,
20684631,00000117,false,Rx,0,8,BD,0E,00,40,68,00,00,FF,
20685339,000000A7,false,Rx,0,8,9E,26,60,80,FD,05,C8,3E,
20685353,000000A8,false,Rx,0,8,13,C6,3E,58,81,64,F4,0D,
20686339,0000011B,false,Rx,0,8,00,20,00,00,00,00,00,00,
20699542,00000086,false,Rx,0,8,AF,08,2C,20,00,00,00,00,
20699583,00000391,false,Rx,0,8,0E,66,23,44,00,28,00,22,
20699599,000003BE,false,Rx,0,8,B9,15,E6,51,C8,80,00,80,
20699612,00000640,false,Rx,0,8,A0,51,4E,97,80,A0,59,01,
20699626,000000B2,false,Rx,0,8,00,00,00,00,00,00,00,00,
20699639,000000FD,false,Rx,0,8,BB,D3,1F,80,00,00,00,00,
20699652,0000065F,false,Rx,0,8,2E,20,00,00,00,00,37,7A,
20699665,00000104,false,Rx,0,8,A3,33,A6,00,E6,00,00,31,
20710504,000000B2,false,Rx,0,8,00,00,00,00,00,00,00,00,
20710538,00000101,false,Rx,0,8,88,04,7D,F2,A1,0C,40,00,
20710555,00000108,false,Rx,0,8,40,1C,D1,24,57,FE,00,00,
20710568,00000106,false,Rx,0,8,A2,84,9B,04,08,00,F2,30,
20710581,0000011E,false,Rx,0,8,6B,04,00,00,00,00,00,00,
20710594,0000030D,false,Rx,0,4,04,00,00,00,00,00,00,00,
20710607,00000395,false,Rx,0,8,18,01,24,06,B4,41,50,1C,
20710632,00000117,false,Rx,0,8,D9,0F,00,40,68,00,00,FF,
20721660,00000104,false,Rx,0,8,B0,34,A6,00,E6,00,00,31,
20721695,00000116,false,Rx,0,8,CC,04,33,D2,28,62,87,FF,
20721711,0000031B,false,Rx,0,8,92,01,00,00,00,63,15,00,
20721724,00000668,false,Rx,0,8,82,00,00,29,00,03,31,01,
20721737,000000AD,false,Rx,0,8,41,E4,BF,FF,00,14,00,00,
20721751,0000012E,false,Rx,0,8,AC,E0,7F,00,FE,00,C0,FF,
20721763,000000A7,false,Rx,0,8,8A,29,60,80,FD,05,C8,3E,
20721886,000000A8,false,Rx,0,8,26,C9,3E,58,81,64,FC,0D,
20732379,00000040,false,Rx,0,8,CC,0A,00,00,C1,00,00,00,
20732412,00000117,false,Rx,0,8,9B,00,00,40,68,00,00,FF,
20732428,000000A7,false,Rx,0,8,8C,2A,60,80,FD,05,C8,3E,
20732441,000000A8,false,Rx,0,8,2B,CA,3E,18,81,64,00,0E,
20732454,00000108,false,Rx,0,8,24,1D,D1,24,57,FE,00,00,
20732467,00000396,false,Rx,0,8,96,0C,00,11,00,00,00,00,
20732480,00000120,false,Rx,0,8,B4,05,00,00,01,04,FF,01,
20732493,00000121,false,Rx,0,8,A6,05,00,00,39,57,7E,FE,
20743491,0000012E,false,Rx,0,8,A2,E1,7F,00,FE,00,C0,FF,
20743523,000000A7,false,Rx,0,8,E2,2B,60,80,FD,05,C8,3E,
20743538,000003E5,false,Rx,0,8,A6,12,00,00,00,00,00,00,
20743552,000000A8,false,Rx,0,8,E6,CB,3E,18,81,64,00,0E,
20743566,1B000012,true,Rx,0,8,12,00,04,01,11,00,00,00,
20743579,0000011D,false,Rx,0,8,CE,07,00,C8,00,00,00,00,
20743592,00000086,false,Rx,0,8,74,0D,2C,20,00,00,00,00,
20743606,0000009F,false,Rx,0,8,3E,3D,1D,80,03,11,00,40,
20753885,000002B7,false,Rx,0,8,73,0A,00,00,00,00,00,00,
20753918,00000380,false,Rx,0,8,4C,07,40,00,00,00,00,FF,
20753934,00000117,false,Rx,0,8,FF,01,00,40,68,00,00,FF,
20753947,000000A7,false,Rx,0,8,5D,2C,60,80,FD,05,C8,3E,
20753960,000000A8,false,Rx,0,8,97,CC,3E,18,81,64,FC,0D,
20753973,00000120,false,Rx,0,8,5B,06,00,00,01,04,FF,01,
20753986,00000121,false,Rx,0,8,A1,06,00,00,39,57,7E,FE,
20753999,0000009F,false,Rx,0,8,92,3E,1D,80,03,11,00,40,
20762188,0000012E,false,Rx,0,8,6B,E2,7F,00,FE,00,C0,FF,
20762212,000000A7,false,Rx,0,8,AD,2D,60,80,FD,05,C8,3E,
20762226,000000A8,false,Rx,0,8,84,CD,3E,18,81,64,FC,0D,
20762239,000006B4,false,Rx,0,8,00,F2,F6,7B,AC,57,56,57,
20762252,0000011D,false,Rx,0,8,8C,08,00,C8,00,00,00,00,
20762265,00000086,false,Rx,0,8,BC,0F,2C,20,00,00,00,00,
20762279,0000009F,false,Rx,0,8,F6,3F,1D,80,03,11,00,40,
20762292,000000B2,false,Rx,0,8,00,00,00,00,00,00,00,00,
20772494,0000011E,false,Rx,0,8,C7,07,00,00,00,00,00,00,
20772509,0000031B,false,Rx,0,8,F1,02,00,00,00,63,15,00,
20772521,000000AD,false,Rx,0,8,A6,E9,BF,FF,00,14,00,00,
20772535,00000117,false,Rx,0,8,53,02,00,40,68,00,00,FF,
20772548,000000A7,false,Rx,0,8,26,2E,60,80,FD,05,C8,3E,
20772584,000000A8,false,Rx,0,8,59,CE,3E,18,81,64,00,0E,
20772597,00000120,false,Rx,0,8,59,07,00,00,01,04,FF,01,
20772610,00000365,false,Rx,0,8,C0,C6,1A,40,8D,02,AC,7A,
20782212,0000012E,false,Rx,0,8,F2,E3,7F,00,FE,00,C0,FF,
20782235,000000A7,false,Rx,0,8,F8,2F,60,80,FD,05,C8,3E,
20782249,000000A8,false,Rx,0,8,EE,CF,3E,18,81,64,04,0E,
20782262,00000108,false,Rx,0,8,EC,1F,D1,24,57,FE,00,00,
20782275,0000011D,false,Rx,0,8,E8,09,00,C8,00,00,00,00,
20782288,00000086,false,Rx,0,8,9A,01,2C,20,00,00,00,00,
20782302,0000009F,false,Rx,0,8,D0,31,1D,80,03,11,00,40,
20782315,000000B2,false,Rx,0,8,00,00,00,00,00,00,00,00,
20785744,00000101,false,Rx,0,8,A9,08,7D,F2,A1,0A,40,00,
20785759,00000106,false,Rx,0,8,4C,88,9B,04,08,00,F2,30,
20785773,0000011E,false,Rx,0,8,85,08,00,00,00,00,00,00,
20785786,000003EC,false,Rx,0,8,C1,00,00,00,00,08,01,00,
20785799,00000117,false,Rx,0,8,37,03,00,40,68,00,00,FF,
20785829,000000A7,false,Rx,0,8,A2,20,20,80,FD,01,C8,3E,
20800037,000000B2,false,Rx,0,8,00,00,00,00,00,00,00,00,
20800070,000000FD,false,Rx,0,8,58,D8,1F,80,00,00,00,00,
20800084,00000104,false,Rx,0,8,5E,38,A6,00,E6,00,00,31,
20800097,00000116,false,Rx,0,8,22,08,33,D2,28,62,87,FF,
20800110,00000392,false,Rx,0,8,99,21,00,00,00,00,00,04,
20800161,000002B7,false,Rx,0,8,05,0B,00,00,00,00,00,00,
20800174,000003DB,false,Rx,0,8,50,00,01,00,04,20,01,6E,
20800188,0000012E,false,Rx,0,8,D5,E4,7F,00,FE,00,C0,FF,
20810856,00000108,false,Rx,0,8,AE,10,D1,24,57,FE,00,00,
20811030,00000101,false,Rx,0,8,CD,09,7D,F2,A1,0A,40,00,
20811046,00000106,false,Rx,0,8,28,89,9B,04,08,00,F2,30,
20811059,0000011E,false,Rx,0,8,E1,09,00,00,00,00,00,00,
20811072,000001AB,false,Rx,0,8,87,01,00,02,00,00,05,00,
20811085,0000030D,false,Rx,0,4,04,00,00,00,00,00,00,00,
20811098,00000395,false,Rx,0,8,18,0B,24,06,B4,41,50,1C,
20811126,00000117,false,Rx,0,8,24,04,00,40,68,00,00,FF,
20821221,000001A2,false,Rx,0,8,B6,08,10,00,E1,06,80,13,
20821245,0000031B,false,Rx,0,8,9D,03,00,00,00,63,15,00,
20821260,1B000013,true,Rx,0,8,13,00,04,01,01,00,00,00,
20821273,000000AD,false,Rx,0,8,84,EE,BF,FF,00,14,00,00,
20821304,0000012E,false,Rx,0,8,35,E5,7F,00,FE,00,C0,FF,
20821317,000000A7,false,Rx,0,8,DF,23,20,80,FD,01,C8,3E,
20827066,000000A8,false,Rx,0,8,B7,C3,3E,18,81,64,08,0E,
20827085,00000365,false,Rx,0,8,C0,C6,1A,40,8F,02,AC,7A,
20827098,0000032A,false,Rx,0,8,84,05,00,00,44,04,00,00,
20827111,00000086,false,Rx,0,8,25,05,2C,20,00,00,00,00,
20827124,0000009F,false,Rx,0,8,6F,35,1D,80,03,11,00,40,
20827167,0000011D,false,Rx,0,8,20,0B,00,C8,00,00,00,00,
20827180,000000B2,false,Rx,0,8,00,00,00,00,00,00,00,00,
20827193,00000101,false,Rx,0,8,61,0A,7D,F2,A1,0A,40,00,
20837262,00000396,false,Rx,0,8,F2,0D,00,11,00,00,00,00,
20837276,00000120,false,Rx,0,8,8D,0A,00,00,01,04,FF,01,
20839879,00000121,false,Rx,0,8,AB,0A,00,00,39,57,7E,FE,
20839904,0000009F,false,Rx,0,8,C3,36,1D,80,03,11,00,40,
20839918,00000086,false,Rx,0,8,89,06,2C,20,00,00,00,00,
20840051,00000381,false,Rx,0,8,FF,FF,FF,FF,FF,FF,FF,9F,
20840064,00000382,false,Rx,0,8,FF,FF,FF,FF,FF,FF,FF,9F,
20840115,000000B2,false,Rx,0,8,00,00,00,00,00,00,00,00,
20840142,000000FD,false,Rx,0,8,26,DA,1F,80,00,00,00,00,
20840155,00000104,false,Rx,0,8,96,3A,A6,00,E6,00,00,31,
20850274,0000009F,false,Rx,0,8,12,37,1D,80,03,10,00,40,
20850304,17F00012,true,Rx,0,8,20,12,00,00,00,00,00,00,
20850318,000000B2,false,Rx,0,8,00,00,00,00,00,00,00,00,
20853576,00000101,false,Rx,0,8,51,0B,7D,F3,A1,0A,40,00,
20853591,00000106,false,Rx,0,8,E0,8B,9B,04,08,00,F2,30,
20853604,0000011E,false,Rx,0,8,29,0B,00,00,00,00,00,00,
20853617,000002B7,false,Rx,0,8,E6,0C,00,00,00,00,00,00,
20853630,00000117,false,Rx,0,8,EC,06,00,40,68,00,00,FF,
20853643,000000A7,false,Rx,0,8,0D,26,20,80,FD,01,C8,3E,
20853656,000000A8,false,Rx,0,8,E9,C6,3E,18,81,64,14,0E,
20853669,00000120,false,Rx,0,8,21,0B,00,00,01,04,FF,01,
20862903,0000012E,false,Rx,0,8,6C,E7,7F,00,FE,00,C0,FF,
20862929,000000A7,false,Rx,0,8,84,27,20,80,FD,01,C8,3E,
20862945,000000A8,false,Rx,0,8,8C,C7,3E,18,81,64,1C,0E,
20862958,0000011D,false,Rx,0,8,57,0D,00,C8,00,00,00,00,
20862971,00000086,false,Rx,0,8,CB,09,2C,20,00,00,00,00,
20862984,0000009F,false,Rx,0,8,81,39,1D,80,03,11,00,40,
20862997,000000B2,false,Rx,0,8,00,00,00,00,00,00,00,00,
20863010,00000101,false,Rx,0,8,42,0C,7D,F3,A1,0A,40,00,
20872790,00000117,false,Rx,0,8,88,07,00,40,68,00,00,FF,
20872822,000000AD,false,Rx,0,8,E3,E3,BF,FF,00,14,00,00,
20872835,000000A7,false,Rx,0,8,C9,28,20,80,FD,01,C8,3E,
20872848,000000A8,false,Rx,0,8,E9,C8,3E,18,81,64,20,0E,
20872861,00000120,false,Rx,0,8,FB,0C,00,00,01,04,FF,01,
20872875,00000365,false,Rx,0,8,C0,C6,19,40,8E,02,AC,7A,
20872888,00000121,false,Rx,0,8,C5,0C,00,00,39,57,7E,FE,
20872901,0000032A,false,Rx,0,8,28,06,00,00,44,04,00,00,
20884219,00000041,false,Rx,0,8,63,0B,00,00,00,00,00,00,
20884248,0000012E,false,Rx,0,8,05,E8,7F,00,FE,00,C0,FF,
20884262,000000A7,false,Rx,0,8,19,29,20,80,FD,01,C8,3E,
20884275,00000108,false,Rx,0,8,02,13,D1,24,57,FE,00,00,
20884288,000000A8,false,Rx,0,8,A3,C9,3E,18,81,64,24,0E,
20887469,00000520,false,Rx,0,8,06,0B,00,08,00,0A,00,00,
20887484,0000011D,false,Rx,0,8,FB,0E,00,C8,00,00,00,00,
20887497,00000086,false,Rx,0,8,03,0B,2C,20,00,00,00,00,
20887511,0000009F,false,Rx,0,8,49,3B,1D,80,03,11,00,40,
20887524,000000B2,false,Rx,0,8,00,00,00,00,00,00,00,00,
20887537,00000101,false,Rx,0,8,26,0D,7D,F3,A1,0A,40,00,
20887550,00000106,false,Rx,0,8,97,8D,9B,04,08,00,F2,30,
20887563,0000011E,false,Rx,0,8,5E,0D,00,00,00,00,00,00,
20890443,000000B2,false,Rx,0,8,00,00,00,00,00,00,00,00,
20903444,000002B7,false,Rx,0,8,D3,0D,00,00,00,00,00,00,
20903471,000003DB,false,Rx,0,8,50,00,01,00,04,20,01,6E,
20903488,0000012E,false,Rx,0,8,79,E9,7F,00,FE,00,C0,FF,
20903501,000000A7,false,Rx,0,8,71,2B,20,80,FD,01,C8,3E,
20903514,000000A8,false,Rx,0,8,31,CB,3E,18,81,64,24,0E,
20903527,0000011D,false,Rx,0,8,9F,0F,00,C8,00,00,00,00,
20903540,00000086,false,Rx,0,8,74,0D,2C,20,00,00,00,00,
20903554,0000009F,false,Rx,0,8,3E,3D,1D,80,03,11,00,40,
20913732,00000117,false,Rx,0,8,AE,09,00,40,68,00,00,FF,
20913758,00000380,false,Rx,0,8,6A,09,40,00,00,00,00,FF,
20913772,000000A7,false,Rx,0,8,CE,2C,20,80,FD,01,C8,3E,
20913785,000000A8,false,Rx,0,8,2F,CC,3E,18,81,64,24,0E,
20913798,00000120,false,Rx,0,8,20,0E,00,00,01,04,FF,01,
20913811,00000121,false,Rx,0,8,45,0E,00,00,39,57,7E,FE,
20913824,0000009F,false,Rx,0,8,92,3E,1D,80,03,11,00,40,
20913838,00000086,false,Rx,0,8,D8,0E,2C,20,00,00,00,00,
20924514,000000AD,false,Rx,0,8,A2,E8,BF,FF,00,14,00,00,
20924541,0000012E,false,Rx,0,8,25,EA,7F,00,FE,00,C0,FF,
20924557,000000A7,false,Rx,0,8,3E,2D,20,80,FD,01,C8,3E,
20924570,000000A8,false,Rx,0,8,74,CD,3E,18,81,64,28,0E,
20924583,00000365,false,Rx,0,8,C0,C6,19,40,8F,02,AC,7A,
20924596,0000032A,false,Rx,0,8,4C,07,00,00,44,04,00,00,
20924609,00000086,false,Rx,0,8,BC,0F,2C,20,00,00,00,00,
20924622,0000009F,false,Rx,0,8,F6,3F,1D,80,03,11,00,40,
20936693,000000A7,false,Rx,0,8,B5,2E,20,80,FD,01,C8,3E,
20936727,000000A8,false,Rx,0,8,C6,CE,3E,18,81,64,28,0E,
20936744,00000108,false,Rx,0,8,75,15,D1,24,57,FE,00,00,
20936757,00000396,false,Rx,0,8,5E,0E,00,11,00,00,00,00,
20936770,00000120,false,Rx,0,8,F5,0F,00,00,01,04,FF,01,
20936783,00000121,false,Rx,0,8,F3,0F,00,00,39,57,7E,FE,
20936796,0000009F,false,Rx,0,8,B4,30,1D,80,03,11,00,40,
20936809,00000086,false,Rx,0,8,FE,00,2C,20,00,00,00,00,
20943969,00000086,false,Rx,0,8,9A,01,2C,20,00,00,00,00,
20943991,0000009F,false,Rx,0,8,65,31,1D,80,03,10,00,40,
20944005,000000B2,false,Rx,0,8,00,00,00,00,00,00,00,00,
20944018,00000101,false,Rx,0,8,5C,00,7D,F3,A1,09,40,00,
20944031,00000106,false,Rx,0,8,1D,80,9B,04,08,00,F2,30,
20944044,0000011E,false,Rx,0,8,D4,00,00,00,00,00,00,00,
20944058,000002B7,false,Rx,0,8,57,0E,00,00,00,00,00,00,
20953126,00000130,false,Rx,0,8,50,8C,2C,80,08,00,04,00,
20953153,00000117,false,Rx,0,8,66,0B,00,40,68,00,00,FF,
20953287,000000A7,false,Rx,0,8,A2,20,20,80,FD,01,C8,3E,
20953300,000000A8,false,Rx,0,8,51,C0,3E,18,81,64,20,0E,
20953314,00000120,false,Rx,0,8,3F,00,00,00,01,04,FF,01,
20959866,00000121,false,Rx,0,8,3D,00,00,00,39,57,7E,FE,
20959892,0000009F,false,Rx,0,8,C9,32,1D,80,03,10,00,40,
20959905,00000086,false,Rx,0,8,C2,02,2D,20,00,00,00,00,
20959919,00000497,false,Rx,0,8,00,40,00,00,64,46,00,20,
20959932,0000054B,false,Rx,0,8,00,00,00,00,00,00,00,24,
20959946,17F0000A,true,Rx,0,8,00,0A,00,00,00,00,00,80,
20959959,000000B2,false,Rx,0,8,00,00,00,00,00,00,00,00,
20959973,00000108,false,Rx,0,8,D9,16,D1,24,57,FE,00,00,
20969183,00000101,false,Rx,0,8,FF,01,7E,F3,A1,07,40,00,
20969210,00000106,false,Rx,0,8,79,81,9B,04,08,00,F2,30,
20971060,0000011E,false,Rx,0,8,B0,01,00,00,00,00,00,00,
20971073,0000031B,false,Rx,0,8,0C,06,00,00,00,63,15,00,
20971086,00000117,false,Rx,0,8,75,0C,00,40,68,00,00,FF,
20971099,000000AD,false,Rx,0,8,5E,ED,BF,FF,00,14,00,00,
20971112,000000A7,false,Rx,0,8,5E,22,20,80,FD,01,C8,3E,
20971125,000000A8,false,Rx,0,8,B8,C2,3E,18,81,64,18,0E,
20971138,00000120,false,Rx,0,8,CA,01,00,00,01,04,FF,01,
20971164,00000365,false,Rx,0,8,C0,C6,19,40,8E,02,AC,7A,
20977151,00000116,false,Rx,0,8,17,01,33,D2,28,62,87,FF,
20977165,0000030B,false,Rx,0,8,10,0E,02,00,08,00,00,00,
20977179,17330710,true,Rx,0,4,31,CE,00,01,00,00,00,00,
20977192,00000040,false,Rx,0,8,17,0F,00,00,C1,00,00,00,
20977206,0000012E,false,Rx,0,8,58,ED,7F,00,FE,00,C0,FF,
20977219,000000A7,false,Rx,0,8,DF,23,20,80,FD,01,C8,3E,
20977232,000000A8,false,Rx,0,8,57,C3,3E,18,81,64,18,0E,
20977245,00000108,false,Rx,0,8,BD,17,D1,24,57,FE,00,00,
20987788,0000009F,false,Rx,0,8,6F,35,1D,80,03,11,00,40,
20987819,000000B2,false,Rx,0,8,00,00,00,00,00,00,00,00,
20987836,00000101,false,Rx,0,8,D5,02,7D,F3,A1,06,40,00,
20987849,00000106,false,Rx,0,8,D5,82,9B,04,08,00,F2,30,
20987862,0000011E,false,Rx,0,8,1C,02,00,00,00,00,00,00,
20987875,00000117,false,Rx,0,8,11,0D,00,40,68,00,00,FF,
20987888,00000380,false,Rx,0,8,C6,0A,40,00,00,00,00,FF,
20987902,000003EC,false,Rx,0,8,C1,00,00,00,00,08,01,00,
20991965,00000381,false,Rx,0,8,FF,FF,FF,FF,FF,FF,FF,BF,
20991989,00000382,false,Rx,0,8,FF,FF,FF,FF,FF,FF,FF,BF,
20992002,000000B2,false,Rx,0,8,00,00,00,00,00,00,00,00,
20992015,000000FD,false,Rx,0,8,CE,D2,1F,80,00,00,00,00,
20992028,00000104,false,Rx,0,8,C7,32,A6,00,E6,00,00,31,
20992041,00000116,false,Rx,0,8,BB,02,33,D2,28,62,87,FF,
21004301,000003DB,false,Rx,0,8,50,00,01,00,04,20,01,6E,
21005400,0000012E,false,Rx,0,8,82,EE,7F,00,FE,00,C0,FF,
21005416,000000A7,false,Rx,0,8,9E,25,20,80,FD,01,C8,3E,
21005432,000000A8,false,Rx,0,8,A9,C5,3E,18,81,64,1C,0E,
21005445,0000011D,false,Rx,0,8,62,04,00,C8,00,00,00,00,
21005458,00000086,false,Rx,0,8,ED,07,2C,20,00,00,00,00,
21005471,0000009F,false,Rx,0,8,A7,37,1D,80,03,11,00,40,
21005484,000000B2,false,Rx,0,8,00,00,00,00,00,00,00,00,
21005497,00000108,false,Rx,0,8,FF,18,D1,24,57,FE,00,00,
21016199,00000120,false,Rx,0,8,E0,03,00,00,01,04,FF,01,
21016223,00000121,false,Rx,0,8,2C,03,00,00,39,57,7E,FE,
21016237,0000009F,false,Rx,0,8,E5,38,1D,80,03,11,00,40,
21016250,00000086,false,Rx,0,8,AF,08,2C,20,00,00,00,00,
21016263,000000B1,false,Rx,0,8,76,26,00,00,00,00,00,00,
21016276,000000B2,false,Rx,0,8,00,00,00,00,00,00,00,00,
21016289,000000FD,false,Rx,0,8,BB,D3,1F,80,00,00,00,00,
21016303,000003C8,false,Rx,0,8,00,00,54,24,00,12,00,4D,
21024086,00000116,false,Rx,0,8,DF,03,33,D2,28,62,87,FF,
21024106,000001A2,false,Rx,0,8,A3,09,10,00,E1,06,80,13,
21024119,0000031B,false,Rx,0,8,EC,07,00,00,00,63,15,00,
21024134,1B000013,true,Rx,0,8,13,00,04,01,01,00,00,00,
21024147,000000AD,false,Rx,0,8,62,E2,BF,FF,00,14,00,00,
21024160,0000012E,false,Rx,0,8,85,EF,7F,00,FE,00,C0,FF,
21024173,000000A7,false,Rx,0,8,84,27,20,80,FD,01,C8,3E,
21024187,000000A8,false,Rx,0,8,8C,C7,3E,18,81,64,1C,0E,
21034531,0000011E,false,Rx,0,8,6B,04,00,00,00,00,00,00,
21034562,0000030B,false,Rx,0,8,10,0F,02,00,08,00,00,00,
21034576,00000040,false,Rx,0,8,55,00,00,00,C1,00,00,00,
21034589,00000117,false,Rx,0,8,D9,0F,00,40,68,00,00,FF,
21034602,000000A7,false,Rx,0,8,C9,28,20,80,FD,01,C8,3E,
21034615,000000A8,false,Rx,0,8,AE,C8,3E,18,81,64,1C,0E,
21034632,00000108,false,Rx,0,8,9B,19,D1,24,57,FE,00,00,
21034645,00000396,false,Rx,0,8,3A,0F,00,11,00,00,00,00,
21043048,000000A8,false,Rx,0,8,E4,C9,3E,18,81,64,18,0E,
21043073,000003E5,false,Rx,0,8,E2,15,00,00,00,00,00,00,
21043086,0000011D,false,Rx,0,8,AA,06,00,C8,00,00,00,00,
21043100,00000086,false,Rx,0,8,03,0B,2C,20,00,00,00,00,
21043112,0000009F,false,Rx,0,8,49,3B,1D,80,03,11,00,40,
21043126,000000B2,false,Rx,0,8,00,00,00,00,00,00,00,00,
21043139,00000101,false,Rx,0,8,32,05,7D,F3,A1,08,40,00,
21043152,00000106,false,Rx,0,8,C6,85,9B,04,08,00,F2,30,
21052392,000002B7,false,Rx,0,8,DC,00,00,00,00,00,00,00,
21052538,00000117,false,Rx,0,8,9B,00,00,40,68,00,00,FF,
21052552,000000A7,false,Rx,0,8,1F,2A,20,80,FD,01,C8,3E,
21052565,000000A8,false,Rx,0,8,BB,CA,3E,18,81,64,18,0E,
21052578,00000120,false,Rx,0,8,B4,05,00,00,01,04,FF,01,
21052592,00000121,false,Rx,0,8,A6,05,00,00,39,57,7E,FE,
21052605,0000009F,false,Rx,0,8,5A,3C,1D,80,03,11,00,40,
21052618,00000086,false,Rx,0,8,E4,0C,2D,20,00,00,00,00,
21062964,0000012E,false,Rx,0,8,A2,E1,7F,00,FE,00,C0,FF,
21062992,000000A7,false,Rx,0,8,71,2B,20,80,FD,01,C8,3E,
21063008,000000A8,false,Rx,0,8,76,CB,3E,18,81,64,18,0E,
21063021,0000011D,false,Rx,0,8,CE,07,00,C8,00,00,00,00,
21063034,00000086,false,Rx,0,8,74,0D,2C,20,00,00,00,00,
21063047,0000009F,false,Rx,0,8,CE,3D,1D,80,03,12,00,40,
21063060,000000B2,false,Rx,0,8,00,00,00,00,00,00,00,00,
21063073,00000101,false,Rx,0,8,2B,06,7D,F3,A1,09,40,00,
21070505,00000117,false,Rx,0,8,FF,01,00,40,68,00,00,FF,
21070528,000000AD,false,Rx,0,8,35,E7,BF,FF,00,14,00,00,
21070616,00000380,false,Rx,0,8,A2,0B,40,00,00,00,00,FF,
21070630,000000A7,false,Rx,0,8,CE,2C,20,80,FD,01,C8,3E,
21070657,000000A8,false,Rx,0,8,20,CC,3E,18,81,64,14,0E,
21070670,00000120,false,Rx,0,8,5B,06,00,00,01,04,FF,01,
21077982,00000365,false,Rx,0,8,C0,C6,19,40,8D,02,AC,7A,
21078000,00000121,false,Rx,0,8,A1,06,00,00,39,57,7E,FE,
21078013,0000032A,false,Rx,0,8,C6,0A,00,00,44,04,00,00,
21078026,00000086,false,Rx,0,8,D8,0E,2C,20,00,00,00,00,
21078039,0000009F,false,Rx,0,8,92,3E,1D,80,03,11,00,40,
21078052,00000366,false,Rx,0,8,00,00,00,00,80,03,00,00,
21078065,000003C0,false,Rx,0,4,4F,08,03,00,00,00,00,00,
21078078,00000381,false,Rx,0,8,FF,FF,FF,FF,FF,FF,FF,CF,
21083061,00000086,false,Rx,0,8,BC,0F,2C,20,00,00,00,00,
21083076,0000009F,false,Rx,0,8,06,3F,1D,80,03,12,00,40,
21083099,000000B2,false,Rx,0,8,00,00,00,00,00,00,00,00,
21083112,00000101,false,Rx,0,8,0A,07,7D,F3,A1,0B,40,00,
21083125,00000106,false,Rx,0,8,0E,87,9B,04,08,00,F2,30,
21083138,0000011E,false,Rx,0,8,C7,07,00,00,00,00,00,00,
21084338,00000117,false,Rx,0,8,53,02,00,40,68,00,00,FF,
21115175,000000A7,false,Rx,0,8,A2,20,20,80,FD,01,C8,3E,
21115206,000000A8,false,Rx,0,8,5E,C0,3E,18,81,64,10,0E,
21118819,00000120,false,Rx,0,8,00,08,00,00,01,04,FF,01,
21118840,00000121,false,Rx,0,8,0C,08,00,40,39,57,7E,FE,
21118854,0000009F,false,Rx,0,8,8C,32,1D,80,03,12,00,40,
21118867,00000086,false,Rx,0,8,36,02,2C,20,00,00,00,00,
21118880,000000B1,false,Rx,0,8,85,27,00,00,00,00,00,00,
21118893,000000B2,false,Rx,0,8,00,00,00,00,00,00,00,00,
21118906,000000FD,false,Rx,0,8,58,D8,1F,80,00,00,00,00,
21118919,00000104,false,Rx,0,8,5E,38,A6,00,E6,00,00,31,
21129440,000000B2,false,Rx,0,8,00,00,00,00,00,00,00,00,
21129465,00000101,false,Rx,0,8,6D,09,7D,F3,A1,04,40,00,
21129480,00000106,false,Rx,0,8,28,89,9B,04,08,00,F2,30,
21129608,0000011E,false,Rx,0,8,E1,09,00,00,00,00,00,00,
21129621,0000030B,false,Rx,0,8,10,01,02,00,08,00,00,00,
21129634,00000040,false,Rx,0,8,9D,02,00,00,C1,00,00,00,
21129647,00000117,false,Rx,0,8,24,04,00,40,68,00,00,FF,
21129660,000000A7,false,Rx,0,8,5E,22,20,80,FD,01,C8,3E,
21140234,000000B2,false,Rx,0,8,00,00,00,00,00,00,00,00,
21140258,000000FD,false,Rx,0,8,6A,D9,1F,80,00,00,00,00,
21142851,00000104,false,Rx,0,8,3A,39,A6,00,E6,00,00,31,
21142880,00000116,false,Rx,0,8,46,09,33,D2,28,62,87,FF,
21142894,0000012E,false,Rx,0,8,35,E5,7F,00,FE,00,C0,FF,
21143024,000003E5,false,Rx,0,8,EB,16,00,00,00,00,00,00,
21143039,1B000012,true,Rx,0,8,12,00,04,01,11,00,00,00,
21143052,000000A7,false,Rx,0,8,DF,23,20,80,FD,01,C8,3E,
21143065,000000A8,false,Rx,0,8,1F,C3,3E,18,81,64,14,0E,
21143078,0000011D,false,Rx,0,8,20,0B,00,C8,00,00,00,00,
21153198,000002B7,false,Rx,0,8,55,02,00,00,00,00,00,00,
21153223,00000380,false,Rx,0,8,B1,0C,40,00,00,00,00,FF,
21155899,00000117,false,Rx,0,8,40,05,00,40,68,00,00,FF,
21155926,000000A7,false,Rx,0,8,2C,14,20,80,FD,01,C8,3E,
21155940,000000A8,false,Rx,0,8,8B,C4,3E,18,81,64,10,0E,
21156074,00000120,false,Rx,0,8,8D,0A,00,00,01,04,FF,01,
21156087,00000121,false,Rx,0,8,96,0A,00,40,39,57,7E,FE,
21156100,0000009F,false,Rx,0,8,FC,36,1D,80,03,14,00,40,
21156113,00000086,false,Rx,0,8,89,06,2C,20,00,00,00,00,
21156126,00000381,false,Rx,0,8,FF,FF,FF,FF,FF,FF,FF,DF,
21165394,000006B4,false,Rx,0,8,00,F2,F6,7B,AC,57,56,57,
21165423,0000011D,false,Rx,0,8,33,0C,00,C8,00,00,00,00,
21165440,00000086,false,Rx,0,8,ED,07,2C,20,00,00,00,00,
21165453,0000009F,false,Rx,0,8,98,37,1D,80,03,14,00,40,
21165466,000000B2,false,Rx,0,8,00,00,00,00,00,00,00,00,
21165479,00000101,false,Rx,0,8,E8,0B,7E,F3,A1,0E,40,00,
21165492,00000106,false,Rx,0,8,E0,8B,9B,04,08,00,F2,30,
21165505,0000011E,false,Rx,0,8,29,0B,00,00,00,00,00,00,
21173767,00000120,false,Rx,0,8,21,0B,00,00,01,04,FF,01,
21173792,00000365,false,Rx,0,8,C0,C6,19,40,8D,02,AC,7A,
21173806,00000121,false,Rx,0,8,3D,0B,00,40,39,57,7E,FE,
21173819,0000032A,false,Rx,0,8,B1,0C,00,00,44,04,00,00,
21173832,00000086,false,Rx,0,8,AF,08,2C,20,00,00,00,00,
21173845,0000009F,false,Rx,0,8,A0,38,1D,80,03,13,00,40,
21173858,000003C0,false,Rx,0,4,FA,09,03,00,00,00,00,00,
21173871,000000B2,false,Rx,0,8,00,00,00,00,00,00,00,00,
21181944,0000012E,false,Rx,0,8,6C,E7,7F,00,FE,00,C0,FF,
21181991,000000A7,false,Rx,0,8,4D,17,20,80,FD,01,C8,3E,
21182005,000000A8,false,Rx,0,8,1C,C7,3E,18,81,64,04,0E,
21182018,00000108,false,Rx,0,8,EC,1F,D1,24,57,FE,00,00,
21182031,0000011D,false,Rx,0,8,57,0D,00,C8,00,00,00,00,
21182044,00000086,false,Rx,0,8,CB,09,2C,20,00,00,00,00,
21182057,0000009F,false,Rx,0,8,C4,39,1D,80,03,13,00,40,
21182070,000000B2,false,Rx,0,8,00,00,00,00,00,00,00,00,
21192048,00000117,false,Rx,0,8,88,07,00,40,68,00,00,FF,
21192080,000003EC,false,Rx,0,8,C1,00,00,00,00,08,01,00,
21192096,000000A7,false,Rx,0,8,C9,28,20,80,FD,01,C8,3E,
21192109,000000A8,false,Rx,0,8,06,C8,3E,18,81,64,00,0E,
21192123,0000011B,false,Rx,0,8,00,20,00,00,00,00,00,00,
21192136,00000120,false,Rx,0,8,FB,0C,00,00,01,04,FF,01,
21192149,00000121,false,Rx,0,8,F8,0C,00,40,39,57,7E,FE,
21192162,0000009F,false,Rx,0,8,68,3A,1D,80,03,13,00,40,
21195864,000002B7,false,Rx,0,8,0C,03,00,00,00,00,00,00,
21195877,000003DB,false,Rx,0,8,50,00,01,00,04,20,01,6E,
21195890,0000012E,false,Rx,0,8,05,E8,7F,00,FE,00,C0,FF,
21195903,000000A7,false,Rx,0,8,19,29,20,80,FD,01,C8,3E,
21195916,000000A8,false,Rx,0,8,1B,C9,3E,18,81,64,FC,0D,
21197389,0000011D,false,Rx,0,8,FB,0E,00,C8,00,00,00,00,
21207038,000000B2,false,Rx,0,8,00,00,00,00,00,00,00,00,
21207070,00000108,false,Rx,0,8,AE,10,D1,24,57,FE,00,00,
21207086,00000101,false,Rx,0,8,15,0D,7E,F3,A1,0A,40,00,
21207099,00000106,false,Rx,0,8,97,8D,9B,04,08,00,F2,30,
21207112,0000011E,false,Rx,0,8,5E,0D,00,00,00,00,00,00,
21207125,000001AB,false,Rx,0,8,8F,03,00,02,00,00,05,00,
21207152,0000030D,false,Rx,0,4,04,00,00,00,00,00,00,00,
21207165,00000395,false,Rx,0,8,18,03,24,06,B4,41,50,1C,
21217997,000000B1,false,Rx,0,8,30,28,00,00,00,00,00,00,
21218159,000000B2,false,Rx,0,8,00,00,00,00,00,00,00,00,
21218177,000000FD,false,Rx,0,8,19,DD,1F,80,00,00,00,00,
21218190,000003C8,false,Rx,0,8,00,00,54,24,00,12,00,4E,
21218203,00000104,false,Rx,0,8,6A,3D,A6,00,E6,00,20,31,
21218216,00000116,false,Rx,0,8,F9,0D,33,D2,28,62,87,FF,
21218229,000001A2,false,Rx,0,8,56,0A,10,00,E1,06,80,13,
21218243,0000031B,false,Rx,0,8,FA,0B,00,00,00,63,15,00,
21227595,000000A8,false,Rx,0,8,2B,CB,3E,D8,80,64,F0,0D,
21227624,00000365,false,Rx,0,8,C0,C6,18,40,8F,02,AC,7A,
21227638,0000032A,false,Rx,0,8,D5,0D,00,00,44,04,00,00,
21227651,00000086,false,Rx,0,8,74,0D,2C,20,00,00,00,00,
21227664,0000009F,false,Rx,0,8,3E,3D,1D,80,03,11,00,40,
21227677,0000011D,false,Rx,0,8,9F,0F,00,C8,00,00,00,00,
21227690,000000B2,false,Rx,0,8,00,00,00,00,00,00,00,00,
21227704,00000101,false,Rx,0,8,00,0E,7D,F3,A1,0E,40,00,
21238559,00000381,false,Rx,0,8,FF,FF,FF,FF,FF,FF,FF,EF,
21238587,00000382,false,Rx,0,8,FF,FF,FF,FF,FF,FF,FF,EF,
21238601,000000B2,false,Rx,0,8,00,00,00,00,00,00,00,00,
21238614,000000FD,false,Rx,0,8,E6,DE,1F,80,00,00,00,00,
21238627,00000104,false,Rx,0,8,C6,3E,A6,00,E6,00,20,31,
21238640,00000116,false,Rx,0,8,55,0E,33,D2,28,62,87,FF,
21238653,0000012E,false,Rx,0,8,25,EA,7F,00,FE,00,C0,FF,
21238667,000000A7,false,Rx,0,8,3E,2D,20,80,FD,01,C8,3E,
21249046,000000B2,false,Rx,0,8,00,00,00,00,00,00,00,00,
21249193,00000101,false,Rx,0,8,21,0F,7D,F3,A1,0C,40,00,
21249209,00000106,false,Rx,0,8,5F,8F,9B,04,08,00,F2,30,
21249222,0000011E,false,Rx,0,8,96,0F,00,00,00,00,00,00,
21252210,000002B7,false,Rx,0,8,BC,04,00,00,00,00,00,00,
21252223,00000117,false,Rx,0,8,02,0A,00,40,68,00,00,FF,
21252237,000000A7,false,Rx,0,8,26,2E,60,80,FD,05,C8,3E,
21252250,000000A8,false,Rx,0,8,EE,CE,3E,18,81,64,E8,0D,
21252263,00000120,false,Rx,0,8,F5,0F,00,00,01,04,FF,01,
21252276,000003FE,false,Rx,0,8,FF,3F,FF,FF,00,00,00,10,
21252289,00000121,false,Rx,0,8,CE,0F,00,40,39,57,7E,FE,
21252302,0000009F,false,Rx,0,8,01,30,1D,80,03,10,00,40,
21254615,00000497,false,Rx,0,8,00,40,00,00,64,46,00,20,
21254629,000000B2,false,Rx,0,8,00,00,00,00,00,00,00,00,
21254642,00000108,false,Rx,0,8,66,12,D1,24,57,FE,00,00,
21254665,000000FD,false,Rx,0,8,71,DF,1F,80,00,00,00,00,
21265002,0000011D,false,Rx,0,8,B9,01,00,C8,00,00,00,00,
21265036,00000086,false,Rx,0,8,9A,01,2C,20,00,00,00,00,
21265050,0000009F,false,Rx,0,8,65,31,1D,80,03,10,00,40,
21265063,000000B2,false,Rx,0,8,00,00,00,00,00,00,00,00,
21265076,00000101,false,Rx,0,8,26,00,7D,F3,A1,0E,40,00,
21265089,00000106,false,Rx,0,8,1D,80,9B,04,08,00,F2,30,
21265102,0000011E,false,Rx,0,8,D4,00,00,00,00,00,00,00,
21265116,0000031B,false,Rx,0,8,C3,0C,00,00,00,63,15,00,
21268591,000000A8,false,Rx,0,8,4B,C0,3E,D8,80,64,F4,0D,
21268614,00000120,false,Rx,0,8,3F,00,00,00,01,04,FF,01,
21268627,00000365,false,Rx,0,8,C0,C6,18,40,8E,02,AC,7A,
21278553,00000121,false,Rx,0,8,00,00,00,40,39,57,7E,FE,
21278596,0000032A,false,Rx,0,8,79,0E,00,00,44,04,00,00,
21278612,00000086,false,Rx,0,8,36,02,2C,20,00,00,00,00,
21278625,0000009F,false,Rx,0,8,FE,32,1D,80,03,0F,00,40,
21278726,000003C0,false,Rx,0,4,0A,0A,03,00,00,00,00,00,
21278739,00000584,false,Rx,0,6,EB,0D,00,00,00,00,00,00,
21278752,000005F0,false,Rx,0,8,64,E4,64,00,00,64,00,00,
21278765,000000B2,false,Rx,0,8,00,00,00,00,00,00,00,00,
21287516,000000B2,false,Rx,0,8,00,00,00,00,00,00,00,00,
21287541,00000101,false,Rx,0,8,07,01,7D,F3,A1,0C,40,00,
21287667,00000106,false,Rx,0,8,79,81,9B,04,08,00,F2,30,
21287680,0000011E,false,Rx,0,8,B0,01,00,00,00,00,00,00,
21287693,00000117,false,Rx,0,8,75,0C,00,40,68,00,00,FF,
21287706,000000A7,false,Rx,0,8,47,22,60,80,FD,01,C8,3E,
21287719,000000A8,false,Rx,0,8,95,C2,3E,D8,80,64,F8,0D,
21287732,0000011B,false,Rx,0,8,00,20,00,00,00,00,00,00,
21295541,000000B2,false,Rx,0,8,00,00,00,00,00,00,00,00,
21295569,000000FD,false,Rx,0,8,01,D1,1F,80,00,00,00,00,
21295583,00000104,false,Rx,0,8,6B,31,A6,00,E6,00,00,31,
21295596,00000116,false,Rx,0,8,17,01,33,D2,28,62,87,FF,
21295609,00000392,false,Rx,0,8,8A,26,00,00,00,00,00,04,
21295622,000002B7,false,Rx,0,8,44,05,00,00,00,00,00,00,
21295636,000003DB,false,Rx,0,8,50,00,01,00,04,20,01,6E,
21295649,0000012E,false,Rx,0,8,58,ED,7F,00,FE,00,C0,FF,
21298364,0000011D,false,Rx,0,8,71,03,00,C8,00,00,00,00,
21298387,00000086,false,Rx,0,8,25,05,2C,20,00,00,00,00,
21298400,0000009F,false,Rx,0,8,ED,35,1D,80,03,0F,00,40,
21311303,00000108,false,Rx,0,8,11,14,D1,24,57,FE,00,00,
21312172,00000101,false,Rx,0,8,AB,02,7D,F3,A1,0C,40,00,
21312187,00000106,false,Rx,0,8,D5,82,9B,04,08,00,F2,30,
21312203,0000011E,false,Rx,0,8,1C,02,00,00,00,00,00,00,
21312216,0000030D,false,Rx,0,4,04,00,00,00,00,00,00,00,
21312229,00000395,false,Rx,0,8,18,0D,24,06,B4,41,50,1C,
21312242,00000117,false,Rx,0,8,11,0D,00,40,68,00,00,FF,
21312255,00000380,false,Rx,0,8,79,0E,40,00,00,00,00,FF,
21312268,000000A7,false,Rx,0,8,2C,14,20,80,FD,01,C8,3E,
21320288,00000086,false,Rx,0,8,89,06,2C,20,00,00,00,00,
21320303,00000381,false,Rx,0,8,FF,FF,FF,FF,FF,FF,FF,FF,
21320316,00000382,false,Rx,0,8,FF,FF,FF,FF,FF,FF,FF,FF,
21324234,000000B1,false,Rx,0,8,ED,29,00,00,00,00,00,00,
21324283,000000B2,false,Rx,0,8,00,00,00,00,00,00,00,00,
21324296,000000FD,false,Rx,0,8,CE,D2,1F,80,00,00,00,00,
21324309,000003C8,false,Rx,0,8,00,00,54,24,00,12,00,4D,
21329247,00000104,false,Rx,0,8,C7,32,A6,00,E6,00,00,31,
21329279,00000116,false,Rx,0,8,BB,02,33,D2,28,62,87,FF,
21329293,0000031B,false,Rx,0,8,C8,0D,00,00,00,63,15,00,
21332584,00000668,false,Rx,0,8,82,00,00,29,00,03,31,01,
21332612,000000AD,false,Rx,0,8,48,E0,BF,FF,00,14,00,00,
21332627,0000012E,false,Rx,0,8,82,EE,7F,00,FE,00,C0,FF,
21332640,000000A7,false,Rx,0,8,57,15,20,80,FD,01,C8,3E,
21332653,000000A8,false,Rx,0,8,6E,C5,3E,18,81,64,FC,0D,
21332666,00000365,false,Rx,0,8,C0,C6,18,40,8F,02,AC,7A,
21332679,0000032A,false,Rx,0,8,1D,0F,00,00,44,04,00,00,
21332692,00000086,false,Rx,0,8,ED,07,2C,20,00,00,00,00,
21343586,000006B2,false,Rx,0,8,71,9D,27,A1,A1,40,EF,2C,
21343616,0000012E,false,Rx,0,8,85,EF,7F,00,FE,00,C0,FF,
21343720,000000A7,false,Rx,0,8,4D,17,20,80,FD,01,C8,3E,
21343733,000000A8,false,Rx,0,8,4B,C7,3E,18,81,64,FC,0D,
21343747,000003E5,false,Rx,0,8,5A,18,00,00,00,00,00,00,
21343761,1B000012,true,Rx,0,8,12,00,04,01,11,00,00,00,
21343774,000006AE,false,Rx,0,4,00,00,10,00,00,00,00,00,
21343787,0000011D,false,Rx,0,8,06,05,00,C8,00,00,00,00,
21352448,00000101,false,Rx,0,8,F6,04,7D,F2,A1,06,40,00,
21352474,00000106,false,Rx,0,8,A2,84,9B,04,08,00,F2,30,
21352488,0000011E,false,Rx,0,8,6B,04,00,00,00,00,00,00,
21352501,000002B7,false,Rx,0,8,92,06,00,00,00,00,00,00,
21352515,00000117,false,Rx,0,8,D9,0F,00,40,68,00,00,FF,
21352528,000000A7,false,Rx,0,8,00,18,20,80,FD,01,C8,3E,
21352541,000000A8,false,Rx,0,8,69,C8,3E,18,81,64,FC,0D,
21352554,00000120,false,Rx,0,8,B6,04,00,00,01,04,FF,01,
21362101,0000012E,false,Rx,0,8,AC,E0,7F,00,FE,00,C0,FF,
21362139,000000A7,false,Rx,0,8,D0,19,20,80,FD,01,C8,3E,
21362156,000000A8,false,Rx,0,8,23,C9,3E,18,81,64,F8,0D,
21362169,000006B4,false,Rx,0,8,01,5A,5A,5A,41,55,5A,48,
21362183,0000011D,false,Rx,0,8,AA,06,00,C8,00,00,00,00,
21362196,00000086,false,Rx,0,8,03,0B,2C,20,00,00,00,00,
21362209,0000009F,false,Rx,0,8,49,3B,1D,80,03,11,00,40,
21362222,000000B2,false,Rx,0,8,00,00,00,00,00,00,00,00,
21371567,00000117,false,Rx,0,8,9B,00,00,40,68,00,00,FF,
21371601,000000AD,false,Rx,0,8,74,E5,BF,FF,00,14,00,00,
21371615,000000A7,false,Rx,0,8,D6,1A,20,80,FD,01,C8,3E,
21371628,000000A8,false,Rx,0,8,7C,CA,3E,18,81,64,F8,0D,
21371641,00000120,false,Rx,0,8,B4,05,00,00,01,04,FF,01,
21371655,00000365,false,Rx,0,8,C0,C6,18,40,8E,02,AC,7A,
21371668,00000121,false,Rx,0,8,9B,05,00,40,39,57,7E,FE,
21371681,0000032A,false,Rx,0,8,5F,00,00,00,44,04,00,00,
21382634,00000040,false,Rx,0,8,46,07,00,00,C1,00,00,00,
21382787,0000012E,false,Rx,0,8,A2,E1,7F,00,FE,00,C0,FF,
21382803,000000A7,false,Rx,0,8,B8,1B,20,80,FD,01,C8,3E,
21382816,00000108,false,Rx,0,8,BD,17,D1,24,57,FE,00,00,
21382829,000000A8,false,Rx,0,8,B1,CB,3E,18,81,64,F8,0D,
21382843,0000011D,false,Rx,0,8,CE,07,00,C8,00,00,00,00,
21382856,00000086,false,Rx,0,8,74,0D,2C,20,00,00,00,00,
21382869,0000009F,false,Rx,0,8,3E,3D,1D,80,03,11,00,40,
21392374,00000117,false,Rx,0,8,FF,01,00,40,68,00,00,FF,
21392410,00000380,false,Rx,0,8,1D,0F,40,00,00,00,00,FF,
21392424,000003EC,false,Rx,0,8,C1,00,00,00,00,08,01,00,
21392437,000000A7,false,Rx,0,8,07,1C,20,80,FD,01,C8,3E,
21392450,000000A8,false,Rx,0,8,AF,CC,3E,18,81,64,F8,0D,
21392463,0000011B,false,Rx,0,8,00,20,00,00,00,00,00,00,
21392477,00000120,false,Rx,0,8,5B,06,00,00,01,04,FF,01,
21392490,00000121,false,Rx,0,8,9C,06,00,40,39,57,7E,FE,
21399677,000002B7,false,Rx,0,8,C0,07,00,00,00,00,00,00,
21399704,000003DB,false,Rx,0,8,50,00,01,00,04,20,01,6E,
21399720,0000012E,false,Rx,0,8,6B,E2,7F,00,FE,00,C0,FF,
21399733,000000A7,false,Rx,0,8,F7,1D,20,80,FD,01,C8,3E,
21399746,000000A8,false,Rx,0,8,BC,CD,3E,18,81,64,F8,0D,
21399759,0000011D,false,Rx,0,8,8C,08,00,C8,00,00,00,00,
21399772,00000086,false,Rx,0,8,BC,0F,2C,20,00,00,00,00,
21399786,0000009F,false,Rx,0,8,06,3F,1D,80,03,12,00,40,
21401650,000000B2,false,Rx,0,8,00,00,00,00,00,00,00,00,
21401676,00000108,false,Rx,0,8,FF,18,D1,24,57,FE,00,00,
21415961,00000117,false,Rx,0,8,53,02,00,40,68,00,00,FF,
21415995,000000A7,false,Rx,0,8,7C,1E,20,80,FD,01,C8,3E,
21416009,000000A8,false,Rx,0,8,0E,CE,3E,18,81,64,F8,0D,
21416022,00000120,false,Rx,0,8,59,07,00,00,01,04,FF,01,
21416035,00000121,false,Rx,0,8,F2,07,00,00,39,57,7E,FE,
21416048,0000009F,false,Rx,0,8,44,30,1D,80,03,12,00,40,
21416061,00000086,false,Rx,0,8,FE,00,2C,20,00,00,00,00,
21416074,000000B1,false,Rx,0,8,42,2A,00,00,00,00,00,00,
21426412,0000032A,false,Rx,0,8,3B,01,00,00,44,04,00,00,
21426434,00000086,false,Rx,0,8,9A,01,2C,20,00,00,00,00,
21426447,0000009F,false,Rx,0,8,20,31,1D,80,03,12,00,40,
21426461,0000011D,false,Rx,0,8,E8,09,00,C8,00,00,00,00,
21426474,000000B2,false,Rx,0,8,00,00,00,00,00,00,00,00,
21426487,00000101,false,Rx,0,8,D3,08,7D,F2,A1,0D,40,00,
21426500,00000106,false,Rx,0,8,4C,88,9B,04,08,00,F2,30,
21426513,0000011E,false,Rx,0,8,85,08,00,00,00,00,00,00,
21437606,0000009F,false,Rx,0,8,8C,32,1D,80,03,12,00,40,
21437637,00000086,false,Rx,0,8,36,02,2C,20,00,00,00,00,
21437651,000000B2,false,Rx,0,8,00,00,00,00,00,00,00,00,
21437664,000000FD,false,Rx,0,8,58,D8,1F,80,00,00,00,00,
21437677,00000104,false,Rx,0,8,5E,38,A6,00,E6,00,00,31,
21437690,00000116,false,Rx,0,8,22,08,33,D2,28,62,87,FF,
21437703,0000012E,false,Rx,0,8,D5,E4,7F,00,FE,00,C0,FF,
21437717,000000A7,false,Rx,0,8,E3,11,20,80,FD,01,C8,3E,
21448263,000000B2,false,Rx,0,8,00,00,00,00,00,00,00,00,
21448286,00000101,false,Rx,0,8,13,09,7D,F3,A1,0E,40,00,
21451010,00000106,false,Rx,0,8,28,89,9B,04,08,00,F2,30,
21451030,0000011E,false,Rx,0,8,E1,09,00,00,00,00,00,00,
21451043,000002B7,false,Rx,0,8,12,08,00,00,00,00,00,00,
21451057,00000117,false,Rx,0,8,24,04,00,40,68,00,00,FF,
21451070,000000A7,false,Rx,0,8,97,12,20,80,FD,01,C8,3E,
21451083,000000A8,false,Rx,0,8,A7,C2,3E,18,81,64,EC,0D,
21451096,00000120,false,Rx,0,8,56,09,00,00,01,04,FF,01,
21451109,00000121,false,Rx,0,8,CE,09,00,00,39,57,7E,FE,
21461156,17F0000A,true,Rx,0,8,00,0A,00,00,00,00,00,80,
21461170,000000B2,false,Rx,0,8,00,00,00,00,00,00,00,00,
21461182,00000108,false,Rx,0,8,37,1A,D1,24,57,FE,00,00,
21461196,000000FD,false,Rx,0,8,6A,D9,1F,80,00,00,00,00,
21461209,00000104,false,Rx,0,8,3A,39,A6,00,E6,00,00,31,
21461222,00000116,false,Rx,0,8,46,09,33,D2,28,62,87,FF,
21461235,0000030D,false,Rx,0,4,04,00,00,00,00,00,00,00,
21461248,0000012E,false,Rx,0,8,35,E5,7F,00,FE,00,C0,FF,
21471134,000000B2,false,Rx,0,8,00,00,00,00,00,00,00,00,
21471169,00000101,false,Rx,0,8,35,0A,7D,F3,A1,0A,40,00,
21471184,00000106,false,Rx,0,8,84,8A,9B,04,08,00,F2,30,
21471198,0000011E,false,Rx,0,8,4D,0A,00,00,00,00,00,00,
21471211,0000031B,false,Rx,0,8,44,00,00,00,00,63,15,00,
21471224,00000117,false,Rx,0,8,40,05,00,40,68,00,00,FF,
21471237,000000AD,false,Rx,0,8,D5,EF,BF,FF,00,14,00,00,
21471263,00000380,false,Rx,0,8,5F,00,40,00,00,00,00,FF,
21479616,00000121,false,Rx,0,8,AB,0A,00,00,39,57,7E,FE,
21479652,0000032A,false,Rx,0,8,97,02,00,00,44,04,00,00,
21479665,00000086,false,Rx,0,8,89,06,2C,20,00,00,00,00,
21479678,0000009F,false,Rx,0,8,C3,36,1D,80,03,11,00,40,
21479692,000003C0,false,Rx,0,4,C5,0C,03,00,00,00,00,00,
21479704,00000381,false,Rx,0,8,FF,FF,FF,FF,FF,FF,FF,1F,
21479718,00000382,false,Rx,0,8,FF,FF,FF,FF,FF,FF,FF,1F,
21479731,00000584,false,Rx,0,6,17,0E,00,00,00,00,00,00,
21489018,000000B2,false,Rx,0,8,00,00,00,00,00,00,00,00,
21489104,00000101,false,Rx,0,8,14,0B,7D,F3,A1,08,40,00,
21489120,00000106,false,Rx,0,8,E0,8B,9B,04,08,00,F2,30,
21489133,0000011E,false,Rx,0,8,29,0B,00,00,00,00,00,00,
21489146,00000117,false,Rx,0,8,EC,06,00,40,68,00,00,FF,
21489163,000000A7,false,Rx,0,8,9E,26,60,80,FD,05,C8,3E,
21489176,000000A8,false,Rx,0,8,B1,C6,3E,18,81,64,DC,0D,
21489189,0000011B,false,Rx,0,8,00,20,00,00,00,00,00,00,
21497631,00000120,false,Rx,0,8,21,0B,00,00,01,04,FF,01,
21497645,00000121,false,Rx,0,8,00,0B,00,00,39,57,7E,FE,
21497658,0000009F,false,Rx,0,8,E5,38,1D,80,03,11,00,40,
21497671,00000086,false,Rx,0,8,AF,08,2C,20,00,00,00,00,
21497684,00000391,false,Rx,0,8,0D,66,23,41,00,28,00,22,
21497697,000003BE,false,Rx,0,8,72,1D,E6,51,C8,80,00,80,
21497710,000000B2,false,Rx,0,8,00,00,00,00,00,00,00,00,
21502513,000000B2,false,Rx,0,8,00,00,00,00,00,00,00,00,
21502529,00000108,false,Rx,0,8,40,1C,D1,24,57,FE,00,00,
21502542,00000101,false,Rx,0,8,B6,0C,7D,F3,A1,04,40,00,
21502555,00000106,false,Rx,0,8,F3,8C,9B,04,08,00,F2,30,
21502569,0000011E,false,Rx,0,8,3A,0C,00,00,00,00,00,00,
21502582,00000395,false,Rx,0,8,18,01,24,06,B4,41,50,1C,
21502595,0000030D,false,Rx,0,4,04,00,00,00,00,00,00,00,
21516650,000000A7,false,Rx,0,8,5A,28,60,80,FD,05,C8,3E,
21516677,000000A8,false,Rx,0,8,86,C8,3E,18,81,64,DC,0D,
21516691,00000120,false,Rx,0,8,FB,0C,00,00,01,04,FF,01,
21516705,00000121,false,Rx,0,8,F8,0C,00,40,39,57,7E,FE,
21516718,0000009F,false,Rx,0,8,98,3A,1D,80,03,10,00,40,
21516731,00000086,false,Rx,0,8,67,0A,2C,20,00,00,00,00,
21516744,000000B1,false,Rx,0,8,C2,2B,00,00,00,00,00,00,
21516757,000000B2,false,Rx,0,8,00,00,00,00,00,00,00,00,
21527526,00000086,false,Rx,0,8,03,0B,2C,20,00,00,00,00,
21527550,0000009F,false,Rx,0,8,FC,3B,1D,80,03,10,00,40,
21527564,0000011D,false,Rx,0,8,FB,0E,00,C8,00,00,00,00,
21527577,000000B2,false,Rx,0,8,00,00,00,00,00,00,00,00,
21527590,00000101,false,Rx,0,8,50,0D,7E,F3,A1,08,40,00,
21527603,00000106,false,Rx,0,8,97,8D,9B,04,08,00,F2,30,
21527616,0000011E,false,Rx,0,8,5E,0D,00,00,00,00,00,00,
21527629,0000030B,false,Rx,0,8,10,09,02,00,08,00,00,00,
21536085,000000B2,false,Rx,0,8,00,00,00,00,00,00,00,00,
21536110,17F00072,true,Rx,0,8,00,00,00,00,00,00,00,00,
21536124,000000FD,false,Rx,0,8,19,DD,1F,80,00,00,00,00,
21536138,00000104,false,Rx,0,8,85,3D,A6,00,E6,00,00,31,
21536151,00000116,false,Rx,0,8,F9,0D,33,D2,28,62,87,FF,
21536164,0000012E,false,Rx,0,8,79,E9,7F,00,FE,00,C0,FF,
21536177,000000A7,false,Rx,0,8,E2,2B,60,80,FD,05,C8,3E,
21536190,000000A8,false,Rx,0,8,9B,CB,5E,18,81,64,E4,0D,
21543623,0000011D,false,Rx,0,8,9F,0F,00,C8,00,00,00,00,
21543647,00000086,false,Rx,0,8,74,0D,2C,20,00,00,00,00,
21543661,0000009F,false,Rx,0,8,8B,3D,1D,80,03,10,00,40,
21543674,000000B2,false,Rx,0,8,00,00,00,00,00,00,00,00,
21543687,00000101,false,Rx,0,8,CF,0E,7D,F3,A1,08,40,00,
21543700,00000106,false,Rx,0,8,3B,8E,9B,04,08,00,F2,30,
21543713,0000011E,false,Rx,0,8,F2,0E,00,00,00,00,00,00,
21552964,000002B7,false,Rx,0,8,73,0A,00,00,00,00,00,00,
21553111,00000380,false,Rx,0,8,3B,01,40,00,00,00,00,FF,
21553127,00000117,false,Rx,0,8,AE,09,00,40,68,00,00,FF,
21553140,000000A7,false,Rx,0,8,5D,2C,60,80,FD,05,C8,3E,
21553153,000000A8,false,Rx,0,8,CD,CC,5E,18,81,64,E8,0D,
21553166,00000120,false,Rx,0,8,20,0E,00,00,01,04,FF,01,
21553179,00000121,false,Rx,0,8,45,0E,00,00,39,57,7E,FE,
21553192,0000009F,false,Rx,0,8,27,3E,1D,80,03,10,00,40,
21563118,00000104,false,Rx,0,8,29,3E,A6,00,E6,00,00,31,
21563146,00000116,false,Rx,0,8,55,0E,33,D2,28,62,87,FF,
21563293,0000030D,false,Rx,0,4,04,00,00,00,00,00,00,00,
21563306,0000012E,false,Rx,0,8,25,EA,7F,00,FE,00,C0,FF,
21563320,17330A10,true,Rx,0,4,32,91,04,06,00,00,00,00,
21569830,000000A7,false,Rx,0,8,AD,2D,60,80,FD,05,C8,3E,
21569844,000000A8,false,Rx,0,8,DE,CD,5E,18,81,64,E8,0D,
21569857,000006B4,false,Rx,0,8,00,F2,F6,7B,AC,57,56,57,
21569870,0000011D,false,Rx,0,8,DD,00,00,C8,00,00,00,00,
21569883,00000086,false,Rx,0,8,BC,0F,2C,20,00,00,00,00,
21569897,0000009F,false,Rx,0,8,43,3F,1D,80,03,10,00,40,
21569910,000000B2,false,Rx,0,8,00,00,00,00,00,00,00,00,
21569923,00000101,false,Rx,0,8,1A,0F,7D,F3,A1,04,40,00,
21578594,000000B2,false,Rx,0,8,00,00,00,00,00,00,00,00,
21578618,000000FD,false,Rx,0,8,71,DF,1F,80,00,00,00,00,
21578757,00000104,false,Rx,0,8,4D,3F,A6,00,E6,00,00,31,
21578770,00000116,false,Rx,0,8,31,0F,33,D2,28,62,87,FF,
21578783,0000030B,false,Rx,0,8,10,0A,02,00,08,00,00,00,
21578796,00000040,false,Rx,0,8,A8,0B,00,00,C1,00,00,00,
21578810,0000012E,false,Rx,0,8,D1,EB,7F,00,FE,00,C0,FF,
21578823,000000A7,false,Rx,0,8,F8,2F,60,80,FD,05,C8,3E,
21587677,000000B2,false,Rx,0,8,00,00,00,00,00,00,00,00,
21588254,00000101,false,Rx,0,8,E9,00,7D,F3,A1,08,40,00,
21588271,00000106,false,Rx,0,8,1D,80,9B,04,08,00,F2,30,
21588285,0000011E,false,Rx,0,8,D4,00,00,00,00,00,00,00,
21588298,00000585,false,Rx,0,8,09,3C,00,7F,14,00,00,00,
21588311,00000117,false,Rx,0,8,66,0B,00,40,68,00,00,FF,
21593938,000003EC,false,Rx,0,8,C1,00,00,00,00,08,01,00,
21593970,000000A7,false,Rx,0,8,31,20,60,80,FD,05,C8,3E,
21594111,000000A8,false,Rx,0,8,FB,C0,5E,18,81,64,E0,0D,
21594124,0000011B,false,Rx,0,8,00,20,00,00,00,00,00,00,
21594137,00000120,false,Rx,0,8,3F,00,00,00,01,04,FF,01,
21594150,00000121,false,Rx,0,8,3D,00,00,00,39,57,7E,FE,
21594163,0000009F,false,Rx,0,8,7C,32,1D,80,03,11,00,40,
21594177,00000086,false,Rx,0,8,36,02,2C,20,00,00,00,00,
21602179,000003DB,false,Rx,0,8,50,00,01,00,04,20,01,6E,
21602202,0000012E,false,Rx,0,8,72,EC,7F,00,FE,00,C0,FF,
21602215,000000A7,false,Rx,0,8,70,11,60,80,FD,05,C8,3E,
21602229,000000A8,false,Rx,0,8,81,C1,5E,18,81,64,E0,0D,
21602242,0000011D,false,Rx,0,8,15,02,00,C8,00,00,00,00,
21602255,00000086,false,Rx,0,8,52,03,2C,20,00,00,00,00,
21602268,0000009F,false,Rx,0,8,18,33,1D,80,03,11,00,40,
21602281,000000B2,false,Rx,0,8,00,00,00,00,00,00,00,00,
21604676,0000011E,false,Rx,0,8,B0,01,00,00,00,00,00,00,
21604689,000001AB,false,Rx,0,8,AF,05,00,02,00,00,05,00,
21604702,0000030D,false,Rx,0,4,04,00,00,00,00,00,00,00,
21604715,00000395,false,Rx,0,8,18,0B,24,06,B4,41,50,1C,
21617818,000000B1,false,Rx,0,8,E0,2C,00,00,00,00,00,00,
21617847,000000B2,false,Rx,0,8,00,00,00,00,00,00,00,00,
21617861,000000FD,false,Rx,0,8,01,D1,1F,80,00,00,00,00,
21617875,000003C8,false,Rx,0,8,00,00,54,24,00,12,00,4D,
21617887,00000104,false,Rx,0,8,8B,31,A6,00,E6,00,10,31,
21617901,00000116,false,Rx,0,8,17,01,33,D2,28,62,87,FF,
21617914,000001A2,false,Rx,0,8,18,0C,10,00,E1,06,80,13,
21617927,0000031B,false,Rx,0,8,9D,03,00,00,00,63,15,00,
21630213,000000B2,false,Rx,0,8,00,00,00,00,00,00,00,00,
21630549,00000101,false,Rx,0,8,30,02,7D,F2,A1,0A,40,00,
21630565,00000106,false,Rx,0,8,D5,82,9B,04,08,00,F2,30,
21630579,0000030B,false,Rx,0,8,10,0B,02,00,08,00,00,00,
21630592,0000011E,false,Rx,0,8,1C,02,00,00,00,00,00,00,
21630605,00000040,false,Rx,0,8,BB,0C,00,00,C1,00,00,00,
21630618,00000117,false,Rx,0,8,11,0D,00,40,68,00,00,FF,
21630631,00000380,false,Rx,0,8,97,02,40,00,00,00,00,FF,
21640642,00000116,false,Rx,0,8,BB,02,33,D2,28,62,87,FF,
21640787,0000012E,false,Rx,0,8,82,EE,7F,00,FE,00,C0,FF,
21640801,000000A7,false,Rx,0,8,C4,15,60,80,FD,05,C8,3E,
21640814,000000A8,false,Rx,0,8,7C,C5,5E,18,81,64,E4,0D,
21640827,000003E5,false,Rx,0,8,A4,1B,00,00,00,00,00,00,
21640840,0000011D,false,Rx,0,8,62,04,00,C8,00,00,00,00,
21640868,00000086,false,Rx,0,8,ED,07,2C,20,00,00,00,00,
21640881,0000009F,false,Rx,0,8,57,37,1D,80,03,12,00,40,
21650647,000002B7,false,Rx,0,8,E6,0C,00,00,00,00,00,00,
21650805,00000117,false,Rx,0,8,BD,0E,00,40,68,00,00,FF,
21650819,000000A7,false,Rx,0,8,57,16,60,80,FD,05,C8,3E,
21650832,000000A8,false,Rx,0,8,BE,C6,3E,18,81,64,EC,0D,
21650845,00000120,false,Rx,0,8,E0,03,00,00,01,04,FF,01,
21650858,00000121,false,Rx,0,8,11,03,00,40,39,57,7E,FE,
21650871,0000009F,false,Rx,0,8,15,38,1D,80,03,12,00,40,
21650885,00000086,false,Rx,0,8,5B,08,2D,20,00,00,00,00,
21660997,00000116,false,Rx,0,8,DF,03,33,D2,28,62,87,FF,
21661022,0000030D,false,Rx,0,4,00,00,00,00,00,00,00,00,
21661035,0000012E,false,Rx,0,8,85,EF,7F,00,FE,00,C0,FF,
21661049,000000A7,false,Rx,0,8,54,17,60,80,FD,01,C8,3E,
21661062,000000A8,false,Rx,0,8,03,C7,3E,18,81,64,F0,0D,
21661075,0000011D,false,Rx,0,8,06,05,00,C8,00,00,00,00,
21661099,00000086,false,Rx,0,8,CB,09,2C,20,00,00,00,00,
21661112,0000009F,false,Rx,0,8,71,39,1D,80,03,12,00,40,
21668142,00000117,false,Rx,0,8,D9,0F,00,40,68,00,00,FF,
21668167,000000AD,false,Rx,0,8,E3,E3,BF,FF,00,14,00,00,
21668181,000000A7,false,Rx,0,8,19,18,60,80,FD,01,C8,3E,
21668317,000000A8,false,Rx,0,8,19,C8,3E,18,81,64,F4,0D,
21673249,00000120,false,Rx,0,8,B6,04,00,00,01,04,FF,01,
21673263,00000365,false,Rx,0,8,C0,C6,18,40,8E,02,AC,7A,
21673277,00000121,false,Rx,0,8,AC,04,00,40,39,57,7E,FE,
21673290,0000032A,false,Rx,0,8,28,06,00,00,44,04,00,00,
21673303,00000086,false,Rx,0,8,67,0A,2C,20,00,00,00,00,
21673316,0000009F,false,Rx,0,8,DD,3A,1D,80,03,12,00,40,
21678870,000003C0,false,Rx,0,4,80,0E,03,00,00,00,00,00,
21678885,00000584,false,Rx,0,6,43,0F,00,00,00,00,00,00,
21678898,000005F0,false,Rx,0,8,64,E4,64,00,00,64,00,00,
21678912,000000B2,false,Rx,0,8,00,00,00,00,00,00,00,00,
21678925,000000FD,false,Rx,0,8,2D,D4,1F,80,00,00,00,00,
21678938,00000104,false,Rx,0,8,4C,34,A6,00,E6,00,12,31,
21678951,00000116,false,Rx,0,8,CC,04,33,D2,28,62,87,FF,
21678964,0000030B,false,Rx,0,8,10,0C,02,00,08,00,00,00,
21688405,000000B2,false,Rx,0,8,00,00,00,00,00,00,00,00,
21688552,00000101,false,Rx,0,8,B0,05,7E,F3,A1,04,40,00,
21688569,00000106,false,Rx,0,8,C6,85,9B,04,08,00,F2,30,
21688582,0000011E,false,Rx,0,8,0F,05,00,00,00,00,00,00,
21688595,00000117,false,Rx,0,8,9B,00,00,40,68,00,00,FF,
21688608,000000A7,false,Rx,0,8,D6,1A,20,80,FD,01,C8,3E,
21688621,000000A8,false,Rx,0,8,44,CA,3E,18,81,64,FC,0D,
21688634,0000011B,false,Rx,0,8,00,20,00,00,00,00,00,00,
21699578,0000065F,false,Rx,0,8,2E,20,00,00,00,00,37,7A,
21699610,000000B2,false,Rx,0,8,00,00,00,00,00,00,00,00,
21699626,000000FD,false,Rx,0,8,B7,D5,1F,80,00,00,00,00,
21699639,00000670,false,Rx,0,8,20,10,00,00,00,01,00,88,
21699652,00000104,false,Rx,0,8,F6,35,A6,00,E6,00,12,51,
21699666,00000116,false,Rx,0,8,A8,05,33,D2,28,62,87,FF,
21699679,00000392,false,Rx,0,8,64,2A,00,00,00,00,00,04,
21699692,000002B7,false,Rx,0,8,D3,0D,00,00,00,00,00,00,
21706287,000000B2,false,Rx,0,8,00,00,00,00,00,00,00,00,
21706317,00000108,false,Rx,0,8,11,14,D1,24,57,FE,00,00,
21706814,00000101,false,Rx,0,8,9A,06,7D,F3,A1,05,40,00,
21706828,00000106,false,Rx,0,8,0C,86,9D,04,08,00,F2,30,
21706841,0000011E,false,Rx,0,8,A3,06,00,00,00,00,00,00,
21706854,0000030D,false,Rx,0,4,00,00,00,00,00,00,00,00,
21706879,00000395,false,Rx,0,8,18,05,24,06,B4,41,50,1C,
21706893,00000117,false,Rx,0,8,FF,01,00,40,68,00,00,FF,
21706906,00000380,false,Rx,0,8,F3,03,40,00,00,00,00,FF,
21719813,00000381,false,Rx,0,8,FF,FF,FF,FF,FF,FF,FF,4F,
21719852,00000382,false,Rx,0,8,FF,FF,FF,FF,FF,FF,FF,4F,
21719868,000000B1,false,Rx,0,8,6E,2D,00,00,00,00,00,00,
21719881,000000B2,false,Rx,0,8,00,00,00,00,00,00,00,00,
21719894,000000FD,false,Rx,0,8,A5,D6,1F,80,00,00,00,00,
21719907,000003C8,false,Rx,0,8,00,00,54,24,00,12,00,4E,
21719920,00000104,false,Rx,0,8,B3,36,A6,00,E6,00,12,50,
21719933,00000116,false,Rx,0,8,04,06,33,D2,28,62,87,FF,
21723945,000000B2,false,Rx,0,8,00,00,00,00,00,00,00,00,
21723962,00000101,false,Rx,0,8,FE,07,7D,F3,A1,05,40,00,
21723986,00000106,false,Rx,0,8,E5,87,A1,04,08,00,F2,30,
21723999,0000011E,false,Rx,0,8,C7,07,00,00,00,00,00,00,
21724012,0000030B,false,Rx,0,8,10,0D,02,00,08,00,00,00,
21743550,0000012E,false,Rx,0,8,F2,E3,7F,00,FE,00,C0,FF,
21743582,000000A7,false,Rx,0,8,5C,1F,20,80,FD,01,B8,3E,
21743599,000003E5,false,Rx,0,8,57,1C,00,00,00,00,00,00,
21743612,000000A8,false,Rx,0,8,BD,BF,1E,98,80,64,04,0E,
21743626,1B000012,true,Rx,0,8,12,00,04,01,11,00,00,00,
21743640,0000011D,false,Rx,0,8,E8,09,00,C8,00,00,00,00,
21743653,00000086,false,Rx,0,8,9A,01,2C,20,00,00,00,00,
21743666,0000009F,false,Rx,0,8,D0,31,1D,80,03,11,00,40,
21754264,000002B7,false,Rx,0,8,57,0E,00,00,00,00,00,00,
21754295,00000117,false,Rx,0,8,37,03,00,40,68,00,00,FF,
21754309,000000A7,false,Rx,0,8,95,10,20,80,FD,01,B8,3E,
21757932,000000A8,false,Rx,0,8,9D,B0,1E,98,80,64,08,0E,
21757968,00000120,false,Rx,0,8,00,08,00,00,01,04,FF,01,
21757982,00000121,false,Rx,0,8,0C,08,00,40,39,57,7E,FE,
21757995,0000009F,false,Rx,0,8,C9,32,1D,80,03,10,00,40,
21758095,00000086,false,Rx,0,8,36,02,2C,20,00,00,00,00,
21758108,00000497,false,Rx,0,8,00,40,00,00,64,46,00,20,
21758121,000000B2,false,Rx,0,8,00,00,00,00,00,00,00,00,
21758134,00000108,false,Rx,0,8,D9,16,D1,24,57,FE,00,00,
21768360,000000B2,false,Rx,0,8,00,00,00,00,00,00,00,00,
21768384,00000101,false,Rx,0,8,69,09,7D,F3,A1,09,40,00,
21768489,00000106,false,Rx,0,8,51,89,A6,04,08,00,F2,30,
21768502,0000011E,false,Rx,0,8,E1,09,00,00,00,00,00,00,
21768515,0000031B,false,Rx,0,8,0C,06,00,00,00,63,15,00,
21768528,00000117,false,Rx,0,8,24,04,00,40,68,00,00,FF,
21768541,000000AD,false,Rx,0,8,5E,ED,BF,FF,00,14,00,00,
21768555,000000A7,false,Rx,0,8,69,12,20,80,FD,01,B8,3E,
21778647,000000B2,false,Rx,0,8,00,00,00,00,00,00,00,00,
21778672,000000FD,false,Rx,0,8,6A,D9,1F,80,00,00,00,00,
21778685,00000104,false,Rx,0,8,64,39,A6,00,E6,00,02,4C,
21778698,00000116,false,Rx,0,8,46,09,33,D2,28,62,87,FF,
21778711,0000030B,false,Rx,0,8,10,0E,02,00,08,00,00,00,
21778725,00000040,false,Rx,0,8,17,0F,00,00,C1,00,00,00,
21778737,0000012E,false,Rx,0,8,35,E5,7F,00,FE,00,C0,FF,
21778751,000000A7,false,Rx,0,8,E8,13,20,80,FD,01,B8,3E,
21787041,000000B2,false,Rx,0,8,00,00,00,00,00,00,00,00,
21787068,00000101,false,Rx,0,8,31,0A,7D,F3,A1,07,40,00,
21787081,00000106,false,Rx,0,8,F6,8A,A8,04,08,00,F2,30,
21787107,0000011E,false,Rx,0,8,4D,0A,00,00,00,00,00,00,
21787120,00000117,false,Rx,0,8,40,05,00,40,68,00,00,FF,
21787133,00000380,false,Rx,0,8,E0,04,40,00,00,00,00,FF,
21787146,000003EC,false,Rx,0,8,C1,00,00,00,00,08,01,00,
21787159,000000A7,false,Rx,0,8,D2,14,20,80,FD,01,B8,3E,
21798083,00000391,false,Rx,0,8,0D,66,24,3F,00,28,00,22,
21798111,000003BE,false,Rx,0,8,D9,10,E6,51,C8,80,00,80,
21798247,00000381,false,Rx,0,8,FF,FF,FF,FF,FF,FF,FF,5F,
21798260,00000382,false,Rx,0,8,FF,FF,FF,FF,FF,FF,FF,5F,
21798273,000000B2,false,Rx,0,8,00,00,00,00,00,00,00,00,
21798286,000000FD,false,Rx,0,8,26,DA,1F,80,00,00,00,00,
21798299,00000104,false,Rx,0,8,09,3A,A6,00,E6,00,02,4B,
21798312,00000116,false,Rx,0,8,EA,0A,33,D2,28,62,87,FF,
21806973,00000392,false,Rx,0,8,00,2B,00,00,00,00,00,04,
21807000,000002B7,false,Rx,0,8,FE,0F,00,00,00,00,00,00,
21807013,000003DB,false,Rx,0,8,50,00,01,00,04,20,01,6E,
21807026,0000012E,false,Rx,0,8,7F,E6,7F,00,FE,00,C0,FF,
21807040,000000A7,false,Rx,0,8,A9,15,20,80,FD,01,B8,3E,
21807053,000000A8,false,Rx,0,8,2C,B5,3E,D8,80,64,14,0E,
21807066,0000011D,false,Rx,0,8,33,0C,00,C8,00,00,00,00,
21807079,00000086,false,Rx,0,8,ED,07,2C,20,00,00,00,00,
21810222,000000B1,false,Rx,0,8,71,2E,00,00,00,00,00,00,
21810247,000000B2,false,Rx,0,8,00,00,00,00,00,00,00,00,
21811339,000000FD,false,Rx,0,8,09,DB,1F,80,00,00,00,00,
21811352,000003C8,false,Rx,0,8,00,00,54,24,00,12,00,4D,
21811365,00000104,false,Rx,0,8,84,3B,A6,00,E6,00,02,4A,
21823868,000000AD,false,Rx,0,8,62,E2,BF,FF,00,14,00,00,
21823899,0000012E,false,Rx,0,8,6C,E7,7F,00,FE,00,C0,FF,
21823913,000000A7,false,Rx,0,8,4D,17,20,80,FD,01,C8,3E,
21823926,000000A8,false,Rx,0,8,1C,C7,3E,18,81,64,04,0E,
21823939,00000365,false,Rx,0,8,C0,C6,18,40,90,02,AC,7A,
21823953,0000032A,false,Rx,0,8,6A,09,00,00,44,04,00,00,
21823965,00000086,false,Rx,0,8,CB,09,2C,20,00,00,00,00,
21823979,0000009F,false,Rx,0,8,34,39,1D,80,03,10,00,40,
21834967,00000117,false,Rx,0,8,88,07,00,40,68,00,00,FF,
21834992,000000A7,false,Rx,0,8,19,18,60,80,FD,01,C8,3E,
21835005,000000A8,false,Rx,0,8,84,C8,5E,18,81,64,00,0E,
21835038,00000108,false,Rx,0,8,9B,19,D1,24,57,FE,00,00,
21835051,00000396,false,Rx,0,8,6B,07,00,11,00,00,00,00,
21835064,00000120,false,Rx,0,8,FB,0C,00,00,01,04,FF,01,
21835077,00000121,false,Rx,0,8,C5,0C,00,00,39,57,7E,FE,
21835090,0000009F,false,Rx,0,8,98,3A,1D,80,03,10,00,40,
21843713,000000A8,false,Rx,0,8,A1,C9,5E,18,81,64,F8,0D,
21843738,000003E5,false,Rx,0,8,63,1D,00,00,00,00,00,00,
21843752,0000011D,false,Rx,0,8,FB,0E,00,C8,00,00,00,00,
21843765,00000086,false,Rx,0,8,03,0B,2C,20,00,00,00,00,
21843778,0000009F,false,Rx,0,8,FC,3B,1D,80,03,10,00,40,
21843793,17F00012,true,Rx,0,8,20,12,00,00,00,00,00,00,
21843806,000000B2,false,Rx,0,8,00,00,00,00,00,00,00,00,
21843819,00000101,false,Rx,0,8,19,0D,7D,F3,A1,0F,40,00,
21854793,00000117,false,Rx,0,8,CA,08,00,40,68,00,00,FF,
21854818,000000A7,false,Rx,0,8,D6,1A,20,80,FD,01,C8,3E,
21854949,000000A8,false,Rx,0,8,B6,CA,5E,18,81,64,F4,0D,
21854962,00000120,false,Rx,0,8,4B,0D,00,00,01,04,FF,01,
21854988,00000121,false,Rx,0,8,D6,0D,00,00,39,57,7E,FE,
21855001,0000009F,false,Rx,0,8,EF,3C,1D,80,03,10,00,40,
21855014,00000086,false,Rx,0,8,10,0C,2C,20,00,00,00,00,
21855027,00000497,false,Rx,0,8,00,40,00,00,64,46,00,20,
21865468,000000A8,false,Rx,0,8,7B,CB,5E,18,81,64,F4,0D,
21865497,0000011D,false,Rx,0,8,9F,0F,00,C8,00,00,00,00,
21865637,00000086,false,Rx,0,8,74,0D,2C,20,00,00,00,00,
21865650,0000009F,false,Rx,0,8,8B,3D,1D,80,03,10,00,40,
21865663,000000B2,false,Rx,0,8,00,00,00,00,00,00,00,00,
21865676,00000101,false,Rx,0,8,B5,0E,7D,F3,A1,0F,40,00,
21865705,00000106,false,Rx,0,8,E8,8E,AC,04,08,00,F2,30,
21865732,0000011E,false,Rx,0,8,F2,0E,00,00,00,00,00,00,
21876603,00000365,false,Rx,0,8,C0,C6,18,40,8E,02,AC,7A,
21876631,00000121,false,Rx,0,8,78,0E,00,40,39,57,7E,FE,
21876763,0000032A,false,Rx,0,8,C6,0A,00,00,44,04,00,00,
21876776,00000086,false,Rx,0,8,D8,0E,2C,20,00,00,00,00,
21876789,0000009F,false,Rx,0,8,27,3E,1D,80,03,10,00,40,
21876802,000003C0,false,Rx,0,4,74,00,03,00,00,00,00,00,
21876815,00000381,false,Rx,0,8,FF,FF,FF,FF,FF,FF,FF,6F,
21876828,00000382,false,Rx,0,8,FF,FF,FF,FF,FF,FF,FF,6F,
21886965,00000086,false,Rx,0,8,BC,0F,2C,20,00,00,00,00,
21886990,0000009F,false,Rx,0,8,43,3F,1D,80,03,10,00,40,
21887005,000000B2,false,Rx,0,8,00,00,00,00,00,00,00,00,
21887018,00000101,false,Rx,0,8,E6,0F,7D,F3,A1,10,40,00,
21887031,00000106,false,Rx,0,8,BF,8F,AF,04,08,00,F2,30,
21887044,0000011E,false,Rx,0,8,96,0F,00,00,00,00,00,00,
21887057,00000117,false,Rx,0,8,02,0A,00,40,68,00,00,FF,
21887070,000000A7,false,Rx,0,8,7C,1E,20,80,FD,01,C8,3E,
21893631,00000391,false,Rx,0,8,0E,66,23,41,00,28,00,22,
21893655,000003BE,false,Rx,0,8,AD,11,E6,51,C8,80,00,80,
21893669,000000B2,false,Rx,0,8,00,00,00,00,00,00,00,00,
21893682,000000FD,false,Rx,0,8,71,DF,1F,80,00,00,00,00,
21893695,00000104,false,Rx,0,8,6B,3F,A6,00,E6,00,02,46,
21893709,00000116,false,Rx,0,8,31,0F,33,D2,28,62,87,FF,
21893722,00000392,false,Rx,0,8,13,2C,00,00,00,00,00,04,
21893736,17F00013,true,Rx,0,8,20,13,00,00,00,00,00,80,
21902159,000002B7,false,Rx,0,8,8D,01,00,00,00,00,00,00,
21902184,000003DB,false,Rx,0,8,50,00,01,00,04,20,01,6E,
21902197,0000012E,false,Rx,0,8,D1,EB,7F,00,FE,00,C0,FF,
21902210,000000A7,false,Rx,0,8,A2,1F,20,80,FD,01,C8,3E,
21902223,000000A8,false,Rx,0,8,D4,CF,5E,18,81,64,DC,0D,
21902237,0000011D,false,Rx,0,8,B9,01,00,C8,00,00,00,00,
21902250,00000086,false,Rx,0,8,9A,01,2C,20,00,00,00,00,
21902263,0000009F,false,Rx,0,8,65,31,1D,80,03,10,00,40,
21909899,0000011E,false,Rx,0,8,D4,00,00,00,00,00,00,00,
21909934,0000030D,false,Rx,0,4,00,00,00,00,00,00,00,00,
21909950,0000064A,false,Rx,0,4,00,00,00,00,00,00,00,00,
21909963,00000395,false,Rx,0,8,18,09,24,06,B4,41,50,1C,
21909976,00000117,false,Rx,0,8,66,0B,00,40,68,00,00,FF,
21909989,000000A7,false,Rx,0,8,72,10,60,80,FD,01,C8,3E,
21910003,000000A8,false,Rx,0,8,FB,C0,5E,18,81,64,E0,0D,
21910016,00000120,false,Rx,0,8,3F,00,00,00,01,04,FF,01,
21912143,000000B2,false,Rx,0,8,00,00,00,00,00,00,00,00,
21912156,000000FD,false,Rx,0,8,0B,D0,1F,80,00,00,00,00,
21912170,000003C8,false,Rx,0,8,00,00,54,24,00,12,00,4D,
21926230,0000012E,false,Rx,0,8,72,EC,7F,00,FE,00,C0,FF,
21926260,000000A7,false,Rx,0,8,E3,11,20,80,FD,01,C8,3E,
21926274,000000A8,false,Rx,0,8,53,C1,5E,D8,80,64,E4,0D,
21926300,00000365,false,Rx,0,8,C0,C6,18,40,8F,02,AC,7A,
21926313,0000032A,false,Rx,0,8,A2,0B,00,00,44,04,00,00,
21932382,00000086,false,Rx,0,8,52,03,2C,20,00,00,00,00,
21932407,0000009F,false,Rx,0,8,AD,33,1D,80,03,10,00,40,
21932420,0000011D,false,Rx,0,8,15,02,00,C8,00,00,00,00,
21932524,000000B2,false,Rx,0,8,00,00,00,00,00,00,00,00,
21932537,00000101,false,Rx,0,8,53,01,7D,F2,A1,0C,40,00,
21932550,00000106,false,Rx,0,8,8F,81,B3,04,08,00,F2,30,
21932563,0000011E,false,Rx,0,8,B0,01,00,00,00,00,00,00,
21932576,0000030B,false,Rx,0,8,10,01,02,00,08,00,00,00,
21942104,0000012E,false,Rx,0,8,58,ED,7F,00,FE,00,C0,FF,
21942133,000000A7,false,Rx,0,8,0F,13,60,80,FD,01,C8,3E,
21942149,000000A8,false,Rx,0,8,18,C3,5E,D8,80,64,E8,0D,
21942162,000003E5,false,Rx,0,8,E1,1E,00,00,00,00,00,00,
21942175,00000641,false,Rx,0,8,56,2D,2B,58,14,14,E4,52,
21942189,1B000012,true,Rx,0,8,12,00,04,01,11,00,00,00,
21942203,0000011D,false,Rx,0,8,71,03,00,C8,00,00,00,00,
21942216,00000086,false,Rx,0,8,25,05,2C,20,00,00,00,00,
21951016,000002B7,false,Rx,0,8,55,02,00,00,00,00,00,00,
21951041,00000130,false,Rx,0,8,34,8D,2C,80,08,00,04,00,
21951055,00000117,false,Rx,0,8,11,0D,00,40,68,00,00,FF,
21951081,00000380,false,Rx,0,8,28,06,40,00,00,00,00,FF,
21951094,000000A7,false,Rx,0,8,35,14,60,80,FD,01,C8,3E,
21951107,000000A8,false,Rx,0,8,8C,C4,5E,D8,80,64,EC,0D,
21951120,00000120,false,Rx,0,8,32,02,00,00,01,04,FF,01,
21951133,00000121,false,Rx,0,8,E3,02,00,40,39,57,7E,FE,
21961542,00000104,false,Rx,0,8,1C,32,A6,00,E6,00,02,44,
21961559,17F0000A,true,Rx,0,8,00,0A,00,00,00,00,00,80,
21961572,00000116,false,Rx,0,8,BB,02,33,D2,28,62,87,FF,
21961585,0000030D,false,Rx,0,4,00,00,00,00,00,00,00,00,
21961598,0000012E,false,Rx,0,8,82,EE,7F,00,FE,00,C0,FF,
21961611,000000A7,false,Rx,0,8,57,15,20,80,FD,01,C8,3E,
21961624,000000A8,false,Rx,0,8,E6,C5,5E,D8,80,64,EC,0D,
21961638,000006B4,false,Rx,0,8,00,F2,F6,7B,AC,57,56,57,
21971871,00000117,false,Rx,0,8,BD,0E,00,40,68,00,00,FF,
21971894,000000AD,false,Rx,0,8,86,E1,BF,FF,00,14,00,00,
21971910,000000A7,false,Rx,0,8,C4,16,20,80,FD,01,C8,3E,
21971923,000000A8,false,Rx,0,8,D6,C6,5E,D8,80,64,EC,0D,
21971936,00000120,false,Rx,0,8,E0,03,00,00,01,04,FF,01,
21971949,00000365,false,Rx,0,8,C0,C6,18,40,8F,02,AC,7A,
21971962,00000121,false,Rx,0,8,11,03,00,40,39,57,7E,FE,
21971976,0000032A,false,Rx,0,8,B1,0C,00,00,44,04,00,00,
21981234,00000040,false,Rx,0,8,F9,03,00,00,C1,00,00,00,
21981259,0000012E,false,Rx,0,8,85,EF,7F,00,FE,00,C0,FF,
21981273,000000A7,false,Rx,0,8,4D,17,20,80,FD,01,C8,3E,
21981286,000000A8,false,Rx,0,8,C3,C7,5E,D8,80,64,EC,0D,
21981299,00000108,false,Rx,0,8,EC,1F,D1,24,57,FE,00,00,
21981312,0000011D,false,Rx,0,8,06,05,00,C8,00,00,00,00,
21987708,00000086,false,Rx,0,8,CB,09,2C,20,00,00,00,00,
21987737,0000009F,false,Rx,0,8,34,39,1D,80,03,10,00,40,
21987751,000000B2,false,Rx,0,8,00,00,00,00,00,00,00,00,
21987886,00000101,false,Rx,0,8,47,04,7D,F2,A1,0A,40,00,
21987899,00000106,false,Rx,0,8,01,84,B6,04,08,00,F2,30,
21987912,0000011E,false,Rx,0,8,6B,04,00,00,00,00,00,00,
21987925,00000117,false,Rx,0,8,D9,0F,00,40,68,00,00,FF,
21987938,000003EC,false,Rx,0,8,C1,00,00,00,00,08,01,00,
21996638,000000B2,false,Rx,0,8,00,00,00,00,00,00,00,00,
21996663,000000FD,false,Rx,0,8,2D,D4,1F,80,00,00,00,00,
21996676,00000104,false,Rx,0,8,43,34,A6,00,E6,00,02,42,
21996774,00000116,false,Rx,0,8,CC,04,33,D2,28,62,87,FF,
21996787,00000392,false,Rx,0,8,77,2D,00,00,00,00,00,04,
21996800,000002B7,false,Rx,0,8,0C,03,00,00,00,00,00,00,
21996813,000003DB,false,Rx,0,8,50,00,01,00,04,20,01,6E,
21996827,0000012E,false,Rx,0,8,AC,E0,7F,00,FE,00,C0,FF,
22004304,00000086,false,Rx,0,8,03,0B,2C,20,00,00,00,00,
22006189,0000009F,false,Rx,0,8,FC,3B,1D,80,03,10,00,40,
22006209,000000B2,false,Rx,0,8,00,00,00,00,00,00,00,00,
22006223,00000108,false,Rx,0,8,AE,10,D1,24,57,FE,00,00,
22006236,00000101,false,Rx,0,8,D3,05,7D,F2,A1,09,40,00,
22006249,00000106,false,Rx,0,8,65,85,B6,04,08,00,F2,30,
22006262,0000011E,false,Rx,0,8,0F,05,00,00,00,00,00,00,
22006275,000001AB,false,Rx,0,8,AA,07,00,02,00,00,05,00,
22006288,0000030D,false,Rx,0,4,00,00,00,00,00,00,00,00,
22012825,000000A7,false,Rx,0,8,D6,1A,20,80,FD,01,C8,3E,
22012849,000000A8,false,Rx,0,8,8E,CA,5E,18,81,64,F0,0D,
22012863,00000120,false,Rx,0,8,B4,05,00,00,01,04,FF,01,
22012876,00000121,false,Rx,0,8,A6,05,00,00,39,57,7E,FE,
22012889,0000009F,false,Rx,0,8,D8,3C,1D,80,03,0F,00,40,
22012902,00000086,false,Rx,0,8,10,0C,2C,20,00,00,00,00,
22012915,000000B1,false,Rx,0,8,13,20,00,00,00,00,00,00,
22012928,000000B2,false,Rx,0,8,00,00,00,00,00,00,00,00,
22014489,000000AD,false,Rx,0,8,6A,E6,BF,FF,00,14,00,00,
22015339,0000012E,false,Rx,0,8,A2,E1,7F,00,FE,00,C0,FF,
22028059,0000032A,false,Rx,0,8,D5,0D,00,00,44,04,00,00,
22028087,00000086,false,Rx,0,8,74,0D,2C,20,00,00,00,00,
22028102,0000009F,false,Rx,0,8,BC,3D,1D,80,03,0F,00,40,
22028115,0000011D,false,Rx,0,8,CE,07,00,C8,00,00,00,00,
22028128,000000B2,false,Rx,0,8,00,00,00,00,00,00,00,00,
22028141,00000101,false,Rx,0,8,8F,06,7D,F2,A1,0A,40,00,
22028154,00000106,false,Rx,0,8,FA,86,B5,04,08,00,F2,30,
22028167,0000011E,false,Rx,0,8,A3,06,00,00,00,00,00,00,
22038447,00000086,false,Rx,0,8,D8,0E,2C,20,00,00,00,00,
22038476,00000381,false,Rx,0,8,FF,FF,FF,FF,FF,FF,FF,8F,
22038490,00000382,false,Rx,0,8,FF,FF,FF,FF,FF,FF,FF,8F,
22038622,000000B2,false,Rx,0,8,00,00,00,00,00,00,00,00,
22038636,17F00072,true,Rx,0,8,00,00,00,00,00,00,00,00,
22038650,000000FD,false,Rx,0,8,A5,D6,1F,80,00,00,00,00,
22038663,00000126,false,Rx,0,8,0E,3C,00,00,03,FE,07,00,
22038676,00000104,false,Rx,0,8,9F,36,A6,00,E6,00,02,41,
22048083,000000B2,false,Rx,0,8,00,00,00,00,00,00,00,00,
22048108,00000101,false,Rx,0,8,24,07,7D,F2,A1,0C,40,00,
22048122,00000106,false,Rx,0,8,AD,87,B6,04,08,00,F2,30,
22048135,0000011E,false,Rx,0,8,C7,07,00,00,00,00,00,00,
22048148,000002B7,false,Rx,0,8,BC,04,00,00,00,00,00,00,
22048161,00000117,false,Rx,0,8,53,02,00,40,68,00,00,FF,
22048175,000000A7,false,Rx,0,8,7C,1E,20,80,FD,01,C8,3E,
22048188,000000A8,false,Rx,0,8,54,CE,5E,18,81,64,EC,0D,
22058629,00000497,false,Rx,0,8,00,40,00,00,64,46,00,20,
22058654,000000B2,false,Rx,0,8,00,00,00,00,00,00,00,00,
22058668,00000108,false,Rx,0,8,66,12,D1,24,57,FE,00,00,
22058681,000000FD,false,Rx,0,8,9F,D7,1F,80,00,00,00,00,
22058694,00000104,false,Rx,0,8,FB,37,A6,00,E6,00,02,41,
22058707,00000116,false,Rx,0,8,60,07,33,D2,28,62,87,FF,
22058720,0000030D,false,Rx,0,4,00,00,00,00,00,00,00,00,
22058733,0000012E,false,Rx,0,8,F2,E3,7F,00,FE,00,C0,FF,
22069304,000000B2,false,Rx,0,8,00,00,00,00,00,00,00,00,
22070438,00000101,false,Rx,0,8,A9,08,7D,F2,A1,0A,40,00,
22070454,00000106,false,Rx,0,8,EF,88,B6,04,08,00,F2,30,
22070467,0000011E,false,Rx,0,8,85,08,00,00,00,00,00,00,
22070610,0000031B,false,Rx,0,8,C3,0C,00,00,00,63,15,00,
22070623,00000117,false,Rx,0,8,37,03,00,40,68,00,00,FF,
22070636,000000AD,false,Rx,0,8,42,EB,BF,FF,00,14,00,00,
22070649,000000A7,false,Rx,0,8,6B,10,20,80,FD,01,C8,3E,
22070675,000000A8,false,Rx,0,8,1B,C0,5E,18,81,64,F0,0D,
22080756,16A9540A,true,Rx,0,8,00,10,00,41,00,00,00,00,
22080780,00000104,false,Rx,0,8,B9,38,A6,00,E6,00,02,41,
22080933,0000030B,false,Rx,0,8,10,04,02,00,08,00,00,00,
22080946,00000116,false,Rx,0,8,22,08,33,D2,28,62,87,FF,
22080959,1B000010,true,Rx,0,8,10,00,04,05,09,00,00,00,
22080973,000005F0,false,Rx,0,8,64,E4,64,00,00,64,00,00,
22080986,00000040,false,Rx,0,8,8E,05,00,00,C1,00,00,00,
22080999,0000012E,false,Rx,0,8,D5,E4,7F,00,FE,00,C0,FF,
22090128,00000117,false,Rx,0,8,24,04,00,40,68,00,00,FF,
22090153,000000A7,false,Rx,0,8,97,12,20,80,FD,01,C8,3E,
22092574,000000A8,false,Rx,0,8,B5,C2,5E,18,81,64,F4,0D,
22092595,0000011B,false,Rx,0,8,00,20,00,00,00,00,00,00,
22092608,00000120,false,Rx,0,8,56,09,00,00,01,04,FF,01,
22092621,00000121,false,Rx,0,8,CE,09,00,00,39,57,7E,FE,
22092635,0000009F,false,Rx,0,8,BE,34,1D,80,03,10,00,40,
22092648,00000086,false,Rx,0,8,41,04,2C,20,00,00,00,00,
22092661,00000391,false,Rx,0,8,0D,66,23,41,00,28,00,22,
22092674,000003BE,false,Rx,0,8,31,13,E6,51,C8,80,00,80,
22102245,000002B7,false,Rx,0,8,44,05,00,00,00,00,00,00,
22102275,000003DB,false,Rx,0,8,50,00,01,00,04,20,01,6E,
22102292,0000012E,false,Rx,0,8,35,E5,7F,00,FE,00,C0,FF,
22106291,000000A7,false,Rx,0,8,16,13,20,80,FD,01,C8,3E,
22107452,000000A8,false,Rx,0,8,5A,C3,5E,18,81,64,F4,0D,
22107469,0000011D,false,Rx,0,8,20,0B,00,C8,00,00,00,00,
22107483,00000086,false,Rx,0,8,25,05,2C,20,00,00,00,00,
22107496,0000009F,false,Rx,0,8,DA,35,1D,80,03,10,00,40,
22107612,000000B2,false,Rx,0,8,00,00,00,00,00,00,00,00,
22107625,00000108,false,Rx,0,8,11,14,D1,24,57,FE,00,00,
22107639,00000101,false,Rx,0,8,E3,0A,7E,F2,A1,06,40,00,
22107652,00000106,false,Rx,0,8,27,8A,B6,04,08,00,F2,30,
22114501,000000A7,false,Rx,0,8,2C,14,20,80,FD,01,C8,3E,
22114522,000000A8,false,Rx,0,8,66,C4,5E,18,81,64,EC,0D,
22114535,00000120,false,Rx,0,8,8D,0A,00,00,01,04,FF,01,
22114549,00000121,false,Rx,0,8,AB,0A,00,00,39,57,7E,FE,
22114562,0000009F,false,Rx,0,8,76,36,1D,80,03,10,00,40,
22114575,00000086,false,Rx,0,8,89,06,2C,20,00,00,00,00,
22114599,00000381,false,Rx,0,8,FF,FF,FF,FF,FF,FF,FF,9F,
22114612,00000382,false,Rx,0,8,FF,FF,FF,FF,FF,FF,FF,9F,
22115763,000000A7,false,Rx,0,8,57,15,20,80,FD,01,C8,3E,
22118913,0000011D,false,Rx,0,8,33,0C,00,C8,00,00,00,00,
22130596,000000B2,false,Rx,0,8,00,00,00,00,00,00,00,00,
22130625,00000101,false,Rx,0,8,C2,0B,7E,F2,A1,04,40,00,
22130639,00000106,false,Rx,0,8,43,8B,B6,04,08,00,F2,30,
22130652,0000011E,false,Rx,0,8,29,0B,00,00,00,00,00,00,
22130665,0000030B,false,Rx,0,8,10,05,02,00,08,00,00,00,
22130689,00000040,false,Rx,0,8,22,06,00,00,C1,00,00,00,
22130702,00000117,false,Rx,0,8,EC,06,00,40,68,00,00,FF,
22130715,000000A7,false,Rx,0,8,C4,16,20,80,FD,01,C8,3E,
22140366,00000116,false,Rx,0,8,8E,0B,33,D2,28,62,87,FF,
22140494,0000012E,false,Rx,0,8,6C,E7,7F,00,FE,00,C0,FF,
22140508,000000A7,false,Rx,0,8,4D,17,20,80,FD,01,C8,3E,
22140522,000000A8,false,Rx,0,8,26,C7,5E,18,81,64,DC,0D,
22140536,1B000012,true,Rx,0,8,12,00,04,01,11,00,00,00,
22140549,000003E5,false,Rx,0,8,3A,10,00,00,00,00,00,00,
22140562,0000011D,false,Rx,0,8,57,0D,00,C8,00,00,00,00,
22140576,00000086,false,Rx,0,8,CB,09,2C,20,00,00,00,00,
22148316,000002B7,false,Rx,0,8,92,06,00,00,00,00,00,00,
22149035,00000117,false,Rx,0,8,88,07,00,40,68,00,00,FF,
22149048,000000A7,false,Rx,0,8,00,18,20,80,FD,01,C8,3E,
22149062,000000A8,false,Rx,0,8,04,C8,5E,18,81,64,DC,0D,
22149075,00000120,false,Rx,0,8,FB,0C,00,00,01,04,FF,01,
22149088,00000121,false,Rx,0,8,F8,0C,00,40,39,57,7E,FE,
22149101,0000009F,false,Rx,0,8,98,3A,1D,80,03,10,00,40,
22149114,00000086,false,Rx,0,8,67,0A,2C,20,00,00,00,00,
22158649,00000497,false,Rx,0,8,00,40,00,00,64,46,00,20,
22158674,000000B2,false,Rx,0,8,00,00,00,00,00,00,00,00,
22158688,00000108,false,Rx,0,8,D9,16,D1,24,57,FE,00,00,
22158782,000000FD,false,Rx,0,8,90,DC,1F,80,00,00,00,00,
22158795,00000104,false,Rx,0,8,EF,3C,A6,00,E6,00,02,40,
22158808,00000116,false,Rx,0,8,9D,0C,33,D2,28,62,87,FF,
22158821,0000030D,false,Rx,0,4,00,00,00,00,00,00,00,00,
22158834,0000012E,false,Rx,0,8,05,E8,7F,00,FE,00,C0,FF,
22168927,000000B2,false,Rx,0,8,00,00,00,00,00,00,00,00,
22168951,00000101,false,Rx,0,8,04,0D,7E,F2,A1,08,40,00,
22168964,00000106,false,Rx,0,8,34,8D,B6,04,08,00,F2,30,
22169064,0000011E,false,Rx,0,8,5E,0D,00,00,00,00,00,00,
22169077,0000031B,false,Rx,0,8,8D,0E,00,00,00,63,15,00,
22169090,00000117,false,Rx,0,8,CA,08,00,40,68,00,00,FF,
22169103,000000AD,false,Rx,0,8,74,E5,BF,FF,00,14,00,00,
22169116,000000A7,false,Rx,0,8,CF,1A,60,80,FD,01,C8,3E,
22178047,000000B2,false,Rx,0,8,00,00,00,00,00,00,00,00,
22178069,000000FD,false,Rx,0,8,19,DD,1F,80,00,00,00,00,
22178083,00000104,false,Rx,0,8,8B,3D,A6,00,E6,00,02,40,
22178180,0000030B,false,Rx,0,8,10,06,02,00,08,00,00,00,
22178193,00000116,false,Rx,0,8,F9,0D,33,D2,28,62,87,FF,
22178206,000006B7,false,Rx,0,8,9D,27,A1,73,06,18,00,6E,
22178219,000006B8,false,Rx,0,8,A6,27,B4,70,26,6C,00,00,
22178232,00000040,false,Rx,0,8,46,07,00,00,C1,00,00,00,
22187388,00000086,false,Rx,0,8,74,0D,2C,20,00,00,00,00,
22187420,0000009F,false,Rx,0,8,8B,3D,1D,80,03,10,00,40,
22187434,000000B2,false,Rx,0,8,00,00,00,00,00,00,00,00,
22187543,00000101,false,Rx,0,8,1D,0E,7E,F2,A1,09,40,00,
22187571,00000106,false,Rx,0,8,98,8E,B6,04,08,00,F2,30,
22187584,0000011E,false,Rx,0,8,F2,0E,00,00,00,00,00,00,
22187597,00000117,false,Rx,0,8,AE,09,00,40,68,00,00,FF,
22187610,00000380,false,Rx,0,8,6A,09,40,00,00,00,00,FF,
22196013,00000640,false,Rx,0,8,A0,51,4E,97,80,A0,59,01,
22196038,00000381,false,Rx,0,8,FF,FF,FF,FF,FF,FF,FF,AF,
22196051,00000382,false,Rx,0,8,FF,FF,FF,FF,FF,FF,FF,AF,
22196064,000000B2,false,Rx,0,8,00,00,00,00,00,00,00,00,
22196078,0000065F,false,Rx,0,8,2E,20,00,00,00,00,37,7A,
22196091,000000FD,false,Rx,0,8,E6,DE,1F,80,00,00,00,00,
22196104,00000670,false,Rx,0,8,20,10,00,00,00,01,00,88,
22196117,00000104,false,Rx,0,8,27,3E,A6,00,E6,00,02,40,
22205754,0000011D,false,Rx,0,8,DD,00,00,C8,00,00,00,00,
22205786,00000086,false,Rx,0,8,BC,0F,2C,20,00,00,00,00,
22205802,0000009F,false,Rx,0,8,43,3F,1D,80,03,10,00,40,
22205816,000000B2,false,Rx,0,8,00,00,00,00,00,00,00,00,
22205828,00000108,false,Rx,0,8,FF,18,D1,24,57,FE,00,00,
22205842,00000101,false,Rx,0,8,3C,0F,7E,F2,A1,0B,40,00,
22205855,00000106,false,Rx,0,8,FC,8F,B6,04,08,00,F2,30,
22205868,0000011E,false,Rx,0,8,96,0F,00,00,00,00,00,00,
22215882,0000009F,false,Rx,0,8,01,30,1D,80,03,10,00,40,
22215917,00000086,false,Rx,0,8,FE,00,2C,20,00,00,00,00,
22215933,000000B1,false,Rx,0,8,D9,22,00,00,00,00,00,00,
22215946,000000B2,false,Rx,0,8,00,00,00,00,00,00,00,00,
22215959,000000FD,false,Rx,0,8,71,DF,1F,80,00,00,00,00,
22215972,000003C8,false,Rx,0,8,00,00,54,24,00,12,00,4E,
22215986,00000104,false,Rx,0,8,43,3F,A6,00,E6,00,02,40,
22215999,00000116,false,Rx,0,8,31,0F,33,D2,28,62,87,FF,
22219408,0000032A,false,Rx,0,8,3B,01,00,00,44,04,00,00,
22219425,00000086,false,Rx,0,8,9A,01,2C,20,00,00,00,00,
22219438,0000009F,false,Rx,0,8,52,31,1D,80,03,0F,00,40,
22219451,0000011D,false,Rx,0,8,B9,01,00,C8,00,00,00,00,
22219475,00000118,false,Rx,1,4,00,08,05,12,00,00,00,00,
22233505,00000040,false,Rx,0,8,04,08,00,00,C1,00,00,00,
22233538,00000117,false,Rx,0,8,66,0B,00,40,68,00,00,FF,
22233553,000000A7,false,Rx,0,8,F8,10,60,80,FD,05,C8,3E,
22233566,000000A8,false,Rx,0,8,84,C0,5E,18,81,64,D8,0D,
22233580,00000108,false,Rx,0,8,9B,19,D1,24,57,FE,00,00,
22233593,00000396,false,Rx,0,8,85,0B,00,11,00,00,00,00,
22233606,00000120,false,Rx,0,8,3F,00,00,00,01,04,FF,01,
22233619,00000121,false,Rx,0,8,00,00,00,40,39,57,7E,FE,
22244371,0000012E,false,Rx,0,8,72,EC,7F,00,FE,00,C0,FF,
22244399,000000A7,false,Rx,0,8,70,11,60,80,FD,05,C8,3E,
22244413,000000A8,false,Rx,0,8,FE,C1,5E,18,81,64,D8,0D,
22244426,000003E5,false,Rx,0,8,7B,11,00,00,00,00,00,00,
22244439,000003E8,false,Rx,0,8,00,B7,00,00,00,00,00,00,
22244452,0000011D,false,Rx,0,8,15,02,00,C8,00,00,00,00,
22244465,00000086,false,Rx,0,8,52,03,2C,20,00,00,00,00,
22244479,0000009F,false,Rx,0,8,AD,33,1D,80,03,10,00,40,
22254129,000000A7,false,Rx,0,8,04,12,60,80,FD,05,C8,3E,
22254156,000000A8,false,Rx,0,8,62,C2,5E,18,81,64,D0,0D,
22254169,00000120,false,Rx,0,8,CA,01,00,00,01,04,FF,01,
22254182,000003FE,false,Rx,0,8,FF,3F,FF,FF,00,00,00,10,
22254195,00000121,false,Rx,0,8,6C,01,00,40,39,57,7E,FE,
22254209,0000009F,false,Rx,0,8,BE,34,1D,80,03,10,00,40,
22254222,00000086,false,Rx,0,8,41,04,2C,20,00,00,00,00,
22254235,00000497,false,Rx,0,8,00,40,00,00,64,46,00,20,
22264293,0000012E,false,Rx,0,8,58,ED,7F,00,FE,00,C0,FF,
22264316,000000A7,false,Rx,0,8,85,13,60,80,FD,05,C8,3E,
22266424,000000A8,false,Rx,0,8,8D,C3,5E,18,81,64,D0,0D,
22266440,0000011D,false,Rx,0,8,71,03,00,C8,00,00,00,00,
22266453,00000086,false,Rx,0,8,25,05,2C,20,00,00,00,00,
22266466,0000009F,false,Rx,0,8,DA,35,1D,80,03,10,00,40,
22266578,000000B2,false,Rx,0,8,00,00,00,00,00,00,00,00,
22266591,00000101,false,Rx,0,8,64,02,7D,F3,A1,0A,40,00,
22266604,00000106,false,Rx,0,8,76,82,B6,04,08,00,F2,30,
22266618,0000011E,false,Rx,0,8,1C,02,00,00,00,00,00,00,
22277719,0000032A,false,Rx,0,8,97,02,00,00,44,04,00,00,
22277744,00000086,false,Rx,0,8,89,06,2C,20,00,00,00,00,
22277759,0000009F,false,Rx,0,8,76,36,1D,80,03,10,00,40,
22277772,000003C0,false,Rx,0,4,FE,04,03,00,00,00,00,00,
22277785,00000381,false,Rx,0,8,FF,FF,FF,FF,FF,FF,FF,BF,
22277798,00000382,false,Rx,0,8,FF,FF,FF,FF,FF,FF,FF,BF,
22277811,00000584,false,Rx,0,6,96,02,00,00,00,00,00,00,
22277824,000005F0,false,Rx,0,8,64,E4,64,00,00,64,00,00,
22288181,000000B2,false,Rx,0,8,00,00,00,00,00,00,00,00,
22288207,00000101,false,Rx,0,8,00,03,7D,F3,A1,0A,40,00,
22288221,00000106,false,Rx,0,8,1C,83,B6,04,08,00,F3,30,
22288234,0000011E,false,Rx,0,8,78,03,00,00,00,00,00,00,
22288247,00000117,false,Rx,0,8,BD,0E,00,40,68,00,00,FF,
22288260,000000A7,false,Rx,0,8,57,16,60,80,FD,05,C8,3E,
22288273,000000A8,false,Rx,0,8,0B,C6,5E,18,81,64,D8,0D,
22288286,0000011B,false,Rx,0,8,00,20,00,00,00,00,00,00,
22296781,0000009F,false,Rx,0,8,67,38,1D,80,03,0F,00,40,
22296815,00000086,false,Rx,0,8,AF,08,2C,20,00,00,00,00,
22296829,00000391,false,Rx,0,8,0D,66,23,3F,00,28,00,22,
22296880,000003BE,false,Rx,0,8,B9,15,E6,51,C8,80,00,80,
22296893,000000B2,false,Rx,0,8,00,00,00,00,00,00,00,00,
22296906,000000FD,false,Rx,0,8,BB,D3,1F,80,00,00,00,00,
22296919,00000104,false,Rx,0,8,AD,33,A6,00,E6,00,02,40,
22296932,00000116,false,Rx,0,8,DF,03,33,D2,28,62,87,FF,
22304778,00000086,false,Rx,0,8,CB,09,2C,20,00,00,00,00,
22304803,0000009F,false,Rx,0,8,03,39,1D,80,03,0F,00,40,
22304817,000000B2,false,Rx,0,8,00,00,00,00,00,00,00,00,
22304831,00000108,false,Rx,0,8,40,1C,D1,24,57,FE,00,00,
22304844,00000101,false,Rx,0,8,13,04,7D,F3,A1,0A,40,00,
22304857,00000106,false,Rx,0,8,3C,84,B5,04,08,00,F3,30,
22304870,0000011E,false,Rx,0,8,6B,04,00,00,00,00,00,00,
22304883,0000030D,false,Rx,0,4,00,00,00,00,00,00,00,00,
22315089,000000A7,false,Rx,0,8,19,18,60,80,FD,01,C8,3E,
22315121,000000A8,false,Rx,0,8,04,C8,5E,18,81,64,DC,0D,
22315267,00000120,false,Rx,0,8,B6,04,00,00,01,04,FF,01,
22315280,00000121,false,Rx,0,8,AC,04,00,40,39,57,7E,FE,
22315293,0000009F,false,Rx,0,8,AF,3A,1D,80,03,0F,00,40,
22315307,00000086,false,Rx,0,8,67,0A,2C,20,00,00,00,00,
22315320,000000B1,false,Rx,0,8,E8,23,00,00,00,00,00,00,
22319750,000000B2,false,Rx,0,8,00,00,00,00,00,00,00,00,
22319763,000000FD,false,Rx,0,8,2D,D4,1F,80,00,00,00,00,
22319776,000003C8,false,Rx,0,8,00,00,54,24,00,12,00,4D,
22319789,00000104,false,Rx,0,8,BE,34,A6,00,E6,00,02,40,
22319802,00000116,false,Rx,0,8,CC,04,33,D2,28,62,87,FF,
22319838,0000031B,false,Rx,0,8,92,01,00,00,00,63,15,00,
22319852,00000668,false,Rx,0,8,82,00,00,29,00,03,31,01,
22319865,0000012E,false,Rx,0,8,AC,E0,7F,00,FE,00,C0,FF,
22320813,000000B2,false,Rx,0,8,00,00,00,00,00,00,00,00,
22337172,00000108,false,Rx,0,8,24,1D,D1,24,57,FE,00,00,
22337199,00000396,false,Rx,0,8,96,0C,00,11,00,00,00,00,
22337216,00000120,false,Rx,0,8,B4,05,00,00,01,04,FF,01,
22337229,00000121,false,Rx,0,8,9B,05,00,40,39,57,7E,FE,
22342272,0000009F,false,Rx,0,8,EF,3C,1D,80,03,10,00,40,
22342301,00000086,false,Rx,0,8,10,0C,2C,20,00,00,00,00,
22342315,000000B2,false,Rx,0,8,00,00,00,00,00,00,00,00,
22345948,000000FD,false,Rx,0,8,B7,D5,1F,80,00,00,00,00,
22345968,00000104,false,Rx,0,8,DA,35,A6,00,E6,00,02,40,
22346081,00000116,false,Rx,0,8,A8,05,33,D2,28,62,87,FF,
22346094,000006B2,false,Rx,0,8,71,9D,27,A1,A1,40,6F,2D,
22346107,0000012E,false,Rx,0,8,A2,E1,7F,00,FE,00,C0,FF,
22346120,000000A7,false,Rx,0,8,A1,1B,60,80,FD,01,C8,3E,
22346133,000003E5,false,Rx,0,8,A6,12,00,00,00,00,00,00,
22346147,000000A8,false,Rx,0,8,71,CB,5E,D8,80,64,E4,0D,
22355138,0000009F,false,Rx,0,8,BC,3D,1D,80,03,0F,00,40,
22355165,17F00012,true,Rx,0,8,20,12,00,00,00,00,00,00,
22355179,000000B2,false,Rx,0,8,00,00,00,00,00,00,00,00,
22355299,00000101,false,Rx,0,8,DB,06,7D,F3,A1,0A,40,00,
22355312,00000106,false,Rx,0,8,F4,86,B5,04,08,00,F3,30,
22361055,0000011E,false,Rx,0,8,A3,06,00,00,00,00,00,00,
22361094,000002B7,false,Rx,0,8,73,0A,00,00,00,00,00,00,
22361123,00000117,false,Rx,0,8,FF,01,00,40,68,00,00,FF,
22361136,00000380,false,Rx,0,8,A2,0B,40,00,00,00,00,FF,
22361149,000000A7,false,Rx,0,8,07,1C,20,80,FD,01,C8,3E,
22361162,000000A8,false,Rx,0,8,27,CC,5E,D8,80,64,E8,0D,
22361175,00000120,false,Rx,0,8,5B,06,00,00,01,04,FF,01,
22361188,00000121,false,Rx,0,8,9C,06,00,40,39,57,7E,FE,
22365219,0000030D,false,Rx,0,4,00,00,00,00,00,00,00,00,
22365246,0000012E,false,Rx,0,8,6B,E2,7F,00,FE,00,C0,FF,
22365259,000000A7,false,Rx,0,8,F7,1D,20,80,FD,01,C8,3E,
22365283,000000A8,false,Rx,0,8,34,CD,5E,D8,80,64,E8,0D,
22365296,000006B4,false,Rx,0,8,00,F2,F6,7B,AC,57,56,57,
22365309,0000011D,false,Rx,0,8,8C,08,00,C8,00,00,00,00,
22367527,00000120,false,Rx,0,8,59,07,00,00,01,04,FF,01,
22388618,000000B2,false,Rx,0,8,00,00,00,00,00,00,00,00,
22388725,00000101,false,Rx,0,8,FD,08,7D,F3,A1,0A,40,00,
22388741,00000106,false,Rx,0,8,D2,88,B5,04,08,00,F3,30,
22388754,0000011E,false,Rx,0,8,85,08,00,00,00,00,00,00,
22388767,00000117,false,Rx,0,8,37,03,00,40,68,00,00,FF,
22388781,000003EC,false,Rx,0,8,C1,00,00,00,00,08,01,00,
22388794,000000A7,false,Rx,0,8,6B,10,20,80,FD,01,C8,3E,
22388807,000000A8,false,Rx,0,8,59,C0,5E,D8,80,64,EC,0D,
22399086,000000B2,false,Rx,0,8,00,00,00,00,00,00,00,00,
22399110,000000FD,false,Rx,0,8,58,D8,1F,80,00,00,00,00,
22399123,00000104,false,Rx,0,8,50,38,A6,00,E6,00,02,40,
22399137,00000116,false,Rx,0,8,22,08,33,D2,28,62,87,FF,
22399150,00000392,false,Rx,0,8,99,21,00,00,00,00,00,04,
22399163,0000065D,false,Rx,0,8,07,3E,2B,10,00,00,62,7A,
22399177,17F00013,true,Rx,0,8,20,13,00,00,00,00,00,80,
22399191,000002B7,false,Rx,0,8,05,0B,00,00,00,00,00,00,
22408410,000000B2,false,Rx,0,8,00,00,00,00,00,00,00,00,
22408432,00000108,false,Rx,0,8,AE,10,D1,24,57,FE,00,00,
22408446,00000101,false,Rx,0,8,AA,09,7E,F3,A1,0A,40,00,
22408459,00000106,false,Rx,0,8,B6,89,B5,04,08,00,F3,30,
22408472,0000011E,false,Rx,0,8,E1,09,00,00,00,00,00,00,
22408485,000001AB,false,Rx,0,8,7D,09,00,02,00,00,05,00,
22408498,0000030D,false,Rx,0,4,00,00,00,00,00,00,00,00,
22408511,0000064A,false,Rx,0,4,00,00,00,00,00,00,00,00,
22418712,000000B1,false,Rx,0,8,44,24,00,00,00,00,00,00,
22418744,0000008A,false,Rx,0,8,95,3C,00,00,00,00,00,FA,
22418760,000000B2,false,Rx,0,8,00,00,00,00,00,00,00,00,
22418773,000003C8,false,Rx,0,8,00,00,54,24,00,12,00,4D,
22418787,000000FD,false,Rx,0,8,6A,D9,1F,80,00,00,00,00,
22418800,00000104,false,Rx,0,8,34,39,A6,00,E6,00,02,40,
22418813,00000116,false,Rx,0,8,46,09,33,D2,28,62,87,FF,
22418826,000001A2,false,Rx,0,8,E4,00,10,00,E1,06,80,13,
22425010,000000B2,false,Rx,0,8,00,00,00,00,00,00,00,00,
22425048,00000101,false,Rx,0,8,D8,0A,7E,F2,A1,0E,40,00,
22425061,00000106,false,Rx,0,8,1A,8A,B5,04,08,00,F3,30,
22425075,0000011E,false,Rx,0,8,4D,0A,00,00,00,00,00,00,
22425088,0000030B,false,Rx,0,8,10,0B,02,00,08,00,00,00,
22425101,00000040,false,Rx,0,8,BB,0C,00,00,C1,00,00,00,
22425114,00000117,false,Rx,0,8,40,05,00,40,68,00,00,FF,
22425127,00000380,false,Rx,0,8,B1,0C,40,00,00,00,00,FF,
22425814,000000A8,false,Rx,0,8,B4,C4,5E,D8,80,64,E8,0D,
22438033,0000009F,false,Rx,0,8,76,36,1D,80,03,10,00,40,
22438060,00000086,false,Rx,0,8,89,06,2C,20,00,00,00,00,
22438074,00000381,false,Rx,0,8,FF,FF,FF,FF,FF,FF,FF,DF,
22438087,00000382,false,Rx,0,8,FF,FF,FF,FF,FF,FF,FF,DF,
22438100,000000B2,false,Rx,0,8,00,00,00,00,00,00,00,00,
22438113,000000FD,false,Rx,0,8,26,DA,1F,80,00,00,00,00,
22438127,00000104,false,Rx,0,8,98,3A,A6,00,E6,00,02,40,
22438140,00000116,false,Rx,0,8,EA,0A,33,D2,28,62,87,FF,
22448498,000000B2,false,Rx,0,8,00,00,00,00,00,00,00,00,
22448523,00000101,false,Rx,0,8,BC,0B,7E,F2,A1,0E,40,00,
22448537,00000106,false,Rx,0,8,7E,8B,B5,04,08,00,F3,30,
22448550,0000011E,false,Rx,0,8,29,0B,00,00,00,00,00,00,
22448563,000002B7,false,Rx,0,8,E6,0C,00,00,00,00,00,00,
22448576,00000117,false,Rx,0,8,EC,06,00,40,68,00,00,FF,
22448589,000000A7,false,Rx,0,8,C4,16,20,80,FD,01,C8,3E,
22448602,000000A8,false,Rx,0,8,04,C6,5E,18,81,64,E8,0D,
22457598,00000497,false,Rx,0,8,00,40,00,00,64,46,00,20,
22457752,0000054B,false,Rx,0,8,00,00,00,00,00,00,00,24,
22457768,17F0000A,true,Rx,0,8,00,0A,00,00,00,00,00,80,
22457781,000000B2,false,Rx,0,8,00,00,00,00,00,00,00,00,
22457795,00000108,false,Rx,0,8,66,12,D1,24,57,FE,00,00,
22457808,000000FD,false,Rx,0,8,09,DB,1F,80,00,00,00,00,
22457821,00000104,false,Rx,0,8,FC,3B,A6,00,E6,00,02,40,
22457834,00000116,false,Rx,0,8,8E,0B,33,D2,28,62,87,FF,
22468523,000000B2,false,Rx,0,8,00,00,00,00,00,00,00,00,
22468551,00000101,false,Rx,0,8,D9,0C,7D,F2,A1,0C,40,00,
22468689,00000106,false,Rx,0,8,6D,8C,B5,04,08,00,F3,30,
22468702,0000011E,false,Rx,0,8,3A,0C,00,00,00,00,00,00,
22468715,0000031B,false,Rx,0,8,81,04,00,00,00,63,15,00,
22468728,00000117,false,Rx,0,8,88,07,00,40,68,00,00,FF,
22468741,000000AD,false,Rx,0,8,E3,E3,BF,FF,00,14,00,00,
22468755,000000A7,false,Rx,0,8,00,18,20,80,FD,01,C8,3E,
22475944,00000584,false,Rx,0,6,C2,03,00,00,00,00,00,00,
22475967,000005F0,false,Rx,0,8,64,E4,64,00,00,64,00,00,
22475980,000000B2,false,Rx,0,8,00,00,00,00,00,00,00,00,
22475993,000000FD,false,Rx,0,8,90,DC,1F,80,00,00,00,00,
22476006,00000104,false,Rx,0,8,EF,3C,A6,00,E6,00,02,40,
22476020,00000116,false,Rx,0,8,9D,0C,33,D2,28,62,87,FF,
22476033,0000030B,false,Rx,0,8,10,0C,02,00,08,00,00,00,
22476046,1B000010,true,Rx,0,8,10,00,04,05,09,00,00,00,
22477534,0000011D,false,Rx,0,8,FB,0E,00,C8,00,00,00,00,
22477547,00000086,false,Rx,0,8,03,0B,2C,20,00,00,00,00,
22493651,0000011B,false,Rx,0,8,00,20,00,00,00,00,00,00,
22493681,00000120,false,Rx,0,8,4B,0D,00,00,01,04,FF,01,
22493694,00000121,false,Rx,0,8,D6,0D,00,00,39,57,7E,FE,
22493707,0000009F,false,Rx,0,8,EF,3C,1D,80,03,10,00,40,
22493779,00000086,false,Rx,0,8,10,0C,2C,20,00,00,00,00,
22493792,00000391,false,Rx,0,8,0D,66,23,40,00,28,00,22,
22493805,000003BE,false,Rx,0,8,28,17,E6,51,C8,80,00,80,
22493818,000000B2,false,Rx,0,8,00,00,00,00,00,00,00,00,
22501969,000003DB,false,Rx,0,8,50,00,01,00,04,20,01,6E,
22501994,0000012E,false,Rx,0,8,79,E9,7F,00,FE,00,C0,FF,
22502008,000000A7,false,Rx,0,8,B8,1B,20,80,FD,01,C8,3E,
22502021,000000A8,false,Rx,0,8,EB,CB,5E,18,81,64,EC,0D,
22502034,0000011D,false,Rx,0,8,9F,0F,00,C8,00,00,00,00,
22502047,00000086,false,Rx,0,8,74,0D,2C,20,00,00,00,00,
22502060,0000009F,false,Rx,0,8,8B,3D,1D,80,03,10,00,40,
22502073,000000B2,false,Rx,0,8,00,00,00,00,00,00,00,00,
22508619,00000395,false,Rx,0,8,18,05,24,06,B4,41,50,1C,
22508644,00000117,false,Rx,0,8,AE,09,00,40,68,00,00,FF,
22508657,00000380,false,Rx,0,8,D5,0D,40,00,00,00,00,FF,
22508670,000000A7,false,Rx,0,8,07,1C,20,80,FD,01,C8,3E,
22508683,000000A8,false,Rx,0,8,F5,CC,5E,18,81,64,EC,0D,
22508697,00000120,false,Rx,0,8,20,0E,00,00,01,04,FF,01,
22508710,00000121,false,Rx,0,8,78,0E,00,40,39,57,7E,FE,
22508723,0000009F,false,Rx,0,8,27,3E,1D,80,03,10,00,40,
22511132,00000381,false,Rx,0,8,FF,FF,FF,FF,FF,FF,FF,EF,
22511147,00000382,false,Rx,0,8,FF,FF,FF,FF,FF,FF,FF,EF,
22511160,000000B1,false,Rx,0,8,8B,25,00,00,00,00,00,00,
22523305,00000365,false,Rx,0,8,C0,C6,18,40,8F,02,AC,7A,
22524093,0000032A,false,Rx,0,8,4C,07,00,00,44,04,00,00,
22524108,00000086,false,Rx,0,8,BC,0F,2C,20,00,00,00,00,
22524122,0000009F,false,Rx,0,8,43,3F,1D,80,03,10,00,40,
22524135,0000011D,false,Rx,0,8,DD,00,00,C8,00,00,00,00,
22524148,000000B2,false,Rx,0,8,00,00,00,00,00,00,00,00,
22524161,00000101,false,Rx,0,8,EE,0F,7D,F3,A1,0A,40,00,
22524175,00000106,false,Rx,0,8,C1,8F,B5,04,08,00,F3,30,
22524206,0000011E,false,Rx,0,8,96,0F,00,00,00,00,00,00,
22526078,000000A7,false,Rx,0,8,7C,1E,20,80,FD,01,C8,3E,
22526090,000000A8,false,Rx,0,8,6C,CE,5E,18,81,64,E8,0D,
22526104,00000108,false,Rx,0,8,75,15,D1,24,57,FE,00,00,
22543118,000003E5,false,Rx,0,8,A3,14,00,00,00,00,00,00,
22543149,1B000012,true,Rx,0,8,12,00,04,01,11,00,00,00,
22543165,0000011D,false,Rx,0,8,B9,01,00,C8,00,00,00,00,
22543179,00000086,false,Rx,0,8,9A,01,2C,20,00,00,00,00,
22543192,0000009F,false,Rx,0,8,65,31,1D,80,03,10,00,40,
22543205,000000B2,false,Rx,0,8,00,00,00,00,00,00,00,00,
22543218,00000101,false,Rx,0,8,AC,00,7D,F3,A1,0A,40,00,
22543231,00000106,false,Rx,0,8,83,80,B5,04,08,00,F3,30,
22544484,000002B7,false,Rx,0,8,57,0E,00,00,00,00,00,00,
22544497,00000117,false,Rx,0,8,66,0B,00,40,68,00,00,FF,
22563645,0000012E,false,Rx,0,8,72,EC,7F,00,FE,00,C0,FF,
22563675,17330A10,true,Rx,0,8,32,92,FF,FF,FF,FF,EE,EE,
22563690,000000A7,false,Rx,0,8,E3,11,20,80,FD,01,C8,3E,
22563703,000000A8,false,Rx,0,8,F1,C1,5E,18,81,64,E8,0D,
22563716,000006B4,false,Rx,0,8,02,57,33,37,32,32,38,33,
22563729,0000011D,false,Rx,0,8,15,02,00,C8,00,00,00,00,
22563742,00000086,false,Rx,0,8,52,03,2C,20,00,00,00,00,
22563755,0000009F,false,Rx,0,8,AD,33,1D,80,03,10,00,40,
22574005,00000117,false,Rx,0,8,75,0C,00,40,68,00,00,FF,
22574030,000000AD,false,Rx,0,8,5E,ED,BF,FF,00,14,00,00,
22574164,000000A7,false,Rx,0,8,97,12,20,80,FD,01,C8,3E,
22574177,000000A8,false,Rx,0,8,1D,C2,5E,18,81,64,E8,0D,
22574190,00000120,false,Rx,0,8,CA,01,00,00,01,04,FF,01,
22574204,00000365,false,Rx,0,8,C0,C6,18,40,8E,02,AC,7A,
22574217,00000121,false,Rx,0,8,6C,01,00,40,39,57,7E,FE,
22574230,0000032A,false,Rx,0,8,0E,08,00,00,44,04,00,00,
22583711,00000104,false,Rx,0,8,65,31,A6,00,E6,00,02,40,
22583726,00000116,false,Rx,0,8,17,01,33,D2,28,62,87,FF,
22583739,0000030B,false,Rx,0,8,10,0E,02,00,08,00,00,00,
22583752,00000040,false,Rx,0,8,17,0F,00,00,C1,00,00,00,
22583765,0000012E,false,Rx,0,8,58,ED,7F,00,FE,00,C0,FF,
22583778,000000A7,false,Rx,0,8,16,13,20,80,FD,01,C8,3E,
22583791,00000108,false,Rx,0,8,BD,17,D1,24,57,FE,00,00,
22583804,000000A8,false,Rx,0,8,F2,C3,5E,18,81,64,E8,0D,
22593228,00000117,false,Rx,0,8,11,0D,00,40,68,00,00,FF,
22593252,00000380,false,Rx,0,8,79,0E,40,00,00,00,00,FF,
22593266,000003EC,false,Rx,0,8,C1,00,00,00,00,08,01,00,
22593279,000000A7,false,Rx,0,8,2C,14,20,80,FD,01,C8,3E,
22593292,00000585,false,Rx,0,8,09,3C,00,7F,14,00,00,00,
22593306,000000A8,false,Rx,0,8,5E,C4,5E,18,81,64,E8,0D,
22593319,0000011B,false,Rx,0,8,00,20,00,00,00,00,00,00,
22599680,00000120,false,Rx,0,8,32,02,00,00,01,04,FF,01,
22599693,00000121,false,Rx,0,8,E3,02,00,40,39,57,7E,FE,
22599706,0000009F,false,Rx,0,8,76,36,1D,80,03,10,00,40,
22599720,00000086,false,Rx,0,8,89,06,2C,20,00,00,00,00,
22599733,00000391,false,Rx,0,8,0D,66,23,40,00,28,00,22,
22599746,000003BE,false,Rx,0,8,D2,18,E6,51,C8,80,00,80,
22599759,00000381,false,Rx,0,8,FF,FF,FF,FF,FF,FF,FF,FF,
22599772,00000382,false,Rx,0,8,FF,FF,FF,FF,FF,FF,FF,FF,
22609396,000000B2,false,Rx,0,8,00,00,00,00,00,00,00,00,
22609421,00000108,false,Rx,0,8,FF,18,D1,24,57,FE,00,00,
22609435,00000101,false,Rx,0,8,00,03,7D,F3,A1,0A,40,00,
22609448,00000106,false,Rx,0,8,2F,83,B5,04,08,00,F3,30,
22609461,0000011E,false,Rx,0,8,78,03,00,00,00,00,00,00,
22609474,00000395,false,Rx,0,8,18,0F,24,06,B4,41,50,1C,
22609488,000001AB,false,Rx,0,8,90,0A,00,02,00,00,05,00,
22609501,0000030D,false,Rx,0,4,00,00,00,00,00,00,00,00,
22618370,000000B2,false,Rx,0,8,00,00,00,00,00,00,00,00,
22618998,000000FD,false,Rx,0,8,BB,D3,1F,80,00,00,00,00,
22619015,000003C8,false,Rx,0,8,00,00,54,24,00,12,00,4D,
22619029,00000104,false,Rx,0,8,AD,33,A6,00,E6,00,02,40,
22619042,00000116,false,Rx,0,8,DF,03,33,D2,28,62,87,FF,
22619055,000001A2,false,Rx,0,8,88,01,10,00,E1,06,80,13,
22619068,0000031B,false,Rx,0,8,EC,07,00,00,00,63,15,00,
22619083,1B000013,true,Rx,0,8,13,00,04,01,01,00,00,00,
22626702,000000B2,false,Rx,0,8,00,00,00,00,00,00,00,00,
22626732,00000101,false,Rx,0,8,69,04,7D,F3,A1,0D,40,00,
22626747,00000106,false,Rx,0,8,3C,84,B5,04,08,00,F3,30,
22626760,0000030B,false,Rx,0,8,10,0F,02,00,08,00,00,00,
22626773,0000011E,false,Rx,0,8,6B,04,00,00,00,00,00,00,
22626787,00000040,false,Rx,0,8,55,00,00,00,C1,00,00,00,
22626800,00000117,false,Rx,0,8,D9,0F,00,40,68,00,00,FF,
22626813,000000A7,false,Rx,0,8,00,18,20,80,FD,01,C8,3E,
22628740,00000086,false,Rx,0,8,67,0A,2C,20,00,00,00,00,
22634520,0000012E,false,Rx,0,8,AC,E0,7F,00,FE,00,C0,FF,
22644026,000000A7,false,Rx,0,8,D0,19,20,80,FD,01,C8,3E,
22644047,000000A8,false,Rx,0,8,79,C9,5E,18,81,64,EC,0D,
22644063,000003E5,false,Rx,0,8,E2,15,00,00,00,00,00,00,
22644076,0000011D,false,Rx,0,8,AA,06,00,C8,00,00,00,00,
22644089,00000086,false,Rx,0,8,03,0B,2C,20,00,00,00,00,
22644102,0000009F,false,Rx,0,8,FC,3B,1D,80,03,10,00,40,
22644115,000000B2,false,Rx,0,8,00,00,00,00,00,00,00,00,
22644128,00000101,false,Rx,0,8,7F,05,7D,F3,A1,10,40,00,
22654545,000002B7,false,Rx,0,8,DC,00,00,00,00,00,00,00,
22654558,00000117,false,Rx,0,8,9B,00,00,40,68,00,00,FF,
22654585,000000A7,false,Rx,0,8,D6,1A,20,80,FD,01,C8,3E,
22654598,000000A8,false,Rx,0,8,26,CA,5E,18,81,64,EC,0D,
22654612,00000120,false,Rx,0,8,B4,05,00,00,01,04,FF,01,
22654624,00000121,false,Rx,0,8,9B,05,00,40,39,57,7E,FE,
22654638,0000009F,false,Rx,0,8,EF,3C,1D,80,03,10,00,40,
22654651,00000086,false,Rx,0,8,10,0C,2C,20,00,00,00,00,
22665092,000000A7,false,Rx,0,8,B8,1B,20,80,FD,01,C8,3E,
22665117,000000A8,false,Rx,0,8,01,CB,5E,D8,80,64,EC,0D,
22665130,0000011D,false,Rx,0,8,CE,07,00,C8,00,00,00,00,
22665230,00000086,false,Rx,0,8,74,0D,2C,20,00,00,00,00,
22665260,0000009F,false,Rx,0,8,8B,3D,1D,80,03,10,00,40,
22665273,000000B2,false,Rx,0,8,00,00,00,00,00,00,00,00,
22665286,00000101,false,Rx,0,8,23,06,7D,F3,A1,13,40,00,
22665300,00000106,false,Rx,0,8,F4,86,B5,04,08,00,F3,30,
22675220,0000031B,false,Rx,0,8,EE,08,00,00,00,63,15,00,
22675247,00000117,false,Rx,0,8,FF,01,00,40,68,00,00,FF,
22677885,000000AD,false,Rx,0,8,35,E7,BF,FF,00,14,00,00,
22677911,00000380,false,Rx,0,8,1D,0F,40,00,00,00,00,FF,
22677925,000000A7,false,Rx,0,8,07,1C,20,80,FD,01,C8,3E,
22677938,000000A8,false,Rx,0,8,1F,CC,5E,D8,80,64,EC,0D,
22678045,00000120,false,Rx,0,8,5B,06,00,00,01,04,FF,01,
22678058,00000365,false,Rx,0,8,C0,C6,18,40,8E,02,AC,7A,
22678071,00000121,false,Rx,0,8,9C,06,00,40,39,57,7E,FE,
22678084,0000032A,false,Rx,0,8,C6,0A,00,00,44,04,00,00,
22688068,000000B2,false,Rx,0,8,00,00,00,00,00,00,00,00,
22688093,000000FD,false,Rx,0,8,A5,D6,1F,80,00,00,00,00,
22688107,00000104,false,Rx,0,8,E2,36,A6,00,E6,00,02,00,
22688219,00000116,false,Rx,0,8,04,06,33,D2,28,62,87,FF,
22688232,0000030B,false,Rx,0,8,10,00,02,00,08,00,00,00,
22688247,1B000010,true,Rx,0,8,10,00,04,05,09,00,00,00,
22688260,00000040,false,Rx,0,8,31,01,00,00,C1,00,00,00,
22688273,0000012E,false,Rx,0,8,6B,E2,7F,00,FE,00,C0,FF,
22699410,000000A8,false,Rx,0,8,0C,CD,5E,D8,80,64,EC,0D,
22699450,0000011D,false,Rx,0,8,8C,08,00,C8,00,00,00,00,
22699464,00000086,false,Rx,0,8,BC,0F,2C,20,00,00,00,00,
22699477,0000009F,false,Rx,0,8,43,3F,1D,80,03,10,00,40,
22699490,000000B2,false,Rx,0,8,00,00,00,00,00,00,00,00,
22699503,00000101,false,Rx,0,8,F2,07,7D,F3,A1,12,40,00,
22699516,00000106,false,Rx,0,8,90,87,B5,04,08,00,F3,30,
22699529,0000011E,false,Rx,0,8,C7,07,00,00,00,00,00,00,
22700321,000003BE,false,Rx,0,8,F1,19,E6,51,C8,80,00,80,
22708065,00000640,false,Rx,0,8,A0,51,4E,97,80,A0,59,01,
22708079,000000B2,false,Rx,0,8,00,00,00,00,00,00,00,00,
22708092,0000065F,false,Rx,0,8,2E,20,00,00,00,00,37,7A,
22708105,000000FD,false,Rx,0,8,9F,D7,1F,80,00,00,00,00,
22708118,00000670,false,Rx,0,8,20,10,00,00,00,01,00,88,
22708132,00000104,false,Rx,0,8,86,37,A6,00,E6,00,02,00,
22708145,00000116,false,Rx,0,8,60,07,33,D2,28,62,87,FF,
22717157,00000106,false,Rx,0,8,D2,88,B5,04,08,00,F3,30,
22717174,0000011E,false,Rx,0,8,85,08,00,00,00,00,00,00,
22717187,0000030D,false,Rx,0,4,00,00,00,00,00,00,00,00,
22717200,00000395,false,Rx,0,8,18,09,24,06,B4,41,50,1C,
22717213,00000117,false,Rx,0,8,37,03,00,40,68,00,00,FF,
22717226,000000A7,false,Rx,0,8,6B,10,20,80,FD,01,C8,3E,
22717239,000000A8,false,Rx,0,8,11,C0,5E,D8,80,64,E0,0D,
22717252,00000120,false,Rx,0,8,00,08,00,00,01,04,FF,01,
22727312,000000B2,false,Rx,0,8,00,00,00,00,00,00,00,00,
22728066,000000FD,false,Rx,0,8,58,D8,1F,80,00,00,00,00,
22728081,000003C8,false,Rx,0,8,00,00,54,24,00,12,00,4D,
22728096,00000104,false,Rx,0,8,C4,38,A6,00,E6,00,02,00,
22728110,00000116,false,Rx,0,8,22,08,33,D2,28,62,87,FF,
22728123,0000031B,false,Rx,0,8,6F,09,00,00,00,63,15,00,
22728136,00000668,false,Rx,0,8,82,00,00,29,00,03,31,01,
22728149,000000AD,false,Rx,0,8,2F,EC,BF,FF,00,14,00,00,
22728162,0000012E,false,Rx,0,8,D5,E4,7F,00,FE,00,C0,FF,
22732096,00000040,false,Rx,0,8,9D,02,00,00,C1,00,00,00,
22732113,00000117,false,Rx,0,8,24,04,00,40,68,00,00,FF,
22732125,000000A7,false,Rx,0,8,97,12,20,80,FD,01,C8,3E,
22732139,000000A8,false,Rx,0,8,87,C2,5E,D8,80,64,E0,0D,
22732152,00000108,false,Rx,0,8,24,1D,D1,24,57,FE,00,00,
22732165,00000396,false,Rx,0,8,78,00,00,11,00,00,00,00,
22745697,000000A7,false,Rx,0,8,16,13,20,80,FD,01,C8,3E,
22745725,000000A8,false,Rx,0,8,68,C3,5E,D8,80,64,E0,0D,
22745742,1B000012,true,Rx,0,8,12,00,04,01,11,00,00,00,
22745755,000003E5,false,Rx,0,8,EB,16,00,00,00,00,00,00,
22745768,0000011D,false,Rx,0,8,20,0B,00,C8,00,00,00,00,
22745781,00000086,false,Rx,0,8,25,05,2C,20,00,00,00,00,
22745794,0000009F,false,Rx,0,8,6F,35,1D,80,03,11,00,40,
22745807,000000B2,false,Rx,0,8,00,00,00,00,00,00,00,00,
22756380,0000009F,false,Rx,0,8,C3,36,1D,80,03,11,00,40,
22756407,00000086,false,Rx,0,8,89,06,2C,20,00,00,00,00,
22756422,00000381,false,Rx,0,8,FF,FF,FF,FF,FF,FF,FF,1F,
22756435,00000382,false,Rx,0,8,FF,FF,FF,FF,FF,FF,FF,1F,
22756478,00000497,false,Rx,0,8,00,40,00,00,64,46,00,20,
22756491,000000B2,false,Rx,0,8,00,00,00,00,00,00,00,00,
22756505,00000108,false,Rx,0,8,88,1E,D1,24,57,FE,00,00,
22756518,000000FD,false,Rx,0,8,26,DA,1F,80,00,00,00,00,
22767514,0000011D,false,Rx,0,8,33,0C,00,C8,00,00,00,00,
22767538,00000086,false,Rx,0,8,ED,07,2C,20,00,00,00,00,
22767552,0000009F,false,Rx,0,8,A7,37,1D,80,03,11,00,40,
22767565,000000B2,false,Rx,0,8,00,00,00,00,00,00,00,00,
22767578,00000101,false,Rx,0,8,51,0B,7D,F3,A1,0A,40,00,
22767591,00000106,false,Rx,0,8,7E,8B,B5,04,08,00,F3,30,
22767604,0000011E,false,Rx,0,8,29,0B,00,00,00,00,00,00,
22767618,0000031B,false,Rx,0,8,35,0A,00,00,00,63,15,00,
22775059,000000B2,false,Rx,0,8,00,00,00,00,00,00,00,00,
22775081,000000FD,false,Rx,0,8,09,DB,1F,80,00,00,00,00,
22775095,00000104,false,Rx,0,8,68,3B,A6,00,E6,00,02,00,
22775107,00000116,false,Rx,0,8,8E,0B,33,D2,28,62,87,FF,
22775121,0000030B,false,Rx,0,8,10,02,02,00,08,00,00,00,
22775134,00000040,false,Rx,0,8,F9,03,00,00,C1,00,00,00,
22775147,0000012E,false,Rx,0,8,6C,E7,7F,00,FE,00,C0,FF,
22775160,000000A7,false,Rx,0,8,4D,17,20,80,FD,01,C8,3E,
22776961,000000A8,false,Rx,0,8,B3,C7,5E,D8,80,64,E4,0D,
22776977,00000108,false,Rx,0,8,EC,1F,D1,24,57,FE,00,00,
22787500,00000086,false,Rx,0,8,CB,09,2C,20,00,00,00,00,
22787542,0000009F,false,Rx,0,8,81,39,1D,80,03,11,00,40,
22787559,000000B2,false,Rx,0,8,00,00,00,00,00,00,00,00,
22787572,00000101,false,Rx,0,8,42,0C,7D,F3,A1,0A,40,00,
22787585,00000106,false,Rx,0,8,6D,8C,B5,04,08,00,F3,30,
22787598,0000011E,false,Rx,0,8,3A,0C,00,00,00,00,00,00,
22787611,00000117,false,Rx,0,8,88,07,00,40,68,00,00,FF,
22787625,000003EC,false,Rx,0,8,C1,00,00,00,00,08,01,00,
22798845,000000B2,false,Rx,0,8,00,00,00,00,00,00,00,00,
22798874,000000FD,false,Rx,0,8,90,DC,1F,80,00,00,00,00,
22798891,00000104,false,Rx,0,8,7B,3C,A6,00,E6,00,02,00,
22798904,00000116,false,Rx,0,8,9D,0C,33,D2,28,62,87,FF,
22798917,00000392,false,Rx,0,8,26,25,00,00,00,00,00,04,
22798930,000002B7,false,Rx,0,8,0C,03,00,00,00,00,00,00,
22798943,000003DB,false,Rx,0,8,50,00,01,00,04,20,01,6E,
22798956,0000012E,false,Rx,0,8,05,E8,7F,00,FE,00,C0,FF,
22807891,000000B2,false,Rx,0,8,00,00,00,00,00,00,00,00,
22807917,00000108,false,Rx,0,8,AE,10,D1,24,57,FE,00,00,
22807930,00000101,false,Rx,0,8,26,0D,7D,F3,A1,0A,40,00,
22807944,00000106,false,Rx,0,8,09,8D,B5,04,08,00,F3,30,
22807957,0000011E,false,Rx,0,8,5E,0D,00,00,00,00,00,00,
22807970,000001AB,false,Rx,0,8,0E,0B,00,02,00,00,05,00,
22807983,0000030D,false,Rx,0,4,00,00,00,00,00,00,00,00,
22807996,00000395,false,Rx,0,8,18,03,24,06,B4,41,50,1C,
22812431,000000B1,false,Rx,0,8,30,28,00,00,00,00,00,00,
22812449,000000B2,false,Rx,0,8,00,00,00,00,00,00,00,00,
22812462,000000FD,false,Rx,0,8,19,DD,1F,80,00,00,00,00,
22812475,00000104,false,Rx,0,8,1F,3D,A6,00,E6,00,02,00,
22812488,00000116,false,Rx,0,8,F9,0D,33,D2,28,62,87,FF,
22812501,000001A2,false,Rx,0,8,69,02,10,00,E1,06,80,13,
22812514,0000031B,false,Rx,0,8,FA,0B,00,00,00,63,15,00,
22818785,0000032A,false,Rx,0,8,D5,0D,00,00,44,04,00,00,
22828077,00000040,false,Rx,0,8,EA,04,00,00,C1,00,00,00,
22828107,00000117,false,Rx,0,8,AE,09,00,40,68,00,00,FF,
22828123,00000380,false,Rx,0,8,3B,01,40,00,00,00,00,FF,
22828136,000000A7,false,Rx,0,8,07,1C,20,80,FD,01,C8,3E,
22828150,000000A8,false,Rx,0,8,28,CC,5E,D8,80,64,D8,0D,
22828163,00000108,false,Rx,0,8,CA,11,D1,24,57,FE,00,00,
22828176,00000396,false,Rx,0,8,1C,01,00,11,00,00,00,00,
22846709,000000B2,false,Rx,0,8,00,00,00,00,00,00,00,00,
22846740,00000101,false,Rx,0,8,AB,0F,7D,F3,A1,08,40,00,
22846754,00000106,false,Rx,0,8,C1,8F,B5,04,08,00,F3,30,
22846767,0000011E,false,Rx,0,8,96,0F,00,00,00,00,00,00,
22846781,000002B7,false,Rx,0,8,BC,04,00,00,00,00,00,00,
22846794,00000117,false,Rx,0,8,02,0A,00,40,68,00,00,FF,
22846830,000000A7,false,Rx,0,8,7C,1E,20,80,FD,01,C8,3E,
22846843,000000A8,false,Rx,0,8,C1,CE,5E,D8,80,64,D4,0D,
22847870,00000086,false,Rx,0,8,FE,00,2C,20,00,00,00,00,
22859142,000000B2,false,Rx,0,8,00,00,00,00,00,00,00,00,
22859173,00000108,false,Rx,0,8,66,12,D1,24,57,FE,00,00,
22859188,000000FD,false,Rx,0,8,71,DF,1F,80,00,00,00,00,
22859201,00000104,false,Rx,0,8,D7,3F,A6,00,E6,00,02,00,
22859214,00000116,false,Rx,0,8,31,0F,33,D2,28,62,87,FF,
22859227,0000030D,false,Rx,0,4,00,00,00,00,00,00,00,00,
22859240,0000012E,false,Rx,0,8,D1,EB,7F,00,FE,00,C0,FF,
22859253,000000A7,false,Rx,0,8,A2,1F,20,80,FD,01,C8,3E,
22863091,000000B2,false,Rx,0,8,00,00,00,00,00,00,00,00,
22863119,00000101,false,Rx,0,8,58,00,7D,F3,A1,04,40,00,
22863132,00000106,false,Rx,0,8,83,80,B5,04,08,00,F3,30,
22882017,000000FD,false,Rx,0,8,0B,D0,1F,80,00,00,00,00,
22882048,00000104,false,Rx,0,8,95,30,A6,00,E6,00,02,00,
22882183,00000116,false,Rx,0,8,73,00,33,D2,28,62,87,FF,
22882196,0000030B,false,Rx,0,8,10,04,02,00,08,00,00,00,
22882211,1B000010,true,Rx,0,8,10,00,04,05,09,00,00,00,
22882224,00000040,false,Rx,0,8,8E,05,00,00,C1,00,00,00,
22882237,00000041,false,Rx,0,8,F4,0D,00,00,00,00,00,00,
22882250,0000012E,false,Rx,0,8,72,EC,7F,00,FE,00,C0,FF,
22891579,00000520,false,Rx,0,8,20,05,00,08,00,0A,00,00,
22891593,0000011D,false,Rx,0,8,15,02,00,C8,00,00,00,00,
22891606,00000086,false,Rx,0,8,52,03,2C,20,00,00,00,00,
22891696,0000009F,false,Rx,0,8,18,33,1D,80,03,11,00,40,
22891709,000000B2,false,Rx,0,8,00,00,00,00,00,00,00,00,
22891723,00000101,false,Rx,0,8,89,01,7D,F3,A1,05,40,00,
22891736,00000106,false,Rx,0,8,E7,81,B5,04,08,00,F3,30,
22891752,0000011E,false,Rx,0,8,B0,01,00,00,00,00,00,00,
22901579,0000009F,false,Rx,0,8,0B,34,1D,80,03,11,00,40,
22901604,00000086,false,Rx,0,8,41,04,2C,20,00,00,00,00,
22901618,00000391,false,Rx,0,8,0D,66,23,3F,00,28,00,22,
22901752,000003BE,false,Rx,0,8,4C,1B,E6,51,C8,80,00,80,
22901765,000000B2,false,Rx,0,8,00,00,00,00,00,00,00,00,
22901778,000000FD,false,Rx,0,8,01,D1,1F,80,00,00,00,00,
22901792,00000104,false,Rx,0,8,F1,31,A6,00,E6,00,02,00,
22901805,00000116,false,Rx,0,8,17,01,33,D2,28,62,87,FF,
22910935,00000395,false,Rx,0,8,18,0D,24,06,B4,41,50,1C,
22910960,00000117,false,Rx,0,8,11,0D,00,40,68,00,00,FF,
22910974,00000380,false,Rx,0,8,97,02,40,00,00,00,00,FF,
22910987,000000A7,false,Rx,0,8,2C,14,20,80,FD,01,C8,3E,
22911000,000000A8,false,Rx,0,8,51,C4,5E,18,81,64,D8,0D,
22911013,00000120,false,Rx,0,8,32,02,00,00,01,04,FF,01,
22911026,00000121,false,Rx,0,8,E3,02,00,40,39,57,7E,FE,
22911039,0000009F,false,Rx,0,8,C3,36,1D,80,03,11,00,40,
22920226,0000031B,false,Rx,0,8,C8,0D,00,00,00,63,15,00,
22920255,0000012E,false,Rx,0,8,82,EE,7F,00,FE,00,C0,FF,
22920271,000000AD,false,Rx,0,8,48,E0,BF,FF,00,14,00,00,
22920284,00000668,false,Rx,0,8,82,00,00,29,00,03,31,01,
22920297,000000A7,false,Rx,0,8,57,15,20,80,FD,01,C8,3E,
22920310,000000A8,false,Rx,0,8,73,C5,5E,18,81,64,D4,0D,
22926433,00000365,false,Rx,0,8,C0,C6,18,40,8F,02,AC,7A,
22926465,0000032A,false,Rx,0,8,1D,0F,00,00,44,04,00,00,
22926479,00000086,false,Rx,0,8,ED,07,2C,20,00,00,00,00,
22926592,0000009F,false,Rx,0,8,A7,37,1D,80,03,11,00,40,
22926609,0000011D,false,Rx,0,8,62,04,00,C8,00,00,00,00,
22926622,000000B2,false,Rx,0,8,00,00,00,00,00,00,00,00,
22927147,00000101,false,Rx,0,8,04,03,7D,F3,A1,07,40,00,
22927161,00000106,false,Rx,0,8,2F,83,B5,04,08,00,F3,30,
22927321,00000086,false,Rx,0,8,AF,08,2C,20,00,00,00,00,
22933776,000000B2,false,Rx,0,8,00,00,00,00,00,00,00,00,
22933790,000000FD,false,Rx,0,8,BB,D3,1F,80,00,00,00,00,
22933803,00000104,false,Rx,0,8,39,33,A6,00,E6,00,02,00,
22933816,00000116,false,Rx,0,8,DF,03,33,D2,28,62,87,FF,
22933842,00000118,false,Rx,1,4,00,0F,04,12,00,00,00,00,
22935517,0000012E,false,Rx,0,8,85,EF,7F,00,FE,00,C0,FF,
22935533,000000A7,false,Rx,0,8,DE,17,60,80,FD,05,C8,3E,
22935546,000000A8,false,Rx,0,8,6E,C7,5E,18,81,64,D0,0D,
22935560,000003E5,false,Rx,0,8,5A,18,00,00,00,00,00,00,
22948546,000000B2,false,Rx,0,8,00,00,00,00,00,00,00,00,
22948576,00000101,false,Rx,0,8,A2,04,7D,F3,A1,06,40,00,
22948590,00000106,false,Rx,0,8,3C,84,B5,04,08,00,F3,30,
22948603,0000011E,false,Rx,0,8,6B,04,00,00,00,00,00,00,
22948616,000002B7,false,Rx,0,8,92,06,00,00,00,00,00,00,
22948629,00000117,false,Rx,0,8,D9,0F,00,40,68,00,00,FF,
22948643,00000130,false,Rx,0,8,98,8E,2C,80,08,00,04,00,
22948656,000000A7,false,Rx,0,8,93,18,60,80,FD,05,C8,3E,
22954118,00000497,false,Rx,0,8,00,40,00,00,64,46,00,20,
22954134,0000054B,false,Rx,0,8,00,00,00,00,00,00,00,24,
22954147,17F0000A,true,Rx,0,8,00,0A,00,00,00,00,00,80,
22954160,000000B2,false,Rx,0,8,00,00,00,00,00,00,00,00,
22954173,00000108,false,Rx,0,8,D9,16,D1,24,57,FE,00,00,
22954186,000000FD,false,Rx,0,8,2D,D4,1F,80,00,00,00,00,
22954200,00000104,false,Rx,0,8,2A,34,A6,00,E6,00,02,00,
22954213,00000116,false,Rx,0,8,CC,04,33,D2,28,62,87,FF,
22991724,00000101,false,Rx,0,8,DB,06,7D,F3,A1,0A,40,00,
22991876,00000106,false,Rx,0,8,F4,86,B5,04,08,00,F3,30,
22991893,0000011E,false,Rx,0,8,A3,06,00,00,00,00,00,00,
22991906,00000117,false,Rx,0,8,FF,01,00,40,68,00,00,FF,
22991919,00000380,false,Rx,0,8,F3,03,40,00,00,00,00,FF,
22991932,000003EC,false,Rx,0,8,C1,00,00,00,00,08,01,00,
22991945,000000A7,false,Rx,0,8,94,1C,60,80,FD,05,C8,3E,
22991958,000000A8,false,Rx,0,8,22,CC,5E,18,81,64,C8,0D,
22999479,000002B7,false,Rx,0,8,C0,07,00,00,00,00,00,00,
22999501,000003DB,false,Rx,0,8,50,00,01,00,04,20,01,6E,
22999517,0000012E,false,Rx,0,8,6B,E2,7F,00,FE,00,C0,FF,
22999530,000000A7,false,Rx,0,8,64,1D,60,80,FD,05,C8,3E,
22999543,000000A8,false,Rx,0,8,09,CD,5E,18,81,64,CC,0D,
22999556,0000011D,false,Rx,0,8,8C,08,00,C8,00,00,00,00,
22999569,00000086,false,Rx,0,8,BC,0F,2C,20,00,00,00,00,
22999582,0000009F,false,Rx,0,8,06,3F,1D,80,03,12,00,40,
23003350,000000B2,false,Rx,0,8,00,00,00,00,00,00,00,00,
23003370,00000108,false,Rx,0,8,FF,18,D1,24,57,FE,00,00,
23003385,00000101,false,Rx,0,8,BB,07,7D,F3,A1,07,40,00,
23003398,00000106,false,Rx,0,8,90,87,B5,04,08,00,F3,30,
23037439,17F00072,true,Rx,0,8,00,00,00,00,00,00,00,00,
23037469,000000FD,false,Rx,0,8,58,D8,1F,80,00,00,00,00,
23037485,00000104,false,Rx,0,8,C4,38,A6,00,E6,00,02,00,
23037498,00000116,false,Rx,0,8,22,08,33,D2,28,62,87,FF,
23037511,00000126,false,Rx,0,8,6A,3D,00,00,03,FE,07,00,
23037524,0000012E,false,Rx,0,8,D5,E4,7F,00,FE,00,C0,FF,
23037538,000000A7,false,Rx,0,8,70,11,60,80,FD,05,C8,3E,
23037551,000000A8,false,Rx,0,8,8E,C1,5E,18,81,64,D0,0D,
23040349,000000B2,false,Rx,0,8,00,00,00,00,00,00,00,00,
23040363,00000101,false,Rx,0,8,9D,09,7D,F3,A1,07,40,00,
23052010,000002B7,false,Rx,0,8,12,08,00,00,00,00,00,00,
23052040,00000117,false,Rx,0,8,24,04,00,40,68,00,00,FF,
23052056,000000A7,false,Rx,0,8,04,12,60,80,FD,05,C8,3E,
23052069,000000A8,false,Rx,0,8,62,C2,5E,18,81,64,D0,0D,
23052082,00000120,false,Rx,0,8,56,09,00,00,01,04,FF,01,
23052095,00000121,false,Rx,0,8,F3,09,00,40,39,57,7E,FE,
23052108,0000009F,false,Rx,0,8,FB,34,1D,80,03,12,00,40,
23052121,00000086,false,Rx,0,8,41,04,2C,20,00,00,00,00,
23061979,0000012E,false,Rx,0,8,35,E5,7F,00,FE,00,C0,FF,
23062004,000000A7,false,Rx,0,8,0F,13,60,80,FD,01,C8,3E,
23062018,000000A8,false,Rx,0,8,25,C3,5E,18,81,64,CC,0D,
23062031,0000011D,false,Rx,0,8,20,0B,00,C8,00,00,00,00,
23062044,00000086,false,Rx,0,8,25,05,2C,20,00,00,00,00,
23062057,0000009F,false,Rx,0,8,9F,35,1D,80,03,12,00,40,
23062070,000000B2,false,Rx,0,8,00,00,00,00,00,00,00,00,
23062083,00000101,false,Rx,0,8,70,0A,7D,F3,A1,08,40,00,
23072234,00000117,false,Rx,0,8,40,05,00,40,68,00,00,FF,
23072259,000000AD,false,Rx,0,8,D5,EF,BF,FF,00,14,00,00,
23072272,00000380,false,Rx,0,8,E0,04,40,00,00,00,00,FF,
23072285,000000A7,false,Rx,0,8,35,14,60,80,FD,01,C8,3E,
23072298,000000A8,false,Rx,0,8,89,C4,5E,18,81,64,CC,0D,
23072312,00000120,false,Rx,0,8,8D,0A,00,00,01,04,FF,01,
23079725,00000365,false,Rx,0,8,C1,C6,18,40,8E,02,AC,7A,
23079754,00000121,false,Rx,0,8,96,0A,00,40,39,57,7E,FE,
23079768,0000032A,false,Rx,0,8,97,02,00,00,44,04,00,00,
23079781,00000086,false,Rx,0,8,89,06,2C,20,00,00,00,00,
23079795,0000009F,false,Rx,0,8,33,36,1D,80,03,12,00,40,
23079807,00000366,false,Rx,0,8,00,00,00,00,80,03,00,00,
23079820,000003C0,false,Rx,0,4,C5,0C,03,00,00,00,00,00,
23079833,00000381,false,Rx,0,8,FF,FF,FF,FF,FF,FF,FF,5F,
23090421,000000B2,false,Rx,0,8,00,00,00,00,00,00,00,00,
23090457,00000101,false,Rx,0,8,F1,0B,7D,F2,A1,04,40,00,
23090471,00000106,false,Rx,0,8,7E,8B,B5,04,08,00,F3,30,
23090484,0000011E,false,Rx,0,8,29,0B,00,00,00,00,00,00,
23090497,00000117,false,Rx,0,8,EC,06,00,40,68,00,00,FF,
23090511,000000A7,false,Rx,0,8,57,16,60,80,FD,05,C8,3E,
23090524,000000A8,false,Rx,0,8,EB,C6,5E,18,81,64,C8,0D,
23090537,0000011B,false,Rx,0,8,00,20,00,00,00,00,00,00,
23098889,00000104,false,Rx,0,8,68,3B,A6,00,E6,00,02,00,
23098916,00000116,false,Rx,0,8,8E,0B,33,D2,28,62,87,FF,
23098929,00000392,false,Rx,0,8,AC,28,00,00,00,00,00,04,
23098942,000002B7,false,Rx,0,8,7D,09,00,00,00,00,00,00,
23098955,000003DB,false,Rx,0,8,50,00,01,00,04,20,01,6E,
23098969,0000012E,false,Rx,0,8,6C,E7,7F,00,FE,00,C0,FF,
23098982,000000A7,false,Rx,0,8,DE,17,60,80,FD,05,C8,3E,
23098995,000000A8,false,Rx,0,8,FE,C7,5E,18,81,64,C8,0D,
23108629,000000B2,false,Rx,0,8,00,00,00,00,00,00,00,00,
23108767,00000108,false,Rx,0,8,40,1C,D1,24,57,FE,00,00,
23108783,00000101,false,Rx,0,8,B6,0C,7D,F3,A1,04,40,00,
23108796,00000106,false,Rx,0,8,6D,8C,B5,04,08,00,F3,30,
23108809,0000011E,false,Rx,0,8,3A,0C,00,00,00,00,00,00,
23108823,0000030D,false,Rx,0,4,00,00,00,00,00,00,00,00,
23108835,00000395,false,Rx,0,8,18,01,24,06,B4,41,50,1C,
23108848,00000117,false,Rx,0,8,88,07,00,40,68,00,00,FF,
23117453,00000120,false,Rx,0,8,FB,0C,00,00,01,04,FF,01,
23117501,00000121,false,Rx,0,8,F8,0C,00,40,39,57,7E,FE,
23117517,0000009F,false,Rx,0,8,DD,3A,1D,80,03,12,00,40,
23117530,00000086,false,Rx,0,8,67,0A,2C,20,00,00,00,00,
23117544,000000B1,false,Rx,0,8,C2,2B,00,00,00,00,00,00,
23117569,000000B2,false,Rx,0,8,00,00,00,00,00,00,00,00,
23117582,000000FD,false,Rx,0,8,90,DC,1F,80,00,00,00,00,
23117595,000003C8,false,Rx,0,8,00,00,54,24,00,12,00,4E,
23127687,000000B2,false,Rx,0,8,00,00,00,00,00,00,00,00,
23127712,00000101,false,Rx,0,8,67,0D,7D,F3,A1,05,40,00,
23127726,00000106,false,Rx,0,8,09,8D,B5,04,08,00,F3,30,
23127739,0000011E,false,Rx,0,8,5E,0D,00,00,00,00,00,00,
23127752,0000030B,false,Rx,0,8,10,09,02,00,08,00,00,00,
23127765,00000040,false,Rx,0,8,CC,0A,00,00,C1,00,00,00,
23127779,00000117,false,Rx,0,8,CA,08,00,40,68,00,00,FF,
23127792,00000108,false,Rx,0,8,24,1D,D1,24,57,FE,00,00,
23136910,000000B2,false,Rx,0,8,00,00,00,00,00,00,00,00,
23136933,000000FD,false,Rx,0,8,19,DD,1F,80,00,00,00,00,
23136948,00000104,false,Rx,0,8,1F,3D,A6,00,E6,00,02,00,
23136961,00000116,false,Rx,0,8,F9,0D,33,D2,28,62,87,FF,
23136974,0000012E,false,Rx,0,8,79,E9,7F,00,FE,00,C0,FF,
23136987,000000A7,false,Rx,0,8,2B,1B,60,80,FD,05,C8,3E,
23137000,000000A8,false,Rx,0,8,C2,CB,5E,18,81,64,B8,0D,
23137015,1B000012,true,Rx,0,8,12,00,04,01,11,00,00,00,
23140186,00000086,false,Rx,0,8,74,0D,2C,20,00,00,00,00,
23140203,0000009F,false,Rx,0,8,CE,3D,1D,80,03,12,00,40,
23140216,000000B2,false,Rx,0,8,00,00,00,00,00,00,00,00,
23141338,00000101,false,Rx,0,8,CF,0E,7D,F3,A1,08,40,00,
23141353,00000106,false,Rx,0,8,A5,8E,B5,04,08,00,F3,30,
23153866,000002B7,false,Rx,0,8,73,0A,00,00,00,00,00,00,
23153898,00000117,false,Rx,0,8,AE,09,00,40,68,00,00,FF,
23153914,00000380,false,Rx,0,8,84,05,40,00,00,00,00,FF,
23153927,000000A7,false,Rx,0,8,94,1C,60,80,FD,05,C8,3E,
23153941,000000A8,false,Rx,0,8,DC,CC,5E,18,81,64,B8,0D,
23153954,00000120,false,Rx,0,8,20,0E,00,00,01,04,FF,01,
23153967,00000121,false,Rx,0,8,78,0E,00,40,39,57,7E,FE,
23153980,0000009F,false,Rx,0,8,62,3E,1D,80,03,12,00,40,
23164377,000000B2,false,Rx,0,8,00,00,00,00,00,00,00,00,
23164422,00000108,false,Rx,0,8,88,1E,D1,24,57,FE,00,00,
23164439,000000FD,false,Rx,0,8,E6,DE,1F,80,00,00,00,00,
23164452,00000104,false,Rx,0,8,B3,3E,A6,00,E6,00,02,00,
23164465,00000116,false,Rx,0,8,55,0E,33,D2,28,62,87,FF,
23164478,0000030D,false,Rx,0,4,00,00,00,00,00,00,00,00,
23164491,0000012E,false,Rx,0,8,25,EA,7F,00,FE,00,C0,FF,
23164504,000000A7,false,Rx,0,8,64,1D,60,80,FD,05,C8,3E,
23173400,000000A7,false,Rx,0,8,EF,1E,60,80,FD,05,C8,3E,
23173425,000000A8,false,Rx,0,8,CB,CE,5E,18,81,64,C4,0D,
23173438,00000120,false,Rx,0,8,F5,0F,00,00,01,04,FF,01,
23173452,00000365,false,Rx,0,8,C1,C6,18,40,8E,02,AC,7A,
23173465,00000121,false,Rx,0,8,CE,0F,00,40,39,57,7E,FE,
23173478,0000032A,false,Rx,0,8,E0,04,00,00,44,04,00,00,
23173491,00000086,false,Rx,0,8,FE,00,2C,20,00,00,00,00,
23173504,0000009F,false,Rx,0,8,44,30,1D,80,03,12,00,40,
23184593,0000012E,false,Rx,0,8,D1,EB,7F,00,FE,00,C0,FF,
23184616,000000A7,false,Rx,0,8,31,1F,60,80,FD,05,C8,3E,
23184753,000000A8,false,Rx,0,8,44,CF,5E,18,81,64,C4,0D,
23184766,00000108,false,Rx,0,8,EC,1F,D1,24,57,FE,00,00,
23184779,0000011D,false,Rx,0,8,B9,01,00,C8,00,00,00,00,
23184792,00000086,false,Rx,0,8,9A,01,2C,20,00,00,00,00,
23184805,0000009F,false,Rx,0,8,20,31,1D,80,03,12,00,40,
23184818,000000B2,false,Rx,0,8,00,00,00,00,00,00,00,00,
23193465,000000A7,false,Rx,0,8,F8,10,60,80,FD,05,C8,3E,
23193493,000000A8,false,Rx,0,8,2C,C0,5E,18,81,64,C4,0D,
23193509,0000011B,false,Rx,0,8,00,20,00,00,00,00,00,00,
23193522,00000120,false,Rx,0,8,3F,00,00,00,01,04,FF,01,
23193535,00000121,false,Rx,0,8,00,00,00,40,39,57,7E,FE,
23193548,0000009F,false,Rx,0,8,8C,32,1D,80,03,12,00,40,
23193561,00000086,false,Rx,0,8,36,02,2C,20,00,00,00,00,
23193574,00000391,false,Rx,0,8,0D,66,23,40,00,28,00,22,
23204498,000002B7,false,Rx,0,8,05,0B,00,00,00,00,00,00,
23204521,000003DB,false,Rx,0,8,50,00,01,00,04,20,01,6E,
23204535,0000012E,false,Rx,0,8,72,EC,7F,00,FE,00,C0,FF,
23204548,000000A7,false,Rx,0,8,70,11,60,80,FD,05,C8,3E,
23204561,000000A8,false,Rx,0,8,6E,C1,5E,18,81,64,C0,0D,
23204575,0000011D,false,Rx,0,8,15,02,00,C8,00,00,00,00,
23204588,00000086,false,Rx,0,8,52,03,2C,20,00,00,00,00,
23204601,0000009F,false,Rx,0,8,E8,33,1D,80,03,12,00,40,
23217907,000000A7,false,Rx,0,8,04,12,60,80,FD,05,C8,3E,
23217942,000000A8,false,Rx,0,8,BA,C2,5E,18,81,64,C4,0D,
23217958,00000120,false,Rx,0,8,CA,01,00,00,01,04,FF,01,
23217971,00000121,false,Rx,0,8,6C,01,00,40,39,57,7E,FE,
23217984,0000009F,false,Rx,0,8,FB,34,1D,80,03,12,00,40,
23217997,00000086,false,Rx,0,8,41,04,2C,20,00,00,00,00,
23218011,000000B1,false,Rx,0,8,E0,2C,00,00,00,00,00,00,
23218024,000000B2,false,Rx,0,8,00,00,00,00,00,00,00,00,
23223646,000000B2,false,Rx,0,8,00,00,00,00,00,00,00,00,
23223669,00000101,false,Rx,0,8,1E,02,7D,F3,A1,0D,40,00,
23223682,00000106,false,Rx,0,8,4B,82,B5,04,08,00,F3,30,
23223695,0000030B,false,Rx,0,8,10,0B,02,00,08,00,00,00,
23223708,0000011E,false,Rx,0,8,1C,02,00,00,00,00,00,00,
23223731,00000040,false,Rx,0,8,BB,0C,00,00,C1,00,00,00,
23223757,00000118,false,Rx,1,4,00,02,05,12,00,00,00,00,
23224338,00000117,false,Rx,0,8,11,0D,00,40,68,00,00,FF,
23233493,00000380,false,Rx,0,8,28,06,40,00,00,00,00,FF,
23233526,000000A7,false,Rx,0,8,BF,14,60,80,FD,05,C8,3E,
23233541,000000A8,false,Rx,0,8,F9,C4,5E,18,81,64,C4,0D,
23233555,00000108,false,Rx,0,8,CA,11,D1,24,57,FE,00,00,
23233568,00000396,false,Rx,0,8,A3,05,00,11,00,00,00,00,
23233581,00000120,false,Rx,0,8,32,02,00,00,01,04,FF,01,
23233594,00000121,false,Rx,0,8,E3,02,00,40,39,57,7E,FE,
23233607,00000385,false,Rx,0,8,00,32,22,00,01,22,31,01,
23241406,0000012E,false,Rx,0,8,82,EE,7F,00,FE,00,C0,FF,
23241431,000000A7,false,Rx,0,8,C4,15,60,80,FD,05,C8,3E,
23241445,000000A8,false,Rx,0,8,DB,C5,5E,18,81,64,C8,0D,
23241458,000003E5,false,Rx,0,8,A4,1B,00,00,00,00,00,00,
23241471,000003E8,false,Rx,0,8,00,B7,00,00,00,00,00,00,
23241484,0000011D,false,Rx,0,8,62,04,00,C8,00,00,00,00,
23241497,00000086,false,Rx,0,8,ED,07,2C,20,00,00,00,00,
23241510,0000009F,false,Rx,0,8,E2,37,1D,80,03,13,00,40,
23244424,000002B7,false,Rx,0,8,E6,0C,00,00,00,00,00,00,
23244438,00000117,false,Rx,0,8,BD,0E,00,40,68,00,00,FF,
23257121,00000497,false,Rx,0,8,00,40,00,00,64,46,00,20,
23257153,000000B2,false,Rx,0,8,00,00,00,00,00,00,00,00,
23257170,00000108,false,Rx,0,8,66,12,D1,24,57,FE,00,00,
23257183,000000FD,false,Rx,0,8,BB,D3,1F,80,00,00,00,00,
23257197,00000104,false,Rx,0,8,39,33,A6,00,E6,00,02,00,
23257210,00000116,false,Rx,0,8,DF,03,33,D2,28,62,87,FF,
23257223,0000030D,false,Rx,0,4,00,00,00,00,00,00,00,00,
23257236,0000012E,false,Rx,0,8,85,EF,7F,00,FE,00,C0,FF,
23260270,000000B2,false,Rx,0,8,00,00,00,00,00,00,00,00,
23267630,00000101,false,Rx,0,8,13,04,7D,F3,A1,0A,40,00,
23267782,00000106,false,Rx,0,8,3C,84,B5,04,08,00,F3,30,
23267796,0000011E,false,Rx,0,8,6B,04,00,00,00,00,00,00,
23267809,0000031B,false,Rx,0,8,81,04,00,00,00,63,15,00,
23267822,00000117,false,Rx,0,8,D9,0F,00,40,68,00,00,FF,
23267836,000000AD,false,Rx,0,8,E3,E3,BF,FF,00,14,00,00,
23267849,000000A7,false,Rx,0,8,93,18,60,80,FD,05,C8,3E,
23267879,000000A8,false,Rx,0,8,74,C8,5E,18,81,64,D4,0D,
23276105,00000584,false,Rx,0,6,BD,07,00,00,00,00,00,00,
23276132,000005F0,false,Rx,0,8,64,E4,64,00,00,64,00,00,
23276148,000000B2,false,Rx,0,8,00,00,00,00,00,00,00,00,
23276161,000000FD,false,Rx,0,8,2D,D4,1F,80,00,00,00,00,
23276174,00000104,false,Rx,0,8,C5,34,A6,00,E6,00,22,00,
23276187,00000116,false,Rx,0,8,CC,04,33,D2,28,62,87,FF,
23276200,0000030B,false,Rx,0,8,10,0C,02,00,08,00,00,00,
23276214,1B000010,true,Rx,0,8,10,00,04,05,09,00,00,00,
23284380,000000A7,false,Rx,0,8,43,19,60,80,FD,05,C8,3E,
23284410,00000108,false,Rx,0,8,02,13,D1,24,57,FE,00,00,
23284424,000000A8,false,Rx,0,8,4E,C9,5E,18,81,64,D8,0D,
23284437,0000011D,false,Rx,0,8,AA,06,00,C8,00,00,00,00,
23284450,00000086,false,Rx,0,8,03,0B,2C,20,00,00,00,00,
23284463,0000009F,false,Rx,0,8,76,3B,1D,80,03,14,00,40,
23284476,000000B2,false,Rx,0,8,00,00,00,00,00,00,00,00,
23284489,00000101,false,Rx,0,8,66,05,7D,F2,A1,08,40,00,
23295672,000000A7,false,Rx,0,8,D6,1A,20,80,FD,01,C8,3E,
23295701,000000A8,false,Rx,0,8,6E,CA,5E,18,81,64,E0,0D,
23295715,0000011B,false,Rx,0,8,00,20,00,00,00,00,00,00,
23295728,00000120,false,Rx,0,8,B4,05,00,00,01,04,FF,01,
23295741,00000121,false,Rx,0,8,9B,05,00,40,39,57,7E,FE,
23295755,0000009F,false,Rx,0,8,65,3C,1D,80,03,14,00,40,
23295779,00000086,false,Rx,0,8,10,0C,2C,20,00,00,00,00,
23295792,00000391,false,Rx,0,8,0D,66,23,3F,00,28,00,22,
23305909,0000011D,false,Rx,0,8,CE,07,00,C8,00,00,00,00,
23305945,00000086,false,Rx,0,8,74,0D,2C,20,00,00,00,00,
23305959,0000009F,false,Rx,0,8,01,3D,1D,80,03,14,00,40,
23305972,000000B2,false,Rx,0,8,00,00,00,00,00,00,00,00,
23305985,00000108,false,Rx,0,8,11,14,D1,24,57,FE,00,00,
23306115,00000101,false,Rx,0,8,01,06,7D,F2,A1,03,40,00,
23306128,00000106,false,Rx,0,8,F4,86,B5,04,08,00,F3,30,
23306141,0000011E,false,Rx,0,8,A3,06,00,00,00,00,00,00,
23315935,0000009F,false,Rx,0,8,AD,3E,1D,80,03,14,00,40,
23315958,00000086,false,Rx,0,8,D8,0E,2C,20,00,00,00,00,
23315972,00000381,false,Rx,0,8,FF,FF,FF,FF,FF,FF,FF,8F,
23315985,00000382,false,Rx,0,8,FF,FF,FF,FF,FF,FF,FF,8F,
23315998,000000B1,false,Rx,0,8,6E,2D,00,00,00,00,00,00,
23316011,000000B2,false,Rx,0,8,00,00,00,00,00,00,00,00,
23316025,000003C8,false,Rx,0,8,00,00,54,24,00,12,00,4D,
23316037,000000FD,false,Rx,0,8,A5,D6,1F,80,00,00,00,00,
23325022,0000032A,false,Rx,0,8,4C,07,00,00,44,04,00,00,
23325047,00000086,false,Rx,0,8,BC,0F,2C,20,00,00,00,00,
23325163,0000009F,false,Rx,0,8,B3,3F,1D,80,03,13,00,40,
23325195,0000011D,false,Rx,0,8,8C,08,00,C8,00,00,00,00,
23325208,000000B2,false,Rx,0,8,00,00,00,00,00,00,00,00,
23325221,00000101,false,Rx,0,8,FA,07,7D,F3,A1,08,40,00,
23325234,00000106,false,Rx,0,8,90,87,B5,04,08,00,F3,30,
23325247,0000011E,false,Rx,0,8,C7,07,00,00,00,00,00,00,
23333436,000000A8,false,Rx,0,8,63,CE,5E,18,81,64,D8,0D,
23333473,00000108,false,Rx,0,8,75,15,D1,24,57,FE,00,00,
23333487,00000396,false,Rx,0,8,0F,06,00,11,00,00,00,00,
23333500,00000120,false,Rx,0,8,59,07,00,00,01,04,FF,01,
23333513,00000121,false,Rx,0,8,CF,07,00,40,39,57,7E,FE,
23333526,0000009F,false,Rx,0,8,F1,30,1D,80,03,13,00,40,
23333539,00000086,false,Rx,0,8,FE,00,2C,20,00,00,00,00,
23333552,000000B2,false,Rx,0,8,00,00,00,00,00,00,00,00,
23342613,000006B2,false,Rx,0,8,71,9D,27,A1,A1,40,EF,2D,
23342650,0000012E,false,Rx,0,8,F2,E3,7F,00,FE,00,C0,FF,
23342666,000000A7,false,Rx,0,8,A2,1F,20,80,FD,01,C8,3E,
23342679,000000A8,false,Rx,0,8,EC,CF,5E,18,81,64,D8,0D,
23342693,1B000012,true,Rx,0,8,12,00,04,01,11,00,00,00,
23342707,000003E5,false,Rx,0,8,57,1C,00,00,00,00,00,00,
23342720,000006AE,false,Rx,0,4,00,00,10,00,00,00,00,00,
23342733,0000011D,false,Rx,0,8,E8,09,00,C8,00,00,00,00,
23346450,000002B7,false,Rx,0,8,57,0E,00,00,00,00,00,00,
23346467,00000117,false,Rx,0,8,37,03,00,40,68,00,00,FF,
23346481,000000A7,false,Rx,0,8,6B,10,20,80,FD,01,C8,3E,
23346494,000000A8,false,Rx,0,8,BC,C0,5E,18,81,64,DC,0D,
23346507,00000120,false,Rx,0,8,00,08,00,00,01,04,FF,01,
23360834,00000497,false,Rx,0,8,00,40,00,00,64,46,00,20,
23360968,000000B2,false,Rx,0,8,00,00,00,00,00,00,00,00,
23360986,00000108,false,Rx,0,8,D9,16,D1,24,57,FE,00,00,
23360999,000000FD,false,Rx,0,8,58,D8,1F,80,00,00,00,00,
23361012,00000104,false,Rx,0,8,A3,38,A6,00,E6,00,20,40,
23368026,00000116,false,Rx,0,8,22,08,33,D2,28,62,87,FF,
23368048,0000030D,false,Rx,0,4,00,00,00,00,00,00,00,00,
23368154,0000012E,false,Rx,0,8,D5,E4,7F,00,FE,00,C0,FF,
23368167,000000A7,false,Rx,0,8,E3,11,20,80,FD,01,C8,3E,
23368180,000000A8,false,Rx,0,8,FE,C1,5E,18,81,64,D8,0D,
23368193,000006B4,false,Rx,0,8,02,57,33,37,32,32,38,33,
23368206,0000011D,false,Rx,0,8,44,0A,00,C8,00,00,00,00,
23368219,00000086,false,Rx,0,8,52,03,2C,20,00,00,00,00,
23378579,00000117,false,Rx,0,8,24,04,00,40,68,00,00,FF,
23378623,000000AD,false,Rx,0,8,5E,ED,BF,FF,00,14,00,00,
23378637,000000A7,false,Rx,0,8,65,12,E0,7F,FD,FD,B7,3E,
23378650,000000A8,false,Rx,0,8,8B,B2,1E,98,80,64,D4,0D,
23378663,00000120,false,Rx,0,8,56,09,00,00,01,04,FF,01,
23378676,00000365,false,Rx,0,8,C1,C6,17,40,8E,02,AC,7A,
23378689,00000121,false,Rx,0,8,F3,09,00,40,39,57,7E,FE,
23378702,0000032A,false,Rx,0,8,0E,08,00,00,44,04,00,00,
23388536,000000B2,false,Rx,0,8,00,00,00,00,00,00,00,00,
23388564,00000101,false,Rx,0,8,FA,0A,7D,F3,A1,0C,40,00,
23388692,00000106,false,Rx,0,8,1A,8A,B5,04,08,00,F3,30,
23388706,0000011E,false,Rx,0,8,4D,0A,00,00,00,00,00,00,
23388719,00000117,false,Rx,0,8,40,05,00,40,68,00,00,FF,
23388732,00000380,false,Rx,0,8,0E,08,40,00,00,00,00,FF,
23388745,000003EC,false,Rx,0,8,C1,00,00,00,00,08,01,00,
23388758,000000A7,false,Rx,0,8,D2,14,20,80,FD,01,B8,3E,
23399385,00000381,false,Rx,0,8,FF,FF,FF,FF,FF,FF,FF,9F,
23399532,00000382,false,Rx,0,8,FF,FF,FF,FF,FF,FF,FF,9F,
23399548,000000B2,false,Rx,0,8,00,00,00,00,00,00,00,00,
23399561,000000FD,false,Rx,0,8,26,DA,1F,80,00,00,00,00,
23399574,00000104,false,Rx,0,8,6B,3A,A6,00,E6,00,20,40,
23399587,00000116,false,Rx,0,8,EA,0A,33,D2,28,62,87,FF,
23399601,00000392,false,Rx,0,8,00,2B,00,00,00,00,00,04,
23399614,0000065D,false,Rx,0,8,EE,3F,2B,10,00,00,62,7A,
23410284,000000B2,false,Rx,0,8,00,00,00,00,00,00,00,00,
23411202,00000108,false,Rx,0,8,FF,18,D1,24,57,FE,00,00,
23411217,00000101,false,Rx,0,8,9E,0B,7D,F3,A1,0C,40,00,
23411231,00000106,false,Rx,0,8,7E,8B,B5,04,08,00,F3,30,
23411244,0000011E,false,Rx,0,8,29,0B,00,00,00,00,00,00,
23411257,000001AB,false,Rx,0,8,22,0E,00,02,00,00,05,00,
23411283,0000030D,false,Rx,0,4,00,00,00,00,00,00,00,00,
23411296,0000064A,false,Rx,0,4,00,00,00,00,00,00,00,00,
23411310,1A555521,true,Rx,0,8,00,00,0A,00,00,00,00,00,
23418496,00000395,false,Rx,0,8,18,0F,24,06,B4,41,50,1C,
23418530,00000117,false,Rx,0,8,EC,06,00,40,68,00,00,FF,
23418543,000000A7,false,Rx,0,8,3A,16,20,80,FD,01,B8,3E,
23418556,000000A8,false,Rx,0,8,E2,B6,1E,98,80,64,DC,0D,
23418570,00000120,false,Rx,0,8,21,0B,00,00,01,04,FF,01,
23418583,00000121,false,Rx,0,8,3D,0B,00,40,39,57,7E,FE,
23418596,0000009F,false,Rx,0,8,E5,38,1D,80,03,11,00,40,
23418609,00000086,false,Rx,0,8,AF,08,2C,20,00,00,00,00,
23429596,000000B2,false,Rx,0,8,00,00,00,00,00,00,00,00,
23429621,00000101,false,Rx,0,8,16,0C,7D,F2,A1,0A,40,00,
23429635,00000106,false,Rx,0,8,6D,8C,B5,04,08,00,F3,30,
23429649,0000030B,false,Rx,0,8,10,0F,02,00,08,00,00,00,
23429661,0000011E,false,Rx,0,8,3A,0C,00,00,00,00,00,00,
23429678,00000040,false,Rx,0,8,55,00,00,00,C1,00,00,00,
23429692,00000117,false,Rx,0,8,88,07,00,40,68,00,00,FF,
23429705,000000A7,false,Rx,0,8,FE,18,20,80,FD,01,B8,3E,
23438550,000000B2,false,Rx,0,8,00,00,00,00,00,00,00,00,
23438574,000000FD,false,Rx,0,8,90,DC,1F,80,00,00,00,00,
23438587,00000104,false,Rx,0,8,F3,3C,A6,00,E6,00,00,40,
23438601,00000116,false,Rx,0,8,9D,0C,33,D2,28,62,87,FF,
23438614,0000012E,false,Rx,0,8,05,E8,7F,00,FE,00,C0,FF,
23438627,000000A7,false,Rx,0,8,D0,19,20,80,FD,01,C8,3E,
23438811,000000A8,false,Rx,0,8,59,C9,3E,D8,80,64,E0,0D,
23438850,000003E5,false,Rx,0,8,63,1D,00,00,00,00,00,00,
23446186,000000B2,false,Rx,0,8,00,00,00,00,00,00,00,00,
23446210,00000101,false,Rx,0,8,72,0D,7D,F2,A1,0A,40,00,
23446223,00000106,false,Rx,0,8,09,8D,B5,04,08,00,F3,30,
23446237,0000011E,false,Rx,0,8,5E,0D,00,00,00,00,00,00,
23446250,000002B7,false,Rx,0,8,DC,00,00,00,00,00,00,00,
23446263,00000117,false,Rx,0,8,CA,08,00,40,68,00,00,FF,
23446276,000000A7,false,Rx,0,8,D6,1A,20,80,FD,01,C8,3E,
23446289,000000A8,false,Rx,0,8,06,CA,3E,D8,80,64,E0,0D,
23448338,0000009F,false,Rx,0,8,5A,3C,1D,80,03,11,00,40,
23448352,00000086,false,Rx,0,8,E4,0C,2D,20,00,00,00,00,
23449339,00000497,false,Rx,0,8,00,40,00,00,64,46,00,20,
23459789,0000012E,false,Rx,0,8,79,E9,7F,00,FE,00,C0,FF,
23460000,000000A7,false,Rx,0,8,B8,1B,20,80,FD,01,C8,3E,
23460014,000000A8,false,Rx,0,8,CB,CB,3E,D8,80,64,E0,0D,
23460028,0000011D,false,Rx,0,8,9F,0F,00,C8,00,00,00,00,
23460041,00000086,false,Rx,0,8,74,0D,2C,20,00,00,00,00,
23460075,0000009F,false,Rx,0,8,3E,3D,1D,80,03,11,00,40,
23468087,000000B2,false,Rx,0,8,00,00,00,00,00,00,00,00,
23468116,00000101,false,Rx,0,8,DE,0E,7D,F2,A1,0A,40,00,
23468132,00000106,false,Rx,0,8,A5,8E,B5,04,08,00,F3,30,
23468145,0000011E,false,Rx,0,8,F2,0E,00,00,00,00,00,00,
23468158,0000031B,false,Rx,0,8,EE,08,00,00,00,63,15,00,
23468172,00000117,false,Rx,0,8,AE,09,00,40,68,00,00,FF,
23468185,000000AD,false,Rx,0,8,35,E7,BF,FF,00,14,00,00,
23468198,00000380,false,Rx,0,8,6A,09,40,00,00,00,00,FF,
23477142,00000381,false,Rx,0,8,FF,FF,FF,FF,FF,FF,FF,AF,
23477171,00000382,false,Rx,0,8,FF,FF,FF,FF,FF,FF,FF,AF,
23479180,00000584,false,Rx,0,6,C0,08,00,00,00,00,00,00,
23479195,000005F0,false,Rx,0,8,64,E4,64,00,00,64,00,00,
23479209,000000B2,false,Rx,0,8,00,00,00,00,00,00,00,00,
23479296,000000FD,false,Rx,0,8,E6,DE,1F,80,00,00,00,00,
23479309,00000104,false,Rx,0,8,3B,3E,A6,00,E6,00,00,40,
23485633,00000116,false,Rx,0,8,55,0E,33,D2,28,62,87,FF,
23485814,0000030B,false,Rx,0,8,10,00,02,00,08,00,00,00,
23485830,1B000010,true,Rx,0,8,10,00,04,05,09,00,00,00,
23485843,00000040,false,Rx,0,8,31,01,00,00,C1,00,00,00,
23485856,0000012E,false,Rx,0,8,25,EA,7F,00,FE,00,C0,FF,
23485869,00000520,false,Rx,0,8,AA,08,00,08,00,0A,00,00,
23485910,000000A7,false,Rx,0,8,84,1D,60,80,FD,05,D8,3E,
23485923,00000108,false,Rx,0,8,53,1B,D1,24,57,FE,00,00,
23496065,00000121,false,Rx,0,8,F3,0F,00,00,39,57,7E,FE,
23496090,0000009F,false,Rx,0,8,44,30,1D,80,03,12,00,40,
23496228,00000086,false,Rx,0,8,FE,00,2C,20,00,00,00,00,
23496241,00000391,false,Rx,0,8,0D,66,23,40,00,28,00,22,
23496254,000003BE,false,Rx,0,8,AD,11,E6,51,C8,80,00,80,
23496267,000000B2,false,Rx,0,8,00,00,00,00,00,00,00,00,
23496280,000000FD,false,Rx,0,8,71,DF,1F,80,00,00,00,00,
23496294,00000104,false,Rx,0,8,5F,3F,A6,00,E6,00,00,40,
23504444,00000392,false,Rx,0,8,13,2C,00,00,00,00,00,04,
23504458,000002B7,false,Rx,0,8,8D,01,00,00,00,00,00,00,
23504472,000003DB,false,Rx,0,8,50,00,01,00,04,20,01,6E,
23504485,0000012E,false,Rx,0,8,D1,EB,7F,00,FE,00,C0,FF,
23504498,000000A7,false,Rx,0,8,42,1F,20,80,FD,01,D8,3E,
23504511,000000A8,false,Rx,0,8,76,DF,5E,18,81,64,DC,0D,
23504524,0000011D,false,Rx,0,8,B9,01,00,C8,00,00,00,00,
23504537,00000086,false,Rx,0,8,9A,01,2C,20,00,00,00,00,
23515306,000000A7,false,Rx,0,8,8B,10,20,80,FD,01,D8,3E,
23517058,000000A8,false,Rx,0,8,26,D0,5E,18,81,64,D8,0D,
23517077,00000120,false,Rx,0,8,3F,00,00,00,01,04,FF,01,
23517091,00000121,false,Rx,0,8,00,00,00,40,39,57,7E,FE,
23517104,0000009F,false,Rx,0,8,8C,32,1D,80,03,12,00,40,
23517117,00000086,false,Rx,0,8,36,02,2C,20,00,00,00,00,
23517130,000000B1,false,Rx,0,8,4D,2F,00,00,00,00,00,00,
23517143,000000B2,false,Rx,0,8,00,00,00,00,00,00,00,00,
23517156,000000FD,false,Rx,0,8,0B,D0,1F,80,00,00,00,00,
23526259,00000086,false,Rx,0,8,52,03,2C,20,00,00,00,00,
23526285,0000009F,false,Rx,0,8,E8,33,1D,80,03,12,00,40,
23526299,0000011D,false,Rx,0,8,15,02,00,C8,00,00,00,00,
23526312,000000B2,false,Rx,0,8,00,00,00,00,00,00,00,00,
23530960,00000101,false,Rx,0,8,68,01,7D,F2,A1,04,40,00,
23530989,00000106,false,Rx,0,8,E7,81,B5,04,08,00,F3,30,
23531020,0000030B,false,Rx,0,8,10,01,02,00,08,00,00,00,
23531033,0000011E,false,Rx,0,8,B0,01,00,00,00,00,00,00,
23531046,00000040,false,Rx,0,8,9D,02,00,00,C1,00,00,00,
23531059,00000117,false,Rx,0,8,75,0C,00,40,68,00,00,FF,
23531072,000000A7,false,Rx,0,8,77,12,20,80,FD,01,D8,3E,
23531085,000000A8,false,Rx,0,8,C0,D2,5E,18,81,64,D0,0D,
23536453,0000012E,false,Rx,0,8,58,ED,7F,00,FE,00,C0,FF,
23536470,000000A7,false,Rx,0,8,F6,13,20,80,FD,01,D8,3E,
23536483,000000A8,false,Rx,0,8,2F,D3,5E,18,81,64,D0,0D,
23536496,1B000012,true,Rx,0,8,12,00,04,01,11,00,00,00,
23536510,000003E5,false,Rx,0,8,E1,1E,00,00,00,00,00,00,
23537338,0000011D,false,Rx,0,8,71,03,00,C8,00,00,00,00,
23537352,00000086,false,Rx,0,8,25,05,2C,20,00,00,00,00,
23537365,0000009F,false,Rx,0,8,9F,35,1D,80,03,12,00,40,
23547158,000000B2,false,Rx,0,8,00,00,00,00,00,00,00,00,
23547188,00000101,false,Rx,0,8,71,02,7D,F2,A1,05,40,00,
23547202,00000106,false,Rx,0,8,4B,82,B5,04,08,00,F3,30,
23547215,0000011E,false,Rx,0,8,1C,02,00,00,00,00,00,00,
23547229,000002B7,false,Rx,0,8,55,02,00,00,00,00,00,00,
23547242,00000117,false,Rx,0,8,11,0D,00,40,68,00,00,FF,
23547255,00000380,false,Rx,0,8,C6,0A,40,00,00,00,00,FF,
23547268,000000A7,false,Rx,0,8,CC,14,20,80,FD,01,D8,3E,
23549668,00000086,false,Rx,0,8,89,06,2C,20,00,00,00,00,
23549682,00000381,false,Rx,0,8,FF,FF,FF,FF,FF,FF,FF,BF,
23549695,00000382,false,Rx,0,8,FF,FF,FF,FF,FF,FF,FF,BF,
23550339,00000497,false,Rx,0,8,00,40,00,00,64,46,00,20,
23565216,17330A10,true,Rx,0,8,32,93,FF,FF,FF,FF,EE,EE,
23565247,000000A7,false,Rx,0,8,AE,15,60,80,FD,01,D8,3E,
23565263,000000A8,false,Rx,0,8,E9,D5,5E,18,81,64,D0,0D,
23565276,000006B4,false,Rx,0,8,00,F2,F6,7B,AC,57,56,57,
23565290,0000011D,false,Rx,0,8,62,04,00,C8,00,00,00,00,
23565303,00000086,false,Rx,0,8,ED,07,2C,20,00,00,00,00,
23565316,0000009F,false,Rx,0,8,57,37,1D,80,03,12,00,40,
23573925,000000B2,false,Rx,0,8,00,00,00,00,00,00,00,00,
23573940,00000101,false,Rx,0,8,11,03,7D,F2,A1,08,40,00,
23574074,00000106,false,Rx,0,8,2F,83,B5,04,08,00,F3,30,
23574087,0000011E,false,Rx,0,8,78,03,00,00,00,00,00,00,
23574100,0000031B,false,Rx,0,8,35,0A,00,00,00,63,15,00,
23574114,00000117,false,Rx,0,8,BD,0E,00,40,68,00,00,FF,
23574127,000000AD,false,Rx,0,8,86,E1,BF,FF,00,14,00,00,
23574161,000000A7,false,Rx,0,8,3D,16,60,80,FD,01,D8,3E,
23582047,000000B2,false,Rx,0,8,00,00,00,00,00,00,00,00,
23582062,000000FD,false,Rx,0,8,BB,D3,1F,80,00,00,00,00,
23582075,00000104,false,Rx,0,8,B1,33,A6,00,E6,00,00,40,
23582088,0000030B,false,Rx,0,8,10,02,02,00,08,00,00,00,
23582101,00000116,false,Rx,0,8,DF,03,33,D2,28,62,87,FF,
23582114,00000040,false,Rx,0,8,F9,03,00,00,C1,00,00,00,
23582127,0000012E,false,Rx,0,8,85,EF,7F,00,FE,00,C0,FF,
23582140,000000A7,false,Rx,0,8,B4,17,60,80,FD,01,D8,3E,
23585294,00000117,false,Rx,0,8,D9,0F,00,40,68,00,00,FF,
23585307,000003EC,false,Rx,0,8,C1,00,00,00,00,08,01,00,
23585320,000000A7,false,Rx,0,8,E0,18,20,80,FD,01,D8,3E,
23585340,000000A8,false,Rx,0,8,EE,D8,5E,18,81,64,D0,0D,
23586395,0000011B,false,Rx,0,8,00,20,00,00,00,00,00,00,
23597762,0000009F,false,Rx,0,8,2D,3A,1D,80,03,11,00,40,
23597793,00000086,false,Rx,0,8,67,0A,2C,20,00,00,00,00,
23597809,00000391,false,Rx,0,8,0D,66,23,3F,00,28,00,22,
23597822,000003BE,false,Rx,0,8,C2,12,E6,51,C8,80,00,80,
23597835,000000B2,false,Rx,0,8,00,00,00,00,00,00,00,00,
23597848,000000FD,false,Rx,0,8,2D,D4,1F,80,00,00,00,00,
23597861,00000104,false,Rx,0,8,A2,34,A6,00,E6,00,00,40,
23597874,00000116,false,Rx,0,8,CC,04,33,D2,28,62,87,FF,
23606068,000000B2,false,Rx,0,8,00,00,00,00,00,00,00,00,
23606091,00000108,false,Rx,0,8,AE,10,D1,24,57,FE,00,00,
23606104,00000101,false,Rx,0,8,FD,05,7D,F3,A1,0E,40,00,
23606117,00000106,false,Rx,0,8,58,85,B5,04,08,00,F3,30,
23606131,00000395,false,Rx,0,8,18,03,24,06,B4,41,50,1C,
23606144,0000011E,false,Rx,0,8,0F,05,00,00,00,00,00,00,
23606157,000001AB,false,Rx,0,8,6C,0F,00,02,00,00,05,00,
23606170,0000030D,false,Rx,0,4,00,00,00,00,00,00,00,00,
23616295,0000009F,false,Rx,0,8,EF,3C,1D,80,03,10,00,40,
23616320,00000086,false,Rx,0,8,10,0C,2C,20,00,00,00,00,
23619140,000000B1,false,Rx,0,8,13,20,00,00,00,00,00,00,
23619153,000000B2,false,Rx,0,8,00,00,00,00,00,00,00,00,
23619166,000000FD,false,Rx,0,8,B7,D5,1F,80,00,00,00,00,
23619180,000003C8,false,Rx,0,8,00,00,54,24,00,12,00,4E,
23619193,00000104,false,Rx,0,8,C6,35,A6,00,E6,00,00,40,
23619206,00000116,false,Rx,0,8,A8,05,33,D2,28,62,87,FF,
23619219,000001A2,false,Rx,0,8,C3,06,10,00,E1,06,80,13,
23619232,0000031B,false,Rx,0,8,FA,0B,00,00,00,63,15,00,
23629308,00000086,false,Rx,0,8,74,0D,2C,20,00,00,00,00,
23631378,0000009F,false,Rx,0,8,8B,3D,1D,80,03,10,00,40,
23631412,0000011D,false,Rx,0,8,CE,07,00,C8,00,00,00,00,
23631425,000000B2,false,Rx,0,8,00,00,00,00,00,00,00,00,
23631556,00000101,false,Rx,0,8,3A,06,7D,F2,A1,0B,40,00,
23631570,00000106,false,Rx,0,8,F4,86,B5,04,08,00,F3,30,
23631583,0000030B,false,Rx,0,8,10,03,02,00,08,00,00,00,
23631596,0000011E,false,Rx,0,8,A3,06,00,00,00,00,00,00,
23631609,00000040,false,Rx,0,8,EA,04,00,00,C1,00,00,00,
23639946,0000012E,false,Rx,0,8,6B,E2,7F,00,FE,00,C0,FF,
23639975,000000A7,false,Rx,0,8,F7,1D,20,80,FD,01,C8,3E,
23639991,000000A8,false,Rx,0,8,3B,CD,5E,D8,80,64,D8,0D,
23640004,000003E5,false,Rx,0,8,D1,1F,00,00,00,00,00,00,
23640017,0000011D,false,Rx,0,8,8C,08,00,C8,00,00,00,00,
23640030,00000086,false,Rx,0,8,BC,0F,2C,20,00,00,00,00,
23640043,0000009F,false,Rx,0,8,43,3F,1D,80,03,10,00,40,
23642891,000000B2,false,Rx,0,8,00,00,00,00,00,00,00,00,
23642908,00000101,false,Rx,0,8,AA,07,7D,F2,A1,05,40,00,
23642921,00000106,false,Rx,0,8,90,87,B5,04,08,00,F3,30,
23642934,0000011E,false,Rx,0,8,C7,07,00,00,00,00,00,00,
23644339,000002B7,false,Rx,0,8,BC,04,00,00,00,00,00,00,
23667930,000000B2,false,Rx,0,8,00,00,00,00,00,00,00,00,
23667961,00000101,false,Rx,0,8,59,08,7D,F2,A1,09,40,00,
23667976,00000106,false,Rx,0,8,D2,88,B5,04,08,00,F3,30,
23667989,0000011E,false,Rx,0,8,85,08,00,00,00,00,00,00,
23668002,0000031B,false,Rx,0,8,C3,0C,00,00,00,63,15,00,
23668015,00000117,false,Rx,0,8,37,03,00,40,68,00,00,FF,
23668028,000000AD,false,Rx,0,8,42,EB,BF,FF,00,14,00,00,
23668041,000000A7,false,Rx,0,8,6B,10,20,80,FD,01,C8,3E,
23678926,00000584,false,Rx,0,6,94,09,00,00,00,00,00,00,
23678951,000005F0,false,Rx,0,8,64,E4,64,00,00,64,00,00,
23678964,000000B2,false,Rx,0,8,00,00,00,00,00,00,00,00,
23678978,000000FD,false,Rx,0,8,58,D8,1F,80,00,00,00,00,
23678991,00000104,false,Rx,0,8,4C,38,A6,00,E6,00,00,40,
23679004,00000116,false,Rx,0,8,22,08,33,D2,28,62,87,FF,
23679017,0000030B,false,Rx,0,8,10,04,02,00,08,00,00,00,
23679030,1B000010,true,Rx,0,8,10,00,04,05,09,00,00,00,
23687885,000000B2,false,Rx,0,8,00,00,00,00,00,00,00,00,
23688039,00000101,false,Rx,0,8,CD,09,7D,F2,A1,0A,40,00,
23688055,00000106,false,Rx,0,8,B6,89,B5,04,08,00,F3,30,
23688068,0000011E,false,Rx,0,8,E1,09,00,00,00,00,00,00,
23688082,00000117,false,Rx,0,8,24,04,00,40,68,00,00,FF,
23688094,000000A7,false,Rx,0,8,97,12,20,80,FD,01,C8,3E,
23688108,000000A8,false,Rx,0,8,B0,C2,5E,D8,80,64,D4,0D,
23688121,0000011B,false,Rx,0,8,00,20,00,00,00,00,00,00,
23699700,00000640,false,Rx,0,8,A0,51,4F,97,80,A0,59,01,
23699734,0000065F,false,Rx,0,8,2E,20,00,00,00,00,37,7A,
23699750,000000B2,false,Rx,0,8,00,00,00,00,00,00,00,00,
23699763,00000670,false,Rx,0,8,20,10,00,00,00,01,00,88,
23699776,000000FD,false,Rx,0,8,6A,D9,1F,80,00,00,00,00,
23699790,00000104,false,Rx,0,8,28,39,A6,00,E6,00,00,40,
23699803,00000116,false,Rx,0,8,46,09,33,D2,28,62,87,FF,
23699816,00000392,false,Rx,0,8,DB,2E,00,00,00,00,00,04,
23710622,000000B2,false,Rx,0,8,00,00,00,00,00,00,00,00,
23710792,00000108,false,Rx,0,8,11,14,D1,24,57,FE,00,00,
23710808,00000101,false,Rx,0,8,61,0A,7D,F2,A1,0A,40,00,
23710821,00000106,false,Rx,0,8,1A,8A,B5,04,08,00,F3,30,
23710835,0000011E,false,Rx,0,8,4D,0A,00,00,00,00,00,00,
23710847,0000030D,false,Rx,0,4,00,00,00,00,00,00,00,00,
23710860,00000395,false,Rx,0,8,18,0D,24,06,B4,41,50,1C,
23710873,00000117,false,Rx,0,8,40,05,00,40,68,00,00,FF,
23722138,00000116,false,Rx,0,8,EA,0A,33,D2,28,62,87,FF,
23722173,0000031B,false,Rx,0,8,C8,0D,00,00,00,63,15,00,
23722189,0000012E,false,Rx,0,8,7F,E6,7F,00,FE,00,C0,FF,
23722202,000000AD,false,Rx,0,8,48,E0,BF,FF,00,14,00,00,
23722215,00000668,false,Rx,0,8,82,00,00,29,00,03,31,01,
23722228,000000A7,false,Rx,0,8,57,15,20,80,FD,01,C8,3E,
23722241,000000A8,false,Rx,0,8,3B,C5,5E,18,81,64,D8,0D,
23722255,00000365,false,Rx,0,8,C1,C6,18,40,8F,02,AC,7A,
23731017,00000101,false,Rx,0,8,05,0B,7D,F2,A1,0A,40,00,
23731031,00000106,false,Rx,0,8,7E,8B,B5,04,08,00,F3,30,
23731045,0000030B,false,Rx,0,8,10,05,02,00,08,00,00,00,
23731058,0000011E,false,Rx,0,8,29,0B,00,00,00,00,00,00,
23731071,00000040,false,Rx,0,8,22,06,00,00,C1,00,00,00,
23731084,00000117,false,Rx,0,8,EC,06,00,40,68,00,00,FF,
23731097,000000A7,false,Rx,0,8,C4,16,20,80,FD,01,C8,3E,
23731110,000000A8,false,Rx,0,8,0B,C6,5E,18,81,64,D8,0D,
23736981,0000012E,false,Rx,0,8,6C,E7,7F,00,FE,00,C0,FF,
23737003,1B000012,true,Rx,0,8,12,00,04,01,11,00,00,00,
23737017,000000A7,false,Rx,0,8,4D,17,20,80,FD,01,C8,3E,
23737041,000003E5,false,Rx,0,8,3A,10,00,00,00,00,00,00,
23737054,000000A8,false,Rx,0,8,56,C7,5E,18,81,64,D4,0D,
23737068,0000011D,false,Rx,0,8,57,0D,00,C8,00,00,00,00,
23737080,00000086,false,Rx,0,8,CB,09,2C,20,00,00,00,00,
23737342,0000009F,false,Rx,0,8,34,39,1D,80,03,10,00,40,
23748243,000000B2,false,Rx,0,8,00,00,00,00,00,00,00,00,
23749895,00000101,false,Rx,0,8,D9,0C,7D,F2,A1,0C,40,00,
23749926,00000106,false,Rx,0,8,6D,8C,B5,04,08,00,F3,30,
23749939,0000011E,false,Rx,0,8,3A,0C,00,00,00,00,00,00,
23750091,000002B7,false,Rx,0,8,92,06,00,00,00,00,00,00,
23750104,00000117,false,Rx,0,8,88,07,00,40,68,00,00,FF,
23750117,000000A7,false,Rx,0,8,00,18,20,80,FD,01,C8,3E,
23750130,000000A8,false,Rx,0,8,3C,C8,5E,18,81,64,D8,0D,
23750143,00000120,false,Rx,0,8,FB,0C,00,00,01,04,FF,01,
23756098,00000108,false,Rx,0,8,D9,16,D1,24,57,FE,00,00,
23756118,000000FD,false,Rx,0,8,90,DC,1F,80,00,00,00,00,
23756131,00000104,false,Rx,0,8,F3,3C,A6,00,E6,00,00,40,
23756144,00000116,false,Rx,0,8,9D,0C,33,D2,28,62,87,FF,
23756157,0000030D,false,Rx,0,4,00,00,00,00,00,00,00,00,
23756170,0000012E,false,Rx,0,8,05,E8,7F,00,FE,00,C0,FF,
23756183,000000A7,false,Rx,0,8,D0,19,20,80,FD,01,C8,3E,
23756196,000000A8,false,Rx,0,8,4E,C9,5E,18,81,64,D8,0D,
23756850,000006B4,false,Rx,0,8,01,5A,5A,5A,41,55,5A,48,
23769750,000000B2,false,Rx,0,8,00,00,00,00,00,00,00,00,
23769782,00000101,false,Rx,0,8,72,0D,7D,F2,A1,0A,40,00,
23769796,00000106,false,Rx,0,8,09,8D,B5,04,08,00,F3,30,
23769810,0000011E,false,Rx,0,8,5E,0D,00,00,00,00,00,00,
23769822,0000031B,false,Rx,0,8,8D,0E,00,00,00,63,15,00,
23769836,00000117,false,Rx,0,8,CA,08,00,40,68,00,00,FF,
23769849,000000AD,false,Rx,0,8,74,E5,BF,FF,00,14,00,00,
23769862,000000A7,false,Rx,0,8,D6,1A,20,80,FD,01,C8,3E,
23779928,000000B2,false,Rx,0,8,00,00,00,00,00,00,00,00,
23779957,000000FD,false,Rx,0,8,19,DD,1F,80,00,00,00,00,
23779974,00000104,false,Rx,0,8,97,3D,A6,00,E6,00,00,40,
23779987,0000030B,false,Rx,0,8,10,06,02,00,08,00,00,00,
23780000,00000116,false,Rx,0,8,F9,0D,33,D2,28,62,87,FF,
23780013,00000040,false,Rx,0,8,46,07,00,00,C1,00,00,00,
23780027,0000012E,false,Rx,0,8,79,E9,7F,00,FE,00,C0,FF,
23780040,000000A7,false,Rx,0,8,B8,1B,20,80,FD,01,C8,3E,
23789203,000000B2,false,Rx,0,8,00,00,00,00,00,00,00,00,
23789269,00000101,false,Rx,0,8,2E,0E,7D,F2,A1,09,40,00,
23789285,00000106,false,Rx,0,8,8F,8E,B5,04,08,00,F4,30,
23789298,0000011E,false,Rx,0,8,F2,0E,00,00,00,00,00,00,
23789311,00000117,false,Rx,0,8,AE,09,00,40,68,00,00,FF,
23795447,00000380,false,Rx,0,8,D5,0D,40,00,00,00,00,FF,
23795476,000003EC,false,Rx,0,8,C1,00,00,00,00,08,01,00,
23795490,000000A7,false,Rx,0,8,07,1C,20,80,FD,01,C8,3E,
23795629,000000A8,false,Rx,0,8,B2,CC,5E,18,81,64,D0,0D,
23795642,0000011B,false,Rx,0,8,00,20,00,00,00,00,00,00,
23795655,00000120,false,Rx,0,8,20,0E,00,00,01,04,FF,01,
23795668,00000121,false,Rx,0,8,78,0E,00,40,39,57,7E,FE,
23795681,0000009F,false,Rx,0,8,27,3E,1D,80,03,10,00,40,
23805583,0000011D,false,Rx,0,8,DD,00,00,C8,00,00,00,00,
23805612,00000086,false,Rx,0,8,BC,0F,2C,20,00,00,00,00,
23805710,0000009F,false,Rx,0,8,43,3F,1D,80,03,10,00,40,
23805723,000000B2,false,Rx,0,8,00,00,00,00,00,00,00,00,
23805736,00000108,false,Rx,0,8,FF,18,D1,24,57,FE,00,00,
23805749,00000101,false,Rx,0,8,0F,0F,7D,F2,A1,0B,40,00,
23805763,00000106,false,Rx,0,8,EB,8F,B5,04,08,00,F4,30,
23805775,0000011E,false,Rx,0,8,96,0F,00,00,00,00,00,00,
23805829,00000117,false,Rx,0,8,02,0A,00,40,68,00,00,FF,
23814217,000000A7,false,Rx,0,8,7C,1E,20,80,FD,01,C8,3E,
23817291,000000A8,false,Rx,0,8,F3,CE,5E,18,81,64,C0,0D,
23817312,00000120,false,Rx,0,8,F5,0F,00,00,01,04,FF,01,
23820455,00000121,false,Rx,0,8,CE,0F,00,40,39,57,7E,FE,
23820483,0000009F,false,Rx,0,8,01,30,1D,80,03,10,00,40,
23820496,00000086,false,Rx,0,8,FE,00,2C,20,00,00,00,00,
23820509,000000B1,false,Rx,0,8,D9,22,00,00,00,00,00,00,
23820522,000000B2,false,Rx,0,8,00,00,00,00,00,00,00,00,
23820536,000003C8,false,Rx,0,8,00,00,54,24,00,12,00,4D,
23820549,000000FD,false,Rx,0,8,71,DF,1F,80,00,00,00,00,
23820562,00000104,false,Rx,0,8,5F,3F,A6,00,E6,00,00,40,
23829514,0000030B,false,Rx,0,8,10,07,02,00,08,00,00,00,
23829540,0000011E,false,Rx,0,8,D4,00,00,00,00,00,00,00,
23829621,17332610,true,Rx,0,8,39,82,03,00,26,00,03,02,
23829634,00000040,false,Rx,0,8,04,08,00,00,C1,00,00,00,
23829647,00000117,false,Rx,0,8,66,0B,00,40,68,00,00,FF,
23829660,000000A7,false,Rx,0,8,F8,10,60,80,FD,05,C8,3E,
23829673,00000108,false,Rx,0,8,9B,19,D1,24,57,FE,00,00,
23829686,000000A8,false,Rx,0,8,70,C0,5E,D8,80,64,B8,0D,
23838552,000000B2,false,Rx,0,8,00,00,00,00,00,00,00,00,
23838575,000000FD,false,Rx,0,8,0B,D0,1F,80,00,00,00,00,
23838671,00000104,false,Rx,0,8,1D,30,A6,00,E6,00,00,40,
23838684,00000116,false,Rx,0,8,73,00,33,D2,28,62,87,FF,
23838697,0000012E,false,Rx,0,8,72,EC,7F,00,FE,00,C0,FF,
23838711,000000A7,false,Rx,0,8,70,11,60,80,FD,05,C8,3E,
23838724,000000A8,false,Rx,0,8,BC,C1,5E,D8,80,64,C4,0D,
23838737,000003E5,false,Rx,0,8,7B,11,00,00,00,00,00,00,
23847077,000000B2,false,Rx,0,8,00,00,00,00,00,00,00,00,
23847102,00000101,false,Rx,0,8,12,01,7D,F2,A1,03,40,00,
23847208,00000106,false,Rx,0,8,E7,81,B5,04,08,00,F3,30,
23847221,0000011E,false,Rx,0,8,B0,01,00,00,00,00,00,00,
23847234,000002B7,false,Rx,0,8,12,08,00,00,00,00,00,00,
23847248,00000117,false,Rx,0,8,75,0C,00,40,68,00,00,FF,
23847261,000000A7,false,Rx,0,8,04,12,60,80,FD,05,C8,3E,
23847274,000000A8,false,Rx,0,8,50,C2,5E,D8,80,64,C4,0D,
23854915,00000086,false,Rx,0,8,B5,04,2D,20,00,00,00,00,
23854963,00000497,false,Rx,0,8,00,40,00,00,64,46,00,20,
23854977,000000B2,false,Rx,0,8,00,00,00,00,00,00,00,00,
23854990,00000108,false,Rx,0,8,37,1A,D1,24,57,FE,00,00,
23855003,000000FD,false,Rx,0,8,01,D1,1F,80,00,00,00,00,
23855016,00000104,false,Rx,0,8,79,31,A6,00,E6,00,00,40,
23855029,00000116,false,Rx,0,8,17,01,33,D2,28,62,87,FF,
23855042,0000030D,false,Rx,0,4,00,00,00,00,00,00,00,00,
23858256,000000A8,false,Rx,0,8,87,C3,5E,D8,80,64,C0,0D,
23858273,0000011D,false,Rx,0,8,71,03,00,C8,00,00,00,00,
23858286,00000086,false,Rx,0,8,25,05,2C,20,00,00,00,00,
23858299,0000009F,false,Rx,0,8,DA,35,1D,80,03,10,00,40,
23860439,000000B2,false,Rx,0,8,00,00,00,00,00,00,00,00,
23870993,00000106,false,Rx,0,8,95,82,B4,04,08,00,F4,30,
23871030,0000011E,false,Rx,0,8,1C,02,00,00,00,00,00,00,
23871045,0000031B,false,Rx,0,8,44,00,00,00,00,63,15,00,
23871058,00000117,false,Rx,0,8,11,0D,00,40,68,00,00,FF,
23871071,000000AD,false,Rx,0,8,D5,EF,BF,FF,00,14,00,00,
23871084,00000380,false,Rx,0,8,79,0E,40,00,00,00,00,FF,
23871097,000000A7,false,Rx,0,8,BF,14,60,80,FD,05,C8,3E,
23871110,000000A8,false,Rx,0,8,2B,C4,5E,D8,80,64,C0,0D,
23881109,0000030B,false,Rx,0,8,10,08,02,00,08,00,00,00,
23881125,1B000010,true,Rx,0,8,10,00,04,05,09,00,00,00,
23881138,00000040,false,Rx,0,8,60,09,00,00,C1,00,00,00,
23881151,00000041,false,Rx,0,8,0B,0E,00,00,00,00,00,00,
23881165,0000012E,false,Rx,0,8,82,EE,7F,00,FE,00,C0,FF,
23881178,000000A7,false,Rx,0,8,C4,15,60,80,FD,05,C8,3E,
23881191,00000108,false,Rx,0,8,53,1B,D1,24,57,FE,00,00,
23881204,000000A8,false,Rx,0,8,79,C5,5E,D8,80,64,C4,0D,
23890973,00000117,false,Rx,0,8,BD,0E,00,40,68,00,00,FF,
23890995,000000A7,false,Rx,0,8,57,16,60,80,FD,05,C8,3E,
23891020,000000A8,false,Rx,0,8,01,C6,5E,D8,80,64,C8,0D,
23891033,0000011B,false,Rx,0,8,00,20,00,00,00,00,00,00,
23891046,00000120,false,Rx,0,8,E0,03,00,00,01,04,FF,01,
23891059,00000121,false,Rx,0,8,11,03,00,40,39,57,7E,FE,
23891072,0000009F,false,Rx,0,8,50,38,1D,80,03,10,00,40,
23891086,00000086,false,Rx,0,8,AF,08,2C,20,00,00,00,00,
23899300,00000392,false,Rx,0,8,FD,20,00,00,00,00,00,04,
23900481,17F00013,true,Rx,0,8,20,13,00,00,00,00,00,80,
23900497,000002B7,false,Rx,0,8,7D,09,00,00,00,00,00,00,
23900510,000003DB,false,Rx,0,8,50,00,01,00,04,20,01,6E,
23900627,0000012E,false,Rx,0,8,85,EF,7F,00,FE,00,C0,FF,
23900640,000000A7,false,Rx,0,8,DE,17,60,80,FD,05,C8,3E,
23900653,000000A8,false,Rx,0,8,14,C7,5E,D8,80,64,C8,0D,
23900666,0000011D,false,Rx,0,8,06,05,00,C8,00,00,00,00,
23900679,00000086,false,Rx,0,8,CB,09,2C,20,00,00,00,00,
23910666,00000106,false,Rx,0,8,84,84,B2,04,08,00,F4,30,
23910689,0000011E,false,Rx,0,8,6B,04,00,00,00,00,00,00,
23910703,0000030D,false,Rx,0,4,00,00,00,00,00,00,00,00,
23910823,0000064A,false,Rx,0,4,00,00,00,00,00,00,00,00,
23910836,00000395,false,Rx,0,8,18,01,24,06,B4,41,50,1C,
23910849,00000117,false,Rx,0,8,D9,0F,00,40,68,00,00,FF,
23910862,000000A7,false,Rx,0,8,93,18,60,80,FD,05,C8,3E,
23910875,000000A8,false,Rx,0,8,36,C8,5E,D8,80,64,C8,0D,
23919423,00000116,false,Rx,0,8,CC,04,33,D2,28,62,87,FF,
23919447,0000031B,false,Rx,0,8,92,01,00,00,00,63,15,00,
23919547,0000012E,false,Rx,0,8,AC,E0,7F,00,FE,00,C0,FF,
23919560,000000AD,false,Rx,0,8,41,E4,BF,FF,00,14,00,00,
23919573,00000668,false,Rx,0,8,82,00,00,29,00,03,31,01,
23919586,000000A7,false,Rx,0,8,43,19,60,80,FD,05,C8,3E,
23919599,000000A8,false,Rx,0,8,44,C9,5E,D8,80,64,C8,0D,
23919612,00000365,false,Rx,0,8,C0,C6,18,40,8F,02,AC,7A,
23927603,000000B2,false,Rx,0,8,00,00,00,00,00,00,00,00,
23927627,00000101,false,Rx,0,8,A5,05,7E,F2,A1,0B,40,00,
23927770,00000106,false,Rx,0,8,02,85,AF,04,08,00,F4,30,
23927783,0000030B,false,Rx,0,8,10,09,02,00,08,00,00,00,
23927797,0000011E,false,Rx,0,8,0F,05,00,00,00,00,00,00,
23927809,00000040,false,Rx,0,8,CC,0A,00,00,C1,00,00,00,
23927823,00000117,false,Rx,0,8,9B,00,00,40,68,00,00,FF,
23927836,000000A7,false,Rx,0,8,D6,1A,20,80,FD,01,C8,3E,
23936062,00000120,false,Rx,0,8,B4,05,00,00,01,04,FF,01,
23936093,00000121,false,Rx,0,8,9B,05,00,40,39,57,7E,FE,
23936107,0000009F,false,Rx,0,8,D8,3C,1D,80,03,0F,00,40,
23936120,00000086,false,Rx,0,8,10,0C,2C,20,00,00,00,00,
23936133,000000B2,false,Rx,0,8,00,00,00,00,00,00,00,00,
23936146,000000FD,false,Rx,0,8,B7,D5,1F,80,00,00,00,00,
23936159,00000104,false,Rx,0,8,C6,35,A6,00,E6,00,00,40,
23936172,00000116,false,Rx,0,8,A8,05,33,D2,28,62,87,FF,
23945300,0000011D,false,Rx,0,8,CE,07,00,C8,00,00,00,00,
23946072,00000086,false,Rx,0,8,74,0D,2C,20,00,00,00,00,
23946087,0000009F,false,Rx,0,8,BC,3D,1D,80,03,0F,00,40,
23946101,000000B2,false,Rx,0,8,00,00,00,00,00,00,00,00,
23946114,00000101,false,Rx,0,8,BC,06,7E,F2,A1,0A,40,00,
23946127,00000106,false,Rx,0,8,69,86,AD,04,08,00,F4,30,
23946140,0000011E,false,Rx,0,8,A3,06,00,00,00,00,00,00,
23946153,000002B7,false,Rx,0,8,73,0A,00,00,00,00,00,00,
23946166,00000117,false,Rx,0,8,FF,01,00,40,68,00,00,FF,
23956593,00000121,false,Rx,0,8,9C,06,00,40,39,57,7E,FE,
23956626,0000009F,false,Rx,0,8,10,3E,1D,80,03,0F,00,40,
23956640,00000086,false,Rx,0,8,D8,0E,2C,20,00,00,00,00,
23956653,00000381,false,Rx,0,8,FF,FF,FF,FF,FF,FF,FF,0F,
23956666,00000382,false,Rx,0,8,FF,FF,FF,FF,FF,FF,FF,0F,
23956679,00000497,false,Rx,0,8,00,40,00,00,64,46,00,20,
23956692,0000054B,false,Rx,0,8,00,00,00,00,00,00,00,24,
23956705,000000B2,false,Rx,0,8,00,00,00,00,00,00,00,00,
23961133,00000086,false,Rx,0,8,BC,0F,2C,20,00,00,00,00,
23961161,0000009F,false,Rx,0,8,74,3F,1D,80,03,0F,00,40,
23961185,000000B2,false,Rx,0,8,00,00,00,00,00,00,00,00,
23961198,00000101,false,Rx,0,8,D8,07,7E,F2,A1,0A,40,00,
23961211,00000106,false,Rx,0,8,6B,87,AB,04,08,00,F4,30,
23961225,0000011E,false,Rx,0,8,C7,07,00,00,00,00,00,00,
23973821,00000117,false,Rx,0,8,53,02,00,40,68,00,00,FF,
23973859,000000AD,false,Rx,0,8,A6,E9,BF,FF,00,14,00,00,
23973875,000000A7,false,Rx,0,8,65,1E,60,80,FD,01,C8,3E,
23973888,000000A8,false,Rx,0,8,C1,CE,5E,D8,80,64,D4,0D,
23973901,00000120,false,Rx,0,8,59,07,00,00,01,04,FF,01,
23973914,00000365,false,Rx,0,8,C0,C6,18,40,8E,02,AC,7A,
23973928,00000121,false,Rx,0,8,CF,07,00,40,39,57,7E,FE,
23973941,0000032A,false,Rx,0,8,E0,04,00,00,44,04,00,00,
23984777,0000012E,false,Rx,0,8,F2,E3,7F,00,FE,00,C0,FF,
23984804,000000A7,false,Rx,0,8,A2,1F,20,80,FD,01,C8,3E,
23984819,000000A8,false,Rx,0,8,06,CF,5E,D8,80,64,D8,0D,
23984832,00000108,false,Rx,0,8,EC,1F,D1,24,57,FE,00,00,
23984846,0000011D,false,Rx,0,8,E8,09,00,C8,00,00,00,00,
23984859,00000086,false,Rx,0,8,9A,01,2C,20,00,00,00,00,
23984872,0000009F,false,Rx,0,8,52,31,1D,80,03,0F,00,40,
23984885,000000B2,false,Rx,0,8,00,00,00,00,00,00,00,00,
23994939,000000A8,false,Rx,0,8,6E,C0,5E,D8,80,64,D8,0D,
23995120,0000011B,false,Rx,0,8,00,20,00,00,00,00,00,00,
23995136,00000120,false,Rx,0,8,00,08,00,00,01,04,FF,01,
23995149,00000121,false,Rx,0,8,0C,08,00,40,39,57,7E,FE,
23995162,0000009F,false,Rx,0,8,FE,32,1D,80,03,0F,00,40,
23995175,00000086,false,Rx,0,8,36,02,2C,20,00,00,00,00,
23995188,00000391,false,Rx,0,8,0D,66,23,3E,00,28,00,22,
23995226,000003BE,false,Rx,0,8,A4,16,E6,51,C8,80,00,80,
24004854,00000392,false,Rx,0,8,99,21,00,00,00,00,00,04,
24004871,000002B7,false,Rx,0,8,05,0B,00,00,00,00,00,00,
24004909,000003DB,false,Rx,0,8,50,00,01,00,04,20,01,6E,
24004922,0000012E,false,Rx,0,8,D5,E4,7F,00,FE,00,C0,FF,
24004935,000000A7,false,Rx,0,8,E3,11,20,80,FD,01,C8,3E,
24004948,000000A8,false,Rx,0,8,14,C1,5E,D8,80,64,D8,0D,
24004961,0000011D,false,Rx,0,8,44,0A,00,C8,00,00,00,00,
24004974,00000086,false,Rx,0,8,52,03,2C,20,00,00,00,00,
24015516,00000120,false,Rx,0,8,56,09,00,00,01,04,FF,01,
24015539,00000121,false,Rx,0,8,F3,09,00,40,39,57,7E,FE,
24015553,0000009F,false,Rx,0,8,89,34,1D,80,03,0F,00,40,
24015566,00000086,false,Rx,0,8,41,04,2C,20,00,00,00,00,
24015579,000000B1,false,Rx,0,8,44,24,00,00,00,00,00,00,
24015592,000000B2,false,Rx,0,8,00,00,00,00,00,00,00,00,
24015605,000003C8,false,Rx,0,8,00,00,54,24,00,12,00,4D,
24015618,000000FD,false,Rx,0,8,6A,D9,1F,80,00,00,00,00,
24026896,0000032A,false,Rx,0,8,84,05,00,00,44,04,00,00,
24026927,00000086,false,Rx,0,8,25,05,2C,20,00,00,00,00,
24026942,0000009F,false,Rx,0,8,ED,35,1D,80,03,0F,00,40,
24026955,0000011D,false,Rx,0,8,20,0B,00,C8,00,00,00,00,
24026968,000000B2,false,Rx,0,8,00,00,00,00,00,00,00,00,
24026981,00000101,false,Rx,0,8,35,0A,7D,F3,A1,0A,40,00,
24027008,00000106,false,Rx,0,8,EA,8A,A5,04,08,00,F4,30,
24027021,0000030B,false,Rx,0,8,10,0B,02,00,08,00,00,00,
24037067,00000381,false,Rx,0,8,FF,FF,FF,FF,FF,FF,FF,1F,
24037089,00000382,false,Rx,0,8,FF,FF,FF,FF,FF,FF,FF,1F,
24037103,000000B2,false,Rx,0,8,00,00,00,00,00,00,00,00,
24037118,17F00072,true,Rx,0,8,00,00,00,00,00,00,00,00,
24037131,000000FD,false,Rx,0,8,26,DA,1F,80,00,00,00,00,
24037144,00000104,false,Rx,0,8,84,3A,A6,00,E6,00,00,40,
24037157,00000126,false,Rx,0,8,C6,3E,00,00,03,FE,07,00,
24037170,00000116,false,Rx,0,8,EA,0A,33,D2,28,62,87,FF,
24046530,000000B2,false,Rx,0,8,00,00,00,00,00,00,00,00,
24046553,00000101,false,Rx,0,8,55,0B,7D,F3,A1,07,40,00,
24046566,00000106,false,Rx,0,8,E8,8B,A3,04,08,00,F4,30,
24046579,0000011E,false,Rx,0,8,29,0B,00,00,00,00,00,00,
24046593,000002B7,false,Rx,0,8,E6,0C,00,00,00,00,00,00,
24046606,00000117,false,Rx,0,8,EC,06,00,40,68,00,00,FF,
24046619,000000A7,false,Rx,0,8,C4,16,20,80,FD,01,C8,3E,
24046632,000000A8,false,Rx,0,8,01,C6,5E,D8,80,64,C8,0D,
24054899,0000009F,false,Rx,0,8,67,38,1D,80,03,0F,00,40,
24054929,00000086,false,Rx,0,8,AF,08,2C,20,00,00,00,00,
24054943,00000497,false,Rx,0,8,00,40,00,00,64,46,00,20,
24054956,000000B2,false,Rx,0,8,00,00,00,00,00,00,00,00,
24054969,00000108,false,Rx,0,8,66,12,D1,24,57,FE,00,00,
24054982,000000FD,false,Rx,0,8,09,DB,1F,80,00,00,00,00,
24055009,00000104,false,Rx,0,8,E0,3B,A6,00,E6,00,00,40,
24055022,00000116,false,Rx,0,8,8E,0B,33,D2,28,62,87,FF,
24061439,000000A8,false,Rx,0,8,5C,C7,5E,D8,80,64,C4,0D,
24061455,0000011D,false,Rx,0,8,57,0D,00,C8,00,00,00,00,
24061469,00000086,false,Rx,0,8,CB,09,2C,20,00,00,00,00,
24061482,0000009F,false,Rx,0,8,03,39,1D,80,03,0F,00,40,
24061496,000000B2,false,Rx,0,8,00,00,00,00,00,00,00,00,
24061509,00000101,false,Rx,0,8,F3,0C,7D,F3,A1,06,40,00,
24061522,00000106,false,Rx,0,8,3C,8C,A1,04,08,00,F4,30,
24061535,0000011E,false,Rx,0,8,3A,0C,00,00,00,00,00,00,
24064349,00000117,false,Rx,0,8,88,07,00,40,68,00,00,FF,
24076990,00000120,false,Rx,0,8,FB,0C,00,00,01,04,FF,01,
24077032,00000365,false,Rx,0,8,C0,C6,18,40,8F,02,AC,7A,
24077047,00000121,false,Rx,0,8,F8,0C,00,40,39,57,7E,FE,
24077060,0000032A,false,Rx,0,8,28,06,00,00,44,04,00,00,
24077073,00000086,false,Rx,0,8,67,0A,2C,20,00,00,00,00,
24077086,0000009F,false,Rx,0,8,AF,3A,1D,80,03,0F,00,40,
24077099,00000366,false,Rx,0,8,00,00,00,00,80,03,00,00,
24077113,000003C0,false,Rx,0,4,BB,06,03,00,00,00,00,00,
24087640,00000040,false,Rx,0,8,DF,0D,00,00,C1,00,00,00,
24087654,0000012E,false,Rx,0,8,05,E8,7F,00,FE,00,C0,FF,
24087667,00000520,false,Rx,0,8,06,0B,00,08,00,0A,00,00,
24087680,00000108,false,Rx,0,8,02,13,D1,24,57,FE,00,00,
24087693,000000A7,false,Rx,0,8,C9,19,60,80,FD,01,C8,3E,
24087706,000000A8,false,Rx,0,8,E6,C9,5E,18,81,64,C4,0D,
24087720,0000011D,false,Rx,0,8,FB,0E,00,C8,00,00,00,00,
24087733,00000086,false,Rx,0,8,03,0B,2C,20,00,00,00,00,
24096656,0000011B,false,Rx,0,8,00,20,00,00,00,00,00,00,
24096681,00000120,false,Rx,0,8,4B,0D,00,00,01,04,FF,01,
24096694,00000121,false,Rx,0,8,EB,0D,00,40,39,57,7E,FE,
24096829,0000009F,false,Rx,0,8,D8,3C,1D,80,03,0F,00,40,
24096843,00000086,false,Rx,0,8,10,0C,2C,20,00,00,00,00,
24096856,00000391,false,Rx,0,8,0D,66,23,40,00,28,00,22,
24096869,000003BE,false,Rx,0,8,28,17,E6,51,C8,80,00,80,
24096882,000000B2,false,Rx,0,8,00,00,00,00,00,00,00,00,
24103111,00000086,false,Rx,0,8,74,0D,2C,20,00,00,00,00,
24103138,0000009F,false,Rx,0,8,BC,3D,1D,80,03,0F,00,40,
24103152,000000B2,false,Rx,0,8,00,00,00,00,00,00,00,00,
24103165,00000108,false,Rx,0,8,11,14,D1,24,57,FE,00,00,
24103179,00000101,false,Rx,0,8,CB,0E,7D,F3,A1,05,40,00,
24103191,00000106,false,Rx,0,8,00,8E,A0,04,08,00,F4,30,
24103205,0000011E,false,Rx,0,8,F2,0E,00,00,00,00,00,00,
24103218,0000030D,false,Rx,0,4,00,00,00,00,00,00,00,00,
24104359,00000117,false,Rx,0,8,AE,09,00,40,68,00,00,FF,
24117730,0000009F,false,Rx,0,8,10,3E,1D,80,03,0F,00,40,
24117763,00000086,false,Rx,0,8,D8,0E,2C,20,00,00,00,00,
24117779,00000381,false,Rx,0,8,FF,FF,FF,FF,FF,FF,FF,2F,
24117792,00000382,false,Rx,0,8,FF,FF,FF,FF,FF,FF,FF,2F,
24117805,000000B1,false,Rx,0,8,8B,25,00,00,00,00,00,00,
24117819,000000B2,false,Rx,0,8,00,00,00,00,00,00,00,00,
24117832,000003C8,false,Rx,0,8,00,00,54,24,00,12,00,4E,
24117845,000000FD,false,Rx,0,8,E6,DE,1F,80,00,00,00,00,
24128607,000000B2,false,Rx,0,8,00,00,00,00,00,00,00,00,
24128637,00000101,false,Rx,0,8,AB,0F,7D,F3,A1,08,40,00,
24128652,00000106,false,Rx,0,8,64,8F,A0,04,08,00,F4,30,
24129144,0000011E,false,Rx,0,8,96,0F,00,00,00,00,00,00,
24129157,0000030B,false,Rx,0,8,10,0D,02,00,08,00,00,00,
24129170,00000040,false,Rx,0,8,73,0E,00,00,C1,00,00,00,
24129183,00000117,false,Rx,0,8,02,0A,00,40,68,00,00,FF,
24129197,000000A7,false,Rx,0,8,7C,1E,20,80,FD,01,C8,3E,
24138153,0000009F,false,Rx,0,8,36,30,1D,80,03,0F,00,40,
24138170,00000086,false,Rx,0,8,FE,00,2C,20,00,00,00,00,
24138184,000000B2,false,Rx,0,8,00,00,00,00,00,00,00,00,
24138197,000000FD,false,Rx,0,8,71,DF,1F,80,00,00,00,00,
24138210,00000104,false,Rx,0,8,63,3F,A6,00,E6,00,00,45,
24138223,00000116,false,Rx,0,8,31,0F,33,D2,28,62,87,FF,
24138236,0000012E,false,Rx,0,8,D1,EB,7F,00,FE,00,C0,FF,
24138249,000000A7,false,Rx,0,8,A2,1F,20,80,FD,01,C8,3E,
24143449,0000009F,false,Rx,0,8,52,31,1D,80,03,0F,00,40,
24143467,000000B2,false,Rx,0,8,00,00,00,00,00,00,00,00,
24143480,00000101,false,Rx,0,8,19,00,7D,F3,A1,0B,40,00,
24143493,00000106,false,Rx,0,8,98,80,9F,04,08,00,F4,30,
24143506,0000011E,false,Rx,0,8,D4,00,00,00,00,00,00,00,
24143532,00000118,false,Rx,1,4,00,0B,05,12,00,00,00,00,
24143546,17F0000F,true,Rx,1,8,00,0F,00,00,00,00,00,80,
24144900,000002B7,false,Rx,0,8,57,0E,00,00,00,00,00,00,
24144917,00000117,false,Rx,0,8,66,0B,00,40,68,00,00,FF,
24155035,00000120,false,Rx,0,8,3F,00,00,00,01,04,FF,01,
24155065,00000121,false,Rx,0,8,00,00,00,40,39,57,7E,FE,
24155079,0000009F,false,Rx,0,8,FE,32,1D,80,03,0F,00,40,
24155092,00000086,false,Rx,0,8,C2,02,2D,20,00,00,00,00,
24155106,00000497,false,Rx,0,8,00,40,00,00,64,46,00,20,
24155249,000000B2,false,Rx,0,8,00,00,00,00,00,00,00,00,
24155262,00000108,false,Rx,0,8,D9,16,D1,24,57,FE,00,00,
24155276,000000FD,false,Rx,0,8,0B,D0,1F,80,00,00,00,00,
24162263,0000030D,false,Rx,0,4,00,00,00,00,00,00,00,00,
24162277,0000012E,false,Rx,0,8,72,EC,7F,00,FE,00,C0,FF,
24162290,000000A7,false,Rx,0,8,FA,11,60,80,FD,01,C8,3E,
24162303,000000A8,false,Rx,0,8,E0,C1,5E,18,81,64,B8,0D,
24162316,000006B4,false,Rx,0,8,02,57,33,37,32,32,38,33,
24164573,0000011D,false,Rx,0,8,15,02,00,C8,00,00,00,00,
24164586,00000086,false,Rx,0,8,52,03,2C,20,00,00,00,00,
24164599,0000009F,false,Rx,0,8,9A,33,1D,80,03,0F,00,40,
24164612,000000B2,false,Rx,0,8,00,00,00,00,00,00,00,00,
24164626,00000101,false,Rx,0,8,9C,01,7D,F2,A1,0A,40,00,
24164639,00000106,false,Rx,0,8,22,81,9E,04,08,00,F3,30,
24164652,0000011E,false,Rx,0,8,B0,01,00,00,00,00,00,00,
24176633,000003C0,false,Rx,0,4,0E,07,03,00,00,00,00,00,
24176661,000000B2,false,Rx,0,8,00,00,00,00,00,00,00,00,
24176676,000000FD,false,Rx,0,8,01,D1,1F,80,00,00,00,00,
24176689,00000104,false,Rx,0,8,E8,31,A6,00,E6,00,00,4B,
24176702,0000030B,false,Rx,0,8,10,0E,02,00,08,00,00,00,
24176715,00000116,false,Rx,0,8,17,01,33,D2,28,62,87,FF,
24176728,000006B7,false,Rx,0,8,9D,27,A1,73,06,18,00,6E,
24176741,000006B8,false,Rx,0,8,A6,27,B4,70,26,6C,00,00,
24188533,00000086,false,Rx,0,8,25,05,2C,20,00,00,00,00,
24188567,0000009F,false,Rx,0,8,ED,35,1D,80,03,0F,00,40,
24188701,000000B2,false,Rx,0,8,00,00,00,00,00,00,00,00,
24188714,00000101,false,Rx,0,8,4A,02,7D,F2,A1,0D,40,00,
24188727,00000106,false,Rx,0,8,BD,82,9D,04,08,00,F3,30,
24188740,0000011E,false,Rx,0,8,1C,02,00,00,00,00,00,00,
24188754,00000117,false,Rx,0,8,11,0D,00,40,68,00,00,FF,
24188767,000003EC,false,Rx,0,8,C1,00,00,00,00,08,01,00,
24199063,00000381,false,Rx,0,8,FF,FF,FF,FF,FF,FF,FF,3F,
24199219,00000382,false,Rx,0,8,FF,FF,FF,FF,FF,FF,FF,3F,
24199234,0000065F,false,Rx,0,8,2E,20,00,00,00,00,37,7A,
24199248,000000B2,false,Rx,0,8,00,00,00,00,00,00,00,00,
24199261,00000670,false,Rx,0,8,20,10,00,00,00,01,00,88,
24199274,000000FD,false,Rx,0,8,CE,D2,1F,80,00,00,00,00,
24199287,00000104,false,Rx,0,8,85,32,A6,00,E6,00,00,4C,
24199300,00000116,false,Rx,0,8,BB,02,33,D2,28,62,87,FF,
24207089,000002B7,false,Rx,0,8,FE,0F,00,00,00,00,00,00,
24207248,000003DB,false,Rx,0,8,50,00,01,00,04,20,01,6F,
24207265,0000012E,false,Rx,0,8,82,EE,7F,00,FE,00,C0,FF,
24207278,000000A7,false,Rx,0,8,C4,15,60,80,FD,05,C8,3E,
24207291,000000A8,false,Rx,0,8,FD,C5,5E,18,81,64,AC,0D,
24207304,0000011D,false,Rx,0,8,62,04,00,C8,00,00,00,00,
24207317,00000086,false,Rx,0,8,ED,07,2C,20,00,00,00,00,
24216209,0000009F,false,Rx,0,8,25,37,1D,80,03,0F,00,40,
24216223,000000B2,false,Rx,0,8,00,00,00,00,00,00,00,00,
24218938,00000108,false,Rx,0,8,FF,18,D1,24,57,FE,00,00,
24218967,00000101,false,Rx,0,8,2E,03,7D,F2,A1,0D,40,00,
24218982,00000106,false,Rx,0,8,2D,83,9C,04,08,00,F3,30,
24219087,0000011E,false,Rx,0,8,78,03,00,00,00,00,00,00,
24219100,000001AB,false,Rx,0,8,1C,02,00,02,00,00,05,00,
24219113,0000030D,false,Rx,0,4,00,00,00,00,00,00,00,00,
24219126,00000395,false,Rx,0,8,18,0F,24,06,B4,41,50,1C,
24219139,00000117,false,Rx,0,8,BD,0E,00,40,68,00,00,FF,
24227531,00000104,false,Rx,0,8,1C,33,A6,00,E6,00,00,4E,
24227545,00000116,false,Rx,0,8,DF,03,33,D2,28,62,87,FF,
24227655,000001A2,false,Rx,0,8,A3,09,10,00,E1,06,80,13,
24227668,0000031B,false,Rx,0,8,EC,07,00,00,00,63,15,00,
24227682,1B000013,true,Rx,0,8,13,00,04,01,01,00,00,00,
24227695,000000AD,false,Rx,0,8,62,E2,BF,FF,00,14,00,00,
24227709,0000012E,false,Rx,0,8,85,EF,7F,00,FE,00,C0,FF,
24227722,000000A7,false,Rx,0,8,DE,17,60,80,FD,05,C8,3E,
24236645,00000121,false,Rx,0,8,91,04,00,00,39,57,7E,FE,
24236668,00000385,false,Rx,0,8,00,32,22,00,01,22,31,01,
24236681,0000009F,false,Rx,0,8,AF,3A,1D,80,03,0F,00,40,
24236694,00000086,false,Rx,0,8,67,0A,2C,20,00,00,00,00,
24236707,000000B2,false,Rx,0,8,00,00,00,00,00,00,00,00,
24236720,000000FD,false,Rx,0,8,2D,D4,1F,80,00,00,00,00,
24236733,00000104,false,Rx,0,8,E6,34,A6,00,E6,00,00,4F,
24236771,00000116,false,Rx,0,8,CC,04,33,D2,28,62,87,FF,
24244397,00000086,false,Rx,0,8,03,0B,2C,20,00,00,00,00,
24244542,0000009F,false,Rx,0,8,CB,3B,1D,80,03,0F,00,40,
24245290,000000B2,false,Rx,0,8,00,00,00,00,00,00,00,00,
24245303,00000101,false,Rx,0,8,10,05,7E,F2,A1,0A,40,00,
24245316,00000106,false,Rx,0,8,C8,85,9B,04,08,00,F3,30,
24251262,0000011E,false,Rx,0,8,0F,05,00,00,00,00,00,00,
24251276,000002B7,false,Rx,0,8,DC,00,00,00,00,00,00,00,
24251289,00000117,false,Rx,0,8,9B,00,00,40,68,00,00,FF,
24251302,000000A7,false,Rx,0,8,45,1A,60,80,FD,05,C8,3E,
24251315,000000A8,false,Rx,0,8,B0,CA,3E,D8,80,64,9C,0D,
24256010,00000120,false,Rx,0,8,B4,05,00,00,01,04,FF,01,
24256030,00000121,false,Rx,0,8,A6,05,00,00,39,57,7E,FE,
24256169,000003FE,false,Rx,0,8,FF,3F,FF,FF,00,00,00,10,
24256182,0000009F,false,Rx,0,8,D8,3C,1D,80,03,0F,00,40,
24256196,00000086,false,Rx,0,8,E4,0C,2D,20,00,00,00,00,
24256209,00000497,false,Rx,0,8,00,40,00,00,64,46,00,20,
24256222,000000B2,false,Rx,0,8,00,00,00,00,00,00,00,00,
24256235,00000108,false,Rx,0,8,37,1A,D1,24,57,FE,00,00,
24264539,0000012E,false,Rx,0,8,A2,E1,7F,00,FE,00,C0,FF,
24264580,000000A7,false,Rx,0,8,2B,1B,60,80,FD,05,C8,3E,
24264594,000000A8,false,Rx,0,8,0D,CB,3E,D8,80,64,94,0D,
24264607,0000011D,false,Rx,0,8,CE,07,00,C8,00,00,00,00,
24264620,00000086,false,Rx,0,8,74,0D,2C,20,00,00,00,00,
24264633,0000009F,false,Rx,0,8,BC,3D,1D,80,03,0F,00,40,
24264646,000000B2,false,Rx,0,8,00,00,00,00,00,00,00,00,
24264659,00000101,false,Rx,0,8,BC,06,7E,F2,A1,0A,40,00,
24268452,000000A7,false,Rx,0,8,94,1C,60,80,FD,05,C8,3E,
24268469,000000A8,false,Rx,0,8,2B,CC,3E,D8,80,64,90,0D,
24268483,00000120,false,Rx,0,8,5B,06,00,00,01,04,FF,01,
24268496,00000121,false,Rx,0,8,A1,06,00,00,39,57,7E,FE,
24268509,00000365,false,Rx,0,8,C0,C6,19,40,92,02,AC,7A,
24279495,00000584,false,Rx,0,6,BF,0C,00,00,00,00,00,00,
24279531,00000382,false,Rx,0,8,FF,FF,FF,FF,FF,FF,FF,4F,
24279547,000005F0,false,Rx,0,8,64,E4,64,00,00,64,00,00,
24279560,000000B2,false,Rx,0,8,00,00,00,00,00,00,00,00,
24279573,000000FD,false,Rx,0,8,A5,D6,1F,80,00,00,00,00,
24279586,00000104,false,Rx,0,8,A6,36,A6,00,E6,00,00,51,
24279599,00000116,false,Rx,0,8,04,06,33,D2,28,62,87,FF,
24279613,0000030B,false,Rx,0,8,10,00,02,00,08,00,00,00,
24283406,000000B2,false,Rx,0,8,00,00,00,00,00,00,00,00,
24283424,00000101,false,Rx,0,8,24,07,7D,F2,A1,0C,40,00,
24283437,00000106,false,Rx,0,8,C7,87,99,04,08,00,F3,30,
24283450,0000011E,false,Rx,0,8,C7,07,00,00,00,00,00,00,
24308714,0000011D,false,Rx,0,8,E8,09,00,C8,00,00,00,00,
24308746,00000086,false,Rx,0,8,9A,01,2C,20,00,00,00,00,
24308892,0000009F,false,Rx,0,8,52,31,1D,80,03,0F,00,40,
24313189,000000B2,false,Rx,0,8,00,00,00,00,00,00,00,00,
24313228,00000108,false,Rx,0,8,40,1C,D1,24,57,FE,00,00,
24313245,00000101,false,Rx,0,8,6A,08,7E,F2,A1,09,40,00,
24318654,00000106,false,Rx,0,8,85,88,99,04,08,00,F3,30,
24318670,0000011E,false,Rx,0,8,85,08,00,00,00,00,00,00,
24318683,0000030D,false,Rx,0,4,00,00,00,00,00,00,00,00,
24318696,00000395,false,Rx,0,8,18,09,24,06,B4,41,50,1C,
24318709,00000117,false,Rx,0,8,37,03,00,40,68,00,00,FF,
24318722,000000A7,false,Rx,0,8,62,10,A0,80,FD,09,C8,3E,
24318735,000000A8,false,Rx,0,8,B5,C0,3E,D8,80,64,84,0D,
24318748,00000120,false,Rx,0,8,00,08,00,00,01,04,FF,01,
24329501,000000B2,false,Rx,0,8,00,00,00,00,00,00,00,00,
24329529,00000101,false,Rx,0,8,78,09,7D,F2,A1,0B,40,00,
24329543,00000106,false,Rx,0,8,E1,89,99,04,08,00,F3,30,
24329556,0000011E,false,Rx,0,8,E1,09,00,00,00,00,00,00,
24329569,0000030B,false,Rx,0,8,10,01,02,00,08,00,00,00,
24329582,00000040,false,Rx,0,8,9D,02,00,00,C1,00,00,00,
24329595,00000117,false,Rx,0,8,24,04,00,40,68,00,00,FF,
24329609,000000A7,false,Rx,0,8,9E,12,A0,80,FD,09,C8,3E,
24339487,000000B2,false,Rx,0,8,00,00,00,00,00,00,00,00,
24339512,000000FD,false,Rx,0,8,6A,D9,1F,80,00,00,00,00,
24339525,00000104,false,Rx,0,8,E4,39,A6,00,E6,00,00,51,
24339538,00000116,false,Rx,0,8,46,09,33,D2,28,62,87,FF,
24339551,000006B2,false,Rx,0,8,71,9D,27,A1,A1,40,6F,2E,
24339565,0000012E,false,Rx,0,8,35,E5,7F,00,FE,00,C0,FF,
24339578,000000A7,false,Rx,0,8,1F,13,A0,80,FD,09,C8,3E,
24339591,000000A8,false,Rx,0,8,84,C3,3E,D8,80,64,88,0D,
24348764,000000B2,false,Rx,0,8,00,00,00,00,00,00,00,00,
24348787,00000101,false,Rx,0,8,61,0A,7D,F2,A1,0A,40,00,
24348922,00000106,false,Rx,0,8,43,8A,99,04,08,00,F2,30,
24348935,0000011E,false,Rx,0,8,4D,0A,00,00,00,00,00,00,
24348948,000002B7,false,Rx,0,8,55,02,00,00,00,00,00,00,
24348961,00000117,false,Rx,0,8,40,05,00,40,68,00,00,FF,
24348974,00000380,false,Rx,0,8,E0,04,40,00,00,00,00,FF,
24348987,000000A7,false,Rx,0,8,25,14,A0,80,FD,09,C8,3E,
24358640,00000381,false,Rx,0,8,FF,FF,FF,FF,FF,FF,FF,5F,
24358784,00000382,false,Rx,0,8,FF,FF,FF,FF,FF,FF,FF,5F,
24358798,00000497,false,Rx,0,8,00,40,00,00,64,46,00,20,
24358811,000000B2,false,Rx,0,8,00,00,00,00,00,00,00,00,
24358824,00000108,false,Rx,0,8,88,1E,D1,24,57,FE,00,00,
24358837,000000FD,false,Rx,0,8,26,DA,1F,80,00,00,00,00,
24358850,00000104,false,Rx,0,8,48,3A,A6,00,E6,00,00,51,
24358863,00000116,false,Rx,0,8,EA,0A,33,D2,28,62,87,FF,
24366833,000000B2,false,Rx,0,8,00,00,00,00,00,00,00,00,
24366866,00000101,false,Rx,0,8,55,0B,7D,F3,A1,07,40,00,
24366880,00000106,false,Rx,0,8,27,8B,99,04,08,00,F2,30,
24366893,0000011E,false,Rx,0,8,29,0B,00,00,00,00,00,00,
24366906,0000031B,false,Rx,0,8,35,0A,00,00,00,63,15,00,
24366919,00000117,false,Rx,0,8,EC,06,00,40,68,00,00,FF,
24366932,000000AD,false,Rx,0,8,86,E1,BF,FF,00,14,00,00,
24366945,000000A7,false,Rx,0,8,CD,16,A0,80,FD,09,C8,3E,
24369948,0000009F,false,Rx,0,8,E5,38,1D,80,03,11,00,40,
24369961,000003C0,false,Rx,0,4,FA,09,03,00,00,00,00,00,
24370350,000000B2,false,Rx,0,8,00,00,00,00,00,00,00,00,
24384799,000000A7,false,Rx,0,8,44,17,A0,80,FD,09,C8,3E,
24384830,00000108,false,Rx,0,8,EC,1F,D1,24,57,FE,00,00,
24384843,000000A8,false,Rx,0,8,B0,C7,3E,D8,80,64,AC,0D,
24384857,0000011D,false,Rx,0,8,57,0D,00,C8,00,00,00,00,
24384870,00000086,false,Rx,0,8,CB,09,2C,20,00,00,00,00,
24384883,0000009F,false,Rx,0,8,81,39,1D,80,03,11,00,40,
24384896,000000B2,false,Rx,0,8,00,00,00,00,00,00,00,00,
24384909,00000101,false,Rx,0,8,D1,0C,7E,F2,A1,04,40,00,
24396077,000000A7,false,Rx,0,8,09,18,A0,80,FD,09,C8,3E,
24396103,000000A8,false,Rx,0,8,02,C8,3E,D8,80,64,B4,0D,
24396119,0000011B,false,Rx,0,8,00,20,00,00,00,00,00,00,
24396132,00000120,false,Rx,0,8,FB,0C,00,00,01,04,FF,01,
24396145,00000121,false,Rx,0,8,F8,0C,00,40,39,57,7E,FE,
24396158,0000009F,false,Rx,0,8,2D,3A,1D,80,03,11,00,40,
24396171,00000086,false,Rx,0,8,67,0A,2C,20,00,00,00,00,
24396184,00000391,false,Rx,0,8,0D,66,24,3F,00,28,00,22,
24404296,0000012E,false,Rx,0,8,05,E8,7F,00,FE,00,C0,FF,
24406392,000000A7,false,Rx,0,8,43,19,60,80,FD,05,C8,3E,
24406415,000000A8,false,Rx,0,8,00,C9,3E,D8,80,64,BC,0D,
24406429,0000011D,false,Rx,0,8,FB,0E,00,C8,00,00,00,00,
24406568,00000086,false,Rx,0,8,03,0B,2C,20,00,00,00,00,
24406584,0000009F,false,Rx,0,8,49,3B,1D,80,03,11,00,40,
24406597,000000B2,false,Rx,0,8,00,00,00,00,00,00,00,00,
24406610,00000108,false,Rx,0,8,AE,10,D1,24,57,FE,00,00,
24406623,00000101,false,Rx,0,8,C3,0D,7D,F2,A1,06,40,00,
24416848,00000121,false,Rx,0,8,EB,0D,00,40,39,57,7E,FE,
24416862,0000009F,false,Rx,0,8,5A,3C,1D,80,03,11,00,40,
24416875,00000086,false,Rx,0,8,10,0C,2C,20,00,00,00,00,
24416991,000000B1,false,Rx,0,8,30,28,00,00,00,00,00,00,
24417004,0000008A,false,Rx,0,8,5D,3E,00,00,00,00,00,FA,
24417017,000003C8,false,Rx,0,8,00,00,54,24,00,12,00,4E,
24417030,000000B2,false,Rx,0,8,00,00,00,00,00,00,00,00,
24417043,000000FD,false,Rx,0,8,19,DD,1F,80,00,00,00,00,
24427042,000000AD,false,Rx,0,8,6A,E6,BF,FF,00,14,00,00,
24427069,0000012E,false,Rx,0,8,79,E9,7F,00,FE,00,C0,FF,
24427083,000000A7,false,Rx,0,8,2B,1B,60,80,FD,05,C8,3E,
24427189,000000A8,false,Rx,0,8,24,CB,3E,D8,80,64,C0,0D,
24427202,00000365,false,Rx,0,8,C0,C6,1A,40,8E,02,AC,7A,
24427215,0000032A,false,Rx,0,8,D5,0D,00,00,44,04,00,00,
24427228,00000086,false,Rx,0,8,74,0D,2C,20,00,00,00,00,
24427242,0000009F,false,Rx,0,8,3E,3D,1D,80,03,11,00,40,
24437183,0000011E,false,Rx,0,8,F2,0E,00,00,00,00,00,00,
24437198,00000040,false,Rx,0,8,EA,04,00,00,C1,00,00,00,
24437321,00000117,false,Rx,0,8,AE,09,00,40,68,00,00,FF,
24439820,00000380,false,Rx,0,8,84,05,40,00,00,00,00,FF,
24439834,000000A7,false,Rx,0,8,94,1C,60,80,FD,05,C8,3E,
24439847,000000A8,false,Rx,0,8,02,CC,3E,D8,80,64,C4,0D,
24439947,00000108,false,Rx,0,8,CA,11,D1,24,57,FE,00,00,
24439960,00000396,false,Rx,0,8,1C,01,00,11,00,00,00,00,
24439973,00000120,false,Rx,0,8,20,0E,00,00,01,04,FF,01,
24439986,00000121,false,Rx,0,8,45,0E,00,00,39,57,7E,FE,
24447885,00000116,false,Rx,0,8,55,0E,33,D2,28,62,87,FF,
24447899,0000012E,false,Rx,0,8,25,EA,7F,00,FE,00,C0,FF,
24447913,000000A7,false,Rx,0,8,EE,1D,60,80,FD,01,C8,3E,
24447926,000000A8,false,Rx,0,8,61,CD,3E,D8,80,64,CC,0D,
24447939,000003E5,false,Rx,0,8,F7,17,00,00,00,00,00,00,
24447952,0000011D,false,Rx,0,8,DD,00,00,C8,00,00,00,00,
24447965,00000086,false,Rx,0,8,BC,0F,2C,20,00,00,00,00,
24447978,0000009F,false,Rx,0,8,F6,3F,1D,80,03,11,00,40,
24456252,00000497,false,Rx,0,8,00,40,00,00,64,46,00,20,
24456273,0000054B,false,Rx,0,8,00,00,00,00,00,00,00,24,
24456288,17F0000A,true,Rx,0,8,00,0A,00,00,00,00,00,80,
24456302,000000B2,false,Rx,0,8,00,00,00,00,00,00,00,00,
24456315,00000108,false,Rx,0,8,66,12,D1,24,57,FE,00,00,
24458055,000000FD,false,Rx,0,8,71,DF,1F,80,00,00,00,00,
24458071,00000104,false,Rx,0,8,4D,3F,A6,00,E6,00,00,31,
24458084,00000116,false,Rx,0,8,31,0F,33,D2,28,62,87,FF,
24458097,0000030D,false,Rx,0,4,04,00,00,00,00,00,00,00,
24458110,0000012E,false,Rx,0,8,D1,EB,7F,00,FE,00,C0,FF,
24458123,000000A7,false,Rx,0,8,BB,1F,60,80,FD,01,C8,3E,
24467848,000000B2,false,Rx,0,8,00,00,00,00,00,00,00,00,
24467879,00000101,false,Rx,0,8,82,00,7D,F2,A1,0D,40,00,
24467894,00000106,false,Rx,0,8,E9,80,9A,04,08,00,F2,30,
24467907,0000011E,false,Rx,0,8,D4,00,00,00,00,00,00,00,
24467920,0000031B,false,Rx,0,8,C3,0C,00,00,00,63,15,00,
24467933,00000117,false,Rx,0,8,66,0B,00,40,68,00,00,FF,
24467946,000000AD,false,Rx,0,8,42,EB,BF,FF,00,14,00,00,
24467959,000000A7,false,Rx,0,8,72,10,60,80,FD,01,C8,3E,
24471913,00000584,false,Rx,0,6,EB,0D,00,00,00,00,00,00,
24471928,000005F0,false,Rx,0,8,64,E4,64,00,00,64,00,00,
24471942,000000B2,false,Rx,0,8,00,00,00,00,00,00,00,00,
24471955,000000FD,false,Rx,0,8,0B,D0,1F,80,00,00,00,00,
24471968,00000104,false,Rx,0,8,0F,30,A6,00,E6,00,00,31,
24471981,00000116,false,Rx,0,8,73,00,33,D2,28,62,87,FF,
24485827,000000A7,false,Rx,0,8,E3,11,20,80,FD,01,C8,3E,
24485855,000000A8,false,Rx,0,8,9C,C1,3E,18,81,64,C8,0D,
24485871,00000108,false,Rx,0,8,02,13,D1,24,57,FE,00,00,
24485884,00000520,false,Rx,0,8,71,0D,00,08,00,0A,00,00,
24485897,0000011D,false,Rx,0,8,15,02,00,C8,00,00,00,00,
24485910,00000086,false,Rx,0,8,52,03,2C,20,00,00,00,00,
24485936,0000009F,false,Rx,0,8,2F,33,1D,80,03,0E,00,40,
24485949,000000B2,false,Rx,0,8,00,00,00,00,00,00,00,00,
24496552,00000121,false,Rx,0,8,51,01,00,00,39,57,7E,FE,
24496575,0000009F,false,Rx,0,8,CC,34,1D,80,03,0D,00,40,
24496589,00000086,false,Rx,0,8,41,04,2C,20,00,00,00,00,
24496602,00000391,false,Rx,0,8,0D,66,23,41,00,28,00,22,
24496615,000003BE,false,Rx,0,8,4C,1B,E6,51,C8,80,00,80,
24496628,000000B2,false,Rx,0,8,00,00,00,00,00,00,00,00,
24496641,000000FD,false,Rx,0,8,01,D1,1F,80,00,00,00,00,
24496655,00000104,false,Rx,0,8,6B,31,A6,00,E6,00,00,31,
24504105,00000086,false,Rx,0,8,25,05,2C,20,00,00,00,00,
24504130,0000009F,false,Rx,0,8,58,35,1D,80,03,0E,00,40,
24504144,000000B2,false,Rx,0,8,00,00,00,00,00,00,00,00,
24504157,00000108,false,Rx,0,8,11,14,D1,24,57,FE,00,00,
24504170,00000101,false,Rx,0,8,CC,02,7E,F2,A1,0C,40,00,
24504183,00000106,false,Rx,0,8,21,82,9A,04,08,00,F2,30,
24504196,00000395,false,Rx,0,8,18,0D,24,06,B4,41,50,1C,
24504209,0000011E,false,Rx,0,8,1C,02,00,00,00,00,00,00,
24512802,00000380,false,Rx,0,8,28,06,40,00,00,00,00,FF,
24512826,000000A7,false,Rx,0,8,2C,14,20,80,FD,01,C8,3E,
24512839,000000A8,false,Rx,0,8,D3,C4,3E,18,81,64,D8,0D,
24512853,00000120,false,Rx,0,8,32,02,00,00,01,04,FF,01,
24512866,00000121,false,Rx,0,8,DE,02,00,00,39,57,7E,FE,
24512879,0000009F,false,Rx,0,8,33,36,1D,80,03,12,00,40,
24512892,00000086,false,Rx,0,8,89,06,2C,20,00,00,00,00,
24512905,00000381,false,Rx,0,8,FF,FF,FF,FF,FF,FF,FF,7F,
24522462,0000012E,false,Rx,0,8,82,EE,7F,00,FE,00,C0,FF,
24522487,000000AD,false,Rx,0,8,48,E0,BF,FF,00,14,00,00,
24522501,000000A7,false,Rx,0,8,57,15,20,80,FD,01,C8,3E,
24522514,00000668,false,Rx,0,8,82,00,00,29,00,03,31,01,
24522527,000000A8,false,Rx,0,8,B9,C5,3E,18,81,64,D8,0D,
24522541,00000365,false,Rx,0,8,C0,C6,1A,40,8F,02,AC,7A,
24522554,0000032A,false,Rx,0,8,1D,0F,00,00,44,04,00,00,
24522567,00000086,false,Rx,0,8,ED,07,2C,20,00,00,00,00,
24532093,00000040,false,Rx,0,8,22,06,00,00,C1,00,00,00,
24532116,00000117,false,Rx,0,8,BD,0E,00,40,68,00,00,FF,
24532130,000000A7,false,Rx,0,8,C4,16,20,80,FD,01,C8,3E,
24532143,000000A8,false,Rx,0,8,C1,C6,3E,18,81,64,D4,0D,
24532156,00000108,false,Rx,0,8,75,15,D1,24,57,FE,00,00,
24532169,00000396,false,Rx,0,8,B0,02,00,11,00,00,00,00,
24532183,00000120,false,Rx,0,8,E0,03,00,00,01,04,FF,01,
24532196,00000121,false,Rx,0,8,2C,03,00,00,39,57,7E,FE,
24542802,0000012E,false,Rx,0,8,85,EF,7F,00,FE,00,C0,FF,
24542824,000000A7,false,Rx,0,8,4D,17,20,80,FD,01,C8,3E,
24542949,000000A8,false,Rx,0,8,D4,C7,3E,18,81,64,D4,0D,
24542964,1B000012,true,Rx,0,8,12,00,04,01,11,00,00,00,
24542977,000003E5,false,Rx,0,8,5A,18,00,00,00,00,00,00,
24542991,0000011D,false,Rx,0,8,06,05,00,C8,00,00,00,00,
24543003,00000086,false,Rx,0,8,CB,09,2C,20,00,00,00,00,
24543017,0000009F,false,Rx,0,8,81,39,1D,80,03,11,00,40,
24551622,000002B7,false,Rx,0,8,92,06,00,00,00,00,00,00,
24551644,00000117,false,Rx,0,8,D9,0F,00,40,68,00,00,FF,
24551718,000000A7,false,Rx,0,8,00,18,20,80,FD,01,C8,3E,
24551731,000000A8,false,Rx,0,8,F6,C8,3E,18,81,64,D4,0D,
24551744,00000120,false,Rx,0,8,B6,04,00,00,01,04,FF,01,
24551757,00000121,false,Rx,0,8,91,04,00,00,39,57,7E,FE,
24551774,0000009F,false,Rx,0,8,AF,3A,1D,80,03,0F,00,40,
24551787,00000086,false,Rx,0,8,67,0A,2C,20,00,00,00,00,
24560192,00000104,false,Rx,0,8,B0,34,A6,00,E6,00,00,31,
24560206,00000116,false,Rx,0,8,CC,04,33,D2,28,62,87,FF,
24560219,0000030D,false,Rx,0,4,04,00,00,00,00,00,00,00,
24560232,0000012E,false,Rx,0,8,AC,E0,7F,00,FE,00,C0,FF,
24560246,17330A10,true,Rx,0,4,32,94,00,00,00,00,00,00,
24560259,000000A7,false,Rx,0,8,D0,19,20,80,FD,01,C8,3E,
24560272,000000A8,false,Rx,0,8,BC,C9,3E,18,81,64,D0,0D,
24560286,000006B4,false,Rx,0,8,01,5A,5A,5A,41,55,5A,48,
24568849,00000086,false,Rx,0,8,03,0B,2C,20,00,00,00,00,
24568875,0000009F,false,Rx,0,8,CB,3B,1D,80,03,0F,00,40,
24568889,000000B2,false,Rx,0,8,00,00,00,00,00,00,00,00,
24568902,00000101,false,Rx,0,8,DF,05,7E,F2,A1,0C,40,00,
24568915,00000106,false,Rx,0,8,32,85,9A,04,08,00,F2,30,
24568928,0000011E,false,Rx,0,8,0F,05,00,00,00,00,00,00,
24568941,0000031B,false,Rx,0,8,8D,0E,00,00,00,63,15,00,
24568955,00000117,false,Rx,0,8,9B,00,00,40,68,00,00,FF,
24572938,000000B2,false,Rx,0,8,00,00,00,00,00,00,00,00,
24572953,000000FD,false,Rx,0,8,B7,D5,1F,80,00,00,00,00,
24572966,00000104,false,Rx,0,8,D4,35,A6,00,E6,00,00,31,
24572979,00000116,false,Rx,0,8,A8,05,33,D2,28,62,87,FF,
24573015,0000030B,false,Rx,0,8,10,06,02,00,08,00,00,00,
24573029,00000040,false,Rx,0,8,46,07,00,00,C1,00,00,00,
24588122,0000011D,false,Rx,0,8,CE,07,00,C8,00,00,00,00,
24588152,00000086,false,Rx,0,8,74,0D,2C,20,00,00,00,00,
24588166,0000009F,false,Rx,0,8,CE,3D,1D,80,03,12,00,40,
24588179,000000B2,false,Rx,0,8,00,00,00,00,00,00,00,00,
24588192,00000101,false,Rx,0,8,36,06,7E,F2,A1,0E,40,00,
24588205,00000106,false,Rx,0,8,9E,86,9A,04,08,00,F2,30,
24588218,0000011E,false,Rx,0,8,A3,06,00,00,00,00,00,00,
24588231,00000117,false,Rx,0,8,FF,01,00,40,68,00,00,FF,
24597454,0000009F,false,Rx,0,8,62,3E,1D,80,03,12,00,40,
24597474,00000086,false,Rx,0,8,D8,0E,2C,20,00,00,00,00,
24597487,00000391,false,Rx,0,8,0D,66,23,41,00,28,00,22,
24597500,000003BE,false,Rx,0,8,C9,1C,E6,51,C8,80,00,80,
24597513,00000585,false,Rx,0,8,09,3C,00,7F,14,00,00,00,
24597526,00000381,false,Rx,0,8,FF,FF,FF,FF,FF,FF,FF,8F,
24597539,00000382,false,Rx,0,8,FF,FF,FF,FF,FF,FF,FF,8F,
24597552,000000B2,false,Rx,0,8,00,00,00,00,00,00,00,00,
24608036,000000B2,false,Rx,0,8,00,00,00,00,00,00,00,00,
24608061,00000108,false,Rx,0,8,FF,18,D1,24,57,FE,00,00,
24608075,00000101,false,Rx,0,8,1B,07,7D,F2,A1,09,40,00,
24608088,00000106,false,Rx,0,8,FA,87,9A,04,08,00,F2,30,
24608101,00000395,false,Rx,0,8,18,07,24,06,B4,41,50,1C,
24608114,0000011E,false,Rx,0,8,C7,07,00,00,00,00,00,00,
24608127,000001AB,false,Rx,0,8,44,04,00,02,00,00,05,00,
24608140,0000030D,false,Rx,0,4,04,00,00,00,00,00,00,00,
24618871,000000B1,false,Rx,0,8,42,2A,00,00,00,00,00,00,
24618895,000000B2,false,Rx,0,8,00,00,00,00,00,00,00,00,
24618908,000003C8,false,Rx,0,8,00,00,54,24,00,12,00,4E,
24618921,000000FD,false,Rx,0,8,9F,D7,1F,80,00,00,00,00,
24618935,00000104,false,Rx,0,8,1C,37,A6,00,E6,00,00,31,
24618948,00000116,false,Rx,0,8,60,07,33,D2,28,62,87,FF,
24618961,000001A2,false,Rx,0,8,B2,0B,10,00,E1,06,80,13,
24618974,0000031B,false,Rx,0,8,49,0F,00,00,00,63,15,00,
24630289,000000B2,false,Rx,0,8,00,00,00,00,00,00,00,00,
24630319,00000101,false,Rx,0,8,AD,08,7D,F2,A1,07,40,00,
24632927,00000106,false,Rx,0,8,B8,88,9A,04,08,00,F2,30,
24632943,0000030B,false,Rx,0,8,10,07,02,00,08,00,00,00,
24632956,0000011E,false,Rx,0,8,85,08,00,00,00,00,00,00,
24633057,00000040,false,Rx,0,8,04,08,00,00,C1,00,00,00,
24633070,00000117,false,Rx,0,8,37,03,00,40,68,00,00,FF,
24633084,000000A7,false,Rx,0,8,6B,10,20,80,FD,01,C8,3E,
24633097,000000A8,false,Rx,0,8,0C,C0,3E,D8,80,64,C8,0D,
24633110,00000108,false,Rx,0,8,9B,19,D1,24,57,FE,00,00,
24643171,000000B2,false,Rx,0,8,00,00,00,00,00,00,00,00,
24643185,000000FD,false,Rx,0,8,58,D8,1F,80,00,00,00,00,
24643198,00000104,false,Rx,0,8,5E,38,A6,00,E6,00,00,31,
24643300,00000116,false,Rx,0,8,22,08,33,D2,28,62,87,FF,
24643313,0000012E,false,Rx,0,8,D5,E4,7F,00,FE,00,C0,FF,
24647704,000000A7,false,Rx,0,8,E3,11,20,80,FD,01,C8,3E,
24647728,000000A8,false,Rx,0,8,4E,C1,3E,D8,80,64,CC,0D,
24647742,000003E5,false,Rx,0,8,B7,19,00,00,00,00,00,00,
24647755,0000011D,false,Rx,0,8,44,0A,00,C8,00,00,00,00,
24647768,00000086,false,Rx,0,8,52,03,2C,20,00,00,00,00,
24647781,0000009F,false,Rx,0,8,5D,33,1D,80,03,13,00,40,
24647794,000000B2,false,Rx,0,8,00,00,00,00,00,00,00,00,
24647807,00000101,false,Rx,0,8,F6,09,7D,F2,A1,02,40,00,
24657439,00000497,false,Rx,0,8,00,40,00,00,64,46,00,20,
24657467,000000B2,false,Rx,0,8,00,00,00,00,00,00,00,00,
24657483,00000108,false,Rx,0,8,37,1A,D1,24,57,FE,00,00,
24657496,000000FD,false,Rx,0,8,6A,D9,1F,80,00,00,00,00,
24657509,00000104,false,Rx,0,8,3A,39,A6,00,E6,00,00,31,
24657522,00000116,false,Rx,0,8,46,09,33,D2,28,62,87,FF,
24657535,0000030D,false,Rx,0,4,04,00,00,00,00,00,00,00,
24657548,0000012E,false,Rx,0,8,35,E5,7F,00,FE,00,C0,FF,
24667610,000000B2,false,Rx,0,8,00,00,00,00,00,00,00,00,
24667635,00000101,false,Rx,0,8,0E,0A,7D,F3,A1,02,40,00,
24667648,00000106,false,Rx,0,8,70,8A,9A,04,08,00,F2,30,
24667661,0000011E,false,Rx,0,8,4D,0A,00,00,00,00,00,00,
24667675,0000031B,false,Rx,0,8,44,00,00,00,00,63,15,00,
24667688,00000117,false,Rx,0,8,40,05,00,40,68,00,00,FF,
24667701,000000AD,false,Rx,0,8,D5,EF,BF,FF,00,14,00,00,
24667714,00000380,false,Rx,0,8,0E,08,40,00,00,00,00,FF,
24674752,000003C0,false,Rx,0,4,C5,0C,03,00,00,00,00,00,
24674777,00000381,false,Rx,0,8,FF,FF,FF,FF,FF,FF,FF,9F,
24674791,00000584,false,Rx,0,6,17,0E,00,00,00,00,00,00,
24674804,00000382,false,Rx,0,8,FF,FF,FF,FF,FF,FF,FF,9F,
24674817,000005F0,false,Rx,0,8,64,E4,64,00,00,64,00,00,
24674830,000000B2,false,Rx,0,8,00,00,00,00,00,00,00,00,
24674843,000000FD,false,Rx,0,8,26,DA,1F,80,00,00,00,00,
24674856,00000104,false,Rx,0,8,96,3A,A6,00,E6,00,00,31,
24676496,000000A7,false,Rx,0,8,57,15,20,80,FD,01,C8,3E,
24676509,000000A8,false,Rx,0,8,B3,C5,3E,D8,80,64,C8,0D,
24690860,000000B2,false,Rx,0,8,00,00,00,00,00,00,00,00,
24690890,00000101,false,Rx,0,8,14,0B,7D,F3,A1,08,40,00,
24690905,00000106,false,Rx,0,8,14,8B,9A,04,08,00,F2,30,
24690918,0000011E,false,Rx,0,8,29,0B,00,00,00,00,00,00,
24690931,00000117,false,Rx,0,8,EC,06,00,40,68,00,00,FF,
24690955,000000A7,false,Rx,0,8,C4,16,20,80,FD,01,C8,3E,
24690968,000000A8,false,Rx,0,8,83,C6,3E,D8,80,64,C8,0D,
24690981,0000011B,false,Rx,0,8,00,20,00,00,00,00,00,00,
24696587,00000392,false,Rx,0,8,AC,28,00,00,00,00,00,04,
24696609,000002B7,false,Rx,0,8,7D,09,00,00,00,00,00,00,
24696622,000003DB,false,Rx,0,8,50,00,01,00,04,20,01,6F,
24696635,0000012E,false,Rx,0,8,6C,E7,7F,00,FE,00,C0,FF,
24696649,000000A7,false,Rx,0,8,4D,17,20,80,FD,01,C8,3E,
24696661,000000A8,false,Rx,0,8,96,C7,3E,D8,80,64,C8,0D,
24697493,0000011D,false,Rx,0,8,57,0D,00,C8,00,00,00,00,
24697506,00000086,false,Rx,0,8,CB,09,2C,20,00,00,00,00,
24708103,000000B2,false,Rx,0,8,00,00,00,00,00,00,00,00,
24708138,00000108,false,Rx,0,8,40,1C,D1,24,57,FE,00,00,
24708155,00000101,false,Rx,0,8,F7,0C,7D,F3,A1,0B,40,00,
24708168,00000106,false,Rx,0,8,07,8C,9A,04,08,00,F2,30,
24708181,00000395,false,Rx,0,8,18,01,24,06,B4,41,50,1C,
24708194,0000011E,false,Rx,0,8,3A,0C,00,00,00,00,00,00,
24708207,0000030D,false,Rx,0,4,04,00,00,00,00,00,00,00,
24708220,00000117,false,Rx,0,8,88,07,00,40,68,00,00,FF,
24717674,000000B1,false,Rx,0,8,C2,2B,00,00,00,00,00,00,
24717698,000000B2,false,Rx,0,8,00,00,00,00,00,00,00,00,
24717713,000000FD,false,Rx,0,8,90,DC,1F,80,00,00,00,00,
24717727,000003C8,false,Rx,0,8,00,00,54,24,00,12,00,4D,
24717740,00000104,false,Rx,0,8,E1,3C,A6,00,E6,00,00,31,
24717753,00000116,false,Rx,0,8,9D,0C,33,D2,28,62,87,FF,
24717766,0000031B,false,Rx,0,8,92,01,00,00,00,63,15,00,
24717779,0000012E,false,Rx,0,8,05,E8,7F,00,FE,00,C0,FF,
24728659,000000B2,false,Rx,0,8,00,00,00,00,00,00,00,00,
24728697,00000101,false,Rx,0,8,97,0D,7D,F3,A1,06,40,00,
24728713,00000106,false,Rx,0,8,71,8D,9A,04,08,00,F1,30,
24728726,0000011E,false,Rx,0,8,5E,0D,00,00,00,00,00,00,
24728739,0000030B,false,Rx,0,8,10,09,02,00,08,00,00,00,
24728752,00000040,false,Rx,0,8,CC,0A,00,00,C1,00,00,00,
24728765,00000117,false,Rx,0,8,CA,08,00,40,68,00,00,FF,
24728779,000000A7,false,Rx,0,8,D6,1A,20,80,FD,01,C8,3E,
24739059,000000B2,false,Rx,0,8,00,00,00,00,00,00,00,00,
24739093,000000FD,false,Rx,0,8,19,DD,1F,80,00,00,00,00,
24739108,00000104,false,Rx,0,8,85,3D,A6,00,E6,00,00,31,
24739122,00000116,false,Rx,0,8,F9,0D,33,D2,28,62,87,FF,
24739135,0000012E,false,Rx,0,8,79,E9,7F,00,FE,00,C0,FF,
24739148,000000A7,false,Rx,0,8,B8,1B,20,80,FD,01,C8,3E,
24739161,000000A8,false,Rx,0,8,6C,CB,3E,D8,80,64,CC,0D,
24739176,1B000012,true,Rx,0,8,12,00,04,01,11,00,00,00,
24748442,000000B2,false,Rx,0,8,00,00,00,00,00,00,00,00,
24748467,00000101,false,Rx,0,8,3B,0E,7D,F3,A1,06,40,00,
24748483,00000106,false,Rx,0,8,CF,8E,9A,04,08,00,F2,30,
24748496,0000011E,false,Rx,0,8,F2,0E,00,00,00,00,00,00,
24748509,000002B7,false,Rx,0,8,73,0A,00,00,00,00,00,00,
24748522,00000117,false,Rx,0,8,AE,09,00,40,68,00,00,FF,
24748535,00000380,false,Rx,0,8,6A,09,40,00,00,00,00,FF,
24748548,000000A7,false,Rx,0,8,07,1C,20,80,FD,01,C8,3E,
24758236,00000381,false,Rx,0,8,FF,FF,FF,FF,FF,FF,FF,AF,
24758268,00000382,false,Rx,0,8,FF,FF,FF,FF,FF,FF,FF,AF,
24758284,00000497,false,Rx,0,8,00,40,00,00,64,46,00,20,
24758297,000000B2,false,Rx,0,8,00,00,00,00,00,00,00,00,
24758310,00000108,false,Rx,0,8,88,1E,D1,24,57,FE,00,00,
24764799,000000FD,false,Rx,0,8,E6,DE,1F,80,00,00,00,00,
24764828,00000104,false,Rx,0,8,29,3E,A6,00,E6,00,00,31,
24764842,00000116,false,Rx,0,8,55,0E,33,D2,28,62,87,FF,
24764855,0000030D,false,Rx,0,4,04,00,00,00,00,00,00,00,
24764867,0000012E,false,Rx,0,8,25,EA,7F,00,FE,00,C0,FF,
24764881,000000A7,false,Rx,0,8,F7,1D,20,80,FD,01,C8,3E,
24764911,000000A8,false,Rx,0,8,F1,CD,3E,D8,80,64,D4,0D,
24764924,000006B4,false,Rx,0,8,00,F2,F6,7B,AC,57,56,57,
24775426,000000A8,false,Rx,0,8,33,CE,3E,D8,80,64,DC,0D,
24775460,00000120,false,Rx,0,8,F5,0F,00,00,01,04,FF,01,
24775474,00000365,false,Rx,0,8,C0,C6,19,40,8E,02,AC,7A,
24775487,00000121,false,Rx,0,8,CE,0F,00,40,39,57,7E,FE,
24775500,0000032A,false,Rx,0,8,E0,04,00,00,44,04,00,00,
24775513,00000086,false,Rx,0,8,FE,00,2C,20,00,00,00,00,
24775526,0000009F,false,Rx,0,8,44,30,1D,80,03,12,00,40,
24775539,000003C0,false,Rx,0,4,70,0D,03,00,00,00,00,00,
24780566,0000011D,false,Rx,0,8,B9,01,00,C8,00,00,00,00,
24780585,00000086,false,Rx,0,8,9A,01,2C,20,00,00,00,00,
24780598,0000009F,false,Rx,0,8,20,31,1D,80,03,12,00,40,
24780611,000000B2,false,Rx,0,8,00,00,00,00,00,00,00,00,
24780624,00000101,false,Rx,0,8,DE,00,7E,F3,A1,05,40,00,
24781339,00000106,false,Rx,0,8,E9,80,9A,04,08,00,F2,30,
24781352,0000011E,false,Rx,0,8,D4,00,00,00,00,00,00,00,
24794990,000000A7,false,Rx,0,8,6B,10,20,80,FD,01,C8,3E,
24795028,000000A8,false,Rx,0,8,E3,C0,3E,D8,80,64,E8,0D,
24795196,0000011B,false,Rx,0,8,00,20,00,00,00,00,00,00,
24795211,00000120,false,Rx,0,8,3F,00,00,00,01,04,FF,01,
24795224,00000121,false,Rx,0,8,00,00,00,40,39,57,7E,FE,
24795237,0000009F,false,Rx,0,8,39,32,1D,80,03,13,00,40,
24795250,00000086,false,Rx,0,8,36,02,2C,20,00,00,00,00,
24795275,00000391,false,Rx,0,8,0D,66,23,3F,00,28,00,22,
24805562,00000104,false,Rx,0,8,0F,30,A6,00,E6,00,00,31,
24805589,00000116,false,Rx,0,8,73,00,33,D2,28,62,87,FF,
24805603,00000392,false,Rx,0,8,C8,29,00,00,00,00,00,04,
24805615,000002B7,false,Rx,0,8,05,0B,00,00,00,00,00,00,
24805629,000003DB,false,Rx,0,8,50,00,01,00,04,20,01,6F,
24805642,0000012E,false,Rx,0,8,72,EC,7F,00,FE,00,C0,FF,
24805673,000000A7,false,Rx,0,8,E3,11,20,80,FD,01,C8,3E,
24805686,000000A8,false,Rx,0,8,99,C1,3E,D8,80,64,E8,0D,
24814817,0000009F,false,Rx,0,8,4E,34,1D,80,03,13,00,40,
24814845,00000086,false,Rx,0,8,41,04,2C,20,00,00,00,00,
24814925,000000B1,false,Rx,0,8,E0,2C,00,00,00,00,00,00,
24814938,000000B2,false,Rx,0,8,00,00,00,00,00,00,00,00,
24814973,000003C8,false,Rx,0,8,00,00,54,24,00,12,00,4E,
24822702,000000FD,false,Rx,0,8,01,D1,1F,80,00,00,00,00,
24822733,00000104,false,Rx,0,8,6B,31,A6,00,E6,00,00,31,
24822747,00000116,false,Rx,0,8,17,01,33,D2,28,62,87,FF,
24822760,000001A2,false,Rx,0,8,18,0C,10,00,E1,06,80,13,
24822875,0000031B,false,Rx,0,8,9D,03,00,00,00,63,15,00,
24822889,1B000013,true,Rx,0,8,13,00,04,01,01,00,00,00,
24822903,000000AD,false,Rx,0,8,84,EE,BF,FF,00,14,00,00,
24822916,0000012E,false,Rx,0,8,58,ED,7F,00,FE,00,C0,FF,
24833032,00000117,false,Rx,0,8,11,0D,00,40,68,00,00,FF,
24833055,00000380,false,Rx,0,8,C6,0A,40,00,00,00,00,FF,
24833068,000000A7,false,Rx,0,8,2C,14,20,80,FD,01,C8,3E,
24833168,000000A8,false,Rx,0,8,36,C4,3E,D8,80,64,E8,0D,
24833181,00000108,false,Rx,0,8,CA,11,D1,24,57,FE,00,00,
24833195,00000396,false,Rx,0,8,A3,05,00,11,00,00,00,00,
24833208,00000120,false,Rx,0,8,32,02,00,00,01,04,FF,01,
24833221,00000121,false,Rx,0,8,E3,02,00,40,39,57,7E,FE,
24843094,000000FD,false,Rx,0,8,CE,D2,1F,80,00,00,00,00,
24843113,00000104,false,Rx,0,8,C7,32,A6,00,E6,00,00,31,
24843126,00000116,false,Rx,0,8,BB,02,33,D2,28,62,87,FF,
24843143,0000012E,false,Rx,0,8,82,EE,7F,00,FE,00,C0,FF,
24843156,000000A7,false,Rx,0,8,57,15,20,80,FD,01,C8,3E,
24843169,000000A8,false,Rx,0,8,64,C5,3E,D8,80,64,EC,0D,
24850528,000003E5,false,Rx,0,8,A4,1B,00,00,00,00,00,00,
24850543,0000011D,false,Rx,0,8,62,04,00,C8,00,00,00,00,
24850556,00000086,false,Rx,0,8,ED,07,2C,20,00,00,00,00,
24850570,0000009F,false,Rx,0,8,57,37,1D,80,03,12,00,40,
24850584,17F00012,true,Rx,0,8,20,12,00,00,00,00,00,00,
24850598,000000B2,false,Rx,0,8,00,00,00,00,00,00,00,00,
24850611,00000101,false,Rx,0,8,26,03,7E,F2,A1,05,40,00,
24850624,00000106,false,Rx,0,8,57,83,9A,04,08,00,F1,30,
24860061,00000104,false,Rx,0,8,A3,33,A6,00,E6,00,00,31,
24860089,00000116,false,Rx,0,8,DF,03,33,D2,28,62,87,FF,
24860103,0000030D,false,Rx,0,4,04,00,00,00,00,00,00,00,
24860116,0000012E,false,Rx,0,8,85,EF,7F,00,FE,00,C0,FF,
24860129,000000A7,false,Rx,0,8,4D,17,20,80,FD,01,C8,3E,
24860180,000000A8,false,Rx,0,8,41,C7,3E,D8,80,64,EC,0D,
24860193,0000011D,false,Rx,0,8,06,05,00,C8,00,00,00,00,
24860206,00000086,false,Rx,0,8,CB,09,2C,20,00,00,00,00,
24866152,00000101,false,Rx,0,8,35,04,7E,F2,A1,05,40,00,
24866176,00000106,false,Rx,0,8,44,84,9A,04,08,00,F1,30,
24866189,0000011E,false,Rx,0,8,6B,04,00,00,00,00,00,00,
24866202,0000031B,false,Rx,0,8,81,04,00,00,00,63,15,00,
24866974,00000117,false,Rx,0,8,D9,0F,00,40,68,00,00,FF,
24868967,000000AD,false,Rx,0,8,E3,E3,BF,FF,00,14,00,00,
24869000,000000A7,false,Rx,0,8,00,18,20,80,FD,01,C8,3E,
24869014,000000A8,false,Rx,0,8,63,C8,3E,D8,80,64,EC,0D,
24869027,00000120,false,Rx,0,8,B6,04,00,00,01,04,FF,01,
24869040,00000365,false,Rx,0,8,C0,C6,19,40,8D,02,AC,7A,
24869053,00000121,false,Rx,0,8,AC,04,00,40,39,57,7E,FE,
24907114,00000108,false,Rx,0,8,11,14,D1,24,57,FE,00,00,
24907150,00000101,false,Rx,0,8,3A,06,7D,F2,A1,0B,40,00,
24907164,00000106,false,Rx,0,8,8C,86,9A,04,08,00,F1,30,
24907178,0000011E,false,Rx,0,8,A3,06,00,00,00,00,00,00,
24907190,0000030D,false,Rx,0,4,04,00,00,00,00,00,00,00,
24907203,0000064A,false,Rx,0,4,00,00,00,00,00,00,00,00,
24907216,00000395,false,Rx,0,8,18,05,24,06,B4,41,50,1C,
24907229,00000117,false,Rx,0,8,FF,01,00,40,68,00,00,FF,
24919320,000000FD,false,Rx,0,8,A5,D6,1F,80,00,00,00,00,
24921721,00000104,false,Rx,0,8,78,36,A6,00,E6,00,00,31,
24921734,00000116,false,Rx,0,8,04,06,33,D2,28,62,87,FF,
24921747,0000031B,false,Rx,0,8,6C,05,00,00,00,63,15,00,
24921761,000003C8,false,Rx,0,8,00,00,54,24,00,12,00,4E,
24921774,0000012E,false,Rx,0,8,6B,E2,7F,00,FE,00,C0,FF,
24921787,000000AD,false,Rx,0,8,A2,E8,BF,FF,00,14,00,00,
24921800,000000A7,false,Rx,0,8,F7,1D,20,80,FD,01,C8,3E,
24921813,00000668,false,Rx,0,8,82,00,00,29,00,03,31,01,
24925677,00000040,false,Rx,0,8,73,0E,00,00,C1,00,00,00,
24925699,00000117,false,Rx,0,8,53,02,00,40,68,00,00,FF,
24925712,000000A7,false,Rx,0,8,7C,1E,20,80,FD,01,C8,3E,
24925725,000000A8,false,Rx,0,8,E4,CE,3E,D8,80,64,F8,0D,
24935073,000000FD,false,Rx,0,8,9F,D7,1F,80,00,00,00,00,
24935101,00000104,false,Rx,0,8,1C,37,A6,00,E6,00,00,31,
24935117,00000116,false,Rx,0,8,60,07,33,D2,28,62,87,FF,
24935143,0000012E,false,Rx,0,8,F2,E3,7F,00,FE,00,C0,FF,
24935156,000000A7,false,Rx,0,8,A2,1F,20,80,FD,01,C8,3E,
24935169,000000A8,false,Rx,0,8,6B,CF,3E,D8,80,64,F8,0D,
24948887,000000B2,false,Rx,0,8,00,00,00,00,00,00,00,00,
24949037,00000101,false,Rx,0,8,5D,08,7D,F2,A1,04,40,00,
24949055,00000106,false,Rx,0,8,AA,88,9A,04,08,00,F1,30,
24949068,0000011E,false,Rx,0,8,85,08,00,00,00,00,00,00,
24949081,000002B7,false,Rx,0,8,57,0E,00,00,00,00,00,00,
24949095,00000117,false,Rx,0,8,37,03,00,40,68,00,00,FF,
24949108,00000130,false,Rx,0,8,BE,80,2C,80,08,00,04,00,
24949121,000000A7,false,Rx,0,8,6B,10,20,80,FD,01,C8,3E,
24957385,00000497,false,Rx,0,8,00,40,00,00,64,46,00,20,
24957410,0000054B,false,Rx,0,8,00,00,00,00,00,00,00,24,
24957551,17F0000A,true,Rx,0,8,00,0A,00,00,00,00,00,80,
24957564,000000B2,false,Rx,0,8,00,00,00,00,00,00,00,00,
24957577,00000108,false,Rx,0,8,D9,16,D1,24,57,FE,00,00,
24957590,000000FD,false,Rx,0,8,58,D8,1F,80,00,00,00,00,
24957604,00000104,false,Rx,0,8,5E,38,A6,00,E6,00,00,31,
24957617,00000116,false,Rx,0,8,22,08,33,D2,28,62,87,FF,
24967284,000000B2,false,Rx,0,8,00,00,00,00,00,00,00,00,
24967312,00000101,false,Rx,0,8,8C,09,7D,F2,A1,05,40,00,
24969091,00000106,false,Rx,0,8,CE,89,9A,04,08,00,F1,30,
24969107,0000011E,false,Rx,0,8,E1,09,00,00,00,00,00,00,
24969120,0000031B,false,Rx,0,8,0C,06,00,00,00,63,15,00,
24969133,00000117,false,Rx,0,8,24,04,00,40,68,00,00,FF,
24969146,000000AD,false,Rx,0,8,5E,ED,BF,FF,00,14,00,00,
24969160,000000A7,false,Rx,0,8,9B,12,E0,7F,FD,FD,C7,3E,
24969173,000000A8,false,Rx,0,8,DD,C2,3E,D8,80,64,F4,0D,
24969186,00000120,false,Rx,0,8,56,09,00,00,01,04,FF,01,
24978547,000000B2,false,Rx,0,8,00,00,00,00,00,00,00,00,
24978572,000000FD,false,Rx,0,8,6A,D9,1F,80,00,00,00,00,
24978586,00000104,false,Rx,0,8,3A,39,A6,00,E6,00,00,31,
24978599,0000030B,false,Rx,0,8,10,0E,02,00,08,00,00,00,
24978612,00000116,false,Rx,0,8,46,09,33,D2,28,62,87,FF,
24978626,17330710,true,Rx,0,8,80,08,31,C3,38,07,81,00,
24978640,00000040,false,Rx,0,8,17,0F,00,00,C1,00,00,00,
24978653,0000012E,false,Rx,0,8,35,E5,7F,00,FE,00,C0,FF,
24984206,000000B2,false,Rx,0,8,00,00,00,00,00,00,00,00,
24984225,00000101,false,Rx,0,8,20,0A,7D,F2,A1,05,40,00,
24984238,00000106,false,Rx,0,8,62,8A,9A,04,08,00,F1,30,
24984251,0000011E,false,Rx,0,8,4D,0A,00,00,00,00,00,00,
24984276,00000117,false,Rx,0,8,40,05,00,40,68,00,00,FF,
24984289,000003EC,false,Rx,0,8,C1,00,00,00,00,08,01,00,
24985339,00000380,false,Rx,0,8,B1,0C,40,00,00,00,00,FF,
24985352,000000A7,false,Rx,0,8,6B,14,20,80,FD,FD,C7,3E,
24997582,0000009F,false,Rx,0,8,33,36,1D,80,03,12,00,40,
24997611,00000086,false,Rx,0,8,89,06,2C,20,00,00,00,00,
24997626,00000391,false,Rx,0,8,0D,67,23,3F,00,28,00,22,
24997639,000003BE,false,Rx,0,8,D9,10,E6,51,C8,80,00,80,
24997652,00000381,false,Rx,0,8,FF,FF,FF,FF,FF,FF,FF,DF,
24997665,00000382,false,Rx,0,8,FF,FF,FF,FF,FF,FF,FF,DF,
24997678,000000B2,false,Rx,0,8,00,00,00,00,00,00,00,00,
24997691,000000FD,false,Rx,0,8,26,DA,1F,80,00,00,00,00,
25008621,000000B2,false,Rx,0,8,00,00,00,00,00,00,00,00,
25008646,00000108,false,Rx,0,8,FF,18,D1,24,57,FE,00,00,
25008660,00000101,false,Rx,0,8,44,0B,7D,F2,A1,05,40,00,
25008673,00000106,false,Rx,0,8,06,8B,9A,04,08,00,F1,30,
25008686,00000395,false,Rx,0,8,18,0F,24,06,B4,41,50,1C,
25008699,0000011E,false,Rx,0,8,29,0B,00,00,00,00,00,00,
25008712,000001AB,false,Rx,0,8,DF,06,00,02,00,00,05,00,
25008725,0000030D,false,Rx,0,4,04,00,00,00,00,00,00,00,
25018518,000000B1,false,Rx,0,8,71,2E,00,00,00,00,00,00,
25018541,000000B2,false,Rx,0,8,00,00,00,00,00,00,00,00,
25018557,000003C8,false,Rx,0,8,00,00,54,24,00,12,00,4D,
25018570,000000FD,false,Rx,0,8,09,DB,1F,80,00,00,00,00,
25018583,00000104,false,Rx,0,8,F2,3B,A6,00,E6,00,00,31,
25018596,00000116,false,Rx,0,8,8E,0B,33,D2,28,62,87,FF,
25018610,000001A2,false,Rx,0,8,D3,0D,10,00,E1,06,80,13,
25018623,0000031B,false,Rx,0,8,EC,07,00,00,00,63,15,00,
25029461,000000B2,false,Rx,0,8,00,00,00,00,00,00,00,00,
25029484,00000101,false,Rx,0,8,03,0C,7D,F3,A1,05,40,00,
25029499,00000106,false,Rx,0,8,15,8C,9A,04,08,00,F1,30,
25029512,0000030B,false,Rx,0,8,10,0F,02,00,08,00,00,00,
25029525,0000011E,false,Rx,0,8,3A,0C,00,00,00,00,00,00,
25029540,17330710,true,Rx,0,5,C0,00,00,00,00,00,00,00,
25029553,00000040,false,Rx,0,8,55,00,00,00,C1,00,00,00,
25029566,00000117,false,Rx,0,8,88,07,00,40,68,00,00,FF,
25040429,000000B2,false,Rx,0,8,00,00,00,00,00,00,00,00,
25040454,17F00072,true,Rx,0,8,00,00,00,00,00,00,00,00,
25040470,000000FD,false,Rx,0,8,90,DC,1F,80,00,00,00,00,
25040483,00000104,false,Rx,0,8,E1,3C,A6,00,E6,00,00,31,
25040496,00000116,false,Rx,0,8,9D,0C,33,D2,28,62,87,FF,
25040509,00000126,false,Rx,0,8,A2,3F,00,00,03,FE,07,00,
25040522,0000012E,false,Rx,0,8,05,E8,7F,00,FE,00,C0,FF,
25040535,000000A7,false,Rx,0,8,DC,19,E0,7F,FD,FD,C7,3E,
25048995,00000106,false,Rx,0,8,71,8D,9A,04,08,00,F1,30,
25049020,0000011E,false,Rx,0,8,5E,0D,00,00,00,00,00,00,
25049036,000002B7,false,Rx,0,8,DC,00,00,00,00,00,00,00,
25049049,00000117,false,Rx,0,8,CA,08,00,40,68,00,00,FF,
25049062,000000A7,false,Rx,0,8,DA,1A,E0,7F,FD,FD,C7,3E,
25049075,000000A8,false,Rx,0,8,96,CA,3E,D8,80,64,F8,0D,
25049089,00000120,false,Rx,0,8,4B,0D,00,00,01,04,FF,01,
25049102,00000121,false,Rx,0,8,EB,0D,00,40,39,57,7E,FE,
25057108,00000497,false,Rx,0,8,00,40,00,00,64,46,00,20,
25057131,000000B2,false,Rx,0,8,00,00,00,00,00,00,00,00,
25057146,00000108,false,Rx,0,8,37,1A,D1,24,57,FE,00,00,
25057159,000000FD,false,Rx,0,8,19,DD,1F,80,00,00,00,00,
25057172,00000104,false,Rx,0,8,85,3D,A6,00,E6,00,00,31,
25057197,00000116,false,Rx,0,8,F9,0D,33,D2,28,62,87,FF,
25057209,0000030D,false,Rx,0,4,04,00,00,00,00,00,00,00,
25057222,0000012E,false,Rx,0,8,79,E9,7F,00,FE,00,C0,FF,
25067879,000000B2,false,Rx,0,8,00,00,00,00,00,00,00,00,
25067907,00000101,false,Rx,0,8,CF,0E,7D,F3,A1,08,40,00,
25068045,00000106,false,Rx,0,8,DD,8E,9A,04,08,00,F1,30,
25068058,0000011E,false,Rx,0,8,F2,0E,00,00,00,00,00,00,
25068071,0000031B,false,Rx,0,8,EE,08,00,00,00,63,15,00,
25068084,00000117,false,Rx,0,8,AE,09,00,40,68,00,00,FF,
25068097,000000AD,false,Rx,0,8,35,E7,BF,FF,00,14,00,00,
25068110,00000380,false,Rx,0,8,D5,0D,40,00,00,00,00,FF,
25077466,00000366,false,Rx,0,8,00,00,00,00,80,03,00,00,
25077489,000003C0,false,Rx,0,4,74,00,03,00,00,00,00,00,
25077504,00000381,false,Rx,0,8,FF,FF,FF,FF,FF,FF,FF,EF,
25077577,00000382,false,Rx,0,8,FF,FF,FF,FF,FF,FF,FF,EF,
25077590,00000584,false,Rx,0,6,3E,00,00,00,00,00,00,00,
25077603,000000B2,false,Rx,0,8,00,00,00,00,00,00,00,00,
25077616,000000FD,false,Rx,0,8,E6,DE,1F,80,00,00,00,00,
25077631,16A9540A,true,Rx,0,8,00,10,00,41,00,00,00,00,
25085183,000000B2,false,Rx,0,8,00,00,00,00,00,00,00,00,
25085204,00000101,false,Rx,0,8,4A,0F,7D,F2,A1,09,40,00,
25085218,00000106,false,Rx,0,8,B9,8F,9A,04,08,00,F1,30,
25085231,0000011E,false,Rx,0,8,96,0F,00,00,00,00,00,00,
25085244,00000117,false,Rx,0,8,02,0A,00,40,68,00,00,FF,
25085257,000000A7,false,Rx,0,8,70,1E,E0,7F,FD,FD,C7,3E,
25085270,000000A8,false,Rx,0,8,AC,CE,3E,D8,80,64,F4,0D,
25086516,0000011B,false,Rx,0,8,00,20,00,00,00,00,00,00,
25086529,00000120,false,Rx,0,8,F5,0F,00,00,01,04,FF,01,
25086542,00000121,false,Rx,0,8,CE,0F,00,40,39,57,7E,FE,
25096110,000000B2,false,Rx,0,8,00,00,00,00,00,00,00,00,
25096140,000000FD,false,Rx,0,8,71,DF,1F,80,00,00,00,00,
25096156,00000104,false,Rx,0,8,4D,3F,A6,00,E6,00,00,31,
25096169,00000116,false,Rx,0,8,31,0F,33,D2,28,62,87,FF,
25096182,00000392,false,Rx,0,8,13,2C,00,00,00,00,00,04,
25096195,000002B7,false,Rx,0,8,8D,01,00,00,00,00,00,00,
25096209,000003DB,false,Rx,0,8,50,00,01,00,04,20,01,6F,
25096222,0000012E,false,Rx,0,8,D1,EB,7F,00,FE,00,C0,FF,
25109192,000000B2,false,Rx,0,8,00,00,00,00,00,00,00,00,
25111402,00000108,false,Rx,0,8,40,1C,D1,24,57,FE,00,00,
25111434,00000101,false,Rx,0,8,BD,00,7D,F2,A1,08,40,00,
25111450,00000106,false,Rx,0,8,FB,80,9A,04,08,00,F1,30,
25111463,00000395,false,Rx,0,8,18,09,24,06,B4,41,50,1C,
25111476,0000011E,false,Rx,0,8,D4,00,00,00,00,00,00,00,
25111489,0000030D,false,Rx,0,4,04,00,00,00,00,00,00,00,
25111502,00000117,false,Rx,0,8,66,0B,00,40,68,00,00,FF,
25111515,000000A7,false,Rx,0,8,67,10,E0,7F,FD,FD,C7,3E,
25122831,000000AD,false,Rx,0,8,2F,EC,BF,FF,00,14,00,00,
25122856,0000012E,false,Rx,0,8,72,EC,7F,00,FE,00,C0,FF,
25122994,000000A7,false,Rx,0,8,EF,11,E0,7F,FD,FD,C7,3E,
25123007,000000A8,false,Rx,0,8,09,C1,3E,D8,80,64,F0,0D,
25123020,00000365,false,Rx,0,8,C0,C6,18,40,8F,02,AC,7A,
25123071,00000668,false,Rx,0,8,82,00,00,29,00,03,31,01,
25123084,00000086,false,Rx,0,8,52,03,2C,20,00,00,00,00,
25123111,0000009F,false,Rx,0,8,27,33,1D,80,03,14,00,40,
25133140,00000117,false,Rx,0,8,75,0C,00,40,68,00,00,FF,
25133164,000000A7,false,Rx,0,8,9B,12,E0,7F,FD,FD,C7,3E,
25133301,000000A8,false,Rx,0,8,E5,C2,3E,D8,80,64,F0,0D,
25133314,00000108,false,Rx,0,8,24,1D,D1,24,57,FE,00,00,
25138501,00000396,false,Rx,0,8,29,08,00,11,00,00,00,00,
25138526,00000120,false,Rx,0,8,CA,01,00,00,01,04,FF,01,
25138540,00000121,false,Rx,0,8,6C,01,00,40,39,57,7E,FE,
25138553,0000009F,false,Rx,0,8,34,34,1D,80,03,14,00,40,
25138566,00000086,false,Rx,0,8,41,04,2C,20,00,00,00,00,
25138579,000000B2,false,Rx,0,8,00,00,00,00,00,00,00,00,
25138592,000000FD,false,Rx,0,8,01,D1,1F,80,00,00,00,00,
25138605,00000104,false,Rx,0,8,6B,31,A6,00,E6,00,00,31,
25144431,000000B2,false,Rx,0,8,00,00,00,00,00,00,00,00,
25144449,00000101,false,Rx,0,8,85,02,7D,F2,A1,0B,40,00,
25144462,00000106,false,Rx,0,8,33,82,9A,04,08,00,F1,30,
25144475,0000011E,false,Rx,0,8,1C,02,00,00,00,00,00,00,
25144488,000002B7,false,Rx,0,8,55,02,00,00,00,00,00,00,
25144502,00000117,false,Rx,0,8,11,0D,00,40,68,00,00,FF,
25144514,00000380,false,Rx,0,8,79,0E,40,00,00,00,00,FF,
25145492,000000A7,false,Rx,0,8,20,14,E0,7F,FD,FD,C7,3E,
25154750,00000120,false,Rx,0,8,32,02,00,00,01,04,FF,01,
25154779,00000121,false,Rx,0,8,E3,02,00,40,39,57,7E,FE,
25154795,0000009F,false,Rx,0,8,FC,36,1D,80,03,14,00,40,
25154808,00000086,false,Rx,0,8,89,06,2C,20,00,00,00,00,
25154821,00000381,false,Rx,0,8,FF,FF,FF,FF,FF,FF,FF,FF,
25154848,00000382,false,Rx,0,8,FF,FF,FF,FF,FF,FF,FF,FF,
25154861,00000497,false,Rx,0,8,00,40,00,00,64,46,00,20,
25154874,000000B2,false,Rx,0,8,00,00,00,00,00,00,00,00,
25164479,000006B4,false,Rx,0,8,00,F2,F6,7B,AC,57,56,57,
25164502,0000011D,false,Rx,0,8,62,04,00,C8,00,00,00,00,
25164516,00000086,false,Rx,0,8,ED,07,2C,20,00,00,00,00,
25164529,0000009F,false,Rx,0,8,E2,37,1D,80,03,13,00,40,
25164542,000000B2,false,Rx,0,8,00,00,00,00,00,00,00,00,
25164555,00000101,false,Rx,0,8,67,03,7E,F2,A1,0A,40,00,
25164569,00000106,false,Rx,0,8,45,83,9A,04,08,00,F2,30,
25164582,0000011E,false,Rx,0,8,78,03,00,00,00,00,00,00,
25174873,000000A7,false,Rx,0,8,C8,16,E0,7F,FD,FD,C7,3E,
25174900,000000A8,false,Rx,0,8,C4,C6,3E,D8,80,64,F4,0D,
25174914,00000120,false,Rx,0,8,E0,03,00,00,01,04,FF,01,
25174942,00000365,false,Rx,0,8,C0,C6,18,40,8E,02,AC,7A,
25174955,00000121,false,Rx,0,8,11,03,00,40,39,57,7E,FE,
25174968,0000032A,false,Rx,0,8,B1,0C,00,00,44,04,00,00,
25174981,00000086,false,Rx,0,8,AF,08,2C,20,00,00,00,00,
25174994,0000009F,false,Rx,0,8,A0,38,1D,80,03,13,00,40,
25185555,000000A7,false,Rx,0,8,0A,17,20,80,FD,FD,C7,3E,
25185576,000000A8,false,Rx,0,8,D1,C7,3E,D8,80,64,F4,0D,
25185590,00000108,false,Rx,0,8,EC,1F,D1,24,57,FE,00,00,
25185617,0000011D,false,Rx,0,8,06,05,00,C8,00,00,00,00,
25185630,00000086,false,Rx,0,8,CB,09,2C,20,00,00,00,00,
25185643,0000009F,false,Rx,0,8,C4,39,1D,80,03,13,00,40,
25185657,000000B2,false,Rx,0,8,00,00,00,00,00,00,00,00,
25185670,00000101,false,Rx,0,8,BB,04,7E,F2,A1,0C,40,00,
25189821,00000120,false,Rx,0,8,B6,04,00,00,01,04,FF,01,
25189836,00000121,false,Rx,0,8,AC,04,00,40,39,57,7E,FE,
25189849,0000009F,false,Rx,0,8,68,3A,1D,80,03,13,00,40,
25189862,00000086,false,Rx,0,8,67,0A,2C,20,00,00,00,00,
25189875,00000391,false,Rx,0,8,0D,67,23,3E,00,28,00,22,
25189888,000003BE,false,Rx,0,8,C2,12,E6,51,C8,80,00,80,
25204870,000000A7,false,Rx,0,8,97,19,20,80,FD,FD,C7,3E,
25204902,000000A8,false,Rx,0,8,F1,C9,3E,D8,80,64,FC,0D,
25204916,0000011D,false,Rx,0,8,AA,06,00,C8,00,00,00,00,
25204929,00000086,false,Rx,0,8,03,0B,2C,20,00,00,00,00,
25204942,0000009F,false,Rx,0,8,0C,3B,1D,80,03,13,00,40,
25204955,000000B2,false,Rx,0,8,00,00,00,00,00,00,00,00,
25204968,00000108,false,Rx,0,8,AE,10,D1,24,57,FE,00,00,
25204981,00000101,false,Rx,0,8,55,05,7E,F2,A1,08,40,00,
25216267,000000A8,false,Rx,0,8,AE,CA,3E,D8,80,64,FC,0D,
25216304,00000120,false,Rx,0,8,B4,05,00,00,01,04,FF,01,
25216320,00000121,false,Rx,0,8,9B,05,00,40,39,57,7E,FE,
25220740,0000009F,false,Rx,0,8,1F,3C,1D,80,03,13,00,40,
25220754,00000086,false,Rx,0,8,10,0C,2C,20,00,00,00,00,
25220866,000000B1,false,Rx,0,8,13,20,00,00,00,00,00,00,
25220879,000000B2,false,Rx,0,8,00,00,00,00,00,00,00,00,
25220892,000003C8,false,Rx,0,8,00,00,54,24,00,12,00,4D,
25220905,000000FD,false,Rx,0,8,B7,D5,1F,80,00,00,00,00,
25220935,00000104,false,Rx,0,8,D4,35,A6,00,E6,00,00,31,
25220960,00000116,false,Rx,0,8,A8,05,33,D2,28,62,87,FF,
25231386,00000040,false,Rx,0,8,EA,04,00,00,C1,00,00,00,
25231409,00000117,false,Rx,0,8,FF,01,00,40,68,00,00,FF,
25231423,00000380,false,Rx,0,8,1D,0F,40,00,00,00,00,FF,
25231527,000000A7,false,Rx,0,8,A9,0C,E0,7F,FD,FD,C7,3E,
25231541,000000A8,false,Rx,0,8,45,CC,3E,D8,80,64,F8,0D,
25231554,00000108,false,Rx,0,8,CA,11,D1,24,57,FE,00,00,
25231567,00000396,false,Rx,0,8,4D,09,00,11,00,00,00,00,
25231580,00000120,false,Rx,0,8,5B,06,00,00,01,04,FF,01,
25241651,0000012E,false,Rx,0,8,6B,E2,7F,00,FE,00,C0,FF,
25241681,000000A7,false,Rx,0,8,59,0D,E0,7F,FD,FD,C7,3E,
25241815,000000A8,false,Rx,0,8,56,CD,3E,D8,80,64,F8,0D,
25241828,000003E8,false,Rx,0,8,00,B7,00,00,00,00,00,00,
25241841,000003E5,false,Rx,0,8,D1,1F,00,00,00,00,00,00,
25241855,0000011D,false,Rx,0,8,8C,08,00,C8,00,00,00,00,
25241868,00000086,false,Rx,0,8,BC,0F,2C,20,00,00,00,00,
25241881,0000009F,false,Rx,0,8,B3,3F,1D,80,03,13,00,40,
25251437,000002B7,false,Rx,0,8,BC,04,00,00,00,00,00,00,
25251560,00000117,false,Rx,0,8,53,02,00,40,68,00,00,FF,
25251576,000000A7,false,Rx,0,8,D2,0E,E0,7F,FD,FD,C7,3E,
25251589,000000A8,false,Rx,0,8,E4,CE,3E,D8,80,64,F8,0D,
25251602,00000120,false,Rx,0,8,59,07,00,00,01,04,FF,01,
25251616,00000121,false,Rx,0,8,CF,07,00,40,39,57,7E,FE,
25251629,000003FE,false,Rx,0,8,FF,3F,FF,FF,00,00,00,10,
25251642,0000009F,false,Rx,0,8,F1,30,1D,80,03,13,00,40,
25261940,0000012E,false,Rx,0,8,F2,E3,7F,00,FE,00,C0,FF,
25261973,000000A7,false,Rx,0,8,0C,0F,E0,7F,FD,FD,C7,3E,
25261989,000000A8,false,Rx,0,8,6B,CF,3E,D8,80,64,F8,0D,
25262002,0000011D,false,Rx,0,8,E8,09,00,C8,00,00,00,00,
25262015,00000086,false,Rx,0,8,9A,01,2C,20,00,00,00,00,
25262029,0000009F,false,Rx,0,8,95,31,1D,80,03,13,00,40,
25262042,000000B2,false,Rx,0,8,00,00,00,00,00,00,00,00,
25262055,00000101,false,Rx,0,8,AD,08,7D,F2,A1,07,40,00,
25271870,00000117,false,Rx,0,8,37,03,00,40,68,00,00,FF,
25271900,000000AD,false,Rx,0,8,42,EB,BF,FF,00,14,00,00,
25272010,000000A7,false,Rx,0,8,C5,00,E0,7F,FD,FD,C7,3E,
25272023,000000A8,false,Rx,0,8,4B,C0,3E,D8,80,64,F4,0D,
25272036,00000120,false,Rx,0,8,00,08,00,00,01,04,FF,01,
25272049,00000121,false,Rx,0,8,0C,08,00,40,39,57,7E,FE,
25272062,00000365,false,Rx,0,8,C0,C6,18,40,8D,02,AC,7A,
25272075,0000032A,false,Rx,0,8,79,0E,00,00,44,04,00,00,
25279946,00000040,false,Rx,0,8,8E,05,00,00,C1,00,00,00,
25279973,0000012E,false,Rx,0,8,D5,E4,7F,00,FE,00,C0,FF,
25280115,000000A7,false,Rx,0,8,4D,01,E0,7F,FD,FD,C7,3E,
25280128,000000A8,false,Rx,0,8,31,C1,3E,D8,80,64,F4,0D,
25280141,00000108,false,Rx,0,8,02,13,D1,24,57,FE,00,00,
25280154,00000520,false,Rx,0,8,9F,01,00,08,00,0A,00,00,
25280168,0000011D,false,Rx,0,8,44,0A,00,C8,00,00,00,00,
25280233,00000086,false,Rx,0,8,52,03,2C,20,00,00,00,00,
25288594,00000101,false,Rx,0,8,02,09,7D,F2,A1,0C,40,00,
25288618,00000106,false,Rx,0,8,CE,89,9A,04,08,00,F1,30,
25288632,0000011E,false,Rx,0,8,E1,09,00,00,00,00,00,00,
25288645,00000117,false,Rx,0,8,24,04,00,40,68,00,00,FF,
25288658,000000A7,false,Rx,0,8,39,02,E0,7F,FD,FD,C7,3E,
25288672,000000A8,false,Rx,0,8,E5,C2,3E,D8,80,64,F0,0D,
25288685,0000011B,false,Rx,0,8,00,20,00,00,00,00,00,00,
25288698,00000120,false,Rx,0,8,56,09,00,00,01,04,FF,01,
25292437,000000B2,false,Rx,0,8,00,00,00,00,00,00,00,00,
25292456,000000FD,false,Rx,0,8,6A,D9,1F,80,00,00,00,00,
25292469,00000104,false,Rx,0,8,3A,39,A6,00,E6,00,00,31,
25292482,00000116,false,Rx,0,8,46,09,33,D2,28,62,87,FF,
25292496,00000392,false,Rx,0,8,DB,2E,00,00,00,00,00,04,
25303133,0000012E,false,Rx,0,8,35,E5,7F,00,FE,00,C0,FF,
25303160,000000A7,false,Rx,0,8,1A,13,E0,7F,FD,FD,C7,3E,
25303176,000000A8,false,Rx,0,8,7A,C3,3E,D8,80,64,F8,0D,
25303189,0000011D,false,Rx,0,8,20,0B,00,C8,00,00,00,00,
25303205,00000086,false,Rx,0,8,25,05,2C,20,00,00,00,00,
25303219,0000009F,false,Rx,0,8,9F,35,1D,80,03,12,00,40,
25310045,000000B2,false,Rx,0,8,00,00,00,00,00,00,00,00,
25310070,00000108,false,Rx,0,8,11,14,D1,24,57,FE,00,00,
25310083,00000101,false,Rx,0,8,31,0A,7D,F3,A1,07,40,00,
25310097,00000106,false,Rx,0,8,70,8A,9A,04,08,00,F2,30,
25310110,00000395,false,Rx,0,8,18,0D,24,06,B4,41,50,1C,
25310123,0000011E,false,Rx,0,8,4D,0A,00,00,00,00,00,00,
25310136,0000030D,false,Rx,0,4,04,00,00,00,00,00,00,00,
25310149,00000117,false,Rx,0,8,40,05,00,40,68,00,00,FF,
25320138,000000FD,false,Rx,0,8,26,DA,1F,80,00,00,00,00,
25320161,00000104,false,Rx,0,8,96,3A,A6,00,E6,00,00,31,
25320212,00000116,false,Rx,0,8,EA,0A,33,D2,28,62,87,FF,
25320225,0000031B,false,Rx,0,8,C8,0D,00,00,00,63,15,00,
25320238,000003C8,false,Rx,0,8,00,00,54,24,00,12,00,4E,
25320252,0000012E,false,Rx,0,8,7F,E6,7F,00,FE,00,C0,FF,
25320265,000000AD,false,Rx,0,8,48,E0,BF,FF,00,14,00,00,
25320278,000000A7,false,Rx,0,8,F9,05,E0,7F,FD,FD,C7,3E,
25331438,0000032A,false,Rx,0,8,1D,0F,00,00,44,04,00,00,
25331465,00000086,false,Rx,0,8,ED,07,2C,20,00,00,00,00,
25331479,0000009F,false,Rx,0,8,57,37,1D,80,03,12,00,40,
25331492,0000011D,false,Rx,0,8,33,0C,00,C8,00,00,00,00,
25331625,000000B2,false,Rx,0,8,00,00,00,00,00,00,00,00,
25331638,00000101,false,Rx,0,8,14,0B,7D,F3,A1,08,40,00,
25331652,00000106,false,Rx,0,8,06,8B,9A,04,08,00,F1,30,
25331665,0000030B,false,Rx,0,8,10,05,02,00,08,00,00,00,
25343222,000006B2,false,Rx,0,8,71,9D,27,A1,A1,40,EF,2E,
25343249,0000012E,false,Rx,0,8,6C,E7,7F,00,FE,00,C0,FF,
25343263,000000A7,false,Rx,0,8,E3,07,E0,7F,FD,FD,C7,3E,
25343276,000000A8,false,Rx,0,8,CE,C7,3E,D8,80,64,00,0E,
25343290,1B000012,true,Rx,0,8,12,00,04,01,11,00,00,00,
25343304,000003E5,false,Rx,0,8,3A,10,00,00,00,00,00,00,
25343317,000006AE,false,Rx,0,4,00,00,10,00,00,00,00,00,
25351744,0000011D,false,Rx,0,8,57,0D,00,C8,00,00,00,00,
25351759,00000086,false,Rx,0,8,CB,09,2C,20,00,00,00,00,
25351772,0000009F,false,Rx,0,8,71,39,1D,80,03,12,00,40,
25351937,17F00012,true,Rx,0,8,20,12,00,00,00,00,00,00,
25351950,000000B2,false,Rx,0,8,00,00,00,00,00,00,00,00,
25351963,00000101,false,Rx,0,8,E6,0C,7D,F2,A1,09,40,00,
25351976,00000106,false,Rx,0,8,15,8C,9A,04,08,00,F1,30,
25351989,0000011E,false,Rx,0,8,3A,0C,00,00,00,00,00,00,
25362025,0000012E,false,Rx,0,8,05,E8,7F,00,FE,00,C0,FF,
25362058,000000A7,false,Rx,0,8,7E,09,E0,7F,FD,FD,C7,3E,
25362073,000000A8,false,Rx,0,8,9E,C9,3E,D8,80,64,00,0E,
25362086,000006B4,false,Rx,0,8,01,5A,5A,5A,41,55,5A,48,
25362099,0000011D,false,Rx,0,8,FB,0E,00,C8,00,00,00,00,
25362113,00000086,false,Rx,0,8,03,0B,2C,20,00,00,00,00,
25362125,0000009F,false,Rx,0,8,B9,3B,1D,80,03,12,00,40,
25362139,000000B2,false,Rx,0,8,00,00,00,00,00,00,00,00,
25371093,0000011E,false,Rx,0,8,5E,0D,00,00,00,00,00,00,
25371108,0000031B,false,Rx,0,8,8D,0E,00,00,00,63,15,00,
25371121,00000117,false,Rx,0,8,CA,08,00,40,68,00,00,FF,
25371134,000000AD,false,Rx,0,8,74,E5,BF,FF,00,14,00,00,
25371147,000000A7,false,Rx,0,8,78,0A,E0,7F,FD,FD,C7,3E,
25371160,000000A8,false,Rx,0,8,C1,CA,3E,D8,80,64,00,0E,
25371174,00000120,false,Rx,0,8,4B,0D,00,00,01,04,FF,01,
25371198,00000365,false,Rx,0,8,C0,C6,18,40,8E,02,AC,7A,
25379458,0000030B,false,Rx,0,8,10,06,02,00,08,00,00,00,
25379495,00000116,false,Rx,0,8,F9,0D,33,D2,28,62,87,FF,
25379509,00000040,false,Rx,0,8,46,07,00,00,C1,00,00,00,
25379522,0000012E,false,Rx,0,8,79,E9,7F,00,FE,00,C0,FF,
25379535,000000A7,false,Rx,0,8,16,0B,E0,7F,FD,FD,C7,3E,
25379549,000000A8,false,Rx,0,8,31,CB,3E,98,80,64,00,0E,
25379562,00000108,false,Rx,0,8,BD,17,D1,24,57,FE,00,00,
25379575,0000011D,false,Rx,0,8,9F,0F,00,C8,00,00,00,00,
25389587,000000B2,false,Rx,0,8,00,00,00,00,00,00,00,00,
25389616,00000101,false,Rx,0,8,54,0E,7D,F2,A1,0E,40,00,
25389632,00000106,false,Rx,0,8,DD,8E,9A,04,08,00,F1,30,
25389646,0000011E,false,Rx,0,8,F2,0E,00,00,00,00,00,00,
25389659,00000117,false,Rx,0,8,AE,09,00,40,68,00,00,FF,
25389672,000003EC,false,Rx,0,8,C1,00,00,00,00,08,01,00,
25389685,00000380,false,Rx,0,8,3B,01,40,00,00,00,00,FF,
25389698,000000A7,false,Rx,0,8,A9,0C,E0,7F,FD,FD,C7,3E,
25395242,000000B2,false,Rx,0,8,00,00,00,00,00,00,00,00,
25395261,000000FD,false,Rx,0,8,E6,DE,1F,80,00,00,00,00,
25395274,00000104,false,Rx,0,8,29,3E,A6,00,E6,00,00,31,
25395287,00000116,false,Rx,0,8,55,0E,33,D2,28,62,87,FF,
25395300,00000392,false,Rx,0,8,BF,2F,00,00,00,00,00,04,
