Time Stamp,ID,Extended,Dir,Bus,LEN,D1,D2,D3,D4,D5,D6,D7,D8
4551584025,000002C0,false,Rx,1,8,18,80,00,00,54,C0,FE,73,
4551593860,000002C0,false,Rx,1,8,18,80,00,00,54,C0,FE,83,
4551604028,000002C0,false,Rx,1,8,18,80,00,00,54,C0,FE,93,
4294992861,000002C0,false,Rx,1,8,18,80,00,00,54,C0,FE,A3,
4295003028,000002C0,false,Rx,1,8,18,80,00,00,54,C0,FE,B3,
4295012860,000002C0,false,Rx,1,8,18,80,00,00,54,C0,FE,C3,
4295023027,000002C0,false,Rx,1,8,18,80,00,00,54,C0,FE,D3,
4295032858,000002C0,false,Rx,1,8,18,80,00,00,54,C0,FE,E3,
4295043027,000002C0,false,Rx,1,8,18,80,00,00,54,C0,FE,F3,
4295052859,000002C0,false,Rx,1,8,18,80,00,00,54,C0,FE,03,
4295063030,000002C0,false,Rx,1,8,18,80,00,00,54,C0,FE,13,
4295072866,000002C0,false,Rx,1,8,18,80,00,00,54,C0,FE,23,
4295083028,000002C0,false,Rx,1,8,18,80,00,00,54,C0,FE,33,
4295092862,000002C0,false,Rx,1,8,18,80,00,00,54,C0,FE,43,
4295103032,000002C0,false,Rx,1,8,18,80,00,00,54,C0,FE,53,
4295112864,000002C0,false,Rx,1,8,18,80,00,00,54,C0,FE,63,
4295123030,000002C0,false,Rx,1,8,18,80,00,00,54,C0,FE,73,
4295132863,000002C0,false,Rx,1,8,18,80,00,00,54,C0,FE,83,
4295143034,000002C0,false,Rx,1,8,18,80,00,00,54,C0,FE,93,
4295152862,000002C0,false,Rx,1,8,18,80,00,00,54,C0,FE,A3,
4295163034,000002C0,false,Rx,1,8,18,80,00,00,54,C0,FE,B3,
4295172864,000002C0,false,Rx,1,8,18,80,00,00,54,C0,FE,C3,
4295183036,000002C0,false,Rx,1,8,18,80,00,00,54,C0,FE,D3,
4295192866,000002C0,false,Rx,1,8,18,80,00,00,54,C0,FE,E3,
4295203034,000002C0,false,Rx,1,8,18,80,00,00,54,C0,FE,F3,
4295212867,000002C0,false,Rx,1,8,18,80,00,00,54,C0,FE,03,
4295223043,000002C0,false,Rx,1,8,18,80,00,00,54,C0,FE,13,
4295232868,000002C0,false,Rx,1,8,18,80,00,00,54,C0,FE,23,
4295243034,000002C0,false,Rx,1,8,18,80,00,00,54,C0,FE,33,
4295252866,000002C0,false,Rx,1,8,18,80,00,00,54,C0,FE,43,
4295263038,000002C0,false,Rx,1,8,18,80,00,00,54,C0,FE,53,
4295272869,000002C0,false,Rx,1,8,18,80,00,00,54,C0,FE,63,
4295283038,000002C0,false,Rx,1,8,18,80,00,00,54,C0,FE,73,
4295292872,000002C0,false,Rx,1,8,18,80,00,00,54,C0,FE,83,
4295303041,000002C0,false,Rx,1,8,18,80,00,00,54,C0,FE,93,
4295312869,000002C0,false,Rx,1,8,18,80,00,00,54,C0,FE,A3,
4295323039,000002C0,false,Rx,1,8,18,80,00,00,54,C0,FE,B3,
4295332871,000002C0,false,Rx,1,8,18,80,00,00,54,C0,FE,C3,
4295343040,000002C0,false,Rx,1,8,18,80,00,00,54,C0,FE,D3,
4295352869,000002C0,false,Rx,1,8,18,80,00,00,54,C0,FE,E3,
4295363040,000002C0,false,Rx,1,8,18,80,00,00,54,C0,FE,F3,
4295372872,000002C0,false,Rx,1,8,18,80,00,00,54,C0,FE,03,
4295383045,000002C0,false,Rx,1,8,18,80,00,00,54,C0,FE,13,
4295392877,000002C0,false,Rx,1,8,18,80,00,00,54,C0,FE,23,
4295403041,000002C0,false,Rx,1,8,18,80,00,00,54,C0,FE,33,
4295412873,000002C0,false,Rx,1,8,18,80,00,00,54,C0,FE,43,
4295423043,000002C0,false,Rx,1,8,18,80,00,00,54,C0,FE,53,
4295432875,000002C0,false,Rx,1,8,18,80,00,00,54,C0,FE,63,
4295443042,000002C0,false,Rx,1,8,18,80,00,00,54,C0,FE,73,
4295452876,000002C0,false,Rx,1,8,18,80,00,00,54,C0,FE,83,
4295463047,000002C0,false,Rx,1,8,18,80,00,00,54,C0,FE,93,
4295472873,000002C0,false,Rx,1,8,18,80,00,00,54,C0,FE,A3,
4295483050,000002C0,false,Rx,1,8,18,80,00,00,54,C0,FE,B3,
4295492882,000002C0,false,Rx,1,8,18,80,00,00,54,C0,FE,C3,
4295503047,000002C0,false,Rx,1,8,18,80,00,00,54,C0,FE,D3,
4295512877,000002C0,false,Rx,1,8,18,80,00,00,54,C0,FE,E3,
4295523046,000002C0,false,Rx,1,8,18,80,00,00,54,C0,FE,F3,
4295532878,000002C0,false,Rx,1,8,18,80,00,00,54,C0,FE,03,
4295543049,000002C0,false,Rx,1,8,18,80,00,00,54,C0,FE,13,
4295552881,000002C0,false,Rx,1,8,18,80,00,00,54,C0,FE,23,
4295563047,000002C0,false,Rx,1,8,18,80,00,00,54,C0,FE,33,
4295572877,000002C0,false,Rx,1,8,18,80,00,00,54,C0,FE,43,
4295583156,000002C0,false,Rx,1,8,18,80,00,00,54,C0,FE,53,
4295592884,000002C0,false,Rx,1,8,18,80,00,00,54,C0,FE,63,
4295603048,000002C0,false,Rx,1,8,18,80,00,00,54,C0,FE,73,
4295612882,000002C0,false,Rx,1,8,18,80,00,00,54,C0,FE,83,
4295623054,000002C0,false,Rx,1,8,18,80,00,00,54,C0,FE,93,
4295632880,000002C0,false,Rx,1,8,18,80,00,00,54,C0,FE,A3,
4295643051,000002C0,false,Rx,1,8,18,80,00,00,54,C0,FE,B3,
4295652884,000002C0,false,Rx,1,8,18,80,00,00,54,C0,FE,C3,
4295663052,000002C0,false,Rx,1,8,18,80,00,00,54,C0,FE,D3,
4295672881,000002C0,false,Rx,1,8,18,80,00,00,54,C0,FE,E3,
4295683052,000002C0,false,Rx,1,8,18,80,00,00,54,C0,FE,F3,
4295692888,000002C0,false,Rx,1,8,18,80,00,00,54,C0,FE,03,
4295703054,000002C0,false,Rx,1,8,18,80,00,00,54,C0,FE,13,
4295712888,000002C0,false,Rx,1,8,18,80,00,00,54,C0,FE,23,
4295723058,000002C0,false,Rx,1,8,18,80,00,00,54,C0,FE,33,
4295732884,000002C0,false,Rx,1,8,18,80,00,00,54,C0,FE,43,
4295743057,000002C0,false,Rx,1,8,18,80,00,00,54,C0,FE,53,
4295752887,000002C0,false,Rx,1,8,18,80,00,00,54,C0,FE,63,
4295763054,000002C0,false,Rx,1,8,18,80,00,00,54,C0,FE,73,
4295772888,000002C0,false,Rx,1,8,18,80,00,00,54,C0,FE,83,
4295783060,000002C0,false,Rx,1,8,18,80,00,00,54,C0,FE,93,
4295792891,000002C0,false,Rx,1,8,18,80,00,00,54,C0,FE,A3,
4295803058,000002C0,false,Rx,1,8,18,80,00,00,54,C0,FE,B3,
4295812890,000002C0,false,Rx,1,8,18,80,00,00,54,C0,FE,C3,
4295823059,000002C0,false,Rx,1,8,18,80,00,00,54,C0,FE,D3,
4295832887,000002C0,false,Rx,1,8,18,80,00,00,54,C0,FE,E3,
4295843059,000002C0,false,Rx,1,8,18,80,00,00,54,C0,FE,F3,
4295852891,000002C0,false,Rx,1,8,18,80,00,00,54,C0,FE,03,
4295863060,000002C0,false,Rx,1,8,18,80,00,00,54,C0,FE,13,
4295872893,000002C0,false,Rx,1,8,18,80,00,00,54,C0,FE,23,
4295883060,000002C0,false,Rx,1,8,18,80,00,00,54,C0,FE,33,
4295892891,000002C0,false,Rx,1,8,18,80,00,00,54,C0,FE,43,
4295903061,000002C0,false,Rx,1,8,18,80,00,00,54,C0,FE,53,
4295912893,000002C0,false,Rx,1,8,18,80,00,00,54,C0,FE,63,
4295923061,000002C0,false,Rx,1,8,18,80,00,00,54,C0,FE,73,
4295932893,000002C0,false,Rx,1,8,18,80,00,00,54,C0,FE,83,
4295943066,000002C0,false,Rx,1,8,18,80,00,00,54,C0,FE,93,
4295952893,000002C0,false,Rx,1,8,18,80,00,00,54,C0,FE,A3,
4295963064,000002C0,false,Rx,1,8,18,80,00,00,54,C0,FE,B3,
4295972896,000002C0,false,Rx,1,8,18,80,00,00,54,C0,FE,C3,
4295983065,000002C0,false,Rx,1,8,18,80,00,00,54,C0,FE,D3,
4295992909,000002C0,false,Rx,1,8,18,80,00,00,54,C0,FE,E3,
4296003064,000002C0,false,Rx,1,8,18,80,00,00,54,C0,FE,F3,
4296012898,000002C0,false,Rx,1,8,18,80,00,00,54,C0,FE,03,
4296023067,000002C0,false,Rx,1,8,18,80,00,00,54,C0,FE,13,
4296032899,000002C0,false,Rx,1,8,18,80,00,00,54,C0,FE,23,
4296043066,000002C0,false,Rx,1,8,18,80,00,00,54,C0,FE,33,
4296052896,000002C0,false,Rx,1,8,18,80,00,00,54,C0,FE,43,
4296063067,000002C0,false,Rx,1,8,18,80,00,00,54,C0,FE,53,
4296072900,000002C0,false,Rx,1,8,18,80,00,00,54,C0,FE,63,
4296083067,000002C0,false,Rx,1,8,18,80,00,00,54,C0,FE,73,
4296092900,000002C0,false,Rx,1,8,18,80,00,00,54,C0,FE,83,
4296103076,000002C0,false,Rx,1,8,18,80,00,00,54,C0,FE,93,
4296112899,000002C0,false,Rx,1,8,18,80,00,00,54,C0,FE,A3,
4296123071,000002C0,false,Rx,1,8,18,80,00,00,54,C0,FE,B3,
4296132902,000002C0,false,Rx,1,8,18,80,00,00,54,C0,FE,C3,
4296143071,000002C0,false,Rx,1,8,18,80,00,00,54,C0,FE,D3,
4296152900,000002C0,false,Rx,1,8,18,80,00,00,54,C0,FE,E3,
4296163070,000002C0,false,Rx,1,8,18,80,00,00,54,C0,FE,F3,
4296172904,000002C0,false,Rx,1,8,18,80,00,00,54,C0,FE,03,
4296183073,000002C0,false,Rx,1,8,18,80,00,00,54,C0,FE,13,
4296192905,000002C0,false,Rx,1,8,18,80,00,00,54,C0,FE,23,
4296203073,000002C0,false,Rx,1,8,18,80,00,00,54,C0,FE,33,
4296212930,000002C0,false,Rx,1,8,18,80,00,00,54,C0,FE,43,
4296223081,000002C0,false,Rx,1,8,18,80,00,00,54,C0,FE,53,
4296232905,000002C0,false,Rx,1,8,18,80,00,00,54,C0,FE,63,
4296243074,000002C0,false,Rx,1,8,18,80,00,00,54,C0,FE,73,
4296252906,000002C0,false,Rx,1,8,18,80,00,00,54,C0,FE,83,
4296263077,000002C0,false,Rx,1,8,18,80,00,00,54,C0,FE,93,
4296272906,000002C0,false,Rx,1,8,18,80,00,00,54,C0,FE,A3,
4296283077,000002C0,false,Rx,1,8,18,80,00,00,54,C0,FE,B3,
4296292909,000002C0,false,Rx,1,8,18,80,00,00,54,C0,FE,C3,
4296303086,000002C0,false,Rx,1,8,18,80,00,00,54,C0,FE,D3,
4296312907,000002C0,false,Rx,1,8,18,80,00,00,54,C0,FE,E3,
4296323077,000002C0,false,Rx,1,8,18,80,00,00,54,C0,FE,F3,
4296332909,000002C0,false,Rx,1,8,18,80,00,00,54,C0,FE,03,
4296343079,000002C0,false,Rx,1,8,18,80,00,00,54,C0,FE,13,
4296352912,000002C0,false,Rx,1,8,18,80,00,00,54,C0,FE,23,
4296363077,000002C0,false,Rx,1,8,18,80,00,00,54,C0,FE,33,
4296372911,000002C0,false,Rx,1,8,18,80,00,00,54,C0,FE,43,
4296383080,000002C0,false,Rx,1,8,18,80,00,00,54,C0,FE,53,
4296392913,000002C0,false,Rx,1,8,18,80,00,00,54,C0,FE,63,
4296403089,000002C0,false,Rx,1,8,18,80,00,00,54,C0,FE,73,
4296412913,000002C0,false,Rx,1,8,18,80,00,00,54,C0,FE,83,
4296423084,000002C0,false,Rx,1,8,18,80,00,00,54,C0,FE,93,
4296432912,000002C0,false,Rx,1,8,18,80,00,00,54,C0,FE,A3,
4296443083,000002C0,false,Rx,1,8,18,80,00,00,54,C0,FE,B3,
4296452914,000002C0,false,Rx,1,8,18,80,00,00,54,C0,FE,C3,
4296463083,000002C0,false,Rx,1,8,18,80,00,00,54,C0,FE,D3,
4296472914,000002C0,false,Rx,1,8,18,80,00,00,54,C0,FE,E3,
4296483083,000002C0,false,Rx,1,8,18,80,00,00,54,C0,FE,F3,
4296492921,000002C0,false,Rx,1,8,18,80,00,00,54,C0,FE,03,
4296503506,000002C0,false,Rx,1,8,18,80,00,00,54,C0,FE,13,
4296512925,000002C0,false,Rx,1,8,18,80,00,00,54,C0,FE,23,
4296523097,000002C0,false,Rx,1,8,18,80,00,00,54,C0,FE,33,
4296532914,000002C0,false,Rx,1,8,18,80,00,00,54,C0,FE,43,
4296543087,000002C0,false,Rx,1,8,18,80,00,00,54,C0,FE,53,
4296552918,000002C0,false,Rx,1,8,18,80,00,00,54,C0,FE,63,
4296563085,000002C0,false,Rx,1,8,18,80,00,00,54,C0,FE,73,
4296572919,000002C0,false,Rx,1,8,18,80,00,00,54,C0,FE,83,
4296583093,000002C0,false,Rx,1,8,18,80,00,00,54,C0,FE,93,
4296592917,000002C0,false,Rx,1,8,18,80,00,00,54,C0,FE,A3,
4296603089,000002C0,false,Rx,1,8,18,80,00,00,54,C0,FE,B3,
4296612927,000002C0,false,Rx,1,8,18,80,00,00,54,C0,FE,C3,
4296623090,000002C0,false,Rx,1,8,18,80,00,00,54,C0,FE,D3,
4296632920,000002C0,false,Rx,1,8,18,80,00,00,54,C0,FE,E3,
4296643089,000002C0,false,Rx,1,8,18,80,00,00,54,C0,FE,F3,
4296652921,000002C0,false,Rx,1,8,18,80,00,00,54,C0,FE,03,
4296663092,000002C0,false,Rx,1,8,18,80,00,00,54,C0,FE,13,
4296672925,000002C0,false,Rx,1,8,18,80,00,00,54,C0,FE,23,
4296683090,000002C0,false,Rx,1,8,18,80,00,00,54,C0,FE,33,
4296692921,000002C0,false,Rx,1,8,18,80,00,00,54,C0,FE,43,
4296703092,000002C0,false,Rx,1,8,18,80,00,00,54,C0,FE,53,
4296712932,000002C0,false,Rx,1,8,18,80,00,00,54,C0,FE,63,
4296723095,000002C0,false,Rx,1,8,18,80,00,00,54,C0,FE,73,
4296732925,000002C0,false,Rx,1,8,18,80,00,00,54,C0,FE,83,
4296743096,000002C0,false,Rx,1,8,18,80,00,00,54,C0,FE,93,
4296752923,000002C0,false,Rx,1,8,18,80,00,00,54,C0,FE,A3,
4296763095,000002C0,false,Rx,1,8,18,80,00,00,54,C0,FE,B3,
4296772927,000002C0,false,Rx,1,8,18,80,00,00,54,C0,FE,C3,
4296783096,000002C0,false,Rx,1,8,18,80,00,00,54,C0,FE,D3,
4296792924,000002C0,false,Rx,1,8,18,80,00,00,54,C0,FE,E3,
4296803094,000002C0,false,Rx,1,8,18,80,00,00,54,C0,FE,F3,
4296812933,000002C0,false,Rx,1,8,18,80,00,00,54,C0,FE,03,
4296823097,000002C0,false,Rx,1,8,18,80,00,00,54,C0,FE,13,
4296832932,000002C0,false,Rx,1,8,18,80,00,00,54,C0,FE,23,
4296843097,000002C0,false,Rx,1,8,18,80,00,00,54,C0,FE,33,
4296852927,000002C0,false,Rx,1,8,18,80,00,00,54,C0,FE,43,
4296863100,000002C0,false,Rx,1,8,18,80,00,00,54,C0,FE,53,
4296872930,000002C0,false,Rx,1,8,18,80,00,00,54,C0,FE,63,
4296883098,000002C0,false,Rx,1,8,18,80,00,00,54,C0,FE,73,
4296892932,000002C0,false,Rx,1,8,18,80,00,00,54,C0,FE,83,
4296903102,000002C0,false,Rx,1,8,18,80,00,00,54,C0,FE,93,
4296912932,000002C0,false,Rx,1,8,18,80,00,00,54,C0,FE,A3,
4296923106,000002C0,false,Rx,1,8,18,80,00,00,54,C0,FE,B3,
4296932933,000002C0,false,Rx,1,8,18,80,00,00,54,C0,FE,C3,
4296943102,000002C0,false,Rx,1,8,18,80,00,00,54,C0,FE,D3,
4296952932,000002C0,false,Rx,1,8,18,80,00,00,54,C0,FE,E3,
4296963102,000002C0,false,Rx,1,8,18,80,00,00,54,C0,FE,F3,
4296972934,000002C0,false,Rx,1,8,18,80,00,00,54,C0,FE,03,
4296983103,000002C0,false,Rx,1,8,18,80,00,00,54,C0,FE,13,
4296992941,000002C0,false,Rx,1,8,18,80,00,00,54,C0,FE,23,
4297003103,000002C0,false,Rx,1,8,18,80,00,00,54,C0,FE,33,
4297012935,000002C0,false,Rx,1,8,18,80,00,00,54,C0,FE,43,
4297023116,000002C0,false,Rx,1,8,18,80,00,00,54,C0,FE,53,
4297032937,000002C0,false,Rx,1,8,18,80,00,00,54,C0,FE,63,
4297043104,000002C0,false,Rx,1,8,18,80,00,00,54,C0,FE,73,
4297052937,000002C0,false,Rx,1,8,18,80,00,00,54,C0,FE,83,
4297063109,000002C0,false,Rx,1,8,18,80,00,00,54,C0,FE,93,
4297072936,000002C0,false,Rx,1,8,18,80,00,00,54,C0,FE,A3,
4297083107,000002C0,false,Rx,1,8,18,80,00,00,54,C0,FE,B3,
4297092939,000002C0,false,Rx,1,8,18,80,00,00,54,C0,FE,C3,
4297103109,000002C0,false,Rx,1,8,18,80,00,00,54,C0,FE,D3,
4297112939,000002C0,false,Rx,1,8,18,80,00,00,54,C0,FE,E3,
4297123111,000002C0,false,Rx,1,8,18,80,00,00,54,C0,FE,F3,
4297132941,000002C0,false,Rx,1,8,18,80,00,00,54,C0,FE,03,
4297143109,000002C0,false,Rx,1,8,18,80,00,00,54,C0,FE,13,
4297152944,000002C0,false,Rx,1,8,18,80,00,00,54,C0,FE,23,
4297163109,000002C0,false,Rx,1,8,18,80,00,00,54,C0,FE,33,
4297172939,000002C0,false,Rx,1,8,18,80,00,00,54,C0,FE,43,
4297183110,000002C0,false,Rx,1,8,18,80,00,00,54,C0,FE,53,
4297192943,000002C0,false,Rx,1,8,18,80,00,00,54,C0,FE,63,
4297203111,000002C0,false,Rx,1,8,18,80,00,00,54,C0,FE,73,
4297212945,000002C0,false,Rx,1,8,18,80,00,00,54,C0,FE,83,
4297223131,000002C0,false,Rx,1,8,18,80,00,00,54,C0,FE,93,
4297232946,000002C0,false,Rx,1,8,18,80,00,00,54,C0,FE,A3,
4297243113,000002C0,false,Rx,1,8,18,80,00,00,54,C0,FE,B3,
4297252946,000002C0,false,Rx,1,8,18,80,00,00,54,C0,FE,C3,
4297263115,000002C0,false,Rx,1,8,18,80,00,00,54,C0,FE,D3,
4297272944,000002C0,false,Rx,1,8,18,80,00,00,54,C0,FE,E3,
4297283113,000002C0,false,Rx,1,8,18,80,00,00,54,C0,FE,F3,
4297292947,000002C0,false,Rx,1,8,18,80,00,00,54,C0,FE,03,
4297303116,000002C0,false,Rx,1,8,18,80,00,00,54,C0,FE,13,
4297312950,000002C0,false,Rx,1,8,18,80,00,00,54,C0,FE,23,
4297323114,000002C0,false,Rx,1,8,18,80,00,00,54,C0,FE,33,
4297332948,000002C0,false,Rx,1,8,18,80,00,00,54,C0,FE,43,
4297343120,000002C0,false,Rx,1,8,18,80,00,00,54,C0,FE,53,
4297352948,000002C0,false,Rx,1,8,18,80,00,00,54,C0,FE,63,
4297363117,000002C0,false,Rx,1,8,18,80,00,00,54,C0,FE,73,
4297372949,000002C0,false,Rx,1,8,18,80,00,00,54,C0,FE,83,
4297383122,000002C0,false,Rx,1,8,18,80,00,00,54,C0,FE,93,
4297392949,000002C0,false,Rx,1,8,18,80,00,00,54,C0,FE,A3,
4297403121,000002C0,false,Rx,1,8,18,80,00,00,54,C0,FE,B3,
4297412953,000002C0,false,Rx,1,8,18,80,00,00,54,C0,FE,C3,
4297423120,000002C0,false,Rx,1,8,18,80,00,00,54,C0,FE,D3,
4297432955,000002C0,false,Rx,1,8,18,80,00,00,54,C0,FE,E3,
4297443119,000002C0,false,Rx,1,8,18,80,00,00,54,C0,FE,F3,
4297452953,000002C0,false,Rx,1,8,18,80,00,00,54,C0,FE,03,
4297463122,000002C0,false,Rx,1,8,18,80,00,00,54,C0,FE,13,
4297472955,000002C0,false,Rx,1,8,18,80,00,00,54,C0,FE,23,
4297483120,000002C0,false,Rx,1,8,18,80,00,00,54,C0,FE,33,
4297492953,000002C0,false,Rx,1,8,18,80,00,00,54,C0,FE,43,
4297503124,000002C0,false,Rx,1,8,18,80,00,00,54,C0,FE,53,
4297512956,000002C0,false,Rx,1,8,18,80,00,00,54,C0,FE,63,
4297523124,000002C0,false,Rx,1,8,18,80,00,00,54,C0,FE,73,
4297532964,000002C0,false,Rx,1,8,18,80,00,00,54,C0,FE,83,
4297543126,000002C0,false,Rx,1,8,18,80,00,00,54,C0,FE,93,
4297552955,000002C0,false,Rx,1,8,18,80,00,00,54,C0,FE,A3,
4297563126,000002C0,false,Rx,1,8,18,80,00,00,54,C0,FE,B3,
4297572957,000002C0,false,Rx,1,8,18,80,00,00,54,C0,FE,C3,
4297583128,000002C0,false,Rx,1,8,18,80,00,00,54,C0,FE,D3,
4297592956,000002C0,false,Rx,1,8,18,80,00,00,54,C0,FE,E3,
4297603126,000002C0,false,Rx,1,8,18,80,00,00,54,C0,FE,F3,
4297612960,000002C0,false,Rx,1,8,18,80,00,00,54,C0,FE,03,
4297623127,000002C0,false,Rx,1,8,18,80,00,00,54,C0,FE,13,
4297632968,000002C0,false,Rx,1,8,18,80,00,00,54,C0,FE,23,
4297643127,000002C0,false,Rx,1,8,18,80,00,00,54,C0,FE,33,
4297652960,000002C0,false,Rx,1,8,18,80,00,00,54,C0,FE,43,
4297663130,000002C0,false,Rx,1,8,18,80,00,00,54,C0,FE,53,
4297672960,000002C0,false,Rx,1,8,18,80,00,00,54,C0,FE,63,
4297683130,000002C0,false,Rx,1,8,18,80,00,00,54,C0,FE,73,
4297692962,000002C0,false,Rx,1,8,18,80,00,00,54,C0,FE,83,
4297703134,000002C0,false,Rx,1,8,18,80,00,00,54,C0,FE,93,
4297712962,000002C0,false,Rx,1,8,18,80,00,00,54,C0,FE,A3,
4297723140,000002C0,false,Rx,1,8,18,80,00,00,54,C0,FE,B3,
4297732963,000002C0,false,Rx,1,8,18,80,00,00,54,C0,FE,C3,
4297743137,000002C0,false,Rx,1,8,18,80,00,00,54,C0,FE,D3,
4297752964,000002C0,false,Rx,1,8,18,80,00,00,54,C0,FE,E3,
4297763132,000002C0,false,Rx,1,8,18,80,00,00,54,C0,FE,F3,
4297772964,000002C0,false,Rx,1,8,18,80,00,00,54,C0,FE,03,
4297783135,000002C0,false,Rx,1,8,18,80,00,00,54,C0,FE,13,
4297792968,000002C0,false,Rx,1,8,18,80,00,00,54,C0,FE,23,
4297803134,000002C0,false,Rx,1,8,18,80,00,00,54,C0,FE,33,
4297812965,000002C0,false,Rx,1,8,18,80,00,00,54,C0,FE,43,
4297823137,000002C0,false,Rx,1,8,18,80,00,00,54,C0,FE,53,
4297832967,000002C0,false,Rx,1,8,18,80,00,00,54,C0,FE,63,
4297843138,000002C0,false,Rx,1,8,18,80,00,00,54,C0,FE,73,
4297852970,000002C0,false,Rx,1,8,18,80,00,00,54,C0,FE,83,
4297863140,000002C0,false,Rx,1,8,18,80,00,00,54,C0,FE,93,
4297872966,000002C0,false,Rx,1,8,18,80,00,00,54,C0,FE,A3,
4297883139,000002C0,false,Rx,1,8,18,80,00,00,54,C0,FE,B3,
4297892969,000002C0,false,Rx,1,8,18,80,00,00,54,C0,FE,C3,
4297903139,000002C0,false,Rx,1,8,18,80,00,00,54,C0,FE,D3,
4297912969,000002C0,false,Rx,1,8,18,80,00,00,54,C0,FE,E3,
4297923139,000002C0,false,Rx,1,8,18,80,00,00,54,C0,FE,F3,
4297932971,000002C0,false,Rx,1,8,18,80,00,00,54,C0,FE,03,
4297943143,000002C0,false,Rx,1,8,18,80,00,00,54,C0,FE,13,
4297952975,000002C0,false,Rx,1,8,18,80,00,00,54,C0,FE,23,
4297963139,000002C0,false,Rx,1,8,18,80,00,00,54,C0,FE,33,
4297972971,000002C0,false,Rx,1,8,18,80,00,00,54,C0,FE,43,
4297983142,000002C0,false,Rx,1,8,18,80,00,00,54,C0,FE,53,
4297992974,000002C0,false,Rx,1,8,18,80,00,00,54,C0,FE,63,
4298003142,000002C0,false,Rx,1,8,18,80,00,00,54,C0,FE,73,
4298012975,000002C0,false,Rx,1,8,18,80,00,00,54,C0,FE,83,
4298023147,000002C0,false,Rx,1,8,18,80,00,00,54,C0,FE,93,
4298032972,000002C0,false,Rx,1,8,18,80,00,00,54,C0,FE,A3,
4298043156,000002C0,false,Rx,1,8,18,80,00,00,54,C0,FE,B3,
4298052976,000002C0,false,Rx,1,8,18,80,00,00,54,C0,FE,C3,
4298063145,000002C0,false,Rx,1,8,18,80,00,00,54,C0,FE,D3,
4298072974,000002C0,false,Rx,1,8,18,80,00,00,54,C0,FE,E3,
4298083145,000002C0,false,Rx,1,8,18,80,00,00,54,C0,FE,F3,
4298092977,000002C0,false,Rx,1,8,18,80,00,00,54,C0,FE,03,
4298103147,000002C0,false,Rx,1,8,18,80,00,00,54,C0,FE,13,
4298112981,000002C0,false,Rx,1,8,18,80,00,00,54,C0,FE,23,
4298123146,000002C0,false,Rx,1,8,18,80,00,00,54,C0,FE,33,
4298132976,000002C0,false,Rx,1,8,18,80,00,00,54,C0,FE,43,
4298143161,000002C0,false,Rx,1,8,18,80,00,00,54,C0,FE,53,
4298152983,000002C0,false,Rx,1,8,18,80,00,00,54,C0,FE,63,
4298163147,000002C0,false,Rx,1,8,18,80,00,00,54,C0,FE,73,
4298172981,000002C0,false,Rx,1,8,18,80,00,00,54,C0,FE,83,
4298183152,000002C0,false,Rx,1,8,18,80,00,00,54,C0,FE,93,
4298192979,000002C0,false,Rx,1,8,18,80,00,00,54,C0,FE,A3,
4298203151,000002C0,false,Rx,1,8,18,80,00,00,54,C0,FE,B3,
4298212983,000002C0,false,Rx,1,8,18,80,00,00,54,C0,FE,C3,
4298223161,000002C0,false,Rx,1,8,18,80,00,00,54,C0,FE,D3,
4298232981,000002C0,false,Rx,1,8,18,80,00,00,54,C0,FE,E3,
4298243150,000002C0,false,Rx,1,8,18,80,00,00,54,C0,FE,F3,
4298252996,000002C0,false,Rx,1,8,18,80,00,00,54,C0,FE,03,
4298263153,000002C0,false,Rx,1,8,18,80,00,00,54,C0,FE,13,
4298272985,000002C0,false,Rx,1,8,18,80,00,00,54,C0,FE,23,
4298283153,000002C0,false,Rx,1,8,18,80,00,00,54,C0,FE,33,
4298292983,000002C0,false,Rx,1,8,18,80,00,00,54,C0,FE,43,
4298303155,000002C0,false,Rx,1,8,18,80,00,00,54,C0,FE,53,
4298313006,000002C0,false,Rx,1,8,18,80,00,00,54,C0,FE,63,
4298323165,000002C0,false,Rx,1,8,18,80,00,00,54,C0,FE,73,
4298332986,000002C0,false,Rx,1,8,18,80,00,00,54,C0,FE,83,
4298343159,000002C0,false,Rx,1,8,18,80,00,00,54,C0,FE,93,
4298352989,000002C0,false,Rx,1,8,18,80,00,00,54,C0,FE,A3,
4298363157,000002C0,false,Rx,1,8,18,80,00,00,54,C0,FE,B3,
4298372988,000002C0,false,Rx,1,8,18,80,00,00,54,C0,FE,C3,
4298383158,000002C0,false,Rx,1,8,18,80,00,00,54,C0,FE,D3,
4298392987,000002C0,false,Rx,1,8,18,80,00,00,54,C0,FE,E3,
4298403157,000002C0,false,Rx,1,8,18,80,00,00,54,C0,FE,F3,
4298412990,000002C0,false,Rx,1,8,18,80,00,00,54,C0,FE,03,
4298423160,000002C0,false,Rx,1,8,18,80,00,00,54,C0,FE,13,
4298432992,000002C0,false,Rx,1,8,18,80,00,00,54,C0,FE,23,
4298443158,000002C0,false,Rx,1,8,18,80,00,00,54,C0,FE,33,
4298452995,000002C0,false,Rx,1,8,18,80,00,00,54,C0,FE,43,
4298463161,000002C0,false,Rx,1,8,18,80,00,00,54,C0,FE,53,
4298472991,000002C0,false,Rx,1,8,18,80,00,00,54,C0,FE,63,
4298483161,000002C0,false,Rx,1,8,18,80,00,00,54,C0,FE,73,
4298492994,000002C0,false,Rx,1,8,18,80,00,00,54,C0,FE,83,
4298503165,000002C0,false,Rx,1,8,18,80,00,00,54,C0,FE,93,
4298512992,000002C0,false,Rx,1,8,18,80,00,00,54,C0,FE,A3,
4298523165,000002C0,false,Rx,1,8,18,80,00,00,54,C0,FE,B3,
4298532994,000002C0,false,Rx,1,8,18,80,00,00,54,C0,FE,C3,
4298543165,000002C0,false,Rx,1,8,18,80,00,00,54,C0,FE,D3,
4298553008,000002C0,false,Rx,1,8,18,80,00,00,54,C0,FE,E3,
4298563167,000002C0,false,Rx,1,8,18,80,00,00,54,C0,FE,F3,
4298573000,000002C0,false,Rx,1,8,18,80,00,00,54,C0,FE,03,
4298583166,000002C0,false,Rx,1,8,18,80,00,00,54,C0,FE,13,
4298593001,000002C0,false,Rx,1,8,18,80,00,00,54,C0,FE,23,
4298603164,000002C0,false,Rx,1,8,18,80,00,00,54,C0,FE,33,
4298612996,000002C0,false,Rx,1,8,18,80,00,00,54,C0,FE,43,
4298623167,000002C0,false,Rx,1,8,18,80,00,00,54,C0,FE,53,
4298632997,000002C0,false,Rx,1,8,18,80,00,00,54,C0,FE,63,
4298643167,000002C0,false,Rx,1,8,18,80,00,00,54,C0,FE,73,
4298652999,000002C0,false,Rx,1,8,18,80,00,00,54,C0,FE,83,
4298663176,000002C0,false,Rx,1,8,18,80,00,00,54,C0,FE,93,
4298672998,000002C0,false,Rx,1,8,18,80,00,00,54,C0,FE,A3,
4298683170,000002C0,false,Rx,1,8,18,80,00,00,54,C0,FE,B3,
4298693002,000002C0,false,Rx,1,8,18,80,00,00,54,C0,FE,C3,
4298703170,000002C0,false,Rx,1,8,18,80,00,00,54,C0,FE,D3,
4298713000,000002C0,false,Rx,1,8,18,80,00,00,54,C0,FE,E3,
4298723174,000002C0,false,Rx,1,8,18,80,00,00,54,C0,FE,F3,
4298733002,000002C0,false,Rx,1,8,18,80,00,00,54,C0,FE,03,
4298743172,000002C0,false,Rx,1,8,18,80,00,00,54,C0,FE,13,
4298753005,000002C0,false,Rx,1,8,18,80,00,00,54,C0,FE,23,
4298763172,000002C0,false,Rx,1,8,18,80,00,00,54,C0,FE,33,
4298773003,000002C0,false,Rx,1,8,18,80,00,00,54,C0,FE,43,
4298783173,000002C0,false,Rx,1,8,18,80,00,00,54,C0,FE,53,
4298793006,000002C0,false,Rx,1,8,18,80,00,00,54,C0,FE,63,
4298803172,000002C0,false,Rx,1,8,18,80,00,00,54,C0,FE,73,
4298813006,000002C0,false,Rx,1,8,18,80,00,00,54,C0,FE,83,
4298823177,000002C0,false,Rx,1,8,18,80,00,00,54,C0,FE,93,
4298833003,000002C0,false,Rx,1,8,18,80,00,00,54,C0,FE,A3,
4298843176,000002C0,false,Rx,1,8,18,80,00,00,54,C0,FE,B3,
4298853007,000002C0,false,Rx,1,8,18,80,00,00,54,C0,FE,C3,
4298863178,000002C0,false,Rx,1,8,18,80,00,00,54,C0,FE,D3,
4298873005,000002C0,false,Rx,1,8,18,80,00,00,54,C0,FE,E3,
4298883176,000002C0,false,Rx,1,8,18,80,00,00,54,C0,FE,F3,
4298893010,000002C0,false,Rx,1,8,18,80,00,00,54,C0,FE,03,
4298903177,000002C0,false,Rx,1,8,18,80,00,00,54,C0,FE,13,
4298913013,000002C0,false,Rx,1,8,18,80,00,00,54,C0,FE,23,
4298923177,000002C0,false,Rx,1,8,18,80,00,00,54,C0,FE,33,
4298933007,000002C0,false,Rx,1,8,18,80,00,00,54,C0,FE,43,
4298943180,000002C0,false,Rx,1,8,18,80,00,00,54,C0,FE,53,
4298953011,000002C0,false,Rx,1,8,18,80,00,00,54,C0,FE,63,
4298963185,000002C0,false,Rx,1,8,18,80,00,00,54,C0,FE,73,
4298973013,000002C0,false,Rx,1,8,18,80,00,00,54,C0,FE,83,
4298983183,000002C0,false,Rx,1,8,18,80,00,00,54,C0,FE,93,
4298993013,000002C0,false,Rx,1,8,18,80,00,00,54,C0,FE,A3,
4299003182,000002C0,false,Rx,1,8,18,80,00,00,54,C0,FE,B3,
4299013013,000002C0,false,Rx,1,8,18,80,00,00,54,C0,FE,C3,
4299023183,000002C0,false,Rx,1,8,18,80,00,00,54,C0,FE,D3,
4299033011,000002C0,false,Rx,1,8,18,80,00,00,54,C0,FE,E3,
4299043182,000002C0,false,Rx,1,8,18,80,00,00,54,C0,FE,F3,
4299053014,000002C0,false,Rx,1,8,18,80,00,00,54,C0,FE,03,
4299063183,000002C0,false,Rx,1,8,18,80,00,00,54,C0,FE,13,
4299073024,000002C0,false,Rx,1,8,18,80,00,00,54,C0,FE,23,
4299083195,000002C0,false,Rx,1,8,18,80,00,00,54,C0,FE,33,
4299093020,000002C0,false,Rx,1,8,18,80,00,00,54,C0,FE,43,
4299103185,000002C0,false,Rx,1,8,18,80,00,00,54,C0,FE,53,
4299113023,000002C0,false,Rx,1,8,18,80,00,00,54,C0,FE,63,
4299123185,000002C0,false,Rx,1,8,18,80,00,00,54,C0,FE,73,
4299133018,000002C0,false,Rx,1,8,18,80,00,00,54,C0,FE,83,
4299138848,00000200,false,Rx,0,7,1F,C0,00,10,00,03,01,00,
4299143190,000002C0,false,Rx,1,8,18,80,00,00,54,C0,FE,93,
4299153016,000002C0,false,Rx,1,8,18,80,00,00,54,C0,FE,A3,
4299163191,000002C0,false,Rx,1,8,18,80,00,00,54,C0,FE,B3,
4299173025,000002C0,false,Rx,1,8,18,80,00,00,54,C0,FE,C3,
4299183189,000002C0,false,Rx,1,8,18,80,00,00,54,C0,FE,D3,
4299193018,000002C0,false,Rx,1,8,18,80,00,00,54,C0,FE,E3,
4299203187,000002C0,false,Rx,1,8,18,80,00,00,54,C0,FE,F3,
4299213022,000002C0,false,Rx,1,8,18,80,00,00,54,C0,FE,03,
4299216068,00000200,false,Rx,0,7,1F,C0,00,10,00,03,01,00,
4299223195,000002C0,false,Rx,1,8,18,80,00,00,54,C0,FE,13,
4299233023,000002C0,false,Rx,1,8,18,80,00,00,54,C0,FE,23,
4299243188,000002C0,false,Rx,1,8,18,80,00,00,54,C0,FE,33,
4299253021,000002C0,false,Rx,1,8,18,80,00,00,54,C0,FE,43,
4299263192,000002C0,false,Rx,1,8,18,80,00,00,54,C0,FE,53,
4299273027,000002C0,false,Rx,1,8,18,80,00,00,54,C0,FE,63,
4299283192,000002C0,false,Rx,1,8,18,80,00,00,54,C0,FE,73,
4299292999,00000200,false,Rx,0,7,1F,C0,00,10,00,03,01,00,
4299293037,000002C0,false,Rx,1,8,18,80,00,00,54,C0,FE,83,
4299303196,000002C0,false,Rx,1,8,18,80,00,00,54,C0,FE,93,
4299313024,000002C0,false,Rx,1,8,18,80,00,00,54,C0,FE,A3,
4299323194,000002C0,false,Rx,1,8,18,80,00,00,54,C0,FE,B3,
4299333025,000002C0,false,Rx,1,8,18,80,00,00,54,C0,FE,C3,
4299343194,000002C0,false,Rx,1,8,18,80,00,00,54,C0,FE,D3,
4299353027,000002C0,false,Rx,1,8,18,80,00,00,54,C0,FE,E3,
4299363194,000002C0,false,Rx,1,8,18,80,00,00,54,C0,FE,F3,
4299369837,00000200,false,Rx,0,7,1F,C0,00,10,00,03,01,00,
4299373037,000002C0,false,Rx,1,8,18,80,00,00,54,C0,FE,03,
4299383198,000002C0,false,Rx,1,8,18,80,00,00,54,C0,FE,13,
4299393032,000002C0,false,Rx,1,8,18,80,00,00,54,C0,FE,23,
4299403196,000002C0,false,Rx,1,8,18,80,00,00,54,C0,FE,33,
4299413028,000002C0,false,Rx,1,8,18,80,00,00,54,C0,FE,43,
4299423197,000002C0,false,Rx,1,8,18,80,00,00,54,C0,FE,53,
4299433030,000002C0,false,Rx,1,8,18,80,00,00,54,C0,FE,63,
4299443197,000002C0,false,Rx,1,8,18,80,00,00,54,C0,FE,73,
4299446782,00000200,false,Rx,0,7,1F,C0,00,10,00,03,01,00,
4299453030,000002C0,false,Rx,1,8,18,80,00,00,54,C0,FE,83,
4299463202,000002C0,false,Rx,1,8,18,80,00,00,54,C0,FE,93,
4299473029,000002C0,false,Rx,1,8,18,80,00,00,54,C0,FE,A3,
4299483203,000002C0,false,Rx,1,8,18,80,00,00,54,C0,FE,B3,
4299493035,000002C0,false,Rx,1,8,18,80,00,00,54,C0,FE,C3,
4299503202,000002C0,false,Rx,1,8,18,80,00,00,54,C0,FE,D3,
4299513032,000002C0,false,Rx,1,8,18,80,00,00,54,C0,FE,E3,
4299523200,000002C0,false,Rx,1,8,18,80,00,00,54,C0,FE,F3,
4299523749,00000200,false,Rx,0,7,1F,C0,00,10,00,03,01,00,
4299533034,000002C0,false,Rx,1,8,18,80,00,00,54,C0,FE,03,
4299543202,000002C0,false,Rx,1,8,18,80,00,00,54,C0,FE,13,
4299553035,000002C0,false,Rx,1,8,18,80,00,00,54,C0,FE,23,
4299563202,000002C0,false,Rx,1,8,18,80,00,00,54,C0,FE,33,
4299573032,000002C0,false,Rx,1,8,18,80,00,00,54,C0,FE,43,
4299583235,000002C0,false,Rx,1,8,18,80,00,00,54,C0,FE,53,
4299593036,000002C0,false,Rx,1,8,18,80,00,00,54,C0,FE,63,
4299600625,00000200,false,Rx,0,7,1F,C0,00,10,00,03,01,00,
4299603203,000002C0,false,Rx,1,8,18,80,00,00,54,C0,FE,73,
4299613038,000002C0,false,Rx,1,8,18,80,00,00,54,C0,FE,83,
4299623207,000002C0,false,Rx,1,8,18,80,00,00,54,C0,FE,93,
4299633035,000002C0,false,Rx,1,8,18,80,00,00,54,C0,FE,A3,
4299643207,000002C0,false,Rx,1,8,18,80,00,00,54,C0,FE,B3,
4299653037,000002C0,false,Rx,1,8,18,80,00,00,54,C0,FE,C3,
4299663206,000002C0,false,Rx,1,8,18,80,00,00,54,C0,FE,D3,
4299673037,000002C0,false,Rx,1,8,18,80,00,00,54,C0,FE,E3,
4299677569,00000200,false,Rx,0,7,1F,C0,00,10,00,03,01,00,
4299683230,000002C0,false,Rx,1,8,18,80,00,00,54,C0,FE,F3,
4299693040,000002C0,false,Rx,1,8,18,80,00,00,54,C0,FE,03,
4299703208,000002C0,false,Rx,1,8,18,80,00,00,54,C0,FE,13,
4299713044,000002C0,false,Rx,1,8,18,80,00,00,54,C0,FE,23,
4299723232,000002C0,false,Rx,1,8,18,80,00,00,54,C0,FE,33,
4299733040,000002C0,false,Rx,1,8,18,80,00,00,54,C0,FE,43,
4299743229,000002C0,false,Rx,1,8,18,80,00,00,54,C0,FE,53,
4299753041,000002C0,false,Rx,1,8,18,80,00,00,54,C0,FE,63,
4299754462,00000200,false,Rx,0,7,1F,C0,00,10,00,03,01,00,
4299763208,000002C0,false,Rx,1,8,18,80,00,00,54,C0,FE,73,
4299773042,000002C0,false,Rx,1,8,18,80,00,00,54,C0,FE,83,
4299783297,000002C0,false,Rx,1,8,18,80,00,00,54,C0,FE,93,
4299793042,000002C0,false,Rx,1,8,18,80,00,00,54,C0,FE,A3,
4299803231,000002C0,false,Rx,1,8,18,80,00,00,54,C0,FE,B3,
4299813044,000002C0,false,Rx,1,8,18,80,00,00,54,C0,FE,C3,
4299823232,000002C0,false,Rx,1,8,18,80,00,00,54,C0,FE,D3,
4299831384,00000200,false,Rx,0,7,1F,C0,00,10,00,03,01,00,
4299833042,000002C0,false,Rx,1,8,18,80,00,00,54,C0,FE,E3,
4299843232,000002C0,false,Rx,1,8,18,80,00,00,54,C0,FE,F3,
4299853045,000002C0,false,Rx,1,8,18,80,00,00,54,C0,FE,03,
4299863233,000002C0,false,Rx,1,8,18,80,00,00,54,C0,FE,13,
4299873047,000002C0,false,Rx,1,8,18,80,00,00,54,C0,FE,23,
4299883233,000002C0,false,Rx,1,8,18,80,00,00,54,C0,FE,33,
4299893049,000002C0,false,Rx,1,8,18,80,00,00,54,C0,FE,43,
4299903246,000002C0,false,Rx,1,8,18,80,00,00,54,C0,FE,53,
4299913049,000002C0,false,Rx,1,8,18,80,00,00,54,C0,FE,63,
4299918322,00000710,false,Rx,0,8,02,10,03,55,55,55,55,55,
4299923235,000002C0,false,Rx,1,8,18,80,00,00,54,C0,FE,73,
4299933048,000002C0,false,Rx,1,8,18,80,00,00,54,C0,FE,83,
4299943238,000002C0,false,Rx,1,8,18,80,00,00,54,C0,FE,93,
4299953048,000002C0,false,Rx,1,8,18,80,00,00,54,C0,FE,A3,
4299963238,000002C0,false,Rx,1,8,18,80,00,00,54,C0,FE,B3,
4299973051,000002C0,false,Rx,1,8,18,80,00,00,54,C0,FE,C3,
4299983238,000002C0,false,Rx,1,8,18,80,00,00,54,C0,FE,D3,
4299993054,000002C0,false,Rx,1,8,18,80,00,00,54,C0,FE,E3,
4300003237,000002C0,false,Rx,1,8,18,80,00,00,54,C0,FE,F3,
4300013052,000002C0,false,Rx,1,8,18,80,00,00,54,C0,FE,03,
4300023241,000002C0,false,Rx,1,8,18,80,00,00,54,C0,FE,13,
4300033054,000002C0,false,Rx,1,8,18,80,00,00,54,C0,FE,23,
4300043240,000002C0,false,Rx,1,8,18,80,00,00,54,C0,FE,33,
4300053051,000002C0,false,Rx,1,8,18,80,00,00,54,C0,FE,43,
4300063241,000002C0,false,Rx,1,8,18,80,00,00,54,C0,FE,53,
4300073053,000002C0,false,Rx,1,8,18,80,00,00,54,C0,FE,63,
4300083241,000002C0,false,Rx,1,8,18,80,00,00,54,C0,FE,73,
4300093068,000002C0,false,Rx,1,8,18,80,00,00,54,C0,FE,83,
4300103245,000002C0,false,Rx,1,8,18,80,00,00,54,C0,FE,93,
4300113054,000002C0,false,Rx,1,8,18,80,00,00,54,C0,FE,A3,
4300123843,000002C0,false,Rx,1,8,18,80,00,00,54,C0,FE,B3,
4300133055,000002C0,false,Rx,1,8,18,80,00,00,54,C0,FE,C3,
4300143245,000002C0,false,Rx,1,8,18,80,00,00,54,C0,FE,D3,
4300153055,000002C0,false,Rx,1,8,18,80,00,00,54,C0,FE,E3,
4300163243,000002C0,false,Rx,1,8,18,80,00,00,54,C0,FE,F3,
4300173057,000002C0,false,Rx,1,8,18,80,00,00,54,C0,FE,03,
4300181880,00000200,false,Rx,0,7,0A,C0,00,10,00,03,01,00,
4300183246,000002C0,false,Rx,1,8,18,80,00,00,54,C0,FE,13,
4300193048,0000020A,false,Rx,1,7,00,D0,00,03,64,07,01,00,
4300193290,000002C0,false,Rx,1,8,18,80,00,00,54,C0,FE,23,
4300200709,00000764,false,Rx,0,6,A0,0F,8A,FF,32,FF,00,00,
4300203247,000002C0,false,Rx,1,8,18,80,00,00,54,C0,FE,33,
4300213020,00000300,false,Rx,1,6,A1,0F,8A,FF,4A,FF,00,00,
4300213271,000002C0,false,Rx,1,8,18,80,00,00,54,C0,FE,43,
4300223259,000002C0,false,Rx,1,8,18,80,00,00,54,C0,FE,53,
4300233060,000002C0,false,Rx,1,8,18,80,00,00,54,C0,FE,63,
4300243246,000002C0,false,Rx,1,8,18,80,00,00,54,C0,FE,73,
4300253061,000002C0,false,Rx,1,8,18,80,00,00,54,C0,FE,83,
4300263246,000002C0,false,Rx,1,8,18,80,00,00,54,C0,FE,93,
4300273059,000002C0,false,Rx,1,8,18,80,00,00,54,C0,FE,A3,
4300283246,000002C0,false,Rx,1,8,18,80,00,00,54,C0,FE,B3,
4300293186,000002C0,false,Rx,1,8,18,80,00,00,54,C0,FE,C3,
4300303251,000002C0,false,Rx,1,8,18,80,00,00,54,C0,FE,D3,
4300313063,000002C0,false,Rx,1,8,18,80,00,00,54,C0,FE,E3,
4300323246,000002C0,false,Rx,1,8,18,80,00,00,54,C0,FE,F3,
4300333064,000002C0,false,Rx,1,8,18,80,00,00,54,C0,FE,03,
4300338978,00000764,false,Rx,0,5,10,00,02,10,89,00,00,00,
4300343246,000002C0,false,Rx,1,8,18,80,00,00,54,C0,FE,13,
4300352937,00000300,false,Rx,1,1,B1,00,00,00,00,00,00,00,
4300353179,000002C0,false,Rx,1,8,18,80,00,00,54,C0,FE,23,
4300363177,00000300,false,Rx,1,5,10,00,02,50,89,00,00,00,
4300363416,000002C0,false,Rx,1,8,18,80,00,00,54,C0,FE,33,
4300368460,00000764,false,Rx,0,1,B1,00,00,00,00,00,00,00,
4300373062,000002C0,false,Rx,1,8,18,80,00,00,54,C0,FE,43,
4300383246,000002C0,false,Rx,1,8,18,80,00,00,54,C0,FE,53,
4300393066,000002C0,false,Rx,1,8,18,80,00,00,54,C0,FE,63,
4300403251,000002C0,false,Rx,1,8,18,80,00,00,54,C0,FE,73,
4300413067,000002C0,false,Rx,1,8,18,80,00,00,54,C0,FE,83,
4300423246,000002C0,false,Rx,1,8,18,80,00,00,54,C0,FE,93,
4300433065,000002C0,false,Rx,1,8,18,80,00,00,54,C0,FE,A3,
4300443246,000002C0,false,Rx,1,8,18,80,00,00,54,C0,FE,B3,
4300453069,000002C0,false,Rx,1,8,18,80,00,00,54,C0,FE,C3,
4300463246,000002C0,false,Rx,1,8,18,80,00,00,54,C0,FE,D3,
4300473068,000002C0,false,Rx,1,8,18,80,00,00,54,C0,FE,E3,
4300483246,000002C0,false,Rx,1,8,18,80,00,00,54,C0,FE,F3,
4300493071,000002C0,false,Rx,1,8,18,80,00,00,54,C0,FE,03,
4300503254,000002C0,false,Rx,1,8,18,80,00,00,54,C0,FE,13,
4300513098,000002C0,false,Rx,1,8,18,80,00,00,54,C0,FE,23,
4300523246,000002C0,false,Rx,1,8,18,80,00,00,54,C0,FE,33,
4300533069,000002C0,false,Rx,1,8,18,80,00,00,54,C0,FE,43,
4300543246,000002C0,false,Rx,1,8,18,80,00,00,54,C0,FE,53,
4300553072,000002C0,false,Rx,1,8,18,80,00,00,54,C0,FE,63,
4300557059,00000764,false,Rx,0,5,11,00,02,1A,9B,00,00,00,
4300563246,000002C0,false,Rx,1,8,18,80,00,00,54,C0,FE,73,
4300572949,00000300,false,Rx,1,1,B2,00,00,00,00,00,00,00,
4300573188,000002C0,false,Rx,1,8,18,80,00,00,54,C0,FE,83,
4300583246,00000300,false,Rx,1,8,21,00,30,5A,9B,30,41,59,
4300583482,000002C0,false,Rx,1,8,18,80,00,00,54,C0,FE,93,
4300593068,00000300,false,Rx,1,8,22,39,30,37,35,35,34,43,
4300593309,000002C0,false,Rx,1,8,18,80,00,00,54,C0,FE,A3,
4300603254,00000300,false,Rx,1,8,23,20,20,30,30,34,31,03,
4300603485,000002C0,false,Rx,1,8,18,80,00,00,54,C0,FE,B3,
4300613086,00000300,false,Rx,1,8,24,00,00,05,00,00,00,00,
4300613326,000002C0,false,Rx,1,8,18,80,00,00,54,C0,FE,C3,
4300623248,00000300,false,Rx,1,8,25,00,00,48,61,6C,64,65,
4300623485,000002C0,false,Rx,1,8,18,80,00,00,54,C0,FE,D3,
4300633070,00000300,false,Rx,1,8,26,78,20,34,4D,6F,74,69,
4300633313,000002C0,false,Rx,1,8,18,80,00,00,54,C0,FE,E3,
4300643248,00000300,false,Rx,1,8,27,6F,6E,20,20,20,20,20,
4300643484,000002C0,false,Rx,1,8,18,80,00,00,54,C0,FE,F3,
4300652973,00000300,false,Rx,1,2,18,20,00,00,00,00,00,00,
4300653242,000002C0,false,Rx,1,8,18,80,00,00,54,C0,FE,03,
4300658045,00000764,false,Rx,0,1,B9,00,00,00,00,00,00,00,
4300663248,000002C0,false,Rx,1,8,18,80,00,00,54,C0,FE,13,
4300673079,000002C0,false,Rx,1,8,18,80,00,00,54,C0,FE,23,
4300683248,000002C0,false,Rx,1,8,18,80,00,00,54,C0,FE,33,
4300693076,000002C0,false,Rx,1,8,18,80,00,00,54,C0,FE,43,
4300703253,000002C0,false,Rx,1,8,18,80,00,00,54,C0,FE,53,
4300713081,000002C0,false,Rx,1,8,18,80,00,00,54,C0,FE,63,
4300723251,000002C0,false,Rx,1,8,18,80,00,00,54,C0,FE,73,
4300733079,000002C0,false,Rx,1,8,18,80,00,00,54,C0,FE,83,
4300743256,000002C0,false,Rx,1,8,18,80,00,00,54,C0,FE,93,
4300753079,000002C0,false,Rx,1,8,18,80,00,00,54,C0,FE,A3,
4300763250,000002C0,false,Rx,1,8,18,80,00,00,54,C0,FE,B3,
4300773080,000002C0,false,Rx,1,8,18,80,00,00,54,C0,FE,C3,
4300783250,000002C0,false,Rx,1,8,18,80,00,00,54,C0,FE,D3,
4300793082,000002C0,false,Rx,1,8,18,80,00,00,54,C0,FE,E3,
4300803250,000002C0,false,Rx,1,8,18,80,00,00,54,C0,FE,F3,
4300813084,000002C0,false,Rx,1,8,18,80,00,00,54,C0,FE,03,
4300823256,000002C0,false,Rx,1,8,18,80,00,00,54,C0,FE,13,
4300833085,000002C0,false,Rx,1,8,18,80,00,00,54,C0,FE,23,
4300843250,000002C0,false,Rx,1,8,18,80,00,00,54,C0,FE,33,
4300853080,000002C0,false,Rx,1,8,18,80,00,00,54,C0,FE,43,
4300863257,000002C0,false,Rx,1,8,18,80,00,00,54,C0,FE,53,
4300873085,000002C0,false,Rx,1,8,18,80,00,00,54,C0,FE,63,
4300883252,000002C0,false,Rx,1,8,18,80,00,00,54,C0,FE,73,
4300893085,000002C0,false,Rx,1,8,18,80,00,00,54,C0,FE,83,
4300903382,000002C0,false,Rx,1,8,18,80,00,00,54,C0,FE,93,
4300913091,000002C0,false,Rx,1,8,18,80,00,00,54,C0,FE,A3,
4300923257,000002C0,false,Rx,1,8,18,80,00,00,54,C0,FE,B3,
4300933087,000002C0,false,Rx,1,8,18,80,00,00,54,C0,FE,C3,
4300943258,000002C0,false,Rx,1,8,18,80,00,00,54,C0,FE,D3,
4300953087,000002C0,false,Rx,1,8,18,80,00,00,54,C0,FE,E3,
4300961348,00000764,false,Rx,0,1,A3,00,00,00,00,00,00,00,
4300963257,000002C0,false,Rx,1,8,18,80,00,00,54,C0,FE,F3,
4300973049,00000300,false,Rx,1,6,A1,0F,8A,FF,4A,FF,00,00,
4300973290,000002C0,false,Rx,1,8,18,80,00,00,54,C0,FE,03,
4300977983,00000764,false,Rx,0,7,12,00,04,31,B8,00,00,00,
4300983265,000002C0,false,Rx,1,8,18,80,00,00,54,C0,FE,13,
4300992965,00000300,false,Rx,1,1,B3,00,00,00,00,00,00,00,
4300993204,000002C0,false,Rx,1,8,18,80,00,00,54,C0,FE,23,
4301003259,00000300,false,Rx,1,8,29,00,0C,71,B8,01,01,01,
4301003497,000002C0,false,Rx,1,8,18,80,00,00,54,C0,FE,33,
4301013113,00000300,false,Rx,1,8,1A,02,01,04,01,06,01,08,
4301013342,000002C0,false,Rx,1,8,18,80,00,00,54,C0,FE,43,
4301017813,00000764,false,Rx,0,1,BB,00,00,00,00,00,00,00,
4301023267,000002C0,false,Rx,1,8,18,80,00,00,54,C0,FE,53,
4301033091,000002C0,false,Rx,1,8,18,80,00,00,54,C0,FE,63,
4301043258,000002C0,false,Rx,1,8,18,80,00,00,54,C0,FE,73,
4301053092,000002C0,false,Rx,1,8,18,80,00,00,54,C0,FE,83,
4301063264,000002C0,false,Rx,1,8,18,80,00,00,54,C0,FE,93,
4301073090,000002C0,false,Rx,1,8,18,80,00,00,54,C0,FE,A3,
4301083261,000002C0,false,Rx,1,8,18,80,00,00,54,C0,FE,B3,
4301093094,000002C0,false,Rx,1,8,18,80,00,00,54,C0,FE,C3,
4301103263,000002C0,false,Rx,1,8,18,80,00,00,54,C0,FE,D3,
4301113101,000002C0,false,Rx,1,8,18,80,00,00,54,C0,FE,E3,
4301119168,00000764,false,Rx,0,5,13,00,02,1A,91,00,00,00,
4301123262,000002C0,false,Rx,1,8,18,80,00,00,54,C0,FE,F3,
4301132966,00000300,false,Rx,1,1,B4,00,00,00,00,00,00,00,
4301133207,000002C0,false,Rx,1,8,18,80,00,00,54,C0,FE,03,
4301143261,00000300,false,Rx,1,8,2B,00,10,5A,91,0D,30,41,
4301143501,000002C0,false,Rx,1,8,18,80,00,00,54,C0,FE,13,
4301153091,00000300,false,Rx,1,8,2C,59,39,30,37,35,35,34,
4301153338,000002C0,false,Rx,1,8,18,80,00,00,54,C0,FE,23,
4301163233,00000300,false,Rx,1,5,1D,43,20,20,FF,00,00,00,
4301163453,000002C0,false,Rx,1,8,18,80,00,00,54,C0,FE,33,
4301168602,00000764,false,Rx,0,1,BE,00,00,00,00,00,00,00,
4301173093,000002C0,false,Rx,1,8,18,80,00,00,54,C0,FE,43,
4301183267,000002C0,false,Rx,1,8,18,80,00,00,54,C0,FE,53,
4301193098,000002C0,false,Rx,1,8,18,80,00,00,54,C0,FE,63,
4301203265,000002C0,false,Rx,1,8,18,80,00,00,54,C0,FE,73,
4301213098,000002C0,false,Rx,1,8,18,80,00,00,54,C0,FE,83,
4301223284,000002C0,false,Rx,1,8,18,80,00,00,54,C0,FE,93,
4301233096,000002C0,false,Rx,1,8,18,80,00,00,54,C0,FE,A3,
4301243269,000002C0,false,Rx,1,8,18,80,00,00,54,C0,FE,B3,
4301253099,000002C0,false,Rx,1,8,18,80,00,00,54,C0,FE,C3,
4301263269,000002C0,false,Rx,1,8,18,80,00,00,54,C0,FE,D3,
4301273097,000002C0,false,Rx,1,8,18,80,00,00,54,C0,FE,E3,
4301283269,000002C0,false,Rx,1,8,18,80,00,00,54,C0,FE,F3,
4301293102,000002C0,false,Rx,1,8,18,80,00,00,54,C0,FE,03,
4301303271,000002C0,false,Rx,1,8,18,80,00,00,54,C0,FE,13,
4301313104,000002C0,false,Rx,1,8,18,80,00,00,54,C0,FE,23,
4301323273,000002C0,false,Rx,1,8,18,80,00,00,54,C0,FE,33,
4301333099,000002C0,false,Rx,1,8,18,80,00,00,54,C0,FE,43,
4301343273,000002C0,false,Rx,1,8,18,80,00,00,54,C0,FE,53,
4301353104,000002C0,false,Rx,1,8,18,80,00,00,54,C0,FE,63,
4301363271,000002C0,false,Rx,1,8,18,80,00,00,54,C0,FE,73,
4301373104,000002C0,false,Rx,1,8,18,80,00,00,54,C0,FE,83,
4301383276,000002C0,false,Rx,1,8,18,80,00,00,54,C0,FE,93,
4301393104,000002C0,false,Rx,1,8,18,80,00,00,54,C0,FE,A3,
4301403274,000002C0,false,Rx,1,8,18,80,00,00,54,C0,FE,B3,
4301413106,000002C0,false,Rx,1,8,18,80,00,00,54,C0,FE,C3,
4301423278,000002C0,false,Rx,1,8,18,80,00,00,54,C0,FE,D3,
4301433104,000002C0,false,Rx,1,8,18,80,00,00,54,C0,FE,E3,
4301443273,000002C0,false,Rx,1,8,18,80,00,00,54,C0,FE,F3,
4301453107,000002C0,false,Rx,1,8,18,80,00,00,54,C0,FE,03,
4301463277,000002C0,false,Rx,1,8,18,80,00,00,54,C0,FE,13,
4301473111,000002C0,false,Rx,1,8,18,80,00,00,54,C0,FE,23,
4301483276,000002C0,false,Rx,1,8,18,80,00,00,54,C0,FE,33,
4301493107,000002C0,false,Rx,1,8,18,80,00,00,54,C0,FE,43,
4301503279,000002C0,false,Rx,1,8,18,80,00,00,54,C0,FE,53,
4301513110,000002C0,false,Rx,1,8,18,80,00,00,54,C0,FE,63,
4301523292,000002C0,false,Rx,1,8,18,80,00,00,54,C0,FE,73,
4301533112,000002C0,false,Rx,1,8,18,80,00,00,54,C0,FE,83,
4301543283,000002C0,false,Rx,1,8,18,80,00,00,54,C0,FE,93,
4301553109,000002C0,false,Rx,1,8,18,80,00,00,54,C0,FE,A3,
4301563280,000002C0,false,Rx,1,8,18,80,00,00,54,C0,FE,B3,
4301573110,000002C0,false,Rx,1,8,18,80,00,00,54,C0,FE,C3,
4301583081,00000764,false,Rx,0,1,A3,00,00,00,00,00,00,00,
4301583282,000002C0,false,Rx,1,8,18,80,00,00,54,C0,FE,D3,
4301593112,000002C0,false,Rx,1,8,18,80,00,00,54,C0,FE,E3,
4301603246,00000300,false,Rx,1,6,A1,0F,8A,FF,4A,FF,00,00,
4301603480,000002C0,false,Rx,1,8,18,80,00,00,54,C0,FE,F3,
4301613120,000002C0,false,Rx,1,8,18,80,00,00,54,C0,FE,03,
4301623282,000002C0,false,Rx,1,8,18,80,00,00,54,C0,FE,13,
4301633119,000002C0,false,Rx,1,8,18,80,00,00,54,C0,FE,23,
4301643281,000002C0,false,Rx,1,8,18,80,00,00,54,C0,FE,33,
4301653114,000002C0,false,Rx,1,8,18,80,00,00,54,C0,FE,43,
4301663285,000002C0,false,Rx,1,8,18,80,00,00,54,C0,FE,53,
4301673115,000002C0,false,Rx,1,8,18,80,00,00,54,C0,FE,63,
4301683284,000002C0,false,Rx,1,8,18,80,00,00,54,C0,FE,73,
4301693118,000002C0,false,Rx,1,8,18,80,00,00,54,C0,FE,83,
4301703288,000002C0,false,Rx,1,8,18,80,00,00,54,C0,FE,93,
4301713116,000002C0,false,Rx,1,8,18,80,00,00,54,C0,FE,A3,
4301723293,000002C0,false,Rx,1,8,18,80,00,00,54,C0,FE,B3,
4301733119,000002C0,false,Rx,1,8,18,80,00,00,54,C0,FE,C3,
4301743289,000002C0,false,Rx,1,8,18,80,00,00,54,C0,FE,D3,
4301753117,000002C0,false,Rx,1,8,18,80,00,00,54,C0,FE,E3,
4301763286,000002C0,false,Rx,1,8,18,80,00,00,54,C0,FE,F3,
4301773119,000002C0,false,Rx,1,8,18,80,00,00,54,C0,FE,03,
4301783290,000002C0,false,Rx,1,8,18,80,00,00,54,C0,FE,13,
4301793124,000002C0,false,Rx,1,8,18,80,00,00,54,C0,FE,23,
4301803288,000002C0,false,Rx,1,8,18,80,00,00,54,C0,FE,33,
4301813120,000002C0,false,Rx,1,8,18,80,00,00,54,C0,FE,43,
4301823292,000002C0,false,Rx,1,8,18,80,00,00,54,C0,FE,53,
4301833125,000002C0,false,Rx,1,8,18,80,00,00,54,C0,FE,63,
4301843289,000002C0,false,Rx,1,8,18,80,00,00,54,C0,FE,73,
4301853123,000002C0,false,Rx,1,8,18,80,00,00,54,C0,FE,83,
4301863294,000002C0,false,Rx,1,8,18,80,00,00,54,C0,FE,93,
4301873120,000002C0,false,Rx,1,8,18,80,00,00,54,C0,FE,A3,
4301883293,000002C0,false,Rx,1,8,18,80,00,00,54,C0,FE,B3,
4301893125,000002C0,false,Rx,1,8,18,80,00,00,54,C0,FE,C3,
4301903294,000002C0,false,Rx,1,8,18,80,00,00,54,C0,FE,D3,
4301913124,000002C0,false,Rx,1,8,18,80,00,00,54,C0,FE,E3,
4301923291,000002C0,false,Rx,1,8,18,80,00,00,54,C0,FE,F3,
4301933140,000002C0,false,Rx,1,8,18,80,00,00,54,C0,FE,03,
4301943295,000002C0,false,Rx,1,8,18,80,00,00,54,C0,FE,13,
4301953129,000002C0,false,Rx,1,8,18,80,00,00,54,C0,FE,23,
4301963294,000002C0,false,Rx,1,8,18,80,00,00,54,C0,FE,33,
4301973124,000002C0,false,Rx,1,8,18,80,00,00,54,C0,FE,43,
4301983298,000002C0,false,Rx,1,8,18,80,00,00,54,C0,FE,53,
4301993133,000002C0,false,Rx,1,8,18,80,00,00,54,C0,FE,63,
4302003296,000002C0,false,Rx,1,8,18,80,00,00,54,C0,FE,73,
4302013129,000002C0,false,Rx,1,8,18,80,00,00,54,C0,FE,83,
4302023301,000002C0,false,Rx,1,8,18,80,00,00,54,C0,FE,93,
4302033127,000002C0,false,Rx,1,8,18,80,00,00,54,C0,FE,A3,
4302043307,000002C0,false,Rx,1,8,18,80,00,00,54,C0,FE,B3,
4302053132,000002C0,false,Rx,1,8,18,80,00,00,54,C0,FE,C3,
4302063300,000002C0,false,Rx,1,8,18,80,00,00,54,C0,FE,D3,
4302073128,000002C0,false,Rx,1,8,18,80,00,00,54,C0,FE,E3,
4302083299,000002C0,false,Rx,1,8,18,80,00,00,54,C0,FE,F3,
4302093134,000002C0,false,Rx,1,8,18,80,00,00,54,C0,FE,03,
4302103301,000002C0,false,Rx,1,8,18,80,00,00,54,C0,FE,13,
4302113135,000002C0,false,Rx,1,8,18,80,00,00,54,C0,FE,23,
4302123301,000002C0,false,Rx,1,8,18,80,00,00,54,C0,FE,33,
4302133131,000002C0,false,Rx,1,8,18,80,00,00,54,C0,FE,43,
4302143304,000002C0,false,Rx,1,8,18,80,00,00,54,C0,FE,53,
4302153136,000002C0,false,Rx,1,8,18,80,00,00,54,C0,FE,63,
4302163301,000002C0,false,Rx,1,8,18,80,00,00,54,C0,FE,73,
4302173136,000002C0,false,Rx,1,8,18,80,00,00,54,C0,FE,83,
4302183307,000002C0,false,Rx,1,8,18,80,00,00,54,C0,FE,93,
4302193136,000002C0,false,Rx,1,8,18,80,00,00,54,C0,FE,A3,
4302196896,00000764,false,Rx,0,1,A3,00,00,00,00,00,00,00,
4302203305,000002C0,false,Rx,1,8,18,80,00,00,54,C0,FE,B3,
4302213097,00000300,false,Rx,1,6,A1,0F,8A,FF,4A,FF,00,00,
4302213338,000002C0,false,Rx,1,8,18,80,00,00,54,C0,FE,C3,
4302218586,00000764,false,Rx,0,7,14,00,04,18,02,FF,00,00,
4302223347,000002C0,false,Rx,1,8,18,80,00,00,54,C0,FE,D3,
4302233009,00000300,false,Rx,1,1,B5,00,00,00,00,00,00,00,
4302233262,000002C0,false,Rx,1,8,18,80,00,00,54,C0,FE,E3,
4302243263,00000300,false,Rx,1,5,1E,00,02,58,00,00,00,00,
4302243491,000002C0,false,Rx,1,8,18,80,00,00,54,C0,FE,F3,
4302248390,00000764,false,Rx,0,1,BF,00,00,00,00,00,00,00,
4302253139,000002C0,false,Rx,1,8,18,80,00,00,54,C0,FE,03,
4302263308,000002C0,false,Rx,1,8,18,80,00,00,54,C0,FE,13,
4302273140,000002C0,false,Rx,1,8,18,80,00,00,54,C0,FE,23,
4302283307,000002C0,false,Rx,1,8,18,80,00,00,54,C0,FE,33,
4302293137,000002C0,false,Rx,1,8,18,80,00,00,54,C0,FE,43,
4302303309,000002C0,false,Rx,1,8,18,80,00,00,54,C0,FE,53,
4302313141,000002C0,false,Rx,1,8,18,80,00,00,54,C0,FE,63,
4302323309,000002C0,false,Rx,1,8,18,80,00,00,54,C0,FE,73,
4302333140,000002C0,false,Rx,1,8,18,80,00,00,54,C0,FE,83,
4302343322,000002C0,false,Rx,1,8,18,80,00,00,54,C0,FE,93,
4302353142,000002C0,false,Rx,1,8,18,80,00,00,54,C0,FE,A3,
4302363311,000002C0,false,Rx,1,8,18,80,00,00,54,C0,FE,B3,
4302373143,000002C0,false,Rx,1,8,18,80,00,00,54,C0,FE,C3,
4302383313,000002C0,false,Rx,1,8,18,80,00,00,54,C0,FE,D3,
4302393141,000002C0,false,Rx,1,8,18,80,00,00,54,C0,FE,E3,
4302403311,000002C0,false,Rx,1,8,18,80,00,00,54,C0,FE,F3,
4302413144,000002C0,false,Rx,1,8,18,80,00,00,54,C0,FE,03,
4302423314,000002C0,false,Rx,1,8,18,80,00,00,54,C0,FE,13,
4302433146,000002C0,false,Rx,1,8,18,80,00,00,54,C0,FE,23,
4302443323,000002C0,false,Rx,1,8,18,80,00,00,54,C0,FE,33,
4302453146,000002C0,false,Rx,1,8,18,80,00,00,54,C0,FE,43,
4302463315,000002C0,false,Rx,1,8,18,80,00,00,54,C0,FE,53,
4302473145,000002C0,false,Rx,1,8,18,80,00,00,54,C0,FE,63,
4302483315,000002C0,false,Rx,1,8,18,80,00,00,54,C0,FE,73,
4302493147,000002C0,false,Rx,1,8,18,80,00,00,54,C0,FE,83,
4302503319,000002C0,false,Rx,1,8,18,80,00,00,54,C0,FE,93,
4302513148,000002C0,false,Rx,1,8,18,80,00,00,54,C0,FE,A3,
4302523318,000002C0,false,Rx,1,8,18,80,00,00,54,C0,FE,B3,
4302533148,000002C0,false,Rx,1,8,18,80,00,00,54,C0,FE,C3,
4302543319,000002C0,false,Rx,1,8,18,80,00,00,54,C0,FE,D3,
4302553157,000002C0,false,Rx,1,8,18,80,00,00,54,C0,FE,E3,
4302563317,000002C0,false,Rx,1,8,18,80,00,00,54,C0,FE,F3,
4302573150,000002C0,false,Rx,1,8,18,80,00,00,54,C0,FE,03,
4302583320,000002C0,false,Rx,1,8,18,80,00,00,54,C0,FE,13,
4302593152,000002C0,false,Rx,1,8,18,80,00,00,54,C0,FE,23,
4302603319,000002C0,false,Rx,1,8,18,80,00,00,54,C0,FE,33,
4302613150,000002C0,false,Rx,1,8,18,80,00,00,54,C0,FE,43,
4302623322,000002C0,false,Rx,1,8,18,80,00,00,54,C0,FE,53,
4302633152,000002C0,false,Rx,1,8,18,80,00,00,54,C0,FE,63,
4302643321,000002C0,false,Rx,1,8,18,80,00,00,54,C0,FE,73,
4302653158,000002C0,false,Rx,1,8,18,80,00,00,54,C0,FE,83,
4302663325,000002C0,false,Rx,1,8,18,80,00,00,54,C0,FE,93,
4302673153,000002C0,false,Rx,1,8,18,80,00,00,54,C0,FE,A3,
4302683324,000002C0,false,Rx,1,8,18,80,00,00,54,C0,FE,B3,
4302693154,000002C0,false,Rx,1,8,18,80,00,00,54,C0,FE,C3,
4302703324,000002C0,false,Rx,1,8,18,80,00,00,54,C0,FE,D3,
4302713154,000002C0,false,Rx,1,8,18,80,00,00,54,C0,FE,E3,
4302723329,000002C0,false,Rx,1,8,18,80,00,00,54,C0,FE,F3,
4302733155,000002C0,false,Rx,1,8,18,80,00,00,54,C0,FE,03,
4302743327,000002C0,false,Rx,1,8,18,80,00,00,54,C0,FE,13,
4302753167,000002C0,false,Rx,1,8,18,80,00,00,54,C0,FE,23,
4302763324,000002C0,false,Rx,1,8,18,80,00,00,54,C0,FE,33,
4302773158,000002C0,false,Rx,1,8,18,80,00,00,54,C0,FE,43,
4302783328,000002C0,false,Rx,1,8,18,80,00,00,54,C0,FE,53,
4302793158,000002C0,false,Rx,1,8,18,80,00,00,54,C0,FE,63,
4302803326,000002C0,false,Rx,1,8,18,80,00,00,54,C0,FE,73,
4302813160,000002C0,false,Rx,1,8,18,80,00,00,54,C0,FE,83,
4302823332,000002C0,false,Rx,1,8,18,80,00,00,54,C0,FE,93,
4302833158,000002C0,false,Rx,1,8,18,80,00,00,54,C0,FE,A3,
4302843331,000002C0,false,Rx,1,8,18,80,00,00,54,C0,FE,B3,
4302853166,000002C0,false,Rx,1,8,18,80,00,00,54,C0,FE,C3,
4302863333,000002C0,false,Rx,1,8,18,80,00,00,54,C0,FE,D3,
4302868788,00000764,false,Rx,0,1,A3,00,00,00,00,00,00,00,
4302873161,000002C0,false,Rx,1,8,18,80,00,00,54,C0,FE,E3,
4302883292,00000300,false,Rx,1,6,A1,0F,8A,FF,4A,FF,00,00,
4302883530,000002C0,false,Rx,1,8,18,80,00,00,54,C0,FE,F3,
4302893169,000002C0,false,Rx,1,8,18,80,00,00,54,C0,FE,03,
4302903333,000002C0,false,Rx,1,8,18,80,00,00,54,C0,FE,13,
4302913166,000002C0,false,Rx,1,8,18,80,00,00,54,C0,FE,23,
4302923331,000002C0,false,Rx,1,8,18,80,00,00,54,C0,FE,33,
4302933162,000002C0,false,Rx,1,8,18,80,00,00,54,C0,FE,43,
4302943333,000002C0,false,Rx,1,8,18,80,00,00,54,C0,FE,53,
4302953166,000002C0,false,Rx,1,8,18,80,00,00,54,C0,FE,63,
4302963340,000002C0,false,Rx,1,8,18,80,00,00,54,C0,FE,73,
4302973167,000002C0,false,Rx,1,8,18,80,00,00,54,C0,FE,83,
4302983338,000002C0,false,Rx,1,8,18,80,00,00,54,C0,FE,93,
4302993165,000002C0,false,Rx,1,8,18,80,00,00,54,C0,FE,A3,
4303003337,000002C0,false,Rx,1,8,18,80,00,00,54,C0,FE,B3,
4303013168,000002C0,false,Rx,1,8,18,80,00,00,54,C0,FE,C3,
4303023336,000002C0,false,Rx,1,8,18,80,00,00,54,C0,FE,D3,
4303033166,000002C0,false,Rx,1,8,18,80,00,00,54,C0,FE,E3,
4303043335,000002C0,false,Rx,1,8,18,80,00,00,54,C0,FE,F3,
4303053169,000002C0,false,Rx,1,8,18,80,00,00,54,C0,FE,03,
4303063350,000002C0,false,Rx,1,8,18,80,00,00,54,C0,FE,13,
4303073171,000002C0,false,Rx,1,8,18,80,00,00,54,C0,FE,23,
4303083338,000002C0,false,Rx,1,8,18,80,00,00,54,C0,FE,33,
4303093169,000002C0,false,Rx,1,8,18,80,00,00,54,C0,FE,43,
4303103341,000002C0,false,Rx,1,8,18,80,00,00,54,C0,FE,53,
4303113172,000002C0,false,Rx,1,8,18,80,00,00,54,C0,FE,63,
4303123339,000002C0,false,Rx,1,8,18,80,00,00,54,C0,FE,73,
4303133171,000002C0,false,Rx,1,8,18,80,00,00,54,C0,FE,83,
4303143343,000002C0,false,Rx,1,8,18,80,00,00,54,C0,FE,93,
4303153171,000002C0,false,Rx,1,8,18,80,00,00,54,C0,FE,A3,
4303163352,000002C0,false,Rx,1,8,18,80,00,00,54,C0,FE,B3,
4303173173,000002C0,false,Rx,1,8,18,80,00,00,54,C0,FE,C3,
4303183344,000002C0,false,Rx,1,8,18,80,00,00,54,C0,FE,D3,
4303193172,000002C0,false,Rx,1,8,18,80,00,00,54,C0,FE,E3,
4303203342,000002C0,false,Rx,1,8,18,80,00,00,54,C0,FE,F3,
4303213176,000002C0,false,Rx,1,8,18,80,00,00,54,C0,FE,03,
4303223349,000002C0,false,Rx,1,8,18,80,00,00,54,C0,FE,13,
4303233178,000002C0,false,Rx,1,8,18,80,00,00,54,C0,FE,23,
4303243343,000002C0,false,Rx,1,8,18,80,00,00,54,C0,FE,33,
4303253175,000002C0,false,Rx,1,8,18,80,00,00,54,C0,FE,43,
4303263359,000002C0,false,Rx,1,8,18,80,00,00,54,C0,FE,53,
4303273180,000002C0,false,Rx,1,8,18,80,00,00,54,C0,FE,63,
4303283344,000002C0,false,Rx,1,8,18,80,00,00,54,C0,FE,73,
4303293179,000002C0,false,Rx,1,8,18,80,00,00,54,C0,FE,83,
4303303351,000002C0,false,Rx,1,8,18,80,00,00,54,C0,FE,93,
4303313178,000002C0,false,Rx,1,8,18,80,00,00,54,C0,FE,A3,
4303323347,000002C0,false,Rx,1,8,18,80,00,00,54,C0,FE,B3,
4303333179,000002C0,false,Rx,1,8,18,80,00,00,54,C0,FE,C3,
4303343349,000002C0,false,Rx,1,8,18,80,00,00,54,C0,FE,D3,
4303353177,000002C0,false,Rx,1,8,18,80,00,00,54,C0,FE,E3,
4303363348,000002C0,false,Rx,1,8,18,80,00,00,54,C0,FE,F3,
4303373187,000002C0,false,Rx,1,8,18,80,00,00,54,C0,FE,03,
4303383350,000002C0,false,Rx,1,8,18,80,00,00,54,C0,FE,13,
4303393184,000002C0,false,Rx,1,8,18,80,00,00,54,C0,FE,23,
4303403350,000002C0,false,Rx,1,8,18,80,00,00,54,C0,FE,33,
4303413182,000002C0,false,Rx,1,8,18,80,00,00,54,C0,FE,43,
4303423352,000002C0,false,Rx,1,8,18,80,00,00,54,C0,FE,53,
4303433184,000002C0,false,Rx,1,8,18,80,00,00,54,C0,FE,63,
4303443351,000002C0,false,Rx,1,8,18,80,00,00,54,C0,FE,73,
4303453185,000002C0,false,Rx,1,8,18,80,00,00,54,C0,FE,83,
4303463356,000002C0,false,Rx,1,8,18,80,00,00,54,C0,FE,93,
4303473187,000002C0,false,Rx,1,8,18,80,00,00,54,C0,FE,A3,
4303481965,00000764,false,Rx,0,1,A3,00,00,00,00,00,00,00,
4303483354,000002C0,false,Rx,1,8,18,80,00,00,54,C0,FE,B3,
4303493148,00000300,false,Rx,1,6,A1,0F,8A,FF,4A,FF,00,00,
4303493387,000002C0,false,Rx,1,8,18,80,00,00,54,C0,FE,C3,
4303503363,000002C0,false,Rx,1,8,18,80,00,00,54,C0,FE,D3,
4303513186,000002C0,false,Rx,1,8,18,80,00,00,54,C0,FE,E3,
4303523354,000002C0,false,Rx,1,8,18,80,00,00,54,C0,FE,F3,
4303533187,000002C0,false,Rx,1,8,18,80,00,00,54,C0,FE,03,
4303543357,000002C0,false,Rx,1,8,18,80,00,00,54,C0,FE,13,
4303553189,000002C0,false,Rx,1,8,18,80,00,00,54,C0,FE,23,
4303563357,000002C0,false,Rx,1,8,18,80,00,00,54,C0,FE,33,
4303573198,000002C0,false,Rx,1,8,18,80,00,00,54,C0,FE,43,
4303583358,000002C0,false,Rx,1,8,18,80,00,00,54,C0,FE,53,
4303593189,000002C0,false,Rx,1,8,18,80,00,00,54,C0,FE,63,
4303603358,000002C0,false,Rx,1,8,18,80,00,00,54,C0,FE,73,
4303613192,000002C0,false,Rx,1,8,18,80,00,00,54,C0,FE,83,
4303623362,000002C0,false,Rx,1,8,18,80,00,00,54,C0,FE,93,
4303633189,000002C0,false,Rx,1,8,18,80,00,00,54,C0,FE,A3,
4303643361,000002C0,false,Rx,1,8,18,80,00,00,54,C0,FE,B3,
4303653191,000002C0,false,Rx,1,8,18,80,00,00,54,C0,FE,C3,
4303663362,000002C0,false,Rx,1,8,18,80,00,00,54,C0,FE,D3,
4303673199,000002C0,false,Rx,1,8,18,80,00,00,54,C0,FE,E3,
4303682076,00000764,false,Rx,0,6,15,00,03,14,FF,00,00,00,
4303683361,000002C0,false,Rx,1,8,18,80,00,00,54,C0,FE,F3,
4303693067,00000300,false,Rx,1,1,B6,00,00,00,00,00,00,00,
4303693307,000002C0,false,Rx,1,8,18,80,00,00,54,C0,FE,03,
4303703332,00000300,false,Rx,1,6,1F,00,03,54,FF,00,00,00,
4303703573,000002C0,false,Rx,1,8,18,80,00,00,54,C0,FE,13,
4303708884,00000764,false,Rx,0,1,B0,00,00,00,00,00,00,00,
4303713203,000002C0,false,Rx,1,8,18,80,00,00,54,C0,FE,23,
4303723365,000002C0,false,Rx,1,8,18,80,00,00,54,C0,FE,33,
4303733192,000002C0,false,Rx,1,8,18,80,00,00,54,C0,FE,43,
4303743365,000002C0,false,Rx,1,8,18,80,00,00,54,C0,FE,53,
4303753196,000002C0,false,Rx,1,8,18,80,00,00,54,C0,FE,63,
4303763363,000002C0,false,Rx,1,8,18,80,00,00,54,C0,FE,73,
4303773195,000002C0,false,Rx,1,8,18,80,00,00,54,C0,FE,83,
4303783378,000002C0,false,Rx,1,8,18,80,00,00,54,C0,FE,93,
4303793196,000002C0,false,Rx,1,8,18,80,00,00,54,C0,FE,A3,
4303803367,000002C0,false,Rx,1,8,18,80,00,00,54,C0,FE,B3,
4303813198,000002C0,false,Rx,1,8,18,80,00,00,54,C0,FE,C3,
4303823368,000002C0,false,Rx,1,8,18,80,00,00,54,C0,FE,D3,
4303833196,000002C0,false,Rx,1,8,18,80,00,00,54,C0,FE,E3,
4303843366,000002C0,false,Rx,1,8,18,80,00,00,54,C0,FE,F3,
4303853199,000002C0,false,Rx,1,8,18,80,00,00,54,C0,FE,03,
4303863369,000002C0,false,Rx,1,8,18,80,00,00,54,C0,FE,13,
4303873203,000002C0,false,Rx,1,8,18,80,00,00,54,C0,FE,23,
4303883373,000002C0,false,Rx,1,8,18,80,00,00,54,C0,FE,33,
4303893199,000002C0,false,Rx,1,8,18,80,00,00,54,C0,FE,43,
4303903371,000002C0,false,Rx,1,8,18,80,00,00,54,C0,FE,53,
4303904468,00000764,false,Rx,0,7,16,00,04,18,02,FF,00,00,
4303913203,000002C0,false,Rx,1,8,18,80,00,00,54,C0,FE,63,
4303923248,00000300,false,Rx,1,1,B7,00,00,00,00,00,00,00,
4303923482,000002C0,false,Rx,1,8,18,80,00,00,54,C0,FE,73,
4303933152,00000300,false,Rx,1,5,10,00,02,58,00,00,00,00,
4303933393,000002C0,false,Rx,1,8,18,80,00,00,54,C0,FE,83,
4303938635,00000764,false,Rx,0,1,B1,00,00,00,00,00,00,00,
4303943380,000002C0,false,Rx,1,8,18,80,00,00,54,C0,FE,93,
4303953200,000002C0,false,Rx,1,8,18,80,00,00,54,C0,FE,A3,
4303963374,000002C0,false,Rx,1,8,18,80,00,00,54,C0,FE,B3,
4303973204,000002C0,false,Rx,1,8,18,80,00,00,54,C0,FE,C3,
4303983385,000002C0,false,Rx,1,8,18,80,00,00,54,C0,FE,D3,
4303993204,000002C0,false,Rx,1,8,18,80,00,00,54,C0,FE,E3,
4304003372,000002C0,false,Rx,1,8,18,80,00,00,54,C0,FE,F3,
4304013207,000002C0,false,Rx,1,8,18,80,00,00,54,C0,FE,03,
4304023375,000002C0,false,Rx,1,8,18,80,00,00,54,C0,FE,13,
4304033209,000002C0,false,Rx,1,8,18,80,00,00,54,C0,FE,23,
4304043375,000002C0,false,Rx,1,8,18,80,00,00,54,C0,FE,33,
4304053205,000002C0,false,Rx,1,8,18,80,00,00,54,C0,FE,43,
4304063378,000002C0,false,Rx,1,8,18,80,00,00,54,C0,FE,53,
4304073208,000002C0,false,Rx,1,8,18,80,00,00,54,C0,FE,63,
4304083399,000002C0,false,Rx,1,8,18,80,00,00,54,C0,FE,73,
4304093209,000002C0,false,Rx,1,8,18,80,00,00,54,C0,FE,83,
4304103380,000002C0,false,Rx,1,8,18,80,00,00,54,C0,FE,93,
4304113209,000002C0,false,Rx,1,8,18,80,00,00,54,C0,FE,A3,
4304123379,000002C0,false,Rx,1,8,18,80,00,00,54,C0,FE,B3,
4304133230,000002C0,false,Rx,1,8,18,80,00,00,54,C0,FE,C3,
4304143380,000002C0,false,Rx,1,8,18,80,00,00,54,C0,FE,D3,
4304153208,000002C0,false,Rx,1,8,18,80,00,00,54,C0,FE,E3,
4304155412,00000764,false,Rx,0,1,A3,00,00,00,00,00,00,00,
4304163378,000002C0,false,Rx,1,8,18,80,00,00,54,C0,FE,F3,
4304173172,00000300,false,Rx,1,6,A1,0F,8A,FF,4A,FF,00,00,
4304173413,000002C0,false,Rx,1,8,18,80,00,00,54,C0,FE,03,
4304183388,000002C0,false,Rx,1,8,18,80,00,00,54,C0,FE,13,
4304193238,000002C0,false,Rx,1,8,18,80,00,00,54,C0,FE,23,
4304203380,000002C0,false,Rx,1,8,18,80,00,00,54,C0,FE,33,
4304213231,000002C0,false,Rx,1,8,18,80,00,00,54,C0,FE,43,
4304223389,000002C0,false,Rx,1,8,18,80,00,00,54,C0,FE,53,
4304233234,000002C0,false,Rx,1,8,18,80,00,00,54,C0,FE,63,
4304243383,000002C0,false,Rx,1,8,18,80,00,00,54,C0,FE,73,
4304253234,000002C0,false,Rx,1,8,18,80,00,00,54,C0,FE,83,
4304263386,000002C0,false,Rx,1,8,18,80,00,00,54,C0,FE,93,
4304273231,000002C0,false,Rx,1,8,18,80,00,00,54,C0,FE,A3,
4304283386,000002C0,false,Rx,1,8,18,80,00,00,54,C0,FE,B3,
4304293245,000002C0,false,Rx,1,8,18,80,00,00,54,C0,FE,C3,
4304303386,000002C0,false,Rx,1,8,18,80,00,00,54,C0,FE,D3,
4304313235,000002C0,false,Rx,1,8,18,80,00,00,54,C0,FE,E3,
4304323386,000002C0,false,Rx,1,8,18,80,00,00,54,C0,FE,F3,
4304333236,000002C0,false,Rx,1,8,18,80,00,00,54,C0,FE,03,
4304343388,000002C0,false,Rx,1,8,18,80,00,00,54,C0,FE,13,
4304353240,000002C0,false,Rx,1,8,18,80,00,00,54,C0,FE,23,
4304363386,000002C0,false,Rx,1,8,18,80,00,00,54,C0,FE,33,
4304373235,000002C0,false,Rx,1,8,18,80,00,00,54,C0,FE,43,
4304383390,000002C0,false,Rx,1,8,18,80,00,00,54,C0,FE,53,
4304393242,000002C0,false,Rx,1,8,18,80,00,00,54,C0,FE,63,
4304403388,000002C0,false,Rx,1,8,18,80,00,00,54,C0,FE,73,
4304413241,000002C0,false,Rx,1,8,18,80,00,00,54,C0,FE,83,
4304423393,000002C0,false,Rx,1,8,18,80,00,00,54,C0,FE,93,
4304433238,000002C0,false,Rx,1,8,18,80,00,00,54,C0,FE,A3,
4304443391,000002C0,false,Rx,1,8,18,80,00,00,54,C0,FE,B3,
4304453242,000002C0,false,Rx,1,8,18,80,00,00,54,C0,FE,C3,
4304463392,000002C0,false,Rx,1,8,18,80,00,00,54,C0,FE,D3,
4304473239,000002C0,false,Rx,1,8,18,80,00,00,54,C0,FE,E3,
4304483392,000002C0,false,Rx,1,8,18,80,00,00,54,C0,FE,F3,
4304493268,000002C0,false,Rx,1,8,18,80,00,00,54,C0,FE,03,
4304503394,000002C0,false,Rx,1,8,18,80,00,00,54,C0,FE,13,
4304513247,000002C0,false,Rx,1,8,18,80,00,00,54,C0,FE,23,
4304523394,000002C0,false,Rx,1,8,18,80,00,00,54,C0,FE,33,
4304533242,000002C0,false,Rx,1,8,18,80,00,00,54,C0,FE,43,
4304543396,000002C0,false,Rx,1,8,18,80,00,00,54,C0,FE,53,
4304553245,000002C0,false,Rx,1,8,18,80,00,00,54,C0,FE,63,
4304563394,000002C0,false,Rx,1,8,18,80,00,00,54,C0,FE,73,
4304573245,000002C0,false,Rx,1,8,18,80,00,00,54,C0,FE,83,
4304583399,000002C0,false,Rx,1,8,18,80,00,00,54,C0,FE,93,
4304593245,000002C0,false,Rx,1,8,18,80,00,00,54,C0,FE,A3,
4304603402,000002C0,false,Rx,1,8,18,80,00,00,54,C0,FE,B3,
4304613246,000002C0,false,Rx,1,8,18,80,00,00,54,C0,FE,C3,
4304623399,000002C0,false,Rx,1,8,18,80,00,00,54,C0,FE,D3,
4304633262,000002C0,false,Rx,1,8,18,80,00,00,54,C0,FE,E3,
4304643408,000002C0,false,Rx,1,8,18,80,00,00,54,C0,FE,F3,
4304653246,000002C0,false,Rx,1,8,18,80,00,00,54,C0,FE,03,
4304663400,000002C0,false,Rx,1,8,18,80,00,00,54,C0,FE,13,
4304673246,000002C0,false,Rx,1,8,18,80,00,00,54,C0,FE,23,
4304683399,000002C0,false,Rx,1,8,18,80,00,00,54,C0,FE,33,
4304693247,000002C0,false,Rx,1,8,18,80,00,00,54,C0,FE,43,
4304703406,000002C0,false,Rx,1,8,18,80,00,00,54,C0,FE,53,
4304713246,000002C0,false,Rx,1,8,18,80,00,00,54,C0,FE,63,
4304723406,000002C0,false,Rx,1,8,18,80,00,00,54,C0,FE,73,
4304733246,000002C0,false,Rx,1,8,18,80,00,00,54,C0,FE,83,
4304743406,000002C0,false,Rx,1,8,18,80,00,00,54,C0,FE,93,
4304753247,000002C0,false,Rx,1,8,18,80,00,00,54,C0,FE,A3,
4304763404,000002C0,false,Rx,1,8,18,80,00,00,54,C0,FE,B3,
4304773246,000002C0,false,Rx,1,8,18,80,00,00,54,C0,FE,C3,
4304783405,000002C0,false,Rx,1,8,18,80,00,00,54,C0,FE,D3,
4304789314,00000764,false,Rx,0,1,A3,00,00,00,00,00,00,00,
4304793246,000002C0,false,Rx,1,8,18,80,00,00,54,C0,FE,E3,
4304803370,00000300,false,Rx,1,6,A1,0F,8A,FF,4A,FF,00,00,
4304803604,000002C0,false,Rx,1,8,18,80,00,00,54,C0,FE,F3,
4304813247,000002C0,false,Rx,1,8,18,80,00,00,54,C0,FE,03,
4304823406,000002C0,false,Rx,1,8,18,80,00,00,54,C0,FE,13,
4304833246,000002C0,false,Rx,1,8,18,80,00,00,54,C0,FE,23,
4304843405,000002C0,false,Rx,1,8,18,80,00,00,54,C0,FE,33,
4304853246,000002C0,false,Rx,1,8,18,80,00,00,54,C0,FE,43,
4304863408,000002C0,false,Rx,1,8,18,80,00,00,54,C0,FE,53,
4304873246,000002C0,false,Rx,1,8,18,80,00,00,54,C0,FE,63,
4304883406,000002C0,false,Rx,1,8,18,80,00,00,54,C0,FE,73,
4304893247,000002C0,false,Rx,1,8,18,80,00,00,54,C0,FE,83,
4304903420,000002C0,false,Rx,1,8,18,80,00,00,54,C0,FE,93,
4304913246,000002C0,false,Rx,1,8,18,80,00,00,54,C0,FE,A3,
4304923410,000002C0,false,Rx,1,8,18,80,00,00,54,C0,FE,B3,
4304933246,000002C0,false,Rx,1,8,18,80,00,00,54,C0,FE,C3,
4304943410,000002C0,false,Rx,1,8,18,80,00,00,54,C0,FE,D3,
4304953246,000002C0,false,Rx,1,8,18,80,00,00,54,C0,FE,E3,
4304963410,000002C0,false,Rx,1,8,18,80,00,00,54,C0,FE,F3,
4304973246,000002C0,false,Rx,1,8,18,80,00,00,54,C0,FE,03,
4304983412,000002C0,false,Rx,1,8,18,80,00,00,54,C0,FE,13,
4304993252,000002C0,false,Rx,1,8,18,80,00,00,54,C0,FE,23,
4305003414,000002C0,false,Rx,1,8,18,80,00,00,54,C0,FE,33,
4305013260,000002C0,false,Rx,1,8,18,80,00,00,54,C0,FE,43,
4305023414,000002C0,false,Rx,1,8,18,80,00,00,54,C0,FE,53,
4305033248,000002C0,false,Rx,1,8,18,80,00,00,54,C0,FE,63,
4305043413,000002C0,false,Rx,1,8,18,80,00,00,54,C0,FE,73,
4305053248,000002C0,false,Rx,1,8,18,80,00,00,54,C0,FE,83,
4305063418,000002C0,false,Rx,1,8,18,80,00,00,54,C0,FE,93,
4305073248,000002C0,false,Rx,1,8,18,80,00,00,54,C0,FE,A3,
4305083417,000002C0,false,Rx,1,8,18,80,00,00,54,C0,FE,B3,
4305093247,000002C0,false,Rx,1,8,18,80,00,00,54,C0,FE,C3,
4305103418,000002C0,false,Rx,1,8,18,80,00,00,54,C0,FE,D3,
4305113252,000002C0,false,Rx,1,8,18,80,00,00,54,C0,FE,E3,
4305123416,000002C0,false,Rx,1,8,18,80,00,00,54,C0,FE,F3,
4305133248,000002C0,false,Rx,1,8,18,80,00,00,54,C0,FE,03,
4305143418,000002C0,false,Rx,1,8,18,80,00,00,54,C0,FE,13,
4305153252,000002C0,false,Rx,1,8,18,80,00,00,54,C0,FE,23,
4305163418,000002C0,false,Rx,1,8,18,80,00,00,54,C0,FE,33,
4305173248,000002C0,false,Rx,1,8,18,80,00,00,54,C0,FE,43,
4305183419,000002C0,false,Rx,1,8,18,80,00,00,54,C0,FE,53,
4305193252,000002C0,false,Rx,1,8,18,80,00,00,54,C0,FE,63,
4305203420,000002C0,false,Rx,1,8,18,80,00,00,54,C0,FE,73,
4305213257,000002C0,false,Rx,1,8,18,80,00,00,54,C0,FE,83,
4305223428,000002C0,false,Rx,1,8,18,80,00,00,54,C0,FE,93,
4305233256,000002C0,false,Rx,1,8,18,80,00,00,54,C0,FE,A3,
4305243422,000002C0,false,Rx,1,8,18,80,00,00,54,C0,FE,B3,
4305253252,000002C0,false,Rx,1,8,18,80,00,00,54,C0,FE,C3,
4305263424,000002C0,false,Rx,1,8,18,80,00,00,54,C0,FE,D3,
4305273256,000002C0,false,Rx,1,8,18,80,00,00,54,C0,FE,E3,
4305283421,000002C0,false,Rx,1,8,18,80,00,00,54,C0,FE,F3,
4305293257,000002C0,false,Rx,1,8,18,80,00,00,54,C0,FE,03,
4305303426,000002C0,false,Rx,1,8,18,80,00,00,54,C0,FE,13,
4305313273,000002C0,false,Rx,1,8,18,80,00,00,54,C0,FE,23,
4305323424,000002C0,false,Rx,1,8,18,80,00,00,54,C0,FE,33,
4305333257,000002C0,false,Rx,1,8,18,80,00,00,54,C0,FE,43,
4305343426,000002C0,false,Rx,1,8,18,80,00,00,54,C0,FE,53,
4305353258,000002C0,false,Rx,1,8,18,80,00,00,54,C0,FE,63,
4305363426,000002C0,false,Rx,1,8,18,80,00,00,54,C0,FE,73,
4305373259,000002C0,false,Rx,1,8,18,80,00,00,54,C0,FE,83,
4305383429,000002C0,false,Rx,1,8,18,80,00,00,54,C0,FE,93,
4305389001,00000764,false,Rx,0,1,A3,00,00,00,00,00,00,00,
4305393258,000002C0,false,Rx,1,8,18,80,00,00,54,C0,FE,A3,
4305403388,00000300,false,Rx,1,6,A1,0F,8A,FF,4A,FF,00,00,
4305403628,000002C0,false,Rx,1,8,18,80,00,00,54,C0,FE,B3,
4305413277,000002C0,false,Rx,1,8,18,80,00,00,54,C0,FE,C3,
4305423431,000002C0,false,Rx,1,8,18,80,00,00,54,C0,FE,D3,
4305433257,000002C0,false,Rx,1,8,18,80,00,00,54,C0,FE,E3,
4305443428,000002C0,false,Rx,1,8,18,80,00,00,54,C0,FE,F3,
4305453261,000002C0,false,Rx,1,8,18,80,00,00,54,C0,FE,03,
4305463430,000002C0,false,Rx,1,8,18,80,00,00,54,C0,FE,13,
4305473264,000002C0,false,Rx,1,8,18,80,00,00,54,C0,FE,23,
4305483429,000002C0,false,Rx,1,8,18,80,00,00,54,C0,FE,33,
4305493262,000002C0,false,Rx,1,8,18,80,00,00,54,C0,FE,43,
4305503432,000002C0,false,Rx,1,8,18,80,00,00,54,C0,FE,53,
4305513264,000002C0,false,Rx,1,8,18,80,00,00,54,C0,FE,63,
4305523444,000002C0,false,Rx,1,8,18,80,00,00,54,C0,FE,73,
4305533265,000002C0,false,Rx,1,8,18,80,00,00,54,C0,FE,83,
4305543436,000002C0,false,Rx,1,8,18,80,00,00,54,C0,FE,93,
4305553262,000002C0,false,Rx,1,8,18,80,00,00,54,C0,FE,A3,
4305563435,000002C0,false,Rx,1,8,18,80,00,00,54,C0,FE,B3,
4305573266,000002C0,false,Rx,1,8,18,80,00,00,54,C0,FE,C3,
4305583436,000002C0,false,Rx,1,8,18,80,00,00,54,C0,FE,D3,
4305593264,000002C0,false,Rx,1,8,18,80,00,00,54,C0,FE,E3,
4305603433,000002C0,false,Rx,1,8,18,80,00,00,54,C0,FE,F3,
4305613269,000002C0,false,Rx,1,8,18,80,00,00,54,C0,FE,03,
4305623442,000002C0,false,Rx,1,8,18,80,00,00,54,C0,FE,13,
4305633271,000002C0,false,Rx,1,8,18,80,00,00,54,C0,FE,23,
4305643436,000002C0,false,Rx,1,8,18,80,00,00,54,C0,FE,33,
4305653267,000002C0,false,Rx,1,8,18,80,00,00,54,C0,FE,43,
4305663438,000002C0,false,Rx,1,8,18,80,00,00,54,C0,FE,53,
4305673270,000002C0,false,Rx,1,8,18,80,00,00,54,C0,FE,63,
4305683437,000002C0,false,Rx,1,8,18,80,00,00,54,C0,FE,73,
4305693270,000002C0,false,Rx,1,8,18,80,00,00,54,C0,FE,83,
4305703442,000002C0,false,Rx,1,8,18,80,00,00,54,C0,FE,93,
4305713269,000002C0,false,Rx,1,8,18,80,00,00,54,C0,FE,A3,
4305723451,000002C0,false,Rx,1,8,18,80,00,00,54,C0,FE,B3,
4305733273,000002C0,false,Rx,1,8,18,80,00,00,54,C0,FE,C3,
4305743442,000002C0,false,Rx,1,8,18,80,00,00,54,C0,FE,D3,
4305753271,000002C0,false,Rx,1,8,18,80,00,00,54,C0,FE,E3,
4305763439,000002C0,false,Rx,1,8,18,80,00,00,54,C0,FE,F3,
4305773274,000002C0,false,Rx,1,8,18,80,00,00,54,C0,FE,03,
4305783443,000002C0,false,Rx,1,8,18,80,00,00,54,C0,FE,13,
4305793276,000002C0,false,Rx,1,8,18,80,00,00,54,C0,FE,23,
4305803441,000002C0,false,Rx,1,8,18,80,00,00,54,C0,FE,33,
4305813273,000002C0,false,Rx,1,8,18,80,00,00,54,C0,FE,43,
4305823453,000002C0,false,Rx,1,8,18,80,00,00,54,C0,FE,53,
4305833277,000002C0,false,Rx,1,8,18,80,00,00,54,C0,FE,63,
4305843444,000002C0,false,Rx,1,8,18,80,00,00,54,C0,FE,73,
4305853277,000002C0,false,Rx,1,8,18,80,00,00,54,C0,FE,83,
4305863448,000002C0,false,Rx,1,8,18,80,00,00,54,C0,FE,93,
4305873276,000002C0,false,Rx,1,8,18,80,00,00,54,C0,FE,A3,
4305883447,000002C0,false,Rx,1,8,18,80,00,00,54,C0,FE,B3,
4305893277,000002C0,false,Rx,1,8,18,80,00,00,54,C0,FE,C3,
4305903448,000002C0,false,Rx,1,8,18,80,00,00,54,C0,FE,D3,
4305913277,000002C0,false,Rx,1,8,18,80,00,00,54,C0,FE,E3,
4305923447,000002C0,false,Rx,1,8,18,80,00,00,54,C0,FE,F3,
4305933285,000002C0,false,Rx,1,8,18,80,00,00,54,C0,FE,03,
4305943450,000002C0,false,Rx,1,8,18,80,00,00,54,C0,FE,13,
4305953283,000002C0,false,Rx,1,8,18,80,00,00,54,C0,FE,23,
4305963447,000002C0,false,Rx,1,8,18,80,00,00,54,C0,FE,33,
4305973280,000002C0,false,Rx,1,8,18,80,00,00,54,C0,FE,43,
4305983451,000002C0,false,Rx,1,8,18,80,00,00,54,C0,FE,53,
4305983932,00000764,false,Rx,0,1,A3,00,00,00,00,00,00,00,
4305993283,000002C0,false,Rx,1,8,18,80,00,00,54,C0,FE,63,
4306003411,00000300,false,Rx,1,6,A1,0F,8A,FF,4A,FF,00,00,
4306003650,000002C0,false,Rx,1,8,18,80,00,00,54,C0,FE,73,
4306013290,000002C0,false,Rx,1,8,18,80,00,00,54,C0,FE,83,
4306023455,000002C0,false,Rx,1,8,18,80,00,00,54,C0,FE,93,
4306033301,000002C0,false,Rx,1,8,18,80,00,00,54,C0,FE,A3,
4306043453,000002C0,false,Rx,1,8,18,80,00,00,54,C0,FE,B3,
4306053292,000002C0,false,Rx,1,8,18,80,00,00,54,C0,FE,C3,
4306063454,000002C0,false,Rx,1,8,18,80,00,00,54,C0,FE,D3,
4306073282,000002C0,false,Rx,1,8,18,80,00,00,54,C0,FE,E3,
4306083454,000002C0,false,Rx,1,8,18,80,00,00,54,C0,FE,F3,
4306093287,000002C0,false,Rx,1,8,18,80,00,00,54,C0,FE,03,
4306103456,000002C0,false,Rx,1,8,18,80,00,00,54,C0,FE,13,
4306113289,000002C0,false,Rx,1,8,18,80,00,00,54,C0,FE,23,
4306123455,000002C0,false,Rx,1,8,18,80,00,00,54,C0,FE,33,
4306133289,000002C0,false,Rx,1,8,18,80,00,00,54,C0,FE,43,
4306143456,000002C0,false,Rx,1,8,18,80,00,00,54,C0,FE,53,
4306153289,000002C0,false,Rx,1,8,18,80,00,00,54,C0,FE,63,
4306163456,000002C0,false,Rx,1,8,18,80,00,00,54,C0,FE,73,
4306173288,000002C0,false,Rx,1,8,18,80,00,00,54,C0,FE,83,
4306183462,000002C0,false,Rx,1,8,18,80,00,00,54,C0,FE,93,
4306193288,000002C0,false,Rx,1,8,18,80,00,00,54,C0,FE,A3,
4306203460,000002C0,false,Rx,1,8,18,80,00,00,54,C0,FE,B3,
4306213291,000002C0,false,Rx,1,8,18,80,00,00,54,C0,FE,C3,
4306223466,000002C0,false,Rx,1,8,18,80,00,00,54,C0,FE,D3,
4306233307,000002C0,false,Rx,1,8,18,80,00,00,54,C0,FE,E3,
4306243461,000002C0,false,Rx,1,8,18,80,00,00,54,C0,FE,F3,
4306253294,000002C0,false,Rx,1,8,18,80,00,00,54,C0,FE,03,
4306263462,000002C0,false,Rx,1,8,18,80,00,00,54,C0,FE,13,
4306273294,000002C0,false,Rx,1,8,18,80,00,00,54,C0,FE,23,
4306283460,000002C0,false,Rx,1,8,18,80,00,00,54,C0,FE,33,
4306293292,000002C0,false,Rx,1,8,18,80,00,00,54,C0,FE,43,
4306303464,000002C0,false,Rx,1,8,18,80,00,00,54,C0,FE,53,
4306313295,000002C0,false,Rx,1,8,18,80,00,00,54,C0,FE,63,
4306323462,000002C0,false,Rx,1,8,18,80,00,00,54,C0,FE,73,
4306333295,000002C0,false,Rx,1,8,18,80,00,00,54,C0,FE,83,
4306343471,000002C0,false,Rx,1,8,18,80,00,00,54,C0,FE,93,
4306353294,000002C0,false,Rx,1,8,18,80,00,00,54,C0,FE,A3,
4306363466,000002C0,false,Rx,1,8,18,80,00,00,54,C0,FE,B3,
4306373297,000002C0,false,Rx,1,8,18,80,00,00,54,C0,FE,C3,
4306383466,000002C0,false,Rx,1,8,18,80,00,00,54,C0,FE,D3,
4306393296,000002C0,false,Rx,1,8,18,80,00,00,54,C0,FE,E3,
4306403466,000002C0,false,Rx,1,8,18,80,00,00,54,C0,FE,F3,
4306413300,000002C0,false,Rx,1,8,18,80,00,00,54,C0,FE,03,
4306423468,000002C0,false,Rx,1,8,18,80,00,00,54,C0,FE,13,
4306433301,000002C0,false,Rx,1,8,18,80,00,00,54,C0,FE,23,
4306443470,000002C0,false,Rx,1,8,18,80,00,00,54,C0,FE,33,
4306453297,000002C0,false,Rx,1,8,18,80,00,00,54,C0,FE,43,
4306463470,000002C0,false,Rx,1,8,18,80,00,00,54,C0,FE,53,
4306473300,000002C0,false,Rx,1,8,18,80,00,00,54,C0,FE,63,
4306483468,000002C0,false,Rx,1,8,18,80,00,00,54,C0,FE,73,
4306493309,000002C0,false,Rx,1,8,18,80,00,00,54,C0,FE,83,
4306503474,000002C0,false,Rx,1,8,18,80,00,00,54,C0,FE,93,
4306513301,000002C0,false,Rx,1,8,18,80,00,00,54,C0,FE,A3,
4306523471,000002C0,false,Rx,1,8,18,80,00,00,54,C0,FE,B3,
4306533303,000002C0,false,Rx,1,8,18,80,00,00,54,C0,FE,C3,
4306543479,000002C0,false,Rx,1,8,18,80,00,00,54,C0,FE,D3,
4306553300,000002C0,false,Rx,1,8,18,80,00,00,54,C0,FE,E3,
4306563472,000002C0,false,Rx,1,8,18,80,00,00,54,C0,FE,F3,
4306573306,000002C0,false,Rx,1,8,18,80,00,00,54,C0,FE,03,
4306583473,000002C0,false,Rx,1,8,18,80,00,00,54,C0,FE,13,
4306584625,00000764,false,Rx,0,1,A3,00,00,00,00,00,00,00,
4306593309,000002C0,false,Rx,1,8,18,80,00,00,54,C0,FE,23,
4306603436,00000300,false,Rx,1,6,A1,0F,8A,FF,4A,FF,00,00,
4306603674,000002C0,false,Rx,1,8,18,80,00,00,54,C0,FE,33,
4306613312,000002C0,false,Rx,1,8,18,80,00,00,54,C0,FE,43,
4306623475,000002C0,false,Rx,1,8,18,80,00,00,54,C0,FE,53,
4306633308,000002C0,false,Rx,1,8,18,80,00,00,54,C0,FE,63,
4306643483,000002C0,false,Rx,1,8,18,80,00,00,54,C0,FE,73,
4306653308,000002C0,false,Rx,1,8,18,80,00,00,54,C0,FE,83,
4306663480,000002C0,false,Rx,1,8,18,80,00,00,54,C0,FE,93,
4306673306,000002C0,false,Rx,1,8,18,80,00,00,54,C0,FE,A3,
4306683478,000002C0,false,Rx,1,8,18,80,00,00,54,C0,FE,B3,
4306693309,000002C0,false,Rx,1,8,18,80,00,00,54,C0,FE,C3,
4306703478,000002C0,false,Rx,1,8,18,80,00,00,54,C0,FE,D3,
4306713310,000002C0,false,Rx,1,8,18,80,00,00,54,C0,FE,E3,
4306723480,000002C0,false,Rx,1,8,18,80,00,00,54,C0,FE,F3,
4306733311,000002C0,false,Rx,1,8,18,80,00,00,54,C0,FE,03,
4306743480,000002C0,false,Rx,1,8,18,80,00,00,54,C0,FE,13,
4306753316,000002C0,false,Rx,1,8,18,80,00,00,54,C0,FE,23,
4306763478,000002C0,false,Rx,1,8,18,80,00,00,54,C0,FE,33,
4306773310,000002C0,false,Rx,1,8,18,80,00,00,54,C0,FE,43,
4306783481,000002C0,false,Rx,1,8,18,80,00,00,54,C0,FE,53,
4306793313,000002C0,false,Rx,1,8,18,80,00,00,54,C0,FE,63,
4306803480,000002C0,false,Rx,1,8,18,80,00,00,54,C0,FE,73,
4306813314,000002C0,false,Rx,1,8,18,80,00,00,54,C0,FE,83,
4306823485,000002C0,false,Rx,1,8,18,80,00,00,54,C0,FE,93,
4306833311,000002C0,false,Rx,1,8,18,80,00,00,54,C0,FE,A3,
4306843485,000002C0,false,Rx,1,8,18,80,00,00,54,C0,FE,B3,
4306853317,000002C0,false,Rx,1,8,18,80,00,00,54,C0,FE,C3,
4306863486,000002C0,false,Rx,1,8,18,80,00,00,54,C0,FE,D3,
4306873314,000002C0,false,Rx,1,8,18,80,00,00,54,C0,FE,E3,
4306883484,000002C0,false,Rx,1,8,18,80,00,00,54,C0,FE,F3,
4306893317,000002C0,false,Rx,1,8,18,80,00,00,54,C0,FE,03,
4306903485,000002C0,false,Rx,1,8,18,80,00,00,54,C0,FE,13,
4306913342,000002C0,false,Rx,1,8,18,80,00,00,54,C0,FE,23,
4306923485,000002C0,false,Rx,1,8,18,80,00,00,54,C0,FE,33,
4306933317,000002C0,false,Rx,1,8,18,80,00,00,54,C0,FE,43,
4306943497,000002C0,false,Rx,1,8,18,80,00,00,54,C0,FE,53,
4306953320,000002C0,false,Rx,1,8,18,80,00,00,54,C0,FE,63,
4306963488,000002C0,false,Rx,1,8,18,80,00,00,54,C0,FE,73,
4306973320,000002C0,false,Rx,1,8,18,80,00,00,54,C0,FE,83,
4306983491,000002C0,false,Rx,1,8,18,80,00,00,54,C0,FE,93,
4306993328,000002C0,false,Rx,1,8,18,80,00,00,54,C0,FE,A3,
4307003490,000002C0,false,Rx,1,8,18,80,00,00,54,C0,FE,B3,
4307013322,000002C0,false,Rx,1,8,18,80,00,00,54,C0,FE,C3,
4307023491,000002C0,false,Rx,1,8,18,80,00,00,54,C0,FE,D3,
4307033319,000002C0,false,Rx,1,8,18,80,00,00,54,C0,FE,E3,
4307043491,000002C0,false,Rx,1,8,18,80,00,00,54,C0,FE,F3,
4307053380,000002C0,false,Rx,1,8,18,80,00,00,54,C0,FE,03,
4307063496,000002C0,false,Rx,1,8,18,80,00,00,54,C0,FE,13,
4307073326,000002C0,false,Rx,1,8,18,80,00,00,54,C0,FE,23,
4307083492,000002C0,false,Rx,1,8,18,80,00,00,54,C0,FE,33,
4307093324,000002C0,false,Rx,1,8,18,80,00,00,54,C0,FE,43,
4307103493,000002C0,false,Rx,1,8,18,80,00,00,54,C0,FE,53,
4307113325,000002C0,false,Rx,1,8,18,80,00,00,54,C0,FE,63,
4307123493,000002C0,false,Rx,1,8,18,80,00,00,54,C0,FE,73,
4307133325,000002C0,false,Rx,1,8,18,80,00,00,54,C0,FE,83,
4307143498,000002C0,false,Rx,1,8,18,80,00,00,54,C0,FE,93,
4307153325,000002C0,false,Rx,1,8,18,80,00,00,54,C0,FE,A3,
4307163506,000002C0,false,Rx,1,8,18,80,00,00,54,C0,FE,B3,
4307173328,000002C0,false,Rx,1,8,18,80,00,00,54,C0,FE,C3,
4307183497,000002C0,false,Rx,1,8,18,80,00,00,54,C0,FE,D3,
4307193327,000002C0,false,Rx,1,8,18,80,00,00,54,C0,FE,E3,
4307203496,000002C0,false,Rx,1,8,18,80,00,00,54,C0,FE,F3,
4307213330,000002C0,false,Rx,1,8,18,80,00,00,54,C0,FE,03,
4307223503,000002C0,false,Rx,1,8,18,80,00,00,54,C0,FE,13,
4307233331,000002C0,false,Rx,1,8,18,80,00,00,54,C0,FE,23,
4307243498,000002C0,false,Rx,1,8,18,80,00,00,54,C0,FE,33,
4307253328,000002C0,false,Rx,1,8,18,80,00,00,54,C0,FE,43,
4307263503,000002C0,false,Rx,1,8,18,80,00,00,54,C0,FE,53,
4307273330,000002C0,false,Rx,1,8,18,80,00,00,54,C0,FE,63,
4307283500,000002C0,false,Rx,1,8,18,80,00,00,54,C0,FE,73,
4307293333,000002C0,false,Rx,1,8,18,80,00,00,54,C0,FE,83,
4307303503,000002C0,false,Rx,1,8,18,80,00,00,54,C0,FE,93,
4307313331,000002C0,false,Rx,1,8,18,80,00,00,54,C0,FE,A3,
4307323503,000002C0,false,Rx,1,8,18,80,00,00,54,C0,FE,B3,
4307333333,000002C0,false,Rx,1,8,18,80,00,00,54,C0,FE,C3,
4307343502,000002C0,false,Rx,1,8,18,80,00,00,54,C0,FE,D3,
4307353333,000002C0,false,Rx,1,8,18,80,00,00,54,C0,FE,E3,
4307362851,00000764,false,Rx,0,1,A3,00,00,00,00,00,00,00,
4307363505,000002C0,false,Rx,1,8,18,80,00,00,54,C0,FE,F3,
4307373294,00000300,false,Rx,1,6,A1,0F,8A,FF,4A,FF,00,00,
4307373534,000002C0,false,Rx,1,8,18,80,00,00,54,C0,FE,03,
4307383513,000002C0,false,Rx,1,8,18,80,00,00,54,C0,FE,13,
4307393339,000002C0,false,Rx,1,8,18,80,00,00,54,C0,FE,23,
4307403504,000002C0,false,Rx,1,8,18,80,00,00,54,C0,FE,33,
4307413336,000002C0,false,Rx,1,8,18,80,00,00,54,C0,FE,43,
4307423506,000002C0,false,Rx,1,8,18,80,00,00,54,C0,FE,53,
4307433337,000002C0,false,Rx,1,8,18,80,00,00,54,C0,FE,63,
4307443505,000002C0,false,Rx,1,8,18,80,00,00,54,C0,FE,73,
4307453338,000002C0,false,Rx,1,8,18,80,00,00,54,C0,FE,83,
4307463521,000002C0,false,Rx,1,8,18,80,00,00,54,C0,FE,93,
4307473337,000002C0,false,Rx,1,8,18,80,00,00,54,C0,FE,A3,
4307483508,000002C0,false,Rx,1,8,18,80,00,00,54,C0,FE,B3,
4307493346,000002C0,false,Rx,1,8,18,80,00,00,54,C0,FE,C3,
4307503510,000002C0,false,Rx,1,8,18,80,00,00,54,C0,FE,D3,
4307513339,000002C0,false,Rx,1,8,18,80,00,00,54,C0,FE,E3,
4307523507,000002C0,false,Rx,1,8,18,80,00,00,54,C0,FE,F3,
4307533341,000002C0,false,Rx,1,8,18,80,00,00,54,C0,FE,03,
4307543511,000002C0,false,Rx,1,8,18,80,00,00,54,C0,FE,13,
4307553345,000002C0,false,Rx,1,8,18,80,00,00,54,C0,FE,23,
4307563510,000002C0,false,Rx,1,8,18,80,00,00,54,C0,FE,33,
4307573343,000002C0,false,Rx,1,8,18,80,00,00,54,C0,FE,43,
4307583514,000002C0,false,Rx,1,8,18,80,00,00,54,C0,FE,53,
4307593346,000002C0,false,Rx,1,8,18,80,00,00,54,C0,FE,63,
4307603512,000002C0,false,Rx,1,8,18,80,00,00,54,C0,FE,73,
4307613345,000002C0,false,Rx,1,8,18,80,00,00,54,C0,FE,83,
4307623515,000002C0,false,Rx,1,8,18,80,00,00,54,C0,FE,93,
4307633343,000002C0,false,Rx,1,8,18,80,00,00,54,C0,FE,A3,
4307643514,000002C0,false,Rx,1,8,18,80,00,00,54,C0,FE,B3,
4307653346,000002C0,false,Rx,1,8,18,80,00,00,54,C0,FE,C3,
4307663516,000002C0,false,Rx,1,8,18,80,00,00,54,C0,FE,D3,
4307673348,000002C0,false,Rx,1,8,18,80,00,00,54,C0,FE,E3,
4307683514,000002C0,false,Rx,1,8,18,80,00,00,54,C0,FE,F3,
4307693348,000002C0,false,Rx,1,8,18,80,00,00,54,C0,FE,03,
4307703517,000002C0,false,Rx,1,8,18,80,00,00,54,C0,FE,13,
4307713351,000002C0,false,Rx,1,8,18,80,00,00,54,C0,FE,23,
4307723520,000002C0,false,Rx,1,8,18,80,00,00,54,C0,FE,33,
4307733347,000002C0,false,Rx,1,8,18,80,00,00,54,C0,FE,43,
4307743518,000002C0,false,Rx,1,8,18,80,00,00,54,C0,FE,53,
4307753350,000002C0,false,Rx,1,8,18,80,00,00,54,C0,FE,63,
4307763518,000002C0,false,Rx,1,8,18,80,00,00,54,C0,FE,73,
4307773353,000002C0,false,Rx,1,8,18,80,00,00,54,C0,FE,83,
4307783523,000002C0,false,Rx,1,8,18,80,00,00,54,C0,FE,93,
4307793351,000002C0,false,Rx,1,8,18,80,00,00,54,C0,FE,A3,
4307803522,000002C0,false,Rx,1,8,18,80,00,00,54,C0,FE,B3,
4307813353,000002C0,false,Rx,1,8,18,80,00,00,54,C0,FE,C3,
4307823521,000002C0,false,Rx,1,8,18,80,00,00,54,C0,FE,D3,
4307833351,000002C0,false,Rx,1,8,18,80,00,00,54,C0,FE,E3,
4307843520,000002C0,false,Rx,1,8,18,80,00,00,54,C0,FE,F3,
4307853352,000002C0,false,Rx,1,8,18,80,00,00,54,C0,FE,03,
4307863524,000002C0,false,Rx,1,8,18,80,00,00,54,C0,FE,13,
4307873357,000002C0,false,Rx,1,8,18,80,00,00,54,C0,FE,23,
4307883521,000002C0,false,Rx,1,8,18,80,00,00,54,C0,FE,33,
4307893355,000002C0,false,Rx,1,8,18,80,00,00,54,C0,FE,43,
4307903526,000002C0,false,Rx,1,8,18,80,00,00,54,C0,FE,53,
4307913357,000002C0,false,Rx,1,8,18,80,00,00,54,C0,FE,63,
4307923523,000002C0,false,Rx,1,8,18,80,00,00,54,C0,FE,73,
4307933356,000002C0,false,Rx,1,8,18,80,00,00,54,C0,FE,83,
4307943528,000002C0,false,Rx,1,8,18,80,00,00,54,C0,FE,93,
4307953356,000002C0,false,Rx,1,8,18,80,00,00,54,C0,FE,A3,
4307955718,00000764,false,Rx,0,1,A3,00,00,00,00,00,00,00,
4307963527,000002C0,false,Rx,1,8,18,80,00,00,54,C0,FE,B3,
4307973317,00000300,false,Rx,1,6,A1,0F,8A,FF,4A,FF,00,00,
4307973676,000002C0,false,Rx,1,8,18,80,00,00,54,C0,FE,C3,
4307983535,000002C0,false,Rx,1,8,18,80,00,00,54,C0,FE,D3,
4307993364,000002C0,false,Rx,1,8,18,80,00,00,54,C0,FE,E3,
4308003525,000002C0,false,Rx,1,8,18,80,00,00,54,C0,FE,F3,
4308013361,000002C0,false,Rx,1,8,18,80,00,00,54,C0,FE,03,
4308023529,000002C0,false,Rx,1,8,18,80,00,00,54,C0,FE,13,
4308033363,000002C0,false,Rx,1,8,18,80,00,00,54,C0,FE,23,
4308043528,000002C0,false,Rx,1,8,18,80,00,00,54,C0,FE,33,
4308053359,000002C0,false,Rx,1,8,18,80,00,00,54,C0,FE,43,
4308063530,000002C0,false,Rx,1,8,18,80,00,00,54,C0,FE,53,
4308073362,000002C0,false,Rx,1,8,18,80,00,00,54,C0,FE,63,
4308083531,000002C0,false,Rx,1,8,18,80,00,00,54,C0,FE,73,
4308093366,000002C0,false,Rx,1,8,18,80,00,00,54,C0,FE,83,
4308103536,000002C0,false,Rx,1,8,18,80,00,00,54,C0,FE,93,
4308113363,000002C0,false,Rx,1,8,18,80,00,00,54,C0,FE,A3,
4308123533,000002C0,false,Rx,1,8,18,80,00,00,54,C0,FE,B3,
4308133365,000002C0,false,Rx,1,8,18,80,00,00,54,C0,FE,C3,
4308143534,000002C0,false,Rx,1,8,18,80,00,00,54,C0,FE,D3,
4308153362,000002C0,false,Rx,1,8,18,80,00,00,54,C0,FE,E3,
4308163533,000002C0,false,Rx,1,8,18,80,00,00,54,C0,FE,F3,
4308173366,000002C0,false,Rx,1,8,18,80,00,00,54,C0,FE,03,
4308183538,000002C0,false,Rx,1,8,18,80,00,00,54,C0,FE,13,
4308193371,000002C0,false,Rx,1,8,18,80,00,00,54,C0,FE,23,
4308203533,000002C0,false,Rx,1,8,18,80,00,00,54,C0,FE,33,
4308213367,000002C0,false,Rx,1,8,18,80,00,00,54,C0,FE,43,
4308223541,000002C0,false,Rx,1,8,18,80,00,00,54,C0,FE,53,
4308233371,000002C0,false,Rx,1,8,18,80,00,00,54,C0,FE,63,
4308243536,000002C0,false,Rx,1,8,18,80,00,00,54,C0,FE,73,
4308253409,000002C0,false,Rx,1,8,18,80,00,00,54,C0,FE,83,
4308263551,000002C0,false,Rx,1,8,18,80,00,00,54,C0,FE,93,
4308273368,000002C0,false,Rx,1,8,18,80,00,00,54,C0,FE,A3,
4308283549,000002C0,false,Rx,1,8,18,80,00,00,54,C0,FE,B3,
4308293370,000002C0,false,Rx,1,8,18,80,00,00,54,C0,FE,C3,
4308303540,000002C0,false,Rx,1,8,18,80,00,00,54,C0,FE,D3,
4308313370,000002C0,false,Rx,1,8,18,80,00,00,54,C0,FE,E3,
4308323539,000002C0,false,Rx,1,8,18,80,00,00,54,C0,FE,F3,
4308333371,000002C0,false,Rx,1,8,18,80,00,00,54,C0,FE,03,
4308343542,000002C0,false,Rx,1,8,18,80,00,00,54,C0,FE,13,
4308353374,000002C0,false,Rx,1,8,18,80,00,00,54,C0,FE,23,
4308363540,000002C0,false,Rx,1,8,18,80,00,00,54,C0,FE,33,
4308373374,000002C0,false,Rx,1,8,18,80,00,00,54,C0,FE,43,
4308383555,000002C0,false,Rx,1,8,18,80,00,00,54,C0,FE,53,
4308393375,000002C0,false,Rx,1,8,18,80,00,00,54,C0,FE,63,
4308403541,000002C0,false,Rx,1,8,18,80,00,00,54,C0,FE,73,
4308413375,000002C0,false,Rx,1,8,18,80,00,00,54,C0,FE,83,
4308423547,000002C0,false,Rx,1,8,18,80,00,00,54,C0,FE,93,
4308433373,000002C0,false,Rx,1,8,18,80,00,00,54,C0,FE,A3,
4308443546,000002C0,false,Rx,1,8,18,80,00,00,54,C0,FE,B3,
4308453377,000002C0,false,Rx,1,8,18,80,00,00,54,C0,FE,C3,
4308463546,000002C0,false,Rx,1,8,18,80,00,00,54,C0,FE,D3,
4308473376,000002C0,false,Rx,1,8,18,80,00,00,54,C0,FE,E3,
4308483545,000002C0,false,Rx,1,8,18,80,00,00,54,C0,FE,F3,
4308493388,000002C0,false,Rx,1,8,18,80,00,00,54,C0,FE,03,
4308503548,000002C0,false,Rx,1,8,18,80,00,00,54,C0,FE,13,
4308513382,000002C0,false,Rx,1,8,18,80,00,00,54,C0,FE,23,
4308523547,000002C0,false,Rx,1,8,18,80,00,00,54,C0,FE,33,
4308533377,000002C0,false,Rx,1,8,18,80,00,00,54,C0,FE,43,
4308543550,000002C0,false,Rx,1,8,18,80,00,00,54,C0,FE,53,
4308553381,000002C0,false,Rx,1,8,18,80,00,00,54,C0,FE,63,
4308563548,000002C0,false,Rx,1,8,18,80,00,00,54,C0,FE,73,
4308572923,00000764,false,Rx,0,1,A3,00,00,00,00,00,00,00,
4308573381,000002C0,false,Rx,1,8,18,80,00,00,54,C0,FE,83,
4308583512,00000300,false,Rx,1,6,A1,0F,8A,FF,4A,FF,00,00,
4308583754,000002C0,false,Rx,1,8,18,80,00,00,54,C0,FE,93,
4308593394,000002C0,false,Rx,1,8,18,80,00,00,54,C0,FE,A3,
4308603552,000002C0,false,Rx,1,8,18,80,00,00,54,C0,FE,B3,
4308613384,000002C0,false,Rx,1,8,18,80,00,00,54,C0,FE,C3,
4308623552,000002C0,false,Rx,1,8,18,80,00,00,54,C0,FE,D3,
4308633381,000002C0,false,Rx,1,8,18,80,00,00,54,C0,FE,E3,
4308643551,000002C0,false,Rx,1,8,18,80,00,00,54,C0,FE,F3,
4308653385,000002C0,false,Rx,1,8,18,80,00,00,54,C0,FE,03,
4308663554,000002C0,false,Rx,1,8,18,80,00,00,54,C0,FE,13,
4308673386,000002C0,false,Rx,1,8,18,80,00,00,54,C0,FE,23,
4308683552,000002C0,false,Rx,1,8,18,80,00,00,54,C0,FE,33,
4308693391,000002C0,false,Rx,1,8,18,80,00,00,54,C0,FE,43,
4308703556,000002C0,false,Rx,1,8,18,80,00,00,54,C0,FE,53,
4308713387,000002C0,false,Rx,1,8,18,80,00,00,54,C0,FE,63,
4308723557,000002C0,false,Rx,1,8,18,80,00,00,54,C0,FE,73,
4308733387,000002C0,false,Rx,1,8,18,80,00,00,54,C0,FE,83,
4308743559,000002C0,false,Rx,1,8,18,80,00,00,54,C0,FE,93,
4308753385,000002C0,false,Rx,1,8,18,80,00,00,54,C0,FE,A3,
4308763558,000002C0,false,Rx,1,8,18,80,00,00,54,C0,FE,B3,
4308773389,000002C0,false,Rx,1,8,18,80,00,00,54,C0,FE,C3,
4308783558,000002C0,false,Rx,1,8,18,80,00,00,54,C0,FE,D3,
4308793395,000002C0,false,Rx,1,8,18,80,00,00,54,C0,FE,E3,
4308803559,000002C0,false,Rx,1,8,18,80,00,00,54,C0,FE,F3,
4308813392,000002C0,false,Rx,1,8,18,80,00,00,54,C0,FE,03,
4308823560,000002C0,false,Rx,1,8,18,80,00,00,54,C0,FE,13,
4308833393,000002C0,false,Rx,1,8,18,80,00,00,54,C0,FE,23,
4308843559,000002C0,false,Rx,1,8,18,80,00,00,54,C0,FE,33,
4308853389,000002C0,false,Rx,1,8,18,80,00,00,54,C0,FE,43,
4308863562,000002C0,false,Rx,1,8,18,80,00,00,54,C0,FE,53,
4308873392,000002C0,false,Rx,1,8,18,80,00,00,54,C0,FE,63,
4308883560,000002C0,false,Rx,1,8,18,80,00,00,54,C0,FE,73,
4308893392,000002C0,false,Rx,1,8,18,80,00,00,54,C0,FE,83,
4308903571,000002C0,false,Rx,1,8,18,80,00,00,54,C0,FE,93,
4308913393,000002C0,false,Rx,1,8,18,80,00,00,54,C0,FE,A3,
4308923564,000002C0,false,Rx,1,8,18,80,00,00,54,C0,FE,B3,
4308933395,000002C0,false,Rx,1,8,18,80,00,00,54,C0,FE,C3,
4308943565,000002C0,false,Rx,1,8,18,80,00,00,54,C0,FE,D3,
4308953393,000002C0,false,Rx,1,8,18,80,00,00,54,C0,FE,E3,
4308963564,000002C0,false,Rx,1,8,18,80,00,00,54,C0,FE,F3,
4308973396,000002C0,false,Rx,1,8,18,80,00,00,54,C0,FE,03,
4308983566,000002C0,false,Rx,1,8,18,80,00,00,54,C0,FE,13,
4308993402,000002C0,false,Rx,1,8,18,80,00,00,54,C0,FE,23,
4309003568,000002C0,false,Rx,1,8,18,80,00,00,54,C0,FE,33,
4309013398,000002C0,false,Rx,1,8,18,80,00,00,54,C0,FE,43,
4309023568,000002C0,false,Rx,1,8,18,80,00,00,54,C0,FE,53,
4309033399,000002C0,false,Rx,1,8,18,80,00,00,54,C0,FE,63,
4309043567,000002C0,false,Rx,1,8,18,80,00,00,54,C0,FE,73,
4309053399,000002C0,false,Rx,1,8,18,80,00,00,54,C0,FE,83,
4309063572,000002C0,false,Rx,1,8,18,80,00,00,54,C0,FE,93,
4309073398,000002C0,false,Rx,1,8,18,80,00,00,54,C0,FE,A3,
4309083570,000002C0,false,Rx,1,8,18,80,00,00,54,C0,FE,B3,
4309093402,000002C0,false,Rx,1,8,18,80,00,00,54,C0,FE,C3,
4309103575,000002C0,false,Rx,1,8,18,80,00,00,54,C0,FE,D3,
4309113401,000002C0,false,Rx,1,8,18,80,00,00,54,C0,FE,E3,
4309123570,000002C0,false,Rx,1,8,18,80,00,00,54,C0,FE,F3,
4309133403,000002C0,false,Rx,1,8,18,80,00,00,54,C0,FE,03,
4309143573,000002C0,false,Rx,1,8,18,80,00,00,54,C0,FE,13,
4309153404,000002C0,false,Rx,1,8,18,80,00,00,54,C0,FE,23,
4309163572,000002C0,false,Rx,1,8,18,80,00,00,54,C0,FE,33,
4309173402,000002C0,false,Rx,1,8,18,80,00,00,54,C0,FE,43,
4309183574,000002C0,false,Rx,1,8,18,80,00,00,54,C0,FE,53,
4309193406,000002C0,false,Rx,1,8,18,80,00,00,54,C0,FE,63,
4309197156,00000764,false,Rx,0,1,A3,00,00,00,00,00,00,00,
4309203581,000002C0,false,Rx,1,8,18,80,00,00,54,C0,FE,73,
4309213366,00000300,false,Rx,1,6,A1,0F,8A,FF,4A,FF,00,00,
4309213606,000002C0,false,Rx,1,8,18,80,00,00,54,C0,FE,83,
4309223588,000002C0,false,Rx,1,8,18,80,00,00,54,C0,FE,93,
4309233404,000002C0,false,Rx,1,8,18,80,00,00,54,C0,FE,A3,
4309243577,000002C0,false,Rx,1,8,18,80,00,00,54,C0,FE,B3,
4309253408,000002C0,false,Rx,1,8,18,80,00,00,54,C0,FE,C3,
4309263577,000002C0,false,Rx,1,8,18,80,00,00,54,C0,FE,D3,
4309273406,000002C0,false,Rx,1,8,18,80,00,00,54,C0,FE,E3,
4309283577,000002C0,false,Rx,1,8,18,80,00,00,54,C0,FE,F3,
4309293411,000002C0,false,Rx,1,8,18,80,00,00,54,C0,FE,03,
4309303578,000002C0,false,Rx,1,8,18,80,00,00,54,C0,FE,13,
4309313415,000002C0,false,Rx,1,8,18,80,00,00,54,C0,FE,23,
4309323577,000002C0,false,Rx,1,8,18,80,00,00,54,C0,FE,33,
4309333408,000002C0,false,Rx,1,8,18,80,00,00,54,C0,FE,43,
4309343579,000002C0,false,Rx,1,8,18,80,00,00,54,C0,FE,53,
4309353411,000002C0,false,Rx,1,8,18,80,00,00,54,C0,FE,63,
4309363579,000002C0,false,Rx,1,8,18,80,00,00,54,C0,FE,73,
4309373415,000002C0,false,Rx,1,8,18,80,00,00,54,C0,FE,83,
4309383584,000002C0,false,Rx,1,8,18,80,00,00,54,C0,FE,93,
4309393413,000002C0,false,Rx,1,8,18,80,00,00,54,C0,FE,A3,
4309403583,000002C0,false,Rx,1,8,18,80,00,00,54,C0,FE,B3,
4309405491,00000764,false,Rx,0,5,17,00,02,21,01,00,00,00,
4309413417,000002C0,false,Rx,1,8,18,80,00,00,54,C0,FE,C3,
4309423456,00000300,false,Rx,1,1,B8,00,00,00,00,00,00,00,
4309423697,000002C0,false,Rx,1,8,18,80,00,00,54,C0,FE,D3,
4309433410,00000300,false,Rx,1,8,21,00,0E,61,01,1A,00,18,
4309433649,000002C0,false,Rx,1,8,18,80,00,00,54,C0,FE,E3,
4309443584,00000300,false,Rx,1,8,22,1A,00,29,06,64,02,25,
4309443822,000002C0,false,Rx,1,8,18,80,00,00,54,C0,FE,F3,
4309453333,00000300,false,Rx,1,3,13,00,00,00,00,00,00,00,
4309453573,000002C0,false,Rx,1,8,18,80,00,00,54,C0,FE,03,
4309457906,00000764,false,Rx,0,1,B4,00,00,00,00,00,00,00,
4309463584,000002C0,false,Rx,1,8,18,80,00,00,54,C0,FE,13,
4309473419,000002C0,false,Rx,1,8,18,80,00,00,54,C0,FE,23,
4309483584,000002C0,false,Rx,1,8,18,80,00,00,54,C0,FE,33,
4309493419,000002C0,false,Rx,1,8,18,80,00,00,54,C0,FE,43,
4309503586,000002C0,false,Rx,1,8,18,80,00,00,54,C0,FE,53,
4309513424,000002C0,false,Rx,1,8,18,80,00,00,54,C0,FE,63,
4309523586,000002C0,false,Rx,1,8,18,80,00,00,54,C0,FE,73,
4309533417,000002C0,false,Rx,1,8,18,80,00,00,54,C0,FE,83,
4309543590,000002C0,false,Rx,1,8,18,80,00,00,54,C0,FE,93,
4309553417,000002C0,false,Rx,1,8,18,80,00,00,54,C0,FE,A3,
4309563588,000002C0,false,Rx,1,8,18,80,00,00,54,C0,FE,B3,
4309573421,000002C0,false,Rx,1,8,18,80,00,00,54,C0,FE,C3,
4309583590,000002C0,false,Rx,1,8,18,80,00,00,54,C0,FE,D3,
4309593421,000002C0,false,Rx,1,8,18,80,00,00,54,C0,FE,E3,
4309603588,000002C0,false,Rx,1,8,18,80,00,00,54,C0,FE,F3,
4309613431,000002C0,false,Rx,1,8,18,80,00,00,54,C0,FE,03,
4309623591,000002C0,false,Rx,1,8,18,80,00,00,54,C0,FE,13,
4309633425,000002C0,false,Rx,1,8,18,80,00,00,54,C0,FE,23,
4309643589,000002C0,false,Rx,1,8,18,80,00,00,54,C0,FE,33,
4309653421,000002C0,false,Rx,1,8,18,80,00,00,54,C0,FE,43,
4309657514,00000764,false,Rx,0,5,18,00,02,21,01,00,00,00,
4309663592,000002C0,false,Rx,1,8,18,80,00,00,54,C0,FE,53,
4309673296,00000300,false,Rx,1,1,B9,00,00,00,00,00,00,00,
4309673537,000002C0,false,Rx,1,8,18,80,00,00,54,C0,FE,63,
4309683592,00000300,false,Rx,1,8,24,00,0E,61,01,1A,00,18,
4309683830,000002C0,false,Rx,1,8,18,80,00,00,54,C0,FE,73,
4309693427,00000300,false,Rx,1,8,25,1A,00,29,06,64,02,25,
4309693665,000002C0,false,Rx,1,8,18,80,00,00,54,C0,FE,83,
4309703511,00000300,false,Rx,1,3,16,00,00,00,00,00,00,00,
4309703753,000002C0,false,Rx,1,8,18,80,00,00,54,C0,FE,93,
4309708653,00000764,false,Rx,0,1,B7,00,00,00,00,00,00,00,
4309713423,000002C0,false,Rx,1,8,18,80,00,00,54,C0,FE,A3,
4309723600,000002C0,false,Rx,1,8,18,80,00,00,54,C0,FE,B3,
4309733426,000002C0,false,Rx,1,8,18,80,00,00,54,C0,FE,C3,
4309743596,000002C0,false,Rx,1,8,18,80,00,00,54,C0,FE,D3,
4309753424,000002C0,false,Rx,1,8,18,80,00,00,54,C0,FE,E3,
4309763594,000002C0,false,Rx,1,8,18,80,00,00,54,C0,FE,F3,
4309773428,000002C0,false,Rx,1,8,18,80,00,00,54,C0,FE,03,
4309783597,000002C0,false,Rx,1,8,18,80,00,00,54,C0,FE,13,
4309793432,000002C0,false,Rx,1,8,18,80,00,00,54,C0,FE,23,
4309803595,000002C0,false,Rx,1,8,18,80,00,00,54,C0,FE,33,
4309813427,000002C0,false,Rx,1,8,18,80,00,00,54,C0,FE,43,
4309823600,000002C0,false,Rx,1,8,18,80,00,00,54,C0,FE,53,
4309833430,000002C0,false,Rx,1,8,18,80,00,00,54,C0,FE,63,
4309843598,000002C0,false,Rx,1,8,18,80,00,00,54,C0,FE,73,
4309853430,000002C0,false,Rx,1,8,18,80,00,00,54,C0,FE,83,
4309863601,000002C0,false,Rx,1,8,18,80,00,00,54,C0,FE,93,
4309873430,000002C0,false,Rx,1,8,18,80,00,00,54,C0,FE,A3,
4309883601,000002C0,false,Rx,1,8,18,80,00,00,54,C0,FE,B3,
4309893434,000002C0,false,Rx,1,8,18,80,00,00,54,C0,FE,C3,
4309903601,000002C0,false,Rx,1,8,18,80,00,00,54,C0,FE,D3,
4309913431,000002C0,false,Rx,1,8,18,80,00,00,54,C0,FE,E3,
4309913807,00000764,false,Rx,0,1,A3,00,00,00,00,00,00,00,
4309923603,000002C0,false,Rx,1,8,18,80,00,00,54,C0,FE,F3,
4309933396,00000300,false,Rx,1,6,A1,0F,8A,FF,4A,FF,00,00,
4309933635,000002C0,false,Rx,1,8,18,80,00,00,54,C0,FE,03,
4309938495,00000764,false,Rx,0,5,19,00,02,21,01,00,00,00,
4309943609,000002C0,false,Rx,1,8,18,80,00,00,54,C0,FE,13,
4309953307,00000300,false,Rx,1,1,BA,00,00,00,00,00,00,00,
4309953550,000002C0,false,Rx,1,8,18,80,00,00,54,C0,FE,23,
4309963600,00000300,false,Rx,1,8,27,00,0E,61,01,1A,00,18,
4309963839,000002C0,false,Rx,1,8,18,80,00,00,54,C0,FE,33,
4309973439,00000300,false,Rx,1,8,28,1A,00,29,06,64,02,25,
4309973678,000002C0,false,Rx,1,8,18,80,00,00,54,C0,FE,43,
4309983520,00000300,false,Rx,1,3,19,00,00,00,00,00,00,00,
4309983761,000002C0,false,Rx,1,8,18,80,00,00,54,C0,FE,53,
4309988395,00000764,false,Rx,0,1,BA,00,00,00,00,00,00,00,
4309993441,000002C0,false,Rx,1,8,18,80,00,00,54,C0,FE,63,
4310003604,000002C0,false,Rx,1,8,18,80,00,00,54,C0,FE,73,
4310013437,000002C0,false,Rx,1,8,18,80,00,00,54,C0,FE,83,
4310023611,000002C0,false,Rx,1,8,18,80,00,00,54,C0,FE,93,
4310033435,000002C0,false,Rx,1,8,18,80,00,00,54,C0,FE,A3,
4310043606,000002C0,false,Rx,1,8,18,80,00,00,54,C0,FE,B3,
4310053438,000002C0,false,Rx,1,8,18,80,00,00,54,C0,FE,C3,
4310063608,000002C0,false,Rx,1,8,18,80,00,00,54,C0,FE,D3,
4310073436,000002C0,false,Rx,1,8,18,80,00,00,54,C0,FE,E3,
4310083608,000002C0,false,Rx,1,8,18,80,00,00,54,C0,FE,F3,
4310093441,000002C0,false,Rx,1,8,18,80,00,00,54,C0,FE,03,
4310103610,000002C0,false,Rx,1,8,18,80,00,00,54,C0,FE,13,
4310113443,000002C0,false,Rx,1,8,18,80,00,00,54,C0,FE,23,
4310123621,000002C0,false,Rx,1,8,18,80,00,00,54,C0,FE,33,
4310133439,000002C0,false,Rx,1,8,18,80,00,00,54,C0,FE,43,
4310143610,000002C0,false,Rx,1,8,18,80,00,00,54,C0,FE,53,
4310153443,000002C0,false,Rx,1,8,18,80,00,00,54,C0,FE,63,
4310163610,000002C0,false,Rx,1,8,18,80,00,00,54,C0,FE,73,
4310173441,000002C0,false,Rx,1,8,18,80,00,00,54,C0,FE,83,
4310183615,000002C0,false,Rx,1,8,18,80,00,00,54,C0,FE,93,
4310193444,000002C0,false,Rx,1,8,18,80,00,00,54,C0,FE,A3,
4310196902,00000764,false,Rx,0,5,1A,00,02,21,01,00,00,00,
4310203614,000002C0,false,Rx,1,8,18,80,00,00,54,C0,FE,B3,
4310213319,00000300,false,Rx,1,1,BB,00,00,00,00,00,00,00,
4310213560,000002C0,false,Rx,1,8,18,80,00,00,54,C0,FE,C3,
4310223618,00000300,false,Rx,1,8,2A,00,0E,61,01,1A,00,18,
4310223852,000002C0,false,Rx,1,8,18,80,00,00,54,C0,FE,D3,
4310233446,00000300,false,Rx,1,8,2B,1A,00,29,06,64,02,25,
4310233682,000002C0,false,Rx,1,8,18,80,00,00,54,C0,FE,E3,
4310243540,00000300,false,Rx,1,3,1C,00,00,00,00,00,00,00,
4310243770,000002C0,false,Rx,1,8,18,80,00,00,54,C0,FE,F3,
4310248187,00000764,false,Rx,0,1,BD,00,00,00,00,00,00,00,
4310253446,000002C0,false,Rx,1,8,18,80,00,00,54,C0,FE,03,
4310263616,000002C0,false,Rx,1,8,18,80,00,00,54,C0,FE,13,
4310273448,000002C0,false,Rx,1,8,18,80,00,00,54,C0,FE,23,
4310283615,000002C0,false,Rx,1,8,18,80,00,00,54,C0,FE,33,
4310293445,000002C0,false,Rx,1,8,18,80,00,00,54,C0,FE,43,
4310303617,000002C0,false,Rx,1,8,18,80,00,00,54,C0,FE,53,
4310313449,000002C0,false,Rx,1,8,18,80,00,00,54,C0,FE,63,
4310323615,000002C0,false,Rx,1,8,18,80,00,00,54,C0,FE,73,
4310333457,000002C0,false,Rx,1,8,18,80,00,00,54,C0,FE,83,
4310343620,000002C0,false,Rx,1,8,18,80,00,00,54,C0,FE,93,
4310353448,000002C0,false,Rx,1,8,18,80,00,00,54,C0,FE,A3,
4310363619,000002C0,false,Rx,1,8,18,80,00,00,54,C0,FE,B3,
4310373452,000002C0,false,Rx,1,8,18,80,00,00,54,C0,FE,C3,
4310383619,000002C0,false,Rx,1,8,18,80,00,00,54,C0,FE,D3,
4310393450,000002C0,false,Rx,1,8,18,80,00,00,54,C0,FE,E3,
4310403620,000002C0,false,Rx,1,8,18,80,00,00,54,C0,FE,F3,
4310413453,000002C0,false,Rx,1,8,18,80,00,00,54,C0,FE,03,
4310423621,000002C0,false,Rx,1,8,18,80,00,00,54,C0,FE,13,
4310433458,000002C0,false,Rx,1,8,18,80,00,00,54,C0,FE,23,
4310443620,000002C0,false,Rx,1,8,18,80,00,00,54,C0,FE,33,
4310451867,00000764,false,Rx,0,1,A3,00,00,00,00,00,00,00,
4310453452,000002C0,false,Rx,1,8,18,80,00,00,54,C0,FE,43,
4310463584,00000300,false,Rx,1,6,A1,0F,8A,FF,4A,FF,00,00,
4310463824,000002C0,false,Rx,1,8,18,80,00,00,54,C0,FE,53,
4310468892,00000764,false,Rx,0,5,1B,00,02,21,01,00,00,00,
4310473461,000002C0,false,Rx,1,8,18,80,00,00,54,C0,FE,63,
4310483498,00000300,false,Rx,1,1,BC,00,00,00,00,00,00,00,
4310483736,000002C0,false,Rx,1,8,18,80,00,00,54,C0,FE,73,
4310493456,00000300,false,Rx,1,8,2D,00,0E,61,01,1A,00,18,
4310493693,000002C0,false,Rx,1,8,18,80,00,00,54,C0,FE,83,
4310503626,00000300,false,Rx,1,8,2E,1A,00,29,06,64,02,25,
4310503873,000002C0,false,Rx,1,8,18,80,00,00,54,C0,FE,93,
4310513375,00000300,false,Rx,1,3,1F,00,00,00,00,00,00,00,
4310513613,000002C0,false,Rx,1,8,18,80,00,00,54,C0,FE,A3,
4310518756,00000764,false,Rx,0,1,B0,00,00,00,00,00,00,00,
4310523625,000002C0,false,Rx,1,8,18,80,00,00,54,C0,FE,B3,
4310533471,000002C0,false,Rx,1,8,18,80,00,00,54,C0,FE,C3,
4310543627,000002C0,false,Rx,1,8,18,80,00,00,54,C0,FE,D3,
4310553456,000002C0,false,Rx,1,8,18,80,00,00,54,C0,FE,E3,
4310563625,000002C0,false,Rx,1,8,18,80,00,00,54,C0,FE,F3,
4310573459,000002C0,false,Rx,1,8,18,80,00,00,54,C0,FE,03,
4310583627,000002C0,false,Rx,1,8,18,80,00,00,54,C0,FE,13,
4310593462,000002C0,false,Rx,1,8,18,80,00,00,54,C0,FE,23,
4310603627,000002C0,false,Rx,1,8,18,80,00,00,54,C0,FE,33,
4310613459,000002C0,false,Rx,1,8,18,80,00,00,54,C0,FE,43,
4310623629,000002C0,false,Rx,1,8,18,80,00,00,54,C0,FE,53,
4310633461,000002C0,false,Rx,1,8,18,80,00,00,54,C0,FE,63,
4310643634,000002C0,false,Rx,1,8,18,80,00,00,54,C0,FE,73,
4310653461,000002C0,false,Rx,1,8,18,80,00,00,54,C0,FE,83,
4310663634,000002C0,false,Rx,1,8,18,80,00,00,54,C0,FE,93,
4310673460,000002C0,false,Rx,1,8,18,80,00,00,54,C0,FE,A3,
4310683631,000002C0,false,Rx,1,8,18,80,00,00,54,C0,FE,B3,
4310693463,000002C0,false,Rx,1,8,18,80,00,00,54,C0,FE,C3,
4310703633,000002C0,false,Rx,1,8,18,80,00,00,54,C0,FE,D3,
4310713463,000002C0,false,Rx,1,8,18,80,00,00,54,C0,FE,E3,
4310715188,00000764,false,Rx,0,5,1C,00,02,21,01,00,00,00,
4310723634,000002C0,false,Rx,1,8,18,80,00,00,54,C0,FE,F3,
4310733336,00000300,false,Rx,1,1,BD,00,00,00,00,00,00,00,
4310733577,000002C0,false,Rx,1,8,18,80,00,00,54,C0,FE,03,
4310743638,00000300,false,Rx,1,8,20,00,0E,61,01,1A,00,18,
4310743876,000002C0,false,Rx,1,8,18,80,00,00,54,C0,FE,13,
4310753465,00000300,false,Rx,1,8,21,1A,00,29,06,64,02,25,
4310753711,000002C0,false,Rx,1,8,18,80,00,00,54,C0,FE,23,
4310763552,00000300,false,Rx,1,3,12,00,00,00,00,00,00,00,
4310763790,000002C0,false,Rx,1,8,18,80,00,00,54,C0,FE,33,
4310768477,00000764,false,Rx,0,1,B3,00,00,00,00,00,00,00,
4310773463,000002C0,false,Rx,1,8,18,80,00,00,54,C0,FE,43,
4310783637,000002C0,false,Rx,1,8,18,80,00,00,54,C0,FE,53,
4310793467,000002C0,false,Rx,1,8,18,80,00,00,54,C0,FE,63,
4310803634,000002C0,false,Rx,1,8,18,80,00,00,54,C0,FE,73,
4310813468,000002C0,false,Rx,1,8,18,80,00,00,54,C0,FE,83,
4310823638,000002C0,false,Rx,1,8,18,80,00,00,54,C0,FE,93,
4310833466,000002C0,false,Rx,1,8,18,80,00,00,54,C0,FE,A3,
4310843642,000002C0,false,Rx,1,8,18,80,00,00,54,C0,FE,B3,
4310853470,000002C0,false,Rx,1,8,18,80,00,00,54,C0,FE,C3,
4310863639,000002C0,false,Rx,1,8,18,80,00,00,54,C0,FE,D3,
4310873467,000002C0,false,Rx,1,8,18,80,00,00,54,C0,FE,E3,
4310883636,000002C0,false,Rx,1,8,18,80,00,00,54,C0,FE,F3,
4310893471,000002C0,false,Rx,1,8,18,80,00,00,54,C0,FE,03,
4310903641,000002C0,false,Rx,1,8,18,80,00,00,54,C0,FE,13,
4310913474,000002C0,false,Rx,1,8,18,80,00,00,54,C0,FE,23,
4310923638,000002C0,false,Rx,1,8,18,80,00,00,54,C0,FE,33,
4310933470,000002C0,false,Rx,1,8,18,80,00,00,54,C0,FE,43,
4310943652,000002C0,false,Rx,1,8,18,80,00,00,54,C0,FE,53,
4310953472,000002C0,false,Rx,1,8,18,80,00,00,54,C0,FE,63,
4310963641,000002C0,false,Rx,1,8,18,80,00,00,54,C0,FE,73,
4310973147,00000764,false,Rx,0,1,A3,00,00,00,00,00,00,00,
4310973523,000002C0,false,Rx,1,8,18,80,00,00,54,C0,FE,83,
4310983605,00000300,false,Rx,1,6,A1,0F,8A,FF,4A,FF,00,00,
4310983847,000002C0,false,Rx,1,8,18,80,00,00,54,C0,FE,93,
4310988394,00000764,false,Rx,0,5,1D,00,02,21,01,00,00,00,
4310993483,000002C0,false,Rx,1,8,18,80,00,00,54,C0,FE,A3,
4311003519,00000300,false,Rx,1,1,BE,00,00,00,00,00,00,00,
4311003760,000002C0,false,Rx,1,8,18,80,00,00,54,C0,FE,B3,
4311013474,00000300,false,Rx,1,8,23,00,0E,61,01,1A,00,18,
4311013714,000002C0,false,Rx,1,8,18,80,00,00,54,C0,FE,C3,
4311023646,00000300,false,Rx,1,8,24,1A,00,29,06,64,02,25,
4311023886,000002C0,false,Rx,1,8,18,80,00,00,54,C0,FE,D3,
4311033392,00000300,false,Rx,1,3,15,00,00,00,00,00,00,00,
4311033630,000002C0,false,Rx,1,8,18,80,00,00,54,C0,FE,E3,
4311038241,00000764,false,Rx,0,1,B6,00,00,00,00,00,00,00,
4311043644,000002C0,false,Rx,1,8,18,80,00,00,54,C0,FE,F3,
4311053479,000002C0,false,Rx,1,8,18,80,00,00,54,C0,FE,03,
4311063647,000002C0,false,Rx,1,8,18,80,00,00,54,C0,FE,13,
4311073480,000002C0,false,Rx,1,8,18,80,00,00,54,C0,FE,23,
4311083645,000002C0,false,Rx,1,8,18,80,00,00,54,C0,FE,33,
4311093477,000002C0,false,Rx,1,8,18,80,00,00,54,C0,FE,43,
4311103647,000002C0,false,Rx,1,8,18,80,00,00,54,C0,FE,53,
4311113480,000002C0,false,Rx,1,8,18,80,00,00,54,C0,FE,63,
4311123646,000002C0,false,Rx,1,8,18,80,00,00,54,C0,FE,73,
4311133480,000002C0,false,Rx,1,8,18,80,00,00,54,C0,FE,83,
4311143652,000002C0,false,Rx,1,8,18,80,00,00,54,C0,FE,93,
4311153479,000002C0,false,Rx,1,8,18,80,00,00,54,C0,FE,A3,
4311163651,000002C0,false,Rx,1,8,18,80,00,00,54,C0,FE,B3,
4311173482,000002C0,false,Rx,1,8,18,80,00,00,54,C0,FE,C3,
4311183651,000002C0,false,Rx,1,8,18,80,00,00,54,C0,FE,D3,
4311193485,000002C0,false,Rx,1,8,18,80,00,00,54,C0,FE,E3,
4311203649,000002C0,false,Rx,1,8,18,80,00,00,54,C0,FE,F3,
4311213483,000002C0,false,Rx,1,8,18,80,00,00,54,C0,FE,03,
4311223656,000002C0,false,Rx,1,8,18,80,00,00,54,C0,FE,13,
4311233486,000002C0,false,Rx,1,8,18,80,00,00,54,C0,FE,23,
4311237227,00000764,false,Rx,0,5,1E,00,02,21,01,00,00,00,
4311243653,000002C0,false,Rx,1,8,18,80,00,00,54,C0,FE,33,
4311253364,00000300,false,Rx,1,1,BF,00,00,00,00,00,00,00,
4311253596,000002C0,false,Rx,1,8,18,80,00,00,54,C0,FE,43,
4311263652,00000300,false,Rx,1,8,26,00,0E,61,01,1A,00,18,
4311263892,000002C0,false,Rx,1,8,18,80,00,00,54,C0,FE,53,
4311273485,00000300,false,Rx,1,8,27,1A,00,29,06,64,02,25,
4311273730,000002C0,false,Rx,1,8,18,80,00,00,54,C0,FE,63,
4311283572,00000300,false,Rx,1,3,18,00,00,00,00,00,00,00,
4311283810,000002C0,false,Rx,1,8,18,80,00,00,54,C0,FE,73,
4311288898,00000764,false,Rx,0,1,B9,00,00,00,00,00,00,00,
4311293487,000002C0,false,Rx,1,8,18,80,00,00,54,C0,FE,83,
4311303658,000002C0,false,Rx,1,8,18,80,00,00,54,C0,FE,93,
4311313486,000002C0,false,Rx,1,8,18,80,00,00,54,C0,FE,A3,
4311323656,000002C0,false,Rx,1,8,18,80,00,00,54,C0,FE,B3,
4311333488,000002C0,false,Rx,1,8,18,80,00,00,54,C0,FE,C3,
4311343657,000002C0,false,Rx,1,8,18,80,00,00,54,C0,FE,D3,
4311353493,000002C0,false,Rx,1,8,18,80,00,00,54,C0,FE,E3,
4311363657,000002C0,false,Rx,1,8,18,80,00,00,54,C0,FE,F3,
4311373495,000002C0,false,Rx,1,8,18,80,00,00,54,C0,FE,03,
4311383658,000002C0,false,Rx,1,8,18,80,00,00,54,C0,FE,13,
4311393493,000002C0,false,Rx,1,8,18,80,00,00,54,C0,FE,23,
4311403657,000002C0,false,Rx,1,8,18,80,00,00,54,C0,FE,33,
4311413490,000002C0,false,Rx,1,8,18,80,00,00,54,C0,FE,43,
4311423660,000002C0,false,Rx,1,8,18,80,00,00,54,C0,FE,53,
4311433491,000002C0,false,Rx,1,8,18,80,00,00,54,C0,FE,63,
4311443659,000002C0,false,Rx,1,8,18,80,00,00,54,C0,FE,73,
4311453492,000002C0,false,Rx,1,8,18,80,00,00,54,C0,FE,83,
4311463664,000002C0,false,Rx,1,8,18,80,00,00,54,C0,FE,93,
4311473492,000002C0,false,Rx,1,8,18,80,00,00,54,C0,FE,A3,
4311483662,000002C0,false,Rx,1,8,18,80,00,00,54,C0,FE,B3,
4311493499,000002C0,false,Rx,1,8,18,80,00,00,54,C0,FE,C3,
4311493883,00000764,false,Rx,0,1,A3,00,00,00,00,00,00,00,
4311503663,000002C0,false,Rx,1,8,18,80,00,00,54,C0,FE,D3,
4311513456,00000300,false,Rx,1,6,A1,0F,8A,FF,4A,FF,00,00,
4311513695,000002C0,false,Rx,1,8,18,80,00,00,54,C0,FE,E3,
4311518828,00000764,false,Rx,0,5,1F,00,02,21,01,00,00,00,
4311523669,000002C0,false,Rx,1,8,18,80,00,00,54,C0,FE,F3,
4311533372,00000300,false,Rx,1,1,B0,00,00,00,00,00,00,00,
4311533612,000002C0,false,Rx,1,8,18,80,00,00,54,C0,FE,03,
4311543662,00000300,false,Rx,1,8,29,00,0E,61,01,1A,00,18,
4311543902,000002C0,false,Rx,1,8,18,80,00,00,54,C0,FE,13,
4311553494,00000300,false,Rx,1,8,2A,1A,00,29,06,64,02,25,
4311553741,000002C0,false,Rx,1,8,18,80,00,00,54,C0,FE,23,
4311563591,00000300,false,Rx,1,3,1B,00,00,00,00,00,00,00,
4311563822,000002C0,false,Rx,1,8,18,80,00,00,54,C0,FE,33,
4311568649,00000764,false,Rx,0,1,BC,00,00,00,00,00,00,00,
4311573495,000002C0,false,Rx,1,8,18,80,00,00,54,C0,FE,43,
4311583666,000002C0,false,Rx,1,8,18,80,00,00,54,C0,FE,53,
4311593499,000002C0,false,Rx,1,8,18,80,00,00,54,C0,FE,63,
4311603664,000002C0,false,Rx,1,8,18,80,00,00,54,C0,FE,73,
4311613500,000002C0,false,Rx,1,8,18,80,00,00,54,C0,FE,83,
4311623670,000002C0,false,Rx,1,8,18,80,00,00,54,C0,FE,93,
4311633496,000002C0,false,Rx,1,8,18,80,00,00,54,C0,FE,A3,
4311643669,000002C0,false,Rx,1,8,18,80,00,00,54,C0,FE,B3,
4311653499,000002C0,false,Rx,1,8,18,80,00,00,54,C0,FE,C3,
4311663675,000002C0,false,Rx,1,8,18,80,00,00,54,C0,FE,D3,
4311673499,000002C0,false,Rx,1,8,18,80,00,00,54,C0,FE,E3,
4311683668,000002C0,false,Rx,1,8,18,80,00,00,54,C0,FE,F3,
4311693503,000002C0,false,Rx,1,8,18,80,00,00,54,C0,FE,03,
4311703670,000002C0,false,Rx,1,8,18,80,00,00,54,C0,FE,13,
4311713504,000002C0,false,Rx,1,8,18,80,00,00,54,C0,FE,23,
4311723675,000002C0,false,Rx,1,8,18,80,00,00,54,C0,FE,33,
4311733499,000002C0,false,Rx,1,8,18,80,00,00,54,C0,FE,43,
4311743673,000002C0,false,Rx,1,8,18,80,00,00,54,C0,FE,53,
4311753504,000002C0,false,Rx,1,8,18,80,00,00,54,C0,FE,63,
4311763682,000002C0,false,Rx,1,8,18,80,00,00,54,C0,FE,73,
4311772516,00000764,false,Rx,0,5,10,00,02,21,01,00,00,00,
4311773503,000002C0,false,Rx,1,8,18,80,00,00,54,C0,FE,83,
4311783546,00000300,false,Rx,1,1,B1,00,00,00,00,00,00,00,
4311783789,000002C0,false,Rx,1,8,18,80,00,00,54,C0,FE,93,
4311793503,00000300,false,Rx,1,8,2C,00,0E,61,01,1A,00,18,
4311793739,000002C0,false,Rx,1,8,18,80,00,00,54,C0,FE,A3,
4311803677,00000300,false,Rx,1,8,2D,1A,00,29,06,64,02,25,
4311803917,000002C0,false,Rx,1,8,18,80,00,00,54,C0,FE,B3,
4311813425,00000300,false,Rx,1,3,1E,00,00,00,00,00,00,00,
4311813666,000002C0,false,Rx,1,8,18,80,00,00,54,C0,FE,C3,
4311818388,00000764,false,Rx,0,1,BF,00,00,00,00,00,00,00,
4311823675,000002C0,false,Rx,1,8,18,80,00,00,54,C0,FE,D3,
4311833503,000002C0,false,Rx,1,8,18,80,00,00,54,C0,FE,E3,
4311843675,000002C0,false,Rx,1,8,18,80,00,00,54,C0,FE,F3,
4311853507,000002C0,false,Rx,1,8,18,80,00,00,54,C0,FE,03,
4311863676,000002C0,false,Rx,1,8,18,80,00,00,54,C0,FE,13,
4311873513,000002C0,false,Rx,1,8,18,80,00,00,54,C0,FE,23,
4311883676,000002C0,false,Rx,1,8,18,80,00,00,54,C0,FE,33,
4311893508,000002C0,false,Rx,1,8,18,80,00,00,54,C0,FE,43,
4311903678,000002C0,false,Rx,1,8,18,80,00,00,54,C0,FE,53,
4311913512,000002C0,false,Rx,1,8,18,80,00,00,54,C0,FE,63,
4311923677,000002C0,false,Rx,1,8,18,80,00,00,54,C0,FE,73,
4311933509,000002C0,false,Rx,1,8,18,80,00,00,54,C0,FE,83,
4311943682,000002C0,false,Rx,1,8,18,80,00,00,54,C0,FE,93,
4311953509,000002C0,false,Rx,1,8,18,80,00,00,54,C0,FE,A3,
4311963680,000002C0,false,Rx,1,8,18,80,00,00,54,C0,FE,B3,
4311973515,000002C0,false,Rx,1,8,18,80,00,00,54,C0,FE,C3,
4311983681,000002C0,false,Rx,1,8,18,80,00,00,54,C0,FE,D3,
4311993515,000002C0,false,Rx,1,8,18,80,00,00,54,C0,FE,E3,
4312003680,000002C0,false,Rx,1,8,18,80,00,00,54,C0,FE,F3,
4312013514,000002C0,false,Rx,1,8,18,80,00,00,54,C0,FE,03,
4312023683,000002C0,false,Rx,1,8,18,80,00,00,54,C0,FE,13,
4312027722,00000764,false,Rx,0,1,A3,00,00,00,00,00,00,00,
4312033515,000002C0,false,Rx,1,8,18,80,00,00,54,C0,FE,23,
4312043645,00000300,false,Rx,1,6,A1,0F,8A,FF,4A,FF,00,00,
4312043883,000002C0,false,Rx,1,8,18,80,00,00,54,C0,FE,33,
4312049239,00000764,false,Rx,0,5,11,00,02,21,01,00,00,00,
4312053519,000002C0,false,Rx,1,8,18,80,00,00,54,C0,FE,43,
4312063559,00000300,false,Rx,1,1,B2,00,00,00,00,00,00,00,
4312063799,000002C0,false,Rx,1,8,18,80,00,00,54,C0,FE,53,
4312073519,00000300,false,Rx,1,8,2F,00,0E,61,01,1A,00,18,
4312073753,000002C0,false,Rx,1,8,18,80,00,00,54,C0,FE,63,
4312083687,00000300,false,Rx,1,8,20,1A,00,29,06,64,02,25,
4312083925,000002C0,false,Rx,1,8,18,80,00,00,54,C0,FE,73,
4312093435,00000300,false,Rx,1,3,11,00,00,00,00,00,00,00,
4312093673,000002C0,false,Rx,1,8,18,80,00,00,54,C0,FE,83,
4312098108,00000764,false,Rx,0,1,B2,00,00,00,00,00,00,00,
4312103688,000002C0,false,Rx,1,8,18,80,00,00,54,C0,FE,93,
4312113515,000002C0,false,Rx,1,8,18,80,00,00,54,C0,FE,A3,
4312123688,000002C0,false,Rx,1,8,18,80,00,00,54,C0,FE,B3,
4312133517,000002C0,false,Rx,1,8,18,80,00,00,54,C0,FE,C3,
4312143688,000002C0,false,Rx,1,8,18,80,00,00,54,C0,FE,D3,
4312153517,000002C0,false,Rx,1,8,18,80,00,00,54,C0,FE,E3,
4312163686,000002C0,false,Rx,1,8,18,80,00,00,54,C0,FE,F3,
4312173530,000002C0,false,Rx,1,8,18,80,00,00,54,C0,FE,03,
4312183690,000002C0,false,Rx,1,8,18,80,00,00,54,C0,FE,13,
4312193526,000002C0,false,Rx,1,8,18,80,00,00,54,C0,FE,23,
4312203688,000002C0,false,Rx,1,8,18,80,00,00,54,C0,FE,33,
4312213519,000002C0,false,Rx,1,8,18,80,00,00,54,C0,FE,43,
4312223697,000002C0,false,Rx,1,8,18,80,00,00,54,C0,FE,53,
4312233521,000002C0,false,Rx,1,8,18,80,00,00,54,C0,FE,63,
4312243693,000002C0,false,Rx,1,8,18,80,00,00,54,C0,FE,73,
4312253523,000002C0,false,Rx,1,8,18,80,00,00,54,C0,FE,83,
4312263695,000002C0,false,Rx,1,8,18,80,00,00,54,C0,FE,93,
4312273521,000002C0,false,Rx,1,8,18,80,00,00,54,C0,FE,A3,
4312283702,000002C0,false,Rx,1,8,18,80,00,00,54,C0,FE,B3,
4312293071,00000764,false,Rx,0,5,12,00,02,21,01,00,00,00,
4312293524,000002C0,false,Rx,1,8,18,80,00,00,54,C0,FE,C3,
4312303566,00000300,false,Rx,1,1,B3,00,00,00,00,00,00,00,
4312303807,000002C0,false,Rx,1,8,18,80,00,00,54,C0,FE,D3,
4312313522,00000300,false,Rx,1,8,22,00,0E,61,01,1A,00,18,
4312313760,000002C0,false,Rx,1,8,18,80,00,00,54,C0,FE,E3,
4312323698,00000300,false,Rx,1,8,23,1A,00,29,06,64,02,25,
4312323937,000002C0,false,Rx,1,8,18,80,00,00,54,C0,FE,F3,
4312333442,00000300,false,Rx,1,3,14,00,00,00,00,00,00,00,
4312333682,000002C0,false,Rx,1,8,18,80,00,00,54,C0,FE,03,
4312338788,00000764,false,Rx,0,1,B5,00,00,00,00,00,00,00,
4312343696,000002C0,false,Rx,1,8,18,80,00,00,54,C0,FE,13,
4312353528,000002C0,false,Rx,1,8,18,80,00,00,54,C0,FE,23,
4312363694,000002C0,false,Rx,1,8,18,80,00,00,54,C0,FE,33,
4312373528,000002C0,false,Rx,1,8,18,80,00,00,54,C0,FE,43,
4312383702,000002C0,false,Rx,1,8,18,80,00,00,54,C0,FE,53,
4312393528,000002C0,false,Rx,1,8,18,80,00,00,54,C0,FE,63,
4312403696,000002C0,false,Rx,1,8,18,80,00,00,54,C0,FE,73,
4312413529,000002C0,false,Rx,1,8,18,80,00,00,54,C0,FE,83,
4312423701,000002C0,false,Rx,1,8,18,80,00,00,54,C0,FE,93,
4312433527,000002C0,false,Rx,1,8,18,80,00,00,54,C0,FE,A3,
4312443698,000002C0,false,Rx,1,8,18,80,00,00,54,C0,FE,B3,
4312453530,000002C0,false,Rx,1,8,18,80,00,00,54,C0,FE,C3,
4312463700,000002C0,false,Rx,1,8,18,80,00,00,54,C0,FE,D3,
4312473528,000002C0,false,Rx,1,8,18,80,00,00,54,C0,FE,E3,
4312483704,000002C0,false,Rx,1,8,18,80,00,00,54,C0,FE,F3,
4312493546,000002C0,false,Rx,1,8,18,80,00,00,54,C0,FE,03,
4312503704,000002C0,false,Rx,1,8,18,80,00,00,54,C0,FE,13,
4312513548,000002C0,false,Rx,1,8,18,80,00,00,54,C0,FE,23,
4312523705,000002C0,false,Rx,1,8,18,80,00,00,54,C0,FE,33,
4312533530,000002C0,false,Rx,1,8,18,80,00,00,54,C0,FE,43,
4312534017,00000764,false,Rx,0,1,A3,00,00,00,00,00,00,00,
4312543704,000002C0,false,Rx,1,8,18,80,00,00,54,C0,FE,53,
4312553495,00000300,false,Rx,1,6,A1,0F,8A,FF,4A,FF,00,00,
4312553736,000002C0,false,Rx,1,8,18,80,00,00,54,C0,FE,63,
4312558605,00000764,false,Rx,0,5,13,00,02,21,01,00,00,00,
4312563709,000002C0,false,Rx,1,8,18,80,00,00,54,C0,FE,73,
4312573408,00000300,false,Rx,1,1,B4,00,00,00,00,00,00,00,
4312573647,000002C0,false,Rx,1,8,18,80,00,00,54,C0,FE,83,
4312583716,00000300,false,Rx,1,8,25,00,0E,61,01,1A,00,18,
4312583943,000002C0,false,Rx,1,8,18,80,00,00,54,C0,FE,93,
4312593535,00000300,false,Rx,1,8,26,1A,00,29,06,64,02,25,
4312593774,000002C0,false,Rx,1,8,18,80,00,00,54,C0,FE,A3,
4312603624,00000300,false,Rx,1,3,17,00,00,00,00,00,00,00,
4312603863,000002C0,false,Rx,1,8,18,80,00,00,54,C0,FE,B3,
4312608548,00000764,false,Rx,0,1,B8,00,00,00,00,00,00,00,
4312613538,000002C0,false,Rx,1,8,18,80,00,00,54,C0,FE,C3,
4312623706,000002C0,false,Rx,1,8,18,80,00,00,54,C0,FE,D3,
4312633535,000002C0,false,Rx,1,8,18,80,00,00,54,C0,FE,E3,
4312643704,000002C0,false,Rx,1,8,18,80,00,00,54,C0,FE,F3,
4312653539,000002C0,false,Rx,1,8,18,80,00,00,54,C0,FE,03,
4312663708,000002C0,false,Rx,1,8,18,80,00,00,54,C0,FE,13,
4312673541,000002C0,false,Rx,1,8,18,80,00,00,54,C0,FE,23,
4312683705,000002C0,false,Rx,1,8,18,80,00,00,54,C0,FE,33,
4312693542,000002C0,false,Rx,1,8,18,80,00,00,54,C0,FE,43,
4312703710,000002C0,false,Rx,1,8,18,80,00,00,54,C0,FE,53,
4312713542,000002C0,false,Rx,1,8,18,80,00,00,54,C0,FE,63,
4312723713,000002C0,false,Rx,1,8,18,80,00,00,54,C0,FE,73,
4312733541,000002C0,false,Rx,1,8,18,80,00,00,54,C0,FE,83,
4312743713,000002C0,false,Rx,1,8,18,80,00,00,54,C0,FE,93,
4312753539,000002C0,false,Rx,1,8,18,80,00,00,54,C0,FE,A3,
4312763712,000002C0,false,Rx,1,8,18,80,00,00,54,C0,FE,B3,
4312773542,000002C0,false,Rx,1,8,18,80,00,00,54,C0,FE,C3,
4312783712,000002C0,false,Rx,1,8,18,80,00,00,54,C0,FE,D3,
4312793542,000002C0,false,Rx,1,8,18,80,00,00,54,C0,FE,E3,
4312803710,000002C0,false,Rx,1,8,18,80,00,00,54,C0,FE,F3,
4312813546,000002C0,false,Rx,1,8,18,80,00,00,54,C0,FE,03,
4312816596,00000764,false,Rx,0,5,14,00,02,21,01,00,00,00,
4312823714,000002C0,false,Rx,1,8,18,80,00,00,54,C0,FE,13,
4312833417,00000300,false,Rx,1,1,B5,00,00,00,00,00,00,00,
4312833659,000002C0,false,Rx,1,8,18,80,00,00,54,C0,FE,23,
4312843713,00000300,false,Rx,1,8,28,00,0E,61,01,1A,00,18,
4312843951,000002C0,false,Rx,1,8,18,80,00,00,54,C0,FE,33,
4312853546,00000300,false,Rx,1,8,29,1A,00,29,06,64,02,25,
4312853784,000002C0,false,Rx,1,8,18,80,00,00,54,C0,FE,43,
4312863633,00000300,false,Rx,1,3,1A,00,00,00,00,00,00,00,
4312863874,000002C0,false,Rx,1,8,18,80,00,00,54,C0,FE,53,
4312868288,00000764,false,Rx,0,1,BB,00,00,00,00,00,00,00,
4312873546,000002C0,false,Rx,1,8,18,80,00,00,54,C0,FE,63,
4312883713,000002C0,false,Rx,1,8,18,80,00,00,54,C0,FE,73,
4312893551,000002C0,false,Rx,1,8,18,80,00,00,54,C0,FE,83,
4312903719,000002C0,false,Rx,1,8,18,80,00,00,54,C0,FE,93,
4312913547,000002C0,false,Rx,1,8,18,80,00,00,54,C0,FE,A3,
4312923717,000002C0,false,Rx,1,8,18,80,00,00,54,C0,FE,B3,
4312933549,000002C0,false,Rx,1,8,18,80,00,00,54,C0,FE,C3,
4312943718,000002C0,false,Rx,1,8,18,80,00,00,54,C0,FE,D3,
4312953548,000002C0,false,Rx,1,8,18,80,00,00,54,C0,FE,E3,
4312963717,000002C0,false,Rx,1,8,18,80,00,00,54,C0,FE,F3,
4312973550,000002C0,false,Rx,1,8,18,80,00,00,54,C0,FE,03,
4312983719,000002C0,false,Rx,1,8,18,80,00,00,54,C0,FE,13,
4312993560,000002C0,false,Rx,1,8,18,80,00,00,54,C0,FE,23,
4313003723,000002C0,false,Rx,1,8,18,80,00,00,54,C0,FE,33,
4313013551,000002C0,false,Rx,1,8,18,80,00,00,54,C0,FE,43,
4313023721,000002C0,false,Rx,1,8,18,80,00,00,54,C0,FE,53,
4313033553,000002C0,false,Rx,1,8,18,80,00,00,54,C0,FE,63,
4313043720,000002C0,false,Rx,1,8,18,80,00,00,54,C0,FE,73,
4313053553,000002C0,false,Rx,1,8,18,80,00,00,54,C0,FE,83,
4313063726,000002C0,false,Rx,1,8,18,80,00,00,54,C0,FE,93,
4313073552,000002C0,false,Rx,1,8,18,80,00,00,54,C0,FE,A3,
4313074167,00000764,false,Rx,0,1,A3,00,00,00,00,00,00,00,
4313083723,000002C0,false,Rx,1,8,18,80,00,00,54,C0,FE,B3,
4313093622,00000300,false,Rx,1,6,A1,0F,8A,FF,4A,FF,00,00,
4313093763,000002C0,false,Rx,1,8,18,80,00,00,54,C0,FE,C3,
4313099083,00000764,false,Rx,0,5,15,00,02,21,01,00,00,00,
4313103731,000002C0,false,Rx,1,8,18,80,00,00,54,C0,FE,D3,
4313113429,00000300,false,Rx,1,1,B6,00,00,00,00,00,00,00,
4313113668,000002C0,false,Rx,1,8,18,80,00,00,54,C0,FE,E3,
4313123724,00000300,false,Rx,1,8,2B,00,0E,61,01,1A,00,18,
4313123962,000002C0,false,Rx,1,8,18,80,00,00,54,C0,FE,F3,
4313133557,00000300,false,Rx,1,8,2C,1A,00,29,06,64,02,25,
4313133798,000002C0,false,Rx,1,8,18,80,00,00,54,C0,FE,03,
4313143641,00000300,false,Rx,1,3,1D,00,00,00,00,00,00,00,
4313143882,000002C0,false,Rx,1,8,18,80,00,00,54,C0,FE,13,
4313148947,00000764,false,Rx,0,1,BE,00,00,00,00,00,00,00,
4313153558,000002C0,false,Rx,1,8,18,80,00,00,54,C0,FE,23,
4313163726,000002C0,false,Rx,1,8,18,80,00,00,54,C0,FE,33,
4313173556,000002C0,false,Rx,1,8,18,80,00,00,54,C0,FE,43,
4313183727,000002C0,false,Rx,1,8,18,80,00,00,54,C0,FE,53,
4313193557,000002C0,false,Rx,1,8,18,80,00,00,54,C0,FE,63,
4313203732,000002C0,false,Rx,1,8,18,80,00,00,54,C0,FE,73,
4313213561,000002C0,false,Rx,1,8,18,80,00,00,54,C0,FE,83,
4313223738,000002C0,false,Rx,1,8,18,80,00,00,54,C0,FE,93,
4313233558,000002C0,false,Rx,1,8,18,80,00,00,54,C0,FE,A3,
4313243730,000002C0,false,Rx,1,8,18,80,00,00,54,C0,FE,B3,
4313253560,000002C0,false,Rx,1,8,18,80,00,00,54,C0,FE,C3,
4313263732,000002C0,false,Rx,1,8,18,80,00,00,54,C0,FE,D3,
4313273559,000002C0,false,Rx,1,8,18,80,00,00,54,C0,FE,E3,
4313283729,000002C0,false,Rx,1,8,18,80,00,00,54,C0,FE,F3,
4313293562,000002C0,false,Rx,1,8,18,80,00,00,54,C0,FE,03,
4313303734,000002C0,false,Rx,1,8,18,80,00,00,54,C0,FE,13,
4313313566,000002C0,false,Rx,1,8,18,80,00,00,54,C0,FE,23,
4313323731,000002C0,false,Rx,1,8,18,80,00,00,54,C0,FE,33,
4313333563,000002C0,false,Rx,1,8,18,80,00,00,54,C0,FE,43,
4313341270,00000764,false,Rx,0,5,16,00,02,21,01,00,00,00,
4313343734,000002C0,false,Rx,1,8,18,80,00,00,54,C0,FE,53,
4313353436,00000300,false,Rx,1,1,B7,00,00,00,00,00,00,00,
4313353677,000002C0,false,Rx,1,8,18,80,00,00,54,C0,FE,63,
4313363732,00000300,false,Rx,1,8,2E,00,0E,61,01,1A,00,18,
4313363970,000002C0,false,Rx,1,8,18,80,00,00,54,C0,FE,73,
4313373570,00000300,false,Rx,1,8,2F,1A,00,29,06,64,02,25,
4313373807,000002C0,false,Rx,1,8,18,80,00,00,54,C0,FE,83,
4313383652,00000300,false,Rx,1,3,10,00,00,00,00,00,00,00,
4313383894,000002C0,false,Rx,1,8,18,80,00,00,54,C0,FE,93,
4313388742,00000764,false,Rx,0,1,B1,00,00,00,00,00,00,00,
4313393565,000002C0,false,Rx,1,8,18,80,00,00,54,C0,FE,A3,
4313403745,000002C0,false,Rx,1,8,18,80,00,00,54,C0,FE,B3,
4313413569,000002C0,false,Rx,1,8,18,80,00,00,54,C0,FE,C3,
4313423737,000002C0,false,Rx,1,8,18,80,00,00,54,C0,FE,D3,
4313433566,000002C0,false,Rx,1,8,18,80,00,00,54,C0,FE,E3,
4313443736,000002C0,false,Rx,1,8,18,80,00,00,54,C0,FE,F3,
4313453568,000002C0,false,Rx,1,8,18,80,00,00,54,C0,FE,03,
4313463739,000002C0,false,Rx,1,8,18,80,00,00,54,C0,FE,13,
4313473571,000002C0,false,Rx,1,8,18,80,00,00,54,C0,FE,23,
4313483737,000002C0,false,Rx,1,8,18,80,00,00,54,C0,FE,33,
4313493569,000002C0,false,Rx,1,8,18,80,00,00,54,C0,FE,43,
4313503752,000002C0,false,Rx,1,8,18,80,00,00,54,C0,FE,53,
4313513575,000002C0,false,Rx,1,8,18,80,00,00,54,C0,FE,63,
4313523738,000002C0,false,Rx,1,8,18,80,00,00,54,C0,FE,73,
4313533572,000002C0,false,Rx,1,8,18,80,00,00,54,C0,FE,83,
4313543743,000002C0,false,Rx,1,8,18,80,00,00,54,C0,FE,93,
4313553569,000002C0,false,Rx,1,8,18,80,00,00,54,C0,FE,A3,
4313563743,000002C0,false,Rx,1,8,18,80,00,00,54,C0,FE,B3,
4313573573,000002C0,false,Rx,1,8,18,80,00,00,54,C0,FE,C3,
4313578997,00000764,false,Rx,0,1,A3,00,00,00,00,00,00,00,
4313583743,000002C0,false,Rx,1,8,18,80,00,00,54,C0,FE,D3,
4313593537,00000300,false,Rx,1,6,A1,0F,8A,FF,4A,FF,00,00,
4313593774,000002C0,false,Rx,1,8,18,80,00,00,54,C0,FE,E3,
4313598603,00000764,false,Rx,0,5,17,00,02,21,01,00,00,00,
4313603748,000002C0,false,Rx,1,8,18,80,00,00,54,C0,FE,F3,
4313613452,00000300,false,Rx,1,1,B8,00,00,00,00,00,00,00,
4313613689,000002C0,false,Rx,1,8,18,80,00,00,54,C0,FE,03,
4313623741,00000300,false,Rx,1,8,21,00,0E,61,01,1A,00,18,
4313623982,000002C0,false,Rx,1,8,18,80,00,00,54,C0,FE,13,
4313633575,00000300,false,Rx,1,8,22,1A,00,29,06,64,02,25,
4313633821,000002C0,false,Rx,1,8,18,80,00,00,54,C0,FE,23,
4313643663,00000300,false,Rx,1,3,13,00,00,00,00,00,00,00,
4313643901,000002C0,false,Rx,1,8,18,80,00,00,54,C0,FE,33,
4313648504,00000764,false,Rx,0,1,B4,00,00,00,00,00,00,00,
4313653574,000002C0,false,Rx,1,8,18,80,00,00,54,C0,FE,43,
4313663747,000002C0,false,Rx,1,8,18,80,00,00,54,C0,FE,53,
4313673577,000002C0,false,Rx,1,8,18,80,00,00,54,C0,FE,63,
4313683745,000002C0,false,Rx,1,8,18,80,00,00,54,C0,FE,73,
4313693579,000002C0,false,Rx,1,8,18,80,00,00,54,C0,FE,83,
4313703748,000002C0,false,Rx,1,8,18,80,00,00,54,C0,FE,93,
4313713580,000002C0,false,Rx,1,8,18,80,00,00,53,C0,FE,A3,
4313723754,000002C0,false,Rx,1,8,18,80,00,00,53,C0,FE,B3,
4313733578,000002C0,false,Rx,1,8,18,80,00,00,53,C0,FE,C3,
4313743747,000002C0,false,Rx,1,8,18,80,00,00,53,C0,FE,D3,
4313753579,000002C0,false,Rx,1,8,18,80,00,00,53,C0,FE,E3,
4313763749,000002C0,false,Rx,1,8,18,80,00,00,53,C0,FE,F3,
4313773583,000002C0,false,Rx,1,8,18,80,00,00,53,C0,FE,03,
4313783748,000002C0,false,Rx,1,8,18,80,00,00,53,C0,FE,13,
4313793581,000002C0,false,Rx,1,8,18,80,00,00,53,C0,FE,23,
4313803749,000002C0,false,Rx,1,8,18,80,00,00,53,C0,FE,33,
4313813588,000002C0,false,Rx,1,8,18,80,00,00,53,C0,FE,43,
4313823760,000002C0,false,Rx,1,8,18,80,00,00,53,C0,FE,53,
4313833582,000002C0,false,Rx,1,8,18,80,00,00,53,C0,FE,63,
4313843757,000002C0,false,Rx,1,8,18,80,00,00,53,C0,FE,73,
4313848928,00000764,false,Rx,0,5,18,00,02,21,01,00,00,00,
4313853586,000002C0,false,Rx,1,8,18,80,00,00,53,C0,FE,83,
4313863626,00000300,false,Rx,1,1,B9,00,00,00,00,00,00,00,
4313863867,000002C0,false,Rx,1,8,18,80,00,00,53,C0,FE,93,
4313873581,00000300,false,Rx,1,8,24,00,0E,61,01,1A,00,17,
4313873820,000002C0,false,Rx,1,8,18,80,00,00,53,C0,FE,A3,
4313883757,00000300,false,Rx,1,8,25,1A,00,29,06,64,02,25,
4313883997,000002C0,false,Rx,1,8,18,80,00,00,53,C0,FE,B3,
4313893504,00000300,false,Rx,1,3,16,00,00,00,00,00,00,00,
4313893742,000002C0,false,Rx,1,8,18,80,00,00,53,C0,FE,C3,
4313898175,00000764,false,Rx,0,1,B7,00,00,00,00,00,00,00,
4313903754,000002C0,false,Rx,1,8,18,80,00,00,53,C0,FE,D3,
4313913600,000002C0,false,Rx,1,8,18,80,00,00,53,C0,FE,E3,
4313923756,000002C0,false,Rx,1,8,18,80,00,00,53,C0,FE,F3,
4313933589,000002C0,false,Rx,1,8,18,80,00,00,53,C0,FE,03,
4313943754,000002C0,false,Rx,1,8,18,80,00,00,53,C0,FE,13,
4313953585,000002C0,false,Rx,1,8,18,80,00,00,53,C0,FE,23,
4313963756,000002C0,false,Rx,1,8,18,80,00,00,53,C0,FE,33,
4313973588,000002C0,false,Rx,1,8,18,80,00,00,53,C0,FE,43,
4313983755,000002C0,false,Rx,1,8,18,80,00,00,53,C0,FE,53,
4313993592,000002C0,false,Rx,1,8,18,80,00,00,53,C0,FE,63,
4314003762,000002C0,false,Rx,1,8,18,80,00,00,53,C0,FE,73,
4314013592,000002C0,false,Rx,1,8,18,80,00,00,53,C0,FE,83,
4314023765,000002C0,false,Rx,1,8,18,80,00,00,53,C0,FE,93,
4314033589,000002C0,false,Rx,1,8,18,80,00,00,53,C0,FE,A3,
4314043761,000002C0,false,Rx,1,8,18,80,00,00,53,C0,FE,B3,
4314053589,000002C0,false,Rx,1,8,18,80,00,00,53,C0,FE,C3,
4314063758,000002C0,false,Rx,1,8,18,80,00,00,53,C0,FE,D3,
4314073593,000002C0,false,Rx,1,8,18,80,00,00,53,C0,FE,E3,
4314083762,000002C0,false,Rx,1,8,18,80,00,00,53,C0,FE,F3,
4314093596,000002C0,false,Rx,1,8,18,80,00,00,53,C0,FE,03,
4314103667,00000764,false,Rx,0,1,A3,00,00,00,00,00,00,00,
4314103760,000002C0,false,Rx,1,8,18,80,00,00,53,C0,FE,13,
4314113594,000002C0,false,Rx,1,8,18,80,00,00,53,C0,FE,23,
4314123726,00000300,false,Rx,1,6,A1,0F,8A,FF,4A,FF,00,00,
4314123962,000002C0,false,Rx,1,8,18,80,00,00,53,C0,FE,33,
4314129091,00000764,false,Rx,0,5,19,00,02,21,01,00,00,00,
4314133600,000002C0,false,Rx,1,8,18,80,00,00,53,C0,FE,43,
4314143637,00000300,false,Rx,1,1,BA,00,00,00,00,00,00,00,
4314143876,000002C0,false,Rx,1,8,18,80,00,00,53,C0,FE,53,
4314153592,00000300,false,Rx,1,8,27,00,0E,61,01,1A,00,17,
4314153830,000002C0,false,Rx,1,8,18,80,00,00,53,C0,FE,63,
4314163769,00000300,false,Rx,1,8,28,1A,00,29,06,64,02,25,
4314164018,000002C0,false,Rx,1,8,18,80,00,00,53,C0,FE,73,
4314173512,00000300,false,Rx,1,3,19,00,00,00,00,00,00,00,
4314173754,000002C0,false,Rx,1,8,18,80,00,00,53,C0,FE,83,
4314178919,00000764,false,Rx,0,1,BA,00,00,00,00,00,00,00,
4314183766,000002C0,false,Rx,1,8,18,80,00,00,53,C0,FE,93,
4314193596,000002C0,false,Rx,1,8,18,80,00,00,53,C0,FE,A3,
4314203766,000002C0,false,Rx,1,8,18,80,00,00,53,C0,FE,B3,
4314213597,000002C0,false,Rx,1,8,18,80,00,00,53,C0,FE,C3,
4314223775,000002C0,false,Rx,1,8,18,80,00,00,53,C0,FE,D3,
4314233599,000002C0,false,Rx,1,8,18,80,00,00,53,C0,FE,E3,
4314243774,000002C0,false,Rx,1,8,18,80,00,00,53,C0,FE,F3,
4314253602,000002C0,false,Rx,1,8,18,80,00,00,53,C0,FE,03,
4314263767,000002C0,false,Rx,1,8,18,80,00,00,53,C0,FE,13,
4314273599,000002C0,false,Rx,1,8,18,80,00,00,53,C0,FE,23,
4314283768,000002C0,false,Rx,1,8,18,80,00,00,53,C0,FE,33,
4314293600,000002C0,false,Rx,1,8,18,80,00,00,53,C0,FE,43,
4314303768,000002C0,false,Rx,1,8,18,80,00,00,53,C0,FE,53,
4314313600,000002C0,false,Rx,1,8,18,80,00,00,53,C0,FE,63,
4314323793,000002C0,false,Rx,1,8,18,80,00,00,53,C0,FE,73,
4314333607,000002C0,false,Rx,1,8,18,80,00,00,53,C0,FE,83,
4314343773,000002C0,false,Rx,1,8,18,80,00,00,53,C0,FE,93,
4314353602,000002C0,false,Rx,1,8,18,80,00,00,53,C0,FE,A3,
4314363773,000002C0,false,Rx,1,8,18,80,00,00,53,C0,FE,B3,
4314373606,000002C0,false,Rx,1,8,18,80,00,00,53,C0,FE,C3,
4314381018,00000764,false,Rx,0,5,1A,00,02,21,01,00,00,00,
4314383772,000002C0,false,Rx,1,8,18,80,00,00,53,C0,FE,D3,
4314393479,00000300,false,Rx,1,1,BB,00,00,00,00,00,00,00,
4314393719,000002C0,false,Rx,1,8,18,80,00,00,53,C0,FE,E3,
4314403773,00000300,false,Rx,1,8,2A,00,0E,61,01,1A,00,17,
4314404013,000002C0,false,Rx,1,8,18,80,00,00,53,C0,FE,F3,
4314413607,00000300,false,Rx,1,8,2B,1A,00,29,06,64,02,25,
4314413854,000002C0,false,Rx,1,8,18,80,00,00,53,C0,FE,03,
4314423691,00000300,false,Rx,1,3,1C,00,00,00,00,00,00,00,
4314423929,000002C0,false,Rx,1,8,18,80,00,00,53,C0,FE,13,
4314428715,00000764,false,Rx,0,1,BD,00,00,00,00,00,00,00,
4314433605,000002C0,false,Rx,1,8,18,80,00,00,53,C0,FE,23,
4314443775,000002C0,false,Rx,1,8,18,80,00,00,53,C0,FE,33,
4314453607,000002C0,false,Rx,1,8,18,80,00,00,53,C0,FE,43,
4314463774,000002C0,false,Rx,1,8,18,80,00,00,53,C0,FE,53,
4314473606,000002C0,false,Rx,1,8,18,80,00,00,53,C0,FE,63,
4314483782,000002C0,false,Rx,1,8,18,80,00,00,53,C0,FE,73,
4314493610,000002C0,false,Rx,1,8,18,80,00,00,53,C0,FE,83,
4314503778,000002C0,false,Rx,1,8,18,80,00,00,53,C0,FE,93,
4314513608,000002C0,false,Rx,1,8,18,80,00,00,53,C0,FE,A3,
4314523779,000002C0,false,Rx,1,8,18,80,00,00,53,C0,FE,B3,
4314533615,000002C0,false,Rx,1,8,18,80,00,00,53,C0,FE,C3,
4314543779,000002C0,false,Rx,1,8,18,80,00,00,53,C0,FE,D3,
4314553611,000002C0,false,Rx,1,8,18,80,00,00,53,C0,FE,E3,
4314563780,000002C0,false,Rx,1,8,18,80,00,00,53,C0,FE,F3,
4314573615,000002C0,false,Rx,1,8,18,80,00,00,53,C0,FE,03,
4314583781,000002C0,false,Rx,1,8,18,80,00,00,53,C0,FE,13,
4314593610,000002C0,false,Rx,1,8,18,80,00,00,53,C0,FE,23,
4314603780,000002C0,false,Rx,1,8,18,80,00,00,53,C0,FE,33,
4314613614,000002C0,false,Rx,1,8,18,80,00,00,53,C0,FE,43,
4314623782,000002C0,false,Rx,1,8,18,80,00,00,53,C0,FE,53,
4314631504,00000764,false,Rx,0,1,A3,00,00,00,00,00,00,00,
4314633615,000002C0,false,Rx,1,8,18,80,00,00,53,C0,FE,63,
4314643745,00000300,false,Rx,1,6,A1,0F,8A,FF,4A,FF,00,00,
4314643989,000002C0,false,Rx,1,8,18,80,00,00,53,C0,FE,73,
4314648599,00000764,false,Rx,0,5,1B,00,02,21,01,00,00,00,
4314653624,000002C0,false,Rx,1,8,18,80,00,00,53,C0,FE,83,
4314663659,00000300,false,Rx,1,1,BC,00,00,00,00,00,00,00,
4314663899,000002C0,false,Rx,1,8,18,80,00,00,53,C0,FE,93,
4314673611,00000300,false,Rx,1,8,2D,00,0E,61,01,1A,00,17,
4314673850,000002C0,false,Rx,1,8,18,80,00,00,53,C0,FE,A3,
4314683787,00000300,false,Rx,1,8,2E,1A,00,29,06,64,02,25,
4314684028,000002C0,false,Rx,1,8,18,80,00,00,53,C0,FE,B3,
4314693533,00000300,false,Rx,1,3,1F,00,00,00,00,00,00,00,
4314693772,000002C0,false,Rx,1,8,18,80,00,00,53,C0,FE,C3,
4314698397,00000764,false,Rx,0,1,B0,00,00,00,00,00,00,00,
4314703784,000002C0,false,Rx,1,8,18,80,00,00,53,C0,FE,D3,
4314713618,000002C0,false,Rx,1,8,18,80,00,00,53,C0,FE,E3,
4314723791,000002C0,false,Rx,1,8,18,80,00,00,53,C0,FE,F3,
4314733631,000002C0,false,Rx,1,8,18,80,00,00,53,C0,FE,03,
4314743785,000002C0,false,Rx,1,8,18,80,00,00,53,C0,FE,13,
4314753618,000002C0,false,Rx,1,8,18,80,00,00,53,C0,FE,23,
4314763786,000002C0,false,Rx,1,8,18,80,00,00,53,C0,FE,33,
4314773618,000002C0,false,Rx,1,8,18,80,00,00,53,C0,FE,43,
4314783788,000002C0,false,Rx,1,8,18,80,00,00,53,C0,FE,53,
4314793619,000002C0,false,Rx,1,8,18,80,00,00,53,C0,FE,63,
4314803794,000002C0,false,Rx,1,8,18,80,00,00,53,C0,FE,73,
4314813624,000002C0,false,Rx,1,8,18,80,00,00,53,C0,FE,83,
4314823790,000002C0,false,Rx,1,8,18,80,00,00,53,C0,FE,93,
4314833619,000002C0,false,Rx,1,8,18,80,00,00,53,C0,FE,A3,
4314843794,000002C0,false,Rx,1,8,18,80,00,00,53,C0,FE,B3,
4314853621,000002C0,false,Rx,1,8,18,80,00,00,53,C0,FE,C3,
4314863791,000002C0,false,Rx,1,8,18,80,00,00,53,C0,FE,D3,
4314873623,000002C0,false,Rx,1,8,18,80,00,00,53,C0,FE,E3,
4314883792,000002C0,false,Rx,1,8,18,80,00,00,53,C0,FE,F3,
4314884295,00000764,false,Rx,0,5,1C,00,02,21,01,00,00,00,
4314893626,000002C0,false,Rx,1,8,18,80,00,00,53,C0,FE,03,
4314903666,00000300,false,Rx,1,1,BD,00,00,00,00,00,00,00,
4314903905,000002C0,false,Rx,1,8,18,80,00,00,53,C0,FE,13,
4314913624,00000300,false,Rx,1,8,20,00,0E,61,01,1A,00,17,
4314913863,000002C0,false,Rx,1,8,18,80,00,00,53,C0,FE,23,
4314923794,00000300,false,Rx,1,8,21,1A,00,29,06,64,02,25,
4314924033,000002C0,false,Rx,1,8,18,80,00,00,53,C0,FE,33,
4314933542,00000300,false,Rx,1,3,12,00,00,00,00,00,00,00,
4314933783,000002C0,false,Rx,1,8,18,80,00,00,53,C0,FE,43,
4314938178,00000764,false,Rx,0,1,B3,00,00,00,00,00,00,00,
4314943794,000002C0,false,Rx,1,8,18,80,00,00,53,C0,FE,53,
4314953626,000002C0,false,Rx,1,8,18,80,00,00,53,C0,FE,63,
4314963800,000002C0,false,Rx,1,8,18,80,00,00,53,C0,FE,73,
4314973628,000002C0,false,Rx,1,8,18,80,00,00,53,C0,FE,83,
4314983797,000002C0,false,Rx,1,8,18,80,00,00,53,C0,FE,93,
4314993626,000002C0,false,Rx,1,8,18,80,00,00,53,C0,FE,A3,
4315003797,000002C0,false,Rx,1,8,18,80,00,00,53,C0,FE,B3,
4315013627,000002C0,false,Rx,1,8,18,80,00,00,53,C0,FE,C3,
4315023795,000002C0,false,Rx,1,8,18,80,00,00,53,C0,FE,D3,
4315033629,000002C0,false,Rx,1,8,18,80,00,00,53,C0,FE,E3,
4315043806,000002C0,false,Rx,1,8,18,80,00,00,53,C0,FE,F3,
4315053632,000002C0,false,Rx,1,8,18,80,00,00,53,C0,FE,03,
4315063798,000002C0,false,Rx,1,8,18,80,00,00,53,C0,FE,13,
4315073628,000002C0,false,Rx,1,8,18,80,00,00,53,C0,FE,23,
4315083797,000002C0,false,Rx,1,8,18,80,00,00,53,C0,FE,33,
4315093632,000002C0,false,Rx,1,8,18,80,00,00,53,C0,FE,43,
4315103800,000002C0,false,Rx,1,8,18,80,00,00,53,C0,FE,53,
4315113631,000002C0,false,Rx,1,8,18,80,00,00,53,C0,FE,63,
4315123805,000002C0,false,Rx,1,8,18,80,00,00,53,C0,FE,73,
4315133635,000002C0,false,Rx,1,8,18,80,00,00,53,C0,FE,83,
4315141390,00000764,false,Rx,0,1,A3,00,00,00,00,00,00,00,
4315143807,000002C0,false,Rx,1,8,18,80,00,00,53,C0,FE,93,
4315153595,00000300,false,Rx,1,6,A1,0F,8A,FF,4A,FF,00,00,
4315153833,000002C0,false,Rx,1,8,18,80,00,00,53,C0,FE,A3,
4315158955,00000764,false,Rx,0,5,1D,00,02,21,01,00,00,00,
4315163811,000002C0,false,Rx,1,8,18,80,00,00,53,C0,FE,B3,
4315173509,00000300,false,Rx,1,1,BE,00,00,00,00,00,00,00,
4315173747,000002C0,false,Rx,1,8,18,80,00,00,53,C0,FE,C3,
4315183802,00000300,false,Rx,1,8,23,00,0E,61,01,1A,00,17,
4315184041,000002C0,false,Rx,1,8,18,80,00,00,53,C0,FE,D3,
4315193637,00000300,false,Rx,1,8,24,1A,00,29,06,64,02,25,
4315193878,000002C0,false,Rx,1,8,18,80,00,00,53,C0,FE,E3,
4315203721,00000300,false,Rx,1,3,15,00,00,00,00,00,00,00,
4315203962,000002C0,false,Rx,1,8,18,80,00,00,53,C0,FE,F3,
4315208931,00000764,false,Rx,0,1,B6,00,00,00,00,00,00,00,
4315213640,000002C0,false,Rx,1,8,18,80,00,00,53,C0,FE,03,
4315223809,000002C0,false,Rx,1,8,18,80,00,00,53,C0,FE,13,
4315233635,000002C0,false,Rx,1,8,18,80,00,00,53,C0,FE,23,
4315243815,000002C0,false,Rx,1,8,18,80,00,00,53,C0,FE,33,
4315253640,000002C0,false,Rx,1,8,18,80,00,00,53,C0,FE,43,
4315263805,000002C0,false,Rx,1,8,18,80,00,00,53,C0,FE,53,
4315273636,000002C0,false,Rx,1,8,18,80,00,00,53,C0,FE,63,
4315283812,000002C0,false,Rx,1,8,18,80,00,00,53,C0,FE,73,
4315293640,000002C0,false,Rx,1,8,18,80,00,00,53,C0,FE,83,
4315303810,000002C0,false,Rx,1,8,18,80,00,00,53,C0,FE,93,
4315313639,000002C0,false,Rx,1,8,18,80,00,00,53,C0,FE,A3,
4315323810,000002C0,false,Rx,1,8,18,80,00,00,53,C0,FE,B3,
4315333639,000002C0,false,Rx,1,8,18,80,00,00,53,C0,FE,C3,
4315343809,000002C0,false,Rx,1,8,18,80,00,00,53,C0,FE,D3,
4315353645,000002C0,false,Rx,1,8,18,80,00,00,53,C0,FE,E3,
4315363812,000002C0,false,Rx,1,8,18,80,00,00,53,C0,FE,F3,
4315373648,000002C0,false,Rx,1,8,18,80,00,00,53,C0,FE,03,
4315383810,000002C0,false,Rx,1,8,18,80,00,00,53,C0,FE,13,
4315393640,000002C0,false,Rx,1,8,18,80,00,00,53,C0,FE,23,
4315403810,000002C0,false,Rx,1,8,18,80,00,00,53,C0,FE,33,
4315405340,00000764,false,Rx,0,5,1E,00,02,21,01,00,00,00,
4315413644,000002C0,false,Rx,1,8,18,80,00,00,53,C0,FE,43,
4315423687,00000300,false,Rx,1,1,BF,00,00,00,00,00,00,00,
4315423925,000002C0,false,Rx,1,8,18,80,00,00,53,C0,FE,53,
4315433642,00000300,false,Rx,1,8,26,00,0E,61,01,1A,00,17,
4315433880,000002C0,false,Rx,1,8,18,80,00,00,53,C0,FE,63,
4315443813,00000300,false,Rx,1,8,27,1A,00,29,06,64,02,25,
4315444062,000002C0,false,Rx,1,8,18,80,00,00,53,C0,FE,73,
4315453564,00000300,false,Rx,1,3,18,00,00,00,00,00,00,00,
4315453804,000002C0,false,Rx,1,8,18,80,00,00,53,C0,FE,83,
4315458591,00000764,false,Rx,0,1,B9,00,00,00,00,00,00,00,
4315463816,000002C0,false,Rx,1,8,18,80,00,00,53,C0,FE,93,
4315473643,000002C0,false,Rx,1,8,18,80,00,00,53,C0,FE,A3,
4315483815,000002C0,false,Rx,1,8,18,80,00,00,53,C0,FE,B3,
4315493649,000002C0,false,Rx,1,8,18,80,00,00,53,C0,FE,C3,
4315503815,000002C0,false,Rx,1,8,18,80,00,00,53,C0,FE,D3,
4315513649,000002C0,false,Rx,1,8,18,80,00,00,53,C0,FE,E3,
4315523817,000002C0,false,Rx,1,8,18,80,00,00,53,C0,FE,F3,
4315533650,000002C0,false,Rx,1,8,18,80,00,00,53,C0,FE,03,
4315543816,000002C0,false,Rx,1,8,18,80,00,00,53,C0,FE,13,
4315553666,000002C0,false,Rx,1,8,18,80,00,00,53,C0,FE,23,
4315563818,000002C0,false,Rx,1,8,18,80,00,00,53,C0,FE,33,
4315573650,000002C0,false,Rx,1,8,18,80,00,00,53,C0,FE,43,
4315583817,000002C0,false,Rx,1,8,18,80,00,00,53,C0,FE,53,
4315593647,000002C0,false,Rx,1,8,18,80,00,00,53,C0,FE,63,
4315603825,000002C0,false,Rx,1,8,18,80,00,00,53,C0,FE,73,
4315613655,000002C0,false,Rx,1,8,18,80,00,00,53,C0,FE,83,
4315623821,000002C0,false,Rx,1,8,18,80,00,00,53,C0,FE,93,
4315633650,000002C0,false,Rx,1,8,18,80,00,00,53,C0,FE,A3,
4315643822,000002C0,false,Rx,1,8,18,80,00,00,53,C0,FE,B3,
4315653657,000002C0,false,Rx,1,8,18,80,00,00,53,C0,FE,C3,
4315659695,00000764,false,Rx,0,1,A3,00,00,00,00,00,00,00,
4315663820,000002C0,false,Rx,1,8,18,80,00,00,53,C0,FE,D3,
4315673614,00000300,false,Rx,1,6,A1,0F,8A,FF,4A,FF,00,00,
4315673854,000002C0,false,Rx,1,8,18,80,00,00,53,C0,FE,E3,
4315678466,00000764,false,Rx,0,5,1F,00,02,21,01,00,00,00,
4315683830,000002C0,false,Rx,1,8,18,80,00,00,53,C0,FE,F3,
4315693530,00000300,false,Rx,1,1,B0,00,00,00,00,00,00,00,
4315693772,000002C0,false,Rx,1,8,18,80,00,00,53,C0,FE,03,
4315703820,00000300,false,Rx,1,8,29,00,0E,61,01,1A,00,17,
4315704059,000002C0,false,Rx,1,8,18,80,00,00,53,C0,FE,13,
4315713656,00000300,false,Rx,1,8,2A,1A,00,29,06,64,02,25,
4315713894,000002C0,false,Rx,1,8,18,80,00,00,53,C0,FE,23,
4315723748,00000300,false,Rx,1,3,1B,00,00,00,00,00,00,00,
4315723980,000002C0,false,Rx,1,8,18,80,00,00,53,C0,FE,33,
4315728331,00000764,false,Rx,0,1,BC,00,00,00,00,00,00,00,
4315733657,000002C0,false,Rx,1,8,18,80,00,00,53,C0,FE,43,
4315743824,000002C0,false,Rx,1,8,18,80,00,00,53,C0,FE,53,
4315753654,000002C0,false,Rx,1,8,18,80,00,00,53,C0,FE,63,
4315763834,000002C0,false,Rx,1,8,18,80,00,00,53,C0,FE,73,
4315773659,000002C0,false,Rx,1,8,18,80,00,00,53,C0,FE,83,
4315783826,000002C0,false,Rx,1,8,18,80,00,00,53,C0,FE,93,
4315793655,000002C0,false,Rx,1,8,18,80,00,00,53,C0,FE,A3,
4315803827,000002C0,false,Rx,1,8,18,80,00,00,53,C0,FE,B3,
4315813659,000002C0,false,Rx,1,8,18,80,00,00,53,C0,FE,C3,
4315823826,000002C0,false,Rx,1,8,18,80,00,00,53,C0,FE,D3,
4315833660,000002C0,false,Rx,1,8,18,80,00,00,53,C0,FE,E3,
4315843830,000002C0,false,Rx,1,8,18,80,00,00,53,C0,FE,F3,
4315853662,000002C0,false,Rx,1,8,18,80,00,00,53,C0,FE,03,
4315863832,000002C0,false,Rx,1,8,18,80,00,00,53,C0,FE,13,
4315873660,000002C0,false,Rx,1,8,18,80,00,00,53,C0,FE,23,
4315883829,000002C0,false,Rx,1,8,18,80,00,00,53,C0,FE,33,
4315893661,000002C0,false,Rx,1,8,18,80,00,00,53,C0,FE,43,
4315903829,000002C0,false,Rx,1,8,18,80,00,00,53,C0,FE,53,
4315913661,000002C0,false,Rx,1,8,18,80,00,00,53,C0,FE,63,
4315923837,000002C0,false,Rx,1,8,18,80,00,00,53,C0,FE,73,
4315925045,00000764,false,Rx,0,5,10,00,02,21,01,00,00,00,
4315933665,000002C0,false,Rx,1,8,18,80,00,00,53,C0,FE,83,
4315943705,00000300,false,Rx,1,1,B1,00,00,00,00,00,00,00,
4315943946,000002C0,false,Rx,1,8,18,80,00,00,53,C0,FE,93,
4315953660,00000300,false,Rx,1,8,2C,00,0E,61,01,1A,00,17,
4315953899,000002C0,false,Rx,1,8,18,80,00,00,53,C0,FE,A3,
4315963849,00000300,false,Rx,1,8,2D,1A,00,29,06,64,02,25,
4315964076,000002C0,false,Rx,1,8,18,80,00,00,53,C0,FE,B3,
4315973583,00000300,false,Rx,1,3,1E,00,00,00,00,00,00,00,
4315973821,000002C0,false,Rx,1,8,18,80,00,00,53,C0,FE,C3,
4315979027,00000764,false,Rx,0,1,BF,00,00,00,00,00,00,00,
4315983832,000002C0,false,Rx,1,8,18,80,00,00,53,C0,FE,D3,
4315993668,000002C0,false,Rx,1,8,18,80,00,00,53,C0,FE,E3,
4316003835,000002C0,false,Rx,1,8,18,80,00,00,53,C0,FE,F3,
4316013670,000002C0,false,Rx,1,8,18,80,00,00,53,C0,FE,03,
4316023834,000002C0,false,Rx,1,8,18,80,00,00,53,C0,FE,13,
4316033666,000002C0,false,Rx,1,8,18,80,00,00,53,C0,FE,23,
4316043836,000002C0,false,Rx,1,8,18,80,00,00,53,C0,FE,33,
4316053668,000002C0,false,Rx,1,8,18,80,00,00,53,C0,FE,43,
4316063854,000002C0,false,Rx,1,8,18,80,00,00,53,C0,FE,53,
4316073668,000002C0,false,Rx,1,8,18,80,00,00,53,C0,FE,63,
4316083843,000002C0,false,Rx,1,8,18,80,00,00,53,C0,FE,73,
4316093673,000002C0,false,Rx,1,8,18,80,00,00,53,C0,FE,83,
4316103839,000002C0,false,Rx,1,8,18,80,00,00,53,C0,FE,93,
4316113670,000002C0,false,Rx,1,8,18,80,00,00,53,C0,FE,A3,
4316123840,000002C0,false,Rx,1,8,18,80,00,00,53,C0,FE,B3,
4316133670,000002C0,false,Rx,1,8,18,80,00,00,53,C0,FE,C3,
4316143839,000002C0,false,Rx,1,8,18,80,00,00,53,C0,FE,D3,
4316153672,000002C0,false,Rx,1,8,18,80,00,00,53,C0,FE,E3,
4316163841,000002C0,false,Rx,1,8,18,80,00,00,53,C0,FE,F3,
4316173678,000002C0,false,Rx,1,8,18,80,00,00,53,C0,FE,03,
4316181671,00000764,false,Rx,0,1,A3,00,00,00,00,00,00,00,
4316183840,000002C0,false,Rx,1,8,18,80,00,00,53,C0,FE,13,
4316193649,00000300,false,Rx,1,6,A1,0F,8A,FF,4A,FF,00,00,
4316193877,000002C0,false,Rx,1,8,18,80,00,00,53,C0,FE,23,
4316198975,00000764,false,Rx,0,5,11,00,02,21,01,00,00,00,
4316203850,000002C0,false,Rx,1,8,18,80,00,00,53,C0,FE,33,
4316213559,00000300,false,Rx,1,1,B2,00,00,00,00,00,00,00,
4316213790,000002C0,false,Rx,1,8,18,80,00,00,53,C0,FE,43,
4316223858,00000300,false,Rx,1,8,2F,00,0E,61,01,1A,00,17,
4316224080,000002C0,false,Rx,1,8,18,80,00,00,53,C0,FE,53,
4316233677,00000300,false,Rx,1,8,20,1A,00,29,06,64,02,25,
4316233916,000002C0,false,Rx,1,8,18,80,00,00,53,C0,FE,63,
4316243763,00000300,false,Rx,1,3,11,00,00,00,00,00,00,00,
4316244008,000002C0,false,Rx,1,8,18,80,00,00,53,C0,FE,73,
4316248754,00000764,false,Rx,0,1,B2,00,00,00,00,00,00,00,
4316253678,000002C0,false,Rx,1,8,18,80,00,00,53,C0,FE,83,
4316263846,000002C0,false,Rx,1,8,18,80,00,00,53,C0,FE,93,
4316273699,000002C0,false,Rx,1,8,18,80,00,00,53,C0,FE,A3,
4316283847,000002C0,false,Rx,1,8,18,80,00,00,53,C0,FE,B3,
4316293677,000002C0,false,Rx,1,8,18,80,00,00,53,C0,FE,C3,
4316303845,000002C0,false,Rx,1,8,18,80,00,00,53,C0,FE,D3,
4316313679,000002C0,false,Rx,1,8,18,80,00,00,53,C0,FE,E3,
4316323894,000002C0,false,Rx,1,8,18,80,00,00,53,C0,FE,F3,
4316333680,000002C0,false,Rx,1,8,18,80,00,00,53,C0,FE,03,
4316343846,000002C0,false,Rx,1,8,18,80,00,00,53,C0,FE,13,
4316353678,000002C0,false,Rx,1,8,18,80,00,00,53,C0,FE,23,
4316363847,000002C0,false,Rx,1,8,18,80,00,00,53,C0,FE,33,
4316373684,000002C0,false,Rx,1,8,18,80,00,00,53,C0,FE,43,
4316383850,000002C0,false,Rx,1,8,18,80,00,00,53,C0,FE,53,
4316393682,000002C0,false,Rx,1,8,18,80,00,00,53,C0,FE,63,
4316403855,000002C0,false,Rx,1,8,18,80,00,00,53,C0,FE,73,
4316413684,000002C0,false,Rx,1,8,18,80,00,00,53,C0,FE,83,
4316423853,000002C0,false,Rx,1,8,18,80,00,00,53,C0,FE,93,
4316433680,000002C0,false,Rx,1,8,18,80,00,00,53,C0,FE,A3,
4316443852,000002C0,false,Rx,1,8,18,80,00,00,53,C0,FE,B3,
4316446913,00000764,false,Rx,0,5,12,00,02,21,01,00,00,00,
4316453680,000002C0,false,Rx,1,8,18,80,00,00,53,C0,FE,C3,
4316463725,00000300,false,Rx,1,1,B3,00,00,00,00,00,00,00,
4316463964,000002C0,false,Rx,1,8,18,80,00,00,53,C0,FE,D3,
4316473691,00000300,false,Rx,1,8,22,00,0E,61,01,1A,00,17,
4316473920,000002C0,false,Rx,1,8,18,80,00,00,53,C0,FE,E3,
4316483858,00000300,false,Rx,1,8,23,1A,00,29,06,64,02,25,
4316484098,000002C0,false,Rx,1,8,18,80,00,00,53,C0,FE,F3,
4316493607,00000300,false,Rx,1,3,14,00,00,00,00,00,00,00,
4316493844,000002C0,false,Rx,1,8,18,80,00,00,53,C0,FE,03,
4316498526,00000764,false,Rx,0,1,B5,00,00,00,00,00,00,00,
4316503875,000002C0,false,Rx,1,8,18,80,00,00,53,C0,FE,13,
4316513686,000002C0,false,Rx,1,8,18,80,00,00,53,C0,FE,23,
4316523854,000002C0,false,Rx,1,8,18,80,00,00,53,C0,FE,33,
4316533685,000002C0,false,Rx,1,8,18,80,00,00,53,C0,FE,43,
4316543855,000002C0,false,Rx,1,8,18,80,00,00,53,C0,FE,53,
4316553686,000002C0,false,Rx,1,8,18,80,00,00,53,C0,FE,63,
4316563861,000002C0,false,Rx,1,8,18,80,00,00,53,C0,FE,73,
4316573689,000002C0,false,Rx,1,8,18,80,00,00,53,C0,FE,83,
4316583860,000002C0,false,Rx,1,8,18,80,00,00,53,C0,FE,93,
4316593689,000002C0,false,Rx,1,8,18,80,00,00,53,C0,FE,A3,
4316603859,000002C0,false,Rx,1,8,18,80,00,00,53,C0,FE,B3,
4316613688,000002C0,false,Rx,1,8,18,80,00,00,53,C0,FE,C3,
4316623857,000002C0,false,Rx,1,8,18,80,00,00,53,C0,FE,D3,
4316633690,000002C0,false,Rx,1,8,18,80,00,00,53,C0,FE,E3,
4316643859,000002C0,false,Rx,1,8,18,80,00,00,53,C0,FE,F3,
4316653693,000002C0,false,Rx,1,8,18,80,00,00,53,C0,FE,03,
4316663859,000002C0,false,Rx,1,8,18,80,00,00,53,C0,FE,13,
4316673689,000002C0,false,Rx,1,8,18,80,00,00,53,C0,FE,23,
4316683864,000002C0,false,Rx,1,8,18,80,00,00,53,C0,FE,33,
4316693692,000002C0,false,Rx,1,8,18,80,00,00,53,C0,FE,43,
4316701621,00000764,false,Rx,0,1,A3,00,00,00,00,00,00,00,
4316703861,000002C0,false,Rx,1,8,18,80,00,00,53,C0,FE,53,
4316713654,00000300,false,Rx,1,6,A1,0F,8A,FF,4A,FF,00,00,
4316713893,000002C0,false,Rx,1,8,18,80,00,00,53,C0,FE,63,
4316719260,00000764,false,Rx,0,5,13,00,02,21,01,00,00,00,
4316723878,000002C0,false,Rx,1,8,18,80,00,00,53,C0,FE,73,
4316733566,00000300,false,Rx,1,1,B4,00,00,00,00,00,00,00,
4316733809,000002C0,false,Rx,1,8,18,80,00,00,53,C0,FE,83,
4316743862,00000300,false,Rx,1,8,25,00,0E,61,01,1A,00,17,
4316744102,000002C0,false,Rx,1,8,18,80,00,00,53,C0,FE,93,
4316753695,00000300,false,Rx,1,8,26,1A,00,29,06,64,02,25,
4316753933,000002C0,false,Rx,1,8,18,80,00,00,53,C0,FE,A3,
4316763782,00000300,false,Rx,1,3,17,00,00,00,00,00,00,00,
4316764022,000002C0,false,Rx,1,8,18,80,00,00,53,C0,FE,B3,
4316769163,00000764,false,Rx,0,1,B8,00,00,00,00,00,00,00,
4316773693,000002C0,false,Rx,1,8,18,80,00,00,53,C0,FE,C3,
4316783866,000002C0,false,Rx,1,8,18,80,00,00,53,C0,FE,D3,
4316793697,000002C0,false,Rx,1,8,18,80,00,00,53,C0,FE,E3,
4316803866,000002C0,false,Rx,1,8,18,80,00,00,53,C0,FE,F3,
4316813700,000002C0,false,Rx,1,8,18,80,00,00,53,C0,FE,03,
4316823866,000002C0,false,Rx,1,8,18,80,00,00,53,C0,FE,13,
4316833695,000002C0,false,Rx,1,8,18,80,00,00,53,C0,FE,23,
4316843865,000002C0,false,Rx,1,8,18,80,00,00,53,C0,FE,33,
4316853699,000002C0,false,Rx,1,8,18,80,00,00,53,C0,FE,43,
4316863867,000002C0,false,Rx,1,8,18,80,00,00,53,C0,FE,53,
4316873697,000002C0,false,Rx,1,8,18,80,00,00,53,C0,FE,63,
4316883884,000002C0,false,Rx,1,8,18,80,00,00,53,C0,FE,73,
4316893702,000002C0,false,Rx,1,8,18,80,00,00,53,C0,FE,83,
4316903870,000002C0,false,Rx,1,8,18,80,00,00,53,C0,FE,93,
4316913700,000002C0,false,Rx,1,8,18,80,00,00,53,C0,FE,A3,
4316923870,000002C0,false,Rx,1,8,18,80,00,00,53,C0,FE,B3,
4316933700,000002C0,false,Rx,1,8,18,80,00,00,53,C0,FE,C3,
4316943869,000002C0,false,Rx,1,8,18,80,00,00,53,C0,FE,D3,
4316953703,000002C0,false,Rx,1,8,18,80,00,00,53,C0,FE,E3,
4316963872,000002C0,false,Rx,1,8,18,80,00,00,53,C0,FE,F3,
4316965771,00000764,false,Rx,0,5,14,00,02,21,01,00,00,00,
4316973705,000002C0,false,Rx,1,8,18,80,00,00,53,C0,FE,03,
4316983746,00000300,false,Rx,1,1,B5,00,00,00,00,00,00,00,
4316983985,000002C0,false,Rx,1,8,18,80,00,00,53,C0,FE,13,
4316993714,00000300,false,Rx,1,8,28,00,0E,61,01,1A,00,17,
4316993945,000002C0,false,Rx,1,8,18,80,00,00,53,C0,FE,23,
4317003873,00000300,false,Rx,1,8,29,1A,00,29,06,64,02,25,
4317004112,000002C0,false,Rx,1,8,18,80,00,00,53,C0,FE,33,
4317013623,00000300,false,Rx,1,3,1A,00,00,00,00,00,00,00,
4317013863,000002C0,false,Rx,1,8,18,80,00,00,53,C0,FE,43,
4317018881,00000764,false,Rx,0,1,BB,00,00,00,00,00,00,00,
4317023874,000002C0,false,Rx,1,8,18,80,00,00,53,C0,FE,53,
4317033704,000002C0,false,Rx,1,8,18,80,00,00,53,C0,FE,63,
4317043878,000002C0,false,Rx,1,8,18,80,00,00,53,C0,FE,73,
4317053709,000002C0,false,Rx,1,8,18,80,00,00,53,C0,FE,83,
4317063876,000002C0,false,Rx,1,8,18,80,00,00,53,C0,FE,93,
4317073704,000002C0,false,Rx,1,8,18,80,00,00,53,C0,FE,A3,
4317083877,000002C0,false,Rx,1,8,18,80,00,00,53,C0,FE,B3,
4317093716,000002C0,false,Rx,1,8,18,80,00,00,53,C0,FE,C3,
4317103876,000002C0,false,Rx,1,8,18,80,00,00,53,C0,FE,D3,
4317113709,000002C0,false,Rx,1,8,18,80,00,00,53,C0,FE,E3,
4317123879,000002C0,false,Rx,1,8,18,80,00,00,53,C0,FE,F3,
4317133711,000002C0,false,Rx,1,8,18,80,00,00,53,C0,FE,03,
4317143877,000002C0,false,Rx,1,8,18,80,00,00,53,C0,FE,13,
4317153709,000002C0,false,Rx,1,8,18,80,00,00,53,C0,FE,23,
4317163878,000002C0,false,Rx,1,8,18,80,00,00,53,C0,FE,33,
4317173710,000002C0,false,Rx,1,8,18,80,00,00,53,C0,FE,43,
4317183880,000002C0,false,Rx,1,8,18,80,00,00,53,C0,FE,53,
4317193715,000002C0,false,Rx,1,8,18,80,00,00,53,C0,FE,63,
4317203886,000002C0,false,Rx,1,8,18,80,00,00,53,C0,FE,73,
4317213716,000002C0,false,Rx,1,8,18,80,00,00,53,C0,FE,83,
4317223891,000002C0,false,Rx,1,8,18,80,00,00,53,C0,FE,93,
4317225323,00000764,false,Rx,0,1,A3,00,00,00,00,00,00,00,
4317233711,000002C0,false,Rx,1,8,18,80,00,00,53,C0,FE,A3,
4317243860,00000300,false,Rx,1,6,A1,0F,8A,FF,4A,FF,00,00,
4317244090,000002C0,false,Rx,1,8,18,80,00,00,53,C0,FE,B3,
4317248844,00000764,false,Rx,0,5,15,00,02,21,01,00,00,00,
4317253719,000002C0,false,Rx,1,8,18,80,00,00,53,C0,FE,C3,
4317263757,00000300,false,Rx,1,1,B6,00,00,00,00,00,00,00,
4317263995,000002C0,false,Rx,1,8,18,80,00,00,53,C0,FE,D3,
4317273714,00000300,false,Rx,1,8,2B,00,0E,61,01,1A,00,17,
4317273954,000002C0,false,Rx,1,8,18,80,00,00,53,C0,FE,E3,
4317283887,00000300,false,Rx,1,8,2C,1A,00,29,06,64,02,25,
4317284127,000002C0,false,Rx,1,8,18,80,00,00,53,C0,FE,F3,
4317293637,00000300,false,Rx,1,3,1D,00,00,00,00,00,00,00,
4317293874,000002C0,false,Rx,1,8,18,80,00,00,53,C0,FE,03,
4317298692,00000764,false,Rx,0,1,BE,00,00,00,00,00,00,00,
4317303885,000002C0,false,Rx,1,8,18,80,00,00,53,C0,FE,13,
4317313717,000002C0,false,Rx,1,8,18,80,00,00,53,C0,FE,23,
4317323884,000002C0,false,Rx,1,8,18,80,00,00,53,C0,FE,33,
4317333718,000002C0,false,Rx,1,8,18,80,00,00,53,C0,FE,43,
4317343885,000002C0,false,Rx,1,8,18,80,00,00,53,C0,FE,53,
4317353716,000002C0,false,Rx,1,8,18,80,00,00,53,C0,FE,63,
4317363892,000002C0,false,Rx,1,8,18,80,00,00,53,C0,FE,73,
4317373720,000002C0,false,Rx,1,8,18,80,00,00,53,C0,FE,83,
4317383888,000002C0,false,Rx,1,8,18,80,00,00,53,C0,FE,93,
4317393718,000002C0,false,Rx,1,8,18,80,00,00,53,C0,FE,A3,
4317403891,000002C0,false,Rx,1,8,18,80,00,00,53,C0,FE,B3,
4317413722,000002C0,false,Rx,1,8,18,80,00,00,53,C0,FE,C3,
4317423887,000002C0,false,Rx,1,8,18,80,00,00,53,C0,FE,D3,
4317433721,000002C0,false,Rx,1,8,18,80,00,00,53,C0,FE,E3,
4317443891,000002C0,false,Rx,1,8,18,80,00,00,53,C0,FE,F3,
4317453723,000002C0,false,Rx,1,8,18,80,00,00,53,C0,FE,03,
4317463890,000002C0,false,Rx,1,8,18,80,00,00,53,C0,FE,13,
4317473720,000002C0,false,Rx,1,8,18,80,00,00,53,C0,FE,23,
4317483890,000002C0,false,Rx,1,8,18,80,00,00,53,C0,FE,33,
4317493729,000002C0,false,Rx,1,8,18,80,00,00,53,C0,FE,43,
4317502362,00000764,false,Rx,0,5,16,00,02,21,01,00,00,00,
4317503893,000002C0,false,Rx,1,8,18,80,00,00,53,C0,FE,53,
4317513597,00000300,false,Rx,1,1,B7,00,00,00,00,00,00,00,
4317513836,000002C0,false,Rx,1,8,18,80,00,00,53,C0,FE,63,
4317523892,00000300,false,Rx,1,8,2E,00,0E,61,01,1A,00,17,
4317524141,000002C0,false,Rx,1,8,18,80,00,00,53,C0,FE,73,
4317533725,00000300,false,Rx,1,8,2F,1A,00,29,06,64,02,25,
4317533973,000002C0,false,Rx,1,8,18,80,00,00,53,C0,FE,83,
4317543811,00000300,false,Rx,1,3,10,00,00,00,00,00,00,00,
4317544052,000002C0,false,Rx,1,8,18,80,00,00,53,C0,FE,93,
4317548371,00000764,false,Rx,0,1,B1,00,00,00,00,00,00,00,
4317553724,000002C0,false,Rx,1,8,18,80,00,00,53,C0,FE,A3,
4317563896,000002C0,false,Rx,1,8,18,80,00,00,53,C0,FE,B3,
4317573724,000002C0,false,Rx,1,8,18,80,00,00,53,C0,FE,C3,
4317583895,000002C0,false,Rx,1,8,18,80,00,00,53,C0,FE,D3,
4317593729,000002C0,false,Rx,1,8,18,80,00,00,53,C0,FE,E3,
4317603901,000002C0,false,Rx,1,8,18,80,00,00,53,C0,FE,F3,
4317613732,000002C0,false,Rx,1,8,18,80,00,00,53,C0,FE,03,
4317623896,000002C0,false,Rx,1,8,18,80,00,00,53,C0,FE,13,
4317633727,000002C0,false,Rx,1,8,18,80,00,00,53,C0,FE,23,
4317643896,000002C0,false,Rx,1,8,18,80,00,00,53,C0,FE,33,
4317653728,000002C0,false,Rx,1,8,18,80,00,00,53,C0,FE,43,
4317663898,000002C0,false,Rx,1,8,18,80,00,00,53,C0,FE,53,
4317673728,000002C0,false,Rx,1,8,18,80,00,00,53,C0,FE,63,
4317683904,000002C0,false,Rx,1,8,18,80,00,00,53,C0,FE,73,
4317693735,000002C0,false,Rx,1,8,18,80,00,00,53,C0,FE,83,
4317703910,000002C0,false,Rx,1,8,18,80,00,00,53,C0,FE,93,
4317713731,000002C0,false,Rx,1,8,18,80,00,00,53,C0,FE,A3,
4317723906,000002C0,false,Rx,1,8,18,80,00,00,53,C0,FE,B3,
4317733731,000002C0,false,Rx,1,8,18,80,00,00,53,C0,FE,C3,
4317743900,000002C0,false,Rx,1,8,18,80,00,00,53,C0,FE,D3,
4317753732,000002C0,false,Rx,1,8,18,80,00,00,53,C0,FE,E3,
4317758708,00000764,false,Rx,0,1,A3,00,00,00,00,00,00,00,
4317763904,000002C0,false,Rx,1,8,18,80,00,00,53,C0,FE,F3,
4317773694,00000300,false,Rx,1,6,A1,0F,8A,FF,4A,FF,00,00,
4317773936,000002C0,false,Rx,1,8,18,80,00,00,53,C0,FE,03,
4317779182,00000764,false,Rx,0,5,17,00,02,21,01,00,00,00,
4317783908,000002C0,false,Rx,1,8,18,80,00,00,53,C0,FE,13,
4317793608,00000300,false,Rx,1,1,B8,00,00,00,00,00,00,00,
4317793845,000002C0,false,Rx,1,8,18,80,00,00,53,C0,FE,23,
4317803911,00000300,false,Rx,1,8,21,00,0E,61,01,1A,00,17,
4317804141,000002C0,false,Rx,1,8,18,80,00,00,53,C0,FE,33,
4317813738,00000300,false,Rx,1,8,22,1A,00,29,06,64,02,25,
4317813977,000002C0,false,Rx,1,8,18,80,00,00,53,C0,FE,43,
4317823822,00000300,false,Rx,1,3,13,00,00,00,00,00,00,00,
4317824060,000002C0,false,Rx,1,8,18,80,00,00,53,C0,FE,53,
4317829053,00000764,false,Rx,0,1,B4,00,00,00,00,00,00,00,
4317833735,000002C0,false,Rx,1,8,18,80,00,00,53,C0,FE,63,
4317843911,000002C0,false,Rx,1,8,18,80,00,00,53,C0,FE,73,
4317853739,000002C0,false,Rx,1,8,18,80,00,00,53,C0,FE,83,
4317863908,000002C0,false,Rx,1,8,18,80,00,00,53,C0,FE,93,
4317873736,000002C0,false,Rx,1,8,18,80,00,00,53,C0,FE,A3,
4317883907,000002C0,false,Rx,1,8,18,80,00,00,53,C0,FE,B3,
4317893737,000002C0,false,Rx,1,8,18,80,00,00,53,C0,FE,C3,
4317903905,000002C0,false,Rx,1,8,18,80,00,00,53,C0,FE,D3,
4317913745,000002C0,false,Rx,1,8,18,80,00,00,53,C0,FE,E3,
4317923909,000002C0,false,Rx,1,8,18,80,00,00,53,C0,FE,F3,
4317933743,000002C0,false,Rx,1,8,18,80,00,00,53,C0,FE,03,
4317943908,000002C0,false,Rx,1,8,18,80,00,00,53,C0,FE,13,
4317953738,000002C0,false,Rx,1,8,18,80,00,00,53,C0,FE,23,
4317963908,000002C0,false,Rx,1,8,18,80,00,00,53,C0,FE,33,
4317973742,000002C0,false,Rx,1,8,18,80,00,00,53,C0,FE,43,
4317983909,000002C0,false,Rx,1,8,18,80,00,00,53,C0,FE,53,
4317993743,000002C0,false,Rx,1,8,18,80,00,00,53,C0,FE,63,
4318003916,000002C0,false,Rx,1,8,18,80,00,00,53,C0,FE,73,
4318013751,000002C0,false,Rx,1,8,18,80,00,00,53,C0,FE,83,
4318023913,000002C0,false,Rx,1,8,18,80,00,00,53,C0,FE,93,
4318028994,00000764,false,Rx,0,5,18,00,02,21,01,00,00,00,
4318033741,000002C0,false,Rx,1,8,18,80,00,00,53,C0,FE,A3,
4318043786,00000300,false,Rx,1,1,B9,00,00,00,00,00,00,00,
4318044027,000002C0,false,Rx,1,8,18,80,00,00,53,C0,FE,B3,
4318053741,00000300,false,Rx,1,8,24,00,0E,61,01,1A,00,17,
4318053979,000002C0,false,Rx,1,8,18,80,00,00,53,C0,FE,C3,
4318063917,00000300,false,Rx,1,8,25,1A,00,29,06,64,02,25,
4318064155,000002C0,false,Rx,1,8,18,80,00,00,53,C0,FE,D3,
4318073663,00000300,false,Rx,1,3,16,00,00,00,00,00,00,00,
4318073904,000002C0,false,Rx,1,8,18,80,00,00,53,C0,FE,E3,
4318078794,00000764,false,Rx,0,1,B7,00,00,00,00,00,00,00,
4318083915,000002C0,false,Rx,1,8,18,80,00,00,53,C0,FE,F3,
4318093749,000002C0,false,Rx,1,8,18,80,00,00,53,C0,FE,03,
4318103915,000002C0,false,Rx,1,8,18,80,00,00,53,C0,FE,13,
4318113750,000002C0,false,Rx,1,8,18,80,00,00,53,C0,FE,23,
4318123915,000002C0,false,Rx,1,8,18,80,00,00,53,C0,FE,33,
4318133750,000002C0,false,Rx,1,8,18,80,00,00,53,C0,FE,43,
4318143915,000002C0,false,Rx,1,8,18,80,00,00,53,C0,FE,53,
4318153746,000002C0,false,Rx,1,8,18,80,00,00,53,C0,FE,63,
4318163923,000002C0,false,Rx,1,8,18,80,00,00,53,C0,FE,73,
4318173751,000002C0,false,Rx,1,8,18,80,00,00,53,C0,FE,83,
4318183918,000002C0,false,Rx,1,8,18,80,00,00,53,C0,FE,93,
4318193748,000002C0,false,Rx,1,8,18,80,00,00,53,C0,FE,A3,
4318203919,000002C0,false,Rx,1,8,18,80,00,00,53,C0,FE,B3,
4318213756,000002C0,false,Rx,1,8,18,80,00,00,53,C0,FE,C3,
4318223928,000002C0,false,Rx,1,8,18,80,00,00,53,C0,FE,D3,
4318233752,000002C0,false,Rx,1,8,18,80,00,00,53,C0,FE,E3,
4318243922,000002C0,false,Rx,1,8,18,80,00,00,53,C0,FE,F3,
4318253759,000002C0,false,Rx,1,8,18,80,00,00,53,C0,FE,03,
4318263919,000002C0,false,Rx,1,8,18,80,00,00,53,C0,FE,13,
4318273752,000002C0,false,Rx,1,8,18,80,00,00,53,C0,FE,23,
4318283921,000002C0,false,Rx,1,8,18,80,00,00,53,C0,FE,33,
4318288442,00000764,false,Rx,0,1,A3,00,00,00,00,00,00,00,
4318293754,000002C0,false,Rx,1,8,18,80,00,00,53,C0,FE,43,
4318303883,00000300,false,Rx,1,6,A1,0F,8A,FF,4A,FF,00,00,
4318304122,000002C0,false,Rx,1,8,18,80,00,00,53,C0,FE,53,
4318308628,00000764,false,Rx,0,5,19,00,02,21,01,00,00,00,
4318313760,000002C0,false,Rx,1,8,18,80,00,00,53,C0,FE,63,
4318323805,00000300,false,Rx,1,1,BA,00,00,00,00,00,00,00,
4318324042,000002C0,false,Rx,1,8,18,80,00,00,53,C0,FE,73,
4318333751,00000300,false,Rx,1,8,27,00,0E,61,01,1A,00,17,
4318333998,000002C0,false,Rx,1,8,18,80,00,00,53,C0,FE,83,
4318343929,00000300,false,Rx,1,8,28,1A,00,29,06,64,02,25,
4318344169,000002C0,false,Rx,1,8,18,80,00,00,53,C0,FE,93,
4318353671,00000300,false,Rx,1,3,19,00,00,00,00,00,00,00,
4318353910,000002C0,false,Rx,1,8,18,80,00,00,53,C0,FE,A3,
4318358496,00000764,false,Rx,0,1,BA,00,00,00,00,00,00,00,
4318363925,000002C0,false,Rx,1,8,18,80,00,00,53,C0,FE,B3,
4318373755,000002C0,false,Rx,1,8,18,80,00,00,53,C0,FE,C3,
4318383925,000002C0,false,Rx,1,8,18,80,00,00,53,C0,FE,D3,
4318393757,000002C0,false,Rx,1,8,18,80,00,00,53,C0,FE,E3,
4318403927,000002C0,false,Rx,1,8,18,80,00,00,53,C0,FE,F3,
4318413760,000002C0,false,Rx,1,8,18,80,00,00,53,C0,FE,03,
4318423932,000002C0,false,Rx,1,8,18,80,00,00,53,C0,FE,13,
4318433757,000002C0,false,Rx,1,8,18,80,00,00,53,C0,FE,23,
4318443928,000002C0,false,Rx,1,8,18,80,00,00,53,C0,FE,33,
4318453759,000002C0,false,Rx,1,8,18,80,00,00,53,C0,FE,43,
4318463927,000002C0,false,Rx,1,8,18,80,00,00,53,C0,FE,53,
4318473760,000002C0,false,Rx,1,8,18,80,00,00,53,C0,FE,63,
4318483935,000002C0,false,Rx,1,8,18,80,00,00,53,C0,FE,73,
4318493765,000002C0,false,Rx,1,8,18,80,00,00,53,C0,FE,83,
4318503931,000002C0,false,Rx,1,8,18,80,00,00,53,C0,FE,93,
4318513762,000002C0,false,Rx,1,8,18,80,00,00,53,C0,FE,A3,
4318523943,000002C0,false,Rx,1,8,18,80,00,00,53,C0,FE,B3,
4318533760,000002C0,false,Rx,1,8,18,80,00,00,53,C0,FE,C3,
4318543932,000002C0,false,Rx,1,8,18,80,00,00,53,C0,FE,D3,
4318545540,00000320,true,Rx,1,8,24,00,1D,B9,07,42,09,81,
4318545831,00000520,true,Rx,1,8,60,43,01,10,66,F1,03,02,
4318553763,000002C0,false,Rx,1,8,18,80,00,00,53,C0,FE,E3,
4318563070,00000764,false,Rx,0,5,1A,00,02,21,01,00,00,00,
4318563933,000002C0,false,Rx,1,8,18,80,00,00,53,C0,FE,F3,
4318573640,00000300,false,Rx,1,1,BB,00,00,00,00,00,00,00,
4318573881,000002C0,false,Rx,1,8,18,80,00,00,53,C0,FE,03,
4318583932,00000300,false,Rx,1,8,2A,00,0E,61,01,1A,00,17,
4318584171,000002C0,false,Rx,1,8,18,80,00,00,53,C0,FE,13,
4318593766,00000300,false,Rx,1,8,2B,1A,00,29,06,64,02,25,
4318594004,000002C0,false,Rx,1,8,18,80,00,00,53,C0,FE,23,
4318603851,00000300,false,Rx,1,3,1C,00,00,00,00,00,00,00,
4318604090,000002C0,false,Rx,1,8,18,80,00,00,53,C0,FE,33,
4318609198,00000764,false,Rx,0,1,BD,00,00,00,00,00,00,00,
4318613768,000002C0,false,Rx,1,8,18,80,00,00,53,C0,FE,43,
4318623942,000002C0,false,Rx,1,8,18,80,00,00,53,C0,FE,53,
4318633768,000002C0,false,Rx,1,8,18,80,00,00,53,C0,FE,63,
4318643941,000002C0,false,Rx,1,8,18,80,00,00,53,C0,FE,73,
4318653769,000002C0,false,Rx,1,8,18,80,00,00,53,C0,FE,83,
4318663937,000002C0,false,Rx,1,8,18,80,00,00,53,C0,FE,93,
4318673766,000002C0,false,Rx,1,8,18,80,00,00,53,C0,FE,A3,
4318683938,000002C0,false,Rx,1,8,18,80,00,00,53,C0,FE,B3,
4318693766,000002C0,false,Rx,1,8,18,80,00,00,53,C0,FE,C3,
4318703936,000002C0,false,Rx,1,8,18,80,00,00,53,C0,FE,D3,
4318713772,000002C0,false,Rx,1,8,18,80,00,00,53,C0,FE,E3,
4318723945,000002C0,false,Rx,1,8,18,80,00,00,53,C0,FE,F3,
4318733778,000002C0,false,Rx,1,8,18,80,00,00,53,C0,FE,03,
4318743939,000002C0,false,Rx,1,8,18,80,00,00,53,C0,FE,13,
4318753768,000002C0,false,Rx,1,8,18,80,00,00,53,C0,FE,23,
4318763938,000002C0,false,Rx,1,8,18,80,00,00,53,C0,FE,33,
4318773773,000002C0,false,Rx,1,8,18,80,00,00,53,C0,FE,43,
4318783940,000002C0,false,Rx,1,8,18,80,00,00,53,C0,FE,53,
4318793770,000002C0,false,Rx,1,8,18,80,00,00,53,C0,FE,63,
4318803946,000002C0,false,Rx,1,8,18,80,00,00,53,C0,FE,73,
4318813778,000002C0,false,Rx,1,8,18,80,00,00,53,C0,FE,83,
4318819208,00000764,false,Rx,0,1,A3,00,00,00,00,00,00,00,
4318823944,000002C0,false,Rx,1,8,18,80,00,00,53,C0,FE,93,
4318833740,00000300,false,Rx,1,6,A1,0F,8A,FF,4A,FF,00,00,
4318833974,000002C0,false,Rx,1,8,18,80,00,00,53,C0,FE,A3,
4318839107,00000764,false,Rx,0,5,1B,00,02,21,01,00,00,00,
4318843951,000002C0,false,Rx,1,8,18,80,00,00,53,C0,FE,B3,
4318853649,00000300,false,Rx,1,1,BC,00,00,00,00,00,00,00,
4318853887,000002C0,false,Rx,1,8,18,80,00,00,53,C0,FE,C3,
4318863941,00000300,false,Rx,1,8,2D,00,0E,61,01,1A,00,17,
4318864180,000002C0,false,Rx,1,8,18,80,00,00,53,C0,FE,D3,
4318873778,00000300,false,Rx,1,8,2E,1A,00,29,06,64,02,25,
4318874018,000002C0,false,Rx,1,8,18,80,00,00,53,C0,FE,E3,
4318883877,00000300,false,Rx,1,3,1F,00,00,00,00,00,00,00,
4318884104,000002C0,false,Rx,1,8,18,80,00,00,53,C0,FE,F3,
4318888977,00000764,false,Rx,0,1,B0,00,00,00,00,00,00,00,
4318893778,000002C0,false,Rx,1,8,18,80,00,00,53,C0,FE,03,
4318903943,000002C0,false,Rx,1,8,18,80,00,00,53,C0,FE,13,
4318913779,000002C0,false,Rx,1,8,18,80,00,00,53,C0,FE,23,
4318923945,000002C0,false,Rx,1,8,18,80,00,00,53,C0,FE,33,
4318933784,000002C0,false,Rx,1,8,18,80,00,00,53,C0,FE,43,
4318943946,000002C0,false,Rx,1,8,18,80,00,00,53,C0,FE,53,
4318953777,000002C0,false,Rx,1,8,18,80,00,00,53,C0,FE,63,
4318963954,000002C0,false,Rx,1,8,18,80,00,00,53,C0,FE,73,
4318973782,000002C0,false,Rx,1,8,18,80,00,00,53,C0,FE,83,
4318983949,000002C0,false,Rx,1,8,18,80,00,00,53,C0,FE,93,
4318993783,000002C0,false,Rx,1,8,18,80,00,00,53,C0,FE,A3,
4319003950,000002C0,false,Rx,1,8,18,80,00,00,53,C0,FE,B3,
4319013782,000002C0,false,Rx,1,8,18,80,00,00,53,C0,FE,C3,
4319023949,000002C0,false,Rx,1,8,18,80,00,00,53,C0,FE,D3,
4319033797,000002C0,false,Rx,1,8,18,80,00,00,53,C0,FE,E3,
4319043953,000002C0,false,Rx,1,8,18,80,00,00,53,C0,FE,F3,
4319053785,000002C0,false,Rx,1,8,18,80,00,00,53,C0,FE,03,
4319063950,000002C0,false,Rx,1,8,18,80,00,00,53,C0,FE,13,
4319073782,000002C0,false,Rx,1,8,18,80,00,00,53,C0,FE,23,
4319083951,000002C0,false,Rx,1,8,18,80,00,00,53,C0,FE,33,
4319093786,000002C0,false,Rx,1,8,18,80,00,00,53,C0,FE,43,
4319102233,00000764,false,Rx,0,5,1C,00,02,21,01,00,00,00,
4319103951,000002C0,false,Rx,1,8,18,80,00,00,53,C0,FE,53,
4319113660,00000300,false,Rx,1,1,BD,00,00,00,00,00,00,00,
4319113898,000002C0,false,Rx,1,8,18,80,00,00,53,C0,FE,63,
4319123954,00000300,false,Rx,1,8,20,00,0E,61,01,1A,00,17,
4319124202,000002C0,false,Rx,1,8,18,80,00,00,53,C0,FE,73,
4319133786,00000300,false,Rx,1,8,21,1A,00,29,06,64,02,25,
4319134033,000002C0,false,Rx,1,8,18,80,00,00,53,C0,FE,83,
4319143876,00000300,false,Rx,1,3,12,00,00,00,00,00,00,00,
4319144113,000002C0,false,Rx,1,8,18,80,00,00,53,C0,FE,93,
4319148739,00000764,false,Rx,0,1,B3,00,00,00,00,00,00,00,
4319153784,000002C0,false,Rx,1,8,18,80,00,00,53,C0,FE,A3,
4319163957,000002C0,false,Rx,1,8,18,80,00,00,53,C0,FE,B3,
4319173786,000002C0,false,Rx,1,8,18,80,00,00,53,C0,FE,C3,
4319183955,000002C0,false,Rx,1,8,18,80,00,00,53,C0,FE,D3,
4319193790,000002C0,false,Rx,1,8,18,80,00,00,53,C0,FE,E3,
4319203959,000002C0,false,Rx,1,8,18,80,00,00,53,C0,FE,F3,
4319213793,000002C0,false,Rx,1,8,18,80,00,00,53,C0,FE,03,
4319223964,000002C0,false,Rx,1,8,18,80,00,00,53,C0,FE,13,
4319233789,000002C0,false,Rx,1,8,18,80,00,00,53,C0,FE,23,
4319243960,000002C0,false,Rx,1,8,18,80,00,00,53,C0,FE,33,
4319253790,000002C0,false,Rx,1,8,18,80,00,00,53,C0,FE,43,
4319263959,000002C0,false,Rx,1,8,18,80,00,00,53,C0,FE,53,
4319273790,000002C0,false,Rx,1,8,18,80,00,00,53,C0,FE,63,
4319283965,000002C0,false,Rx,1,8,18,80,00,00,53,C0,FE,73,
4319293795,000002C0,false,Rx,1,8,18,80,00,00,53,C0,FE,83,
4319303961,000002C0,false,Rx,1,8,18,80,00,00,53,C0,FE,93,
4319313793,000002C0,false,Rx,1,8,18,80,00,00,53,C0,FE,A3,
4319323962,000002C0,false,Rx,1,8,18,80,00,00,53,C0,FE,B3,
4319333792,000002C0,false,Rx,1,8,18,80,00,00,53,C0,FE,C3,
4319342691,00000764,false,Rx,0,1,A3,00,00,00,00,00,00,00,
4319343964,000002C0,false,Rx,1,8,18,80,00,00,53,C0,FE,D3,
4319353754,00000300,false,Rx,1,6,A1,0F,8A,FF,4A,FF,00,00,
4319353995,000002C0,false,Rx,1,8,18,80,00,00,53,C0,FE,E3,
4319358595,00000764,false,Rx,0,5,1D,00,02,21,01,00,00,00,
4319363970,000002C0,false,Rx,1,8,18,80,00,00,53,C0,FE,F3,
4319373670,00000300,false,Rx,1,1,BE,00,00,00,00,00,00,00,
4319373913,000002C0,false,Rx,1,8,18,80,00,00,53,C0,FE,03,
4319383968,00000300,false,Rx,1,8,23,00,0E,61,01,1A,00,17,
4319384202,000002C0,false,Rx,1,8,18,80,00,00,53,C0,FE,13,
4319393799,00000300,false,Rx,1,8,24,1A,00,29,06,64,02,25,
4319394035,000002C0,false,Rx,1,8,18,80,00,00,53,C0,FE,23,
4319403881,00000300,false,Rx,1,3,15,00,00,00,00,00,00,00,
4319404119,000002C0,false,Rx,1,8,18,80,00,00,53,C0,FE,33,
4319408426,00000764,false,Rx,0,1,B6,00,00,00,00,00,00,00,
4319413797,000002C0,false,Rx,1,8,18,80,00,00,53,C0,FE,43,
4319423965,000002C0,false,Rx,1,8,18,80,00,00,53,C0,FE,53,
4319433795,000002C0,false,Rx,1,8,18,80,00,00,53,C0,FE,63,
4319443995,000002C0,false,Rx,1,8,18,80,00,00,53,C0,FE,73,
4319453800,000002C0,false,Rx,1,8,18,80,00,00,53,C0,FE,83,
4319463968,000002C0,false,Rx,1,8,18,80,00,00,53,C0,FE,93,
4319473798,000002C0,false,Rx,1,8,18,80,00,00,53,C0,FE,A3,
4319483969,000002C0,false,Rx,1,8,18,80,00,00,53,C0,FE,B3,
4319493801,000002C0,false,Rx,1,8,18,80,00,00,53,C0,FE,C3,
4319503967,000002C0,false,Rx,1,8,18,80,00,00,53,C0,FE,D3,
4319513801,000002C0,false,Rx,1,8,18,80,00,00,53,C0,FE,E3,
4319523971,000002C0,false,Rx,1,8,18,80,00,00,53,C0,FE,F3,
4319533802,000002C0,false,Rx,1,8,18,80,00,00,53,C0,FE,03,
4319543970,000002C0,false,Rx,1,8,18,80,00,00,53,C0,FE,13,
4319553806,000002C0,false,Rx,1,8,18,80,00,00,53,C0,FE,23,
4319563970,000002C0,false,Rx,1,8,18,80,00,00,53,C0,FE,33,
4319573802,000002C0,false,Rx,1,8,18,80,00,00,53,C0,FE,43,
4319583971,000002C0,false,Rx,1,8,18,80,00,00,53,C0,FE,53,
4319593803,000002C0,false,Rx,1,8,18,80,00,00,53,C0,FE,63,
4319603977,000002C0,false,Rx,1,8,18,80,00,00,53,C0,FE,73,
4319609338,00000764,false,Rx,0,5,1E,00,02,21,01,00,00,00,
4319613807,000002C0,false,Rx,1,8,18,80,00,00,53,C0,FE,83,
4319623849,00000300,false,Rx,1,1,BF,00,00,00,00,00,00,00,
4319624089,000002C0,false,Rx,1,8,18,80,00,00,53,C0,FE,93,
4319633801,00000300,false,Rx,1,8,26,00,0E,61,01,1A,00,17,
4319634039,000002C0,false,Rx,1,8,18,80,00,00,53,C0,FE,A3,
4319643975,00000300,false,Rx,1,8,27,1A,00,29,06,64,02,25,
4319644250,000002C0,false,Rx,1,8,18,80,00,00,53,C0,FE,B3,
4319653726,00000300,false,Rx,1,3,18,00,00,00,00,00,00,00,
4319653961,000002C0,false,Rx,1,8,18,80,00,00,53,C0,FE,C3,
4319659137,00000764,false,Rx,0,1,B9,00,00,00,00,00,00,00,
4319663973,000002C0,false,Rx,1,8,18,80,00,00,53,C0,FE,D3,
4319673807,000002C0,false,Rx,1,8,18,80,00,00,53,C0,FE,E3,
4319683977,000002C0,false,Rx,1,8,18,80,00,00,53,C0,FE,F3,
4319693810,000002C0,false,Rx,1,8,18,80,00,00,53,C0,FE,03,
4319703975,000002C0,false,Rx,1,8,18,80,00,00,53,C0,FE,13,
4319713808,000002C0,false,Rx,1,8,18,80,00,00,53,C0,FE,23,
4319723981,000002C0,false,Rx,1,8,18,80,00,00,53,C0,FE,33,
4319733809,000002C0,false,Rx,1,8,18,80,00,00,53,C0,FE,43,
4319743977,000002C0,false,Rx,1,8,18,80,00,00,53,C0,FE,53,
4319753811,000002C0,false,Rx,1,8,18,80,00,00,53,C0,FE,63,
4319763983,000002C0,false,Rx,1,8,18,80,00,00,53,C0,FE,73,
4319773812,000002C0,false,Rx,1,8,18,80,00,00,53,C0,FE,83,
4319783980,000002C0,false,Rx,1,8,18,80,00,00,53,C0,FE,93,
4319793810,000002C0,false,Rx,1,8,18,80,00,00,53,C0,FE,A3,
4319803981,000002C0,false,Rx,1,8,18,80,00,00,53,C0,FE,B3,
4319813810,000002C0,false,Rx,1,8,18,80,00,00,53,C0,FE,C3,
4319823980,000002C0,false,Rx,1,8,18,80,00,00,53,C0,FE,D3,
4319833812,000002C0,false,Rx,1,8,18,80,00,00,53,C0,FE,E3,
4319843984,000002C0,false,Rx,1,8,18,80,00,00,53,C0,FE,F3,
4319853826,000002C0,false,Rx,1,8,18,80,00,00,53,C0,FE,03,
4319863981,000002C0,false,Rx,1,8,18,80,00,00,53,C0,FE,13,
4319873815,000002C0,false,Rx,1,8,18,80,00,00,53,C0,FE,23,
4319875970,00000764,false,Rx,0,1,A3,00,00,00,00,00,00,00,
4319883983,000002C0,false,Rx,1,8,18,80,00,00,53,C0,FE,33,
4319893776,00000300,false,Rx,1,6,A1,0F,8A,FF,4A,FF,00,00,
4319894015,000002C0,false,Rx,1,8,18,80,00,00,53,C0,FE,43,
4319899034,00000764,false,Rx,0,5,1F,00,02,21,01,00,00,00,
4319903990,000002C0,false,Rx,1,8,18,80,00,00,53,C0,FE,53,
4319913693,00000300,false,Rx,1,1,B0,00,00,00,00,00,00,00,
4319913931,000002C0,false,Rx,1,8,18,80,00,00,53,C0,FE,63,
4319923982,00000300,false,Rx,1,8,29,00,0E,61,01,1A,00,17,
4319924262,000002C0,false,Rx,1,8,18,80,00,00,53,C0,FE,73,
4319933819,00000300,false,Rx,1,8,2A,1A,00,29,06,64,02,25,
4319934057,000002C0,false,Rx,1,8,18,80,00,00,53,C0,FE,83,
4319943905,00000300,false,Rx,1,3,1B,00,00,00,00,00,00,00,
4319944145,000002C0,false,Rx,1,8,18,80,00,00,53,C0,FE,93,
4319948897,00000764,false,Rx,0,1,BC,00,00,00,00,00,00,00,
4319953816,000002C0,false,Rx,1,8,18,80,00,00,53,C0,FE,A3,
4319963994,000002C0,false,Rx,1,8,18,80,00,00,53,C0,FE,B3,
4319973818,000002C0,false,Rx,1,8,18,80,00,00,53,C0,FE,C3,
4319983987,000002C0,false,Rx,1,8,18,80,00,00,53,C0,FE,D3,
4319993824,000002C0,false,Rx,1,8,18,80,00,00,53,C0,FE,E3,
4320003989,000002C0,false,Rx,1,8,18,80,00,00,53,C0,FE,F3,
4320013823,000002C0,false,Rx,1,8,18,80,00,00,53,C0,FE,03,
4320023987,000002C0,false,Rx,1,8,18,80,00,00,53,C0,FE,13,
4320033818,000002C0,false,Rx,1,8,18,80,00,00,53,C0,FE,23,
4320043987,000002C0,false,Rx,1,8,18,80,00,00,53,C0,FE,33,
4320053822,000002C0,false,Rx,1,8,18,80,00,00,53,C0,FE,43,
4320063996,000002C0,false,Rx,1,8,18,80,00,00,53,C0,FE,53,
4320073819,000002C0,false,Rx,1,8,18,80,00,00,53,C0,FE,63,
4320083995,000002C0,false,Rx,1,8,18,80,00,00,53,C0,FE,73,
4320093826,000002C0,false,Rx,1,8,18,80,00,00,53,C0,FE,83,
4320103993,000002C0,false,Rx,1,8,18,80,00,00,53,C0,FE,93,
4320113822,000002C0,false,Rx,1,8,18,80,00,00,53,C0,FE,A3,
4320123994,000002C0,false,Rx,1,8,18,80,00,00,53,C0,FE,B3,
4320133094,00000764,false,Rx,0,5,10,00,02,21,01,00,00,00,
4320133822,000002C0,false,Rx,1,8,18,80,00,00,53,C0,FE,C3,
4320143867,00000300,false,Rx,1,1,B1,00,00,00,00,00,00,00,
4320144106,000002C0,false,Rx,1,8,18,80,00,00,53,C0,FE,D3,
4320153822,00000300,false,Rx,1,8,2C,00,0E,61,01,1A,00,17,
4320154062,000002C0,false,Rx,1,8,18,80,00,00,53,C0,FE,E3,
4320164001,00000300,false,Rx,1,8,2D,1A,00,29,06,64,02,25,
4320164270,000002C0,false,Rx,1,8,18,80,00,00,53,C0,FE,F3,
4320173743,00000300,false,Rx,1,3,1E,00,00,00,00,00,00,00,
4320173986,000002C0,false,Rx,1,8,18,80,00,00,53,C0,FE,03,
4320178713,00000764,false,Rx,0,1,BF,00,00,00,00,00,00,00,
4320183994,000002C0,false,Rx,1,8,18,80,00,00,53,C0,FE,13,
4320193826,000002C0,false,Rx,1,8,18,80,00,00,53,C0,FE,23,
4320203994,000002C0,false,Rx,1,8,18,80,00,00,53,C0,FE,33,
4320213828,000002C0,false,Rx,1,8,18,80,00,00,53,C0,FE,43,
4320224003,000002C0,false,Rx,1,8,18,80,00,00,53,C0,FE,53,
4320233827,000002C0,false,Rx,1,8,18,80,00,00,53,C0,FE,63,
4320244001,000002C0,false,Rx,1,8,18,80,00,00,53,C0,FE,73,
4320253858,000002C0,false,Rx,1,8,18,80,00,00,53,C0,FE,83,
4320264022,000002C0,false,Rx,1,8,18,80,00,00,53,C0,FE,93,
4320273827,000002C0,false,Rx,1,8,18,80,00,00,53,C0,FE,A3,
4320284000,000002C0,false,Rx,1,8,18,80,00,00,53,C0,FE,B3,
4320293829,000002C0,false,Rx,1,8,18,80,00,00,53,C0,FE,C3,
4320303999,000002C0,false,Rx,1,8,18,80,00,00,53,C0,FE,D3,
4320313833,000002C0,false,Rx,1,8,18,80,00,00,53,C0,FE,E3,
4320324000,000002C0,false,Rx,1,8,18,80,00,00,53,C0,FE,F3,
4320333834,000002C0,false,Rx,1,8,18,80,00,00,53,C0,FE,03,
4320343999,000002C0,false,Rx,1,8,18,80,00,00,53,C0,FE,13,
4320353831,000002C0,false,Rx,1,8,18,80,00,00,53,C0,FE,23,
4320364009,000002C0,false,Rx,1,8,18,80,00,00,53,C0,FE,33,
4320373836,000002C0,false,Rx,1,8,18,80,00,00,53,C0,FE,43,
4320374996,00000764,false,Rx,0,1,A3,00,00,00,00,00,00,00,
4320384001,000002C0,false,Rx,1,8,18,80,00,00,53,C0,FE,53,
4320393795,00000300,false,Rx,1,6,A1,0F,8A,FF,4A,FF,00,00,
4320394033,000002C0,false,Rx,1,8,18,80,00,00,53,C0,FE,63,
4320398599,00000764,false,Rx,0,5,11,00,02,21,01,00,00,00,
4320404014,000002C0,false,Rx,1,8,18,80,00,00,53,C0,FE,73,
4320413711,00000300,false,Rx,1,1,B2,00,00,00,00,00,00,00,
4320413954,000002C0,false,Rx,1,8,18,80,00,00,53,C0,FE,83,
4320424001,00000300,false,Rx,1,8,2F,00,0E,61,01,1A,00,17,
4320424272,000002C0,false,Rx,1,8,18,80,00,00,53,C0,FE,93,
4320433837,00000300,false,Rx,1,8,20,1A,00,29,06,64,02,25,
4320434076,000002C0,false,Rx,1,8,18,80,00,00,53,C0,FE,A3,
4320443922,00000300,false,Rx,1,3,11,00,00,00,00,00,00,00,
4320444163,000002C0,false,Rx,1,8,18,80,00,00,53,C0,FE,B3,
4320449419,00000764,false,Rx,0,1,B2,00,00,00,00,00,00,00,
4320453834,000002C0,false,Rx,1,8,18,80,00,00,53,C0,FE,C3,
4320464005,000002C0,false,Rx,1,8,18,80,00,00,53,C0,FE,D3,
4320473841,000002C0,false,Rx,1,8,18,80,00,00,53,C0,FE,E3,
4320484007,000002C0,false,Rx,1,8,18,80,00,00,53,C0,FE,F3,
4320493842,000002C0,false,Rx,1,8,18,80,00,00,53,C0,FE,03,
4320504007,000002C0,false,Rx,1,8,18,80,00,00,53,C0,FE,13,
4320513838,000002C0,false,Rx,1,8,18,80,00,00,53,C0,FE,23,
4320524006,000002C0,false,Rx,1,8,18,80,00,00,53,C0,FE,33,
4320533840,000002C0,false,Rx,1,8,18,80,00,00,53,C0,FE,43,
4320544007,000002C0,false,Rx,1,8,18,80,00,00,53,C0,FE,53,
4320553837,000002C0,false,Rx,1,8,18,80,00,00,53,C0,FE,63,
4320564015,000002C0,false,Rx,1,8,18,80,00,00,53,C0,FE,73,
4320573851,000002C0,false,Rx,1,8,18,80,00,00,53,C0,FE,83,
4320584010,000002C0,false,Rx,1,8,18,80,00,00,53,C0,FE,93,
4320593840,000002C0,false,Rx,1,8,18,80,00,00,53,C0,FE,A3,
4320604013,000002C0,false,Rx,1,8,18,80,00,00,53,C0,FE,B3,
4320613842,000002C0,false,Rx,1,8,18,80,00,00,53,C0,FE,C3,
4320624010,000002C0,false,Rx,1,8,18,80,00,00,53,C0,FE,D3,
4320633843,000002C0,false,Rx,1,8,18,80,00,00,53,C0,FE,E3,
4320636606,00000764,false,Rx,0,5,12,00,02,21,01,00,00,00,
4320644013,000002C0,false,Rx,1,8,18,80,00,00,53,C0,FE,F3,
4320653718,00000300,false,Rx,1,1,B3,00,00,00,00,00,00,00,
4320653960,000002C0,false,Rx,1,8,18,80,00,00,53,C0,FE,03,
4320664011,00000300,false,Rx,1,8,22,00,0E,61,01,1A,00,17,
4320664272,000002C0,false,Rx,1,8,18,80,00,00,53,C0,FE,13,
4320673857,00000300,false,Rx,1,8,23,1A,00,29,06,64,02,25,
4320674087,000002C0,false,Rx,1,8,18,80,00,00,53,C0,FE,23,
4320683933,00000300,false,Rx,1,3,14,00,00,00,00,00,00,00,
4320684172,000002C0,false,Rx,1,8,18,80,00,00,53,C0,FE,33,
4320689129,00000764,false,Rx,0,1,B5,00,00,00,00,00,00,00,
4320693846,000002C0,false,Rx,1,8,18,80,00,00,53,C0,FE,43,
4320704014,000002C0,false,Rx,1,8,18,80,00,00,53,C0,FE,53,
4320713845,000002C0,false,Rx,1,8,18,80,00,00,53,C0,FE,63,
4320724024,000002C0,false,Rx,1,8,18,80,00,00,53,C0,FE,73,
4320733849,000002C0,false,Rx,1,8,18,80,00,00,53,C0,FE,83,
4320744017,000002C0,false,Rx,1,8,18,80,00,00,53,C0,FE,93,
4320753846,000002C0,false,Rx,1,8,18,80,00,00,53,C0,FE,A3,
4320764018,000002C0,false,Rx,1,8,18,80,00,00,53,C0,FE,B3,
4320773856,000002C0,false,Rx,1,8,18,80,00,00,53,C0,FE,C3,
4320784019,000002C0,false,Rx,1,8,18,80,00,00,53,C0,FE,D3,
4320793850,000002C0,false,Rx,1,8,18,80,00,00,53,C0,FE,E3,
4320804020,000002C0,false,Rx,1,8,18,80,00,00,53,C0,FE,F3,
4320813854,000002C0,false,Rx,1,8,18,80,00,00,53,C0,FE,03,
4320824018,000002C0,false,Rx,1,8,18,80,00,00,53,C0,FE,13,
4320833849,000002C0,false,Rx,1,8,18,80,00,00,53,C0,FE,23,
4320844019,000002C0,false,Rx,1,8,18,80,00,00,53,C0,FE,33,
4320853853,000002C0,false,Rx,1,8,18,80,00,00,53,C0,FE,43,
4320864020,000002C0,false,Rx,1,8,18,80,00,00,53,C0,FE,53,
4320873850,000002C0,false,Rx,1,8,18,80,00,00,53,C0,FE,63,
4320884030,000002C0,false,Rx,1,8,18,80,00,00,53,C0,FE,73,
4320891701,00000764,false,Rx,0,1,A3,00,00,00,00,00,00,00,
4320893857,000002C0,false,Rx,1,8,18,80,00,00,53,C0,FE,83,
4320903984,00000300,false,Rx,1,6,A1,0F,8A,FF,4A,FF,00,00,
4320904263,000002C0,false,Rx,1,8,18,80,00,00,53,C0,FE,93,
4320908986,00000764,false,Rx,0,5,13,00,02,21,01,00,00,00,
4320913860,000002C0,false,Rx,1,8,18,80,00,00,53,C0,FE,A3,
4320923898,00000300,false,Rx,1,1,B4,00,00,00,00,00,00,00,
4320924138,000002C0,false,Rx,1,8,18,80,00,00,53,C0,FE,B3,
4320933854,00000300,false,Rx,1,8,25,00,0E,61,01,1A,00,17,
4320934159,000002C0,false,Rx,1,8,18,80,00,00,53,C0,FE,C3,
4320944026,00000300,false,Rx,1,8,26,1A,00,29,06,64,02,25,
4320944284,000002C0,false,Rx,1,8,18,80,00,00,53,C0,FE,D3,
4320953774,00000300,false,Rx,1,3,17,00,00,00,00,00,00,00,
4320954014,000002C0,false,Rx,1,8,18,80,00,00,53,C0,FE,E3,
4320958817,00000764,false,Rx,0,1,B8,00,00,00,00,00,00,00,
4320964026,000002C0,false,Rx,1,8,18,80,00,00,53,C0,FE,F3,
4320973858,000002C0,false,Rx,1,8,18,80,00,00,53,C0,FE,03,
4320984031,000002C0,false,Rx,1,8,18,80,00,00,53,C0,FE,13,
4320993859,000002C0,false,Rx,1,8,18,80,00,00,53,C0,FE,23,
4321004026,000002C0,false,Rx,1,8,18,80,00,00,53,C0,FE,33,
4321013859,000002C0,false,Rx,1,8,18,80,00,00,53,C0,FE,43,
4321024025,000002C0,false,Rx,1,8,18,80,00,00,53,C0,FE,53,
4321033857,000002C0,false,Rx,1,8,18,80,00,00,53,C0,FE,63,
4321044032,000002C0,false,Rx,1,8,18,80,00,00,53,C0,FE,73,
4321053861,000002C0,false,Rx,1,8,18,80,00,00,53,C0,FE,83,
4321064030,000002C0,false,Rx,1,8,18,80,00,00,53,C0,FE,93,
4321073858,000002C0,false,Rx,1,8,18,80,00,00,53,C0,FE,A3,
4321084052,000002C0,false,Rx,1,8,18,80,00,00,53,C0,FE,B3,
4321093860,000002C0,false,Rx,1,8,18,80,00,00,53,C0,FE,C3,
4321104029,000002C0,false,Rx,1,8,18,80,00,00,53,C0,FE,D3,
4321113863,000002C0,false,Rx,1,8,18,80,00,00,53,C0,FE,E3,
4321124031,000002C0,false,Rx,1,8,18,80,00,00,53,C0,FE,F3,
4321133865,000002C0,false,Rx,1,8,18,80,00,00,53,C0,FE,03,
4321144030,000002C0,false,Rx,1,8,18,80,00,00,53,C0,FE,13,
4321153860,000002C0,false,Rx,1,8,18,80,00,00,53,C0,FE,23,
4321158202,00000764,false,Rx,0,5,14,00,02,21,01,00,00,00,
4321164032,000002C0,false,Rx,1,8,18,80,00,00,53,C0,FE,33,
4321173736,00000300,false,Rx,1,1,B5,00,00,00,00,00,00,00,
4321173976,000002C0,false,Rx,1,8,18,80,00,00,53,C0,FE,43,
4321184043,00000300,false,Rx,1,8,28,00,0E,61,01,1A,00,17,
4321184278,000002C0,false,Rx,1,8,18,80,00,00,53,C0,FE,53,
4321193865,00000300,false,Rx,1,8,29,1A,00,29,06,64,02,25,
4321194103,000002C0,false,Rx,1,8,18,80,00,00,53,C0,FE,63,
4321203953,00000300,false,Rx,1,3,1A,00,00,00,00,00,00,00,
4321204197,000002C0,false,Rx,1,8,18,80,00,00,53,C0,FE,73,
4321208545,00000764,false,Rx,0,1,BB,00,00,00,00,00,00,00,
4321213869,000002C0,false,Rx,1,8,18,80,00,00,53,C0,FE,83,
4321224042,000002C0,false,Rx,1,8,18,80,00,00,53,C0,FE,93,
4321233865,000002C0,false,Rx,1,8,18,80,00,00,53,C0,FE,A3,
4321244036,000002C0,false,Rx,1,8,18,80,00,00,53,C0,FE,B3,
4321253866,000002C0,false,Rx,1,8,18,80,00,00,53,C0,FE,C3,
4321264035,000002C0,false,Rx,1,8,18,80,00,00,53,C0,FE,D3,
4321273868,000002C0,false,Rx,1,8,18,80,00,00,53,C0,FE,E3,
4321284037,000002C0,false,Rx,1,8,18,80,00,00,53,C0,FE,F3,
4321293876,000002C0,false,Rx,1,8,18,80,00,00,53,C0,FE,03,
4321304037,000002C0,false,Rx,1,8,18,80,00,00,53,C0,FE,13,
4321313869,000002C0,false,Rx,1,8,18,80,00,00,53,C0,FE,23,
4321324037,000002C0,false,Rx,1,8,18,80,00,00,53,C0,FE,33,
4321333871,000002C0,false,Rx,1,8,18,80,00,00,53,C0,FE,43,
4321344038,000002C0,false,Rx,1,8,18,80,00,00,53,C0,FE,53,
4321353868,000002C0,false,Rx,1,8,18,80,00,00,53,C0,FE,63,
4321364046,000002C0,false,Rx,1,8,18,80,00,00,53,C0,FE,73,
4321373875,000002C0,false,Rx,1,8,18,80,00,00,53,C0,FE,83,
4321384041,000002C0,false,Rx,1,8,18,80,00,00,53,C0,FE,93,
4321393874,000002C0,false,Rx,1,8,18,80,00,00,53,C0,FE,A3,
4321404043,000002C0,false,Rx,1,8,18,80,00,00,53,C0,FE,B3,
4321413873,000002C0,false,Rx,1,8,18,80,00,00,53,C0,FE,C3,
4321415933,00000764,false,Rx,0,1,A3,00,00,00,00,00,00,00,
4321424041,000002C0,false,Rx,1,8,18,80,00,00,53,C0,FE,D3,
4321433835,00000300,false,Rx,1,6,A1,0F,8A,FF,4A,FF,00,00,
4321434075,000002C0,false,Rx,1,8,18,80,00,00,53,C0,FE,E3,
4321439356,00000764,false,Rx,0,5,15,00,02,21,01,00,00,00,
4321444051,000002C0,false,Rx,1,8,18,80,00,00,53,C0,FE,F3,
4321453747,00000300,false,Rx,1,1,B6,00,00,00,00,00,00,00,
4321453989,000002C0,false,Rx,1,8,18,80,00,00,53,C0,FE,03,
4321464043,00000300,false,Rx,1,8,2B,00,0E,61,01,1A,00,17,
4321464291,000002C0,false,Rx,1,8,18,80,00,00,53,C0,FE,13,
4321473877,00000300,false,Rx,1,8,2C,1A,00,29,06,64,02,25,
4321474115,000002C0,false,Rx,1,8,18,80,00,00,53,C0,FE,23,
4321483961,00000300,false,Rx,1,3,1D,00,00,00,00,00,00,00,
4321484199,000002C0,false,Rx,1,8,18,80,00,00,53,C0,FE,33,
4321489241,00000764,false,Rx,0,1,BE,00,00,00,00,00,00,00,
4321493881,000002C0,false,Rx,1,8,18,80,00,00,53,C0,FE,43,
4321504044,000002C0,false,Rx,1,8,18,80,00,00,53,C0,FE,53,
4321513875,000002C0,false,Rx,1,8,18,80,00,00,53,C0,FE,63,
4321524051,000002C0,false,Rx,1,8,18,80,00,00,53,C0,FE,73,
4321533880,000002C0,false,Rx,1,8,18,80,00,00,53,C0,FE,83,
4321544048,000002C0,false,Rx,1,8,18,80,00,00,53,C0,FE,93,
4321553876,000002C0,false,Rx,1,8,18,80,00,00,53,C0,FE,A3,
4321564048,000002C0,false,Rx,1,8,18,80,00,00,53,C0,FE,B3,
4321573878,000002C0,false,Rx,1,8,18,80,00,00,53,C0,FE,C3,
4321584047,000002C0,false,Rx,1,8,18,80,00,00,53,C0,FE,D3,
4321593891,000002C0,false,Rx,1,8,18,80,00,00,53,C0,FE,E3,
4321604055,000002C0,false,Rx,1,8,18,80,00,00,53,C0,FE,F3,
4321613885,000002C0,false,Rx,1,8,18,80,00,00,53,C0,FE,03,
4321624050,000002C0,false,Rx,1,8,18,80,00,00,53,C0,FE,13,
4321633879,000002C0,false,Rx,1,8,18,80,00,00,53,C0,FE,23,
4321644051,000002C0,false,Rx,1,8,18,80,00,00,53,C0,FE,33,
4321653882,000002C0,false,Rx,1,8,18,80,00,00,53,C0,FE,43,
4321664050,000002C0,false,Rx,1,8,18,80,00,00,53,C0,FE,53,
4321673881,000002C0,false,Rx,1,8,18,80,00,00,53,C0,FE,63,
4321683124,00000764,false,Rx,0,5,16,00,02,21,01,00,00,00,
4321684056,000002C0,false,Rx,1,8,18,80,00,00,53,C0,FE,73,
4321693756,00000300,false,Rx,1,1,B7,00,00,00,00,00,00,00,
4321693998,000002C0,false,Rx,1,8,18,80,00,00,53,C0,FE,83,
4321704055,00000300,false,Rx,1,8,2E,00,0E,61,01,1A,00,17,
4321704293,000002C0,false,Rx,1,8,18,80,00,00,53,C0,FE,93,
4321713890,00000300,false,Rx,1,8,2F,1A,00,29,06,64,02,25,
4321714127,000002C0,false,Rx,1,8,18,80,00,00,53,C0,FE,A3,
4321723978,00000300,false,Rx,1,3,10,00,00,00,00,00,00,00,
4321724243,000002C0,false,Rx,1,8,18,80,00,00,53,C0,FE,B3,
4321729035,00000764,false,Rx,0,1,B1,00,00,00,00,00,00,00,
4321733882,000002C0,false,Rx,1,8,18,80,00,00,53,C0,FE,C3,
4321744054,000002C0,false,Rx,1,8,18,80,00,00,53,C0,FE,D3,
4321753886,000002C0,false,Rx,1,8,18,80,00,00,53,C0,FE,E3,
4321764056,000002C0,false,Rx,1,8,18,80,00,00,53,C0,FE,F3,
4321773889,000002C0,false,Rx,1,8,18,80,00,00,53,C0,FE,03,
4321784055,000002C0,false,Rx,1,8,18,80,00,00,53,C0,FE,13,
4321793885,000002C0,false,Rx,1,8,18,80,00,00,53,C0,FE,23,
4321804058,000002C0,false,Rx,1,8,18,80,00,00,53,C0,FE,33,
4321813890,000002C0,false,Rx,1,8,18,80,00,00,53,C0,FE,43,
4321824057,000002C0,false,Rx,1,8,18,80,00,00,53,C0,FE,53,
4321833887,000002C0,false,Rx,1,8,18,80,00,00,53,C0,FE,63,
4321844064,000002C0,false,Rx,1,8,18,80,00,00,53,C0,FE,73,
4321853892,000002C0,false,Rx,1,8,18,80,00,00,53,C0,FE,83,
4321864060,000002C0,false,Rx,1,8,18,80,00,00,53,C0,FE,93,
4321873890,000002C0,false,Rx,1,8,18,80,00,00,53,C0,FE,A3,
4321884061,000002C0,false,Rx,1,8,18,80,00,00,53,C0,FE,B3,
4321893889,000002C0,false,Rx,1,8,18,80,00,00,53,C0,FE,C3,
4321904062,000002C0,false,Rx,1,8,18,80,00,00,53,C0,FE,D3,
4321913895,000002C0,false,Rx,1,8,18,80,00,00,53,C0,FE,E3,
4321924063,000002C0,false,Rx,1,8,18,80,00,00,53,C0,FE,F3,
4321924743,00000764,false,Rx,0,1,A3,00,00,00,00,00,00,00,
4321933894,000002C0,false,Rx,1,8,18,80,00,00,53,C0,FE,03,
4321944024,00000300,false,Rx,1,6,A1,0F,8A,FF,4A,FF,00,00,
4321944271,000002C0,false,Rx,1,8,18,80,00,00,53,C0,FE,13,
4321949146,00000764,false,Rx,0,5,17,00,02,21,01,00,00,00,
4321953899,000002C0,false,Rx,1,8,18,80,00,00,53,C0,FE,23,
4321963938,00000300,false,Rx,1,1,B8,00,00,00,00,00,00,00,
4321964174,000002C0,false,Rx,1,8,18,80,00,00,53,C0,FE,33,
4321973894,00000300,false,Rx,1,8,21,00,0E,61,01,1A,00,17,
4321974133,000002C0,false,Rx,1,8,18,80,00,00,53,C0,FE,43,
4321984064,00000300,false,Rx,1,8,22,1A,00,29,06,64,02,25,
4321984302,000002C0,false,Rx,1,8,18,80,00,00,53,C0,FE,53,
4321993818,00000300,false,Rx,1,3,13,00,00,00,00,00,00,00,
4321994051,000002C0,false,Rx,1,8,18,80,00,00,53,C0,FE,63,
4321998792,00000764,false,Rx,0,1,B4,00,00,00,00,00,00,00,
4322004095,000002C0,false,Rx,1,8,18,80,00,00,53,C0,FE,73,
4322013901,000002C0,false,Rx,1,8,18,80,00,00,53,C0,FE,83,
4322024065,000002C0,false,Rx,1,8,18,80,00,00,53,C0,FE,93,
4322033895,000002C0,false,Rx,1,8,18,80,00,00,53,C0,FE,A3,
4322044066,000002C0,false,Rx,1,8,18,80,00,00,53,C0,FE,B3,
4322053896,000002C0,false,Rx,1,8,18,80,00,00,53,C0,FE,C3,
4322064066,000002C0,false,Rx,1,8,18,80,00,00,53,C0,FE,D3,
4322073898,000002C0,false,Rx,1,8,18,80,00,00,53,C0,FE,E3,
4322084069,000002C0,false,Rx,1,8,18,80,00,00,53,C0,FE,F3,
4322093902,000002C0,false,Rx,1,8,18,80,00,00,53,C0,FE,03,
4322104067,000002C0,false,Rx,1,8,18,80,00,00,53,C0,FE,13,
4322113904,000002C0,false,Rx,1,8,18,80,00,00,53,C0,FE,23,
4322124068,000002C0,false,Rx,1,8,18,80,00,00,53,C0,FE,33,
4322133898,000002C0,false,Rx,1,8,18,80,00,00,54,C0,FE,43,
4322144070,000002C0,false,Rx,1,8,18,80,00,00,54,C0,FE,53,
4322153902,000002C0,false,Rx,1,8,18,80,00,00,54,C0,FE,63,
4322164069,000002C0,false,Rx,1,8,18,80,00,00,54,C0,FE,73,
4322173902,000002C0,false,Rx,1,8,18,80,00,00,54,C0,FE,83,
4322184075,000002C0,false,Rx,1,8,18,80,00,00,54,C0,FE,93,
4322193902,000002C0,false,Rx,1,8,18,80,00,00,54,C0,FE,A3,
4322204073,000002C0,false,Rx,1,8,18,80,00,00,54,C0,FE,B3,
4322204258,00000764,false,Rx,0,5,18,00,02,21,01,00,00,00,
4322213909,000002C0,false,Rx,1,8,18,80,00,00,54,C0,FE,C3,
4322223953,00000300,false,Rx,1,1,B9,00,00,00,00,00,00,00,
4322224188,000002C0,false,Rx,1,8,18,80,00,00,54,C0,FE,D3,
4322233903,00000300,false,Rx,1,8,24,00,0E,61,01,1A,00,18,
4322234142,000002C0,false,Rx,1,8,18,80,00,00,54,C0,FE,E3,
4322244077,00000300,false,Rx,1,8,25,1A,00,29,06,64,02,25,
4322244319,000002C0,false,Rx,1,8,18,80,00,00,54,C0,FE,F3,
4322253853,00000300,false,Rx,1,3,16,00,00,00,00,00,00,00,
4322254064,000002C0,false,Rx,1,8,18,80,00,00,54,C0,FE,03,
4322258506,00000764,false,Rx,0,1,B7,00,00,00,00,00,00,00,
4322264076,000002C0,false,Rx,1,8,18,80,00,00,54,C0,FE,13,
4322273908,000002C0,false,Rx,1,8,18,80,00,00,54,C0,FE,23,
4322284073,000002C0,false,Rx,1,8,18,80,00,00,54,C0,FE,33,
4322293906,000002C0,false,Rx,1,8,18,80,00,00,54,C0,FE,43,
4322304077,000002C0,false,Rx,1,8,18,80,00,00,54,C0,FE,53,
4322313920,000002C0,false,Rx,1,8,18,80,00,00,54,C0,FE,63,
4322324076,000002C0,false,Rx,1,8,18,80,00,00,54,C0,FE,73,
4322333908,000002C0,false,Rx,1,8,18,80,00,00,54,C0,FE,83,
4322344080,000002C0,false,Rx,1,8,18,80,00,00,54,C0,FE,93,
4322353906,000002C0,false,Rx,1,8,18,80,00,00,54,C0,FE,A3,
4322364080,000002C0,false,Rx,1,8,18,80,00,00,54,C0,FE,B3,
4322373910,000002C0,false,Rx,1,8,18,80,00,00,54,C0,FE,C3,
4322384080,000002C0,false,Rx,1,8,18,80,00,00,54,C0,FE,D3,
4322393910,000002C0,false,Rx,1,8,18,80,00,00,54,C0,FE,E3,
4322404079,000002C0,false,Rx,1,8,18,80,00,00,54,C0,FE,F3,
4322413921,000002C0,false,Rx,1,8,18,80,00,00,54,C0,FE,03,
4322424081,000002C0,false,Rx,1,8,18,80,00,00,54,C0,FE,13,
4322433914,000002C0,false,Rx,1,8,18,80,00,00,54,C0,FE,23,
4322444080,000002C0,false,Rx,1,8,18,80,00,00,54,C0,FE,33,
4322453912,000002C0,false,Rx,1,8,18,80,00,00,55,C0,FE,43,
4322462727,00000764,false,Rx,0,1,A3,00,00,00,00,00,00,00,
4322464082,000002C0,false,Rx,1,8,18,80,00,00,55,C0,FE,53,
4322473874,00000300,false,Rx,1,6,A1,0F,8A,FF,4A,FF,00,00,
4322474112,000002C0,false,Rx,1,8,18,80,00,00,55,C0,FE,63,
4322479322,00000764,false,Rx,0,5,19,00,02,21,01,00,00,00,
4322484092,000002C0,false,Rx,1,8,18,80,00,00,55,C0,FE,73,
4322493791,00000300,false,Rx,1,1,BA,00,00,00,00,00,00,00,
4322494029,000002C0,false,Rx,1,8,18,80,00,00,55,C0,FE,83,
4322504080,00000300,false,Rx,1,8,27,00,0E,61,01,1A,00,19,
4322504319,000002C0,false,Rx,1,8,18,80,00,00,55,C0,FE,93,
4322513934,00000300,false,Rx,1,8,28,1A,00,28,06,64,02,25,
4322514159,000002C0,false,Rx,1,8,18,80,00,00,55,C0,FE,A3,
4322524002,00000300,false,Rx,1,3,19,00,00,00,00,00,00,00,
4322524267,000002C0,false,Rx,1,8,18,80,00,00,55,C0,FE,B3,
4322529108,00000764,false,Rx,0,1,BA,00,00,00,00,00,00,00,
4322533915,000002C0,false,Rx,1,8,18,80,00,00,55,C0,FE,C3,
4322544084,000002C0,false,Rx,1,8,18,80,00,00,55,C0,FE,D3,
4322553916,000002C0,false,Rx,1,8,18,80,00,00,55,C0,FE,E3,
4322564087,000002C0,false,Rx,1,8,18,80,00,00,55,C0,FE,F3,
4322573917,000002C0,false,Rx,1,8,18,80,00,00,55,C0,FE,03,
4322584087,000002C0,false,Rx,1,8,18,80,00,00,55,C0,FE,13,
4322593917,000002C0,false,Rx,1,8,18,80,00,00,56,C0,FE,23,
4322604089,000002C0,false,Rx,1,8,18,80,00,00,56,C0,FE,33,
4322613919,000002C0,false,Rx,1,8,18,80,00,00,56,C0,FE,43,
4322624098,000002C0,false,Rx,1,8,18,80,00,00,56,C0,FE,53,
4322633922,000002C0,false,Rx,1,8,18,80,00,00,56,C0,FE,63,
4322644088,000002C0,false,Rx,1,8,18,80,00,00,56,C0,FE,73,
4322653922,000002C0,false,Rx,1,8,18,80,00,00,56,C0,FE,83,
4322664090,000002C0,false,Rx,1,8,18,80,00,00,56,C0,FE,93,
4322673919,000002C0,false,Rx,1,8,18,80,00,00,56,C0,FE,A3,
4322684091,000002C0,false,Rx,1,8,18,80,00,00,56,C0,FE,B3,
4322693922,000002C0,false,Rx,1,8,18,80,00,00,56,C0,FE,C3,
4322704090,000002C0,false,Rx,1,8,18,80,00,00,56,C0,FE,D3,
4322713925,000002C0,false,Rx,1,8,18,80,00,00,57,C0,FE,E3,
4322724105,000002C0,false,Rx,1,8,18,80,00,00,57,C0,FE,F3,
4322728010,00000764,false,Rx,0,5,1A,00,02,21,01,00,00,00,
4322733926,000002C0,false,Rx,1,8,18,80,00,00,57,C0,FE,03,
4322743969,00000300,false,Rx,1,1,BB,00,00,00,00,00,00,00,
4322744249,000002C0,false,Rx,1,8,18,80,00,00,57,C0,FE,13,
4322753922,00000300,false,Rx,1,8,2A,00,0E,61,01,1A,00,1B,
4322754162,000002C0,false,Rx,1,8,18,80,00,00,57,C0,FE,23,
4322764097,00000300,false,Rx,1,8,2B,1A,00,28,06,64,02,25,
4322764339,000002C0,false,Rx,1,8,18,80,00,00,57,C0,FE,33,
4322773842,00000300,false,Rx,1,3,1C,00,00,00,00,00,00,00,
4322774084,000002C0,false,Rx,1,8,18,80,00,00,57,C0,FE,43,
4322778899,00000764,false,Rx,0,1,BD,00,00,00,00,00,00,00,
4322784098,000002C0,false,Rx,1,8,18,80,00,00,57,C0,FE,53,
4322793927,000002C0,false,Rx,1,8,18,80,00,00,57,C0,FE,63,
4322804096,000002C0,false,Rx,1,8,18,80,00,00,57,C0,FE,73,
4322813933,000002C0,false,Rx,1,8,18,80,00,00,57,C0,FE,83,
4322824106,000002C0,false,Rx,1,8,18,80,00,00,57,C0,FE,93,
4322833931,000002C0,false,Rx,1,8,18,80,00,00,57,C0,FE,A3,
4322844098,000002C0,false,Rx,1,8,18,80,00,00,57,C0,FE,B3,
4322853928,000002C0,false,Rx,1,8,18,80,00,00,57,C0,FE,C3,
4322864102,000002C0,false,Rx,1,8,18,80,00,00,57,C0,FE,D3,
4322873931,000002C0,false,Rx,1,8,18,80,00,00,57,C0,FE,E3,
4322884103,000002C0,false,Rx,1,8,18,80,00,00,57,C0,FE,F3,
4322893933,000002C0,false,Rx,1,8,18,80,00,00,57,C0,FE,03,
4322904103,000002C0,false,Rx,1,8,18,80,00,00,57,C0,FE,13,
4322913930,000002C0,false,Rx,1,8,18,80,00,00,58,C0,FE,23,
4322924162,000002C0,false,Rx,1,8,18,80,00,00,58,C0,FE,33,
4322933931,000002C0,false,Rx,1,8,18,80,00,00,58,C0,FE,43,
4322944101,000002C0,false,Rx,1,8,18,80,00,00,58,C0,FE,53,
4322953931,000002C0,false,Rx,1,8,18,80,00,00,58,C0,FE,63,
4322964100,000002C0,false,Rx,1,8,18,80,00,00,58,C0,FE,73,
4322973937,000002C0,false,Rx,1,8,18,80,00,00,58,C0,FE,83,
4322983244,00000764,false,Rx,0,1,A3,00,00,00,00,00,00,00,
4322984102,000002C0,false,Rx,1,8,18,80,00,00,58,C0,FE,93,
4322993900,00000300,false,Rx,1,6,A1,0F,8A,FF,4A,FF,00,00,
4322994136,000002C0,false,Rx,1,8,18,80,00,00,58,C0,FE,A3,
4322998796,00000764,false,Rx,0,5,1B,00,02,21,01,00,00,00,
4323004109,000002C0,false,Rx,1,8,18,80,00,00,58,C0,FE,B3,
4323013812,00000300,false,Rx,1,1,BC,00,00,00,00,00,00,00,
4323014052,000002C0,false,Rx,1,8,18,80,00,00,58,C0,FE,C3,
4323024102,00000300,false,Rx,1,8,2D,00,0E,61,01,1A,00,1C,
4323024722,000002C0,false,Rx,1,8,18,80,00,00,58,C0,FE,D3,
4323033953,00000300,false,Rx,1,8,2E,1A,00,28,06,64,02,25,
4323034179,000002C0,false,Rx,1,8,18,80,00,00,58,C0,FE,E3,
4323044024,00000300,false,Rx,1,3,1F,00,00,00,00,00,00,00,
4323044271,000002C0,false,Rx,1,8,18,80,00,00,58,C0,FE,F3,
4323048703,00000764,false,Rx,0,1,B0,00,00,00,00,00,00,00,
4323053937,000002C0,false,Rx,1,8,18,80,00,00,58,C0,FE,03,
4323064106,000002C0,false,Rx,1,8,18,80,00,00,58,C0,FE,13,
4323073936,000002C0,false,Rx,1,8,18,80,00,00,58,C0,FE,23,
4323084106,000002C0,false,Rx,1,8,18,80,00,00,58,C0,FE,33,
4323093937,000002C0,false,Rx,1,8,18,80,00,00,58,C0,FE,43,
4323104106,000002C0,false,Rx,1,8,18,80,00,00,58,C0,FE,53,
4323113938,000002C0,false,Rx,1,8,18,80,00,00,58,C0,FE,63,
4323124108,000002C0,false,Rx,1,8,18,80,00,00,58,C0,FE,73,
4323133946,000002C0,false,Rx,1,8,18,80,00,00,58,C0,FE,83,
4323144107,000002C0,false,Rx,1,8,18,80,00,00,58,C0,FE,93,
4323153942,000002C0,false,Rx,1,8,18,80,00,00,58,C0,FE,A3,
4323164109,000002C0,false,Rx,1,8,18,80,00,00,58,C0,FE,B3,
4323173941,000002C0,false,Rx,1,8,18,80,00,00,58,C0,FE,C3,
4323184110,000002C0,false,Rx,1,8,18,80,00,00,58,C0,FE,D3,
4323193942,000002C0,false,Rx,1,8,18,80,00,00,58,C0,FE,E3,
4323204111,000002C0,false,Rx,1,8,18,80,00,00,58,C0,FE,F3,
4323213944,000002C0,false,Rx,1,8,18,80,00,00,58,C0,FE,03,
4323224118,000002C0,false,Rx,1,8,18,80,00,00,58,C0,FE,13,
4323233947,000002C0,false,Rx,1,8,18,80,00,00,58,C0,FE,23,
4323244114,000002C0,false,Rx,1,8,18,80,00,00,58,C0,FE,33,
4323249287,00000764,false,Rx,0,5,1C,00,02,21,01,00,00,00,
4323253944,000002C0,false,Rx,1,8,18,80,00,00,58,C0,FE,43,
4323263987,00000300,false,Rx,1,1,BD,00,00,00,00,00,00,00,
4323264255,000002C0,false,Rx,1,8,18,80,00,00,58,C0,FE,53,
4323273944,00000300,false,Rx,1,8,20,00,0E,61,01,1A,00,1C,
4323274182,000002C0,false,Rx,1,8,18,80,00,00,58,C0,FE,63,
4323284115,00000300,false,Rx,1,8,21,1A,00,28,06,64,02,25,
4323284362,000002C0,false,Rx,1,8,18,80,00,00,58,C0,FE,73,
4323293866,00000300,false,Rx,1,3,12,00,00,00,00,00,00,00,
4323294105,000002C0,false,Rx,1,8,18,80,00,00,59,C0,FE,83,
4323298387,00000764,false,Rx,0,1,B3,00,00,00,00,00,00,00,
4323304116,000002C0,false,Rx,1,8,18,80,00,00,59,C0,FE,93,
4323313946,000002C0,false,Rx,1,8,18,80,00,00,59,C0,FE,A3,
4323324116,000002C0,false,Rx,1,8,18,80,00,00,59,C0,FE,B3,
4323333950,000002C0,false,Rx,1,8,18,80,00,00,59,C0,FE,C3,
4323344120,000002C0,false,Rx,1,8,18,80,00,00,59,C0,FE,D3,
4323353951,000002C0,false,Rx,1,8,18,80,00,00,59,C0,FE,E3,
4323364117,000002C0,false,Rx,1,8,18,80,00,00,59,C0,FE,F3,
4323373953,000002C0,false,Rx,1,8,18,80,00,00,59,C0,FE,03,
4323384119,000002C0,false,Rx,1,8,18,80,00,00,59,C0,FE,13,
4323393952,000002C0,false,Rx,1,8,18,80,00,00,59,C0,FE,23,
4323404119,000002C0,false,Rx,1,8,18,80,00,00,59,C0,FE,33,
4323413953,000002C0,false,Rx,1,8,18,80,00,00,59,C0,FE,43,
4323424120,000002C0,false,Rx,1,8,18,80,00,00,59,C0,FE,53,
4323433950,000002C0,false,Rx,1,8,18,80,00,00,59,C0,FE,63,
4323444123,000002C0,false,Rx,1,8,18,80,00,00,59,C0,FE,73,
4323453956,000002C0,false,Rx,1,8,18,80,00,00,59,C0,FE,83,
4323464123,000002C0,false,Rx,1,8,18,80,00,00,59,C0,FE,93,
4323473953,000002C0,false,Rx,1,8,18,80,00,00,59,C0,FE,A3,
4323484123,000002C0,false,Rx,1,8,18,80,00,00,59,C0,FE,B3,
4323493958,000002C0,false,Rx,1,8,18,80,00,00,59,C0,FE,C3,
4323504125,000002C0,false,Rx,1,8,18,80,00,00,59,C0,FE,D3,
4323504849,00000764,false,Rx,0,1,A3,00,00,00,00,00,00,00,
4323513957,000002C0,false,Rx,1,8,18,80,00,00,59,C0,FE,E3,
4323524087,00000300,false,Rx,1,6,A1,0F,8A,FF,4A,FF,00,00,
4323524329,000002C0,false,Rx,1,8,18,80,00,00,59,C0,FE,F3,
4323529296,00000764,false,Rx,0,5,1D,00,02,21,01,00,00,00,
4323533965,000002C0,false,Rx,1,8,18,80,00,00,59,C0,FE,03,
4323544008,00000300,false,Rx,1,1,BE,00,00,00,00,00,00,00,
4323544269,000002C0,false,Rx,1,8,18,80,00,00,59,C0,FE,13,
4323553955,00000300,false,Rx,1,8,23,00,0E,61,01,1A,00,1D,
4323554195,000002C0,false,Rx,1,8,18,80,00,00,5A,C0,FE,23,
4323564128,00000300,false,Rx,1,8,24,1A,00,28,06,64,02,25,
4323564367,000002C0,false,Rx,1,8,18,80,00,00,5A,C0,FE,33,
4323573873,00000300,false,Rx,1,3,15,00,00,00,00,00,00,00,
4323574113,000002C0,false,Rx,1,8,18,80,00,00,5A,C0,FE,43,
4323579083,00000764,false,Rx,0,1,B6,00,00,00,00,00,00,00,
4323584131,000002C0,false,Rx,1,8,18,80,00,00,5A,C0,FE,53,
4323593961,000002C0,false,Rx,1,8,18,80,00,00,5A,C0,FE,63,
4323604127,000002C0,false,Rx,1,8,18,80,00,00,5A,C0,FE,73,
4323613964,000002C0,false,Rx,1,8,18,80,00,00,5A,C0,FE,83,
4323624131,000002C0,false,Rx,1,8,18,80,00,00,5A,C0,FE,93,
4323633958,000002C0,false,Rx,1,8,18,80,00,00,5A,C0,FE,A3,
4323644131,000002C0,false,Rx,1,8,18,80,00,00,5A,C0,FE,B3,
4323653963,000002C0,false,Rx,1,8,18,80,00,00,5A,C0,FE,C3,
4323664130,000002C0,false,Rx,1,8,18,80,00,00,5A,C0,FE,D3,
4323673960,000002C0,false,Rx,1,8,18,80,00,00,5A,C0,FE,E3,
4323684133,000002C0,false,Rx,1,8,18,80,00,00,5A,C0,FE,F3,
4323693966,000002C0,false,Rx,1,8,18,80,00,00,5A,C0,FE,03,
4323704133,000002C0,false,Rx,1,8,18,80,00,00,5A,C0,FE,13,
4323713965,000002C0,false,Rx,1,8,18,80,00,00,5A,C0,FE,23,
4323724140,000002C0,false,Rx,1,8,18,80,00,00,5A,C0,FE,33,
4323733964,000002C0,false,Rx,1,8,18,80,00,00,5A,C0,FE,43,
4323744144,000002C0,false,Rx,1,8,18,80,00,00,5A,C0,FE,53,
4323753968,000002C0,false,Rx,1,8,18,80,00,00,5A,C0,FE,63,
4323764134,000002C0,false,Rx,1,8,18,80,00,00,5A,C0,FE,73,
4323773969,000002C0,false,Rx,1,8,18,80,00,00,5A,C0,FE,83,
4323780939,00000764,false,Rx,0,5,1E,00,02,21,01,00,00,00,
4323784138,000002C0,false,Rx,1,8,18,80,00,00,5A,C0,FE,93,
4323793843,00000300,false,Rx,1,1,BF,00,00,00,00,00,00,00,
4323794080,000002C0,false,Rx,1,8,18,80,00,00,5A,C0,FE,A3,
4323804136,00000300,false,Rx,1,8,26,00,0E,61,01,1A,00,1E,
4323804374,000002C0,false,Rx,1,8,18,80,00,00,5A,C0,FE,B3,
4323813970,00000300,false,Rx,1,8,27,1A,00,28,06,64,02,25,
4323814245,000002C0,false,Rx,1,8,18,80,00,00,5B,C0,FE,C3,
4323824056,00000300,false,Rx,1,3,18,00,00,00,00,00,00,00,
4323824295,000002C0,false,Rx,1,8,18,80,00,00,5B,C0,FE,D3,
4323828848,00000764,false,Rx,0,1,B9,00,00,00,00,00,00,00,
4323833967,000002C0,false,Rx,1,8,18,80,00,00,5B,C0,FE,E3,
4323844138,000002C0,false,Rx,1,8,18,80,00,00,5B,C0,FE,F3,
4323853975,000002C0,false,Rx,1,8,18,80,00,00,5B,C0,FE,03,
4323864137,000002C0,false,Rx,1,8,18,80,00,00,5B,C0,FE,13,
4323873971,000002C0,false,Rx,1,8,18,80,00,00,5B,C0,FE,23,
4323884139,000002C0,false,Rx,1,8,18,80,00,00,5B,C0,FE,33,
4323893970,000002C0,false,Rx,1,8,18,80,00,00,5B,C0,FE,43,
4323904141,000002C0,false,Rx,1,8,18,80,00,00,5B,C0,FE,53,
4323913973,000002C0,false,Rx,1,8,18,80,00,00,5B,C0,FE,63,
4323924141,000002C0,false,Rx,1,8,18,80,00,00,5B,C0,FE,73,
4323933974,000002C0,false,Rx,1,8,18,80,00,00,5B,C0,FE,83,
4323944142,000002C0,false,Rx,1,8,18,80,00,00,5B,C0,FE,93,
4323953978,000002C0,false,Rx,1,8,18,80,00,00,5B,C0,FE,A3,
4323964143,000002C0,false,Rx,1,8,18,80,00,00,5B,C0,FE,B3,
4323973975,000002C0,false,Rx,1,8,18,80,00,00,5B,C0,FE,C3,
4323984143,000002C0,false,Rx,1,8,18,80,00,00,5B,C0,FE,D3,
4323993977,000002C0,false,Rx,1,8,18,80,00,00,5B,C0,FE,E3,
4324004144,000002C0,false,Rx,1,8,18,80,00,00,5B,C0,FE,F3,
4324013989,000002C0,false,Rx,1,8,18,80,00,00,5B,C0,FE,03,
4324024146,000002C0,false,Rx,1,8,18,80,00,00,5B,C0,FE,13,
4324033975,000002C0,false,Rx,1,8,18,80,00,00,5C,C0,FE,23,
4324034357,00000764,false,Rx,0,1,A3,00,00,00,00,00,00,00,
4324044145,000002C0,false,Rx,1,8,18,80,00,00,5C,C0,FE,33,
4324053950,00000300,false,Rx,1,6,A1,0F,8A,FF,4A,FF,00,00,
4324054179,000002C0,false,Rx,1,8,18,80,00,00,5C,C0,FE,43,
4324058714,00000764,false,Rx,0,5,1F,00,02,21,01,00,00,00,
4324064153,000002C0,false,Rx,1,8,18,80,00,00,5C,C0,FE,53,
4324073857,00000300,false,Rx,1,1,B0,00,00,00,00,00,00,00,
4324074095,000002C0,false,Rx,1,8,18,80,00,00,5C,C0,FE,63,
4324084149,00000300,false,Rx,1,8,29,00,0E,61,01,1A,00,20,
4324084389,000002C0,false,Rx,1,8,18,80,00,00,5C,C0,FE,73,
4324093981,00000300,false,Rx,1,8,2A,1A,00,28,06,64,02,25,
4324094264,000002C0,false,Rx,1,8,18,80,00,00,5C,C0,FE,83,
4324104067,00000300,false,Rx,1,3,1B,00,00,00,00,00,00,00,
4324104306,000002C0,false,Rx,1,8,18,80,00,00,5C,C0,FE,93,
4324109494,00000764,false,Rx,0,1,BC,00,00,00,00,00,00,00,
4324113983,000002C0,false,Rx,1,8,18,80,00,00,5C,C0,FE,A3,
4324124149,000002C0,false,Rx,1,8,18,80,00,00,5C,C0,FE,B3,
4324133981,000002C0,false,Rx,1,8,18,80,00,00,5C,C0,FE,C3,
4324144151,000002C0,false,Rx,1,8,18,80,00,00,5C,C0,FE,D3,
4324153991,000002C0,false,Rx,1,8,18,80,00,00,5C,C0,FE,E3,
4324164152,000002C0,false,Rx,1,8,18,80,00,00,5C,C0,FE,F3,
4324173986,000002C0,false,Rx,1,8,18,80,00,00,5C,C0,FE,03,
4324184152,000002C0,false,Rx,1,8,18,80,00,00,5C,C0,FE,13,
4324193985,000002C0,false,Rx,1,8,18,80,00,00,5C,C0,FE,23,
4324204152,000002C0,false,Rx,1,8,18,80,00,00,5C,C0,FE,33,
4324213986,000002C0,false,Rx,1,8,18,80,00,00,5C,C0,FE,43,
4324224158,000002C0,false,Rx,1,8,18,80,00,00,5C,C0,FE,53,
4324233984,000002C0,false,Rx,1,8,18,80,00,00,5C,C0,FE,63,
4324244157,000002C0,false,Rx,1,8,18,80,00,00,5C,C0,FE,73,
4324253987,000002C0,false,Rx,1,8,18,80,00,00,5D,C0,FE,83,
4324264165,000002C0,false,Rx,1,8,18,80,00,00,5D,C0,FE,93,
4324273991,000002C0,false,Rx,1,8,18,80,00,00,5D,C0,FE,A3,
4324284156,000002C0,false,Rx,1,8,18,80,00,00,5D,C0,FE,B3,
4324294002,000002C0,false,Rx,1,8,18,80,00,00,5D,C0,FE,C3,
4324304166,000002C0,false,Rx,1,8,18,80,00,00,5D,C0,FE,D3,
4324313992,000002C0,false,Rx,1,8,18,80,00,00,5D,C0,FE,E3,
4324315988,00000764,false,Rx,0,5,10,00,02,21,01,00,00,00,
4324324158,000002C0,false,Rx,1,8,18,80,00,00,5D,C0,FE,F3,
4324333862,00000300,false,Rx,1,1,B1,00,00,00,00,00,00,00,
4324334102,000002C0,false,Rx,1,8,18,80,00,00,5D,C0,FE,03,
4324344158,00000300,false,Rx,1,8,2C,00,0E,61,01,1A,00,21,
4324344396,000002C0,false,Rx,1,8,18,80,00,00,5D,C0,FE,13,
4324353990,00000300,false,Rx,1,8,2D,1A,00,28,06,64,02,25,
4324354262,000002C0,false,Rx,1,8,18,80,00,00,5D,C0,FE,23,
4324364083,00000300,false,Rx,1,3,1E,00,00,00,00,00,00,00,
4324364320,000002C0,false,Rx,1,8,18,80,00,00,5D,C0,FE,33,
4324369306,00000764,false,Rx,0,1,BF,00,00,00,00,00,00,00,
4324373996,000002C0,false,Rx,1,8,18,80,00,00,5D,C0,FE,43,
4324384160,000002C0,false,Rx,1,8,18,80,00,00,5D,C0,FE,53,
4324393993,000002C0,false,Rx,1,8,18,80,00,00,5D,C0,FE,63,
4324404162,000002C0,false,Rx,1,8,18,80,00,00,5D,C0,FE,73,
4324413994,000002C0,false,Rx,1,8,18,80,00,00,5D,C0,FE,83,
4324424164,000002C0,false,Rx,1,8,18,80,00,00,5D,C0,FE,93,
4324433992,000002C0,false,Rx,1,8,18,80,00,00,5E,C0,FE,A3,
4324444167,000002C0,false,Rx,1,8,18,80,00,00,5E,C0,FE,B3,
4324453996,000002C0,false,Rx,1,8,18,80,00,00,5E,C0,FE,C3,
4324464175,000002C0,false,Rx,1,8,18,80,00,00,5E,C0,FE,D3,
4324473997,000002C0,false,Rx,1,8,18,80,00,00,5E,C0,FE,E3,
4324484166,000002C0,false,Rx,1,8,18,80,00,00,5E,C0,FE,F3,
4324494000,000002C0,false,Rx,1,8,18,80,00,00,5E,C0,FE,03,
4324504165,000002C0,false,Rx,1,8,18,80,00,00,5E,C0,FE,13,
4324514000,000002C0,false,Rx,1,8,18,80,00,00,5E,C0,FE,23,
4324524166,000002C0,false,Rx,1,8,18,80,00,00,5E,C0,FE,33,
4324533998,000002C0,false,Rx,1,8,18,80,00,00,5E,C0,FE,43,
4324544170,000002C0,false,Rx,1,8,18,80,00,00,5E,C0,FE,53,
4324553998,000002C0,false,Rx,1,8,18,80,00,00,5E,C0,FE,63,
4324564188,000002C0,false,Rx,1,8,18,80,00,00,5E,C0,FE,73,
4324574002,000002C0,false,Rx,1,8,18,80,00,00,5E,C0,FE,83,
4324575329,00000764,false,Rx,0,1,A3,00,00,00,00,00,00,00,
4324584169,000002C0,false,Rx,1,8,18,80,00,00,5E,C0,FE,93,
4324593963,00000300,false,Rx,1,6,A1,0F,8A,FF,4A,FF,00,00,
4324594199,000002C0,false,Rx,1,8,18,80,00,00,5E,C0,FE,A3,
4324599289,00000764,false,Rx,0,5,11,00,02,21,01,00,00,00,
4324604180,000002C0,false,Rx,1,8,18,80,00,00,5E,C0,FE,B3,
4324613878,00000300,false,Rx,1,1,B2,00,00,00,00,00,00,00,
4324614118,000002C0,false,Rx,1,8,18,80,00,00,5E,C0,FE,C3,
4324624168,00000300,false,Rx,1,8,2F,00,0E,61,01,1A,00,22,
4324624406,000002C0,false,Rx,1,8,18,80,00,00,5E,C0,FE,D3,
4324634004,00000300,false,Rx,1,8,20,1A,00,28,06,64,02,25,
4324634262,000002C0,false,Rx,1,8,18,80,00,00,5E,C0,FE,E3,
4324644089,00000300,false,Rx,1,3,11,00,00,00,00,00,00,00,
4324644334,000002C0,false,Rx,1,8,18,80,00,00,5E,C0,FE,F3,
4324649051,00000764,false,Rx,0,1,B2,00,00,00,00,00,00,00,
4324654004,000002C0,false,Rx,1,8,18,80,00,00,5E,C0,FE,03,
4324664172,000002C0,false,Rx,1,8,18,80,00,00,5E,C0,FE,13,
4324674008,000002C0,false,Rx,1,8,18,80,00,00,5E,C0,FE,23,
4324684174,000002C0,false,Rx,1,8,18,80,00,00,5E,C0,FE,33,
4324694006,000002C0,false,Rx,1,8,18,80,00,00,5E,C0,FE,43,
4324704178,000002C0,false,Rx,1,8,18,80,00,00,5E,C0,FE,53,
4324714005,000002C0,false,Rx,1,8,18,80,00,00,5E,C0,FE,63,
4324724180,000002C0,false,Rx,1,8,18,80,00,00,5E,C0,FE,73,
4324734007,000002C0,false,Rx,1,8,18,80,00,00,5E,C0,FE,83,
4324744175,000002C0,false,Rx,1,8,18,80,00,00,5E,C0,FE,93,
4324754006,000002C0,false,Rx,1,8,18,80,00,00,5E,C0,FE,A3,
4324764180,000002C0,false,Rx,1,8,18,80,00,00,5E,C0,FE,B3,
4324774013,000002C0,false,Rx,1,8,18,80,00,00,5E,C0,FE,C3,
4324784178,000002C0,false,Rx,1,8,18,80,00,00,5E,C0,FE,D3,
4324794008,000002C0,false,Rx,1,8,18,80,00,00,5E,C0,FE,E3,
4324804180,000002C0,false,Rx,1,8,18,80,00,00,5E,C0,FE,F3,
4324814012,000002C0,false,Rx,1,8,18,80,00,00,5E,C0,FE,03,
4324824180,000002C0,false,Rx,1,8,18,80,00,00,5E,C0,FE,13,
4324834011,000002C0,false,Rx,1,8,18,80,00,00,5E,C0,FE,23,
4324840061,00000764,false,Rx,0,5,12,00,02,21,01,00,00,00,
4324844179,000002C0,false,Rx,1,8,18,80,00,00,5E,C0,FE,33,
4324853885,00000300,false,Rx,1,1,B3,00,00,00,00,00,00,00,
4324854126,000002C0,false,Rx,1,8,18,80,00,00,5E,C0,FE,43,
4324864181,00000300,false,Rx,1,8,22,00,0E,61,01,1A,00,22,
4324864424,000002C0,false,Rx,1,8,18,80,00,00,5E,C0,FE,53,
4324874019,00000300,false,Rx,1,8,23,1A,00,28,06,64,02,25,
4324874272,000002C0,false,Rx,1,8,18,80,00,00,5E,C0,FE,63,
4324884101,00000300,false,Rx,1,3,14,00,00,00,00,00,00,00,
4324884340,000002C0,false,Rx,1,8,18,80,00,00,5E,C0,FE,73,
4324888729,00000764,false,Rx,0,1,B5,00,00,00,00,00,00,00,
4324894015,000002C0,false,Rx,1,8,18,80,00,00,5E,C0,FE,83,
4324904182,000002C0,false,Rx,1,8,18,80,00,00,5E,C0,FE,93,
4324914014,000002C0,false,Rx,1,8,18,80,00,00,5E,C0,FE,A3,
4324924188,000002C0,false,Rx,1,8,18,80,00,00,5E,C0,FE,B3,
4324934016,000002C0,false,Rx,1,8,18,80,00,00,5E,C0,FE,C3,
4324944183,000002C0,false,Rx,1,8,18,80,00,00,5E,C0,FE,D3,
4324954015,000002C0,false,Rx,1,8,18,80,00,00,5E,C0,FE,E3,
4324964187,000002C0,false,Rx,1,8,18,80,00,00,5E,C0,FE,F3,
4324974024,000002C0,false,Rx,1,8,18,80,00,00,5E,C0,FE,03,
4324984186,000002C0,false,Rx,1,8,18,80,00,00,5E,C0,FE,13,
4324994020,000002C0,false,Rx,1,8,18,80,00,00,5E,C0,FE,23,
4325004187,000002C0,false,Rx,1,8,18,80,00,00,5E,C0,FE,33,
4325014020,000002C0,false,Rx,1,8,18,80,00,00,5E,C0,FE,43,
4325024192,000002C0,false,Rx,1,8,18,80,00,00,5E,C0,FE,53,
4325034021,000002C0,false,Rx,1,8,18,80,00,00,5E,C0,FE,63,
4325044190,000002C0,false,Rx,1,8,18,80,00,00,5E,C0,FE,73,
4325054023,000002C0,false,Rx,1,8,18,80,00,00,5E,C0,FE,83,
4325064189,000002C0,false,Rx,1,8,18,80,00,00,5E,C0,FE,93,
4325074038,000002C0,false,Rx,1,8,18,80,00,00,5E,C0,FE,A3,
4325084198,000002C0,false,Rx,1,8,18,80,00,00,5E,C0,FE,B3,
4325094026,000002C0,false,Rx,1,8,18,80,00,00,5E,C0,FE,C3,
4325103504,00000764,false,Rx,0,1,A3,00,00,00,00,00,00,00,
4325104192,000002C0,false,Rx,1,8,18,80,00,00,5E,C0,FE,D3,
4325113986,00000300,false,Rx,1,6,A1,0F,8A,FF,4A,FF,00,00,
4325114264,000002C0,false,Rx,1,8,18,80,00,00,5E,C0,FE,E3,
4325119552,00000764,false,Rx,0,5,13,00,02,21,01,00,00,00,
4325124201,000002C0,false,Rx,1,8,18,80,00,00,5E,C0,FE,F3,
4325133896,00000300,false,Rx,1,1,B4,00,00,00,00,00,00,00,
4325134137,000002C0,false,Rx,1,8,18,80,00,00,5E,C0,FE,03,
4325144192,00000300,false,Rx,1,8,25,00,0E,61,01,1A,00,22,
4325144430,000002C0,false,Rx,1,8,18,80,00,00,5E,C0,FE,13,
4325154025,00000300,false,Rx,1,8,26,1A,00,28,06,64,02,25,
4325154273,000002C0,false,Rx,1,8,18,80,00,00,5E,C0,FE,23,
4325164114,00000300,false,Rx,1,3,17,00,00,00,00,00,00,00,
4325164353,000002C0,false,Rx,1,8,18,80,00,00,5E,C0,FE,33,
4325169455,00000764,false,Rx,0,1,B8,00,00,00,00,00,00,00,
4325174027,000002C0,false,Rx,1,8,18,80,00,00,5E,C0,FE,43,
4325184201,000002C0,false,Rx,1,8,18,80,00,00,5E,C0,FE,53,
4325194026,000002C0,false,Rx,1,8,18,80,00,00,5E,C0,FE,63,
4325204196,000002C0,false,Rx,1,8,18,80,00,00,5E,C0,FE,73,
4325214029,000002C0,false,Rx,1,8,18,80,00,00,5E,C0,FE,83,
4325224200,000002C0,false,Rx,1,8,18,80,00,00,5E,C0,FE,93,
4325234026,000002C0,false,Rx,1,8,18,80,00,00,5E,C0,FE,A3,
4325244202,000002C0,false,Rx,1,8,18,80,00,00,5E,C0,FE,B3,
4325254030,000002C0,false,Rx,1,8,18,80,00,00,5E,C0,FE,C3,
4325264197,000002C0,false,Rx,1,8,18,80,00,00,5E,C0,FE,D3,
4325274028,000002C0,false,Rx,1,8,18,80,00,00,5E,C0,FE,E3,
4325284207,000002C0,false,Rx,1,8,18,80,00,00,5E,C0,FE,F3,
4325294033,000002C0,false,Rx,1,8,18,80,00,00,5E,C0,FE,03,
4325304199,000002C0,false,Rx,1,8,18,80,00,00,5E,C0,FE,13,
4325314035,000002C0,false,Rx,1,8,18,80,00,00,5E,C0,FE,23,
4325324201,000002C0,false,Rx,1,8,18,80,00,00,5E,C0,FE,33,
4325334034,000002C0,false,Rx,1,8,18,80,00,00,5E,C0,FE,43,
4325344206,000002C0,false,Rx,1,8,18,80,00,00,5E,C0,FE,53,
4325354032,000002C0,false,Rx,1,8,18,80,00,00,5E,C0,FE,63,
4325360244,00000764,false,Rx,0,5,14,00,02,21,01,00,00,00,
4325364202,000002C0,false,Rx,1,8,18,80,00,00,5E,C0,FE,73,
4325373908,00000300,false,Rx,1,1,B5,00,00,00,00,00,00,00,
4325374148,000002C0,false,Rx,1,8,18,80,00,00,5E,C0,FE,83,
4325384233,00000300,false,Rx,1,8,28,00,0E,61,01,1A,00,22,
4325384442,000002C0,false,Rx,1,8,18,80,00,00,5E,C0,FE,93,
4325394039,00000300,false,Rx,1,8,29,1A,00,28,06,64,02,25,
4325394289,000002C0,false,Rx,1,8,18,80,00,00,5E,C0,FE,A3,
4325404125,00000300,false,Rx,1,3,1A,00,00,00,00,00,00,00,
4325404367,000002C0,false,Rx,1,8,18,80,00,00,5E,C0,FE,B3,
4325409137,00000764,false,Rx,0,1,BB,00,00,00,00,00,00,00,
4325414039,000002C0,false,Rx,1,8,18,80,00,00,5E,C0,FE,C3,
4325424205,000002C0,false,Rx,1,8,18,80,00,00,5E,C0,FE,D3,
4325434037,000002C0,false,Rx,1,8,18,80,00,00,5E,C0,FE,E3,
4325444208,000002C0,false,Rx,1,8,18,80,00,00,5E,C0,FE,F3,
4325454039,000002C0,false,Rx,1,8,18,80,00,00,5E,C0,FE,03,
4325464206,000002C0,false,Rx,1,8,18,80,00,00,5E,C0,FE,13,
4325474041,000002C0,false,Rx,1,8,18,80,00,00,5E,C0,FE,23,
4325484232,000002C0,false,Rx,1,8,18,80,00,00,5E,C0,FE,33,
4325494046,000002C0,false,Rx,1,8,18,80,00,00,5E,C0,FE,43,
4325504230,000002C0,false,Rx,1,8,18,80,00,00,5E,C0,FE,53,
4325514042,000002C0,false,Rx,1,8,18,80,00,00,5E,C0,FE,63,
4325524210,000002C0,false,Rx,1,8,18,80,00,00,5E,C0,FE,73,
4325534043,000002C0,false,Rx,1,8,18,80,00,00,5E,C0,FE,83,
4325544242,000002C0,false,Rx,1,8,18,80,00,00,5E,C0,FE,93,
4325554041,000002C0,false,Rx,1,8,18,80,00,00,5E,C0,FE,A3,
4325564233,000002C0,false,Rx,1,8,18,80,00,00,5E,C0,FE,B3,
4325574045,000002C0,false,Rx,1,8,18,80,00,00,5E,C0,FE,C3,
4325584231,000002C0,false,Rx,1,8,18,80,00,00,5E,C0,FE,D3,
4325594050,000002C0,false,Rx,1,8,18,80,00,00,5E,C0,FE,E3,
4325604234,000002C0,false,Rx,1,8,18,80,00,00,5E,C0,FE,F3,
4325614047,000002C0,false,Rx,1,8,18,80,00,00,5E,C0,FE,03,
4325617967,00000764,false,Rx,0,1,A3,00,00,00,00,00,00,00,
4325624233,000002C0,false,Rx,1,8,18,80,00,00,5E,C0,FE,13,
4325634009,00000300,false,Rx,1,6,A1,0F,8A,FF,4A,FF,00,00,
4325634262,000002C0,false,Rx,1,8,18,80,00,00,5E,C0,FE,23,
4325639028,00000764,false,Rx,0,5,15,00,02,21,01,00,00,00,
4325644240,000002C0,false,Rx,1,8,18,80,00,00,5E,C0,FE,33,
4325653920,00000300,false,Rx,1,1,B6,00,00,00,00,00,00,00,
4325654161,000002C0,false,Rx,1,8,18,80,00,00,5E,C0,FE,43,
4325664233,00000300,false,Rx,1,8,2B,00,0E,61,01,1A,00,22,
4325664457,000002C0,false,Rx,1,8,18,80,00,00,5E,C0,FE,53,
4325674051,00000300,false,Rx,1,8,2C,1A,00,28,06,64,02,25,
4325674291,000002C0,false,Rx,1,8,18,80,00,00,5F,C0,FE,63,
4325684135,00000300,false,Rx,1,3,1D,00,00,00,00,00,00,00,
4325684377,000002C0,false,Rx,1,8,18,80,00,00,5F,C0,FE,73,
4325688902,00000764,false,Rx,0,1,BE,00,00,00,00,00,00,00,
4325694056,000002C0,false,Rx,1,8,18,80,00,00,5F,C0,FE,83,
4325704238,000002C0,false,Rx,1,8,18,80,00,00,5F,C0,FE,93,
4325714055,000002C0,false,Rx,1,8,18,80,00,00,5F,C0,FE,A3,
4325724248,000002C0,false,Rx,1,8,18,80,00,00,5F,C0,FE,B3,
4325734052,000002C0,false,Rx,1,8,18,80,00,00,5F,C0,FE,C3,
4325744241,000002C0,false,Rx,1,8,18,80,00,00,5F,C0,FE,D3,
4325754054,000002C0,false,Rx,1,8,18,80,00,00,5F,C0,FE,E3,
4325764240,000002C0,false,Rx,1,8,18,80,00,00,5F,C0,FE,F3,
4325774055,000002C0,false,Rx,1,8,18,80,00,00,5F,C0,FE,03,
4325784242,000002C0,false,Rx,1,8,18,80,00,00,5F,C0,FE,13,
4325794056,000002C0,false,Rx,1,8,18,80,00,00,5F,C0,FE,23,
4325804243,000002C0,false,Rx,1,8,18,80,00,00,5F,C0,FE,33,
4325814055,000002C0,false,Rx,1,8,18,80,00,00,5F,C0,FE,43,
4325824244,000002C0,false,Rx,1,8,18,80,00,00,5F,C0,FE,53,
4325834057,000002C0,false,Rx,1,8,18,80,00,00,60,C0,FE,63,
4325844245,000002C0,false,Rx,1,8,18,80,00,00,60,C0,FE,73,
4325854059,000002C0,false,Rx,1,8,18,80,00,00,60,C0,FE,83,
4325864245,000002C0,false,Rx,1,8,18,80,00,00,60,C0,FE,93,
4325874061,000002C0,false,Rx,1,8,18,80,00,00,60,C0,FE,A3,
4325884247,000002C0,false,Rx,1,8,18,80,00,00,60,C0,FE,B3,
4325894070,000002C0,false,Rx,1,8,18,80,00,00,60,C0,FE,C3,
4325898438,00000764,false,Rx,0,5,16,00,02,21,01,00,00,00,
4325904249,000002C0,false,Rx,1,8,18,80,00,00,60,C0,FE,D3,
4325913934,00000300,false,Rx,1,1,B7,00,00,00,00,00,00,00,
4325914174,000002C0,false,Rx,1,8,18,80,00,00,60,C0,FE,E3,
4325924246,00000300,false,Rx,1,8,2E,00,0E,61,01,1A,00,24,
4325924470,000002C0,false,Rx,1,8,18,80,00,00,60,C0,FE,F3,
4325934060,00000300,false,Rx,1,8,2F,1A,00,28,06,64,02,25,
4325934309,000002C0,false,Rx,1,8,18,80,00,00,60,C0,FE,03,
4325944147,00000300,false,Rx,1,3,10,00,00,00,00,00,00,00,
4325944388,000002C0,false,Rx,1,8,18,80,00,00,60,C0,FE,13,
4325949582,00000764,false,Rx,0,1,B1,00,00,00,00,00,00,00,
4325954060,000002C0,false,Rx,1,8,18,80,00,00,60,C0,FE,23,
4325964246,000002C0,false,Rx,1,8,18,80,00,00,60,C0,FE,33,
4325974064,000002C0,false,Rx,1,8,18,80,00,00,60,C0,FE,43,
4325984246,000002C0,false,Rx,1,8,18,80,00,00,60,C0,FE,53,
4325994066,000002C0,false,Rx,1,8,18,80,00,00,60,C0,FE,63,
4326004253,000002C0,false,Rx,1,8,18,80,00,00,60,C0,FE,73,
4326014066,000002C0,false,Rx,1,8,18,80,00,00,60,C0,FE,83,
4326024246,000002C0,false,Rx,1,8,18,80,00,00,60,C0,FE,93,
4326034066,000002C0,false,Rx,1,8,18,80,00,00,60,C0,FE,A3,
4326044246,000002C0,false,Rx,1,8,18,80,00,00,60,C0,FE,B3,
4326054065,000002C0,false,Rx,1,8,18,80,00,00,60,C0,FE,C3,
4326064246,000002C0,false,Rx,1,8,18,80,00,00,60,C0,FE,D3,
4326074067,000002C0,false,Rx,1,8,18,80,00,00,60,C0,FE,E3,
4326084246,000002C0,false,Rx,1,8,18,80,00,00,60,C0,FE,F3,
4326094067,000002C0,false,Rx,1,8,18,80,00,00,61,C0,FE,03,
4326104250,000002C0,false,Rx,1,8,18,80,00,00,61,C0,FE,13,
4326114071,000002C0,false,Rx,1,8,18,80,00,00,61,C0,FE,23,
4326124246,000002C0,false,Rx,1,8,18,80,00,00,61,C0,FE,33,
4326134068,000002C0,false,Rx,1,8,18,80,00,00,61,C0,FE,43,
4326140500,00000764,false,Rx,0,1,A3,00,00,00,00,00,00,00,
4326144246,000002C0,false,Rx,1,8,18,80,00,00,61,C0,FE,53,
4326154030,00000300,false,Rx,1,6,A1,0F,8A,FF,4A,FF,00,00,
4326154274,000002C0,false,Rx,1,8,18,80,00,00,61,C0,FE,63,
4326159524,00000764,false,Rx,0,5,17,00,02,21,01,00,00,00,
4326164248,000002C0,false,Rx,1,8,18,80,00,00,61,C0,FE,73,
4326173944,00000300,false,Rx,1,1,B8,00,00,00,00,00,00,00,
4326174187,000002C0,false,Rx,1,8,18,80,00,00,61,C0,FE,83,
4326184246,00000300,false,Rx,1,8,21,00,0E,61,01,1A,00,25,
4326184476,000002C0,false,Rx,1,8,18,80,00,00,61,C0,FE,93,
4326194071,00000300,false,Rx,1,8,22,1A,00,28,06,64,02,25,
4326194319,000002C0,false,Rx,1,8,18,80,00,00,61,C0,FE,A3,
4326204167,00000300,false,Rx,1,3,13,00,00,00,00,00,00,00,
4326204399,000002C0,false,Rx,1,8,18,80,00,00,61,C0,FE,B3,
4326209398,00000764,false,Rx,0,1,B4,00,00,00,00,00,00,00,
4326214089,000002C0,false,Rx,1,8,18,80,00,00,61,C0,FE,C3,
4326224254,000002C0,false,Rx,1,8,18,80,00,00,61,C0,FE,D3,
4326234071,000002C0,false,Rx,1,8,18,80,00,00,61,C0,FE,E3,
4326244247,000002C0,false,Rx,1,8,18,80,00,00,61,C0,FE,F3,
4326254075,000002C0,false,Rx,1,8,18,80,00,00,61,C0,FE,03,
4326264248,000002C0,false,Rx,1,8,18,80,00,00,61,C0,FE,13,
4326274075,000002C0,false,Rx,1,8,18,80,00,00,61,C0,FE,23,
4326284247,000002C0,false,Rx,1,8,18,80,00,00,61,C0,FE,33,
4326294075,000002C0,false,Rx,1,8,18,80,00,00,61,C0,FE,43,
4326304263,000002C0,false,Rx,1,8,18,80,00,00,61,C0,FE,53,
4326314080,000002C0,false,Rx,1,8,18,80,00,00,61,C0,FE,63,
4326324247,000002C0,false,Rx,1,8,18,80,00,00,61,C0,FE,73,
4326334080,000002C0,false,Rx,1,8,18,80,00,00,61,C0,FE,83,
4326344248,000002C0,false,Rx,1,8,18,80,00,00,61,C0,FE,93,
4326354079,000002C0,false,Rx,1,8,18,80,00,00,61,C0,FE,A3,
4326364248,000002C0,false,Rx,1,8,18,80,00,00,61,C0,FE,B3,
4326374081,000002C0,false,Rx,1,8,18,80,00,00,62,C0,FE,C3,
4326384251,000002C0,false,Rx,1,8,18,80,00,00,62,C0,FE,D3,
4326394079,000002C0,false,Rx,1,8,18,80,00,00,62,C0,FE,E3,
4326402399,00000764,false,Rx,0,5,18,00,02,21,01,00,00,00,
4326404249,000002C0,false,Rx,1,8,18,80,00,00,62,C0,FE,F3,
4326413960,00000300,false,Rx,1,1,B9,00,00,00,00,00,00,00,
4326414195,000002C0,false,Rx,1,8,18,80,00,00,62,C0,FE,03,
4326424261,00000300,false,Rx,1,8,24,00,0E,61,01,1A,00,26,
4326424489,000002C0,false,Rx,1,8,18,80,00,00,62,C0,FE,13,
4326434085,00000300,false,Rx,1,8,25,1A,00,28,06,64,02,25,
4326434324,000002C0,false,Rx,1,8,18,80,00,00,62,C0,FE,23,
4326444171,00000300,false,Rx,1,3,16,00,00,00,00,00,00,00,
4326444413,000002C0,false,Rx,1,8,18,80,00,00,62,C0,FE,33,
4326449177,00000764,false,Rx,0,1,B7,00,00,00,00,00,00,00,
4326454086,000002C0,false,Rx,1,8,18,80,00,00,62,C0,FE,43,
4326464252,000002C0,false,Rx,1,8,18,80,00,00,62,C0,FE,53,
4326474082,000002C0,false,Rx,1,8,18,80,00,00,62,C0,FE,63,
4326484257,000002C0,false,Rx,1,8,18,80,00,00,62,C0,FE,73,
4326494089,000002C0,false,Rx,1,8,18,80,00,00,63,C0,FE,83,
4326504258,000002C0,false,Rx,1,8,18,80,00,00,63,C0,FE,93,
4326514096,000002C0,false,Rx,1,8,18,80,00,00,63,C0,FE,A3,
4326524257,000002C0,false,Rx,1,8,18,80,00,00,63,C0,FE,B3,
4326534085,000002C0,false,Rx,1,8,18,80,00,00,63,C0,FE,C3,
4326544258,000002C0,false,Rx,1,8,18,80,00,00,63,C0,FE,D3,
4326554086,000002C0,false,Rx,1,8,18,80,00,00,63,C0,FE,E3,
4326564257,000002C0,false,Rx,1,8,18,80,00,00,63,C0,FE,F3,
4326574091,000002C0,false,Rx,1,8,18,80,00,00,63,C0,FE,03,
4326584258,000002C0,false,Rx,1,8,18,80,00,00,63,C0,FE,13,
4326594090,000002C0,false,Rx,1,8,18,80,00,00,63,C0,FE,23,
4326604258,000002C0,false,Rx,1,8,18,80,00,00,63,C0,FE,33,
4326614097,000002C0,false,Rx,1,8,18,80,00,00,63,C0,FE,43,
4326624260,000002C0,false,Rx,1,8,18,80,00,00,63,C0,FE,53,
4326634090,000002C0,false,Rx,1,8,18,80,00,00,63,C0,FE,63,
4326643041,00000764,false,Rx,0,1,A3,00,00,00,00,00,00,00,
4326644261,000002C0,false,Rx,1,8,18,80,00,00,63,C0,FE,73,
4326654054,00000300,false,Rx,1,6,A1,0F,8A,FF,4A,FF,00,00,
4326654294,000002C0,false,Rx,1,8,18,80,00,00,63,C0,FE,83,
4326659123,00000764,false,Rx,0,5,19,00,02,21,01,00,00,00,
4326664267,000002C0,false,Rx,1,8,18,80,00,00,63,C0,FE,93,
4326673967,00000300,false,Rx,1,1,BA,00,00,00,00,00,00,00,
4326674208,000002C0,false,Rx,1,8,18,80,00,00,63,C0,FE,A3,
4326684265,00000300,false,Rx,1,8,27,00,0E,61,01,1A,00,27,
4326684506,000002C0,false,Rx,1,8,18,80,00,00,63,C0,FE,B3,
4326694097,00000300,false,Rx,1,8,28,1A,00,28,06,64,02,25,
4326694338,000002C0,false,Rx,1,8,18,80,00,00,63,C0,FE,C3,
4326704180,00000300,false,Rx,1,3,19,00,00,00,00,00,00,00,
4326704421,000002C0,false,Rx,1,8,18,80,00,00,63,C0,FE,D3,
4326708911,00000764,false,Rx,0,1,BA,00,00,00,00,00,00,00,
4326714100,000002C0,false,Rx,1,8,18,80,00,00,63,C0,FE,E3,
4326724274,000002C0,false,Rx,1,8,18,80,00,00,63,C0,FE,F3,
4326734097,000002C0,false,Rx,1,8,18,80,00,00,63,C0,FE,03,
4326744266,000002C0,false,Rx,1,8,18,80,00,00,63,C0,FE,13,
4326754098,000002C0,false,Rx,1,8,18,80,00,00,63,C0,FE,23,
4326764265,000002C0,false,Rx,1,8,18,80,00,00,63,C0,FE,33,
4326774098,000002C0,false,Rx,1,8,18,80,00,00,63,C0,FE,43,
4326784267,000002C0,false,Rx,1,8,18,80,00,00,63,C0,FE,53,
4326794097,000002C0,false,Rx,1,8,18,80,00,00,63,C0,FE,63,
4326804270,000002C0,false,Rx,1,8,18,80,00,00,63,C0,FE,73,
4326814101,000002C0,false,Rx,1,8,18,80,00,00,63,C0,FE,83,
4326824273,000002C0,false,Rx,1,8,18,80,00,00,63,C0,FE,93,
4326834102,000002C0,false,Rx,1,8,18,80,00,00,63,C0,FE,A3,
4326844270,000002C0,false,Rx,1,8,18,80,00,00,63,C0,FE,B3,
4326854101,000002C0,false,Rx,1,8,18,80,00,00,63,C0,FE,C3,
4326864272,000002C0,false,Rx,1,8,18,80,00,00,63,C0,FE,D3,
4326874100,000002C0,false,Rx,1,8,18,80,00,00,64,C0,FE,E3,
4326884272,000002C0,false,Rx,1,8,18,80,00,00,64,C0,FE,F3,
4326894104,000002C0,false,Rx,1,8,18,80,00,00,64,C0,FE,03,
4326904272,000002C0,false,Rx,1,8,18,80,00,00,64,C0,FE,13,
4326907242,00000764,false,Rx,0,5,1A,00,02,21,01,00,00,00,
4326914106,000002C0,false,Rx,1,8,18,80,00,00,64,C0,FE,23,
4326924153,00000300,false,Rx,1,1,BB,00,00,00,00,00,00,00,
4326924388,000002C0,false,Rx,1,8,18,80,00,00,64,C0,FE,33,
4326934105,00000300,false,Rx,1,8,2A,00,0E,61,01,1A,00,28,
4326934344,000002C0,false,Rx,1,8,18,80,00,00,64,C0,FE,43,
4326944278,00000300,false,Rx,1,8,2B,1A,00,28,06,64,02,25,
4326944516,000002C0,false,Rx,1,8,18,80,00,00,64,C0,FE,53,
4326954022,00000300,false,Rx,1,3,1C,00,00,00,00,00,00,00,
4326954271,000002C0,false,Rx,1,8,18,80,00,00,64,C0,FE,63,
4326958731,00000764,false,Rx,0,1,BD,00,00,00,00,00,00,00,
4326964274,000002C0,false,Rx,1,8,18,80,00,00,64,C0,FE,73,
4326974112,000002C0,false,Rx,1,8,18,80,00,00,64,C0,FE,83,
4326984276,000002C0,false,Rx,1,8,18,80,00,00,64,C0,FE,93,
4326994108,000002C0,false,Rx,1,8,18,80,00,00,64,C0,FE,A3,
4327004279,000002C0,false,Rx,1,8,18,80,00,00,64,C0,FE,B3,
4327014110,000002C0,false,Rx,1,8,18,80,00,00,64,C0,FE,C3,
4327024292,000002C0,false,Rx,1,8,18,80,00,00,64,C0,FE,D3,
4327034110,000002C0,false,Rx,1,8,18,80,00,00,65,C0,FE,E3,
4327044281,000002C0,false,Rx,1,8,18,80,00,00,65,C0,FE,F3,
4327054144,000002C0,false,Rx,1,8,18,80,00,00,65,C0,FE,03,
4327064293,000002C0,false,Rx,1,8,18,80,00,00,65,C0,FE,13,
4327074114,000002C0,false,Rx,1,8,18,80,00,00,65,C0,FE,23,
4327084281,000002C0,false,Rx,1,8,18,80,00,00,65,C0,FE,33,
4327094112,000002C0,false,Rx,1,8,18,80,00,00,65,C0,FE,43,
4327104285,000002C0,false,Rx,1,8,18,80,00,00,65,C0,FE,53,
4327114116,000002C0,false,Rx,1,8,18,80,00,00,65,C0,FE,63,
4327124299,000002C0,false,Rx,1,8,18,80,00,00,65,C0,FE,73,
4327134122,000002C0,false,Rx,1,8,18,80,00,00,65,C0,FE,83,
4327144284,000002C0,false,Rx,1,8,18,80,00,00,65,C0,FE,93,
4327154116,000002C0,false,Rx,1,8,18,80,00,00,65,C0,FE,A3,
4327164163,00000764,false,Rx,0,1,A3,00,00,00,00,00,00,00,
4327164286,000002C0,false,Rx,1,8,18,80,00,00,65,C0,FE,B3,
4327174118,000002C0,false,Rx,1,8,18,80,00,00,65,C0,FE,C3,
4327184248,00000300,false,Rx,1,6,A1,0F,8A,FF,4A,FF,00,00,
4327184485,000002C0,false,Rx,1,8,18,80,00,00,65,C0,FE,D3,
4327189432,00000764,false,Rx,0,5,1B,00,02,21,01,00,00,00,
4327194125,000002C0,false,Rx,1,8,18,80,00,00,65,C0,FE,E3,
4327204162,00000300,false,Rx,1,1,BC,00,00,00,00,00,00,00,
4327204403,000002C0,false,Rx,1,8,18,80,00,00,65,C0,FE,F3,
4327214118,00000300,false,Rx,1,8,2D,00,0E,61,01,1A,00,29,
4327214367,000002C0,false,Rx,1,8,18,80,00,00,65,C0,FE,03,
4327224310,00000300,false,Rx,1,8,2E,1A,00,29,06,64,02,25,
4327224533,000002C0,false,Rx,1,8,18,80,00,00,65,C0,FE,13,
4327234039,00000300,false,Rx,1,3,1F,00,00,00,00,00,00,00,
4327234279,000002C0,false,Rx,1,8,18,80,00,00,65,C0,FE,23,
4327239337,00000764,false,Rx,0,1,B0,00,00,00,00,00,00,00,
4327244288,000002C0,false,Rx,1,8,18,80,00,00,65,C0,FE,33,
4327254119,000002C0,false,Rx,1,8,18,80,00,00,65,C0,FE,43,
4327264292,000002C0,false,Rx,1,8,18,80,00,00,65,C0,FE,53,
4327274123,000002C0,false,Rx,1,8,18,80,00,00,65,C0,FE,63,
4327284290,000002C0,false,Rx,1,8,18,80,00,00,65,C0,FE,73,
4327294124,000002C0,false,Rx,1,8,18,80,00,00,66,C0,FE,83,
4327304294,000002C0,false,Rx,1,8,18,80,00,00,66,C0,FE,93,
4327314124,000002C0,false,Rx,1,8,18,80,00,00,66,C0,FE,A3,
4327324292,000002C0,false,Rx,1,8,18,80,00,00,66,C0,FE,B3,
4327334128,000002C0,false,Rx,1,8,18,80,00,00,66,C0,FE,C3,
4327344295,000002C0,false,Rx,1,8,18,80,00,00,66,C0,FE,D3,
4327354125,000002C0,false,Rx,1,8,18,80,00,00,66,C0,FE,E3,
4327364293,000002C0,false,Rx,1,8,18,80,00,00,66,C0,FE,F3,
4327374131,000002C0,false,Rx,1,8,18,80,00,00,66,C0,FE,03,
4327384294,000002C0,false,Rx,1,8,18,80,00,00,66,C0,FE,13,
4327394125,000002C0,false,Rx,1,8,18,80,00,00,66,C0,FE,23,
4327404295,000002C0,false,Rx,1,8,18,80,00,00,66,C0,FE,33,
4327414127,000002C0,false,Rx,1,8,18,80,00,00,66,C0,FE,43,
4327424298,000002C0,false,Rx,1,8,18,80,00,00,66,C0,FE,53,
4327434130,000002C0,false,Rx,1,8,18,80,00,00,66,C0,FE,63,
4327441796,00000764,false,Rx,0,5,1C,00,02,21,01,00,00,00,
4327444300,000002C0,false,Rx,1,8,18,80,00,00,66,C0,FE,73,
4327454002,00000300,false,Rx,1,1,BD,00,00,00,00,00,00,00,
4327454265,000002C0,false,Rx,1,8,18,80,00,00,66,C0,FE,83,
4327464302,00000300,false,Rx,1,8,20,00,0E,61,01,1A,00,2A,
4327464545,000002C0,false,Rx,1,8,18,80,00,00,66,C0,FE,93,
4327474135,00000300,false,Rx,1,8,21,1A,00,2A,06,64,02,25,
4327474374,000002C0,false,Rx,1,8,18,80,00,00,67,C0,FE,A3,
4327484237,00000300,false,Rx,1,3,12,00,00,00,00,00,00,00,
4327484458,000002C0,false,Rx,1,8,18,80,00,00,67,C0,FE,B3,
4327489125,00000764,false,Rx,0,1,B3,00,00,00,00,00,00,00,
4327494140,000002C0,false,Rx,1,8,18,80,00,00,67,C0,FE,C3,
4327504302,000002C0,false,Rx,1,8,18,80,00,00,67,C0,FE,D3,
4327514135,000002C0,false,Rx,1,8,18,80,00,00,67,C0,FE,E3,
4327524303,000002C0,false,Rx,1,8,18,80,00,00,67,C0,FE,F3,
4327534163,000002C0,false,Rx,1,8,18,80,00,00,67,C0,FE,03,
4327544303,000002C0,false,Rx,1,8,18,80,00,00,67,C0,FE,13,
4327554138,000002C0,false,Rx,1,8,18,80,00,00,67,C0,FE,23,
4327564305,000002C0,false,Rx,1,8,18,80,00,00,67,C0,FE,33,
4327574136,000002C0,false,Rx,1,8,18,80,00,00,67,C0,FE,43,
4327584307,000002C0,false,Rx,1,8,18,80,00,00,67,C0,FE,53,
4327594141,000002C0,false,Rx,1,8,18,80,00,00,67,C0,FE,63,
4327604309,000002C0,false,Rx,1,8,18,80,00,00,67,C0,FE,73,
4327614141,000002C0,false,Rx,1,8,18,80,00,00,67,C0,FE,83,
4327624307,000002C0,false,Rx,1,8,18,80,00,00,67,C0,FE,93,
4327634149,000002C0,false,Rx,1,8,18,80,00,00,67,C0,FE,A3,
4327644310,000002C0,false,Rx,1,8,18,80,00,00,67,C0,FE,B3,
4327654139,000002C0,false,Rx,1,8,18,80,00,00,68,C0,FE,C3,
4327664310,000002C0,false,Rx,1,8,18,80,00,00,68,C0,FE,D3,
4327674140,000002C0,false,Rx,1,8,18,80,00,00,68,C0,FE,E3,
4327684310,000002C0,false,Rx,1,8,18,80,00,00,68,C0,FE,F3,
4327685076,00000764,false,Rx,0,1,A3,00,00,00,00,00,00,00,
4327694144,000002C0,false,Rx,1,8,18,80,00,00,68,C0,FE,03,
4327704272,00000300,false,Rx,1,6,A1,0F,8A,FF,4A,FF,00,00,
4327704513,000002C0,false,Rx,1,8,18,80,00,00,68,C0,FE,13,
4327709010,00000764,false,Rx,0,5,1D,00,02,21,01,00,00,00,
4327714149,000002C0,false,Rx,1,8,18,80,00,00,68,C0,FE,23,
4327724191,00000300,false,Rx,1,1,BE,00,00,00,00,00,00,00,
4327724426,000002C0,false,Rx,1,8,18,80,00,00,68,C0,FE,33,
4327734141,00000300,false,Rx,1,8,23,00,0E,61,01,1A,00,2C,
4327734381,000002C0,false,Rx,1,8,18,80,00,00,68,C0,FE,43,
4327744318,00000300,false,Rx,1,8,24,1A,00,2C,06,64,02,25,
4327744554,000002C0,false,Rx,1,8,18,80,00,00,68,C0,FE,53,
4327754061,00000300,false,Rx,1,3,15,00,00,00,00,00,00,00,
4327754299,000002C0,false,Rx,1,8,18,80,00,00,68,C0,FE,63,
4327758874,00000764,false,Rx,0,1,B6,00,00,00,00,00,00,00,
4327764313,000002C0,false,Rx,1,8,18,80,00,00,68,C0,FE,73,
4327774147,000002C0,false,Rx,1,8,18,80,00,00,68,C0,FE,83,
4327784313,000002C0,false,Rx,1,8,18,80,00,00,68,C0,FE,93,
4327794148,000002C0,false,Rx,1,8,18,80,00,00,68,C0,FE,A3,
4327804315,000002C0,false,Rx,1,8,18,80,00,00,68,C0,FE,B3,
4327814146,000002C0,false,Rx,1,8,18,80,00,00,68,C0,FE,C3,
4327824317,000002C0,false,Rx,1,8,18,80,00,00,68,C0,FE,D3,
4327834149,000002C0,false,Rx,1,8,18,80,00,00,68,C0,FE,E3,
4327844324,000002C0,false,Rx,1,8,18,80,00,00,68,C0,FE,F3,
4327854148,000002C0,false,Rx,1,8,18,80,00,00,68,C0,FE,03,
4327864320,000002C0,false,Rx,1,8,18,80,00,00,68,C0,FE,13,
4327874148,000002C0,false,Rx,1,8,18,80,00,00,68,C0,FE,23,
4327884319,000002C0,false,Rx,1,8,18,80,00,00,68,C0,FE,33,
4327894153,000002C0,false,Rx,1,8,18,80,00,00,68,C0,FE,43,
4327904322,000002C0,false,Rx,1,8,18,80,00,00,68,C0,FE,53,
4327914152,000002C0,false,Rx,1,8,18,80,00,00,68,C0,FE,63,
4327924320,000002C0,false,Rx,1,8,18,80,00,00,68,C0,FE,73,
4327934155,000002C0,false,Rx,1,8,18,80,00,00,68,C0,FE,83,
4327944336,000002C0,false,Rx,1,8,18,80,00,00,68,C0,FE,93,
4327951405,00000764,false,Rx,0,5,1E,00,02,21,01,00,00,00,
4327954153,000002C0,false,Rx,1,8,18,80,00,00,68,C0,FE,A3,
4327964198,00000300,false,Rx,1,1,BF,00,00,00,00,00,00,00,
4327964436,000002C0,false,Rx,1,8,18,80,00,00,68,C0,FE,B3,
4327974151,00000300,false,Rx,1,8,26,00,0E,61,01,1A,00,2C,
4327974389,000002C0,false,Rx,1,8,18,80,00,00,68,C0,FE,C3,
4327984327,00000300,false,Rx,1,8,27,1A,00,2C,06,64,02,25,
4327984567,000002C0,false,Rx,1,8,18,80,00,00,68,C0,FE,D3,
4327994075,00000300,false,Rx,1,3,18,00,00,00,00,00,00,00,
4327994314,000002C0,false,Rx,1,8,18,80,00,00,68,C0,FE,E3,
4327998615,00000764,false,Rx,0,1,B9,00,00,00,00,00,00,00,
4328004326,000002C0,false,Rx,1,8,18,80,00,00,68,C0,FE,F3,
4328014157,000002C0,false,Rx,1,8,18,80,00,00,69,C0,FE,03,
4328024328,000002C0,false,Rx,1,8,18,80,00,00,69,C0,FE,13,
4328034157,000002C0,false,Rx,1,8,18,80,00,00,69,C0,FE,23,
4328044342,000002C0,false,Rx,1,8,18,80,00,00,69,C0,FE,33,
4328054158,000002C0,false,Rx,1,8,18,80,00,00,69,C0,FE,43,
4328064327,000002C0,false,Rx,1,8,18,80,00,00,69,C0,FE,53,
4328074159,000002C0,false,Rx,1,8,18,80,00,00,69,C0,FE,63,
4328084329,000002C0,false,Rx,1,8,18,80,00,00,69,C0,FE,73,
4328094162,000002C0,false,Rx,1,8,18,80,00,00,69,C0,FE,83,
4328104328,000002C0,false,Rx,1,8,18,80,00,00,69,C0,FE,93,
4328114160,000002C0,false,Rx,1,8,18,80,00,00,69,C0,FE,A3,
4328124334,000002C0,false,Rx,1,8,18,80,00,00,69,C0,FE,B3,
4328134159,000002C0,false,Rx,1,8,18,80,00,00,69,C0,FE,C3,
4328144331,000002C0,false,Rx,1,8,18,80,00,00,69,C0,FE,D3,
4328154167,000002C0,false,Rx,1,8,18,80,00,00,69,C0,FE,E3,
4328164333,000002C0,false,Rx,1,8,18,80,00,00,69,C0,FE,F3,
4328174163,000002C0,false,Rx,1,8,18,80,00,00,6A,C0,FE,03,
4328184335,000002C0,false,Rx,1,8,18,80,00,00,6A,C0,FE,13,
4328194165,000002C0,false,Rx,1,8,18,80,00,00,6A,C0,FE,23,
4328204335,000002C0,false,Rx,1,8,18,80,00,00,6A,C0,FE,33,
4328207030,00000764,false,Rx,0,1,A3,00,00,00,00,00,00,00,
4328214165,000002C0,false,Rx,1,8,18,80,00,00,6A,C0,FE,43,
4328224302,00000300,false,Rx,1,6,A1,0F,8A,FF,4A,FF,00,00,
4328224537,000002C0,false,Rx,1,8,18,80,00,00,6A,C0,FE,53,
4328229506,00000764,false,Rx,0,5,1F,00,02,21,01,00,00,00,
4328234174,000002C0,false,Rx,1,8,18,80,00,00,6A,C0,FE,63,
4328244232,00000300,false,Rx,1,1,B0,00,00,00,00,00,00,00,
4328244452,000002C0,false,Rx,1,8,18,80,00,00,6A,C0,FE,73,
4328254168,00000300,false,Rx,1,8,29,00,0E,61,01,1A,00,2E,
4328254406,000002C0,false,Rx,1,8,18,80,00,00,6A,C0,FE,83,
4328264340,00000300,false,Rx,1,8,2A,1A,00,2E,06,64,02,25,
4328264594,000002C0,false,Rx,1,8,18,80,00,00,6A,C0,FE,93,
4328274088,00000300,false,Rx,1,3,1B,00,00,00,00,00,00,00,
4328274327,000002C0,false,Rx,1,8,18,80,00,00,6A,C0,FE,A3,
4328279303,00000764,false,Rx,0,1,BC,00,00,00,00,00,00,00,
4328284336,000002C0,false,Rx,1,8,18,80,00,00,6A,C0,FE,B3,
4328294169,000002C0,false,Rx,1,8,18,80,00,00,6A,C0,FE,C3,
4328304339,000002C0,false,Rx,1,8,18,80,00,00,6A,C0,FE,D3,
4328314170,000002C0,false,Rx,1,8,18,80,00,00,6A,C0,FE,E3,
4328324338,000002C0,false,Rx,1,8,18,80,00,00,6A,C0,FE,F3,
4328334172,000002C0,false,Rx,1,8,18,80,00,00,6A,C0,FE,03,
4328344341,000002C0,false,Rx,1,8,18,80,00,00,6A,C0,FE,13,
4328354178,000002C0,false,Rx,1,8,18,80,00,00,6A,C0,FE,23,
4328364343,000002C0,false,Rx,1,8,18,80,00,00,6A,C0,FE,33,
4328374173,000002C0,false,Rx,1,8,18,80,00,00,6A,C0,FE,43,
4328384341,000002C0,false,Rx,1,8,18,80,00,00,6A,C0,FE,53,
4328394176,000002C0,false,Rx,1,8,18,80,00,00,6A,C0,FE,63,
4328404343,000002C0,false,Rx,1,8,18,80,00,00,6A,C0,FE,73,
4328414177,000002C0,false,Rx,1,8,18,80,00,00,6A,C0,FE,83,
4328424345,000002C0,false,Rx,1,8,18,80,00,00,6A,C0,FE,93,
4328434177,000002C0,false,Rx,1,8,18,80,00,00,6A,C0,FE,A3,
4328444344,000002C0,false,Rx,1,8,18,80,00,00,6A,C0,FE,B3,
4328454187,000002C0,false,Rx,1,8,18,80,00,00,6A,C0,FE,C3,
4328464347,000002C0,false,Rx,1,8,18,80,00,00,6A,C0,FE,D3,
4328474178,000002C0,false,Rx,1,8,18,80,00,00,6A,C0,FE,E3,
4328484345,000002C0,false,Rx,1,8,18,80,00,00,6A,C0,FE,F3,
4328489810,00000764,false,Rx,0,5,10,00,02,21,01,00,00,00,
4328494185,000002C0,false,Rx,1,8,18,80,00,00,6A,C0,FE,03,
4328504241,00000300,false,Rx,1,1,B1,00,00,00,00,00,00,00,
4328504462,000002C0,false,Rx,1,8,18,80,00,00,6A,C0,FE,13,
4328514178,00000300,false,Rx,1,8,2C,00,0E,61,01,1A,00,2E,
4328514416,000002C0,false,Rx,1,8,18,80,00,00,6A,C0,FE,23,
4328524350,00000300,false,Rx,1,8,2D,1A,00,2E,06,64,02,25,
4328524595,000002C0,false,Rx,1,8,18,80,00,00,6A,C0,FE,33,
4328534098,00000300,false,Rx,1,3,1E,00,00,00,00,00,00,00,
4328534342,000002C0,false,Rx,1,8,18,80,00,00,6B,C0,FE,43,
4328539026,00000764,false,Rx,0,1,BF,00,00,00,00,00,00,00,
4328544352,000002C0,false,Rx,1,8,18,80,00,00,6B,C0,FE,53,
4328554183,000002C0,false,Rx,1,8,18,80,00,00,6B,C0,FE,63,
4328564359,000002C0,false,Rx,1,8,18,80,00,00,6B,C0,FE,73,
4328574184,000002C0,false,Rx,1,8,18,80,00,00,6B,C0,FE,83,
4328584352,000002C0,false,Rx,1,8,18,80,00,00,6B,C0,FE,93,
4328594185,000002C0,false,Rx,1,8,18,80,00,00,6B,C0,FE,A3,
4328604354,000002C0,false,Rx,1,8,18,80,00,00,6B,C0,FE,B3,
4328614186,000002C0,false,Rx,1,8,18,80,00,00,6B,C0,FE,C3,
4328624354,000002C0,false,Rx,1,8,18,80,00,00,6B,C0,FE,D3,
4328634184,000002C0,false,Rx,1,8,18,80,00,00,6B,C0,FE,E3,
4328644355,000002C0,false,Rx,1,8,18,80,00,00,6B,C0,FE,F3,
4328654188,000002C0,false,Rx,1,8,18,80,00,00,6B,C0,FE,03,
4328664361,000002C0,false,Rx,1,8,18,80,00,00,6B,C0,FE,13,
4328674188,000002C0,false,Rx,1,8,18,80,00,00,6B,C0,FE,23,
4328684359,000002C0,false,Rx,1,8,18,80,00,00,6B,C0,FE,33,
4328694190,000002C0,false,Rx,1,8,18,80,00,00,6B,C0,FE,43,
4328704360,000002C0,false,Rx,1,8,18,80,00,00,6B,C0,FE,53,
4328714191,000002C0,false,Rx,1,8,18,80,00,00,6B,C0,FE,63,
4328724364,000002C0,false,Rx,1,8,18,80,00,00,6B,C0,FE,73,
4328734191,000002C0,false,Rx,1,8,18,80,00,00,6B,C0,FE,83,
4328744359,000002C0,false,Rx,1,8,18,80,00,00,6B,C0,FE,93,
4328745149,00000764,false,Rx,0,1,A3,00,00,00,00,00,00,00,
4328754189,000002C0,false,Rx,1,8,18,80,00,00,6C,C0,FE,A3,
4328764326,00000300,false,Rx,1,6,A1,0F,8A,FF,4A,FF,00,00,
4328764561,000002C0,false,Rx,1,8,18,80,00,00,6C,C0,FE,B3,
4328769812,00000764,false,Rx,0,5,11,00,02,21,01,00,00,00,
4328774199,000002C0,false,Rx,1,8,18,80,00,00,6C,C0,FE,C3,
4328784246,00000300,false,Rx,1,1,B2,00,00,00,00,00,00,00,
4328784475,000002C0,false,Rx,1,8,18,80,00,00,6C,C0,FE,D3,
4328794193,00000300,false,Rx,1,8,2F,00,0E,61,01,1A,00,30,
4328794432,000002C0,false,Rx,1,8,18,80,00,00,6C,C0,FE,E3,
4328804368,00000300,false,Rx,1,8,20,1A,00,30,06,64,02,25,
4328804606,000002C0,false,Rx,1,8,18,80,00,00,6C,C0,FE,F3,
4328814114,00000300,false,Rx,1,3,11,00,00,00,00,00,00,00,
4328814356,000002C0,false,Rx,1,8,18,80,00,00,6C,C0,FE,03,
4328818732,00000764,false,Rx,0,1,B2,00,00,00,00,00,00,00,
4328824364,000002C0,false,Rx,1,8,18,80,00,00,6C,C0,FE,13,
4328834194,000002C0,false,Rx,1,8,18,80,00,00,6C,C0,FE,23,
4328844364,000002C0,false,Rx,1,8,18,80,00,00,6C,C0,FE,33,
4328854196,000002C0,false,Rx,1,8,18,80,00,00,6C,C0,FE,43,
4328864378,000002C0,false,Rx,1,8,18,80,00,00,6C,C0,FE,53,
4328874197,000002C0,false,Rx,1,8,18,80,00,00,6C,C0,FE,63,
4328884367,000002C0,false,Rx,1,8,18,80,00,00,6C,C0,FE,73,
4328894200,000002C0,false,Rx,1,8,18,80,00,00,6C,C0,FE,83,
4328904372,000002C0,false,Rx,1,8,18,80,00,00,6C,C0,FE,93,
4328914199,000002C0,false,Rx,1,8,18,80,00,00,6C,C0,FE,A3,
4328924367,000002C0,false,Rx,1,8,18,80,00,00,6C,C0,FE,B3,
4328934201,000002C0,false,Rx,1,8,18,80,00,00,6C,C0,FE,C3,
4328944368,000002C0,false,Rx,1,8,18,80,00,00,6C,C0,FE,D3,
4328954200,000002C0,false,Rx,1,8,18,80,00,00,6C,C0,FE,E3,
4328964370,000002C0,false,Rx,1,8,18,80,00,00,6C,C0,FE,F3,
4328974208,000002C0,false,Rx,1,8,18,80,00,00,6C,C0,FE,03,
4328984372,000002C0,false,Rx,1,8,18,80,00,00,6C,C0,FE,13,
4328994205,000002C0,false,Rx,1,8,18,80,00,00,6C,C0,FE,23,
4329004373,000002C0,false,Rx,1,8,18,80,00,00,6C,C0,FE,33,
4329009318,00000764,false,Rx,0,5,12,00,02,21,01,00,00,00,
4329014207,000002C0,false,Rx,1,8,18,80,00,00,6C,C0,FE,43,
4329024248,00000300,false,Rx,1,1,B3,00,00,00,00,00,00,00,
4329024488,000002C0,false,Rx,1,8,18,80,00,00,6C,C0,FE,53,
4329034204,00000300,false,Rx,1,8,22,00,0E,61,01,1A,00,30,
4329034443,000002C0,false,Rx,1,8,18,80,00,00,6C,C0,FE,63,
4329044376,00000300,false,Rx,1,8,23,1A,00,30,06,64,02,25,
4329044616,000002C0,false,Rx,1,8,18,80,00,00,6C,C0,FE,73,
4329054125,00000300,false,Rx,1,3,14,00,00,00,00,00,00,00,
4329054365,000002C0,false,Rx,1,8,18,80,00,00,6C,C0,FE,83,
4329059494,00000764,false,Rx,0,1,B5,00,00,00,00,00,00,00,
4329064379,000002C0,false,Rx,1,8,18,80,00,00,6C,C0,FE,93,
4329074231,000002C0,false,Rx,1,8,18,80,00,00,6C,C0,FE,A3,
4329084375,000002C0,false,Rx,1,8,18,80,00,00,6C,C0,FE,B3,
4329094210,000002C0,false,Rx,1,8,18,80,00,00,6C,C0,FE,C3,
4329104377,000002C0,false,Rx,1,8,18,80,00,00,6C,C0,FE,D3,
4329114229,000002C0,false,Rx,1,8,18,80,00,00,6C,C0,FE,E3,
4329124377,000002C0,false,Rx,1,8,18,80,00,00,6C,C0,FE,F3,
4329134231,000002C0,false,Rx,1,8,18,80,00,00,6C,C0,FE,03,
4329144380,000002C0,false,Rx,1,8,18,80,00,00,6C,C0,FE,13,
4329154210,000002C0,false,Rx,1,8,18,80,00,00,6C,C0,FE,23,
4329164380,000002C0,false,Rx,1,8,18,80,00,00,6C,C0,FE,33,
4329174236,000002C0,false,Rx,1,8,18,80,00,00,6C,C0,FE,43,
4329184384,000002C0,false,Rx,1,8,18,80,00,00,6C,C0,FE,53,
4329194231,000002C0,false,Rx,1,8,18,80,00,00,6C,C0,FE,63,
4329204384,000002C0,false,Rx,1,8,18,80,00,00,6C,C0,FE,73,
4329214234,000002C0,false,Rx,1,8,18,80,00,00,6D,C0,FE,83,
4329224390,000002C0,false,Rx,1,8,18,80,00,00,6D,C0,FE,93,
4329234231,000002C0,false,Rx,1,8,18,80,00,00,6D,C0,FE,A3,
4329244385,000002C0,false,Rx,1,8,18,80,00,00,6D,C0,FE,B3,
4329249799,00000764,false,Rx,0,1,A3,00,00,00,00,00,00,00,
4329254234,000002C0,false,Rx,1,8,18,80,00,00,6D,C0,FE,C3,
4329264347,00000300,false,Rx,1,6,A1,0F,8A,FF,4A,FF,00,00,
4329264584,000002C0,false,Rx,1,8,18,80,00,00,6D,C0,FE,D3,
4329269372,00000764,false,Rx,0,5,13,00,02,21,01,00,00,00,
4329274253,000002C0,false,Rx,1,8,18,80,00,00,6D,C0,FE,E3,
4329284262,00000300,false,Rx,1,1,B4,00,00,00,00,00,00,00,
4329284501,000002C0,false,Rx,1,8,18,80,00,00,6D,C0,FE,F3,
4329294237,00000300,false,Rx,1,8,25,00,0E,61,01,1A,00,31,
4329294458,000002C0,false,Rx,1,8,18,80,00,00,6D,C0,FE,03,
4329304390,00000300,false,Rx,1,8,26,1A,00,31,06,64,02,25,
4329304628,000002C0,false,Rx,1,8,18,80,00,00,6D,C0,FE,13,
4329314137,00000300,false,Rx,1,3,17,00,00,00,00,00,00,00,
4329314376,000002C0,false,Rx,1,8,18,80,00,00,6D,C0,FE,23,
4329319204,00000764,false,Rx,0,1,B8,00,00,00,00,00,00,00,
4329324386,000002C0,false,Rx,1,8,18,80,00,00,6D,C0,FE,33,
4329334237,000002C0,false,Rx,1,8,18,80,00,00,6D,C0,FE,43,
4329344387,000002C0,false,Rx,1,8,18,80,00,00,6D,C0,FE,53,
4329354237,000002C0,false,Rx,1,8,18,80,00,00,6D,C0,FE,63,
4329364392,000002C0,false,Rx,1,8,18,80,00,00,6D,C0,FE,73,
4329374241,000002C0,false,Rx,1,8,18,80,00,00,6D,C0,FE,83,
4329384396,000002C0,false,Rx,1,8,18,80,00,00,6D,C0,FE,93,
4329394242,000002C0,false,Rx,1,8,18,80,00,00,6D,C0,FE,A3,
4329404394,000002C0,false,Rx,1,8,18,80,00,00,6D,C0,FE,B3,
4329414245,000002C0,false,Rx,1,8,18,80,00,00,6D,C0,FE,C3,
4329424391,000002C0,false,Rx,1,8,18,80,00,00,6D,C0,FE,D3,
4329434242,000002C0,false,Rx,1,8,18,80,00,00,6D,C0,FE,E3,
4329444395,000002C0,false,Rx,1,8,18,80,00,00,6D,C0,FE,F3,
4329454244,000002C0,false,Rx,1,8,18,80,00,00,6D,C0,FE,03,
4329464394,000002C0,false,Rx,1,8,18,80,00,00,6D,C0,FE,13,
4329474243,000002C0,false,Rx,1,8,18,80,00,00,6D,C0,FE,23,
4329484397,000002C0,false,Rx,1,8,18,80,00,00,6D,C0,FE,33,
4329494245,000002C0,false,Rx,1,8,18,80,00,00,6D,C0,FE,43,
4329504397,000002C0,false,Rx,1,8,18,80,00,00,6D,C0,FE,53,
4329514247,000002C0,false,Rx,1,8,18,80,00,00,6D,C0,FE,63,
4329516403,00000764,false,Rx,0,5,14,00,02,21,01,00,00,00,
4329524398,000002C0,false,Rx,1,8,18,80,00,00,6D,C0,FE,73,
4329534102,00000300,false,Rx,1,1,B5,00,00,00,00,00,00,00,
4329534342,000002C0,false,Rx,1,8,18,80,00,00,6D,C0,FE,83,
4329544398,00000300,false,Rx,1,8,28,00,0E,61,01,1A,00,31,
4329544640,000002C0,false,Rx,1,8,18,80,00,00,6D,C0,FE,93,
4329554246,00000300,false,Rx,1,8,29,1A,00,31,06,64,02,25,
4329554470,000002C0,false,Rx,1,8,18,80,00,00,6D,C0,FE,A3,
4329564318,00000300,false,Rx,1,3,1A,00,00,00,00,00,00,00,
4329564559,000002C0,false,Rx,1,8,18,80,00,00,6D,C0,FE,B3,
4329569000,00000764,false,Rx,0,1,BB,00,00,00,00,00,00,00,
4329574246,000002C0,false,Rx,1,8,18,80,00,00,6D,C0,FE,C3,
4329584403,000002C0,false,Rx,1,8,18,80,00,00,6D,C0,FE,D3,
4329594247,000002C0,false,Rx,1,8,18,80,00,00,6D,C0,FE,E3,
4329604404,000002C0,false,Rx,1,8,18,80,00,00,6D,C0,FE,F3,
4329614246,000002C0,false,Rx,1,8,18,80,00,00,6D,C0,FE,03,
4329624402,000002C0,false,Rx,1,8,18,80,00,00,6D,C0,FE,13,
4329634246,000002C0,false,Rx,1,8,18,80,00,00,6D,C0,FE,23,
4329644402,000002C0,false,Rx,1,8,18,80,00,00,6D,C0,FE,33,
4329654246,000002C0,false,Rx,1,8,18,80,00,00,6D,C0,FE,43,
4329664404,000002C0,false,Rx,1,8,18,80,00,00,6D,C0,FE,53,
4329674247,000002C0,false,Rx,1,8,18,80,00,00,6D,C0,FE,63,
4329684420,000002C0,false,Rx,1,8,18,80,00,00,6D,C0,FE,73,
4329694247,000002C0,false,Rx,1,8,18,80,00,00,6D,C0,FE,83,
4329704410,000002C0,false,Rx,1,8,18,80,00,00,6D,C0,FE,93,
4329714246,000002C0,false,Rx,1,8,18,80,00,00,6D,C0,FE,A3,
4329724414,000002C0,false,Rx,1,8,18,80,00,00,6D,C0,FE,B3,
4329734246,000002C0,false,Rx,1,8,18,80,00,00,6D,C0,FE,C3,
4329744408,000002C0,false,Rx,1,8,18,80,00,00,6D,C0,FE,D3,
4329754246,000002C0,false,Rx,1,8,18,80,00,00,6D,C0,FE,E3,
4329764411,000002C0,false,Rx,1,8,18,80,00,00,6D,C0,FE,F3,
4329768487,00000764,false,Rx,0,1,A3,00,00,00,00,00,00,00,
4329774247,000002C0,false,Rx,1,8,18,80,00,00,6D,C0,FE,03,
4329784438,00000300,false,Rx,1,6,A1,0F,8A,FF,4A,FF,00,00,
4329784614,000002C0,false,Rx,1,8,18,80,00,00,6D,C0,FE,13,
4329789840,00000764,false,Rx,0,5,15,00,02,21,01,00,00,00,
4329794249,000002C0,false,Rx,1,8,18,80,00,00,6D,C0,FE,23,
4329804286,00000300,false,Rx,1,1,B6,00,00,00,00,00,00,00,
4329804523,000002C0,false,Rx,1,8,18,80,00,00,6D,C0,FE,33,
4329814246,00000300,false,Rx,1,8,2B,00,0E,61,01,1A,00,31,
4329814482,000002C0,false,Rx,1,8,18,80,00,00,6D,C0,FE,43,
4329824416,00000300,false,Rx,1,8,2C,1A,00,31,06,64,02,25,
4329824654,000002C0,false,Rx,1,8,18,80,00,00,6D,C0,FE,53,
4329834160,00000300,false,Rx,1,3,1D,00,00,00,00,00,00,00,
4329834398,000002C0,false,Rx,1,8,18,80,00,00,6D,C0,FE,63,
4329838723,00000764,false,Rx,0,1,BE,00,00,00,00,00,00,00,
4329844414,000002C0,false,Rx,1,8,18,80,00,00,6D,C0,FE,73,
4329854247,000002C0,false,Rx,1,8,18,80,00,00,6D,C0,FE,83,
4329864417,000002C0,false,Rx,1,8,18,80,00,00,6D,C0,FE,93,
4329874246,000002C0,false,Rx,1,8,18,80,00,00,6D,C0,FE,A3,
4329884417,000002C0,false,Rx,1,8,18,80,00,00,6D,C0,FE,B3,
4329894251,000002C0,false,Rx,1,8,18,80,00,00,6D,C0,FE,C3,
4329904417,000002C0,false,Rx,1,8,18,80,00,00,6D,C0,FE,D3,
4329914248,000002C0,false,Rx,1,8,18,80,00,00,6D,C0,FE,E3,
4329924418,000002C0,false,Rx,1,8,18,80,00,00,6D,C0,FE,F3,
4329934254,000002C0,false,Rx,1,8,18,80,00,00,6D,C0,FE,03,
4329944417,000002C0,false,Rx,1,8,18,80,00,00,6D,C0,FE,13,
4329954249,000002C0,false,Rx,1,8,18,80,00,00,6D,C0,FE,23,
4329964419,000002C0,false,Rx,1,8,18,80,00,00,6D,C0,FE,33,
4329974248,000002C0,false,Rx,1,8,18,80,00,00,6D,C0,FE,43,
4329984420,000002C0,false,Rx,1,8,18,80,00,00,6D,C0,FE,53,
4329994254,000002C0,false,Rx,1,8,18,80,00,00,6D,C0,FE,63,
4330004422,000002C0,false,Rx,1,8,18,80,00,00,6D,C0,FE,73,
4330014257,000002C0,false,Rx,1,8,18,80,00,00,6D,C0,FE,83,
4330024426,000002C0,false,Rx,1,8,18,80,00,00,6D,C0,FE,93,
4330034256,000002C0,false,Rx,1,8,18,80,00,00,6D,C0,FE,A3,
4330035170,00000764,false,Rx,0,5,16,00,02,21,01,00,00,00,
4330044423,000002C0,false,Rx,1,8,18,80,00,00,6D,C0,FE,B3,
4330054127,00000300,false,Rx,1,1,B7,00,00,00,00,00,00,00,
4330054368,000002C0,false,Rx,1,8,18,80,00,00,6D,C0,FE,C3,
4330064422,00000300,false,Rx,1,8,2E,00,0E,61,01,1A,00,31,
4330064660,000002C0,false,Rx,1,8,18,80,00,00,6D,C0,FE,D3,
4330074257,00000300,false,Rx,1,8,2F,1A,00,31,06,64,02,25,
4330074495,000002C0,false,Rx,1,8,18,80,00,00,6D,C0,FE,E3,
4330084344,00000300,false,Rx,1,3,10,00,00,00,00,00,00,00,
4330084585,000002C0,false,Rx,1,8,18,80,00,00,6D,C0,FE,F3,
4330089405,00000764,false,Rx,0,1,B1,00,00,00,00,00,00,00,
4330094265,000002C0,false,Rx,1,8,18,80,00,00,6C,C0,FE,03,
4330104428,000002C0,false,Rx,1,8,18,80,00,00,6C,C0,FE,13,
4330114259,000002C0,false,Rx,1,8,18,80,00,00,6C,C0,FE,23,
4330124426,000002C0,false,Rx,1,8,18,80,00,00,6C,C0,FE,33,
4330134259,000002C0,false,Rx,1,8,18,80,00,00,6C,C0,FE,43,
4330144431,000002C0,false,Rx,1,8,18,80,00,00,6C,C0,FE,53,
4330154259,000002C0,false,Rx,1,8,18,80,00,00,6C,C0,FE,63,
4330164431,000002C0,false,Rx,1,8,18,80,00,00,6C,C0,FE,73,
4330174261,000002C0,false,Rx,1,8,18,80,00,00,6C,C0,FE,83,
4330184432,000002C0,false,Rx,1,8,18,80,00,00,6C,C0,FE,93,
4330194269,000002C0,false,Rx,1,8,18,80,00,00,6C,C0,FE,A3,
4330204433,000002C0,false,Rx,1,8,18,80,00,00,6C,C0,FE,B3,
4330214265,000002C0,false,Rx,1,8,18,80,00,00,6C,C0,FE,C3,
4330224437,000002C0,false,Rx,1,8,18,80,00,00,6C,C0,FE,D3,
4330234264,000002C0,false,Rx,1,8,18,80,00,00,6C,C0,FE,E3,
4330244433,000002C0,false,Rx,1,8,18,80,00,00,6C,C0,FE,F3,
4330254267,000002C0,false,Rx,1,8,18,80,00,00,6C,C0,FE,03,
4330264435,000002C0,false,Rx,1,8,18,80,00,00,6C,C0,FE,13,
4330274267,000002C0,false,Rx,1,8,18,80,00,00,6C,C0,FE,23,
4330284434,000002C0,false,Rx,1,8,18,80,00,00,6C,C0,FE,33,
4330294266,000002C0,false,Rx,1,8,18,80,00,00,6C,C0,FE,43,
4330301181,00000764,false,Rx,0,1,A3,00,00,00,00,00,00,00,
4330304441,000002C0,false,Rx,1,8,18,80,00,00,6C,C0,FE,53,
4330314271,00000300,false,Rx,1,6,A1,0F,8A,FF,4A,FF,00,00,
4330314469,000002C0,false,Rx,1,8,18,80,00,00,6C,C0,FE,63,
4330319291,00000764,false,Rx,0,5,17,00,02,21,01,00,00,00,
4330324444,000002C0,false,Rx,1,8,18,80,00,00,6C,C0,FE,73,
4330334142,00000300,false,Rx,1,1,B8,00,00,00,00,00,00,00,
4330334382,000002C0,false,Rx,1,8,18,80,00,00,6C,C0,FE,83,
4330344436,00000300,false,Rx,1,8,21,00,0E,61,01,1A,00,30,
4330344682,000002C0,false,Rx,1,8,18,80,00,00,6C,C0,FE,93,
4330354270,00000300,false,Rx,1,8,22,1A,00,31,06,64,02,25,
4330354508,000002C0,false,Rx,1,8,18,80,00,00,6C,C0,FE,A3,
4330364358,00000300,false,Rx,1,3,13,00,00,00,00,00,00,00,
4330364596,000002C0,false,Rx,1,8,18,80,00,00,6C,C0,FE,B3,
4330369085,00000764,false,Rx,0,1,B4,00,00,00,00,00,00,00,
4330374271,000002C0,false,Rx,1,8,18,80,00,00,6C,C0,FE,C3,
4330384440,000002C0,false,Rx,1,8,18,80,00,00,6C,C0,FE,D3,
4330394273,000002C0,false,Rx,1,8,18,80,00,00,6C,C0,FE,E3,
4330404446,000002C0,false,Rx,1,8,18,80,00,00,6C,C0,FE,F3,
4330414277,000002C0,false,Rx,1,8,18,80,00,00,6C,C0,FE,03,
4330424442,000002C0,false,Rx,1,8,18,80,00,00,6C,C0,FE,13,
4330434272,000002C0,false,Rx,1,8,18,80,00,00,6C,C0,FE,23,
4330444441,000002C0,false,Rx,1,8,18,80,00,00,6C,C0,FE,33,
4330454274,000002C0,false,Rx,1,8,18,80,00,00,6C,C0,FE,43,
4330464448,000002C0,false,Rx,1,8,18,80,00,00,6C,C0,FE,53,
4330474274,000002C0,false,Rx,1,8,18,80,00,00,6C,C0,FE,63,
4330484445,000002C0,false,Rx,1,8,18,80,00,00,6C,C0,FE,73,
4330494281,000002C0,false,Rx,1,8,18,80,00,00,6C,C0,FE,83,
4330504462,000002C0,false,Rx,1,8,18,80,00,00,6C,C0,FE,93,
4330514280,000002C0,false,Rx,1,8,18,80,00,00,6C,C0,FE,A3,
4330524446,000002C0,false,Rx,1,8,18,80,00,00,6C,C0,FE,B3,
4330534280,000002C0,false,Rx,1,8,18,80,00,00,6C,C0,FE,C3,
4330544447,000002C0,false,Rx,1,8,18,80,00,00,6C,C0,FE,D3,
4330554280,000002C0,false,Rx,1,8,18,80,00,00,6C,C0,FE,E3,
4330558816,00000764,false,Rx,0,5,18,00,02,21,01,00,00,00,
4330564447,000002C0,false,Rx,1,8,18,80,00,00,6C,C0,FE,F3,
4330574154,00000300,false,Rx,1,1,B9,00,00,00,00,00,00,00,
4330574396,000002C0,false,Rx,1,8,18,80,00,00,6C,C0,FE,03,
4330584452,00000300,false,Rx,1,8,24,00,0E,61,01,1A,00,30,
4330584692,000002C0,false,Rx,1,8,18,80,00,00,6C,C0,FE,13,
4330594287,00000300,false,Rx,1,8,25,1A,00,31,06,64,02,25,
4330594525,000002C0,false,Rx,1,8,18,80,00,00,6C,C0,FE,23,
4330604379,00000300,false,Rx,1,3,16,00,00,00,00,00,00,00,
4330604607,000002C0,false,Rx,1,8,18,80,00,00,6C,C0,FE,33,
4330608939,00000764,false,Rx,0,1,B7,00,00,00,00,00,00,00,
4330614284,000002C0,false,Rx,1,8,18,80,00,00,6C,C0,FE,43,
4330624456,000002C0,false,Rx,1,8,18,80,00,00,6C,C0,FE,53,
4330634282,000002C0,false,Rx,1,8,18,80,00,00,6C,C0,FE,63,
4330644455,000002C0,false,Rx,1,8,18,80,00,00,6C,C0,FE,73,
4330654286,000002C0,false,Rx,1,8,18,80,00,00,6C,C0,FE,83,
4330664457,000002C0,false,Rx,1,8,18,80,00,00,6C,C0,FE,93,
4330674283,000002C0,false,Rx,1,8,18,80,00,00,6C,C0,FE,A3,
4330684455,000002C0,false,Rx,1,8,18,80,00,00,6C,C0,FE,B3,
4330694287,000002C0,false,Rx,1,8,18,80,00,00,6C,C0,FE,C3,
4330704456,000002C0,false,Rx,1,8,18,80,00,00,6C,C0,FE,D3,
4330714294,000002C0,false,Rx,1,8,18,80,00,00,6C,C0,FE,E3,
4330724461,000002C0,false,Rx,1,8,18,80,00,00,6C,C0,FE,F3,
4330734291,000002C0,false,Rx,1,8,18,80,00,00,6C,C0,FE,03,
4330744459,000002C0,false,Rx,1,8,18,80,00,00,6C,C0,FE,13,
4330754287,000002C0,false,Rx,1,8,18,80,00,00,6C,C0,FE,23,
4330764459,000002C0,false,Rx,1,8,18,80,00,00,6C,C0,FE,33,
4330774291,000002C0,false,Rx,1,8,18,80,00,00,6C,C0,FE,43,
4330784463,000002C0,false,Rx,1,8,18,80,00,00,6C,C0,FE,53,
4330794290,000002C0,false,Rx,1,8,18,80,00,00,6C,C0,FE,63,
4330804461,000002C0,false,Rx,1,8,18,80,00,00,6C,C0,FE,73,
4330814295,000002C0,false,Rx,1,8,18,80,00,00,6C,C0,FE,83,
4330815495,00000764,false,Rx,0,1,A3,00,00,00,00,00,00,00,
4330824466,000002C0,false,Rx,1,8,18,80,00,00,6C,C0,FE,93,
4330834257,00000300,false,Rx,1,6,A1,0F,8A,FF,4A,FF,00,00,
4330834493,000002C0,false,Rx,1,8,18,80,00,00,6C,C0,FE,A3,
4330839649,00000764,false,Rx,0,5,19,00,02,21,01,00,00,00,
4330844469,000002C0,false,Rx,1,8,18,80,00,00,6C,C0,FE,B3,
4330854168,00000300,false,Rx,1,1,BA,00,00,00,00,00,00,00,
4330854408,000002C0,false,Rx,1,8,18,80,00,00,6C,C0,FE,C3,
4330864465,00000300,false,Rx,1,8,27,00,0E,61,01,1A,00,30,
4330864704,000002C0,false,Rx,1,8,18,80,00,00,6C,C0,FE,D3,
4330874298,00000300,false,Rx,1,8,28,1A,00,31,06,64,02,25,
4330874538,000002C0,false,Rx,1,8,18,80,00,00,6C,C0,FE,E3,
4330884381,00000300,false,Rx,1,3,19,00,00,00,00,00,00,00,
4330884620,000002C0,false,Rx,1,8,18,80,00,00,6C,C0,FE,F3,
4330889588,00000764,false,Rx,0,1,BA,00,00,00,00,00,00,00,
4330894298,000002C0,false,Rx,1,8,18,80,00,00,6C,C0,FE,03,
4330904467,000002C0,false,Rx,1,8,18,80,00,00,6C,C0,FE,13,
4330914301,000002C0,false,Rx,1,8,18,80,00,00,6C,C0,FE,23,
4330924466,000002C0,false,Rx,1,8,18,80,00,00,6C,C0,FE,33,
4330934298,000002C0,false,Rx,1,8,18,80,00,00,6D,C0,FE,43,
4330944467,000002C0,false,Rx,1,8,18,80,00,00,6D,C0,FE,53,
4330954297,000002C0,false,Rx,1,8,18,80,00,00,6D,C0,FE,63,
4330964469,000002C0,false,Rx,1,8,18,80,00,00,6D,C0,FE,73,
4330974301,000002C0,false,Rx,1,8,18,80,00,00,6D,C0,FE,83,
4330984473,000002C0,false,Rx,1,8,18,80,00,00,6D,C0,FE,93,
4330994301,000002C0,false,Rx,1,8,18,80,00,00,6D,C0,FE,A3,
4331004472,000002C0,false,Rx,1,8,18,80,00,00,6D,C0,FE,B3,
4331014316,000002C0,false,Rx,1,8,18,80,00,00,6D,C0,FE,C3,
4331024473,000002C0,false,Rx,1,8,18,80,00,00,6D,C0,FE,D3,
4331034301,000002C0,false,Rx,1,8,18,80,00,00,6D,C0,FE,E3,
4331044473,000002C0,false,Rx,1,8,18,80,00,00,6D,C0,FE,F3,
4331054306,000002C0,false,Rx,1,8,18,80,00,00,6D,C0,FE,03,
4331064473,000002C0,false,Rx,1,8,18,80,00,00,6D,C0,FE,13,
4331074305,000002C0,false,Rx,1,8,18,80,00,00,6D,C0,FE,23,
4331084475,000002C0,false,Rx,1,8,18,80,00,00,6D,C0,FE,33,
4331094305,000002C0,false,Rx,1,8,18,80,00,00,6D,C0,FE,43,
4331101428,00000764,false,Rx,0,5,1A,00,02,21,01,00,00,00,
4331104475,000002C0,false,Rx,1,8,18,80,00,00,6D,C0,FE,53,
4331114183,00000300,false,Rx,1,1,BB,00,00,00,00,00,00,00,
4331114421,000002C0,false,Rx,1,8,18,80,00,00,6D,C0,FE,63,
4331124481,00000300,false,Rx,1,8,2A,00,0E,61,01,1A,00,31,
4331124716,000002C0,false,Rx,1,8,18,80,00,00,6D,C0,FE,73,
4331134311,00000300,false,Rx,1,8,2B,1A,00,31,06,64,02,25,
4331134551,000002C0,false,Rx,1,8,18,80,00,00,6D,C0,FE,83,
4331144395,00000300,false,Rx,1,3,1C,00,00,00,00,00,00,00,
4331144637,000002C0,false,Rx,1,8,18,80,00,00,6D,C0,FE,93,
4331149297,00000764,false,Rx,0,1,BD,00,00,00,00,00,00,00,
4331154307,000002C0,false,Rx,1,8,18,80,00,00,6D,C0,FE,A3,
4331164481,000002C0,false,Rx,1,8,18,80,00,00,6D,C0,FE,B3,
4331174311,000002C0,false,Rx,1,8,18,80,00,00,6D,C0,FE,C3,
4331184479,000002C0,false,Rx,1,8,18,80,00,00,6D,C0,FE,D3,
4331194309,000002C0,false,Rx,1,8,18,80,00,00,6D,C0,FE,E3,
4331204481,000002C0,false,Rx,1,8,18,80,00,00,6D,C0,FE,F3,
4331214315,000002C0,false,Rx,1,8,18,80,00,00,6D,C0,FE,03,
4331224493,000002C0,false,Rx,1,8,18,80,00,00,6D,C0,FE,13,
4331234312,000002C0,false,Rx,1,8,18,80,00,00,6D,C0,FE,23,
4331244482,000002C0,false,Rx,1,8,18,80,00,00,6D,C0,FE,33,
4331254314,000002C0,false,Rx,1,8,18,80,00,00,6D,C0,FE,43,
4331264484,000002C0,false,Rx,1,8,18,80,00,00,6D,C0,FE,53,
4331274313,000002C0,false,Rx,1,8,18,80,00,00,6D,C0,FE,63,
4331284487,000002C0,false,Rx,1,8,18,80,00,00,6D,C0,FE,73,
4331294317,000002C0,false,Rx,1,8,18,80,00,00,6D,C0,FE,83,
4331304489,000002C0,false,Rx,1,8,18,80,00,00,6D,C0,FE,93,
4331314316,000002C0,false,Rx,1,8,18,80,00,00,6D,C0,FE,A3,
4331324497,000002C0,false,Rx,1,8,18,80,00,00,6D,C0,FE,B3,
4331334319,000002C0,false,Rx,1,8,18,80,00,00,6D,C0,FE,C3,
4331344488,000002C0,false,Rx,1,8,18,80,00,00,6D,C0,FE,D3,
4331354318,000002C0,false,Rx,1,8,18,80,00,00,6D,C0,FE,E3,
4331358161,00000764,false,Rx,0,1,A3,00,00,00,00,00,00,00,
4331364490,000002C0,false,Rx,1,8,18,80,00,00,6D,C0,FE,F3,
4331374282,00000300,false,Rx,1,6,A1,0F,8A,FF,4A,FF,00,00,
4331374523,000002C0,false,Rx,1,8,18,80,00,00,6D,C0,FE,03,
4331379298,00000764,false,Rx,0,5,1B,00,02,21,01,00,00,00,
4331384496,000002C0,false,Rx,1,8,18,80,00,00,6D,C0,FE,13,
4331394197,00000300,false,Rx,1,1,BC,00,00,00,00,00,00,00,
4331394436,000002C0,false,Rx,1,8,18,80,00,00,6D,C0,FE,23,
4331404490,00000300,false,Rx,1,8,2D,00,0E,61,01,1A,00,31,
4331404728,000002C0,false,Rx,1,8,18,80,00,00,6D,C0,FE,33,
4331414324,00000300,false,Rx,1,8,2E,1A,00,31,06,64,02,25,
4331414562,000002C0,false,Rx,1,8,18,80,00,00,6D,C0,FE,43,
4331424416,00000300,false,Rx,1,3,1F,00,00,00,00,00,00,00,
4331424650,000002C0,false,Rx,1,8,18,80,00,00,6D,C0,FE,53,
4331429052,00000764,false,Rx,0,1,B0,00,00,00,00,00,00,00,
4331434324,000002C0,false,Rx,1,8,18,80,00,00,6E,C0,FE,63,
4331444495,000002C0,false,Rx,1,8,18,80,00,00,6E,C0,FE,73,
4331454327,000002C0,false,Rx,1,8,18,80,00,00,6E,C0,FE,83,
4331464494,000002C0,false,Rx,1,8,18,80,00,00,6E,C0,FE,93,
4331474327,000002C0,false,Rx,1,8,18,80,00,00,6E,C0,FE,A3,
4331484494,000002C0,false,Rx,1,8,18,80,00,00,6E,C0,FE,B3,
4331494328,000002C0,false,Rx,1,8,18,80,00,00,6E,C0,FE,C3,
4331504496,000002C0,false,Rx,1,8,18,80,00,00,6E,C0,FE,D3,
4331514327,000002C0,false,Rx,1,8,18,80,00,00,6E,C0,FE,E3,
4331524496,000002C0,false,Rx,1,8,18,80,00,00,6E,C0,FE,F3,
4331534336,000002C0,false,Rx,1,8,18,80,00,00,6E,C0,FE,03,
4331544497,000002C0,false,Rx,1,8,18,80,00,00,6E,C0,FE,13,
4331554328,000002C0,false,Rx,1,8,18,80,00,00,6E,C0,FE,23,
4331564499,000002C0,false,Rx,1,8,18,80,00,00,6E,C0,FE,33,
4331574331,000002C0,false,Rx,1,8,18,80,00,00,6E,C0,FE,43,
4331584498,000002C0,false,Rx,1,8,18,80,00,00,6E,C0,FE,53,
4331594333,000002C0,false,Rx,1,8,18,80,00,00,6E,C0,FE,63,
4331604503,000002C0,false,Rx,1,8,18,80,00,00,6E,C0,FE,73,
4331614337,000002C0,false,Rx,1,8,18,80,00,00,6E,C0,FE,83,
4331621351,00000764,false,Rx,0,5,1C,00,02,21,01,00,00,00,
4331624502,000002C0,false,Rx,1,8,18,80,00,00,6E,C0,FE,93,
4331634209,00000300,false,Rx,1,1,BD,00,00,00,00,00,00,00,
4331634447,000002C0,false,Rx,1,8,18,80,00,00,6E,C0,FE,A3,
4331644504,00000300,false,Rx,1,8,20,00,0E,61,01,1A,00,32,
4331644742,000002C0,false,Rx,1,8,18,80,00,00,6E,C0,FE,B3,
4331654337,00000300,false,Rx,1,8,21,1A,00,32,06,64,02,25,
4331654575,000002C0,false,Rx,1,8,18,80,00,00,6E,C0,FE,C3,
4331664422,00000300,false,Rx,1,3,12,00,00,00,00,00,00,00,
4331664662,000002C0,false,Rx,1,8,18,80,00,00,6E,C0,FE,D3,
4331669759,00000764,false,Rx,0,1,B3,00,00,00,00,00,00,00,
4331674339,000002C0,false,Rx,1,8,18,80,00,00,6F,C0,FE,E3,
4331684509,000002C0,false,Rx,1,8,18,80,00,00,6F,C0,FE,F3,
4331694341,000002C0,false,Rx,1,8,18,80,00,00,6F,C0,FE,03,
4331704509,000002C0,false,Rx,1,8,18,80,00,00,6F,C0,FE,13,
4331714339,000002C0,false,Rx,1,8,18,80,00,00,6F,C0,FE,23,
4331724515,000002C0,false,Rx,1,8,18,80,00,00,6F,C0,FE,33,
4331734345,000002C0,false,Rx,1,8,18,80,00,00,6F,C0,FE,43,
4331744508,000002C0,false,Rx,1,8,18,80,00,00,6F,C0,FE,53,
4331754344,000002C0,false,Rx,1,8,18,80,00,00,6F,C0,FE,63,
4331764513,000002C0,false,Rx,1,8,18,80,00,00,6F,C0,FE,73,
4331774345,000002C0,false,Rx,1,8,18,80,00,00,6F,C0,FE,83,
4331784514,000002C0,false,Rx,1,8,18,80,00,00,6F,C0,FE,93,
4331794345,000002C0,false,Rx,1,8,18,80,00,00,6F,C0,FE,A3,
4331804513,000002C0,false,Rx,1,8,18,80,00,00,6F,C0,FE,B3,
4331814346,000002C0,false,Rx,1,8,18,80,00,00,6F,C0,FE,C3,
4331824514,000002C0,false,Rx,1,8,18,80,00,00,6F,C0,FE,D3,
4331834352,000002C0,false,Rx,1,8,18,80,00,00,6F,C0,FE,E3,
4331844516,000002C0,false,Rx,1,8,18,80,00,00,6F,C0,FE,F3,
4331854350,000002C0,false,Rx,1,8,18,80,00,00,6F,C0,FE,03,
4331864517,000002C0,false,Rx,1,8,18,80,00,00,6F,C0,FE,13,
4331874347,000002C0,false,Rx,1,8,18,80,00,00,6F,C0,FE,23,
4331876742,00000764,false,Rx,0,1,A3,00,00,00,00,00,00,00,
4331884517,000002C0,false,Rx,1,8,18,80,00,00,6F,C0,FE,33,
4331894310,00000300,false,Rx,1,6,A1,0F,8A,FF,4A,FF,00,00,
4331894550,000002C0,false,Rx,1,8,18,80,00,00,6F,C0,FE,43,
4331899625,00000764,false,Rx,0,5,1D,00,02,21,01,00,00,00,
4331904525,000002C0,false,Rx,1,8,18,80,00,00,6F,C0,FE,53,
4331914243,00000300,false,Rx,1,1,BE,00,00,00,00,00,00,00,
4331914467,000002C0,false,Rx,1,8,18,80,00,00,6F,C0,FE,63,
4331924516,00000300,false,Rx,1,8,23,00,0E,61,01,1A,00,33,
4331924759,000002C0,false,Rx,1,8,18,80,00,00,6F,C0,FE,73,
4331934351,00000300,false,Rx,1,8,24,1A,00,33,06,64,02,25,
4331934599,000002C0,false,Rx,1,8,18,80,00,00,6F,C0,FE,83,
4331944436,00000300,false,Rx,1,3,15,00,00,00,00,00,00,00,
4331944678,000002C0,false,Rx,1,8,18,80,00,00,6F,C0,FE,93,
4331949448,00000764,false,Rx,0,1,B6,00,00,00,00,00,00,00,
4331954354,000002C0,false,Rx,1,8,18,80,00,00,6F,C0,FE,A3,
4331964520,000002C0,false,Rx,1,8,18,80,00,00,6F,C0,FE,B3,
4331974352,000002C0,false,Rx,1,8,18,80,00,00,6F,C0,FE,C3,
4331984522,000002C0,false,Rx,1,8,18,80,00,00,6F,C0,FE,D3,
4331994357,000002C0,false,Rx,1,8,18,80,00,00,6F,C0,FE,E3,
4332004524,000002C0,false,Rx,1,8,18,80,00,00,6F,C0,FE,F3,
4332014356,000002C0,false,Rx,1,8,18,80,00,00,6F,C0,FE,03,
4332024526,000002C0,false,Rx,1,8,18,80,00,00,6F,C0,FE,13,
4332034354,000002C0,false,Rx,1,8,18,80,00,00,6F,C0,FE,23,
4332044528,000002C0,false,Rx,1,8,18,80,00,00,6F,C0,FE,33,
4332054358,000002C0,false,Rx,1,8,18,80,00,00,6F,C0,FE,43,
4332064526,000002C0,false,Rx,1,8,18,80,00,00,6F,C0,FE,53,
4332074358,000002C0,false,Rx,1,8,18,80,00,00,6F,C0,FE,63,
4332084528,000002C0,false,Rx,1,8,18,80,00,00,6F,C0,FE,73,
4332094363,000002C0,false,Rx,1,8,18,80,00,00,6F,C0,FE,83,
4332104530,000002C0,false,Rx,1,8,18,80,00,00,6F,C0,FE,93,
4332114359,000002C0,false,Rx,1,8,18,80,00,00,6F,C0,FE,A3,
4332124529,000002C0,false,Rx,1,8,18,80,00,00,6F,C0,FE,B3,
4332134361,000002C0,false,Rx,1,8,18,80,00,00,6F,C0,FE,C3,
4332141034,00000764,false,Rx,0,5,1E,00,02,21,01,00,00,00,
4332144533,000002C0,false,Rx,1,8,18,80,00,00,6F,C0,FE,D3,
4332154247,00000300,false,Rx,1,1,BF,00,00,00,00,00,00,00,
4332154477,000002C0,false,Rx,1,8,18,80,00,00,6F,C0,FE,E3,
4332164526,00000300,false,Rx,1,8,26,00,0E,61,01,1A,00,33,
4332164773,000002C0,false,Rx,1,8,18,80,00,00,6F,C0,FE,F3,
4332174361,00000300,false,Rx,1,8,27,1A,00,33,06,64,02,25,
4332174608,000002C0,false,Rx,1,8,18,80,00,00,6F,C0,FE,03,
4332184448,00000300,false,Rx,1,3,18,00,00,00,00,00,00,00,
4332184691,000002C0,false,Rx,1,8,18,80,00,00,6F,C0,FE,13,
4332189247,00000764,false,Rx,0,1,B9,00,00,00,00,00,00,00,
4332194362,000002C0,false,Rx,1,8,18,80,00,00,70,C0,FE,23,
4332204533,000002C0,false,Rx,1,8,18,80,00,00,70,C0,FE,33,
4332214362,000002C0,false,Rx,1,8,18,80,00,00,70,C0,FE,43,
4332224540,000002C0,false,Rx,1,8,18,80,00,00,70,C0,FE,53,
4332234364,000002C0,false,Rx,1,8,18,80,00,00,70,C0,FE,63,
4332244545,000002C0,false,Rx,1,8,18,80,00,00,70,C0,FE,73,
4332254368,000002C0,false,Rx,1,8,18,80,00,00,70,C0,FE,83,
4332264536,000002C0,false,Rx,1,8,18,80,00,00,70,C0,FE,93,
4332274368,000002C0,false,Rx,1,8,18,80,00,00,70,C0,FE,A3,
4332284537,000002C0,false,Rx,1,8,18,80,00,00,70,C0,FE,B3,
4332294365,000002C0,false,Rx,1,8,18,80,00,00,70,C0,FE,C3,
4332304537,000002C0,false,Rx,1,8,18,80,00,00,70,C0,FE,D3,
4332314369,000002C0,false,Rx,1,8,18,80,00,00,70,C0,FE,E3,
4332324541,000002C0,false,Rx,1,8,18,80,00,00,70,C0,FE,F3,
4332334369,000002C0,false,Rx,1,8,18,80,00,00,70,C0,FE,03,
4332344541,000002C0,false,Rx,1,8,18,80,00,00,70,C0,FE,13,
4332354377,000002C0,false,Rx,1,8,18,80,00,00,70,C0,FE,23,
4332364541,000002C0,false,Rx,1,8,18,80,00,00,70,C0,FE,33,
4332374369,000002C0,false,Rx,1,8,18,80,00,00,70,C0,FE,43,
4332384543,000002C0,false,Rx,1,8,18,80,00,00,70,C0,FE,53,
4332394373,000002C0,false,Rx,1,8,18,80,00,00,70,C0,FE,63,
4332395541,00000764,false,Rx,0,1,A3,00,00,00,00,00,00,00,
4332404543,000002C0,false,Rx,1,8,18,80,00,00,70,C0,FE,73,
4332414336,00000300,false,Rx,1,6,A1,0F,8A,FF,4A,FF,00,00,
4332414579,000002C0,false,Rx,1,8,18,80,00,00,70,C0,FE,83,
4332419035,00000764,false,Rx,0,5,1F,00,02,21,01,00,00,00,
4332424551,000002C0,false,Rx,1,8,18,80,00,00,70,C0,FE,93,
4332434256,00000300,false,Rx,1,1,B0,00,00,00,00,00,00,00,
4332434489,000002C0,false,Rx,1,8,18,80,00,00,70,C0,FE,A3,
4332444543,00000300,false,Rx,1,8,29,00,0E,61,01,1A,00,34,
4332444783,000002C0,false,Rx,1,8,18,80,00,00,70,C0,FE,B3,
4332454382,00000300,false,Rx,1,8,2A,1A,00,34,06,64,02,25,
4332454614,000002C0,false,Rx,1,8,18,80,00,00,70,C0,FE,C3,
4332464464,00000300,false,Rx,1,3,1B,00,00,00,00,00,00,00,
4332464704,000002C0,false,Rx,1,8,18,80,00,00,70,C0,FE,D3,
4332469880,00000764,false,Rx,0,1,BC,00,00,00,00,00,00,00,
4332474376,000002C0,false,Rx,1,8,18,80,00,00,70,C0,FE,E3,
4332484549,000002C0,false,Rx,1,8,18,80,00,00,70,C0,FE,F3,
4332494381,000002C0,false,Rx,1,8,18,80,00,00,70,C0,FE,03,
4332504548,000002C0,false,Rx,1,8,18,80,00,00,70,C0,FE,13,
4332514377,000002C0,false,Rx,1,8,18,80,00,00,70,C0,FE,23,
4332524549,000002C0,false,Rx,1,8,18,80,00,00,70,C0,FE,33,
4332534377,000002C0,false,Rx,1,8,18,80,00,00,70,C0,FE,43,
4332544551,000002C0,false,Rx,1,8,18,80,00,00,70,C0,FE,53,
4332554390,000002C0,false,Rx,1,8,18,80,00,00,70,C0,FE,63,
4332564551,000002C0,false,Rx,1,8,18,80,00,00,70,C0,FE,73,
4332574385,000002C0,false,Rx,1,8,18,80,00,00,70,C0,FE,83,
4332584553,000002C0,false,Rx,1,8,18,80,00,00,70,C0,FE,93,
4332594381,000002C0,false,Rx,1,8,18,80,00,00,70,C0,FE,A3,
4332604553,000002C0,false,Rx,1,8,18,80,00,00,70,C0,FE,B3,
4332614383,000002C0,false,Rx,1,8,18,80,00,00,70,C0,FE,C3,
4332624555,000002C0,false,Rx,1,8,18,80,00,00,70,C0,FE,D3,
4332634385,000002C0,false,Rx,1,8,18,80,00,00,70,C0,FE,E3,
4332644556,000002C0,false,Rx,1,8,18,80,00,00,70,C0,FE,F3,
4332654397,000002C0,false,Rx,1,8,18,80,00,00,70,C0,FE,03,
4332664556,000002C0,false,Rx,1,8,18,80,00,00,70,C0,FE,13,
4332674386,000002C0,false,Rx,1,8,18,80,00,00,70,C0,FE,23,
4332679740,00000764,false,Rx,0,5,10,00,02,21,01,00,00,00,
4332684558,000002C0,false,Rx,1,8,18,80,00,00,70,C0,FE,33,
4332694260,00000300,false,Rx,1,1,B1,00,00,00,00,00,00,00,
4332694499,000002C0,false,Rx,1,8,18,80,00,00,71,C0,FE,43,
4332704554,00000300,false,Rx,1,8,2C,00,0E,61,01,1A,00,35,
4332704792,000002C0,false,Rx,1,8,18,80,00,00,71,C0,FE,53,
4332714391,00000300,false,Rx,1,8,2D,1A,00,34,06,64,02,25,
4332714629,000002C0,false,Rx,1,8,18,80,00,00,71,C0,FE,63,
4332724483,00000300,false,Rx,1,3,1E,00,00,00,00,00,00,00,
4332724717,000002C0,false,Rx,1,8,18,80,00,00,71,C0,FE,73,
4332729677,00000764,false,Rx,0,1,BF,00,00,00,00,00,00,00,
4332734393,000002C0,false,Rx,1,8,18,80,00,00,71,C0,FE,83,
4332744561,000002C0,false,Rx,1,8,18,80,00,00,71,C0,FE,93,
4332754419,000002C0,false,Rx,1,8,18,80,00,00,71,C0,FE,A3,
4332764561,000002C0,false,Rx,1,8,18,80,00,00,71,C0,FE,B3,
4332774393,000002C0,false,Rx,1,8,18,80,00,00,71,C0,FE,C3,
4332784564,000002C0,false,Rx,1,8,18,80,00,00,71,C0,FE,D3,
4332794391,000002C0,false,Rx,1,8,18,80,00,00,71,C0,FE,E3,
4332804561,000002C0,false,Rx,1,8,18,80,00,00,71,C0,FE,F3,
4332814397,000002C0,false,Rx,1,8,18,80,00,00,71,C0,FE,03,
4332824565,000002C0,false,Rx,1,8,18,80,00,00,71,C0,FE,13,
4332834392,000002C0,false,Rx,1,8,18,80,00,00,71,C0,FE,23,
4332844563,000002C0,false,Rx,1,8,18,80,00,00,71,C0,FE,33,
4332854394,000002C0,false,Rx,1,8,18,80,00,00,71,C0,FE,43,
4332864566,000002C0,false,Rx,1,8,18,80,00,00,71,C0,FE,53,
4332874398,000002C0,false,Rx,1,8,18,80,00,00,71,C0,FE,63,
4332884567,000002C0,false,Rx,1,8,18,80,00,00,71,C0,FE,73,
4332894402,000002C0,false,Rx,1,8,18,80,00,00,71,C0,FE,83,
4332904568,000002C0,false,Rx,1,8,18,80,00,00,71,C0,FE,93,
4332914398,000002C0,false,Rx,1,8,18,80,00,00,71,C0,FE,A3,
4332920034,00000764,false,Rx,0,1,A3,00,00,00,00,00,00,00,
4332924568,000002C0,false,Rx,1,8,18,80,00,00,71,C0,FE,B3,
4332934362,00000300,false,Rx,1,6,A1,0F,8A,FF,4A,FF,00,00,
4332934600,000002C0,false,Rx,1,8,18,80,00,00,71,C0,FE,C3,
4332939573,00000764,false,Rx,0,5,11,00,02,21,01,00,00,00,
4332944578,000002C0,false,Rx,1,8,18,80,00,00,71,C0,FE,D3,
4332954276,00000300,false,Rx,1,1,B2,00,00,00,00,00,00,00,
4332954515,000002C0,false,Rx,1,8,18,80,00,00,71,C0,FE,E3,
4332964571,00000300,false,Rx,1,8,2F,00,0E,61,01,1A,00,35,
4332964807,000002C0,false,Rx,1,8,18,80,00,00,71,C0,FE,F3,
4332974404,00000300,false,Rx,1,8,20,1A,00,35,06,64,02,25,
4332974646,000002C0,false,Rx,1,8,18,80,00,00,71,C0,FE,03,
4332984491,00000300,false,Rx,1,3,11,00,00,00,00,00,00,00,
4332984731,000002C0,false,Rx,1,8,18,80,00,00,71,C0,FE,13,
4332989365,00000764,false,Rx,0,1,B2,00,00,00,00,00,00,00,
4332994403,000002C0,false,Rx,1,8,18,80,00,00,71,C0,FE,23,
4333004572,000002C0,false,Rx,1,8,18,80,00,00,71,C0,FE,33,
4333014404,000002C0,false,Rx,1,8,18,80,00,00,71,C0,FE,43,
4333024572,000002C0,false,Rx,1,8,18,80,00,00,71,C0,FE,53,
4333034403,000002C0,false,Rx,1,8,18,80,00,00,71,C0,FE,63,
4333044575,000002C0,false,Rx,1,8,18,80,00,00,71,C0,FE,73,
4333054409,000002C0,false,Rx,1,8,18,80,00,00,70,C0,FE,83,
4333064596,000002C0,false,Rx,1,8,18,80,00,00,70,C0,FE,93,
4333074407,000002C0,false,Rx,1,8,18,80,00,00,70,C0,FE,A3,
4333084578,000002C0,false,Rx,1,8,18,80,00,00,70,C0,FE,B3,
4333094406,000002C0,false,Rx,1,8,18,80,00,00,70,C0,FE,C3,
4333104578,000002C0,false,Rx,1,8,18,80,00,00,70,C0,FE,D3,
4333114410,000002C0,false,Rx,1,8,18,80,00,00,70,C0,FE,E3,
4333124582,000002C0,false,Rx,1,8,18,80,00,00,70,C0,FE,F3,
4333134410,000002C0,false,Rx,1,8,18,80,00,00,70,C0,FE,03,
4333144581,000002C0,false,Rx,1,8,18,80,00,00,70,C0,FE,13,
4333154409,000002C0,false,Rx,1,8,18,80,00,00,70,C0,FE,23,
4333164590,000002C0,false,Rx,1,8,18,80,00,00,70,C0,FE,33,
4333174415,000002C0,false,Rx,1,8,18,80,00,00,71,C0,FE,43,
4333184581,000002C0,false,Rx,1,8,18,80,00,00,71,C0,FE,53,
4333185173,00000764,false,Rx,0,5,12,00,02,21,01,00,00,00,
4333194412,000002C0,false,Rx,1,8,18,80,00,00,71,C0,FE,63,
4333204456,00000300,false,Rx,1,1,B3,00,00,00,00,00,00,00,
4333204696,000002C0,false,Rx,1,8,18,80,00,00,71,C0,FE,73,
4333214414,00000300,false,Rx,1,8,22,00,0E,61,01,1A,00,35,
4333214662,000002C0,false,Rx,1,8,18,80,00,00,71,C0,FE,83,
4333224593,00000300,false,Rx,1,8,23,1A,00,35,06,64,02,25,
4333224827,000002C0,false,Rx,1,8,18,80,00,00,71,C0,FE,93,
4333234334,00000300,false,Rx,1,3,14,00,00,00,00,00,00,00,
4333234572,000002C0,false,Rx,1,8,18,80,00,00,71,C0,FE,A3,
4333239151,00000764,false,Rx,0,1,B5,00,00,00,00,00,00,00,
4333244584,000002C0,false,Rx,1,8,18,80,00,00,71,C0,FE,B3,
4333254415,000002C0,false,Rx,1,8,18,80,00,00,71,C0,FE,C3,
4333264589,000002C0,false,Rx,1,8,18,80,00,00,71,C0,FE,D3,
4333274422,000002C0,false,Rx,1,8,18,80,00,00,71,C0,FE,E3,
4333284587,000002C0,false,Rx,1,8,18,80,00,00,71,C0,FE,F3,
4333294421,000002C0,false,Rx,1,8,18,80,00,00,71,C0,FE,03,
4333304589,000002C0,false,Rx,1,8,18,80,00,00,71,C0,FE,13,
4333314418,000002C0,false,Rx,1,8,18,80,00,00,71,C0,FE,23,
4333324588,000002C0,false,Rx,1,8,18,80,00,00,71,C0,FE,33,
4333334418,000002C0,false,Rx,1,8,18,80,00,00,71,C0,FE,43,
4333344590,000002C0,false,Rx,1,8,18,80,00,00,71,C0,FE,53,
4333354420,000002C0,false,Rx,1,8,18,80,00,00,71,C0,FE,63,
4333364592,000002C0,false,Rx,1,8,18,80,00,00,71,C0,FE,73,
4333374433,000002C0,false,Rx,1,8,18,80,00,00,71,C0,FE,83,
4333384593,000002C0,false,Rx,1,8,18,80,00,00,71,C0,FE,93,
4333394421,000002C0,false,Rx,1,8,18,80,00,00,71,C0,FE,A3,
4333404592,000002C0,false,Rx,1,8,18,80,00,00,71,C0,FE,B3,
4333414424,000002C0,false,Rx,1,8,18,80,00,00,71,C0,FE,C3,
4333424598,000002C0,false,Rx,1,8,18,80,00,00,71,C0,FE,D3,
4333434423,000002C0,false,Rx,1,8,18,80,00,00,71,C0,FE,E3,
4333441052,00000764,false,Rx,0,1,A3,00,00,00,00,00,00,00,
4333444595,000002C0,false,Rx,1,8,18,80,00,00,71,C0,FE,F3,
4333454387,00000300,false,Rx,1,6,A1,0F,8A,FF,4A,FF,00,00,
4333454629,000002C0,false,Rx,1,8,18,80,00,00,71,C0,FE,03,
4333459935,00000764,false,Rx,0,5,13,00,02,21,01,00,00,00,
4333464603,000002C0,false,Rx,1,8,18,80,00,00,71,C0,FE,13,
4333474306,00000300,false,Rx,1,1,B4,00,00,00,00,00,00,00,
4333474540,000002C0,false,Rx,1,8,18,80,00,00,71,C0,FE,23,
4333484595,00000300,false,Rx,1,8,25,00,0E,61,01,1A,00,35,
4333484833,000002C0,false,Rx,1,8,18,80,00,00,71,C0,FE,33,
4333494432,00000300,false,Rx,1,8,26,1A,00,35,06,64,02,25,
4333494669,000002C0,false,Rx,1,8,18,80,00,00,71,C0,FE,43,
4333504518,00000300,false,Rx,1,3,17,00,00,00,00,00,00,00,
4333504756,000002C0,false,Rx,1,8,18,80,00,00,71,C0,FE,53,
4333509841,00000764,false,Rx,0,1,B8,00,00,00,00,00,00,00,
4333514430,000002C0,false,Rx,1,8,18,80,00,00,71,C0,FE,63,
4333524601,000002C0,false,Rx,1,8,18,80,00,00,71,C0,FE,73,
4333534436,000002C0,false,Rx,1,8,18,80,00,00,71,C0,FE,83,
4333544601,000002C0,false,Rx,1,8,18,80,00,00,71,C0,FE,93,
4333554430,000002C0,false,Rx,1,8,18,80,00,00,71,C0,FE,A3,
4333564602,000002C0,false,Rx,1,8,18,80,00,00,71,C0,FE,B3,
4333574447,000002C0,false,Rx,1,8,18,80,00,00,71,C0,FE,C3,
4333584605,000002C0,false,Rx,1,8,18,80,00,00,71,C0,FE,D3,
4333594434,000002C0,false,Rx,1,8,18,80,00,00,71,C0,FE,E3,
4333604602,000002C0,false,Rx,1,8,18,80,00,00,71,C0,FE,F3,
4333614440,000002C0,false,Rx,1,8,18,80,00,00,71,C0,FE,03,
4333624605,000002C0,false,Rx,1,8,18,80,00,00,71,C0,FE,13,
4333634436,000002C0,false,Rx,1,8,18,80,00,00,71,C0,FE,23,
4333644605,000002C0,false,Rx,1,8,18,80,00,00,71,C0,FE,33,
4333654436,000002C0,false,Rx,1,8,18,80,00,00,71,C0,FE,43,
4333664605,000002C0,false,Rx,1,8,18,80,00,00,71,C0,FE,53,
4333674437,000002C0,false,Rx,1,8,18,80,00,00,71,C0,FE,63,
4333684613,000002C0,false,Rx,1,8,18,80,00,00,71,C0,FE,73,
4333694445,000002C0,false,Rx,1,8,18,80,00,00,71,C0,FE,83,
4333704609,000002C0,false,Rx,1,8,18,80,00,00,71,C0,FE,93,
4333705056,00000764,false,Rx,0,5,14,00,02,21,01,00,00,00,
4333714439,000002C0,false,Rx,1,8,18,80,00,00,71,C0,FE,A3,
4333724490,00000300,false,Rx,1,1,B5,00,00,00,00,00,00,00,
4333724722,000002C0,false,Rx,1,8,18,80,00,00,71,C0,FE,B3,
4333734441,00000300,false,Rx,1,8,28,00,0E,61,01,1A,00,35,
4333734680,000002C0,false,Rx,1,8,18,80,00,00,71,C0,FE,C3,
4333744612,00000300,false,Rx,1,8,29,1A,00,35,06,64,02,25,
4333744858,000002C0,false,Rx,1,8,18,80,00,00,71,C0,FE,D3,
4333754360,00000300,false,Rx,1,3,1A,00,00,00,00,00,00,00,
4333754599,000002C0,false,Rx,1,8,18,80,00,00,71,C0,FE,E3,
4333759608,00000764,false,Rx,0,1,BB,00,00,00,00,00,00,00,
4333764610,000002C0,false,Rx,1,8,18,80,00,00,71,C0,FE,F3,
4333774447,000002C0,false,Rx,1,8,18,80,00,00,71,C0,FE,03,
4333784617,000002C0,false,Rx,1,8,18,80,00,00,71,C0,FE,13,
4333794445,000002C0,false,Rx,1,8,18,80,00,00,72,C0,FE,23,
4333804615,000002C0,false,Rx,1,8,18,80,00,00,72,C0,FE,33,
4333814444,000002C0,false,Rx,1,8,18,80,00,00,72,C0,FE,43,
4333824616,000002C0,false,Rx,1,8,18,80,00,00,72,C0,FE,53,
4333834444,000002C0,false,Rx,1,8,18,80,00,00,72,C0,FE,63,
4333844618,000002C0,false,Rx,1,8,18,80,00,00,72,C0,FE,73,
4333854448,000002C0,false,Rx,1,8,18,80,00,00,72,C0,FE,83,
4333864615,000002C0,false,Rx,1,8,18,80,00,00,72,C0,FE,93,
4333874448,000002C0,false,Rx,1,8,18,80,00,00,72,C0,FE,A3,
4333884628,000002C0,false,Rx,1,8,18,80,00,00,72,C0,FE,B3,
4333894452,000002C0,false,Rx,1,8,18,80,00,00,72,C0,FE,C3,
4333904617,000002C0,false,Rx,1,8,18,80,00,00,72,C0,FE,D3,
4333914451,000002C0,false,Rx,1,8,18,80,00,00,72,C0,FE,E3,
4333924619,000002C0,false,Rx,1,8,18,80,00,00,72,C0,FE,F3,
4333934453,000002C0,false,Rx,1,8,18,80,00,00,72,C0,FE,03,
4333944620,000002C0,false,Rx,1,8,18,80,00,00,72,C0,FE,13,
4333954451,000002C0,false,Rx,1,8,18,80,00,00,72,C0,FE,23,
4333960795,00000764,false,Rx,0,1,A3,00,00,00,00,00,00,00,
4333964625,000002C0,false,Rx,1,8,18,80,00,00,72,C0,FE,33,
4333974415,00000300,false,Rx,1,6,A1,0F,8A,FF,4A,FF,00,00,
4333974653,000002C0,false,Rx,1,8,18,80,00,00,72,C0,FE,43,
4333979458,00000764,false,Rx,0,5,15,00,02,21,01,00,00,00,
4333984642,000002C0,false,Rx,1,8,18,80,00,00,72,C0,FE,53,
4333994331,00000300,false,Rx,1,1,B6,00,00,00,00,00,00,00,
4333994568,000002C0,false,Rx,1,8,18,80,00,00,72,C0,FE,63,
4334004625,00000300,false,Rx,1,8,2B,00,0E,61,01,1A,00,36,
4334004866,000002C0,false,Rx,1,8,18,80,00,00,72,C0,FE,73,
4334014459,00000300,false,Rx,1,8,2C,1A,00,36,06,64,02,25,
4334014700,000002C0,false,Rx,1,8,18,80,00,00,72,C0,FE,83,
4334024541,00000300,false,Rx,1,3,1D,00,00,00,00,00,00,00,
4334024780,000002C0,false,Rx,1,8,18,80,00,00,72,C0,FE,93,
4334029357,00000764,false,Rx,0,1,BE,00,00,00,00,00,00,00,
4334034456,000002C0,false,Rx,1,8,18,80,00,00,72,C0,FE,A3,
4334044625,000002C0,false,Rx,1,8,18,80,00,00,72,C0,FE,B3,
4334054459,000002C0,false,Rx,1,8,18,80,00,00,72,C0,FE,C3,
4334064627,000002C0,false,Rx,1,8,18,80,00,00,72,C0,FE,D3,
4334074457,000002C0,false,Rx,1,8,18,80,00,00,72,C0,FE,E3,
4334084629,000002C0,false,Rx,1,8,18,80,00,00,72,C0,FE,F3,
4334094468,000002C0,false,Rx,1,8,18,80,00,00,72,C0,FE,03,
4334104629,000002C0,false,Rx,1,8,18,80,00,00,72,C0,FE,13,
4334114461,000002C0,false,Rx,1,8,18,80,00,00,72,C0,FE,23,
4334124633,000002C0,false,Rx,1,8,18,80,00,00,72,C0,FE,33,
4334134460,000002C0,false,Rx,1,8,18,80,00,00,72,C0,FE,43,
4334144634,000002C0,false,Rx,1,8,18,80,00,00,72,C0,FE,53,
4334154462,000002C0,false,Rx,1,8,18,80,00,00,72,C0,FE,63,
4334164634,000002C0,false,Rx,1,8,18,80,00,00,72,C0,FE,73,
4334174463,000002C0,false,Rx,1,8,18,80,00,00,72,C0,FE,83,
4334184633,000002C0,false,Rx,1,8,18,80,00,00,72,C0,FE,93,
4334194467,000002C0,false,Rx,1,8,18,80,00,00,72,C0,FE,A3,
4334204634,000002C0,false,Rx,1,8,18,80,00,00,72,C0,FE,B3,
4334214467,000002C0,false,Rx,1,8,18,80,00,00,72,C0,FE,C3,
4334224642,000002C0,false,Rx,1,8,18,80,00,00,72,C0,FE,D3,
4334234465,000002C0,false,Rx,1,8,18,80,00,00,72,C0,FE,E3,
4334239230,00000764,false,Rx,0,5,16,00,02,21,01,00,00,00,
4334244637,000002C0,false,Rx,1,8,18,80,00,00,72,C0,FE,F3,
4334254341,00000300,false,Rx,1,1,B7,00,00,00,00,00,00,00,
4334254582,000002C0,false,Rx,1,8,18,80,00,00,72,C0,FE,03,
4334264635,00000300,false,Rx,1,8,2E,00,0E,61,01,1A,00,36,
4334264874,000002C0,false,Rx,1,8,18,80,00,00,72,C0,FE,13,
4334274472,00000300,false,Rx,1,8,2F,1A,00,36,06,64,02,25,
4334274708,000002C0,false,Rx,1,8,18,80,00,00,72,C0,FE,23,
4334284558,00000300,false,Rx,1,3,10,00,00,00,00,00,00,00,
4334284798,000002C0,false,Rx,1,8,18,80,00,00,72,C0,FE,33,
4334289090,00000764,false,Rx,0,1,B1,00,00,00,00,00,00,00,
4334294476,000002C0,false,Rx,1,8,18,80,00,00,72,C0,FE,43,
4334304641,000002C0,false,Rx,1,8,18,80,00,00,72,C0,FE,53,
4334314470,000002C0,false,Rx,1,8,18,80,00,00,72,C0,FE,63,
4334324642,000002C0,false,Rx,1,8,18,80,00,00,72,C0,FE,73,
4334334474,000002C0,false,Rx,1,8,18,80,00,00,72,C0,FE,83,
4334344641,000002C0,false,Rx,1,8,18,80,00,00,72,C0,FE,93,
4334354472,000002C0,false,Rx,1,8,18,80,00,00,72,C0,FE,A3,
4334364643,000002C0,false,Rx,1,8,18,80,00,00,72,C0,FE,B3,
4334374475,000002C0,false,Rx,1,8,18,80,00,00,72,C0,FE,C3,
4334384643,000002C0,false,Rx,1,8,18,80,00,00,72,C0,FE,D3,
4334394485,000002C0,false,Rx,1,8,18,80,00,00,72,C0,FE,E3,
4334404647,000002C0,false,Rx,1,8,18,80,00,00,72,C0,FE,F3,
4334414480,000002C0,false,Rx,1,8,18,80,00,00,72,C0,FE,03,
4334424645,000002C0,false,Rx,1,8,18,80,00,00,72,C0,FE,13,
4334434479,000002C0,false,Rx,1,8,18,80,00,00,73,C0,FE,23,
4334444646,000002C0,false,Rx,1,8,18,80,00,00,73,C0,FE,33,
4334454476,000002C0,false,Rx,1,8,18,80,00,00,73,C0,FE,43,
4334464648,000002C0,false,Rx,1,8,18,80,00,00,73,C0,FE,53,
4334474478,000002C0,false,Rx,1,8,18,80,00,00,73,C0,FE,63,
4334484650,000002C0,false,Rx,1,8,18,80,00,00,73,C0,FE,73,
4334494484,000002C0,false,Rx,1,8,18,80,00,00,73,C0,FE,83,
4334495519,00000764,false,Rx,0,1,A3,00,00,00,00,00,00,00,
4334504658,000002C0,false,Rx,1,8,18,80,00,00,73,C0,FE,93,
4334514444,00000300,false,Rx,1,6,A1,0F,8A,FF,4A,FF,00,00,
4334514682,000002C0,false,Rx,1,8,18,80,00,00,73,C0,FE,A3,
4334519945,00000764,false,Rx,0,5,17,00,02,21,01,00,00,00,
4334524656,000002C0,false,Rx,1,8,18,80,00,00,73,C0,FE,B3,
4334534356,00000300,false,Rx,1,1,B8,00,00,00,00,00,00,00,
4334534595,000002C0,false,Rx,1,8,18,80,00,00,73,C0,FE,C3,
4334544650,00000300,false,Rx,1,8,21,00,0E,61,01,1A,00,37,
4334544896,000002C0,false,Rx,1,8,18,80,00,00,73,C0,FE,D3,
4334554484,00000300,false,Rx,1,8,22,1A,00,37,06,64,02,25,
4334554729,000002C0,false,Rx,1,8,18,80,00,00,73,C0,FE,E3,
4334564572,00000300,false,Rx,1,3,13,00,00,00,00,00,00,00,
4334564810,000002C0,false,Rx,1,8,18,80,00,00,73,C0,FE,F3,
4334569777,00000764,false,Rx,0,1,B4,00,00,00,00,00,00,00,
4334574489,000002C0,false,Rx,1,8,18,80,00,00,73,C0,FE,03,
4334584655,000002C0,false,Rx,1,8,18,80,00,00,73,C0,FE,13,
4334594487,000002C0,false,Rx,1,8,18,80,00,00,73,C0,FE,23,
4334604659,000002C0,false,Rx,1,8,18,80,00,00,73,C0,FE,33,
4334614487,000002C0,false,Rx,1,8,18,80,00,00,73,C0,FE,43,
4334624657,000002C0,false,Rx,1,8,18,80,00,00,73,C0,FE,53,
4334634487,000002C0,false,Rx,1,8,18,80,00,00,73,C0,FE,63,
4334644660,000002C0,false,Rx,1,8,18,80,00,00,73,C0,FE,73,
4334654490,000002C0,false,Rx,1,8,18,80,00,00,73,C0,FE,83,
4334664662,000002C0,false,Rx,1,8,18,80,00,00,73,C0,FE,93,
4334674488,000002C0,false,Rx,1,8,18,80,00,00,73,C0,FE,A3,
4334684659,000002C0,false,Rx,1,8,18,80,00,00,73,C0,FE,B3,
4334694490,000002C0,false,Rx,1,8,18,80,00,00,73,C0,FE,C3,
4334704665,000002C0,false,Rx,1,8,18,80,00,00,73,C0,FE,D3,
4334714496,000002C0,false,Rx,1,8,18,80,00,00,73,C0,FE,E3,
4334724665,000002C0,false,Rx,1,8,18,80,00,00,73,C0,FE,F3,
4334734497,000002C0,false,Rx,1,8,18,80,00,00,73,C0,FE,03,
4334744662,000002C0,false,Rx,1,8,18,80,00,00,73,C0,FE,13,
4334754494,000002C0,false,Rx,1,8,18,80,00,00,73,C0,FE,23,
4334760378,00000764,false,Rx,0,5,18,00,02,21,01,00,00,00,
4334764662,000002C0,false,Rx,1,8,18,80,00,00,73,C0,FE,33,
4334774368,00000300,false,Rx,1,1,B9,00,00,00,00,00,00,00,
4334774607,000002C0,false,Rx,1,8,18,80,00,00,73,C0,FE,43,
4334784664,00000300,false,Rx,1,8,24,00,0E,61,01,1A,00,37,
4334784902,000002C0,false,Rx,1,8,18,80,00,00,73,C0,FE,53,
4334794497,00000300,false,Rx,1,8,25,1A,00,37,06,64,02,25,
4334794735,000002C0,false,Rx,1,8,18,80,00,00,73,C0,FE,63,
4334804599,00000300,false,Rx,1,3,16,00,00,00,00,00,00,00,
4334804825,000002C0,false,Rx,1,8,18,80,00,00,73,C0,FE,73,
4334809668,00000764,false,Rx,0,1,B7,00,00,00,00,00,00,00,
4334814500,000002C0,false,Rx,1,8,18,80,00,00,73,C0,FE,83,
4334824670,000002C0,false,Rx,1,8,18,80,00,00,73,C0,FE,93,
4334834498,000002C0,false,Rx,1,8,18,80,00,00,73,C0,FE,A3,
4334844667,000002C0,false,Rx,1,8,18,80,00,00,73,C0,FE,B3,
4334854499,000002C0,false,Rx,1,8,18,80,00,00,73,C0,FE,C3,
4334864673,000002C0,false,Rx,1,8,18,80,00,00,73,C0,FE,D3,
4334874501,000002C0,false,Rx,1,8,18,80,00,00,73,C0,FE,E3,
4334884668,000002C0,false,Rx,1,8,18,80,00,00,73,C0,FE,F3,
4334894507,000002C0,false,Rx,1,8,18,80,00,00,73,C0,FE,03,
4334904671,000002C0,false,Rx,1,8,18,80,00,00,73,C0,FE,13,
4334914507,000002C0,false,Rx,1,8,18,80,00,00,73,C0,FE,23,
4334924670,000002C0,false,Rx,1,8,18,80,00,00,73,C0,FE,33,
4334934503,000002C0,false,Rx,1,8,18,80,00,00,73,C0,FE,43,
4334944672,000002C0,false,Rx,1,8,18,80,00,00,73,C0,FE,53,
4334954504,000002C0,false,Rx,1,8,18,80,00,00,73,C0,FE,63,
4334964675,000002C0,false,Rx,1,8,18,80,00,00,73,C0,FE,73,
4334974506,000002C0,false,Rx,1,8,18,80,00,00,73,C0,FE,83,
4334984678,000002C0,false,Rx,1,8,18,80,00,00,73,C0,FE,93,
4334994510,000002C0,false,Rx,1,8,18,80,00,00,73,C0,FE,A3,
4335001899,00000764,false,Rx,0,1,A3,00,00,00,00,00,00,00,
4335004674,000002C0,false,Rx,1,8,18,80,00,00,73,C0,FE,B3,
4335014476,00000300,false,Rx,1,6,A1,0F,8A,FF,4A,FF,00,00,
4335014709,000002C0,false,Rx,1,8,18,80,00,00,73,C0,FE,C3,
4335019433,00000764,false,Rx,0,5,19,00,02,21,01,00,00,00,
4335024687,000002C0,false,Rx,1,8,18,80,00,00,73,C0,FE,D3,
4335034382,00000300,false,Rx,1,1,BA,00,00,00,00,00,00,00,
4335034623,000002C0,false,Rx,1,8,18,80,00,00,73,C0,FE,E3,
4335044677,00000300,false,Rx,1,8,27,00,0E,61,01,1A,00,37,
4335044915,000002C0,false,Rx,1,8,18,80,00,00,73,C0,FE,F3,
4335054515,00000300,false,Rx,1,8,28,1A,00,37,06,64,02,25,
4335054760,000002C0,false,Rx,1,8,18,80,00,00,73,C0,FE,03,
4335064597,00000300,false,Rx,1,3,19,00,00,00,00,00,00,00,
4335064836,000002C0,false,Rx,1,8,18,80,00,00,73,C0,FE,13,
4335069300,00000764,false,Rx,0,1,BA,00,00,00,00,00,00,00,
4335074512,000002C0,false,Rx,1,8,18,80,00,00,73,C0,FE,23,
4335084680,000002C0,false,Rx,1,8,18,80,00,00,73,C0,FE,33,
4335094512,000002C0,false,Rx,1,8,18,80,00,00,73,C0,FE,43,
4335104680,000002C0,false,Rx,1,8,18,80,00,00,73,C0,FE,53,
4335114516,000002C0,false,Rx,1,8,18,80,00,00,73,C0,FE,63,
4335124684,000002C0,false,Rx,1,8,18,80,00,00,73,C0,FE,73,
4335134514,000002C0,false,Rx,1,8,18,80,00,00,73,C0,FE,83,
4335144687,000002C0,false,Rx,1,8,18,80,00,00,73,C0,FE,93,
4335154513,000002C0,false,Rx,1,8,18,80,00,00,73,C0,FE,A3,
4335164683,000002C0,false,Rx,1,8,18,80,00,00,73,C0,FE,B3,
4335174516,000002C0,false,Rx,1,8,18,80,00,00,73,C0,FE,C3,
4335184689,000002C0,false,Rx,1,8,18,80,00,00,73,C0,FE,D3,
4335194519,000002C0,false,Rx,1,8,18,80,00,00,73,C0,FE,E3,
4335204686,000002C0,false,Rx,1,8,18,80,00,00,73,C0,FE,F3,
4335214530,000002C0,false,Rx,1,8,18,80,00,00,73,C0,FE,03,
4335224696,000002C0,false,Rx,1,8,18,80,00,00,73,C0,FE,13,
4335234519,000002C0,false,Rx,1,8,18,80,00,00,73,C0,FE,23,
4335244689,000002C0,false,Rx,1,8,18,80,00,00,73,C0,FE,33,
4335254519,000002C0,false,Rx,1,8,18,80,00,00,73,C0,FE,43,
4335264689,000002C0,false,Rx,1,8,18,80,00,00,73,C0,FE,53,
4335264893,00000764,false,Rx,0,5,1A,00,02,21,01,00,00,00,
4335274519,000002C0,false,Rx,1,8,18,80,00,00,73,C0,FE,63,
4335284567,00000300,false,Rx,1,1,BB,00,00,00,00,00,00,00,
4335284808,000002C0,false,Rx,1,8,18,80,00,00,73,C0,FE,73,
4335294522,00000300,false,Rx,1,8,2A,00,0E,61,01,1A,00,37,
4335294760,000002C0,false,Rx,1,8,18,80,00,00,73,C0,FE,83,
4335304694,00000300,false,Rx,1,8,2B,1A,00,37,06,64,02,25,
4335304941,000002C0,false,Rx,1,8,18,80,00,00,73,C0,FE,93,
4335314453,00000300,false,Rx,1,3,1C,00,00,00,00,00,00,00,
4335314678,000002C0,false,Rx,1,8,18,80,00,00,73,C0,FE,A3,
4335319092,00000764,false,Rx,0,1,BD,00,00,00,00,00,00,00,
4335324694,000002C0,false,Rx,1,8,18,80,00,00,73,C0,FE,B3,
4335334523,000002C0,false,Rx,1,8,18,80,00,00,73,C0,FE,C3,
4335344696,000002C0,false,Rx,1,8,18,80,00,00,73,C0,FE,D3,
4335354526,000002C0,false,Rx,1,8,18,80,00,00,73,C0,FE,E3,
4335364694,000002C0,false,Rx,1,8,18,80,00,00,73,C0,FE,F3,
4335374531,000002C0,false,Rx,1,8,18,80,00,00,73,C0,FE,03,
4335384696,000002C0,false,Rx,1,8,18,80,00,00,73,C0,FE,13,
4335394531,000002C0,false,Rx,1,8,18,80,00,00,73,C0,FE,23,
4335404697,000002C0,false,Rx,1,8,18,80,00,00,73,C0,FE,33,
4335414529,000002C0,false,Rx,1,8,18,80,00,00,73,C0,FE,43,
4335424699,000002C0,false,Rx,1,8,18,80,00,00,73,C0,FE,53,
4335434528,000002C0,false,Rx,1,8,18,80,00,00,73,C0,FE,63,
4335444700,000002C0,false,Rx,1,8,18,80,00,00,73,C0,FE,73,
4335454531,000002C0,false,Rx,1,8,18,80,00,00,73,C0,FE,83,
4335464704,000002C0,false,Rx,1,8,18,80,00,00,73,C0,FE,93,
4335474530,000002C0,false,Rx,1,8,18,80,00,00,73,C0,FE,A3,
4335484700,000002C0,false,Rx,1,8,18,80,00,00,73,C0,FE,B3,
4335494535,000002C0,false,Rx,1,8,18,80,00,00,73,C0,FE,C3,
4335504705,000002C0,false,Rx,1,8,18,80,00,00,73,C0,FE,D3,
4335514536,000002C0,false,Rx,1,8,18,80,00,00,73,C0,FE,E3,
4335524707,000002C0,false,Rx,1,8,18,80,00,00,73,C0,FE,F3,
4335528832,00000764,false,Rx,0,1,A3,00,00,00,00,00,00,00,
4335534541,000002C0,false,Rx,1,8,18,80,00,00,73,C0,FE,03,
4335544666,00000300,false,Rx,1,6,A1,0F,8A,FF,4A,FF,00,00,
4335544904,000002C0,false,Rx,1,8,18,80,00,00,73,C0,FE,13,
4335549854,00000764,false,Rx,0,5,1B,00,02,21,01,00,00,00,
4335554543,000002C0,false,Rx,1,8,18,80,00,00,73,C0,FE,23,
4335564582,00000300,false,Rx,1,1,BC,00,00,00,00,00,00,00,
4335564821,000002C0,false,Rx,1,8,18,80,00,00,73,C0,FE,33,
4335574535,00000300,false,Rx,1,8,2D,00,0E,61,01,1A,00,37,
4335574773,000002C0,false,Rx,1,8,18,80,00,00,73,C0,FE,43,
4335584709,00000300,false,Rx,1,8,2E,1A,00,37,06,64,02,25,
4335584947,000002C0,false,Rx,1,8,18,80,00,00,73,C0,FE,53,
4335594458,00000300,false,Rx,1,3,1F,00,00,00,00,00,00,00,
4335594694,000002C0,false,Rx,1,8,18,80,00,00,73,C0,FE,63,
4335599762,00000764,false,Rx,0,1,B0,00,00,00,00,00,00,00,
4335604709,000002C0,false,Rx,1,8,18,80,00,00,73,C0,FE,73,
4335614540,000002C0,false,Rx,1,8,18,80,00,00,73,C0,FE,83,
4335624720,000002C0,false,Rx,1,8,18,80,00,00,73,C0,FE,93,
4335634539,000002C0,false,Rx,1,8,18,80,00,00,73,C0,FE,A3,
4335644710,000002C0,false,Rx,1,8,18,80,00,00,73,C0,FE,B3,
4335654540,000002C0,false,Rx,1,8,18,80,00,00,73,C0,FE,C3,
4335664713,000002C0,false,Rx,1,8,18,80,00,00,73,C0,FE,D3,
4335674544,000002C0,false,Rx,1,8,18,80,00,00,73,C0,FE,E3,
4335684711,000002C0,false,Rx,1,8,18,80,00,00,73,C0,FE,F3,
4335694549,000002C0,false,Rx,1,8,18,80,00,00,73,C0,FE,03,
4335704711,000002C0,false,Rx,1,8,18,80,00,00,73,C0,FE,13,
4335714547,000002C0,false,Rx,1,8,18,80,00,00,73,C0,FE,23,
4335724723,000002C0,false,Rx,1,8,18,80,00,00,73,C0,FE,33,
4335734546,000002C0,false,Rx,1,8,18,80,00,00,73,C0,FE,43,
4335744714,000002C0,false,Rx,1,8,18,80,00,00,73,C0,FE,53,
4335754544,000002C0,false,Rx,1,8,18,80,00,00,73,C0,FE,63,
4335764718,000002C0,false,Rx,1,8,18,80,00,00,73,C0,FE,73,
4335774548,000002C0,false,Rx,1,8,18,80,00,00,73,C0,FE,83,
4335784719,000002C0,false,Rx,1,8,18,80,00,00,73,C0,FE,93,
4335794550,000002C0,false,Rx,1,8,18,80,00,00,73,C0,FE,A3,
4335802708,00000764,false,Rx,0,5,1C,00,02,21,01,00,00,00,
4335804716,000002C0,false,Rx,1,8,18,80,00,00,73,C0,FE,B3,
4335814424,00000300,false,Rx,1,1,BD,00,00,00,00,00,00,00,
4335814662,000002C0,false,Rx,1,8,18,80,00,00,73,C0,FE,C3,
4335824720,00000300,false,Rx,1,8,20,00,0E,61,01,1A,00,37,
4335824963,000002C0,false,Rx,1,8,18,80,00,00,73,C0,FE,D3,
4335834554,00000300,false,Rx,1,8,21,1A,00,37,06,64,02,25,
4335834793,000002C0,false,Rx,1,8,18,80,00,00,73,C0,FE,E3,
4335844638,00000300,false,Rx,1,3,12,00,00,00,00,00,00,00,
4335844877,000002C0,false,Rx,1,8,18,80,00,00,73,C0,FE,F3,
4335849497,00000764,false,Rx,0,1,B3,00,00,00,00,00,00,00,
4335854557,000002C0,false,Rx,1,8,18,80,00,00,73,C0,FE,03,
4335864720,000002C0,false,Rx,1,8,18,80,00,00,73,C0,FE,13,
4335874553,000002C0,false,Rx,1,8,18,80,00,00,73,C0,FE,23,
4335884722,000002C0,false,Rx,1,8,18,80,00,00,73,C0,FE,33,
4335894555,000002C0,false,Rx,1,8,18,80,00,00,73,C0,FE,43,
4335904723,000002C0,false,Rx,1,8,18,80,00,00,73,C0,FE,53,
4335914557,000002C0,false,Rx,1,8,18,80,00,00,74,C0,FE,63,
4335924723,000002C0,false,Rx,1,8,18,80,00,00,74,C0,FE,73,
4335934559,000002C0,false,Rx,1,8,18,80,00,00,74,C0,FE,83,
4335944724,000002C0,false,Rx,1,8,18,80,00,00,74,C0,FE,93,
4335954555,000002C0,false,Rx,1,8,18,80,00,00,74,C0,FE,A3,
4335964728,000002C0,false,Rx,1,8,18,80,00,00,74,C0,FE,B3,
4335974559,000002C0,false,Rx,1,8,18,80,00,00,74,C0,FE,C3,
4335984726,000002C0,false,Rx,1,8,18,80,00,00,74,C0,FE,D3,
4335994559,000002C0,false,Rx,1,8,18,80,00,00,74,C0,FE,E3,
4336004732,000002C0,false,Rx,1,8,18,80,00,00,74,C0,FE,F3,
4336014562,000002C0,false,Rx,1,8,18,80,00,00,74,C0,FE,03,
4336024728,000002C0,false,Rx,1,8,18,80,00,00,74,C0,FE,13,
4336034567,000002C0,false,Rx,1,8,18,80,00,00,74,C0,FE,23,
4336043497,00000764,false,Rx,0,1,A3,00,00,00,00,00,00,00,
4336044731,000002C0,false,Rx,1,8,18,80,00,00,74,C0,FE,33,
4336054524,00000300,false,Rx,1,6,A1,0F,8A,FF,4A,FF,00,00,
4336054762,000002C0,false,Rx,1,8,18,80,00,00,74,C0,FE,43,
4336059288,00000764,false,Rx,0,5,1D,00,02,21,01,00,00,00,
4336064740,000002C0,false,Rx,1,8,18,80,00,00,74,C0,FE,53,
4336074438,00000300,false,Rx,1,1,BE,00,00,00,00,00,00,00,
4336074678,000002C0,false,Rx,1,8,18,80,00,00,74,C0,FE,63,
4336084730,00000300,false,Rx,1,8,23,00,0E,61,01,1A,00,38,
4336084968,000002C0,false,Rx,1,8,18,80,00,00,74,C0,FE,73,
4336094569,00000300,false,Rx,1,8,24,1A,00,38,06,64,02,25,
4336094807,000002C0,false,Rx,1,8,18,80,00,00,74,C0,FE,83,
4336104650,00000300,false,Rx,1,3,15,00,00,00,00,00,00,00,
4336104889,000002C0,false,Rx,1,8,18,80,00,00,74,C0,FE,93,
4336109192,00000764,false,Rx,0,1,B6,00,00,00,00,00,00,00,
4336114565,000002C0,false,Rx,1,8,18,80,00,00,74,C0,FE,A3,
4336124735,000002C0,false,Rx,1,8,18,80,00,00,74,C0,FE,B3,
4336134577,000002C0,false,Rx,1,8,18,80,00,00,74,C0,FE,C3,
4336144735,000002C0,false,Rx,1,8,18,80,00,00,74,C0,FE,D3,
4336154566,000002C0,false,Rx,1,8,18,80,00,00,74,C0,FE,E3,
4336164740,000002C0,false,Rx,1,8,18,80,00,00,74,C0,FE,F3,
4336174568,000002C0,false,Rx,1,8,18,80,00,00,74,C0,FE,03,
4336184736,000002C0,false,Rx,1,8,18,80,00,00,74,C0,FE,13,
4336194573,000002C0,false,Rx,1,8,18,80,00,00,74,C0,FE,23,
4336204741,000002C0,false,Rx,1,8,18,80,00,00,74,C0,FE,33,
4336214570,000002C0,false,Rx,1,8,18,80,00,00,74,C0,FE,43,
4336224746,000002C0,false,Rx,1,8,18,80,00,00,74,C0,FE,53,
4336234573,000002C0,false,Rx,1,8,18,80,00,00,74,C0,FE,63,
4336244742,000002C0,false,Rx,1,8,18,80,00,00,74,C0,FE,73,
4336254574,000002C0,false,Rx,1,8,18,80,00,00,74,C0,FE,83,
4336264742,000002C0,false,Rx,1,8,18,80,00,00,74,C0,FE,93,
4336274577,000002C0,false,Rx,1,8,18,80,00,00,74,C0,FE,A3,
4336284745,000002C0,false,Rx,1,8,18,80,00,00,74,C0,FE,B3,
4336294573,000002C0,false,Rx,1,8,18,80,00,00,73,C0,FE,C3,
4336304748,000002C0,false,Rx,1,8,18,80,00,00,73,C0,FE,D3,
4336309504,00000764,false,Rx,0,5,1E,00,02,21,01,00,00,00,
4336314578,000002C0,false,Rx,1,8,18,80,00,00,73,C0,FE,E3,
4336324622,00000300,false,Rx,1,1,BF,00,00,00,00,00,00,00,
4336324860,000002C0,false,Rx,1,8,18,80,00,00,73,C0,FE,F3,
4336334574,00000300,false,Rx,1,8,26,00,0E,61,01,1A,00,37,
4336334823,000002C0,false,Rx,1,8,18,80,00,00,73,C0,FE,03,
4336344756,00000300,false,Rx,1,8,27,1A,00,38,06,64,02,25,
4336344986,000002C0,false,Rx,1,8,18,80,00,00,73,C0,FE,13,
4336354497,00000300,false,Rx,1,3,18,00,00,00,00,00,00,00,
4336354737,000002C0,false,Rx,1,8,18,80,00,00,73,C0,FE,23,
4336359838,00000764,false,Rx,0,1,B9,00,00,00,00,00,00,00,
4336364747,000002C0,false,Rx,1,8,18,80,00,00,73,C0,FE,33,
4336374577,000002C0,false,Rx,1,8,18,80,00,00,73,C0,FE,43,
4336384747,000002C0,false,Rx,1,8,18,80,00,00,73,C0,FE,53,
4336394579,000002C0,false,Rx,1,8,18,80,00,00,73,C0,FE,63,
4336404751,000002C0,false,Rx,1,8,18,80,00,00,73,C0,FE,73,
4336414583,000002C0,false,Rx,1,8,18,80,00,00,73,C0,FE,83,
4336424753,000002C0,false,Rx,1,8,18,80,00,00,73,C0,FE,93,
4336434581,000002C0,false,Rx,1,8,18,80,00,00,73,C0,FE,A3,
4336444766,000002C0,false,Rx,1,8,18,80,00,00,73,C0,FE,B3,
4336454583,000002C0,false,Rx,1,8,18,80,00,00,73,C0,FE,C3,
4336464756,000002C0,false,Rx,1,8,18,80,00,00,73,C0,FE,D3,
4336474584,000002C0,false,Rx,1,8,18,80,00,00,73,C0,FE,E3,
4336484754,000002C0,false,Rx,1,8,18,80,00,00,73,C0,FE,F3,
4336494592,000002C0,false,Rx,1,8,18,80,00,00,73,C0,FE,03,
4336504754,000002C0,false,Rx,1,8,18,80,00,00,73,C0,FE,13,
4336514603,000002C0,false,Rx,1,8,18,80,00,00,73,C0,FE,23,
4336524768,000002C0,false,Rx,1,8,18,80,00,00,73,C0,FE,33,
4336534585,000002C0,false,Rx,1,8,18,80,00,00,73,C0,FE,43,
4336544769,000002C0,false,Rx,1,8,18,80,00,00,73,C0,FE,53,
4336554588,000002C0,false,Rx,1,8,18,80,00,00,73,C0,FE,63,
4336564759,000002C0,false,Rx,1,8,18,80,00,00,73,C0,FE,73,
4336565762,00000764,false,Rx,0,1,A3,00,00,00,00,00,00,00,
4336574589,000002C0,false,Rx,1,8,18,80,00,00,73,C0,FE,83,
4336584721,00000300,false,Rx,1,6,A1,0F,8A,FF,4A,FF,00,00,
4336584963,000002C0,false,Rx,1,8,18,80,00,00,73,C0,FE,93,
4336589696,00000764,false,Rx,0,5,1F,00,02,21,01,00,00,00,
4336594596,000002C0,false,Rx,1,8,18,80,00,00,73,C0,FE,A3,
4336604638,00000300,false,Rx,1,1,B0,00,00,00,00,00,00,00,
4336604876,000002C0,false,Rx,1,8,18,80,00,00,73,C0,FE,B3,
4336614590,00000300,false,Rx,1,8,29,00,0E,61,01,1A,00,37,
4336614829,000002C0,false,Rx,1,8,18,80,00,00,73,C0,FE,C3,
4336624764,00000300,false,Rx,1,8,2A,1A,00,38,06,64,02,25,
4336625011,000002C0,false,Rx,1,8,18,80,00,00,73,C0,FE,D3,
4336634511,00000300,false,Rx,1,3,1B,00,00,00,00,00,00,00,
4336634751,000002C0,false,Rx,1,8,18,80,00,00,73,C0,FE,E3,
4336639602,00000764,false,Rx,0,1,BC,00,00,00,00,00,00,00,
4336644760,000002C0,false,Rx,1,8,18,80,00,00,73,C0,FE,F3,
4336654603,000002C0,false,Rx,1,8,18,80,00,00,73,C0,FE,03,
4336664762,000002C0,false,Rx,1,8,18,80,00,00,73,C0,FE,13,
4336674595,000002C0,false,Rx,1,8,18,80,00,00,73,C0,FE,23,
4336684764,000002C0,false,Rx,1,8,18,80,00,00,73,C0,FE,33,
4336694594,000002C0,false,Rx,1,8,18,80,00,00,73,C0,FE,43,
4336704764,000002C0,false,Rx,1,8,18,80,00,00,73,C0,FE,53,
4336714596,000002C0,false,Rx,1,8,18,80,00,00,73,C0,FE,63,
4336724775,000002C0,false,Rx,1,8,18,80,00,00,73,C0,FE,73,
4336734598,000002C0,false,Rx,1,8,18,80,00,00,73,C0,FE,83,
4336744771,000002C0,false,Rx,1,8,18,80,00,00,73,C0,FE,93,
4336754600,000002C0,false,Rx,1,8,18,80,00,00,73,C0,FE,A3,
4336764767,000002C0,false,Rx,1,8,18,80,00,00,73,C0,FE,B3,
4336774598,000002C0,false,Rx,1,8,18,80,00,00,73,C0,FE,C3,
4336784773,000002C0,false,Rx,1,8,18,80,00,00,73,C0,FE,D3,
4336794602,000002C0,false,Rx,1,8,18,80,00,00,73,C0,FE,E3,
4336804770,000002C0,false,Rx,1,8,18,80,00,00,73,C0,FE,F3,
4336814608,000002C0,false,Rx,1,8,18,80,00,00,73,C0,FE,03,
4336824770,000002C0,false,Rx,1,8,18,80,00,00,73,C0,FE,13,
4336834604,000002C0,false,Rx,1,8,18,80,00,00,73,C0,FE,23,
4336844771,000002C0,false,Rx,1,8,18,80,00,00,73,C0,FE,33,
4336851351,00000764,false,Rx,0,5,10,00,02,21,01,00,00,00,
4336854604,000002C0,false,Rx,1,8,18,80,00,00,73,C0,FE,43,
4336864647,00000300,false,Rx,1,1,B1,00,00,00,00,00,00,00,
4336864886,000002C0,false,Rx,1,8,18,80,00,00,73,C0,FE,53,
4336874602,00000300,false,Rx,1,8,2C,00,0E,61,01,1A,00,37,
4336874840,000002C0,false,Rx,1,8,18,80,00,00,73,C0,FE,63,
4336884776,00000300,false,Rx,1,8,2D,1A,00,38,06,64,02,25,
4336885016,000002C0,false,Rx,1,8,18,80,00,00,73,C0,FE,73,
4336894524,00000300,false,Rx,1,3,1E,00,00,00,00,00,00,00,
4336894765,000002C0,false,Rx,1,8,18,80,00,00,73,C0,FE,83,
4336899332,00000764,false,Rx,0,1,BF,00,00,00,00,00,00,00,
4336904779,000002C0,false,Rx,1,8,18,80,00,00,73,C0,FE,93,
4336914607,000002C0,false,Rx,1,8,18,80,00,00,73,C0,FE,A3,
4336924777,000002C0,false,Rx,1,8,18,80,00,00,73,C0,FE,B3,
4336934607,000002C0,false,Rx,1,8,18,80,00,00,73,C0,FE,C3,
4336944781,000002C0,false,Rx,1,8,18,80,00,00,73,C0,FE,D3,
4336954620,000002C0,false,Rx,1,8,18,80,00,00,73,C0,FE,E3,
4336964778,000002C0,false,Rx,1,8,18,80,00,00,73,C0,FE,F3,
4336974615,000002C0,false,Rx,1,8,18,80,00,00,73,C0,FE,03,
4336984778,000002C0,false,Rx,1,8,18,80,00,00,73,C0,FE,13,
4336994615,000002C0,false,Rx,1,8,18,80,00,00,72,C0,FE,23,
4337004782,000002C0,false,Rx,1,8,18,80,00,00,72,C0,FE,33,
4337014613,000002C0,false,Rx,1,8,18,80,00,00,72,C0,FE,43,
4337024783,000002C0,false,Rx,1,8,18,80,00,00,72,C0,FE,53,
4337034613,000002C0,false,Rx,1,8,18,80,00,00,72,C0,FE,63,
4337044784,000002C0,false,Rx,1,8,18,80,00,00,72,C0,FE,73,
4337054630,000002C0,false,Rx,1,8,18,80,00,00,72,C0,FE,83,
4337064784,000002C0,false,Rx,1,8,18,80,00,00,72,C0,FE,93,
4337074615,000002C0,false,Rx,1,8,18,80,00,00,72,C0,FE,A3,
4337084783,000002C0,false,Rx,1,8,18,80,00,00,72,C0,FE,B3,
4337094618,000002C0,false,Rx,1,8,18,80,00,00,72,C0,FE,C3,
4337104786,000002C0,false,Rx,1,8,18,80,00,00,72,C0,FE,D3,
4337109154,00000764,false,Rx,0,1,A3,00,00,00,00,00,00,00,
4337114618,000002C0,false,Rx,1,8,18,80,00,00,72,C0,FE,E3,
4337124749,00000300,false,Rx,1,6,A1,0F,8A,FF,4A,FF,00,00,
4337124988,000002C0,false,Rx,1,8,18,80,00,00,72,C0,FE,F3,
4337130105,00000764,false,Rx,0,5,11,00,02,21,01,00,00,00,
4337134626,000002C0,false,Rx,1,8,18,80,00,00,72,C0,FE,03,
4337144663,00000300,false,Rx,1,1,B2,00,00,00,00,00,00,00,
4337144902,000002C0,false,Rx,1,8,18,80,00,00,72,C0,FE,13,
4337154618,00000300,false,Rx,1,8,2F,00,0E,61,01,1A,00,36,
4337154856,000002C0,false,Rx,1,8,18,80,00,00,72,C0,FE,23,
4337164798,00000300,false,Rx,1,8,20,1A,00,37,06,64,02,25,
4337165034,000002C0,false,Rx,1,8,18,80,00,00,72,C0,FE,33,
4337174539,00000300,false,Rx,1,3,11,00,00,00,00,00,00,00,
4337174777,000002C0,false,Rx,1,8,18,80,00,00,72,C0,FE,43,
4337179978,00000764,false,Rx,0,1,B2,00,00,00,00,00,00,00,
4337184793,000002C0,false,Rx,1,8,18,80,00,00,72,C0,FE,53,
4337194621,000002C0,false,Rx,1,8,18,80,00,00,72,C0,FE,63,
4337204793,000002C0,false,Rx,1,8,18,80,00,00,72,C0,FE,73,
4337214625,000002C0,false,Rx,1,8,18,80,00,00,72,C0,FE,83,
4337224800,000002C0,false,Rx,1,8,18,80,00,00,72,C0,FE,93,
4337234622,000002C0,false,Rx,1,8,18,80,00,00,72,C0,FE,A3,
4337244792,000002C0,false,Rx,1,8,18,80,00,00,72,C0,FE,B3,
4337254626,000002C0,false,Rx,1,8,18,80,00,00,72,C0,FE,C3,
4337264797,000002C0,false,Rx,1,8,18,80,00,00,72,C0,FE,D3,
4337274625,000002C0,false,Rx,1,8,18,80,00,00,72,C0,FE,E3,
4337284794,000002C0,false,Rx,1,8,18,80,00,00,72,C0,FE,F3,
4337294628,000002C0,false,Rx,1,8,18,80,00,00,72,C0,FE,03,
4337304797,000002C0,false,Rx,1,8,18,80,00,00,72,C0,FE,13,
4337314628,000002C0,false,Rx,1,8,18,80,00,00,72,C0,FE,23,
4337324798,000002C0,false,Rx,1,8,18,80,00,00,72,C0,FE,33,
4337334628,000002C0,false,Rx,1,8,18,80,00,00,72,C0,FE,43,
4337344800,000002C0,false,Rx,1,8,18,80,00,00,72,C0,FE,53,
4337354628,000002C0,false,Rx,1,8,18,80,00,00,72,C0,FE,63,
4337364814,000002C0,false,Rx,1,8,18,80,00,00,72,C0,FE,73,
4337370451,00000764,false,Rx,0,5,12,00,02,21,01,00,00,00,
4337374633,000002C0,false,Rx,1,8,18,80,00,00,72,C0,FE,83,
4337384674,00000300,false,Rx,1,1,B3,00,00,00,00,00,00,00,
4337384912,000002C0,false,Rx,1,8,18,80,00,00,72,C0,FE,93,
4337394629,00000300,false,Rx,1,8,22,00,0E,61,01,1A,00,36,
4337394867,000002C0,false,Rx,1,8,18,80,00,00,72,C0,FE,A3,
4337404805,00000300,false,Rx,1,8,23,1A,00,37,06,64,02,25,
4337405043,000002C0,false,Rx,1,8,18,80,00,00,72,C0,FE,B3,
4337414553,00000300,false,Rx,1,3,14,00,00,00,00,00,00,00,
4337414794,000002C0,false,Rx,1,8,18,80,00,00,72,C0,FE,C3,
4337419747,00000764,false,Rx,0,1,B5,00,00,00,00,00,00,00,
4337424802,000002C0,false,Rx,1,8,18,80,00,00,72,C0,FE,D3,
4337434633,000002C0,false,Rx,1,8,18,80,00,00,71,C0,FE,E3,
4337444804,000002C0,false,Rx,1,8,18,80,00,00,71,C0,FE,F3,
4337454638,000002C0,false,Rx,1,8,18,80,00,00,71,C0,FE,03,
4337464812,000002C0,false,Rx,1,8,18,80,00,00,71,C0,FE,13,
4337474637,000002C0,false,Rx,1,8,18,80,00,00,71,C0,FE,23,
4337484805,000002C0,false,Rx,1,8,18,80,00,00,71,C0,FE,33,
4337494640,000002C0,false,Rx,1,8,18,80,00,00,71,C0,FE,43,
4337504806,000002C0,false,Rx,1,8,18,80,00,00,71,C0,FE,53,
4337514637,000002C0,false,Rx,1,8,18,80,00,00,71,C0,FE,63,
4337524810,000002C0,false,Rx,1,8,18,80,00,00,71,C0,FE,73,
4337534644,000002C0,false,Rx,1,8,18,80,00,00,71,C0,FE,83,
4337544811,000002C0,false,Rx,1,8,18,80,00,00,71,C0,FE,93,
4337554639,000002C0,false,Rx,1,8,18,80,00,00,71,C0,FE,A3,
4337564809,000002C0,false,Rx,1,8,18,80,00,00,71,C0,FE,B3,
4337574645,000002C0,false,Rx,1,8,18,80,00,00,71,C0,FE,C3,
4337584815,000002C0,false,Rx,1,8,18,80,00,00,71,C0,FE,D3,
4337594643,000002C0,false,Rx,1,8,18,80,00,00,71,C0,FE,E3,
4337604812,000002C0,false,Rx,1,8,18,80,00,00,71,C0,FE,F3,
4337610198,00000764,false,Rx,0,1,A3,00,00,00,00,00,00,00,
4337614648,000002C0,false,Rx,1,8,18,80,00,00,71,C0,FE,03,
4337624776,00000300,false,Rx,1,6,A1,0F,8A,FF,4A,FF,00,00,
4337625016,000002C0,false,Rx,1,8,18,80,00,00,71,C0,FE,13,
4337629625,00000764,false,Rx,0,5,13,00,02,21,01,00,00,00,
4337634650,000002C0,false,Rx,1,8,18,80,00,00,71,C0,FE,23,
4337644687,00000300,false,Rx,1,1,B4,00,00,00,00,00,00,00,
4337644926,000002C0,false,Rx,1,8,18,80,00,00,71,C0,FE,33,
4337654642,00000300,false,Rx,1,8,25,00,0E,61,01,1A,00,35,
4337654881,000002C0,false,Rx,1,8,18,80,00,00,71,C0,FE,43,
4337664816,00000300,false,Rx,1,8,26,1A,00,37,06,64,02,25,
4337665054,000002C0,false,Rx,1,8,18,80,00,00,71,C0,FE,53,
4337674567,00000300,false,Rx,1,3,17,00,00,00,00,00,00,00,
4337674803,000002C0,false,Rx,1,8,18,80,00,00,71,C0,FE,63,
4337679502,00000764,false,Rx,0,1,B8,00,00,00,00,00,00,00,
4337684817,000002C0,false,Rx,1,8,18,80,00,00,71,C0,FE,73,
4337694653,000002C0,false,Rx,1,8,18,80,00,00,70,C0,FE,83,
4337704818,000002C0,false,Rx,1,8,18,80,00,00,70,C0,FE,93,
4337714648,000002C0,false,Rx,1,8,18,80,00,00,70,C0,FE,A3,
4337724827,000002C0,false,Rx,1,8,18,80,00,00,70,C0,FE,B3,
4337734648,000002C0,false,Rx,1,8,18,80,00,00,70,C0,FE,C3,
4337744820,000002C0,false,Rx,1,8,18,80,00,00,70,C0,FE,D3,
4337754653,000002C0,false,Rx,1,8,18,80,00,00,70,C0,FE,E3,
4337764824,000002C0,false,Rx,1,8,18,80,00,00,70,C0,FE,F3,
4337774654,000002C0,false,Rx,1,8,18,80,00,00,70,C0,FE,03,
4337784821,000002C0,false,Rx,1,8,18,80,00,00,70,C0,FE,13,
4337794654,000002C0,false,Rx,1,8,18,80,00,00,70,C0,FE,23,
4337804823,000002C0,false,Rx,1,8,18,80,00,00,70,C0,FE,33,
4337814655,000002C0,false,Rx,1,8,18,80,00,00,70,C0,FE,43,
4337824824,000002C0,false,Rx,1,8,18,80,00,00,70,C0,FE,53,
4337834657,000002C0,false,Rx,1,8,18,80,00,00,70,C0,FE,63,
4337844826,000002C0,false,Rx,1,8,18,80,00,00,70,C0,FE,73,
4337854658,000002C0,false,Rx,1,8,18,80,00,00,70,C0,FE,83,
4337864826,000002C0,false,Rx,1,8,18,80,00,00,70,C0,FE,93,
4337874616,00000764,false,Rx,0,5,14,00,02,21,01,00,00,00,
4337874656,000002C0,false,Rx,1,8,18,80,00,00,70,C0,FE,A3,
4337884829,000002C0,false,Rx,1,8,18,80,00,00,70,C0,FE,B3,
4337894536,00000300,false,Rx,1,1,B5,00,00,00,00,00,00,00,
4337894770,000002C0,false,Rx,1,8,18,80,00,00,70,C0,FE,C3,
4337904828,00000300,false,Rx,1,8,28,00,0E,61,01,1A,00,34,
4337905069,000002C0,false,Rx,1,8,18,80,00,00,70,C0,FE,D3,
4337914660,00000300,false,Rx,1,8,29,1A,00,37,06,64,02,25,
4337914900,000002C0,false,Rx,1,8,18,80,00,00,70,C0,FE,E3,
4337924747,00000300,false,Rx,1,3,1A,00,00,00,00,00,00,00,
4337924989,000002C0,false,Rx,1,8,18,80,00,00,70,C0,FE,F3,
4337929247,00000764,false,Rx,0,1,BB,00,00,00,00,00,00,00,
4337934661,000002C0,false,Rx,1,8,18,80,00,00,70,C0,FE,03,
4337944831,000002C0,false,Rx,1,8,18,80,00,00,70,C0,FE,13,
4337954661,000002C0,false,Rx,1,8,18,80,00,00,6F,C0,FE,23,
4337964831,000002C0,false,Rx,1,8,18,80,00,00,6F,C0,FE,33,
4337974665,000002C0,false,Rx,1,8,18,80,00,00,6F,C0,FE,43,
4337984833,000002C0,false,Rx,1,8,18,80,00,00,6F,C0,FE,53,
4337994671,000002C0,false,Rx,1,8,18,80,00,00,6F,C0,FE,63,
4338004835,000002C0,false,Rx,1,8,18,80,00,00,6F,C0,FE,73,
4338014671,000002C0,false,Rx,1,8,18,80,00,00,6F,C0,FE,83,
4338024837,000002C0,false,Rx,1,8,18,80,00,00,6F,C0,FE,93,
4338034665,000002C0,false,Rx,1,8,18,80,00,00,6F,C0,FE,A3,
4338044836,000002C0,false,Rx,1,8,18,80,00,00,6F,C0,FE,B3,
4338054669,000002C0,false,Rx,1,8,18,80,00,00,6F,C0,FE,C3,
4338064836,000002C0,false,Rx,1,8,18,80,00,00,6F,C0,FE,D3,
4338074671,000002C0,false,Rx,1,8,18,80,00,00,6F,C0,FE,E3,
4338084843,000002C0,false,Rx,1,8,18,80,00,00,6F,C0,FE,F3,
4338094674,000002C0,false,Rx,1,8,18,80,00,00,6F,C0,FE,03,
4338104840,000002C0,false,Rx,1,8,18,80,00,00,6F,C0,FE,13,
4338114670,000002C0,false,Rx,1,8,18,80,00,00,6F,C0,FE,23,
4338124840,000002C0,false,Rx,1,8,18,80,00,00,6F,C0,FE,33,
4338131766,00000764,false,Rx,0,1,A3,00,00,00,00,00,00,00,
4338134672,000002C0,false,Rx,1,8,18,80,00,00,6F,C0,FE,43,
4338144802,00000300,false,Rx,1,6,A1,0F,8A,FF,4A,FF,00,00,
4338145042,000002C0,false,Rx,1,8,18,80,00,00,6F,C0,FE,53,
4338150067,00000764,false,Rx,0,5,15,00,02,21,01,00,00,00,
4338154681,000002C0,false,Rx,1,8,18,80,00,00,6F,C0,FE,63,
4338164714,00000300,false,Rx,1,1,B6,00,00,00,00,00,00,00,
4338164956,000002C0,false,Rx,1,8,18,80,00,00,6F,C0,FE,73,
4338174671,00000300,false,Rx,1,8,2B,00,0E,61,01,1A,00,33,
4338174920,000002C0,false,Rx,1,8,18,80,00,00,6F,C0,FE,83,
4338184855,00000300,false,Rx,1,8,2C,1A,00,37,06,64,02,25,
4338185089,000002C0,false,Rx,1,8,18,80,00,00,6F,C0,FE,93,
4338194593,00000300,false,Rx,1,3,1D,00,00,00,00,00,00,00,
4338194830,000002C0,false,Rx,1,8,18,80,00,00,6E,C0,FE,A3,
4338199978,00000764,false,Rx,0,1,BE,00,00,00,00,00,00,00,
4338204842,000002C0,false,Rx,1,8,18,80,00,00,6E,C0,FE,B3,
4338214674,000002C0,false,Rx,1,8,18,80,00,00,6E,C0,FE,C3,
4338224853,000002C0,false,Rx,1,8,18,80,00,00,6E,C0,FE,D3,
4338234674,000002C0,false,Rx,1,8,18,80,00,00,6E,C0,FE,E3,
4338244844,000002C0,false,Rx,1,8,18,80,00,00,6E,C0,FE,F3,
4338254679,000002C0,false,Rx,1,8,18,80,00,00,6E,C0,FE,03,
4338264846,000002C0,false,Rx,1,8,18,80,00,00,6E,C0,FE,13,
4338274676,000002C0,false,Rx,1,8,18,80,00,00,6E,C0,FE,23,
4338284877,000002C0,false,Rx,1,8,18,80,00,00,6E,C0,FE,33,
4338294682,000002C0,false,Rx,1,8,18,80,00,00,6E,C0,FE,43,
4338304848,000002C0,false,Rx,1,8,18,80,00,00,6E,C0,FE,53,
4338314680,000002C0,false,Rx,1,8,18,80,00,00,6E,C0,FE,63,
4338324850,000002C0,false,Rx,1,8,18,80,00,00,6E,C0,FE,73,
4338334683,000002C0,false,Rx,1,8,18,80,00,00,6E,C0,FE,83,
4338344851,000002C0,false,Rx,1,8,18,80,00,00,6E,C0,FE,93,
4338354681,000002C0,false,Rx,1,8,18,80,00,00,6E,C0,FE,A3,
4338364851,000002C0,false,Rx,1,8,18,80,00,00,6E,C0,FE,B3,
4338374681,000002C0,false,Rx,1,8,18,80,00,00,6E,C0,FE,C3,
4338384852,000002C0,false,Rx,1,8,18,80,00,00,6E,C0,FE,D3,
4338394688,000002C0,false,Rx,1,8,18,80,00,00,6E,C0,FE,E3,
4338396107,00000764,false,Rx,0,5,16,00,02,21,01,00,00,00,
4338404853,000002C0,false,Rx,1,8,18,80,00,00,6E,C0,FE,F3,
4338414558,00000300,false,Rx,1,1,B7,00,00,00,00,00,00,00,
4338414801,000002C0,false,Rx,1,8,18,80,00,00,6E,C0,FE,03,
4338424853,00000300,false,Rx,1,8,2E,00,0E,61,01,1A,00,32,
4338425092,000002C0,false,Rx,1,8,18,80,00,00,6E,C0,FE,13,
4338434685,00000300,false,Rx,1,8,2F,1A,00,37,06,64,02,25,
4338434924,000002C0,false,Rx,1,8,18,80,00,00,6E,C0,FE,23,
4338444775,00000300,false,Rx,1,3,10,00,00,00,00,00,00,00,
4338445013,000002C0,false,Rx,1,8,18,80,00,00,6E,C0,FE,33,
4338449757,00000764,false,Rx,0,1,B1,00,00,00,00,00,00,00,
4338454686,000002C0,false,Rx,1,8,18,80,00,00,6D,C0,FE,43,
4338464856,000002C0,false,Rx,1,8,18,80,00,00,6D,C0,FE,53,
4338474686,000002C0,false,Rx,1,8,18,80,00,00,6D,C0,FE,63,
4338484859,000002C0,false,Rx,1,8,18,80,00,00,6D,C0,FE,73,
4338494695,000002C0,false,Rx,1,8,18,80,00,00,6D,C0,FE,83,
4338504861,000002C0,false,Rx,1,8,18,80,00,00,6D,C0,FE,93,
4338514689,000002C0,false,Rx,1,8,18,80,00,00,6D,C0,FE,A3,
4338524861,000002C0,false,Rx,1,8,18,80,00,00,6D,C0,FE,B3,
4338534691,000002C0,false,Rx,1,8,18,80,00,00,6D,C0,FE,C3,
4338544859,000002C0,false,Rx,1,8,18,80,00,00,6D,C0,FE,D3,
4338554691,000002C0,false,Rx,1,8,18,80,00,00,6D,C0,FE,E3,
4338564863,000002C0,false,Rx,1,8,18,80,00,00,6D,C0,FE,F3,
4338574696,000002C0,false,Rx,1,8,18,80,00,00,6D,C0,FE,03,
4338584862,000002C0,false,Rx,1,8,18,80,00,00,6D,C0,FE,13,
4338594698,000002C0,false,Rx,1,8,18,80,00,00,6D,C0,FE,23,
4338604863,000002C0,false,Rx,1,8,18,80,00,00,6D,C0,FE,33,
4338614695,000002C0,false,Rx,1,8,18,80,00,00,6D,C0,FE,43,
4338624865,000002C0,false,Rx,1,8,18,80,00,00,6D,C0,FE,53,
4338634695,000002C0,false,Rx,1,8,18,80,00,00,6D,C0,FE,63,
4338638332,00000764,false,Rx,0,1,A3,00,00,00,00,00,00,00,
4338644867,000002C0,false,Rx,1,8,18,80,00,00,6D,C0,FE,73,
4338654658,00000300,false,Rx,1,6,A1,0F,8A,FF,4A,FF,00,00,
4338654899,000002C0,false,Rx,1,8,18,80,00,00,6D,C0,FE,83,
4338659615,00000764,false,Rx,0,5,17,00,02,21,01,00,00,00,
4338664877,000002C0,false,Rx,1,8,18,80,00,00,6D,C0,FE,93,
4338674571,00000300,false,Rx,1,1,B8,00,00,00,00,00,00,00,
4338674809,000002C0,false,Rx,1,8,18,80,00,00,6D,C0,FE,A3,
4338684865,00000300,false,Rx,1,8,21,00,0E,61,01,1A,00,31,
4338685105,000002C0,false,Rx,1,8,18,80,00,00,6D,C0,FE,B3,
4338694712,00000300,false,Rx,1,8,22,1A,00,37,06,64,02,25,
4338694939,000002C0,false,Rx,1,8,18,80,00,00,6D,C0,FE,C3,
4338704788,00000300,false,Rx,1,3,13,00,00,00,00,00,00,00,
4338705026,000002C0,false,Rx,1,8,18,80,00,00,6D,C0,FE,D3,
4338709444,00000764,false,Rx,0,1,B4,00,00,00,00,00,00,00,
4338714701,000002C0,false,Rx,1,8,18,80,00,00,6D,C0,FE,E3,
4338724874,000002C0,false,Rx,1,8,18,80,00,00,6D,C0,FE,F3,
4338734704,000002C0,false,Rx,1,8,18,80,00,00,6C,C0,FE,03,
4338744872,000002C0,false,Rx,1,8,18,80,00,00,6C,C0,FE,13,
4338754700,000002C0,false,Rx,1,8,18,80,00,00,6C,C0,FE,23,
4338764871,000002C0,false,Rx,1,8,18,80,00,00,6C,C0,FE,33,
4338774704,000002C0,false,Rx,1,8,18,80,00,00,6C,C0,FE,43,
4338784875,000002C0,false,Rx,1,8,18,80,00,00,6C,C0,FE,53,
4338794704,000002C0,false,Rx,1,8,18,80,00,00,6C,C0,FE,63,
4338804876,000002C0,false,Rx,1,8,18,80,00,00,6C,C0,FE,73,
4338814709,000002C0,false,Rx,1,8,18,80,00,00,6C,C0,FE,83,
4338824877,000002C0,false,Rx,1,8,18,80,00,00,6C,C0,FE,93,
4338834705,000002C0,false,Rx,1,8,18,80,00,00,6C,C0,FE,A3,
4338844874,000002C0,false,Rx,1,8,18,80,00,00,6C,C0,FE,B3,
4338854707,000002C0,false,Rx,1,8,18,80,00,00,6C,C0,FE,C3,
4338864875,000002C0,false,Rx,1,8,18,80,00,00,6C,C0,FE,D3,
4338874709,000002C0,false,Rx,1,8,18,80,00,00,6C,C0,FE,E3,
4338884890,000002C0,false,Rx,1,8,18,80,00,00,6C,C0,FE,F3,
4338894712,000002C0,false,Rx,1,8,18,80,00,00,6C,C0,FE,03,
4338902950,00000764,false,Rx,0,5,18,00,02,21,01,00,00,00,
4338904880,000002C0,false,Rx,1,8,18,80,00,00,6C,C0,FE,13,
4338914589,00000300,false,Rx,1,1,B9,00,00,00,00,00,00,00,
4338914823,000002C0,false,Rx,1,8,18,80,00,00,6C,C0,FE,23,
4338924881,00000300,false,Rx,1,8,24,00,0E,61,01,1A,00,30,
4338925119,000002C0,false,Rx,1,8,18,80,00,00,6C,C0,FE,33,
4338934711,00000300,false,Rx,1,8,25,1A,00,37,06,64,02,25,
4338934956,000002C0,false,Rx,1,8,18,80,00,00,6C,C0,FE,43,
4338944799,00000300,false,Rx,1,3,16,00,00,00,00,00,00,00,
4338945041,000002C0,false,Rx,1,8,18,80,00,00,6C,C0,FE,53,
4338950085,00000764,false,Rx,0,1,B7,00,00,00,00,00,00,00,
4338954710,000002C0,false,Rx,1,8,18,80,00,00,6C,C0,FE,63,
4338964883,000002C0,false,Rx,1,8,18,80,00,00,6C,C0,FE,73,
4338974714,000002C0,false,Rx,1,8,18,80,00,00,6C,C0,FE,83,
4338984886,000002C0,false,Rx,1,8,18,80,00,00,6C,C0,FE,93,
4338994718,000002C0,false,Rx,1,8,18,80,00,00,6C,C0,FE,A3,
4339004896,000002C0,false,Rx,1,8,18,80,00,00,6C,C0,FE,B3,
4339014718,000002C0,false,Rx,1,8,18,80,00,00,6C,C0,FE,C3,
4339024884,000002C0,false,Rx,1,8,18,80,00,00,6C,C0,FE,D3,
4339034716,000002C0,false,Rx,1,8,18,80,00,00,6B,C0,FE,E3,
4339044887,000002C0,false,Rx,1,8,18,80,00,00,6B,C0,FE,F3,
4339054718,000002C0,false,Rx,1,8,18,80,00,00,6B,C0,FE,03,
4339064887,000002C0,false,Rx,1,8,18,80,00,00,6B,C0,FE,13,
4339074719,000002C0,false,Rx,1,8,18,80,00,00,6B,C0,FE,23,
4339084889,000002C0,false,Rx,1,8,18,80,00,00,6B,C0,FE,33,
4339094721,000002C0,false,Rx,1,8,18,80,00,00,6B,C0,FE,43,
4339104899,000002C0,false,Rx,1,8,18,80,00,00,6B,C0,FE,53,
4339114724,000002C0,false,Rx,1,8,18,80,00,00,6B,C0,FE,63,
4339124891,000002C0,false,Rx,1,8,18,80,00,00,6B,C0,FE,73,
4339134723,000002C0,false,Rx,1,8,18,80,00,00,6B,C0,FE,83,
4339141981,00000764,false,Rx,0,1,A3,00,00,00,00,00,00,00,
4339144891,000002C0,false,Rx,1,8,18,80,00,00,6B,C0,FE,93,
4339154683,00000300,false,Rx,1,6,A1,0F,8A,FF,4A,FF,00,00,
4339154923,000002C0,false,Rx,1,8,18,80,00,00,6B,C0,FE,A3,
4339160068,00000764,false,Rx,0,5,19,00,02,21,01,00,00,00,
4339164899,000002C0,false,Rx,1,8,18,80,00,00,6B,C0,FE,B3,
4339174597,00000300,false,Rx,1,1,BA,00,00,00,00,00,00,00,
4339174837,000002C0,false,Rx,1,8,18,80,00,00,6B,C0,FE,C3,
4339184891,00000300,false,Rx,1,8,27,00,0E,61,01,1A,00,2F,
4339185129,000002C0,false,Rx,1,8,18,80,00,00,6B,C0,FE,D3,
4339194732,00000300,false,Rx,1,8,28,1A,00,37,06,64,02,25,
4339194968,000002C0,false,Rx,1,8,18,80,00,00,6B,C0,FE,E3,
4339204809,00000300,false,Rx,1,3,19,00,00,00,00,00,00,00,
4339205063,000002C0,false,Rx,1,8,18,80,00,00,6B,C0,FE,F3,
4339209928,00000764,false,Rx,0,1,BA,00,00,00,00,00,00,00,
4339214730,000002C0,false,Rx,1,8,18,80,00,00,6B,C0,FE,03,
4339224900,000002C0,false,Rx,1,8,18,80,00,00,6B,C0,FE,13,
4339234729,000002C0,false,Rx,1,8,18,80,00,00,6B,C0,FE,23,
4339244898,000002C0,false,Rx,1,8,18,80,00,00,6B,C0,FE,33,
4339254728,000002C0,false,Rx,1,8,18,80,00,00,6B,C0,FE,43,
4339264898,000002C0,false,Rx,1,8,18,80,00,00,6B,C0,FE,53,
4339274728,000002C0,false,Rx,1,8,18,80,00,00,6B,C0,FE,63,
4339284900,000002C0,false,Rx,1,8,18,80,00,00,6B,C0,FE,73,
4339294732,000002C0,false,Rx,1,8,18,80,00,00,6B,C0,FE,83,
4339304898,000002C0,false,Rx,1,8,18,80,00,00,6B,C0,FE,93,
4339314734,000002C0,false,Rx,1,8,18,80,00,00,6B,C0,FE,A3,
4339324902,000002C0,false,Rx,1,8,18,80,00,00,6B,C0,FE,B3,
4339334731,000002C0,false,Rx,1,8,18,80,00,00,6B,C0,FE,C3,
4339344901,000002C0,false,Rx,1,8,18,80,00,00,6B,C0,FE,D3,
4339354731,000002C0,false,Rx,1,8,18,80,00,00,6B,C0,FE,E3,
4339364903,000002C0,false,Rx,1,8,18,80,00,00,6B,C0,FE,F3,
4339374734,000002C0,false,Rx,1,8,18,80,00,00,6B,C0,FE,03,
4339384903,000002C0,false,Rx,1,8,18,80,00,00,6B,C0,FE,13,
4339394737,000002C0,false,Rx,1,8,18,80,00,00,6B,C0,FE,23,
4339404905,000002C0,false,Rx,1,8,18,80,00,00,6B,C0,FE,33,
4339406248,00000764,false,Rx,0,5,1A,00,02,21,01,00,00,00,
4339414743,000002C0,false,Rx,1,8,18,80,00,00,6B,C0,FE,43,
4339424781,00000300,false,Rx,1,1,BB,00,00,00,00,00,00,00,
4339425021,000002C0,false,Rx,1,8,18,80,00,00,6B,C0,FE,53,
4339434736,00000300,false,Rx,1,8,2A,00,0E,61,01,1A,00,2F,
4339434976,000002C0,false,Rx,1,8,18,80,00,00,6B,C0,FE,63,
4339444910,00000300,false,Rx,1,8,2B,1A,00,37,06,64,02,25,
4339445149,000002C0,false,Rx,1,8,18,80,00,00,6B,C0,FE,73,
4339454654,00000300,false,Rx,1,3,1C,00,00,00,00,00,00,00,
4339454894,000002C0,false,Rx,1,8,18,80,00,00,6B,C0,FE,83,
4339459848,00000764,false,Rx,0,1,BD,00,00,00,00,00,00,00,
4339464906,000002C0,false,Rx,1,8,18,80,00,00,6B,C0,FE,93,
4339474738,000002C0,false,Rx,1,8,18,80,00,00,6A,C0,FE,A3,
4339484908,000002C0,false,Rx,1,8,18,80,00,00,6A,C0,FE,B3,
4339494742,000002C0,false,Rx,1,8,18,80,00,00,6A,C0,FE,C3,
4339504908,000002C0,false,Rx,1,8,18,80,00,00,6A,C0,FE,D3,
4339514758,000002C0,false,Rx,1,8,18,80,00,00,6A,C0,FE,E3,
4339524910,000002C0,false,Rx,1,8,18,80,00,00,6A,C0,FE,F3,
4339534742,000002C0,false,Rx,1,8,18,80,00,00,6A,C0,FE,03,
4339544913,000002C0,false,Rx,1,8,18,80,00,00,6A,C0,FE,13,
4339554741,000002C0,false,Rx,1,8,18,80,00,00,6A,C0,FE,23,
4339564913,000002C0,false,Rx,1,8,18,80,00,00,6A,C0,FE,33,
4339574744,000002C0,false,Rx,1,8,18,80,00,00,6A,C0,FE,43,
4339584913,000002C0,false,Rx,1,8,18,80,00,00,6A,C0,FE,53,
4339594747,000002C0,false,Rx,1,8,18,80,00,00,6A,C0,FE,63,
4339604913,000002C0,false,Rx,1,8,18,80,00,00,6A,C0,FE,73,
4339614755,000002C0,false,Rx,1,8,18,80,00,00,6A,C0,FE,83,
4339624919,000002C0,false,Rx,1,8,18,80,00,00,6A,C0,FE,93,
4339634747,000002C0,false,Rx,1,8,18,80,00,00,6A,C0,FE,A3,
4339644917,000002C0,false,Rx,1,8,18,80,00,00,6A,C0,FE,B3,
4339654747,000002C0,false,Rx,1,8,18,80,00,00,6A,C0,FE,C3,
4339664048,00000764,false,Rx,0,1,A3,00,00,00,00,00,00,00,
4339664917,000002C0,false,Rx,1,8,18,80,00,00,6A,C0,FE,D3,
4339674710,00000300,false,Rx,1,6,A1,0F,8A,FF,4A,FF,00,00,
4339674949,000002C0,false,Rx,1,8,18,80,00,00,6A,C0,FE,E3,
4339679547,00000764,false,Rx,0,5,1B,00,02,21,01,00,00,00,
4339684925,000002C0,false,Rx,1,8,18,80,00,00,6A,C0,FE,F3,
4339694627,00000300,false,Rx,1,1,BC,00,00,00,00,00,00,00,
4339694865,000002C0,false,Rx,1,8,18,80,00,00,6A,C0,FE,03,
4339704922,00000300,false,Rx,1,8,2D,00,0E,61,01,1A,00,2E,
4339705162,000002C0,false,Rx,1,8,18,80,00,00,6A,C0,FE,13,
4339714754,00000300,false,Rx,1,8,2E,1A,00,37,06,64,02,25,
4339714992,000002C0,false,Rx,1,8,18,80,00,00,6A,C0,FE,23,
4339724848,00000300,false,Rx,1,3,1F,00,00,00,00,00,00,00,
4339725080,000002C0,false,Rx,1,8,18,80,00,00,6A,C0,FE,33,
4339729454,00000764,false,Rx,0,1,B0,00,00,00,00,00,00,00,
4339734750,000002C0,false,Rx,1,8,18,80,00,00,6A,C0,FE,43,
4339744921,000002C0,false,Rx,1,8,18,80,00,00,6A,C0,FE,53,
4339754754,000002C0,false,Rx,1,8,18,80,00,00,6A,C0,FE,63,
4339764921,000002C0,false,Rx,1,8,18,80,00,00,6A,C0,FE,73,
4339774754,000002C0,false,Rx,1,8,18,80,00,00,6A,C0,FE,83,
4339784925,000002C0,false,Rx,1,8,18,80,00,00,6A,C0,FE,93,
4339794758,000002C0,false,Rx,1,8,18,80,00,00,6A,C0,FE,A3,
4339804924,000002C0,false,Rx,1,8,18,80,00,00,6A,C0,FE,B3,
4339814756,000002C0,false,Rx,1,8,18,80,00,00,6A,C0,FE,C3,
4339824929,000002C0,false,Rx,1,8,18,80,00,00,6A,C0,FE,D3,
4339834756,000002C0,false,Rx,1,8,18,80,00,00,6A,C0,FE,E3,
4339844925,000002C0,false,Rx,1,8,18,80,00,00,6A,C0,FE,F3,
4339854759,000002C0,false,Rx,1,8,18,80,00,00,6A,C0,FE,03,
4339864929,000002C0,false,Rx,1,8,18,80,00,00,6A,C0,FE,13,
4339874759,000002C0,false,Rx,1,8,18,80,00,00,69,C0,FE,23,
4339884927,000002C0,false,Rx,1,8,18,80,00,00,69,C0,FE,33,
4339894761,000002C0,false,Rx,1,8,18,80,00,00,69,C0,FE,43,
4339904929,000002C0,false,Rx,1,8,18,80,00,00,69,C0,FE,53,
4339914763,000002C0,false,Rx,1,8,18,80,00,00,69,C0,FE,63,
4339924939,000002C0,false,Rx,1,8,18,80,00,00,69,C0,FE,73,
4339925386,00000764,false,Rx,0,5,1C,00,02,21,01,00,00,00,
4339934764,000002C0,false,Rx,1,8,18,80,00,00,69,C0,FE,83,
4339944804,00000300,false,Rx,1,1,BD,00,00,00,00,00,00,00,
4339945043,000002C0,false,Rx,1,8,18,80,00,00,69,C0,FE,93,
4339954763,00000300,false,Rx,1,8,20,00,0E,61,01,1A,00,2D,
4339955002,000002C0,false,Rx,1,8,18,80,00,00,69,C0,FE,A3,
4339964935,00000300,false,Rx,1,8,21,1A,00,37,06,64,02,25,
4339965182,000002C0,false,Rx,1,8,18,80,00,00,69,C0,FE,B3,
4339974682,00000300,false,Rx,1,3,12,00,00,00,00,00,00,00,
4339974920,000002C0,false,Rx,1,8,18,80,00,00,69,C0,FE,C3,
4339980142,00000764,false,Rx,0,1,B3,00,00,00,00,00,00,00,
4339984933,000002C0,false,Rx,1,8,18,80,00,00,69,C0,FE,D3,
4339994768,000002C0,false,Rx,1,8,18,80,00,00,69,C0,FE,E3,
4340004936,000002C0,false,Rx,1,8,18,80,00,00,69,C0,FE,F3,
4340014768,000002C0,false,Rx,1,8,18,80,00,00,69,C0,FE,03,
4340024955,000002C0,false,Rx,1,8,18,80,00,00,69,C0,FE,13,
4340034770,000002C0,false,Rx,1,8,18,80,00,00,69,C0,FE,23,
4340044935,000002C0,false,Rx,1,8,18,80,00,00,69,C0,FE,33,
4340054768,000002C0,false,Rx,1,8,18,80,00,00,69,C0,FE,43,
4340064937,000002C0,false,Rx,1,8,18,80,00,00,69,C0,FE,53,
4340074770,000002C0,false,Rx,1,8,18,80,00,00,69,C0,FE,63,
4340084937,000002C0,false,Rx,1,8,18,80,00,00,69,C0,FE,73,
4340094773,000002C0,false,Rx,1,8,18,80,00,00,69,C0,FE,83,
4340104939,000002C0,false,Rx,1,8,18,80,00,00,69,C0,FE,93,
4340114771,000002C0,false,Rx,1,8,18,80,00,00,69,C0,FE,A3,
4340124945,000002C0,false,Rx,1,8,18,80,00,00,69,C0,FE,B3,
4340134774,000002C0,false,Rx,1,8,18,80,00,00,69,C0,FE,C3,
4340144940,000002C0,false,Rx,1,8,18,80,00,00,69,C0,FE,D3,
4340154773,000002C0,false,Rx,1,8,18,80,00,00,69,C0,FE,E3,
4340164944,000002C0,false,Rx,1,8,18,80,00,00,69,C0,FE,F3,
4340174774,000002C0,false,Rx,1,8,18,80,00,00,69,C0,FE,03,
4340180708,00000764,false,Rx,0,1,A3,00,00,00,00,00,00,00,
4340184946,000002C0,false,Rx,1,8,18,80,00,00,69,C0,FE,13,
4340194739,00000300,false,Rx,1,6,A1,0F,8A,FF,4A,FF,00,00,
4340194977,000002C0,false,Rx,1,8,18,80,00,00,69,C0,FE,23,
4340200029,00000764,false,Rx,0,5,1D,00,02,21,01,00,00,00,
4340204952,000002C0,false,Rx,1,8,18,80,00,00,69,C0,FE,33,
4340214653,00000300,false,Rx,1,1,BE,00,00,00,00,00,00,00,
4340214892,000002C0,false,Rx,1,8,18,80,00,00,69,C0,FE,43,
4340224949,00000300,false,Rx,1,8,23,00,0E,61,01,1A,00,2D,
4340225182,000002C0,false,Rx,1,8,18,80,00,00,69,C0,FE,53,
4340234781,00000300,false,Rx,1,8,24,1A,00,37,06,64,02,25,
4340235021,000002C0,false,Rx,1,8,18,80,00,00,69,C0,FE,63,
4340244863,00000300,false,Rx,1,3,15,00,00,00,00,00,00,00,
4340245102,000002C0,false,Rx,1,8,18,80,00,00,69,C0,FE,73,
4340249928,00000764,false,Rx,0,1,B6,00,00,00,00,00,00,00,
4340254780,000002C0,false,Rx,1,8,18,80,00,00,68,C0,FE,83,
4340264948,000002C0,false,Rx,1,8,18,80,00,00,68,C0,FE,93,
4340274780,000002C0,false,Rx,1,8,18,80,00,00,68,C0,FE,A3,
4340284958,000002C0,false,Rx,1,8,18,80,00,00,68,C0,FE,B3,
4340294779,000002C0,false,Rx,1,8,18,80,00,00,68,C0,FE,C3,
4340304951,000002C0,false,Rx,1,8,18,80,00,00,68,C0,FE,D3,
4340314784,000002C0,false,Rx,1,8,18,80,00,00,68,C0,FE,E3,
4340324952,000002C0,false,Rx,1,8,18,80,00,00,68,C0,FE,F3,
4340334793,000002C0,false,Rx,1,8,18,80,00,00,68,C0,FE,03,
4340344954,000002C0,false,Rx,1,8,18,80,00,00,68,C0,FE,13,
4340354784,000002C0,false,Rx,1,8,18,80,00,00,68,C0,FE,23,
4340364954,000002C0,false,Rx,1,8,18,80,00,00,68,C0,FE,33,
4340374786,000002C0,false,Rx,1,8,18,80,00,00,68,C0,FE,43,
4340384956,000002C0,false,Rx,1,8,18,80,00,00,68,C0,FE,53,
4340394784,000002C0,false,Rx,1,8,18,80,00,00,68,C0,FE,63,
4340404954,000002C0,false,Rx,1,8,18,80,00,00,68,C0,FE,73,
4340414791,000002C0,false,Rx,1,8,18,80,00,00,68,C0,FE,83,
4340424956,000002C0,false,Rx,1,8,18,80,00,00,68,C0,FE,93,
4340434794,000002C0,false,Rx,1,8,18,80,00,00,68,C0,FE,A3,
4340444959,000002C0,false,Rx,1,8,18,80,00,00,68,C0,FE,B3,
4340454789,000002C0,false,Rx,1,8,18,80,00,00,68,C0,FE,C3,
4340458710,00000764,false,Rx,0,5,1E,00,02,21,01,00,00,00,
4340464959,000002C0,false,Rx,1,8,18,80,00,00,68,C0,FE,D3,
4340474665,00000300,false,Rx,1,1,BF,00,00,00,00,00,00,00,
4340474906,000002C0,false,Rx,1,8,18,80,00,00,68,C0,FE,E3,
4340484957,00000300,false,Rx,1,8,26,00,0E,61,01,1A,00,2C,
4340485197,000002C0,false,Rx,1,8,18,80,00,00,68,C0,FE,F3,
4340494794,00000300,false,Rx,1,8,27,1A,00,37,06,64,02,25,
4340495033,000002C0,false,Rx,1,8,18,80,00,00,68,C0,FE,03,
4340504880,00000300,false,Rx,1,3,18,00,00,00,00,00,00,00,
4340505120,000002C0,false,Rx,1,8,18,80,00,00,68,C0,FE,13,
4340509601,00000764,false,Rx,0,1,B9,00,00,00,00,00,00,00,
4340514792,000002C0,false,Rx,1,8,18,80,00,00,68,C0,FE,23,
4340524962,000002C0,false,Rx,1,8,18,80,00,00,68,C0,FE,33,
4340534794,000002C0,false,Rx,1,8,18,80,00,00,68,C0,FE,43,
4340544970,000002C0,false,Rx,1,8,18,80,00,00,68,C0,FE,53,
4340554793,000002C0,false,Rx,1,8,18,80,00,00,68,C0,FE,63,
4340564963,000002C0,false,Rx,1,8,18,80,00,00,68,C0,FE,73,
4340574799,000002C0,false,Rx,1,8,18,80,00,00,68,C0,FE,83,
4340584963,000002C0,false,Rx,1,8,18,80,00,00,68,C0,FE,93,
4340594798,000002C0,false,Rx,1,8,18,80,00,00,68,C0,FE,A3,
4340604966,000002C0,false,Rx,1,8,18,80,00,00,68,C0,FE,B3,
4340614797,000002C0,false,Rx,1,8,18,80,00,00,68,C0,FE,C3,
4340624967,000002C0,false,Rx,1,8,18,80,00,00,68,C0,FE,D3,
4340634799,000002C0,false,Rx,1,8,18,80,00,00,68,C0,FE,E3,
4340644972,000002C0,false,Rx,1,8,18,80,00,00,68,C0,FE,F3,
4340654800,000002C0,false,Rx,1,8,18,80,00,00,68,C0,FE,03,
4340664969,000002C0,false,Rx,1,8,18,80,00,00,68,C0,FE,13,
4340674799,000002C0,false,Rx,1,8,18,80,00,00,68,C0,FE,23,
4340684971,000002C0,false,Rx,1,8,18,80,00,00,68,C0,FE,33,
4340694801,000002C0,false,Rx,1,8,18,80,00,00,68,C0,FE,43,
4340704973,000002C0,false,Rx,1,8,18,80,00,00,68,C0,FE,53,
4340710404,00000764,false,Rx,0,1,A3,00,00,00,00,00,00,00,
4340714803,000002C0,false,Rx,1,8,18,80,00,00,68,C0,FE,63,
4340724938,00000300,false,Rx,1,6,A1,0F,8A,FF,4A,FF,00,00,
4340725172,000002C0,false,Rx,1,8,18,80,00,00,68,C0,FE,73,
4340730455,00000764,false,Rx,0,5,1F,00,02,21,01,00,00,00,
4340734811,000002C0,false,Rx,1,8,18,80,00,00,68,C0,FE,83,
4340744859,00000300,false,Rx,1,1,B0,00,00,00,00,00,00,00,
4340745089,000002C0,false,Rx,1,8,18,80,00,00,68,C0,FE,93,
4340754802,00000300,false,Rx,1,8,29,00,0E,61,01,1A,00,2C,
4340755042,000002C0,false,Rx,1,8,18,80,00,00,68,C0,FE,A3,
4340764977,00000300,false,Rx,1,8,2A,1A,00,37,06,64,02,25,
4340765251,000002C0,false,Rx,1,8,18,80,00,00,68,C0,FE,B3,
4340774723,00000300,false,Rx,1,3,1B,00,00,00,00,00,00,00,
4340774962,000002C0,false,Rx,1,8,18,80,00,00,68,C0,FE,C3,
4340779338,00000764,false,Rx,0,1,BC,00,00,00,00,00,00,00,
4340784976,000002C0,false,Rx,1,8,18,80,00,00,68,C0,FE,D3,
4340794807,000002C0,false,Rx,1,8,18,80,00,00,68,C0,FE,E3,
4340804976,000002C0,false,Rx,1,8,18,80,00,00,68,C0,FE,F3,
4340814808,000002C0,false,Rx,1,8,18,80,00,00,68,C0,FE,03,
4340824978,000002C0,false,Rx,1,8,18,80,00,00,68,C0,FE,13,
4340834808,000002C0,false,Rx,1,8,18,80,00,00,68,C0,FE,23,
4340844985,000002C0,false,Rx,1,8,18,80,00,00,68,C0,FE,33,
4340854813,000002C0,false,Rx,1,8,18,80,00,00,68,C0,FE,43,
4340864979,000002C0,false,Rx,1,8,18,80,00,00,68,C0,FE,53,
4340874810,000002C0,false,Rx,1,8,18,80,00,00,68,C0,FE,63,
4340884979,000002C0,false,Rx,1,8,18,80,00,00,68,C0,FE,73,
4340894814,000002C0,false,Rx,1,8,18,80,00,00,67,C0,FE,83,
4340904982,000002C0,false,Rx,1,8,18,80,00,00,67,C0,FE,93,
4340914813,000002C0,false,Rx,1,8,18,80,00,00,67,C0,FE,A3,
4340924983,000002C0,false,Rx,1,8,18,80,00,00,67,C0,FE,B3,
4340934813,000002C0,false,Rx,1,8,18,80,00,00,67,C0,FE,C3,
4340944985,000002C0,false,Rx,1,8,18,80,00,00,67,C0,FE,D3,
4340954820,000002C0,false,Rx,1,8,18,80,00,00,67,C0,FE,E3,
4340964985,000002C0,false,Rx,1,8,18,80,00,00,67,C0,FE,F3,
4340974820,000002C0,false,Rx,1,8,18,80,00,00,67,C0,FE,03,
4340977965,00000764,false,Rx,0,5,10,00,02,21,01,00,00,00,
4340984987,000002C0,false,Rx,1,8,18,80,00,00,67,C0,FE,13,
4340994691,00000300,false,Rx,1,1,B1,00,00,00,00,00,00,00,
4340994931,000002C0,false,Rx,1,8,18,80,00,00,67,C0,FE,23,
4341004984,00000300,false,Rx,1,8,2C,00,0E,61,01,1A,00,2B,
4341005269,000002C0,false,Rx,1,8,18,80,00,00,67,C0,FE,33,
4341014820,00000300,false,Rx,1,8,2D,1A,00,37,06,64,02,25,
4341015064,000002C0,false,Rx,1,8,18,80,00,00,67,C0,FE,43,
4341024906,00000300,false,Rx,1,3,1E,00,00,00,00,00,00,00,
4341025148,000002C0,false,Rx,1,8,18,80,00,00,67,C0,FE,53,
4341030092,00000764,false,Rx,0,1,BF,00,00,00,00,00,00,00,
4341034820,000002C0,false,Rx,1,8,18,80,00,00,67,C0,FE,63,
4341044992,000002C0,false,Rx,1,8,18,80,00,00,67,C0,FE,73,
4341054829,000002C0,false,Rx,1,8,18,80,00,00,67,C0,FE,83,
4341064992,000002C0,false,Rx,1,8,18,80,00,00,67,C0,FE,93,
4341074822,000002C0,false,Rx,1,8,18,80,00,00,67,C0,FE,A3,
4341084991,000002C0,false,Rx,1,8,18,80,00,00,67,C0,FE,B3,
4341094822,000002C0,false,Rx,1,8,18,80,00,00,67,C0,FE,C3,
4341104992,000002C0,false,Rx,1,8,18,80,00,00,67,C0,FE,D3,
4341114824,000002C0,false,Rx,1,8,18,80,00,00,67,C0,FE,E3,
4341124994,000002C0,false,Rx,1,8,18,80,00,00,67,C0,FE,F3,
4341134828,000002C0,false,Rx,1,8,18,80,00,00,67,C0,FE,03,
4341144995,000002C0,false,Rx,1,8,18,80,00,00,67,C0,FE,13,
4341154831,000002C0,false,Rx,1,8,18,80,00,00,67,C0,FE,23,
4341164995,000002C0,false,Rx,1,8,18,80,00,00,67,C0,FE,33,
4341174829,000002C0,false,Rx,1,8,18,80,00,00,67,C0,FE,43,
4341184999,000002C0,false,Rx,1,8,18,80,00,00,67,C0,FE,53,
4341194829,000002C0,false,Rx,1,8,18,80,00,00,67,C0,FE,63,
4341204999,000002C0,false,Rx,1,8,18,80,00,00,67,C0,FE,73,
4341214831,000002C0,false,Rx,1,8,18,80,00,00,67,C0,FE,83,
4341225006,000002C0,false,Rx,1,8,18,80,00,00,67,C0,FE,93,
4341232285,00000764,false,Rx,0,1,A3,00,00,00,00,00,00,00,
4341234829,000002C0,false,Rx,1,8,18,80,00,00,67,C0,FE,A3,
4341244960,00000300,false,Rx,1,6,A1,0F,8A,FF,4A,FF,00,00,
4341245201,000002C0,false,Rx,1,8,18,80,00,00,67,C0,FE,B3,
4341249930,00000764,false,Rx,0,5,11,00,02,21,01,00,00,00,
4341254906,000002C0,false,Rx,1,8,18,80,00,00,67,C0,FE,C3,
4341264878,00000300,false,Rx,1,1,B2,00,00,00,00,00,00,00,
4341265116,000002C0,false,Rx,1,8,18,80,00,00,67,C0,FE,D3,
4341274831,00000300,false,Rx,1,8,2F,00,0E,61,01,1A,00,2B,
4341275071,000002C0,false,Rx,1,8,18,80,00,00,67,C0,FE,E3,
4341285006,00000300,false,Rx,1,8,20,1A,00,37,06,64,02,25,
4341285262,000002C0,false,Rx,1,8,18,80,00,00,67,C0,FE,F3,
4341294750,00000300,false,Rx,1,3,11,00,00,00,00,00,00,00,
4341294995,000002C0,false,Rx,1,8,18,80,00,00,67,C0,FE,03,
4341299765,00000764,false,Rx,0,1,B2,00,00,00,00,00,00,00,
4341305003,000002C0,false,Rx,1,8,18,80,00,00,67,C0,FE,13,
4341314837,000002C0,false,Rx,1,8,18,80,00,00,67,C0,FE,23,
4341325003,000002C0,false,Rx,1,8,18,80,00,00,67,C0,FE,33,
4341334835,000002C0,false,Rx,1,8,18,80,00,00,67,C0,FE,43,
4341345006,000002C0,false,Rx,1,8,18,80,00,00,67,C0,FE,53,
4341354838,000002C0,false,Rx,1,8,18,80,00,00,67,C0,FE,63,
4341365013,000002C0,false,Rx,1,8,18,80,00,00,67,C0,FE,73,
4341374839,000002C0,false,Rx,1,8,18,80,00,00,67,C0,FE,83,
4341385006,000002C0,false,Rx,1,8,18,80,00,00,67,C0,FE,93,
4341394838,000002C0,false,Rx,1,8,18,80,00,00,67,C0,FE,A3,
4341405009,000002C0,false,Rx,1,8,18,80,00,00,67,C0,FE,B3,
4341414840,000002C0,false,Rx,1,8,18,80,00,00,67,C0,FE,C3,
4341425008,000002C0,false,Rx,1,8,18,80,00,00,67,C0,FE,D3,
4341434840,000002C0,false,Rx,1,8,18,80,00,00,67,C0,FE,E3,
4341445010,000002C0,false,Rx,1,8,18,80,00,00,67,C0,FE,F3,
4341454844,000002C0,false,Rx,1,8,18,80,00,00,67,C0,FE,03,
4341465016,000002C0,false,Rx,1,8,18,80,00,00,67,C0,FE,13,
4341474844,000002C0,false,Rx,1,8,18,80,00,00,67,C0,FE,23,
4341485012,000002C0,false,Rx,1,8,18,80,00,00,67,C0,FE,33,
4341494845,000002C0,false,Rx,1,8,18,80,00,00,67,C0,FE,43,
4341496422,00000764,false,Rx,0,5,12,00,02,21,01,00,00,00,
4341505016,000002C0,false,Rx,1,8,18,80,00,00,67,C0,FE,53,
4341514717,00000300,false,Rx,1,1,B3,00,00,00,00,00,00,00,
4341514960,000002C0,false,Rx,1,8,18,80,00,00,67,C0,FE,63,
4341525010,00000300,false,Rx,1,8,22,00,0E,61,01,1A,00,2B,
4341525272,000002C0,false,Rx,1,8,18,80,00,00,67,C0,FE,73,
4341534846,00000300,false,Rx,1,8,23,1A,00,37,06,64,02,25,
4341535093,000002C0,false,Rx,1,8,18,80,00,00,67,C0,FE,83,
4341544932,00000300,false,Rx,1,3,14,00,00,00,00,00,00,00,
4341545172,000002C0,false,Rx,1,8,18,80,00,00,67,C0,FE,93,
4341549496,00000764,false,Rx,0,1,B5,00,00,00,00,00,00,00,
4341554846,000002C0,false,Rx,1,8,18,80,00,00,67,C0,FE,A3,
4341565025,000002C0,false,Rx,1,8,18,80,00,00,67,C0,FE,B3,
4341574847,000002C0,false,Rx,1,8,18,80,00,00,67,C0,FE,C3,
4341585016,000002C0,false,Rx,1,8,18,80,00,00,67,C0,FE,D3,
4341594849,000002C0,false,Rx,1,8,18,80,00,00,67,C0,FE,E3,
4341605017,000002C0,false,Rx,1,8,18,80,00,00,67,C0,FE,F3,
4341614853,000002C0,false,Rx,1,8,18,80,00,00,66,C0,FE,03,
4341625017,000002C0,false,Rx,1,8,18,80,00,00,66,C0,FE,13,
4341634848,000002C0,false,Rx,1,8,18,80,00,00,66,C0,FE,23,
4341645018,000002C0,false,Rx,1,8,18,80,00,00,66,C0,FE,33,
4341654848,000002C0,false,Rx,1,8,18,80,00,00,66,C0,FE,43,
4341665033,000002C0,false,Rx,1,8,18,80,00,00,66,C0,FE,53,
4341674851,000002C0,false,Rx,1,8,18,80,00,00,66,C0,FE,63,
4341685022,000002C0,false,Rx,1,8,18,80,00,00,66,C0,FE,73,
4341694854,000002C0,false,Rx,1,8,18,80,00,00,66,C0,FE,83,
4341705026,000002C0,false,Rx,1,8,18,80,00,00,66,C0,FE,93,
4341714853,000002C0,false,Rx,1,8,18,80,00,00,66,C0,FE,A3,
4341725027,000002C0,false,Rx,1,8,18,80,00,00,66,C0,FE,B3,
4341734856,000002C0,false,Rx,1,8,18,80,00,00,66,C0,FE,C3,
4341745025,000002C0,false,Rx,1,8,18,80,00,00,66,C0,FE,D3,
4341753474,00000764,false,Rx,0,1,A3,00,00,00,00,00,00,00,
4341754856,000002C0,false,Rx,1,8,18,80,00,00,66,C0,FE,E3,
4341764987,00000300,false,Rx,1,6,A1,0F,8A,FF,4A,FF,00,00,
4341765256,000002C0,false,Rx,1,8,18,80,00,00,66,C0,FE,F3,
4341770395,00000764,false,Rx,0,5,13,00,02,21,01,00,00,00,
4341774869,000002C0,false,Rx,1,8,18,80,00,00,66,C0,FE,03,
4341784899,00000300,false,Rx,1,1,B4,00,00,00,00,00,00,00,
4341785138,000002C0,false,Rx,1,8,18,80,00,00,66,C0,FE,13,
4341794857,00000300,false,Rx,1,8,25,00,0E,61,01,1A,00,2A,
4341795095,000002C0,false,Rx,1,8,18,80,00,00,66,C0,FE,23,
4341805029,00000300,false,Rx,1,8,26,1A,00,37,06,64,02,25,
4341805283,000002C0,false,Rx,1,8,18,80,00,00,66,C0,FE,33,
4341814779,00000300,false,Rx,1,3,17,00,00,00,00,00,00,00,
4341815018,000002C0,false,Rx,1,8,18,80,00,00,66,C0,FE,43,
4341820187,00000764,false,Rx,0,1,B8,00,00,00,00,00,00,00,
4341825029,000002C0,false,Rx,1,8,18,80,00,00,66,C0,FE,53,
4341834858,000002C0,false,Rx,1,8,18,80,00,00,66,C0,FE,63,
4341845031,000002C0,false,Rx,1,8,18,80,00,00,66,C0,FE,73,
4341854861,000002C0,false,Rx,1,8,18,80,00,00,66,C0,FE,83,
4341865032,000002C0,false,Rx,1,8,18,80,00,00,66,C0,FE,93,
4341874864,000002C0,false,Rx,1,8,18,80,00,00,66,C0,FE,A3,
4341885031,000002C0,false,Rx,1,8,18,80,00,00,66,C0,FE,B3,
4341894863,000002C0,false,Rx,1,8,18,80,00,00,66,C0,FE,C3,
4341905033,000002C0,false,Rx,1,8,18,80,00,00,66,C0,FE,D3,
4341914865,000002C0,false,Rx,1,8,18,80,00,00,66,C0,FE,E3,
4341925033,000002C0,false,Rx,1,8,18,80,00,00,66,C0,FE,F3,
4341934867,000002C0,false,Rx,1,8,18,80,00,00,66,C0,FE,03,
4341945034,000002C0,false,Rx,1,8,18,80,00,00,66,C0,FE,13,
4341954865,000002C0,false,Rx,1,8,18,80,00,00,66,C0,FE,23,
4341965034,000002C0,false,Rx,1,8,18,80,00,00,66,C0,FE,33,
4341974871,000002C0,false,Rx,1,8,18,80,00,00,66,C0,FE,43,
4341985038,000002C0,false,Rx,1,8,18,80,00,00,66,C0,FE,53,
4341994868,000002C0,false,Rx,1,8,18,80,00,00,66,C0,FE,63,
4342005038,000002C0,false,Rx,1,8,18,80,00,00,66,C0,FE,73,
4342014870,000002C0,false,Rx,1,8,18,80,00,00,66,C0,FE,83,
4342020071,00000764,false,Rx,0,5,14,00,02,21,01,00,00,00,
4342025042,000002C0,false,Rx,1,8,18,80,00,00,66,C0,FE,93,
4342034744,00000300,false,Rx,1,1,B5,00,00,00,00,00,00,00,
4342034982,000002C0,false,Rx,1,8,18,80,00,00,66,C0,FE,A3,
4342045040,00000300,false,Rx,1,8,28,00,0E,61,01,1A,00,2A,
4342045292,000002C0,false,Rx,1,8,18,80,00,00,66,C0,FE,B3,
4342054871,00000300,false,Rx,1,8,29,1A,00,37,06,64,02,25,
4342055115,000002C0,false,Rx,1,8,18,80,00,00,66,C0,FE,C3,
4342064960,00000300,false,Rx,1,3,1A,00,00,00,00,00,00,00,
4342065200,000002C0,false,Rx,1,8,18,80,00,00,66,C0,FE,D3,
4342070016,00000764,false,Rx,0,1,BB,00,00,00,00,00,00,00,
4342074890,000002C0,false,Rx,1,8,18,80,00,00,66,C0,FE,E3,
4342085041,000002C0,false,Rx,1,8,18,80,00,00,66,C0,FE,F3,
4342094876,000002C0,false,Rx,1,8,18,80,00,00,66,C0,FE,03,
4342105041,000002C0,false,Rx,1,8,18,80,00,00,66,C0,FE,13,
4342114873,000002C0,false,Rx,1,8,18,80,00,00,66,C0,FE,23,
4342125043,000002C0,false,Rx,1,8,18,80,00,00,66,C0,FE,33,
4342134873,000002C0,false,Rx,1,8,18,80,00,00,66,C0,FE,43,
4342145046,000002C0,false,Rx,1,8,18,80,00,00,66,C0,FE,53,
4342154875,000002C0,false,Rx,1,8,18,80,00,00,66,C0,FE,63,
4342165046,000002C0,false,Rx,1,8,18,80,00,00,66,C0,FE,73,
4342174879,000002C0,false,Rx,1,8,18,80,00,00,66,C0,FE,83,
4342185054,000002C0,false,Rx,1,8,18,80,00,00,66,C0,FE,93,
4342194877,000002C0,false,Rx,1,8,18,80,00,00,66,C0,FE,A3,
4342205046,000002C0,false,Rx,1,8,18,80,00,00,66,C0,FE,B3,
4342214882,000002C0,false,Rx,1,8,18,80,00,00,66,C0,FE,C3,
4342225055,000002C0,false,Rx,1,8,18,80,00,00,66,C0,FE,D3,
4342234880,000002C0,false,Rx,1,8,18,80,00,00,66,C0,FE,E3,
4342245050,000002C0,false,Rx,1,8,18,80,00,00,66,C0,FE,F3,
4342254884,000002C0,false,Rx,1,8,18,80,00,00,66,C0,FE,03,
4342265050,000002C0,false,Rx,1,8,18,80,00,00,66,C0,FE,13,
4342274267,00000764,false,Rx,0,1,A3,00,00,00,00,00,00,00,
4342274880,000002C0,false,Rx,1,8,18,80,00,00,66,C0,FE,23,
4342285042,00000300,false,Rx,1,6,A1,0F,8A,FF,4A,FF,00,00,
4342285296,000002C0,false,Rx,1,8,18,80,00,00,66,C0,FE,33,
4342289917,00000764,false,Rx,0,5,15,00,02,21,01,00,00,00,
4342294890,000002C0,false,Rx,1,8,18,80,00,00,66,C0,FE,43,
4342304927,00000300,false,Rx,1,1,B6,00,00,00,00,00,00,00,
4342305167,000002C0,false,Rx,1,8,18,80,00,00,66,C0,FE,53,
4342314885,00000300,false,Rx,1,8,2B,00,0E,61,01,1A,00,2A,
4342315123,000002C0,false,Rx,1,8,18,80,00,00,66,C0,FE,63,
4342325059,00000300,false,Rx,1,8,2C,1A,00,37,06,64,02,25,
4342325299,000002C0,false,Rx,1,8,18,80,00,00,66,C0,FE,73,
4342334801,00000300,false,Rx,1,3,1D,00,00,00,00,00,00,00,
4342335047,000002C0,false,Rx,1,8,18,80,00,00,65,C0,FE,83,
4342339819,00000764,false,Rx,0,1,BE,00,00,00,00,00,00,00,
4342345055,000002C0,false,Rx,1,8,18,80,00,00,65,C0,FE,93,
4342354887,000002C0,false,Rx,1,8,18,80,00,00,65,C0,FE,A3,
4342365055,000002C0,false,Rx,1,8,18,80,00,00,65,C0,FE,B3,
4342374889,000002C0,false,Rx,1,8,18,80,00,00,65,C0,FE,C3,
4342385066,000002C0,false,Rx,1,8,18,80,00,00,65,C0,FE,D3,
4342394890,000002C0,false,Rx,1,8,18,80,00,00,65,C0,FE,E3,
4342405059,000002C0,false,Rx,1,8,18,80,00,00,65,C0,FE,F3,
4342414891,000002C0,false,Rx,1,8,18,80,00,00,65,C0,FE,03,
4342425063,000002C0,false,Rx,1,8,18,80,00,00,65,C0,FE,13,
4342434891,000002C0,false,Rx,1,8,18,80,00,00,65,C0,FE,23,
4342445058,000002C0,false,Rx,1,8,18,80,00,00,65,C0,FE,33,
4342454891,000002C0,false,Rx,1,8,18,80,00,00,65,C0,FE,43,
4342465065,000002C0,false,Rx,1,8,18,80,00,00,65,C0,FE,53,
4342474893,000002C0,false,Rx,1,8,18,80,00,00,65,C0,FE,63,
4342485071,000002C0,false,Rx,1,8,18,80,00,00,65,C0,FE,73,
4342494902,000002C0,false,Rx,1,8,18,80,00,00,65,C0,FE,83,
4342505062,000002C0,false,Rx,1,8,18,80,00,00,65,C0,FE,93,
4342514896,000002C0,false,Rx,1,8,18,80,00,00,65,C0,FE,A3,
4342524458,00000764,false,Rx,0,5,16,00,02,21,01,00,00,00,
4342525064,000002C0,false,Rx,1,8,18,80,00,00,65,C0,FE,B3,
4342534768,00000300,false,Rx,1,1,B7,00,00,00,00,00,00,00,
4342535008,000002C0,false,Rx,1,8,18,80,00,00,65,C0,FE,C3,
4342545064,00000300,false,Rx,1,8,2E,00,0E,61,01,1A,00,29,
4342545302,000002C0,false,Rx,1,8,18,80,00,00,65,C0,FE,D3,
4342554896,00000300,false,Rx,1,8,2F,1A,00,37,06,64,02,25,
4342555142,000002C0,false,Rx,1,8,18,80,00,00,65,C0,FE,E3,
4342564984,00000300,false,Rx,1,3,10,00,00,00,00,00,00,00,
4342565263,000002C0,false,Rx,1,8,18,80,00,00,65,C0,FE,F3,
4342569604,00000764,false,Rx,0,1,B1,00,00,00,00,00,00,00,
4342574903,000002C0,false,Rx,1,8,18,80,00,00,65,C0,FE,03,
4342585087,000002C0,false,Rx,1,8,18,80,00,00,65,C0,FE,13,
4342594901,000002C0,false,Rx,1,8,18,80,00,00,65,C0,FE,23,
4342605068,000002C0,false,Rx,1,8,18,80,00,00,65,C0,FE,33,
4342614899,000002C0,false,Rx,1,8,18,80,00,00,65,C0,FE,43,
4342625074,000002C0,false,Rx,1,8,18,80,00,00,65,C0,FE,53,
4342634901,000002C0,false,Rx,1,8,18,80,00,00,65,C0,FE,63,
4342645069,000002C0,false,Rx,1,8,18,80,00,00,65,C0,FE,73,
4342654908,000002C0,false,Rx,1,8,18,80,00,00,65,C0,FE,83,
4342665070,000002C0,false,Rx,1,8,18,80,00,00,65,C0,FE,93,
4342674903,000002C0,false,Rx,1,8,18,80,00,00,65,C0,FE,A3,
4342685072,000002C0,false,Rx,1,8,18,80,00,00,65,C0,FE,B3,
4342694909,000002C0,false,Rx,1,8,18,80,00,00,65,C0,FE,C3,
4342705073,000002C0,false,Rx,1,8,18,80,00,00,65,C0,FE,D3,
4342714907,000002C0,false,Rx,1,8,18,80,00,00,65,C0,FE,E3,
4342725081,000002C0,false,Rx,1,8,18,80,00,00,65,C0,FE,F3,
4342734906,000002C0,false,Rx,1,8,18,80,00,00,65,C0,FE,03,
4342745078,000002C0,false,Rx,1,8,18,80,00,00,65,C0,FE,13,
4342754909,000002C0,false,Rx,1,8,18,80,00,00,65,C0,FE,23,
4342762956,00000764,false,Rx,0,5,17,00,02,21,01,00,00,00,
4342765076,000002C0,false,Rx,1,8,18,80,00,00,65,C0,FE,33,
4342774780,00000300,false,Rx,1,1,B8,00,00,00,00,00,00,00,
4342775019,000002C0,false,Rx,1,8,18,80,00,00,65,C0,FE,43,
4342785076,00000300,false,Rx,1,8,21,00,0E,61,01,1A,00,29,
4342785323,000002C0,false,Rx,1,8,18,80,00,00,65,C0,FE,53,
4342794910,00000300,false,Rx,1,8,22,1A,00,37,06,64,02,25,
4342795149,000002C0,false,Rx,1,8,18,80,00,00,65,C0,FE,63,
4342804997,00000300,false,Rx,1,3,13,00,00,00,00,00,00,00,
4342805266,000002C0,false,Rx,1,8,18,80,00,00,65,C0,FE,73,
4342810256,00000764,false,Rx,0,1,B4,00,00,00,00,00,00,00,
4342814917,000002C0,false,Rx,1,8,18,80,00,00,65,C0,FE,83,
4342825080,000002C0,false,Rx,1,8,18,80,00,00,65,C0,FE,93,
4342834911,000002C0,false,Rx,1,8,18,80,00,00,65,C0,FE,A3,
4342845079,000002C0,false,Rx,1,8,18,80,00,00,65,C0,FE,B3,
4342854913,000002C0,false,Rx,1,8,18,80,00,00,65,C0,FE,C3,
4342865081,000002C0,false,Rx,1,8,18,80,00,00,65,C0,FE,D3,
4342874913,000002C0,false,Rx,1,8,18,80,00,00,65,C0,FE,E3,
4342885085,000002C0,false,Rx,1,8,18,80,00,00,65,C0,FE,F3,
4342894920,000002C0,false,Rx,1,8,18,80,00,00,65,C0,FE,03,
4342905088,000002C0,false,Rx,1,8,18,80,00,00,65,C0,FE,13,
4342914917,000002C0,false,Rx,1,8,18,80,00,00,65,C0,FE,23,
4342925083,000002C0,false,Rx,1,8,18,80,00,00,65,C0,FE,33,
4342934915,000002C0,false,Rx,1,8,18,80,00,00,65,C0,FE,43,
4342945089,000002C0,false,Rx,1,8,18,80,00,00,65,C0,FE,53,
4342954919,000002C0,false,Rx,1,8,18,80,00,00,65,C0,FE,63,
4342965086,000002C0,false,Rx,1,8,18,80,00,00,65,C0,FE,73,
4342974924,000002C0,false,Rx,1,8,18,80,00,00,65,C0,FE,83,
4342985088,000002C0,false,Rx,1,8,18,80,00,00,65,C0,FE,93,
4342994938,000002C0,false,Rx,1,8,18,80,00,00,65,C0,FE,A3,
4343005089,000002C0,false,Rx,1,8,18,80,00,00,65,C0,FE,B3,
4343014922,000002C0,false,Rx,1,8,18,80,00,00,65,C0,FE,C3,
4343018685,00000764,false,Rx,0,1,A3,00,00,00,00,00,00,00,
4343025089,000002C0,false,Rx,1,8,18,80,00,00,65,C0,FE,D3,
4343034883,00000300,false,Rx,1,6,A1,0F,8A,FF,4A,FF,00,00,
4343035123,000002C0,false,Rx,1,8,18,80,00,00,65,C0,FE,E3,
4343040151,00000764,false,Rx,0,5,18,00,02,21,01,00,00,00,
4343045098,000002C0,false,Rx,1,8,18,80,00,00,65,C0,FE,F3,
4343054795,00000300,false,Rx,1,1,B9,00,00,00,00,00,00,00,
4343055035,000002C0,false,Rx,1,8,18,80,00,00,65,C0,FE,03,
4343065091,00000300,false,Rx,1,8,24,00,0E,61,01,1A,00,29,
4343065341,000002C0,false,Rx,1,8,18,80,00,00,65,C0,FE,13,
4343074924,00000300,false,Rx,1,8,25,1A,00,37,06,64,02,25,
4343075168,000002C0,false,Rx,1,8,18,80,00,00,65,C0,FE,23,
4343085011,00000300,false,Rx,1,3,16,00,00,00,00,00,00,00,
4343085265,000002C0,false,Rx,1,8,18,80,00,00,65,C0,FE,33,
4343090052,00000764,false,Rx,0,1,B7,00,00,00,00,00,00,00,
4343094924,000002C0,false,Rx,1,8,18,80,00,00,65,C0,FE,43,
4343105103,000002C0,false,Rx,1,8,18,80,00,00,65,C0,FE,53,
4343114928,000002C0,false,Rx,1,8,18,80,00,00,65,C0,FE,63,
4343125093,000002C0,false,Rx,1,8,18,80,00,00,65,C0,FE,73,
4343134934,000002C0,false,Rx,1,8,18,80,00,00,65,C0,FE,83,
4343145095,000002C0,false,Rx,1,8,18,80,00,00,65,C0,FE,93,
4343154927,000002C0,false,Rx,1,8,18,80,00,00,65,C0,FE,A3,
4343165096,000002C0,false,Rx,1,8,18,80,00,00,65,C0,FE,B3,
4343174929,000002C0,false,Rx,1,8,18,80,00,00,65,C0,FE,C3,
4343185097,000002C0,false,Rx,1,8,18,80,00,00,65,C0,FE,D3,
4343194930,000002C0,false,Rx,1,8,18,80,00,00,65,C0,FE,E3,
4343205101,000002C0,false,Rx,1,8,18,80,00,00,65,C0,FE,F3,
4343214932,000002C0,false,Rx,1,8,18,80,00,00,65,C0,FE,03,
4343225111,000002C0,false,Rx,1,8,18,80,00,00,65,C0,FE,13,
4343234933,000002C0,false,Rx,1,8,18,80,00,00,64,C0,FE,23,
4343245101,000002C0,false,Rx,1,8,18,80,00,00,64,C0,FE,33,
4343254933,000002C0,false,Rx,1,8,18,80,00,00,64,C0,FE,43,
4343265101,000002C0,false,Rx,1,8,18,80,00,00,64,C0,FE,53,
4343274933,000002C0,false,Rx,1,8,18,80,00,00,64,C0,FE,63,
4343281992,00000764,false,Rx,0,5,19,00,02,21,01,00,00,00,
4343285103,000002C0,false,Rx,1,8,18,80,00,00,64,C0,FE,73,
4343294808,00000300,false,Rx,1,1,BA,00,00,00,00,00,00,00,
4343295052,000002C0,false,Rx,1,8,18,80,00,00,64,C0,FE,83,
4343305120,00000300,false,Rx,1,8,27,00,0E,61,01,1A,00,28,
4343305340,000002C0,false,Rx,1,8,18,80,00,00,64,C0,FE,93,
4343314944,00000300,false,Rx,1,8,28,1A,00,37,06,64,02,25,
4343315182,000002C0,false,Rx,1,8,18,80,00,00,64,C0,FE,A3,
4343325022,00000300,false,Rx,1,3,19,00,00,00,00,00,00,00,
4343325271,000002C0,false,Rx,1,8,18,80,00,00,64,C0,FE,B3,
4343329787,00000764,false,Rx,0,1,BA,00,00,00,00,00,00,00,
4343334937,000002C0,false,Rx,1,8,18,80,00,00,64,C0,FE,C3,
4343345108,000002C0,false,Rx,1,8,18,80,00,00,64,C0,FE,D3,
4343354937,000002C0,false,Rx,1,8,18,80,00,00,64,C0,FE,E3,
4343365106,000002C0,false,Rx,1,8,18,80,00,00,64,C0,FE,F3,
4343374939,000002C0,false,Rx,1,8,18,80,00,00,64,C0,FE,03,
4343385108,000002C0,false,Rx,1,8,18,80,00,00,64,C0,FE,13,
4343394940,000002C0,false,Rx,1,8,18,80,00,00,64,C0,FE,23,
4343405118,000002C0,false,Rx,1,8,18,80,00,00,64,C0,FE,33,
4343414942,000002C0,false,Rx,1,8,18,80,00,00,64,C0,FE,43,
4343425110,000002C0,false,Rx,1,8,18,80,00,00,64,C0,FE,53,
4343434942,000002C0,false,Rx,1,8,18,80,00,00,64,C0,FE,63,
4343445109,000002C0,false,Rx,1,8,18,80,00,00,64,C0,FE,73,
4343454948,000002C0,false,Rx,1,8,18,80,00,00,64,C0,FE,83,
4343465112,000002C0,false,Rx,1,8,18,80,00,00,64,C0,FE,93,
4343474942,000002C0,false,Rx,1,8,18,80,00,00,64,C0,FE,A3,
4343485115,000002C0,false,Rx,1,8,18,80,00,00,64,C0,FE,B3,
4343494950,000002C0,false,Rx,1,8,18,80,00,00,64,C0,FE,C3,
4343505116,000002C0,false,Rx,1,8,18,80,00,00,64,C0,FE,D3,
4343514951,000002C0,false,Rx,1,8,18,80,00,00,64,C0,FE,E3,
4343525113,000002C0,false,Rx,1,8,18,80,00,00,64,C0,FE,F3,
4343534948,000002C0,false,Rx,1,8,18,80,00,00,64,C0,FE,03,
4343538453,00000764,false,Rx,0,1,A3,00,00,00,00,00,00,00,
4343545115,000002C0,false,Rx,1,8,18,80,00,00,64,C0,FE,13,
4343554909,00000300,false,Rx,1,6,A1,0F,8A,FF,4A,FF,00,00,
4343555149,000002C0,false,Rx,1,8,18,80,00,00,64,C0,FE,23,
4343559743,00000764,false,Rx,0,5,1A,00,02,21,01,00,00,00,
4343565123,000002C0,false,Rx,1,8,18,80,00,00,64,C0,FE,33,
4343574824,00000300,false,Rx,1,1,BB,00,00,00,00,00,00,00,
4343575064,000002C0,false,Rx,1,8,18,80,00,00,64,C0,FE,43,
4343585115,00000300,false,Rx,1,8,2A,00,0E,61,01,1A,00,28,
4343585362,000002C0,false,Rx,1,8,18,80,00,00,64,C0,FE,53,
4343594955,00000300,false,Rx,1,8,2B,1A,00,37,06,64,02,25,
4343595193,000002C0,false,Rx,1,8,18,80,00,00,64,C0,FE,63,
4343605037,00000300,false,Rx,1,3,1C,00,00,00,00,00,00,00,
4343605281,000002C0,false,Rx,1,8,18,80,00,00,64,C0,FE,73,
4343610402,00000764,false,Rx,0,1,BD,00,00,00,00,00,00,00,
4343614960,000002C0,false,Rx,1,8,18,80,00,00,64,C0,FE,83,
4343625120,000002C0,false,Rx,1,8,18,80,00,00,64,C0,FE,93,
4343634951,000002C0,false,Rx,1,8,18,80,00,00,64,C0,FE,A3,
4343645123,000002C0,false,Rx,1,8,18,80,00,00,64,C0,FE,B3,
4343654953,000002C0,false,Rx,1,8,18,80,00,00,64,C0,FE,C3,
4343665125,000002C0,false,Rx,1,8,18,80,00,00,64,C0,FE,D3,
4343674953,000002C0,false,Rx,1,8,18,80,00,00,64,C0,FE,E3,
4343685123,000002C0,false,Rx,1,8,18,80,00,00,64,C0,FE,F3,
4343694959,000002C0,false,Rx,1,8,18,80,00,00,64,C0,FE,03,
4343705125,000002C0,false,Rx,1,8,18,80,00,00,64,C0,FE,13,
4343714962,000002C0,false,Rx,1,8,18,80,00,00,64,C0,FE,23,
4343725130,000002C0,false,Rx,1,8,18,80,00,00,64,C0,FE,33,
4343734958,000002C0,false,Rx,1,8,18,80,00,00,64,C0,FE,43,
4343745126,000002C0,false,Rx,1,8,18,80,00,00,64,C0,FE,53,
4343754958,000002C0,false,Rx,1,8,18,80,00,00,64,C0,FE,63,
4343765126,000002C0,false,Rx,1,8,18,80,00,00,64,C0,FE,73,
4343774965,000002C0,false,Rx,1,8,18,80,00,00,64,C0,FE,83,
4343785128,000002C0,false,Rx,1,8,18,80,00,00,64,C0,FE,93,
4343794960,000002C0,false,Rx,1,8,18,80,00,00,64,C0,FE,A3,
4343805132,000002C0,false,Rx,1,8,18,80,00,00,64,C0,FE,B3,
4343814973,000002C0,false,Rx,1,8,18,80,00,00,64,C0,FE,C3,
4343817400,00000764,false,Rx,0,5,1B,00,02,21,01,00,00,00,
4343825132,000002C0,false,Rx,1,8,18,80,00,00,64,C0,FE,D3,
4343834839,00000300,false,Rx,1,1,BC,00,00,00,00,00,00,00,
4343835077,000002C0,false,Rx,1,8,18,80,00,00,64,C0,FE,E3,
4343845132,00000300,false,Rx,1,8,2D,00,0E,61,01,1A,00,28,
4343845371,000002C0,false,Rx,1,8,18,80,00,00,64,C0,FE,F3,
4343854964,00000300,false,Rx,1,8,2E,1A,00,37,06,64,02,25,
4343855205,000002C0,false,Rx,1,8,18,80,00,00,64,C0,FE,03,
4343865052,00000300,false,Rx,1,3,1F,00,00,00,00,00,00,00,
4343865291,000002C0,false,Rx,1,8,18,80,00,00,64,C0,FE,13,
4343870114,00000764,false,Rx,0,1,B0,00,00,00,00,00,00,00,
4343874965,000002C0,false,Rx,1,8,18,80,00,00,64,C0,FE,23,
4343885133,000002C0,false,Rx,1,8,18,80,00,00,64,C0,FE,33,
4343894967,000002C0,false,Rx,1,8,18,80,00,00,64,C0,FE,43,
4343905134,000002C0,false,Rx,1,8,18,80,00,00,64,C0,FE,53,
4343914967,000002C0,false,Rx,1,8,18,80,00,00,64,C0,FE,63,
4343925137,000002C0,false,Rx,1,8,18,80,00,00,64,C0,FE,73,
4343934974,000002C0,false,Rx,1,8,18,80,00,00,64,C0,FE,83,
4343945137,000002C0,false,Rx,1,8,18,80,00,00,64,C0,FE,93,
4343954966,000002C0,false,Rx,1,8,18,80,00,00,64,C0,FE,A3,
4343965140,000002C0,false,Rx,1,8,18,80,00,00,64,C0,FE,B3,
4343974970,000002C0,false,Rx,1,8,18,80,00,00,64,C0,FE,C3,
4343985140,000002C0,false,Rx,1,8,18,80,00,00,64,C0,FE,D3,
4343994972,000002C0,false,Rx,1,8,18,80,00,00,64,C0,FE,E3,
4344005139,000002C0,false,Rx,1,8,18,80,00,00,64,C0,FE,F3,
4344014973,000002C0,false,Rx,1,8,18,80,00,00,64,C0,FE,03,
4344025146,000002C0,false,Rx,1,8,18,80,00,00,64,C0,FE,13,
4344034972,000002C0,false,Rx,1,8,18,80,00,00,64,C0,FE,23,
4344045142,000002C0,false,Rx,1,8,18,80,00,00,64,C0,FE,33,
4344054974,000002C0,false,Rx,1,8,18,80,00,00,64,C0,FE,43,
4344064612,00000764,false,Rx,0,1,A3,00,00,00,00,00,00,00,
4344065142,000002C0,false,Rx,1,8,18,80,00,00,64,C0,FE,53,
4344074936,00000300,false,Rx,1,6,A1,0F,8A,FF,4A,FF,00,00,
4344075176,000002C0,false,Rx,1,8,18,80,00,00,64,C0,FE,63,
4344080083,00000764,false,Rx,0,5,1C,00,02,21,01,00,00,00,
4344085150,000002C0,false,Rx,1,8,18,80,00,00,64,C0,FE,73,
4344094851,00000300,false,Rx,1,1,BD,00,00,00,00,00,00,00,
4344095092,000002C0,false,Rx,1,8,18,80,00,00,64,C0,FE,83,
4344105145,00000300,false,Rx,1,8,20,00,0E,61,01,1A,00,28,
4344105383,000002C0,false,Rx,1,8,18,80,00,00,64,C0,FE,93,
4344114981,00000300,false,Rx,1,8,21,1A,00,37,06,64,02,25,
4344115253,000002C0,false,Rx,1,8,18,80,00,00,64,C0,FE,A3,
4344125069,00000300,false,Rx,1,3,12,00,00,00,00,00,00,00,
4344125305,000002C0,false,Rx,1,8,18,80,00,00,64,C0,FE,B3,
4344129948,00000764,false,Rx,0,1,B3,00,00,00,00,00,00,00,
4344134977,000002C0,false,Rx,1,8,18,80,00,00,64,C0,FE,C3,
4344145147,000002C0,false,Rx,1,8,18,80,00,00,64,C0,FE,D3,
4344154978,000002C0,false,Rx,1,8,18,80,00,00,64,C0,FE,E3,
4344165147,000002C0,false,Rx,1,8,18,80,00,00,64,C0,FE,F3,
4344174979,000002C0,false,Rx,1,8,18,80,00,00,64,C0,FE,03,
4344185148,000002C0,false,Rx,1,8,18,80,00,00,64,C0,FE,13,
4344194983,000002C0,false,Rx,1,8,18,80,00,00,64,C0,FE,23,
4344205149,000002C0,false,Rx,1,8,18,80,00,00,64,C0,FE,33,
4344214983,000002C0,false,Rx,1,8,18,80,00,00,64,C0,FE,43,
4344225167,000002C0,false,Rx,1,8,18,80,00,00,64,C0,FE,53,
4344234983,000002C0,false,Rx,1,8,18,80,00,00,64,C0,FE,63,
4344245150,000002C0,false,Rx,1,8,18,80,00,00,64,C0,FE,73,
4344254990,000002C0,false,Rx,1,8,18,80,00,00,64,C0,FE,83,
4344265152,000002C0,false,Rx,1,8,18,80,00,00,64,C0,FE,93,
4344274983,000002C0,false,Rx,1,8,18,80,00,00,64,C0,FE,A3,
4344285156,000002C0,false,Rx,1,8,18,80,00,00,64,C0,FE,B3,
4344294992,000002C0,false,Rx,1,8,18,80,00,00,63,C0,FE,C3,
4344305156,000002C0,false,Rx,1,8,18,80,00,00,63,C0,FE,D3,
4344314986,000002C0,false,Rx,1,8,18,80,00,00,63,C0,FE,E3,
4344321806,00000764,false,Rx,0,5,1D,00,02,21,01,00,00,00,
4344325155,000002C0,false,Rx,1,8,18,80,00,00,63,C0,FE,F3,
4344334867,00000300,false,Rx,1,1,BE,00,00,00,00,00,00,00,
4344335102,000002C0,false,Rx,1,8,18,80,00,00,63,C0,FE,03,
4344345156,00000300,false,Rx,1,8,23,00,0E,61,01,1A,00,27,
4344345396,000002C0,false,Rx,1,8,18,80,00,00,63,C0,FE,13,
4344354991,00000300,false,Rx,1,8,24,1A,00,37,06,64,02,25,
4344355271,000002C0,false,Rx,1,8,18,80,00,00,63,C0,FE,23,
4344365074,00000300,false,Rx,1,3,15,00,00,00,00,00,00,00,
4344365313,000002C0,false,Rx,1,8,18,80,00,00,63,C0,FE,33,
4344369642,00000764,false,Rx,0,1,B6,00,00,00,00,00,00,00,
4344374991,000002C0,false,Rx,1,8,18,80,00,00,63,C0,FE,43,
4344385158,000002C0,false,Rx,1,8,18,80,00,00,63,C0,FE,53,
4344394992,000002C0,false,Rx,1,8,18,80,00,00,63,C0,FE,63,
4344405162,000002C0,false,Rx,1,8,18,80,00,00,63,C0,FE,73,
4344414994,000002C0,false,Rx,1,8,18,80,00,00,63,C0,FE,83,
4344425159,000002C0,false,Rx,1,8,18,80,00,00,63,C0,FE,93,
4344434995,000002C0,false,Rx,1,8,18,80,00,00,63,C0,FE,A3,
4344445163,000002C0,false,Rx,1,8,18,80,00,00,63,C0,FE,B3,
4344454993,000002C0,false,Rx,1,8,18,80,00,00,63,C0,FE,C3,
4344465164,000002C0,false,Rx,1,8,18,80,00,00,63,C0,FE,D3,
4344474993,000002C0,false,Rx,1,8,18,80,00,00,63,C0,FE,E3,
4344485164,000002C0,false,Rx,1,8,18,80,00,00,63,C0,FE,F3,
4344495001,000002C0,false,Rx,1,8,18,80,00,00,63,C0,FE,03,
4344505165,000002C0,false,Rx,1,8,18,80,00,00,63,C0,FE,13,
4344514999,000002C0,false,Rx,1,8,18,80,00,00,63,C0,FE,23,
4344525165,000002C0,false,Rx,1,8,18,80,00,00,63,C0,FE,33,
4344535003,000002C0,false,Rx,1,8,18,80,00,00,63,C0,FE,43,
4344545165,000002C0,false,Rx,1,8,18,80,00,00,63,C0,FE,53,
4344554998,000002C0,false,Rx,1,8,18,80,00,00,63,C0,FE,63,
4344558114,00000764,false,Rx,0,5,1E,00,02,21,01,00,00,00,
4344565170,000002C0,false,Rx,1,8,18,80,00,00,63,C0,FE,73,
4344574876,00000300,false,Rx,1,1,BF,00,00,00,00,00,00,00,
4344575114,000002C0,false,Rx,1,8,18,80,00,00,63,C0,FE,83,
4344585170,00000300,false,Rx,1,8,26,00,0E,61,01,1A,00,27,
4344585408,000002C0,false,Rx,1,8,18,80,00,00,63,C0,FE,93,
4344595003,00000300,false,Rx,1,8,27,1A,00,37,06,64,02,25,
4344595272,000002C0,false,Rx,1,8,18,80,00,00,63,C0,FE,A3,
4344605089,00000300,false,Rx,1,3,18,00,00,00,00,00,00,00,
4344605330,000002C0,false,Rx,1,8,18,80,00,00,63,C0,FE,B3,
4344610343,00000764,false,Rx,0,1,B9,00,00,00,00,00,00,00,
4344615002,000002C0,false,Rx,1,8,18,80,00,00,63,C0,FE,C3,
4344625171,000002C0,false,Rx,1,8,18,80,00,00,63,C0,FE,D3,
4344635010,000002C0,false,Rx,1,8,18,80,00,00,63,C0,FE,E3,
4344645172,000002C0,false,Rx,1,8,18,80,00,00,63,C0,FE,F3,
4344655007,000002C0,false,Rx,1,8,18,80,00,00,63,C0,FE,03,
4344665173,000002C0,false,Rx,1,8,18,80,00,00,63,C0,FE,13,
4344675005,000002C0,false,Rx,1,8,18,80,00,00,63,C0,FE,23,
4344685173,000002C0,false,Rx,1,8,18,80,00,00,63,C0,FE,33,
4344695009,000002C0,false,Rx,1,8,18,80,00,00,63,C0,FE,43,
4344705175,000002C0,false,Rx,1,8,18,80,00,00,63,C0,FE,53,
4344715007,000002C0,false,Rx,1,8,18,80,00,00,63,C0,FE,63,
4344725183,000002C0,false,Rx,1,8,18,80,00,00,63,C0,FE,73,
4344735018,000002C0,false,Rx,1,8,18,80,00,00,63,C0,FE,83,
4344745176,000002C0,false,Rx,1,8,18,80,00,00,63,C0,FE,93,
4344755012,000002C0,false,Rx,1,8,18,80,00,00,63,C0,FE,A3,
4344765180,000002C0,false,Rx,1,8,18,80,00,00,63,C0,FE,B3,
4344775009,000002C0,false,Rx,1,8,18,80,00,00,63,C0,FE,C3,
4344785180,000002C0,false,Rx,1,8,18,80,00,00,63,C0,FE,D3,
4344795013,000002C0,false,Rx,1,8,18,80,00,00,63,C0,FE,E3,
4344805180,000002C0,false,Rx,1,8,18,80,00,00,63,C0,FE,F3,
4344812790,00000764,false,Rx,0,1,A3,00,00,00,00,00,00,00,
4344815014,000002C0,false,Rx,1,8,18,80,00,00,63,C0,FE,03,
4344825144,00000300,false,Rx,1,6,A1,0F,8A,FF,4A,FF,00,00,
4344825382,000002C0,false,Rx,1,8,18,80,00,00,63,C0,FE,13,
4344830258,00000764,false,Rx,0,5,1F,00,02,21,01,00,00,00,
4344835021,000002C0,false,Rx,1,8,18,80,00,00,63,C0,FE,23,
4344845061,00000300,false,Rx,1,1,B0,00,00,00,00,00,00,00,
4344845299,000002C0,false,Rx,1,8,18,80,00,00,63,C0,FE,33,
4344855012,00000300,false,Rx,1,8,29,00,0E,61,01,1A,00,27,
4344855272,000002C0,false,Rx,1,8,18,80,00,00,63,C0,FE,43,
4344865187,00000300,false,Rx,1,8,2A,1A,00,37,06,64,02,25,
4344865425,000002C0,false,Rx,1,8,18,80,00,00,63,C0,FE,53,
4344874934,00000300,false,Rx,1,3,1B,00,00,00,00,00,00,00,
4344875172,000002C0,false,Rx,1,8,18,80,00,00,63,C0,FE,63,
4344880052,00000764,false,Rx,0,1,BC,00,00,00,00,00,00,00,
4344885186,000002C0,false,Rx,1,8,18,80,00,00,63,C0,FE,73,
4344895019,000002C0,false,Rx,1,8,18,80,00,00,63,C0,FE,83,
4344905185,000002C0,false,Rx,1,8,18,80,00,00,63,C0,FE,93,
4344915019,000002C0,false,Rx,1,8,18,80,00,00,63,C0,FE,A3,
4344925187,000002C0,false,Rx,1,8,18,80,00,00,63,C0,FE,B3,
4344935017,000002C0,false,Rx,1,8,18,80,00,00,63,C0,FE,C3,
4344945191,000002C0,false,Rx,1,8,18,80,00,00,63,C0,FE,D3,
4344955019,000002C0,false,Rx,1,8,18,80,00,00,63,C0,FE,E3,
4344965189,000002C0,false,Rx,1,8,18,80,00,00,63,C0,FE,F3,
4344975021,000002C0,false,Rx,1,8,18,80,00,00,63,C0,FE,03,
4344985188,000002C0,false,Rx,1,8,18,80,00,00,63,C0,FE,13,
4344995027,000002C0,false,Rx,1,8,18,80,00,00,63,C0,FE,23,
4345005191,000002C0,false,Rx,1,8,18,80,00,00,63,C0,FE,33,
4345015024,000002C0,false,Rx,1,8,18,80,00,00,63,C0,FE,43,
4345025191,000002C0,false,Rx,1,8,18,80,00,00,63,C0,FE,53,
4345035023,000002C0,false,Rx,1,8,18,80,00,00,63,C0,FE,63,
4345045232,000002C0,false,Rx,1,8,18,80,00,00,63,C0,FE,73,
4345055024,000002C0,false,Rx,1,8,18,80,00,00,63,C0,FE,83,
4345065194,000002C0,false,Rx,1,8,18,80,00,00,63,C0,FE,93,
4345075029,000002C0,false,Rx,1,8,18,80,00,00,63,C0,FE,A3,
4345078888,00000764,false,Rx,0,5,10,00,02,21,01,00,00,00,
4345085196,000002C0,false,Rx,1,8,18,80,00,00,63,C0,FE,B3,
4345094902,00000300,false,Rx,1,1,B1,00,00,00,00,00,00,00,
4345095139,000002C0,false,Rx,1,8,18,80,00,00,63,C0,FE,C3,
4345105196,00000300,false,Rx,1,8,2C,00,0E,61,01,1A,00,27,
4345105437,000002C0,false,Rx,1,8,18,80,00,00,63,C0,FE,D3,
4345115028,00000300,false,Rx,1,8,2D,1A,00,37,06,64,02,25,
4345115283,000002C0,false,Rx,1,8,18,80,00,00,63,C0,FE,E3,
4345125117,00000300,false,Rx,1,3,1E,00,00,00,00,00,00,00,
4345125355,000002C0,false,Rx,1,8,18,80,00,00,63,C0,FE,F3,
4345129894,00000764,false,Rx,0,1,BF,00,00,00,00,00,00,00,
4345135029,000002C0,false,Rx,1,8,18,80,00,00,63,C0,FE,03,
4345145204,000002C0,false,Rx,1,8,18,80,00,00,63,C0,FE,13,
4345155032,000002C0,false,Rx,1,8,18,80,00,00,63,C0,FE,23,
4345165199,000002C0,false,Rx,1,8,18,80,00,00,63,C0,FE,33,
4345175030,000002C0,false,Rx,1,8,18,80,00,00,63,C0,FE,43,
4345185200,000002C0,false,Rx,1,8,18,80,00,00,63,C0,FE,53,
4345195033,000002C0,false,Rx,1,8,18,80,00,00,63,C0,FE,63,
4345205203,000002C0,false,Rx,1,8,18,80,00,00,63,C0,FE,73,
4345215034,000002C0,false,Rx,1,8,18,80,00,00,63,C0,FE,83,
4345225206,000002C0,false,Rx,1,8,18,80,00,00,63,C0,FE,93,
4345235036,000002C0,false,Rx,1,8,18,80,00,00,63,C0,FE,A3,
4345245204,000002C0,false,Rx,1,8,18,80,00,00,63,C0,FE,B3,
4345255035,000002C0,false,Rx,1,8,18,80,00,00,63,C0,FE,C3,
4345265206,000002C0,false,Rx,1,8,18,80,00,00,63,C0,FE,D3,
4345275035,000002C0,false,Rx,1,8,18,80,00,00,63,C0,FE,E3,
4345285204,000002C0,false,Rx,1,8,18,80,00,00,63,C0,FE,F3,
4345295038,000002C0,false,Rx,1,8,18,80,00,00,63,C0,FE,03,
4345305204,000002C0,false,Rx,1,8,18,80,00,00,63,C0,FE,13,
4345315040,000002C0,false,Rx,1,8,18,80,00,00,63,C0,FE,23,
4345325206,000002C0,false,Rx,1,8,18,80,00,00,63,C0,FE,33,
4345335042,000002C0,false,Rx,1,8,18,80,00,00,62,C0,FE,43,
4345335420,00000764,false,Rx,0,1,A3,00,00,00,00,00,00,00,
4345345208,000002C0,false,Rx,1,8,18,80,00,00,62,C0,FE,53,
4345355003,00000300,false,Rx,1,6,A1,0F,8A,FF,4A,FF,00,00,
4345355270,000002C0,false,Rx,1,8,18,80,00,00,62,C0,FE,63,
4345365235,000002C0,false,Rx,1,8,18,80,00,00,62,C0,FE,73,
4345375044,000002C0,false,Rx,1,8,18,80,00,00,62,C0,FE,83,
4345385231,000002C0,false,Rx,1,8,18,80,00,00,62,C0,FE,93,
4345395046,000002C0,false,Rx,1,8,18,80,00,00,62,C0,FE,A3,
4345405227,000002C0,false,Rx,1,8,18,80,00,00,62,C0,FE,B3,
4345415044,000002C0,false,Rx,1,8,18,80,00,00,62,C0,FE,C3,
4345425233,000002C0,false,Rx,1,8,18,80,00,00,62,C0,FE,D3,
4345435042,000002C0,false,Rx,1,8,18,80,00,00,62,C0,FE,E3,
4345445231,000002C0,false,Rx,1,8,18,80,00,00,62,C0,FE,F3,
4345455055,000002C0,false,Rx,1,8,18,80,00,00,62,C0,FE,03,
4345465232,000002C0,false,Rx,1,8,18,80,00,00,62,C0,FE,13,
4345475045,000002C0,false,Rx,1,8,18,80,00,00,62,C0,FE,23,
4345485238,000002C0,false,Rx,1,8,18,80,00,00,62,C0,FE,33,
4345495054,000002C0,false,Rx,1,8,18,80,00,00,62,C0,FE,43,
4345505234,000002C0,false,Rx,1,8,18,80,00,00,62,C0,FE,53,
4345515048,000002C0,false,Rx,1,8,18,80,00,00,62,C0,FE,63,
4345525236,000002C0,false,Rx,1,8,18,80,00,00,62,C0,FE,73,
4345535052,000002C0,false,Rx,1,8,18,80,00,00,62,C0,FE,83,
4345545238,000002C0,false,Rx,1,8,18,80,00,00,62,C0,FE,93,
4345555070,000002C0,false,Rx,1,8,18,80,00,00,62,C0,FE,A3,
4345565238,000002C0,false,Rx,1,8,18,80,00,00,62,C0,FE,B3,
4345575051,000002C0,false,Rx,1,8,18,80,00,00,62,C0,FE,C3,
4345585241,000002C0,false,Rx,1,8,18,80,00,00,62,C0,FE,D3,
4345595053,000002C0,false,Rx,1,8,18,80,00,00,62,C0,FE,E3,
4345605239,000002C0,false,Rx,1,8,18,80,00,00,62,C0,FE,F3,
4345615055,000002C0,false,Rx,1,8,18,80,00,00,62,C0,FE,03,
4345625255,000002C0,false,Rx,1,8,18,80,00,00,62,C0,FE,13,
4345635053,000002C0,false,Rx,1,8,18,80,00,00,62,C0,FE,23,
4345645245,000002C0,false,Rx,1,8,18,80,00,00,62,C0,FE,33,
4345655057,000002C0,false,Rx,1,8,18,80,00,00,62,C0,FE,43,
4345665246,000002C0,false,Rx,1,8,18,80,00,00,62,C0,FE,53,
4345675055,000002C0,false,Rx,1,8,18,80,00,00,62,C0,FE,63,
4345685244,000002C0,false,Rx,1,8,18,80,00,00,62,C0,FE,73,
4345695062,000002C0,false,Rx,1,8,18,80,00,00,62,C0,FE,83,
4345705247,000002C0,false,Rx,1,8,18,80,00,00,62,C0,FE,93,
4345715062,000002C0,false,Rx,1,8,18,80,00,00,62,C0,FE,A3,
4345725249,000002C0,false,Rx,1,8,18,80,00,00,62,C0,FE,B3,
4345735060,000002C0,false,Rx,1,8,18,80,00,00,62,C0,FE,C3,
4345745247,000002C0,false,Rx,1,8,18,80,00,00,62,C0,FE,D3,
4345755058,000002C0,false,Rx,1,8,18,80,00,00,62,C0,FE,E3,
4345765247,000002C0,false,Rx,1,8,18,80,00,00,62,C0,FE,F3,
4345775062,000002C0,false,Rx,1,8,18,80,00,00,62,C0,FE,03,
4345785246,000002C0,false,Rx,1,8,18,80,00,00,62,C0,FE,13,
4345795062,000002C0,false,Rx,1,8,18,80,00,00,62,C0,FE,23,
4345805246,000002C0,false,Rx,1,8,18,80,00,00,62,C0,FE,33,
4345815068,000002C0,false,Rx,1,8,18,80,00,00,62,C0,FE,43,
4345825246,000002C0,false,Rx,1,8,18,80,00,00,62,C0,FE,53,
4345835064,000002C0,false,Rx,1,8,18,80,00,00,62,C0,FE,63,
4345845246,000002C0,false,Rx,1,8,18,80,00,00,62,C0,FE,73,
4345855068,000002C0,false,Rx,1,8,18,80,00,00,62,C0,FE,83,
4345865256,000002C0,false,Rx,1,8,18,80,00,00,62,C0,FE,93,
4345875069,000002C0,false,Rx,1,8,18,80,00,00,62,C0,FE,A3,
4345885246,000002C0,false,Rx,1,8,18,80,00,00,62,C0,FE,B3,
4345895071,000002C0,false,Rx,1,8,18,80,00,00,62,C0,FE,C3,
4345905246,000002C0,false,Rx,1,8,18,80,00,00,62,C0,FE,D3,
4345915069,000002C0,false,Rx,1,8,18,80,00,00,62,C0,FE,E3,
4345925246,000002C0,false,Rx,1,8,18,80,00,00,62,C0,FE,F3,
4345935071,000002C0,false,Rx,1,8,18,80,00,00,62,C0,FE,03,
4345945247,000002C0,false,Rx,1,8,18,80,00,00,62,C0,FE,13,
4345955069,000002C0,false,Rx,1,8,18,80,00,00,62,C0,FE,23,
4345958070,00000764,false,Rx,0,1,A3,00,00,00,00,00,00,00,
4345965254,000002C0,false,Rx,1,8,18,80,00,00,62,C0,FE,33,
4345975031,00000300,false,Rx,1,6,A1,0F,8A,FF,4A,FF,00,00,
4345975273,000002C0,false,Rx,1,8,18,80,00,00,62,C0,FE,43,
4345985248,000002C0,false,Rx,1,8,18,80,00,00,62,C0,FE,53,
4345992065,00000764,false,Rx,0,1,A8,00,00,00,00,00,00,00,
4345995072,000002C0,false,Rx,1,8,18,80,00,00,62,C0,FE,63,
4346005115,00000300,false,Rx,1,1,A8,00,00,00,00,00,00,00,
4346005355,000002C0,false,Rx,1,8,18,80,00,00,62,C0,FE,73,
4346015077,000002C0,false,Rx,1,8,18,80,00,00,62,C0,FE,83,
4346025247,000002C0,false,Rx,1,8,18,80,00,00,62,C0,FE,93,
4346035077,000002C0,false,Rx,1,8,18,80,00,00,62,C0,FE,A3,
4346045247,000002C0,false,Rx,1,8,18,80,00,00,62,C0,FE,B3,
4346055077,000002C0,false,Rx,1,8,18,80,00,00,62,C0,FE,C3,
4346065247,000002C0,false,Rx,1,8,18,80,00,00,62,C0,FE,D3,
4346075080,000002C0,false,Rx,1,8,18,80,00,00,62,C0,FE,E3,
4346085248,000002C0,false,Rx,1,8,18,80,00,00,62,C0,FE,F3,
4346095081,000002C0,false,Rx,1,8,18,80,00,00,62,C0,FE,03,
4346105247,000002C0,false,Rx,1,8,18,80,00,00,62,C0,FE,13,
4346115078,000002C0,false,Rx,1,8,18,80,00,00,62,C0,FE,23,
4346125252,000002C0,false,Rx,1,8,18,80,00,00,62,C0,FE,33,
4346135082,000002C0,false,Rx,1,8,18,80,00,00,62,C0,FE,43,
4346145248,000002C0,false,Rx,1,8,18,80,00,00,62,C0,FE,53,
4346155080,000002C0,false,Rx,1,8,18,80,00,00,62,C0,FE,63,
4346165252,000002C0,false,Rx,1,8,18,80,00,00,62,C0,FE,73,
4346175086,000002C0,false,Rx,1,8,18,80,00,00,62,C0,FE,83,
4346185256,000002C0,false,Rx,1,8,18,80,00,00,62,C0,FE,93,
4346195088,000002C0,false,Rx,1,8,18,80,00,00,62,C0,FE,A3,
4346205251,000002C0,false,Rx,1,8,18,80,00,00,62,C0,FE,B3,
4346215086,000002C0,false,Rx,1,8,18,80,00,00,62,C0,FE,C3,
4346225261,000002C0,false,Rx,1,8,18,80,00,00,62,C0,FE,D3,
4346235084,000002C0,false,Rx,1,8,18,80,00,00,62,C0,FE,E3,
4346245254,000002C0,false,Rx,1,8,18,80,00,00,62,C0,FE,F3,
4346255085,000002C0,false,Rx,1,8,18,80,00,00,62,C0,FE,03,
4346265257,000002C0,false,Rx,1,8,18,80,00,00,62,C0,FE,13,
4346275089,000002C0,false,Rx,1,8,18,80,00,00,62,C0,FE,23,
4346285259,000002C0,false,Rx,1,8,18,80,00,00,62,C0,FE,33,
4346295098,000002C0,false,Rx,1,8,18,80,00,00,62,C0,FE,43,
4346305258,000002C0,false,Rx,1,8,18,80,00,00,62,C0,FE,53,
4346315088,000002C0,false,Rx,1,8,18,80,00,00,62,C0,FE,63,
4346325260,000002C0,false,Rx,1,8,18,80,00,00,62,C0,FE,73,
4346335092,000002C0,false,Rx,1,8,18,80,00,00,62,C0,FE,83,
4346345261,000002C0,false,Rx,1,8,18,80,00,00,62,C0,FE,93,
4346355093,000002C0,false,Rx,1,8,18,80,00,00,62,C0,FE,A3,
4346365258,000002C0,false,Rx,1,8,18,80,00,00,62,C0,FE,B3,
4346375110,000002C0,false,Rx,1,8,18,80,00,00,62,C0,FE,C3,
4346385262,000002C0,false,Rx,1,8,18,80,00,00,62,C0,FE,D3,
4346395095,000002C0,false,Rx,1,8,18,80,00,00,62,C0,FE,E3,
4346405266,000002C0,false,Rx,1,8,18,80,00,00,62,C0,FE,F3,
4346415095,000002C0,false,Rx,1,8,18,80,00,00,62,C0,FE,03,
4346425263,000002C0,false,Rx,1,8,18,80,00,00,62,C0,FE,13,
4346435093,000002C0,false,Rx,1,8,18,80,00,00,62,C0,FE,23,
4346445267,000002C0,false,Rx,1,8,18,80,00,00,62,C0,FE,33,
4346455099,000002C0,false,Rx,1,8,18,80,00,00,62,C0,FE,43,
4346465264,000002C0,false,Rx,1,8,18,80,00,00,62,C0,FE,53,
4346475095,000002C0,false,Rx,1,8,18,80,00,00,62,C0,FE,63,
4346485269,000002C0,false,Rx,1,8,18,80,00,00,62,C0,FE,73,
4346495106,000002C0,false,Rx,1,8,18,80,00,00,62,C0,FE,83,
4346505286,000002C0,false,Rx,1,8,18,80,00,00,62,C0,FE,93,
4346515100,000002C0,false,Rx,1,8,18,80,00,00,61,C0,FE,A3,
4346525282,000002C0,false,Rx,1,8,18,80,00,00,61,C0,FE,B3,
4346535100,000002C0,false,Rx,1,8,18,80,00,00,61,C0,FE,C3,
4346545267,000002C0,false,Rx,1,8,18,80,00,00,61,C0,FE,D3,
4346555100,000002C0,false,Rx,1,8,18,80,00,00,61,C0,FE,E3,
4346565272,000002C0,false,Rx,1,8,18,80,00,00,61,C0,FE,F3,
4346575102,000002C0,false,Rx,1,8,18,80,00,00,61,C0,FE,03,
4346585273,000002C0,false,Rx,1,8,18,80,00,00,61,C0,FE,13,
4346595107,000002C0,false,Rx,1,8,18,80,00,00,61,C0,FE,23,
4346605274,000002C0,false,Rx,1,8,18,80,00,00,61,C0,FE,33,
4346615103,000002C0,false,Rx,1,8,18,80,00,00,61,C0,FE,43,
4346625275,000002C0,false,Rx,1,8,18,80,00,00,61,C0,FE,53,
4346635103,000002C0,false,Rx,1,8,18,80,00,00,61,C0,FE,63,
4346645276,000002C0,false,Rx,1,8,18,80,00,00,61,C0,FE,73,
4346655109,000002C0,false,Rx,1,8,18,80,00,00,61,C0,FE,83,
4346665275,000002C0,false,Rx,1,8,18,80,00,00,61,C0,FE,93,
4346675107,000002C0,false,Rx,1,8,18,80,00,00,61,C0,FE,A3,
4346685283,000002C0,false,Rx,1,8,18,80,00,00,61,C0,FE,B3,
4346695109,000002C0,false,Rx,1,8,18,80,00,00,61,C0,FE,C3,
4346705277,000002C0,false,Rx,1,8,18,80,00,00,61,C0,FE,D3,
4346715109,000002C0,false,Rx,1,8,18,80,00,00,61,C0,FE,E3,
4346725283,000002C0,false,Rx,1,8,18,80,00,00,61,C0,FE,F3,
4346735111,000002C0,false,Rx,1,8,18,80,00,00,61,C0,FE,03,
4346745278,000002C0,false,Rx,1,8,18,80,00,00,61,C0,FE,13,
4346755112,000002C0,false,Rx,1,8,18,80,00,00,61,C0,FE,23,
4346765282,000002C0,false,Rx,1,8,18,80,00,00,61,C0,FE,33,
4346775110,000002C0,false,Rx,1,8,18,80,00,00,61,C0,FE,43,
4346785290,000002C0,false,Rx,1,8,18,80,00,00,61,C0,FE,53,
4346795113,000002C0,false,Rx,1,8,18,80,00,00,61,C0,FE,63,
4346805281,000002C0,false,Rx,1,8,18,80,00,00,61,C0,FE,73,
4346815119,000002C0,false,Rx,1,8,18,80,00,00,61,C0,FE,83,
4346825282,000002C0,false,Rx,1,8,18,80,00,00,61,C0,FE,93,
4346835117,000002C0,false,Rx,1,8,18,80,00,00,61,C0,FE,A3,
4346845286,000002C0,false,Rx,1,8,18,80,00,00,61,C0,FE,B3,
4346855116,000002C0,false,Rx,1,8,18,80,00,00,61,C0,FE,C3,
4346865285,000002C0,false,Rx,1,8,18,80,00,00,61,C0,FE,D3,
4346875116,000002C0,false,Rx,1,8,18,80,00,00,61,C0,FE,E3,
4346885287,000002C0,false,Rx,1,8,18,80,00,00,61,C0,FE,F3,
4346895122,000002C0,false,Rx,1,8,18,80,00,00,61,C0,FE,03,
4346905287,000002C0,false,Rx,1,8,18,80,00,00,61,C0,FE,13,
4346915122,000002C0,false,Rx,1,8,18,80,00,00,61,C0,FE,23,
4346925290,000002C0,false,Rx,1,8,18,80,00,00,61,C0,FE,33,
4346935120,000002C0,false,Rx,1,8,18,80,00,00,61,C0,FE,43,
4346945291,000002C0,false,Rx,1,8,18,80,00,00,61,C0,FE,53,
4346955120,000002C0,false,Rx,1,8,18,80,00,00,61,C0,FE,63,
4346965289,000002C0,false,Rx,1,8,18,80,00,00,61,C0,FE,73,
4346975126,000002C0,false,Rx,1,8,18,80,00,00,61,C0,FE,83,
4346985291,000002C0,false,Rx,1,8,18,80,00,00,61,C0,FE,93,
4346995133,000002C0,false,Rx,1,8,18,80,00,00,61,C0,FE,A3,
4347005293,000002C0,false,Rx,1,8,18,80,00,00,61,C0,FE,B3,
4347015127,000002C0,false,Rx,1,8,18,80,00,00,61,C0,FE,C3,
4347025292,000002C0,false,Rx,1,8,18,80,00,00,61,C0,FE,D3,
4347035125,000002C0,false,Rx,1,8,18,80,00,00,61,C0,FE,E3,
4347045296,000002C0,false,Rx,1,8,18,80,00,00,61,C0,FE,F3,
4347055127,000002C0,false,Rx,1,8,18,80,00,00,61,C0,FE,03,
4347065294,000002C0,false,Rx,1,8,18,80,00,00,61,C0,FE,13,
4347075129,000002C0,false,Rx,1,8,18,80,00,00,61,C0,FE,23,
4347085298,000002C0,false,Rx,1,8,18,80,00,00,61,C0,FE,33,
4347095133,000002C0,false,Rx,1,8,18,80,00,00,61,C0,FE,43,
4347105299,000002C0,false,Rx,1,8,18,80,00,00,61,C0,FE,53,
4347115129,000002C0,false,Rx,1,8,18,80,00,00,61,C0,FE,63,
4347125299,000002C0,false,Rx,1,8,18,80,00,00,61,C0,FE,73,
4347135132,000002C0,false,Rx,1,8,18,80,00,00,61,C0,FE,83,
4347145299,000002C0,false,Rx,1,8,18,80,00,00,61,C0,FE,93,
4347155132,000002C0,false,Rx,1,8,18,80,00,00,61,C0,FE,A3,
4347165301,000002C0,false,Rx,1,8,18,80,00,00,61,C0,FE,B3,
4347175134,000002C0,false,Rx,1,8,18,80,00,00,61,C0,FE,C3,
4347185301,000002C0,false,Rx,1,8,18,80,00,00,61,C0,FE,D3,
4347195140,000002C0,false,Rx,1,8,18,80,00,00,61,C0,FE,E3,
4347205305,000002C0,false,Rx,1,8,18,80,00,00,61,C0,FE,F3,
4347215137,000002C0,false,Rx,1,8,18,80,00,00,61,C0,FE,03,
4347225311,000002C0,false,Rx,1,8,18,80,00,00,61,C0,FE,13,
4347235136,000002C0,false,Rx,1,8,18,80,00,00,61,C0,FE,23,
4347245306,000002C0,false,Rx,1,8,18,80,00,00,61,C0,FE,33,
4347255136,000002C0,false,Rx,1,8,18,80,00,00,61,C0,FE,43,
4347265307,000002C0,false,Rx,1,8,18,80,00,00,61,C0,FE,53,
4347275136,000002C0,false,Rx,1,8,18,80,00,00,61,C0,FE,63,
4347285305,000002C0,false,Rx,1,8,18,80,00,00,61,C0,FE,73,
4347295156,000002C0,false,Rx,1,8,18,80,00,00,61,C0,FE,83,
4347305308,000002C0,false,Rx,1,8,18,80,00,00,61,C0,FE,93,
4347315141,000002C0,false,Rx,1,8,18,80,00,00,61,C0,FE,A3,
4347325309,000002C0,false,Rx,1,8,18,80,00,00,61,C0,FE,B3,
4347335141,000002C0,false,Rx,1,8,18,80,00,00,61,C0,FE,C3,
4347345308,000002C0,false,Rx,1,8,18,80,00,00,61,C0,FE,D3,
4347355139,000002C0,false,Rx,1,8,18,80,00,00,61,C0,FE,E3,
4347365313,000002C0,false,Rx,1,8,18,80,00,00,61,C0,FE,F3,
4347375143,000002C0,false,Rx,1,8,18,80,00,00,61,C0,FE,03,
4347385310,000002C0,false,Rx,1,8,18,80,00,00,61,C0,FE,13,
4347395146,000002C0,false,Rx,1,8,18,80,00,00,61,C0,FE,23,
4347405316,000002C0,false,Rx,1,8,18,80,00,00,61,C0,FE,33,
4347415144,000002C0,false,Rx,1,8,18,80,00,00,61,C0,FE,43,
4347425315,000002C0,false,Rx,1,8,18,80,00,00,61,C0,FE,53,
4347435143,000002C0,false,Rx,1,8,18,80,00,00,61,C0,FE,63,
4347445315,000002C0,false,Rx,1,8,18,80,00,00,61,C0,FE,73,
4347455148,000002C0,false,Rx,1,8,18,80,00,00,61,C0,FE,83,
4347465315,000002C0,false,Rx,1,8,18,80,00,00,61,C0,FE,93,
4347475148,000002C0,false,Rx,1,8,18,80,00,00,61,C0,FE,A3,
4347485318,000002C0,false,Rx,1,8,18,80,00,00,61,C0,FE,B3,
4347495152,000002C0,false,Rx,1,8,18,80,00,00,61,C0,FE,C3,
4347505323,000002C0,false,Rx,1,8,18,80,00,00,61,C0,FE,D3,
4347515150,000002C0,false,Rx,1,8,18,80,00,00,61,C0,FE,E3,
4347525320,000002C0,false,Rx,1,8,18,80,00,00,61,C0,FE,F3,
4347535152,000002C0,false,Rx,1,8,18,80,00,00,61,C0,FE,03,
4347545319,000002C0,false,Rx,1,8,18,80,00,00,61,C0,FE,13,
4347555152,000002C0,false,Rx,1,8,18,80,00,00,61,C0,FE,23,
4347565321,000002C0,false,Rx,1,8,18,80,00,00,61,C0,FE,33,
4347575152,000002C0,false,Rx,1,8,18,80,00,00,61,C0,FE,43,
4347585323,000002C0,false,Rx,1,8,18,80,00,00,61,C0,FE,53,
4347595154,000002C0,false,Rx,1,8,18,80,00,00,61,C0,FE,63,
4347605333,000002C0,false,Rx,1,8,18,80,00,00,61,C0,FE,73,
4347615158,000002C0,false,Rx,1,8,18,80,00,00,61,C0,FE,83,
4347625323,000002C0,false,Rx,1,8,18,80,00,00,61,C0,FE,93,
4347635157,000002C0,false,Rx,1,8,18,80,00,00,61,C0,FE,A3,
4347645326,000002C0,false,Rx,1,8,18,80,00,00,61,C0,FE,B3,
4347655157,000002C0,false,Rx,1,8,18,80,00,00,61,C0,FE,C3,
4347665326,000002C0,false,Rx,1,8,18,80,00,00,61,C0,FE,D3,
4347675156,000002C0,false,Rx,1,8,18,80,00,00,61,C0,FE,E3,
4347685328,000002C0,false,Rx,1,8,18,80,00,00,61,C0,FE,F3,
4347695160,000002C0,false,Rx,1,8,18,80,00,00,61,C0,FE,03,
4347705332,000002C0,false,Rx,1,8,18,80,00,00,61,C0,FE,13,
4347715162,000002C0,false,Rx,1,8,18,80,00,00,61,C0,FE,23,
4347725335,000002C0,false,Rx,1,8,18,80,00,00,61,C0,FE,33,
4347735159,000002C0,false,Rx,1,8,18,80,00,00,61,C0,FE,43,
4347745332,000002C0,false,Rx,1,8,18,80,00,00,61,C0,FE,53,
4347755161,000002C0,false,Rx,1,8,18,80,00,00,61,C0,FE,63,
4347765330,000002C0,false,Rx,1,8,18,80,00,00,61,C0,FE,73,
4347775164,000002C0,false,Rx,1,8,18,80,00,00,61,C0,FE,83,
4347785332,000002C0,false,Rx,1,8,18,80,00,00,61,C0,FE,93,
4347795166,000002C0,false,Rx,1,8,18,80,00,00,61,C0,FE,A3,
4347805334,000002C0,false,Rx,1,8,18,80,00,00,61,C0,FE,B3,
4347815169,000002C0,false,Rx,1,8,18,80,00,00,61,C0,FE,C3,
4347825334,000002C0,false,Rx,1,8,18,80,00,00,61,C0,FE,D3,
4347835164,000002C0,false,Rx,1,8,18,80,00,00,61,C0,FE,E3,
4347845337,000002C0,false,Rx,1,8,18,80,00,00,61,C0,FE,F3,
4347855167,000002C0,false,Rx,1,8,18,80,00,00,61,C0,FE,03,
4347865334,000002C0,false,Rx,1,8,18,80,00,00,61,C0,FE,13,
4347875169,000002C0,false,Rx,1,8,18,80,00,00,61,C0,FE,23,
4347885339,000002C0,false,Rx,1,8,18,80,00,00,61,C0,FE,33,
4347895169,000002C0,false,Rx,1,8,18,80,00,00,61,C0,FE,43,
4347905339,000002C0,false,Rx,1,8,18,80,00,00,61,C0,FE,53,
4347915172,000002C0,false,Rx,1,8,18,80,00,00,61,C0,FE,63,
4347925338,000002C0,false,Rx,1,8,18,80,00,00,61,C0,FE,73,
4347935174,000002C0,false,Rx,1,8,18,80,00,00,61,C0,FE,83,
4347945339,000002C0,false,Rx,1,8,18,80,00,00,61,C0,FE,93,
4347955172,000002C0,false,Rx,1,8,18,80,00,00,61,C0,FE,A3,
4347965343,000002C0,false,Rx,1,8,18,80,00,00,61,C0,FE,B3,
4347975173,000002C0,false,Rx,1,8,18,80,00,00,61,C0,FE,C3,
4347985340,000002C0,false,Rx,1,8,18,80,00,00,61,C0,FE,D3,
4347995176,000002C0,false,Rx,1,8,18,80,00,00,61,C0,FE,E3,
4348005345,000002C0,false,Rx,1,8,18,80,00,00,61,C0,FE,F3,
4348015195,000002C0,false,Rx,1,8,18,80,00,00,61,C0,FE,03,
4348025343,000002C0,false,Rx,1,8,18,80,00,00,61,C0,FE,13,
4348035176,000002C0,false,Rx,1,8,18,80,00,00,61,C0,FE,23,
4348045348,000002C0,false,Rx,1,8,18,80,00,00,61,C0,FE,33,
4348055176,000002C0,false,Rx,1,8,18,80,00,00,61,C0,FE,43,
4348065347,000002C0,false,Rx,1,8,18,80,00,00,61,C0,FE,53,
4348075176,000002C0,false,Rx,1,8,18,80,00,00,61,C0,FE,63,
4348085345,000002C0,false,Rx,1,8,18,80,00,00,61,C0,FE,73,
4348095184,000002C0,false,Rx,1,8,18,80,00,00,61,C0,FE,83,
4348105348,000002C0,false,Rx,1,8,18,80,00,00,61,C0,FE,93,
4348115188,000002C0,false,Rx,1,8,18,80,00,00,61,C0,FE,A3,
4348125351,000002C0,false,Rx,1,8,18,80,00,00,61,C0,FE,B3,
4348135182,000002C0,false,Rx,1,8,18,80,00,00,61,C0,FE,C3,
4348145349,000002C0,false,Rx,1,8,18,80,00,00,61,C0,FE,D3,
4348155180,000002C0,false,Rx,1,8,18,80,00,00,61,C0,FE,E3,
4348165352,000002C0,false,Rx,1,8,18,80,00,00,61,C0,FE,F3,
4348175184,000002C0,false,Rx,1,8,18,80,00,00,61,C0,FE,03,
4348185351,000002C0,false,Rx,1,8,18,80,00,00,61,C0,FE,13,
4348195186,000002C0,false,Rx,1,8,18,80,00,00,61,C0,FE,23,
4348205354,000002C0,false,Rx,1,8,18,80,00,00,61,C0,FE,33,
4348215188,000002C0,false,Rx,1,8,18,80,00,00,60,C0,FE,43,
4348225363,000002C0,false,Rx,1,8,18,80,00,00,60,C0,FE,53,
4348235188,000002C0,false,Rx,1,8,18,80,00,00,60,C0,FE,63,
4348245357,000002C0,false,Rx,1,8,18,80,00,00,60,C0,FE,73,
4348255189,000002C0,false,Rx,1,8,18,80,00,00,60,C0,FE,83,
4348265356,000002C0,false,Rx,1,8,18,80,00,00,60,C0,FE,93,
4348275191,000002C0,false,Rx,1,8,18,80,00,00,60,C0,FE,A3,
4348285358,000002C0,false,Rx,1,8,18,80,00,00,60,C0,FE,B3,
4348295243,000002C0,false,Rx,1,8,18,80,00,00,60,C0,FE,C3,
4348305359,000002C0,false,Rx,1,8,18,80,00,00,60,C0,FE,D3,
4348315192,000002C0,false,Rx,1,8,18,80,00,00,60,C0,FE,E3,
4348325370,000002C0,false,Rx,1,8,18,80,00,00,60,C0,FE,F3,
4348335196,000002C0,false,Rx,1,8,18,80,00,00,60,C0,FE,03,
4348345362,000002C0,false,Rx,1,8,18,80,00,00,60,C0,FE,13,
4348355193,000002C0,false,Rx,1,8,18,80,00,00,60,C0,FE,23,
4348365362,000002C0,false,Rx,1,8,18,80,00,00,60,C0,FE,33,
4348375195,000002C0,false,Rx,1,8,18,80,00,00,60,C0,FE,43,
4348385369,000002C0,false,Rx,1,8,18,80,00,00,60,C0,FE,53,
4348395200,000002C0,false,Rx,1,8,18,80,00,00,60,C0,FE,63,
4348405365,000002C0,false,Rx,1,8,18,80,00,00,60,C0,FE,73,
4348415199,000002C0,false,Rx,1,8,18,80,00,00,60,C0,FE,83,
4348425376,000002C0,false,Rx,1,8,18,80,00,00,60,C0,FE,93,
4348435199,000002C0,false,Rx,1,8,18,80,00,00,60,C0,FE,A3,
4348445366,000002C0,false,Rx,1,8,18,80,00,00,60,C0,FE,B3,
4348455197,000002C0,false,Rx,1,8,18,80,00,00,60,C0,FE,C3,
4348465368,000002C0,false,Rx,1,8,18,80,00,00,60,C0,FE,D3,
4348475198,000002C0,false,Rx,1,8,18,80,00,00,60,C0,FE,E3,
4348485370,000002C0,false,Rx,1,8,18,80,00,00,60,C0,FE,F3,
4348495209,000002C0,false,Rx,1,8,18,80,00,00,60,C0,FE,03,
4348505369,000002C0,false,Rx,1,8,18,80,00,00,60,C0,FE,13,
4348515201,000002C0,false,Rx,1,8,18,80,00,00,60,C0,FE,23,
4348525442,000002C0,false,Rx,1,8,18,80,00,00,60,C0,FE,33,
4348535204,000002C0,false,Rx,1,8,18,80,00,00,60,C0,FE,43,
4348545372,000002C0,false,Rx,1,8,18,80,00,00,60,C0,FE,53,
4348555205,000002C0,false,Rx,1,8,18,80,00,00,60,C0,FE,63,
4348565372,000002C0,false,Rx,1,8,18,80,00,00,60,C0,FE,73,
4348575208,000002C0,false,Rx,1,8,18,80,00,00,60,C0,FE,83,
4348585373,000002C0,false,Rx,1,8,18,80,00,00,60,C0,FE,93,
4348595209,000002C0,false,Rx,1,8,18,80,00,00,60,C0,FE,A3,
4348605375,000002C0,false,Rx,1,8,18,80,00,00,60,C0,FE,B3,
4348615206,000002C0,false,Rx,1,8,18,80,00,00,60,C0,FE,C3,
4348625376,000002C0,false,Rx,1,8,18,80,00,00,60,C0,FE,D3,
4348635209,000002C0,false,Rx,1,8,18,80,00,00,60,C0,FE,E3,
4348645378,000002C0,false,Rx,1,8,18,80,00,00,60,C0,FE,F3,
4348655231,000002C0,false,Rx,1,8,18,80,00,00,60,C0,FE,03,
4348665378,000002C0,false,Rx,1,8,18,80,00,00,60,C0,FE,13,
4348675209,000002C0,false,Rx,1,8,18,80,00,00,60,C0,FE,23,
4348685378,000002C0,false,Rx,1,8,18,80,00,00,60,C0,FE,33,
4348695232,000002C0,false,Rx,1,8,18,80,00,00,60,C0,FE,43,
4348705379,000002C0,false,Rx,1,8,18,80,00,00,60,C0,FE,53,
4348715232,000002C0,false,Rx,1,8,18,80,00,00,60,C0,FE,63,
4348725384,000002C0,false,Rx,1,8,18,80,00,00,60,C0,FE,73,
4348735234,000002C0,false,Rx,1,8,18,80,00,00,60,C0,FE,83,
4348745382,000002C0,false,Rx,1,8,18,80,00,00,60,C0,FE,93,
4348755233,000002C0,false,Rx,1,8,18,80,00,00,60,C0,FE,A3,
4348765382,000002C0,false,Rx,1,8,18,80,00,00,60,C0,FE,B3,
4348775233,000002C0,false,Rx,1,8,18,80,00,00,60,C0,FE,C3,
4348785384,000002C0,false,Rx,1,8,18,80,00,00,60,C0,FE,D3,
4348795236,000002C0,false,Rx,1,8,18,80,00,00,60,C0,FE,E3,
4348805386,000002C0,false,Rx,1,8,18,80,00,00,60,C0,FE,F3,
4348815239,000002C0,false,Rx,1,8,18,80,00,00,60,C0,FE,03,
4348825386,000002C0,false,Rx,1,8,18,80,00,00,60,C0,FE,13,
4348835240,000002C0,false,Rx,1,8,18,80,00,00,60,C0,FE,23,
4348845387,000002C0,false,Rx,1,8,18,80,00,00,60,C0,FE,33,
4348855238,000002C0,false,Rx,1,8,18,80,00,00,60,C0,FE,43,
4348865388,000002C0,false,Rx,1,8,18,80,00,00,60,C0,FE,53,
4348875240,000002C0,false,Rx,1,8,18,80,00,00,60,C0,FE,63,
4348885388,000002C0,false,Rx,1,8,18,80,00,00,60,C0,FE,73,
4348895244,000002C0,false,Rx,1,8,18,80,00,00,60,C0,FE,83,
4348905390,000002C0,false,Rx,1,8,18,80,00,00,60,C0,FE,93,
4348915243,000002C0,false,Rx,1,8,18,80,00,00,60,C0,FE,A3,
4348925390,000002C0,false,Rx,1,8,18,80,00,00,60,C0,FE,B3,
4348935253,000002C0,false,Rx,1,8,18,80,00,00,60,C0,FE,C3,
4348945392,000002C0,false,Rx,1,8,18,80,00,00,60,C0,FE,D3,
4348955241,000002C0,false,Rx,1,8,18,80,00,00,60,C0,FE,E3,
4348965395,000002C0,false,Rx,1,8,18,80,00,00,60,C0,FE,F3,
4348975246,000002C0,false,Rx,1,8,18,80,00,00,60,C0,FE,03,
4348985393,000002C0,false,Rx,1,8,18,80,00,00,60,C0,FE,13,
4348995248,000002C0,false,Rx,1,8,18,80,00,00,60,C0,FE,23,
4349005395,000002C0,false,Rx,1,8,18,80,00,00,60,C0,FE,33,
4349015247,000002C0,false,Rx,1,8,18,80,00,00,60,C0,FE,43,
4349025396,000002C0,false,Rx,1,8,18,80,00,00,60,C0,FE,53,
4349035247,000002C0,false,Rx,1,8,18,80,00,00,60,C0,FE,63,
4349045403,000002C0,false,Rx,1,8,18,80,00,00,60,C0,FE,73,
4349055246,000002C0,false,Rx,1,8,18,80,00,00,60,C0,FE,83,
4349065398,000002C0,false,Rx,1,8,18,80,00,00,60,C0,FE,93,
4349075247,000002C0,false,Rx,1,8,18,80,00,00,60,C0,FE,A3,
4349085398,000002C0,false,Rx,1,8,18,80,00,00,60,C0,FE,B3,
4349095249,000002C0,false,Rx,1,8,18,80,00,00,60,C0,FE,C3,
4349105399,000002C0,false,Rx,1,8,18,80,00,00,60,C0,FE,D3,
4349115246,000002C0,false,Rx,1,8,18,80,00,00,60,C0,FE,E3,
4349125403,000002C0,false,Rx,1,8,18,80,00,00,60,C0,FE,F3,
4349135247,000002C0,false,Rx,1,8,18,80,00,00,60,C0,FE,03,
4349145405,000002C0,false,Rx,1,8,18,80,00,00,60,C0,FE,13,
4349155246,000002C0,false,Rx,1,8,18,80,00,00,60,C0,FE,23,
4349165402,000002C0,false,Rx,1,8,18,80,00,00,60,C0,FE,33,
4349175246,000002C0,false,Rx,1,8,18,80,00,00,60,C0,FE,43,
4349185403,000002C0,false,Rx,1,8,18,80,00,00,60,C0,FE,53,
4349195249,000002C0,false,Rx,1,8,18,80,00,00,60,C0,FE,63,
4349205404,000002C0,false,Rx,1,8,18,80,00,00,60,C0,FE,73,
4349215246,000002C0,false,Rx,1,8,18,80,00,00,60,C0,FE,83,
4349225411,000002C0,false,Rx,1,8,18,80,00,00,60,C0,FE,93,
4349235246,000002C0,false,Rx,1,8,18,80,00,00,60,C0,FE,A3,
4349245418,000002C0,false,Rx,1,8,18,80,00,00,60,C0,FE,B3,
4349255246,000002C0,false,Rx,1,8,18,80,00,00,60,C0,FE,C3,
4349265408,000002C0,false,Rx,1,8,18,80,00,00,60,C0,FE,D3,
4349275247,000002C0,false,Rx,1,8,18,80,00,00,60,C0,FE,E3,
4349285410,000002C0,false,Rx,1,8,18,80,00,00,60,C0,FE,F3,
4349295249,000002C0,false,Rx,1,8,18,80,00,00,60,C0,FE,03,
4349305409,000002C0,false,Rx,1,8,18,80,00,00,60,C0,FE,13,
4349315247,000002C0,false,Rx,1,8,18,80,00,00,60,C0,FE,23,
4349325411,000002C0,false,Rx,1,8,18,80,00,00,60,C0,FE,33,
4349335246,000002C0,false,Rx,1,8,18,80,00,00,60,C0,FE,43,
4349345424,000002C0,false,Rx,1,8,18,80,00,00,60,C0,FE,53,
4349355248,000002C0,false,Rx,1,8,18,80,00,00,60,C0,FE,63,
4349365412,000002C0,false,Rx,1,8,18,80,00,00,60,C0,FE,73,
4349375248,000002C0,false,Rx,1,8,18,80,00,00,60,C0,FE,83,
4349385414,000002C0,false,Rx,1,8,18,80,00,00,60,C0,FE,93,
4349395251,000002C0,false,Rx,1,8,18,80,00,00,60,C0,FE,A3,
4349405414,000002C0,false,Rx,1,8,18,80,00,00,60,C0,FE,B3,
4349415248,000002C0,false,Rx,1,8,18,80,00,00,60,C0,FE,C3,
4349425416,000002C0,false,Rx,1,8,18,80,00,00,60,C0,FE,D3,
4349435248,000002C0,false,Rx,1,8,18,80,00,00,60,C0,FE,E3,
4349445427,000002C0,false,Rx,1,8,18,80,00,00,60,C0,FE,F3,
4349455252,000002C0,false,Rx,1,8,18,80,00,00,60,C0,FE,03,
4349465417,000002C0,false,Rx,1,8,18,80,00,00,60,C0,FE,13,
4349475249,000002C0,false,Rx,1,8,18,80,00,00,60,C0,FE,23,
4349485419,000002C0,false,Rx,1,8,18,80,00,00,60,C0,FE,33,
4349495257,000002C0,false,Rx,1,8,18,80,00,00,60,C0,FE,43,
4349505420,000002C0,false,Rx,1,8,18,80,00,00,60,C0,FE,53,
4349515257,000002C0,false,Rx,1,8,18,80,00,00,60,C0,FE,63,
4349525422,000002C0,false,Rx,1,8,18,80,00,00,60,C0,FE,73,
4349535258,000002C0,false,Rx,1,8,18,80,00,00,60,C0,FE,83,
4349545421,000002C0,false,Rx,1,8,18,80,00,00,60,C0,FE,93,
4349555263,000002C0,false,Rx,1,8,18,80,00,00,60,C0,FE,A3,
4349565424,000002C0,false,Rx,1,8,18,80,00,00,60,C0,FE,B3,
4349575257,000002C0,false,Rx,1,8,18,80,00,00,60,C0,FE,C3,
4349585423,000002C0,false,Rx,1,8,18,80,00,00,60,C0,FE,D3,
4349595257,000002C0,false,Rx,1,8,18,80,00,00,60,C0,FE,E3,
4349605427,000002C0,false,Rx,1,8,18,80,00,00,60,C0,FE,F3,
4349615261,000002C0,false,Rx,1,8,18,80,00,00,60,C0,FE,03,
4349625425,000002C0,false,Rx,1,8,18,80,00,00,60,C0,FE,13,
4349635258,000002C0,false,Rx,1,8,18,80,00,00,60,C0,FE,23,
4349645427,000002C0,false,Rx,1,8,18,80,00,00,60,C0,FE,33,
4349655268,000002C0,false,Rx,1,8,18,80,00,00,60,C0,FE,43,
4349665428,000002C0,false,Rx,1,8,18,80,00,00,60,C0,FE,53,
4349675263,000002C0,false,Rx,1,8,18,80,00,00,60,C0,FE,63,
4349685429,000002C0,false,Rx,1,8,18,80,00,00,60,C0,FE,73,
4349695264,000002C0,false,Rx,1,8,18,80,00,00,60,C0,FE,83,
4349705429,000002C0,false,Rx,1,8,18,80,00,00,60,C0,FE,93,
4349715264,000002C0,false,Rx,1,8,18,80,00,00,60,C0,FE,A3,
4349725436,000002C0,false,Rx,1,8,18,80,00,00,60,C0,FE,B3,
4349735262,000002C0,false,Rx,1,8,18,80,00,00,60,C0,FE,C3,
4349745431,000002C0,false,Rx,1,8,18,80,00,00,60,C0,FE,D3,
4349755269,000002C0,false,Rx,1,8,18,80,00,00,60,C0,FE,E3,
4349765436,000002C0,false,Rx,1,8,18,80,00,00,60,C0,FE,F3,
4349775270,000002C0,false,Rx,1,8,18,80,00,00,60,C0,FE,03,
4349785433,000002C0,false,Rx,1,8,18,80,00,00,60,C0,FE,13,
4349795268,000002C0,false,Rx,1,8,18,80,00,00,60,C0,FE,23,
4349805434,000002C0,false,Rx,1,8,18,80,00,00,60,C0,FE,33,
4349815268,000002C0,false,Rx,1,8,18,80,00,00,60,C0,FE,43,
4349825436,000002C0,false,Rx,1,8,18,80,00,00,60,C0,FE,53,
4349835268,000002C0,false,Rx,1,8,18,80,00,00,60,C0,FE,63,
4349845438,000002C0,false,Rx,1,8,18,80,00,00,60,C0,FE,73,
4349855275,000002C0,false,Rx,1,8,18,80,00,00,60,C0,FE,83,
4349865438,000002C0,false,Rx,1,8,18,80,00,00,60,C0,FE,93,
4349875274,000002C0,false,Rx,1,8,18,80,00,00,60,C0,FE,A3,
4349885440,000002C0,false,Rx,1,8,18,80,00,00,60,C0,FE,B3,
4349895273,000002C0,false,Rx,1,8,18,80,00,00,60,C0,FE,C3,
4349905440,000002C0,false,Rx,1,8,18,80,00,00,60,C0,FE,D3,
4349915272,000002C0,false,Rx,1,8,18,80,00,00,60,C0,FE,E3,
4349925442,000002C0,false,Rx,1,8,18,80,00,00,60,C0,FE,F3,
4349935276,000002C0,false,Rx,1,8,18,80,00,00,60,C0,FE,03,
4349945441,000002C0,false,Rx,1,8,18,80,00,00,60,C0,FE,13,
4349955272,000002C0,false,Rx,1,8,18,80,00,00,60,C0,FE,23,
4349965444,000002C0,false,Rx,1,8,18,80,00,00,60,C0,FE,33,
4349975278,000002C0,false,Rx,1,8,18,80,00,00,60,C0,FE,43,
4349985443,000002C0,false,Rx,1,8,18,80,00,00,60,C0,FE,53,
4349995280,000002C0,false,Rx,1,8,18,80,00,00,60,C0,FE,63,
4350005445,000002C0,false,Rx,1,8,18,80,00,00,60,C0,FE,73,
4350015278,000002C0,false,Rx,1,8,18,80,00,00,60,C0,FE,83,
4350025446,000002C0,false,Rx,1,8,18,80,00,00,60,C0,FE,93,
4350035278,000002C0,false,Rx,1,8,18,80,00,00,60,C0,FE,A3,
4350045448,000002C0,false,Rx,1,8,18,80,00,00,60,C0,FE,B3,
4350055278,000002C0,false,Rx,1,8,18,80,00,00,60,C0,FE,C3,
4350065457,000002C0,false,Rx,1,8,18,80,00,00,60,C0,FE,D3,
4350075279,000002C0,false,Rx,1,8,18,80,00,00,60,C0,FE,E3,
4350085450,000002C0,false,Rx,1,8,18,80,00,00,60,C0,FE,F3,
4350095286,000002C0,false,Rx,1,8,18,80,00,00,60,C0,FE,03,
4350105450,000002C0,false,Rx,1,8,18,80,00,00,60,C0,FE,13,
4350115282,000002C0,false,Rx,1,8,18,80,00,00,60,C0,FE,23,
4350125450,000002C0,false,Rx,1,8,18,80,00,00,60,C0,FE,33,
4350135284,000002C0,false,Rx,1,8,18,80,00,00,60,C0,FE,43,
4350145451,000002C0,false,Rx,1,8,18,80,00,00,60,C0,FE,53,
4350155284,000002C0,false,Rx,1,8,18,80,00,00,60,C0,FE,63,
4350165465,000002C0,false,Rx,1,8,18,80,00,00,60,C0,FE,73,
4350175287,000002C0,false,Rx,1,8,18,80,00,00,60,C0,FE,83,
4350185453,000002C0,false,Rx,1,8,18,80,00,00,60,C0,FE,93,
4350195289,000002C0,false,Rx,1,8,18,80,00,00,60,C0,FE,A3,
4350205455,000002C0,false,Rx,1,8,18,80,00,00,60,C0,FE,B3,
4350215287,000002C0,false,Rx,1,8,18,80,00,00,60,C0,FE,C3,
4350225462,000002C0,false,Rx,1,8,18,80,00,00,60,C0,FE,D3,
4350235286,000002C0,false,Rx,1,8,18,80,00,00,60,C0,FE,E3,
4350245458,000002C0,false,Rx,1,8,18,80,00,00,60,C0,FE,F3,
4350255292,000002C0,false,Rx,1,8,18,80,00,00,60,C0,FE,03,
4350265467,000002C0,false,Rx,1,8,18,80,00,00,60,C0,FE,13,
4350275290,000002C0,false,Rx,1,8,18,80,00,00,60,C0,FE,23,
4350285458,000002C0,false,Rx,1,8,18,80,00,00,60,C0,FE,33,
4350295295,000002C0,false,Rx,1,8,18,80,00,00,60,C0,FE,43,
4350305463,000002C0,false,Rx,1,8,18,80,00,00,60,C0,FE,53,
4350315295,000002C0,false,Rx,1,8,18,80,00,00,60,C0,FE,63,
4350325461,000002C0,false,Rx,1,8,18,80,00,00,60,C0,FE,73,
4350335295,000002C0,false,Rx,1,8,18,80,00,00,60,C0,FE,83,
4350345462,000002C0,false,Rx,1,8,18,80,00,00,60,C0,FE,93,
4350355295,000002C0,false,Rx,1,8,18,80,00,00,60,C0,FE,A3,
4350365462,000002C0,false,Rx,1,8,18,80,00,00,60,C0,FE,B3,
4350375304,000002C0,false,Rx,1,8,18,80,00,00,60,C0,FE,C3,
4350385464,000002C0,false,Rx,1,8,18,80,00,00,60,C0,FE,D3,
4350395295,000002C0,false,Rx,1,8,18,80,00,00,60,C0,FE,E3,
4350405467,000002C0,false,Rx,1,8,18,80,00,00,60,C0,FE,F3,
4350415301,000002C0,false,Rx,1,8,18,80,00,00,60,C0,FE,03,
4350425466,000002C0,false,Rx,1,8,18,80,00,00,60,C0,FE,13,
4350435297,000002C0,false,Rx,1,8,18,80,00,00,60,C0,FE,23,
4350445466,000002C0,false,Rx,1,8,18,80,00,00,60,C0,FE,33,
4350455299,000002C0,false,Rx,1,8,18,80,00,00,5F,C0,FE,43,
4350465468,000002C0,false,Rx,1,8,18,80,00,00,5F,C0,FE,53,
4350475304,000002C0,false,Rx,1,8,18,80,00,00,5F,C0,FE,63,
4350485471,000002C0,false,Rx,1,8,18,80,00,00,5F,C0,FE,73,
4350495304,000002C0,false,Rx,1,8,18,80,00,00,5F,C0,FE,83,
4350505469,000002C0,false,Rx,1,8,18,80,00,00,5F,C0,FE,93,
4350515303,000002C0,false,Rx,1,8,18,80,00,00,5F,C0,FE,A3,
4350525474,000002C0,false,Rx,1,8,18,80,00,00,5F,C0,FE,B3,
4350535302,000002C0,false,Rx,1,8,18,80,00,00,5F,C0,FE,C3,
4350545471,000002C0,false,Rx,1,8,18,80,00,00,5F,C0,FE,D3,
4350555306,000002C0,false,Rx,1,8,18,80,00,00,5F,C0,FE,E3,
4350565474,000002C0,false,Rx,1,8,18,80,00,00,5F,C0,FE,F3,
4350575322,000002C0,false,Rx,1,8,18,80,00,00,5F,C0,FE,03,
4350585473,000002C0,false,Rx,1,8,18,80,00,00,5F,C0,FE,13,
4350595305,000002C0,false,Rx,1,8,18,80,00,00,5F,C0,FE,23,
4350605475,000002C0,false,Rx,1,8,18,80,00,00,5F,C0,FE,33,
4350615307,000002C0,false,Rx,1,8,18,80,00,00,5F,C0,FE,43,
4350625476,000002C0,false,Rx,1,8,18,80,00,00,5F,C0,FE,53,
4350635307,000002C0,false,Rx,1,8,18,80,00,00,5F,C0,FE,63,
4350645479,000002C0,false,Rx,1,8,18,80,00,00,5F,C0,FE,73,
4350655309,000002C0,false,Rx,1,8,18,80,00,00,5F,C0,FE,83,
4350665478,000002C0,false,Rx,1,8,18,80,00,00,5F,C0,FE,93,
4350675317,000002C0,false,Rx,1,8,18,80,00,00,5F,C0,FE,A3,
4350685483,000002C0,false,Rx,1,8,18,80,00,00,5F,C0,FE,B3,
4350695310,000002C0,false,Rx,1,8,18,80,00,00,5F,C0,FE,C3,
4350705479,000002C0,false,Rx,1,8,18,80,00,00,5F,C0,FE,D3,
4350715315,000002C0,false,Rx,1,8,18,80,00,00,5F,C0,FE,E3,
4350725486,000002C0,false,Rx,1,8,18,80,00,00,5F,C0,FE,F3,
4350735313,000002C0,false,Rx,1,8,18,80,00,00,5F,C0,FE,03,
4350745482,000002C0,false,Rx,1,8,18,80,00,00,5F,C0,FE,13,
4350755313,000002C0,false,Rx,1,8,18,80,00,00,5F,C0,FE,23,
4350765482,000002C0,false,Rx,1,8,18,80,00,00,5F,C0,FE,33,
4350775313,000002C0,false,Rx,1,8,18,80,00,00,5F,C0,FE,43,
4350785488,000002C0,false,Rx,1,8,18,80,00,00,5F,C0,FE,53,
4350795315,000002C0,false,Rx,1,8,18,80,00,00,5F,C0,FE,63,
4350805487,000002C0,false,Rx,1,8,18,80,00,00,5F,C0,FE,73,
4350815318,000002C0,false,Rx,1,8,18,80,00,00,5F,C0,FE,83,
4350825486,000002C0,false,Rx,1,8,18,80,00,00,5F,C0,FE,93,
4350835318,000002C0,false,Rx,1,8,18,80,00,00,5F,C0,FE,A3,
4350845490,000002C0,false,Rx,1,8,18,80,00,00,5F,C0,FE,B3,
4350855318,000002C0,false,Rx,1,8,18,80,00,00,5F,C0,FE,C3,
4350865487,000002C0,false,Rx,1,8,18,80,00,00,5F,C0,FE,D3,
4350875322,000002C0,false,Rx,1,8,18,80,00,00,5F,C0,FE,E3,
4350885493,000002C0,false,Rx,1,8,18,80,00,00,5F,C0,FE,F3,
4350895322,000002C0,false,Rx,1,8,18,80,00,00,5F,C0,FE,03,
4350905490,000002C0,false,Rx,1,8,18,80,00,00,5F,C0,FE,13,
4350915322,000002C0,false,Rx,1,8,18,80,00,00,5F,C0,FE,23,
4350925490,000002C0,false,Rx,1,8,18,80,00,00,5F,C0,FE,33,
4350935322,000002C0,false,Rx,1,8,18,80,00,00,5F,C0,FE,43,
4350945725,000002C0,false,Rx,1,8,18,80,00,00,5F,C0,FE,53,
4350955323,000002C0,false,Rx,1,8,18,80,00,00,5F,C0,FE,63,
4350965495,000002C0,false,Rx,1,8,18,80,00,00,5F,C0,FE,73,
4350975325,000002C0,false,Rx,1,8,18,80,00,00,5F,C0,FE,83,
4350985507,000002C0,false,Rx,1,8,18,80,00,00,5F,C0,FE,93,
4350995330,000002C0,false,Rx,1,8,18,80,00,00,5F,C0,FE,A3,
4351005497,000002C0,false,Rx,1,8,18,80,00,00,5F,C0,FE,B3,
4351015326,000002C0,false,Rx,1,8,18,80,00,00,5F,C0,FE,C3,
4351025496,000002C0,false,Rx,1,8,18,80,00,00,5F,C0,FE,D3,
4351035328,000002C0,false,Rx,1,8,18,80,00,00,5F,C0,FE,E3,
4351045726,000002C0,false,Rx,1,8,18,80,00,00,5F,C0,FE,F3,
4351055330,000002C0,false,Rx,1,8,18,80,00,00,5F,C0,FE,03,
4351065497,000002C0,false,Rx,1,8,18,80,00,00,5F,C0,FE,13,
4351075329,000002C0,false,Rx,1,8,18,80,00,00,5F,C0,FE,23,
4351085518,000002C0,false,Rx,1,8,18,80,00,00,5F,C0,FE,33,
4351095330,000002C0,false,Rx,1,8,18,80,00,00,5F,C0,FE,43,
4351105499,000002C0,false,Rx,1,8,18,80,00,00,5F,C0,FE,53,
4351115331,000002C0,false,Rx,1,8,18,80,00,00,5F,C0,FE,63,
4351125503,000002C0,false,Rx,1,8,18,80,00,00,5F,C0,FE,73,
4351135333,000002C0,false,Rx,1,8,18,80,00,00,5F,C0,FE,83,
4351145726,000002C0,false,Rx,1,8,18,80,00,00,5F,C0,FE,93,
4351155335,000002C0,false,Rx,1,8,18,80,00,00,5F,C0,FE,A3,
4351165505,000002C0,false,Rx,1,8,18,80,00,00,5F,C0,FE,B3,
4351175333,000002C0,false,Rx,1,8,18,80,00,00,5F,C0,FE,C3,
4351185502,000002C0,false,Rx,1,8,18,80,00,00,5F,C0,FE,D3,
4351195342,000002C0,false,Rx,1,8,18,80,00,00,5F,C0,FE,E3,
4351205504,000002C0,false,Rx,1,8,18,80,00,00,5F,C0,FE,F3,
4351215340,000002C0,false,Rx,1,8,18,80,00,00,5F,C0,FE,03,
4351225515,000002C0,false,Rx,1,8,18,80,00,00,5F,C0,FE,13,
4351235336,000002C0,false,Rx,1,8,18,80,00,00,5F,C0,FE,23,
4351245728,000002C0,false,Rx,1,8,18,80,00,00,5F,C0,FE,33,
4351255338,000002C0,false,Rx,1,8,18,80,00,00,5F,C0,FE,43,
4351265507,000002C0,false,Rx,1,8,18,80,00,00,5F,C0,FE,53,
4351275338,000002C0,false,Rx,1,8,18,80,00,00,5F,C0,FE,63,
4351285512,000002C0,false,Rx,1,8,18,80,00,00,5F,C0,FE,73,
4351295344,000002C0,false,Rx,1,8,18,80,00,00,5F,C0,FE,83,
4351305509,000002C0,false,Rx,1,8,18,80,00,00,5F,C0,FE,93,
4351315343,000002C0,false,Rx,1,8,18,80,00,00,5F,C0,FE,A3,
4351325513,000002C0,false,Rx,1,8,18,80,00,00,5F,C0,FE,B3,
4351335341,000002C0,false,Rx,1,8,18,80,00,00,5F,C0,FE,C3,
4351345732,000002C0,false,Rx,1,8,18,80,00,00,5F,C0,FE,D3,
4351355344,000002C0,false,Rx,1,8,18,80,00,00,5F,C0,FE,E3,
4351365512,000002C0,false,Rx,1,8,18,80,00,00,5F,C0,FE,F3,
4351375346,000002C0,false,Rx,1,8,18,80,00,00,5F,C0,FE,03,
4351385513,000002C0,false,Rx,1,8,18,80,00,00,5F,C0,FE,13,
4351395350,000002C0,false,Rx,1,8,18,80,00,00,5F,C0,FE,23,
4351405516,000002C0,false,Rx,1,8,18,80,00,00,5F,C0,FE,33,
4351415349,000002C0,false,Rx,1,8,18,80,00,00,5F,C0,FE,43,
4351425515,000002C0,false,Rx,1,8,18,80,00,00,5F,C0,FE,53,
4351435347,000002C0,false,Rx,1,8,18,80,00,00,5F,C0,FE,63,
4351445729,000002C0,false,Rx,1,8,18,80,00,00,5F,C0,FE,73,
4351455350,000002C0,false,Rx,1,8,18,80,00,00,5F,C0,FE,83,
4351465518,000002C0,false,Rx,1,8,18,80,00,00,5F,C0,FE,93,
4351475350,000002C0,false,Rx,1,8,18,80,00,00,5F,C0,FE,A3,
4351485520,000002C0,false,Rx,1,8,18,80,00,00,5F,C0,FE,B3,
4351495369,000002C0,false,Rx,1,8,18,80,00,00,5F,C0,FE,C3,
4351505520,000002C0,false,Rx,1,8,18,80,00,00,5F,C0,FE,D3,
4351515354,000002C0,false,Rx,1,8,18,80,00,00,5F,C0,FE,E3,
4351525521,000002C0,false,Rx,1,8,18,80,00,00,5F,C0,FE,F3,
4351535354,000002C0,false,Rx,1,8,18,80,00,00,5F,C0,FE,03,
4351545726,000002C0,false,Rx,1,8,18,80,00,00,5F,C0,FE,13,
4351555352,000002C0,false,Rx,1,8,18,80,00,00,5F,C0,FE,23,
4351565522,000002C0,false,Rx,1,8,18,80,00,00,5F,C0,FE,33,
4351575354,000002C0,false,Rx,1,8,18,80,00,00,5F,C0,FE,43,
4351585524,000002C0,false,Rx,1,8,18,80,00,00,5F,C0,FE,53,
4351595355,000002C0,false,Rx,1,8,18,80,00,00,5F,C0,FE,63,
4351605530,000002C0,false,Rx,1,8,18,80,00,00,5F,C0,FE,73,
4351615359,000002C0,false,Rx,1,8,18,80,00,00,5F,C0,FE,83,
4351625525,000002C0,false,Rx,1,8,18,80,00,00,5F,C0,FE,93,
4351635358,000002C0,false,Rx,1,8,18,80,00,00,5F,C0,FE,A3,
4351645728,000002C0,false,Rx,1,8,18,80,00,00,5F,C0,FE,B3,
4351655358,000002C0,false,Rx,1,8,18,80,00,00,5F,C0,FE,C3,
4351665527,000002C0,false,Rx,1,8,18,80,00,00,5F,C0,FE,D3,
4351675362,000002C0,false,Rx,1,8,18,80,00,00,5F,C0,FE,E3,
4351685529,000002C0,false,Rx,1,8,18,80,00,00,5F,C0,FE,F3,
4351695361,000002C0,false,Rx,1,8,18,80,00,00,5F,C0,FE,03,
4351705532,000002C0,false,Rx,1,8,18,80,00,00,5F,C0,FE,13,
4351715363,000002C0,false,Rx,1,8,18,80,00,00,5F,C0,FE,23,
4351725536,000002C0,false,Rx,1,8,18,80,00,00,5F,C0,FE,33,
4351735362,000002C0,false,Rx,1,8,18,80,00,00,5F,C0,FE,43,
4351745725,000002C0,false,Rx,1,8,18,80,00,00,5F,C0,FE,53,
4351755364,000002C0,false,Rx,1,8,18,80,00,00,5F,C0,FE,63,
4351765535,000002C0,false,Rx,1,8,18,80,00,00,5F,C0,FE,73,
4351775365,000002C0,false,Rx,1,8,18,80,00,00,5F,C0,FE,83,
4351785533,000002C0,false,Rx,1,8,18,80,00,00,5F,C0,FE,93,
4351795368,000002C0,false,Rx,1,8,18,80,00,00,5F,C0,FE,A3,
4351805547,000002C0,false,Rx,1,8,18,80,00,00,5F,C0,FE,B3,
4351815368,000002C0,false,Rx,1,8,18,80,00,00,5F,C0,FE,C3,
4351825536,000002C0,false,Rx,1,8,18,80,00,00,5F,C0,FE,D3,
4351835368,000002C0,false,Rx,1,8,18,80,00,00,5F,C0,FE,E3,
4351845726,000002C0,false,Rx,1,8,18,80,00,00,5F,C0,FE,F3,
4351855370,000002C0,false,Rx,1,8,18,80,00,00,5F,C0,FE,03,
4351865537,000002C0,false,Rx,1,8,18,80,00,00,5F,C0,FE,13,
4351875368,000002C0,false,Rx,1,8,18,80,00,00,5F,C0,FE,23,
4351885539,000002C0,false,Rx,1,8,18,80,00,00,5F,C0,FE,33,
4351895370,000002C0,false,Rx,1,8,18,80,00,00,5F,C0,FE,43,
4351905550,000002C0,false,Rx,1,8,18,80,00,00,5F,C0,FE,53,
4351915372,000002C0,false,Rx,1,8,18,80,00,00,5F,C0,FE,63,
4351925544,000002C0,false,Rx,1,8,18,80,00,00,5F,C0,FE,73,
4351935373,000002C0,false,Rx,1,8,18,80,00,00,5F,C0,FE,83,
4351945726,000002C0,false,Rx,1,8,18,80,00,00,5F,C0,FE,93,
4351955374,000002C0,false,Rx,1,8,18,80,00,00,5F,C0,FE,A3,
4351965545,000002C0,false,Rx,1,8,18,80,00,00,5F,C0,FE,B3,
4351975374,000002C0,false,Rx,1,8,18,80,00,00,5F,C0,FE,C3,
4351985543,000002C0,false,Rx,1,8,18,80,00,00,5F,C0,FE,D3,
4351995376,000002C0,false,Rx,1,8,18,80,00,00,5F,C0,FE,E3,
4352005559,000002C0,false,Rx,1,8,18,80,00,00,5F,C0,FE,F3,
4352015380,000002C0,false,Rx,1,8,18,80,00,00,5F,C0,FE,03,
4352025545,000002C0,false,Rx,1,8,18,80,00,00,5F,C0,FE,13,
4352035376,000002C0,false,Rx,1,8,18,80,00,00,5F,C0,FE,23,
4352045725,000002C0,false,Rx,1,8,18,80,00,00,5F,C0,FE,33,
4352055378,000002C0,false,Rx,1,8,18,80,00,00,5F,C0,FE,43,
4352065547,000002C0,false,Rx,1,8,18,80,00,00,5F,C0,FE,53,
4352075378,000002C0,false,Rx,1,8,18,80,00,00,5F,C0,FE,63,
4352085551,000002C0,false,Rx,1,8,18,80,00,00,5F,C0,FE,73,
4352095382,000002C0,false,Rx,1,8,18,80,00,00,5F,C0,FE,83,
4352105550,000002C0,false,Rx,1,8,18,80,00,00,5F,C0,FE,93,
4352115388,000002C0,false,Rx,1,8,18,80,00,00,5F,C0,FE,A3,
4352125552,000002C0,false,Rx,1,8,18,80,00,00,5F,C0,FE,B3,
4352135382,000002C0,false,Rx,1,8,18,80,00,00,5F,C0,FE,C3,
4352145725,000002C0,false,Rx,1,8,18,80,00,00,5F,C0,FE,D3,
4352155385,000002C0,false,Rx,1,8,18,80,00,00,5F,C0,FE,E3,
4352165552,000002C0,false,Rx,1,8,18,80,00,00,5F,C0,FE,F3,
4352175386,000002C0,false,Rx,1,8,18,80,00,00,5F,C0,FE,03,
4352185553,000002C0,false,Rx,1,8,18,80,00,00,5F,C0,FE,13,
4352195384,000002C0,false,Rx,1,8,18,80,00,00,5F,C0,FE,23,
4352205554,000002C0,false,Rx,1,8,18,80,00,00,5F,C0,FE,33,
4352215388,000002C0,false,Rx,1,8,18,80,00,00,5F,C0,FE,43,
4352225562,000002C0,false,Rx,1,8,18,80,00,00,5F,C0,FE,53,
4352235386,000002C0,false,Rx,1,8,18,80,00,00,5F,C0,FE,63,
4352245729,000002C0,false,Rx,1,8,18,80,00,00,5F,C0,FE,73,
4352255390,000002C0,false,Rx,1,8,18,80,00,00,5F,C0,FE,83,
4352265557,000002C0,false,Rx,1,8,18,80,00,00,5F,C0,FE,93,
4352275390,000002C0,false,Rx,1,8,18,80,00,00,5F,C0,FE,A3,
4352285560,000002C0,false,Rx,1,8,18,80,00,00,5F,C0,FE,B3,
4352295388,000002C0,false,Rx,1,8,18,80,00,00,5F,C0,FE,C3,
4352305565,000002C0,false,Rx,1,8,18,80,00,00,5F,C0,FE,D3,
4352315418,000002C0,false,Rx,1,8,18,80,00,00,5F,C0,FE,E3,
4352325561,000002C0,false,Rx,1,8,18,80,00,00,5F,C0,FE,F3,
4352335394,000002C0,false,Rx,1,8,18,80,00,00,5F,C0,FE,03,
4352345725,000002C0,false,Rx,1,8,18,80,00,00,5F,C0,FE,13,
4352355391,000002C0,false,Rx,1,8,18,80,00,00,5F,C0,FE,23,
4352365563,000002C0,false,Rx,1,8,18,80,00,00,5F,C0,FE,33,
4352375393,000002C0,false,Rx,1,8,18,80,00,00,5F,C0,FE,43,
4352385564,000002C0,false,Rx,1,8,18,80,00,00,5F,C0,FE,53,
4352395398,000002C0,false,Rx,1,8,18,80,00,00,5F,C0,FE,63,
4352405567,000002C0,false,Rx,1,8,18,80,00,00,5F,C0,FE,73,
4352415406,000002C0,false,Rx,1,8,18,80,00,00,5F,C0,FE,83,
4352425565,000002C0,false,Rx,1,8,18,80,00,00,5F,C0,FE,93,
4352435398,000002C0,false,Rx,1,8,18,80,00,00,5F,C0,FE,A3,
4352445728,000002C0,false,Rx,1,8,18,80,00,00,5F,C0,FE,B3,
4352455398,000002C0,false,Rx,1,8,18,80,00,00,5F,C0,FE,C3,
4352465567,000002C0,false,Rx,1,8,18,80,00,00,5F,C0,FE,D3,
4352475400,000002C0,false,Rx,1,8,18,80,00,00,5F,C0,FE,E3,
4352485568,000002C0,false,Rx,1,8,18,80,00,00,5F,C0,FE,F3,
4352495406,000002C0,false,Rx,1,8,18,80,00,00,5F,C0,FE,03,
4352505568,000002C0,false,Rx,1,8,18,80,00,00,5F,C0,FE,13,
4352515402,000002C0,false,Rx,1,8,18,80,00,00,5F,C0,FE,23,
4352525576,000002C0,false,Rx,1,8,18,80,00,00,5F,C0,FE,33,
4352535402,000002C0,false,Rx,1,8,18,80,00,00,5F,C0,FE,43,
4352545725,000002C0,false,Rx,1,8,18,80,00,00,5F,C0,FE,53,
4352555401,000002C0,false,Rx,1,8,18,80,00,00,5F,C0,FE,63,
4352565575,000002C0,false,Rx,1,8,18,80,00,00,5F,C0,FE,73,
4352575406,000002C0,false,Rx,1,8,18,80,00,00,5F,C0,FE,83,
4352585574,000002C0,false,Rx,1,8,18,80,00,00,5F,C0,FE,93,
4352595409,000002C0,false,Rx,1,8,18,80,00,00,5F,C0,FE,A3,
4352605577,000002C0,false,Rx,1,8,18,80,00,00,5F,C0,FE,B3,
4352615407,000002C0,false,Rx,1,8,18,80,00,00,5F,C0,FE,C3,
4352625578,000002C0,false,Rx,1,8,18,80,00,00,5F,C0,FE,D3,
4352635409,000002C0,false,Rx,1,8,18,80,00,00,5F,C0,FE,E3,
4352645737,000002C0,false,Rx,1,8,18,80,00,00,5F,C0,FE,F3,
4352655409,000002C0,false,Rx,1,8,18,80,00,00,5F,C0,FE,03,
4352665576,000002C0,false,Rx,1,8,18,80,00,00,5F,C0,FE,13,
4352675409,000002C0,false,Rx,1,8,18,80,00,00,5F,C0,FE,23,
4352685578,000002C0,false,Rx,1,8,18,80,00,00,5F,C0,FE,33,
4352695410,000002C0,false,Rx,1,8,18,80,00,00,5F,C0,FE,43,
4352705578,000002C0,false,Rx,1,8,18,80,00,00,5F,C0,FE,53,
4352715410,000002C0,false,Rx,1,8,18,80,00,00,5E,C0,FE,63,
4352725590,000002C0,false,Rx,1,8,18,80,00,00,5E,C0,FE,73,
4352735412,000002C0,false,Rx,1,8,18,80,00,00,5E,C0,FE,83,
4352745727,000002C0,false,Rx,1,8,18,80,00,00,5E,C0,FE,93,
4352755411,000002C0,false,Rx,1,8,18,80,00,00,5E,C0,FE,A3,
4352765584,000002C0,false,Rx,1,8,18,80,00,00,5E,C0,FE,B3,
4352775413,000002C0,false,Rx,1,8,18,80,00,00,5E,C0,FE,C3,
4352785580,000002C0,false,Rx,1,8,18,80,00,00,5E,C0,FE,D3,
4352795415,000002C0,false,Rx,1,8,18,80,00,00,5E,C0,FE,E3,
4352805583,000002C0,false,Rx,1,8,18,80,00,00,5E,C0,FE,F3,
4352815415,000002C0,false,Rx,1,8,18,80,00,00,5E,C0,FE,03,
4352825589,000002C0,false,Rx,1,8,18,80,00,00,5E,C0,FE,13,
4352835416,000002C0,false,Rx,1,8,18,80,00,00,5E,C0,FE,23,
4352845727,000002C0,false,Rx,1,8,18,80,00,00,5E,C0,FE,33,
4352855417,000002C0,false,Rx,1,8,18,80,00,00,5E,C0,FE,43,
4352865588,000002C0,false,Rx,1,8,18,80,00,00,5E,C0,FE,53,
4352875416,000002C0,false,Rx,1,8,18,80,00,00,5E,C0,FE,63,
4352885586,000002C0,false,Rx,1,8,18,80,00,00,5E,C0,FE,73,
4352895422,000002C0,false,Rx,1,8,18,80,00,00,5E,C0,FE,83,
4352905587,000002C0,false,Rx,1,8,18,80,00,00,5E,C0,FE,93,
4352915419,000002C0,false,Rx,1,8,18,80,00,00,5E,C0,FE,A3,
4352925591,000002C0,false,Rx,1,8,18,80,00,00,5E,C0,FE,B3,
4352935423,000002C0,false,Rx,1,8,18,80,00,00,5E,C0,FE,C3,
4352945727,000002C0,false,Rx,1,8,18,80,00,00,5E,C0,FE,D3,
4352955419,000002C0,false,Rx,1,8,18,80,00,00,5E,C0,FE,E3,
4352965593,000002C0,false,Rx,1,8,18,80,00,00,5E,C0,FE,F3,
4352975423,000002C0,false,Rx,1,8,18,80,00,00,5E,C0,FE,03,
4352985590,000002C0,false,Rx,1,8,18,80,00,00,5E,C0,FE,13,
4352995428,000002C0,false,Rx,1,8,18,80,00,00,5E,C0,FE,23,
4353005591,000002C0,false,Rx,1,8,18,80,00,00,5E,C0,FE,33,
4353015427,000002C0,false,Rx,1,8,18,80,00,00,5E,C0,FE,43,
4353025597,000002C0,false,Rx,1,8,18,80,00,00,5E,C0,FE,53,
4353035431,000002C0,false,Rx,1,8,18,80,00,00,5E,C0,FE,63,
4353045726,000002C0,false,Rx,1,8,18,80,00,00,5E,C0,FE,73,
4353055426,000002C0,false,Rx,1,8,18,80,00,00,5E,C0,FE,83,
4353065595,000002C0,false,Rx,1,8,18,80,00,00,5E,C0,FE,93,
4353075426,000002C0,false,Rx,1,8,18,80,00,00,5E,C0,FE,A3,
4353085599,000002C0,false,Rx,1,8,18,80,00,00,5E,C0,FE,B3,
4353095432,000002C0,false,Rx,1,8,18,80,00,00,5E,C0,FE,C3,
4353105596,000002C0,false,Rx,1,8,18,80,00,00,5E,C0,FE,D3,
4353115428,000002C0,false,Rx,1,8,18,80,00,00,5E,C0,FE,E3,
4353125600,000002C0,false,Rx,1,8,18,80,00,00,5E,C0,FE,F3,
4353135436,000002C0,false,Rx,1,8,18,80,00,00,5E,C0,FE,03,
4353145725,000002C0,false,Rx,1,8,18,80,00,00,5E,C0,FE,13,
4353155433,000002C0,false,Rx,1,8,18,80,00,00,5E,C0,FE,23,
4353165599,000002C0,false,Rx,1,8,18,80,00,00,5E,C0,FE,33,
4353175433,000002C0,false,Rx,1,8,18,80,00,00,5E,C0,FE,43,
4353185604,000002C0,false,Rx,1,8,18,80,00,00,5E,C0,FE,53,
4353195433,000002C0,false,Rx,1,8,18,80,00,00,5E,C0,FE,63,
4353205601,000002C0,false,Rx,1,8,18,80,00,00,5E,C0,FE,73,
4353215437,000002C0,false,Rx,1,8,18,80,00,00,5E,C0,FE,83,
4353225606,000002C0,false,Rx,1,8,18,80,00,00,5E,C0,FE,93,
4353235447,000002C0,false,Rx,1,8,18,80,00,00,5E,C0,FE,A3,
4353245733,000002C0,false,Rx,1,8,18,80,00,00,5E,C0,FE,B3,
4353255437,000002C0,false,Rx,1,8,18,80,00,00,5E,C0,FE,C3,
4353265604,000002C0,false,Rx,1,8,18,80,00,00,5E,C0,FE,D3,
4353275435,000002C0,false,Rx,1,8,18,80,00,00,5E,C0,FE,E3,
4353285609,000002C0,false,Rx,1,8,18,80,00,00,5E,C0,FE,F3,
4353295441,000002C0,false,Rx,1,8,18,80,00,00,5E,C0,FE,03,
4353305606,000002C0,false,Rx,1,8,18,80,00,00,5E,C0,FE,13,
4353315442,000002C0,false,Rx,1,8,18,80,00,00,5E,C0,FE,23,
4353325608,000002C0,false,Rx,1,8,18,80,00,00,5E,C0,FE,33,
4353335440,000002C0,false,Rx,1,8,18,80,00,00,5E,C0,FE,43,
4353345731,000002C0,false,Rx,1,8,18,80,00,00,5E,C0,FE,53,
4353355439,000002C0,false,Rx,1,8,18,80,00,00,5E,C0,FE,63,
4353365609,000002C0,false,Rx,1,8,18,80,00,00,5E,C0,FE,73,
4353375443,000002C0,false,Rx,1,8,18,80,00,00,5E,C0,FE,83,
4353385611,000002C0,false,Rx,1,8,18,80,00,00,5E,C0,FE,93,
4353395444,000002C0,false,Rx,1,8,18,80,00,00,5E,C0,FE,A3,
4353405616,000002C0,false,Rx,1,8,18,80,00,00,5E,C0,FE,B3,
4353415446,000002C0,false,Rx,1,8,18,80,00,00,5E,C0,FE,C3,
4353425611,000002C0,false,Rx,1,8,18,80,00,00,5E,C0,FE,D3,
4353435444,000002C0,false,Rx,1,8,18,80,00,00,5E,C0,FE,E3,
4353445731,000002C0,false,Rx,1,8,18,80,00,00,5E,C0,FE,F3,
4353455447,000002C0,false,Rx,1,8,18,80,00,00,5E,C0,FE,03,
4353465614,000002C0,false,Rx,1,8,18,80,00,00,5E,C0,FE,13,
4353475449,000002C0,false,Rx,1,8,18,80,00,00,5E,C0,FE,23,
4353485616,000002C0,false,Rx,1,8,18,80,00,00,5E,C0,FE,33,
4353495452,000002C0,false,Rx,1,8,18,80,00,00,5E,C0,FE,43,
4353505621,000002C0,false,Rx,1,8,18,80,00,00,5E,C0,FE,53,
4353515449,000002C0,false,Rx,1,8,18,80,00,00,5E,C0,FE,63,
4353525617,000002C0,false,Rx,1,8,18,80,00,00,5E,C0,FE,73,
4353535451,000002C0,false,Rx,1,8,18,80,00,00,5E,C0,FE,83,
4353545732,000002C0,false,Rx,1,8,18,80,00,00,5E,C0,FE,93,
4353555449,000002C0,false,Rx,1,8,18,80,00,00,5E,C0,FE,A3,
4353565624,000002C0,false,Rx,1,8,18,80,00,00,5E,C0,FE,B3,
4353575452,000002C0,false,Rx,1,8,18,80,00,00,5E,C0,FE,C3,
4353585621,000002C0,false,Rx,1,8,18,80,00,00,5E,C0,FE,D3,
4353595454,000002C0,false,Rx,1,8,18,80,00,00,5E,C0,FE,E3,
4353605624,000002C0,false,Rx,1,8,18,80,00,00,5E,C0,FE,F3,
4353615456,000002C0,false,Rx,1,8,18,80,00,00,5E,C0,FE,03,
4353625622,000002C0,false,Rx,1,8,18,80,00,00,5E,C0,FE,13,
4353635456,000002C0,false,Rx,1,8,18,80,00,00,5E,C0,FE,23,
4353645728,000002C0,false,Rx,1,8,18,80,00,00,5E,C0,FE,33,
4353655456,000002C0,false,Rx,1,8,18,80,00,00,5E,C0,FE,43,
4353665627,000002C0,false,Rx,1,8,18,80,00,00,5E,C0,FE,53,
4353675457,000002C0,false,Rx,1,8,18,80,00,00,5E,C0,FE,63,
4353685625,000002C0,false,Rx,1,8,18,80,00,00,5E,C0,FE,73,
4353695461,000002C0,false,Rx,1,8,18,80,00,00,5E,C0,FE,83,
4353705627,000002C0,false,Rx,1,8,18,80,00,00,5E,C0,FE,93,
4353715459,000002C0,false,Rx,1,8,18,80,00,00,5E,C0,FE,A3,
4353725635,000002C0,false,Rx,1,8,18,80,00,00,5E,C0,FE,B3,
4353735460,000002C0,false,Rx,1,8,18,80,00,00,5E,C0,FE,C3,
4353745724,000002C0,false,Rx,1,8,18,80,00,00,5E,C0,FE,D3,
4353755460,000002C0,false,Rx,1,8,18,80,00,00,5E,C0,FE,E3,
4353765632,000002C0,false,Rx,1,8,18,80,00,00,5E,C0,FE,F3,
4353775463,000002C0,false,Rx,1,8,18,80,00,00,5E,C0,FE,03,
4353785630,000002C0,false,Rx,1,8,18,80,00,00,5E,C0,FE,13,
4353795465,000002C0,false,Rx,1,8,18,80,00,00,5E,C0,FE,23,
4353805632,000002C0,false,Rx,1,8,18,80,00,00,5E,C0,FE,33,
4353815466,000002C0,false,Rx,1,8,18,80,00,00,5E,C0,FE,43,
4353825635,000002C0,false,Rx,1,8,18,80,00,00,5E,C0,FE,53,
4353835464,000002C0,false,Rx,1,8,18,80,00,00,5E,C0,FE,63,
4353845723,000002C0,false,Rx,1,8,18,80,00,00,5E,C0,FE,73,
4353855469,000002C0,false,Rx,1,8,18,80,00,00,5E,C0,FE,83,
4353865635,000002C0,false,Rx,1,8,18,80,00,00,5E,C0,FE,93,
4353875466,000002C0,false,Rx,1,8,18,80,00,00,5E,C0,FE,A3,
4353885639,000002C0,false,Rx,1,8,18,80,00,00,5E,C0,FE,B3,
4353895470,000002C0,false,Rx,1,8,18,80,00,00,5E,C0,FE,C3,
4353905635,000002C0,false,Rx,1,8,18,80,00,00,5E,C0,FE,D3,
4353915469,000002C0,false,Rx,1,8,18,80,00,00,5E,C0,FE,E3,
4353925639,000002C0,false,Rx,1,8,18,80,00,00,5E,C0,FE,F3,
4353935471,000002C0,false,Rx,1,8,18,80,00,00,5E,C0,FE,03,
4353945732,000002C0,false,Rx,1,8,18,80,00,00,5E,C0,FE,13,
4353955475,000002C0,false,Rx,1,8,18,80,00,00,5E,C0,FE,23,
4353965640,000002C0,false,Rx,1,8,18,80,00,00,5E,C0,FE,33,
4353975473,000002C0,false,Rx,1,8,18,80,00,00,5E,C0,FE,43,
4353985643,000002C0,false,Rx,1,8,18,80,00,00,5E,C0,FE,53,
4353995473,000002C0,false,Rx,1,8,18,80,00,00,5E,C0,FE,63,
4354005641,000002C0,false,Rx,1,8,18,80,00,00,5E,C0,FE,73,
4354015474,000002C0,false,Rx,1,8,18,80,00,00,5E,C0,FE,83,
4354025642,000002C0,false,Rx,1,8,18,80,00,00,5E,C0,FE,93,
4354035472,000002C0,false,Rx,1,8,18,80,00,00,5E,C0,FE,A3,
4354045728,000002C0,false,Rx,1,8,18,80,00,00,5E,C0,FE,B3,
4354055495,000002C0,false,Rx,1,8,18,80,00,00,5E,C0,FE,C3,
4354065645,000002C0,false,Rx,1,8,18,80,00,00,5E,C0,FE,D3,
4354075476,000002C0,false,Rx,1,8,18,80,00,00,5E,C0,FE,E3,
4354085647,000002C0,false,Rx,1,8,18,80,00,00,5E,C0,FE,F3,
4354095480,000002C0,false,Rx,1,8,18,80,00,00,5E,C0,FE,03,
4354105646,000002C0,false,Rx,1,8,18,80,00,00,5E,C0,FE,13,
4354115480,000002C0,false,Rx,1,8,18,80,00,00,5E,C0,FE,23,
4354125648,000002C0,false,Rx,1,8,18,80,00,00,5E,C0,FE,33,
4354135480,000002C0,false,Rx,1,8,18,80,00,00,5E,C0,FE,43,
4354145727,000002C0,false,Rx,1,8,18,80,00,00,5E,C0,FE,53,
4354155479,000002C0,false,Rx,1,8,18,80,00,00,5E,C0,FE,63,
4354165650,000002C0,false,Rx,1,8,18,80,00,00,5E,C0,FE,73,
4354175483,000002C0,false,Rx,1,8,18,80,00,00,5E,C0,FE,83,
4354185650,000002C0,false,Rx,1,8,18,80,00,00,5E,C0,FE,93,
4354195483,000002C0,false,Rx,1,8,18,80,00,00,5E,C0,FE,A3,
4354205655,000002C0,false,Rx,1,8,18,80,00,00,5E,C0,FE,B3,
4354215485,000002C0,false,Rx,1,8,18,80,00,00,5E,C0,FE,C3,
4354225656,000002C0,false,Rx,1,8,18,80,00,00,5E,C0,FE,D3,
4354235483,000002C0,false,Rx,1,8,18,80,00,00,5E,C0,FE,E3,
4354245726,000002C0,false,Rx,1,8,18,80,00,00,5E,C0,FE,F3,
4354255486,000002C0,false,Rx,1,8,18,80,00,00,5E,C0,FE,03,
4354265655,000002C0,false,Rx,1,8,18,80,00,00,5E,C0,FE,13,
4354275491,000002C0,false,Rx,1,8,18,80,00,00,5E,C0,FE,23,
4354285656,000002C0,false,Rx,1,8,18,80,00,00,5E,C0,FE,33,
4354295490,000002C0,false,Rx,1,8,18,80,00,00,5E,C0,FE,43,
4354305670,000002C0,false,Rx,1,8,18,80,00,00,5E,C0,FE,53,
4354315490,000002C0,false,Rx,1,8,18,80,00,00,5E,C0,FE,63,
4354325657,000002C0,false,Rx,1,8,18,80,00,00,5E,C0,FE,73,
4354335490,000002C0,false,Rx,1,8,18,80,00,00,5E,C0,FE,83,
4354345723,000002C0,false,Rx,1,8,18,80,00,00,5E,C0,FE,93,
4354355490,000002C0,false,Rx,1,8,18,80,00,00,5E,C0,FE,A3,
4354365674,000002C0,false,Rx,1,8,18,80,00,00,5E,C0,FE,B3,
4354375492,000002C0,false,Rx,1,8,18,80,00,00,5E,C0,FE,C3,
4354385658,000002C0,false,Rx,1,8,18,80,00,00,5E,C0,FE,D3,
4354395724,000002C0,false,Rx,1,8,18,80,00,00,5E,C0,FE,E3,
4354405664,000002C0,false,Rx,1,8,18,80,00,00,5E,C0,FE,F3,
4354415496,000002C0,false,Rx,1,8,18,80,00,00,5E,C0,FE,03,
4354425661,000002C0,false,Rx,1,8,18,80,00,00,5E,C0,FE,13,
4354435495,000002C0,false,Rx,1,8,18,80,00,00,5E,C0,FE,23,
4354445723,000002C0,false,Rx,1,8,18,80,00,00,5E,C0,FE,33,
4354455495,000002C0,false,Rx,1,8,18,80,00,00,5E,C0,FE,43,
4354465677,000002C0,false,Rx,1,8,18,80,00,00,5E,C0,FE,53,
4354475503,000002C0,false,Rx,1,8,18,80,00,00,5E,C0,FE,63,
4354485664,000002C0,false,Rx,1,8,18,80,00,00,5E,C0,FE,73,
4354495729,000002C0,false,Rx,1,8,18,80,00,00,5E,C0,FE,83,
4354505666,000002C0,false,Rx,1,8,18,80,00,00,5E,C0,FE,93,
4354515499,000002C0,false,Rx,1,8,18,80,00,00,5E,C0,FE,A3,
4354525671,000002C0,false,Rx,1,8,18,80,00,00,5E,C0,FE,B3,
4354535500,000002C0,false,Rx,1,8,18,80,00,00,5E,C0,FE,C3,
4354545724,000002C0,false,Rx,1,8,18,80,00,00,5E,C0,FE,D3,
4354555498,000002C0,false,Rx,1,8,18,80,00,00,5E,C0,FE,E3,
4354565687,000002C0,false,Rx,1,8,18,80,00,00,5E,C0,FE,F3,
4354575504,000002C0,false,Rx,1,8,18,80,00,00,5E,C0,FE,03,
4354585669,000002C0,false,Rx,1,8,18,80,00,00,5E,C0,FE,13,
4354595734,000002C0,false,Rx,1,8,18,80,00,00,5E,C0,FE,23,
4354605672,000002C0,false,Rx,1,8,18,80,00,00,5E,C0,FE,33,
4354615506,000002C0,false,Rx,1,8,18,80,00,00,5E,C0,FE,43,
4354625675,000002C0,false,Rx,1,8,18,80,00,00,5E,C0,FE,53,
4354635502,000002C0,false,Rx,1,8,18,80,00,00,5E,C0,FE,63,
4354645723,000002C0,false,Rx,1,8,18,80,00,00,5E,C0,FE,73,
4354655505,000002C0,false,Rx,1,8,18,80,00,00,5E,C0,FE,83,
4354665674,000002C0,false,Rx,1,8,18,80,00,00,5E,C0,FE,93,
4354675509,000002C0,false,Rx,1,8,18,80,00,00,5E,C0,FE,A3,
4354685678,000002C0,false,Rx,1,8,18,80,00,00,5E,C0,FE,B3,
4354695727,000002C0,false,Rx,1,8,18,80,00,00,5E,C0,FE,C3,
4354705674,000002C0,false,Rx,1,8,18,80,00,00,5E,C0,FE,D3,
4354715507,000002C0,false,Rx,1,8,18,80,00,00,5E,C0,FE,E3,
4354725684,000002C0,false,Rx,1,8,18,80,00,00,5E,C0,FE,F3,
4354735509,000002C0,false,Rx,1,8,18,80,00,00,5E,C0,FE,03,
4354745724,000002C0,false,Rx,1,8,18,80,00,00,5E,C0,FE,13,
4354755510,000002C0,false,Rx,1,8,18,80,00,00,5E,C0,FE,23,
4354765679,000002C0,false,Rx,1,8,18,80,00,00,5E,C0,FE,33,
4354775515,000002C0,false,Rx,1,8,18,80,00,00,5E,C0,FE,43,
4354785683,000002C0,false,Rx,1,8,18,80,00,00,5E,C0,FE,53,
4354795726,000002C0,false,Rx,1,8,18,80,00,00,5E,C0,FE,63,
4354805680,000002C0,false,Rx,1,8,18,80,00,00,5E,C0,FE,73,
4354815514,000002C0,false,Rx,1,8,18,80,00,00,5E,C0,FE,83,
4354825682,000002C0,false,Rx,1,8,18,80,00,00,5E,C0,FE,93,
4354835512,000002C0,false,Rx,1,8,18,80,00,00,5E,C0,FE,A3,
4354845727,000002C0,false,Rx,1,8,18,80,00,00,5E,C0,FE,B3,
4354855515,000002C0,false,Rx,1,8,18,80,00,00,5E,C0,FE,C3,
4354865682,000002C0,false,Rx,1,8,18,80,00,00,5E,C0,FE,D3,
4354875519,000002C0,false,Rx,1,8,18,80,00,00,5E,C0,FE,E3,
4354885686,000002C0,false,Rx,1,8,18,80,00,00,5E,C0,FE,F3,
4354895728,000002C0,false,Rx,1,8,18,80,00,00,5E,C0,FE,03,
4354905685,000002C0,false,Rx,1,8,18,80,00,00,5E,C0,FE,13,
4354915519,000002C0,false,Rx,1,8,18,80,00,00,5E,C0,FE,23,
4354925687,000002C0,false,Rx,1,8,18,80,00,00,5E,C0,FE,33,
4354935518,000002C0,false,Rx,1,8,18,80,00,00,5E,C0,FE,43,
4354945727,000002C0,false,Rx,1,8,18,80,00,00,5E,C0,FE,53,
4354955518,000002C0,false,Rx,1,8,18,80,00,00,5E,C0,FE,63,
4354965687,000002C0,false,Rx,1,8,18,80,00,00,5E,C0,FE,73,
4354975529,000002C0,false,Rx,1,8,18,80,00,00,5E,C0,FE,83,
4354985689,000002C0,false,Rx,1,8,18,80,00,00,5E,C0,FE,93,
4354995732,000002C0,false,Rx,1,8,18,80,00,00,5E,C0,FE,A3,
4355005694,000002C0,false,Rx,1,8,18,80,00,00,5E,C0,FE,B3,
4355015524,000002C0,false,Rx,1,8,18,80,00,00,5E,C0,FE,C3,
4355025691,000002C0,false,Rx,1,8,18,80,00,00,5E,C0,FE,D3,
4355035521,000002C0,false,Rx,1,8,18,80,00,00,5E,C0,FE,E3,
4355045727,000002C0,false,Rx,1,8,18,80,00,00,5E,C0,FE,F3,
4355055525,000002C0,false,Rx,1,8,18,80,00,00,5E,C0,FE,03,
4355065692,000002C0,false,Rx,1,8,18,80,00,00,5E,C0,FE,13,
4355075527,000002C0,false,Rx,1,8,18,80,00,00,5E,C0,FE,23,
4355085699,000002C0,false,Rx,1,8,18,80,00,00,5E,C0,FE,33,
4355095732,000002C0,false,Rx,1,8,18,80,00,00,5E,C0,FE,43,
4355105698,000002C0,false,Rx,1,8,18,80,00,00,5E,C0,FE,53,
4355115526,000002C0,false,Rx,1,8,18,80,00,00,5E,C0,FE,63,
4355125696,000002C0,false,Rx,1,8,18,80,00,00,5E,C0,FE,73,
4355135530,000002C0,false,Rx,1,8,18,80,00,00,5E,C0,FE,83,
4355145723,000002C0,false,Rx,1,8,18,80,00,00,5E,C0,FE,93,
4355155528,000002C0,false,Rx,1,8,18,80,00,00,5E,C0,FE,A3,
4355165701,000002C0,false,Rx,1,8,18,80,00,00,5E,C0,FE,B3,
4355175532,000002C0,false,Rx,1,8,18,80,00,00,5E,C0,FE,C3,
4355185702,000002C0,false,Rx,1,8,18,80,00,00,5E,C0,FE,D3,
4355195729,000002C0,false,Rx,1,8,18,80,00,00,5E,C0,FE,E3,
4355205701,000002C0,false,Rx,1,8,18,80,00,00,5E,C0,FE,F3,
4355215535,000002C0,false,Rx,1,8,18,80,00,00,5E,C0,FE,03,
4355225707,000002C0,false,Rx,1,8,18,80,00,00,5E,C0,FE,13,
4355235535,000002C0,false,Rx,1,8,18,80,00,00,5E,C0,FE,23,
4355245731,000002C0,false,Rx,1,8,18,80,00,00,5E,C0,FE,33,
4355255535,000002C0,false,Rx,1,8,18,80,00,00,5E,C0,FE,43,
4355265706,000002C0,false,Rx,1,8,18,80,00,00,5E,C0,FE,53,
4355275533,000002C0,false,Rx,1,8,18,80,00,00,5E,C0,FE,63,
4355285714,000002C0,false,Rx,1,8,18,80,00,00,5E,C0,FE,73,
4355295732,000002C0,false,Rx,1,8,18,80,00,00,5E,C0,FE,83,
4355305704,000002C0,false,Rx,1,8,18,80,00,00,5E,C0,FE,93,
4355315536,000002C0,false,Rx,1,8,18,80,00,00,5E,C0,FE,A3,
4355325710,000002C0,false,Rx,1,8,18,80,00,00,5E,C0,FE,B3,
4355335538,000002C0,false,Rx,1,8,18,80,00,00,5E,C0,FE,C3,
4355345723,000002C0,false,Rx,1,8,18,80,00,00,5E,C0,FE,D3,
4355355538,000002C0,false,Rx,1,8,18,80,00,00,5E,C0,FE,E3,
4355365709,000002C0,false,Rx,1,8,18,80,00,00,5E,C0,FE,F3,
4355375541,000002C0,false,Rx,1,8,18,80,00,00,5E,C0,FE,03,
4355385774,000002C0,false,Rx,1,8,18,80,00,00,5E,C0,FE,13,
4355395731,000002C0,false,Rx,1,8,18,80,00,00,5E,C0,FE,23,
4355405709,000002C0,false,Rx,1,8,18,80,00,00,5E,C0,FE,33,
4355415543,000002C0,false,Rx,1,8,18,80,00,00,5E,C0,FE,43,
4355425715,000002C0,false,Rx,1,8,18,80,00,00,5E,C0,FE,53,
4355435541,000002C0,false,Rx,1,8,18,80,00,00,5E,C0,FE,63,
4355445725,000002C0,false,Rx,1,8,18,80,00,00,5E,C0,FE,73,
4355455545,000002C0,false,Rx,1,8,18,80,00,00,5E,C0,FE,83,
4355465712,000002C0,false,Rx,1,8,18,80,00,00,5E,C0,FE,93,
4355475544,000002C0,false,Rx,1,8,18,80,00,00,5E,C0,FE,A3,
4355485718,000002C0,false,Rx,1,8,18,80,00,00,5E,C0,FE,B3,
4355495734,000002C0,false,Rx,1,8,18,80,00,00,5E,C0,FE,C3,
4355505714,000002C0,false,Rx,1,8,18,80,00,00,5E,C0,FE,D3,
4355515547,000002C0,false,Rx,1,8,18,80,00,00,5E,C0,FE,E3,
4355525717,000002C0,false,Rx,1,8,18,80,00,00,5E,C0,FE,F3,
4355535548,000002C0,false,Rx,1,8,18,80,00,00,5E,C0,FE,03,
4355545723,000002C0,false,Rx,1,8,18,80,00,00,5E,C0,FE,13,
4355555550,000002C0,false,Rx,1,8,18,80,00,00,5E,C0,FE,23,
4355565718,000002C0,false,Rx,1,8,18,80,00,00,5E,C0,FE,33,
4355575550,000002C0,false,Rx,1,8,18,80,00,00,5E,C0,FE,43,
4355585721,000002C0,false,Rx,1,8,18,80,00,00,5E,C0,FE,53,
4355595732,000002C0,false,Rx,1,8,18,80,00,00,5E,C0,FE,63,
4355605720,000002C0,false,Rx,1,8,18,80,00,00,5E,C0,FE,73,
4355615553,000002C0,false,Rx,1,8,18,80,00,00,5E,C0,FE,83,
4355625721,000002C0,false,Rx,1,8,18,80,00,00,5E,C0,FE,93,
4355635551,000002C0,false,Rx,1,8,18,80,00,00,5E,C0,FE,A3,
4355645729,000002C0,false,Rx,1,8,18,80,00,00,5E,C0,FE,B3,
4355655555,000002C0,false,Rx,1,8,18,80,00,00,5E,C0,FE,C3,
4355665722,000002C0,false,Rx,1,8,18,80,00,00,5E,C0,FE,D3,
4355675553,000002C0,false,Rx,1,8,18,80,00,00,5E,C0,FE,E3,
4355685726,000002C0,false,Rx,1,8,18,80,00,00,5E,C0,FE,F3,
4355695732,000002C0,false,Rx,1,8,18,80,00,00,5E,C0,FE,03,
4355705724,000002C0,false,Rx,1,8,18,80,00,00,5E,C0,FE,13,
4355715559,000002C0,false,Rx,1,8,18,80,00,00,5E,C0,FE,23,
4355725731,000002C0,false,Rx,1,8,18,80,00,00,5E,C0,FE,33,
4355735558,000002C0,false,Rx,1,8,18,80,00,00,5E,C0,FE,43,
4355745729,000002C0,false,Rx,1,8,18,80,00,00,5E,C0,FE,53,
4355755557,000002C0,false,Rx,1,8,18,80,00,00,5E,C0,FE,63,
4355765727,000002C0,false,Rx,1,8,18,80,00,00,5E,C0,FE,73,
4355775561,000002C0,false,Rx,1,8,18,80,00,00,5E,C0,FE,83,
4355785728,000002C0,false,Rx,1,8,18,80,00,00,5E,C0,FE,93,
4355795731,000002C0,false,Rx,1,8,18,80,00,00,5E,C0,FE,A3,
4355805734,000002C0,false,Rx,1,8,18,80,00,00,5E,C0,FE,B3,
4355815565,000002C0,false,Rx,1,8,18,80,00,00,5E,C0,FE,C3,
4355825730,000002C0,false,Rx,1,8,18,80,00,00,5E,C0,FE,D3,
4355835561,000002C0,false,Rx,1,8,18,80,00,00,5E,C0,FE,E3,
4355845965,000002C0,false,Rx,1,8,18,80,00,00,5E,C0,FE,F3,
4355855565,000002C0,false,Rx,1,8,18,80,00,00,5E,C0,FE,03,
4355865732,000002C0,false,Rx,1,8,18,80,00,00,5E,C0,FE,13,
4355875565,000002C0,false,Rx,1,8,18,80,00,00,5E,C0,FE,23,
4355885732,000002C0,false,Rx,1,8,18,80,00,00,5E,C0,FE,33,
4355895735,000002C0,false,Rx,1,8,18,80,00,00,5E,C0,FE,43,
4355905738,000002C0,false,Rx,1,8,18,80,00,00,5E,C0,FE,53,
4355915568,000002C0,false,Rx,1,8,18,80,00,00,5E,C0,FE,63,
4355925737,000002C0,false,Rx,1,8,18,80,00,00,5E,C0,FE,73,
4355935568,000002C0,false,Rx,1,8,18,80,00,00,5E,C0,FE,83,
4355945961,000002C0,false,Rx,1,8,18,80,00,00,5E,C0,FE,93,
4355955568,000002C0,false,Rx,1,8,18,80,00,00,5E,C0,FE,A3,
4355965741,000002C0,false,Rx,1,8,18,80,00,00,5E,C0,FE,B3,
4355975570,000002C0,false,Rx,1,8,18,80,00,00,5E,C0,FE,C3,
4355985737,000002C0,false,Rx,1,8,18,80,00,00,5E,C0,FE,D3,
4355995726,000002C0,false,Rx,1,8,18,80,00,00,5E,C0,FE,E3,
4356005749,000002C0,false,Rx,1,8,18,80,00,00,5E,C0,FE,F3,
4356015574,000002C0,false,Rx,1,8,18,80,00,00,5E,C0,FE,03,
4356025739,000002C0,false,Rx,1,8,18,80,00,00,5E,C0,FE,13,
4356035573,000002C0,false,Rx,1,8,18,80,00,00,5E,C0,FE,23,
4356045963,000002C0,false,Rx,1,8,18,80,00,00,5E,C0,FE,33,
4356055575,000002C0,false,Rx,1,8,18,80,00,00,5E,C0,FE,43,
4356065746,000002C0,false,Rx,1,8,18,80,00,00,5E,C0,FE,53,
4356075574,000002C0,false,Rx,1,8,18,80,00,00,5D,C0,FE,63,
4356085744,000002C0,false,Rx,1,8,18,80,00,00,5D,C0,FE,73,
4356095729,000002C0,false,Rx,1,8,18,80,00,00,5D,C0,FE,83,
4356105759,000002C0,false,Rx,1,8,18,80,00,00,5D,C0,FE,93,
4356115581,000002C0,false,Rx,1,8,18,80,00,00,5D,C0,FE,A3,
4356125744,000002C0,false,Rx,1,8,18,80,00,00,5D,C0,FE,B3,
4356135576,000002C0,false,Rx,1,8,18,80,00,00,5D,C0,FE,C3,
4356145963,000002C0,false,Rx,1,8,18,80,00,00,5D,C0,FE,D3,
4356155576,000002C0,false,Rx,1,8,18,80,00,00,5D,C0,FE,E3,
4356165749,000002C0,false,Rx,1,8,18,80,00,00,5D,C0,FE,F3,
4356175580,000002C0,false,Rx,1,8,18,80,00,00,5D,C0,FE,03,
4356185747,000002C0,false,Rx,1,8,18,80,00,00,5D,C0,FE,13,
4356195728,000002C0,false,Rx,1,8,18,80,00,00,5D,C0,FE,23,
4356205762,000002C0,false,Rx,1,8,18,80,00,00,5D,C0,FE,33,
4356215586,000002C0,false,Rx,1,8,18,80,00,00,5D,C0,FE,43,
4356225755,000002C0,false,Rx,1,8,18,80,00,00,5D,C0,FE,53,
4356235583,000002C0,false,Rx,1,8,18,80,00,00,5D,C0,FE,63,
4356245965,000002C0,false,Rx,1,8,18,80,00,00,5D,C0,FE,73,
4356255583,000002C0,false,Rx,1,8,18,80,00,00,5D,C0,FE,83,
4356265754,000002C0,false,Rx,1,8,18,80,00,00,5D,C0,FE,93,
4356275587,000002C0,false,Rx,1,8,18,80,00,00,5D,C0,FE,A3,
4356285752,000002C0,false,Rx,1,8,18,80,00,00,5D,C0,FE,B3,
4356295727,000002C0,false,Rx,1,8,18,80,00,00,5D,C0,FE,C3,
4356305759,000002C0,false,Rx,1,8,18,80,00,00,5D,C0,FE,D3,
4356315604,000002C0,false,Rx,1,8,18,80,00,00,5D,C0,FE,E3,
4356325757,000002C0,false,Rx,1,8,18,80,00,00,5D,C0,FE,F3,
4356335586,000002C0,false,Rx,1,8,18,80,00,00,5D,C0,FE,03,
4356345962,000002C0,false,Rx,1,8,18,80,00,00,5D,C0,FE,13,
4356355588,000002C0,false,Rx,1,8,18,80,00,00,5D,C0,FE,23,
4356365759,000002C0,false,Rx,1,8,18,80,00,00,5D,C0,FE,33,
4356375592,000002C0,false,Rx,1,8,18,80,00,00,5D,C0,FE,43,
4356385757,000002C0,false,Rx,1,8,18,80,00,00,5D,C0,FE,53,
4356395726,000002C0,false,Rx,1,8,18,80,00,00,5D,C0,FE,63,
4356405760,000002C0,false,Rx,1,8,18,80,00,00,5D,C0,FE,73,
4356415598,000002C0,false,Rx,1,8,18,80,00,00,5D,C0,FE,83,
4356425761,000002C0,false,Rx,1,8,18,80,00,00,5D,C0,FE,93,
4356435595,000002C0,false,Rx,1,8,18,80,00,00,5D,C0,FE,A3,
4356445961,000002C0,false,Rx,1,8,18,80,00,00,5D,C0,FE,B3,
4356455591,000002C0,false,Rx,1,8,18,80,00,00,5D,C0,FE,C3,
4356465762,000002C0,false,Rx,1,8,18,80,00,00,5D,C0,FE,D3,
4356475593,000002C0,false,Rx,1,8,18,80,00,00,5D,C0,FE,E3,
4356485764,000002C0,false,Rx,1,8,18,80,00,00,5D,C0,FE,F3,
4356495732,000002C0,false,Rx,1,8,18,80,00,00,5D,C0,FE,03,
4356505762,000002C0,false,Rx,1,8,18,80,00,00,5D,C0,FE,13,
4356515605,000002C0,false,Rx,1,8,18,80,00,00,5D,C0,FE,23,
4356525769,000002C0,false,Rx,1,8,18,80,00,00,5D,C0,FE,33,
4356535599,000002C0,false,Rx,1,8,18,80,00,00,5D,C0,FE,43,
4356545970,000002C0,false,Rx,1,8,18,80,00,00,5D,C0,FE,53,
4356555598,000002C0,false,Rx,1,8,18,80,00,00,5D,C0,FE,63,
4356565767,000002C0,false,Rx,1,8,18,80,00,00,5D,C0,FE,73,
4356575602,000002C0,false,Rx,1,8,18,80,00,00,5D,C0,FE,83,
4356585769,000002C0,false,Rx,1,8,18,80,00,00,5D,C0,FE,93,
4356595728,000002C0,false,Rx,1,8,18,80,00,00,5D,C0,FE,A3,
4356605768,000002C0,false,Rx,1,8,18,80,00,00,5D,C0,FE,B3,
4356615606,000002C0,false,Rx,1,8,18,80,00,00,5D,C0,FE,C3,
4356625772,000002C0,false,Rx,1,8,18,80,00,00,5D,C0,FE,D3,
4356635601,000002C0,false,Rx,1,8,18,80,00,00,5D,C0,FE,E3,
4356645963,000002C0,false,Rx,1,8,18,80,00,00,5D,C0,FE,F3,
4356655603,000002C0,false,Rx,1,8,18,80,00,00,5D,C0,FE,03,
4356665770,000002C0,false,Rx,1,8,18,80,00,00,5D,C0,FE,13,
4356675603,000002C0,false,Rx,1,8,18,80,00,00,5D,C0,FE,23,
4356685776,000002C0,false,Rx,1,8,18,80,00,00,5D,C0,FE,33,
4356695727,000002C0,false,Rx,1,8,18,80,00,00,5D,C0,FE,43,
4356705772,000002C0,false,Rx,1,8,18,80,00,00,5D,C0,FE,53,
4356715607,000002C0,false,Rx,1,8,18,80,00,00,5D,C0,FE,63,
4356725781,000002C0,false,Rx,1,8,18,80,00,00,5D,C0,FE,73,
4356735608,000002C0,false,Rx,1,8,18,80,00,00,5D,C0,FE,83,
4356745966,000002C0,false,Rx,1,8,18,80,00,00,5D,C0,FE,93,
4356755610,000002C0,false,Rx,1,8,18,80,00,00,5D,C0,FE,A3,
4356765775,000002C0,false,Rx,1,8,18,80,00,00,5D,C0,FE,B3,
4356775606,000002C0,false,Rx,1,8,18,80,00,00,5D,C0,FE,C3,
4356785779,000002C0,false,Rx,1,8,18,80,00,00,5D,C0,FE,D3,
4356795724,000002C0,false,Rx,1,8,18,80,00,00,5D,C0,FE,E3,
4356805780,000002C0,false,Rx,1,8,18,80,00,00,5D,C0,FE,F3,
4356815611,000002C0,false,Rx,1,8,18,80,00,00,5D,C0,FE,03,
4356825782,000002C0,false,Rx,1,8,18,80,00,00,5D,C0,FE,13,
4356835612,000002C0,false,Rx,1,8,18,80,00,00,5D,C0,FE,23,
4356845967,000002C0,false,Rx,1,8,18,80,00,00,5D,C0,FE,33,
4356855615,000002C0,false,Rx,1,8,18,80,00,00,5D,C0,FE,43,
4356865780,000002C0,false,Rx,1,8,18,80,00,00,5D,C0,FE,53,
4356875613,000002C0,false,Rx,1,8,18,80,00,00,5D,C0,FE,63,
4356885784,000002C0,false,Rx,1,8,18,80,00,00,5D,C0,FE,73,
4356895727,000002C0,false,Rx,1,8,18,80,00,00,5D,C0,FE,83,
4356905784,000002C0,false,Rx,1,8,18,80,00,00,5D,C0,FE,93,
4356915619,000002C0,false,Rx,1,8,18,80,00,00,5D,C0,FE,A3,
4356925791,000002C0,false,Rx,1,8,18,80,00,00,5D,C0,FE,B3,
4356935616,000002C0,false,Rx,1,8,18,80,00,00,5D,C0,FE,C3,
4356945966,000002C0,false,Rx,1,8,18,80,00,00,5D,C0,FE,D3,
4356955616,000002C0,false,Rx,1,8,18,80,00,00,5D,C0,FE,E3,
4356965788,000002C0,false,Rx,1,8,18,80,00,00,5D,C0,FE,F3,
4356975618,000002C0,false,Rx,1,8,18,80,00,00,5D,C0,FE,03,
4356985785,000002C0,false,Rx,1,8,18,80,00,00,5D,C0,FE,13,
4356995729,000002C0,false,Rx,1,8,18,80,00,00,5D,C0,FE,23,
4357005791,000002C0,false,Rx,1,8,18,80,00,00,5D,C0,FE,33,
4357015623,000002C0,false,Rx,1,8,18,80,00,00,5D,C0,FE,43,
4357025804,000002C0,false,Rx,1,8,18,80,00,00,5D,C0,FE,53,
4357035622,000002C0,false,Rx,1,8,18,80,00,00,5D,C0,FE,63,
4357045967,000002C0,false,Rx,1,8,18,80,00,00,5D,C0,FE,73,
4357055623,000002C0,false,Rx,1,8,18,80,00,00,5D,C0,FE,83,
4357065792,000002C0,false,Rx,1,8,18,80,00,00,5D,C0,FE,93,
4357075626,000002C0,false,Rx,1,8,18,80,00,00,5D,C0,FE,A3,
4357085792,000002C0,false,Rx,1,8,18,80,00,00,5D,C0,FE,B3,
4357095725,000002C0,false,Rx,1,8,18,80,00,00,5D,C0,FE,C3,
4357105794,000002C0,false,Rx,1,8,18,80,00,00,5D,C0,FE,D3,
4357115624,000002C0,false,Rx,1,8,18,80,00,00,5D,C0,FE,E3,
4357125807,000002C0,false,Rx,1,8,18,80,00,00,5D,C0,FE,F3,
4357135633,000002C0,false,Rx,1,8,18,80,00,00,5D,C0,FE,03,
4357145965,000002C0,false,Rx,1,8,18,80,00,00,5D,C0,FE,13,
4357155628,000002C0,false,Rx,1,8,18,80,00,00,5D,C0,FE,23,
4357165799,000002C0,false,Rx,1,8,18,80,00,00,5D,C0,FE,33,
4357175630,000002C0,false,Rx,1,8,18,80,00,00,5D,C0,FE,43,
4357185797,000002C0,false,Rx,1,8,18,80,00,00,5D,C0,FE,53,
4357195734,000002C0,false,Rx,1,8,18,80,00,00,5D,C0,FE,63,
4357205800,000002C0,false,Rx,1,8,18,80,00,00,5D,C0,FE,73,
4357215632,000002C0,false,Rx,1,8,18,80,00,00,5D,C0,FE,83,
4357225806,000002C0,false,Rx,1,8,18,80,00,00,5D,C0,FE,93,
4357235638,000002C0,false,Rx,1,8,18,80,00,00,5D,C0,FE,A3,
4357245967,000002C0,false,Rx,1,8,18,80,00,00,5D,C0,FE,B3,
4357255631,000002C0,false,Rx,1,8,18,80,00,00,5D,C0,FE,C3,
4357265802,000002C0,false,Rx,1,8,18,80,00,00,5D,C0,FE,D3,
4357275631,000002C0,false,Rx,1,8,18,80,00,00,5D,C0,FE,E3,
4357285803,000002C0,false,Rx,1,8,18,80,00,00,5D,C0,FE,F3,
4357295727,000002C0,false,Rx,1,8,18,80,00,00,5D,C0,FE,03,
4357305802,000002C0,false,Rx,1,8,18,80,00,00,5D,C0,FE,13,
4357315636,000002C0,false,Rx,1,8,18,80,00,00,5D,C0,FE,23,
4357325808,000002C0,false,Rx,1,8,18,80,00,00,5D,C0,FE,33,
4357335645,000002C0,false,Rx,1,8,18,80,00,00,5D,C0,FE,43,
4357345963,000002C0,false,Rx,1,8,18,80,00,00,5D,C0,FE,53,
4357355638,000002C0,false,Rx,1,8,18,80,00,00,5D,C0,FE,63,
4357365807,000002C0,false,Rx,1,8,18,80,00,00,5D,C0,FE,73,
4357375637,000002C0,false,Rx,1,8,18,80,00,00,5D,C0,FE,83,
4357385808,000002C0,false,Rx,1,8,18,80,00,00,5D,C0,FE,93,
4357395728,000002C0,false,Rx,1,8,18,80,00,00,5D,C0,FE,A3,
4357405808,000002C0,false,Rx,1,8,18,80,00,00,5D,C0,FE,B3,
4357415639,000002C0,false,Rx,1,8,18,80,00,00,5D,C0,FE,C3,
4357425809,000002C0,false,Rx,1,8,18,80,00,00,5D,C0,FE,D3,
4357435650,000002C0,false,Rx,1,8,18,80,00,00,5D,C0,FE,E3,
4357445968,000002C0,false,Rx,1,8,18,80,00,00,5D,C0,FE,F3,
4357455642,000002C0,false,Rx,1,8,18,80,00,00,5D,C0,FE,03,
4357465810,000002C0,false,Rx,1,8,18,80,00,00,5D,C0,FE,13,
4357475643,000002C0,false,Rx,1,8,18,80,00,00,5D,C0,FE,23,
4357485814,000002C0,false,Rx,1,8,18,80,00,00,5D,C0,FE,33,
4357495732,000002C0,false,Rx,1,8,18,80,00,00,5D,C0,FE,43,
4357505812,000002C0,false,Rx,1,8,18,80,00,00,5D,C0,FE,53,
4357515647,000002C0,false,Rx,1,8,18,80,00,00,5D,C0,FE,63,
4357525815,000002C0,false,Rx,1,8,18,80,00,00,5D,C0,FE,73,
4357535658,000002C0,false,Rx,1,8,18,80,00,00,5D,C0,FE,83,
4357545969,000002C0,false,Rx,1,8,18,80,00,00,5D,C0,FE,93,
4357555648,000002C0,false,Rx,1,8,18,80,00,00,5D,C0,FE,A3,
4357565815,000002C0,false,Rx,1,8,18,80,00,00,5D,C0,FE,B3,
4357575646,000002C0,false,Rx,1,8,18,80,00,00,5D,C0,FE,C3,
4357585817,000002C0,false,Rx,1,8,18,80,00,00,5D,C0,FE,D3,
4357595724,000002C0,false,Rx,1,8,18,80,00,00,5D,C0,FE,E3,
4357605817,000002C0,false,Rx,1,8,18,80,00,00,5D,C0,FE,F3,
4357615651,000002C0,false,Rx,1,8,18,80,00,00,5D,C0,FE,03,
4357625817,000002C0,false,Rx,1,8,18,80,00,00,5D,C0,FE,13,
4357635651,000002C0,false,Rx,1,8,18,80,00,00,5D,C0,FE,23,
4357645974,000002C0,false,Rx,1,8,18,80,00,00,5D,C0,FE,33,
4357655653,000002C0,false,Rx,1,8,18,80,00,00,5D,C0,FE,43,
4357665820,000002C0,false,Rx,1,8,18,80,00,00,5D,C0,FE,53,
4357675652,000002C0,false,Rx,1,8,18,80,00,00,5D,C0,FE,63,
4357685822,000002C0,false,Rx,1,8,18,80,00,00,5D,C0,FE,73,
4357695726,000002C0,false,Rx,1,8,18,80,00,00,5D,C0,FE,83,
4357705824,000002C0,false,Rx,1,8,18,80,00,00,5D,C0,FE,93,
4357715658,000002C0,false,Rx,1,8,18,80,00,00,5D,C0,FE,A3,
4357725826,000002C0,false,Rx,1,8,18,80,00,00,5D,C0,FE,B3,
4357735654,000002C0,false,Rx,1,8,18,80,00,00,5D,C0,FE,C3,
4357745969,000002C0,false,Rx,1,8,18,80,00,00,5D,C0,FE,D3,
4357755654,000002C0,false,Rx,1,8,18,80,00,00,5D,C0,FE,E3,
4357765827,000002C0,false,Rx,1,8,18,80,00,00,5D,C0,FE,F3,
4357775657,000002C0,false,Rx,1,8,18,80,00,00,5D,C0,FE,03,
4357785824,000002C0,false,Rx,1,8,18,80,00,00,5D,C0,FE,13,
4357795726,000002C0,false,Rx,1,8,18,80,00,00,5D,C0,FE,23,
4357805830,000002C0,false,Rx,1,8,18,80,00,00,5D,C0,FE,33,
4357815662,000002C0,false,Rx,1,8,18,80,00,00,5D,C0,FE,43,
4357825827,000002C0,false,Rx,1,8,18,80,00,00,5D,C0,FE,53,
4357835659,000002C0,false,Rx,1,8,18,80,00,00,5D,C0,FE,63,
4357845980,000002C0,false,Rx,1,8,18,80,00,00,5D,C0,FE,73,
4357855661,000002C0,false,Rx,1,8,18,80,00,00,5D,C0,FE,83,
4357865830,000002C0,false,Rx,1,8,18,80,00,00,5D,C0,FE,93,
4357875665,000002C0,false,Rx,1,8,18,80,00,00,5D,C0,FE,A3,
4357885830,000002C0,false,Rx,1,8,18,80,00,00,5D,C0,FE,B3,
4357895725,000002C0,false,Rx,1,8,18,80,00,00,5D,C0,FE,C3,
4357905832,000002C0,false,Rx,1,8,18,80,00,00,5D,C0,FE,D3,
4357915663,000002C0,false,Rx,1,8,18,80,00,00,5D,C0,FE,E3,
4357925835,000002C0,false,Rx,1,8,18,80,00,00,5D,C0,FE,F3,
4357935664,000002C0,false,Rx,1,8,18,80,00,00,5D,C0,FE,03,
4357945965,000002C0,false,Rx,1,8,18,80,00,00,5D,C0,FE,13,
4357955666,000002C0,false,Rx,1,8,18,80,00,00,5D,C0,FE,23,
4357965838,000002C0,false,Rx,1,8,18,80,00,00,5D,C0,FE,33,
4357975668,000002C0,false,Rx,1,8,18,80,00,00,5D,C0,FE,43,
4357985835,000002C0,false,Rx,1,8,18,80,00,00,5D,C0,FE,53,
4357995732,000002C0,false,Rx,1,8,18,80,00,00,5D,C0,FE,63,
4358005838,000002C0,false,Rx,1,8,18,80,00,00,5D,C0,FE,73,
4358015670,000002C0,false,Rx,1,8,18,80,00,00,5D,C0,FE,83,
4358025839,000002C0,false,Rx,1,8,18,80,00,00,5D,C0,FE,93,
4358035671,000002C0,false,Rx,1,8,18,80,00,00,5D,C0,FE,A3,
4358045961,000002C0,false,Rx,1,8,18,80,00,00,5D,C0,FE,B3,
4358055672,000002C0,false,Rx,1,8,18,80,00,00,5D,C0,FE,C3,
4358065840,000002C0,false,Rx,1,8,18,80,00,00,5D,C0,FE,D3,
4358075670,000002C0,false,Rx,1,8,18,80,00,00,5D,C0,FE,E3,
4358085841,000002C0,false,Rx,1,8,18,80,00,00,5D,C0,FE,F3,
4358095729,000002C0,false,Rx,1,8,18,80,00,00,5D,C0,FE,03,
4358105840,000002C0,false,Rx,1,8,18,80,00,00,5D,C0,FE,13,
4358115682,000002C0,false,Rx,1,8,18,80,00,00,5D,C0,FE,23,
4358125846,000002C0,false,Rx,1,8,18,80,00,00,5D,C0,FE,33,
4358135676,000002C0,false,Rx,1,8,18,80,00,00,5D,C0,FE,43,
4358145961,000002C0,false,Rx,1,8,18,80,00,00,5D,C0,FE,53,
4358155682,000002C0,false,Rx,1,8,18,80,00,00,5D,C0,FE,63,
4358165845,000002C0,false,Rx,1,8,18,80,00,00,5D,C0,FE,73,
4358175680,000002C0,false,Rx,1,8,18,80,00,00,5D,C0,FE,83,
4358185847,000002C0,false,Rx,1,8,18,80,00,00,5D,C0,FE,93,
4358195728,000002C0,false,Rx,1,8,18,80,00,00,5D,C0,FE,A3,
4358205845,000002C0,false,Rx,1,8,18,80,00,00,5D,C0,FE,B3,
4358215677,000002C0,false,Rx,1,8,18,80,00,00,5D,C0,FE,C3,
4358225853,000002C0,false,Rx,1,8,18,80,00,00,5D,C0,FE,D3,
4358235677,000002C0,false,Rx,1,8,18,80,00,00,5D,C0,FE,E3,
4358245965,000002C0,false,Rx,1,8,18,80,00,00,5D,C0,FE,F3,
4358255686,000002C0,false,Rx,1,8,18,80,00,00,5D,C0,FE,03,
4358265847,000002C0,false,Rx,1,8,18,80,00,00,5D,C0,FE,13,
4358275681,000002C0,false,Rx,1,8,18,80,00,00,5D,C0,FE,23,
4358285854,000002C0,false,Rx,1,8,18,80,00,00,5D,C0,FE,33,
4358295728,000002C0,false,Rx,1,8,18,80,00,00,5D,C0,FE,43,
4358305850,000002C0,false,Rx,1,8,18,80,00,00,5D,C0,FE,53,
4358315689,000002C0,false,Rx,1,8,18,80,00,00,5D,C0,FE,63,
4358325854,000002C0,false,Rx,1,8,18,80,00,00,5D,C0,FE,73,
4358335684,000002C0,false,Rx,1,8,18,80,00,00,5D,C0,FE,83,
4358345963,000002C0,false,Rx,1,8,18,80,00,00,5D,C0,FE,93,
4358355698,000002C0,false,Rx,1,8,18,80,00,00,5D,C0,FE,A3,
4358365853,000002C0,false,Rx,1,8,18,80,00,00,5D,C0,FE,B3,
4358375687,000002C0,false,Rx,1,8,18,80,00,00,5D,C0,FE,C3,
4358385856,000002C0,false,Rx,1,8,18,80,00,00,5D,C0,FE,D3,
4358395723,000002C0,false,Rx,1,8,18,80,00,00,5D,C0,FE,E3,
4358405857,000002C0,false,Rx,1,8,18,80,00,00,5D,C0,FE,F3,
4358415689,000002C0,false,Rx,1,8,18,80,00,00,5D,C0,FE,03,
4358425856,000002C0,false,Rx,1,8,18,80,00,00,5D,C0,FE,13,
4358435689,000002C0,false,Rx,1,8,18,80,00,00,5D,C0,FE,23,
4358445967,000002C0,false,Rx,1,8,18,80,00,00,5D,C0,FE,33,
4358455692,000002C0,false,Rx,1,8,18,80,00,00,5D,C0,FE,43,
4358465860,000002C0,false,Rx,1,8,18,80,00,00,5D,C0,FE,53,
4358475693,000002C0,false,Rx,1,8,18,80,00,00,5D,C0,FE,63,
4358485860,000002C0,false,Rx,1,8,18,80,00,00,5D,C0,FE,73,
4358495743,000002C0,false,Rx,1,8,18,80,00,00,5D,C0,FE,83,
4358505862,000002C0,false,Rx,1,8,18,80,00,00,5D,C0,FE,93,
4358515696,000002C0,false,Rx,1,8,18,80,00,00,5D,C0,FE,A3,
4358525860,000002C0,false,Rx,1,8,18,80,00,00,5D,C0,FE,B3,
4358535692,000002C0,false,Rx,1,8,18,80,00,00,5D,C0,FE,C3,
4358545963,000002C0,false,Rx,1,8,18,80,00,00,5D,C0,FE,D3,
4358555694,000002C0,false,Rx,1,8,18,80,00,00,5D,C0,FE,E3,
4358565872,000002C0,false,Rx,1,8,18,80,00,00,5D,C0,FE,F3,
4358575697,000002C0,false,Rx,1,8,18,80,00,00,5D,C0,FE,03,
4358585862,000002C0,false,Rx,1,8,18,80,00,00,5D,C0,FE,13,
4358595726,000002C0,false,Rx,1,8,18,80,00,00,5D,C0,FE,23,
4358605868,000002C0,false,Rx,1,8,18,80,00,00,5D,C0,FE,33,
4358615701,000002C0,false,Rx,1,8,18,80,00,00,5D,C0,FE,43,
4358625865,000002C0,false,Rx,1,8,18,80,00,00,5D,C0,FE,53,
4358635699,000002C0,false,Rx,1,8,18,80,00,00,5D,C0,FE,63,
4358645963,000002C0,false,Rx,1,8,18,80,00,00,5D,C0,FE,73,
4358655699,000002C0,false,Rx,1,8,18,80,00,00,5D,C0,FE,83,
4358665883,000002C0,false,Rx,1,8,18,80,00,00,5D,C0,FE,93,
4358675703,000002C0,false,Rx,1,8,18,80,00,00,5D,C0,FE,A3,
4358685868,000002C0,false,Rx,1,8,18,80,00,00,5D,C0,FE,B3,
4358695723,000002C0,false,Rx,1,8,18,80,00,00,5D,C0,FE,C3,
4358705870,000002C0,false,Rx,1,8,18,80,00,00,5D,C0,FE,D3,
4358715701,000002C0,false,Rx,1,8,18,80,00,00,5D,C0,FE,E3,
4358725876,000002C0,false,Rx,1,8,18,80,00,00,5D,C0,FE,F3,
4358735704,000002C0,false,Rx,1,8,18,80,00,00,5D,C0,FE,03,
4358745962,000002C0,false,Rx,1,8,18,80,00,00,5D,C0,FE,13,
4358755704,000002C0,false,Rx,1,8,18,80,00,00,5D,C0,FE,23,
4358765887,000002C0,false,Rx,1,8,18,80,00,00,5D,C0,FE,33,
4358775708,000002C0,false,Rx,1,8,18,80,00,00,5D,C0,FE,43,
4358785873,000002C0,false,Rx,1,8,18,80,00,00,5D,C0,FE,53,
4358795726,000002C0,false,Rx,1,8,18,80,00,00,5D,C0,FE,63,
4358805876,000002C0,false,Rx,1,8,18,80,00,00,5D,C0,FE,73,
4358815708,000002C0,false,Rx,1,8,18,80,00,00,5D,C0,FE,83,
4358825877,000002C0,false,Rx,1,8,18,80,00,00,5D,C0,FE,93,
4358835709,000002C0,false,Rx,1,8,18,80,00,00,5D,C0,FE,A3,
4358845961,000002C0,false,Rx,1,8,18,80,00,00,5D,C0,FE,B3,
4358855707,000002C0,false,Rx,1,8,18,80,00,00,5D,C0,FE,C3,
4358865878,000002C0,false,Rx,1,8,18,80,00,00,5D,C0,FE,D3,
4358875714,000002C0,false,Rx,1,8,18,80,00,00,5D,C0,FE,E3,
4358885881,000002C0,false,Rx,1,8,18,80,00,00,5D,C0,FE,F3,
4358895742,000002C0,false,Rx,1,8,18,80,00,00,5D,C0,FE,03,
4358905879,000002C0,false,Rx,1,8,18,80,00,00,5D,C0,FE,13,
4358915713,000002C0,false,Rx,1,8,18,80,00,00,5D,C0,FE,23,
4358925885,000002C0,false,Rx,1,8,18,80,00,00,5D,C0,FE,33,
4358935716,000002C0,false,Rx,1,8,18,80,00,00,5D,C0,FE,43,
4358945962,000002C0,false,Rx,1,8,18,80,00,00,5D,C0,FE,53,
4358955714,000002C0,false,Rx,1,8,18,80,00,00,5D,C0,FE,63,
4358965884,000002C0,false,Rx,1,8,18,80,00,00,5D,C0,FE,73,
4358975719,000002C0,false,Rx,1,8,18,80,00,00,5D,C0,FE,83,
4358985885,000002C0,false,Rx,1,8,18,80,00,00,5D,C0,FE,93,
4358995738,000002C0,false,Rx,1,8,18,80,00,00,5D,C0,FE,A3,
4359005884,000002C0,false,Rx,1,8,18,80,00,00,5D,C0,FE,B3,
4359015716,000002C0,false,Rx,1,8,18,80,00,00,5D,C0,FE,C3,
4359025885,000002C0,false,Rx,1,8,18,80,00,00,5D,C0,FE,D3,
4359035716,000002C0,false,Rx,1,8,18,80,00,00,5D,C0,FE,E3,
4359045964,000002C0,false,Rx,1,8,18,80,00,00,5D,C0,FE,F3,
4359055719,000002C0,false,Rx,1,8,18,80,00,00,5D,C0,FE,03,
4359065886,000002C0,false,Rx,1,8,18,80,00,00,5D,C0,FE,13,
4359075723,000002C0,false,Rx,1,8,18,80,00,00,5D,C0,FE,23,
4359085891,000002C0,false,Rx,1,8,18,80,00,00,5D,C0,FE,33,
4359095735,000002C0,false,Rx,1,8,18,80,00,00,5D,C0,FE,43,
4359105888,000002C0,false,Rx,1,8,18,80,00,00,5D,C0,FE,53,
4359115723,000002C0,false,Rx,1,8,18,80,00,00,5D,C0,FE,63,
4359125893,000002C0,false,Rx,1,8,18,80,00,00,5D,C0,FE,73,
4359135723,000002C0,false,Rx,1,8,18,80,00,00,5D,C0,FE,83,
4359145972,000002C0,false,Rx,1,8,18,80,00,00,5D,C0,FE,93,
4359155726,000002C0,false,Rx,1,8,18,80,00,00,5D,C0,FE,A3,
4359165891,000002C0,false,Rx,1,8,18,80,00,00,5D,C0,FE,B3,
4359175732,000002C0,false,Rx,1,8,18,80,00,00,5D,C0,FE,C3,
4359185893,000002C0,false,Rx,1,8,18,80,00,00,5D,C0,FE,D3,
4359195729,000002C0,false,Rx,1,8,18,80,00,00,5D,C0,FE,E3,
4359205895,000002C0,false,Rx,1,8,18,80,00,00,5D,C0,FE,F3,
4359215727,000002C0,false,Rx,1,8,18,80,00,00,5D,C0,FE,03,
4359225899,000002C0,false,Rx,1,8,18,80,00,00,5D,C0,FE,13,
4359235728,000002C0,false,Rx,1,8,18,80,00,00,5D,C0,FE,23,
4359245967,000002C0,false,Rx,1,8,18,80,00,00,5D,C0,FE,33,
4359255730,000002C0,false,Rx,1,8,18,80,00,00,5D,C0,FE,43,
4359265896,000002C0,false,Rx,1,8,18,80,00,00,5D,C0,FE,53,
4359275729,000002C0,false,Rx,1,8,18,80,00,00,5D,C0,FE,63,
4359285900,000002C0,false,Rx,1,8,18,80,00,00,5D,C0,FE,73,
4359295733,000002C0,false,Rx,1,8,18,80,00,00,5D,C0,FE,83,
4359305900,000002C0,false,Rx,1,8,18,80,00,00,5D,C0,FE,93,
4359315734,000002C0,false,Rx,1,8,18,80,00,00,5D,C0,FE,A3,
4359325900,000002C0,false,Rx,1,8,18,80,00,00,5D,C0,FE,B3,
4359335730,000002C0,false,Rx,1,8,18,80,00,00,5D,C0,FE,C3,
4359345963,000002C0,false,Rx,1,8,18,80,00,00,5D,C0,FE,D3,
4359355731,000002C0,false,Rx,1,8,18,80,00,00,5D,C0,FE,E3,
4359365903,000002C0,false,Rx,1,8,18,80,00,00,5D,C0,FE,F3,
4359375735,000002C0,false,Rx,1,8,18,80,00,00,5D,C0,FE,03,
4359385903,000002C0,false,Rx,1,8,18,80,00,00,5D,C0,FE,13,
4359395968,000002C0,false,Rx,1,8,18,80,00,00,5D,C0,FE,23,
4359405907,000002C0,false,Rx,1,8,18,80,00,00,5D,C0,FE,33,
4359415739,000002C0,false,Rx,1,8,18,80,00,00,5D,C0,FE,43,
4359425903,000002C0,false,Rx,1,8,18,80,00,00,5D,C0,FE,53,
4359435737,000002C0,false,Rx,1,8,18,80,00,00,5D,C0,FE,63,
4359445965,000002C0,false,Rx,1,8,18,80,00,00,5D,C0,FE,73,
4359455738,000002C0,false,Rx,1,8,18,80,00,00,5D,C0,FE,83,
4359465908,000002C0,false,Rx,1,8,18,80,00,00,5D,C0,FE,93,
4359475741,000002C0,false,Rx,1,8,18,80,00,00,5D,C0,FE,A3,
4359485908,000002C0,false,Rx,1,8,18,80,00,00,5D,C0,FE,B3,
4359495970,000002C0,false,Rx,1,8,18,80,00,00,5D,C0,FE,C3,
4359505910,000002C0,false,Rx,1,8,18,80,00,00,5D,C0,FE,D3,
4359515740,000002C0,false,Rx,1,8,18,80,00,00,5D,C0,FE,E3,
4359525910,000002C0,false,Rx,1,8,18,80,00,00,5D,C0,FE,F3,
4359535742,000002C0,false,Rx,1,8,18,80,00,00,5D,C0,FE,03,
4359545961,000002C0,false,Rx,1,8,18,80,00,00,5D,C0,FE,13,
4359555742,000002C0,false,Rx,1,8,18,80,00,00,5D,C0,FE,23,
4359565915,000002C0,false,Rx,1,8,18,80,00,00,5D,C0,FE,33,
4359575746,000002C0,false,Rx,1,8,18,80,00,00,5D,C0,FE,43,
4359585921,000002C0,false,Rx,1,8,18,80,00,00,5D,C0,FE,53,
4359595969,000002C0,false,Rx,1,8,18,80,00,00,5D,C0,FE,63,
4359605914,000002C0,false,Rx,1,8,18,80,00,00,5D,C0,FE,73,
4359615748,000002C0,false,Rx,1,8,18,80,00,00,5D,C0,FE,83,
4359625915,000002C0,false,Rx,1,8,18,80,00,00,5D,C0,FE,93,
4359635749,000002C0,false,Rx,1,8,18,80,00,00,5D,C0,FE,A3,
4359645961,000002C0,false,Rx,1,8,18,80,00,00,5D,C0,FE,B3,
4359655745,000002C0,false,Rx,1,8,18,80,00,00,5D,C0,FE,C3,
4359665916,000002C0,false,Rx,1,8,18,80,00,00,5D,C0,FE,D3,
4359675747,000002C0,false,Rx,1,8,18,80,00,00,5D,C0,FE,E3,
4359685923,000002C0,false,Rx,1,8,18,80,00,00,5D,C0,FE,F3,
4359695968,000002C0,false,Rx,1,8,18,80,00,00,5C,C0,FE,03,
4359705916,000002C0,false,Rx,1,8,18,80,00,00,5C,C0,FE,13,
4359715750,000002C0,false,Rx,1,8,18,80,00,00,5C,C0,FE,23,
4359725922,000002C0,false,Rx,1,8,18,80,00,00,5C,C0,FE,33,
4359735752,000002C0,false,Rx,1,8,18,80,00,00,5C,C0,FE,43,
4359745961,000002C0,false,Rx,1,8,18,80,00,00,5C,C0,FE,53,
4359755750,000002C0,false,Rx,1,8,18,80,00,00,5C,C0,FE,63,
4359765923,000002C0,false,Rx,1,8,18,80,00,00,5C,C0,FE,73,
4359775753,000002C0,false,Rx,1,8,18,80,00,00,5C,C0,FE,83,
4359785921,000002C0,false,Rx,1,8,18,80,00,00,5C,C0,FE,93,
4359795980,000002C0,false,Rx,1,8,18,80,00,00,5C,C0,FE,A3,
4359805923,000002C0,false,Rx,1,8,18,80,00,00,5C,C0,FE,B3,
4359815757,000002C0,false,Rx,1,8,18,80,00,00,5C,C0,FE,C3,
4359825925,000002C0,false,Rx,1,8,18,80,00,00,5C,C0,FE,D3,
4359835755,000002C0,false,Rx,1,8,18,80,00,00,5C,C0,FE,E3,
4359845964,000002C0,false,Rx,1,8,18,80,00,00,5C,C0,FE,F3,
4359855756,000002C0,false,Rx,1,8,18,80,00,00,5C,C0,FE,03,
4359865925,000002C0,false,Rx,1,8,18,80,00,00,5C,C0,FE,13,
4359875756,000002C0,false,Rx,1,8,18,80,00,00,5C,C0,FE,23,
4359885926,000002C0,false,Rx,1,8,18,80,00,00,5C,C0,FE,33,
4359895969,000002C0,false,Rx,1,8,18,80,00,00,5C,C0,FE,43,
4359905927,000002C0,false,Rx,1,8,18,80,00,00,5C,C0,FE,53,
4359915760,000002C0,false,Rx,1,8,18,80,00,00,5C,C0,FE,63,
4359925930,000002C0,false,Rx,1,8,18,80,00,00,5C,C0,FE,73,
4359935762,000002C0,false,Rx,1,8,18,80,00,00,5C,C0,FE,83,
4359945961,000002C0,false,Rx,1,8,18,80,00,00,5C,C0,FE,93,
4359955763,000002C0,false,Rx,1,8,18,80,00,00,5C,C0,FE,A3,
4359965929,000002C0,false,Rx,1,8,18,80,00,00,5C,C0,FE,B3,
4359975763,000002C0,false,Rx,1,8,18,80,00,00,5C,C0,FE,C3,
4359985932,000002C0,false,Rx,1,8,18,80,00,00,5C,C0,FE,D3,
4359995972,000002C0,false,Rx,1,8,18,80,00,00,5C,C0,FE,E3,
4360005934,000002C0,false,Rx,1,8,18,80,00,00,5C,C0,FE,F3,
4360015765,000002C0,false,Rx,1,8,18,80,00,00,5C,C0,FE,03,
4360025933,000002C0,false,Rx,1,8,18,80,00,00,5C,C0,FE,13,
4360035763,000002C0,false,Rx,1,8,18,80,00,00,5C,C0,FE,23,
4360045963,000002C0,false,Rx,1,8,18,80,00,00,5C,C0,FE,33,
4360055767,000002C0,false,Rx,1,8,18,80,00,00,5C,C0,FE,43,
4360065934,000002C0,false,Rx,1,8,18,80,00,00,5C,C0,FE,53,
4360075764,000002C0,false,Rx,1,8,18,80,00,00,5C,C0,FE,63,
4360085938,000002C0,false,Rx,1,8,18,80,00,00,5C,C0,FE,73,
4360095967,000002C0,false,Rx,1,8,18,80,00,00,5C,C0,FE,83,
4360105938,000002C0,false,Rx,1,8,18,80,00,00,5C,C0,FE,93,
4360115772,000002C0,false,Rx,1,8,18,80,00,00,5C,C0,FE,A3,
4360125939,000002C0,false,Rx,1,8,18,80,00,00,5C,C0,FE,B3,
4360135770,000002C0,false,Rx,1,8,18,80,00,00,5C,C0,FE,C3,
4360145963,000002C0,false,Rx,1,8,18,80,00,00,5C,C0,FE,D3,
4360155769,000002C0,false,Rx,1,8,18,80,00,00,5C,C0,FE,E3,
4360165941,000002C0,false,Rx,1,8,18,80,00,00,5C,C0,FE,F3,
4360175771,000002C0,false,Rx,1,8,18,80,00,00,5C,C0,FE,03,
4360185940,000002C0,false,Rx,1,8,18,80,00,00,5C,C0,FE,13,
4360195961,000002C0,false,Rx,1,8,18,80,00,00,5C,C0,FE,23,
4360205945,000002C0,false,Rx,1,8,18,80,00,00,5C,C0,FE,33,
4360215775,000002C0,false,Rx,1,8,18,80,00,00,5C,C0,FE,43,
4360225947,000002C0,false,Rx,1,8,18,80,00,00,5C,C0,FE,53,
4360235773,000002C0,false,Rx,1,8,18,80,00,00,5C,C0,FE,63,
4360245965,000002C0,false,Rx,1,8,18,80,00,00,5C,C0,FE,73,
4360255776,000002C0,false,Rx,1,8,18,80,00,00,5C,C0,FE,83,
4360265944,000002C0,false,Rx,1,8,18,80,00,00,5C,C0,FE,93,
4360275779,000002C0,false,Rx,1,8,18,80,00,00,5C,C0,FE,A3,
4360285944,000002C0,false,Rx,1,8,18,80,00,00,5C,C0,FE,B3,
4360295965,000002C0,false,Rx,1,8,18,80,00,00,5C,C0,FE,C3,
4360305957,000002C0,false,Rx,1,8,18,80,00,00,5C,C0,FE,D3,
4360315788,000002C0,false,Rx,1,8,18,80,00,00,5C,C0,FE,E3,
4360325949,000002C0,false,Rx,1,8,18,80,00,00,5C,C0,FE,F3,
4360335780,000002C0,false,Rx,1,8,18,80,00,00,5C,C0,FE,03,
4360345962,000002C0,false,Rx,1,8,18,80,00,00,5C,C0,FE,13,
4360355778,000002C0,false,Rx,1,8,18,80,00,00,5C,C0,FE,23,
4360365949,000002C0,false,Rx,1,8,18,80,00,00,5C,C0,FE,33,
4360375781,000002C0,false,Rx,1,8,18,80,00,00,5C,C0,FE,43,
4360385949,000002C0,false,Rx,1,8,18,80,00,00,5C,C0,FE,53,
4360395962,000002C0,false,Rx,1,8,18,80,00,00,5C,C0,FE,63,
4360405972,000002C0,false,Rx,1,8,18,80,00,00,5C,C0,FE,73,
4360415786,000002C0,false,Rx,1,8,18,80,00,00,5C,C0,FE,83,
4360425952,000002C0,false,Rx,1,8,18,80,00,00,5C,C0,FE,93,
4360435787,000002C0,false,Rx,1,8,18,80,00,00,5C,C0,FE,A3,
4360445969,000002C0,false,Rx,1,8,18,80,00,00,5C,C0,FE,B3,
4360455786,000002C0,false,Rx,1,8,18,80,00,00,5C,C0,FE,C3,
4360465956,000002C0,false,Rx,1,8,18,80,00,00,5C,C0,FE,D3,
4360475785,000002C0,false,Rx,1,8,18,80,00,00,5C,C0,FE,E3,
4360485956,000002C0,false,Rx,1,8,18,80,00,00,5C,C0,FE,F3,
4360495967,000002C0,false,Rx,1,8,18,80,00,00,5C,C0,FE,03,
4360505972,000002C0,false,Rx,1,8,18,80,00,00,5C,C0,FE,13,
4360515789,000002C0,false,Rx,1,8,18,80,00,00,5C,C0,FE,23,
4360525956,000002C0,false,Rx,1,8,18,80,00,00,5C,C0,FE,33,
4360535790,000002C0,false,Rx,1,8,18,80,00,00,5C,C0,FE,43,
4360545961,000002C0,false,Rx,1,8,18,80,00,00,5C,C0,FE,53,
4360555788,000002C0,false,Rx,1,8,18,80,00,00,5C,C0,FE,63,
4360565959,000002C0,false,Rx,1,8,18,80,00,00,5C,C0,FE,73,
4360575795,000002C0,false,Rx,1,8,18,80,00,00,5C,C0,FE,83,
4360585959,000002C0,false,Rx,1,8,18,80,00,00,5C,C0,FE,93,
4360595966,000002C0,false,Rx,1,8,18,80,00,00,5C,C0,FE,A3,
4360605960,000002C0,false,Rx,1,8,18,80,00,00,5C,C0,FE,B3,
4360615798,000002C0,false,Rx,1,8,18,80,00,00,5C,C0,FE,C3,
4360625963,000002C0,false,Rx,1,8,18,80,00,00,5C,C0,FE,D3,
4360635791,000002C0,false,Rx,1,8,18,80,00,00,5C,C0,FE,E3,
4360645963,000002C0,false,Rx,1,8,18,80,00,00,5C,C0,FE,F3,
4360655795,000002C0,false,Rx,1,8,18,80,00,00,5C,C0,FE,03,
4360665962,000002C0,false,Rx,1,8,18,80,00,00,5C,C0,FE,13,
4360675794,000002C0,false,Rx,1,8,18,80,00,00,5C,C0,FE,23,
4360685964,000002C0,false,Rx,1,8,18,80,00,00,5C,C0,FE,33,
4360695964,000002C0,false,Rx,1,8,18,80,00,00,5C,C0,FE,43,
4360705965,000002C0,false,Rx,1,8,18,80,00,00,5C,C0,FE,53,
4360715802,000002C0,false,Rx,1,8,18,80,00,00,5C,C0,FE,63,
4360725972,000002C0,false,Rx,1,8,18,80,00,00,5C,C0,FE,73,
4360735800,000002C0,false,Rx,1,8,18,80,00,00,5C,C0,FE,83,
4360745967,000002C0,false,Rx,1,8,18,80,00,00,5C,C0,FE,93,
4360755801,000002C0,false,Rx,1,8,18,80,00,00,5C,C0,FE,A3,
4360765967,000002C0,false,Rx,1,8,18,80,00,00,5C,C0,FE,B3,
4360775801,000002C0,false,Rx,1,8,18,80,00,00,5C,C0,FE,C3,
4360785970,000002C0,false,Rx,1,8,18,80,00,00,5C,C0,FE,D3,
4360795962,000002C0,false,Rx,1,8,18,80,00,00,5C,C0,FE,E3,
4360805972,000002C0,false,Rx,1,8,18,80,00,00,5C,C0,FE,F3,
4360815819,000002C0,false,Rx,1,8,18,80,00,00,5C,C0,FE,03,
4360825972,000002C0,false,Rx,1,8,18,80,00,00,5C,C0,FE,13,
4360835801,000002C0,false,Rx,1,8,18,80,00,00,5C,C0,FE,23,
4360845971,000002C0,false,Rx,1,8,18,80,00,00,5C,C0,FE,33,
4360855805,000002C0,false,Rx,1,8,18,80,00,00,5C,C0,FE,43,
4360865972,000002C0,false,Rx,1,8,18,80,00,00,5C,C0,FE,53,
4360875803,000002C0,false,Rx,1,8,18,80,00,00,5C,C0,FE,63,
4360885975,000002C0,false,Rx,1,8,18,80,00,00,5C,C0,FE,73,
4360895963,000002C0,false,Rx,1,8,18,80,00,00,5C,C0,FE,83,
4360905974,000002C0,false,Rx,1,8,18,80,00,00,5C,C0,FE,93,
4360915824,000002C0,false,Rx,1,8,18,80,00,00,5C,C0,FE,A3,
4360925977,000002C0,false,Rx,1,8,18,80,00,00,5C,C0,FE,B3,
4360935808,000002C0,false,Rx,1,8,18,80,00,00,5C,C0,FE,C3,
4360945977,000002C0,false,Rx,1,8,18,80,00,00,5C,C0,FE,D3,
4360955808,000002C0,false,Rx,1,8,18,80,00,00,5C,C0,FE,E3,
4360965980,000002C0,false,Rx,1,8,18,80,00,00,5C,C0,FE,F3,
4360975810,000002C0,false,Rx,1,8,18,80,00,00,5C,C0,FE,03,
4360985979,000002C0,false,Rx,1,8,18,80,00,00,5C,C0,FE,13,
4360995965,000002C0,false,Rx,1,8,18,80,00,00,5C,C0,FE,23,
4361005980,000002C0,false,Rx,1,8,18,80,00,00,5C,C0,FE,33,
4361015814,000002C0,false,Rx,1,8,18,80,00,00,5C,C0,FE,43,
4361025985,000002C0,false,Rx,1,8,18,80,00,00,5C,C0,FE,53,
4361035812,000002C0,false,Rx,1,8,18,80,00,00,5C,C0,FE,63,
4361045984,000002C0,false,Rx,1,8,18,80,00,00,5C,C0,FE,73,
4361055813,000002C0,false,Rx,1,8,18,80,00,00,5C,C0,FE,83,
4361065982,000002C0,false,Rx,1,8,18,80,00,00,5C,C0,FE,93,
4361075817,000002C0,false,Rx,1,8,18,80,00,00,5C,C0,FE,A3,
4361085983,000002C0,false,Rx,1,8,18,80,00,00,5C,C0,FE,B3,
4361095971,000002C0,false,Rx,1,8,18,80,00,00,5C,C0,FE,C3,
4361105986,000002C0,false,Rx,1,8,18,80,00,00,5C,C0,FE,D3,
4361115816,000002C0,false,Rx,1,8,18,80,00,00,5C,C0,FE,E3,
4361125991,000002C0,false,Rx,1,8,18,80,00,00,5C,C0,FE,F3,
4361135818,000002C0,false,Rx,1,8,18,80,00,00,5C,C0,FE,03,
4361145986,000002C0,false,Rx,1,8,18,80,00,00,5C,C0,FE,13,
4361155816,000002C0,false,Rx,1,8,18,80,00,00,5C,C0,FE,23,
4361165988,000002C0,false,Rx,1,8,18,80,00,00,5C,C0,FE,33,
4361175820,000002C0,false,Rx,1,8,18,80,00,00,5C,C0,FE,43,
4361185987,000002C0,false,Rx,1,8,18,80,00,00,5C,C0,FE,53,
4361195963,000002C0,false,Rx,1,8,18,80,00,00,5C,C0,FE,63,
4361205990,000002C0,false,Rx,1,8,18,80,00,00,5C,C0,FE,73,
4361215822,000002C0,false,Rx,1,8,18,80,00,00,5C,C0,FE,83,
4361226012,000002C0,false,Rx,1,8,18,80,00,00,5C,C0,FE,93,
4361235825,000002C0,false,Rx,1,8,18,80,00,00,5C,C0,FE,A3,
4361245990,000002C0,false,Rx,1,8,18,80,00,00,5C,C0,FE,B3,
4361255824,000002C0,false,Rx,1,8,18,80,00,00,5C,C0,FE,C3,
4361265993,000002C0,false,Rx,1,8,18,80,00,00,5C,C0,FE,D3,
4361275822,000002C0,false,Rx,1,8,18,80,00,00,5C,C0,FE,E3,
4361285995,000002C0,false,Rx,1,8,18,80,00,00,5C,C0,FE,F3,
4361295964,000002C0,false,Rx,1,8,18,80,00,00,5C,C0,FE,03,
4361305993,000002C0,false,Rx,1,8,18,80,00,00,5C,C0,FE,13,
4361315825,000002C0,false,Rx,1,8,18,80,00,00,5C,C0,FE,23,
4361326008,000002C0,false,Rx,1,8,18,80,00,00,5C,C0,FE,33,
4361335827,000002C0,false,Rx,1,8,18,80,00,00,5C,C0,FE,43,
4361345996,000002C0,false,Rx,1,8,18,80,00,00,5C,C0,FE,53,
4361355826,000002C0,false,Rx,1,8,18,80,00,00,5C,C0,FE,63,
4361365998,000002C0,false,Rx,1,8,18,80,00,00,5C,C0,FE,73,
4361375830,000002C0,false,Rx,1,8,18,80,00,00,5C,C0,FE,83,
4361385997,000002C0,false,Rx,1,8,18,80,00,00,5C,C0,FE,93,
4361395967,000002C0,false,Rx,1,8,18,80,00,00,5C,C0,FE,A3,
4361405998,000002C0,false,Rx,1,8,18,80,00,00,5C,C0,FE,B3,
4361415832,000002C0,false,Rx,1,8,18,80,00,00,5C,C0,FE,C3,
4361426009,000002C0,false,Rx,1,8,18,80,00,00,5C,C0,FE,D3,
4361435834,000002C0,false,Rx,1,8,18,80,00,00,5C,C0,FE,E3,
4361446002,000002C0,false,Rx,1,8,18,80,00,00,5C,C0,FE,F3,
4361455833,000002C0,false,Rx,1,8,18,80,00,00,5C,C0,FE,03,
4361466001,000002C0,false,Rx,1,8,18,80,00,00,5C,C0,FE,13,
4361475831,000002C0,false,Rx,1,8,18,80,00,00,5C,C0,FE,23,
4361486003,000002C0,false,Rx,1,8,18,80,00,00,5C,C0,FE,33,
4361495968,000002C0,false,Rx,1,8,18,80,00,00,5C,C0,FE,43,
4361506002,000002C0,false,Rx,1,8,18,80,00,00,5C,C0,FE,53,
4361515835,000002C0,false,Rx,1,8,18,80,00,00,5C,C0,FE,63,
4361526005,000002C0,false,Rx,1,8,18,80,00,00,5C,C0,FE,73,
4361535843,000002C0,false,Rx,1,8,18,80,00,00,5C,C0,FE,83,
4361546004,000002C0,false,Rx,1,8,18,80,00,00,5C,C0,FE,93,
4361555841,000002C0,false,Rx,1,8,18,80,00,00,5C,C0,FE,A3,
4361566006,000002C0,false,Rx,1,8,18,80,00,00,5C,C0,FE,B3,
4361575838,000002C0,false,Rx,1,8,18,80,00,00,5C,C0,FE,C3,
4361586008,000002C0,false,Rx,1,8,18,80,00,00,5C,C0,FE,D3,
4361595961,000002C0,false,Rx,1,8,18,80,00,00,5C,C0,FE,E3,
4361606010,000002C0,false,Rx,1,8,18,80,00,00,5C,C0,FE,F3,
4361615842,000002C0,false,Rx,1,8,18,80,00,00,5C,C0,FE,03,
4361626008,000002C0,false,Rx,1,8,18,80,00,00,5C,C0,FE,13,
4361635845,000002C0,false,Rx,1,8,18,80,00,00,5C,C0,FE,23,
4361646010,000002C0,false,Rx,1,8,18,80,00,00,5C,C0,FE,33,
4361655845,000002C0,false,Rx,1,8,18,80,00,00,5C,C0,FE,43,
4361666011,000002C0,false,Rx,1,8,18,80,00,00,5C,C0,FE,53,
4361675842,000002C0,false,Rx,1,8,18,80,00,00,5C,C0,FE,63,
4361686013,000002C0,false,Rx,1,8,18,80,00,00,5C,C0,FE,73,
4361695964,000002C0,false,Rx,1,8,18,80,00,00,5C,C0,FE,83,
4361706013,000002C0,false,Rx,1,8,18,80,00,00,5C,C0,FE,93,
4361715849,000002C0,false,Rx,1,8,18,80,00,00,5C,C0,FE,A3,
4361726018,000002C0,false,Rx,1,8,18,80,00,00,5C,C0,FE,B3,
4361735858,000002C0,false,Rx,1,8,18,80,00,00,5C,C0,FE,C3,
4361746017,000002C0,false,Rx,1,8,18,80,00,00,5C,C0,FE,D3,
4361755846,000002C0,false,Rx,1,8,18,80,00,00,5C,C0,FE,E3,
4361766018,000002C0,false,Rx,1,8,18,80,00,00,5C,C0,FE,F3,
4361775848,000002C0,false,Rx,1,8,18,80,00,00,5C,C0,FE,03,
4361786015,000002C0,false,Rx,1,8,18,80,00,00,5C,C0,FE,13,
4361795962,000002C0,false,Rx,1,8,18,80,00,00,5C,C0,FE,23,
4361806018,000002C0,false,Rx,1,8,18,80,00,00,5C,C0,FE,33,
4361815852,000002C0,false,Rx,1,8,18,80,00,00,5C,C0,FE,43,
4361826018,000002C0,false,Rx,1,8,18,80,00,00,5C,C0,FE,53,
4361835855,000002C0,false,Rx,1,8,18,80,00,00,5C,C0,FE,63,
4361846025,000002C0,false,Rx,1,8,18,80,00,00,5C,C0,FE,73,
4361855853,000002C0,false,Rx,1,8,18,80,00,00,5C,C0,FE,83,
4361866019,000002C0,false,Rx,1,8,18,80,00,00,5C,C0,FE,93,
4361875855,000002C0,false,Rx,1,8,18,80,00,00,5C,C0,FE,A3,
4361886021,000002C0,false,Rx,1,8,18,80,00,00,5C,C0,FE,B3,
4361895964,000002C0,false,Rx,1,8,18,80,00,00,5C,C0,FE,C3,
4361906023,000002C0,false,Rx,1,8,18,80,00,00,5C,C0,FE,D3,
4361915855,000002C0,false,Rx,1,8,18,80,00,00,5C,C0,FE,E3,
4361926025,000002C0,false,Rx,1,8,18,80,00,00,5C,C0,FE,F3,
4361935855,000002C0,false,Rx,1,8,18,80,00,00,5C,C0,FE,03,
4361946027,000002C0,false,Rx,1,8,18,80,00,00,5C,C0,FE,13,
4361955855,000002C0,false,Rx,1,8,18,80,00,00,5C,C0,FE,23,
4361966024,000002C0,false,Rx,1,8,18,80,00,00,5C,C0,FE,33,
4361975858,000002C0,false,Rx,1,8,18,80,00,00,5C,C0,FE,43,
4361986025,000002C0,false,Rx,1,8,18,80,00,00,5C,C0,FE,53,
4361995965,000002C0,false,Rx,1,8,18,80,00,00,5C,C0,FE,63,
4362006028,000002C0,false,Rx,1,8,18,80,00,00,5C,C0,FE,73,
4362015860,000002C0,false,Rx,1,8,18,80,00,00,5C,C0,FE,83,
4362026028,000002C0,false,Rx,1,8,18,80,00,00,5C,C0,FE,93,
4362035862,000002C0,false,Rx,1,8,18,80,00,00,5C,C0,FE,A3,
4362046033,000002C0,false,Rx,1,8,18,80,00,00,5C,C0,FE,B3,
4362055862,000002C0,false,Rx,1,8,18,80,00,00,5C,C0,FE,C3,
4362066031,000002C0,false,Rx,1,8,18,80,00,00,5C,C0,FE,D3,
4362075861,000002C0,false,Rx,1,8,18,80,00,00,5C,C0,FE,E3,
4362086033,000002C0,false,Rx,1,8,18,80,00,00,5C,C0,FE,F3,
4362095963,000002C0,false,Rx,1,8,18,80,00,00,5C,C0,FE,03,
4362106030,000002C0,false,Rx,1,8,18,80,00,00,5C,C0,FE,13,
4362115863,000002C0,false,Rx,1,8,18,80,00,00,5C,C0,FE,23,
4362126033,000002C0,false,Rx,1,8,18,80,00,00,5C,C0,FE,33,
4362135865,000002C0,false,Rx,1,8,18,80,00,00,5C,C0,FE,43,
4362146036,000002C0,false,Rx,1,8,18,80,00,00,5C,C0,FE,53,
4362155865,000002C0,false,Rx,1,8,18,80,00,00,5C,C0,FE,63,
4362166036,000002C0,false,Rx,1,8,18,80,00,00,5C,C0,FE,73,
4362175866,000002C0,false,Rx,1,8,18,80,00,00,5C,C0,FE,83,
4362186036,000002C0,false,Rx,1,8,18,80,00,00,5C,C0,FE,93,
4362195967,000002C0,false,Rx,1,8,18,80,00,00,5C,C0,FE,A3,
4362206036,000002C0,false,Rx,1,8,18,80,00,00,5C,C0,FE,B3,
4362215870,000002C0,false,Rx,1,8,18,80,00,00,5C,C0,FE,C3,
4362226046,000002C0,false,Rx,1,8,18,80,00,00,5C,C0,FE,D3,
4362235868,000002C0,false,Rx,1,8,18,80,00,00,5C,C0,FE,E3,
4362246041,000002C0,false,Rx,1,8,18,80,00,00,5C,C0,FE,F3,
4362255874,000002C0,false,Rx,1,8,18,80,00,00,5C,C0,FE,03,
4362266039,000002C0,false,Rx,1,8,18,80,00,00,5C,C0,FE,13,
4362275870,000002C0,false,Rx,1,8,18,80,00,00,5C,C0,FE,23,
4362286039,000002C0,false,Rx,1,8,18,80,00,00,5C,C0,FE,33,
4362295964,000002C0,false,Rx,1,8,18,80,00,00,5C,C0,FE,43,
4362306041,000002C0,false,Rx,1,8,18,80,00,00,5C,C0,FE,53,
4362315891,000002C0,false,Rx,1,8,18,80,00,00,5C,C0,FE,63,
4362326043,000002C0,false,Rx,1,8,18,80,00,00,5C,C0,FE,73,
4362335875,000002C0,false,Rx,1,8,18,80,00,00,5C,C0,FE,83,
4362346043,000002C0,false,Rx,1,8,18,80,00,00,5C,C0,FE,93,
4362355883,000002C0,false,Rx,1,8,18,80,00,00,5C,C0,FE,A3,
4362366044,000002C0,false,Rx,1,8,18,80,00,00,5C,C0,FE,B3,
4362375877,000002C0,false,Rx,1,8,18,80,00,00,5C,C0,FE,C3,
4362386046,000002C0,false,Rx,1,8,18,80,00,00,5C,C0,FE,D3,
4362395969,000002C0,false,Rx,1,8,18,80,00,00,5C,C0,FE,E3,
4362406047,000002C0,false,Rx,1,8,18,80,00,00,5C,C0,FE,F3,
4362415880,000002C0,false,Rx,1,8,18,80,00,00,5C,C0,FE,03,
4362426046,000002C0,false,Rx,1,8,18,80,00,00,5C,C0,FE,13,
4362435878,000002C0,false,Rx,1,8,18,80,00,00,5C,C0,FE,23,
4362446048,000002C0,false,Rx,1,8,18,80,00,00,5C,C0,FE,33,
4362455884,000002C0,false,Rx,1,8,18,80,00,00,5C,C0,FE,43,
4362466047,000002C0,false,Rx,1,8,18,80,00,00,5C,C0,FE,53,
4362475880,000002C0,false,Rx,1,8,18,80,00,00,5C,C0,FE,63,
4362486051,000002C0,false,Rx,1,8,18,80,00,00,5C,C0,FE,73,
4362495969,000002C0,false,Rx,1,8,18,80,00,00,5C,C0,FE,83,
4362506049,000002C0,false,Rx,1,8,18,80,00,00,5C,C0,FE,93,
4362515887,000002C0,false,Rx,1,8,18,80,00,00,5C,C0,FE,A3,
4362526051,000002C0,false,Rx,1,8,18,80,00,00,5C,C0,FE,B3,
4362535883,000002C0,false,Rx,1,8,18,80,00,00,5C,C0,FE,C3,
4362546055,000002C0,false,Rx,1,8,18,80,00,00,5C,C0,FE,D3,
4362555899,000002C0,false,Rx,1,8,18,80,00,00,5C,C0,FE,E3,
4362566054,000002C0,false,Rx,1,8,18,80,00,00,5C,C0,FE,F3,
4362575889,000002C0,false,Rx,1,8,18,80,00,00,5C,C0,FE,03,
4362586054,000002C0,false,Rx,1,8,18,80,00,00,5C,C0,FE,13,
4362595961,000002C0,false,Rx,1,8,18,80,00,00,5C,C0,FE,23,
4362606054,000002C0,false,Rx,1,8,18,80,00,00,5C,C0,FE,33,
4362615888,000002C0,false,Rx,1,8,18,80,00,00,5C,C0,FE,43,
4362626056,000002C0,false,Rx,1,8,18,80,00,00,5C,C0,FE,53,
4362635886,000002C0,false,Rx,1,8,18,80,00,00,5C,C0,FE,63,
4362646058,000002C0,false,Rx,1,8,18,80,00,00,5C,C0,FE,73,
4362655897,000002C0,false,Rx,1,8,18,80,00,00,5C,C0,FE,83,
4362666060,000002C0,false,Rx,1,8,18,80,00,00,5C,C0,FE,93,
4362675892,000002C0,false,Rx,1,8,18,80,00,00,5C,C0,FE,A3,
4362686059,000002C0,false,Rx,1,8,18,80,00,00,5C,C0,FE,B3,
4362695964,000002C0,false,Rx,1,8,18,80,00,00,5C,C0,FE,C3,
4362706061,000002C0,false,Rx,1,8,18,80,00,00,5C,C0,FE,D3,
4362715891,000002C0,false,Rx,1,8,18,80,00,00,5C,C0,FE,E3,
4362726068,000002C0,false,Rx,1,8,18,80,00,00,5C,C0,FE,F3,
4362735893,000002C0,false,Rx,1,8,18,80,00,00,5C,C0,FE,03,
4362746061,000002C0,false,Rx,1,8,18,80,00,00,5C,C0,FE,13,
4362755893,000002C0,false,Rx,1,8,18,80,00,00,5C,C0,FE,23,
4362766067,000002C0,false,Rx,1,8,18,80,00,00,5C,C0,FE,33,
4362775895,000002C0,false,Rx,1,8,18,80,00,00,5C,C0,FE,43,
4362786064,000002C0,false,Rx,1,8,18,80,00,00,5C,C0,FE,53,
4362795961,000002C0,false,Rx,1,8,18,80,00,00,5C,C0,FE,63,
4362806067,000002C0,false,Rx,1,8,18,80,00,00,5C,C0,FE,73,
4362815899,000002C0,false,Rx,1,8,18,80,00,00,5C,C0,FE,83,
4362826064,000002C0,false,Rx,1,8,18,80,00,00,5C,C0,FE,93,
4362835900,000002C0,false,Rx,1,8,18,80,00,00,5C,C0,FE,A3,
4362846066,000002C0,false,Rx,1,8,18,80,00,00,5C,C0,FE,B3,
4362855900,000002C0,false,Rx,1,8,18,80,00,00,5C,C0,FE,C3,
4362866076,000002C0,false,Rx,1,8,18,80,00,00,5C,C0,FE,D3,
4362875899,000002C0,false,Rx,1,8,18,80,00,00,5C,C0,FE,E3,
4362886069,000002C0,false,Rx,1,8,18,80,00,00,5C,C0,FE,F3,
4362895964,000002C0,false,Rx,1,8,18,80,00,00,5C,C0,FE,03,
4362906069,000002C0,false,Rx,1,8,18,80,00,00,5C,C0,FE,13,
4362915901,000002C0,false,Rx,1,8,18,80,00,00,5C,C0,FE,23,
4362926069,000002C0,false,Rx,1,8,18,80,00,00,5C,C0,FE,33,
4362935903,000002C0,false,Rx,1,8,18,80,00,00,5C,C0,FE,43,
4362946071,000002C0,false,Rx,1,8,18,80,00,00,5C,C0,FE,53,
4362955903,000002C0,false,Rx,1,8,18,80,00,00,5C,C0,FE,63,
4362966088,000002C0,false,Rx,1,8,18,80,00,00,5C,C0,FE,73,
4362975905,000002C0,false,Rx,1,8,18,80,00,00,5C,C0,FE,83,
4362986072,000002C0,false,Rx,1,8,18,80,00,00,5C,C0,FE,93,
4362995970,000002C0,false,Rx,1,8,18,80,00,00,5C,C0,FE,A3,
4363006075,000002C0,false,Rx,1,8,18,80,00,00,5C,C0,FE,B3,
4363015909,000002C0,false,Rx,1,8,18,80,00,00,5C,C0,FE,C3,
4363026076,000002C0,false,Rx,1,8,18,80,00,00,5C,C0,FE,D3,
4363035906,000002C0,false,Rx,1,8,18,80,00,00,5C,C0,FE,E3,
4363046078,000002C0,false,Rx,1,8,18,80,00,00,5C,C0,FE,F3,
4363055908,000002C0,false,Rx,1,8,18,80,00,00,5C,C0,FE,03,
4363066093,000002C0,false,Rx,1,8,18,80,00,00,5C,C0,FE,13,
4363075908,000002C0,false,Rx,1,8,18,80,00,00,5C,C0,FE,23,
4363086077,000002C0,false,Rx,1,8,18,80,00,00,5C,C0,FE,33,
4363095964,000002C0,false,Rx,1,8,18,80,00,00,5C,C0,FE,43,
4363106077,000002C0,false,Rx,1,8,18,80,00,00,5C,C0,FE,53,
4363115911,000002C0,false,Rx,1,8,18,80,00,00,5C,C0,FE,63,
4363126081,000002C0,false,Rx,1,8,18,80,00,00,5C,C0,FE,73,
4363135913,000002C0,false,Rx,1,8,18,80,00,00,5C,C0,FE,83,
4363146081,000002C0,false,Rx,1,8,18,80,00,00,5C,C0,FE,93,
4363155915,000002C0,false,Rx,1,8,18,80,00,00,5C,C0,FE,A3,
4363166082,000002C0,false,Rx,1,8,18,80,00,00,5C,C0,FE,B3,
4363175919,000002C0,false,Rx,1,8,18,80,00,00,5C,C0,FE,C3,
4363186084,000002C0,false,Rx,1,8,18,80,00,00,5C,C0,FE,D3,
4363195963,000002C0,false,Rx,1,8,18,80,00,00,5C,C0,FE,E3,
4363206085,000002C0,false,Rx,1,8,18,80,00,00,5C,C0,FE,F3,
4363215917,000002C0,false,Rx,1,8,18,80,00,00,5C,C0,FE,03,
4363226100,000002C0,false,Rx,1,8,18,80,00,00,5C,C0,FE,13,
4363235917,000002C0,false,Rx,1,8,18,80,00,00,5C,C0,FE,23,
4363246084,000002C0,false,Rx,1,8,18,80,00,00,5C,C0,FE,33,
4363255918,000002C0,false,Rx,1,8,18,80,00,00,5C,C0,FE,43,
4363266085,000002C0,false,Rx,1,8,18,80,00,00,5C,C0,FE,53,
4363275920,000002C0,false,Rx,1,8,18,80,00,00,5C,C0,FE,63,
4363286090,000002C0,false,Rx,1,8,18,80,00,00,5C,C0,FE,73,
4363295966,000002C0,false,Rx,1,8,18,80,00,00,5C,C0,FE,83,
4363306087,000002C0,false,Rx,1,8,18,80,00,00,5C,C0,FE,93,
4363315924,000002C0,false,Rx,1,8,18,80,00,00,5C,C0,FE,A3,
4363326090,000002C0,false,Rx,1,8,18,80,00,00,5C,C0,FE,B3,
4363335921,000002C0,false,Rx,1,8,18,80,00,00,5C,C0,FE,C3,
4363346091,000002C0,false,Rx,1,8,18,80,00,00,5C,C0,FE,D3,
4363355921,000002C0,false,Rx,1,8,18,80,00,00,5C,C0,FE,E3,
4363366093,000002C0,false,Rx,1,8,18,80,00,00,5C,C0,FE,F3,
4363375936,000002C0,false,Rx,1,8,18,80,00,00,5C,C0,FE,03,
4363386092,000002C0,false,Rx,1,8,18,80,00,00,5C,C0,FE,13,
4363395967,000002C0,false,Rx,1,8,18,80,00,00,5C,C0,FE,23,
4363406093,000002C0,false,Rx,1,8,18,80,00,00,5C,C0,FE,33,
4363415927,000002C0,false,Rx,1,8,18,80,00,00,5C,C0,FE,43,
4363426094,000002C0,false,Rx,1,8,18,80,00,00,5C,C0,FE,53,
4363435924,000002C0,false,Rx,1,8,18,80,00,00,5C,C0,FE,63,
4363446096,000002C0,false,Rx,1,8,18,80,00,00,5C,C0,FE,73,
4363455928,000002C0,false,Rx,1,8,18,80,00,00,5C,C0,FE,83,
4363466095,000002C0,false,Rx,1,8,18,80,00,00,5C,C0,FE,93,
4363475930,000002C0,false,Rx,1,8,18,80,00,00,5C,C0,FE,A3,
4363486095,000002C0,false,Rx,1,8,18,80,00,00,5C,C0,FE,B3,
4363495974,000002C0,false,Rx,1,8,18,80,00,00,5C,C0,FE,C3,
4363506099,000002C0,false,Rx,1,8,18,80,00,00,5C,C0,FE,D3,
4363515929,000002C0,false,Rx,1,8,18,80,00,00,5C,C0,FE,E3,
4363526099,000002C0,false,Rx,1,8,18,80,00,00,5C,C0,FE,F3,
4363535931,000002C0,false,Rx,1,8,18,80,00,00,5C,C0,FE,03,
4363546099,000002C0,false,Rx,1,8,18,80,00,00,5C,C0,FE,13,
4363555931,000002C0,false,Rx,1,8,18,80,00,00,5C,C0,FE,23,
4363566100,000002C0,false,Rx,1,8,18,80,00,00,5C,C0,FE,33,
4363575933,000002C0,false,Rx,1,8,18,80,00,00,5C,C0,FE,43,
4363586101,000002C0,false,Rx,1,8,18,80,00,00,5C,C0,FE,53,
4363595969,000002C0,false,Rx,1,8,18,80,00,00,5C,C0,FE,63,
4363606105,000002C0,false,Rx,1,8,18,80,00,00,5C,C0,FE,73,
4363615936,000002C0,false,Rx,1,8,18,80,00,00,5C,C0,FE,83,
4363626102,000002C0,false,Rx,1,8,18,80,00,00,5C,C0,FE,93,
4363635938,000002C0,false,Rx,1,8,18,80,00,00,5C,C0,FE,A3,
4363646104,000002C0,false,Rx,1,8,18,80,00,00,5C,C0,FE,B3,
4363655936,000002C0,false,Rx,1,8,18,80,00,00,5C,C0,FE,C3,
4363666107,000002C0,false,Rx,1,8,18,80,00,00,5C,C0,FE,D3,
4363675936,000002C0,false,Rx,1,8,18,80,00,00,5C,C0,FE,E3,
4363686108,000002C0,false,Rx,1,8,18,80,00,00,5C,C0,FE,F3,
4363695978,000002C0,false,Rx,1,8,18,80,00,00,5C,C0,FE,03,
4363706107,000002C0,false,Rx,1,8,18,80,00,00,5C,C0,FE,13,
4363715939,000002C0,false,Rx,1,8,18,80,00,00,5C,C0,FE,23,
4363726111,000002C0,false,Rx,1,8,18,80,00,00,5C,C0,FE,33,
4363735941,000002C0,false,Rx,1,8,18,80,00,00,5C,C0,FE,43,
4363746109,000002C0,false,Rx,1,8,18,80,00,00,5C,C0,FE,53,
4363755939,000002C0,false,Rx,1,8,18,80,00,00,5C,C0,FE,63,
4363766112,000002C0,false,Rx,1,8,18,80,00,00,5C,C0,FE,73,
4363775943,000002C0,false,Rx,1,8,18,80,00,00,5C,C0,FE,83,
4363786117,000002C0,false,Rx,1,8,18,80,00,00,5C,C0,FE,93,
4363795973,000002C0,false,Rx,1,8,18,80,00,00,5C,C0,FE,A3,
4363806111,000002C0,false,Rx,1,8,18,80,00,00,5C,C0,FE,B3,
4363815946,000002C0,false,Rx,1,8,18,80,00,00,5C,C0,FE,C3,
4363826114,000002C0,false,Rx,1,8,18,80,00,00,5C,C0,FE,D3,
4363835942,000002C0,false,Rx,1,8,18,80,00,00,5C,C0,FE,E3,
4363846116,000002C0,false,Rx,1,8,18,80,00,00,5C,C0,FE,F3,
4363855946,000002C0,false,Rx,1,8,18,80,00,00,5C,C0,FE,03,
4363866115,000002C0,false,Rx,1,8,18,80,00,00,5C,C0,FE,13,
4363875946,000002C0,false,Rx,1,8,18,80,00,00,5C,C0,FE,23,
4363886120,000002C0,false,Rx,1,8,18,80,00,00,5C,C0,FE,33,
4363895971,000002C0,false,Rx,1,8,18,80,00,00,5C,C0,FE,43,
4363906115,000002C0,false,Rx,1,8,18,80,00,00,5C,C0,FE,53,
4363915947,000002C0,false,Rx,1,8,18,80,00,00,5C,C0,FE,63,
4363926119,000002C0,false,Rx,1,8,18,80,00,00,5C,C0,FE,73,
4363935949,000002C0,false,Rx,1,8,18,80,00,00,5C,C0,FE,83,
4363946117,000002C0,false,Rx,1,8,18,80,00,00,5C,C0,FE,93,
4363955953,000002C0,false,Rx,1,8,18,80,00,00,5C,C0,FE,A3,
4363966118,000002C0,false,Rx,1,8,18,80,00,00,5C,C0,FE,B3,
4363975953,000002C0,false,Rx,1,8,18,80,00,00,5C,C0,FE,C3,
4363986126,000002C0,false,Rx,1,8,18,80,00,00,5C,C0,FE,D3,
4363995972,000002C0,false,Rx,1,8,18,80,00,00,5C,C0,FE,E3,
4364006123,000002C0,false,Rx,1,8,18,80,00,00,5C,C0,FE,F3,
4364015954,000002C0,false,Rx,1,8,18,80,00,00,5C,C0,FE,03,
4364026122,000002C0,false,Rx,1,8,18,80,00,00,5C,C0,FE,13,
4364035952,000002C0,false,Rx,1,8,18,80,00,00,5C,C0,FE,23,
4364046122,000002C0,false,Rx,1,8,18,80,00,00,5C,C0,FE,33,
4364055956,000002C0,false,Rx,1,8,18,80,00,00,5C,C0,FE,43,
4364066123,000002C0,false,Rx,1,8,18,80,00,00,5C,C0,FE,53,
4364075954,000002C0,false,Rx,1,8,18,80,00,00,5C,C0,FE,63,
4364086127,000002C0,false,Rx,1,8,18,80,00,00,5C,C0,FE,73,
4364095970,000002C0,false,Rx,1,8,18,80,00,00,5C,C0,FE,83,
4364106125,000002C0,false,Rx,1,8,18,80,00,00,5C,C0,FE,93,
4364115961,000002C0,false,Rx,1,8,18,80,00,00,5C,C0,FE,A3,
4364126127,000002C0,false,Rx,1,8,18,80,00,00,5C,C0,FE,B3,
4364135959,000002C0,false,Rx,1,8,18,80,00,00,5C,C0,FE,C3,
4364146128,000002C0,false,Rx,1,8,18,80,00,00,5C,C0,FE,D3,
4364155959,000002C0,false,Rx,1,8,18,80,00,00,5C,C0,FE,E3,
4364166130,000002C0,false,Rx,1,8,18,80,00,00,5C,C0,FE,F3,
4364175961,000002C0,false,Rx,1,8,18,80,00,00,5C,C0,FE,03,
4364186130,000002C0,false,Rx,1,8,18,80,00,00,5C,C0,FE,13,
4364195966,000002C0,false,Rx,1,8,18,80,00,00,5C,C0,FE,23,
4364206131,000002C0,false,Rx,1,8,18,80,00,00,5C,C0,FE,33,
4364215966,000002C0,false,Rx,1,8,18,80,00,00,5C,C0,FE,43,
4364226136,000002C0,false,Rx,1,8,18,80,00,00,5C,C0,FE,53,
4364235962,000002C0,false,Rx,1,8,18,80,00,00,5C,C0,FE,63,
4364246134,000002C0,false,Rx,1,8,18,80,00,00,5C,C0,FE,73,
4364255966,000002C0,false,Rx,1,8,18,80,00,00,5C,C0,FE,83,
4364266133,000002C0,false,Rx,1,8,18,80,00,00,5C,C0,FE,93,
4364275968,000002C0,false,Rx,1,8,18,80,00,00,5C,C0,FE,A3,
4364286134,000002C0,false,Rx,1,8,18,80,00,00,5C,C0,FE,B3,
4364295968,000002C0,false,Rx,1,8,18,80,00,00,5C,C0,FE,C3,
4364306137,000002C0,false,Rx,1,8,18,80,00,00,5C,C0,FE,D3,
4364315968,000002C0,false,Rx,1,8,18,80,00,00,5C,C0,FE,E3,
4364326147,000002C0,false,Rx,1,8,18,80,00,00,5C,C0,FE,F3,
4364335969,000002C0,false,Rx,1,8,18,80,00,00,5C,C0,FE,03,
4364346137,000002C0,false,Rx,1,8,18,80,00,00,5C,C0,FE,13,
4364355967,000002C0,false,Rx,1,8,18,80,00,00,5C,C0,FE,23,
4364366139,000002C0,false,Rx,1,8,18,80,00,00,5C,C0,FE,33,
4364375971,000002C0,false,Rx,1,8,18,80,00,00,5C,C0,FE,43,
4364386138,000002C0,false,Rx,1,8,18,80,00,00,5C,C0,FE,53,
4364396104,000002C0,false,Rx,1,8,18,80,00,00,5C,C0,FE,63,
4364406144,000002C0,false,Rx,1,8,18,80,00,00,5C,C0,FE,73,
4364415973,000002C0,false,Rx,1,8,18,80,00,00,5C,C0,FE,83,
4364426141,000002C0,false,Rx,1,8,18,80,00,00,5C,C0,FE,93,
4364435974,000002C0,false,Rx,1,8,18,80,00,00,5C,C0,FE,A3,
4364446142,000002C0,false,Rx,1,8,18,80,00,00,5C,C0,FE,B3,
4364455974,000002C0,false,Rx,1,8,18,80,00,00,5C,C0,FE,C3,
4364466143,000002C0,false,Rx,1,8,18,80,00,00,5C,C0,FE,D3,
4364475974,000002C0,false,Rx,1,8,18,80,00,00,5C,C0,FE,E3,
4364486145,000002C0,false,Rx,1,8,18,80,00,00,5C,C0,FE,F3,
4364495979,000002C0,false,Rx,1,8,18,80,00,00,5C,C0,FE,03,
4364506149,000002C0,false,Rx,1,8,18,80,00,00,5C,C0,FE,13,
4364515976,000002C0,false,Rx,1,8,18,80,00,00,5C,C0,FE,23,
4364526145,000002C0,false,Rx,1,8,18,80,00,00,5C,C0,FE,33,
4364535977,000002C0,false,Rx,1,8,18,80,00,00,5C,C0,FE,43,
4364546145,000002C0,false,Rx,1,8,18,80,00,00,5C,C0,FE,53,
4364555977,000002C0,false,Rx,1,8,18,80,00,00,5C,C0,FE,63,
4364566148,000002C0,false,Rx,1,8,18,80,00,00,5C,C0,FE,73,
4364575984,000002C0,false,Rx,1,8,18,80,00,00,5C,C0,FE,83,
4364586148,000002C0,false,Rx,1,8,18,80,00,00,5C,C0,FE,93,
4364595983,000002C0,false,Rx,1,8,18,80,00,00,5C,C0,FE,A3,
4364606162,000002C0,false,Rx,1,8,18,80,00,00,5C,C0,FE,B3,
4364615983,000002C0,false,Rx,1,8,18,80,00,00,5C,C0,FE,C3,
4364626152,000002C0,false,Rx,1,8,18,80,00,00,5C,C0,FE,D3,
4364635981,000002C0,false,Rx,1,8,18,80,00,00,5C,C0,FE,E3,
4364646152,000002C0,false,Rx,1,8,18,80,00,00,5C,C0,FE,F3,
4364655984,000002C0,false,Rx,1,8,18,80,00,00,5C,C0,FE,03,
4364666151,000002C0,false,Rx,1,8,18,80,00,00,5C,C0,FE,13,
4364675982,000002C0,false,Rx,1,8,18,80,00,00,5C,C0,FE,23,
4364686153,000002C0,false,Rx,1,8,18,80,00,00,5C,C0,FE,33,
4364695986,000002C0,false,Rx,1,8,18,80,00,00,5C,C0,FE,43,
4364706163,000002C0,false,Rx,1,8,18,80,00,00,5C,C0,FE,53,
4364715986,000002C0,false,Rx,1,8,18,80,00,00,5C,C0,FE,63,
4364726162,000002C0,false,Rx,1,8,18,80,00,00,5C,C0,FE,73,
4364735988,000002C0,false,Rx,1,8,18,80,00,00,5C,C0,FE,83,
4364746155,000002C0,false,Rx,1,8,18,80,00,00,5C,C0,FE,93,
4364755991,000002C0,false,Rx,1,8,18,80,00,00,5C,C0,FE,A3,
4364766157,000002C0,false,Rx,1,8,18,80,00,00,5C,C0,FE,B3,
4364775989,000002C0,false,Rx,1,8,18,80,00,00,5C,C0,FE,C3,
4364786158,000002C0,false,Rx,1,8,18,80,00,00,5C,C0,FE,D3,
4364795987,000002C0,false,Rx,1,8,18,80,00,00,5C,C0,FE,E3,
4364806171,000002C0,false,Rx,1,8,18,80,00,00,5C,C0,FE,F3,
4364815996,000002C0,false,Rx,1,8,18,80,00,00,5C,C0,FE,03,
4364826158,000002C0,false,Rx,1,8,18,80,00,00,5C,C0,FE,13,
4364835991,000002C0,false,Rx,1,8,18,80,00,00,5C,C0,FE,23,
4364846161,000002C0,false,Rx,1,8,18,80,00,00,5C,C0,FE,33,
4364855992,000002C0,false,Rx,1,8,18,80,00,00,5C,C0,FE,43,
4364866161,000002C0,false,Rx,1,8,18,80,00,00,5C,C0,FE,53,
4364875992,000002C0,false,Rx,1,8,18,80,00,00,5C,C0,FE,63,
4364886164,000002C0,false,Rx,1,8,18,80,00,00,5C,C0,FE,73,
4364895994,000002C0,false,Rx,1,8,18,80,00,00,5C,C0,FE,83,
4364906163,000002C0,false,Rx,1,8,18,80,00,00,5C,C0,FE,93,
4364916004,000002C0,false,Rx,1,8,18,80,00,00,5C,C0,FE,A3,
4364926164,000002C0,false,Rx,1,8,18,80,00,00,5C,C0,FE,B3,
4364935997,000002C0,false,Rx,1,8,18,80,00,00,5C,C0,FE,C3,
4364946167,000002C0,false,Rx,1,8,18,80,00,00,5C,C0,FE,D3,
4364955995,000002C0,false,Rx,1,8,18,80,00,00,5C,C0,FE,E3,
4364966169,000002C0,false,Rx,1,8,18,80,00,00,5C,C0,FE,F3,
4364975999,000002C0,false,Rx,1,8,18,80,00,00,5C,C0,FE,03,
4364986166,000002C0,false,Rx,1,8,18,80,00,00,5C,C0,FE,13,
4364996000,000002C0,false,Rx,1,8,18,80,00,00,5C,C0,FE,23,
4365006167,000002C0,false,Rx,1,8,18,80,00,00,5C,C0,FE,33,
4365016009,000002C0,false,Rx,1,8,18,80,00,00,5C,C0,FE,43,
4365026168,000002C0,false,Rx,1,8,18,80,00,00,5C,C0,FE,53,
4365035999,000002C0,false,Rx,1,8,18,80,00,00,5C,C0,FE,63,
4365046172,000002C0,false,Rx,1,8,18,80,00,00,5C,C0,FE,73,
4365056002,000002C0,false,Rx,1,8,18,80,00,00,5C,C0,FE,83,
4365066170,000002C0,false,Rx,1,8,18,80,00,00,5C,C0,FE,93,
4365076006,000002C0,false,Rx,1,8,18,80,00,00,5C,C0,FE,A3,
4365086172,000002C0,false,Rx,1,8,18,80,00,00,5C,C0,FE,B3,
4365096005,000002C0,false,Rx,1,8,18,80,00,00,5C,C0,FE,C3,
4365106174,000002C0,false,Rx,1,8,18,80,00,00,5C,C0,FE,D3,
4365116015,000002C0,false,Rx,1,8,18,80,00,00,5C,C0,FE,E3,
4365126177,000002C0,false,Rx,1,8,18,80,00,00,5C,C0,FE,F3,
4365136007,000002C0,false,Rx,1,8,18,80,00,00,5C,C0,FE,03,
4365146173,000002C0,false,Rx,1,8,18,80,00,00,5C,C0,FE,13,
4365156005,000002C0,false,Rx,1,8,18,80,00,00,5C,C0,FE,23,
4365166175,000002C0,false,Rx,1,8,18,80,00,00,5C,C0,FE,33,
4365176007,000002C0,false,Rx,1,8,18,80,00,00,5C,C0,FE,43,
4365186177,000002C0,false,Rx,1,8,18,80,00,00,5C,C0,FE,53,
4365196008,000002C0,false,Rx,1,8,18,80,00,00,5C,C0,FE,63,
4365206179,000002C0,false,Rx,1,8,18,80,00,00,5C,C0,FE,73,
4365216017,000002C0,false,Rx,1,8,18,80,00,00,5C,C0,FE,83,
4365226189,000002C0,false,Rx,1,8,18,80,00,00,5C,C0,FE,93,
4365236013,000002C0,false,Rx,1,8,18,80,00,00,5C,C0,FE,A3,
4365246179,000002C0,false,Rx,1,8,18,80,00,00,5C,C0,FE,B3,
4365256013,000002C0,false,Rx,1,8,18,80,00,00,5C,C0,FE,C3,
4365266182,000002C0,false,Rx,1,8,18,80,00,00,5C,C0,FE,D3,
4365276011,000002C0,false,Rx,1,8,18,80,00,00,5C,C0,FE,E3,
4365286182,000002C0,false,Rx,1,8,18,80,00,00,5C,C0,FE,F3,
4365296013,000002C0,false,Rx,1,8,18,80,00,00,5C,C0,FE,03,
4365306180,000002C0,false,Rx,1,8,18,80,00,00,5C,C0,FE,13,
4365316014,000002C0,false,Rx,1,8,18,80,00,00,5C,C0,FE,23,
4365326187,000002C0,false,Rx,1,8,18,80,00,00,5C,C0,FE,33,
4365336016,000002C0,false,Rx,1,8,18,80,00,00,5C,C0,FE,43,
4365346184,000002C0,false,Rx,1,8,18,80,00,00,5C,C0,FE,53,
4365356014,000002C0,false,Rx,1,8,18,80,00,00,5C,C0,FE,63,
4365366186,000002C0,false,Rx,1,8,18,80,00,00,5C,C0,FE,73,
4365376018,000002C0,false,Rx,1,8,18,80,00,00,5C,C0,FE,83,
4365386185,000002C0,false,Rx,1,8,18,80,00,00,5C,C0,FE,93,
4365396020,000002C0,false,Rx,1,8,18,80,00,00,5C,C0,FE,A3,
4365406186,000002C0,false,Rx,1,8,18,80,00,00,5C,C0,FE,B3,
4365416019,000002C0,false,Rx,1,8,18,80,00,00,5C,C0,FE,C3,
4365426194,000002C0,false,Rx,1,8,18,80,00,00,5C,C0,FE,D3,
4365436017,000002C0,false,Rx,1,8,18,80,00,00,5C,C0,FE,E3,
4365446189,000002C0,false,Rx,1,8,18,80,00,00,5C,C0,FE,F3,
4365456021,000002C0,false,Rx,1,8,18,80,00,00,5C,C0,FE,03,
4365466188,000002C0,false,Rx,1,8,18,80,00,00,5C,C0,FE,13,
4365476021,000002C0,false,Rx,1,8,18,80,00,00,5C,C0,FE,23,
4365486191,000002C0,false,Rx,1,8,18,80,00,00,5C,C0,FE,33,
4365496026,000002C0,false,Rx,1,8,18,80,00,00,5C,C0,FE,43,
4365506190,000002C0,false,Rx,1,8,18,80,00,00,5C,C0,FE,53,
4365516023,000002C0,false,Rx,1,8,18,80,00,00,5C,C0,FE,63,
4365526207,000002C0,false,Rx,1,8,18,80,00,00,5C,C0,FE,73,
4365536025,000002C0,false,Rx,1,8,18,80,00,00,5C,C0,FE,83,
4365546192,000002C0,false,Rx,1,8,18,80,00,00,5C,C0,FE,93,
4365556028,000002C0,false,Rx,1,8,18,80,00,00,5C,C0,FE,A3,
4365566194,000002C0,false,Rx,1,8,18,80,00,00,5C,C0,FE,B3,
4365576026,000002C0,false,Rx,1,8,18,80,00,00,5C,C0,FE,C3,
4365586197,000002C0,false,Rx,1,8,18,80,00,00,5C,C0,FE,D3,
4365596026,000002C0,false,Rx,1,8,18,80,00,00,5C,C0,FE,E3,
4365606198,000002C0,false,Rx,1,8,18,80,00,00,5C,C0,FE,F3,
4365616030,000002C0,false,Rx,1,8,18,80,00,00,5C,C0,FE,03,
4365626202,000002C0,false,Rx,1,8,18,80,00,00,5C,C0,FE,13,
4365636031,000002C0,false,Rx,1,8,18,80,00,00,5C,C0,FE,23,
4365646197,000002C0,false,Rx,1,8,18,80,00,00,5C,C0,FE,33,
4365656031,000002C0,false,Rx,1,8,18,80,00,00,5C,C0,FE,43,
4365666198,000002C0,false,Rx,1,8,18,80,00,00,5C,C0,FE,53,
4365676029,000002C0,false,Rx,1,8,18,80,00,00,5C,C0,FE,63,
4365686201,000002C0,false,Rx,1,8,18,80,00,00,5C,C0,FE,73,
4365696033,000002C0,false,Rx,1,8,18,80,00,00,5C,C0,FE,83,
4365706200,000002C0,false,Rx,1,8,18,80,00,00,5C,C0,FE,93,
4365716037,000002C0,false,Rx,1,8,18,80,00,00,5C,C0,FE,A3,
4365726207,000002C0,false,Rx,1,8,18,80,00,00,5C,C0,FE,B3,
4365736039,000002C0,false,Rx,1,8,18,80,00,00,5C,C0,FE,C3,
4365746204,000002C0,false,Rx,1,8,18,80,00,00,5C,C0,FE,D3,
4365756032,000002C0,false,Rx,1,8,18,80,00,00,5C,C0,FE,E3,
4365766206,000002C0,false,Rx,1,8,18,80,00,00,5C,C0,FE,F3,
4365776036,000002C0,false,Rx,1,8,18,80,00,00,5C,C0,FE,03,
4365786203,000002C0,false,Rx,1,8,18,80,00,00,5C,C0,FE,13,
4365796034,000002C0,false,Rx,1,8,18,80,00,00,5C,C0,FE,23,
4365806206,000002C0,false,Rx,1,8,18,80,00,00,5C,C0,FE,33,
4365816040,000002C0,false,Rx,1,8,18,80,00,00,5C,C0,FE,43,
4365826205,000002C0,false,Rx,1,8,18,80,00,00,5C,C0,FE,53,
4365836045,000002C0,false,Rx,1,8,18,80,00,00,5C,C0,FE,63,
4365846209,000002C0,false,Rx,1,8,18,80,00,00,5C,C0,FE,73,
4365856039,000002C0,false,Rx,1,8,18,80,00,00,5C,C0,FE,83,
4365866207,000002C0,false,Rx,1,8,18,80,00,00,5C,C0,FE,93,
4365876043,000002C0,false,Rx,1,8,18,80,00,00,5C,C0,FE,A3,
4365886209,000002C0,false,Rx,1,8,18,80,00,00,5C,C0,FE,B3,
4365896042,000002C0,false,Rx,1,8,18,80,00,00,5C,C0,FE,C3,
4365906229,000002C0,false,Rx,1,8,18,80,00,00,5C,C0,FE,D3,
4365916041,000002C0,false,Rx,1,8,18,80,00,00,5C,C0,FE,E3,
4365926232,000002C0,false,Rx,1,8,18,80,00,00,5C,C0,FE,F3,
4365936057,000002C0,false,Rx,1,8,18,80,00,00,5C,C0,FE,03,
4365946231,000002C0,false,Rx,1,8,18,80,00,00,5C,C0,FE,13,
4365956042,000002C0,false,Rx,1,8,18,80,00,00,5C,C0,FE,23,
4365966230,000002C0,false,Rx,1,8,18,80,00,00,5C,C0,FE,33,
4365976046,000002C0,false,Rx,1,8,18,80,00,00,5C,C0,FE,43,
4365986233,000002C0,false,Rx,1,8,18,80,00,00,5C,C0,FE,53,
4365996047,000002C0,false,Rx,1,8,18,80,00,00,5C,C0,FE,63,
4366006235,000002C0,false,Rx,1,8,18,80,00,00,5C,C0,FE,73,
4366016050,000002C0,false,Rx,1,8,18,80,00,00,5B,C0,FE,83,
4366026234,000002C0,false,Rx,1,8,18,80,00,00,5B,C0,FE,93,
4366036062,000002C0,false,Rx,1,8,18,80,00,00,5B,C0,FE,A3,
4366046237,000002C0,false,Rx,1,8,18,80,00,00,5B,C0,FE,B3,
4366056049,000002C0,false,Rx,1,8,18,80,00,00,5B,C0,FE,C3,
4366066235,000002C0,false,Rx,1,8,18,80,00,00,5B,C0,FE,D3,
4366076047,000002C0,false,Rx,1,8,18,80,00,00,5B,C0,FE,E3,
4366086238,000002C0,false,Rx,1,8,18,80,00,00,5B,C0,FE,F3,
4366096053,000002C0,false,Rx,1,8,18,80,00,00,5B,C0,FE,03,
4366106237,000002C0,false,Rx,1,8,18,80,00,00,5B,C0,FE,13,
4366116053,000002C0,false,Rx,1,8,18,80,00,00,5B,C0,FE,23,
4366126240,000002C0,false,Rx,1,8,18,80,00,00,5B,C0,FE,33,
4366136058,000002C0,false,Rx,1,8,18,80,00,00,5B,C0,FE,43,
4366146244,000002C0,false,Rx,1,8,18,80,00,00,5B,C0,FE,53,
4366156054,000002C0,false,Rx,1,8,18,80,00,00,5B,C0,FE,63,
4366166241,000002C0,false,Rx,1,8,18,80,00,00,5B,C0,FE,73,
4366176056,000002C0,false,Rx,1,8,18,80,00,00,5B,C0,FE,83,
4366186241,000002C0,false,Rx,1,8,18,80,00,00,5B,C0,FE,93,
4366196056,000002C0,false,Rx,1,8,18,80,00,00,5B,C0,FE,A3,
4366206245,000002C0,false,Rx,1,8,18,80,00,00,5B,C0,FE,B3,
4366216058,000002C0,false,Rx,1,8,18,80,00,00,5B,C0,FE,C3,
4366226251,000002C0,false,Rx,1,8,18,80,00,00,5B,C0,FE,D3,
4366236056,000002C0,false,Rx,1,8,18,80,00,00,5B,C0,FE,E3,
4366246249,000002C0,false,Rx,1,8,18,80,00,00,5B,C0,FE,F3,
4366256061,000002C0,false,Rx,1,8,18,80,00,00,5B,C0,FE,03,
4366266245,000002C0,false,Rx,1,8,18,80,00,00,5B,C0,FE,13,
4366276059,000002C0,false,Rx,1,8,18,80,00,00,5B,C0,FE,23,
4366286246,000002C0,false,Rx,1,8,18,80,00,00,5B,C0,FE,33,
4366296058,000002C0,false,Rx,1,8,18,80,00,00,5B,C0,FE,43,
4366306246,000002C0,false,Rx,1,8,18,80,00,00,5B,C0,FE,53,
4366316063,000002C0,false,Rx,1,8,18,80,00,00,5B,C0,FE,63,
4366326263,000002C0,false,Rx,1,8,18,80,00,00,5B,C0,FE,73,
4366336066,000002C0,false,Rx,1,8,18,80,00,00,5B,C0,FE,83,
4366346252,000002C0,false,Rx,1,8,18,80,00,00,5B,C0,FE,93,
4366356063,000002C0,false,Rx,1,8,18,80,00,00,5B,C0,FE,A3,
4366366246,000002C0,false,Rx,1,8,18,80,00,00,5B,C0,FE,B3,
4366376064,000002C0,false,Rx,1,8,18,80,00,00,5B,C0,FE,C3,
4366386247,000002C0,false,Rx,1,8,18,80,00,00,5B,C0,FE,D3,
4366396063,000002C0,false,Rx,1,8,18,80,00,00,5B,C0,FE,E3,
4366406246,000002C0,false,Rx,1,8,18,80,00,00,5B,C0,FE,F3,
4366416068,000002C0,false,Rx,1,8,18,80,00,00,5B,C0,FE,03,
4366426246,000002C0,false,Rx,1,8,18,80,00,00,5B,C0,FE,13,
4366436066,000002C0,false,Rx,1,8,18,80,00,00,5B,C0,FE,23,
4366446251,000002C0,false,Rx,1,8,18,80,00,00,5B,C0,FE,33,
4366456066,000002C0,false,Rx,1,8,18,80,00,00,5B,C0,FE,43,
4366466246,000002C0,false,Rx,1,8,18,80,00,00,5B,C0,FE,53,
4366476068,000002C0,false,Rx,1,8,18,80,00,00,5B,C0,FE,63,
4366486247,000002C0,false,Rx,1,8,18,80,00,00,5B,C0,FE,73,
4366496075,000002C0,false,Rx,1,8,18,80,00,00,5B,C0,FE,83,
4366506260,000002C0,false,Rx,1,8,18,80,00,00,5B,C0,FE,93,
4366516079,000002C0,false,Rx,1,8,18,80,00,00,5B,C0,FE,A3,
4366526247,000002C0,false,Rx,1,8,18,80,00,00,5B,C0,FE,B3,
4366536071,000002C0,false,Rx,1,8,18,80,00,00,5B,C0,FE,C3,
4366546249,000002C0,false,Rx,1,8,18,80,00,00,5B,C0,FE,D3,
4366556072,000002C0,false,Rx,1,8,18,80,00,00,5B,C0,FE,E3,
4366566246,000002C0,false,Rx,1,8,18,80,00,00,5B,C0,FE,F3,
4366576075,000002C0,false,Rx,1,8,18,80,00,00,5B,C0,FE,03,
4366586247,000002C0,false,Rx,1,8,18,80,00,00,5B,C0,FE,13,
4366596075,000002C0,false,Rx,1,8,18,80,00,00,5B,C0,FE,23,
4366606246,000002C0,false,Rx,1,8,18,80,00,00,5B,C0,FE,33,
4366616074,000002C0,false,Rx,1,8,18,80,00,00,5B,C0,FE,43,
4366626247,000002C0,false,Rx,1,8,18,80,00,00,5B,C0,FE,53,
4366636076,000002C0,false,Rx,1,8,18,80,00,00,5B,C0,FE,63,
4366646246,000002C0,false,Rx,1,8,18,80,00,00,5B,C0,FE,73,
4366656082,000002C0,false,Rx,1,8,18,80,00,00,5B,C0,FE,83,
4366666247,000002C0,false,Rx,1,8,18,80,00,00,5B,C0,FE,93,
4366676078,000002C0,false,Rx,1,8,18,80,00,00,5B,C0,FE,A3,
4366686248,000002C0,false,Rx,1,8,18,80,00,00,5B,C0,FE,B3,
4366696078,000002C0,false,Rx,1,8,18,80,00,00,5B,C0,FE,C3,
4366706247,000002C0,false,Rx,1,8,18,80,00,00,5B,C0,FE,D3,
4366716079,000002C0,false,Rx,1,8,18,80,00,00,5B,C0,FE,E3,
4366726254,000002C0,false,Rx,1,8,18,80,00,00,5B,C0,FE,F3,
4366736083,000002C0,false,Rx,1,8,18,80,00,00,5B,C0,FE,03,
4366746249,000002C0,false,Rx,1,8,18,80,00,00,5B,C0,FE,13,
4366756085,000002C0,false,Rx,1,8,18,80,00,00,5B,C0,FE,23,
4366766250,000002C0,false,Rx,1,8,18,80,00,00,5B,C0,FE,33,
4366776081,000002C0,false,Rx,1,8,18,80,00,00,5B,C0,FE,43,
4366786252,000002C0,false,Rx,1,8,18,80,00,00,5B,C0,FE,53,
4366796083,000002C0,false,Rx,1,8,18,80,00,00,5B,C0,FE,63,
4366806256,000002C0,false,Rx,1,8,18,80,00,00,5B,C0,FE,73,
4366816088,000002C0,false,Rx,1,8,18,80,00,00,5B,C0,FE,83,
4366826252,000002C0,false,Rx,1,8,18,80,00,00,5B,C0,FE,93,
4366836084,000002C0,false,Rx,1,8,18,80,00,00,5B,C0,FE,A3,
4366846257,000002C0,false,Rx,1,8,18,80,00,00,5B,C0,FE,B3,
4366856097,000002C0,false,Rx,1,8,18,80,00,00,5B,C0,FE,C3,
4366866257,000002C0,false,Rx,1,8,18,80,00,00,5B,C0,FE,D3,
4366876086,000002C0,false,Rx,1,8,18,80,00,00,5B,C0,FE,E3,
4366886256,000002C0,false,Rx,1,8,18,80,00,00,5B,C0,FE,F3,
4366896090,000002C0,false,Rx,1,8,18,80,00,00,5B,C0,FE,03,
4366906255,000002C0,false,Rx,1,8,18,80,00,00,5B,C0,FE,13,
4366916089,000002C0,false,Rx,1,8,18,80,00,00,5B,C0,FE,23,
4366926257,000002C0,false,Rx,1,8,18,80,00,00,5B,C0,FE,33,
4366936087,000002C0,false,Rx,1,8,18,80,00,00,5B,C0,FE,43,
4366946259,000002C0,false,Rx,1,8,18,80,00,00,5B,C0,FE,53,
4366956098,000002C0,false,Rx,1,8,18,80,00,00,5B,C0,FE,63,
4366966259,000002C0,false,Rx,1,8,18,80,00,00,5B,C0,FE,73,
4366976093,000002C0,false,Rx,1,8,18,80,00,00,5B,C0,FE,83,
4366986262,000002C0,false,Rx,1,8,18,80,00,00,5B,C0,FE,93,
4366996100,000002C0,false,Rx,1,8,18,80,00,00,5B,C0,FE,A3,
4367006263,000002C0,false,Rx,1,8,18,80,00,00,5B,C0,FE,B3,
4367016094,000002C0,false,Rx,1,8,18,80,00,00,5B,C0,FE,C3,
4367026260,000002C0,false,Rx,1,8,18,80,00,00,5B,C0,FE,D3,
4367036092,000002C0,false,Rx,1,8,18,80,00,00,5B,C0,FE,E3,
4367046262,000002C0,false,Rx,1,8,18,80,00,00,5B,C0,FE,F3,
4367056098,000002C0,false,Rx,1,8,18,80,00,00,5B,C0,FE,03,
4367066268,000002C0,false,Rx,1,8,18,80,00,00,5B,C0,FE,13,
4367076096,000002C0,false,Rx,1,8,18,80,00,00,5B,C0,FE,23,
4367086265,000002C0,false,Rx,1,8,18,80,00,00,5B,C0,FE,33,
4367096098,000002C0,false,Rx,1,8,18,80,00,00,5B,C0,FE,43,
4367106267,000002C0,false,Rx,1,8,18,80,00,00,5B,C0,FE,53,
4367116100,000002C0,false,Rx,1,8,18,80,00,00,5B,C0,FE,63,
4367126266,000002C0,false,Rx,1,8,18,80,00,00,5B,C0,FE,73,
4367136101,000002C0,false,Rx,1,8,18,80,00,00,5B,C0,FE,83,
4367146267,000002C0,false,Rx,1,8,18,80,00,00,5B,C0,FE,93,
4367156101,000002C0,false,Rx,1,8,18,80,00,00,5B,C0,FE,A3,
4367166272,000002C0,false,Rx,1,8,18,80,00,00,5B,C0,FE,B3,
4367176101,000002C0,false,Rx,1,8,18,80,00,00,5B,C0,FE,C3,
4367186270,000002C0,false,Rx,1,8,18,80,00,00,5B,C0,FE,D3,
4367196101,000002C0,false,Rx,1,8,18,80,00,00,5B,C0,FE,E3,
4367206269,000002C0,false,Rx,1,8,18,80,00,00,5B,C0,FE,F3,
4367216107,000002C0,false,Rx,1,8,18,80,00,00,5B,C0,FE,03,
4367226277,000002C0,false,Rx,1,8,18,80,00,00,5B,C0,FE,13,
4367236106,000002C0,false,Rx,1,8,18,80,00,00,5B,C0,FE,23,
4367246272,000002C0,false,Rx,1,8,18,80,00,00,5B,C0,FE,33,
4367256102,000002C0,false,Rx,1,8,18,80,00,00,5B,C0,FE,43,
4367266283,000002C0,false,Rx,1,8,18,80,00,00,5B,C0,FE,53,
4367276107,000002C0,false,Rx,1,8,18,80,00,00,5B,C0,FE,63,
4367286274,000002C0,false,Rx,1,8,18,80,00,00,5B,C0,FE,73,
4367296111,000002C0,false,Rx,1,8,18,80,00,00,5B,C0,FE,83,
4367306274,000002C0,false,Rx,1,8,18,80,00,00,5B,C0,FE,93,
4367316108,000002C0,false,Rx,1,8,18,80,00,00,5B,C0,FE,A3,
4367326278,000002C0,false,Rx,1,8,18,80,00,00,5B,C0,FE,B3,
4367336108,000002C0,false,Rx,1,8,18,80,00,00,5B,C0,FE,C3,
4367346275,000002C0,false,Rx,1,8,18,80,00,00,5B,C0,FE,D3,
4367356107,000002C0,false,Rx,1,8,18,80,00,00,5B,C0,FE,E3,
4367366285,000002C0,false,Rx,1,8,18,80,00,00,5B,C0,FE,F3,
4367376113,000002C0,false,Rx,1,8,18,80,00,00,5B,C0,FE,03,
4367386278,000002C0,false,Rx,1,8,18,80,00,00,5B,C0,FE,13,
4367396114,000002C0,false,Rx,1,8,18,80,00,00,5B,C0,FE,23,
4367406279,000002C0,false,Rx,1,8,18,80,00,00,5B,C0,FE,33,
4367416111,000002C0,false,Rx,1,8,18,80,00,00,5B,C0,FE,43,
4367426281,000002C0,false,Rx,1,8,18,80,00,00,5B,C0,FE,53,
4367436113,000002C0,false,Rx,1,8,18,80,00,00,5B,C0,FE,63,
4367446281,000002C0,false,Rx,1,8,18,80,00,00,5B,C0,FE,73,
4367456117,000002C0,false,Rx,1,8,18,80,00,00,5B,C0,FE,83,
4367466281,000002C0,false,Rx,1,8,18,80,00,00,5B,C0,FE,93,
4367476117,000002C0,false,Rx,1,8,18,80,00,00,5B,C0,FE,A3,
4367486286,000002C0,false,Rx,1,8,18,80,00,00,5B,C0,FE,B3,
4367496119,000002C0,false,Rx,1,8,18,80,00,00,5B,C0,FE,C3,
4367506284,000002C0,false,Rx,1,8,18,80,00,00,5B,C0,FE,D3,
4367516116,000002C0,false,Rx,1,8,18,80,00,00,5B,C0,FE,E3,
4367526286,000002C0,false,Rx,1,8,18,80,00,00,5B,C0,FE,F3,
4367536119,000002C0,false,Rx,1,8,18,80,00,00,5B,C0,FE,03,
4367546285,000002C0,false,Rx,1,8,18,80,00,00,5B,C0,FE,13,
4367556119,000002C0,false,Rx,1,8,18,80,00,00,5B,C0,FE,23,
4367566287,000002C0,false,Rx,1,8,18,80,00,00,5B,C0,FE,33,
4367576127,000002C0,false,Rx,1,8,18,80,00,00,5B,C0,FE,43,
4367586288,000002C0,false,Rx,1,8,18,80,00,00,5B,C0,FE,53,
4367596123,000002C0,false,Rx,1,8,18,80,00,00,5B,C0,FE,63,
4367606289,000002C0,false,Rx,1,8,18,80,00,00,5B,C0,FE,73,
4367616125,000002C0,false,Rx,1,8,18,80,00,00,5B,C0,FE,83,
4367626288,000002C0,false,Rx,1,8,18,80,00,00,5B,C0,FE,93,
4367636123,000002C0,false,Rx,1,8,18,80,00,00,5B,C0,FE,A3,
4367646292,000002C0,false,Rx,1,8,18,80,00,00,5B,C0,FE,B3,
4367656124,000002C0,false,Rx,1,8,18,80,00,00,5B,C0,FE,C3,
4367666292,000002C0,false,Rx,1,8,18,80,00,00,5B,C0,FE,D3,
4367676124,000002C0,false,Rx,1,8,18,80,00,00,5B,C0,FE,E3,
4367686292,000002C0,false,Rx,1,8,18,80,00,00,5B,C0,FE,F3,
4367696129,000002C0,false,Rx,1,8,18,80,00,00,5B,C0,FE,03,
4367706293,000002C0,false,Rx,1,8,18,80,00,00,5B,C0,FE,13,
4367716128,000002C0,false,Rx,1,8,18,80,00,00,5B,C0,FE,23,
4367726299,000002C0,false,Rx,1,8,18,80,00,00,5B,C0,FE,33,
4367736126,000002C0,false,Rx,1,8,18,80,00,00,5B,C0,FE,43,
4367746297,000002C0,false,Rx,1,8,18,80,00,00,5B,C0,FE,53,
4367756127,000002C0,false,Rx,1,8,18,80,00,00,5B,C0,FE,63,
4367766297,000002C0,false,Rx,1,8,18,80,00,00,5B,C0,FE,73,
4367776138,000002C0,false,Rx,1,8,18,80,00,00,5B,C0,FE,83,
4367786297,000002C0,false,Rx,1,8,18,80,00,00,5B,C0,FE,93,
4367796132,000002C0,false,Rx,1,8,18,80,00,00,5B,C0,FE,A3,
4367806299,000002C0,false,Rx,1,8,18,80,00,00,5B,C0,FE,B3,
4367816133,000002C0,false,Rx,1,8,18,80,00,00,5B,C0,FE,C3,
4367826299,000002C0,false,Rx,1,8,18,80,00,00,5B,C0,FE,D3,
4367836129,000002C0,false,Rx,1,8,18,80,00,00,5B,C0,FE,E3,
4367846301,000002C0,false,Rx,1,8,18,80,00,00,5B,C0,FE,F3,
4367856134,000002C0,false,Rx,1,8,18,80,00,00,5B,C0,FE,03,
4367866299,000002C0,false,Rx,1,8,18,80,00,00,5B,C0,FE,13,
4367876134,000002C0,false,Rx,1,8,18,80,00,00,5B,C0,FE,23,
4367886304,000002C0,false,Rx,1,8,18,80,00,00,5B,C0,FE,33,
4367896135,000002C0,false,Rx,1,8,18,80,00,00,5B,C0,FE,43,
4367906304,000002C0,false,Rx,1,8,18,80,00,00,5B,C0,FE,53,
4367915402,00000200,false,Rx,0,7,1F,C0,00,10,00,03,01,00,
4367916136,000002C0,false,Rx,1,8,18,80,00,00,5B,C0,FE,63,
4367926304,000002C0,false,Rx,1,8,18,80,00,00,5B,C0,FE,73,
4367936138,000002C0,false,Rx,1,8,18,80,00,00,5B,C0,FE,83,
4367946303,000002C0,false,Rx,1,8,18,80,00,00,5B,C0,FE,93,
4367956137,000002C0,false,Rx,1,8,18,80,00,00,5B,C0,FE,A3,
4367966307,000002C0,false,Rx,1,8,18,80,00,00,5B,C0,FE,B3,
4367976137,000002C0,false,Rx,1,8,18,80,00,00,5B,C0,FE,C3,
4367986313,000002C0,false,Rx,1,8,18,80,00,00,5B,C0,FE,D3,
4367992874,00000200,false,Rx,0,7,1F,C0,00,10,00,03,01,00,
4367996138,000002C0,false,Rx,1,8,18,80,00,00,5B,C0,FE,E3,
4368006308,000002C0,false,Rx,1,8,18,80,00,00,5B,C0,FE,F3,
4368016143,000002C0,false,Rx,1,8,18,80,00,00,5B,C0,FE,03,
4368026307,000002C0,false,Rx,1,8,18,80,00,00,5B,C0,FE,13,
4368036141,000002C0,false,Rx,1,8,18,80,00,00,5B,C0,FE,23,
4368046309,000002C0,false,Rx,1,8,18,80,00,00,5B,C0,FE,33,
4368056139,000002C0,false,Rx,1,8,18,80,00,00,5B,C0,FE,43,
4368066312,000002C0,false,Rx,1,8,18,80,00,00,5B,C0,FE,53,
4368070532,00000200,false,Rx,0,7,1F,C0,00,10,00,03,01,00,
4368076143,000002C0,false,Rx,1,8,18,80,00,00,5B,C0,FE,63,
4368086326,000002C0,false,Rx,1,8,18,80,00,00,5B,C0,FE,73,
4368096148,000002C0,false,Rx,1,8,18,80,00,00,5B,C0,FE,83,
4368106310,000002C0,false,Rx,1,8,18,80,00,00,5B,C0,FE,93,
4368116146,000002C0,false,Rx,1,8,18,80,00,00,5B,C0,FE,A3,
4368126314,000002C0,false,Rx,1,8,18,80,00,00,5B,C0,FE,B3,
4368136146,000002C0,false,Rx,1,8,18,80,00,00,5B,C0,FE,C3,
4368146314,000002C0,false,Rx,1,8,18,80,00,00,5B,C0,FE,D3,
4368147371,00000200,false,Rx,0,7,1F,C0,00,10,00,03,01,00,
4368156144,000002C0,false,Rx,1,8,18,80,00,00,5B,C0,FE,E3,
4368166314,000002C0,false,Rx,1,8,18,80,00,00,5B,C0,FE,F3,
4368176150,000002C0,false,Rx,1,8,18,80,00,00,5B,C0,FE,03,
4368186327,000002C0,false,Rx,1,8,18,80,00,00,5B,C0,FE,13,
4368196151,000002C0,false,Rx,1,8,18,80,00,00,5B,C0,FE,23,
4368206316,000002C0,false,Rx,1,8,18,80,00,00,5B,C0,FE,33,
4368216148,000002C0,false,Rx,1,8,18,80,00,00,5B,C0,FE,43,
4368224324,00000200,false,Rx,0,7,1F,C0,00,10,00,03,01,00,
4368226318,000002C0,false,Rx,1,8,18,80,00,00,5B,C0,FE,53,
4368236150,000002C0,false,Rx,1,8,18,80,00,00,5B,C0,FE,63,
4368246318,000002C0,false,Rx,1,8,18,80,00,00,5B,C0,FE,73,
4368256154,000002C0,false,Rx,1,8,18,80,00,00,5B,C0,FE,83,
4368266319,000002C0,false,Rx,1,8,18,80,00,00,5B,C0,FE,93,
4368276152,000002C0,false,Rx,1,8,18,80,00,00,5B,C0,FE,A3,
4368286322,000002C0,false,Rx,1,8,18,80,00,00,5B,C0,FE,B3,
4368296157,000002C0,false,Rx,1,8,18,80,00,00,5B,C0,FE,C3,
4368301239,00000200,false,Rx,0,7,1F,C0,00,10,00,03,01,00,
4368306321,000002C0,false,Rx,1,8,18,80,00,00,5B,C0,FE,D3,
4368316152,000002C0,false,Rx,1,8,18,80,00,00,5B,C0,FE,E3,
4368326332,000002C0,false,Rx,1,8,18,80,00,00,5B,C0,FE,F3,
4368336157,000002C0,false,Rx,1,8,18,80,00,00,5B,C0,FE,03,
4368346323,000002C0,false,Rx,1,8,18,80,00,00,5B,C0,FE,13,
4368356155,000002C0,false,Rx,1,8,18,80,00,00,5B,C0,FE,23,
4368366323,000002C0,false,Rx,1,8,18,80,00,00,5B,C0,FE,33,
4368376156,000002C0,false,Rx,1,8,18,80,00,00,5B,C0,FE,43,
4368378111,00000200,false,Rx,0,7,1F,C0,00,10,00,03,01,00,
4368386327,000002C0,false,Rx,1,8,18,80,00,00,5B,C0,FE,53,
4368396167,000002C0,false,Rx,1,8,18,80,00,00,5B,C0,FE,63,
4368406325,000002C0,false,Rx,1,8,18,80,00,00,5B,C0,FE,73,
4368416161,000002C0,false,Rx,1,8,18,80,00,00,5B,C0,FE,83,
4368426327,000002C0,false,Rx,1,8,18,80,00,00,5B,C0,FE,93,
4368436159,000002C0,false,Rx,1,8,18,80,00,00,5B,C0,FE,A3,
4368446329,000002C0,false,Rx,1,8,18,80,00,00,5B,C0,FE,B3,
4368455025,00000200,false,Rx,0,7,1F,C0,00,10,00,03,01,00,
4368456161,000002C0,false,Rx,1,8,18,80,00,00,5B,C0,FE,C3,
4368466328,000002C0,false,Rx,1,8,18,80,00,00,5B,C0,FE,D3,
4368476159,000002C0,false,Rx,1,8,18,80,00,00,5B,C0,FE,E3,
4368486328,000002C0,false,Rx,1,8,18,80,00,00,5B,C0,FE,F3,
4368496173,000002C0,false,Rx,1,8,18,80,00,00,5B,C0,FE,03,
4368506330,000002C0,false,Rx,1,8,18,80,00,00,5B,C0,FE,13,
4368516164,000002C0,false,Rx,1,8,18,80,00,00,5B,C0,FE,23,
4368526330,000002C0,false,Rx,1,8,18,80,00,00,5B,C0,FE,33,
4368531959,00000200,false,Rx,0,7,1F,C0,00,10,00,03,01,00,
4368536162,000002C0,false,Rx,1,8,18,80,00,00,5B,C0,FE,43,
4368546334,000002C0,false,Rx,1,8,18,80,00,00,5B,C0,FE,53,
4368556164,000002C0,false,Rx,1,8,18,80,00,00,5B,C0,FE,63,
4368566333,000002C0,false,Rx,1,8,18,80,00,00,5B,C0,FE,73,
4368576169,000002C0,false,Rx,1,8,18,80,00,00,5B,C0,FE,83,
4368586333,000002C0,false,Rx,1,8,18,80,00,00,5B,C0,FE,93,
4368596173,000002C0,false,Rx,1,8,18,80,00,00,5B,C0,FE,A3,
4368606337,000002C0,false,Rx,1,8,18,80,00,00,5B,C0,FE,B3,
4368608820,00000200,false,Rx,0,7,1F,C0,00,10,00,03,01,00,
4368616168,000002C0,false,Rx,1,8,18,80,00,00,5B,C0,FE,C3,
4368626336,000002C0,false,Rx,1,8,18,80,00,00,5B,C0,FE,D3,
4368636166,000002C0,false,Rx,1,8,18,80,00,00,5B,C0,FE,E3,
4368646336,000002C0,false,Rx,1,8,18,80,00,00,5B,C0,FE,F3,
4368656171,000002C0,false,Rx,1,8,18,80,00,00,5B,C0,FE,03,
4368666337,000002C0,false,Rx,1,8,18,80,00,00,5B,C0,FE,13,
4368676169,000002C0,false,Rx,1,8,18,80,00,00,5B,C0,FE,23,
4368686339,000002C0,false,Rx,1,8,18,80,00,00,5B,C0,FE,33,
4368695856,00000710,false,Rx,0,8,02,10,03,55,55,55,55,55,
4368696348,000002C0,false,Rx,1,8,18,80,00,00,5B,C0,FE,43,
4368706345,000002C0,false,Rx,1,8,18,80,00,00,5B,C0,FE,53,
4368716173,000002C0,false,Rx,1,8,18,80,00,00,5B,C0,FE,63,
4368726345,000002C0,false,Rx,1,8,18,80,00,00,5B,C0,FE,73,
4368736175,000002C0,false,Rx,1,8,18,80,00,00,5B,C0,FE,83,
4368746341,000002C0,false,Rx,1,8,18,80,00,00,5B,C0,FE,93,
4368756175,000002C0,false,Rx,1,8,18,80,00,00,5B,C0,FE,A3,
4368766344,000002C0,false,Rx,1,8,18,80,00,00,5B,C0,FE,B3,
4368776175,000002C0,false,Rx,1,8,18,80,00,00,5B,C0,FE,C3,
4368786342,000002C0,false,Rx,1,8,18,80,00,00,5B,C0,FE,D3,
4368796173,000002C0,false,Rx,1,8,18,80,00,00,5B,C0,FE,E3,
4368806350,000002C0,false,Rx,1,8,18,80,00,00,5B,C0,FE,F3,
4368816180,000002C0,false,Rx,1,8,18,80,00,00,5B,C0,FE,03,
4368826345,000002C0,false,Rx,1,8,18,80,00,00,5B,C0,FE,13,
4368836178,000002C0,false,Rx,1,8,18,80,00,00,5B,C0,FE,23,
4368846346,000002C0,false,Rx,1,8,18,80,00,00,5B,C0,FE,33,
4368856176,000002C0,false,Rx,1,8,18,80,00,00,5B,C0,FE,43,
4368866347,000002C0,false,Rx,1,8,18,80,00,00,5B,C0,FE,53,
4368876180,000002C0,false,Rx,1,8,18,80,00,00,5B,C0,FE,63,
4368886347,000002C0,false,Rx,1,8,18,80,00,00,5B,C0,FE,73,
4368896182,000002C0,false,Rx,1,8,18,80,00,00,5B,C0,FE,83,
4368906361,000002C0,false,Rx,1,8,18,80,00,00,5B,C0,FE,93,
4368916181,000002C0,false,Rx,1,8,18,80,00,00,5B,C0,FE,A3,
4368926352,000002C0,false,Rx,1,8,18,80,00,00,5B,C0,FE,B3,
4368936181,000002C0,false,Rx,1,8,18,80,00,00,5B,C0,FE,C3,
4368946349,000002C0,false,Rx,1,8,18,80,00,00,5B,C0,FE,D3,
4368956181,000002C0,false,Rx,1,8,18,80,00,00,5B,C0,FE,E3,
4368959255,00000200,false,Rx,0,7,0A,C0,00,10,00,03,01,00,
4368966351,000002C0,false,Rx,1,8,18,80,00,00,5B,C0,FE,F3,
4368976165,0000020A,false,Rx,1,7,00,D0,00,03,64,07,01,00,
4368976412,000002C0,false,Rx,1,8,18,80,00,00,5B,C0,FE,03,
4368983257,00000764,false,Rx,0,6,A0,0F,8A,FF,32,FF,00,00,
4368986359,000002C0,false,Rx,1,8,18,80,00,00,5B,C0,FE,13,
4368996149,00000300,false,Rx,1,6,A1,0F,8A,FF,4A,FF,00,00,
4368996386,000002C0,false,Rx,1,8,18,80,00,00,5B,C0,FE,23,
4369006375,000002C0,false,Rx,1,8,18,80,00,00,5B,C0,FE,33,
4369016186,000002C0,false,Rx,1,8,18,80,00,00,5B,C0,FE,43,
4369026356,000002C0,false,Rx,1,8,18,80,00,00,5B,C0,FE,53,
4369036188,000002C0,false,Rx,1,8,18,80,00,00,5B,C0,FE,63,
4369046355,000002C0,false,Rx,1,8,18,80,00,00,5B,C0,FE,73,
4369056189,000002C0,false,Rx,1,8,18,80,00,00,5B,C0,FE,83,
4369066357,000002C0,false,Rx,1,8,18,80,00,00,5B,C0,FE,93,
4369076189,000002C0,false,Rx,1,8,18,80,00,00,5B,C0,FE,A3,
4369086358,000002C0,false,Rx,1,8,18,80,00,00,5B,C0,FE,B3,
4369096189,000002C0,false,Rx,1,8,18,80,00,00,5B,C0,FE,C3,
4369106365,000002C0,false,Rx,1,8,18,80,00,00,5B,C0,FE,D3,
4369116194,000002C0,false,Rx,1,8,18,80,00,00,5B,C0,FE,E3,
4369121339,00000764,false,Rx,0,5,10,00,02,10,89,00,00,00,
4369126363,000002C0,false,Rx,1,8,18,80,00,00,5B,C0,FE,F3,
4369136064,00000300,false,Rx,1,1,B1,00,00,00,00,00,00,00,
4369136307,000002C0,false,Rx,1,8,18,80,00,00,5B,C0,FE,03,
4369146305,00000300,false,Rx,1,5,10,00,02,50,89,00,00,00,
4369146543,000002C0,false,Rx,1,8,18,80,00,00,5B,C0,FE,13,
4369151776,00000764,false,Rx,0,1,B1,00,00,00,00,00,00,00,
4369156193,000002C0,false,Rx,1,8,18,80,00,00,5B,C0,FE,23,
4369166361,000002C0,false,Rx,1,8,18,80,00,00,5B,C0,FE,33,
4369176191,000002C0,false,Rx,1,8,18,80,00,00,5B,C0,FE,43,
4369186362,000002C0,false,Rx,1,8,18,80,00,00,5B,C0,FE,53,
4369196193,000002C0,false,Rx,1,8,18,80,00,00,5B,C0,FE,63,
4369206363,000002C0,false,Rx,1,8,18,80,00,00,5B,C0,FE,73,
4369216204,000002C0,false,Rx,1,8,18,80,00,00,5B,C0,FE,83,
4369226370,000002C0,false,Rx,1,8,18,80,00,00,5B,C0,FE,93,
4369236197,000002C0,false,Rx,1,8,18,80,00,00,5B,C0,FE,A3,
4369246366,000002C0,false,Rx,1,8,18,80,00,00,5B,C0,FE,B3,
4369256196,000002C0,false,Rx,1,8,18,80,00,00,5B,C0,FE,C3,
4369266364,000002C0,false,Rx,1,8,18,80,00,00,5B,C0,FE,D3,
4369276197,000002C0,false,Rx,1,8,18,80,00,00,5B,C0,FE,E3,
4369286366,000002C0,false,Rx,1,8,18,80,00,00,5B,C0,FE,F3,
4369296201,000002C0,false,Rx,1,8,18,80,00,00,5B,C0,FE,03,
4369306366,000002C0,false,Rx,1,8,18,80,00,00,5B,C0,FE,13,
4369316207,000002C0,false,Rx,1,8,18,80,00,00,5B,C0,FE,23,
4369326368,000002C0,false,Rx,1,8,18,80,00,00,5B,C0,FE,33,
4369336198,000002C0,false,Rx,1,8,18,80,00,00,5B,C0,FE,43,
4369337017,00000764,false,Rx,0,5,11,00,02,1A,9B,00,00,00,
4369346369,000002C0,false,Rx,1,8,18,80,00,00,5B,C0,FE,53,
4369356075,00000300,false,Rx,1,1,B2,00,00,00,00,00,00,00,
4369356316,000002C0,false,Rx,1,8,18,80,00,00,5B,C0,FE,63,
4369366368,00000300,false,Rx,1,8,21,00,30,5A,9B,30,41,59,
4369366606,000002C0,false,Rx,1,8,18,80,00,00,5B,C0,FE,73,
4369376196,00000300,false,Rx,1,8,22,39,30,37,35,35,34,43,
4369376443,000002C0,false,Rx,1,8,18,80,00,00,5B,C0,FE,83,
4369386378,00000300,false,Rx,1,8,23,20,20,30,30,34,31,03,
4369386612,000002C0,false,Rx,1,8,18,80,00,00,5B,C0,FE,93,
4369396234,00000300,false,Rx,1,8,24,00,00,05,00,00,00,00,
4369396455,000002C0,false,Rx,1,8,18,80,00,00,5B,C0,FE,A3,
4369406373,00000300,false,Rx,1,8,25,00,00,48,61,6C,64,65,
4369406617,000002C0,false,Rx,1,8,18,80,00,00,5B,C0,FE,B3,
4369416234,00000300,false,Rx,1,8,26,78,20,34,4D,6F,74,69,
4369416441,000002C0,false,Rx,1,8,18,80,00,00,5B,C0,FE,C3,
4369426376,00000300,false,Rx,1,8,27,6F,6E,20,20,20,20,20,
4369426613,000002C0,false,Rx,1,8,18,80,00,00,5B,C0,FE,D3,
4369436103,00000300,false,Rx,1,2,18,20,00,00,00,00,00,00,
4369436345,000002C0,false,Rx,1,8,18,80,00,00,5B,C0,FE,E3,
4369441456,00000764,false,Rx,0,1,B9,00,00,00,00,00,00,00,
4369446374,000002C0,false,Rx,1,8,18,80,00,00,5B,C0,FE,F3,
4369456207,000002C0,false,Rx,1,8,18,80,00,00,5B,C0,FE,03,
4369466375,000002C0,false,Rx,1,8,18,80,00,00,5B,C0,FE,13,
4369476207,000002C0,false,Rx,1,8,18,80,00,00,5B,C0,FE,23,
4369486375,000002C0,false,Rx,1,8,18,80,00,00,5B,C0,FE,33,
4369496206,000002C0,false,Rx,1,8,18,80,00,00,5B,C0,FE,43,
4369506377,000002C0,false,Rx,1,8,18,80,00,00,5B,C0,FE,53,
4369516244,000002C0,false,Rx,1,8,18,80,00,00,5B,C0,FE,63,
4369526377,000002C0,false,Rx,1,8,18,80,00,00,5B,C0,FE,73,
4369536231,000002C0,false,Rx,1,8,18,80,00,00,5B,C0,FE,83,
4369546378,000002C0,false,Rx,1,8,18,80,00,00,5B,C0,FE,93,
4369556227,000002C0,false,Rx,1,8,18,80,00,00,5B,C0,FE,A3,
4369566380,000002C0,false,Rx,1,8,18,80,00,00,5B,C0,FE,B3,
4369576230,000002C0,false,Rx,1,8,18,80,00,00,5B,C0,FE,C3,
4369586380,000002C0,false,Rx,1,8,18,80,00,00,5B,C0,FE,D3,
4369596229,000002C0,false,Rx,1,8,18,80,00,00,5B,C0,FE,E3,
4369606380,000002C0,false,Rx,1,8,18,80,00,00,5B,C0,FE,F3,
4369616234,000002C0,false,Rx,1,8,18,80,00,00,5B,C0,FE,03,
4369626389,000002C0,false,Rx,1,8,18,80,00,00,5B,C0,FE,13,
4369636234,000002C0,false,Rx,1,8,18,80,00,00,5B,C0,FE,23,
4369646382,000002C0,false,Rx,1,8,18,80,00,00,5B,C0,FE,33,
4369656232,000002C0,false,Rx,1,8,18,80,00,00,5B,C0,FE,43,
4369666385,000002C0,false,Rx,1,8,18,80,00,00,5B,C0,FE,53,
4369676234,000002C0,false,Rx,1,8,18,80,00,00,5B,C0,FE,63,
4369686385,000002C0,false,Rx,1,8,18,80,00,00,5B,C0,FE,73,
4369696238,000002C0,false,Rx,1,8,18,80,00,00,5B,C0,FE,83,
4369706385,000002C0,false,Rx,1,8,18,80,00,00,5B,C0,FE,93,
4369716238,000002C0,false,Rx,1,8,18,80,00,00,5B,C0,FE,A3,
4369726394,000002C0,false,Rx,1,8,18,80,00,00,5B,C0,FE,B3,
4369736238,000002C0,false,Rx,1,8,18,80,00,00,5B,C0,FE,C3,
4369746347,00000764,false,Rx,0,1,A3,00,00,00,00,00,00,00,
4369746388,000002C0,false,Rx,1,8,18,80,00,00,5B,C0,FE,D3,
4369756236,000002C0,false,Rx,1,8,18,80,00,00,5B,C0,FE,E3,
4369766350,00000300,false,Rx,1,6,A1,0F,8A,FF,4A,FF,00,00,
4369766588,000002C0,false,Rx,1,8,18,80,00,00,5B,C0,FE,F3,
4369771274,00000764,false,Rx,0,7,12,00,04,31,B8,00,00,00,
4369776246,000002C0,false,Rx,1,8,18,80,00,00,5B,C0,FE,03,
4369786270,00000300,false,Rx,1,1,B3,00,00,00,00,00,00,00,
4369786501,000002C0,false,Rx,1,8,18,80,00,00,5B,C0,FE,13,
4369796238,00000300,false,Rx,1,8,29,00,0C,71,B8,01,01,01,
4369796460,000002C0,false,Rx,1,8,18,80,00,00,5B,C0,FE,23,
4369806402,00000300,false,Rx,1,8,1A,02,01,04,01,06,01,08,
4369806640,000002C0,false,Rx,1,8,18,80,00,00,5B,C0,FE,33,
4369811183,00000764,false,Rx,0,1,BB,00,00,00,00,00,00,00,
4369816246,000002C0,false,Rx,1,8,18,80,00,00,5B,C0,FE,43,
4369826407,000002C0,false,Rx,1,8,18,80,00,00,5B,C0,FE,53,
4369836244,000002C0,false,Rx,1,8,18,80,00,00,5B,C0,FE,63,
4369846392,000002C0,false,Rx,1,8,18,80,00,00,5B,C0,FE,73,
4369856244,000002C0,false,Rx,1,8,18,80,00,00,5B,C0,FE,83,
4369866391,000002C0,false,Rx,1,8,18,80,00,00,5B,C0,FE,93,
4369876244,000002C0,false,Rx,1,8,18,80,00,00,5B,C0,FE,A3,
4369886395,000002C0,false,Rx,1,8,18,80,00,00,5B,C0,FE,B3,
4369896245,000002C0,false,Rx,1,8,18,80,00,00,5B,C0,FE,C3,
4369906393,000002C0,false,Rx,1,8,18,80,00,00,5B,C0,FE,D3,
4369916244,000002C0,false,Rx,1,8,18,80,00,00,5B,C0,FE,E3,
4369921416,00000764,false,Rx,0,5,13,00,02,1A,91,00,00,00,
4369926402,000002C0,false,Rx,1,8,18,80,00,00,5B,C0,FE,F3,
4369936101,00000300,false,Rx,1,1,B4,00,00,00,00,00,00,00,
4369936347,000002C0,false,Rx,1,8,18,80,00,00,5B,C0,FE,03,
4369946395,00000300,false,Rx,1,8,2B,00,10,5A,91,0D,30,41,
4369946634,000002C0,false,Rx,1,8,18,80,00,00,5B,C0,FE,13,
4369956244,00000300,false,Rx,1,8,2C,59,39,30,37,35,35,34,
4369956466,000002C0,false,Rx,1,8,18,80,00,00,5B,C0,FE,23,
4369966349,00000300,false,Rx,1,5,1D,43,20,20,FF,00,00,00,
4369966588,000002C0,false,Rx,1,8,18,80,00,00,5B,C0,FE,33,
4369971041,00000764,false,Rx,0,1,BE,00,00,00,00,00,00,00,
4369976247,000002C0,false,Rx,1,8,18,80,00,00,5B,C0,FE,43,
4369986400,000002C0,false,Rx,1,8,18,80,00,00,5B,C0,FE,53,
4369996249,000002C0,false,Rx,1,8,18,80,00,00,5B,C0,FE,63,
4370006398,000002C0,false,Rx,1,8,18,80,00,00,5B,C0,FE,73,
4370016246,000002C0,false,Rx,1,8,18,80,00,00,5B,C0,FE,83,
4370026400,000002C0,false,Rx,1,8,18,80,00,00,5B,C0,FE,93,
4370036250,000002C0,false,Rx,1,8,18,80,00,00,5B,C0,FE,A3,
4370046404,000002C0,false,Rx,1,8,18,80,00,00,5B,C0,FE,B3,
4370056246,000002C0,false,Rx,1,8,18,80,00,00,5B,C0,FE,C3,
4370066401,000002C0,false,Rx,1,8,18,80,00,00,5B,C0,FE,D3,
4370076246,000002C0,false,Rx,1,8,18,80,00,00,5B,C0,FE,E3,
4370086403,000002C0,false,Rx,1,8,18,80,00,00,5B,C0,FE,F3,
4370096248,000002C0,false,Rx,1,8,18,80,00,00,5B,C0,FE,03,
4370106403,000002C0,false,Rx,1,8,18,80,00,00,5B,C0,FE,13,
4370116246,000002C0,false,Rx,1,8,18,80,00,00,5B,C0,FE,23,
4370126405,000002C0,false,Rx,1,8,18,80,00,00,5B,C0,FE,33,
4370136251,000002C0,false,Rx,1,8,18,80,00,00,5B,C0,FE,43,
4370146407,000002C0,false,Rx,1,8,18,80,00,00,5B,C0,FE,53,
4370156248,000002C0,false,Rx,1,8,18,80,00,00,5B,C0,FE,63,
4370166406,000002C0,false,Rx,1,8,18,80,00,00,5B,C0,FE,73,
4370176246,000002C0,false,Rx,1,8,18,80,00,00,5B,C0,FE,83,
4370186408,000002C0,false,Rx,1,8,18,80,00,00,5B,C0,FE,93,
4370196248,000002C0,false,Rx,1,8,18,80,00,00,5B,C0,FE,A3,
4370206410,000002C0,false,Rx,1,8,18,80,00,00,5B,C0,FE,B3,
4370216246,000002C0,false,Rx,1,8,18,80,00,00,5B,C0,FE,C3,
4370226415,000002C0,false,Rx,1,8,18,80,00,00,5B,C0,FE,D3,
4370236257,000002C0,false,Rx,1,8,18,80,00,00,5B,C0,FE,E3,
4370246411,000002C0,false,Rx,1,8,18,80,00,00,5B,C0,FE,F3,
4370256247,000002C0,false,Rx,1,8,18,80,00,00,5B,C0,FE,03,
4370266411,000002C0,false,Rx,1,8,18,80,00,00,5B,C0,FE,13,
4370276246,000002C0,false,Rx,1,8,18,80,00,00,5B,C0,FE,23,
4370286411,000002C0,false,Rx,1,8,18,80,00,00,5B,C0,FE,33,
4370296248,000002C0,false,Rx,1,8,18,80,00,00,5B,C0,FE,43,
4370306415,000002C0,false,Rx,1,8,18,80,00,00,5B,C0,FE,53,
4370316248,000002C0,false,Rx,1,8,18,80,00,00,5B,C0,FE,63,
4370326413,000002C0,false,Rx,1,8,18,80,00,00,5B,C0,FE,73,
4370336272,000002C0,false,Rx,1,8,18,80,00,00,5B,C0,FE,83,
4370346418,000002C0,false,Rx,1,8,18,80,00,00,5B,C0,FE,93,
4370356248,000002C0,false,Rx,1,8,18,80,00,00,5B,C0,FE,A3,
4370366418,000002C0,false,Rx,1,8,18,80,00,00,5B,C0,FE,B3,
4370376249,000002C0,false,Rx,1,8,18,80,00,00,5B,C0,FE,C3,
4370386416,000002C0,false,Rx,1,8,18,80,00,00,5B,C0,FE,D3,
4370390051,00000764,false,Rx,0,1,A3,00,00,00,00,00,00,00,
4370396248,000002C0,false,Rx,1,8,18,80,00,00,5B,C0,FE,E3,
4370406381,00000300,false,Rx,1,6,A1,0F,8A,FF,4A,FF,00,00,
4370406619,000002C0,false,Rx,1,8,18,80,00,00,5B,C0,FE,F3,
4370416264,000002C0,false,Rx,1,8,18,80,00,00,5B,C0,FE,03,
4370426419,000002C0,false,Rx,1,8,18,80,00,00,5B,C0,FE,13,
4370436251,000002C0,false,Rx,1,8,18,80,00,00,5B,C0,FE,23,
4370446424,000002C0,false,Rx,1,8,18,80,00,00,5B,C0,FE,33,
4370456251,000002C0,false,Rx,1,8,18,80,00,00,5B,C0,FE,43,
4370466422,000002C0,false,Rx,1,8,18,80,00,00,5B,C0,FE,53,
4370476252,000002C0,false,Rx,1,8,18,80,00,00,5B,C0,FE,63,
4370486420,000002C0,false,Rx,1,8,18,80,00,00,5B,C0,FE,73,
4370496261,000002C0,false,Rx,1,8,18,80,00,00,5B,C0,FE,83,
4370506422,000002C0,false,Rx,1,8,18,80,00,00,5B,C0,FE,93,
4370516257,000002C0,false,Rx,1,8,18,80,00,00,5B,C0,FE,A3,
4370526424,000002C0,false,Rx,1,8,18,80,00,00,5B,C0,FE,B3,
4370536256,000002C0,false,Rx,1,8,18,80,00,00,5B,C0,FE,C3,
4370546429,000002C0,false,Rx,1,8,18,80,00,00,5B,C0,FE,D3,
4370556257,000002C0,false,Rx,1,8,18,80,00,00,5B,C0,FE,E3,
4370566425,000002C0,false,Rx,1,8,18,80,00,00,5B,C0,FE,F3,
4370576259,000002C0,false,Rx,1,8,18,80,00,00,5B,C0,FE,03,
4370586425,000002C0,false,Rx,1,8,18,80,00,00,5B,C0,FE,13,
4370596258,000002C0,false,Rx,1,8,18,80,00,00,5B,C0,FE,23,
4370606427,000002C0,false,Rx,1,8,18,80,00,00,5B,C0,FE,33,
4370616259,000002C0,false,Rx,1,8,18,80,00,00,5B,C0,FE,43,
4370626429,000002C0,false,Rx,1,8,18,80,00,00,5B,C0,FE,53,
4370636261,000002C0,false,Rx,1,8,18,80,00,00,5B,C0,FE,63,
4370646434,000002C0,false,Rx,1,8,18,80,00,00,5B,C0,FE,73,
4370656262,000002C0,false,Rx,1,8,18,80,00,00,5B,C0,FE,83,
4370666430,000002C0,false,Rx,1,8,18,80,00,00,5B,C0,FE,93,
4370676265,000002C0,false,Rx,1,8,18,80,00,00,5B,C0,FE,A3,
4370686431,000002C0,false,Rx,1,8,18,80,00,00,5B,C0,FE,B3,
4370696263,000002C0,false,Rx,1,8,18,80,00,00,5B,C0,FE,C3,
4370706430,000002C0,false,Rx,1,8,18,80,00,00,5B,C0,FE,D3,
4370716262,000002C0,false,Rx,1,8,18,80,00,00,5B,C0,FE,E3,
4370726436,000002C0,false,Rx,1,8,18,80,00,00,5B,C0,FE,F3,
4370736266,000002C0,false,Rx,1,8,18,80,00,00,5B,C0,FE,03,
4370746436,000002C0,false,Rx,1,8,18,80,00,00,5B,C0,FE,13,
4370756265,000002C0,false,Rx,1,8,18,80,00,00,5B,C0,FE,23,
4370766433,000002C0,false,Rx,1,8,18,80,00,00,5B,C0,FE,33,
4370776266,000002C0,false,Rx,1,8,18,80,00,00,5B,C0,FE,43,
4370786437,000002C0,false,Rx,1,8,18,80,00,00,5B,C0,FE,53,
4370796268,000002C0,false,Rx,1,8,18,80,00,00,5B,C0,FE,63,
4370806435,000002C0,false,Rx,1,8,18,80,00,00,5B,C0,FE,73,
4370816271,000002C0,false,Rx,1,8,18,80,00,00,5B,C0,FE,83,
4370826437,000002C0,false,Rx,1,8,18,80,00,00,5B,C0,FE,93,
4370836269,000002C0,false,Rx,1,8,18,80,00,00,5B,C0,FE,A3,
4370846438,000002C0,false,Rx,1,8,18,80,00,00,5B,C0,FE,B3,
4370856275,000002C0,false,Rx,1,8,18,80,00,00,5B,C0,FE,C3,
4370866438,000002C0,false,Rx,1,8,18,80,00,00,5B,C0,FE,D3,
4370876269,000002C0,false,Rx,1,8,18,80,00,00,5B,C0,FE,E3,
4370886440,000002C0,false,Rx,1,8,18,80,00,00,5B,C0,FE,F3,
4370896275,000002C0,false,Rx,1,8,18,80,00,00,5B,C0,FE,03,
4370906440,000002C0,false,Rx,1,8,18,80,00,00,5B,C0,FE,13,
4370916274,000002C0,false,Rx,1,8,18,80,00,00,5B,C0,FE,23,
4370926448,000002C0,false,Rx,1,8,18,80,00,00,5B,C0,FE,33,
4370936273,000002C0,false,Rx,1,8,18,80,00,00,5B,C0,FE,43,
4370946444,000002C0,false,Rx,1,8,18,80,00,00,5B,C0,FE,53,
4370956280,000002C0,false,Rx,1,8,18,80,00,00,5B,C0,FE,63,
4370966443,000002C0,false,Rx,1,8,18,80,00,00,5B,C0,FE,73,
4370976278,000002C0,false,Rx,1,8,18,80,00,00,5B,C0,FE,83,
4370986443,000002C0,false,Rx,1,8,18,80,00,00,5B,C0,FE,93,
4370987256,00000764,false,Rx,0,1,A3,00,00,00,00,00,00,00,
4370996280,000002C0,false,Rx,1,8,18,80,00,00,5B,C0,FE,A3,
4371006405,00000300,false,Rx,1,6,A1,0F,8A,FF,4A,FF,00,00,
4371006646,000002C0,false,Rx,1,8,18,80,00,00,5B,C0,FE,B3,
4371016286,000002C0,false,Rx,1,8,18,80,00,00,5B,C0,FE,C3,
4371026446,000002C0,false,Rx,1,8,18,80,00,00,5B,C0,FE,D3,
4371036275,000002C0,false,Rx,1,8,18,80,00,00,5B,C0,FE,E3,
4371046445,000002C0,false,Rx,1,8,18,80,00,00,5B,C0,FE,F3,
4371056290,000002C0,false,Rx,1,8,18,80,00,00,5B,C0,FE,03,
4371066447,000002C0,false,Rx,1,8,18,80,00,00,5B,C0,FE,13,
4371076281,000002C0,false,Rx,1,8,18,80,00,00,5B,C0,FE,23,
4371086449,000002C0,false,Rx,1,8,18,80,00,00,5B,C0,FE,33,
4371096279,000002C0,false,Rx,1,8,18,80,00,00,5B,C0,FE,43,
4371106451,000002C0,false,Rx,1,8,18,80,00,00,5B,C0,FE,53,
4371116282,000002C0,false,Rx,1,8,18,80,00,00,5B,C0,FE,63,
4371126451,000002C0,false,Rx,1,8,18,80,00,00,5B,C0,FE,73,
4371136284,000002C0,false,Rx,1,8,18,80,00,00,5B,C0,FE,83,
4371146450,000002C0,false,Rx,1,8,18,80,00,00,5B,C0,FE,93,
4371156296,000002C0,false,Rx,1,8,18,80,00,00,5B,C0,FE,A3,
4371166454,000002C0,false,Rx,1,8,18,80,00,00,5B,C0,FE,B3,
4371176285,000002C0,false,Rx,1,8,18,80,00,00,5B,C0,FE,C3,
4371186453,000002C0,false,Rx,1,8,18,80,00,00,5B,C0,FE,D3,
4371196284,000002C0,false,Rx,1,8,18,80,00,00,5B,C0,FE,E3,
4371206454,000002C0,false,Rx,1,8,18,80,00,00,5B,C0,FE,F3,
4371216290,000002C0,false,Rx,1,8,18,80,00,00,5B,C0,FE,03,
4371226459,000002C0,false,Rx,1,8,18,80,00,00,5B,C0,FE,13,
4371236288,000002C0,false,Rx,1,8,18,80,00,00,5B,C0,FE,23,
4371246455,000002C0,false,Rx,1,8,18,80,00,00,5B,C0,FE,33,
4371256287,000002C0,false,Rx,1,8,18,80,00,00,5B,C0,FE,43,
4371266463,000002C0,false,Rx,1,8,18,80,00,00,5B,C0,FE,53,
4371276289,000002C0,false,Rx,1,8,18,80,00,00,5B,C0,FE,63,
4371286457,000002C0,false,Rx,1,8,18,80,00,00,5B,C0,FE,73,
4371296293,000002C0,false,Rx,1,8,18,80,00,00,5B,C0,FE,83,
4371306459,000002C0,false,Rx,1,8,18,80,00,00,5B,C0,FE,93,
4371316292,000002C0,false,Rx,1,8,18,80,00,00,5B,C0,FE,A3,
4371326461,000002C0,false,Rx,1,8,18,80,00,00,5B,C0,FE,B3,
4371336293,000002C0,false,Rx,1,8,18,80,00,00,5B,C0,FE,C3,
4371346460,000002C0,false,Rx,1,8,18,80,00,00,5B,C0,FE,D3,
4371356290,000002C0,false,Rx,1,8,18,80,00,00,5B,C0,FE,E3,
4371366464,000002C0,false,Rx,1,8,18,80,00,00,5B,C0,FE,F3,
4371376297,000002C0,false,Rx,1,8,18,80,00,00,5B,C0,FE,03,
4371386462,000002C0,false,Rx,1,8,18,80,00,00,5B,C0,FE,13,
4371396294,000002C0,false,Rx,1,8,18,80,00,00,5B,C0,FE,23,
4371406462,000002C0,false,Rx,1,8,18,80,00,00,5B,C0,FE,33,
4371416294,000002C0,false,Rx,1,8,18,80,00,00,5B,C0,FE,43,
4371426466,000002C0,false,Rx,1,8,18,80,00,00,5B,C0,FE,53,
4371436296,000002C0,false,Rx,1,8,18,80,00,00,5B,C0,FE,63,
4371446464,000002C0,false,Rx,1,8,18,80,00,00,5B,C0,FE,73,
4371456299,000002C0,false,Rx,1,8,18,80,00,00,5B,C0,FE,83,
4371466475,000002C0,false,Rx,1,8,18,80,00,00,5B,C0,FE,93,
4371476300,000002C0,false,Rx,1,8,18,80,00,00,5B,C0,FE,A3,
4371486469,000002C0,false,Rx,1,8,18,80,00,00,5B,C0,FE,B3,
4371496301,000002C0,false,Rx,1,8,18,80,00,00,5B,C0,FE,C3,
4371506467,000002C0,false,Rx,1,8,18,80,00,00,5B,C0,FE,D3,
4371516299,000002C0,false,Rx,1,8,18,80,00,00,5B,C0,FE,E3,
4371526469,000002C0,false,Rx,1,8,18,80,00,00,5B,C0,FE,F3,
4371536303,000002C0,false,Rx,1,8,18,80,00,00,5B,C0,FE,03,
4371546469,000002C0,false,Rx,1,8,18,80,00,00,5B,C0,FE,13,
4371556302,000002C0,false,Rx,1,8,18,80,00,00,5B,C0,FE,23,
4371566482,000002C0,false,Rx,1,8,18,80,00,00,5B,C0,FE,33,
4371576301,000002C0,false,Rx,1,8,18,80,00,00,5B,C0,FE,43,
4371586472,000002C0,false,Rx,1,8,18,80,00,00,5B,C0,FE,53,
4371596304,000002C0,false,Rx,1,8,18,80,00,00,5B,C0,FE,63,
4371599329,00000764,false,Rx,0,1,A3,00,00,00,00,00,00,00,
4371606473,000002C0,false,Rx,1,8,18,80,00,00,5B,C0,FE,73,
4371616266,00000300,false,Rx,1,6,A1,0F,8A,FF,4A,FF,00,00,
4371616509,000002C0,false,Rx,1,8,18,80,00,00,5B,C0,FE,83,
4371626478,000002C0,false,Rx,1,8,18,80,00,00,5B,C0,FE,93,
4371636306,000002C0,false,Rx,1,8,18,80,00,00,5B,C0,FE,A3,
4371646489,000002C0,false,Rx,1,8,18,80,00,00,5B,C0,FE,B3,
4371656307,000002C0,false,Rx,1,8,18,80,00,00,5B,C0,FE,C3,
4371666480,000002C0,false,Rx,1,8,18,80,00,00,5B,C0,FE,D3,
4371676307,000002C0,false,Rx,1,8,18,80,00,00,5B,C0,FE,E3,
4371686475,000002C0,false,Rx,1,8,18,80,00,00,5B,C0,FE,F3,
4371696311,000002C0,false,Rx,1,8,18,80,00,00,5B,C0,FE,03,
4371706475,000002C0,false,Rx,1,8,18,80,00,00,5B,C0,FE,13,
4371716311,000002C0,false,Rx,1,8,18,80,00,00,5B,C0,FE,23,
4371726483,000002C0,false,Rx,1,8,18,80,00,00,5B,C0,FE,33,
4371736309,000002C0,false,Rx,1,8,18,80,00,00,5B,C0,FE,43,
4371746481,000002C0,false,Rx,1,8,18,80,00,00,5B,C0,FE,53,
4371756311,000002C0,false,Rx,1,8,18,80,00,00,5B,C0,FE,63,
4371766479,000002C0,false,Rx,1,8,18,80,00,00,5B,C0,FE,73,
4371776319,000002C0,false,Rx,1,8,18,80,00,00,5B,C0,FE,83,
4371786480,000002C0,false,Rx,1,8,18,80,00,00,5B,C0,FE,93,
4371796313,000002C0,false,Rx,1,8,18,80,00,00,5B,C0,FE,A3,
4371806483,000002C0,false,Rx,1,8,18,80,00,00,5B,C0,FE,B3,
4371816315,000002C0,false,Rx,1,8,18,80,00,00,5B,C0,FE,C3,
4371826482,000002C0,false,Rx,1,8,18,80,00,00,5B,C0,FE,D3,
4371836312,000002C0,false,Rx,1,8,18,80,00,00,5B,C0,FE,E3,
4371846482,000002C0,false,Rx,1,8,18,80,00,00,5B,C0,FE,F3,
4371856318,000002C0,false,Rx,1,8,18,80,00,00,5B,C0,FE,03,
4371866483,000002C0,false,Rx,1,8,18,80,00,00,5B,C0,FE,13,
4371876319,000002C0,false,Rx,1,8,18,80,00,00,5B,C0,FE,23,
4371886485,000002C0,false,Rx,1,8,18,80,00,00,5B,C0,FE,33,
4371896316,000002C0,false,Rx,1,8,18,80,00,00,5B,C0,FE,43,
4371906487,000002C0,false,Rx,1,8,18,80,00,00,5B,C0,FE,53,
4371916319,000002C0,false,Rx,1,8,18,80,00,00,5B,C0,FE,63,
4371926486,000002C0,false,Rx,1,8,18,80,00,00,5B,C0,FE,73,
4371936321,000002C0,false,Rx,1,8,18,80,00,00,5B,C0,FE,83,
4371946487,000002C0,false,Rx,1,8,18,80,00,00,5B,C0,FE,93,
4371956321,000002C0,false,Rx,1,8,18,80,00,00,5B,C0,FE,A3,
4371966491,000002C0,false,Rx,1,8,18,80,00,00,5B,C0,FE,B3,
4371976332,000002C0,false,Rx,1,8,18,80,00,00,5B,C0,FE,C3,
4371986488,000002C0,false,Rx,1,8,18,80,00,00,5B,C0,FE,D3,
4371996324,000002C0,false,Rx,1,8,18,80,00,00,5B,C0,FE,E3,
4372006491,000002C0,false,Rx,1,8,18,80,00,00,5B,C0,FE,F3,
4372016327,000002C0,false,Rx,1,8,18,80,00,00,5B,C0,FE,03,
4372026490,000002C0,false,Rx,1,8,18,80,00,00,5B,C0,FE,13,
4372036324,000002C0,false,Rx,1,8,18,80,00,00,5B,C0,FE,23,
4372046492,000002C0,false,Rx,1,8,18,80,00,00,5B,C0,FE,33,
4372056322,000002C0,false,Rx,1,8,18,80,00,00,5B,C0,FE,43,
4372066495,000002C0,false,Rx,1,8,18,80,00,00,5B,C0,FE,53,
4372076340,000002C0,false,Rx,1,8,18,80,00,00,5B,C0,FE,63,
4372086493,000002C0,false,Rx,1,8,18,80,00,00,5B,C0,FE,73,
4372096329,000002C0,false,Rx,1,8,18,80,00,00,5B,C0,FE,83,
4372106493,000002C0,false,Rx,1,8,18,80,00,00,5B,C0,FE,93,
4372116329,000002C0,false,Rx,1,8,18,80,00,00,5B,C0,FE,A3,
4372126498,000002C0,false,Rx,1,8,18,80,00,00,5B,C0,FE,B3,
4372136329,000002C0,false,Rx,1,8,18,80,00,00,5B,C0,FE,C3,
4372146497,000002C0,false,Rx,1,8,18,80,00,00,5B,C0,FE,D3,
4372156327,000002C0,false,Rx,1,8,18,80,00,00,5B,C0,FE,E3,
4372160426,00000764,false,Rx,0,1,A3,00,00,00,00,00,00,00,
4372166497,000002C0,false,Rx,1,8,18,80,00,00,5B,C0,FE,F3,
4372176289,00000300,false,Rx,1,6,A1,0F,8A,FF,4A,FF,00,00,
4372176531,000002C0,false,Rx,1,8,18,80,00,00,5B,C0,FE,03,
4372186735,000002C0,false,Rx,1,8,18,80,00,00,5B,C0,FE,13,
4372196347,000002C0,false,Rx,1,8,18,80,00,00,5B,C0,FE,23,
4372206501,000002C0,false,Rx,1,8,18,80,00,00,5B,C0,FE,33,
4372216342,000002C0,false,Rx,1,8,18,80,00,00,5B,C0,FE,43,
4372226509,000002C0,false,Rx,1,8,18,80,00,00,5B,C0,FE,53,
4372236334,000002C0,false,Rx,1,8,18,80,00,00,5B,C0,FE,63,
4372246503,000002C0,false,Rx,1,8,18,80,00,00,5B,C0,FE,73,
4372256336,000002C0,false,Rx,1,8,18,80,00,00,5B,C0,FE,83,
4372266514,000002C0,false,Rx,1,8,18,80,00,00,5B,C0,FE,93,
4372276335,000002C0,false,Rx,1,8,18,80,00,00,5B,C0,FE,A3,
4372286514,000002C0,false,Rx,1,8,18,80,00,00,5B,C0,FE,B3,
4372296336,000002C0,false,Rx,1,8,18,80,00,00,5B,C0,FE,C3,
4372306504,000002C0,false,Rx,1,8,18,80,00,00,5B,C0,FE,D3,
4372316336,000002C0,false,Rx,1,8,18,80,00,00,5B,C0,FE,E3,
4372326504,000002C0,false,Rx,1,8,18,80,00,00,5B,C0,FE,F3,
4372336347,000002C0,false,Rx,1,8,18,80,00,00,5B,C0,FE,03,
4372346506,000002C0,false,Rx,1,8,18,80,00,00,5B,C0,FE,13,
4372356338,000002C0,false,Rx,1,8,18,80,00,00,5B,C0,FE,23,
4372366507,000002C0,false,Rx,1,8,18,80,00,00,5B,C0,FE,33,
4372376337,000002C0,false,Rx,1,8,18,80,00,00,5B,C0,FE,43,
4372386741,000002C0,false,Rx,1,8,18,80,00,00,5B,C0,FE,53,
4372396343,000002C0,false,Rx,1,8,18,80,00,00,5B,C0,FE,63,
4372406508,000002C0,false,Rx,1,8,18,80,00,00,5B,C0,FE,73,
4372416345,000002C0,false,Rx,1,8,18,80,00,00,5B,C0,FE,83,
4372426509,000002C0,false,Rx,1,8,18,80,00,00,5B,C0,FE,93,
4372436343,000002C0,false,Rx,1,8,18,80,00,00,5B,C0,FE,A3,
4372446513,000002C0,false,Rx,1,8,18,80,00,00,5B,C0,FE,B3,
4372456342,000002C0,false,Rx,1,8,18,80,00,00,5B,C0,FE,C3,
4372466510,000002C0,false,Rx,1,8,18,80,00,00,5B,C0,FE,D3,
4372476343,000002C0,false,Rx,1,8,18,80,00,00,5B,C0,FE,E3,
4372486520,000002C0,false,Rx,1,8,18,80,00,00,5B,C0,FE,F3,
4372496356,000002C0,false,Rx,1,8,18,80,00,00,5B,C0,FE,03,
4372506512,000002C0,false,Rx,1,8,18,80,00,00,5B,C0,FE,13,
4372516346,000002C0,false,Rx,1,8,18,80,00,00,5B,C0,FE,23,
4372526514,000002C0,false,Rx,1,8,18,80,00,00,5B,C0,FE,33,
4372536344,000002C0,false,Rx,1,8,18,80,00,00,5B,C0,FE,43,
4372546516,000002C0,false,Rx,1,8,18,80,00,00,5B,C0,FE,53,
4372556348,000002C0,false,Rx,1,8,18,80,00,00,5B,C0,FE,63,
4372566515,000002C0,false,Rx,1,8,18,80,00,00,5B,C0,FE,73,
4372576351,000002C0,false,Rx,1,8,18,80,00,00,5B,C0,FE,83,
4372586731,000002C0,false,Rx,1,8,18,80,00,00,5B,C0,FE,93,
4372596356,000002C0,false,Rx,1,8,18,80,00,00,5B,C0,FE,A3,
4372606519,000002C0,false,Rx,1,8,18,80,00,00,5B,C0,FE,B3,
4372616351,000002C0,false,Rx,1,8,18,80,00,00,5B,C0,FE,C3,
4372626517,000002C0,false,Rx,1,8,18,80,00,00,5B,C0,FE,D3,
4372636349,000002C0,false,Rx,1,8,18,80,00,00,5B,C0,FE,E3,
4372646519,000002C0,false,Rx,1,8,18,80,00,00,5B,C0,FE,F3,
4372656354,000002C0,false,Rx,1,8,18,80,00,00,5B,C0,FE,03,
4372666521,000002C0,false,Rx,1,8,18,80,00,00,5B,C0,FE,13,
4372676353,000002C0,false,Rx,1,8,18,80,00,00,5B,C0,FE,23,
4372686520,000002C0,false,Rx,1,8,18,80,00,00,5B,C0,FE,33,
4372696353,000002C0,false,Rx,1,8,18,80,00,00,5B,C0,FE,43,
4372706525,000002C0,false,Rx,1,8,18,80,00,00,5B,C0,FE,53,
4372716356,000002C0,false,Rx,1,8,18,80,00,00,5B,C0,FE,63,
4372726528,000002C0,false,Rx,1,8,18,80,00,00,5B,C0,FE,73,
4372736358,000002C0,false,Rx,1,8,18,80,00,00,5B,C0,FE,83,
4372746524,000002C0,false,Rx,1,8,18,80,00,00,5B,C0,FE,93,
4372753914,00000764,false,Rx,0,1,A3,00,00,00,00,00,00,00,
4372756356,000002C0,false,Rx,1,8,18,80,00,00,5B,C0,FE,A3,
4372766487,00000300,false,Rx,1,6,A1,0F,8A,FF,4A,FF,00,00,
4372766727,000002C0,false,Rx,1,8,18,80,00,00,5B,C0,FE,B3,
4372776364,000002C0,false,Rx,1,8,18,80,00,00,5B,C0,FE,C3,
4372786733,000002C0,false,Rx,1,8,18,80,00,00,5B,C0,FE,D3,
4372796361,000002C0,false,Rx,1,8,18,80,00,00,5B,C0,FE,E3,
4372806525,000002C0,false,Rx,1,8,18,80,00,00,5B,C0,FE,F3,
4372816363,000002C0,false,Rx,1,8,18,80,00,00,5A,C0,FE,03,
4372826529,000002C0,false,Rx,1,8,18,80,00,00,5A,C0,FE,13,
4372836359,000002C0,false,Rx,1,8,18,80,00,00,5A,C0,FE,23,
4372846529,000002C0,false,Rx,1,8,18,80,00,00,5A,C0,FE,33,
4372856361,000002C0,false,Rx,1,8,18,80,00,00,5A,C0,FE,43,
4372866533,000002C0,false,Rx,1,8,18,80,00,00,5A,C0,FE,53,
4372876363,000002C0,false,Rx,1,8,18,80,00,00,5A,C0,FE,63,
4372886530,000002C0,false,Rx,1,8,18,80,00,00,5A,C0,FE,73,
4372896372,000002C0,false,Rx,1,8,18,80,00,00,5A,C0,FE,83,
4372906533,000002C0,false,Rx,1,8,18,80,00,00,5A,C0,FE,93,
4372916362,000002C0,false,Rx,1,8,18,80,00,00,5A,C0,FE,A3,
4372926533,000002C0,false,Rx,1,8,18,80,00,00,5A,C0,FE,B3,
4372936364,000002C0,false,Rx,1,8,18,80,00,00,5A,C0,FE,C3,
4372946532,000002C0,false,Rx,1,8,18,80,00,00,5A,C0,FE,D3,
4372956364,000002C0,false,Rx,1,8,18,80,00,00,5A,C0,FE,E3,
4372966535,000002C0,false,Rx,1,8,18,80,00,00,5A,C0,FE,F3,
4372976368,000002C0,false,Rx,1,8,18,80,00,00,5A,C0,FE,03,
4372986732,000002C0,false,Rx,1,8,18,80,00,00,5A,C0,FE,13,
4372996373,000002C0,false,Rx,1,8,18,80,00,00,5A,C0,FE,23,
4373006538,000002C0,false,Rx,1,8,18,80,00,00,5A,C0,FE,33,
4373016370,000002C0,false,Rx,1,8,18,80,00,00,5A,C0,FE,43,
4373026541,000002C0,false,Rx,1,8,18,80,00,00,5A,C0,FE,53,
4373036369,000002C0,false,Rx,1,8,18,80,00,00,5A,C0,FE,63,
4373046537,000002C0,false,Rx,1,8,18,80,00,00,5A,C0,FE,73,
4373056375,000002C0,false,Rx,1,8,18,80,00,00,5A,C0,FE,83,
4373066540,000002C0,false,Rx,1,8,18,80,00,00,5A,C0,FE,93,
4373076369,000002C0,false,Rx,1,8,18,80,00,00,5A,C0,FE,A3,
4373086538,000002C0,false,Rx,1,8,18,80,00,00,5A,C0,FE,B3,
4373096373,000002C0,false,Rx,1,8,18,80,00,00,5A,C0,FE,C3,
4373106545,000002C0,false,Rx,1,8,18,80,00,00,5A,C0,FE,D3,
4373116373,000002C0,false,Rx,1,8,18,80,00,00,5A,C0,FE,E3,
4373126542,000002C0,false,Rx,1,8,18,80,00,00,5A,C0,FE,F3,
4373136376,000002C0,false,Rx,1,8,18,80,00,00,5A,C0,FE,03,
4373146544,000002C0,false,Rx,1,8,18,80,00,00,5A,C0,FE,13,
4373156374,000002C0,false,Rx,1,8,18,80,00,00,5A,C0,FE,23,
4373166543,000002C0,false,Rx,1,8,18,80,00,00,5A,C0,FE,33,
4373176376,000002C0,false,Rx,1,8,18,80,00,00,5A,C0,FE,43,
4373186733,000002C0,false,Rx,1,8,18,80,00,00,5A,C0,FE,53,
4373196378,000002C0,false,Rx,1,8,18,80,00,00,5A,C0,FE,63,
4373206552,000002C0,false,Rx,1,8,18,80,00,00,5A,C0,FE,73,
4373216384,000002C0,false,Rx,1,8,18,80,00,00,5A,C0,FE,83,
4373226557,000002C0,false,Rx,1,8,18,80,00,00,5A,C0,FE,93,
4373236378,000002C0,false,Rx,1,8,18,80,00,00,5A,C0,FE,A3,
4373246547,000002C0,false,Rx,1,8,18,80,00,00,5A,C0,FE,B3,
4373256379,000002C0,false,Rx,1,8,18,80,00,00,5A,C0,FE,C3,
4373266547,000002C0,false,Rx,1,8,18,80,00,00,5A,C0,FE,D3,
4373276377,000002C0,false,Rx,1,8,18,80,00,00,5A,C0,FE,E3,
4373286551,000002C0,false,Rx,1,8,18,80,00,00,5A,C0,FE,F3,
4373296385,000002C0,false,Rx,1,8,18,80,00,00,5A,C0,FE,03,
4373306560,000002C0,false,Rx,1,8,18,80,00,00,5A,C0,FE,13,
4373316383,000002C0,false,Rx,1,8,18,80,00,00,5A,C0,FE,23,
4373326550,000002C0,false,Rx,1,8,18,80,00,00,5A,C0,FE,33,
4373336382,000002C0,false,Rx,1,8,18,80,00,00,5A,C0,FE,43,
4373346554,000002C0,false,Rx,1,8,18,80,00,00,5A,C0,FE,53,
4373356384,000002C0,false,Rx,1,8,18,80,00,00,5A,C0,FE,63,
4373366551,000002C0,false,Rx,1,8,18,80,00,00,5A,C0,FE,73,
4373369451,00000764,false,Rx,0,1,A3,00,00,00,00,00,00,00,
4373376388,000002C0,false,Rx,1,8,18,80,00,00,5A,C0,FE,83,
4373386736,000002C0,false,Rx,1,8,18,80,00,00,5A,C0,FE,93,
4373386938,00000300,false,Rx,1,6,A1,0F,8A,FF,4A,FF,00,00,
4373396392,000002C0,false,Rx,1,8,18,80,00,00,5A,C0,FE,A3,
4373406554,000002C0,false,Rx,1,8,18,80,00,00,5A,C0,FE,B3,
4373416391,000002C0,false,Rx,1,8,18,80,00,00,5A,C0,FE,C3,
4373426554,000002C0,false,Rx,1,8,18,80,00,00,5A,C0,FE,D3,
4373436386,000002C0,false,Rx,1,8,18,80,00,00,5A,C0,FE,E3,
4373446558,000002C0,false,Rx,1,8,18,80,00,00,5A,C0,FE,F3,
4373456390,000002C0,false,Rx,1,8,18,80,00,00,5A,C0,FE,03,
4373466559,000002C0,false,Rx,1,8,18,80,00,00,5A,C0,FE,13,
4373476389,000002C0,false,Rx,1,8,18,80,00,00,5A,C0,FE,23,
4373486557,000002C0,false,Rx,1,8,18,80,00,00,5A,C0,FE,33,
4373496395,000002C0,false,Rx,1,8,18,80,00,00,5A,C0,FE,43,
4373506561,000002C0,false,Rx,1,8,18,80,00,00,5A,C0,FE,53,
4373516397,000002C0,false,Rx,1,8,18,80,00,00,5A,C0,FE,63,
4373526559,000002C0,false,Rx,1,8,18,80,00,00,5A,C0,FE,73,
4373536395,000002C0,false,Rx,1,8,18,80,00,00,5A,C0,FE,83,
4373546563,000002C0,false,Rx,1,8,18,80,00,00,5A,C0,FE,93,
4373556390,000002C0,false,Rx,1,8,18,80,00,00,5A,C0,FE,A3,
4373566560,000002C0,false,Rx,1,8,18,80,00,00,5A,C0,FE,B3,
4373576395,000002C0,false,Rx,1,8,18,80,00,00,5A,C0,FE,C3,
4373586730,000002C0,false,Rx,1,8,18,80,00,00,5A,C0,FE,D3,
4373596395,000002C0,false,Rx,1,8,18,80,00,00,5A,C0,FE,E3,
4373606565,000002C0,false,Rx,1,8,18,80,00,00,5A,C0,FE,F3,
4373616406,000002C0,false,Rx,1,8,18,80,00,00,5A,C0,FE,03,
4373626567,000002C0,false,Rx,1,8,18,80,00,00,5A,C0,FE,13,
4373636397,000002C0,false,Rx,1,8,18,80,00,00,5A,C0,FE,23,
4373646564,000002C0,false,Rx,1,8,18,80,00,00,5A,C0,FE,33,
4373656398,000002C0,false,Rx,1,8,18,80,00,00,5A,C0,FE,43,
4373666569,000002C0,false,Rx,1,8,18,80,00,00,5A,C0,FE,53,
4373676397,000002C0,false,Rx,1,8,18,80,00,00,5A,C0,FE,63,
4373686565,000002C0,false,Rx,1,8,18,80,00,00,5A,C0,FE,73,
4373696406,000002C0,false,Rx,1,8,18,80,00,00,5A,C0,FE,83,
4373706569,000002C0,false,Rx,1,8,18,80,00,00,5A,C0,FE,93,
4373716406,000002C0,false,Rx,1,8,18,80,00,00,5A,C0,FE,A3,
4373726575,000002C0,false,Rx,1,8,18,80,00,00,5A,C0,FE,B3,
4373736402,000002C0,false,Rx,1,8,18,80,00,00,5A,C0,FE,C3,
4373746569,000002C0,false,Rx,1,8,18,80,00,00,5A,C0,FE,D3,
4373756400,000002C0,false,Rx,1,8,18,80,00,00,5A,C0,FE,E3,
4373766572,000002C0,false,Rx,1,8,18,80,00,00,5A,C0,FE,F3,
4373776405,000002C0,false,Rx,1,8,18,80,00,00,5A,C0,FE,03,
4373786736,000002C0,false,Rx,1,8,18,80,00,00,5A,C0,FE,13,
4373796406,000002C0,false,Rx,1,8,18,80,00,00,5A,C0,FE,23,
4373806572,000002C0,false,Rx,1,8,18,80,00,00,5A,C0,FE,33,
4373816411,000002C0,false,Rx,1,8,18,80,00,00,5A,C0,FE,43,
4373826577,000002C0,false,Rx,1,8,18,80,00,00,5A,C0,FE,53,
4373836407,000002C0,false,Rx,1,8,18,80,00,00,5A,C0,FE,63,
4373846574,000002C0,false,Rx,1,8,18,80,00,00,5A,C0,FE,73,
4373856410,000002C0,false,Rx,1,8,18,80,00,00,5A,C0,FE,83,
4373866577,000002C0,false,Rx,1,8,18,80,00,00,5A,C0,FE,93,
4373876405,000002C0,false,Rx,1,8,18,80,00,00,5A,C0,FE,A3,
4373886575,000002C0,false,Rx,1,8,18,80,00,00,5A,C0,FE,B3,
4373896410,000002C0,false,Rx,1,8,18,80,00,00,5A,C0,FE,C3,
4373906577,000002C0,false,Rx,1,8,18,80,00,00,5A,C0,FE,D3,
4373916409,000002C0,false,Rx,1,8,18,80,00,00,5A,C0,FE,E3,
4373926586,000002C0,false,Rx,1,8,18,80,00,00,5A,C0,FE,F3,
4373936414,000002C0,false,Rx,1,8,18,80,00,00,5A,C0,FE,03,
4373946581,000002C0,false,Rx,1,8,18,80,00,00,5A,C0,FE,13,
4373956410,000002C0,false,Rx,1,8,18,80,00,00,5A,C0,FE,23,
4373966578,000002C0,false,Rx,1,8,18,80,00,00,5A,C0,FE,33,
4373976412,000002C0,false,Rx,1,8,18,80,00,00,5A,C0,FE,43,
4373986734,000002C0,false,Rx,1,8,18,80,00,00,5A,C0,FE,53,
4373996083,00000764,false,Rx,0,1,A3,00,00,00,00,00,00,00,
4373996461,000002C0,false,Rx,1,8,18,80,00,00,5A,C0,FE,63,
4374006543,00000300,false,Rx,1,6,A1,0F,8A,FF,4A,FF,00,00,
4374006781,000002C0,false,Rx,1,8,18,80,00,00,5A,C0,FE,73,
4374016425,000002C0,false,Rx,1,8,18,80,00,00,5A,C0,FE,83,
4374026595,000002C0,false,Rx,1,8,18,80,00,00,5A,C0,FE,93,
4374036413,000002C0,false,Rx,1,8,18,80,00,00,5A,C0,FE,A3,
4374046583,000002C0,false,Rx,1,8,18,80,00,00,5A,C0,FE,B3,
4374056416,000002C0,false,Rx,1,8,18,80,00,00,5A,C0,FE,C3,
4374066584,000002C0,false,Rx,1,8,18,80,00,00,5A,C0,FE,D3,
4374076414,000002C0,false,Rx,1,8,18,80,00,00,5A,C0,FE,E3,
4374086586,000002C0,false,Rx,1,8,18,80,00,00,5A,C0,FE,F3,
4374096421,000002C0,false,Rx,1,8,18,80,00,00,5A,C0,FE,03,
4374106588,000002C0,false,Rx,1,8,18,80,00,00,5A,C0,FE,13,
4374116420,000002C0,false,Rx,1,8,18,80,00,00,5A,C0,FE,23,
4374126595,000002C0,false,Rx,1,8,18,80,00,00,5A,C0,FE,33,
4374136420,000002C0,false,Rx,1,8,18,80,00,00,5A,C0,FE,43,
4374146591,000002C0,false,Rx,1,8,18,80,00,00,5A,C0,FE,53,
4374156419,000002C0,false,Rx,1,8,18,80,00,00,5A,C0,FE,63,
4374166589,000002C0,false,Rx,1,8,18,80,00,00,5A,C0,FE,73,
4374176425,000002C0,false,Rx,1,8,18,80,00,00,5A,C0,FE,83,
4374186740,000002C0,false,Rx,1,8,18,80,00,00,5A,C0,FE,93,
4374196421,000002C0,false,Rx,1,8,18,80,00,00,5A,C0,FE,A3,
4374206591,000002C0,false,Rx,1,8,18,80,00,00,5A,C0,FE,B3,
4374216424,000002C0,false,Rx,1,8,18,80,00,00,5A,C0,FE,C3,
4374226608,000002C0,false,Rx,1,8,18,80,00,00,5A,C0,FE,D3,
4374236424,000002C0,false,Rx,1,8,18,80,00,00,5A,C0,FE,E3,
4374246594,000002C0,false,Rx,1,8,18,80,00,00,5A,C0,FE,F3,
4374256426,000002C0,false,Rx,1,8,18,80,00,00,5A,C0,FE,03,
4374266593,000002C0,false,Rx,1,8,18,80,00,00,5A,C0,FE,13,
4374276426,000002C0,false,Rx,1,8,18,80,00,00,5A,C0,FE,23,
4374286593,000002C0,false,Rx,1,8,18,80,00,00,5A,C0,FE,33,
4374296428,000002C0,false,Rx,1,8,18,80,00,00,5A,C0,FE,43,
4374306597,000002C0,false,Rx,1,8,18,80,00,00,5A,C0,FE,53,
4374316448,000002C0,false,Rx,1,8,18,80,00,00,5A,C0,FE,63,
4374326595,000002C0,false,Rx,1,8,18,80,00,00,5A,C0,FE,73,
4374336465,000002C0,false,Rx,1,8,18,80,00,00,5A,C0,FE,83,
4374346601,000002C0,false,Rx,1,8,18,80,00,00,5A,C0,FE,93,
4374356427,000002C0,false,Rx,1,8,18,80,00,00,5A,C0,FE,A3,
4374366597,000002C0,false,Rx,1,8,18,80,00,00,5A,C0,FE,B3,
4374376429,000002C0,false,Rx,1,8,18,80,00,00,5A,C0,FE,C3,
4374386734,000002C0,false,Rx,1,8,18,80,00,00,5A,C0,FE,D3,
4374396429,000002C0,false,Rx,1,8,18,80,00,00,5A,C0,FE,E3,
4374406601,000002C0,false,Rx,1,8,18,80,00,00,5A,C0,FE,F3,
4374416435,000002C0,false,Rx,1,8,18,80,00,00,5A,C0,FE,03,
4374426602,000002C0,false,Rx,1,8,18,80,00,00,5A,C0,FE,13,
4374436441,000002C0,false,Rx,1,8,18,80,00,00,5A,C0,FE,23,
4374446600,000002C0,false,Rx,1,8,18,80,00,00,5A,C0,FE,33,
4374456434,000002C0,false,Rx,1,8,18,80,00,00,5A,C0,FE,43,
4374466605,000002C0,false,Rx,1,8,18,80,00,00,5A,C0,FE,53,
4374476434,000002C0,false,Rx,1,8,18,80,00,00,5A,C0,FE,63,
4374486603,000002C0,false,Rx,1,8,18,80,00,00,5A,C0,FE,73,
4374496444,000002C0,false,Rx,1,8,18,80,00,00,5A,C0,FE,83,
4374506605,000002C0,false,Rx,1,8,18,80,00,00,5A,C0,FE,93,
4374516435,000002C0,false,Rx,1,8,18,80,00,00,5A,C0,FE,A3,
4374526605,000002C0,false,Rx,1,8,18,80,00,00,5A,C0,FE,B3,
4374536454,000002C0,false,Rx,1,8,18,80,00,00,5A,C0,FE,C3,
4374546605,000002C0,false,Rx,1,8,18,80,00,00,5A,C0,FE,D3,
4374556437,000002C0,false,Rx,1,8,18,80,00,00,5A,C0,FE,E3,
4374566608,000002C0,false,Rx,1,8,18,80,00,00,5A,C0,FE,F3,
4374576444,000002C0,false,Rx,1,8,18,80,00,00,5A,C0,FE,03,
4374586734,000002C0,false,Rx,1,8,18,80,00,00,5A,C0,FE,13,
4374595460,00000764,false,Rx,0,1,A3,00,00,00,00,00,00,00,
4374596439,000002C0,false,Rx,1,8,18,80,00,00,5A,C0,FE,23,
4374606569,00000300,false,Rx,1,6,A1,0F,8A,FF,4A,FF,00,00,
4374606807,000002C0,false,Rx,1,8,18,80,00,00,5A,C0,FE,33,
4374616448,000002C0,false,Rx,1,8,18,80,00,00,5A,C0,FE,43,
4374626613,000002C0,false,Rx,1,8,18,80,00,00,5A,C0,FE,53,
4374636447,000002C0,false,Rx,1,8,18,80,00,00,5A,C0,FE,63,
4374646614,000002C0,false,Rx,1,8,18,80,00,00,5A,C0,FE,73,
4374656446,000002C0,false,Rx,1,8,18,80,00,00,5A,C0,FE,83,
4374666612,000002C0,false,Rx,1,8,18,80,00,00,5A,C0,FE,93,
4374676442,000002C0,false,Rx,1,8,18,80,00,00,5A,C0,FE,A3,
4374686612,000002C0,false,Rx,1,8,18,80,00,00,5A,C0,FE,B3,
4374696444,000002C0,false,Rx,1,8,18,80,00,00,5A,C0,FE,C3,
4374706613,000002C0,false,Rx,1,8,18,80,00,00,5A,C0,FE,D3,
4374716444,000002C0,false,Rx,1,8,18,80,00,00,5A,C0,FE,E3,
4374726620,000002C0,false,Rx,1,8,18,80,00,00,5A,C0,FE,F3,
4374736448,000002C0,false,Rx,1,8,18,80,00,00,5A,C0,FE,03,
4374746621,000002C0,false,Rx,1,8,18,80,00,00,5A,C0,FE,13,
4374756448,000002C0,false,Rx,1,8,18,80,00,00,5A,C0,FE,23,
4374766615,000002C0,false,Rx,1,8,18,80,00,00,5A,C0,FE,33,
4374776447,000002C0,false,Rx,1,8,18,80,00,00,5A,C0,FE,43,
4374786738,000002C0,false,Rx,1,8,18,80,00,00,5A,C0,FE,53,
4374796448,000002C0,false,Rx,1,8,18,80,00,00,5A,C0,FE,63,
4374806616,000002C0,false,Rx,1,8,18,80,00,00,5A,C0,FE,73,
4374816455,000002C0,false,Rx,1,8,18,80,00,00,5A,C0,FE,83,
4374826620,000002C0,false,Rx,1,8,18,80,00,00,5A,C0,FE,93,
4374836449,000002C0,false,Rx,1,8,18,80,00,00,5A,C0,FE,A3,
4374846624,000002C0,false,Rx,1,8,18,80,00,00,5A,C0,FE,B3,
4374856451,000002C0,false,Rx,1,8,18,80,00,00,5A,C0,FE,C3,
4374866619,000002C0,false,Rx,1,8,18,80,00,00,5A,C0,FE,D3,
4374876451,000002C0,false,Rx,1,8,18,80,00,00,5A,C0,FE,E3,
4374886623,000002C0,false,Rx,1,8,18,80,00,00,5A,C0,FE,F3,
4374896455,000002C0,false,Rx,1,8,18,80,00,00,5A,C0,FE,03,
4374906623,000002C0,false,Rx,1,8,18,80,00,00,5A,C0,FE,13,
4374916455,000002C0,false,Rx,1,8,18,80,00,00,5A,C0,FE,23,
4374926623,000002C0,false,Rx,1,8,18,80,00,00,5A,C0,FE,33,
4374936454,000002C0,false,Rx,1,8,18,80,00,00,5A,C0,FE,43,
4374946631,000002C0,false,Rx,1,8,18,80,00,00,5A,C0,FE,53,
4374956456,000002C0,false,Rx,1,8,18,80,00,00,5A,C0,FE,63,
4374966624,000002C0,false,Rx,1,8,18,80,00,00,5A,C0,FE,73,
4374976460,000002C0,false,Rx,1,8,18,80,00,00,5A,C0,FE,83,
4374986732,000002C0,false,Rx,1,8,18,80,00,00,5A,C0,FE,93,
4374996459,000002C0,false,Rx,1,8,18,80,00,00,5A,C0,FE,A3,
4375006626,000002C0,false,Rx,1,8,18,80,00,00,5A,C0,FE,B3,
4375016459,000002C0,false,Rx,1,8,18,80,00,00,5A,C0,FE,C3,
4375026628,000002C0,false,Rx,1,8,18,80,00,00,5A,C0,FE,D3,
4375036457,000002C0,false,Rx,1,8,18,80,00,00,5A,C0,FE,E3,
4375046637,000002C0,false,Rx,1,8,18,80,00,00,5A,C0,FE,F3,
4375056463,000002C0,false,Rx,1,8,18,80,00,00,5A,C0,FE,03,
4375066667,000002C0,false,Rx,1,8,18,80,00,00,5A,C0,FE,13,
4375076473,000002C0,false,Rx,1,8,18,80,00,00,5A,C0,FE,23,
4375086629,000002C0,false,Rx,1,8,18,80,00,00,5A,C0,FE,33,
4375096463,000002C0,false,Rx,1,8,18,80,00,00,5A,C0,FE,43,
4375106635,000002C0,false,Rx,1,8,18,80,00,00,5A,C0,FE,53,
4375116464,000002C0,false,Rx,1,8,18,80,00,00,5A,C0,FE,63,
4375126630,000002C0,false,Rx,1,8,18,80,00,00,5A,C0,FE,73,
4375136468,000002C0,false,Rx,1,8,18,80,00,00,5A,C0,FE,83,
4375146634,000002C0,false,Rx,1,8,18,80,00,00,5A,C0,FE,93,
4375156466,000002C0,false,Rx,1,8,18,80,00,00,5A,C0,FE,A3,
4375166633,000002C0,false,Rx,1,8,18,80,00,00,5A,C0,FE,B3,
4375176466,000002C0,false,Rx,1,8,18,80,00,00,5A,C0,FE,C3,
4375186737,000002C0,false,Rx,1,8,18,80,00,00,5A,C0,FE,D3,
4375190724,00000764,false,Rx,0,1,A3,00,00,00,00,00,00,00,
4375196466,000002C0,false,Rx,1,8,18,80,00,00,5A,C0,FE,E3,
4375206597,00000300,false,Rx,1,6,A1,0F,8A,FF,4A,FF,00,00,
4375206837,000002C0,false,Rx,1,8,18,80,00,00,5A,C0,FE,F3,
4375216477,000002C0,false,Rx,1,8,18,80,00,00,5A,C0,FE,03,
4375226644,000002C0,false,Rx,1,8,18,80,00,00,5A,C0,FE,13,
4375236469,000002C0,false,Rx,1,8,18,80,00,00,5A,C0,FE,23,
4375246636,000002C0,false,Rx,1,8,18,80,00,00,5A,C0,FE,33,
4375256476,000002C0,false,Rx,1,8,18,80,00,00,5A,C0,FE,43,
4375266642,000002C0,false,Rx,1,8,18,80,00,00,5A,C0,FE,53,
4375276471,000002C0,false,Rx,1,8,18,80,00,00,5A,C0,FE,63,
4375286638,000002C0,false,Rx,1,8,18,80,00,00,5A,C0,FE,73,
4375296475,000002C0,false,Rx,1,8,18,80,00,00,5A,C0,FE,83,
4375306642,000002C0,false,Rx,1,8,18,80,00,00,5A,C0,FE,93,
4375316480,000002C0,false,Rx,1,8,18,80,00,00,5A,C0,FE,A3,
4375326639,000002C0,false,Rx,1,8,18,80,00,00,5A,C0,FE,B3,
4375336474,000002C0,false,Rx,1,8,18,80,00,00,5A,C0,FE,C3,
4375346641,000002C0,false,Rx,1,8,18,80,00,00,5A,C0,FE,D3,
4375356514,000002C0,false,Rx,1,8,18,80,00,00,5A,C0,FE,E3,
4375366669,000002C0,false,Rx,1,8,18,80,00,00,5A,C0,FE,F3,
4375376478,000002C0,false,Rx,1,8,18,80,00,00,5A,C0,FE,03,
4375386737,000002C0,false,Rx,1,8,18,80,00,00,5A,C0,FE,13,
4375396476,000002C0,false,Rx,1,8,18,80,00,00,5A,C0,FE,23,
4375406644,000002C0,false,Rx,1,8,18,80,00,00,5A,C0,FE,33,
4375416483,000002C0,false,Rx,1,8,18,80,00,00,5A,C0,FE,43,
4375427141,000002C0,false,Rx,1,8,18,80,00,00,5A,C0,FE,53,
4375436618,000002C0,false,Rx,1,8,18,80,00,00,5A,C0,FE,63,
4375446800,000002C0,false,Rx,1,8,18,80,00,00,5A,C0,FE,73,
4375456505,000002C0,false,Rx,1,8,18,80,00,00,5A,C0,FE,83,
4375466680,000002C0,false,Rx,1,8,18,80,00,00,5A,C0,FE,93,
4375476479,000002C0,false,Rx,1,8,18,80,00,00,5A,C0,FE,A3,
4375486647,000002C0,false,Rx,1,8,18,80,00,00,5A,C0,FE,B3,
4375496485,000002C0,false,Rx,1,8,18,80,00,00,5A,C0,FE,C3,
4375506648,000002C0,false,Rx,1,8,18,80,00,00,5A,C0,FE,D3,
4375516481,000002C0,false,Rx,1,8,18,80,00,00,5A,C0,FE,E3,
4375526651,000002C0,false,Rx,1,8,18,80,00,00,5A,C0,FE,F3,
4375536493,000002C0,false,Rx,1,8,18,80,00,00,5A,C0,FE,03,
4375546730,000002C0,false,Rx,1,8,18,80,00,00,5A,C0,FE,13,
4375556483,000002C0,false,Rx,1,8,18,80,00,00,5A,C0,FE,23,
4375566662,000002C0,false,Rx,1,8,18,80,00,00,5A,C0,FE,33,
4375576485,000002C0,false,Rx,1,8,18,80,00,00,5A,C0,FE,43,
4375586740,000002C0,false,Rx,1,8,18,80,00,00,5A,C0,FE,53,
4375596487,000002C0,false,Rx,1,8,18,80,00,00,5A,C0,FE,63,
4375606652,000002C0,false,Rx,1,8,18,80,00,00,5A,C0,FE,73,
4375616490,000002C0,false,Rx,1,8,18,80,00,00,5A,C0,FE,83,
4375626656,000002C0,false,Rx,1,8,18,80,00,00,5A,C0,FE,93,
4375636516,000002C0,false,Rx,1,8,18,80,00,00,5A,C0,FE,A3,
4375646738,000002C0,false,Rx,1,8,18,80,00,00,5A,C0,FE,B3,
4375656489,000002C0,false,Rx,1,8,18,80,00,00,5A,C0,FE,C3,
4375666665,000002C0,false,Rx,1,8,18,80,00,00,5A,C0,FE,D3,
4375676488,000002C0,false,Rx,1,8,18,80,00,00,5A,C0,FE,E3,
4375686658,000002C0,false,Rx,1,8,18,80,00,00,5A,C0,FE,F3,
4375696494,000002C0,false,Rx,1,8,18,80,00,00,5A,C0,FE,03,
4375706659,000002C0,false,Rx,1,8,18,80,00,00,5A,C0,FE,13,
4375716491,000002C0,false,Rx,1,8,18,80,00,00,5A,C0,FE,23,
4375726658,000002C0,false,Rx,1,8,18,80,00,00,5A,C0,FE,33,
4375736492,000002C0,false,Rx,1,8,18,80,00,00,5A,C0,FE,43,
4375746736,000002C0,false,Rx,1,8,18,80,00,00,5A,C0,FE,53,
4375756493,000002C0,false,Rx,1,8,18,80,00,00,5A,C0,FE,63,
4375766675,000002C0,false,Rx,1,8,18,80,00,00,5A,C0,FE,73,
4375776498,000002C0,false,Rx,1,8,18,80,00,00,5A,C0,FE,83,
4375786740,000002C0,false,Rx,1,8,18,80,00,00,5A,C0,FE,93,
4375796724,000002C0,false,Rx,1,8,18,80,00,00,5A,C0,FE,A3,
4375806661,000002C0,false,Rx,1,8,18,80,00,00,5A,C0,FE,B3,
4375807262,00000764,false,Rx,0,1,A3,00,00,00,00,00,00,00,
4375816495,000002C0,false,Rx,1,8,18,80,00,00,5A,C0,FE,C3,
4375826626,00000300,false,Rx,1,6,A1,0F,8A,FF,4A,FF,00,00,
4375826864,000002C0,false,Rx,1,8,18,80,00,00,5A,C0,FE,D3,
4375836499,000002C0,false,Rx,1,8,18,80,00,00,5A,C0,FE,E3,
4375846725,000002C0,false,Rx,1,8,18,80,00,00,5A,C0,FE,F3,
4375856499,000002C0,false,Rx,1,8,18,80,00,00,5A,C0,FE,03,
4375866680,000002C0,false,Rx,1,8,18,80,00,00,5A,C0,FE,13,
4375876497,000002C0,false,Rx,1,8,18,80,00,00,5A,C0,FE,23,
4375886665,000002C0,false,Rx,1,8,18,80,00,00,5A,C0,FE,33,
4375896725,000002C0,false,Rx,1,8,18,80,00,00,5A,C0,FE,43,
4375906671,000002C0,false,Rx,1,8,18,80,00,00,5A,C0,FE,53,
4375916500,000002C0,false,Rx,1,8,18,80,00,00,5A,C0,FE,63,
4375926668,000002C0,false,Rx,1,8,18,80,00,00,5A,C0,FE,73,
4375936504,000002C0,false,Rx,1,8,18,80,00,00,5A,C0,FE,83,
4375946726,000002C0,false,Rx,1,8,18,80,00,00,5A,C0,FE,93,
4375956500,000002C0,false,Rx,1,8,18,80,00,00,5A,C0,FE,A3,
4375966670,000002C0,false,Rx,1,8,18,80,00,00,5A,C0,FE,B3,
4375976508,000002C0,false,Rx,1,8,18,80,00,00,5A,C0,FE,C3,
4375986730,000002C0,false,Rx,1,8,18,80,00,00,5A,C0,FE,D3,
4375996731,000002C0,false,Rx,1,8,18,80,00,00,5A,C0,FE,E3,
4376006674,000002C0,false,Rx,1,8,18,80,00,00,5A,C0,FE,F3,
4376016507,000002C0,false,Rx,1,8,18,80,00,00,5A,C0,FE,03,
4376026674,000002C0,false,Rx,1,8,18,80,00,00,5A,C0,FE,13,
4376036505,000002C0,false,Rx,1,8,18,80,00,00,5A,C0,FE,23,
4376046723,000002C0,false,Rx,1,8,18,80,00,00,5A,C0,FE,33,
4376056510,000002C0,false,Rx,1,8,18,80,00,00,5A,C0,FE,43,
4376066677,000002C0,false,Rx,1,8,18,80,00,00,5A,C0,FE,53,
4376076518,000002C0,false,Rx,1,8,18,80,00,00,5A,C0,FE,63,
4376086675,000002C0,false,Rx,1,8,18,80,00,00,5A,C0,FE,73,
4376096732,000002C0,false,Rx,1,8,18,80,00,00,5A,C0,FE,83,
4376106678,000002C0,false,Rx,1,8,18,80,00,00,5A,C0,FE,93,
4376116508,000002C0,false,Rx,1,8,18,80,00,00,5A,C0,FE,A3,
4376126677,000002C0,false,Rx,1,8,18,80,00,00,5A,C0,FE,B3,
4376136515,000002C0,false,Rx,1,8,18,80,00,00,5A,C0,FE,C3,
4376146724,000002C0,false,Rx,1,8,18,80,00,00,5A,C0,FE,D3,
4376156509,000002C0,false,Rx,1,8,18,80,00,00,5A,C0,FE,E3,
4376166680,000002C0,false,Rx,1,8,18,80,00,00,5A,C0,FE,F3,
4376176517,000002C0,false,Rx,1,8,18,80,00,00,5A,C0,FE,03,
4376186738,000002C0,false,Rx,1,8,18,80,00,00,5A,C0,FE,13,
4376196730,000002C0,false,Rx,1,8,18,80,00,00,5A,C0,FE,23,
4376206680,000002C0,false,Rx,1,8,18,80,00,00,5A,C0,FE,33,
4376216514,000002C0,false,Rx,1,8,18,80,00,00,5A,C0,FE,43,
4376226687,000002C0,false,Rx,1,8,18,80,00,00,5A,C0,FE,53,
4376236514,000002C0,false,Rx,1,8,18,80,00,00,5A,C0,FE,63,
4376246723,000002C0,false,Rx,1,8,18,80,00,00,5A,C0,FE,73,
4376256519,000002C0,false,Rx,1,8,18,80,00,00,5A,C0,FE,83,
4376266685,000002C0,false,Rx,1,8,18,80,00,00,5A,C0,FE,93,
4376276521,000002C0,false,Rx,1,8,18,80,00,00,5A,C0,FE,A3,
4376286683,000002C0,false,Rx,1,8,18,80,00,00,5A,C0,FE,B3,
4376296730,000002C0,false,Rx,1,8,18,80,00,00,5A,C0,FE,C3,
4376306683,000002C0,false,Rx,1,8,18,80,00,00,5A,C0,FE,D3,
4376316528,000002C0,false,Rx,1,8,18,80,00,00,5A,C0,FE,E3,
4376326689,000002C0,false,Rx,1,8,18,80,00,00,5A,C0,FE,F3,
4376336550,000002C0,false,Rx,1,8,18,80,00,00,5A,C0,FE,03,
4376346730,000002C0,false,Rx,1,8,18,80,00,00,5A,C0,FE,13,
4376356518,000002C0,false,Rx,1,8,18,80,00,00,5A,C0,FE,23,
4376366686,000002C0,false,Rx,1,8,18,80,00,00,5A,C0,FE,33,
4376376524,000002C0,false,Rx,1,8,18,80,00,00,5A,C0,FE,43,
4376386753,000002C0,false,Rx,1,8,18,80,00,00,5A,C0,FE,53,
4376396738,000002C0,false,Rx,1,8,18,80,00,00,5A,C0,FE,63,
4376406688,000002C0,false,Rx,1,8,18,80,00,00,5A,C0,FE,73,
4376416526,000002C0,false,Rx,1,8,18,80,00,00,5A,C0,FE,83,
4376425978,00000764,false,Rx,0,1,A3,00,00,00,00,00,00,00,
4376426692,000002C0,false,Rx,1,8,18,80,00,00,5A,C0,FE,93,
4376436484,00000300,false,Rx,1,6,A1,0F,8A,FF,4A,FF,00,00,
4376436720,000002C0,false,Rx,1,8,18,80,00,00,5A,C0,FE,A3,
4376446724,000002C0,false,Rx,1,8,18,80,00,00,5A,C0,FE,B3,
4376456528,000002C0,false,Rx,1,8,18,80,00,00,5A,C0,FE,C3,
4376466691,000002C0,false,Rx,1,8,18,80,00,00,5A,C0,FE,D3,
4376476522,000002C0,false,Rx,1,8,18,80,00,00,5A,C0,FE,E3,
4376486697,000002C0,false,Rx,1,8,18,80,00,00,5A,C0,FE,F3,
4376496537,000002C0,false,Rx,1,8,18,80,00,00,5A,C0,FE,03,
4376506696,000002C0,false,Rx,1,8,18,80,00,00,5A,C0,FE,13,
4376516528,000002C0,false,Rx,1,8,18,80,00,00,5A,C0,FE,23,
4376526694,000002C0,false,Rx,1,8,18,80,00,00,5A,C0,FE,33,
4376536528,000002C0,false,Rx,1,8,18,80,00,00,5A,C0,FE,43,
4376546728,000002C0,false,Rx,1,8,18,80,00,00,5A,C0,FE,53,
4376556528,000002C0,false,Rx,1,8,18,80,00,00,5A,C0,FE,63,
4376566695,000002C0,false,Rx,1,8,18,80,00,00,5A,C0,FE,73,
4376576535,000002C0,false,Rx,1,8,18,80,00,00,5A,C0,FE,83,
4376586751,000002C0,false,Rx,1,8,18,80,00,00,5A,C0,FE,93,
4376596730,000002C0,false,Rx,1,8,18,80,00,00,5A,C0,FE,A3,
4376606699,000002C0,false,Rx,1,8,18,80,00,00,5A,C0,FE,B3,
4376616533,000002C0,false,Rx,1,8,18,80,00,00,5A,C0,FE,C3,
4376626698,000002C0,false,Rx,1,8,18,80,00,00,5A,C0,FE,D3,
4376636530,000002C0,false,Rx,1,8,18,80,00,00,5A,C0,FE,E3,
4376646726,000002C0,false,Rx,1,8,18,80,00,00,5A,C0,FE,F3,
4376656534,000002C0,false,Rx,1,8,18,80,00,00,5A,C0,FE,03,
4376666703,000002C0,false,Rx,1,8,18,80,00,00,5A,C0,FE,13,
4376676534,000002C0,false,Rx,1,8,18,80,00,00,5A,C0,FE,23,
4376686716,000002C0,false,Rx,1,8,18,80,00,00,5A,C0,FE,33,
4376696731,000002C0,false,Rx,1,8,18,80,00,00,5A,C0,FE,43,
4376706707,000002C0,false,Rx,1,8,18,80,00,00,5A,C0,FE,53,
4376716537,000002C0,false,Rx,1,8,18,80,00,00,5A,C0,FE,63,
4376726703,000002C0,false,Rx,1,8,18,80,00,00,5A,C0,FE,73,
4376736541,000002C0,false,Rx,1,8,18,80,00,00,5A,C0,FE,83,
4376746726,000002C0,false,Rx,1,8,18,80,00,00,5A,C0,FE,93,
4376756535,000002C0,false,Rx,1,8,18,80,00,00,5A,C0,FE,A3,
4376766704,000002C0,false,Rx,1,8,18,80,00,00,5A,C0,FE,B3,
4376776539,000002C0,false,Rx,1,8,18,80,00,00,5A,C0,FE,C3,
4376786744,000002C0,false,Rx,1,8,18,80,00,00,5A,C0,FE,D3,
4376796728,000002C0,false,Rx,1,8,18,80,00,00,5A,C0,FE,E3,
4376806708,000002C0,false,Rx,1,8,18,80,00,00,5A,C0,FE,F3,
4376816542,000002C0,false,Rx,1,8,18,80,00,00,5A,C0,FE,03,
4376826710,000002C0,false,Rx,1,8,18,80,00,00,5A,C0,FE,13,
4376836540,000002C0,false,Rx,1,8,18,80,00,00,5A,C0,FE,23,
4376846724,000002C0,false,Rx,1,8,18,80,00,00,5A,C0,FE,33,
4376856543,000002C0,false,Rx,1,8,18,80,00,00,5A,C0,FE,43,
4376866713,000002C0,false,Rx,1,8,18,80,00,00,5A,C0,FE,53,
4376876542,000002C0,false,Rx,1,8,18,80,00,00,5A,C0,FE,63,
4376886711,000002C0,false,Rx,1,8,18,80,00,00,5A,C0,FE,73,
4376896739,000002C0,false,Rx,1,8,18,80,00,00,5A,C0,FE,83,
4376906714,000002C0,false,Rx,1,8,18,80,00,00,5A,C0,FE,93,
4376916543,000002C0,false,Rx,1,8,18,80,00,00,5A,C0,FE,A3,
4376926711,000002C0,false,Rx,1,8,18,80,00,00,5A,C0,FE,B3,
4376936553,000002C0,false,Rx,1,8,18,80,00,00,5A,C0,FE,C3,
4376946724,000002C0,false,Rx,1,8,18,80,00,00,5A,C0,FE,D3,
4376956545,000002C0,false,Rx,1,8,18,80,00,00,5A,C0,FE,E3,
4376966716,000002C0,false,Rx,1,8,18,80,00,00,5A,C0,FE,F3,
4376976549,000002C0,false,Rx,1,8,18,80,00,00,5A,C0,FE,03,
4376986736,000002C0,false,Rx,1,8,18,80,00,00,5A,C0,FE,13,
4376996748,000002C0,false,Rx,1,8,18,80,00,00,5A,C0,FE,23,
4377006716,000002C0,false,Rx,1,8,18,80,00,00,5A,C0,FE,33,
4377016550,000002C0,false,Rx,1,8,18,80,00,00,5A,C0,FE,43,
4377026720,000002C0,false,Rx,1,8,18,80,00,00,5A,C0,FE,53,
4377036550,000002C0,false,Rx,1,8,18,80,00,00,5A,C0,FE,63,
4377046732,000002C0,false,Rx,1,8,18,80,00,00,5A,C0,FE,73,
4377056554,000002C0,false,Rx,1,8,18,80,00,00,5A,C0,FE,83,
4377057270,00000764,false,Rx,0,1,A3,00,00,00,00,00,00,00,
4377066719,000002C0,false,Rx,1,8,18,80,00,00,5A,C0,FE,93,
4377076512,00000300,false,Rx,1,6,A1,0F,8A,FF,4A,FF,00,00,
4377076750,000002C0,false,Rx,1,8,18,80,00,00,5A,C0,FE,A3,
4377086726,000002C0,false,Rx,1,8,18,80,00,00,5A,C0,FE,B3,
4377096732,000002C0,false,Rx,1,8,18,80,00,00,5A,C0,FE,C3,
4377106720,000002C0,false,Rx,1,8,18,80,00,00,5A,C0,FE,D3,
4377116552,000002C0,false,Rx,1,8,18,80,00,00,5A,C0,FE,E3,
4377126724,000002C0,false,Rx,1,8,18,80,00,00,5A,C0,FE,F3,
4377136555,000002C0,false,Rx,1,8,18,80,00,00,5A,C0,FE,03,
4377146725,000002C0,false,Rx,1,8,18,80,00,00,5A,C0,FE,13,
4377156555,000002C0,false,Rx,1,8,18,80,00,00,5A,C0,FE,23,
4377166722,000002C0,false,Rx,1,8,18,80,00,00,5A,C0,FE,33,
4377176556,000002C0,false,Rx,1,8,18,80,00,00,5A,C0,FE,43,
4377186734,000002C0,false,Rx,1,8,18,80,00,00,5A,C0,FE,53,
4377196728,000002C0,false,Rx,1,8,18,80,00,00,5A,C0,FE,63,
4377206726,000002C0,false,Rx,1,8,18,80,00,00,5A,C0,FE,73,
4377216562,000002C0,false,Rx,1,8,18,80,00,00,5A,C0,FE,83,
4377226729,000002C0,false,Rx,1,8,18,80,00,00,5A,C0,FE,93,
4377236556,000002C0,false,Rx,1,8,18,80,00,00,5A,C0,FE,A3,
4377246726,000002C0,false,Rx,1,8,18,80,00,00,5A,C0,FE,B3,
4377256559,000002C0,false,Rx,1,8,18,80,00,00,5A,C0,FE,C3,
4377266728,000002C0,false,Rx,1,8,18,80,00,00,5A,C0,FE,D3,
4377276558,000002C0,false,Rx,1,8,18,80,00,00,5A,C0,FE,E3,
4377286730,000002C0,false,Rx,1,8,18,80,00,00,5A,C0,FE,F3,
4377296728,000002C0,false,Rx,1,8,18,80,00,00,5A,C0,FE,03,
4377306733,000002C0,false,Rx,1,8,18,80,00,00,5A,C0,FE,13,
4377316564,000002C0,false,Rx,1,8,18,80,00,00,5A,C0,FE,23,
4377326730,000002C0,false,Rx,1,8,18,80,00,00,5A,C0,FE,33,
4377336563,000002C0,false,Rx,1,8,18,80,00,00,5A,C0,FE,43,
4377346754,000002C0,false,Rx,1,8,18,80,00,00,5A,C0,FE,53,
4377356589,000002C0,false,Rx,1,8,18,80,00,00,5A,C0,FE,63,
4377366756,000002C0,false,Rx,1,8,18,80,00,00,5A,C0,FE,73,
4377376579,000002C0,false,Rx,1,8,18,80,00,00,5A,C0,FE,83,
4377386739,000002C0,false,Rx,1,8,18,80,00,00,5A,C0,FE,93,
4377396725,000002C0,false,Rx,1,8,18,80,00,00,5A,C0,FE,A3,
4377406747,000002C0,false,Rx,1,8,18,80,00,00,5A,C0,FE,B3,
4377416597,000002C0,false,Rx,1,8,18,80,00,00,5A,C0,FE,C3,
4377426760,000002C0,false,Rx,1,8,18,80,00,00,5A,C0,FE,D3,
4377436642,000002C0,false,Rx,1,8,18,80,00,00,5A,C0,FE,E3,
4377446757,000002C0,false,Rx,1,8,18,80,00,00,5A,C0,FE,F3,
4377456571,000002C0,false,Rx,1,8,18,80,00,00,5A,C0,FE,03,
4377466738,000002C0,false,Rx,1,8,18,80,00,00,5A,C0,FE,13,
4377476580,000002C0,false,Rx,1,8,18,80,00,00,5A,C0,FE,23,
4377486738,000002C0,false,Rx,1,8,18,80,00,00,5A,C0,FE,33,
4377496739,000002C0,false,Rx,1,8,18,80,00,00,5A,C0,FE,43,
4377506786,000002C0,false,Rx,1,8,18,80,00,00,5A,C0,FE,53,
4377516577,000002C0,false,Rx,1,8,18,80,00,00,5A,C0,FE,63,
4377526744,000002C0,false,Rx,1,8,18,80,00,00,5A,C0,FE,73,
4377536598,000002C0,false,Rx,1,8,18,80,00,00,5A,C0,FE,83,
4377546968,000002C0,false,Rx,1,8,18,80,00,00,5A,C0,FE,93,
4377556571,000002C0,false,Rx,1,8,18,80,00,00,5A,C0,FE,A3,
4377566741,000002C0,false,Rx,1,8,18,80,00,00,5A,C0,FE,B3,
4377576573,000002C0,false,Rx,1,8,18,80,00,00,5A,C0,FE,C3,
4377586741,000002C0,false,Rx,1,8,18,80,00,00,5A,C0,FE,D3,
4377596726,000002C0,false,Rx,1,8,18,80,00,00,5A,C0,FE,E3,
4377606759,000002C0,false,Rx,1,8,18,80,00,00,5A,C0,FE,F3,
4377616579,000002C0,false,Rx,1,8,18,80,00,00,5A,C0,FE,03,
4377626890,000002C0,false,Rx,1,8,18,80,00,00,5A,C0,FE,13,
4377637005,000002C0,false,Rx,1,8,18,80,00,00,5A,C0,FE,23,
4377646754,000002C0,false,Rx,1,8,18,80,00,00,5A,C0,FE,33,
4377655972,00000764,false,Rx,0,1,A3,00,00,00,00,00,00,00,
4377656829,000002C0,false,Rx,1,8,18,80,00,00,5A,C0,FE,43,
4377666717,00000300,false,Rx,1,6,A1,0F,8A,FF,4A,FF,00,00,
4377666950,000002C0,false,Rx,1,8,18,80,00,00,5A,C0,FE,53,
4377676586,000002C0,false,Rx,1,8,18,80,00,00,5A,C0,FE,63,
4377686746,000002C0,false,Rx,1,8,18,80,00,00,5A,C0,FE,73,
4377696738,000002C0,false,Rx,1,8,18,80,00,00,5A,C0,FE,83,
4377706748,000002C0,false,Rx,1,8,18,80,00,00,5A,C0,FE,93,
4377716585,000002C0,false,Rx,1,8,18,80,00,00,5A,C0,FE,A3,
4377726748,000002C0,false,Rx,1,8,18,80,00,00,5A,C0,FE,B3,
4377736580,000002C0,false,Rx,1,8,18,80,00,00,5A,C0,FE,C3,
4377746964,000002C0,false,Rx,1,8,18,80,00,00,5A,C0,FE,D3,
4377756581,000002C0,false,Rx,1,8,18,80,00,00,5A,C0,FE,E3,
4377766751,000002C0,false,Rx,1,8,18,80,00,00,5A,C0,FE,F3,
4377776585,000002C0,false,Rx,1,8,18,80,00,00,5A,C0,FE,03,
4377786753,000002C0,false,Rx,1,8,18,80,00,00,5A,C0,FE,13,
4377796726,000002C0,false,Rx,1,8,18,80,00,00,5A,C0,FE,23,
4377806751,000002C0,false,Rx,1,8,18,80,00,00,5A,C0,FE,33,
4377816591,000002C0,false,Rx,1,8,18,80,00,00,5A,C0,FE,43,
4377826757,000002C0,false,Rx,1,8,18,80,00,00,5A,C0,FE,53,
4377836585,000002C0,false,Rx,1,8,18,80,00,00,5A,C0,FE,63,
4377846962,000002C0,false,Rx,1,8,18,80,00,00,5A,C0,FE,73,
4377856590,000002C0,false,Rx,1,8,18,80,00,00,5A,C0,FE,83,
4377866756,000002C0,false,Rx,1,8,18,80,00,00,5A,C0,FE,93,
4377876586,000002C0,false,Rx,1,8,18,80,00,00,5A,C0,FE,A3,
4377886755,000002C0,false,Rx,1,8,18,80,00,00,5A,C0,FE,B3,
4377896726,000002C0,false,Rx,1,8,18,80,00,00,5A,C0,FE,C3,
4377906756,000002C0,false,Rx,1,8,18,80,00,00,5A,C0,FE,D3,
4377916609,000002C0,false,Rx,1,8,18,80,00,00,5A,C0,FE,E3,
4377926764,000002C0,false,Rx,1,8,18,80,00,00,5A,C0,FE,F3,
4377936595,000002C0,false,Rx,1,8,18,80,00,00,5A,C0,FE,03,
4377946967,000002C0,false,Rx,1,8,18,80,00,00,5A,C0,FE,13,
4377956592,000002C0,false,Rx,1,8,18,80,00,00,5A,C0,FE,23,
4377966758,000002C0,false,Rx,1,8,18,80,00,00,5A,C0,FE,33,
4377976591,000002C0,false,Rx,1,8,18,80,00,00,5A,C0,FE,43,
4377986763,000002C0,false,Rx,1,8,18,80,00,00,5A,C0,FE,53,
4377996732,000002C0,false,Rx,1,8,18,80,00,00,5A,C0,FE,63,
4378006760,000002C0,false,Rx,1,8,18,80,00,00,5A,C0,FE,73,
4378016677,000002C0,false,Rx,1,8,18,80,00,00,5A,C0,FE,83,
4378026763,000002C0,false,Rx,1,8,18,80,00,00,5A,C0,FE,93,
4378036592,000002C0,false,Rx,1,8,18,80,00,00,5A,C0,FE,A3,
4378046982,000002C0,false,Rx,1,8,18,80,00,00,5A,C0,FE,B3,
4378056596,000002C0,false,Rx,1,8,18,80,00,00,5A,C0,FE,C3,
4378066763,000002C0,false,Rx,1,8,18,80,00,00,5A,C0,FE,D3,
4378076594,000002C0,false,Rx,1,8,18,80,00,00,5A,C0,FE,E3,
4378086765,000002C0,false,Rx,1,8,18,80,00,00,5A,C0,FE,F3,
4378096731,000002C0,false,Rx,1,8,18,80,00,00,5A,C0,FE,03,
4378106768,000002C0,false,Rx,1,8,18,80,00,00,5A,C0,FE,13,
4378116599,000002C0,false,Rx,1,8,18,80,00,00,5A,C0,FE,23,
4378126775,000002C0,false,Rx,1,8,18,80,00,00,5A,C0,FE,33,
4378136600,000002C0,false,Rx,1,8,18,80,00,00,5A,C0,FE,43,
4378146967,000002C0,false,Rx,1,8,18,80,00,00,5A,C0,FE,53,
4378156599,000002C0,false,Rx,1,8,18,80,00,00,5A,C0,FE,63,
4378166769,000002C0,false,Rx,1,8,18,80,00,00,5A,C0,FE,73,
4378176604,000002C0,false,Rx,1,8,18,80,00,00,5A,C0,FE,83,
4378186770,000002C0,false,Rx,1,8,18,80,00,00,5A,C0,FE,93,
4378196726,000002C0,false,Rx,1,8,18,80,00,00,5A,C0,FE,A3,
4378206770,000002C0,false,Rx,1,8,18,80,00,00,5A,C0,FE,B3,
4378216604,000002C0,false,Rx,1,8,18,80,00,00,5A,C0,FE,C3,
4378226778,000002C0,false,Rx,1,8,18,80,00,00,5A,C0,FE,D3,
4378236603,000002C0,false,Rx,1,8,18,80,00,00,5A,C0,FE,E3,
4378236985,00000764,false,Rx,0,1,A3,00,00,00,00,00,00,00,
4378246964,000002C0,false,Rx,1,8,18,80,00,00,5A,C0,FE,F3,
4378256564,00000300,false,Rx,1,6,A1,0F,8A,FF,4A,FF,00,00,
4378256806,000002C0,false,Rx,1,8,18,80,00,00,5A,C0,FE,03,
4378266780,000002C0,false,Rx,1,8,18,80,00,00,5A,C0,FE,13,
4378276604,000002C0,false,Rx,1,8,18,80,00,00,5A,C0,FE,23,
4378286774,000002C0,false,Rx,1,8,18,80,00,00,5A,C0,FE,33,
4378296728,000002C0,false,Rx,1,8,18,80,00,00,5A,C0,FE,43,
4378306812,000002C0,false,Rx,1,8,18,80,00,00,5A,C0,FE,53,
4378316621,000002C0,false,Rx,1,8,18,80,00,00,5A,C0,FE,63,
4378326788,000002C0,false,Rx,1,8,18,80,00,00,5A,C0,FE,73,
4378336614,000002C0,false,Rx,1,8,18,80,00,00,5A,C0,FE,83,
4378346981,000002C0,false,Rx,1,8,18,80,00,00,5A,C0,FE,93,
4378356607,000002C0,false,Rx,1,8,18,80,00,00,5A,C0,FE,A3,
4378366779,000002C0,false,Rx,1,8,18,80,00,00,5A,C0,FE,B3,
4378376610,000002C0,false,Rx,1,8,18,80,00,00,5A,C0,FE,C3,
4378386782,000002C0,false,Rx,1,8,18,80,00,00,5A,C0,FE,D3,
4378396724,000002C0,false,Rx,1,8,18,80,00,00,5A,C0,FE,E3,
4378406781,000002C0,false,Rx,1,8,18,80,00,00,5A,C0,FE,F3,
4378416615,000002C0,false,Rx,1,8,18,80,00,00,5A,C0,FE,03,
4378426801,000002C0,false,Rx,1,8,18,80,00,00,5A,C0,FE,13,
4378436614,000002C0,false,Rx,1,8,18,80,00,00,5A,C0,FE,23,
4378446976,000002C0,false,Rx,1,8,18,80,00,00,5A,C0,FE,33,
4378456613,000002C0,false,Rx,1,8,18,80,00,00,5A,C0,FE,43,
4378466786,000002C0,false,Rx,1,8,18,80,00,00,5A,C0,FE,53,
4378476614,000002C0,false,Rx,1,8,18,80,00,00,5A,C0,FE,63,
4378486782,000002C0,false,Rx,1,8,18,80,00,00,5A,C0,FE,73,
4378496736,000002C0,false,Rx,1,8,18,80,00,00,5A,C0,FE,83,
4378506794,000002C0,false,Rx,1,8,18,80,00,00,5A,C0,FE,93,
4378516615,000002C0,false,Rx,1,8,18,80,00,00,5A,C0,FE,A3,
4378526919,000002C0,false,Rx,1,8,18,80,00,00,5A,C0,FE,B3,
4378536722,000002C0,false,Rx,1,8,18,80,00,00,5A,C0,FE,C3,
4378546965,000002C0,false,Rx,1,8,18,80,00,00,5A,C0,FE,D3,
4378556616,000002C0,false,Rx,1,8,18,80,00,00,5A,C0,FE,E3,
4378566787,000002C0,false,Rx,1,8,18,80,00,00,5A,C0,FE,F3,
4378576621,000002C0,false,Rx,1,8,18,80,00,00,5A,C0,FE,03,
4378586788,000002C0,false,Rx,1,8,18,80,00,00,5A,C0,FE,13,
4378596728,000002C0,false,Rx,1,8,18,80,00,00,5A,C0,FE,23,
4378606787,000002C0,false,Rx,1,8,18,80,00,00,5A,C0,FE,33,
4378616622,000002C0,false,Rx,1,8,18,80,00,00,5A,C0,FE,43,
4378626793,000002C0,false,Rx,1,8,18,80,00,00,5A,C0,FE,53,
4378636628,000002C0,false,Rx,1,8,18,80,00,00,5A,C0,FE,63,
4378646966,000002C0,false,Rx,1,8,18,80,00,00,5A,C0,FE,73,
4378656628,000002C0,false,Rx,1,8,18,80,00,00,5A,C0,FE,83,
4378666792,000002C0,false,Rx,1,8,18,80,00,00,5A,C0,FE,93,
4378676621,000002C0,false,Rx,1,8,18,80,00,00,5A,C0,FE,A3,
4378686791,000002C0,false,Rx,1,8,18,80,00,00,5A,C0,FE,B3,
4378696744,000002C0,false,Rx,1,8,18,80,00,00,5A,C0,FE,C3,
4378706791,000002C0,false,Rx,1,8,18,80,00,00,5A,C0,FE,D3,
4378716623,000002C0,false,Rx,1,8,18,80,00,00,5A,C0,FE,E3,
4378726795,000002C0,false,Rx,1,8,18,80,00,00,5A,C0,FE,F3,
4378736636,000002C0,false,Rx,1,8,18,80,00,00,5A,C0,FE,03,
4378746967,000002C0,false,Rx,1,8,18,80,00,00,5A,C0,FE,13,
4378756626,000002C0,false,Rx,1,8,18,80,00,00,5A,C0,FE,23,
4378766794,000002C0,false,Rx,1,8,18,80,00,00,5A,C0,FE,33,
4378776628,000002C0,false,Rx,1,8,18,80,00,00,5A,C0,FE,43,
4378786800,000002C0,false,Rx,1,8,18,80,00,00,5A,C0,FE,53,
4378796726,000002C0,false,Rx,1,8,18,80,00,00,5A,C0,FE,63,
4378806797,000002C0,false,Rx,1,8,18,80,00,00,5A,C0,FE,73,
4378816634,000002C0,false,Rx,1,8,18,80,00,00,5A,C0,FE,83,
4378826798,000002C0,false,Rx,1,8,18,80,00,00,5A,C0,FE,93,
4378836635,000002C0,false,Rx,1,8,18,80,00,00,5A,C0,FE,A3,
4378846986,000002C0,false,Rx,1,8,18,80,00,00,5A,C0,FE,B3,
4378856633,000002C0,false,Rx,1,8,18,80,00,00,5A,C0,FE,C3,
4378866799,000002C0,false,Rx,1,8,18,80,00,00,5A,C0,FE,D3,
4378876629,000002C0,false,Rx,1,8,18,80,00,00,5A,C0,FE,E3,
4378878859,00000764,false,Rx,0,1,A3,00,00,00,00,00,00,00,
4378886801,000002C0,false,Rx,1,8,18,80,00,00,5A,C0,FE,F3,
4378896732,000002C0,false,Rx,1,8,18,80,00,00,5A,C0,FE,03,
4378896929,00000300,false,Rx,1,6,A1,0F,8A,FF,4A,FF,00,00,
4378906815,000002C0,false,Rx,1,8,18,80,00,00,5A,C0,FE,13,
4378916638,000002C0,false,Rx,1,8,18,80,00,00,5A,C0,FE,23,
4378926801,000002C0,false,Rx,1,8,18,80,00,00,5A,C0,FE,33,
4378936744,000002C0,false,Rx,1,8,18,80,00,00,5A,C0,FE,43,
4378946973,000002C0,false,Rx,1,8,18,80,00,00,5A,C0,FE,53,
4378956636,000002C0,false,Rx,1,8,18,80,00,00,5A,C0,FE,63,
4378966979,000002C0,false,Rx,1,8,18,80,00,00,5A,C0,FE,73,
4378976641,000002C0,false,Rx,1,8,18,80,00,00,5A,C0,FE,83,
4378986806,000002C0,false,Rx,1,8,18,80,00,00,5A,C0,FE,93,
4378996745,000002C0,false,Rx,1,8,18,80,00,00,5A,C0,FE,A3,
4379006804,000002C0,false,Rx,1,8,18,80,00,00,5A,C0,FE,B3,
4379016638,000002C0,false,Rx,1,8,18,80,00,00,5A,C0,FE,C3,
4379026806,000002C0,false,Rx,1,8,18,80,00,00,5A,C0,FE,D3,
4379036636,000002C0,false,Rx,1,8,18,80,00,00,5A,C0,FE,E3,
4379046975,000002C0,false,Rx,1,8,18,80,00,00,5A,C0,FE,F3,
4379056643,000002C0,false,Rx,1,8,18,80,00,00,5A,C0,FE,03,
4379066809,000002C0,false,Rx,1,8,18,80,00,00,5A,C0,FE,13,
4379076641,000002C0,false,Rx,1,8,18,80,00,00,5A,C0,FE,23,
4379086809,000002C0,false,Rx,1,8,18,80,00,00,5A,C0,FE,33,
4379096727,000002C0,false,Rx,1,8,18,80,00,00,5A,C0,FE,43,
4379106813,000002C0,false,Rx,1,8,18,80,00,00,5A,C0,FE,53,
4379116643,000002C0,false,Rx,1,8,18,80,00,00,5A,C0,FE,63,
4379126811,000002C0,false,Rx,1,8,18,80,00,00,5A,C0,FE,73,
4379136647,000002C0,false,Rx,1,8,18,80,00,00,5A,C0,FE,83,
4379146968,000002C0,false,Rx,1,8,18,80,00,00,5A,C0,FE,93,
4379156643,000002C0,false,Rx,1,8,18,80,00,00,5A,C0,FE,A3,
4379166812,000002C0,false,Rx,1,8,18,80,00,00,5A,C0,FE,B3,
4379176645,000002C0,false,Rx,1,8,18,80,00,00,5A,C0,FE,C3,
4379186814,000002C0,false,Rx,1,8,18,80,00,00,5A,C0,FE,D3,
4379196727,000002C0,false,Rx,1,8,18,80,00,00,5A,C0,FE,E3,
4379206816,000002C0,false,Rx,1,8,18,80,00,00,5A,C0,FE,F3,
4379216650,000002C0,false,Rx,1,8,18,80,00,00,5A,C0,FE,03,
4379226817,000002C0,false,Rx,1,8,18,80,00,00,5A,C0,FE,13,
4379236648,000002C0,false,Rx,1,8,18,80,00,00,5A,C0,FE,23,
4379246969,000002C0,false,Rx,1,8,18,80,00,00,5A,C0,FE,33,
4379256651,000002C0,false,Rx,1,8,18,80,00,00,5A,C0,FE,43,
4379266821,000002C0,false,Rx,1,8,18,80,00,00,5A,C0,FE,53,
4379276649,000002C0,false,Rx,1,8,18,80,00,00,5A,C0,FE,63,
4379286817,000002C0,false,Rx,1,8,18,80,00,00,5A,C0,FE,73,
4379296731,000002C0,false,Rx,1,8,18,80,00,00,5A,C0,FE,83,
4379306821,000002C0,false,Rx,1,8,18,80,00,00,5A,C0,FE,93,
4379316664,000002C0,false,Rx,1,8,18,80,00,00,5A,C0,FE,A3,
4379326819,000002C0,false,Rx,1,8,18,80,00,00,5A,C0,FE,B3,
4379336653,000002C0,false,Rx,1,8,18,80,00,00,5A,C0,FE,C3,
4379346967,000002C0,false,Rx,1,8,18,80,00,00,5A,C0,FE,D3,
4379356679,000002C0,false,Rx,1,8,18,80,00,00,5A,C0,FE,E3,
4379366831,000002C0,false,Rx,1,8,18,80,00,00,5A,C0,FE,F3,
4379376658,000002C0,false,Rx,1,8,18,80,00,00,5A,C0,FE,03,
4379387018,000002C0,false,Rx,1,8,18,80,00,00,5A,C0,FE,13,
4379396751,000002C0,false,Rx,1,8,18,80,00,00,5A,C0,FE,23,
4379406830,000002C0,false,Rx,1,8,18,80,00,00,5A,C0,FE,33,
4379416657,000002C0,false,Rx,1,8,18,80,00,00,5A,C0,FE,43,
4379426828,000002C0,false,Rx,1,8,18,80,00,00,5A,C0,FE,53,
4379436661,000002C0,false,Rx,1,8,18,80,00,00,5A,C0,FE,63,
4379446962,000002C0,false,Rx,1,8,18,80,00,00,5A,C0,FE,73,
4379456669,000002C0,false,Rx,1,8,18,80,00,00,5A,C0,FE,83,
4379466827,000002C0,false,Rx,1,8,18,80,00,00,5A,C0,FE,93,
4379476658,000002C0,false,Rx,1,8,18,80,00,00,5A,C0,FE,A3,
4379482160,00000764,false,Rx,0,1,A3,00,00,00,00,00,00,00,
4379486827,000002C0,false,Rx,1,8,18,80,00,00,5A,C0,FE,B3,
4379496743,000002C0,false,Rx,1,8,18,80,00,00,5A,C0,FE,C3,
4379496931,00000300,false,Rx,1,6,A1,0F,8A,FF,4A,FF,00,00,
4379506840,000002C0,false,Rx,1,8,18,80,00,00,5A,C0,FE,D3,
4379516659,000002C0,false,Rx,1,8,18,80,00,00,5A,C0,FE,E3,
4379526832,000002C0,false,Rx,1,8,18,80,00,00,5A,C0,FE,F3,
4379536664,000002C0,false,Rx,1,8,18,80,00,00,5A,C0,FE,03,
4379546965,000002C0,false,Rx,1,8,18,80,00,00,5A,C0,FE,13,
4379556672,000002C0,false,Rx,1,8,18,80,00,00,5A,C0,FE,23,
4379566831,000002C0,false,Rx,1,8,18,80,00,00,5A,C0,FE,33,
4379576663,000002C0,false,Rx,1,8,18,80,00,00,5A,C0,FE,43,
4379586836,000002C0,false,Rx,1,8,18,80,00,00,5A,C0,FE,53,
4379596729,000002C0,false,Rx,1,8,18,80,00,00,5A,C0,FE,63,
4379606832,000002C0,false,Rx,1,8,18,80,00,00,5A,C0,FE,73,
4379616670,000002C0,false,Rx,1,8,18,80,00,00,5A,C0,FE,83,
4379626834,000002C0,false,Rx,1,8,18,80,00,00,5A,C0,FE,93,
4379636664,000002C0,false,Rx,1,8,18,80,00,00,5A,C0,FE,A3,
4379646970,000002C0,false,Rx,1,8,18,80,00,00,5A,C0,FE,B3,
4379656683,000002C0,false,Rx,1,8,18,80,00,00,5A,C0,FE,C3,
4379666840,000002C0,false,Rx,1,8,18,80,00,00,5A,C0,FE,D3,
4379676667,000002C0,false,Rx,1,8,18,80,00,00,5A,C0,FE,E3,
4379686837,000002C0,false,Rx,1,8,18,80,00,00,5A,C0,FE,F3,
4379696728,000002C0,false,Rx,1,8,18,80,00,00,5A,C0,FE,03,
4379706839,000002C0,false,Rx,1,8,18,80,00,00,5A,C0,FE,13,
4379716671,000002C0,false,Rx,1,8,18,80,00,00,5A,C0,FE,23,
4379726838,000002C0,false,Rx,1,8,18,80,00,00,5A,C0,FE,33,
4379736670,000002C0,false,Rx,1,8,18,80,00,00,5A,C0,FE,43,
4379746966,000002C0,false,Rx,1,8,18,80,00,00,5A,C0,FE,53,
4379756684,000002C0,false,Rx,1,8,18,80,00,00,5A,C0,FE,63,
4379766840,000002C0,false,Rx,1,8,18,80,00,00,5A,C0,FE,73,
4379776678,000002C0,false,Rx,1,8,18,80,00,00,5A,C0,FE,83,
4379786841,000002C0,false,Rx,1,8,18,80,00,00,5A,C0,FE,93,
4379796726,000002C0,false,Rx,1,8,18,80,00,00,5A,C0,FE,A3,
4379806842,000002C0,false,Rx,1,8,18,80,00,00,5A,C0,FE,B3,
4379816675,000002C0,false,Rx,1,8,18,80,00,00,5A,C0,FE,C3,
4379826842,000002C0,false,Rx,1,8,18,80,00,00,5A,C0,FE,D3,
4379836671,000002C0,false,Rx,1,8,18,80,00,00,5A,C0,FE,E3,
4379846964,000002C0,false,Rx,1,8,18,80,00,00,5A,C0,FE,F3,
4379856677,000002C0,false,Rx,1,8,18,80,00,00,5A,C0,FE,03,
4379866848,000002C0,false,Rx,1,8,18,80,00,00,5A,C0,FE,13,
4379876677,000002C0,false,Rx,1,8,18,80,00,00,5A,C0,FE,23,
4379886845,000002C0,false,Rx,1,8,18,80,00,00,5A,C0,FE,33,
4379896726,000002C0,false,Rx,1,8,18,80,00,00,5A,C0,FE,43,
4379906849,000002C0,false,Rx,1,8,18,80,00,00,5A,C0,FE,53,
4379916679,000002C0,false,Rx,1,8,18,80,00,00,5A,C0,FE,63,
4379926845,000002C0,false,Rx,1,8,18,80,00,00,5A,C0,FE,73,
4379936683,000002C0,false,Rx,1,8,18,80,00,00,5A,C0,FE,83,
4379946965,000002C0,false,Rx,1,8,18,80,00,00,5A,C0,FE,93,
4379956678,000002C0,false,Rx,1,8,18,80,00,00,5A,C0,FE,A3,
4379966849,000002C0,false,Rx,1,8,18,80,00,00,5A,C0,FE,B3,
4379976682,000002C0,false,Rx,1,8,18,80,00,00,5A,C0,FE,C3,
4379986848,000002C0,false,Rx,1,8,18,80,00,00,5A,C0,FE,D3,
4379996734,000002C0,false,Rx,1,8,18,80,00,00,5A,C0,FE,E3,
4380006852,000002C0,false,Rx,1,8,18,80,00,00,5A,C0,FE,F3,
4380016685,000002C0,false,Rx,1,8,18,80,00,00,5A,C0,FE,03,
4380026852,000002C0,false,Rx,1,8,18,80,00,00,5A,C0,FE,13,
4380036683,000002C0,false,Rx,1,8,18,80,00,00,5A,C0,FE,23,
4380046961,000002C0,false,Rx,1,8,18,80,00,00,5A,C0,FE,33,
4380056685,000002C0,false,Rx,1,8,18,80,00,00,5A,C0,FE,43,
4380066876,000002C0,false,Rx,1,8,18,80,00,00,5A,C0,FE,53,
4380076073,00000764,false,Rx,0,1,A3,00,00,00,00,00,00,00,
4380076686,000002C0,false,Rx,1,8,18,80,00,00,5A,C0,FE,63,
4380086815,00000300,false,Rx,1,6,A1,0F,8A,FF,4A,FF,00,00,
4380087053,000002C0,false,Rx,1,8,18,80,00,00,5A,C0,FE,73,
4380096732,000002C0,false,Rx,1,8,18,80,00,00,5A,C0,FE,83,
4380106855,000002C0,false,Rx,1,8,18,80,00,00,5A,C0,FE,93,
4380116685,000002C0,false,Rx,1,8,18,80,00,00,5A,C0,FE,A3,
4380126855,000002C0,false,Rx,1,8,18,80,00,00,5A,C0,FE,B3,
4380136687,000002C0,false,Rx,1,8,18,80,00,00,5A,C0,FE,C3,
4380146963,000002C0,false,Rx,1,8,18,80,00,00,5A,C0,FE,D3,
4380156687,000002C0,false,Rx,1,8,18,80,00,00,5A,C0,FE,E3,
4380166864,000002C0,false,Rx,1,8,18,80,00,00,5A,C0,FE,F3,
4380176692,000002C0,false,Rx,1,8,18,80,00,00,5A,C0,FE,03,
4380186860,000002C0,false,Rx,1,8,18,80,00,00,5A,C0,FE,13,
4380196729,000002C0,false,Rx,1,8,18,80,00,00,5A,C0,FE,23,
4380206858,000002C0,false,Rx,1,8,18,80,00,00,5A,C0,FE,33,
4380216692,000002C0,false,Rx,1,8,18,80,00,00,5A,C0,FE,43,
4380226864,000002C0,false,Rx,1,8,18,80,00,00,5A,C0,FE,53,
4380236692,000002C0,false,Rx,1,8,18,80,00,00,5A,C0,FE,63,
4380246961,000002C0,false,Rx,1,8,18,80,00,00,5A,C0,FE,73,
4380256698,000002C0,false,Rx,1,8,18,80,00,00,5A,C0,FE,83,
4380266863,000002C0,false,Rx,1,8,18,80,00,00,5A,C0,FE,93,
4380276694,000002C0,false,Rx,1,8,18,80,00,00,5A,C0,FE,A3,
4380286861,000002C0,false,Rx,1,8,18,80,00,00,5A,C0,FE,B3,
4380296737,000002C0,false,Rx,1,8,18,80,00,00,5A,C0,FE,C3,
4380306863,000002C0,false,Rx,1,8,18,80,00,00,5A,C0,FE,D3,
4380316696,000002C0,false,Rx,1,8,18,80,00,00,5A,C0,FE,E3,
4380326865,000002C0,false,Rx,1,8,18,80,00,00,5A,C0,FE,F3,
4380336699,000002C0,false,Rx,1,8,18,80,00,00,5A,C0,FE,03,
4380347010,000002C0,false,Rx,1,8,18,80,00,00,5A,C0,FE,13,
4380356698,000002C0,false,Rx,1,8,18,80,00,00,5A,C0,FE,23,
4380366876,000002C0,false,Rx,1,8,18,80,00,00,5A,C0,FE,33,
4380376705,000002C0,false,Rx,1,8,18,80,00,00,5A,C0,FE,43,
4380386870,000002C0,false,Rx,1,8,18,80,00,00,5A,C0,FE,53,
4380396743,000002C0,false,Rx,1,8,18,80,00,00,5A,C0,FE,63,
4380406866,000002C0,false,Rx,1,8,18,80,00,00,5A,C0,FE,73,
4380416704,000002C0,false,Rx,1,8,18,80,00,00,5A,C0,FE,83,
4380426896,000002C0,false,Rx,1,8,18,80,00,00,5A,C0,FE,93,
4380436704,000002C0,false,Rx,1,8,18,80,00,00,5A,C0,FE,A3,
4380446963,000002C0,false,Rx,1,8,18,80,00,00,5A,C0,FE,B3,
4380456702,000002C0,false,Rx,1,8,18,80,00,00,5A,C0,FE,C3,
4380466871,000002C0,false,Rx,1,8,18,80,00,00,5A,C0,FE,D3,
4380476708,000002C0,false,Rx,1,8,18,80,00,00,5A,C0,FE,E3,
4380486873,000002C0,false,Rx,1,8,18,80,00,00,5A,C0,FE,F3,
4380496741,000002C0,false,Rx,1,8,18,80,00,00,5A,C0,FE,03,
4380506873,000002C0,false,Rx,1,8,18,80,00,00,5A,C0,FE,13,
4380516707,000002C0,false,Rx,1,8,18,80,00,00,5A,C0,FE,23,
4380526873,000002C0,false,Rx,1,8,18,80,00,00,5A,C0,FE,33,
4380536708,000002C0,false,Rx,1,8,18,80,00,00,5A,C0,FE,43,
4380546967,000002C0,false,Rx,1,8,18,80,00,00,5A,C0,FE,53,
4380556711,000002C0,false,Rx,1,8,18,80,00,00,5A,C0,FE,63,
4380566873,000002C0,false,Rx,1,8,18,80,00,00,5A,C0,FE,73,
4380576733,000002C0,false,Rx,1,8,18,80,00,00,5A,C0,FE,83,
4380586879,000002C0,false,Rx,1,8,18,80,00,00,5A,C0,FE,93,
4380596732,000002C0,false,Rx,1,8,18,80,00,00,5A,C0,FE,A3,
4380606876,000002C0,false,Rx,1,8,18,80,00,00,5A,C0,FE,B3,
4380616710,000002C0,false,Rx,1,8,18,80,00,00,5A,C0,FE,C3,
4380626878,000002C0,false,Rx,1,8,18,80,00,00,5A,C0,FE,D3,
4380636708,000002C0,false,Rx,1,8,18,80,00,00,5A,C0,FE,E3,
4380646963,000002C0,false,Rx,1,8,18,80,00,00,5A,C0,FE,F3,
4380656713,000002C0,false,Rx,1,8,18,80,00,00,5A,C0,FE,03,
4380658848,00000764,false,Rx,0,1,A3,00,00,00,00,00,00,00,
4380666881,000002C0,false,Rx,1,8,18,80,00,00,5A,C0,FE,13,
4380676671,00000300,false,Rx,1,6,A1,0F,8A,FF,4A,FF,00,00,
4380676911,000002C0,false,Rx,1,8,18,80,00,00,5A,C0,FE,23,
4380686897,000002C0,false,Rx,1,8,18,80,00,00,5A,C0,FE,33,
4380696731,000002C0,false,Rx,1,8,18,80,00,00,5A,C0,FE,43,
4380706884,000002C0,false,Rx,1,8,18,80,00,00,5A,C0,FE,53,
4380716715,000002C0,false,Rx,1,8,18,80,00,00,5A,C0,FE,63,
4380726882,000002C0,false,Rx,1,8,18,80,00,00,5A,C0,FE,73,
4380736718,000002C0,false,Rx,1,8,18,80,00,00,5A,C0,FE,83,
4380747000,000002C0,false,Rx,1,8,18,80,00,00,5A,C0,FE,93,
4380756713,000002C0,false,Rx,1,8,18,80,00,00,5A,C0,FE,A3,
4380766883,000002C0,false,Rx,1,8,18,80,00,00,5A,C0,FE,B3,
4380776717,000002C0,false,Rx,1,8,18,80,00,00,5A,C0,FE,C3,
4380786891,000002C0,false,Rx,1,8,18,80,00,00,5A,C0,FE,D3,
4380796727,000002C0,false,Rx,1,8,18,80,00,00,5A,C0,FE,E3,
4380806887,000002C0,false,Rx,1,8,18,80,00,00,5A,C0,FE,F3,
4380816720,000002C0,false,Rx,1,8,18,80,00,00,5A,C0,FE,03,
4380826888,000002C0,false,Rx,1,8,18,80,00,00,5A,C0,FE,13,
4380836718,000002C0,false,Rx,1,8,18,80,00,00,5A,C0,FE,23,
4380846962,000002C0,false,Rx,1,8,18,80,00,00,5A,C0,FE,33,
4380856720,000002C0,false,Rx,1,8,18,80,00,00,5A,C0,FE,43,
4380866891,000002C0,false,Rx,1,8,18,80,00,00,5A,C0,FE,53,
4380876721,000002C0,false,Rx,1,8,18,80,00,00,5A,C0,FE,63,
4380886905,000002C0,false,Rx,1,8,18,80,00,00,5A,C0,FE,73,
4380896732,000002C0,false,Rx,1,8,18,80,00,00,5A,C0,FE,83,
4380906891,000002C0,false,Rx,1,8,18,80,00,00,5A,C0,FE,93,
4380916720,000002C0,false,Rx,1,8,18,80,00,00,5A,C0,FE,A3,
4380926892,000002C0,false,Rx,1,8,18,80,00,00,5A,C0,FE,B3,
4380936723,000002C0,false,Rx,1,8,18,80,00,00,5A,C0,FE,C3,
4380946971,000002C0,false,Rx,1,8,18,80,00,00,5A,C0,FE,D3,
4380956722,000002C0,false,Rx,1,8,18,80,00,00,5A,C0,FE,E3,
4380966894,000002C0,false,Rx,1,8,18,80,00,00,5A,C0,FE,F3,
4380976727,000002C0,false,Rx,1,8,18,80,00,00,5A,C0,FE,03,
4380986899,000002C0,false,Rx,1,8,18,80,00,00,5A,C0,FE,13,
4380996735,000002C0,false,Rx,1,8,18,80,00,00,5A,C0,FE,23,
4381006894,000002C0,false,Rx,1,8,18,80,00,00,5A,C0,FE,33,
4381016728,000002C0,false,Rx,1,8,18,80,00,00,5A,C0,FE,43,
4381026898,000002C0,false,Rx,1,8,18,80,00,00,5A,C0,FE,53,
4381036727,000002C0,false,Rx,1,8,18,80,00,00,5A,C0,FE,63,
4381046962,000002C0,false,Rx,1,8,18,80,00,00,5A,C0,FE,73,
4381056733,000002C0,false,Rx,1,8,18,80,00,00,5A,C0,FE,83,
4381066899,000002C0,false,Rx,1,8,18,80,00,00,5A,C0,FE,93,
4381076727,000002C0,false,Rx,1,8,18,80,00,00,5A,C0,FE,A3,
4381086914,000002C0,false,Rx,1,8,18,80,00,00,5A,C0,FE,B3,
4381096735,000002C0,false,Rx,1,8,18,80,00,00,5A,C0,FE,C3,
4381106899,000002C0,false,Rx,1,8,18,80,00,00,5A,C0,FE,D3,
4381116731,000002C0,false,Rx,1,8,18,80,00,00,5A,C0,FE,E3,
4381126901,000002C0,false,Rx,1,8,18,80,00,00,5A,C0,FE,F3,
4381136733,000002C0,false,Rx,1,8,18,80,00,00,5A,C0,FE,03,
4381146965,000002C0,false,Rx,1,8,18,80,00,00,5A,C0,FE,13,
4381156732,000002C0,false,Rx,1,8,18,80,00,00,5A,C0,FE,23,
4381166900,000002C0,false,Rx,1,8,18,80,00,00,5A,C0,FE,33,
4381176734,000002C0,false,Rx,1,8,18,80,00,00,5A,C0,FE,43,
4381186906,000002C0,false,Rx,1,8,18,80,00,00,5A,C0,FE,53,
4381196968,000002C0,false,Rx,1,8,18,80,00,00,5A,C0,FE,63,
4381206902,000002C0,false,Rx,1,8,18,80,00,00,5A,C0,FE,73,
4381216742,000002C0,false,Rx,1,8,18,80,00,00,5A,C0,FE,83,
4381226906,000002C0,false,Rx,1,8,18,80,00,00,5A,C0,FE,93,
4381236733,000002C0,false,Rx,1,8,18,80,00,00,5A,C0,FE,A3,
4381246961,000002C0,false,Rx,1,8,18,80,00,00,5A,C0,FE,B3,
4381256737,000002C0,false,Rx,1,8,18,80,00,00,5A,C0,FE,C3,
4381266905,000002C0,false,Rx,1,8,18,80,00,00,5A,C0,FE,D3,
4381276735,000002C0,false,Rx,1,8,18,80,00,00,5A,C0,FE,E3,
4381286909,000002C0,false,Rx,1,8,18,80,00,00,5A,C0,FE,F3,
4381288327,00000764,false,Rx,0,1,A3,00,00,00,00,00,00,00,
4381296971,000002C0,false,Rx,1,8,18,80,00,00,5A,C0,FE,03,
4381306869,00000300,false,Rx,1,6,A1,0F,8A,FF,4A,FF,00,00,
4381307109,000002C0,false,Rx,1,8,18,80,00,00,5A,C0,FE,13,
4381316748,000002C0,false,Rx,1,8,18,80,00,00,5A,C0,FE,23,
4381326907,000002C0,false,Rx,1,8,18,80,00,00,5A,C0,FE,33,
4381336741,000002C0,false,Rx,1,8,18,80,00,00,5A,C0,FE,43,
4381346967,000002C0,false,Rx,1,8,18,80,00,00,5A,C0,FE,53,
4381356743,000002C0,false,Rx,1,8,18,80,00,00,5A,C0,FE,63,
4381366925,000002C0,false,Rx,1,8,18,80,00,00,5A,C0,FE,73,
4381376747,000002C0,false,Rx,1,8,18,80,00,00,5A,C0,FE,83,
4381386913,000002C0,false,Rx,1,8,18,80,00,00,5A,C0,FE,93,
4381396971,000002C0,false,Rx,1,8,18,80,00,00,5A,C0,FE,A3,
4381406912,000002C0,false,Rx,1,8,18,80,00,00,5A,C0,FE,B3,
4381416757,000002C0,false,Rx,1,8,18,80,00,00,5A,C0,FE,C3,
4381426912,000002C0,false,Rx,1,8,18,80,00,00,5A,C0,FE,D3,
4381436767,000002C0,false,Rx,1,8,18,80,00,00,5A,C0,FE,E3,
4381446982,000002C0,false,Rx,1,8,18,80,00,00,5A,C0,FE,F3,
4381456749,000002C0,false,Rx,1,8,18,80,00,00,5A,C0,FE,03,
4381466915,000002C0,false,Rx,1,8,18,80,00,00,5A,C0,FE,13,
4381476748,000002C0,false,Rx,1,8,18,80,00,00,5A,C0,FE,23,
4381486915,000002C0,false,Rx,1,8,18,80,00,00,5A,C0,FE,33,
4381496986,000002C0,false,Rx,1,8,18,80,00,00,5A,C0,FE,43,
4381506920,000002C0,false,Rx,1,8,18,80,00,00,5A,C0,FE,53,
4381516750,000002C0,false,Rx,1,8,18,80,00,00,5A,C0,FE,63,
4381526918,000002C0,false,Rx,1,8,18,80,00,00,5A,C0,FE,73,
4381536753,000002C0,false,Rx,1,8,18,80,00,00,5A,C0,FE,83,
4381546963,000002C0,false,Rx,1,8,18,80,00,00,5A,C0,FE,93,
4381556976,000002C0,false,Rx,1,8,18,80,00,00,5A,C0,FE,A3,
4381566919,000002C0,false,Rx,1,8,18,80,00,00,5A,C0,FE,B3,
4381576756,000002C0,false,Rx,1,8,18,80,00,00,5A,C0,FE,C3,
4381586918,000002C0,false,Rx,1,8,18,80,00,00,5A,C0,FE,D3,
4381596971,000002C0,false,Rx,1,8,18,80,00,00,5A,C0,FE,E3,
4381606932,000002C0,false,Rx,1,8,18,80,00,00,5A,C0,FE,F3,
4381616763,000002C0,false,Rx,1,8,18,80,00,00,5A,C0,FE,03,
4381626922,000002C0,false,Rx,1,8,18,80,00,00,5A,C0,FE,13,
4381636756,000002C0,false,Rx,1,8,18,80,00,00,5A,C0,FE,23,
4381646972,000002C0,false,Rx,1,8,18,80,00,00,5A,C0,FE,33,
4381656757,000002C0,false,Rx,1,8,18,80,00,00,5A,C0,FE,43,
4381666927,000002C0,false,Rx,1,8,18,80,00,00,5A,C0,FE,53,
4381676756,000002C0,false,Rx,1,8,18,80,00,00,5A,C0,FE,63,
4381686923,000002C0,false,Rx,1,8,18,80,00,00,5A,C0,FE,73,
4381696968,000002C0,false,Rx,1,8,18,80,00,00,5A,C0,FE,83,
4381706943,000002C0,false,Rx,1,8,18,80,00,00,5A,C0,FE,93,
4381716762,000002C0,false,Rx,1,8,18,80,00,00,5A,C0,FE,A3,
4381726925,000002C0,false,Rx,1,8,18,80,00,00,5A,C0,FE,B3,
4381736760,000002C0,false,Rx,1,8,18,80,00,00,5A,C0,FE,C3,
4381746962,000002C0,false,Rx,1,8,18,80,00,00,5A,C0,FE,D3,
4381756757,000002C0,false,Rx,1,8,18,80,00,00,5A,C0,FE,E3,
4381766930,000002C0,false,Rx,1,8,18,80,00,00,5A,C0,FE,F3,
4381776762,000002C0,false,Rx,1,8,18,80,00,00,5A,C0,FE,03,
4381786929,000002C0,false,Rx,1,8,18,80,00,00,5A,C0,FE,13,
4381796965,000002C0,false,Rx,1,8,18,80,00,00,5A,C0,FE,23,
4381806946,000002C0,false,Rx,1,8,18,80,00,00,5A,C0,FE,33,
4381816764,000002C0,false,Rx,1,8,18,80,00,00,5A,C0,FE,43,
4381826933,000002C0,false,Rx,1,8,18,80,00,00,5A,C0,FE,53,
4381836763,000002C0,false,Rx,1,8,18,80,00,00,5A,C0,FE,63,
4381846961,000002C0,false,Rx,1,8,18,80,00,00,5A,C0,FE,73,
4381856767,000002C0,false,Rx,1,8,18,80,00,00,5A,C0,FE,83,
4381866934,000002C0,false,Rx,1,8,18,80,00,00,5A,C0,FE,93,
4381876763,000002C0,false,Rx,1,8,18,80,00,00,5A,C0,FE,A3,
4381886932,000002C0,false,Rx,1,8,18,80,00,00,5A,C0,FE,B3,
4381896963,000002C0,false,Rx,1,8,18,80,00,00,5A,C0,FE,C3,
4381906940,000002C0,false,Rx,1,8,18,80,00,00,5A,C0,FE,D3,
4381916768,000002C0,false,Rx,1,8,18,80,00,00,5A,C0,FE,E3,
4381919454,00000764,false,Rx,0,1,A3,00,00,00,00,00,00,00,
4381926937,000002C0,false,Rx,1,8,18,80,00,00,5A,C0,FE,F3,
4381936727,00000300,false,Rx,1,6,A1,0F,8A,FF,4A,FF,00,00,
4381936968,000002C0,false,Rx,1,8,18,80,00,00,5A,C0,FE,03,
4381946965,000002C0,false,Rx,1,8,18,80,00,00,5A,C0,FE,13,
4381956769,000002C0,false,Rx,1,8,18,80,00,00,5A,C0,FE,23,
4381966936,000002C0,false,Rx,1,8,18,80,00,00,5A,C0,FE,33,
4381976768,000002C0,false,Rx,1,8,18,80,00,00,5A,C0,FE,43,
4381986942,000002C0,false,Rx,1,8,18,80,00,00,5A,C0,FE,53,
4381996969,000002C0,false,Rx,1,8,18,80,00,00,5A,C0,FE,63,
4382006938,000002C0,false,Rx,1,8,18,80,00,00,5A,C0,FE,73,
4382016783,000002C0,false,Rx,1,8,18,80,00,00,5A,C0,FE,83,
4382026940,000002C0,false,Rx,1,8,18,80,00,00,5A,C0,FE,93,
4382036770,000002C0,false,Rx,1,8,18,80,00,00,5A,C0,FE,A3,
4382046962,000002C0,false,Rx,1,8,18,80,00,00,5A,C0,FE,B3,
4382056771,000002C0,false,Rx,1,8,18,80,00,00,5A,C0,FE,C3,
4382066942,000002C0,false,Rx,1,8,18,80,00,00,5A,C0,FE,D3,
4382076772,000002C0,false,Rx,1,8,18,80,00,00,5A,C0,FE,E3,
4382086944,000002C0,false,Rx,1,8,18,80,00,00,5A,C0,FE,F3,
4382096967,000002C0,false,Rx,1,8,18,80,00,00,5A,C0,FE,03,
4382106944,000002C0,false,Rx,1,8,18,80,00,00,5A,C0,FE,13,
4382116780,000002C0,false,Rx,1,8,18,80,00,00,5A,C0,FE,23,
4382126944,000002C0,false,Rx,1,8,18,80,00,00,5A,C0,FE,33,
4382136776,000002C0,false,Rx,1,8,18,80,00,00,5A,C0,FE,43,
4382146966,000002C0,false,Rx,1,8,18,80,00,00,5A,C0,FE,53,
4382156777,000002C0,false,Rx,1,8,18,80,00,00,5A,C0,FE,63,
4382166945,000002C0,false,Rx,1,8,18,80,00,00,5A,C0,FE,73,
4382176781,000002C0,false,Rx,1,8,18,80,00,00,5A,C0,FE,83,
4382186949,000002C0,false,Rx,1,8,18,80,00,00,5A,C0,FE,93,
4382196963,000002C0,false,Rx,1,8,18,80,00,00,5A,C0,FE,A3,
4382206947,000002C0,false,Rx,1,8,18,80,00,00,5A,C0,FE,B3,
4382216791,000002C0,false,Rx,1,8,18,80,00,00,5A,C0,FE,C3,
4382226951,000002C0,false,Rx,1,8,18,80,00,00,5A,C0,FE,D3,
4382236779,000002C0,false,Rx,1,8,18,80,00,00,5A,C0,FE,E3,
4382246972,000002C0,false,Rx,1,8,18,80,00,00,5A,C0,FE,F3,
4382256784,000002C0,false,Rx,1,8,18,80,00,00,5A,C0,FE,03,
4382266952,000002C0,false,Rx,1,8,18,80,00,00,5A,C0,FE,13,
4382276782,000002C0,false,Rx,1,8,18,80,00,00,5A,C0,FE,23,
4382286950,000002C0,false,Rx,1,8,18,80,00,00,5A,C0,FE,33,
4382296965,000002C0,false,Rx,1,8,18,80,00,00,5A,C0,FE,43,
4382306956,000002C0,false,Rx,1,8,18,80,00,00,5A,C0,FE,53,
4382316795,000002C0,false,Rx,1,8,18,80,00,00,5A,C0,FE,63,
4382326954,000002C0,false,Rx,1,8,18,80,00,00,5A,C0,FE,73,
4382336789,000002C0,false,Rx,1,8,18,80,00,00,5A,C0,FE,83,
4382346992,000002C0,false,Rx,1,8,18,80,00,00,5A,C0,FE,93,
4382356784,000002C0,false,Rx,1,8,18,80,00,00,5A,C0,FE,A3,
4382366955,000002C0,false,Rx,1,8,18,80,00,00,5A,C0,FE,B3,
4382376786,000002C0,false,Rx,1,8,18,80,00,00,5A,C0,FE,C3,
4382386954,000002C0,false,Rx,1,8,18,80,00,00,5A,C0,FE,D3,
4382396963,000002C0,false,Rx,1,8,18,80,00,00,5A,C0,FE,E3,
4382406959,000002C0,false,Rx,1,8,18,80,00,00,5A,C0,FE,F3,
4382416792,000002C0,false,Rx,1,8,18,80,00,00,5A,C0,FE,03,
4382426968,000002C0,false,Rx,1,8,18,80,00,00,5A,C0,FE,13,
4382436790,000002C0,false,Rx,1,8,18,80,00,00,5A,C0,FE,23,
4382447383,000002C0,false,Rx,1,8,18,80,00,00,5A,C0,FE,33,
4382456816,000002C0,false,Rx,1,8,18,80,00,00,5A,C0,FE,43,
4382466981,000002C0,false,Rx,1,8,18,80,00,00,5A,C0,FE,53,
4382476803,000002C0,false,Rx,1,8,18,80,00,00,5A,C0,FE,63,
4382486983,000002C0,false,Rx,1,8,18,80,00,00,5A,C0,FE,73,
4382496987,000002C0,false,Rx,1,8,18,80,00,00,5A,C0,FE,83,
4382506963,000002C0,false,Rx,1,8,18,80,00,00,5A,C0,FE,93,
4382516793,000002C0,false,Rx,1,8,18,80,00,00,5A,C0,FE,A3,
4382521446,00000764,false,Rx,0,1,A3,00,00,00,00,00,00,00,
4382526964,000002C0,false,Rx,1,8,18,80,00,00,5A,C0,FE,B3,
4382536872,00000300,false,Rx,1,6,A1,0F,8A,FF,4A,FF,00,00,
4382536994,000002C0,false,Rx,1,8,18,80,00,00,5A,C0,FE,C3,
4382546969,000002C0,false,Rx,1,8,18,80,00,00,5A,C0,FE,D3,
4382556794,000002C0,false,Rx,1,8,18,80,00,00,5A,C0,FE,E3,
4382566964,000002C0,false,Rx,1,8,18,80,00,00,5A,C0,FE,F3,
4382576800,000002C0,false,Rx,1,8,18,80,00,00,5A,C0,FE,03,
4382586966,000002C0,false,Rx,1,8,18,80,00,00,5A,C0,FE,13,
4382596966,000002C0,false,Rx,1,8,18,80,00,00,5A,C0,FE,23,
4382606964,000002C0,false,Rx,1,8,18,80,00,00,5A,C0,FE,33,
4382616799,000002C0,false,Rx,1,8,18,80,00,00,5A,C0,FE,43,
4382626984,000002C0,false,Rx,1,8,18,80,00,00,5A,C0,FE,53,
4382636808,000002C0,false,Rx,1,8,18,80,00,00,5A,C0,FE,63,
4382646966,000002C0,false,Rx,1,8,18,80,00,00,5A,C0,FE,73,
4382656805,000002C0,false,Rx,1,8,18,80,00,00,5A,C0,FE,83,
4382666969,000002C0,false,Rx,1,8,18,80,00,00,5A,C0,FE,93,
4382676797,000002C0,false,Rx,1,8,18,80,00,00,5A,C0,FE,A3,
4382686968,000002C0,false,Rx,1,8,18,80,00,00,5A,C0,FE,B3,
4382696967,000002C0,false,Rx,1,8,18,80,00,00,5A,C0,FE,C3,
4382706969,000002C0,false,Rx,1,8,18,80,00,00,5A,C0,FE,D3,
4382716800,000002C0,false,Rx,1,8,18,80,00,00,5A,C0,FE,E3,
4382726983,000002C0,false,Rx,1,8,18,80,00,00,5A,C0,FE,F3,
4382736807,000002C0,false,Rx,1,8,18,80,00,00,5A,C0,FE,03,
4382746973,000002C0,false,Rx,1,8,18,80,00,00,5A,C0,FE,13,
4382756805,000002C0,false,Rx,1,8,18,80,00,00,5A,C0,FE,23,
4382766971,000002C0,false,Rx,1,8,18,80,00,00,5A,C0,FE,33,
4382776804,000002C0,false,Rx,1,8,18,80,00,00,5A,C0,FE,43,
4382786977,000002C0,false,Rx,1,8,18,80,00,00,5A,C0,FE,53,
4382796966,000002C0,false,Rx,1,8,18,80,00,00,5A,C0,FE,63,
4382806973,000002C0,false,Rx,1,8,18,80,00,00,5A,C0,FE,73,
4382816811,000002C0,false,Rx,1,8,18,80,00,00,5A,C0,FE,83,
4382827346,000002C0,false,Rx,1,8,18,80,00,00,5A,C0,FE,93,
4382836840,000002C0,false,Rx,1,8,18,80,00,00,5A,C0,FE,A3,
4382847001,000002C0,false,Rx,1,8,18,80,00,00,5A,C0,FE,B3,
4382856816,000002C0,false,Rx,1,8,18,80,00,00,5A,C0,FE,C3,
4382866976,000002C0,false,Rx,1,8,18,80,00,00,5A,C0,FE,D3,
4382876807,000002C0,false,Rx,1,8,18,80,00,00,5A,C0,FE,E3,
4382886978,000002C0,false,Rx,1,8,18,80,00,00,5A,C0,FE,F3,
4382896976,000002C0,false,Rx,1,8,18,80,00,00,5A,C0,FE,03,
4382906980,000002C0,false,Rx,1,8,18,80,00,00,5A,C0,FE,13,
4382916812,000002C0,false,Rx,1,8,18,80,00,00,5A,C0,FE,23,
4382926978,000002C0,false,Rx,1,8,18,80,00,00,5A,C0,FE,33,
4382936818,000002C0,false,Rx,1,8,18,80,00,00,5A,C0,FE,43,
4382946984,000002C0,false,Rx,1,8,18,80,00,00,5A,C0,FE,53,
4382956812,000002C0,false,Rx,1,8,18,80,00,00,5A,C0,FE,63,
4382966981,000002C0,false,Rx,1,8,18,80,00,00,5A,C0,FE,73,
4382976818,000002C0,false,Rx,1,8,18,80,00,00,5A,C0,FE,83,
4382986983,000002C0,false,Rx,1,8,18,80,00,00,5A,C0,FE,93,
4382996972,000002C0,false,Rx,1,8,18,80,00,00,5A,C0,FE,A3,
4383006981,000002C0,false,Rx,1,8,18,80,00,00,5A,C0,FE,B3,
4383016817,000002C0,false,Rx,1,8,18,80,00,00,5A,C0,FE,C3,
4383026983,000002C0,false,Rx,1,8,18,80,00,00,5A,C0,FE,D3,
4383036830,000002C0,false,Rx,1,8,18,80,00,00,5A,C0,FE,E3,
4383046988,000002C0,false,Rx,1,8,18,80,00,00,5A,C0,FE,F3,
4383056820,000002C0,false,Rx,1,8,18,80,00,00,5A,C0,FE,03,
4383066986,000002C0,false,Rx,1,8,18,80,00,00,5A,C0,FE,13,
4383076817,000002C0,false,Rx,1,8,18,80,00,00,5A,C0,FE,23,
4383086986,000002C0,false,Rx,1,8,18,80,00,00,5A,C0,FE,33,
4383096967,000002C0,false,Rx,1,8,18,80,00,00,5A,C0,FE,43,
4383106990,000002C0,false,Rx,1,8,18,80,00,00,5A,C0,FE,53,
4383116818,000002C0,false,Rx,1,8,18,80,00,00,59,C0,FE,63,
4383124893,00000764,false,Rx,0,1,A3,00,00,00,00,00,00,00,
4383126988,000002C0,false,Rx,1,8,18,80,00,00,59,C0,FE,73,
4383136788,00000300,false,Rx,1,6,A1,0F,8A,FF,4A,FF,00,00,
4383137075,000002C0,false,Rx,1,8,18,80,00,00,59,C0,FE,83,
4383146997,000002C0,false,Rx,1,8,18,80,00,00,59,C0,FE,93,
4383156818,000002C0,false,Rx,1,8,18,80,00,00,59,C0,FE,A3,
4383166990,000002C0,false,Rx,1,8,18,80,00,00,59,C0,FE,B3,
4383176820,000002C0,false,Rx,1,8,18,80,00,00,59,C0,FE,C3,
4383186992,000002C0,false,Rx,1,8,18,80,00,00,59,C0,FE,D3,
4383196966,000002C0,false,Rx,1,8,18,80,00,00,59,C0,FE,E3,
4383206990,000002C0,false,Rx,1,8,18,80,00,00,59,C0,FE,F3,
4383216828,000002C0,false,Rx,1,8,18,80,00,00,59,C0,FE,03,
4383226993,000002C0,false,Rx,1,8,18,80,00,00,59,C0,FE,13,
4383236823,000002C0,false,Rx,1,8,18,80,00,00,59,C0,FE,23,
4383246995,000002C0,false,Rx,1,8,18,80,00,00,59,C0,FE,33,
4383256826,000002C0,false,Rx,1,8,18,80,00,00,59,C0,FE,43,
4383266994,000002C0,false,Rx,1,8,18,80,00,00,59,C0,FE,53,
4383276824,000002C0,false,Rx,1,8,18,80,00,00,59,C0,FE,63,
4383286995,000002C0,false,Rx,1,8,18,80,00,00,59,C0,FE,73,
4383296966,000002C0,false,Rx,1,8,18,80,00,00,59,C0,FE,83,
4383306998,000002C0,false,Rx,1,8,18,80,00,00,59,C0,FE,93,
4383316827,000002C0,false,Rx,1,8,18,80,00,00,59,C0,FE,A3,
4383326996,000002C0,false,Rx,1,8,18,80,00,00,59,C0,FE,B3,
4383336827,000002C0,false,Rx,1,8,18,80,00,00,59,C0,FE,C3,
4383347002,000002C0,false,Rx,1,8,18,80,00,00,59,C0,FE,D3,
4383356829,000002C0,false,Rx,1,8,18,80,00,00,59,C0,FE,E3,
4383366999,000002C0,false,Rx,1,8,18,80,00,00,59,C0,FE,F3,
4383376835,000002C0,false,Rx,1,8,18,80,00,00,59,C0,FE,03,
4383386999,000002C0,false,Rx,1,8,18,80,00,00,59,C0,FE,13,
4383396965,000002C0,false,Rx,1,8,18,80,00,00,59,C0,FE,23,
4383406999,000002C0,false,Rx,1,8,18,80,00,00,59,C0,FE,33,
4383416838,000002C0,false,Rx,1,8,18,80,00,00,59,C0,FE,43,
4383427001,000002C0,false,Rx,1,8,18,80,00,00,59,C0,FE,53,
4383436834,000002C0,false,Rx,1,8,18,80,00,00,59,C0,FE,63,
4383447005,000002C0,false,Rx,1,8,18,80,00,00,59,C0,FE,73,
4383456837,000002C0,false,Rx,1,8,18,80,00,00,59,C0,FE,83,
4383467010,000002C0,false,Rx,1,8,18,80,00,00,59,C0,FE,93,
4383476833,000002C0,false,Rx,1,8,18,80,00,00,59,C0,FE,A3,
4383487004,000002C0,false,Rx,1,8,18,80,00,00,59,C0,FE,B3,
4383496973,000002C0,false,Rx,1,8,18,80,00,00,59,C0,FE,C3,
4383507006,000002C0,false,Rx,1,8,18,80,00,00,59,C0,FE,D3,
4383516837,000002C0,false,Rx,1,8,18,80,00,00,59,C0,FE,E3,
4383527006,000002C0,false,Rx,1,8,18,80,00,00,59,C0,FE,F3,
4383536840,000002C0,false,Rx,1,8,18,80,00,00,59,C0,FE,03,
4383547010,000002C0,false,Rx,1,8,18,80,00,00,59,C0,FE,13,
4383556842,000002C0,false,Rx,1,8,18,80,00,00,59,C0,FE,23,
4383567007,000002C0,false,Rx,1,8,18,80,00,00,59,C0,FE,33,
4383576839,000002C0,false,Rx,1,8,18,80,00,00,59,C0,FE,43,
4383587007,000002C0,false,Rx,1,8,18,80,00,00,59,C0,FE,53,
4383596963,000002C0,false,Rx,1,8,18,80,00,00,59,C0,FE,63,
4383607011,000002C0,false,Rx,1,8,18,80,00,00,59,C0,FE,73,
4383616843,000002C0,false,Rx,1,8,18,80,00,00,59,C0,FE,83,
4383627011,000002C0,false,Rx,1,8,18,80,00,00,59,C0,FE,93,
4383636840,000002C0,false,Rx,1,8,18,80,00,00,59,C0,FE,A3,
4383647024,000002C0,false,Rx,1,8,18,80,00,00,59,C0,FE,B3,
4383656845,000002C0,false,Rx,1,8,18,80,00,00,59,C0,FE,C3,
4383667014,000002C0,false,Rx,1,8,18,80,00,00,59,C0,FE,D3,
4383676844,000002C0,false,Rx,1,8,18,80,00,00,59,C0,FE,E3,
4383687012,000002C0,false,Rx,1,8,18,80,00,00,59,C0,FE,F3,
4383696970,000002C0,false,Rx,1,8,18,80,00,00,59,C0,FE,03,
4383707012,000002C0,false,Rx,1,8,18,80,00,00,59,C0,FE,13,
4383716847,000002C0,false,Rx,1,8,18,80,00,00,59,C0,FE,23,
4383727014,000002C0,false,Rx,1,8,18,80,00,00,59,C0,FE,33,
4383736526,00000764,false,Rx,0,1,A3,00,00,00,00,00,00,00,
4383736904,000002C0,false,Rx,1,8,18,80,00,00,59,C0,FE,43,
4383746977,00000300,false,Rx,1,6,A1,0F,8A,FF,4A,FF,00,00,
4383747245,000002C0,false,Rx,1,8,18,80,00,00,59,C0,FE,53,
4383756856,000002C0,false,Rx,1,8,18,80,00,00,59,C0,FE,63,
4383767017,000002C0,false,Rx,1,8,18,80,00,00,59,C0,FE,73,
4383776849,000002C0,false,Rx,1,8,18,80,00,00,59,C0,FE,83,
4383787019,000002C0,false,Rx,1,8,18,80,00,00,59,C0,FE,93,
4383796964,000002C0,false,Rx,1,8,18,80,00,00,59,C0,FE,A3,
4383807017,000002C0,false,Rx,1,8,18,80,00,00,59,C0,FE,B3,
4383816848,000002C0,false,Rx,1,8,18,80,00,00,59,C0,FE,C3,
4383827020,000002C0,false,Rx,1,8,18,80,00,00,59,C0,FE,D3,
4383836907,000002C0,false,Rx,1,8,18,80,00,00,59,C0,FE,E3,
4383847018,000002C0,false,Rx,1,8,18,80,00,00,59,C0,FE,F3,
4383856860,000002C0,false,Rx,1,8,18,80,00,00,59,C0,FE,03,
4383867019,000002C0,false,Rx,1,8,18,80,00,00,59,C0,FE,13,
4383876854,000002C0,false,Rx,1,8,18,80,00,00,59,C0,FE,23,
4383887021,000002C0,false,Rx,1,8,18,80,00,00,59,C0,FE,33,
4383896965,000002C0,false,Rx,1,8,18,80,00,00,59,C0,FE,43,
4383907021,000002C0,false,Rx,1,8,18,80,00,00,59,C0,FE,53,
4383916853,000002C0,false,Rx,1,8,18,80,00,00,59,C0,FE,63,
4383927026,000002C0,false,Rx,1,8,18,80,00,00,59,C0,FE,73,
4383936855,000002C0,false,Rx,1,8,18,80,00,00,59,C0,FE,83,
4383947026,000002C0,false,Rx,1,8,18,80,00,00,59,C0,FE,93,
4383956866,000002C0,false,Rx,1,8,18,80,00,00,59,C0,FE,A3,
4383967024,000002C0,false,Rx,1,8,18,80,00,00,59,C0,FE,B3,
4383976855,000002C0,false,Rx,1,8,18,80,00,00,59,C0,FE,C3,
4383987027,000002C0,false,Rx,1,8,18,80,00,00,59,C0,FE,D3,
4383996972,000002C0,false,Rx,1,8,18,80,00,00,59,C0,FE,E3,
4384007026,000002C0,false,Rx,1,8,18,80,00,00,59,C0,FE,F3,
4384016862,000002C0,false,Rx,1,8,18,80,00,00,59,C0,FE,03,
4384027027,000002C0,false,Rx,1,8,18,80,00,00,59,C0,FE,13,
4384036859,000002C0,false,Rx,1,8,18,80,00,00,59,C0,FE,23,
4384047027,000002C0,false,Rx,1,8,18,80,00,00,59,C0,FE,33,
4384056879,000002C0,false,Rx,1,8,18,80,00,00,59,C0,FE,43,
4384067029,000002C0,false,Rx,1,8,18,80,00,00,59,C0,FE,53,
4384076859,000002C0,false,Rx,1,8,18,80,00,00,59,C0,FE,63,
4384087032,000002C0,false,Rx,1,8,18,80,00,00,59,C0,FE,73,
4384096966,000002C0,false,Rx,1,8,18,80,00,00,59,C0,FE,83,
4384107032,000002C0,false,Rx,1,8,18,80,00,00,59,C0,FE,93,
4384116862,000002C0,false,Rx,1,8,18,80,00,00,59,C0,FE,A3,
4384127032,000002C0,false,Rx,1,8,18,80,00,00,59,C0,FE,B3,
4384136862,000002C0,false,Rx,1,8,18,80,00,00,59,C0,FE,C3,
4384147033,000002C0,false,Rx,1,8,18,80,00,00,59,C0,FE,D3,
4384156866,000002C0,false,Rx,1,8,18,80,00,00,59,C0,FE,E3,
4384167038,000002C0,false,Rx,1,8,18,80,00,00,59,C0,FE,F3,
4384176868,000002C0,false,Rx,1,8,18,80,00,00,59,C0,FE,03,
4384187034,000002C0,false,Rx,1,8,18,80,00,00,59,C0,FE,13,
4384196972,000002C0,false,Rx,1,8,18,80,00,00,59,C0,FE,23,
4384207035,000002C0,false,Rx,1,8,18,80,00,00,59,C0,FE,33,
4384216869,000002C0,false,Rx,1,8,18,80,00,00,59,C0,FE,43,
4384227037,000002C0,false,Rx,1,8,18,80,00,00,59,C0,FE,53,
4384236867,000002C0,false,Rx,1,8,18,80,00,00,59,C0,FE,63,
4384247038,000002C0,false,Rx,1,8,18,80,00,00,59,C0,FE,73,
4384256870,000002C0,false,Rx,1,8,18,80,00,00,59,C0,FE,83,
4384267054,000002C0,false,Rx,1,8,18,80,00,00,59,C0,FE,93,
4384276868,000002C0,false,Rx,1,8,18,80,00,00,59,C0,FE,A3,
4384287038,000002C0,false,Rx,1,8,18,80,00,00,59,C0,FE,B3,
4384296964,000002C0,false,Rx,1,8,18,80,00,00,59,C0,FE,C3,
4384307042,000002C0,false,Rx,1,8,18,80,00,00,59,C0,FE,D3,
4384316874,000002C0,false,Rx,1,8,18,80,00,00,59,C0,FE,E3,
4384327040,000002C0,false,Rx,1,8,18,80,00,00,59,C0,FE,F3,
4384336876,000002C0,false,Rx,1,8,18,80,00,00,59,C0,FE,03,
4384344037,00000764,false,Rx,0,1,A3,00,00,00,00,00,00,00,
4384347041,000002C0,false,Rx,1,8,18,80,00,00,59,C0,FE,13,
4384356841,00000300,false,Rx,1,6,A1,0F,8A,FF,4A,FF,00,00,
4384357077,000002C0,false,Rx,1,8,18,80,00,00,59,C0,FE,23,
4384367068,000002C0,false,Rx,1,8,18,80,00,00,59,C0,FE,33,
4384376877,000002C0,false,Rx,1,8,18,80,00,00,59,C0,FE,43,
4384387043,000002C0,false,Rx,1,8,18,80,00,00,59,C0,FE,53,
4384396963,000002C0,false,Rx,1,8,18,80,00,00,59,C0,FE,63,
4384407046,000002C0,false,Rx,1,8,18,80,00,00,59,C0,FE,73,
4384416877,000002C0,false,Rx,1,8,18,80,00,00,59,C0,FE,83,
4384427046,000002C0,false,Rx,1,8,18,80,00,00,59,C0,FE,93,
4384436875,000002C0,false,Rx,1,8,18,80,00,00,59,C0,FE,A3,
4384447045,000002C0,false,Rx,1,8,18,80,00,00,59,C0,FE,B3,
4384456877,000002C0,false,Rx,1,8,18,80,00,00,59,C0,FE,C3,
4384467058,000002C0,false,Rx,1,8,18,80,00,00,59,C0,FE,D3,
4384476881,000002C0,false,Rx,1,8,18,80,00,00,59,C0,FE,E3,
4384487047,000002C0,false,Rx,1,8,18,80,00,00,59,C0,FE,F3,
4384496971,000002C0,false,Rx,1,8,18,80,00,00,59,C0,FE,03,
4384507056,000002C0,false,Rx,1,8,18,80,00,00,59,C0,FE,13,
4384516885,000002C0,false,Rx,1,8,18,80,00,00,59,C0,FE,23,
4384527049,000002C0,false,Rx,1,8,18,80,00,00,59,C0,FE,33,
4384536882,000002C0,false,Rx,1,8,18,80,00,00,59,C0,FE,43,
4384547051,000002C0,false,Rx,1,8,18,80,00,00,59,C0,FE,53,
4384556880,000002C0,false,Rx,1,8,18,80,00,00,59,C0,FE,63,
4384567052,000002C0,false,Rx,1,8,18,80,00,00,59,C0,FE,73,
4384576892,000002C0,false,Rx,1,8,18,80,00,00,59,C0,FE,83,
4384587054,000002C0,false,Rx,1,8,18,80,00,00,59,C0,FE,93,
4384596983,000002C0,false,Rx,1,8,18,80,00,00,59,C0,FE,A3,
4384607053,000002C0,false,Rx,1,8,18,80,00,00,59,C0,FE,B3,
4384616889,000002C0,false,Rx,1,8,18,80,00,00,59,C0,FE,C3,
4384627056,000002C0,false,Rx,1,8,18,80,00,00,59,C0,FE,D3,
4384636886,000002C0,false,Rx,1,8,18,80,00,00,59,C0,FE,E3,
4384647054,000002C0,false,Rx,1,8,18,80,00,00,59,C0,FE,F3,
4384656893,000002C0,false,Rx,1,8,18,80,00,00,59,C0,FE,03,
4384667055,000002C0,false,Rx,1,8,18,80,00,00,59,C0,FE,13,
4384676893,000002C0,false,Rx,1,8,18,80,00,00,59,C0,FE,23,
4384687056,000002C0,false,Rx,1,8,18,80,00,00,59,C0,FE,33,
4384696967,000002C0,false,Rx,1,8,18,80,00,00,59,C0,FE,43,
4384707057,000002C0,false,Rx,1,8,18,80,00,00,59,C0,FE,53,
4384716889,000002C0,false,Rx,1,8,18,80,00,00,59,C0,FE,63,
4384727059,000002C0,false,Rx,1,8,18,80,00,00,59,C0,FE,73,
4384736890,000002C0,false,Rx,1,8,18,80,00,00,59,C0,FE,83,
4384747061,000002C0,false,Rx,1,8,18,80,00,00,59,C0,FE,93,
4384756895,000002C0,false,Rx,1,8,18,80,00,00,59,C0,FE,A3,
4384767060,000002C0,false,Rx,1,8,18,80,00,00,59,C0,FE,B3,
4384776905,000002C0,false,Rx,1,8,18,80,00,00,59,C0,FE,C3,
4384787062,000002C0,false,Rx,1,8,18,80,00,00,59,C0,FE,D3,
4384796970,000002C0,false,Rx,1,8,18,80,00,00,59,C0,FE,E3,
4384807062,000002C0,false,Rx,1,8,18,80,00,00,59,C0,FE,F3,
4384816897,000002C0,false,Rx,1,8,18,80,00,00,59,C0,FE,03,
4384827062,000002C0,false,Rx,1,8,18,80,00,00,59,C0,FE,13,
4384836895,000002C0,false,Rx,1,8,18,80,00,00,59,C0,FE,23,
4384847063,000002C0,false,Rx,1,8,18,80,00,00,59,C0,FE,33,
4384856895,000002C0,false,Rx,1,8,18,80,00,00,59,C0,FE,43,
4384867064,000002C0,false,Rx,1,8,18,80,00,00,59,C0,FE,53,
4384876901,000002C0,false,Rx,1,8,18,80,00,00,59,C0,FE,63,
4384887068,000002C0,false,Rx,1,8,18,80,00,00,59,C0,FE,73,
4384896970,000002C0,false,Rx,1,8,18,80,00,00,59,C0,FE,83,
4384907068,000002C0,false,Rx,1,8,18,80,00,00,59,C0,FE,93,
4384916898,000002C0,false,Rx,1,8,18,80,00,00,59,C0,FE,A3,
4384927066,000002C0,false,Rx,1,8,18,80,00,00,59,C0,FE,B3,
4384936898,000002C0,false,Rx,1,8,18,80,00,00,59,C0,FE,C3,
4384947070,000002C0,false,Rx,1,8,18,80,00,00,59,C0,FE,D3,
4384956900,000002C0,false,Rx,1,8,18,80,00,00,59,C0,FE,E3,
4384967067,000002C0,false,Rx,1,8,18,80,00,00,59,C0,FE,F3,
4384976358,00000764,false,Rx,0,1,A3,00,00,00,00,00,00,00,
4384976903,000002C0,false,Rx,1,8,18,80,00,00,59,C0,FE,03,
4384987033,00000300,false,Rx,1,6,A1,0F,8A,FF,4A,FF,00,00,
4384987282,000002C0,false,Rx,1,8,18,80,00,00,59,C0,FE,13,
4384996975,000002C0,false,Rx,1,8,18,80,00,00,59,C0,FE,23,
4385007069,000002C0,false,Rx,1,8,18,80,00,00,59,C0,FE,33,
4385016904,000002C0,false,Rx,1,8,18,80,00,00,59,C0,FE,43,
4385027071,000002C0,false,Rx,1,8,18,80,00,00,59,C0,FE,53,
4385036901,000002C0,false,Rx,1,8,18,80,00,00,59,C0,FE,63,
4385047073,000002C0,false,Rx,1,8,18,80,00,00,59,C0,FE,73,
4385056905,000002C0,false,Rx,1,8,18,80,00,00,59,C0,FE,83,
4385067075,000002C0,false,Rx,1,8,18,80,00,00,59,C0,FE,93,
4385076903,000002C0,false,Rx,1,8,18,80,00,00,59,C0,FE,A3,
4385087079,000002C0,false,Rx,1,8,18,80,00,00,59,C0,FE,B3,
4385096966,000002C0,false,Rx,1,8,18,80,00,00,59,C0,FE,C3,
4385107077,000002C0,false,Rx,1,8,18,80,00,00,59,C0,FE,D3,
4385116909,000002C0,false,Rx,1,8,18,80,00,00,59,C0,FE,E3,
4385127074,000002C0,false,Rx,1,8,18,80,00,00,59,C0,FE,F3,
4385136910,000002C0,false,Rx,1,8,18,80,00,00,59,C0,FE,03,
4385147076,000002C0,false,Rx,1,8,18,80,00,00,59,C0,FE,13,
4385156908,000002C0,false,Rx,1,8,18,80,00,00,59,C0,FE,23,
4385167077,000002C0,false,Rx,1,8,18,80,00,00,59,C0,FE,33,
4385176910,000002C0,false,Rx,1,8,18,80,00,00,59,C0,FE,43,
4385187081,000002C0,false,Rx,1,8,18,80,00,00,59,C0,FE,53,
4385196967,000002C0,false,Rx,1,8,18,80,00,00,59,C0,FE,63,
4385207080,000002C0,false,Rx,1,8,18,80,00,00,59,C0,FE,73,
4385216914,000002C0,false,Rx,1,8,18,80,00,00,59,C0,FE,83,
4385227083,000002C0,false,Rx,1,8,18,80,00,00,59,C0,FE,93,
4385236911,000002C0,false,Rx,1,8,18,80,00,00,59,C0,FE,A3,
4385247081,000002C0,false,Rx,1,8,18,80,00,00,59,C0,FE,B3,
4385256911,000002C0,false,Rx,1,8,18,80,00,00,59,C0,FE,C3,
4385267083,000002C0,false,Rx,1,8,18,80,00,00,59,C0,FE,D3,
4385276914,000002C0,false,Rx,1,8,18,80,00,00,59,C0,FE,E3,
4385287095,000002C0,false,Rx,1,8,18,80,00,00,59,C0,FE,F3,
4385296970,000002C0,false,Rx,1,8,18,80,00,00,59,C0,FE,03,
4385307083,000002C0,false,Rx,1,8,18,80,00,00,59,C0,FE,13,
4385316917,000002C0,false,Rx,1,8,18,80,00,00,59,C0,FE,23,
4385327084,000002C0,false,Rx,1,8,18,80,00,00,59,C0,FE,33,
4385336917,000002C0,false,Rx,1,8,18,80,00,00,59,C0,FE,43,
4385347084,000002C0,false,Rx,1,8,18,80,00,00,59,C0,FE,53,
4385356917,000002C0,false,Rx,1,8,18,80,00,00,59,C0,FE,63,
4385367088,000002C0,false,Rx,1,8,18,80,00,00,59,C0,FE,73,
4385376919,000002C0,false,Rx,1,8,18,80,00,00,59,C0,FE,83,
4385387088,000002C0,false,Rx,1,8,18,80,00,00,59,C0,FE,93,
4385396966,000002C0,false,Rx,1,8,18,80,00,00,59,C0,FE,A3,
4385407087,000002C0,false,Rx,1,8,18,80,00,00,59,C0,FE,B3,
4385416920,000002C0,false,Rx,1,8,18,80,00,00,59,C0,FE,C3,
4385427091,000002C0,false,Rx,1,8,18,80,00,00,59,C0,FE,D3,
4385436924,000002C0,false,Rx,1,8,18,80,00,00,59,C0,FE,E3,
4385447090,000002C0,false,Rx,1,8,18,80,00,00,59,C0,FE,F3,
4385456927,000002C0,false,Rx,1,8,18,80,00,00,59,C0,FE,03,
4385467091,000002C0,false,Rx,1,8,18,80,00,00,59,C0,FE,13,
4385476923,000002C0,false,Rx,1,8,18,80,00,00,59,C0,FE,23,
4385487090,000002C0,false,Rx,1,8,18,80,00,00,59,C0,FE,33,
4385496986,000002C0,false,Rx,1,8,18,80,00,00,59,C0,FE,43,
4385507094,000002C0,false,Rx,1,8,18,80,00,00,59,C0,FE,53,
4385516926,000002C0,false,Rx,1,8,18,80,00,00,59,C0,FE,63,
4385527103,000002C0,false,Rx,1,8,18,80,00,00,59,C0,FE,73,
4385536928,000002C0,false,Rx,1,8,18,80,00,00,59,C0,FE,83,
4385547096,000002C0,false,Rx,1,8,18,80,00,00,59,C0,FE,93,
4385556924,000002C0,false,Rx,1,8,18,80,00,00,59,C0,FE,A3,
4385567093,000002C0,false,Rx,1,8,18,80,00,00,59,C0,FE,B3,
4385576382,00000764,false,Rx,0,1,A3,00,00,00,00,00,00,00,
4385576926,000002C0,false,Rx,1,8,18,80,00,00,59,C0,FE,C3,
4385587058,00000300,false,Rx,1,6,A1,0F,8A,FF,4A,FF,00,00,
4385587298,000002C0,false,Rx,1,8,18,80,00,00,59,C0,FE,D3,
4385596978,000002C0,false,Rx,1,8,18,80,00,00,59,C0,FE,E3,
4385607096,000002C0,false,Rx,1,8,18,80,00,00,59,C0,FE,F3,
4385616935,000002C0,false,Rx,1,8,18,80,00,00,59,C0,FE,03,
4385627096,000002C0,false,Rx,1,8,18,80,00,00,59,C0,FE,13,
4385636930,000002C0,false,Rx,1,8,18,80,00,00,59,C0,FE,23,
4385647109,000002C0,false,Rx,1,8,18,80,00,00,59,C0,FE,33,
4385656933,000002C0,false,Rx,1,8,18,80,00,00,59,C0,FE,43,
4385667099,000002C0,false,Rx,1,8,18,80,00,00,59,C0,FE,53,
4385676929,000002C0,false,Rx,1,8,18,80,00,00,59,C0,FE,63,
4385687101,000002C0,false,Rx,1,8,18,80,00,00,59,C0,FE,73,
4385697068,000002C0,false,Rx,1,8,18,80,00,00,59,C0,FE,83,
4385707103,000002C0,false,Rx,1,8,18,80,00,00,59,C0,FE,93,
4385716933,000002C0,false,Rx,1,8,18,80,00,00,59,C0,FE,A3,
4385727102,000002C0,false,Rx,1,8,18,80,00,00,59,C0,FE,B3,
4385736935,000002C0,false,Rx,1,8,18,80,00,00,59,C0,FE,C3,
4385747107,000002C0,false,Rx,1,8,18,80,00,00,59,C0,FE,D3,
4385756934,000002C0,false,Rx,1,8,18,80,00,00,59,C0,FE,E3,
4385767104,000002C0,false,Rx,1,8,18,80,00,00,59,C0,FE,F3,
4385776938,000002C0,false,Rx,1,8,18,80,00,00,59,C0,FE,03,
4385787104,000002C0,false,Rx,1,8,18,80,00,00,59,C0,FE,13,
4385797016,000002C0,false,Rx,1,8,18,80,00,00,59,C0,FE,23,
4385807107,000002C0,false,Rx,1,8,18,80,00,00,59,C0,FE,33,
4385816940,000002C0,false,Rx,1,8,18,80,00,00,59,C0,FE,43,
4385827105,000002C0,false,Rx,1,8,18,80,00,00,59,C0,FE,53,
4385836937,000002C0,false,Rx,1,8,18,80,00,00,59,C0,FE,63,
4385847120,000002C0,false,Rx,1,8,18,80,00,00,59,C0,FE,73,
4385856940,000002C0,false,Rx,1,8,18,80,00,00,59,C0,FE,83,
4385867109,000002C0,false,Rx,1,8,18,80,00,00,59,C0,FE,93,
4385876938,000002C0,false,Rx,1,8,18,80,00,00,59,C0,FE,A3,
4385887108,000002C0,false,Rx,1,8,18,80,00,00,59,C0,FE,B3,
4385896964,000002C0,false,Rx,1,8,18,80,00,00,59,C0,FE,C3,
4385907119,000002C0,false,Rx,1,8,18,80,00,00,59,C0,FE,D3,
4385916943,000002C0,false,Rx,1,8,18,80,00,00,59,C0,FE,E3,
4385927112,000002C0,false,Rx,1,8,18,80,00,00,59,C0,FE,F3,
4385936944,000002C0,false,Rx,1,8,18,80,00,00,59,C0,FE,03,
4385947113,000002C0,false,Rx,1,8,18,80,00,00,59,C0,FE,13,
4385956944,000002C0,false,Rx,1,8,18,80,00,00,59,C0,FE,23,
4385967112,000002C0,false,Rx,1,8,18,80,00,00,59,C0,FE,33,
4385976944,000002C0,false,Rx,1,8,18,80,00,00,59,C0,FE,43,
4385987114,000002C0,false,Rx,1,8,18,80,00,00,59,C0,FE,53,
4385996973,000002C0,false,Rx,1,8,18,80,00,00,59,C0,FE,63,
4386007138,000002C0,false,Rx,1,8,18,80,00,00,59,C0,FE,73,
4386016949,000002C0,false,Rx,1,8,18,80,00,00,59,C0,FE,83,
4386027117,000002C0,false,Rx,1,8,18,80,00,00,59,C0,FE,93,
4386036945,000002C0,false,Rx,1,8,18,80,00,00,59,C0,FE,A3,
4386047116,000002C0,false,Rx,1,8,18,80,00,00,59,C0,FE,B3,
4386056946,000002C0,false,Rx,1,8,18,80,00,00,59,C0,FE,C3,
4386067119,000002C0,false,Rx,1,8,18,80,00,00,59,C0,FE,D3,
4386076949,000002C0,false,Rx,1,8,18,80,00,00,59,C0,FE,E3,
4386087117,000002C0,false,Rx,1,8,18,80,00,00,59,C0,FE,F3,
4386096967,000002C0,false,Rx,1,8,18,80,00,00,59,C0,FE,03,
4386107130,000002C0,false,Rx,1,8,18,80,00,00,59,C0,FE,13,
4386116953,000002C0,false,Rx,1,8,18,80,00,00,59,C0,FE,23,
4386127120,000002C0,false,Rx,1,8,18,80,00,00,59,C0,FE,33,
4386136953,000002C0,false,Rx,1,8,18,80,00,00,59,C0,FE,43,
4386147120,000002C0,false,Rx,1,8,18,80,00,00,59,C0,FE,53,
4386156950,000002C0,false,Rx,1,8,18,80,00,00,59,C0,FE,63,
4386158169,00000764,false,Rx,0,1,A3,00,00,00,00,00,00,00,
4386167122,000002C0,false,Rx,1,8,18,80,00,00,59,C0,FE,73,
4386176914,00000300,false,Rx,1,6,A1,0F,8A,FF,4A,FF,00,00,
4386177154,000002C0,false,Rx,1,8,18,80,00,00,59,C0,FE,83,
4386187130,000002C0,false,Rx,1,8,18,80,00,00,59,C0,FE,93,
4386196964,000002C0,false,Rx,1,8,18,80,00,00,59,C0,FE,A3,
4386207129,000002C0,false,Rx,1,8,18,80,00,00,59,C0,FE,B3,
4386216956,000002C0,false,Rx,1,8,18,80,00,00,59,C0,FE,C3,
4386227128,000002C0,false,Rx,1,8,18,80,00,00,59,C0,FE,D3,
4386236956,000002C0,false,Rx,1,8,18,80,00,00,59,C0,FE,E3,
4386247124,000002C0,false,Rx,1,8,18,80,00,00,59,C0,FE,F3,
4386256959,000002C0,false,Rx,1,8,18,80,00,00,59,C0,FE,03,
4386267125,000002C0,false,Rx,1,8,18,80,00,00,59,C0,FE,13,
4386276958,000002C0,false,Rx,1,8,18,80,00,00,59,C0,FE,23,
4386287125,000002C0,false,Rx,1,8,18,80,00,00,59,C0,FE,33,
4386296966,000002C0,false,Rx,1,8,18,80,00,00,59,C0,FE,43,
4386307127,000002C0,false,Rx,1,8,18,80,00,00,59,C0,FE,53,
4386316963,000002C0,false,Rx,1,8,18,80,00,00,59,C0,FE,63,
4386327131,000002C0,false,Rx,1,8,18,80,00,00,59,C0,FE,73,
4386336961,000002C0,false,Rx,1,8,18,80,00,00,59,C0,FE,83,
4386347132,000002C0,false,Rx,1,8,18,80,00,00,59,C0,FE,93,
4386356968,000002C0,false,Rx,1,8,18,80,00,00,59,C0,FE,A3,
4386367130,000002C0,false,Rx,1,8,18,80,00,00,59,C0,FE,B3,
4386376961,000002C0,false,Rx,1,8,18,80,00,00,59,C0,FE,C3,
4386387132,000002C0,false,Rx,1,8,18,80,00,00,59,C0,FE,D3,
4386396969,000002C0,false,Rx,1,8,18,80,00,00,59,C0,FE,E3,
4386407132,000002C0,false,Rx,1,8,18,80,00,00,59,C0,FE,F3,
4386416984,000002C0,false,Rx,1,8,18,80,00,00,59,C0,FE,03,
4386427133,000002C0,false,Rx,1,8,18,80,00,00,59,C0,FE,13,
4386436966,000002C0,false,Rx,1,8,18,80,00,00,59,C0,FE,23,
4386447132,000002C0,false,Rx,1,8,18,80,00,00,59,C0,FE,33,
4386456966,000002C0,false,Rx,1,8,18,80,00,00,59,C0,FE,43,
4386467133,000002C0,false,Rx,1,8,18,80,00,00,59,C0,FE,53,
4386476964,000002C0,false,Rx,1,8,18,80,00,00,59,C0,FE,63,
4386487147,000002C0,false,Rx,1,8,18,80,00,00,59,C0,FE,73,
4386496976,000002C0,false,Rx,1,8,18,80,00,00,59,C0,FE,83,
4386507144,000002C0,false,Rx,1,8,18,80,00,00,59,C0,FE,93,
